X,Y,FID,FID_1,LABELID,POINT_X,POINT_Y,FID_2,COMUNAREAL,VAL_COM,OBJECTID,A_O,IDACCIDENT,REGION,COD_COMUN,COMUNA,CALLE_UNO,CALLE_DOS,NUMERO,DIR_GEOCOD,PAIS,TIPO,OBJECTID_1,Año,Idaccide_1,Claseaccid,Fecha,Hora,Cód_Regi,Región,Cód_Comun,Comuna_1,Cód_Tipo_,Tipo_Accid,Cód_Tipo1,Tipo__CONA,Cód_Zona,Zona,Cód_Ubica,Ubicación,Cód_Causa,Causa__CON,Cód_Cau_1,Causa,Cód_Calle,Calle_Un_1,Cód_Cal_1,Calle_Do_1,Intersecci,Número,Ruta,Cód_Ruta,Ubicaci_1,Km_Vía_Fe,Pistas_de_,Pistas_de1,Cód_Calza,Calzada,Cód__Tipo,Tipo_Calza,Cód_Estad,Estado_Cal,Cód_Condi,Condición,Cód_Est_1,Estado_Atm,Fallecidos,Graves,Menos_Grav,Leves,Ilesos
-8133091.26445623,-4415012.2880693,65,8509,1370113,-73.0608019,-36.8269433,95,CONCEPCION,1,31958,2021,1370113,REGION BIO BIO,8101,CONCEPCION,ARTURO PRAT,LOS CARRERA,0,"ARTURO PRAT & LOS CARRERA, CONCEPCION",CHILE,GEOMETRIC_CENTER,44108,2021,1370113,1,2021/08/07 00:00:00+00,1899/12/30 00:00:00+00,8,REGION BIO BIO,8101,CONCEPCION,32,COLISION LATERAL,30,COLISION,1,URBANA,11,CRUCE CON SEMAFORO FUNCIONANDO,1,IMPRUDENCIA DEL CONDUCTOR,27,CONDUCCION NO ATENTO CONDICIONES TRANSITO MOMENTO,0,ARTURO PRAT,0,LOS CARRERA,ARTURO PRAT - LOS CARRERA,0, , , , ,4,0,1,UNIDIRECCIONAL,1,CONCRETO,1,BUENO,1,SECO,1,DESPEJADO,0,0,0,0,2
-8133091.26445623,-4415012.2880693,66,8510,1372800,-73.0608019,-36.8269433,95,CONCEPCION,1,32837,2021,1372800,REGION BIO BIO,8101,CONCEPCION,ARTURO PRAT,LOS CARRERA,0,"ARTURO PRAT & LOS CARRERA, CONCEPCION",CHILE,GEOMETRIC_CENTER,45306,2021,1372800,1,2021/08/12 00:00:00+00,1899/12/30 00:00:00+00,8,REGION BIO BIO,8101,CONCEPCION,32,COLISION LATERAL,30,COLISION,1,URBANA,11,CRUCE CON SEMAFORO FUNCIONANDO,1,IMPRUDENCIA DEL CONDUCTOR,27,CONDUCCION NO ATENTO CONDICIONES TRANSITO MOMENTO,0,ARTURO PRAT,0,LOS CARRERA,ARTURO PRAT - LOS CARRERA,0, , , , ,4,0,1,UNIDIRECCIONAL,1,CONCRETO,1,BUENO,1,SECO,1,DESPEJADO,0,0,0,0,2
-8133091.26445623,-4415012.2880693,67,8511,1371538,-73.0608019,-36.8269433,95,CONCEPCION,1,32840,2021,1371538,REGION BIO BIO,8101,CONCEPCION,ARTURO PRAT,LOS CARRERA,0,"ARTURO PRAT & LOS CARRERA, CONCEPCION",CHILE,GEOMETRIC_CENTER,45309,2021,1371538,1,2021/08/12 00:00:00+00,1899/12/30 00:00:00+00,8,REGION BIO BIO,8101,CONCEPCION,32,COLISION LATERAL,30,COLISION,1,URBANA,11,CRUCE CON SEMAFORO FUNCIONANDO,1,IMPRUDENCIA DEL CONDUCTOR,91,VIRAJES INDEBIDOS,0,ARTURO PRAT,0,LOS CARRERA,ARTURO PRAT - LOS CARRERA,0, , , , ,3,0,1,UNIDIRECCIONAL,1,CONCRETO,1,BUENO,1,SECO,1,DESPEJADO,0,0,0,0,2
-8133091.26445623,-4415012.2880693,68,8512,1372803,-73.0608019,-36.8269433,95,CONCEPCION,1,34164,2021,1372803,REGION BIO BIO,8101,CONCEPCION,LOS CARRERA,PRAT,0,"LOS CARRERA & PRAT, CONCEPCION",CHILE,GEOMETRIC_CENTER,47103,2021,1372803,1,2021/08/19 00:00:00+00,1899/12/30 00:00:00+00,8,REGION BIO BIO,8101,CONCEPCION,32,COLISION LATERAL,30,COLISION,1,URBANA,11,CRUCE CON SEMAFORO FUNCIONANDO,1,IMPRUDENCIA DEL CONDUCTOR,29,CONDUCCION CAMBIAR SORPRESIVAMENTE PISTA CIRCULACION,0,LOS CARRERA,0,PRAT,LOS CARRERA - PRAT,0, , , , ,3,3,3,BIDIRECCIONAL CON BANDEJON,1,CONCRETO,1,BUENO,2,HUMEDO,2,NUBLADO,0,0,0,0,2
-8133091.26445623,-4415012.2880693,69,8513,1372947,-73.0608019,-36.8269433,95,CONCEPCION,1,34648,2021,1372947,REGION BIO BIO,8101,CONCEPCION,LOS CARRERA,PRAT,0,"LOS CARRERA & PRAT, CONCEPCION",CHILE,GEOMETRIC_CENTER,47764,2021,1372947,1,2021/08/22 00:00:00+00,1899/12/30 00:00:00+00,8,REGION BIO BIO,8101,CONCEPCION,33,COLISION POR ALCANCE,30,COLISION,1,URBANA,1,TRAMO DE VIA RECTA,4,ALCOHOL EN CONDUCTOR,24,CONDUCCION EN ESTADO DE EBRIEDAD,0,LOS CARRERA,0,PRAT,LOS CARRERA - PRAT,0, , , , ,3,3,3,BIDIRECCIONAL CON BANDEJON,1,CONCRETO,1,BUENO,2,HUMEDO,2,NUBLADO,0,0,0,0,2
-8133091.26445623,-4415012.2880693,70,8514,1373930,-73.0608019,-36.8269433,95,CONCEPCION,1,35132,2021,1373930,REGION BIO BIO,8101,CONCEPCION,ARTURO PRAT,LOS CARRERA PONIENTE,0,"ARTURO PRAT & LOS CARRERA PONIENTE, CONCEPCION",CHILE,GEOMETRIC_CENTER,48411,2021,1373930,1,2021/08/25 00:00:00+00,1899/12/30 00:00:00+00,8,REGION BIO BIO,8101,CONCEPCION,32,COLISION LATERAL,30,COLISION,1,URBANA,11,CRUCE CON SEMAFORO FUNCIONANDO,1,IMPRUDENCIA DEL CONDUCTOR,91,VIRAJES INDEBIDOS,0,ARTURO PRAT,0,LOS CARRERA PONIENTE,ARTURO PRAT - LOS CARRERA PONIENTE,0, , , , ,4,0,1,UNIDIRECCIONAL,1,CONCRETO,1,BUENO,1,SECO,2,NUBLADO,0,0,0,0,2
-8133091.26445623,-4415012.2880693,71,8515,1379997,-73.0608019,-36.8269433,95,CONCEPCION,1,39130,2021,1379997,REGION BIO BIO,8101,CONCEPCION,ARTURO PRAT,LOS CARRERA,0,"ARTURO PRAT & LOS CARRERA, CONCEPCION",CHILE,GEOMETRIC_CENTER,53735,2021,1379997,1,2021/09/16 00:00:00+00,1899/12/30 00:00:00+00,8,REGION BIO BIO,8101,CONCEPCION,10,ATROPELLO,10,ATROPELLO,1,URBANA,4,ACERA O BERMA,2,IMPRUDENCIA DEL PEATON,55,PEATON CRUZA CALZADA FUERA PASO PEATONES,0,ARTURO PRAT,0,LOS CARRERA,ARTURO PRAT - LOS CARRERA,0, , , , ,2,2,3,BIDIRECCIONAL CON BANDEJON,2,ASFALTO,1,BUENO,1,SECO,1,DESPEJADO,0,0,0,1,1
-8133091.26445623,-4415012.2880693,72,8516,1391147,-73.0608019,-36.8269433,95,CONCEPCION,1,46825,2021,1391147,REGION BIO BIO,8101,CONCEPCION,ARTURO PRAT,LOS CARRERA,0,"ARTURO PRAT & LOS CARRERA, CONCEPCION",CHILE,GEOMETRIC_CENTER,63886,2021,1391147,1,2021/10/27 00:00:00+00,1899/12/30 00:00:00+00,8,REGION BIO BIO,8101,CONCEPCION,32,COLISION LATERAL,30,COLISION,1,URBANA,11,CRUCE CON SEMAFORO FUNCIONANDO,1,IMPRUDENCIA DEL CONDUCTOR,32,NO RESPETAR DERECHO PREFERENTE DE PASO A VEHICULO,0,ARTURO PRAT,0,LOS CARRERA,ARTURO PRAT - LOS CARRERA,0, , , , ,4,0,1,UNIDIRECCIONAL,1,CONCRETO,1,BUENO,1,SECO,1,DESPEJADO,0,0,0,0,2
-8133091.26445623,-4415012.2880693,73,8517,1393469,-73.0608019,-36.8269433,95,CONCEPCION,1,48552,2021,1393469,REGION BIO BIO,8101,CONCEPCION,ARTURO PRAT,LOS CARRERA,0,"ARTURO PRAT & LOS CARRERA, CONCEPCION",CHILE,GEOMETRIC_CENTER,66194,2021,1393469,1,2021/11/05 00:00:00+00,1899/12/30 00:00:00+00,8,REGION BIO BIO,8101,CONCEPCION,30,COLISION,30,COLISION,1,URBANA,1,TRAMO DE VIA RECTA,14,OTRAS CAUSAS,98,OTRAS CAUSAS,0,ARTURO PRAT,0,LOS CARRERA,ARTURO PRAT - LOS CARRERA,0, , , , ,3,3,2,BIDIRECCIONAL,1,CONCRETO,1,BUENO,1,SECO,1,DESPEJADO,0,0,0,0,2
-8133091.26445623,-4415012.2880693,74,8518,1398461,-73.0608019,-36.8269433,95,CONCEPCION,1,49139,2021,1398461,REGION BIO BIO,8101,CONCEPCION,LOS CARRERA,PRAT,0,"LOS CARRERA & PRAT, CONCEPCION",CHILE,GEOMETRIC_CENTER,66990,2021,1398461,1,2021/11/09 00:00:00+00,1899/12/30 00:00:00+00,8,REGION BIO BIO,8101,CONCEPCION,32,COLISION LATERAL,30,COLISION,1,URBANA,11,CRUCE CON SEMAFORO FUNCIONANDO,1,IMPRUDENCIA DEL CONDUCTOR,29,CONDUCCION CAMBIAR SORPRESIVAMENTE PISTA CIRCULACION,0,LOS CARRERA,0,PRAT,LOS CARRERA - PRAT,0, , , , ,3,3,3,BIDIRECCIONAL CON BANDEJON,1,CONCRETO,1,BUENO,1,SECO,1,DESPEJADO,0,0,0,0,2
-8132723.91013662,-4415009.25631742,75,8519,1334113,-73.0575019,-36.8269215,95,CONCEPCION,1,7199,2021,1334113,REGION BIO BIO,8101,CONCEPCION,MAIPU,SALAS,0,"MAIPU & SALAS, CONCEPCION",CHILE,GEOMETRIC_CENTER,10112,2021,1334113,1,2021/02/22 00:00:00+00,1899/12/30 00:00:00+00,8,REGION BIO BIO,8101,CONCEPCION,32,COLISION LATERAL,30,COLISION,1,URBANA,11,CRUCE CON SEMAFORO FUNCIONANDO,1,IMPRUDENCIA DEL CONDUCTOR,27,CONDUCCION NO ATENTO CONDICIONES TRANSITO MOMENTO,0,MAIPU,0,SALAS,MAIPU - SALAS,0, , , , ,2,0,1,UNIDIRECCIONAL,1,CONCRETO,1,BUENO,1,SECO,1,DESPEJADO,0,0,0,0,2
-8132723.91013662,-4415009.25631742,76,8520,1363453,-73.0575019,-36.8269215,95,CONCEPCION,1,27861,2021,1363453,REGION BIO BIO,8101,CONCEPCION,MAIPU,SALAS,0,"MAIPU & SALAS, CONCEPCION",CHILE,GEOMETRIC_CENTER,38484,2021,1363453,1,2021/07/15 00:00:00+00,1899/12/30 00:00:00+00,8,REGION BIO BIO,8101,CONCEPCION,10,ATROPELLO,10,ATROPELLO,1,URBANA,11,CRUCE CON SEMAFORO FUNCIONANDO,1,IMPRUDENCIA DEL CONDUCTOR,31,NO RESPETAR DERECHO PREFERENTE DE PASO A PEATON,0,MAIPU,0,SALAS,MAIPU - SALAS,0, , , , ,2,0,1,UNIDIRECCIONAL,1,CONCRETO,1,BUENO,1,SECO,1,DESPEJADO,0,0,1,0,1
-8132723.91013662,-4415009.25631742,77,8521,1364676,-73.0575019,-36.8269215,95,CONCEPCION,1,28920,2021,1364676,REGION BIO BIO,8101,CONCEPCION,SALAS,MAIPU,0,"SALAS & MAIPU, CONCEPCION",CHILE,GEOMETRIC_CENTER,39969,2021,1364676,1,2021/07/21 00:00:00+00,1899/12/30 00:00:00+00,8,REGION BIO BIO,8101,CONCEPCION,50,CHOQUE,40,CHOQUE,1,URBANA,11,CRUCE CON SEMAFORO FUNCIONANDO,1,IMPRUDENCIA DEL CONDUCTOR,27,CONDUCCION NO ATENTO CONDICIONES TRANSITO MOMENTO,0,SALAS,0,MAIPU,MAIPU - SALAS,0, , , , ,2,0,1,UNIDIRECCIONAL,1,CONCRETO,1,BUENO,1,SECO,1,DESPEJADO,0,0,0,0,2
-8132723.91013662,-4415009.25631742,78,8522,1385568,-73.0575019,-36.8269215,95,CONCEPCION,1,42696,2021,1385568,REGION BIO BIO,8101,CONCEPCION,SALAS,MAIPU,0,"SALAS & MAIPU, CONCEPCION",CHILE,GEOMETRIC_CENTER,58462,2021,1385568,1,2021/10/05 00:00:00+00,1899/12/30 00:00:00+00,8,REGION BIO BIO,8101,CONCEPCION,34,COLISION PERPENDICULAR,30,COLISION,1,URBANA,11,CRUCE CON SEMAFORO FUNCIONANDO,10,DESOBEDIENCIA A SEÑALIZACION,62,SEÑALIZACION DESOBEDECER LUZ ROJA DE SEMAFORO,0,SALAS,0,MAIPU,MAIPU - SALAS,0, , , , ,2,0,1,UNIDIRECCIONAL,1,CONCRETO,1,BUENO,1,SECO,1,DESPEJADO,0,0,0,1,1
-8133444.19176985,-4415007.49011375,79,8523,1340802,-73.0639723,-36.8269088,95,CONCEPCION,1,11645,2021,1340802,REGION BIO BIO,8101,CONCEPCION,DESIDERIO SANHUEZA, ,160,"DESIDERIO SANHUEZA 160, CONCEPCION",CHILE,RANGE_INTERPOLATED,16128,2021,1340802,1,2021/03/24 00:00:00+00,1899/12/30 00:00:00+00,8,REGION BIO BIO,8101,CONCEPCION,53,CHOQUE POSTERIOR,40,CHOQUE,1,URBANA,1,TRAMO DE VIA RECTA,1,IMPRUDENCIA DEL CONDUCTOR,27,CONDUCCION NO ATENTO CONDICIONES TRANSITO MOMENTO,0,DESIDERIO SANHUEZA,0, ,- DESIDERIO SANHUEZA,160, , , , ,2,0,1,UNIDIRECCIONAL,1,CONCRETO,1,BUENO,1,SECO,1,DESPEJADO,0,0,0,0,2
-8131672.26377514,-4415004.86166945,80,8524,1398474,-73.0480548,-36.8268899,95,CONCEPCION,1,49621,2021,1398474,REGION BIO BIO,8101,CONCEPCION,COLO COLO,O'HIGGINS,0,"COLO COLO & O'HIGGINS, CONCEPCION",CHILE,GEOMETRIC_CENTER,67599,2021,1398474,1,2021/11/11 00:00:00+00,1899/12/30 00:00:00+00,8,REGION BIO BIO,8101,CONCEPCION,34,COLISION PERPENDICULAR,30,COLISION,1,URBANA,11,CRUCE CON SEMAFORO FUNCIONANDO,10,DESOBEDIENCIA A SEÑALIZACION,62,SEÑALIZACION DESOBEDECER LUZ ROJA DE SEMAFORO,0,COLO COLO,0,O'HIGGINS,COLO COLO - O'HIGGINS,0, , , , ,2,0,1,UNIDIRECCIONAL,1,CONCRETO,1,BUENO,1,SECO,1,DESPEJADO,0,0,1,0,1
-8132693.9206658,-4415004.83385523,81,8525,1371540,-73.0572325,-36.8268897,95,CONCEPCION,1,32920,2021,1371540,REGION BIO BIO,8101,CONCEPCION,MAIPU, ,224,"MAIPU 224, CONCEPCION",CHILE,RANGE_INTERPOLATED,45405,2021,1371540,1,2021/08/12 00:00:00+00,1899/12/30 00:00:00+00,8,REGION BIO BIO,8101,CONCEPCION,33,COLISION POR ALCANCE,30,COLISION,1,URBANA,1,TRAMO DE VIA RECTA,1,IMPRUDENCIA DEL CONDUCTOR,27,CONDUCCION NO ATENTO CONDICIONES TRANSITO MOMENTO,0,MAIPU,0, ,- MAIPU,224, , , , ,2,0,1,UNIDIRECCIONAL,1,CONCRETO,1,BUENO,1,SECO,2,NUBLADO,0,0,0,0,2
-8132369.73604471,-4414999.49352596,82,8526,1346287,-73.0543203,-36.8268513,95,CONCEPCION,1,15730,2021,1346287,REGION BIO BIO,8101,CONCEPCION,LINCOYAN,FREIRE,0,"LINCOYAN & FREIRE, CONCEPCION",CHILE,GEOMETRIC_CENTER,21675,2021,1346287,1,2021/04/28 00:00:00+00,1899/12/30 00:00:00+00,8,REGION BIO BIO,8101,CONCEPCION,32,COLISION LATERAL,30,COLISION,1,URBANA,11,CRUCE CON SEMAFORO FUNCIONANDO,1,IMPRUDENCIA DEL CONDUCTOR,11,ADELANTAMIENTO SIN EL ESPACIO O TIEMPO SUFICIENTE,0,LINCOYAN,0,FREIRE,FREIRE - LINCOYAN,0, , , , ,3,0,1,UNIDIRECCIONAL,1,CONCRETO,1,BUENO,1,SECO,1,DESPEJADO,0,0,0,0,2
-8132369.73604471,-4414999.49352596,83,8527,1391249,-73.0543203,-36.8268513,95,CONCEPCION,1,47042,2021,1391249,REGION BIO BIO,8101,CONCEPCION,LINCOYAN,FREIRE,0,"LINCOYAN & FREIRE, CONCEPCION",CHILE,GEOMETRIC_CENTER,64172,2021,1391249,1,2021/10/29 00:00:00+00,1899/12/30 00:00:00+00,8,REGION BIO BIO,8101,CONCEPCION,10,ATROPELLO,10,ATROPELLO,1,URBANA,11,CRUCE CON SEMAFORO FUNCIONANDO,1,IMPRUDENCIA DEL CONDUCTOR,31,NO RESPETAR DERECHO PREFERENTE DE PASO A PEATON,0,LINCOYAN,0,FREIRE,FREIRE - LINCOYAN,0, , , , ,2,0,1,UNIDIRECCIONAL,1,CONCRETO,1,BUENO,1,SECO,1,DESPEJADO,0,0,0,1,1
-8132369.73604471,-4414999.49352596,84,8528,1397900,-73.0543203,-36.8268513,95,CONCEPCION,1,48430,2021,1397900,REGION BIO BIO,8101,CONCEPCION,LINCOYAN,FREIRE,0,"LINCOYAN & FREIRE, CONCEPCION",CHILE,GEOMETRIC_CENTER,66031,2021,1397900,1,2021/11/05 00:00:00+00,1899/12/30 00:00:00+00,8,REGION BIO BIO,8101,CONCEPCION,10,ATROPELLO,10,ATROPELLO,1,URBANA,11,CRUCE CON SEMAFORO FUNCIONANDO,1,IMPRUDENCIA DEL CONDUCTOR,31,NO RESPETAR DERECHO PREFERENTE DE PASO A PEATON,0,LINCOYAN,0,FREIRE,FREIRE - LINCOYAN,0, , , , ,2,0,1,UNIDIRECCIONAL,1,CONCRETO,1,BUENO,1,SECO,1,DESPEJADO,0,0,0,1,1
-8130811.65279182,-4414992.51216207,85,8529,1408766,-73.0403238,-36.8268011,95,CONCEPCION,1,58857,2021,1408766,REGION BIO BIO,8101,CONCEPCION,DIAGONAL PEDRO AGUIRRE CERDA,PLAZA PERU,0,"DIAGONAL PEDRO AGUIRRE CERDA & PLAZA PERU, CONCEPCION",CHILE,GEOMETRIC_CENTER,79976,2021,1408766,1,2021/12/28 00:00:00+00,1899/12/30 00:00:00+00,8,REGION BIO BIO,8101,CONCEPCION,30,COLISION,30,COLISION,1,URBANA,1,TRAMO DE VIA RECTA,1,IMPRUDENCIA DEL CONDUCTOR,27,CONDUCCION NO ATENTO CONDICIONES TRANSITO MOMENTO,0,DIAGONAL PEDRO AGUIRRE CERDA,0,PLAZA PERU,DIAGONAL PEDRO AGUIRRE CERDA - PLAZA PERU,0, , , , ,2,0,1,UNIDIRECCIONAL,1,CONCRETO,1,BUENO,1,SECO,2,NUBLADO,0,0,0,0,2
-8132981.18061179,-4414992.24792727,86,8530,1356445,-73.059813,-36.8267992,95,CONCEPCION,1,22635,2021,1356445,REGION BIO BIO,8101,CONCEPCION,LOS CARRERA, ,58,"LOS CARRERA 58, CONCEPCION",CHILE,RANGE_INTERPOLATED,31170,2021,1356445,1,2021/06/12 00:00:00+00,1899/12/30 00:00:00+00,8,REGION BIO BIO,8101,CONCEPCION,50,CHOQUE,40,CHOQUE,1,URBANA,1,TRAMO DE VIA RECTA,4,ALCOHOL EN CONDUCTOR,24,CONDUCCION EN ESTADO DE EBRIEDAD,0,LOS CARRERA,0, ,- LOS CARRERA,58, , , , ,3,3,3,BIDIRECCIONAL CON BANDEJON,1,CONCRETO,1,BUENO,1,SECO,2,NUBLADO,0,0,0,0,2
-8133384.99206464,-4414990.31484131,87,8531,1327016,-73.0634405,-36.8267853,95,CONCEPCION,1,2641,2021,1327016,REGION BIO BIO,8101,CONCEPCION,PASCUAL BINIMELIS,DESIDERIO SANHUEZA,0,"PASCUAL BINIMELIS & DESIDERIO SANHUEZA, CONCEPCION",CHILE,GEOMETRIC_CENTER,3641,2021,1327016,1,2021/01/19 00:00:00+00,1899/12/30 00:00:00+00,8,REGION BIO BIO,8101,CONCEPCION,34,COLISION PERPENDICULAR,30,COLISION,1,URBANA,11,CRUCE CON SEMAFORO FUNCIONANDO,10,DESOBEDIENCIA A SEÑALIZACION,62,SEÑALIZACION DESOBEDECER LUZ ROJA DE SEMAFORO,0,PASCUAL BINIMELIS,0,DESIDERIO SANHUEZA,DESIDERIO SANHUEZA - PASCUAL BINIMELIS,0, , , , ,2,0,1,UNIDIRECCIONAL,2,ASFALTO,1,BUENO,1,SECO,1,DESPEJADO,0,0,0,0,2
-8131314.05991767,-4414985.79503738,88,8532,1377933,-73.044837,-36.8267528,95,CONCEPCION,1,37529,2021,1377933,REGION BIO BIO,8101,CONCEPCION,TUCAPEL,SAN MARTIN,0,"TUCAPEL & SAN MARTIN, CONCEPCION",CHILE,GEOMETRIC_CENTER,51599,2021,1377933,1,2021/09/07 00:00:00+00,1899/12/30 00:00:00+00,8,REGION BIO BIO,8101,CONCEPCION,10,ATROPELLO,10,ATROPELLO,1,URBANA,11,CRUCE CON SEMAFORO FUNCIONANDO,1,IMPRUDENCIA DEL CONDUCTOR,31,NO RESPETAR DERECHO PREFERENTE DE PASO A PEATON,0,TUCAPEL,0,SAN MARTIN,SAN MARTIN - TUCAPEL,0, , , , ,2,0,1,UNIDIRECCIONAL,1,CONCRETO,1,BUENO,1,SECO,2,NUBLADO,0,0,0,1,1
-8131586.46984359,-4414983.82023134,89,8533,1382328,-73.0472841,-36.8267386,95,CONCEPCION,1,40598,2021,1382328,REGION BIO BIO,8101,CONCEPCION,O'HIGGINS, ,850,"O'HIGGINS 850, CONCEPCION",CHILE,RANGE_INTERPOLATED,55722,2021,1382328,1,2021/09/24 00:00:00+00,1899/12/30 00:00:00+00,8,REGION BIO BIO,8101,CONCEPCION,32,COLISION LATERAL,30,COLISION,1,URBANA,1,TRAMO DE VIA RECTA,1,IMPRUDENCIA DEL CONDUCTOR,27,CONDUCCION NO ATENTO CONDICIONES TRANSITO MOMENTO,0,O'HIGGINS,0, ,- O'HIGGINS,850, , , , ,3,0,1,UNIDIRECCIONAL,1,CONCRETO,1,BUENO,1,SECO,1,DESPEJADO,0,0,0,0,2
-8126946.3729047,-4414982.81892138,90,8534,1362955,-73.0056014,-36.8267314,95,CONCEPCION,1,27214,2021,1362955,REGION BIO BIO,8101,CONCEPCION,CAMINO NONGUEN, ,547,"CAMINO NONGUEN 547, CONCEPCION",CHILE,RANGE_INTERPOLATED,37518,2021,1362955,1,2021/07/10 00:00:00+00,1899/12/30 00:00:00+00,8,REGION BIO BIO,8101,CONCEPCION,31,COLISION FRONTAL,30,COLISION,1,URBANA,1,TRAMO DE VIA RECTA,8,DROGAS Y/O FATIGA EN CONDUCTOR,25,"CONDICIONES FISICAS DEFICIENTES (CANSANCIO, SUEÑO)",0,CAMINO NONGUEN,0, ,- CAMINO NONGUEN,547, , , , ,1,1,2,BIDIRECCIONAL,1,CONCRETO,1,BUENO,1,SECO,2,NUBLADO,0,1,0,3,0
-8130617.57839157,-4414982.38780184,91,8535,1353756,-73.0385804,-36.8267283,95,CONCEPCION,1,20738,2021,1353756,REGION BIO BIO,8101,CONCEPCION,CHACABUCO,JANEQUEO,0,"CHACABUCO & JANEQUEO, CONCEPCION",CHILE,GEOMETRIC_CENTER,28588,2021,1353756,1,2021/06/01 00:00:00+00,1899/12/30 00:00:00+00,8,REGION BIO BIO,8101,CONCEPCION,50,CHOQUE,40,CHOQUE,1,URBANA,1,TRAMO DE VIA RECTA,1,IMPRUDENCIA DEL CONDUCTOR,93,CONDUCIR VEHICULO EN RETROCESO,0,CHACABUCO,0,JANEQUEO,CHACABUCO - JANEQUEO,0, , , , ,3,3,3,BIDIRECCIONAL CON BANDEJON,3,ADOQUIN,1,BUENO,3,MOJADO,3,LLUVIA,0,0,0,0,2
-8130617.57839157,-4414982.38780184,92,8536,1376177,-73.0385804,-36.8267283,95,CONCEPCION,1,34317,2021,1376177,REGION BIO BIO,8101,CONCEPCION,CHACABUCO,JANEQUEO,0,"CHACABUCO & JANEQUEO, CONCEPCION",CHILE,GEOMETRIC_CENTER,47304,2021,1376177,1,2021/08/20 00:00:00+00,1899/12/30 00:00:00+00,8,REGION BIO BIO,8101,CONCEPCION,30,COLISION,30,COLISION,1,URBANA,1,TRAMO DE VIA RECTA,13,CAUSAS NO DETERMINADAS,97,CAUSAS NO DETERMINADAS,0,CHACABUCO,0,JANEQUEO,CHACABUCO - JANEQUEO,0, , , , ,2,0,1,UNIDIRECCIONAL,1,CONCRETO,1,BUENO,1,SECO,1,DESPEJADO,0,0,0,0,2
-8130617.57839157,-4414982.38780184,93,8537,1379434,-73.0385804,-36.8267283,95,CONCEPCION,1,38592,2021,1379434,REGION BIO BIO,8101,CONCEPCION,CHACABUCO,JANEQUEO,0,"CHACABUCO & JANEQUEO, CONCEPCION",CHILE,GEOMETRIC_CENTER,53029,2021,1379434,1,2021/09/13 00:00:00+00,1899/12/30 00:00:00+00,8,REGION BIO BIO,8101,CONCEPCION,53,CHOQUE POSTERIOR,40,CHOQUE,1,URBANA,11,CRUCE CON SEMAFORO FUNCIONANDO,1,IMPRUDENCIA DEL CONDUCTOR,28,CONDUCCION SIN MANTENER DISTANCIA RAZONABLE NI PRUDENTE,0,CHACABUCO,0,JANEQUEO,CHACABUCO - JANEQUEO,0, , , , ,3,3,3,BIDIRECCIONAL CON BANDEJON,1,CONCRETO,1,BUENO,1,SECO,1,DESPEJADO,0,0,0,1,1
-8130617.57839157,-4414982.38780184,94,8538,1401759,-73.0385804,-36.8267283,95,CONCEPCION,1,53593,2021,1401759,REGION BIO BIO,8101,CONCEPCION,CHACABUCO,JANEQUEO,0,"CHACABUCO & JANEQUEO, CONCEPCION",CHILE,GEOMETRIC_CENTER,72833,2021,1401759,1,2021/12/01 00:00:00+00,1899/12/30 00:00:00+00,8,REGION BIO BIO,8101,CONCEPCION,32,COLISION LATERAL,30,COLISION,1,URBANA,16,CRUCE SIN SEÑALIZACION,1,IMPRUDENCIA DEL CONDUCTOR,91,VIRAJES INDEBIDOS,0,CHACABUCO,0,JANEQUEO,CHACABUCO - JANEQUEO,0, , , , ,3,3,3,BIDIRECCIONAL CON BANDEJON,1,CONCRETO,2,REGULAR,1,SECO,1,DESPEJADO,0,0,0,0,2
-8132021.86263598,-4414971.3316777,95,8539,1371066,-73.0511953,-36.8266488,95,CONCEPCION,1,33014,2021,1371066,REGION BIO BIO,8101,CONCEPCION,ANDALIEN,SUR,0,"ANDALIEN & SUR, CONCEPCION",CHILE,GEOMETRIC_CENTER,45532,2021,1371066,1,2021/08/13 00:00:00+00,1899/12/30 00:00:00+00,8,REGION BIO BIO,8101,CONCEPCION,30,COLISION,30,COLISION,1,URBANA,1,TRAMO DE VIA RECTA,13,CAUSAS NO DETERMINADAS,97,CAUSAS NO DETERMINADAS,0,ANDALIEN,0,SUR,ANDALIEN - SUR,0, , , , ,3,3,2,BIDIRECCIONAL,1,CONCRETO,1,BUENO,1,SECO,1,DESPEJADO,0,0,0,0,2
-8133034.44698813,-4414969.31515316,96,8540,1391248,-73.0602915,-36.8266343,95,CONCEPCION,1,47064,2021,1391248,REGION BIO BIO,8101,CONCEPCION,LOS CARRERA PONIENTE,PRAT,0,"LOS CARRERA PONIENTE & PRAT, CONCEPCION",CHILE,GEOMETRIC_CENTER,64202,2021,1391248,1,2021/10/29 00:00:00+00,1899/12/30 00:00:00+00,8,REGION BIO BIO,8101,CONCEPCION,32,COLISION LATERAL,30,COLISION,1,URBANA,1,TRAMO DE VIA RECTA,9,PERDIDA CONTROL VEHICULO,95,PERDIDA CONTROL VEHICULO,0,LOS CARRERA PONIENTE,0,PRAT,LOS CARRERA PONIENTE - PRAT,0, , , , ,3,3,3,BIDIRECCIONAL CON BANDEJON,1,CONCRETO,1,BUENO,1,SECO,1,DESPEJADO,0,0,0,0,2