X,Y,FID,FID_1,LABELID,POINT_X,POINT_Y,FID_2,COMUNAREAL,VAL_COM,OBJECTID,A_O,IDACCIDENT,REGION,COD_COMUN,COMUNA,CALLE_UNO,CALLE_DOS,NUMERO,DIR_GEOCOD,PAIS,TIPO,OBJECTID_1,Año,Idaccide_1,Claseaccid,Fecha,Hora,Cód_Regi,Región,Cód_Comun,Comuna_1,Cód_Tipo_,Tipo_Accid,Cód_Tipo1,Tipo__CONA,Cód_Zona,Zona,Cód_Ubica,Ubicación,Cód_Causa,Causa__CON,Cód_Cau_1,Causa,Cód_Calle,Calle_Un_1,Cód_Cal_1,Calle_Do_1,Intersecci,Número,Ruta,Cód_Ruta,Ubicaci_1,Km_Vía_Fe,Pistas_de_,Pistas_de1,Cód_Calza,Calzada,Cód__Tipo,Tipo_Calza,Cód_Estad,Estado_Cal,Cód_Condi,Condición,Cód_Est_1,Estado_Atm,Fallecidos,Graves,Menos_Grav,Leves,Ilesos
-8133034.44698813,-4414969.31515316,97,8541,1397190,-73.0602915,-36.8266343,95,CONCEPCION,1,47953,2021,1397190,REGION BIO BIO,8101,CONCEPCION,LOS CARRERA PONIENTE,PRAT,0,"LOS CARRERA PONIENTE & PRAT, CONCEPCION",CHILE,GEOMETRIC_CENTER,65426,2021,1397190,1,2021/11/03 00:00:00+00,1899/12/30 00:00:00+00,8,REGION BIO BIO,8101,CONCEPCION,50,CHOQUE,40,CHOQUE,1,URBANA,11,CRUCE CON SEMAFORO FUNCIONANDO,1,IMPRUDENCIA DEL CONDUCTOR,93,CONDUCIR VEHICULO EN RETROCESO,0,LOS CARRERA PONIENTE,0,PRAT,LOS CARRERA PONIENTE - PRAT,0, , , , ,3,3,3,BIDIRECCIONAL CON BANDEJON,1,CONCRETO,1,BUENO,1,SECO,1,DESPEJADO,0,0,0,0,2
-8131623.63942157,-4414967.22909368,98,8542,1340742,-73.047618,-36.8266193,95,CONCEPCION,0,11820,2021,1340742,REGION BIO BIO,8309,QUILLECO,BERNARDO O'HIGGINS,COLO COLO,0,"BERNARDO O'HIGGINS & COLO COLO, QUILLECO",CHILE,GEOMETRIC_CENTER,16353,2021,1340742,1,2021/03/25 00:00:00+00,1899/12/30 00:00:00+00,8,REGION BIO BIO,8309,QUILLECO,51,CHOQUE FRONTAL,40,CHOQUE,1,URBANA,1,TRAMO DE VIA RECTA,9,PERDIDA CONTROL VEHICULO,95,PERDIDA CONTROL VEHICULO,0,BERNARDO O'HIGGINS,0,COLO COLO,BERNARDO O'HIGGINS - COLO COLO,0, , , , ,2,0,1,UNIDIRECCIONAL,2,ASFALTO,1,BUENO,1,SECO,1,DESPEJADO,0,0,0,0,1
-8133347.58871573,-4414965.79666641,99,8543,1342967,-73.0631045,-36.826609,95,CONCEPCION,0,13219,2021,1342967,REGION BIO BIO,8103,CHIGUAYANTE,PADRE HURTADO,DESIDERIO SANHUEZA,0,"PADRE HURTADO & DESIDERIO SANHUEZA, CHIGUAYANTE",CHILE,GEOMETRIC_CENTER,18267,2021,1342967,1,2021/04/08 00:00:00+00,1899/12/30 00:00:00+00,8,REGION BIO BIO,8103,CHIGUAYANTE,30,COLISION,30,COLISION,1,URBANA,1,TRAMO DE VIA RECTA,13,CAUSAS NO DETERMINADAS,97,CAUSAS NO DETERMINADAS,0,PADRE HURTADO,0,DESIDERIO SANHUEZA,DESIDERIO SANHUEZA - PADRE HURTADO,0, , , , ,1,1,2,BIDIRECCIONAL,1,CONCRETO,1,BUENO,1,SECO,1,DESPEJADO,0,0,0,0,1
-8133347.58871573,-4414965.79666641,100,8544,1342971,-73.0631045,-36.826609,95,CONCEPCION,0,13419,2021,1342971,REGION BIO BIO,8103,CHIGUAYANTE,DESIDERIO SANHUEZA,PADRE HURTADO,0,"DESIDERIO SANHUEZA & PADRE HURTADO, CHIGUAYANTE",CHILE,GEOMETRIC_CENTER,18543,2021,1342971,1,2021/04/09 00:00:00+00,1899/12/30 00:00:00+00,8,REGION BIO BIO,8103,CHIGUAYANTE,50,CHOQUE,40,CHOQUE,1,URBANA,26,OTROS NO CONSIDERADOS,13,CAUSAS NO DETERMINADAS,97,CAUSAS NO DETERMINADAS,0,DESIDERIO SANHUEZA,0,PADRE HURTADO,DESIDERIO SANHUEZA - PADRE HURTADO,0, , , , ,1,1,2,BIDIRECCIONAL,1,CONCRETO,1,BUENO,1,SECO,1,DESPEJADO,0,0,0,0,2
-8133347.58871573,-4414965.79666641,101,8545,1399391,-73.0631045,-36.826609,95,CONCEPCION,1,50486,2021,1399391,REGION BIO BIO,8101,CONCEPCION,DESIDERIO SANHUEZA,PADRE HURTADO,0,"DESIDERIO SANHUEZA & PADRE HURTADO, CONCEPCION",CHILE,GEOMETRIC_CENTER,68761,2021,1399391,1,2021/11/15 00:00:00+00,1899/12/30 00:00:00+00,8,REGION BIO BIO,8101,CONCEPCION,30,COLISION,30,COLISION,1,URBANA,11,CRUCE CON SEMAFORO FUNCIONANDO,13,CAUSAS NO DETERMINADAS,97,CAUSAS NO DETERMINADAS,0,DESIDERIO SANHUEZA,0,PADRE HURTADO,DESIDERIO SANHUEZA - PADRE HURTADO,0, , , , ,2,2,2,BIDIRECCIONAL,1,CONCRETO,1,BUENO,1,SECO,1,DESPEJADO,0,0,0,1,2
-8133347.58871573,-4414965.79666641,102,8546,1406066,-73.0631045,-36.826609,95,CONCEPCION,1,56878,2021,1406066,REGION BIO BIO,8101,CONCEPCION,DESIDERIO SANHUEZA,PADRE HURTADO,0,"DESIDERIO SANHUEZA & PADRE HURTADO, CONCEPCION",CHILE,GEOMETRIC_CENTER,77271,2021,1406066,1,2021/12/18 00:00:00+00,1899/12/30 00:00:00+00,8,REGION BIO BIO,8101,CONCEPCION,32,COLISION LATERAL,30,COLISION,1,URBANA,1,TRAMO DE VIA RECTA,1,IMPRUDENCIA DEL CONDUCTOR,23,CONDUCCION CONTRA SENTIDO DEL TRANSITO,0,DESIDERIO SANHUEZA,0,PADRE HURTADO,DESIDERIO SANHUEZA - PADRE HURTADO,0, , , , ,2,0,1,UNIDIRECCIONAL,1,CONCRETO,1,BUENO,1,SECO,1,DESPEJADO,0,0,0,1,1
-8133714.44209764,-4414962.30599494,103,8547,1376253,-73.0664,-36.8265839,95,CONCEPCION,0,35856,2021,1376253,REGION BIO BIO,8103,CHIGUAYANTE,BALDOMERO SANCHEZ, ,355,"BALDOMERO SANCHEZ 355, CHIGUAYANTE",CHILE,RANGE_INTERPOLATED,49370,2021,1376253,1,2021/08/29 00:00:00+00,1899/12/30 00:00:00+00,8,REGION BIO BIO,8103,CHIGUAYANTE,50,CHOQUE,40,CHOQUE,1,URBANA,1,TRAMO DE VIA RECTA,13,CAUSAS NO DETERMINADAS,97,CAUSAS NO DETERMINADAS,0,BALDOMERO SANCHEZ,0, ,- BALDOMERO SANCHEZ,355, , , , ,2,2,2,BIDIRECCIONAL,1,CONCRETO,1,BUENO,1,SECO,1,DESPEJADO,0,0,0,0,2
-8130955.35512249,-4414958.46764836,104,8548,1406235,-73.0416147,-36.8265563,95,CONCEPCION,1,57618,2021,1406235,REGION BIO BIO,8101,CONCEPCION,DIAGONAL PEDRO AGUIRRE CERDA,ONGOLMO,0,"DIAGONAL PEDRO AGUIRRE CERDA & ONGOLMO, CONCEPCION",CHILE,GEOMETRIC_CENTER,78232,2021,1406235,1,2021/12/21 00:00:00+00,1899/12/30 00:00:00+00,8,REGION BIO BIO,8101,CONCEPCION,10,ATROPELLO,10,ATROPELLO,1,URBANA,11,CRUCE CON SEMAFORO FUNCIONANDO,2,IMPRUDENCIA DEL PEATON,52,PEATON CRUZA CALZADA FORMA SORPRESIVA O DESCUIDADA,0,DIAGONAL PEDRO AGUIRRE CERDA,0,ONGOLMO,DIAGONAL PEDRO AGUIRRE CERDA - ONGOLMO,0, , , , ,1,1,2,BIDIRECCIONAL,1,CONCRETO,1,BUENO,1,SECO,1,DESPEJADO,0,0,0,0,2
-8132409.92238089,-4414954.71274542,105,8549,1334104,-73.0546813,-36.8265293,95,CONCEPCION,1,7183,2021,1334104,REGION BIO BIO,8101,CONCEPCION,LINCOYAN, ,643,"LINCOYAN 643, CONCEPCION",CHILE,RANGE_INTERPOLATED,10091,2021,1334104,1,2021/02/22 00:00:00+00,1899/12/30 00:00:00+00,8,REGION BIO BIO,8101,CONCEPCION,50,CHOQUE,40,CHOQUE,1,URBANA,1,TRAMO DE VIA RECTA,1,IMPRUDENCIA DEL CONDUCTOR,93,CONDUCIR VEHICULO EN RETROCESO,0,LINCOYAN,0, ,- LINCOYAN,643, , , , ,3,0,1,UNIDIRECCIONAL,1,CONCRETO,1,BUENO,1,SECO,1,DESPEJADO,0,0,0,0,2
-8132935.58414836,-4414949.08039351,106,8550,1324501,-73.0594034,-36.8264888,95,CONCEPCION,1,417,2021,1324501,REGION BIO BIO,8101,CONCEPCION,LOS CARRERA,SERRANO,0,"LOS CARRERA & SERRANO, CONCEPCION",CHILE,GEOMETRIC_CENTER,597,2021,1324501,1,2021/01/04 00:00:00+00,1899/12/30 00:00:00+00,8,REGION BIO BIO,8101,CONCEPCION,33,COLISION POR ALCANCE,30,COLISION,1,URBANA,1,TRAMO DE VIA RECTA,1,IMPRUDENCIA DEL CONDUCTOR,27,CONDUCCION NO ATENTO CONDICIONES TRANSITO MOMENTO,0,LOS CARRERA,0,SERRANO,LOS CARRERA - SERRANO,0, , , , ,3,3,3,BIDIRECCIONAL CON BANDEJON,1,CONCRETO,1,BUENO,1,SECO,1,DESPEJADO,0,0,0,0,2
-8132935.58414836,-4414949.08039351,107,8551,1330626,-73.0594034,-36.8264888,95,CONCEPCION,1,5247,2021,1330626,REGION BIO BIO,8101,CONCEPCION,SERRANO,LOS CARRERA,0,"SERRANO & LOS CARRERA, CONCEPCION",CHILE,GEOMETRIC_CENTER,7339,2021,1330626,1,2021/02/08 00:00:00+00,1899/12/30 00:00:00+00,8,REGION BIO BIO,8101,CONCEPCION,30,COLISION,30,COLISION,1,URBANA,1,TRAMO DE VIA RECTA,1,IMPRUDENCIA DEL CONDUCTOR,93,CONDUCIR VEHICULO EN RETROCESO,0,SERRANO,0,LOS CARRERA,LOS CARRERA - SERRANO,0, , , , ,2,0,1,UNIDIRECCIONAL,1,CONCRETO,1,BUENO,1,SECO,1,DESPEJADO,0,0,0,0,2
-8132935.58414836,-4414949.08039351,108,8552,1332002,-73.0594034,-36.8264888,95,CONCEPCION,1,5747,2021,1332002,REGION BIO BIO,8101,CONCEPCION,LOS CARRERA,SERRANO,0,"LOS CARRERA & SERRANO, CONCEPCION",CHILE,GEOMETRIC_CENTER,8024,2021,1332002,1,2021/02/11 00:00:00+00,1899/12/30 00:00:00+00,8,REGION BIO BIO,8101,CONCEPCION,32,COLISION LATERAL,30,COLISION,1,URBANA,1,TRAMO DE VIA RECTA,1,IMPRUDENCIA DEL CONDUCTOR,29,CONDUCCION CAMBIAR SORPRESIVAMENTE PISTA CIRCULACION,0,LOS CARRERA,0,SERRANO,LOS CARRERA - SERRANO,0, , , , ,3,3,3,BIDIRECCIONAL CON BANDEJON,1,CONCRETO,1,BUENO,1,SECO,1,DESPEJADO,0,0,0,1,2
-8132935.58414836,-4414949.08039351,109,8553,1340821,-73.0594034,-36.8264888,95,CONCEPCION,1,11429,2021,1340821,REGION BIO BIO,8101,CONCEPCION,SERRANO,LOS CARRERA,0,"SERRANO & LOS CARRERA, CONCEPCION",CHILE,GEOMETRIC_CENTER,15840,2021,1340821,1,2021/03/22 00:00:00+00,1899/12/30 00:00:00+00,8,REGION BIO BIO,8101,CONCEPCION,34,COLISION PERPENDICULAR,30,COLISION,1,URBANA,11,CRUCE CON SEMAFORO FUNCIONANDO,10,DESOBEDIENCIA A SEÑALIZACION,62,SEÑALIZACION DESOBEDECER LUZ ROJA DE SEMAFORO,0,SERRANO,0,LOS CARRERA,LOS CARRERA - SERRANO,0, , , , ,3,3,3,BIDIRECCIONAL CON BANDEJON,1,CONCRETO,1,BUENO,1,SECO,1,DESPEJADO,0,0,0,0,2
-8132935.58414836,-4414949.08039351,110,8554,1344776,-73.0594034,-36.8264888,95,CONCEPCION,1,14680,2021,1344776,REGION BIO BIO,8101,CONCEPCION,SERRANO,LOS CARRERA,0,"SERRANO & LOS CARRERA, CONCEPCION",CHILE,GEOMETRIC_CENTER,20239,2021,1344776,1,2021/04/20 00:00:00+00,1899/12/30 00:00:00+00,8,REGION BIO BIO,8101,CONCEPCION,34,COLISION PERPENDICULAR,30,COLISION,1,URBANA,11,CRUCE CON SEMAFORO FUNCIONANDO,10,DESOBEDIENCIA A SEÑALIZACION,62,SEÑALIZACION DESOBEDECER LUZ ROJA DE SEMAFORO,0,SERRANO,0,LOS CARRERA,LOS CARRERA - SERRANO,0, , , , ,3,3,3,BIDIRECCIONAL CON BANDEJON,1,CONCRETO,1,BUENO,3,MOJADO,3,LLUVIA,0,0,0,1,1
-8132935.58414836,-4414949.08039351,111,8555,1356439,-73.0594034,-36.8264888,95,CONCEPCION,1,22435,2021,1356439,REGION BIO BIO,8101,CONCEPCION,LOS CARRERA,SERRANO,0,"LOS CARRERA & SERRANO, CONCEPCION",CHILE,GEOMETRIC_CENTER,30908,2021,1356439,1,2021/06/11 00:00:00+00,1899/12/30 00:00:00+00,8,REGION BIO BIO,8101,CONCEPCION,51,CHOQUE FRONTAL,40,CHOQUE,1,URBANA,1,TRAMO DE VIA RECTA,4,ALCOHOL EN CONDUCTOR,24,CONDUCCION EN ESTADO DE EBRIEDAD,0,LOS CARRERA,0,SERRANO,LOS CARRERA - SERRANO,0, , , , ,3,3,3,BIDIRECCIONAL CON BANDEJON,1,CONCRETO,1,BUENO,1,SECO,1,DESPEJADO,0,0,0,1,0
-8132935.58414836,-4414949.08039351,112,8556,1357337,-73.0594034,-36.8264888,95,CONCEPCION,1,23588,2021,1357337,REGION BIO BIO,8101,CONCEPCION,LOS CARRERA,SERRANO,0,"LOS CARRERA & SERRANO, CONCEPCION",CHILE,GEOMETRIC_CENTER,32506,2021,1357337,1,2021/06/18 00:00:00+00,1899/12/30 00:00:00+00,8,REGION BIO BIO,8101,CONCEPCION,53,CHOQUE POSTERIOR,40,CHOQUE,1,URBANA,11,CRUCE CON SEMAFORO FUNCIONANDO,1,IMPRUDENCIA DEL CONDUCTOR,27,CONDUCCION NO ATENTO CONDICIONES TRANSITO MOMENTO,0,LOS CARRERA,0,SERRANO,LOS CARRERA - SERRANO,0, , , , ,2,0,1,UNIDIRECCIONAL,1,CONCRETO,1,BUENO,1,SECO,1,DESPEJADO,0,0,0,0,2
-8132935.58414836,-4414949.08039351,113,8557,1364029,-73.0594034,-36.8264888,95,CONCEPCION,1,28020,2021,1364029,REGION BIO BIO,8101,CONCEPCION,LOS CARRERA,SERRANO,0,"LOS CARRERA & SERRANO, CONCEPCION",CHILE,GEOMETRIC_CENTER,38704,2021,1364029,1,2021/07/15 00:00:00+00,1899/12/30 00:00:00+00,8,REGION BIO BIO,8101,CONCEPCION,50,CHOQUE,40,CHOQUE,1,URBANA,1,TRAMO DE VIA RECTA,1,IMPRUDENCIA DEL CONDUCTOR,27,CONDUCCION NO ATENTO CONDICIONES TRANSITO MOMENTO,0,LOS CARRERA,0,SERRANO,LOS CARRERA - SERRANO,0, , , , ,3,3,2,BIDIRECCIONAL,1,CONCRETO,1,BUENO,1,SECO,1,DESPEJADO,0,2,0,0,0
-8132935.58414836,-4414949.08039351,114,8558,1366649,-73.0594034,-36.8264888,95,CONCEPCION,1,28995,2021,1366649,REGION BIO BIO,8101,CONCEPCION,LOS CARRERA,SERRANO,0,"LOS CARRERA & SERRANO, CONCEPCION",CHILE,GEOMETRIC_CENTER,40081,2021,1366649,1,2021/07/22 00:00:00+00,1899/12/30 00:00:00+00,8,REGION BIO BIO,8101,CONCEPCION,34,COLISION PERPENDICULAR,30,COLISION,1,URBANA,11,CRUCE CON SEMAFORO FUNCIONANDO,10,DESOBEDIENCIA A SEÑALIZACION,62,SEÑALIZACION DESOBEDECER LUZ ROJA DE SEMAFORO,0,LOS CARRERA,0,SERRANO,LOS CARRERA - SERRANO,0, , , , ,3,3,2,BIDIRECCIONAL,1,CONCRETO,1,BUENO,1,SECO,1,DESPEJADO,0,0,0,0,2
-8132935.58414836,-4414949.08039351,115,8559,1374884,-73.0594034,-36.8264888,95,CONCEPCION,1,35120,2021,1374884,REGION BIO BIO,8101,CONCEPCION,LOS CARRERA,SERRANO,0,"LOS CARRERA & SERRANO, CONCEPCION",CHILE,GEOMETRIC_CENTER,48398,2021,1374884,1,2021/08/25 00:00:00+00,1899/12/30 00:00:00+00,8,REGION BIO BIO,8101,CONCEPCION,53,CHOQUE POSTERIOR,40,CHOQUE,1,URBANA,11,CRUCE CON SEMAFORO FUNCIONANDO,1,IMPRUDENCIA DEL CONDUCTOR,28,CONDUCCION SIN MANTENER DISTANCIA RAZONABLE NI PRUDENTE,0,LOS CARRERA,0,SERRANO,LOS CARRERA - SERRANO,0, , , , ,3,3,3,BIDIRECCIONAL CON BANDEJON,1,CONCRETO,1,BUENO,3,MOJADO,3,LLUVIA,0,0,0,0,2
-8132935.58414836,-4414949.08039351,116,8560,1383671,-73.0594034,-36.8264888,95,CONCEPCION,1,42001,2021,1383671,REGION BIO BIO,8101,CONCEPCION,LOS CARRERA,SERRANO,0,"LOS CARRERA & SERRANO, CONCEPCION",CHILE,GEOMETRIC_CENTER,57526,2021,1383671,1,2021/10/02 00:00:00+00,1899/12/30 00:00:00+00,8,REGION BIO BIO,8101,CONCEPCION,50,CHOQUE,40,CHOQUE,1,URBANA,11,CRUCE CON SEMAFORO FUNCIONANDO,1,IMPRUDENCIA DEL CONDUCTOR,93,CONDUCIR VEHICULO EN RETROCESO,0,LOS CARRERA,0,SERRANO,LOS CARRERA - SERRANO,0, , , , ,3,3,3,BIDIRECCIONAL CON BANDEJON,1,CONCRETO,1,BUENO,1,SECO,1,DESPEJADO,0,0,0,0,2
-8132935.58414836,-4414949.08039351,117,8561,1387182,-73.0594034,-36.8264888,95,CONCEPCION,1,44612,2021,1387182,REGION BIO BIO,8101,CONCEPCION,LOS CARRERA,SERRANO,0,"LOS CARRERA & SERRANO, CONCEPCION",CHILE,GEOMETRIC_CENTER,60976,2021,1387182,1,2021/10/15 00:00:00+00,1899/12/30 00:00:00+00,8,REGION BIO BIO,8101,CONCEPCION,63,CHOQUE FRENTE/POSTERIOR,40,CHOQUE,1,URBANA,11,CRUCE CON SEMAFORO FUNCIONANDO,1,IMPRUDENCIA DEL CONDUCTOR,27,CONDUCCION NO ATENTO CONDICIONES TRANSITO MOMENTO,0,LOS CARRERA,0,SERRANO,LOS CARRERA - SERRANO,0, , , , ,3,3,3,BIDIRECCIONAL CON BANDEJON,1,CONCRETO,1,BUENO,1,SECO,2,NUBLADO,0,0,0,0,3
-8132935.58414836,-4414949.08039351,118,8562,1398465,-73.0594034,-36.8264888,95,CONCEPCION,1,49127,2021,1398465,REGION BIO BIO,8101,CONCEPCION,LOS CARRERA,SERRANO,0,"LOS CARRERA & SERRANO, CONCEPCION",CHILE,GEOMETRIC_CENTER,66975,2021,1398465,1,2021/11/09 00:00:00+00,1899/12/30 00:00:00+00,8,REGION BIO BIO,8101,CONCEPCION,34,COLISION PERPENDICULAR,30,COLISION,1,URBANA,11,CRUCE CON SEMAFORO FUNCIONANDO,1,IMPRUDENCIA DEL CONDUCTOR,91,VIRAJES INDEBIDOS,0,LOS CARRERA,0,SERRANO,LOS CARRERA - SERRANO,0, , , , ,3,3,3,BIDIRECCIONAL CON BANDEJON,1,CONCRETO,1,BUENO,1,SECO,1,DESPEJADO,0,1,0,0,1
-8125527.75070988,-4414948.96913721,119,8563,1391149,-72.9928577,-36.826488,95,CONCEPCION,1,46692,2021,1391149,REGION BIO BIO,8101,CONCEPCION,JORGE GIACAMAN,JULIUO DIESTRE,0,"JORGE GIACAMAN & JULIUO DIESTRE, CONCEPCION",CHILE,GEOMETRIC_CENTER,63731,2021,1391149,1,2021/10/27 00:00:00+00,1899/12/30 00:00:00+00,8,REGION BIO BIO,8101,CONCEPCION,51,CHOQUE FRONTAL,40,CHOQUE,1,URBANA,16,CRUCE SIN SEÑALIZACION,8,DROGAS Y/O FATIGA EN CONDUCTOR,25,"CONDICIONES FISICAS DEFICIENTES (CANSANCIO, SUEÑO)",0,JORGE GIACAMAN,0,JULIUO DIESTRE,JORGE GIACAMAN - JULIUO DIESTRE,0, , , , ,1,1,2,BIDIRECCIONAL,1,CONCRETO,1,BUENO,1,SECO,1,DESPEJADO,0,0,0,9,4
-8132584.25983542,-4414938.17728125,120,8564,1334093,-73.0562474,-36.8264104,95,CONCEPCION,1,6959,2021,1334093,REGION BIO BIO,8101,CONCEPCION,ANGOL,MAIPU,0,"ANGOL & MAIPU, CONCEPCION",CHILE,GEOMETRIC_CENTER,9741,2021,1334093,1,2021/02/20 00:00:00+00,1899/12/30 00:00:00+00,8,REGION BIO BIO,8101,CONCEPCION,34,COLISION PERPENDICULAR,30,COLISION,1,URBANA,11,CRUCE CON SEMAFORO FUNCIONANDO,10,DESOBEDIENCIA A SEÑALIZACION,62,SEÑALIZACION DESOBEDECER LUZ ROJA DE SEMAFORO,0,ANGOL,0,MAIPU,ANGOL - MAIPU,0, , , , ,2,0,1,UNIDIRECCIONAL,1,CONCRETO,1,BUENO,1,SECO,1,DESPEJADO,0,0,0,1,1
-8131026.17658253,-4414937.81569863,121,8565,1359944,-73.0422509,-36.8264078,95,CONCEPCION,1,24999,2021,1359944,REGION BIO BIO,8101,CONCEPCION,ONGOLMO, ,150,"ONGOLMO 150, CONCEPCION",CHILE,RANGE_INTERPOLATED,34502,2021,1359944,1,2021/06/27 00:00:00+00,1899/12/30 00:00:00+00,8,REGION BIO BIO,8101,CONCEPCION,99,OTRO TIPO,99,OTRO TIPO,1,URBANA,1,TRAMO DE VIA RECTA,1,IMPRUDENCIA DEL CONDUCTOR,27,CONDUCCION NO ATENTO CONDICIONES TRANSITO MOMENTO,0,ONGOLMO,0, ,- ONGOLMO,150, , , , ,2,2,2,BIDIRECCIONAL,2,ASFALTO,1,BUENO,1,SECO,1,DESPEJADO,0,0,0,1,0
-8131680.63500085,-4414937.70444245,122,8566,1391240,-73.04813,-36.826407,95,CONCEPCION,1,46846,2021,1391240,REGION BIO BIO,8101,CONCEPCION,COLO COLO, ,454,"COLO COLO 454, CONCEPCION",CHILE,RANGE_INTERPOLATED,63915,2021,1391240,1,2021/10/28 00:00:00+00,1899/12/30 00:00:00+00,8,REGION BIO BIO,8101,CONCEPCION,53,CHOQUE POSTERIOR,40,CHOQUE,1,URBANA,1,TRAMO DE VIA RECTA,1,IMPRUDENCIA DEL CONDUCTOR,27,CONDUCCION NO ATENTO CONDICIONES TRANSITO MOMENTO,0,COLO COLO,0, ,- COLO COLO,454, , , , ,2,0,1,UNIDIRECCIONAL,1,CONCRETO,1,BUENO,1,SECO,1,DESPEJADO,0,0,0,0,2
-8132787.75186459,-4414936.20248405,123,8567,1381268,-73.0580754,-36.8263962,95,CONCEPCION,1,40171,2021,1381268,REGION BIO BIO,8101,CONCEPCION,SALAS, ,749,"SALAS 749, CONCEPCION",CHILE,RANGE_INTERPOLATED,55161,2021,1381268,1,2021/09/22 00:00:00+00,1899/12/30 00:00:00+00,8,REGION BIO BIO,8101,CONCEPCION,32,COLISION LATERAL,30,COLISION,1,URBANA,1,TRAMO DE VIA RECTA,1,IMPRUDENCIA DEL CONDUCTOR,29,CONDUCCION CAMBIAR SORPRESIVAMENTE PISTA CIRCULACION,0,SALAS,0, ,- SALAS,749, , , , ,2,0,1,UNIDIRECCIONAL,1,CONCRETO,1,BUENO,1,SECO,1,DESPEJADO,0,0,0,0,2
-8128186.38297655,-4414931.54363295,124,8568,1379595,-73.0167406,-36.8263627,95,CONCEPCION,1,38803,2021,1379595,REGION BIO BIO,8101,CONCEPCION,CURA GONZALO LOPEZ, ,1305,"CURA GONZALO LOPEZ 1305, CONCEPCION",CHILE,RANGE_INTERPOLATED,53301,2021,1379595,1,2021/09/14 00:00:00+00,1899/12/30 00:00:00+00,8,REGION BIO BIO,8101,CONCEPCION,50,CHOQUE,40,CHOQUE,1,URBANA,1,TRAMO DE VIA RECTA,1,IMPRUDENCIA DEL CONDUCTOR,93,CONDUCIR VEHICULO EN RETROCESO,0,CURA GONZALO LOPEZ,0, ,- CURA GONZALO LOPEZ,1305, , , , ,1,1,2,BIDIRECCIONAL,1,CONCRETO,1,BUENO,1,SECO,1,DESPEJADO,0,0,0,0,2
-8131881.26611911,-4414929.8052562,125,8569,1371526,-73.0499323,-36.8263502,95,CONCEPCION,1,32698,2021,1371526,REGION BIO BIO,8101,CONCEPCION,ANIBAL PINTO,BARROS ARANA,0,"ANIBAL PINTO & BARROS ARANA, CONCEPCION",CHILE,GEOMETRIC_CENTER,45112,2021,1371526,1,2021/08/11 00:00:00+00,1899/12/30 00:00:00+00,8,REGION BIO BIO,8101,CONCEPCION,10,ATROPELLO,10,ATROPELLO,1,URBANA,11,CRUCE CON SEMAFORO FUNCIONANDO,2,IMPRUDENCIA DEL PEATON,51,PEATON PERMANECE SOBRE LA CALZADA,0,ANIBAL PINTO,0,BARROS ARANA,ANIBAL PINTO - BARROS ARANA,0, , , , ,1,0,1,UNIDIRECCIONAL,1,CONCRETO,1,BUENO,1,SECO,1,DESPEJADO,0,0,0,1,1
-8132231.71100807,-4414929.61055802,126,8570,1331950,-73.0530804,-36.8263488,95,CONCEPCION,1,5424,2021,1331950,REGION BIO BIO,8101,CONCEPCION,RENGO,FREIRE,0,"RENGO & FREIRE, CONCEPCION",CHILE,GEOMETRIC_CENTER,7579,2021,1331950,1,2021/02/09 00:00:00+00,1899/12/30 00:00:00+00,8,REGION BIO BIO,8101,CONCEPCION,10,ATROPELLO,10,ATROPELLO,1,URBANA,11,CRUCE CON SEMAFORO FUNCIONANDO,1,IMPRUDENCIA DEL CONDUCTOR,31,NO RESPETAR DERECHO PREFERENTE DE PASO A PEATON,0,RENGO,0,FREIRE,FREIRE - RENGO,0, , , , ,3,0,1,UNIDIRECCIONAL,1,CONCRETO,1,BUENO,1,SECO,1,DESPEJADO,0,0,0,1,1
-8132231.71100807,-4414929.61055802,127,8571,1336031,-73.0530804,-36.8263488,95,CONCEPCION,1,8321,2021,1336031,REGION BIO BIO,8101,CONCEPCION,FREIRE,RENGO,0,"FREIRE & RENGO, CONCEPCION",CHILE,GEOMETRIC_CENTER,11684,2021,1336031,1,2021/03/02 00:00:00+00,1899/12/30 00:00:00+00,8,REGION BIO BIO,8101,CONCEPCION,10,ATROPELLO,10,ATROPELLO,1,URBANA,11,CRUCE CON SEMAFORO FUNCIONANDO,1,IMPRUDENCIA DEL CONDUCTOR,31,NO RESPETAR DERECHO PREFERENTE DE PASO A PEATON,0,FREIRE,0,RENGO,FREIRE - RENGO,0, , , , ,2,0,1,UNIDIRECCIONAL,1,CONCRETO,1,BUENO,1,SECO,1,DESPEJADO,0,0,0,1,1
-8132231.71100807,-4414929.61055802,128,8572,1344772,-73.0530804,-36.8263488,95,CONCEPCION,1,14717,2021,1344772,REGION BIO BIO,8101,CONCEPCION,FREIRE,RENGO,0,"FREIRE & RENGO, CONCEPCION",CHILE,GEOMETRIC_CENTER,20286,2021,1344772,1,2021/04/20 00:00:00+00,1899/12/30 00:00:00+00,8,REGION BIO BIO,8101,CONCEPCION,10,ATROPELLO,10,ATROPELLO,1,URBANA,11,CRUCE CON SEMAFORO FUNCIONANDO,1,IMPRUDENCIA DEL CONDUCTOR,31,NO RESPETAR DERECHO PREFERENTE DE PASO A PEATON,0,FREIRE,0,RENGO,FREIRE - RENGO,0, , , , ,3,0,1,UNIDIRECCIONAL,1,CONCRETO,1,BUENO,3,MOJADO,2,NUBLADO,0,0,0,1,1