X,Y,FID,FID_1,LABELID,POINT_X,POINT_Y,FID_2,COMUNAREAL,VAL_COM,OBJECTID,A_O,IDACCIDENT,REGION,COD_COMUN,COMUNA,CALLE_UNO,CALLE_DOS,NUMERO,DIR_GEOCOD,PAIS,TIPO,OBJECTID_1,Año,Idaccide_1,Claseaccid,Fecha,Hora,Cód_Regi,Región,Cód_Comun,Comuna_1,Cód_Tipo_,Tipo_Accid,Cód_Tipo1,Tipo__CONA,Cód_Zona,Zona,Cód_Ubica,Ubicación,Cód_Causa,Causa__CON,Cód_Cau_1,Causa,Cód_Calle,Calle_Un_1,Cód_Cal_1,Calle_Do_1,Intersecci,Número,Ruta,Cód_Ruta,Ubicaci_1,Km_Vía_Fe,Pistas_de_,Pistas_de1,Cód_Calza,Calzada,Cód__Tipo,Tipo_Calza,Cód_Estad,Estado_Cal,Cód_Condi,Condición,Cód_Est_1,Estado_Atm,Fallecidos,Graves,Menos_Grav,Leves,Ilesos
-8132231.71100807,-4414929.61055802,129,8573,1349337,-73.0530804,-36.8263488,95,CONCEPCION,1,15115,2021,1349337,REGION BIO BIO,8101,CONCEPCION,RENGO,FREIRE,0,"RENGO & FREIRE, CONCEPCION",CHILE,GEOMETRIC_CENTER,20830,2021,1349337,1,2021/04/23 00:00:00+00,1899/12/30 00:00:00+00,8,REGION BIO BIO,8101,CONCEPCION,53,CHOQUE POSTERIOR,40,CHOQUE,1,URBANA,11,CRUCE CON SEMAFORO FUNCIONANDO,1,IMPRUDENCIA DEL CONDUCTOR,28,CONDUCCION SIN MANTENER DISTANCIA RAZONABLE NI PRUDENTE,0,RENGO,0,FREIRE,FREIRE - RENGO,0, , , , ,3,0,1,UNIDIRECCIONAL,1,CONCRETO,1,BUENO,1,SECO,1,DESPEJADO,0,0,0,0,2
-8132231.71100807,-4414929.61055802,130,8574,1352880,-73.0530804,-36.8263488,95,CONCEPCION,1,20205,2021,1352880,REGION BIO BIO,8101,CONCEPCION,RENGO,FREIRE,0,"RENGO & FREIRE, CONCEPCION",CHILE,GEOMETRIC_CENTER,27836,2021,1352880,1,2021/05/28 00:00:00+00,1899/12/30 00:00:00+00,8,REGION BIO BIO,8101,CONCEPCION,32,COLISION LATERAL,30,COLISION,1,URBANA,11,CRUCE CON SEMAFORO FUNCIONANDO,1,IMPRUDENCIA DEL CONDUCTOR,27,CONDUCCION NO ATENTO CONDICIONES TRANSITO MOMENTO,0,RENGO,0,FREIRE,FREIRE - RENGO,0, , , , ,3,0,1,UNIDIRECCIONAL,1,CONCRETO,1,BUENO,3,MOJADO,3,LLUVIA,0,0,0,0,2
-8132231.71100807,-4414929.61055802,131,8575,1362036,-73.0530804,-36.8263488,95,CONCEPCION,1,26741,2021,1362036,REGION BIO BIO,8101,CONCEPCION,RENGO,FREIRE,0,"RENGO & FREIRE, CONCEPCION",CHILE,GEOMETRIC_CENTER,36872,2021,1362036,1,2021/07/08 00:00:00+00,1899/12/30 00:00:00+00,8,REGION BIO BIO,8101,CONCEPCION,30,COLISION,30,COLISION,1,URBANA,11,CRUCE CON SEMAFORO FUNCIONANDO,1,IMPRUDENCIA DEL CONDUCTOR,27,CONDUCCION NO ATENTO CONDICIONES TRANSITO MOMENTO,0,RENGO,0,FREIRE,FREIRE - RENGO,0, , , , ,2,0,1,UNIDIRECCIONAL,1,CONCRETO,1,BUENO,3,MOJADO,3,LLUVIA,0,0,0,0,2
-8132231.71100807,-4414929.61055802,132,8576,1403518,-73.0530804,-36.8263488,95,CONCEPCION,1,54416,2021,1403518,REGION BIO BIO,8101,CONCEPCION,FREIRE,RENGO,0,"FREIRE & RENGO, CONCEPCION",CHILE,GEOMETRIC_CENTER,73957,2021,1403518,1,2021/12/05 00:00:00+00,1899/12/30 00:00:00+00,8,REGION BIO BIO,8101,CONCEPCION,32,COLISION LATERAL,30,COLISION,1,URBANA,11,CRUCE CON SEMAFORO FUNCIONANDO,1,IMPRUDENCIA DEL CONDUCTOR,29,CONDUCCION CAMBIAR SORPRESIVAMENTE PISTA CIRCULACION,0,FREIRE,0,RENGO,FREIRE - RENGO,0, , , , ,2,0,1,UNIDIRECCIONAL,1,CONCRETO,1,BUENO,1,SECO,1,DESPEJADO,0,0,0,1,1
-8132231.71100807,-4414929.61055802,133,8577,1406055,-73.0530804,-36.8263488,95,CONCEPCION,1,56944,2021,1406055,REGION BIO BIO,8101,CONCEPCION,FREIRE,RENGO,0,"FREIRE & RENGO, CONCEPCION",CHILE,GEOMETRIC_CENTER,77356,2021,1406055,1,2021/12/18 00:00:00+00,1899/12/30 00:00:00+00,8,REGION BIO BIO,8101,CONCEPCION,10,ATROPELLO,10,ATROPELLO,1,URBANA,11,CRUCE CON SEMAFORO FUNCIONANDO,1,IMPRUDENCIA DEL CONDUCTOR,31,NO RESPETAR DERECHO PREFERENTE DE PASO A PEATON,0,FREIRE,0,RENGO,FREIRE - RENGO,0, , , , ,2,0,1,UNIDIRECCIONAL,1,CONCRETO,1,BUENO,1,SECO,1,DESPEJADO,0,0,0,1,1
-8131528.41672914,-4414924.81263974,134,8578,1328825,-73.0467626,-36.8263143,95,CONCEPCION,0,3974,2021,1328825,REGION BIO BIO,8112,HUALPEN,O'HIGGINS,AUTOPISTA CONCEPCION TALCAHUANO,0,"O'HIGGINS & AUTOPISTA CONCEPCION TALCAHUANO, HUALPEN",CHILE,GEOMETRIC_CENTER,5518,2021,1328825,1,2021/01/29 00:00:00+00,1899/12/30 00:00:00+00,8,REGION BIO BIO,8112,HUALPEN,70,VOLCADURA,70,VOLCADURA,1,URBANA,21,ENLACE A NIVEL,9,PERDIDA CONTROL VEHICULO,95,PERDIDA CONTROL VEHICULO,0,O'HIGGINS,0,AUTOPISTA CONCEPCION TALCAHUANO,AUTOPISTA CONCEPCION TALCAHUANO - O'HIGGINS,0, , , , ,2,2,3,BIDIRECCIONAL CON BANDEJON,1,CONCRETO,1,BUENO,3,MOJADO,3,LLUVIA,0,0,0,1,0
-8131528.41672914,-4414924.81263974,135,8579,1397217,-73.0467626,-36.8263143,95,CONCEPCION,0,51789,2021,1397217,REGION BIO BIO,8112,HUALPEN,O'HIGGINS,AUTOPISTA CONCEPCION TALCAHUANO,0,"O'HIGGINS & AUTOPISTA CONCEPCION TALCAHUANO, HUALPEN",CHILE,GEOMETRIC_CENTER,70432,2021,1397217,1,2021/11/21 00:00:00+00,1899/12/30 00:00:00+00,8,REGION BIO BIO,8112,HUALPEN,30,COLISION,30,COLISION,1,URBANA,21,ENLACE A NIVEL,1,IMPRUDENCIA DEL CONDUCTOR,23,CONDUCCION CONTRA SENTIDO DEL TRANSITO,0,O'HIGGINS,0,AUTOPISTA CONCEPCION TALCAHUANO,AUTOPISTA CONCEPCION TALCAHUANO - O'HIGGINS,0, , , , ,2,2,2,BIDIRECCIONAL,1,CONCRETO,1,BUENO,1,SECO,1,DESPEJADO,0,0,0,1,1
-8131523.99734536,-4414922.15640186,136,8580,1325044,-73.0467229,-36.8262952,95,CONCEPCION,1,822,2021,1325044,REGION BIO BIO,8101,CONCEPCION,O'HIGGINS,CASTELLON,0,"O'HIGGINS & CASTELLON, CONCEPCION",CHILE,GEOMETRIC_CENTER,1130,2021,1325044,1,2021/01/06 00:00:00+00,1899/12/30 00:00:00+00,8,REGION BIO BIO,8101,CONCEPCION,34,COLISION PERPENDICULAR,30,COLISION,1,URBANA,11,CRUCE CON SEMAFORO FUNCIONANDO,1,IMPRUDENCIA DEL CONDUCTOR,27,CONDUCCION NO ATENTO CONDICIONES TRANSITO MOMENTO,0,O'HIGGINS,0,CASTELLON,CASTELLON - O'HIGGINS,0, , , , ,4,0,1,UNIDIRECCIONAL,1,CONCRETO,1,BUENO,1,SECO,1,DESPEJADO,0,0,0,0,2
-8131523.99734536,-4414922.15640186,137,8581,1344771,-73.0467229,-36.8262952,95,CONCEPCION,1,14716,2021,1344771,REGION BIO BIO,8101,CONCEPCION,CASTELLON,O'HIGGINS,0,"CASTELLON & O'HIGGINS, CONCEPCION",CHILE,GEOMETRIC_CENTER,20285,2021,1344771,1,2021/04/20 00:00:00+00,1899/12/30 00:00:00+00,8,REGION BIO BIO,8101,CONCEPCION,32,COLISION LATERAL,30,COLISION,1,URBANA,1,TRAMO DE VIA RECTA,1,IMPRUDENCIA DEL CONDUCTOR,27,CONDUCCION NO ATENTO CONDICIONES TRANSITO MOMENTO,0,CASTELLON,0,O'HIGGINS,CASTELLON - O'HIGGINS,0, , , , ,2,0,1,UNIDIRECCIONAL,1,CONCRETO,1,BUENO,3,MOJADO,3,LLUVIA,0,0,0,0,2
-8131523.99734536,-4414922.15640186,138,8582,1366161,-73.0467229,-36.8262952,95,CONCEPCION,1,28492,2021,1366161,REGION BIO BIO,8101,CONCEPCION,O'HIGGINS,CASTELLON,0,"O'HIGGINS & CASTELLON, CONCEPCION",CHILE,GEOMETRIC_CENTER,39367,2021,1366161,1,2021/07/18 00:00:00+00,1899/12/30 00:00:00+00,8,REGION BIO BIO,8101,CONCEPCION,20,CAIDA,20,CAIDA,1,URBANA,11,CRUCE CON SEMAFORO FUNCIONANDO,1,IMPRUDENCIA DEL CONDUCTOR,28,CONDUCCION SIN MANTENER DISTANCIA RAZONABLE NI PRUDENTE,0,O'HIGGINS,0,CASTELLON,CASTELLON - O'HIGGINS,0, , , , ,3,0,1,UNIDIRECCIONAL,1,CONCRETO,1,BUENO,1,SECO,1,DESPEJADO,0,0,0,1,1
-8131523.99734536,-4414922.15640186,139,8583,1375810,-73.0467229,-36.8262952,95,CONCEPCION,1,35622,2021,1375810,REGION BIO BIO,8101,CONCEPCION,CASTELLON,O'HIGGINS,0,"CASTELLON & O'HIGGINS, CONCEPCION",CHILE,GEOMETRIC_CENTER,49041,2021,1375810,1,2021/08/27 00:00:00+00,1899/12/30 00:00:00+00,8,REGION BIO BIO,8101,CONCEPCION,53,CHOQUE POSTERIOR,40,CHOQUE,1,URBANA,11,CRUCE CON SEMAFORO FUNCIONANDO,1,IMPRUDENCIA DEL CONDUCTOR,28,CONDUCCION SIN MANTENER DISTANCIA RAZONABLE NI PRUDENTE,0,CASTELLON,0,O'HIGGINS,CASTELLON - O'HIGGINS,0, , , , ,2,0,1,UNIDIRECCIONAL,1,CONCRETO,1,BUENO,3,MOJADO,3,LLUVIA,0,0,0,0,2
-8131523.99734536,-4414922.15640186,140,8584,1377360,-73.0467229,-36.8262952,95,CONCEPCION,1,37276,2021,1377360,REGION BIO BIO,8101,CONCEPCION,O'HIGGINS,CASTELLON,0,"O'HIGGINS & CASTELLON, CONCEPCION",CHILE,GEOMETRIC_CENTER,51258,2021,1377360,1,2021/09/05 00:00:00+00,1899/12/30 00:00:00+00,8,REGION BIO BIO,8101,CONCEPCION,34,COLISION PERPENDICULAR,30,COLISION,1,URBANA,11,CRUCE CON SEMAFORO FUNCIONANDO,10,DESOBEDIENCIA A SEÑALIZACION,62,SEÑALIZACION DESOBEDECER LUZ ROJA DE SEMAFORO,0,O'HIGGINS,0,CASTELLON,CASTELLON - O'HIGGINS,0, , , , ,2,0,1,UNIDIRECCIONAL,1,CONCRETO,1,BUENO,1,SECO,2,NUBLADO,0,0,0,1,1
-8131523.99734536,-4414922.15640186,141,8585,1379880,-73.0467229,-36.8262952,95,CONCEPCION,1,39190,2021,1379880,REGION BIO BIO,8101,CONCEPCION,O'HIGGINS,CASTELLON,0,"O'HIGGINS & CASTELLON, CONCEPCION",CHILE,GEOMETRIC_CENTER,53818,2021,1379880,1,2021/09/16 00:00:00+00,1899/12/30 00:00:00+00,8,REGION BIO BIO,8101,CONCEPCION,30,COLISION,30,COLISION,1,URBANA,11,CRUCE CON SEMAFORO FUNCIONANDO,1,IMPRUDENCIA DEL CONDUCTOR,32,NO RESPETAR DERECHO PREFERENTE DE PASO A VEHICULO,0,O'HIGGINS,0,CASTELLON,CASTELLON - O'HIGGINS,0, , , , ,3,0,1,UNIDIRECCIONAL,1,CONCRETO,1,BUENO,1,SECO,1,DESPEJADO,0,0,0,1,1
-8131523.99734536,-4414922.15640186,142,8586,1383682,-73.0467229,-36.8262952,95,CONCEPCION,1,42073,2021,1383682,REGION BIO BIO,8101,CONCEPCION,O'HIGGINS,CASTELLON,0,"O'HIGGINS & CASTELLON, CONCEPCION",CHILE,GEOMETRIC_CENTER,57624,2021,1383682,1,2021/10/02 00:00:00+00,1899/12/30 00:00:00+00,8,REGION BIO BIO,8101,CONCEPCION,30,COLISION,30,COLISION,1,URBANA,11,CRUCE CON SEMAFORO FUNCIONANDO,1,IMPRUDENCIA DEL CONDUCTOR,23,CONDUCCION CONTRA SENTIDO DEL TRANSITO,0,O'HIGGINS,0,CASTELLON,CASTELLON - O'HIGGINS,0, , , , ,4,0,1,UNIDIRECCIONAL,1,CONCRETO,1,BUENO,1,SECO,1,DESPEJADO,0,0,0,0,3
-8131468.17062072,-4414909.62619963,143,8587,1362017,-73.0462214,-36.8262051,95,CONCEPCION,1,26368,2021,1362017,REGION BIO BIO,8101,CONCEPCION,CALETERA JOSE MIGUEL GARCIA,ALONSO DE RIBERA,0,"CALETERA JOSE MIGUEL GARCIA & ALONSO DE RIBERA, CONCEPCION",CHILE,GEOMETRIC_CENTER,36373,2021,1362017,1,2021/07/06 00:00:00+00,1899/12/30 00:00:00+00,8,REGION BIO BIO,8101,CONCEPCION,53,CHOQUE POSTERIOR,40,CHOQUE,1,URBANA,1,TRAMO DE VIA RECTA,1,IMPRUDENCIA DEL CONDUCTOR,28,CONDUCCION SIN MANTENER DISTANCIA RAZONABLE NI PRUDENTE,0,CALETERA JOSE MIGUEL GARCIA,0,ALONSO DE RIBERA,ALONSO DE RIBERA - CALETERA JOSE MIGUEL GARCIA,0, , , , ,2,2,3,BIDIRECCIONAL CON BANDEJON,1,CONCRETO,1,BUENO,1,SECO,1,DESPEJADO,0,0,0,0,2
-8131326.78373547,-4414904.32763909,144,8588,1399239,-73.0449513,-36.826167,95,CONCEPCION,1,51217,2021,1399239,REGION BIO BIO,8101,CONCEPCION,TUCAPEL, ,364,"TUCAPEL 364, CONCEPCION",CHILE,RANGE_INTERPOLATED,69687,2021,1399239,1,2021/11/19 00:00:00+00,1899/12/30 00:00:00+00,8,REGION BIO BIO,8101,CONCEPCION,32,COLISION LATERAL,30,COLISION,1,URBANA,1,TRAMO DE VIA RECTA,1,IMPRUDENCIA DEL CONDUCTOR,27,CONDUCCION NO ATENTO CONDICIONES TRANSITO MOMENTO,0,TUCAPEL,0, ,- TUCAPEL,364, , , , ,3,0,1,UNIDIRECCIONAL,1,CONCRETO,1,BUENO,1,SECO,1,DESPEJADO,0,0,0,0,2
-8134259.09497025,-4414897.34633762,145,8589,1379943,-73.0712927,-36.8261168,95,CONCEPCION,1,39090,2021,1379943,REGION BIO BIO,8101,CONCEPCION,PASAJE UNO,PASAJE DOS,0,"PASAJE UNO & PASAJE DOS, CONCEPCION",CHILE,GEOMETRIC_CENTER,53676,2021,1379943,1,2021/09/15 00:00:00+00,1899/12/30 00:00:00+00,8,REGION BIO BIO,8101,CONCEPCION,50,CHOQUE,40,CHOQUE,1,URBANA,1,TRAMO DE VIA RECTA,9,PERDIDA CONTROL VEHICULO,95,PERDIDA CONTROL VEHICULO,0,PASAJE UNO,0,PASAJE DOS,PASAJE DOS - PASAJE UNO,0, , , , ,1,1,2,BIDIRECCIONAL,1,CONCRETO,1,BUENO,1,SECO,1,DESPEJADO,0,0,0,0,1
-8131138.74285162,-4414894.16164186,146,8590,1372783,-73.0432621,-36.8260939,95,CONCEPCION,1,33425,2021,1372783,REGION BIO BIO,8101,CONCEPCION,DIAGONAL PEDRO AGUIRRE CERDA,SAN MARTIN,0,"DIAGONAL PEDRO AGUIRRE CERDA & SAN MARTIN, CONCEPCION",CHILE,GEOMETRIC_CENTER,46078,2021,1372783,1,2021/08/15 00:00:00+00,1899/12/30 00:00:00+00,8,REGION BIO BIO,8101,CONCEPCION,34,COLISION PERPENDICULAR,30,COLISION,1,URBANA,15,CRUCE CON SEÑAL CEDA EL PASO,10,DESOBEDIENCIA A SEÑALIZACION,64,SEÑALIZACION DESOBEDECER SEÑAL CEDA EL PASO,0,DIAGONAL PEDRO AGUIRRE CERDA,0,SAN MARTIN,DIAGONAL PEDRO AGUIRRE CERDA - SAN MARTIN,0, , , , ,2,0,1,UNIDIRECCIONAL,1,CONCRETO,1,BUENO,1,SECO,2,NUBLADO,0,0,0,1,2
-8131138.74285162,-4414894.16164186,147,8591,1382418,-73.0432621,-36.8260939,95,CONCEPCION,1,40947,2021,1382418,REGION BIO BIO,8101,CONCEPCION,DIAGONAL PEDRO AGUIRRE CERDA,SAN MARTIN,0,"DIAGONAL PEDRO AGUIRRE CERDA & SAN MARTIN, CONCEPCION",CHILE,GEOMETRIC_CENTER,56176,2021,1382418,1,2021/09/26 00:00:00+00,1899/12/30 00:00:00+00,8,REGION BIO BIO,8101,CONCEPCION,34,COLISION PERPENDICULAR,30,COLISION,1,URBANA,14,CRUCE CON SEÑAL PARE,10,DESOBEDIENCIA A SEÑALIZACION,64,SEÑALIZACION DESOBEDECER SEÑAL CEDA EL PASO,0,DIAGONAL PEDRO AGUIRRE CERDA,0,SAN MARTIN,DIAGONAL PEDRO AGUIRRE CERDA - SAN MARTIN,0, , , , ,2,0,1,UNIDIRECCIONAL,1,CONCRETO,1,BUENO,1,SECO,1,DESPEJADO,0,0,0,0,2
-8131138.74285162,-4414894.16164186,148,8592,1393077,-73.0432621,-36.8260939,95,CONCEPCION,1,48217,2021,1393077,REGION BIO BIO,8101,CONCEPCION,SAN MARTIN,DIGONAL PEDRO AGUIRRE CERDA,0,"SAN MARTIN & DIGONAL PEDRO AGUIRRE CERDA, CONCEPCION",CHILE,GEOMETRIC_CENTER,65772,2021,1393077,1,2021/11/04 00:00:00+00,1899/12/30 00:00:00+00,8,REGION BIO BIO,8101,CONCEPCION,30,COLISION,30,COLISION,1,URBANA,11,CRUCE CON SEMAFORO FUNCIONANDO,1,IMPRUDENCIA DEL CONDUCTOR,93,CONDUCIR VEHICULO EN RETROCESO,0,SAN MARTIN,0,DIGONAL PEDRO AGUIRRE CERDA,DIGONAL PEDRO AGUIRRE CERDA - SAN MARTIN,0, , , , ,2,0,1,UNIDIRECCIONAL,1,CONCRETO,1,BUENO,1,SECO,1,DESPEJADO,0,0,0,0,2
-8132234.4160717,-4414893.9808513,149,8593,1406906,-73.0531047,-36.8260926,95,CONCEPCION,1,58288,2021,1406906,REGION BIO BIO,8101,CONCEPCION,RENGO, ,618,"RENGO 618, CONCEPCION",CHILE,RANGE_INTERPOLATED,79146,2021,1406906,1,2021/12/24 00:00:00+00,1899/12/30 00:00:00+00,8,REGION BIO BIO,8101,CONCEPCION,53,CHOQUE POSTERIOR,40,CHOQUE,1,URBANA,1,TRAMO DE VIA RECTA,1,IMPRUDENCIA DEL CONDUCTOR,27,CONDUCCION NO ATENTO CONDICIONES TRANSITO MOMENTO,0,RENGO,0, ,- RENGO,618, , , , ,3,0,1,UNIDIRECCIONAL,1,CONCRETO,1,BUENO,1,SECO,1,DESPEJADO,0,0,0,0,2
-8131404.37342055,-4414885.44197757,150,8594,1366075,-73.0456483,-36.8260312,95,CONCEPCION,1,27951,2021,1366075,REGION BIO BIO,8101,CONCEPCION,O'HIGGINS, ,980,"O'HIGGINS 980, CONCEPCION",CHILE,RANGE_INTERPOLATED,38615,2021,1366075,1,2021/07/15 00:00:00+00,1899/12/30 00:00:00+00,8,REGION BIO BIO,8101,CONCEPCION,32,COLISION LATERAL,30,COLISION,1,URBANA,1,TRAMO DE VIA RECTA,1,IMPRUDENCIA DEL CONDUCTOR,29,CONDUCCION CAMBIAR SORPRESIVAMENTE PISTA CIRCULACION,0,O'HIGGINS,0, ,- O'HIGGINS,980, , , , ,4,0,1,UNIDIRECCIONAL,1,CONCRETO,1,BUENO,1,SECO,2,NUBLADO,0,0,0,0,2
-8132273.50034492,-4414878.14082874,151,8595,1375879,-73.0534558,-36.8259787,95,CONCEPCION,1,36271,2021,1375879,REGION BIO BIO,8101,CONCEPCION,RENGO, ,639,"RENGO 639, CONCEPCION",CHILE,RANGE_INTERPOLATED,49912,2021,1375879,1,2021/08/31 00:00:00+00,1899/12/30 00:00:00+00,8,REGION BIO BIO,8101,CONCEPCION,30,COLISION,30,COLISION,1,URBANA,1,TRAMO DE VIA RECTA,1,IMPRUDENCIA DEL CONDUCTOR,29,CONDUCCION CAMBIAR SORPRESIVAMENTE PISTA CIRCULACION,0,RENGO,0, ,- RENGO,639, , , , ,3,0,1,UNIDIRECCIONAL,1,CONCRETO,1,BUENO,1,SECO,1,DESPEJADO,0,0,0,0,2
-8132792.62765828,-4414877.26469122,152,8596,1348974,-73.0581192,-36.8259724,95,CONCEPCION,1,17586,2021,1348974,REGION BIO BIO,8101,CONCEPCION,LOS CARRERA, ,200,"LOS CARRERA 200, CONCEPCION",CHILE,RANGE_INTERPOLATED,24222,2021,1348974,1,2021/05/11 00:00:00+00,1899/12/30 00:00:00+00,8,REGION BIO BIO,8101,CONCEPCION,33,COLISION POR ALCANCE,30,COLISION,1,URBANA,1,TRAMO DE VIA RECTA,1,IMPRUDENCIA DEL CONDUCTOR,27,CONDUCCION NO ATENTO CONDICIONES TRANSITO MOMENTO,0,LOS CARRERA,0, ,- LOS CARRERA,200, , , , ,2,2,2,BIDIRECCIONAL,2,ASFALTO,1,BUENO,1,SECO,1,DESPEJADO,0,0,0,0,1
-8133161.76308975,-4414874.90051097,153,8597,1334114,-73.0614352,-36.8259554,95,CONCEPCION,1,7365,2021,1334114,REGION BIO BIO,8101,CONCEPCION,LAS HERAS,PRAT,0,"LAS HERAS & PRAT, CONCEPCION",CHILE,GEOMETRIC_CENTER,10356,2021,1334114,1,2021/02/23 00:00:00+00,1899/12/30 00:00:00+00,8,REGION BIO BIO,8101,CONCEPCION,32,COLISION LATERAL,30,COLISION,1,URBANA,11,CRUCE CON SEMAFORO FUNCIONANDO,1,IMPRUDENCIA DEL CONDUCTOR,14,ADELANTAMIENTO SOBREPASANDO LINEA CONTINUA,0,LAS HERAS,0,PRAT,LAS HERAS - PRAT,0, , , , ,2,0,1,UNIDIRECCIONAL,1,CONCRETO,1,BUENO,1,SECO,1,DESPEJADO,0,0,0,0,2
-8133161.76308975,-4414874.90051097,154,8598,1369595,-73.0614352,-36.8259554,95,CONCEPCION,1,29453,2021,1369595,REGION BIO BIO,8101,CONCEPCION,LAS HERAS,ARTURO PRAT,0,"LAS HERAS & ARTURO PRAT, CONCEPCION",CHILE,GEOMETRIC_CENTER,40720,2021,1369595,1,2021/07/24 00:00:00+00,1899/12/30 00:00:00+00,8,REGION BIO BIO,8101,CONCEPCION,30,COLISION,30,COLISION,1,URBANA,11,CRUCE CON SEMAFORO FUNCIONANDO,13,CAUSAS NO DETERMINADAS,97,CAUSAS NO DETERMINADAS,0,LAS HERAS,0,ARTURO PRAT,ARTURO PRAT - LAS HERAS,0, , , , ,3,3,2,BIDIRECCIONAL,1,CONCRETO,1,BUENO,1,SECO,1,DESPEJADO,0,1,0,0,1
-8133161.76308975,-4414874.90051097,155,8599,1369914,-73.0614352,-36.8259554,95,CONCEPCION,1,30655,2021,1369914,REGION BIO BIO,8101,CONCEPCION,LAS HERAS,ARTURO PRAT,0,"LAS HERAS & ARTURO PRAT, CONCEPCION",CHILE,GEOMETRIC_CENTER,42390,2021,1369914,1,2021/07/31 00:00:00+00,1899/12/30 00:00:00+00,8,REGION BIO BIO,8101,CONCEPCION,30,COLISION,30,COLISION,1,URBANA,11,CRUCE CON SEMAFORO FUNCIONANDO,1,IMPRUDENCIA DEL CONDUCTOR,27,CONDUCCION NO ATENTO CONDICIONES TRANSITO MOMENTO,0,LAS HERAS,0,ARTURO PRAT,ARTURO PRAT - LAS HERAS,0, , , , ,2,0,1,UNIDIRECCIONAL,1,CONCRETO,1,BUENO,1,SECO,1,DESPEJADO,0,0,0,0,2
-8133161.76308975,-4414874.90051097,156,8600,1370013,-73.0614352,-36.8259554,95,CONCEPCION,1,30784,2021,1370013,REGION BIO BIO,8101,CONCEPCION,LAS HERAS,ARTURO PRAT,0,"LAS HERAS & ARTURO PRAT, CONCEPCION",CHILE,GEOMETRIC_CENTER,42563,2021,1370013,1,2021/08/01 00:00:00+00,1899/12/30 00:00:00+00,8,REGION BIO BIO,8101,CONCEPCION,50,CHOQUE,40,CHOQUE,1,URBANA,11,CRUCE CON SEMAFORO FUNCIONANDO,14,OTRAS CAUSAS,98,OTRAS CAUSAS,0,LAS HERAS,0,ARTURO PRAT,ARTURO PRAT - LAS HERAS,0, , , , ,3,3,2,BIDIRECCIONAL,1,CONCRETO,1,BUENO,1,SECO,1,DESPEJADO,0,0,0,0,2
-8133161.76308975,-4414874.90051097,157,8601,1369994,-73.0614352,-36.8259554,95,CONCEPCION,1,30986,2021,1369994,REGION BIO BIO,8101,CONCEPCION,LAS HERAS,ARTURO PRAT,0,"LAS HERAS & ARTURO PRAT, CONCEPCION",CHILE,GEOMETRIC_CENTER,42839,2021,1369994,1,2021/08/02 00:00:00+00,1899/12/30 00:00:00+00,8,REGION BIO BIO,8101,CONCEPCION,50,CHOQUE,40,CHOQUE,1,URBANA,1,TRAMO DE VIA RECTA,14,OTRAS CAUSAS,98,OTRAS CAUSAS,0,LAS HERAS,0,ARTURO PRAT,ARTURO PRAT - LAS HERAS,0, , , , ,2,0,1,UNIDIRECCIONAL,1,CONCRETO,1,BUENO,1,SECO,1,DESPEJADO,0,0,0,0,2
-8133161.76308975,-4414874.90051097,158,8602,1379442,-73.0614352,-36.8259554,95,CONCEPCION,1,38664,2021,1379442,REGION BIO BIO,8101,CONCEPCION,ARTURO PRAT,LAS HERAS,0,"ARTURO PRAT & LAS HERAS, CONCEPCION",CHILE,GEOMETRIC_CENTER,53126,2021,1379442,1,2021/09/13 00:00:00+00,1899/12/30 00:00:00+00,8,REGION BIO BIO,8101,CONCEPCION,34,COLISION PERPENDICULAR,30,COLISION,1,URBANA,11,CRUCE CON SEMAFORO FUNCIONANDO,10,DESOBEDIENCIA A SEÑALIZACION,62,SEÑALIZACION DESOBEDECER LUZ ROJA DE SEMAFORO,0,ARTURO PRAT,0,LAS HERAS,ARTURO PRAT - LAS HERAS,0, , , , ,3,0,1,UNIDIRECCIONAL,1,CONCRETO,1,BUENO,1,SECO,1,DESPEJADO,0,0,0,0,2
-8133161.76308975,-4414874.90051097,159,8603,1398861,-73.0614352,-36.8259554,95,CONCEPCION,1,49595,2021,1398861,REGION BIO BIO,8101,CONCEPCION,ARTURO PRAT,LAS HERAS,0,"ARTURO PRAT & LAS HERAS, CONCEPCION",CHILE,GEOMETRIC_CENTER,67567,2021,1398861,1,2021/11/11 00:00:00+00,1899/12/30 00:00:00+00,8,REGION BIO BIO,8101,CONCEPCION,30,COLISION,30,COLISION,1,URBANA,11,CRUCE CON SEMAFORO FUNCIONANDO,13,CAUSAS NO DETERMINADAS,97,CAUSAS NO DETERMINADAS,0,ARTURO PRAT,0,LAS HERAS,ARTURO PRAT - LAS HERAS,0, , , , ,2,0,1,UNIDIRECCIONAL,1,CONCRETO,1,BUENO,1,SECO,1,DESPEJADO,0,0,0,1,1