X,Y,FID,FID_1,LABELID,POINT_X,POINT_Y,FID_2,COMUNAREAL,VAL_COM,OBJECTID,A_O,IDACCIDENT,REGION,COD_COMUN,COMUNA,CALLE_UNO,CALLE_DOS,NUMERO,DIR_GEOCOD,PAIS,TIPO,OBJECTID_1,Año,Idaccide_1,Claseaccid,Fecha,Hora,Cód_Regi,Región,Cód_Comun,Comuna_1,Cód_Tipo_,Tipo_Accid,Cód_Tipo1,Tipo__CONA,Cód_Zona,Zona,Cód_Ubica,Ubicación,Cód_Causa,Causa__CON,Cód_Cau_1,Causa,Cód_Calle,Calle_Un_1,Cód_Cal_1,Calle_Do_1,Intersecci,Número,Ruta,Cód_Ruta,Ubicaci_1,Km_Vía_Fe,Pistas_de_,Pistas_de1,Cód_Calza,Calzada,Cód__Tipo,Tipo_Calza,Cód_Estad,Estado_Cal,Cód_Condi,Condición,Cód_Est_1,Estado_Atm,Fallecidos,Graves,Menos_Grav,Leves,Ilesos
-8133150.18586271,-4414873.99655983,160,8604,1369874,-73.0613312,-36.8259489,95,CONCEPCION,0,30518,2021,1369874,REGION BIO BIO,8103,CHIGUAYANTE,LAS HERAS,PRAT,0,"LAS HERAS & PRAT, CHIGUAYANTE",CHILE,GEOMETRIC_CENTER,42170,2021,1369874,1,2021/07/30 00:00:00+00,1899/12/30 00:00:00+00,8,REGION BIO BIO,8103,CHIGUAYANTE,10,ATROPELLO,10,ATROPELLO,1,URBANA,11,CRUCE CON SEMAFORO FUNCIONANDO,13,CAUSAS NO DETERMINADAS,97,CAUSAS NO DETERMINADAS,0,LAS HERAS,0,PRAT,LAS HERAS - PRAT,0, , , , ,2,0,1,UNIDIRECCIONAL,1,CONCRETO,1,BUENO,1,SECO,1,DESPEJADO,0,0,0,1,1
-8133150.18586271,-4414873.99655983,161,8605,1370215,-73.0613312,-36.8259489,95,CONCEPCION,0,32306,2021,1370215,REGION BIO BIO,8103,CHIGUAYANTE,ARTURO PRAT,LAS HERAS,0,"ARTURO PRAT & LAS HERAS, CHIGUAYANTE",CHILE,GEOMETRIC_CENTER,44582,2021,1370215,1,2021/08/09 00:00:00+00,1899/12/30 00:00:00+00,8,REGION BIO BIO,8103,CHIGUAYANTE,50,CHOQUE,40,CHOQUE,1,URBANA,1,TRAMO DE VIA RECTA,13,CAUSAS NO DETERMINADAS,97,CAUSAS NO DETERMINADAS,0,ARTURO PRAT,0,LAS HERAS,ARTURO PRAT - LAS HERAS,0, , , , ,2,0,1,UNIDIRECCIONAL,1,CONCRETO,1,BUENO,1,SECO,1,DESPEJADO,0,0,0,0,2
-8132867.54567559,-4414871.68800805,162,8606,1378922,-73.0587922,-36.8259323,95,CONCEPCION,1,36346,2021,1378922,REGION BIO BIO,8101,CONCEPCION,CARRERA, ,175,"CARRERA 175, CONCEPCION",CHILE,RANGE_INTERPOLATED,50027,2021,1378922,1,2021/09/01 00:00:00+00,1899/12/30 00:00:00+00,8,REGION BIO BIO,8101,CONCEPCION,32,COLISION LATERAL,30,COLISION,1,URBANA,1,TRAMO DE VIA RECTA,1,IMPRUDENCIA DEL CONDUCTOR,27,CONDUCCION NO ATENTO CONDICIONES TRANSITO MOMENTO,0,CARRERA,0, ,- CARRERA,175, , , , ,2,0,1,UNIDIRECCIONAL,2,ASFALTO,1,BUENO,1,SECO,1,DESPEJADO,0,0,0,0,1
-8131287.89983733,-4414870.53373235,163,8607,1399223,-73.044602,-36.825924,95,CONCEPCION,1,51275,2021,1399223,REGION BIO BIO,8101,CONCEPCION,PEDRO AGUIRRE CERDA, ,1055,"PEDRO AGUIRRE CERDA 1055, CONCEPCION",CHILE,RANGE_INTERPOLATED,69753,2021,1399223,1,2021/11/19 00:00:00+00,1899/12/30 00:00:00+00,8,REGION BIO BIO,8101,CONCEPCION,30,COLISION,30,COLISION,1,URBANA,1,TRAMO DE VIA RECTA,1,IMPRUDENCIA DEL CONDUCTOR,29,CONDUCCION CAMBIAR SORPRESIVAMENTE PISTA CIRCULACION,0,PEDRO AGUIRRE CERDA,0, ,- PEDRO AGUIRRE CERDA,1055, , , , ,3,3,3,BIDIRECCIONAL CON BANDEJON,1,CONCRETO,1,BUENO,1,SECO,1,DESPEJADO,0,0,0,0,1
-8133750.32036953,-4414869.69931625,164,8608,1337819,-73.0667223,-36.825918,95,CONCEPCION,1,10067,2021,1337819,REGION BIO BIO,8101,CONCEPCION,MANUEL RODRIGUEZ,PADRE HURTADO,0,"MANUEL RODRIGUEZ & PADRE HURTADO, CONCEPCION",CHILE,GEOMETRIC_CENTER,14003,2021,1337819,1,2021/03/12 00:00:00+00,1899/12/30 00:00:00+00,8,REGION BIO BIO,8101,CONCEPCION,32,COLISION LATERAL,30,COLISION,1,URBANA,1,TRAMO DE VIA RECTA,1,IMPRUDENCIA DEL CONDUCTOR,14,ADELANTAMIENTO SOBREPASANDO LINEA CONTINUA,0,MANUEL RODRIGUEZ,0,PADRE HURTADO,MANUEL RODRIGUEZ - PADRE HURTADO,0, , , , ,2,2,3,BIDIRECCIONAL CON BANDEJON,1,CONCRETO,1,BUENO,1,SECO,1,DESPEJADO,0,0,0,0,2
-8125389.21360359,-4414866.44509412,165,8609,1337841,-72.9916132,-36.8258946,95,CONCEPCION,1,10091,2021,1337841,REGION BIO BIO,8101,CONCEPCION,LOS MIMBRES, ,85,"LOS MIMBRES 85, CONCEPCION",CHILE,RANGE_INTERPOLATED,14034,2021,1337841,1,2021/03/12 00:00:00+00,1899/12/30 00:00:00+00,8,REGION BIO BIO,8101,CONCEPCION,50,CHOQUE,40,CHOQUE,1,URBANA,1,TRAMO DE VIA RECTA,1,IMPRUDENCIA DEL CONDUCTOR,27,CONDUCCION NO ATENTO CONDICIONES TRANSITO MOMENTO,0,LOS MIMBRES,0, ,- LOS MIMBRES,85, , , , ,1,1,2,BIDIRECCIONAL,1,CONCRETO,1,BUENO,1,SECO,1,DESPEJADO,0,0,0,0,3
-8132800.69832136,-4414861.93924973,166,8610,1340842,-73.0581917,-36.8258622,95,CONCEPCION,1,11789,2021,1340842,REGION BIO BIO,8101,CONCEPCION,LOS CARRERA,HIPOLITO SALAS,0,"LOS CARRERA & HIPOLITO SALAS, CONCEPCION",CHILE,GEOMETRIC_CENTER,16316,2021,1340842,1,2021/03/25 00:00:00+00,1899/12/30 00:00:00+00,8,REGION BIO BIO,8101,CONCEPCION,53,CHOQUE POSTERIOR,40,CHOQUE,1,URBANA,1,TRAMO DE VIA RECTA,1,IMPRUDENCIA DEL CONDUCTOR,27,CONDUCCION NO ATENTO CONDICIONES TRANSITO MOMENTO,0,LOS CARRERA,0,HIPOLITO SALAS,HIPOLITO SALAS - LOS CARRERA,0, , , , ,3,3,3,BIDIRECCIONAL CON BANDEJON,1,CONCRETO,1,BUENO,1,SECO,1,DESPEJADO,0,0,1,0,1
-8132800.69832136,-4414861.93924973,167,8611,1344716,-73.0581917,-36.8258622,95,CONCEPCION,1,14161,2021,1344716,REGION BIO BIO,8101,CONCEPCION,LOS CARRERA,HIPOLITO SALAS,0,"LOS CARRERA & HIPOLITO SALAS, CONCEPCION",CHILE,GEOMETRIC_CENTER,19547,2021,1344716,1,2021/04/16 00:00:00+00,1899/12/30 00:00:00+00,8,REGION BIO BIO,8101,CONCEPCION,53,CHOQUE POSTERIOR,40,CHOQUE,1,URBANA,11,CRUCE CON SEMAFORO FUNCIONANDO,1,IMPRUDENCIA DEL CONDUCTOR,28,CONDUCCION SIN MANTENER DISTANCIA RAZONABLE NI PRUDENTE,0,LOS CARRERA,0,HIPOLITO SALAS,HIPOLITO SALAS - LOS CARRERA,0, , , , ,3,3,3,BIDIRECCIONAL CON BANDEJON,1,CONCRETO,1,BUENO,1,SECO,1,DESPEJADO,0,0,0,0,2
-8132800.69832136,-4414861.93924973,168,8612,1385575,-73.0581917,-36.8258622,95,CONCEPCION,1,42817,2021,1385575,REGION BIO BIO,8101,CONCEPCION,LOS CARRERA,SALAS,0,"LOS CARRERA & SALAS, CONCEPCION",CHILE,GEOMETRIC_CENTER,58623,2021,1385575,1,2021/10/06 00:00:00+00,1899/12/30 00:00:00+00,8,REGION BIO BIO,8101,CONCEPCION,32,COLISION LATERAL,30,COLISION,1,URBANA,1,TRAMO DE VIA RECTA,1,IMPRUDENCIA DEL CONDUCTOR,29,CONDUCCION CAMBIAR SORPRESIVAMENTE PISTA CIRCULACION,0,LOS CARRERA,0,SALAS,LOS CARRERA - SALAS,0, , , , ,3,3,3,BIDIRECCIONAL CON BANDEJON,1,CONCRETO,1,BUENO,1,SECO,1,DESPEJADO,0,0,0,0,2
-8132800.69832136,-4414861.93924973,169,8613,1405327,-73.0581917,-36.8258622,95,CONCEPCION,1,55543,2021,1405327,REGION BIO BIO,8101,CONCEPCION,LOS CARRERA,SALAS,0,"LOS CARRERA & SALAS, CONCEPCION",CHILE,GEOMETRIC_CENTER,75470,2021,1405327,1,2021/12/11 00:00:00+00,1899/12/30 00:00:00+00,8,REGION BIO BIO,8101,CONCEPCION,32,COLISION LATERAL,30,COLISION,1,URBANA,11,CRUCE CON SEMAFORO FUNCIONANDO,1,IMPRUDENCIA DEL CONDUCTOR,28,CONDUCCION SIN MANTENER DISTANCIA RAZONABLE NI PRUDENTE,0,LOS CARRERA,0,SALAS,LOS CARRERA - SALAS,0, , , , ,3,3,3,BIDIRECCIONAL CON BANDEJON,1,CONCRETO,1,BUENO,1,SECO,2,NUBLADO,0,0,0,0,2
-8132095.67859033,-4414861.91143588,170,8614,1358534,-73.0518584,-36.825862,95,CONCEPCION,1,24371,2021,1358534,REGION BIO BIO,8101,CONCEPCION,CAUPOLICAN,FREIRE,0,"CAUPOLICAN & FREIRE, CONCEPCION",CHILE,GEOMETRIC_CENTER,33603,2021,1358534,1,2021/06/23 00:00:00+00,1899/12/30 00:00:00+00,8,REGION BIO BIO,8101,CONCEPCION,10,ATROPELLO,10,ATROPELLO,1,URBANA,11,CRUCE CON SEMAFORO FUNCIONANDO,1,IMPRUDENCIA DEL CONDUCTOR,31,NO RESPETAR DERECHO PREFERENTE DE PASO A PEATON,0,CAUPOLICAN,0,FREIRE,CAUPOLICAN - FREIRE,0, , , , ,2,0,1,UNIDIRECCIONAL,1,CONCRETO,1,BUENO,1,SECO,2,NUBLADO,0,0,0,0,3
-8132095.67859033,-4414861.91143588,171,8615,1362037,-73.0518584,-36.825862,95,CONCEPCION,1,26773,2021,1362037,REGION BIO BIO,8101,CONCEPCION,CAUPOLICAN,FREIRE,0,"CAUPOLICAN & FREIRE, CONCEPCION",CHILE,GEOMETRIC_CENTER,36912,2021,1362037,1,2021/07/08 00:00:00+00,1899/12/30 00:00:00+00,8,REGION BIO BIO,8101,CONCEPCION,10,ATROPELLO,10,ATROPELLO,1,URBANA,11,CRUCE CON SEMAFORO FUNCIONANDO,1,IMPRUDENCIA DEL CONDUCTOR,31,NO RESPETAR DERECHO PREFERENTE DE PASO A PEATON,0,CAUPOLICAN,0,FREIRE,CAUPOLICAN - FREIRE,0, , , , ,2,0,1,UNIDIRECCIONAL,1,CONCRETO,1,BUENO,3,MOJADO,3,LLUVIA,0,0,0,1,1
-8132095.67859033,-4414861.91143588,172,8616,1366636,-73.0518584,-36.825862,95,CONCEPCION,1,28872,2021,1366636,REGION BIO BIO,8101,CONCEPCION,CAUPOLICAN,FREIRE,0,"CAUPOLICAN & FREIRE, CONCEPCION",CHILE,GEOMETRIC_CENTER,39910,2021,1366636,1,2021/07/21 00:00:00+00,1899/12/30 00:00:00+00,8,REGION BIO BIO,8101,CONCEPCION,53,CHOQUE POSTERIOR,40,CHOQUE,1,URBANA,11,CRUCE CON SEMAFORO FUNCIONANDO,1,IMPRUDENCIA DEL CONDUCTOR,28,CONDUCCION SIN MANTENER DISTANCIA RAZONABLE NI PRUDENTE,0,CAUPOLICAN,0,FREIRE,CAUPOLICAN - FREIRE,0, , , , ,2,0,1,UNIDIRECCIONAL,1,CONCRETO,1,BUENO,1,SECO,1,DESPEJADO,0,0,0,0,2
-8132095.67859033,-4414861.91143588,173,8617,1378201,-73.0518584,-36.825862,95,CONCEPCION,1,37715,2021,1378201,REGION BIO BIO,8101,CONCEPCION,FREIRE,CAUPOLICAN,0,"FREIRE & CAUPOLICAN, CONCEPCION",CHILE,GEOMETRIC_CENTER,51838,2021,1378201,1,2021/09/08 00:00:00+00,1899/12/30 00:00:00+00,8,REGION BIO BIO,8101,CONCEPCION,32,COLISION LATERAL,30,COLISION,1,URBANA,11,CRUCE CON SEMAFORO FUNCIONANDO,1,IMPRUDENCIA DEL CONDUCTOR,27,CONDUCCION NO ATENTO CONDICIONES TRANSITO MOMENTO,0,FREIRE,0,CAUPOLICAN,CAUPOLICAN - FREIRE,0, , , , ,2,0,1,UNIDIRECCIONAL,1,CONCRETO,1,BUENO,1,SECO,1,DESPEJADO,0,0,0,0,2
-8132095.67859033,-4414861.91143588,174,8618,1401776,-73.0518584,-36.825862,95,CONCEPCION,1,53587,2021,1401776,REGION BIO BIO,8101,CONCEPCION,CAUPOLICAN,FREIRE,0,"CAUPOLICAN & FREIRE, CONCEPCION",CHILE,GEOMETRIC_CENTER,72827,2021,1401776,1,2021/12/01 00:00:00+00,1899/12/30 00:00:00+00,8,REGION BIO BIO,8101,CONCEPCION,10,ATROPELLO,10,ATROPELLO,1,URBANA,11,CRUCE CON SEMAFORO FUNCIONANDO,1,IMPRUDENCIA DEL CONDUCTOR,31,NO RESPETAR DERECHO PREFERENTE DE PASO A PEATON,0,CAUPOLICAN,0,FREIRE,CAUPOLICAN - FREIRE,0, , , , ,2,0,1,UNIDIRECCIONAL,1,CONCRETO,1,BUENO,1,SECO,1,DESPEJADO,0,0,0,1,1
-8132317.38248819,-4414860.24260511,175,8619,1363444,-73.05385,-36.82585,95,CONCEPCION,1,27932,2021,1363444,REGION BIO BIO,8101,CONCEPCION,RENGO, ,655,"RENGO 655, CONCEPCION",CHILE,RANGE_INTERPOLATED,38586,2021,1363444,1,2021/07/15 00:00:00+00,1899/12/30 00:00:00+00,8,REGION BIO BIO,8101,CONCEPCION,10,ATROPELLO,10,ATROPELLO,1,URBANA,1,TRAMO DE VIA RECTA,2,IMPRUDENCIA DEL PEATON,55,PEATON CRUZA CALZADA FUERA PASO PEATONES,0,RENGO,0, ,- RENGO,655, , , , ,3,0,1,UNIDIRECCIONAL,1,CONCRETO,1,BUENO,1,SECO,1,DESPEJADO,0,0,0,1,1
-8132440.22354628,-4414859.40818982,176,8620,1334633,-73.0549535,-36.825844,95,CONCEPCION,1,7301,2021,1334633,REGION BIO BIO,8101,CONCEPCION,LINCOYAN,MAIPU,0,"LINCOYAN & MAIPU, CONCEPCION",CHILE,GEOMETRIC_CENTER,10270,2021,1334633,1,2021/02/23 00:00:00+00,1899/12/30 00:00:00+00,8,REGION BIO BIO,8101,CONCEPCION,50,CHOQUE,40,CHOQUE,1,URBANA,1,TRAMO DE VIA RECTA,13,CAUSAS NO DETERMINADAS,97,CAUSAS NO DETERMINADAS,0,LINCOYAN,0,MAIPU,LINCOYAN - MAIPU,0, , , , ,2,0,1,UNIDIRECCIONAL,1,CONCRETO,1,BUENO,1,SECO,1,DESPEJADO,0,0,0,0,2
-8132440.22354628,-4414859.40818982,177,8621,1366792,-73.0549535,-36.825844,95,CONCEPCION,1,29944,2021,1366792,REGION BIO BIO,8101,CONCEPCION,LINCOYAN,MAIPU,0,"LINCOYAN & MAIPU, CONCEPCION",CHILE,GEOMETRIC_CENTER,41418,2021,1366792,1,2021/07/27 00:00:00+00,1899/12/30 00:00:00+00,8,REGION BIO BIO,8101,CONCEPCION,32,COLISION LATERAL,30,COLISION,1,URBANA,11,CRUCE CON SEMAFORO FUNCIONANDO,1,IMPRUDENCIA DEL CONDUCTOR,91,VIRAJES INDEBIDOS,0,LINCOYAN,0,MAIPU,LINCOYAN - MAIPU,0, , , , ,2,0,1,UNIDIRECCIONAL,1,CONCRETO,1,BUENO,1,SECO,1,DESPEJADO,0,0,0,0,2
-8130880.55955662,-4414857.65591794,178,8622,1375932,-73.0409428,-36.8258314,95,CONCEPCION,1,34715,2021,1375932,REGION BIO BIO,8101,CONCEPCION,ENRIQUE BRUNNER, ,1,"ENRIQUE BRUNNER 1, CONCEPCION",CHILE,RANGE_INTERPOLATED,47875,2021,1375932,1,2021/08/22 00:00:00+00,1899/12/30 00:00:00+00,8,REGION BIO BIO,8101,CONCEPCION,10,ATROPELLO,10,ATROPELLO,1,URBANA,1,TRAMO DE VIA RECTA,2,IMPRUDENCIA DEL PEATON,55,PEATON CRUZA CALZADA FUERA PASO PEATONES,0,ENRIQUE BRUNNER,0, ,- ENRIQUE BRUNNER,1, , , , ,1,1,2,BIDIRECCIONAL,1,CONCRETO,1,BUENO,1,SECO,1,DESPEJADO,0,0,0,1,1
-8131740.91450512,-4414854.65202395,179,8623,1329050,-73.0486715,-36.8258098,95,CONCEPCION,1,982,2021,1329050,REGION BIO BIO,8101,CONCEPCION,COLO COLO,BARROS ARANA,0,"COLO COLO & BARROS ARANA, CONCEPCION",CHILE,GEOMETRIC_CENTER,1337,2021,1329050,1,2021/01/07 00:00:00+00,1899/12/30 00:00:00+00,8,REGION BIO BIO,8101,CONCEPCION,30,COLISION,30,COLISION,1,URBANA,1,TRAMO DE VIA RECTA,1,IMPRUDENCIA DEL CONDUCTOR,27,CONDUCCION NO ATENTO CONDICIONES TRANSITO MOMENTO,0,COLO COLO,0,BARROS ARANA,BARROS ARANA - COLO COLO,0, , , , ,2,0,1,UNIDIRECCIONAL,1,CONCRETO,1,BUENO,1,SECO,1,DESPEJADO,0,0,0,0,2
-8131904.47623294,-4414852.84412519,180,8624,1379878,-73.0501408,-36.8257968,95,CONCEPCION,1,39257,2021,1379878,REGION BIO BIO,8101,CONCEPCION,ANIBAL PINTO, ,556,"ANIBAL PINTO 556, CONCEPCION",CHILE,RANGE_INTERPOLATED,53909,2021,1379878,1,2021/09/16 00:00:00+00,1899/12/30 00:00:00+00,8,REGION BIO BIO,8101,CONCEPCION,10,ATROPELLO,10,ATROPELLO,1,URBANA,11,CRUCE CON SEMAFORO FUNCIONANDO,1,IMPRUDENCIA DEL CONDUCTOR,31,NO RESPETAR DERECHO PREFERENTE DE PASO A PEATON,0,ANIBAL PINTO,0, ,- ANIBAL PINTO,556, , , , ,2,0,1,UNIDIRECCIONAL,1,CONCRETO,1,BUENO,1,SECO,1,DESPEJADO,0,0,0,1,1
-8132048.33441089,-4414850.17399836,181,8625,1359599,-73.0514331,-36.8257776,95,CONCEPCION,1,24686,2021,1359599,REGION BIO BIO,8101,CONCEPCION,FREIRE, ,624,"FREIRE 624, CONCEPCION",CHILE,RANGE_INTERPOLATED,34022,2021,1359599,1,2021/06/25 00:00:00+00,1899/12/30 00:00:00+00,8,REGION BIO BIO,8101,CONCEPCION,33,COLISION POR ALCANCE,30,COLISION,1,URBANA,1,TRAMO DE VIA RECTA,1,IMPRUDENCIA DEL CONDUCTOR,27,CONDUCCION NO ATENTO CONDICIONES TRANSITO MOMENTO,0,FREIRE,0, ,- FREIRE,624, , , , ,2,0,1,UNIDIRECCIONAL,1,CONCRETO,1,BUENO,1,SECO,1,DESPEJADO,0,0,0,0,2
-8131380.47312587,-4414850.14618455,182,8626,1326304,-73.0454336,-36.8257774,95,CONCEPCION,1,1839,2021,1326304,REGION BIO BIO,8101,CONCEPCION,TUCAPEL,O'HIGGINS,0,"TUCAPEL & O'HIGGINS, CONCEPCION",CHILE,GEOMETRIC_CENTER,2528,2021,1326304,1,2021/01/13 00:00:00+00,1899/12/30 00:00:00+00,8,REGION BIO BIO,8101,CONCEPCION,52,CHOQUE LATERAL,40,CHOQUE,1,URBANA,11,CRUCE CON SEMAFORO FUNCIONANDO,1,IMPRUDENCIA DEL CONDUCTOR,11,ADELANTAMIENTO SIN EL ESPACIO O TIEMPO SUFICIENTE,0,TUCAPEL,0,O'HIGGINS,O'HIGGINS - TUCAPEL,0, , , , ,2,0,1,UNIDIRECCIONAL,1,CONCRETO,1,BUENO,1,SECO,1,DESPEJADO,0,0,0,0,2
-8131380.47312587,-4414850.14618455,183,8627,1356450,-73.0454336,-36.8257774,95,CONCEPCION,1,22816,2021,1356450,REGION BIO BIO,8101,CONCEPCION,O'HIGGINS,TUCAPEL,0,"O'HIGGINS & TUCAPEL, CONCEPCION",CHILE,GEOMETRIC_CENTER,31437,2021,1356450,1,2021/06/13 00:00:00+00,1899/12/30 00:00:00+00,8,REGION BIO BIO,8101,CONCEPCION,32,COLISION LATERAL,30,COLISION,1,URBANA,11,CRUCE CON SEMAFORO FUNCIONANDO,1,IMPRUDENCIA DEL CONDUCTOR,28,CONDUCCION SIN MANTENER DISTANCIA RAZONABLE NI PRUDENTE,0,O'HIGGINS,0,TUCAPEL,O'HIGGINS - TUCAPEL,0, , , , ,2,0,1,UNIDIRECCIONAL,1,CONCRETO,1,BUENO,3,MOJADO,4,LLOVIZNA,0,0,0,0,2
-8131380.47312587,-4414850.14618455,184,8628,1362027,-73.0454336,-36.8257774,95,CONCEPCION,1,26132,2021,1362027,REGION BIO BIO,8101,CONCEPCION,TUCAPEL,O'HIGGINS,0,"TUCAPEL & O'HIGGINS, CONCEPCION",CHILE,GEOMETRIC_CENTER,36077,2021,1362027,1,2021/07/05 00:00:00+00,1899/12/30 00:00:00+00,8,REGION BIO BIO,8101,CONCEPCION,32,COLISION LATERAL,30,COLISION,1,URBANA,11,CRUCE CON SEMAFORO FUNCIONANDO,1,IMPRUDENCIA DEL CONDUCTOR,91,VIRAJES INDEBIDOS,0,TUCAPEL,0,O'HIGGINS,O'HIGGINS - TUCAPEL,0, , , , ,2,0,1,UNIDIRECCIONAL,1,CONCRETO,1,BUENO,1,SECO,2,NUBLADO,0,0,0,0,2
-8131380.47312587,-4414850.14618455,185,8629,1370108,-73.0454336,-36.8257774,95,CONCEPCION,1,31759,2021,1370108,REGION BIO BIO,8101,CONCEPCION,O'HIGGINS,TUCAPEL,0,"O'HIGGINS & TUCAPEL, CONCEPCION",CHILE,GEOMETRIC_CENTER,43825,2021,1370108,1,2021/08/06 00:00:00+00,1899/12/30 00:00:00+00,8,REGION BIO BIO,8101,CONCEPCION,32,COLISION LATERAL,30,COLISION,1,URBANA,1,TRAMO DE VIA RECTA,1,IMPRUDENCIA DEL CONDUCTOR,29,CONDUCCION CAMBIAR SORPRESIVAMENTE PISTA CIRCULACION,0,O'HIGGINS,0,TUCAPEL,O'HIGGINS - TUCAPEL,0, , , , ,2,0,1,UNIDIRECCIONAL,1,CONCRETO,1,BUENO,1,SECO,1,DESPEJADO,0,0,0,1,2
-8131380.47312587,-4414850.14618455,186,8630,1388988,-73.0454336,-36.8257774,95,CONCEPCION,1,45639,2021,1388988,REGION BIO BIO,8101,CONCEPCION,TUCAPEL,O'HIGGINS,0,"TUCAPEL & O'HIGGINS, CONCEPCION",CHILE,GEOMETRIC_CENTER,62367,2021,1388988,1,2021/10/21 00:00:00+00,1899/12/30 00:00:00+00,8,REGION BIO BIO,8101,CONCEPCION,10,ATROPELLO,10,ATROPELLO,1,URBANA,11,CRUCE CON SEMAFORO FUNCIONANDO,1,IMPRUDENCIA DEL CONDUCTOR,31,NO RESPETAR DERECHO PREFERENTE DE PASO A PEATON,0,TUCAPEL,0,O'HIGGINS,O'HIGGINS - TUCAPEL,0, , , , ,2,0,1,UNIDIRECCIONAL,1,CONCRETO,1,BUENO,1,SECO,1,DESPEJADO,0,1,0,0,1
-8131380.47312587,-4414850.14618455,187,8631,1406258,-73.0454336,-36.8257774,95,CONCEPCION,1,57750,2021,1406258,REGION BIO BIO,8101,CONCEPCION,O'HIGGINS,TUCAPEL,0,"O'HIGGINS & TUCAPEL, CONCEPCION",CHILE,GEOMETRIC_CENTER,78405,2021,1406258,1,2021/12/22 00:00:00+00,1899/12/30 00:00:00+00,8,REGION BIO BIO,8101,CONCEPCION,30,COLISION,30,COLISION,1,URBANA,1,TRAMO DE VIA RECTA,1,IMPRUDENCIA DEL CONDUCTOR,27,CONDUCCION NO ATENTO CONDICIONES TRANSITO MOMENTO,0,O'HIGGINS,0,TUCAPEL,O'HIGGINS - TUCAPEL,0, , , , ,2,0,1,UNIDIRECCIONAL,1,CONCRETO,1,BUENO,1,SECO,1,DESPEJADO,0,0,0,0,2
-8131380.47312587,-4414850.14618455,188,8632,1408780,-73.0454336,-36.8257774,95,CONCEPCION,1,58840,2021,1408780,REGION BIO BIO,8101,CONCEPCION,O'HIGGINS,TUCAPEL,0,"O'HIGGINS & TUCAPEL, CONCEPCION",CHILE,GEOMETRIC_CENTER,79958,2021,1408780,1,2021/12/28 00:00:00+00,1899/12/30 00:00:00+00,8,REGION BIO BIO,8101,CONCEPCION,30,COLISION,30,COLISION,1,URBANA,1,TRAMO DE VIA RECTA,1,IMPRUDENCIA DEL CONDUCTOR,29,CONDUCCION CAMBIAR SORPRESIVAMENTE PISTA CIRCULACION,0,O'HIGGINS,0,TUCAPEL,O'HIGGINS - TUCAPEL,0, , , , ,3,0,1,UNIDIRECCIONAL,1,CONCRETO,1,BUENO,1,SECO,2,NUBLADO,0,0,0,0,2
-8131041.13792209,-4414848.54689016,189,8633,1334118,-73.0423853,-36.8257659,95,CONCEPCION,1,7303,2021,1334118,REGION BIO BIO,8101,CONCEPCION,ONGOLMO,SAN MARTIN,0,"ONGOLMO & SAN MARTIN, CONCEPCION",CHILE,GEOMETRIC_CENTER,10272,2021,1334118,1,2021/02/23 00:00:00+00,1899/12/30 00:00:00+00,8,REGION BIO BIO,8101,CONCEPCION,10,ATROPELLO,10,ATROPELLO,1,URBANA,11,CRUCE CON SEMAFORO FUNCIONANDO,1,IMPRUDENCIA DEL CONDUCTOR,31,NO RESPETAR DERECHO PREFERENTE DE PASO A PEATON,0,ONGOLMO,0,SAN MARTIN,ONGOLMO - SAN MARTIN,0, , , , ,2,0,1,UNIDIRECCIONAL,1,CONCRETO,1,BUENO,1,SECO,1,DESPEJADO,0,0,0,1,1
-8127869.33393482,-4414846.44694746,190,8634,1371558,-73.0138925,-36.8257508,95,CONCEPCION,1,33378,2021,1371558,REGION BIO BIO,8101,CONCEPCION,GENERAL GOROSTIAGA,ELOISA URRUTIA,0,"GENERAL GOROSTIAGA & ELOISA URRUTIA, CONCEPCION",CHILE,GEOMETRIC_CENTER,46016,2021,1371558,1,2021/08/14 00:00:00+00,1899/12/30 00:00:00+00,8,REGION BIO BIO,8101,CONCEPCION,33,COLISION POR ALCANCE,30,COLISION,1,URBANA,1,TRAMO DE VIA RECTA,1,IMPRUDENCIA DEL CONDUCTOR,28,CONDUCCION SIN MANTENER DISTANCIA RAZONABLE NI PRUDENTE,0,GENERAL GOROSTIAGA,0,ELOISA URRUTIA,ELOISA URRUTIA - GENERAL GOROSTIAGA,0, , , , ,1,1,2,BIDIRECCIONAL,1,CONCRETO,1,BUENO,1,SECO,1,DESPEJADO,0,0,0,0,2
-8130691.04925549,-4414832.72084211,191,8635,1383660,-73.0392404,-36.8256521,95,CONCEPCION,1,41728,2021,1383660,REGION BIO BIO,8101,CONCEPCION,JANEQUEO,COCHRANE,0,"JANEQUEO & COCHRANE, CONCEPCION",CHILE,GEOMETRIC_CENTER,57176,2021,1383660,1,2021/10/01 00:00:00+00,1899/12/30 00:00:00+00,8,REGION BIO BIO,8101,CONCEPCION,50,CHOQUE,40,CHOQUE,1,URBANA,1,TRAMO DE VIA RECTA,1,IMPRUDENCIA DEL CONDUCTOR,27,CONDUCCION NO ATENTO CONDICIONES TRANSITO MOMENTO,0,JANEQUEO,0,COCHRANE,COCHRANE - JANEQUEO,0, , , , ,2,0,1,UNIDIRECCIONAL,1,CONCRETO,1,BUENO,1,SECO,2,NUBLADO,0,0,0,0,2