X,Y,FID,FID_1,LABELID,POINT_X,POINT_Y,FID_2,COMUNAREAL,VAL_COM,OBJECTID,A_O,IDACCIDENT,REGION,COD_COMUN,COMUNA,CALLE_UNO,CALLE_DOS,NUMERO,DIR_GEOCOD,PAIS,TIPO,OBJECTID_1,Año,Idaccide_1,Claseaccid,Fecha,Hora,Cód_Regi,Región,Cód_Comun,Comuna_1,Cód_Tipo_,Tipo_Accid,Cód_Tipo1,Tipo__CONA,Cód_Zona,Zona,Cód_Ubica,Ubicación,Cód_Causa,Causa__CON,Cód_Cau_1,Causa,Cód_Calle,Calle_Un_1,Cód_Cal_1,Calle_Do_1,Intersecci,Número,Ruta,Cód_Ruta,Ubicaci_1,Km_Vía_Fe,Pistas_de_,Pistas_de1,Cód_Calza,Calzada,Cód__Tipo,Tipo_Calza,Cód_Estad,Estado_Cal,Cód_Condi,Condición,Cód_Est_1,Estado_Atm,Fallecidos,Graves,Menos_Grav,Leves,Ilesos
-8128824.28818659,-4414814.12735177,192,8636,1339012,-73.022471,-36.8255184,95,CONCEPCION,1,10831,2021,1339012,REGION BIO BIO,8101,CONCEPCION,PASAJE DIECINUEVE,PASAJE DOCE,0,"PASAJE DIECINUEVE & PASAJE DOCE, CONCEPCION",CHILE,GEOMETRIC_CENTER,15044,2021,1339012,1,2021/03/18 00:00:00+00,1899/12/30 00:00:00+00,8,REGION BIO BIO,8101,CONCEPCION,30,COLISION,30,COLISION,1,URBANA,26,OTROS NO CONSIDERADOS,13,CAUSAS NO DETERMINADAS,97,CAUSAS NO DETERMINADAS,0,PASAJE DIECINUEVE,0,PASAJE DOCE,PASAJE DIECINUEVE - PASAJE DOCE,0, , , , ,2,0,1,UNIDIRECCIONAL,1,CONCRETO,1,BUENO,1,SECO,1,DESPEJADO,0,0,0,0,2
-8133378.8806246,-4414810.90096034,193,8637,1342267,-73.0633856,-36.8254952,95,CONCEPCION,1,13139,2021,1342267,REGION BIO BIO,8101,CONCEPCION,PADRE HURTADO,ROZAS,0,"PADRE HURTADO & ROZAS, CONCEPCION",CHILE,GEOMETRIC_CENTER,18147,2021,1342267,1,2021/04/07 00:00:00+00,1899/12/30 00:00:00+00,8,REGION BIO BIO,8101,CONCEPCION,34,COLISION PERPENDICULAR,30,COLISION,1,URBANA,15,CRUCE CON SEÑAL CEDA EL PASO,10,DESOBEDIENCIA A SEÑALIZACION,64,SEÑALIZACION DESOBEDECER SEÑAL CEDA EL PASO,0,PADRE HURTADO,0,ROZAS,PADRE HURTADO - ROZAS,0, , , , ,2,0,1,UNIDIRECCIONAL,1,CONCRETO,1,BUENO,1,SECO,1,DESPEJADO,0,0,0,0,2
-8132098.48384149,-4414809.51027468,194,8638,1405417,-73.0518836,-36.8254852,95,CONCEPCION,1,55586,2021,1405417,REGION BIO BIO,8101,CONCEPCION,CAUPOLICAN, ,646,"CAUPOLICAN 646, CONCEPCION",CHILE,RANGE_INTERPOLATED,75534,2021,1405417,1,2021/12/11 00:00:00+00,1899/12/30 00:00:00+00,8,REGION BIO BIO,8101,CONCEPCION,50,CHOQUE,40,CHOQUE,1,URBANA,26,OTROS NO CONSIDERADOS,1,IMPRUDENCIA DEL CONDUCTOR,27,CONDUCCION NO ATENTO CONDICIONES TRANSITO MOMENTO,0,CAUPOLICAN,0, ,- CAUPOLICAN,646, , , , ,1,1,2,BIDIRECCIONAL,1,CONCRETO,1,BUENO,1,SECO,1,DESPEJADO,0,0,0,0,2
-8132393.83671446,-4414804.61506261,195,8639,1405991,-73.0545368,-36.82545,95,CONCEPCION,1,56074,2021,1405991,REGION BIO BIO,8101,CONCEPCION,MAIPU, ,435,"MAIPU 435, CONCEPCION",CHILE,RANGE_INTERPOLATED,76234,2021,1405991,1,2021/12/14 00:00:00+00,1899/12/30 00:00:00+00,8,REGION BIO BIO,8101,CONCEPCION,50,CHOQUE,40,CHOQUE,1,URBANA,26,OTROS NO CONSIDERADOS,1,IMPRUDENCIA DEL CONDUCTOR,27,CONDUCCION NO ATENTO CONDICIONES TRANSITO MOMENTO,0,MAIPU,0, ,- MAIPU,435, , , , ,1,1,2,BIDIRECCIONAL,1,CONCRETO,1,BUENO,1,SECO,1,DESPEJADO,0,0,0,0,2
-8130448.95162692,-4414803.04358876,196,8640,1324521,-73.0370656,-36.8254387,95,CONCEPCION,1,720,2021,1324521,REGION BIO BIO,8101,CONCEPCION,ROOSEVELT, ,2,"ROOSEVELT 2, CONCEPCION",CHILE,RANGE_INTERPOLATED,1001,2021,1324521,1,2021/01/05 00:00:00+00,1899/12/30 00:00:00+00,8,REGION BIO BIO,8101,CONCEPCION,51,CHOQUE FRONTAL,40,CHOQUE,1,URBANA,1,TRAMO DE VIA RECTA,4,ALCOHOL EN CONDUCTOR,24,CONDUCCION EN ESTADO DE EBRIEDAD,0,ROOSEVELT,0, ,- ROOSEVELT,2, , , , ,2,2,3,BIDIRECCIONAL CON BANDEJON,1,CONCRETO,1,BUENO,1,SECO,1,DESPEJADO,0,0,0,1,0
-8133000.49454344,-4414797.50866501,197,8641,1357325,-73.0599865,-36.8253989,95,CONCEPCION,1,10676,2021,1357325,REGION BIO BIO,8101,CONCEPCION,LAS HERAS,SERRANO,0,"LAS HERAS & SERRANO, CONCEPCION",CHILE,GEOMETRIC_CENTER,14834,2021,1357325,1,2021/03/17 00:00:00+00,1899/12/30 00:00:00+00,8,REGION BIO BIO,8101,CONCEPCION,32,COLISION LATERAL,30,COLISION,1,URBANA,16,CRUCE SIN SEÑALIZACION,1,IMPRUDENCIA DEL CONDUCTOR,27,CONDUCCION NO ATENTO CONDICIONES TRANSITO MOMENTO,0,LAS HERAS,0,SERRANO,LAS HERAS - SERRANO,0, , , , ,2,0,1,UNIDIRECCIONAL,1,CONCRETO,1,BUENO,1,SECO,1,DESPEJADO,0,0,0,0,2
-8132304.79225378,-4414791.0976137,198,8642,1329062,-73.0537369,-36.8253528,95,CONCEPCION,1,3380,2021,1329062,REGION BIO BIO,8101,CONCEPCION,MAIPU,RENGO,0,"MAIPU & RENGO, CONCEPCION",CHILE,GEOMETRIC_CENTER,4646,2021,1329062,1,2021/01/24 00:00:00+00,1899/12/30 00:00:00+00,8,REGION BIO BIO,8101,CONCEPCION,34,COLISION PERPENDICULAR,30,COLISION,1,URBANA,11,CRUCE CON SEMAFORO FUNCIONANDO,10,DESOBEDIENCIA A SEÑALIZACION,62,SEÑALIZACION DESOBEDECER LUZ ROJA DE SEMAFORO,0,MAIPU,0,RENGO,MAIPU - RENGO,0, , , , ,3,0,1,UNIDIRECCIONAL,1,CONCRETO,1,BUENO,1,SECO,1,DESPEJADO,0,0,0,1,1
-8132304.79225378,-4414791.0976137,199,8643,1361967,-73.0537369,-36.8253528,95,CONCEPCION,1,26322,2021,1361967,REGION BIO BIO,8101,CONCEPCION,RENGO,MAIPU,0,"RENGO & MAIPU, CONCEPCION",CHILE,GEOMETRIC_CENTER,36318,2021,1361967,1,2021/07/06 00:00:00+00,1899/12/30 00:00:00+00,8,REGION BIO BIO,8101,CONCEPCION,34,COLISION PERPENDICULAR,30,COLISION,1,URBANA,11,CRUCE CON SEMAFORO FUNCIONANDO,10,DESOBEDIENCIA A SEÑALIZACION,68,SEÑALIZACION DESOBEDECER LUZ INTERMITENTE SEMAFORO,0,RENGO,0,MAIPU,MAIPU - RENGO,0, , , , ,3,0,1,UNIDIRECCIONAL,1,CONCRETO,1,BUENO,1,SECO,2,NUBLADO,0,0,0,0,2
-8132304.79225378,-4414791.0976137,200,8644,1405902,-73.0537369,-36.8253528,95,CONCEPCION,1,55874,2021,1405902,REGION BIO BIO,8101,CONCEPCION,RENGO,MAIPU,0,"RENGO & MAIPU, CONCEPCION",CHILE,GEOMETRIC_CENTER,75962,2021,1405902,1,2021/12/13 00:00:00+00,1899/12/30 00:00:00+00,8,REGION BIO BIO,8101,CONCEPCION,10,ATROPELLO,10,ATROPELLO,1,URBANA,11,CRUCE CON SEMAFORO FUNCIONANDO,1,IMPRUDENCIA DEL CONDUCTOR,31,NO RESPETAR DERECHO PREFERENTE DE PASO A PEATON,0,RENGO,0,MAIPU,MAIPU - RENGO,0, , , , ,3,0,1,UNIDIRECCIONAL,1,CONCRETO,1,BUENO,1,SECO,1,DESPEJADO,0,0,0,1,1
-8132659.30030416,-4414788.87252088,201,8645,1327021,-73.0569215,-36.8253368,95,CONCEPCION,1,2628,2021,1327021,REGION BIO BIO,8101,CONCEPCION,LOS CARRERA,ANGOL,0,"LOS CARRERA & ANGOL, CONCEPCION",CHILE,GEOMETRIC_CENTER,3624,2021,1327021,1,2021/01/19 00:00:00+00,1899/12/30 00:00:00+00,8,REGION BIO BIO,8101,CONCEPCION,34,COLISION PERPENDICULAR,30,COLISION,1,URBANA,11,CRUCE CON SEMAFORO FUNCIONANDO,10,DESOBEDIENCIA A SEÑALIZACION,62,SEÑALIZACION DESOBEDECER LUZ ROJA DE SEMAFORO,0,LOS CARRERA,0,ANGOL,ANGOL - LOS CARRERA,0, , , , ,3,3,3,BIDIRECCIONAL CON BANDEJON,1,CONCRETO,1,BUENO,1,SECO,1,DESPEJADO,0,0,0,0,2
-8132659.30030416,-4414788.87252088,202,8646,1336738,-73.0569215,-36.8253368,95,CONCEPCION,1,9442,2021,1336738,REGION BIO BIO,8101,CONCEPCION,LOS CARRERA,ANGOL,0,"LOS CARRERA & ANGOL, CONCEPCION",CHILE,GEOMETRIC_CENTER,13173,2021,1336738,1,2021/03/08 00:00:00+00,1899/12/30 00:00:00+00,8,REGION BIO BIO,8101,CONCEPCION,10,ATROPELLO,10,ATROPELLO,1,URBANA,11,CRUCE CON SEMAFORO FUNCIONANDO,2,IMPRUDENCIA DEL PEATON,53,IMPRUDENCIA DEL PEATON,0,LOS CARRERA,0,ANGOL,ANGOL - LOS CARRERA,0, , , , ,3,3,3,BIDIRECCIONAL CON BANDEJON,1,CONCRETO,1,BUENO,1,SECO,1,DESPEJADO,0,1,0,0,1
-8132659.30030416,-4414788.87252088,203,8647,1342762,-73.0569215,-36.8253368,95,CONCEPCION,1,13210,2021,1342762,REGION BIO BIO,8101,CONCEPCION,LOS CARRERA,ANGOL,0,"LOS CARRERA & ANGOL, CONCEPCION",CHILE,GEOMETRIC_CENTER,18252,2021,1342762,1,2021/04/08 00:00:00+00,1899/12/30 00:00:00+00,8,REGION BIO BIO,8101,CONCEPCION,34,COLISION PERPENDICULAR,30,COLISION,1,URBANA,11,CRUCE CON SEMAFORO FUNCIONANDO,10,DESOBEDIENCIA A SEÑALIZACION,62,SEÑALIZACION DESOBEDECER LUZ ROJA DE SEMAFORO,0,LOS CARRERA,0,ANGOL,ANGOL - LOS CARRERA,0, , , , ,3,3,3,BIDIRECCIONAL CON BANDEJON,1,CONCRETO,1,BUENO,1,SECO,2,NUBLADO,0,0,0,1,1
-8132659.30030416,-4414788.87252088,204,8648,1348668,-73.0569215,-36.8253368,95,CONCEPCION,1,17399,2021,1348668,REGION BIO BIO,8101,CONCEPCION,LOS CARRERA,ANGOL,0,"LOS CARRERA & ANGOL, CONCEPCION",CHILE,GEOMETRIC_CENTER,23988,2021,1348668,1,2021/05/10 00:00:00+00,1899/12/30 00:00:00+00,8,REGION BIO BIO,8101,CONCEPCION,32,COLISION LATERAL,30,COLISION,1,URBANA,11,CRUCE CON SEMAFORO FUNCIONANDO,10,DESOBEDIENCIA A SEÑALIZACION,62,SEÑALIZACION DESOBEDECER LUZ ROJA DE SEMAFORO,0,LOS CARRERA,0,ANGOL,ANGOL - LOS CARRERA,0, , , , ,3,3,3,BIDIRECCIONAL CON BANDEJON,1,CONCRETO,1,BUENO,1,SECO,1,DESPEJADO,0,0,0,0,2
-8132659.30030416,-4414788.87252088,205,8649,1359669,-73.0569215,-36.8253368,95,CONCEPCION,1,25302,2021,1359669,REGION BIO BIO,8101,CONCEPCION,LOS CARRERA,ANGOL,0,"LOS CARRERA & ANGOL, CONCEPCION",CHILE,GEOMETRIC_CENTER,34977,2021,1359669,1,2021/06/30 00:00:00+00,1899/12/30 00:00:00+00,8,REGION BIO BIO,8101,CONCEPCION,34,COLISION PERPENDICULAR,30,COLISION,1,URBANA,11,CRUCE CON SEMAFORO FUNCIONANDO,10,DESOBEDIENCIA A SEÑALIZACION,62,SEÑALIZACION DESOBEDECER LUZ ROJA DE SEMAFORO,0,LOS CARRERA,0,ANGOL,ANGOL - LOS CARRERA,0, , , , ,3,3,3,BIDIRECCIONAL CON BANDEJON,1,CONCRETO,1,BUENO,1,SECO,1,DESPEJADO,0,0,0,0,2
-8132659.30030416,-4414788.87252088,206,8650,1368093,-73.0569215,-36.8253368,95,CONCEPCION,1,25584,2021,1368093,REGION BIO BIO,8101,CONCEPCION,LOS CARRERA,ANGOL,0,"LOS CARRERA & ANGOL, CONCEPCION",CHILE,GEOMETRIC_CENTER,35324,2021,1368093,1,2021/07/01 00:00:00+00,1899/12/30 00:00:00+00,8,REGION BIO BIO,8101,CONCEPCION,33,COLISION POR ALCANCE,30,COLISION,1,URBANA,1,TRAMO DE VIA RECTA,1,IMPRUDENCIA DEL CONDUCTOR,27,CONDUCCION NO ATENTO CONDICIONES TRANSITO MOMENTO,0,LOS CARRERA,0,ANGOL,ANGOL - LOS CARRERA,0, , , , ,2,0,1,UNIDIRECCIONAL,2,ASFALTO,2,REGULAR,2,HUMEDO,3,LLUVIA,0,0,0,0,2
-8132659.30030416,-4414788.87252088,207,8651,1367653,-73.0569215,-36.8253368,95,CONCEPCION,1,30415,2021,1367653,REGION BIO BIO,8101,CONCEPCION,LOS CARRERA,ANGOL,0,"LOS CARRERA & ANGOL, CONCEPCION",CHILE,GEOMETRIC_CENTER,42030,2021,1367653,1,2021/07/30 00:00:00+00,1899/12/30 00:00:00+00,8,REGION BIO BIO,8101,CONCEPCION,30,COLISION,30,COLISION,1,URBANA,11,CRUCE CON SEMAFORO FUNCIONANDO,10,DESOBEDIENCIA A SEÑALIZACION,68,SEÑALIZACION DESOBEDECER LUZ INTERMITENTE SEMAFORO,0,LOS CARRERA,0,ANGOL,ANGOL - LOS CARRERA,0, , , , ,3,3,3,BIDIRECCIONAL CON BANDEJON,1,CONCRETO,1,BUENO,1,SECO,2,NUBLADO,0,0,0,1,2
-8132659.30030416,-4414788.87252088,208,8652,1373900,-73.0569215,-36.8253368,95,CONCEPCION,1,34762,2021,1373900,REGION BIO BIO,8101,CONCEPCION,LOS CARRERA,ANGOL,0,"LOS CARRERA & ANGOL, CONCEPCION",CHILE,GEOMETRIC_CENTER,47943,2021,1373900,1,2021/08/23 00:00:00+00,1899/12/30 00:00:00+00,8,REGION BIO BIO,8101,CONCEPCION,34,COLISION PERPENDICULAR,30,COLISION,1,URBANA,11,CRUCE CON SEMAFORO FUNCIONANDO,10,DESOBEDIENCIA A SEÑALIZACION,62,SEÑALIZACION DESOBEDECER LUZ ROJA DE SEMAFORO,0,LOS CARRERA,0,ANGOL,ANGOL - LOS CARRERA,0, , , , ,3,3,3,BIDIRECCIONAL CON BANDEJON,1,CONCRETO,1,BUENO,1,SECO,2,NUBLADO,0,0,0,0,2
-8132659.30030416,-4414788.87252088,209,8653,1376721,-73.0569215,-36.8253368,95,CONCEPCION,1,36980,2021,1376721,REGION BIO BIO,8101,CONCEPCION,LOS CARRERA,ANGOL,0,"LOS CARRERA & ANGOL, CONCEPCION",CHILE,GEOMETRIC_CENTER,50863,2021,1376721,1,2021/09/04 00:00:00+00,1899/12/30 00:00:00+00,8,REGION BIO BIO,8101,CONCEPCION,30,COLISION,30,COLISION,1,URBANA,1,TRAMO DE VIA RECTA,13,CAUSAS NO DETERMINADAS,97,CAUSAS NO DETERMINADAS,0,LOS CARRERA,0,ANGOL,ANGOL - LOS CARRERA,0, , , , ,3,3,2,BIDIRECCIONAL,1,CONCRETO,1,BUENO,1,SECO,1,DESPEJADO,0,0,0,0,2
-8132659.30030416,-4414788.87252088,210,8654,1379884,-73.0569215,-36.8253368,95,CONCEPCION,1,39394,2021,1379884,REGION BIO BIO,8101,CONCEPCION,LOS CARRERA,ANGOL,0,"LOS CARRERA & ANGOL, CONCEPCION",CHILE,GEOMETRIC_CENTER,54100,2021,1379884,1,2021/09/17 00:00:00+00,1899/12/30 00:00:00+00,8,REGION BIO BIO,8101,CONCEPCION,34,COLISION PERPENDICULAR,30,COLISION,1,URBANA,11,CRUCE CON SEMAFORO FUNCIONANDO,10,DESOBEDIENCIA A SEÑALIZACION,62,SEÑALIZACION DESOBEDECER LUZ ROJA DE SEMAFORO,0,LOS CARRERA,0,ANGOL,ANGOL - LOS CARRERA,0, , , , ,3,3,3,BIDIRECCIONAL CON BANDEJON,1,CONCRETO,1,BUENO,1,SECO,1,DESPEJADO,0,0,0,1,1
-8132659.30030416,-4414788.87252088,211,8655,1388755,-73.0569215,-36.8253368,95,CONCEPCION,1,45367,2021,1388755,REGION BIO BIO,8101,CONCEPCION,ANGOL,LOS CARRERA,0,"ANGOL & LOS CARRERA, CONCEPCION",CHILE,GEOMETRIC_CENTER,62015,2021,1388755,1,2021/10/19 00:00:00+00,1899/12/30 00:00:00+00,8,REGION BIO BIO,8101,CONCEPCION,70,VOLCADURA,70,VOLCADURA,1,URBANA,11,CRUCE CON SEMAFORO FUNCIONANDO,9,PERDIDA CONTROL VEHICULO,95,PERDIDA CONTROL VEHICULO,0,ANGOL,0,LOS CARRERA,ANGOL - LOS CARRERA,0, , , , ,3,3,3,BIDIRECCIONAL CON BANDEJON,1,CONCRETO,1,BUENO,1,SECO,1,DESPEJADO,0,1,0,0,0
-8132659.30030416,-4414788.87252088,212,8656,1388941,-73.0569215,-36.8253368,95,CONCEPCION,1,45560,2021,1388941,REGION BIO BIO,8101,CONCEPCION,LOS CARRERA,ANGOL,0,"LOS CARRERA & ANGOL, CONCEPCION",CHILE,GEOMETRIC_CENTER,62271,2021,1388941,1,2021/10/21 00:00:00+00,1899/12/30 00:00:00+00,8,REGION BIO BIO,8101,CONCEPCION,32,COLISION LATERAL,30,COLISION,1,URBANA,11,CRUCE CON SEMAFORO FUNCIONANDO,1,IMPRUDENCIA DEL CONDUCTOR,91,VIRAJES INDEBIDOS,0,LOS CARRERA,0,ANGOL,ANGOL - LOS CARRERA,0, , , , ,3,3,3,BIDIRECCIONAL CON BANDEJON,1,CONCRETO,1,BUENO,1,SECO,1,DESPEJADO,0,0,0,0,2
-8132659.30030416,-4414788.87252088,213,8657,1389686,-73.0569215,-36.8253368,95,CONCEPCION,1,45775,2021,1389686,REGION BIO BIO,8101,CONCEPCION,LOS CARRERA,ANGOL,0,"LOS CARRERA & ANGOL, CONCEPCION",CHILE,GEOMETRIC_CENTER,62541,2021,1389686,1,2021/10/22 00:00:00+00,1899/12/30 00:00:00+00,8,REGION BIO BIO,8101,CONCEPCION,53,CHOQUE POSTERIOR,40,CHOQUE,1,URBANA,11,CRUCE CON SEMAFORO FUNCIONANDO,1,IMPRUDENCIA DEL CONDUCTOR,28,CONDUCCION SIN MANTENER DISTANCIA RAZONABLE NI PRUDENTE,0,LOS CARRERA,0,ANGOL,ANGOL - LOS CARRERA,0, , , , ,3,3,3,BIDIRECCIONAL CON BANDEJON,1,CONCRETO,1,BUENO,1,SECO,1,DESPEJADO,0,0,0,0,3
-8132659.30030416,-4414788.87252088,214,8658,1397195,-73.0569215,-36.8253368,95,CONCEPCION,1,48047,2021,1397195,REGION BIO BIO,8101,CONCEPCION,LOS CARRERA,ANGOL,0,"LOS CARRERA & ANGOL, CONCEPCION",CHILE,GEOMETRIC_CENTER,65546,2021,1397195,1,2021/11/03 00:00:00+00,1899/12/30 00:00:00+00,8,REGION BIO BIO,8101,CONCEPCION,20,CAIDA,20,CAIDA,1,URBANA,11,CRUCE CON SEMAFORO FUNCIONANDO,7,VELOCIDAD IMPRUDENTE,72,VELOCIDAD NO RAZONABLE NI PRUDENTE,0,LOS CARRERA,0,ANGOL,ANGOL - LOS CARRERA,0, , , , ,3,3,3,BIDIRECCIONAL CON BANDEJON,1,CONCRETO,1,BUENO,1,SECO,1,DESPEJADO,0,0,0,2,1
-8132659.30030416,-4414788.87252088,215,8659,1398313,-73.0569215,-36.8253368,95,CONCEPCION,1,52248,2021,1398313,REGION BIO BIO,8101,CONCEPCION,LOS CARRERA,ANGOL,0,"LOS CARRERA & ANGOL, CONCEPCION",CHILE,GEOMETRIC_CENTER,71041,2021,1398313,1,2021/11/24 00:00:00+00,1899/12/30 00:00:00+00,8,REGION BIO BIO,8101,CONCEPCION,30,COLISION,30,COLISION,1,URBANA,11,CRUCE CON SEMAFORO FUNCIONANDO,1,IMPRUDENCIA DEL CONDUCTOR,29,CONDUCCION CAMBIAR SORPRESIVAMENTE PISTA CIRCULACION,0,LOS CARRERA,0,ANGOL,ANGOL - LOS CARRERA,0, , , , ,2,2,3,BIDIRECCIONAL CON BANDEJON,1,CONCRETO,1,BUENO,1,SECO,1,DESPEJADO,0,0,0,0,2
-8131948.75912638,-4414783.28197721,216,8660,1337866,-73.0505386,-36.8252966,95,CONCEPCION,1,10328,2021,1337866,REGION BIO BIO,8101,CONCEPCION,FREIRE,ANIBAL PINTO,0,"FREIRE & ANIBAL PINTO, CONCEPCION",CHILE,GEOMETRIC_CENTER,14381,2021,1337866,1,2021/03/15 00:00:00+00,1899/12/30 00:00:00+00,8,REGION BIO BIO,8101,CONCEPCION,32,COLISION LATERAL,30,COLISION,1,URBANA,1,TRAMO DE VIA RECTA,1,IMPRUDENCIA DEL CONDUCTOR,29,CONDUCCION CAMBIAR SORPRESIVAMENTE PISTA CIRCULACION,0,FREIRE,0,ANIBAL PINTO,ANIBAL PINTO - FREIRE,0, , , , ,2,0,1,UNIDIRECCIONAL,1,CONCRETO,1,BUENO,1,SECO,1,DESPEJADO,0,0,0,0,2
-8131597.86895945,-4414780.13903604,217,8661,1383593,-73.0473865,-36.825274,95,CONCEPCION,1,41432,2021,1383593,REGION BIO BIO,8101,CONCEPCION,CASTELLON,BARROS ARANA,0,"CASTELLON & BARROS ARANA, CONCEPCION",CHILE,GEOMETRIC_CENTER,56796,2021,1383593,1,2021/09/29 00:00:00+00,1899/12/30 00:00:00+00,8,REGION BIO BIO,8101,CONCEPCION,53,CHOQUE POSTERIOR,40,CHOQUE,1,URBANA,11,CRUCE CON SEMAFORO FUNCIONANDO,1,IMPRUDENCIA DEL CONDUCTOR,27,CONDUCCION NO ATENTO CONDICIONES TRANSITO MOMENTO,0,CASTELLON,0,BARROS ARANA,BARROS ARANA - CASTELLON,0, , , , ,1,0,1,UNIDIRECCIONAL,1,CONCRETO,1,BUENO,1,SECO,1,DESPEJADO,0,0,0,0,2
-8131243.91750652,-4414776.21731429,218,8662,1362945,-73.0442069,-36.8252458,95,CONCEPCION,1,27087,2021,1362945,REGION BIO BIO,8101,CONCEPCION,OROMPELLO,O'HIGGINS,0,"OROMPELLO & O'HIGGINS, CONCEPCION",CHILE,GEOMETRIC_CENTER,37352,2021,1362945,1,2021/07/10 00:00:00+00,1899/12/30 00:00:00+00,8,REGION BIO BIO,8101,CONCEPCION,32,COLISION LATERAL,30,COLISION,1,URBANA,1,TRAMO DE VIA RECTA,1,IMPRUDENCIA DEL CONDUCTOR,28,CONDUCCION SIN MANTENER DISTANCIA RAZONABLE NI PRUDENTE,0,OROMPELLO,0,O'HIGGINS,O'HIGGINS - OROMPELLO,0, , , , ,2,0,1,UNIDIRECCIONAL,1,CONCRETO,1,BUENO,1,SECO,1,DESPEJADO,0,0,0,0,2
-8131243.91750652,-4414776.21731429,219,8663,1403309,-73.0442069,-36.8252458,95,CONCEPCION,1,53883,2021,1403309,REGION BIO BIO,8101,CONCEPCION,O'HIGGINS,OROMPELLO,0,"O'HIGGINS & OROMPELLO, CONCEPCION",CHILE,GEOMETRIC_CENTER,73232,2021,1403309,1,2021/12/03 00:00:00+00,1899/12/30 00:00:00+00,8,REGION BIO BIO,8101,CONCEPCION,20,CAIDA,20,CAIDA,1,URBANA,4,ACERA O BERMA,3,IMPRUDENCIA DEL PASAJERO,41,PASAJERO SUBE O DESCIENDE DE VEHICULO MOVIMIENTO,0,O'HIGGINS,0,OROMPELLO,O'HIGGINS - OROMPELLO,0, , , , ,2,0,1,UNIDIRECCIONAL,1,CONCRETO,1,BUENO,1,SECO,1,DESPEJADO,0,0,0,1,1
-8130053.14404545,-4414774.02003819,220,8664,1349417,-73.03351,-36.82523,95,CONCEPCION,1,17979,2021,1349417,REGION BIO BIO,8101,CONCEPCION,NONGUEN, ,368,"NONGUEN 368, CONCEPCION",CHILE,RANGE_INTERPOLATED,24735,2021,1349417,1,2021/05/13 00:00:00+00,1899/12/30 00:00:00+00,8,REGION BIO BIO,8101,CONCEPCION,31,COLISION FRONTAL,30,COLISION,1,URBANA,1,TRAMO DE VIA RECTA,1,IMPRUDENCIA DEL CONDUCTOR,23,CONDUCCION CONTRA SENTIDO DEL TRANSITO,0,NONGUEN,0, ,- NONGUEN,368, , , , ,1,0,1,UNIDIRECCIONAL,1,CONCRETO,1,BUENO,1,SECO,1,DESPEJADO,0,0,0,0,4
-8130890.24435232,-4414769.13874925,221,8665,1329151,-73.0410298,-36.8251949,95,CONCEPCION,1,3729,2021,1329151,REGION BIO BIO,8101,CONCEPCION,PAICAVI,SAN MARTIN,0,"PAICAVI & SAN MARTIN, CONCEPCION",CHILE,GEOMETRIC_CENTER,5151,2021,1329151,1,2021/01/27 00:00:00+00,1899/12/30 00:00:00+00,8,REGION BIO BIO,8101,CONCEPCION,10,ATROPELLO,10,ATROPELLO,1,URBANA,11,CRUCE CON SEMAFORO FUNCIONANDO,1,IMPRUDENCIA DEL CONDUCTOR,31,NO RESPETAR DERECHO PREFERENTE DE PASO A PEATON,0,PAICAVI,0,SAN MARTIN,PAICAVI - SAN MARTIN,0, , , , ,2,0,1,UNIDIRECCIONAL,1,CONCRETO,1,BUENO,1,SECO,1,DESPEJADO,0,0,0,1,1
-8130890.24435232,-4414769.13874925,222,8666,1363006,-73.0410298,-36.8251949,95,CONCEPCION,1,27410,2021,1363006,REGION BIO BIO,8101,CONCEPCION,SAN MARTIN,PAICAVI,0,"SAN MARTIN & PAICAVI, CONCEPCION",CHILE,GEOMETRIC_CENTER,37825,2021,1363006,1,2021/07/12 00:00:00+00,1899/12/30 00:00:00+00,8,REGION BIO BIO,8101,CONCEPCION,10,ATROPELLO,10,ATROPELLO,1,URBANA,11,CRUCE CON SEMAFORO FUNCIONANDO,1,IMPRUDENCIA DEL CONDUCTOR,31,NO RESPETAR DERECHO PREFERENTE DE PASO A PEATON,0,SAN MARTIN,0,PAICAVI,PAICAVI - SAN MARTIN,0, , , , ,2,0,1,UNIDIRECCIONAL,1,CONCRETO,1,BUENO,1,SECO,1,DESPEJADO,0,0,0,1,1
-8130890.24435232,-4414769.13874925,223,8667,1373925,-73.0410298,-36.8251949,95,CONCEPCION,1,34953,2021,1373925,REGION BIO BIO,8101,CONCEPCION,SAN MARTIN,PAICAVI,0,"SAN MARTIN & PAICAVI, CONCEPCION",CHILE,GEOMETRIC_CENTER,48190,2021,1373925,1,2021/08/24 00:00:00+00,1899/12/30 00:00:00+00,8,REGION BIO BIO,8101,CONCEPCION,10,ATROPELLO,10,ATROPELLO,1,URBANA,11,CRUCE CON SEMAFORO FUNCIONANDO,2,IMPRUDENCIA DEL PEATON,53,IMPRUDENCIA DEL PEATON,0,SAN MARTIN,0,PAICAVI,PAICAVI - SAN MARTIN,0, , , , ,2,0,1,UNIDIRECCIONAL,1,CONCRETO,1,BUENO,1,SECO,1,DESPEJADO,0,0,0,1,1