X,Y,FID,FID_1,LABELID,POINT_X,POINT_Y,FID_2,COMUNAREAL,VAL_COM,OBJECTID,A_O,IDACCIDENT,REGION,COD_COMUN,COMUNA,CALLE_UNO,CALLE_DOS,NUMERO,DIR_GEOCOD,PAIS,TIPO,OBJECTID_1,Año,Idaccide_1,Claseaccid,Fecha,Hora,Cód_Regi,Región,Cód_Comun,Comuna_1,Cód_Tipo_,Tipo_Accid,Cód_Tipo1,Tipo__CONA,Cód_Zona,Zona,Cód_Ubica,Ubicación,Cód_Causa,Causa__CON,Cód_Cau_1,Causa,Cód_Calle,Calle_Un_1,Cód_Cal_1,Calle_Do_1,Intersecci,Número,Ruta,Cód_Ruta,Ubicaci_1,Km_Vía_Fe,Pistas_de_,Pistas_de1,Cód_Calza,Calzada,Cód__Tipo,Tipo_Calza,Cód_Estad,Estado_Cal,Cód_Condi,Condición,Cód_Est_1,Estado_Atm,Fallecidos,Graves,Menos_Grav,Leves,Ilesos
-8130890.24435232,-4414769.13874925,224,8668,1377939,-73.0410298,-36.8251949,95,CONCEPCION,1,37716,2021,1377939,REGION BIO BIO,8101,CONCEPCION,SAN MARTIN,PAICAVI,0,"SAN MARTIN & PAICAVI, CONCEPCION",CHILE,GEOMETRIC_CENTER,51839,2021,1377939,1,2021/09/08 00:00:00+00,1899/12/30 00:00:00+00,8,REGION BIO BIO,8101,CONCEPCION,10,ATROPELLO,10,ATROPELLO,1,URBANA,11,CRUCE CON SEMAFORO FUNCIONANDO,1,IMPRUDENCIA DEL CONDUCTOR,31,NO RESPETAR DERECHO PREFERENTE DE PASO A PEATON,0,SAN MARTIN,0,PAICAVI,PAICAVI - SAN MARTIN,0, , , , ,2,0,1,UNIDIRECCIONAL,1,CONCRETO,1,BUENO,1,SECO,1,DESPEJADO,0,0,0,1,1
-8130890.24435232,-4414769.13874925,225,8669,1397173,-73.0410298,-36.8251949,95,CONCEPCION,1,38959,2021,1397173,REGION BIO BIO,8101,CONCEPCION,PAICAVI,SANMARTIN,0,"PAICAVI & SANMARTIN, CONCEPCION",CHILE,GEOMETRIC_CENTER,53509,2021,1397173,1,2021/09/15 00:00:00+00,1899/12/30 00:00:00+00,8,REGION BIO BIO,8101,CONCEPCION,30,COLISION,30,COLISION,1,URBANA,1,TRAMO DE VIA RECTA,1,IMPRUDENCIA DEL CONDUCTOR,11,ADELANTAMIENTO SIN EL ESPACIO O TIEMPO SUFICIENTE,0,PAICAVI,0,SANMARTIN,PAICAVI - SANMARTIN,0, , , , ,3,3,3,BIDIRECCIONAL CON BANDEJON,1,CONCRETO,1,BUENO,1,SECO,1,DESPEJADO,0,0,0,0,2
-8130890.24435232,-4414769.13874925,226,8670,1398644,-73.0410298,-36.8251949,95,CONCEPCION,1,50988,2021,1398644,REGION BIO BIO,8101,CONCEPCION,SAN MARTIN,PAICAVI,0,"SAN MARTIN & PAICAVI, CONCEPCION",CHILE,GEOMETRIC_CENTER,69395,2021,1398644,1,2021/11/18 00:00:00+00,1899/12/30 00:00:00+00,8,REGION BIO BIO,8101,CONCEPCION,20,CAIDA,20,CAIDA,1,URBANA,11,CRUCE CON SEMAFORO FUNCIONANDO,3,IMPRUDENCIA DEL PASAJERO,41,PASAJERO SUBE O DESCIENDE DE VEHICULO MOVIMIENTO,0,SAN MARTIN,0,PAICAVI,PAICAVI - SAN MARTIN,0, , , , ,2,0,1,UNIDIRECCIONAL,1,CONCRETO,1,BUENO,1,SECO,1,DESPEJADO,0,0,0,1,1
-8130890.24435232,-4414769.13874925,227,8671,1406911,-73.0410298,-36.8251949,95,CONCEPCION,1,58148,2021,1406911,REGION BIO BIO,8101,CONCEPCION,PAICAVI,SAN MARTIN,0,"PAICAVI & SAN MARTIN, CONCEPCION",CHILE,GEOMETRIC_CENTER,78960,2021,1406911,1,2021/12/24 00:00:00+00,1899/12/30 00:00:00+00,8,REGION BIO BIO,8101,CONCEPCION,30,COLISION,30,COLISION,1,URBANA,1,TRAMO DE VIA RECTA,5,ALCOHOL EN PEATON,54,EBRIEDAD DEL PEATON,0,PAICAVI,0,SAN MARTIN,PAICAVI - SAN MARTIN,0, , , , ,2,2,3,BIDIRECCIONAL CON BANDEJON,1,CONCRETO,1,BUENO,1,SECO,1,DESPEJADO,0,0,0,0,2
-8132465.11458442,-4414768.02620507,228,8672,1397167,-73.0551771,-36.8251869,95,CONCEPCION,1,47598,2021,1397167,REGION BIO BIO,8101,CONCEPCION,LINCOYAN, ,760,"LINCOYAN 760, CONCEPCION",CHILE,RANGE_INTERPOLATED,64945,2021,1397167,1,2021/11/01 00:00:00+00,1899/12/30 00:00:00+00,8,REGION BIO BIO,8101,CONCEPCION,51,CHOQUE FRONTAL,40,CHOQUE,1,URBANA,1,TRAMO DE VIA RECTA,1,IMPRUDENCIA DEL CONDUCTOR,27,CONDUCCION NO ATENTO CONDICIONES TRANSITO MOMENTO,0,LINCOYAN,0, ,- LINCOYAN,760, , , , ,2,0,1,UNIDIRECCIONAL,1,CONCRETO,1,BUENO,1,SECO,1,DESPEJADO,0,0,0,0,1
-8131212.43635452,-4414757.09546474,229,8673,1378247,-73.0439241,-36.8251083,95,CONCEPCION,1,37822,2021,1378247,REGION BIO BIO,8101,CONCEPCION,LORD COCHRANE, ,649,"LORD COCHRANE 649, CONCEPCION",CHILE,RANGE_INTERPOLATED,51972,2021,1378247,1,2021/09/09 00:00:00+00,1899/12/30 00:00:00+00,8,REGION BIO BIO,8101,CONCEPCION,62,CHOQUE FRENTE/LADO,40,CHOQUE,1,URBANA,1,TRAMO DE VIA RECTA,1,IMPRUDENCIA DEL CONDUCTOR,27,CONDUCCION NO ATENTO CONDICIONES TRANSITO MOMENTO,0,LORD COCHRANE,0, ,- LORD COCHRANE,649, , , , ,2,0,1,UNIDIRECCIONAL,1,CONCRETO,1,BUENO,1,SECO,1,DESPEJADO,0,0,0,0,2
-8130754.77966397,-4414746.60975238,230,8674,1366613,-73.0398129,-36.8250329,95,CONCEPCION,1,28600,2021,1366613,REGION BIO BIO,8101,CONCEPCION,JANEQUEO, ,279,"JANEQUEO 279, CONCEPCION",CHILE,RANGE_INTERPOLATED,39523,2021,1366613,1,2021/07/19 00:00:00+00,1899/12/30 00:00:00+00,8,REGION BIO BIO,8101,CONCEPCION,52,CHOQUE LATERAL,40,CHOQUE,1,URBANA,1,TRAMO DE VIA RECTA,1,IMPRUDENCIA DEL CONDUCTOR,27,CONDUCCION NO ATENTO CONDICIONES TRANSITO MOMENTO,0,JANEQUEO,0, ,- JANEQUEO,279, , , , ,2,0,1,UNIDIRECCIONAL,1,CONCRETO,1,BUENO,1,SECO,1,DESPEJADO,0,0,0,0,2
-8131222.11001827,-4414739.00275001,231,8675,1337815,-73.044011,-36.8249782,95,CONCEPCION,1,9842,2021,1337815,REGION BIO BIO,8101,CONCEPCION,O'HIGGINS, ,1121,"O'HIGGINS 1121, CONCEPCION",CHILE,RANGE_INTERPOLATED,13705,2021,1337815,1,2021/03/11 00:00:00+00,1899/12/30 00:00:00+00,8,REGION BIO BIO,8101,CONCEPCION,32,COLISION LATERAL,30,COLISION,1,URBANA,1,TRAMO DE VIA RECTA,1,IMPRUDENCIA DEL CONDUCTOR,29,CONDUCCION CAMBIAR SORPRESIVAMENTE PISTA CIRCULACION,0,O'HIGGINS,0, ,- O'HIGGINS,1121, , , , ,4,0,1,UNIDIRECCIONAL,1,CONCRETO,1,BUENO,1,SECO,1,DESPEJADO,0,0,0,0,2
-8131807.60601205,-4414738.26569157,232,8676,1402787,-73.0492706,-36.8249729,95,CONCEPCION,1,53983,2021,1402787,REGION BIO BIO,8101,CONCEPCION,FREIRE, ,800,"FREIRE 800, CONCEPCION",CHILE,RANGE_INTERPOLATED,73363,2021,1402787,1,2021/12/03 00:00:00+00,1899/12/30 00:00:00+00,8,REGION BIO BIO,8101,CONCEPCION,30,COLISION,30,COLISION,1,URBANA,1,TRAMO DE VIA RECTA,13,CAUSAS NO DETERMINADAS,97,CAUSAS NO DETERMINADAS,0,FREIRE,0, ,- FREIRE,800, , , , ,2,2,2,BIDIRECCIONAL,1,CONCRETO,1,BUENO,1,SECO,1,DESPEJADO,0,0,0,0,2
-8131807.60601205,-4414738.26569157,233,8677,1403362,-73.0492706,-36.8249729,95,CONCEPCION,1,53985,2021,1403362,REGION BIO BIO,8101,CONCEPCION,FREIRE, ,800,"FREIRE 800, CONCEPCION",CHILE,RANGE_INTERPOLATED,73366,2021,1403362,1,2021/12/03 00:00:00+00,1899/12/30 00:00:00+00,8,REGION BIO BIO,8101,CONCEPCION,32,COLISION LATERAL,30,COLISION,1,URBANA,1,TRAMO DE VIA RECTA,1,IMPRUDENCIA DEL CONDUCTOR,29,CONDUCCION CAMBIAR SORPRESIVAMENTE PISTA CIRCULACION,0,FREIRE,0, ,- FREIRE,800, , , , ,2,0,1,UNIDIRECCIONAL,1,CONCRETO,1,BUENO,1,SECO,1,DESPEJADO,0,0,0,0,2
-8133234.287738,-4414737.73723461,234,8678,1342970,-73.0620867,-36.8249691,95,CONCEPCION,0,13321,2021,1342970,REGION BIO BIO,8103,CHIGUAYANTE,ARTURO PRAT,ROZAS,0,"ARTURO PRAT & ROZAS, CHIGUAYANTE",CHILE,GEOMETRIC_CENTER,18408,2021,1342970,1,2021/04/08 00:00:00+00,1899/12/30 00:00:00+00,8,REGION BIO BIO,8103,CHIGUAYANTE,30,COLISION,30,COLISION,1,URBANA,26,OTROS NO CONSIDERADOS,13,CAUSAS NO DETERMINADAS,97,CAUSAS NO DETERMINADAS,0,ARTURO PRAT,0,ROZAS,ARTURO PRAT - ROZAS,0, , , , ,2,0,1,UNIDIRECCIONAL,1,CONCRETO,1,BUENO,1,SECO,1,DESPEJADO,0,0,0,2,0
-8133234.287738,-4414737.73723461,235,8679,1370017,-73.0620867,-36.8249691,95,CONCEPCION,1,31881,2021,1370017,REGION BIO BIO,8101,CONCEPCION,ARTURO PRAT,MARTINEZ DE ROZAS,0,"ARTURO PRAT & MARTINEZ DE ROZAS, CONCEPCION",CHILE,GEOMETRIC_CENTER,43995,2021,1370017,1,2021/08/06 00:00:00+00,1899/12/30 00:00:00+00,8,REGION BIO BIO,8101,CONCEPCION,30,COLISION,30,COLISION,2,RURAL,1,TRAMO DE VIA RECTA,14,OTRAS CAUSAS,98,OTRAS CAUSAS,0,ARTURO PRAT,0,MARTINEZ DE ROZAS,ARTURO PRAT - MARTINEZ DE ROZAS,0, , , , ,2,2,2,BIDIRECCIONAL,1,CONCRETO,1,BUENO,1,SECO,1,DESPEJADO,0,0,0,0,2
-8133234.287738,-4414737.73723461,236,8680,1370034,-73.0620867,-36.8249691,95,CONCEPCION,0,32185,2021,1370034,REGION BIO BIO,8103,CHIGUAYANTE,ARTURO PRAT,ROZAS,0,"ARTURO PRAT & ROZAS, CHIGUAYANTE",CHILE,GEOMETRIC_CENTER,44410,2021,1370034,1,2021/08/08 00:00:00+00,1899/12/30 00:00:00+00,8,REGION BIO BIO,8103,CHIGUAYANTE,30,COLISION,30,COLISION,1,URBANA,1,TRAMO DE VIA RECTA,13,CAUSAS NO DETERMINADAS,97,CAUSAS NO DETERMINADAS,0,ARTURO PRAT,0,ROZAS,ARTURO PRAT - ROZAS,0, , , , ,3,3,2,BIDIRECCIONAL,1,CONCRETO,1,BUENO,1,SECO,1,DESPEJADO,0,0,0,0,3
-8133234.287738,-4414737.73723461,237,8681,1373157,-73.0620867,-36.8249691,95,CONCEPCION,1,33510,2021,1373157,REGION BIO BIO,8101,CONCEPCION,ARTURO PRAT,MARTINEZ DE ROZAS,0,"ARTURO PRAT & MARTINEZ DE ROZAS, CONCEPCION",CHILE,GEOMETRIC_CENTER,46207,2021,1373157,1,2021/08/15 00:00:00+00,1899/12/30 00:00:00+00,8,REGION BIO BIO,8101,CONCEPCION,30,COLISION,30,COLISION,1,URBANA,1,TRAMO DE VIA RECTA,1,IMPRUDENCIA DEL CONDUCTOR,27,CONDUCCION NO ATENTO CONDICIONES TRANSITO MOMENTO,0,ARTURO PRAT,0,MARTINEZ DE ROZAS,ARTURO PRAT - MARTINEZ DE ROZAS,0, , , , ,2,2,2,BIDIRECCIONAL,1,CONCRETO,1,BUENO,1,SECO,1,DESPEJADO,0,0,0,0,2
-8133234.287738,-4414737.73723461,238,8682,1376567,-73.0620867,-36.8249691,95,CONCEPCION,1,35954,2021,1376567,REGION BIO BIO,8101,CONCEPCION,ARTURO PRAT,MARTINEZ DE ROZAS,0,"ARTURO PRAT & MARTINEZ DE ROZAS, CONCEPCION",CHILE,GEOMETRIC_CENTER,49503,2021,1376567,1,2021/08/29 00:00:00+00,1899/12/30 00:00:00+00,8,REGION BIO BIO,8101,CONCEPCION,50,CHOQUE,40,CHOQUE,1,URBANA,11,CRUCE CON SEMAFORO FUNCIONANDO,7,VELOCIDAD IMPRUDENTE,72,VELOCIDAD NO RAZONABLE NI PRUDENTE,0,ARTURO PRAT,0,MARTINEZ DE ROZAS,ARTURO PRAT - MARTINEZ DE ROZAS,0, , , , ,2,2,2,BIDIRECCIONAL,1,CONCRETO,1,BUENO,1,SECO,1,DESPEJADO,0,0,0,0,2
-8133234.287738,-4414737.73723461,239,8683,1376751,-73.0620867,-36.8249691,95,CONCEPCION,1,37192,2021,1376751,REGION BIO BIO,8101,CONCEPCION,ARTURO PRAT,MARTINEZ DE ROZAS,0,"ARTURO PRAT & MARTINEZ DE ROZAS, CONCEPCION",CHILE,GEOMETRIC_CENTER,51139,2021,1376751,1,2021/09/05 00:00:00+00,1899/12/30 00:00:00+00,8,REGION BIO BIO,8101,CONCEPCION,30,COLISION,30,COLISION,1,URBANA,1,TRAMO DE VIA RECTA,13,CAUSAS NO DETERMINADAS,97,CAUSAS NO DETERMINADAS,0,ARTURO PRAT,0,MARTINEZ DE ROZAS,ARTURO PRAT - MARTINEZ DE ROZAS,0, , , , ,3,3,2,BIDIRECCIONAL,1,CONCRETO,1,BUENO,1,SECO,1,DESPEJADO,0,0,0,0,2
-8133234.287738,-4414737.73723461,240,8684,1390956,-73.0620867,-36.8249691,95,CONCEPCION,0,46499,2021,1390956,REGION BIO BIO,8103,CHIGUAYANTE,ARTURO PRAT,ROZAS,0,"ARTURO PRAT & ROZAS, CHIGUAYANTE",CHILE,GEOMETRIC_CENTER,63495,2021,1390956,1,2021/10/26 00:00:00+00,1899/12/30 00:00:00+00,8,REGION BIO BIO,8103,CHIGUAYANTE,30,COLISION,30,COLISION,1,URBANA,11,CRUCE CON SEMAFORO FUNCIONANDO,1,IMPRUDENCIA DEL CONDUCTOR,27,CONDUCCION NO ATENTO CONDICIONES TRANSITO MOMENTO,0,ARTURO PRAT,0,ROZAS,ARTURO PRAT - ROZAS,0, , , , ,2,2,2,BIDIRECCIONAL,1,CONCRETO,1,BUENO,1,SECO,1,DESPEJADO,0,1,0,2,0
-8130546.85711907,-4414734.1631974,241,8685,1377920,-73.0379451,-36.8249434,95,CONCEPCION,1,37309,2021,1377920,REGION BIO BIO,8101,CONCEPCION,SAN MARTIN, ,1436,"SAN MARTIN 1436, CONCEPCION",CHILE,RANGE_INTERPOLATED,51303,2021,1377920,1,2021/09/06 00:00:00+00,1899/12/30 00:00:00+00,8,REGION BIO BIO,8101,CONCEPCION,53,CHOQUE POSTERIOR,40,CHOQUE,1,URBANA,1,TRAMO DE VIA RECTA,1,IMPRUDENCIA DEL CONDUCTOR,27,CONDUCCION NO ATENTO CONDICIONES TRANSITO MOMENTO,0,SAN MARTIN,0, ,- SAN MARTIN,1436, , , , ,1,0,1,UNIDIRECCIONAL,1,CONCRETO,1,BUENO,1,SECO,2,NUBLADO,0,0,0,0,2
-8134161.34532538,-4414732.64736098,242,8686,1357230,-73.0704146,-36.8249325,95,CONCEPCION,0,23662,2021,1357230,REGION BIO BIO,8103,CHIGUAYANTE,COSTANERA,GUILLERMO MATTA,0,"COSTANERA & GUILLERMO MATTA, CHIGUAYANTE",CHILE,GEOMETRIC_CENTER,32599,2021,1357230,1,2021/06/18 00:00:00+00,1899/12/30 00:00:00+00,8,REGION BIO BIO,8103,CHIGUAYANTE,10,ATROPELLO,10,ATROPELLO,1,URBANA,1,TRAMO DE VIA RECTA,2,IMPRUDENCIA DEL PEATON,55,PEATON CRUZA CALZADA FUERA PASO PEATONES,0,COSTANERA,0,GUILLERMO MATTA,COSTANERA - GUILLERMO MATTA,0, , , , ,3,3,2,BIDIRECCIONAL,1,CONCRETO,1,BUENO,1,SECO,1,DESPEJADO,1,0,0,0,1
-8132513.09328495,-4414730.31102636,243,8687,1399271,-73.0556081,-36.8249157,95,CONCEPCION,0,50078,2021,1399271,REGION BIO BIO,8103,CHIGUAYANTE,LOS CARRERA,LINCOYAN,0,"LOS CARRERA & LINCOYAN, CHIGUAYANTE",CHILE,GEOMETRIC_CENTER,68199,2021,1399271,1,2021/11/13 00:00:00+00,1899/12/30 00:00:00+00,8,REGION BIO BIO,8103,CHIGUAYANTE,50,CHOQUE,40,CHOQUE,1,URBANA,11,CRUCE CON SEMAFORO FUNCIONANDO,13,CAUSAS NO DETERMINADAS,97,CAUSAS NO DETERMINADAS,0,LOS CARRERA,0,LINCOYAN,LINCOYAN - LOS CARRERA,0, , , , ,2,2,2,BIDIRECCIONAL,1,CONCRETO,1,BUENO,1,SECO,1,DESPEJADO,0,0,0,1,1
-8132870.11715583,-4414730.28321285,244,8688,1383074,-73.0588153,-36.8249155,95,CONCEPCION,1,41185,2021,1383074,REGION BIO BIO,8101,CONCEPCION,LAS HERAS,SALAS,0,"LAS HERAS & SALAS, CONCEPCION",CHILE,GEOMETRIC_CENTER,56492,2021,1383074,1,2021/09/27 00:00:00+00,1899/12/30 00:00:00+00,8,REGION BIO BIO,8101,CONCEPCION,30,COLISION,30,COLISION,1,URBANA,1,TRAMO DE VIA RECTA,13,CAUSAS NO DETERMINADAS,97,CAUSAS NO DETERMINADAS,0,LAS HERAS,0,SALAS,LAS HERAS - SALAS,0, , , , ,2,0,1,UNIDIRECCIONAL,1,CONCRETO,1,BUENO,1,SECO,1,DESPEJADO,0,0,0,0,2
-8132870.11715583,-4414730.28321285,245,8689,1402721,-73.0588153,-36.8249155,95,CONCEPCION,1,52767,2021,1402721,REGION BIO BIO,8101,CONCEPCION,OBISPO SALAS,LAS HERAS,0,"OBISPO SALAS & LAS HERAS, CONCEPCION",CHILE,GEOMETRIC_CENTER,71711,2021,1402721,1,2021/11/26 00:00:00+00,1899/12/30 00:00:00+00,8,REGION BIO BIO,8101,CONCEPCION,30,COLISION,30,COLISION,1,URBANA,11,CRUCE CON SEMAFORO FUNCIONANDO,13,CAUSAS NO DETERMINADAS,97,CAUSAS NO DETERMINADAS,0,OBISPO SALAS,0,LAS HERAS,LAS HERAS - OBISPO SALAS,0, , , , ,2,0,1,UNIDIRECCIONAL,1,CONCRETO,1,BUENO,1,SECO,1,DESPEJADO,0,0,0,0,2
-8132389.50638627,-4414728.89253773,246,8690,1366781,-73.0544979,-36.8249055,95,CONCEPCION,1,29813,2021,1366781,REGION BIO BIO,8101,CONCEPCION,RENGO, ,755,"RENGO 755, CONCEPCION",CHILE,RANGE_INTERPOLATED,41236,2021,1366781,1,2021/07/26 00:00:00+00,1899/12/30 00:00:00+00,8,REGION BIO BIO,8101,CONCEPCION,52,CHOQUE LATERAL,40,CHOQUE,1,URBANA,1,TRAMO DE VIA RECTA,1,IMPRUDENCIA DEL CONDUCTOR,14,ADELANTAMIENTO SOBREPASANDO LINEA CONTINUA,0,RENGO,0, ,- RENGO,755, , , , ,3,0,1,UNIDIRECCIONAL,1,CONCRETO,1,BUENO,1,SECO,1,DESPEJADO,0,0,0,0,2
-8132428.40141636,-4414728.53096223,247,8691,1337813,-73.0548473,-36.8249029,95,CONCEPCION,1,9648,2021,1337813,REGION BIO BIO,8101,CONCEPCION,LOS CARRERA, ,420,"LOS CARRERA 420, CONCEPCION",CHILE,RANGE_INTERPOLATED,13448,2021,1337813,1,2021/03/10 00:00:00+00,1899/12/30 00:00:00+00,8,REGION BIO BIO,8101,CONCEPCION,50,CHOQUE,40,CHOQUE,1,URBANA,26,OTROS NO CONSIDERADOS,1,IMPRUDENCIA DEL CONDUCTOR,27,CONDUCCION NO ATENTO CONDICIONES TRANSITO MOMENTO,0,LOS CARRERA,0, ,- LOS CARRERA,420, , , , ,1,1,2,BIDIRECCIONAL,1,CONCRETO,1,BUENO,1,SECO,1,DESPEJADO,0,0,0,0,1
-8132595.24706916,-4414725.38803723,248,8692,1407259,-73.0563461,-36.8248803,95,CONCEPCION,1,57755,2021,1407259,REGION BIO BIO,8101,CONCEPCION,CARRERA, ,357,"CARRERA 357, CONCEPCION",CHILE,RANGE_INTERPOLATED,78410,2021,1407259,1,2021/12/22 00:00:00+00,1899/12/30 00:00:00+00,8,REGION BIO BIO,8101,CONCEPCION,31,COLISION FRONTAL,30,COLISION,1,URBANA,1,TRAMO DE VIA RECTA,1,IMPRUDENCIA DEL CONDUCTOR,27,CONDUCCION NO ATENTO CONDICIONES TRANSITO MOMENTO,0,CARRERA,0, ,- CARRERA,357, , , , ,2,0,1,UNIDIRECCIONAL,2,ASFALTO,1,BUENO,1,SECO,1,DESPEJADO,0,0,0,0,1
-8131522.17170571,-4414725.26287652,249,8693,1370791,-73.0467065,-36.8248794,95,CONCEPCION,1,32396,2021,1370791,REGION BIO BIO,8101,CONCEPCION,BARROS ARANA, ,971,"BARROS ARANA 971, CONCEPCION",CHILE,RANGE_INTERPOLATED,44703,2021,1370791,1,2021/08/09 00:00:00+00,1899/12/30 00:00:00+00,8,REGION BIO BIO,8101,CONCEPCION,10,ATROPELLO,10,ATROPELLO,1,URBANA,1,TRAMO DE VIA RECTA,2,IMPRUDENCIA DEL PEATON,55,PEATON CRUZA CALZADA FUERA PASO PEATONES,0,BARROS ARANA,0, ,- BARROS ARANA,971, , , , ,2,0,1,UNIDIRECCIONAL,1,CONCRETO,1,BUENO,1,SECO,1,DESPEJADO,0,0,0,1,1
-8132225.45485269,-4414719.95050103,250,8694,1349345,-73.0530242,-36.8248412,95,CONCEPCION,1,17415,2021,1349345,REGION BIO BIO,8101,CONCEPCION,MAIPU, ,569,"MAIPU 569, CONCEPCION",CHILE,RANGE_INTERPOLATED,24006,2021,1349345,1,2021/05/10 00:00:00+00,1899/12/30 00:00:00+00,8,REGION BIO BIO,8101,CONCEPCION,34,COLISION PERPENDICULAR,30,COLISION,1,URBANA,1,TRAMO DE VIA RECTA,1,IMPRUDENCIA DEL CONDUCTOR,27,CONDUCCION NO ATENTO CONDICIONES TRANSITO MOMENTO,0,MAIPU,0, ,- MAIPU,569, , , , ,2,0,1,UNIDIRECCIONAL,1,CONCRETO,1,BUENO,1,SECO,1,DESPEJADO,0,0,0,0,2
-8132167.46852994,-4414719.67236627,251,8695,1391255,-73.0525033,-36.8248392,95,CONCEPCION,1,47097,2021,1391255,REGION BIO BIO,8101,CONCEPCION,MAIPU,CAUPOLICAN,0,"MAIPU & CAUPOLICAN, CONCEPCION",CHILE,GEOMETRIC_CENTER,64251,2021,1391255,1,2021/10/29 00:00:00+00,1899/12/30 00:00:00+00,8,REGION BIO BIO,8101,CONCEPCION,10,ATROPELLO,10,ATROPELLO,1,URBANA,11,CRUCE CON SEMAFORO FUNCIONANDO,1,IMPRUDENCIA DEL CONDUCTOR,31,NO RESPETAR DERECHO PREFERENTE DE PASO A PEATON,0,MAIPU,0,CAUPOLICAN,CAUPOLICAN - MAIPU,0, , , , ,2,0,1,UNIDIRECCIONAL,1,CONCRETO,1,BUENO,1,SECO,1,DESPEJADO,0,0,0,1,1
-8132718.45548157,-4414716.15396207,252,8696,1377938,-73.0574529,-36.8248139,95,CONCEPCION,1,37313,2021,1377938,REGION BIO BIO,8101,CONCEPCION,ANGOL, ,861,"ANGOL 861, CONCEPCION",CHILE,RANGE_INTERPOLATED,51308,2021,1377938,1,2021/09/06 00:00:00+00,1899/12/30 00:00:00+00,8,REGION BIO BIO,8101,CONCEPCION,50,CHOQUE,40,CHOQUE,1,URBANA,1,TRAMO DE VIA RECTA,1,IMPRUDENCIA DEL CONDUCTOR,27,CONDUCCION NO ATENTO CONDICIONES TRANSITO MOMENTO,0,ANGOL,0, ,- ANGOL,861, , , , ,2,0,1,UNIDIRECCIONAL,1,CONCRETO,1,BUENO,1,SECO,1,DESPEJADO,0,0,0,0,2
-8132520.295656,-4414715.18049075,253,8697,1366777,-73.0556728,-36.8248069,95,CONCEPCION,1,29864,2021,1366777,REGION BIO BIO,8101,CONCEPCION,LOS CARRERA,LINCOYAN,0,"LOS CARRERA & LINCOYAN, CONCEPCION",CHILE,GEOMETRIC_CENTER,41302,2021,1366777,1,2021/07/26 00:00:00+00,1899/12/30 00:00:00+00,8,REGION BIO BIO,8101,CONCEPCION,32,COLISION LATERAL,30,COLISION,1,URBANA,11,CRUCE CON SEMAFORO FUNCIONANDO,1,IMPRUDENCIA DEL CONDUCTOR,14,ADELANTAMIENTO SOBREPASANDO LINEA CONTINUA,0,LOS CARRERA,0,LINCOYAN,LINCOYAN - LOS CARRERA,0, , , , ,3,3,3,BIDIRECCIONAL CON BANDEJON,1,CONCRETO,1,BUENO,1,SECO,1,DESPEJADO,0,0,0,0,2
-8132520.295656,-4414715.18049075,254,8698,1397194,-73.0556728,-36.8248069,95,CONCEPCION,1,47947,2021,1397194,REGION BIO BIO,8101,CONCEPCION,LINCOYAN,LOS CARRERA,0,"LINCOYAN & LOS CARRERA, CONCEPCION",CHILE,GEOMETRIC_CENTER,65419,2021,1397194,1,2021/11/03 00:00:00+00,1899/12/30 00:00:00+00,8,REGION BIO BIO,8101,CONCEPCION,34,COLISION PERPENDICULAR,30,COLISION,1,URBANA,12,CRUCE CON SEMAFORO APAGADO,1,IMPRUDENCIA DEL CONDUCTOR,32,NO RESPETAR DERECHO PREFERENTE DE PASO A VEHICULO,0,LINCOYAN,0,LOS CARRERA,LINCOYAN - LOS CARRERA,0, , , , ,3,3,3,BIDIRECCIONAL CON BANDEJON,1,CONCRETO,1,BUENO,1,SECO,1,DESPEJADO,0,0,0,0,2
-8132520.295656,-4414715.18049075,255,8699,1397779,-73.0556728,-36.8248069,95,CONCEPCION,1,48490,2021,1397779,REGION BIO BIO,8101,CONCEPCION,LOS CARRERA,LINCOYAN,0,"LOS CARRERA & LINCOYAN, CONCEPCION",CHILE,GEOMETRIC_CENTER,66117,2021,1397779,1,2021/11/05 00:00:00+00,1899/12/30 00:00:00+00,8,REGION BIO BIO,8101,CONCEPCION,52,CHOQUE LATERAL,40,CHOQUE,1,URBANA,11,CRUCE CON SEMAFORO FUNCIONANDO,13,CAUSAS NO DETERMINADAS,97,CAUSAS NO DETERMINADAS,0,LOS CARRERA,0,LINCOYAN,LINCOYAN - LOS CARRERA,0, , , , ,3,0,1,UNIDIRECCIONAL,2,ASFALTO,1,BUENO,1,SECO,1,DESPEJADO,0,0,0,0,1
-8131806.10319893,-4414715.01360997,256,8700,1356780,-73.0492571,-36.8248057,95,CONCEPCION,1,23086,2021,1356780,REGION BIO BIO,8101,CONCEPCION,COLO COLO,FREIRE,0,"COLO COLO & FREIRE, CONCEPCION",CHILE,GEOMETRIC_CENTER,31823,2021,1356780,1,2021/06/15 00:00:00+00,1899/12/30 00:00:00+00,8,REGION BIO BIO,8101,CONCEPCION,32,COLISION LATERAL,30,COLISION,1,URBANA,11,CRUCE CON SEMAFORO FUNCIONANDO,1,IMPRUDENCIA DEL CONDUCTOR,28,CONDUCCION SIN MANTENER DISTANCIA RAZONABLE NI PRUDENTE,0,COLO COLO,0,FREIRE,COLO COLO - FREIRE,0, , , , ,2,0,1,UNIDIRECCIONAL,1,CONCRETO,1,BUENO,1,SECO,1,DESPEJADO,0,0,0,0,2