X,Y,FID,FID_1,LABELID,POINT_X,POINT_Y,FID_2,COMUNAREAL,VAL_COM,OBJECTID,A_O,IDACCIDENT,REGION,COD_COMUN,COMUNA,CALLE_UNO,CALLE_DOS,NUMERO,DIR_GEOCOD,PAIS,TIPO,OBJECTID_1,Año,Idaccide_1,Claseaccid,Fecha,Hora,Cód_Regi,Región,Cód_Comun,Comuna_1,Cód_Tipo_,Tipo_Accid,Cód_Tipo1,Tipo__CONA,Cód_Zona,Zona,Cód_Ubica,Ubicación,Cód_Causa,Causa__CON,Cód_Cau_1,Causa,Cód_Calle,Calle_Un_1,Cód_Cal_1,Calle_Do_1,Intersecci,Número,Ruta,Cód_Ruta,Ubicaci_1,Km_Vía_Fe,Pistas_de_,Pistas_de1,Cód_Calza,Calzada,Cód__Tipo,Tipo_Calza,Cód_Estad,Estado_Cal,Cód_Condi,Condición,Cód_Est_1,Estado_Atm,Fallecidos,Graves,Menos_Grav,Leves,Ilesos
-8131806.10319893,-4414715.01360997,257,8701,1371402,-73.0492571,-36.8248057,95,CONCEPCION,1,32652,2021,1371402,REGION BIO BIO,8101,CONCEPCION,COLO COLO,FREIRE,0,"COLO COLO & FREIRE, CONCEPCION",CHILE,GEOMETRIC_CENTER,45059,2021,1371402,1,2021/08/11 00:00:00+00,1899/12/30 00:00:00+00,8,REGION BIO BIO,8101,CONCEPCION,34,COLISION PERPENDICULAR,30,COLISION,1,URBANA,11,CRUCE CON SEMAFORO FUNCIONANDO,10,DESOBEDIENCIA A SEÑALIZACION,68,SEÑALIZACION DESOBEDECER LUZ INTERMITENTE SEMAFORO,0,COLO COLO,0,FREIRE,COLO COLO - FREIRE,0, , , , ,2,0,1,UNIDIRECCIONAL,1,CONCRETO,1,BUENO,1,SECO,1,DESPEJADO,0,0,0,0,2
-8131806.10319893,-4414715.01360997,258,8702,1373895,-73.0492571,-36.8248057,95,CONCEPCION,1,34318,2021,1373895,REGION BIO BIO,8101,CONCEPCION,FREIRE,COLO COLO,0,"FREIRE & COLO COLO, CONCEPCION",CHILE,GEOMETRIC_CENTER,47305,2021,1373895,1,2021/08/20 00:00:00+00,1899/12/30 00:00:00+00,8,REGION BIO BIO,8101,CONCEPCION,53,CHOQUE POSTERIOR,40,CHOQUE,1,URBANA,11,CRUCE CON SEMAFORO FUNCIONANDO,1,IMPRUDENCIA DEL CONDUCTOR,27,CONDUCCION NO ATENTO CONDICIONES TRANSITO MOMENTO,0,FREIRE,0,COLO COLO,COLO COLO - FREIRE,0, , , , ,2,0,1,UNIDIRECCIONAL,1,CONCRETO,1,BUENO,1,SECO,1,DESPEJADO,0,0,0,0,2
-8131806.10319893,-4414715.01360997,259,8703,1377923,-73.0492571,-36.8248057,95,CONCEPCION,1,37387,2021,1377923,REGION BIO BIO,8101,CONCEPCION,FREIRE,COLO COLO,0,"FREIRE & COLO COLO, CONCEPCION",CHILE,GEOMETRIC_CENTER,51406,2021,1377923,1,2021/09/06 00:00:00+00,1899/12/30 00:00:00+00,8,REGION BIO BIO,8101,CONCEPCION,32,COLISION LATERAL,30,COLISION,1,URBANA,11,CRUCE CON SEMAFORO FUNCIONANDO,1,IMPRUDENCIA DEL CONDUCTOR,28,CONDUCCION SIN MANTENER DISTANCIA RAZONABLE NI PRUDENTE,0,FREIRE,0,COLO COLO,COLO COLO - FREIRE,0, , , , ,2,0,1,UNIDIRECCIONAL,1,CONCRETO,1,BUENO,3,MOJADO,3,LLUVIA,0,0,0,0,2
-8131806.10319893,-4414715.01360997,260,8704,1387181,-73.0492571,-36.8248057,95,CONCEPCION,1,44521,2021,1387181,REGION BIO BIO,8101,CONCEPCION,FREIRE,COLO COLO,0,"FREIRE & COLO COLO, CONCEPCION",CHILE,GEOMETRIC_CENTER,60856,2021,1387181,1,2021/10/15 00:00:00+00,1899/12/30 00:00:00+00,8,REGION BIO BIO,8101,CONCEPCION,50,CHOQUE,40,CHOQUE,1,URBANA,11,CRUCE CON SEMAFORO FUNCIONANDO,1,IMPRUDENCIA DEL CONDUCTOR,27,CONDUCCION NO ATENTO CONDICIONES TRANSITO MOMENTO,0,FREIRE,0,COLO COLO,COLO COLO - FREIRE,0, , , , ,2,0,1,UNIDIRECCIONAL,1,CONCRETO,1,BUENO,1,SECO,1,DESPEJADO,0,0,0,0,2
-8131459.3207212,-4414711.96803606,261,8705,1374926,-73.0461419,-36.8247838,95,CONCEPCION,1,35491,2021,1374926,REGION BIO BIO,8101,CONCEPCION,BARROS ARANA,TUCAPEL,0,"BARROS ARANA & TUCAPEL, CONCEPCION",CHILE,GEOMETRIC_CENTER,48871,2021,1374926,1,2021/08/27 00:00:00+00,1899/12/30 00:00:00+00,8,REGION BIO BIO,8101,CONCEPCION,52,CHOQUE LATERAL,40,CHOQUE,1,URBANA,11,CRUCE CON SEMAFORO FUNCIONANDO,1,IMPRUDENCIA DEL CONDUCTOR,27,CONDUCCION NO ATENTO CONDICIONES TRANSITO MOMENTO,0,BARROS ARANA,0,TUCAPEL,BARROS ARANA - TUCAPEL,0, , , , ,3,0,1,UNIDIRECCIONAL,1,CONCRETO,1,BUENO,1,SECO,2,NUBLADO,0,0,0,0,2
-8131108.40829038,-4414703.92995019,262,8706,1372826,-73.0429896,-36.824726,95,CONCEPCION,1,34386,2021,1372826,REGION BIO BIO,8101,CONCEPCION,O'HIGGINS,ONGOLMO,0,"O'HIGGINS & ONGOLMO, CONCEPCION",CHILE,GEOMETRIC_CENTER,47398,2021,1372826,1,2021/08/20 00:00:00+00,1899/12/30 00:00:00+00,8,REGION BIO BIO,8101,CONCEPCION,32,COLISION LATERAL,30,COLISION,1,URBANA,1,TRAMO DE VIA RECTA,1,IMPRUDENCIA DEL CONDUCTOR,11,ADELANTAMIENTO SIN EL ESPACIO O TIEMPO SUFICIENTE,0,O'HIGGINS,0,ONGOLMO,O'HIGGINS - ONGOLMO,0, , , , ,2,0,1,UNIDIRECCIONAL,1,CONCRETO,1,BUENO,1,SECO,2,NUBLADO,0,0,0,1,1
-8131108.40829038,-4414703.92995019,263,8707,1406243,-73.0429896,-36.824726,95,CONCEPCION,1,57612,2021,1406243,REGION BIO BIO,8101,CONCEPCION,O'HIGGINS,ONGOLMO,0,"O'HIGGINS & ONGOLMO, CONCEPCION",CHILE,GEOMETRIC_CENTER,78226,2021,1406243,1,2021/12/21 00:00:00+00,1899/12/30 00:00:00+00,8,REGION BIO BIO,8101,CONCEPCION,20,CAIDA,20,CAIDA,1,URBANA,1,TRAMO DE VIA RECTA,3,IMPRUDENCIA DEL PASAJERO,41,PASAJERO SUBE O DESCIENDE DE VEHICULO MOVIMIENTO,0,O'HIGGINS,0,ONGOLMO,O'HIGGINS - ONGOLMO,0, , , , ,2,0,1,UNIDIRECCIONAL,1,CONCRETO,1,BUENO,1,SECO,1,DESPEJADO,0,0,0,1,1
-8131268.50798204,-4414696.10047101,264,8708,1408792,-73.0444278,-36.8246697,95,CONCEPCION,1,59031,2021,1408792,REGION BIO BIO,8101,CONCEPCION,OROMPELLO, ,460,"OROMPELLO 460, CONCEPCION",CHILE,RANGE_INTERPOLATED,80216,2021,1408792,1,2021/12/29 00:00:00+00,1899/12/30 00:00:00+00,8,REGION BIO BIO,8101,CONCEPCION,32,COLISION LATERAL,30,COLISION,1,URBANA,1,TRAMO DE VIA RECTA,1,IMPRUDENCIA DEL CONDUCTOR,27,CONDUCCION NO ATENTO CONDICIONES TRANSITO MOMENTO,0,OROMPELLO,0, ,- OROMPELLO,460, , , , ,2,0,1,UNIDIRECCIONAL,1,CONCRETO,1,BUENO,1,SECO,2,NUBLADO,0,0,0,0,2
-8130756.36040074,-4414689.67557411,265,8709,1326315,-73.0398271,-36.8246235,95,CONCEPCION,1,2154,2021,1326315,REGION BIO BIO,8101,CONCEPCION,SAN MARTIN,JANEQUEO,0,"SAN MARTIN & JANEQUEO, CONCEPCION",CHILE,GEOMETRIC_CENTER,2956,2021,1326315,1,2021/01/15 00:00:00+00,1899/12/30 00:00:00+00,8,REGION BIO BIO,8101,CONCEPCION,50,CHOQUE,40,CHOQUE,1,URBANA,1,TRAMO DE VIA RECTA,1,IMPRUDENCIA DEL CONDUCTOR,27,CONDUCCION NO ATENTO CONDICIONES TRANSITO MOMENTO,0,SAN MARTIN,0,JANEQUEO,JANEQUEO - SAN MARTIN,0, , , , ,2,0,1,UNIDIRECCIONAL,1,CONCRETO,1,BUENO,1,SECO,1,DESPEJADO,0,0,0,0,2
-8130756.36040074,-4414689.67557411,266,8710,1347577,-73.0398271,-36.8246235,95,CONCEPCION,1,16375,2021,1347577,REGION BIO BIO,8101,CONCEPCION,JANEQUEO,SAN MARTIN,0,"JANEQUEO & SAN MARTIN, CONCEPCION",CHILE,GEOMETRIC_CENTER,22600,2021,1347577,1,2021/05/03 00:00:00+00,1899/12/30 00:00:00+00,8,REGION BIO BIO,8101,CONCEPCION,53,CHOQUE POSTERIOR,40,CHOQUE,1,URBANA,11,CRUCE CON SEMAFORO FUNCIONANDO,1,IMPRUDENCIA DEL CONDUCTOR,28,CONDUCCION SIN MANTENER DISTANCIA RAZONABLE NI PRUDENTE,0,JANEQUEO,0,SAN MARTIN,JANEQUEO - SAN MARTIN,0, , , , ,2,0,1,UNIDIRECCIONAL,1,CONCRETO,1,BUENO,1,SECO,1,DESPEJADO,0,0,0,1,2
-8130756.36040074,-4414689.67557411,267,8711,1355154,-73.0398271,-36.8246235,95,CONCEPCION,1,22083,2021,1355154,REGION BIO BIO,8101,CONCEPCION,JANEQUEO,SAN MARTIN,0,"JANEQUEO & SAN MARTIN, CONCEPCION",CHILE,GEOMETRIC_CENTER,30438,2021,1355154,1,2021/06/09 00:00:00+00,1899/12/30 00:00:00+00,8,REGION BIO BIO,8101,CONCEPCION,33,COLISION POR ALCANCE,30,COLISION,1,URBANA,11,CRUCE CON SEMAFORO FUNCIONANDO,1,IMPRUDENCIA DEL CONDUCTOR,28,CONDUCCION SIN MANTENER DISTANCIA RAZONABLE NI PRUDENTE,0,JANEQUEO,0,SAN MARTIN,JANEQUEO - SAN MARTIN,0, , , , ,2,0,1,UNIDIRECCIONAL,1,CONCRETO,1,BUENO,3,MOJADO,2,NUBLADO,0,0,0,0,2
-8130756.36040074,-4414689.67557411,268,8712,1359601,-73.0398271,-36.8246235,95,CONCEPCION,1,24655,2021,1359601,REGION BIO BIO,8101,CONCEPCION,SAN MARTIN,JANEQUEO,0,"SAN MARTIN & JANEQUEO, CONCEPCION",CHILE,GEOMETRIC_CENTER,33983,2021,1359601,1,2021/06/25 00:00:00+00,1899/12/30 00:00:00+00,8,REGION BIO BIO,8101,CONCEPCION,20,CAIDA,20,CAIDA,1,URBANA,1,TRAMO DE VIA RECTA,14,OTRAS CAUSAS,98,OTRAS CAUSAS,0,SAN MARTIN,0,JANEQUEO,JANEQUEO - SAN MARTIN,0, , , , ,2,0,1,UNIDIRECCIONAL,1,CONCRETO,1,BUENO,1,SECO,1,DESPEJADO,0,1,0,0,1
-8130783.36650921,-4414673.27958854,269,8713,1407079,-73.0400697,-36.8245056,95,CONCEPCION,1,58339,2021,1407079,REGION BIO BIO,8101,CONCEPCION,JANEQUEO, ,1,"JANEQUEO 1, CONCEPCION",CHILE,RANGE_INTERPOLATED,79223,2021,1407079,1,2021/12/25 00:00:00+00,1899/12/30 00:00:00+00,8,REGION BIO BIO,8101,CONCEPCION,63,CHOQUE FRENTE/POSTERIOR,40,CHOQUE,1,URBANA,1,TRAMO DE VIA RECTA,1,IMPRUDENCIA DEL CONDUCTOR,27,CONDUCCION NO ATENTO CONDICIONES TRANSITO MOMENTO,0,JANEQUEO,0, ,- JANEQUEO,1, , , , ,2,0,1,UNIDIRECCIONAL,1,CONCRETO,1,BUENO,1,SECO,1,DESPEJADO,0,0,0,0,2
-8134277.76324886,-4414665.65873192,270,8714,1362852,-73.0714604,-36.8244508,95,CONCEPCION,0,27298,2021,1362852,REGION BIO BIO,8103,CHIGUAYANTE,TEMISTOCLES ROJAS,COSTANERA,0,"TEMISTOCLES ROJAS & COSTANERA, CHIGUAYANTE",CHILE,GEOMETRIC_CENTER,37652,2021,1362852,1,2021/07/11 00:00:00+00,1899/12/30 00:00:00+00,8,REGION BIO BIO,8103,CHIGUAYANTE,30,COLISION,30,COLISION,1,URBANA,1,TRAMO DE VIA RECTA,1,IMPRUDENCIA DEL CONDUCTOR,27,CONDUCCION NO ATENTO CONDICIONES TRANSITO MOMENTO,0,TEMISTOCLES ROJAS,0,COSTANERA,COSTANERA - TEMISTOCLES ROJAS,0, , , , ,2,2,2,BIDIRECCIONAL,1,CONCRETO,1,BUENO,1,SECO,1,DESPEJADO,0,0,0,0,2
-8134277.76324886,-4414665.65873192,271,8715,1367728,-73.0714604,-36.8244508,95,CONCEPCION,0,29213,2021,1367728,REGION BIO BIO,8103,CHIGUAYANTE,COSTANERA,TEMISTOCLES ROJAS,0,"COSTANERA & TEMISTOCLES ROJAS, CHIGUAYANTE",CHILE,GEOMETRIC_CENTER,40388,2021,1367728,1,2021/07/23 00:00:00+00,1899/12/30 00:00:00+00,8,REGION BIO BIO,8103,CHIGUAYANTE,30,COLISION,30,COLISION,1,URBANA,1,TRAMO DE VIA RECTA,13,CAUSAS NO DETERMINADAS,97,CAUSAS NO DETERMINADAS,0,COSTANERA,0,TEMISTOCLES ROJAS,COSTANERA - TEMISTOCLES ROJAS,0, , , , ,2,2,2,BIDIRECCIONAL,1,CONCRETO,1,BUENO,2,HUMEDO,1,DESPEJADO,0,0,0,2,0
-8134277.76324886,-4414665.65873192,272,8716,1390990,-73.0714604,-36.8244508,95,CONCEPCION,1,46680,2021,1390990,REGION BIO BIO,8101,CONCEPCION,COSTANERA,TEMISTOCLES ROJAS,0,"COSTANERA & TEMISTOCLES ROJAS, CONCEPCION",CHILE,GEOMETRIC_CENTER,63718,2021,1390990,1,2021/10/27 00:00:00+00,1899/12/30 00:00:00+00,8,REGION BIO BIO,8101,CONCEPCION,30,COLISION,30,COLISION,1,URBANA,11,CRUCE CON SEMAFORO FUNCIONANDO,1,IMPRUDENCIA DEL CONDUCTOR,28,CONDUCCION SIN MANTENER DISTANCIA RAZONABLE NI PRUDENTE,0,COSTANERA,0,TEMISTOCLES ROJAS,COSTANERA - TEMISTOCLES ROJAS,0, , , , ,2,2,3,BIDIRECCIONAL CON BANDEJON,1,CONCRETO,1,BUENO,1,SECO,1,DESPEJADO,0,0,0,0,2
-8134277.76324886,-4414665.65873192,273,8717,1390969,-73.0714604,-36.8244508,95,CONCEPCION,1,46682,2021,1390969,REGION BIO BIO,8101,CONCEPCION,COSTANERA,TEMISTOCLES ROJAS,0,"COSTANERA & TEMISTOCLES ROJAS, CONCEPCION",CHILE,GEOMETRIC_CENTER,63720,2021,1390969,1,2021/10/27 00:00:00+00,1899/12/30 00:00:00+00,8,REGION BIO BIO,8101,CONCEPCION,30,COLISION,30,COLISION,1,URBANA,11,CRUCE CON SEMAFORO FUNCIONANDO,12,FALLAS MECANICAS,1,FALLAS MECANICAS FRENOS,0,COSTANERA,0,TEMISTOCLES ROJAS,COSTANERA - TEMISTOCLES ROJAS,0, , , , ,1,1,2,BIDIRECCIONAL,1,CONCRETO,1,BUENO,1,SECO,1,DESPEJADO,0,0,0,0,2
-8132014.70479272,-4414661.51454576,274,8718,1330871,-73.051131,-36.824421,95,CONCEPCION,1,5355,2021,1330871,REGION BIO BIO,8101,CONCEPCION,ANIBAL PINTO, ,672,"ANIBAL PINTO 672, CONCEPCION",CHILE,RANGE_INTERPOLATED,7485,2021,1330871,1,2021/02/09 00:00:00+00,1899/12/30 00:00:00+00,8,REGION BIO BIO,8101,CONCEPCION,51,CHOQUE FRONTAL,40,CHOQUE,1,URBANA,1,TRAMO DE VIA RECTA,10,DESOBEDIENCIA A SEÑALIZACION,62,SEÑALIZACION DESOBEDECER LUZ ROJA DE SEMAFORO,0,ANIBAL PINTO,0, ,- ANIBAL PINTO,672, , , , ,2,0,1,UNIDIRECCIONAL,1,CONCRETO,1,BUENO,1,SECO,2,NUBLADO,1,0,0,0,0
-8132368.45587057,-4414657.52333444,275,8719,1324522,-73.0543088,-36.8243923,95,CONCEPCION,1,766,2021,1324522,REGION BIO BIO,8101,CONCEPCION,RENGO,LOS CARRERA,0,"RENGO & LOS CARRERA, CONCEPCION",CHILE,GEOMETRIC_CENTER,1066,2021,1324522,1,2021/01/06 00:00:00+00,1899/12/30 00:00:00+00,8,REGION BIO BIO,8101,CONCEPCION,32,COLISION LATERAL,30,COLISION,1,URBANA,11,CRUCE CON SEMAFORO FUNCIONANDO,1,IMPRUDENCIA DEL CONDUCTOR,29,CONDUCCION CAMBIAR SORPRESIVAMENTE PISTA CIRCULACION,0,RENGO,0,LOS CARRERA,LOS CARRERA - RENGO,0, , , , ,3,0,1,UNIDIRECCIONAL,1,CONCRETO,1,BUENO,1,SECO,1,DESPEJADO,0,0,0,0,2
-8132368.45587057,-4414657.52333444,276,8720,1330249,-73.0543088,-36.8243923,95,CONCEPCION,1,4801,2021,1330249,REGION BIO BIO,8101,CONCEPCION,LOS CARRERA,RENGO,0,"LOS CARRERA & RENGO, CONCEPCION",CHILE,GEOMETRIC_CENTER,6720,2021,1330249,1,2021/02/04 00:00:00+00,1899/12/30 00:00:00+00,8,REGION BIO BIO,8101,CONCEPCION,32,COLISION LATERAL,30,COLISION,1,URBANA,1,TRAMO DE VIA RECTA,1,IMPRUDENCIA DEL CONDUCTOR,29,CONDUCCION CAMBIAR SORPRESIVAMENTE PISTA CIRCULACION,0,LOS CARRERA,0,RENGO,LOS CARRERA - RENGO,0, , , , ,3,3,3,BIDIRECCIONAL CON BANDEJON,1,CONCRETO,1,BUENO,1,SECO,1,DESPEJADO,0,0,0,0,2
-8132368.45587057,-4414657.52333444,277,8721,1331981,-73.0543088,-36.8243923,95,CONCEPCION,1,5630,2021,1331981,REGION BIO BIO,8101,CONCEPCION,RENGO,LOS CARRERA,0,"RENGO & LOS CARRERA, CONCEPCION",CHILE,GEOMETRIC_CENTER,7853,2021,1331981,1,2021/02/10 00:00:00+00,1899/12/30 00:00:00+00,8,REGION BIO BIO,8101,CONCEPCION,34,COLISION PERPENDICULAR,30,COLISION,1,URBANA,11,CRUCE CON SEMAFORO FUNCIONANDO,10,DESOBEDIENCIA A SEÑALIZACION,62,SEÑALIZACION DESOBEDECER LUZ ROJA DE SEMAFORO,0,RENGO,0,LOS CARRERA,LOS CARRERA - RENGO,0, , , , ,3,3,2,BIDIRECCIONAL,1,CONCRETO,1,BUENO,1,SECO,1,DESPEJADO,0,1,0,3,0
-8132368.45587057,-4414657.52333444,278,8722,1332339,-73.0543088,-36.8243923,95,CONCEPCION,1,6274,2021,1332339,REGION BIO BIO,8101,CONCEPCION,LOS CARRERA,RENGO,0,"LOS CARRERA & RENGO, CONCEPCION",CHILE,GEOMETRIC_CENTER,8763,2021,1332339,1,2021/02/15 00:00:00+00,1899/12/30 00:00:00+00,8,REGION BIO BIO,8101,CONCEPCION,53,CHOQUE POSTERIOR,40,CHOQUE,1,URBANA,11,CRUCE CON SEMAFORO FUNCIONANDO,1,IMPRUDENCIA DEL CONDUCTOR,27,CONDUCCION NO ATENTO CONDICIONES TRANSITO MOMENTO,0,LOS CARRERA,0,RENGO,LOS CARRERA - RENGO,0, , , , ,3,3,3,BIDIRECCIONAL CON BANDEJON,1,CONCRETO,1,BUENO,1,SECO,1,DESPEJADO,0,0,0,0,2
-8132368.45587057,-4414657.52333444,279,8723,1340452,-73.0543088,-36.8243923,95,CONCEPCION,1,11147,2021,1340452,REGION BIO BIO,8101,CONCEPCION,LOS CARRERA,RENGO,0,"LOS CARRERA & RENGO, CONCEPCION",CHILE,GEOMETRIC_CENTER,15450,2021,1340452,1,2021/03/20 00:00:00+00,1899/12/30 00:00:00+00,8,REGION BIO BIO,8101,CONCEPCION,34,COLISION PERPENDICULAR,30,COLISION,1,URBANA,11,CRUCE CON SEMAFORO FUNCIONANDO,10,DESOBEDIENCIA A SEÑALIZACION,62,SEÑALIZACION DESOBEDECER LUZ ROJA DE SEMAFORO,0,LOS CARRERA,0,RENGO,LOS CARRERA - RENGO,0, , , , ,3,3,2,BIDIRECCIONAL,1,CONCRETO,1,BUENO,1,SECO,1,DESPEJADO,0,0,0,2,0
-8132368.45587057,-4414657.52333444,280,8724,1342234,-73.0543088,-36.8243923,95,CONCEPCION,1,12534,2021,1342234,REGION BIO BIO,8101,CONCEPCION,LOS CARRERA,RENGO,0,"LOS CARRERA & RENGO, CONCEPCION",CHILE,GEOMETRIC_CENTER,17325,2021,1342234,1,2021/04/01 00:00:00+00,1899/12/30 00:00:00+00,8,REGION BIO BIO,8101,CONCEPCION,32,COLISION LATERAL,30,COLISION,1,URBANA,1,TRAMO DE VIA RECTA,4,ALCOHOL EN CONDUCTOR,24,CONDUCCION EN ESTADO DE EBRIEDAD,0,LOS CARRERA,0,RENGO,LOS CARRERA - RENGO,0, , , , ,3,3,3,BIDIRECCIONAL CON BANDEJON,1,CONCRETO,1,BUENO,1,SECO,1,DESPEJADO,0,0,0,0,2
-8132368.45587057,-4414657.52333444,281,8725,1373904,-73.0543088,-36.8243923,95,CONCEPCION,1,32830,2021,1373904,REGION BIO BIO,8101,CONCEPCION,LOS CARRERA,RENGO,0,"LOS CARRERA & RENGO, CONCEPCION",CHILE,GEOMETRIC_CENTER,45299,2021,1373904,1,2021/08/12 00:00:00+00,1899/12/30 00:00:00+00,8,REGION BIO BIO,8101,CONCEPCION,53,CHOQUE POSTERIOR,40,CHOQUE,1,URBANA,1,TRAMO DE VIA RECTA,1,IMPRUDENCIA DEL CONDUCTOR,27,CONDUCCION NO ATENTO CONDICIONES TRANSITO MOMENTO,0,LOS CARRERA,0,RENGO,LOS CARRERA - RENGO,0, , , , ,3,3,3,BIDIRECCIONAL CON BANDEJON,1,CONCRETO,1,BUENO,1,SECO,1,DESPEJADO,0,0,0,0,2
-8132368.45587057,-4414657.52333444,282,8726,1379607,-73.0543088,-36.8243923,95,CONCEPCION,1,39010,2021,1379607,REGION BIO BIO,8101,CONCEPCION,LOS CARRERA, ,500,"LOS CARRERA 500, CONCEPCION",CHILE,RANGE_INTERPOLATED,53576,2021,1379607,1,2021/09/15 00:00:00+00,1899/12/30 00:00:00+00,8,REGION BIO BIO,8101,CONCEPCION,32,COLISION LATERAL,30,COLISION,1,URBANA,1,TRAMO DE VIA RECTA,1,IMPRUDENCIA DEL CONDUCTOR,29,CONDUCCION CAMBIAR SORPRESIVAMENTE PISTA CIRCULACION,0,LOS CARRERA,0, ,- LOS CARRERA,500, , , , ,3,3,3,BIDIRECCIONAL CON BANDEJON,1,CONCRETO,1,BUENO,1,SECO,1,DESPEJADO,0,0,0,0,2
-8132368.45587057,-4414657.52333444,283,8727,1379941,-73.0543088,-36.8243923,95,CONCEPCION,1,39455,2021,1379941,REGION BIO BIO,8101,CONCEPCION,LOS CARRERA,RENGO,0,"LOS CARRERA & RENGO, CONCEPCION",CHILE,GEOMETRIC_CENTER,54180,2021,1379941,1,2021/09/17 00:00:00+00,1899/12/30 00:00:00+00,8,REGION BIO BIO,8101,CONCEPCION,34,COLISION PERPENDICULAR,30,COLISION,1,URBANA,11,CRUCE CON SEMAFORO FUNCIONANDO,10,DESOBEDIENCIA A SEÑALIZACION,62,SEÑALIZACION DESOBEDECER LUZ ROJA DE SEMAFORO,0,LOS CARRERA,0,RENGO,LOS CARRERA - RENGO,0, , , , ,3,3,3,BIDIRECCIONAL CON BANDEJON,1,CONCRETO,1,BUENO,1,SECO,1,DESPEJADO,0,0,0,0,2
-8132368.45587057,-4414657.52333444,284,8728,1380095,-73.0543088,-36.8243923,95,CONCEPCION,1,39726,2021,1380095,REGION BIO BIO,8101,CONCEPCION,LOS CARRERA,RENGO,0,"LOS CARRERA & RENGO, CONCEPCION",CHILE,GEOMETRIC_CENTER,54547,2021,1380095,1,2021/09/19 00:00:00+00,1899/12/30 00:00:00+00,8,REGION BIO BIO,8101,CONCEPCION,53,CHOQUE POSTERIOR,40,CHOQUE,1,URBANA,11,CRUCE CON SEMAFORO FUNCIONANDO,1,IMPRUDENCIA DEL CONDUCTOR,28,CONDUCCION SIN MANTENER DISTANCIA RAZONABLE NI PRUDENTE,0,LOS CARRERA,0,RENGO,LOS CARRERA - RENGO,0, , , , ,3,3,3,BIDIRECCIONAL CON BANDEJON,1,CONCRETO,1,BUENO,1,SECO,1,DESPEJADO,0,0,0,0,2
-8132729.00856929,-4414654.82544331,285,8729,1338970,-73.0575477,-36.8243729,95,CONCEPCION,1,9943,2021,1338970,REGION BIO BIO,8101,CONCEPCION,LAS HERAS,ANGOL,0,"LAS HERAS & ANGOL, CONCEPCION",CHILE,GEOMETRIC_CENTER,13842,2021,1338970,1,2021/03/12 00:00:00+00,1899/12/30 00:00:00+00,8,REGION BIO BIO,8101,CONCEPCION,30,COLISION,30,COLISION,1,URBANA,14,CRUCE CON SEÑAL PARE,13,CAUSAS NO DETERMINADAS,97,CAUSAS NO DETERMINADAS,0,LAS HERAS,0,ANGOL,ANGOL - LAS HERAS,0, , , , ,2,0,1,UNIDIRECCIONAL,1,CONCRETO,1,BUENO,1,SECO,1,DESPEJADO,0,0,0,2,0
-8133072.81881661,-4414654.10229736,286,8730,1405858,-73.0606362,-36.8243677,95,CONCEPCION,1,55906,2021,1405858,REGION BIO BIO,8101,CONCEPCION,SERRANO,MARTINEZ DE ROZAS,0,"SERRANO & MARTINEZ DE ROZAS, CONCEPCION",CHILE,GEOMETRIC_CENTER,76005,2021,1405858,1,2021/12/13 00:00:00+00,1899/12/30 00:00:00+00,8,REGION BIO BIO,8101,CONCEPCION,34,COLISION PERPENDICULAR,30,COLISION,1,URBANA,11,CRUCE CON SEMAFORO FUNCIONANDO,10,DESOBEDIENCIA A SEÑALIZACION,62,SEÑALIZACION DESOBEDECER LUZ ROJA DE SEMAFORO,0,SERRANO,0,MARTINEZ DE ROZAS,MARTINEZ DE ROZAS - SERRANO,0, , , , ,2,0,1,UNIDIRECCIONAL,1,CONCRETO,1,BUENO,1,SECO,1,DESPEJADO,0,0,0,0,2
-8131618.28495406,-4414650.25015529,287,8731,1366088,-73.0475699,-36.82434,95,CONCEPCION,1,28101,2021,1366088,REGION BIO BIO,8101,CONCEPCION,CASTELLON, ,566,"CASTELLON 566, CONCEPCION",CHILE,RANGE_INTERPOLATED,38817,2021,1366088,1,2021/07/16 00:00:00+00,1899/12/30 00:00:00+00,8,REGION BIO BIO,8101,CONCEPCION,50,CHOQUE,40,CHOQUE,1,URBANA,1,TRAMO DE VIA RECTA,1,IMPRUDENCIA DEL CONDUCTOR,27,CONDUCCION NO ATENTO CONDICIONES TRANSITO MOMENTO,0,CASTELLON,0, ,- CASTELLON,566, , , , ,2,0,1,UNIDIRECCIONAL,1,CONCRETO,1,BUENO,1,SECO,2,NUBLADO,0,0,0,0,2
-8130795.66731294,-4414648.08071849,288,8732,1376510,-73.0401802,-36.8243244,95,CONCEPCION,1,36595,2021,1376510,REGION BIO BIO,8101,CONCEPCION,CICLOVIA ROOSVELT,SAN MATIN,0,"CICLOVIA ROOSVELT & SAN MATIN, CONCEPCION",CHILE,GEOMETRIC_CENTER,50340,2021,1376510,1,2021/09/02 00:00:00+00,1899/12/30 00:00:00+00,8,REGION BIO BIO,8101,CONCEPCION,10,ATROPELLO,10,ATROPELLO,1,URBANA,1,TRAMO DE VIA RECTA,2,IMPRUDENCIA DEL PEATON,51,PEATON PERMANECE SOBRE LA CALZADA,0,CICLOVIA ROOSVELT,0,SAN MATIN,CICLOVIA ROOSVELT - SAN MATIN,0, , , , ,1,1,2,BIDIRECCIONAL,1,CONCRETO,1,BUENO,1,SECO,1,DESPEJADO,0,0,0,1,1