X,Y,FID,FID_1,LABELID,POINT_X,POINT_Y,FID_2,COMUNAREAL,VAL_COM,OBJECTID,A_O,IDACCIDENT,REGION,COD_COMUN,COMUNA,CALLE_UNO,CALLE_DOS,NUMERO,DIR_GEOCOD,PAIS,TIPO,OBJECTID_1,Año,Idaccide_1,Claseaccid,Fecha,Hora,Cód_Regi,Región,Cód_Comun,Comuna_1,Cód_Tipo_,Tipo_Accid,Cód_Tipo1,Tipo__CONA,Cód_Zona,Zona,Cód_Ubica,Ubicación,Cód_Causa,Causa__CON,Cód_Cau_1,Causa,Cód_Calle,Calle_Un_1,Cód_Cal_1,Calle_Do_1,Intersecci,Número,Ruta,Cód_Ruta,Ubicaci_1,Km_Vía_Fe,Pistas_de_,Pistas_de1,Cód_Calza,Calzada,Cód__Tipo,Tipo_Calza,Cód_Estad,Estado_Cal,Cód_Condi,Condición,Cód_Est_1,Estado_Atm,Fallecidos,Graves,Menos_Grav,Leves,Ilesos
-8132027.42861052,-4414644.71531101,289,8733,1397867,-73.0512453,-36.8243002,95,CONCEPCION,1,48175,2021,1397867,REGION BIO BIO,8101,CONCEPCION,MAIPU,ANIBAL PINTO,0,"MAIPU & ANIBAL PINTO, CONCEPCION",CHILE,GEOMETRIC_CENTER,65718,2021,1397867,1,2021/11/04 00:00:00+00,1899/12/30 00:00:00+00,8,REGION BIO BIO,8101,CONCEPCION,20,CAIDA,20,CAIDA,1,URBANA,1,TRAMO DE VIA RECTA,3,IMPRUDENCIA DEL PASAJERO,42,PASAJERO VIAJA EN PISADERA DE VEHICULO,0,MAIPU,0,ANIBAL PINTO,ANIBAL PINTO - MAIPU,0, , , , ,2,0,1,UNIDIRECCIONAL,1,CONCRETO,1,BUENO,1,SECO,1,DESPEJADO,0,0,0,1,1
-8132027.42861052,-4414644.71531101,290,8734,1398478,-73.0512453,-36.8243002,95,CONCEPCION,1,49798,2021,1398478,REGION BIO BIO,8101,CONCEPCION,MAIPU,ANIBAL PINTO,0,"MAIPU & ANIBAL PINTO, CONCEPCION",CHILE,GEOMETRIC_CENTER,67821,2021,1398478,1,2021/11/12 00:00:00+00,1899/12/30 00:00:00+00,8,REGION BIO BIO,8101,CONCEPCION,30,COLISION,30,COLISION,1,URBANA,1,TRAMO DE VIA RECTA,1,IMPRUDENCIA DEL CONDUCTOR,27,CONDUCCION NO ATENTO CONDICIONES TRANSITO MOMENTO,0,MAIPU,0,ANIBAL PINTO,ANIBAL PINTO - MAIPU,0, , , , ,2,0,1,UNIDIRECCIONAL,1,CONCRETO,1,BUENO,1,SECO,1,DESPEJADO,0,0,0,0,2
-8132161.44614548,-4414640.00096099,291,8735,1406155,-73.0524492,-36.8242663,95,CONCEPCION,1,57335,2021,1406155,REGION BIO BIO,8101,CONCEPCION,CAUPOLICAN, ,772,"CAUPOLICAN 772, CONCEPCION",CHILE,RANGE_INTERPOLATED,77860,2021,1406155,1,2021/12/20 00:00:00+00,1899/12/30 00:00:00+00,8,REGION BIO BIO,8101,CONCEPCION,50,CHOQUE,40,CHOQUE,1,URBANA,26,OTROS NO CONSIDERADOS,1,IMPRUDENCIA DEL CONDUCTOR,27,CONDUCCION NO ATENTO CONDICIONES TRANSITO MOMENTO,0,CAUPOLICAN,0, ,- CAUPOLICAN,772, , , , ,2,0,1,UNIDIRECCIONAL,1,CONCRETO,1,BUENO,1,SECO,1,DESPEJADO,0,0,0,0,2
-8131987.97698298,-4414639.2221895,292,8736,1385561,-73.0508909,-36.8242607,95,CONCEPCION,1,42584,2021,1385561,REGION BIO BIO,8101,CONCEPCION,MAIPU, ,733,"MAIPU 733, CONCEPCION",CHILE,RANGE_INTERPOLATED,58336,2021,1385561,1,2021/10/05 00:00:00+00,1899/12/30 00:00:00+00,8,REGION BIO BIO,8101,CONCEPCION,53,CHOQUE POSTERIOR,40,CHOQUE,1,URBANA,1,TRAMO DE VIA RECTA,1,IMPRUDENCIA DEL CONDUCTOR,27,CONDUCCION NO ATENTO CONDICIONES TRANSITO MOMENTO,0,MAIPU,0, ,- MAIPU,733, , , , ,2,0,1,UNIDIRECCIONAL,1,CONCRETO,1,BUENO,1,SECO,1,DESPEJADO,0,0,0,0,2
-8131669.67003101,-4414637.98449923,293,8737,1350433,-73.0480315,-36.8242518,95,CONCEPCION,1,17845,2021,1350433,REGION BIO BIO,8101,CONCEPCION,CASTELLON,FREIRE,0,"CASTELLON & FREIRE, CONCEPCION",CHILE,GEOMETRIC_CENTER,24574,2021,1350433,1,2021/05/13 00:00:00+00,1899/12/30 00:00:00+00,8,REGION BIO BIO,8101,CONCEPCION,50,CHOQUE,40,CHOQUE,1,URBANA,1,TRAMO DE VIA RECTA,1,IMPRUDENCIA DEL CONDUCTOR,27,CONDUCCION NO ATENTO CONDICIONES TRANSITO MOMENTO,0,CASTELLON,0,FREIRE,CASTELLON - FREIRE,0, , , , ,2,0,1,UNIDIRECCIONAL,1,CONCRETO,1,BUENO,1,SECO,1,DESPEJADO,0,0,0,0,2
-8131669.67003101,-4414637.98449923,294,8738,1379870,-73.0480315,-36.8242518,95,CONCEPCION,1,39182,2021,1379870,REGION BIO BIO,8101,CONCEPCION,FREIRE,CASTELLON,0,"FREIRE & CASTELLON, CONCEPCION",CHILE,GEOMETRIC_CENTER,53809,2021,1379870,1,2021/09/16 00:00:00+00,1899/12/30 00:00:00+00,8,REGION BIO BIO,8101,CONCEPCION,53,CHOQUE POSTERIOR,40,CHOQUE,1,URBANA,11,CRUCE CON SEMAFORO FUNCIONANDO,1,IMPRUDENCIA DEL CONDUCTOR,27,CONDUCCION NO ATENTO CONDICIONES TRANSITO MOMENTO,0,FREIRE,0,CASTELLON,CASTELLON - FREIRE,0, , , , ,2,0,1,UNIDIRECCIONAL,1,CONCRETO,1,BUENO,1,SECO,1,DESPEJADO,0,0,0,0,2
-8131322.88755329,-4414636.7050892,295,8739,1383673,-73.0449163,-36.8242426,95,CONCEPCION,1,34993,2021,1383673,REGION BIO BIO,8101,CONCEPCION,BARROS ARANA,OROMPELLO,0,"BARROS ARANA & OROMPELLO, CONCEPCION",CHILE,GEOMETRIC_CENTER,48239,2021,1383673,1,2021/08/24 00:00:00+00,1899/12/30 00:00:00+00,8,REGION BIO BIO,8101,CONCEPCION,32,COLISION LATERAL,30,COLISION,1,URBANA,1,TRAMO DE VIA RECTA,1,IMPRUDENCIA DEL CONDUCTOR,27,CONDUCCION NO ATENTO CONDICIONES TRANSITO MOMENTO,0,BARROS ARANA,0,OROMPELLO,BARROS ARANA - OROMPELLO,0, , , , ,2,0,1,UNIDIRECCIONAL,1,CONCRETO,1,BUENO,1,SECO,1,DESPEJADO,0,0,0,0,2
-8131950.96325229,-4414635.64818539,296,8740,1406121,-73.0505584,-36.824235,95,CONCEPCION,1,57269,2021,1406121,REGION BIO BIO,8101,CONCEPCION,MAIPU, ,750,"MAIPU 750, CONCEPCION",CHILE,RANGE_INTERPOLATED,77785,2021,1406121,1,2021/12/20 00:00:00+00,1899/12/30 00:00:00+00,8,REGION BIO BIO,8101,CONCEPCION,10,ATROPELLO,10,ATROPELLO,1,URBANA,1,TRAMO DE VIA RECTA,2,IMPRUDENCIA DEL PEATON,55,PEATON CRUZA CALZADA FUERA PASO PEATONES,0,MAIPU,0, ,- MAIPU,750, , , , ,2,0,1,UNIDIRECCIONAL,1,CONCRETO,1,BUENO,1,SECO,1,DESPEJADO,0,0,0,1,1
-8130961.54448617,-4414630.18288181,297,8741,1330182,-73.0416703,-36.8241957,95,CONCEPCION,1,1734,2021,1330182,REGION BIO BIO,8101,CONCEPCION,PAICAVI,O'HIGGINS,0,"PAICAVI & O'HIGGINS, CONCEPCION",CHILE,GEOMETRIC_CENTER,2394,2021,1330182,1,2021/01/12 00:00:00+00,1899/12/30 00:00:00+00,8,REGION BIO BIO,8101,CONCEPCION,53,CHOQUE POSTERIOR,40,CHOQUE,1,URBANA,11,CRUCE CON SEMAFORO FUNCIONANDO,1,IMPRUDENCIA DEL CONDUCTOR,27,CONDUCCION NO ATENTO CONDICIONES TRANSITO MOMENTO,0,PAICAVI,0,O'HIGGINS,O'HIGGINS - PAICAVI,0, , , , ,2,2,3,BIDIRECCIONAL CON BANDEJON,1,CONCRETO,1,BUENO,1,SECO,1,DESPEJADO,0,0,0,0,2
-8130961.54448617,-4414630.18288181,298,8742,1352938,-73.0416703,-36.8241957,95,CONCEPCION,1,20279,2021,1352938,REGION BIO BIO,8101,CONCEPCION,PAICAVI,O'HIGGINS,0,"PAICAVI & O'HIGGINS, CONCEPCION",CHILE,GEOMETRIC_CENTER,27936,2021,1352938,1,2021/05/28 00:00:00+00,1899/12/30 00:00:00+00,8,REGION BIO BIO,8101,CONCEPCION,53,CHOQUE POSTERIOR,40,CHOQUE,1,URBANA,11,CRUCE CON SEMAFORO FUNCIONANDO,1,IMPRUDENCIA DEL CONDUCTOR,28,CONDUCCION SIN MANTENER DISTANCIA RAZONABLE NI PRUDENTE,0,PAICAVI,0,O'HIGGINS,O'HIGGINS - PAICAVI,0, , , , ,3,3,3,BIDIRECCIONAL CON BANDEJON,1,CONCRETO,1,BUENO,3,MOJADO,2,NUBLADO,0,0,0,0,2
-8130961.54448617,-4414630.18288181,299,8743,1387767,-73.0416703,-36.8241957,95,CONCEPCION,1,45060,2021,1387767,REGION BIO BIO,8101,CONCEPCION,PAICAVI,O'HIGGINS,0,"PAICAVI & O'HIGGINS, CONCEPCION",CHILE,GEOMETRIC_CENTER,61614,2021,1387767,1,2021/10/18 00:00:00+00,1899/12/30 00:00:00+00,8,REGION BIO BIO,8101,CONCEPCION,63,CHOQUE FRENTE/POSTERIOR,40,CHOQUE,1,URBANA,11,CRUCE CON SEMAFORO FUNCIONANDO,1,IMPRUDENCIA DEL CONDUCTOR,27,CONDUCCION NO ATENTO CONDICIONES TRANSITO MOMENTO,0,PAICAVI,0,O'HIGGINS,O'HIGGINS - PAICAVI,0, , , , ,2,2,2,BIDIRECCIONAL,1,CONCRETO,1,BUENO,1,SECO,1,DESPEJADO,0,0,0,0,2
-8130961.54448617,-4414630.18288181,300,8744,1405406,-73.0416703,-36.8241957,95,CONCEPCION,1,48013,2021,1405406,REGION BIO BIO,8101,CONCEPCION,PAICAVI,O'HIGGINS,0,"PAICAVI & O'HIGGINS, CONCEPCION",CHILE,GEOMETRIC_CENTER,65499,2021,1405406,1,2021/11/03 00:00:00+00,1899/12/30 00:00:00+00,8,REGION BIO BIO,8101,CONCEPCION,32,COLISION LATERAL,30,COLISION,1,URBANA,11,CRUCE CON SEMAFORO FUNCIONANDO,1,IMPRUDENCIA DEL CONDUCTOR,91,VIRAJES INDEBIDOS,0,PAICAVI,0,O'HIGGINS,O'HIGGINS - PAICAVI,0, , , , ,3,3,3,BIDIRECCIONAL CON BANDEJON,1,CONCRETO,1,BUENO,1,SECO,2,NUBLADO,0,0,0,0,2
-8130961.54448617,-4414630.18288181,301,8745,1393427,-73.0416703,-36.8241957,95,CONCEPCION,1,48372,2021,1393427,REGION BIO BIO,8101,CONCEPCION,PAICAVI,O'HIGGINS,0,"PAICAVI & O'HIGGINS, CONCEPCION",CHILE,GEOMETRIC_CENTER,65963,2021,1393427,1,2021/11/05 00:00:00+00,1899/12/30 00:00:00+00,8,REGION BIO BIO,8101,CONCEPCION,30,COLISION,30,COLISION,1,URBANA,1,TRAMO DE VIA RECTA,13,CAUSAS NO DETERMINADAS,97,CAUSAS NO DETERMINADAS,0,PAICAVI,0,O'HIGGINS,O'HIGGINS - PAICAVI,0, , , , ,3,3,2,BIDIRECCIONAL,1,CONCRETO,1,BUENO,1,SECO,1,DESPEJADO,0,0,0,0,2
-8130961.54448617,-4414630.18288181,302,8746,1405993,-73.0416703,-36.8241957,95,CONCEPCION,1,56075,2021,1405993,REGION BIO BIO,8101,CONCEPCION,PAICAVI,O'HIGGINS,0,"PAICAVI & O'HIGGINS, CONCEPCION",CHILE,GEOMETRIC_CENTER,76235,2021,1405993,1,2021/12/14 00:00:00+00,1899/12/30 00:00:00+00,8,REGION BIO BIO,8101,CONCEPCION,32,COLISION LATERAL,30,COLISION,1,URBANA,11,CRUCE CON SEMAFORO FUNCIONANDO,1,IMPRUDENCIA DEL CONDUCTOR,91,VIRAJES INDEBIDOS,0,PAICAVI,0,O'HIGGINS,O'HIGGINS - PAICAVI,0, , , , ,3,3,3,BIDIRECCIONAL CON BANDEJON,1,CONCRETO,1,BUENO,1,SECO,1,DESPEJADO,0,0,0,0,2
-8131215.55330027,-4414627.7075035,303,8747,1362028,-73.0439521,-36.8241779,95,CONCEPCION,1,26678,2021,1362028,REGION BIO BIO,8101,CONCEPCION,BARROS ARANA, ,1164,"BARROS ARANA 1164, CONCEPCION",CHILE,RANGE_INTERPOLATED,36798,2021,1362028,1,2021/07/08 00:00:00+00,1899/12/30 00:00:00+00,8,REGION BIO BIO,8101,CONCEPCION,52,CHOQUE LATERAL,40,CHOQUE,1,URBANA,1,TRAMO DE VIA RECTA,1,IMPRUDENCIA DEL CONDUCTOR,27,CONDUCCION NO ATENTO CONDICIONES TRANSITO MOMENTO,0,BARROS ARANA,0, ,- BARROS ARANA,1164, , , , ,1,1,2,BIDIRECCIONAL,1,CONCRETO,1,BUENO,3,MOJADO,3,LLUVIA,0,0,0,0,2
-8133039.01108726,-4414627.65187703,304,8748,1405722,-73.0603325,-36.8241775,95,CONCEPCION,0,56410,2021,1405722,REGION BIO BIO,8103,CHIGUAYANTE,JUAN MARTINEZ DE ROZAS, ,129,"JUAN MARTINEZ DE ROZAS 129, CHIGUAYANTE",CHILE,RANGE_INTERPOLATED,76656,2021,1405722,1,2021/12/16 00:00:00+00,1899/12/30 00:00:00+00,8,REGION BIO BIO,8103,CHIGUAYANTE,50,CHOQUE,40,CHOQUE,1,URBANA,11,CRUCE CON SEMAFORO FUNCIONANDO,8,DROGAS Y/O FATIGA EN CONDUCTOR,25,"CONDICIONES FISICAS DEFICIENTES (CANSANCIO, SUEÑO)",0,JUAN MARTINEZ DE ROZAS,0, ,- JUAN MARTINEZ DE ROZAS,129, , , , ,2,0,1,UNIDIRECCIONAL,1,CONCRETO,1,BUENO,1,SECO,1,DESPEJADO,0,0,0,0,1
-8131927.15201321,-4414625.99698961,305,8749,1344819,-73.0503445,-36.8241656,95,CONCEPCION,1,14842,2021,1344819,REGION BIO BIO,8101,CONCEPCION,MAIPU, ,760,"MAIPU 760, CONCEPCION",CHILE,RANGE_INTERPOLATED,20467,2021,1344819,1,2021/04/21 00:00:00+00,1899/12/30 00:00:00+00,8,REGION BIO BIO,8101,CONCEPCION,32,COLISION LATERAL,30,COLISION,1,URBANA,1,TRAMO DE VIA RECTA,1,IMPRUDENCIA DEL CONDUCTOR,29,CONDUCCION CAMBIAR SORPRESIVAMENTE PISTA CIRCULACION,0,MAIPU,0, ,- MAIPU,760, , , , ,2,0,1,UNIDIRECCIONAL,1,CONCRETO,1,BUENO,1,SECO,1,DESPEJADO,0,0,0,0,2
-8130537.07213583,-4414616.7630007,306,8750,1348641,-73.0378572,-36.8240992,95,CONCEPCION,1,17170,2021,1348641,REGION BIO BIO,8101,CONCEPCION,SAN MARTIN, ,1580,"SAN MARTIN 1580, CONCEPCION",CHILE,RANGE_INTERPOLATED,23662,2021,1348641,1,2021/05/08 00:00:00+00,1899/12/30 00:00:00+00,8,REGION BIO BIO,8101,CONCEPCION,50,CHOQUE,40,CHOQUE,1,URBANA,26,OTROS NO CONSIDERADOS,1,IMPRUDENCIA DEL CONDUCTOR,27,CONDUCCION NO ATENTO CONDICIONES TRANSITO MOMENTO,0,SAN MARTIN,0, ,- SAN MARTIN,1580, , , , ,1,1,2,BIDIRECCIONAL,1,CONCRETO,1,BUENO,1,SECO,1,DESPEJADO,0,0,0,0,2
-8131930.41367429,-4414614.99686216,307,8751,1340213,-73.0503738,-36.8240865,95,CONCEPCION,1,11423,2021,1340213,REGION BIO BIO,8101,CONCEPCION,MANUEL RODRIGUEZ,LOS HEROES,0,"MANUEL RODRIGUEZ & LOS HEROES, CONCEPCION",CHILE,GEOMETRIC_CENTER,15834,2021,1340213,1,2021/03/22 00:00:00+00,1899/12/30 00:00:00+00,8,REGION BIO BIO,8101,CONCEPCION,50,CHOQUE,40,CHOQUE,1,URBANA,1,TRAMO DE VIA RECTA,13,CAUSAS NO DETERMINADAS,97,CAUSAS NO DETERMINADAS,0,MANUEL RODRIGUEZ,0,LOS HEROES,LOS HEROES - MANUEL RODRIGUEZ,0, , , , ,2,2,2,BIDIRECCIONAL,1,CONCRETO,1,BUENO,1,SECO,1,DESPEJADO,0,0,0,0,2
-8132536.20321124,-4414606.18008048,308,8752,1402691,-73.0558157,-36.8240231,95,CONCEPCION,1,52340,2021,1402691,REGION BIO BIO,8101,CONCEPCION,LINCOYAN, ,870,"LINCOYAN 870, CONCEPCION",CHILE,RANGE_INTERPOLATED,71151,2021,1402691,1,2021/11/24 00:00:00+00,1899/12/30 00:00:00+00,8,REGION BIO BIO,8101,CONCEPCION,30,COLISION,30,COLISION,1,URBANA,11,CRUCE CON SEMAFORO FUNCIONANDO,13,CAUSAS NO DETERMINADAS,97,CAUSAS NO DETERMINADAS,0,LINCOYAN,0, ,- LINCOYAN,870, , , , ,2,0,1,UNIDIRECCIONAL,1,CONCRETO,1,BUENO,1,SECO,1,DESPEJADO,0,0,0,0,2
-8131129.55899363,-4414604.8867677,309,8753,1380828,-73.0431796,-36.8240138,95,CONCEPCION,1,39891,2021,1380828,REGION BIO BIO,8101,CONCEPCION,ONGOLMO, ,470,"ONGOLMO 470, CONCEPCION",CHILE,RANGE_INTERPOLATED,54807,2021,1380828,1,2021/09/20 00:00:00+00,1899/12/30 00:00:00+00,8,REGION BIO BIO,8101,CONCEPCION,10,ATROPELLO,10,ATROPELLO,1,URBANA,26,OTROS NO CONSIDERADOS,1,IMPRUDENCIA DEL CONDUCTOR,31,NO RESPETAR DERECHO PREFERENTE DE PASO A PEATON,0,ONGOLMO,0, ,- ONGOLMO,470, , , , ,1,0,1,UNIDIRECCIONAL,1,CONCRETO,1,BUENO,1,SECO,1,DESPEJADO,0,0,0,1,1
-8130380.18957745,-4414604.63644911,310,8754,1366759,-73.0364479,-36.824012,95,CONCEPCION,1,29389,2021,1366759,REGION BIO BIO,8101,CONCEPCION,ROOSEVELT, ,1590,"ROOSEVELT 1590, CONCEPCION",CHILE,RANGE_INTERPOLATED,40629,2021,1366759,1,2021/07/24 00:00:00+00,1899/12/30 00:00:00+00,8,REGION BIO BIO,8101,CONCEPCION,50,CHOQUE,40,CHOQUE,1,URBANA,1,TRAMO DE VIA RECTA,4,ALCOHOL EN CONDUCTOR,24,CONDUCCION EN ESTADO DE EBRIEDAD,0,ROOSEVELT,0, ,- ROOSEVELT,1590, , , , ,2,2,2,BIDIRECCIONAL,1,CONCRETO,1,BUENO,1,SECO,2,NUBLADO,0,0,0,0,1
-8132239.13601811,-4414588.90810978,311,8755,1327032,-73.0531471,-36.8238989,95,CONCEPCION,1,2739,2021,1327032,REGION BIO BIO,8101,CONCEPCION,LOS CARRERA,CAUPOLICAN,0,"LOS CARRERA & CAUPOLICAN, CONCEPCION",CHILE,GEOMETRIC_CENTER,3761,2021,1327032,1,2021/01/19 00:00:00+00,1899/12/30 00:00:00+00,8,REGION BIO BIO,8101,CONCEPCION,32,COLISION LATERAL,30,COLISION,1,URBANA,1,TRAMO DE VIA RECTA,13,CAUSAS NO DETERMINADAS,97,CAUSAS NO DETERMINADAS,0,LOS CARRERA,0,CAUPOLICAN,CAUPOLICAN - LOS CARRERA,0, , , , ,3,3,3,BIDIRECCIONAL CON BANDEJON,1,CONCRETO,1,BUENO,1,SECO,1,DESPEJADO,0,1,0,0,1
-8132239.13601811,-4414588.90810978,312,8756,1336042,-73.0531471,-36.8238989,95,CONCEPCION,1,8732,2021,1336042,REGION BIO BIO,8101,CONCEPCION,CAUPOLICAN,LOS CARRERA,0,"CAUPOLICAN & LOS CARRERA, CONCEPCION",CHILE,GEOMETRIC_CENTER,12218,2021,1336042,1,2021/03/04 00:00:00+00,1899/12/30 00:00:00+00,8,REGION BIO BIO,8101,CONCEPCION,32,COLISION LATERAL,30,COLISION,1,URBANA,11,CRUCE CON SEMAFORO FUNCIONANDO,1,IMPRUDENCIA DEL CONDUCTOR,14,ADELANTAMIENTO SOBREPASANDO LINEA CONTINUA,0,CAUPOLICAN,0,LOS CARRERA,CAUPOLICAN - LOS CARRERA,0, , , , ,2,0,1,UNIDIRECCIONAL,1,CONCRETO,1,BUENO,1,SECO,2,NUBLADO,0,0,0,0,2
-8132239.13601811,-4414588.90810978,313,8757,1370789,-73.0531471,-36.8238989,95,CONCEPCION,1,31372,2021,1370789,REGION BIO BIO,8101,CONCEPCION,CAUPOLICAN,LOS CARRERA,0,"CAUPOLICAN & LOS CARRERA, CONCEPCION",CHILE,GEOMETRIC_CENTER,43323,2021,1370789,1,2021/08/04 00:00:00+00,1899/12/30 00:00:00+00,8,REGION BIO BIO,8101,CONCEPCION,32,COLISION LATERAL,30,COLISION,1,URBANA,11,CRUCE CON SEMAFORO FUNCIONANDO,1,IMPRUDENCIA DEL CONDUCTOR,27,CONDUCCION NO ATENTO CONDICIONES TRANSITO MOMENTO,0,CAUPOLICAN,0,LOS CARRERA,CAUPOLICAN - LOS CARRERA,0, , , , ,2,0,1,UNIDIRECCIONAL,1,CONCRETO,1,BUENO,1,SECO,1,DESPEJADO,0,0,0,0,2
-8132239.13601811,-4414588.90810978,314,8758,1375919,-73.0531471,-36.8238989,95,CONCEPCION,1,34525,2021,1375919,REGION BIO BIO,8101,CONCEPCION,LOS CARRERA,CAUPOLICAN,0,"LOS CARRERA & CAUPOLICAN, CONCEPCION",CHILE,GEOMETRIC_CENTER,47591,2021,1375919,1,2021/08/21 00:00:00+00,1899/12/30 00:00:00+00,8,REGION BIO BIO,8101,CONCEPCION,30,COLISION,30,COLISION,1,URBANA,11,CRUCE CON SEMAFORO FUNCIONANDO,1,IMPRUDENCIA DEL CONDUCTOR,27,CONDUCCION NO ATENTO CONDICIONES TRANSITO MOMENTO,0,LOS CARRERA,0,CAUPOLICAN,CAUPOLICAN - LOS CARRERA,0, , , , ,3,3,2,BIDIRECCIONAL,1,CONCRETO,1,BUENO,1,SECO,1,DESPEJADO,0,0,0,0,2
-8132239.13601811,-4414588.90810978,315,8759,1406138,-73.0531471,-36.8238989,95,CONCEPCION,1,57413,2021,1406138,REGION BIO BIO,8101,CONCEPCION,CAUPOLICAN,LOS CARRERA,0,"CAUPOLICAN & LOS CARRERA, CONCEPCION",CHILE,GEOMETRIC_CENTER,77967,2021,1406138,1,2021/12/20 00:00:00+00,1899/12/30 00:00:00+00,8,REGION BIO BIO,8101,CONCEPCION,50,CHOQUE,40,CHOQUE,1,URBANA,11,CRUCE CON SEMAFORO FUNCIONANDO,1,IMPRUDENCIA DEL CONDUCTOR,27,CONDUCCION NO ATENTO CONDICIONES TRANSITO MOMENTO,0,CAUPOLICAN,0,LOS CARRERA,CAUPOLICAN - LOS CARRERA,0, , , , ,2,0,1,UNIDIRECCIONAL,1,CONCRETO,1,BUENO,1,SECO,1,DESPEJADO,0,0,0,0,2
-8131876.36806151,-4414573.6804294,316,8760,1387180,-73.0498883,-36.8237894,95,CONCEPCION,1,44523,2021,1387180,REGION BIO BIO,8101,CONCEPCION,MAIPU,COLO COLO,0,"MAIPU & COLO COLO, CONCEPCION",CHILE,GEOMETRIC_CENTER,60858,2021,1387180,1,2021/10/15 00:00:00+00,1899/12/30 00:00:00+00,8,REGION BIO BIO,8101,CONCEPCION,32,COLISION LATERAL,30,COLISION,1,URBANA,1,TRAMO DE VIA RECTA,1,IMPRUDENCIA DEL CONDUCTOR,27,CONDUCCION NO ATENTO CONDICIONES TRANSITO MOMENTO,0,MAIPU,0,COLO COLO,COLO COLO - MAIPU,0, , , , ,2,0,1,UNIDIRECCIONAL,1,CONCRETO,1,BUENO,1,SECO,1,DESPEJADO,0,0,0,0,2
-8132592.74238061,-4414572.79041039,317,8761,1377763,-73.0563236,-36.823783,95,CONCEPCION,1,37501,2021,1377763,REGION BIO BIO,8101,CONCEPCION,LAS HERAS,LINCOYAN,0,"LAS HERAS & LINCOYAN, CONCEPCION",CHILE,GEOMETRIC_CENTER,51566,2021,1377763,1,2021/09/07 00:00:00+00,1899/12/30 00:00:00+00,8,REGION BIO BIO,8101,CONCEPCION,30,COLISION,30,COLISION,1,URBANA,4,ACERA O BERMA,13,CAUSAS NO DETERMINADAS,97,CAUSAS NO DETERMINADAS,0,LAS HERAS,0,LINCOYAN,LAS HERAS - LINCOYAN,0, , , , ,2,2,3,BIDIRECCIONAL CON BANDEJON,2,ASFALTO,1,BUENO,1,SECO,1,DESPEJADO,0,0,0,1,1
-8132177.50954801,-4414569.21642859,318,8762,1331997,-73.0525935,-36.8237573,95,CONCEPCION,1,5183,2021,1331997,REGION BIO BIO,8101,CONCEPCION,LOS CARRERA,CARDENIO AVELLO,0,"LOS CARRERA & CARDENIO AVELLO, CONCEPCION",CHILE,GEOMETRIC_CENTER,7253,2021,1331997,1,2021/02/07 00:00:00+00,1899/12/30 00:00:00+00,8,REGION BIO BIO,8101,CONCEPCION,32,COLISION LATERAL,30,COLISION,1,URBANA,1,TRAMO DE VIA RECTA,1,IMPRUDENCIA DEL CONDUCTOR,27,CONDUCCION NO ATENTO CONDICIONES TRANSITO MOMENTO,0,LOS CARRERA,0,CARDENIO AVELLO,CARDENIO AVELLO - LOS CARRERA,0, , , , ,3,3,3,BIDIRECCIONAL CON BANDEJON,1,CONCRETO,1,BUENO,1,SECO,1,DESPEJADO,0,0,0,0,2
-8131181.25576515,-4414564.43257934,319,8763,1340852,-73.043644,-36.8237229,95,CONCEPCION,1,12194,2021,1340852,REGION BIO BIO,8101,CONCEPCION,ONGOLMO,BARROS ARANA,0,"ONGOLMO & BARROS ARANA, CONCEPCION",CHILE,GEOMETRIC_CENTER,16875,2021,1340852,1,2021/03/29 00:00:00+00,1899/12/30 00:00:00+00,8,REGION BIO BIO,8101,CONCEPCION,32,COLISION LATERAL,30,COLISION,1,URBANA,1,TRAMO DE VIA RECTA,1,IMPRUDENCIA DEL CONDUCTOR,29,CONDUCCION CAMBIAR SORPRESIVAMENTE PISTA CIRCULACION,0,ONGOLMO,0,BARROS ARANA,BARROS ARANA - ONGOLMO,0, , , , ,2,0,1,UNIDIRECCIONAL,1,CONCRETO,1,BUENO,1,SECO,1,DESPEJADO,0,0,0,0,2
-8131181.25576515,-4414564.43257934,320,8764,1382286,-73.043644,-36.8237229,95,CONCEPCION,1,40573,2021,1382286,REGION BIO BIO,8101,CONCEPCION,BARROS ARANA,ONGOLMO,0,"BARROS ARANA & ONGOLMO, CONCEPCION",CHILE,GEOMETRIC_CENTER,55692,2021,1382286,1,2021/09/24 00:00:00+00,1899/12/30 00:00:00+00,8,REGION BIO BIO,8101,CONCEPCION,10,ATROPELLO,10,ATROPELLO,1,URBANA,26,OTROS NO CONSIDERADOS,1,IMPRUDENCIA DEL CONDUCTOR,31,NO RESPETAR DERECHO PREFERENTE DE PASO A PEATON,0,BARROS ARANA,0,ONGOLMO,BARROS ARANA - ONGOLMO,0, , , , ,2,0,1,UNIDIRECCIONAL,1,CONCRETO,1,BUENO,1,SECO,1,DESPEJADO,0,0,0,1,1