X,Y,FID,FID_1,LABELID,POINT_X,POINT_Y,FID_2,COMUNAREAL,VAL_COM,OBJECTID,A_O,IDACCIDENT,REGION,COD_COMUN,COMUNA,CALLE_UNO,CALLE_DOS,NUMERO,DIR_GEOCOD,PAIS,TIPO,OBJECTID_1,Año,Idaccide_1,Claseaccid,Fecha,Hora,Cód_Regi,Región,Cód_Comun,Comuna_1,Cód_Tipo_,Tipo_Accid,Cód_Tipo1,Tipo__CONA,Cód_Zona,Zona,Cód_Ubica,Ubicación,Cód_Causa,Causa__CON,Cód_Cau_1,Causa,Cód_Calle,Calle_Un_1,Cód_Cal_1,Calle_Do_1,Intersecci,Número,Ruta,Cód_Ruta,Ubicaci_1,Km_Vía_Fe,Pistas_de_,Pistas_de1,Cód_Calza,Calzada,Cód__Tipo,Tipo_Calza,Cód_Estad,Estado_Cal,Cód_Condi,Condición,Cód_Est_1,Estado_Atm,Fallecidos,Graves,Menos_Grav,Leves,Ilesos
-8131181.25576515,-4414564.43257934,321,8765,1387199,-73.043644,-36.8237229,95,CONCEPCION,1,44716,2021,1387199,REGION BIO BIO,8101,CONCEPCION,ONGOLMO,BARROS ARANA,0,"ONGOLMO & BARROS ARANA, CONCEPCION",CHILE,GEOMETRIC_CENTER,61119,2021,1387199,1,2021/10/16 00:00:00+00,1899/12/30 00:00:00+00,8,REGION BIO BIO,8101,CONCEPCION,34,COLISION PERPENDICULAR,30,COLISION,1,URBANA,15,CRUCE CON SEÑAL CEDA EL PASO,10,DESOBEDIENCIA A SEÑALIZACION,64,SEÑALIZACION DESOBEDECER SEÑAL CEDA EL PASO,0,ONGOLMO,0,BARROS ARANA,BARROS ARANA - ONGOLMO,0, , , , ,2,0,1,UNIDIRECCIONAL,1,CONCRETO,1,BUENO,1,SECO,1,DESPEJADO,0,0,0,0,2
-8131181.25576515,-4414564.43257934,322,8766,1391142,-73.043644,-36.8237229,95,CONCEPCION,1,46738,2021,1391142,REGION BIO BIO,8101,CONCEPCION,BARROS ARANA,ONGOLMO,0,"BARROS ARANA & ONGOLMO, CONCEPCION",CHILE,GEOMETRIC_CENTER,63786,2021,1391142,1,2021/10/27 00:00:00+00,1899/12/30 00:00:00+00,8,REGION BIO BIO,8101,CONCEPCION,34,COLISION PERPENDICULAR,30,COLISION,1,URBANA,15,CRUCE CON SEÑAL CEDA EL PASO,10,DESOBEDIENCIA A SEÑALIZACION,64,SEÑALIZACION DESOBEDECER SEÑAL CEDA EL PASO,0,BARROS ARANA,0,ONGOLMO,BARROS ARANA - ONGOLMO,0, , , , ,2,0,1,UNIDIRECCIONAL,1,CONCRETO,1,BUENO,1,SECO,1,DESPEJADO,0,0,0,0,2
-8131181.25576515,-4414564.43257934,323,8767,1405075,-73.043644,-36.8237229,95,CONCEPCION,1,55316,2021,1405075,REGION BIO BIO,8101,CONCEPCION,ONGOLMO,BARROS ARANA,0,"ONGOLMO & BARROS ARANA, CONCEPCION",CHILE,GEOMETRIC_CENTER,75157,2021,1405075,1,2021/12/10 00:00:00+00,1899/12/30 00:00:00+00,8,REGION BIO BIO,8101,CONCEPCION,10,ATROPELLO,10,ATROPELLO,1,URBANA,26,OTROS NO CONSIDERADOS,1,IMPRUDENCIA DEL CONDUCTOR,31,NO RESPETAR DERECHO PREFERENTE DE PASO A PEATON,0,ONGOLMO,0,BARROS ARANA,BARROS ARANA - ONGOLMO,0, , , , ,2,0,1,UNIDIRECCIONAL,1,CONCRETO,1,BUENO,1,SECO,1,DESPEJADO,0,0,0,1,1
-8130826.48054799,-4414550.20620314,324,8768,1348682,-73.040457,-36.8236206,95,CONCEPCION,1,17443,2021,1348682,REGION BIO BIO,8101,CONCEPCION,JANEQUEO,O'HIGGINS,0,"JANEQUEO & O'HIGGINS, CONCEPCION",CHILE,GEOMETRIC_CENTER,24038,2021,1348682,1,2021/05/10 00:00:00+00,1899/12/30 00:00:00+00,8,REGION BIO BIO,8101,CONCEPCION,10,ATROPELLO,10,ATROPELLO,1,URBANA,11,CRUCE CON SEMAFORO FUNCIONANDO,1,IMPRUDENCIA DEL CONDUCTOR,31,NO RESPETAR DERECHO PREFERENTE DE PASO A PEATON,0,JANEQUEO,0,O'HIGGINS,JANEQUEO - O'HIGGINS,0, , , , ,2,0,1,UNIDIRECCIONAL,1,CONCRETO,1,BUENO,1,SECO,1,DESPEJADO,0,0,0,1,1
-8130870.29589957,-4414537.62081288,325,8769,1376519,-73.0408506,-36.8235301,95,CONCEPCION,1,36813,2021,1376519,REGION BIO BIO,8101,CONCEPCION,O'HIGGINS, ,1365,"O'HIGGINS 1365, CONCEPCION",CHILE,RANGE_INTERPOLATED,50628,2021,1376519,1,2021/09/03 00:00:00+00,1899/12/30 00:00:00+00,8,REGION BIO BIO,8101,CONCEPCION,52,CHOQUE LATERAL,40,CHOQUE,1,URBANA,1,TRAMO DE VIA RECTA,1,IMPRUDENCIA DEL CONDUCTOR,14,ADELANTAMIENTO SOBREPASANDO LINEA CONTINUA,0,O'HIGGINS,0, ,- O'HIGGINS,1365, , , , ,4,0,1,UNIDIRECCIONAL,1,CONCRETO,1,BUENO,1,SECO,2,NUBLADO,0,0,0,0,2
-8131521.24775393,-4414537.41221537,326,8770,1356762,-73.0466982,-36.8235286,95,CONCEPCION,1,23113,2021,1356762,REGION BIO BIO,8101,CONCEPCION,CICLOVIA O'HIGGINS,PRAT,0,"CICLOVIA O'HIGGINS & PRAT, CONCEPCION",CHILE,GEOMETRIC_CENTER,31855,2021,1356762,1,2021/06/15 00:00:00+00,1899/12/30 00:00:00+00,8,REGION BIO BIO,8101,CONCEPCION,50,CHOQUE,40,CHOQUE,1,URBANA,11,CRUCE CON SEMAFORO FUNCIONANDO,1,IMPRUDENCIA DEL CONDUCTOR,93,CONDUCIR VEHICULO EN RETROCESO,0,CICLOVIA O'HIGGINS,0,PRAT,CICLOVIA O'HIGGINS - PRAT,0, , , , ,1,1,2,BIDIRECCIONAL,1,CONCRETO,1,BUENO,1,SECO,1,DESPEJADO,0,0,0,1,1
-8131819.65078095,-4414528.52596553,327,8771,1390308,-73.0493788,-36.8234647,95,CONCEPCION,1,46009,2021,1390308,REGION BIO BIO,8101,CONCEPCION,MAIPU, ,847,"MAIPU 847, CONCEPCION",CHILE,RANGE_INTERPOLATED,62841,2021,1390308,1,2021/10/23 00:00:00+00,1899/12/30 00:00:00+00,8,REGION BIO BIO,8101,CONCEPCION,34,COLISION PERPENDICULAR,30,COLISION,1,URBANA,1,TRAMO DE VIA RECTA,1,IMPRUDENCIA DEL CONDUCTOR,27,CONDUCCION NO ATENTO CONDICIONES TRANSITO MOMENTO,0,MAIPU,0, ,- MAIPU,847, , , , ,3,0,1,UNIDIRECCIONAL,1,CONCRETO,1,BUENO,1,SECO,1,DESPEJADO,0,0,0,0,2
-8132318.16172462,-4414522.32367348,328,8772,1369850,-73.053857,-36.8234201,95,CONCEPCION,1,29960,2021,1369850,REGION BIO BIO,8101,CONCEPCION,LOS CARRERA, ,555,"LOS CARRERA 555, CONCEPCION",CHILE,RANGE_INTERPOLATED,41436,2021,1369850,1,2021/07/27 00:00:00+00,1899/12/30 00:00:00+00,8,REGION BIO BIO,8101,CONCEPCION,30,COLISION,30,COLISION,1,URBANA,1,TRAMO DE VIA RECTA,13,CAUSAS NO DETERMINADAS,97,CAUSAS NO DETERMINADAS,0,LOS CARRERA,0, ,- LOS CARRERA,555, , , , ,3,3,2,BIDIRECCIONAL,1,CONCRETO,1,BUENO,1,SECO,1,DESPEJADO,0,0,0,0,2
-8133143.85178368,-4414514.00760147,329,8773,1336092,-73.0612743,-36.8233603,95,CONCEPCION,1,9037,2021,1336092,REGION BIO BIO,8101,CONCEPCION,MANUEL BULNES,SERRANO,0,"MANUEL BULNES & SERRANO, CONCEPCION",CHILE,GEOMETRIC_CENTER,12630,2021,1336092,1,2021/03/06 00:00:00+00,1899/12/30 00:00:00+00,8,REGION BIO BIO,8101,CONCEPCION,30,COLISION,30,COLISION,1,URBANA,1,TRAMO DE VIA RECTA,13,CAUSAS NO DETERMINADAS,97,CAUSAS NO DETERMINADAS,0,MANUEL BULNES,0,SERRANO,MANUEL BULNES - SERRANO,0, , , , ,2,0,1,UNIDIRECCIONAL,1,CONCRETO,1,BUENO,1,SECO,1,DESPEJADO,0,0,0,0,2
-8131920.03869775,-4414509.86347437,330,8774,1356262,-73.0502806,-36.8233305,95,CONCEPCION,0,16035,2021,1356262,REGION BIO BIO,8103,CHIGUAYANTE,SANTA CRUZ,LAGUNA,0,"SANTA CRUZ & LAGUNA, CHIGUAYANTE",CHILE,GEOMETRIC_CENTER,22064,2021,1356262,1,2021/04/30 00:00:00+00,1899/12/30 00:00:00+00,8,REGION BIO BIO,8103,CHIGUAYANTE,30,COLISION,30,COLISION,1,URBANA,1,TRAMO DE VIA RECTA,13,CAUSAS NO DETERMINADAS,97,CAUSAS NO DETERMINADAS,0,SANTA CRUZ,0,LAGUNA,LAGUNA - SANTA CRUZ,0, , , , ,1,1,2,BIDIRECCIONAL,1,CONCRETO,1,BUENO,1,SECO,1,DESPEJADO,0,0,0,0,2
-8131746.5806672,-4414500.57396041,331,8775,1356215,-73.0487224,-36.8232637,95,CONCEPCION,1,22368,2021,1356215,REGION BIO BIO,8101,CONCEPCION,MAIPU,CASTELLON,0,"MAIPU & CASTELLON, CONCEPCION",CHILE,GEOMETRIC_CENTER,30821,2021,1356215,1,2021/06/10 00:00:00+00,1899/12/30 00:00:00+00,8,REGION BIO BIO,8101,CONCEPCION,52,CHOQUE LATERAL,40,CHOQUE,1,URBANA,11,CRUCE CON SEMAFORO FUNCIONANDO,1,IMPRUDENCIA DEL CONDUCTOR,28,CONDUCCION SIN MANTENER DISTANCIA RAZONABLE NI PRUDENTE,0,MAIPU,0,CASTELLON,CASTELLON - MAIPU,0, , , , ,2,0,1,UNIDIRECCIONAL,1,CONCRETO,1,BUENO,1,SECO,1,DESPEJADO,0,0,0,0,2
-8131746.5806672,-4414500.57396041,332,8776,1406889,-73.0487224,-36.8232637,95,CONCEPCION,1,57786,2021,1406889,REGION BIO BIO,8101,CONCEPCION,CASTELLON,MAIPU,0,"CASTELLON & MAIPU, CONCEPCION",CHILE,GEOMETRIC_CENTER,78456,2021,1406889,1,2021/12/22 00:00:00+00,1899/12/30 00:00:00+00,8,REGION BIO BIO,8101,CONCEPCION,62,CHOQUE FRENTE/LADO,40,CHOQUE,1,URBANA,11,CRUCE CON SEMAFORO FUNCIONANDO,1,IMPRUDENCIA DEL CONDUCTOR,27,CONDUCCION NO ATENTO CONDICIONES TRANSITO MOMENTO,0,CASTELLON,0,MAIPU,CASTELLON - MAIPU,0, , , , ,2,0,1,UNIDIRECCIONAL,1,CONCRETO,1,BUENO,1,SECO,1,DESPEJADO,0,0,0,2,1
-8132453.59301712,-4414500.28192493,333,8777,1363999,-73.0550736,-36.8232616,95,CONCEPCION,1,27901,2021,1363999,REGION BIO BIO,8101,CONCEPCION,RENGO,LAS HERAS,0,"RENGO & LAS HERAS, CONCEPCION",CHILE,GEOMETRIC_CENTER,38541,2021,1363999,1,2021/07/15 00:00:00+00,1899/12/30 00:00:00+00,8,REGION BIO BIO,8101,CONCEPCION,30,COLISION,30,COLISION,1,URBANA,26,OTROS NO CONSIDERADOS,13,CAUSAS NO DETERMINADAS,97,CAUSAS NO DETERMINADAS,0,RENGO,0,LAS HERAS,LAS HERAS - RENGO,0, , , , ,2,0,1,UNIDIRECCIONAL,1,CONCRETO,1,BUENO,1,SECO,1,DESPEJADO,0,0,0,0,2
-8132453.59301712,-4414500.28192493,334,8778,1409505,-73.0550736,-36.8232616,95,CONCEPCION,1,59151,2021,1409505,REGION BIO BIO,8101,CONCEPCION,LAS HERAS,RENGO,0,"LAS HERAS & RENGO, CONCEPCION",CHILE,GEOMETRIC_CENTER,80369,2021,1409505,1,2021/12/30 00:00:00+00,1899/12/30 00:00:00+00,8,REGION BIO BIO,8101,CONCEPCION,50,CHOQUE,40,CHOQUE,1,URBANA,1,TRAMO DE VIA RECTA,13,CAUSAS NO DETERMINADAS,97,CAUSAS NO DETERMINADAS,0,LAS HERAS,0,RENGO,LAS HERAS - RENGO,0, , , , ,2,0,1,UNIDIRECCIONAL,1,CONCRETO,1,BUENO,1,SECO,1,DESPEJADO,0,0,0,0,3
-8132102.22417638,-4414500.21239267,335,8779,1329555,-73.0519172,-36.8232611,95,CONCEPCION,1,3844,2021,1329555,REGION BIO BIO,8101,CONCEPCION,LOS CARRERA,ANIBAL PINTO,0,"LOS CARRERA & ANIBAL PINTO, CONCEPCION",CHILE,GEOMETRIC_CENTER,5327,2021,1329555,1,2021/01/28 00:00:00+00,1899/12/30 00:00:00+00,8,REGION BIO BIO,8101,CONCEPCION,30,COLISION,30,COLISION,1,URBANA,11,CRUCE CON SEMAFORO FUNCIONANDO,13,CAUSAS NO DETERMINADAS,97,CAUSAS NO DETERMINADAS,0,LOS CARRERA,0,ANIBAL PINTO,ANIBAL PINTO - LOS CARRERA,0, , , , ,2,2,2,BIDIRECCIONAL,1,CONCRETO,1,BUENO,1,SECO,1,DESPEJADO,0,0,0,1,1
-8132102.22417638,-4414500.21239267,336,8780,1349341,-73.0519172,-36.8232611,95,CONCEPCION,1,17996,2021,1349341,REGION BIO BIO,8101,CONCEPCION,LOS CARRERA,ANIBAL PINTO,0,"LOS CARRERA & ANIBAL PINTO, CONCEPCION",CHILE,GEOMETRIC_CENTER,24758,2021,1349341,1,2021/05/13 00:00:00+00,1899/12/30 00:00:00+00,8,REGION BIO BIO,8101,CONCEPCION,53,CHOQUE POSTERIOR,40,CHOQUE,1,URBANA,11,CRUCE CON SEMAFORO FUNCIONANDO,7,VELOCIDAD IMPRUDENTE,73,"VELOCIDAD NO REDUCIR CRUCE DE CALLES, CUMBRE, CURVA, ETC.",0,LOS CARRERA,0,ANIBAL PINTO,ANIBAL PINTO - LOS CARRERA,0, , , , ,3,3,3,BIDIRECCIONAL CON BANDEJON,1,CONCRETO,1,BUENO,1,SECO,1,DESPEJADO,0,0,0,0,2
-8132102.22417638,-4414500.21239267,337,8781,1372794,-73.0519172,-36.8232611,95,CONCEPCION,1,33987,2021,1372794,REGION BIO BIO,8101,CONCEPCION,LOS CARRERA,ANIBAL PINTO,0,"LOS CARRERA & ANIBAL PINTO, CONCEPCION",CHILE,GEOMETRIC_CENTER,46865,2021,1372794,1,2021/08/18 00:00:00+00,1899/12/30 00:00:00+00,8,REGION BIO BIO,8101,CONCEPCION,32,COLISION LATERAL,30,COLISION,1,URBANA,1,TRAMO DE VIA RECTA,1,IMPRUDENCIA DEL CONDUCTOR,29,CONDUCCION CAMBIAR SORPRESIVAMENTE PISTA CIRCULACION,0,LOS CARRERA,0,ANIBAL PINTO,ANIBAL PINTO - LOS CARRERA,0, , , , ,3,3,3,BIDIRECCIONAL CON BANDEJON,1,CONCRETO,1,BUENO,1,SECO,2,NUBLADO,0,0,0,0,2
-8132102.22417638,-4414500.21239267,338,8782,1390320,-73.0519172,-36.8232611,95,CONCEPCION,1,46364,2021,1390320,REGION BIO BIO,8101,CONCEPCION,ANIBAL PINTO,LOS CARRERA,0,"ANIBAL PINTO & LOS CARRERA, CONCEPCION",CHILE,GEOMETRIC_CENTER,63326,2021,1390320,1,2021/10/25 00:00:00+00,1899/12/30 00:00:00+00,8,REGION BIO BIO,8101,CONCEPCION,10,ATROPELLO,10,ATROPELLO,1,URBANA,11,CRUCE CON SEMAFORO FUNCIONANDO,1,IMPRUDENCIA DEL CONDUCTOR,31,NO RESPETAR DERECHO PREFERENTE DE PASO A PEATON,0,ANIBAL PINTO,0,LOS CARRERA,ANIBAL PINTO - LOS CARRERA,0, , , , ,2,0,1,UNIDIRECCIONAL,1,CONCRETO,1,BUENO,1,SECO,1,DESPEJADO,0,0,0,2,1
-8132102.22417638,-4414500.21239267,339,8783,1400331,-73.0519172,-36.8232611,95,CONCEPCION,1,52128,2021,1400331,REGION BIO BIO,8101,CONCEPCION,ANIBAL PINTO,LOS CARRERA,0,"ANIBAL PINTO & LOS CARRERA, CONCEPCION",CHILE,GEOMETRIC_CENTER,70880,2021,1400331,1,2021/11/23 00:00:00+00,1899/12/30 00:00:00+00,8,REGION BIO BIO,8101,CONCEPCION,32,COLISION LATERAL,30,COLISION,1,URBANA,11,CRUCE CON SEMAFORO FUNCIONANDO,10,DESOBEDIENCIA A SEÑALIZACION,62,SEÑALIZACION DESOBEDECER LUZ ROJA DE SEMAFORO,0,ANIBAL PINTO,0,LOS CARRERA,ANIBAL PINTO - LOS CARRERA,239, , , , ,2,0,1,UNIDIRECCIONAL,2,ASFALTO,1,BUENO,1,SECO,1,DESPEJADO,0,0,0,0,1
-8132102.22417638,-4414500.21239267,340,8784,1398642,-73.0519172,-36.8232611,95,CONCEPCION,1,52136,2021,1398642,REGION BIO BIO,8101,CONCEPCION,LOS CARRERA,ANIBAL PINTO,0,"LOS CARRERA & ANIBAL PINTO, CONCEPCION",CHILE,GEOMETRIC_CENTER,70891,2021,1398642,1,2021/11/23 00:00:00+00,1899/12/30 00:00:00+00,8,REGION BIO BIO,8101,CONCEPCION,63,CHOQUE FRENTE/POSTERIOR,40,CHOQUE,1,URBANA,11,CRUCE CON SEMAFORO FUNCIONANDO,13,CAUSAS NO DETERMINADAS,97,CAUSAS NO DETERMINADAS,0,LOS CARRERA,0,ANIBAL PINTO,ANIBAL PINTO - LOS CARRERA,0, , , , ,2,0,1,UNIDIRECCIONAL,2,ASFALTO,1,BUENO,1,SECO,2,NUBLADO,0,0,0,1,1
-8131392.52902673,-4414496.29077407,341,8785,1399576,-73.0455419,-36.8232329,95,CONCEPCION,1,52823,2021,1399576,REGION BIO BIO,8101,CONCEPCION,FREIRE,OROMPELLO,0,"FREIRE & OROMPELLO, CONCEPCION",CHILE,GEOMETRIC_CENTER,71789,2021,1399576,1,2021/11/27 00:00:00+00,1899/12/30 00:00:00+00,8,REGION BIO BIO,8101,CONCEPCION,53,CHOQUE POSTERIOR,40,CHOQUE,1,URBANA,12,CRUCE CON SEMAFORO APAGADO,1,IMPRUDENCIA DEL CONDUCTOR,27,CONDUCCION NO ATENTO CONDICIONES TRANSITO MOMENTO,0,FREIRE,0,OROMPELLO,FREIRE - OROMPELLO,0, , , , ,2,0,1,UNIDIRECCIONAL,1,CONCRETO,1,BUENO,1,SECO,1,DESPEJADO,0,0,0,0,4
-8131040.58132464,-4414488.46144766,342,8786,1325163,-73.0423803,-36.8231766,95,CONCEPCION,1,1592,2021,1325163,REGION BIO BIO,8101,CONCEPCION,BARROS ARANA,PAICAVI,0,"BARROS ARANA & PAICAVI, CONCEPCION",CHILE,GEOMETRIC_CENTER,2193,2021,1325163,1,2021/01/11 00:00:00+00,1899/12/30 00:00:00+00,8,REGION BIO BIO,8101,CONCEPCION,34,COLISION PERPENDICULAR,30,COLISION,1,URBANA,11,CRUCE CON SEMAFORO FUNCIONANDO,1,IMPRUDENCIA DEL CONDUCTOR,91,VIRAJES INDEBIDOS,0,BARROS ARANA,0,PAICAVI,BARROS ARANA - PAICAVI,0, , , , ,3,3,2,BIDIRECCIONAL,1,CONCRETO,1,BUENO,1,SECO,1,DESPEJADO,0,0,0,0,2
-8131040.58132464,-4414488.46144766,343,8787,1346292,-73.0423803,-36.8231766,95,CONCEPCION,1,15882,2021,1346292,REGION BIO BIO,8101,CONCEPCION,BARROS ARANA,PAICAVI,0,"BARROS ARANA & PAICAVI, CONCEPCION",CHILE,GEOMETRIC_CENTER,21871,2021,1346292,1,2021/04/29 00:00:00+00,1899/12/30 00:00:00+00,8,REGION BIO BIO,8101,CONCEPCION,53,CHOQUE POSTERIOR,40,CHOQUE,1,URBANA,11,CRUCE CON SEMAFORO FUNCIONANDO,1,IMPRUDENCIA DEL CONDUCTOR,28,CONDUCCION SIN MANTENER DISTANCIA RAZONABLE NI PRUDENTE,0,BARROS ARANA,0,PAICAVI,BARROS ARANA - PAICAVI,0, , , , ,2,0,1,UNIDIRECCIONAL,1,CONCRETO,1,BUENO,1,SECO,1,DESPEJADO,0,0,0,0,2
-8131040.58132464,-4414488.46144766,344,8788,1352889,-73.0423803,-36.8231766,95,CONCEPCION,1,20278,2021,1352889,REGION BIO BIO,8101,CONCEPCION,PAICAVI,BARROS ARANA,0,"PAICAVI & BARROS ARANA, CONCEPCION",CHILE,GEOMETRIC_CENTER,27935,2021,1352889,1,2021/05/28 00:00:00+00,1899/12/30 00:00:00+00,8,REGION BIO BIO,8101,CONCEPCION,53,CHOQUE POSTERIOR,40,CHOQUE,1,URBANA,11,CRUCE CON SEMAFORO FUNCIONANDO,1,IMPRUDENCIA DEL CONDUCTOR,28,CONDUCCION SIN MANTENER DISTANCIA RAZONABLE NI PRUDENTE,0,PAICAVI,0,BARROS ARANA,BARROS ARANA - PAICAVI,0, , , , ,3,3,3,BIDIRECCIONAL CON BANDEJON,1,CONCRETO,1,BUENO,3,MOJADO,2,NUBLADO,0,0,0,0,2
-8131040.58132464,-4414488.46144766,345,8789,1353302,-73.0423803,-36.8231766,95,CONCEPCION,1,20715,2021,1353302,REGION BIO BIO,8101,CONCEPCION,BARROS ARANA,PAICAVI,0,"BARROS ARANA & PAICAVI, CONCEPCION",CHILE,GEOMETRIC_CENTER,28551,2021,1353302,1,2021/05/31 00:00:00+00,1899/12/30 00:00:00+00,8,REGION BIO BIO,8101,CONCEPCION,10,ATROPELLO,10,ATROPELLO,1,URBANA,11,CRUCE CON SEMAFORO FUNCIONANDO,1,IMPRUDENCIA DEL CONDUCTOR,31,NO RESPETAR DERECHO PREFERENTE DE PASO A PEATON,0,BARROS ARANA,0,PAICAVI,BARROS ARANA - PAICAVI,0, , , , ,2,0,1,UNIDIRECCIONAL,1,CONCRETO,1,BUENO,1,SECO,3,LLUVIA,0,0,0,1,1
-8131040.58132464,-4414488.46144766,346,8790,1359623,-73.0423803,-36.8231766,95,CONCEPCION,1,25032,2021,1359623,REGION BIO BIO,8101,CONCEPCION,BARROS ARANA,PAICAVI,0,"BARROS ARANA & PAICAVI, CONCEPCION",CHILE,GEOMETRIC_CENTER,34546,2021,1359623,1,2021/06/28 00:00:00+00,1899/12/30 00:00:00+00,8,REGION BIO BIO,8101,CONCEPCION,34,COLISION PERPENDICULAR,30,COLISION,1,URBANA,11,CRUCE CON SEMAFORO FUNCIONANDO,10,DESOBEDIENCIA A SEÑALIZACION,68,SEÑALIZACION DESOBEDECER LUZ INTERMITENTE SEMAFORO,0,BARROS ARANA,0,PAICAVI,BARROS ARANA - PAICAVI,0, , , , ,2,0,1,UNIDIRECCIONAL,1,CONCRETO,1,BUENO,1,SECO,1,DESPEJADO,0,0,1,1,2
-8131040.58132464,-4414488.46144766,347,8791,1377347,-73.0423803,-36.8231766,95,CONCEPCION,1,37207,2021,1377347,REGION BIO BIO,8101,CONCEPCION,PAICAVI,BARROS ARANA,0,"PAICAVI & BARROS ARANA, CONCEPCION",CHILE,GEOMETRIC_CENTER,51161,2021,1377347,1,2021/09/05 00:00:00+00,1899/12/30 00:00:00+00,8,REGION BIO BIO,8101,CONCEPCION,53,CHOQUE POSTERIOR,40,CHOQUE,1,URBANA,11,CRUCE CON SEMAFORO FUNCIONANDO,1,IMPRUDENCIA DEL CONDUCTOR,27,CONDUCCION NO ATENTO CONDICIONES TRANSITO MOMENTO,0,PAICAVI,0,BARROS ARANA,BARROS ARANA - PAICAVI,0, , , , ,3,3,3,BIDIRECCIONAL CON BANDEJON,1,CONCRETO,1,BUENO,1,SECO,1,DESPEJADO,0,0,1,0,2
-8128626.69609043,-4414488.23894469,348,8792,1381776,-73.020696,-36.823175,95,CONCEPCION,1,40797,2021,1381776,REGION BIO BIO,8101,CONCEPCION,VILLA UNIVERSITARIA,CALLE SEIS,0,"VILLA UNIVERSITARIA & CALLE SEIS, CONCEPCION",CHILE,GEOMETRIC_CENTER,55992,2021,1381776,1,2021/09/25 00:00:00+00,1899/12/30 00:00:00+00,8,REGION BIO BIO,8101,CONCEPCION,50,CHOQUE,40,CHOQUE,1,URBANA,11,CRUCE CON SEMAFORO FUNCIONANDO,13,CAUSAS NO DETERMINADAS,97,CAUSAS NO DETERMINADAS,0,VILLA UNIVERSITARIA,0,CALLE SEIS,CALLE SEIS - VILLA UNIVERSITARIA,0, , , , ,2,2,2,BIDIRECCIONAL,1,CONCRETO,1,BUENO,1,SECO,1,DESPEJADO,0,0,0,0,2
-8131673.94469945,-4414481.23010334,349,8793,1357377,-73.0480699,-36.8231246,95,CONCEPCION,1,23918,2021,1357377,REGION BIO BIO,8101,CONCEPCION,MAIPU, ,946,"MAIPU 946, CONCEPCION",CHILE,RANGE_INTERPOLATED,32963,2021,1357377,1,2021/06/20 00:00:00+00,1899/12/30 00:00:00+00,8,REGION BIO BIO,8101,CONCEPCION,52,CHOQUE LATERAL,40,CHOQUE,1,URBANA,1,TRAMO DE VIA RECTA,1,IMPRUDENCIA DEL CONDUCTOR,14,ADELANTAMIENTO SOBREPASANDO LINEA CONTINUA,0,MAIPU,0, ,- MAIPU,946, , , , ,2,0,1,UNIDIRECCIONAL,1,CONCRETO,1,BUENO,1,SECO,2,NUBLADO,0,0,0,0,2
-8130680.96370963,-4414474.3742372,350,8794,1383659,-73.0391498,-36.8230753,95,CONCEPCION,1,41563,2021,1383659,REGION BIO BIO,8101,CONCEPCION,O'HIGGINS,LAUTARO,0,"O'HIGGINS & LAUTARO, CONCEPCION",CHILE,GEOMETRIC_CENTER,56958,2021,1383659,1,2021/09/30 00:00:00+00,1899/12/30 00:00:00+00,8,REGION BIO BIO,8101,CONCEPCION,20,CAIDA,20,CAIDA,1,URBANA,1,TRAMO DE VIA RECTA,3,IMPRUDENCIA DEL PASAJERO,41,PASAJERO SUBE O DESCIENDE DE VEHICULO MOVIMIENTO,0,O'HIGGINS,0,LAUTARO,LAUTARO - O'HIGGINS,0, , , , ,2,0,1,UNIDIRECCIONAL,1,CONCRETO,1,BUENO,1,SECO,1,DESPEJADO,0,0,0,1,1
-8131709.85636718,-4414471.21748085,351,8795,1399436,-73.0483925,-36.8230526,95,CONCEPCION,1,52070,2021,1399436,REGION BIO BIO,8101,CONCEPCION,MAIPU, ,921,"MAIPU 921, CONCEPCION",CHILE,RANGE_INTERPOLATED,70803,2021,1399436,1,2021/11/23 00:00:00+00,1899/12/30 00:00:00+00,8,REGION BIO BIO,8101,CONCEPCION,50,CHOQUE,40,CHOQUE,1,URBANA,26,OTROS NO CONSIDERADOS,1,IMPRUDENCIA DEL CONDUCTOR,27,CONDUCCION NO ATENTO CONDICIONES TRANSITO MOMENTO,0,MAIPU,0, ,- MAIPU,921, , , , ,1,1,2,BIDIRECCIONAL,1,CONCRETO,1,BUENO,1,SECO,1,DESPEJADO,0,0,0,0,2
-8127285.25169857,-4414469.04808055,352,8796,1387119,-73.0086456,-36.823037,95,CONCEPCION,1,44026,2021,1387119,REGION BIO BIO,8101,CONCEPCION,CAMINO NONGUEN,CENTRAL,0,"CAMINO NONGUEN & CENTRAL, CONCEPCION",CHILE,GEOMETRIC_CENTER,60227,2021,1387119,1,2021/10/12 00:00:00+00,1899/12/30 00:00:00+00,8,REGION BIO BIO,8101,CONCEPCION,53,CHOQUE POSTERIOR,40,CHOQUE,1,URBANA,1,TRAMO DE VIA RECTA,1,IMPRUDENCIA DEL CONDUCTOR,28,CONDUCCION SIN MANTENER DISTANCIA RAZONABLE NI PRUDENTE,0,CAMINO NONGUEN,0,CENTRAL,CAMINO NONGUEN - CENTRAL,0, , , , ,1,1,2,BIDIRECCIONAL,1,CONCRETO,1,BUENO,1,SECO,1,DESPEJADO,0,0,0,0,2