X,Y,FID,FID_1,LABELID,POINT_X,POINT_Y,FID_2,COMUNAREAL,VAL_COM,OBJECTID,A_O,IDACCIDENT,REGION,COD_COMUN,COMUNA,CALLE_UNO,CALLE_DOS,NUMERO,DIR_GEOCOD,PAIS,TIPO,OBJECTID_1,Año,Idaccide_1,Claseaccid,Fecha,Hora,Cód_Regi,Región,Cód_Comun,Comuna_1,Cód_Tipo_,Tipo_Accid,Cód_Tipo1,Tipo__CONA,Cód_Zona,Zona,Cód_Ubica,Ubicación,Cód_Causa,Causa__CON,Cód_Cau_1,Causa,Cód_Calle,Calle_Un_1,Cód_Cal_1,Calle_Do_1,Intersecci,Número,Ruta,Cód_Ruta,Ubicaci_1,Km_Vía_Fe,Pistas_de_,Pistas_de1,Cód_Calza,Calzada,Cód__Tipo,Tipo_Calza,Cód_Estad,Estado_Cal,Cód_Condi,Condición,Cód_Est_1,Estado_Atm,Fallecidos,Graves,Menos_Grav,Leves,Ilesos
-8130102.7591425,-4414462.63722713,353,8797,1349336,-73.0339557,-36.8229909,95,CONCEPCION,1,17535,2021,1349336,REGION BIO BIO,8101,CONCEPCION,GLEISNER, ,1730,"GLEISNER 1730, CONCEPCION",CHILE,RANGE_INTERPOLATED,24161,2021,1349336,1,2021/05/11 00:00:00+00,1899/12/30 00:00:00+00,8,REGION BIO BIO,8101,CONCEPCION,30,COLISION,30,COLISION,1,URBANA,1,TRAMO DE VIA RECTA,1,IMPRUDENCIA DEL CONDUCTOR,93,CONDUCIR VEHICULO EN RETROCESO,0,GLEISNER,0, ,- GLEISNER,1730, , , , ,1,1,2,BIDIRECCIONAL,1,CONCRETO,1,BUENO,1,SECO,1,DESPEJADO,0,0,0,0,2
-8133369.16243305,-4414454.98870857,354,8798,1329149,-73.0632983,-36.8229359,95,CONCEPCION,1,3518,2021,1329149,REGION BIO BIO,8101,CONCEPCION,ARTURO PRAT,CRUZ,0,"ARTURO PRAT & CRUZ, CONCEPCION",CHILE,GEOMETRIC_CENTER,4841,2021,1329149,1,2021/01/25 00:00:00+00,1899/12/30 00:00:00+00,8,REGION BIO BIO,8101,CONCEPCION,34,COLISION PERPENDICULAR,30,COLISION,1,URBANA,11,CRUCE CON SEMAFORO FUNCIONANDO,10,DESOBEDIENCIA A SEÑALIZACION,62,SEÑALIZACION DESOBEDECER LUZ ROJA DE SEMAFORO,0,ARTURO PRAT,0,CRUZ,ARTURO PRAT - CRUZ,0, , , , ,4,0,1,UNIDIRECCIONAL,1,CONCRETO,1,BUENO,1,SECO,1,DESPEJADO,0,0,0,0,2
-8133369.16243305,-4414454.98870857,355,8799,1336055,-73.0632983,-36.8229359,95,CONCEPCION,1,8641,2021,1336055,REGION BIO BIO,8101,CONCEPCION,ARTURO PRAT,CRUZ,0,"ARTURO PRAT & CRUZ, CONCEPCION",CHILE,GEOMETRIC_CENTER,12109,2021,1336055,1,2021/03/04 00:00:00+00,1899/12/30 00:00:00+00,8,REGION BIO BIO,8101,CONCEPCION,30,COLISION,30,COLISION,1,URBANA,11,CRUCE CON SEMAFORO FUNCIONANDO,13,CAUSAS NO DETERMINADAS,97,CAUSAS NO DETERMINADAS,0,ARTURO PRAT,0,CRUZ,ARTURO PRAT - CRUZ,0, , , , ,3,0,1,UNIDIRECCIONAL,1,CONCRETO,1,BUENO,1,SECO,1,DESPEJADO,0,0,0,0,2
-8133369.16243305,-4414454.98870857,356,8800,1344022,-73.0632983,-36.8229359,95,CONCEPCION,1,14271,2021,1344022,REGION BIO BIO,8101,CONCEPCION,CRUZ,ARTURO PRAT,0,"CRUZ & ARTURO PRAT, CONCEPCION",CHILE,GEOMETRIC_CENTER,19678,2021,1344022,1,2021/04/16 00:00:00+00,1899/12/30 00:00:00+00,8,REGION BIO BIO,8101,CONCEPCION,30,COLISION,30,COLISION,1,URBANA,11,CRUCE CON SEMAFORO FUNCIONANDO,13,CAUSAS NO DETERMINADAS,97,CAUSAS NO DETERMINADAS,0,CRUZ,0,ARTURO PRAT,ARTURO PRAT - CRUZ,0, , , , ,1,1,2,BIDIRECCIONAL,1,CONCRETO,1,BUENO,1,SECO,1,DESPEJADO,0,0,0,0,2
-8133369.16243305,-4414454.98870857,357,8801,1369941,-73.0632983,-36.8229359,95,CONCEPCION,1,30589,2021,1369941,REGION BIO BIO,8101,CONCEPCION,CRUZ,ARTURO PRAT,0,"CRUZ & ARTURO PRAT, CONCEPCION",CHILE,GEOMETRIC_CENTER,42283,2021,1369941,1,2021/07/31 00:00:00+00,1899/12/30 00:00:00+00,8,REGION BIO BIO,8101,CONCEPCION,63,CHOQUE FRENTE/POSTERIOR,40,CHOQUE,1,URBANA,1,TRAMO DE VIA RECTA,4,ALCOHOL EN CONDUCTOR,24,CONDUCCION EN ESTADO DE EBRIEDAD,0,CRUZ,0,ARTURO PRAT,ARTURO PRAT - CRUZ,0, , , , ,1,1,2,BIDIRECCIONAL,1,CONCRETO,1,BUENO,1,SECO,1,DESPEJADO,0,0,0,1,1
-8133369.16243305,-4414454.98870857,358,8802,1373937,-73.0632983,-36.8229359,95,CONCEPCION,1,35138,2021,1373937,REGION BIO BIO,8101,CONCEPCION,ARTURO PRAT,CRUZ,0,"ARTURO PRAT & CRUZ, CONCEPCION",CHILE,GEOMETRIC_CENTER,48420,2021,1373937,1,2021/08/25 00:00:00+00,1899/12/30 00:00:00+00,8,REGION BIO BIO,8101,CONCEPCION,53,CHOQUE POSTERIOR,40,CHOQUE,1,URBANA,11,CRUCE CON SEMAFORO FUNCIONANDO,10,DESOBEDIENCIA A SEÑALIZACION,62,SEÑALIZACION DESOBEDECER LUZ ROJA DE SEMAFORO,0,ARTURO PRAT,0,CRUZ,ARTURO PRAT - CRUZ,0, , , , ,3,0,1,UNIDIRECCIONAL,1,CONCRETO,1,BUENO,3,MOJADO,2,NUBLADO,0,0,0,0,2
-8133369.16243305,-4414454.98870857,359,8803,1376254,-73.0632983,-36.8229359,95,CONCEPCION,1,35904,2021,1376254,REGION BIO BIO,8101,CONCEPCION,GENERAL CRUZ,ARTURO PRAT,0,"GENERAL CRUZ & ARTURO PRAT, CONCEPCION",CHILE,GEOMETRIC_CENTER,49443,2021,1376254,1,2021/08/29 00:00:00+00,1899/12/30 00:00:00+00,8,REGION BIO BIO,8101,CONCEPCION,30,COLISION,30,COLISION,1,URBANA,11,CRUCE CON SEMAFORO FUNCIONANDO,14,OTRAS CAUSAS,98,OTRAS CAUSAS,0,GENERAL CRUZ,0,ARTURO PRAT,ARTURO PRAT - GENERAL CRUZ,0, , , , ,1,1,2,BIDIRECCIONAL,1,CONCRETO,1,BUENO,1,SECO,1,DESPEJADO,0,0,0,0,2
-8133369.16243305,-4414454.98870857,360,8804,1377677,-73.0632983,-36.8229359,95,CONCEPCION,1,37647,2021,1377677,REGION BIO BIO,8101,CONCEPCION,ARTURO PRAT,GENERAL CRUZ,0,"ARTURO PRAT & GENERAL CRUZ, CONCEPCION",CHILE,GEOMETRIC_CENTER,51742,2021,1377677,1,2021/09/07 00:00:00+00,1899/12/30 00:00:00+00,8,REGION BIO BIO,8101,CONCEPCION,50,CHOQUE,40,CHOQUE,1,URBANA,4,ACERA O BERMA,1,IMPRUDENCIA DEL CONDUCTOR,27,CONDUCCION NO ATENTO CONDICIONES TRANSITO MOMENTO,0,ARTURO PRAT,0,GENERAL CRUZ,ARTURO PRAT - GENERAL CRUZ,0, , , , ,2,2,3,BIDIRECCIONAL CON BANDEJON,1,CONCRETO,1,BUENO,1,SECO,2,NUBLADO,1,0,0,0,2
-8133369.16243305,-4414454.98870857,361,8805,1402684,-73.0632983,-36.8229359,95,CONCEPCION,0,52206,2021,1402684,REGION BIO BIO,8103,CHIGUAYANTE,ARTURO PRAT,CRUZ,0,"ARTURO PRAT & CRUZ, CHIGUAYANTE",CHILE,GEOMETRIC_CENTER,70985,2021,1402684,1,2021/11/24 00:00:00+00,1899/12/30 00:00:00+00,8,REGION BIO BIO,8103,CHIGUAYANTE,30,COLISION,30,COLISION,1,URBANA,11,CRUCE CON SEMAFORO FUNCIONANDO,13,CAUSAS NO DETERMINADAS,97,CAUSAS NO DETERMINADAS,0,ARTURO PRAT,0,CRUZ,ARTURO PRAT - CRUZ,0, , , , ,2,0,1,UNIDIRECCIONAL,1,CONCRETO,1,BUENO,1,SECO,1,DESPEJADO,0,0,0,0,2
-8132238.45696922,-4414443.84969411,362,8806,1405259,-73.053141,-36.8228558,95,CONCEPCION,1,55536,2021,1405259,REGION BIO BIO,8101,CONCEPCION,LAS HERAS, ,646,"LAS HERAS 646, CONCEPCION",CHILE,RANGE_INTERPOLATED,75456,2021,1405259,1,2021/12/11 00:00:00+00,1899/12/30 00:00:00+00,8,REGION BIO BIO,8101,CONCEPCION,52,CHOQUE LATERAL,40,CHOQUE,1,URBANA,1,TRAMO DE VIA RECTA,1,IMPRUDENCIA DEL CONDUCTOR,14,ADELANTAMIENTO SOBREPASANDO LINEA CONTINUA,0,LAS HERAS,0, ,- LAS HERAS,646, , , , ,2,0,1,UNIDIRECCIONAL,1,CONCRETO,1,BUENO,1,SECO,1,DESPEJADO,0,0,0,0,2
-8130362.50091037,-4414442.11139702,363,8807,1404324,-73.036289,-36.8228433,95,CONCEPCION,1,54498,2021,1404324,REGION BIO BIO,8101,CONCEPCION,MAC IVER,ROOSEVELT,0,"MAC IVER & ROOSEVELT, CONCEPCION",CHILE,GEOMETRIC_CENTER,74078,2021,1404324,1,2021/12/06 00:00:00+00,1899/12/30 00:00:00+00,8,REGION BIO BIO,8101,CONCEPCION,32,COLISION LATERAL,30,COLISION,1,URBANA,15,CRUCE CON SEÑAL CEDA EL PASO,1,IMPRUDENCIA DEL CONDUCTOR,27,CONDUCCION NO ATENTO CONDICIONES TRANSITO MOMENTO,0,MAC IVER,0,ROOSEVELT,MAC IVER - ROOSEVELT,0, , , , ,2,2,2,BIDIRECCIONAL,1,CONCRETO,2,REGULAR,1,SECO,1,DESPEJADO,0,0,0,1,2
-8132320.15434351,-4414431.84849682,364,8808,1359566,-73.0538749,-36.8227695,95,CONCEPCION,1,25272,2021,1359566,REGION BIO BIO,8101,CONCEPCION,LAS HERAS,CAUPOLICAN,0,"LAS HERAS & CAUPOLICAN, CONCEPCION",CHILE,GEOMETRIC_CENTER,34933,2021,1359566,1,2021/06/29 00:00:00+00,1899/12/30 00:00:00+00,8,REGION BIO BIO,8101,CONCEPCION,30,COLISION,30,COLISION,1,URBANA,1,TRAMO DE VIA RECTA,14,OTRAS CAUSAS,98,OTRAS CAUSAS,0,LAS HERAS,0,CAUPOLICAN,CAUPOLICAN - LAS HERAS,0, , , , ,2,0,1,UNIDIRECCIONAL,1,CONCRETO,1,BUENO,1,SECO,1,DESPEJADO,0,1,0,0,1
-8132320.15434351,-4414431.84849682,365,8809,1402682,-73.0538749,-36.8227695,95,CONCEPCION,1,52217,2021,1402682,REGION BIO BIO,8101,CONCEPCION,LAS HERAS,CAUPOLICAN,0,"LAS HERAS & CAUPOLICAN, CONCEPCION",CHILE,GEOMETRIC_CENTER,71000,2021,1402682,1,2021/11/24 00:00:00+00,1899/12/30 00:00:00+00,8,REGION BIO BIO,8101,CONCEPCION,10,ATROPELLO,10,ATROPELLO,1,URBANA,1,TRAMO DE VIA RECTA,14,OTRAS CAUSAS,98,OTRAS CAUSAS,0,LAS HERAS,0,CAUPOLICAN,CAUPOLICAN - LAS HERAS,0, , , , ,2,0,1,UNIDIRECCIONAL,1,CONCRETO,1,BUENO,1,SECO,1,DESPEJADO,0,0,0,0,2
-8131952.80002389,-4414422.44780017,366,8810,1399315,-73.0505749,-36.8227019,95,CONCEPCION,1,51457,2021,1399315,REGION BIO BIO,8101,CONCEPCION,LOS CARRERA,COLO COLO,0,"LOS CARRERA & COLO COLO, CONCEPCION",CHILE,GEOMETRIC_CENTER,69998,2021,1399315,1,2021/11/20 00:00:00+00,1899/12/30 00:00:00+00,8,REGION BIO BIO,8101,CONCEPCION,32,COLISION LATERAL,30,COLISION,1,URBANA,11,CRUCE CON SEMAFORO FUNCIONANDO,1,IMPRUDENCIA DEL CONDUCTOR,91,VIRAJES INDEBIDOS,0,LOS CARRERA,0,COLO COLO,COLO COLO - LOS CARRERA,0, , , , ,3,3,3,BIDIRECCIONAL CON BANDEJON,1,CONCRETO,1,BUENO,1,SECO,1,DESPEJADO,0,0,0,0,2
-8131952.80002389,-4414422.44780017,367,8811,1402700,-73.0505749,-36.8227019,95,CONCEPCION,1,52497,2021,1402700,REGION BIO BIO,8101,CONCEPCION,LOS CARRERA,COLO COLO,0,"LOS CARRERA & COLO COLO, CONCEPCION",CHILE,GEOMETRIC_CENTER,71360,2021,1402700,1,2021/11/25 00:00:00+00,1899/12/30 00:00:00+00,8,REGION BIO BIO,8101,CONCEPCION,50,CHOQUE,40,CHOQUE,1,URBANA,1,TRAMO DE VIA RECTA,13,CAUSAS NO DETERMINADAS,97,CAUSAS NO DETERMINADAS,0,LOS CARRERA,0,COLO COLO,COLO COLO - LOS CARRERA,0, , , , ,3,3,2,BIDIRECCIONAL,1,CONCRETO,1,BUENO,1,SECO,1,DESPEJADO,0,0,0,0,2
-8131952.80002389,-4414422.44780017,368,8812,1402785,-73.0505749,-36.8227019,95,CONCEPCION,1,53903,2021,1402785,REGION BIO BIO,8101,CONCEPCION,LOS CARRERA,COLO COLO,0,"LOS CARRERA & COLO COLO, CONCEPCION",CHILE,GEOMETRIC_CENTER,73255,2021,1402785,1,2021/12/03 00:00:00+00,1899/12/30 00:00:00+00,8,REGION BIO BIO,8101,CONCEPCION,30,COLISION,30,COLISION,1,URBANA,1,TRAMO DE VIA RECTA,14,OTRAS CAUSAS,98,OTRAS CAUSAS,0,LOS CARRERA,0,COLO COLO,COLO COLO - LOS CARRERA,0, , , , ,2,2,2,BIDIRECCIONAL,1,CONCRETO,1,BUENO,1,SECO,1,DESPEJADO,0,0,0,0,2
-8131952.80002389,-4414422.44780017,369,8813,1402841,-73.0505749,-36.8227019,95,CONCEPCION,1,55189,2021,1402841,REGION BIO BIO,8101,CONCEPCION,LOS CARRERA,COLO COLO,0,"LOS CARRERA & COLO COLO, CONCEPCION",CHILE,GEOMETRIC_CENTER,74985,2021,1402841,1,2021/12/09 00:00:00+00,1899/12/30 00:00:00+00,8,REGION BIO BIO,8101,CONCEPCION,30,COLISION,30,COLISION,1,URBANA,11,CRUCE CON SEMAFORO FUNCIONANDO,13,CAUSAS NO DETERMINADAS,97,CAUSAS NO DETERMINADAS,0,LOS CARRERA,0,COLO COLO,COLO COLO - LOS CARRERA,0, , , , ,3,3,2,BIDIRECCIONAL,1,CONCRETO,1,BUENO,1,SECO,1,DESPEJADO,0,0,0,0,2
-8131255.17190704,-4414416.25947628,370,8814,1325045,-73.044308,-36.8226574,95,CONCEPCION,1,914,2021,1325045,REGION BIO BIO,8101,CONCEPCION,FREIRE,ONGOLMO,0,"FREIRE & ONGOLMO, CONCEPCION",CHILE,GEOMETRIC_CENTER,1255,2021,1325045,1,2021/01/07 00:00:00+00,1899/12/30 00:00:00+00,8,REGION BIO BIO,8101,CONCEPCION,34,COLISION PERPENDICULAR,30,COLISION,1,URBANA,14,CRUCE CON SEÑAL PARE,10,DESOBEDIENCIA A SEÑALIZACION,65,SEÑALIZACION DESOBEDECER SEÑAL PARE,0,FREIRE,0,ONGOLMO,FREIRE - ONGOLMO,0, , , , ,2,0,1,UNIDIRECCIONAL,1,CONCRETO,1,BUENO,1,SECO,1,DESPEJADO,0,0,0,0,2
-8131255.17190704,-4414416.25947628,371,8815,1326271,-73.044308,-36.8226574,95,CONCEPCION,1,1693,2021,1326271,REGION BIO BIO,8101,CONCEPCION,FREIRE,ONGOLMO,0,"FREIRE & ONGOLMO, CONCEPCION",CHILE,GEOMETRIC_CENTER,2338,2021,1326271,1,2021/01/12 00:00:00+00,1899/12/30 00:00:00+00,8,REGION BIO BIO,8101,CONCEPCION,10,ATROPELLO,10,ATROPELLO,1,URBANA,26,OTROS NO CONSIDERADOS,1,IMPRUDENCIA DEL CONDUCTOR,31,NO RESPETAR DERECHO PREFERENTE DE PASO A PEATON,0,FREIRE,0,ONGOLMO,FREIRE - ONGOLMO,0, , , , ,2,0,1,UNIDIRECCIONAL,1,CONCRETO,1,BUENO,1,SECO,1,DESPEJADO,0,0,0,2,1
-8131255.17190704,-4414416.25947628,372,8816,1352131,-73.044308,-36.8226574,95,CONCEPCION,1,19824,2021,1352131,REGION BIO BIO,8101,CONCEPCION,FREIRE,ONGOLMO,0,"FREIRE & ONGOLMO, CONCEPCION",CHILE,GEOMETRIC_CENTER,27280,2021,1352131,1,2021/05/25 00:00:00+00,1899/12/30 00:00:00+00,8,REGION BIO BIO,8101,CONCEPCION,34,COLISION PERPENDICULAR,30,COLISION,1,URBANA,14,CRUCE CON SEÑAL PARE,10,DESOBEDIENCIA A SEÑALIZACION,65,SEÑALIZACION DESOBEDECER SEÑAL PARE,0,FREIRE,0,ONGOLMO,FREIRE - ONGOLMO,0, , , , ,2,0,1,UNIDIRECCIONAL,1,CONCRETO,1,BUENO,1,SECO,1,DESPEJADO,0,0,0,0,2
-8131255.17190704,-4414416.25947628,373,8817,1369507,-73.044308,-36.8226574,95,CONCEPCION,1,31546,2021,1369507,REGION BIO BIO,8101,CONCEPCION,ONGOLMO,FREIRE,0,"ONGOLMO & FREIRE, CONCEPCION",CHILE,GEOMETRIC_CENTER,43556,2021,1369507,1,2021/08/05 00:00:00+00,1899/12/30 00:00:00+00,8,REGION BIO BIO,8101,CONCEPCION,53,CHOQUE POSTERIOR,40,CHOQUE,1,URBANA,14,CRUCE CON SEÑAL PARE,1,IMPRUDENCIA DEL CONDUCTOR,27,CONDUCCION NO ATENTO CONDICIONES TRANSITO MOMENTO,0,ONGOLMO,0,FREIRE,FREIRE - ONGOLMO,0, , , , ,2,0,1,UNIDIRECCIONAL,1,CONCRETO,1,BUENO,1,SECO,2,NUBLADO,0,0,0,0,2
-8130545.03147942,-4414412.39351397,374,8818,1374913,-73.0379287,-36.8226296,95,CONCEPCION,1,35346,2021,1374913,REGION BIO BIO,8101,CONCEPCION,O'HIGGINS,GALVARINO,0,"O'HIGGINS & GALVARINO, CONCEPCION",CHILE,GEOMETRIC_CENTER,48684,2021,1374913,1,2021/08/26 00:00:00+00,1899/12/30 00:00:00+00,8,REGION BIO BIO,8101,CONCEPCION,34,COLISION PERPENDICULAR,30,COLISION,1,URBANA,14,CRUCE CON SEÑAL PARE,10,DESOBEDIENCIA A SEÑALIZACION,65,SEÑALIZACION DESOBEDECER SEÑAL PARE,0,O'HIGGINS,0,GALVARINO,GALVARINO - O'HIGGINS,0, , , , ,2,0,1,UNIDIRECCIONAL,1,CONCRETO,1,BUENO,1,SECO,2,NUBLADO,0,0,0,0,2
-8125842.08355603,-4414412.15710625,375,8819,1383788,-72.9956814,-36.8226279,95,CONCEPCION,1,41994,2021,1383788,REGION BIO BIO,8101,CONCEPCION,CHILE,21 DE MAYO,0,"CHILE & 21 DE MAYO, CONCEPCION",CHILE,GEOMETRIC_CENTER,57515,2021,1383788,1,2021/10/02 00:00:00+00,1899/12/30 00:00:00+00,8,REGION BIO BIO,8101,CONCEPCION,53,CHOQUE POSTERIOR,40,CHOQUE,1,URBANA,1,TRAMO DE VIA RECTA,4,ALCOHOL EN CONDUCTOR,24,CONDUCCION EN ESTADO DE EBRIEDAD,0,CHILE,0,21 DE MAYO,21 DE MAYO - CHILE,0, , , , ,1,1,2,BIDIRECCIONAL,1,CONCRETO,1,BUENO,1,SECO,1,DESPEJADO,0,0,0,1,1
-8127800.16000324,-4414394.53779261,376,8820,1340159,-73.0132711,-36.8225012,95,CONCEPCION,1,11304,2021,1340159,REGION BIO BIO,8101,CONCEPCION,DIAZ DE SOLIS,ALVARADO BAZAN,0,"DIAZ DE SOLIS & ALVARADO BAZAN, CONCEPCION",CHILE,GEOMETRIC_CENTER,15676,2021,1340159,1,2021/03/22 00:00:00+00,1899/12/30 00:00:00+00,8,REGION BIO BIO,8101,CONCEPCION,10,ATROPELLO,10,ATROPELLO,1,URBANA,26,OTROS NO CONSIDERADOS,13,CAUSAS NO DETERMINADAS,97,CAUSAS NO DETERMINADAS,0,DIAZ DE SOLIS,0,ALVARADO BAZAN,ALVARADO BAZAN - DIAZ DE SOLIS,0, , , , ,1,1,2,BIDIRECCIONAL,1,CONCRETO,1,BUENO,1,SECO,1,DESPEJADO,0,2,0,0,0
-8126268.20343484,-4414388.96136241,377,8821,1358544,-72.9995093,-36.8224611,95,CONCEPCION,1,24510,2021,1358544,REGION BIO BIO,8101,CONCEPCION,COLLAO, ,2088,"COLLAO 2088, CONCEPCION",CHILE,RANGE_INTERPOLATED,33796,2021,1358544,1,2021/06/24 00:00:00+00,1899/12/30 00:00:00+00,8,REGION BIO BIO,8101,CONCEPCION,32,COLISION LATERAL,30,COLISION,1,URBANA,1,TRAMO DE VIA RECTA,1,IMPRUDENCIA DEL CONDUCTOR,27,CONDUCCION NO ATENTO CONDICIONES TRANSITO MOMENTO,0,COLLAO,0, ,- COLLAO,2088, , , , ,3,0,1,UNIDIRECCIONAL,1,CONCRETO,1,BUENO,1,SECO,3,LLUVIA,0,1,0,0,1
-8131956.10621277,-4414386.59729063,378,8822,1359459,-73.0506046,-36.8224441,95,CONCEPCION,1,25186,2021,1359459,REGION BIO BIO,8101,CONCEPCION,LOS CARRERA, ,801,"LOS CARRERA 801, CONCEPCION",CHILE,RANGE_INTERPOLATED,34821,2021,1359459,1,2021/06/29 00:00:00+00,1899/12/30 00:00:00+00,8,REGION BIO BIO,8101,CONCEPCION,30,COLISION,30,COLISION,1,URBANA,1,TRAMO DE VIA RECTA,13,CAUSAS NO DETERMINADAS,97,CAUSAS NO DETERMINADAS,0,LOS CARRERA,0, ,- LOS CARRERA,801, , , , ,3,3,2,BIDIRECCIONAL,1,CONCRETO,1,BUENO,1,SECO,1,DESPEJADO,0,0,0,0,2
-8131956.10621277,-4414386.59729063,379,8823,1378734,-73.0506046,-36.8224441,95,CONCEPCION,1,37916,2021,1378734,REGION BIO BIO,8101,CONCEPCION,LOS CARRERA, ,801,"LOS CARRERA 801, CONCEPCION",CHILE,RANGE_INTERPOLATED,52104,2021,1378734,1,2021/09/09 00:00:00+00,1899/12/30 00:00:00+00,8,REGION BIO BIO,8101,CONCEPCION,50,CHOQUE,40,CHOQUE,1,URBANA,26,OTROS NO CONSIDERADOS,1,IMPRUDENCIA DEL CONDUCTOR,27,CONDUCCION NO ATENTO CONDICIONES TRANSITO MOMENTO,0,LOS CARRERA,0, ,- LOS CARRERA,801, , , , ,1,0,1,UNIDIRECCIONAL,1,CONCRETO,1,BUENO,1,SECO,1,DESPEJADO,0,0,0,0,2
-8126239.0488602,-4414383.14852805,380,8824,1334567,-72.9992474,-36.8224193,95,CONCEPCION,1,7539,2021,1334567,REGION BIO BIO,8101,CONCEPCION,COLLAO, ,1956,"COLLAO 1956, CONCEPCION",CHILE,RANGE_INTERPOLATED,10589,2021,1334567,1,2021/02/24 00:00:00+00,1899/12/30 00:00:00+00,8,REGION BIO BIO,8101,CONCEPCION,32,COLISION LATERAL,30,COLISION,1,URBANA,16,CRUCE SIN SEÑALIZACION,1,IMPRUDENCIA DEL CONDUCTOR,15,"ADELANTAMIENTO EN CRUCE, CURVA, CUESTA, PUENTE",0,COLLAO,0, ,- COLLAO,1956, , , , ,2,0,1,UNIDIRECCIONAL,1,CONCRETO,1,BUENO,1,SECO,2,NUBLADO,0,0,0,1,1
-8132872.8556153,-4414374.03990643,381,8825,1358651,-73.0588399,-36.8223538,95,CONCEPCION,1,24131,2021,1358651,REGION BIO BIO,8101,CONCEPCION,ANGOL,BULNES,0,"ANGOL & BULNES, CONCEPCION",CHILE,GEOMETRIC_CENTER,33269,2021,1358651,1,2021/06/22 00:00:00+00,1899/12/30 00:00:00+00,8,REGION BIO BIO,8101,CONCEPCION,50,CHOQUE,40,CHOQUE,1,URBANA,1,TRAMO DE VIA RECTA,1,IMPRUDENCIA DEL CONDUCTOR,27,CONDUCCION NO ATENTO CONDICIONES TRANSITO MOMENTO,0,ANGOL,0,BULNES,ANGOL - BULNES,0, , , , ,2,0,1,UNIDIRECCIONAL,1,CONCRETO,1,BUENO,1,SECO,1,DESPEJADO,0,0,0,0,2
-8132510.7667076,-4414371.66193169,382,8826,1334570,-73.0555872,-36.8223367,95,CONCEPCION,1,7607,2021,1334570,REGION BIO BIO,8101,CONCEPCION,ROZAS,RENGO,0,"ROZAS & RENGO, CONCEPCION",CHILE,GEOMETRIC_CENTER,10681,2021,1334570,1,2021/02/25 00:00:00+00,1899/12/30 00:00:00+00,8,REGION BIO BIO,8101,CONCEPCION,50,CHOQUE,40,CHOQUE,1,URBANA,1,TRAMO DE VIA RECTA,14,OTRAS CAUSAS,98,OTRAS CAUSAS,0,ROZAS,0,RENGO,RENGO - ROZAS,0, , , , ,2,0,1,UNIDIRECCIONAL,3,ADOQUIN,1,BUENO,1,SECO,1,DESPEJADO,0,0,0,1,0
-8132510.7667076,-4414371.66193169,383,8827,1357921,-73.0555872,-36.8223367,95,CONCEPCION,1,24016,2021,1357921,REGION BIO BIO,8101,CONCEPCION,RENGO,ROZAS,0,"RENGO & ROZAS, CONCEPCION",CHILE,GEOMETRIC_CENTER,33101,2021,1357921,1,2021/06/21 00:00:00+00,1899/12/30 00:00:00+00,8,REGION BIO BIO,8101,CONCEPCION,30,COLISION,30,COLISION,1,URBANA,1,TRAMO DE VIA RECTA,1,IMPRUDENCIA DEL CONDUCTOR,11,ADELANTAMIENTO SIN EL ESPACIO O TIEMPO SUFICIENTE,0,RENGO,0,ROZAS,RENGO - ROZAS,0, , , , ,3,0,1,UNIDIRECCIONAL,1,CONCRETO,1,BUENO,1,SECO,2,NUBLADO,0,0,0,0,2
-8132510.7667076,-4414371.66193169,384,8828,1402681,-73.0555872,-36.8223367,95,CONCEPCION,1,52079,2021,1402681,REGION BIO BIO,8101,CONCEPCION,ROZAS,RENGO,0,"ROZAS & RENGO, CONCEPCION",CHILE,GEOMETRIC_CENTER,70816,2021,1402681,1,2021/11/23 00:00:00+00,1899/12/30 00:00:00+00,8,REGION BIO BIO,8101,CONCEPCION,30,COLISION,30,COLISION,1,URBANA,1,TRAMO DE VIA RECTA,13,CAUSAS NO DETERMINADAS,97,CAUSAS NO DETERMINADAS,0,ROZAS,0,RENGO,RENGO - ROZAS,0, , , , ,2,2,2,BIDIRECCIONAL,1,CONCRETO,1,BUENO,1,SECO,1,DESPEJADO,0,0,0,0,2
-8131464.63066092,-4414354.83534197,385,8829,1388759,-73.0461896,-36.8222157,95,CONCEPCION,1,45373,2021,1388759,REGION BIO BIO,8101,CONCEPCION,MAIPU,OROMPELLO,0,"MAIPU & OROMPELLO, CONCEPCION",CHILE,GEOMETRIC_CENTER,62021,2021,1388759,1,2021/10/19 00:00:00+00,1899/12/30 00:00:00+00,8,REGION BIO BIO,8101,CONCEPCION,34,COLISION PERPENDICULAR,30,COLISION,1,URBANA,12,CRUCE CON SEMAFORO APAGADO,1,IMPRUDENCIA DEL CONDUCTOR,27,CONDUCCION NO ATENTO CONDICIONES TRANSITO MOMENTO,0,MAIPU,0,OROMPELLO,MAIPU - OROMPELLO,0, , , , ,2,0,1,UNIDIRECCIONAL,1,CONCRETO,1,BUENO,1,SECO,1,DESPEJADO,0,0,0,1,1
-8132011.00898563,-4414352.40174649,386,8830,1375881,-73.0510978,-36.8221982,95,CONCEPCION,1,36214,2021,1375881,REGION BIO BIO,8101,CONCEPCION,COLO COLO, ,827,"COLO COLO 827, CONCEPCION",CHILE,RANGE_INTERPOLATED,49843,2021,1375881,1,2021/08/31 00:00:00+00,1899/12/30 00:00:00+00,8,REGION BIO BIO,8101,CONCEPCION,52,CHOQUE LATERAL,40,CHOQUE,1,URBANA,1,TRAMO DE VIA RECTA,1,IMPRUDENCIA DEL CONDUCTOR,27,CONDUCCION NO ATENTO CONDICIONES TRANSITO MOMENTO,0,COLO COLO,0, ,- COLO COLO,827, , , , ,2,0,1,UNIDIRECCIONAL,1,CONCRETO,1,BUENO,1,SECO,1,DESPEJADO,0,0,0,0,2