X,Y,FID,FID_1,LABELID,POINT_X,POINT_Y,FID_2,COMUNAREAL,VAL_COM,OBJECTID,A_O,IDACCIDENT,REGION,COD_COMUN,COMUNA,CALLE_UNO,CALLE_DOS,NUMERO,DIR_GEOCOD,PAIS,TIPO,OBJECTID_1,Año,Idaccide_1,Claseaccid,Fecha,Hora,Cód_Regi,Región,Cód_Comun,Comuna_1,Cód_Tipo_,Tipo_Accid,Cód_Tipo1,Tipo__CONA,Cód_Zona,Zona,Cód_Ubica,Ubicación,Cód_Causa,Causa__CON,Cód_Cau_1,Causa,Cód_Calle,Calle_Un_1,Cód_Cal_1,Calle_Do_1,Intersecci,Número,Ruta,Cód_Ruta,Ubicaci_1,Km_Vía_Fe,Pistas_de_,Pistas_de1,Cód_Calza,Calzada,Cód__Tipo,Tipo_Calza,Cód_Estad,Estado_Cal,Cód_Condi,Condición,Cód_Est_1,Estado_Atm,Fallecidos,Graves,Menos_Grav,Leves,Ilesos
-8132011.00898563,-4414352.40174649,387,8831,1380833,-73.0510978,-36.8221982,95,CONCEPCION,1,39862,2021,1380833,REGION BIO BIO,8101,CONCEPCION,COLO COLO, ,827,"COLO COLO 827, CONCEPCION",CHILE,RANGE_INTERPOLATED,54773,2021,1380833,1,2021/09/20 00:00:00+00,1899/12/30 00:00:00+00,8,REGION BIO BIO,8101,CONCEPCION,50,CHOQUE,40,CHOQUE,1,URBANA,26,OTROS NO CONSIDERADOS,1,IMPRUDENCIA DEL CONDUCTOR,27,CONDUCCION NO ATENTO CONDICIONES TRANSITO MOMENTO,0,COLO COLO,0, ,- COLO COLO,827, , , , ,1,1,2,BIDIRECCIONAL,1,CONCRETO,1,BUENO,1,SECO,1,DESPEJADO,0,0,0,0,2
-8131822.54508771,-4414350.74690187,388,8832,1335002,-73.0494048,-36.8221863,95,CONCEPCION,1,742,2021,1335002,REGION BIO BIO,8101,CONCEPCION,CASTELLON,LOS CARRERA,0,"CASTELLON & LOS CARRERA, CONCEPCION",CHILE,GEOMETRIC_CENTER,1037,2021,1335002,1,2021/01/06 00:00:00+00,1899/12/30 00:00:00+00,8,REGION BIO BIO,8101,CONCEPCION,50,CHOQUE,40,CHOQUE,1,URBANA,1,TRAMO DE VIA RECTA,13,CAUSAS NO DETERMINADAS,97,CAUSAS NO DETERMINADAS,0,CASTELLON,0,LOS CARRERA,CASTELLON - LOS CARRERA,0, , , , ,2,0,1,UNIDIRECCIONAL,1,CONCRETO,1,BUENO,1,SECO,1,DESPEJADO,0,0,0,0,1
-8131822.54508771,-4414350.74690187,389,8833,1341242,-73.0494048,-36.8221863,95,CONCEPCION,1,12389,2021,1341242,REGION BIO BIO,8101,CONCEPCION,LOS CARRERA,CASTELLON,0,"LOS CARRERA & CASTELLON, CONCEPCION",CHILE,GEOMETRIC_CENTER,17138,2021,1341242,1,2021/03/31 00:00:00+00,1899/12/30 00:00:00+00,8,REGION BIO BIO,8101,CONCEPCION,32,COLISION LATERAL,30,COLISION,1,URBANA,11,CRUCE CON SEMAFORO FUNCIONANDO,1,IMPRUDENCIA DEL CONDUCTOR,91,VIRAJES INDEBIDOS,0,LOS CARRERA,0,CASTELLON,CASTELLON - LOS CARRERA,0, , , , ,3,3,3,BIDIRECCIONAL CON BANDEJON,1,CONCRETO,1,BUENO,1,SECO,1,DESPEJADO,0,0,0,0,2
-8131822.54508771,-4414350.74690187,390,8834,1360006,-73.0494048,-36.8221863,95,CONCEPCION,1,25440,2021,1360006,REGION BIO BIO,8101,CONCEPCION,LOS CARRERA,CASTELLON,0,"LOS CARRERA & CASTELLON, CONCEPCION",CHILE,GEOMETRIC_CENTER,35152,2021,1360006,1,2021/07/01 00:00:00+00,1899/12/30 00:00:00+00,8,REGION BIO BIO,8101,CONCEPCION,32,COLISION LATERAL,30,COLISION,1,URBANA,11,CRUCE CON SEMAFORO FUNCIONANDO,1,IMPRUDENCIA DEL CONDUCTOR,91,VIRAJES INDEBIDOS,0,LOS CARRERA,0,CASTELLON,CASTELLON - LOS CARRERA,0, , , , ,3,3,3,BIDIRECCIONAL CON BANDEJON,1,CONCRETO,1,BUENO,3,MOJADO,3,LLUVIA,0,0,0,0,2
-8131822.54508771,-4414350.74690187,391,8835,1382985,-73.0494048,-36.8221863,95,CONCEPCION,1,41014,2021,1382985,REGION BIO BIO,8101,CONCEPCION,LOS CARRERA,CASTELLON,0,"LOS CARRERA & CASTELLON, CONCEPCION",CHILE,GEOMETRIC_CENTER,56275,2021,1382985,1,2021/09/27 00:00:00+00,1899/12/30 00:00:00+00,8,REGION BIO BIO,8101,CONCEPCION,50,CHOQUE,40,CHOQUE,1,URBANA,11,CRUCE CON SEMAFORO FUNCIONANDO,13,CAUSAS NO DETERMINADAS,97,CAUSAS NO DETERMINADAS,0,LOS CARRERA,0,CASTELLON,CASTELLON - LOS CARRERA,0, , , , ,3,3,2,BIDIRECCIONAL,1,CONCRETO,1,BUENO,1,SECO,1,DESPEJADO,0,0,0,2,0
-8126045.10804334,-4414348.48018236,392,8836,1362939,-72.9975052,-36.82217,95,CONCEPCION,1,26823,2021,1362939,REGION BIO BIO,8101,CONCEPCION,COLLAO, ,2017,"COLLAO 2017, CONCEPCION",CHILE,RANGE_INTERPOLATED,36989,2021,1362939,1,2021/07/09 00:00:00+00,1899/12/30 00:00:00+00,8,REGION BIO BIO,8101,CONCEPCION,70,VOLCADURA,70,VOLCADURA,1,URBANA,1,TRAMO DE VIA RECTA,4,ALCOHOL EN CONDUCTOR,24,CONDUCCION EN ESTADO DE EBRIEDAD,0,COLLAO,0, ,- COLLAO,2017, , , , ,1,1,2,BIDIRECCIONAL,1,CONCRETO,1,BUENO,1,SECO,1,DESPEJADO,0,0,1,0,0
-8131964.33272314,-4414345.17049462,393,8837,1375891,-73.0506785,-36.8221462,95,CONCEPCION,1,34326,2021,1375891,REGION BIO BIO,8101,CONCEPCION,COLO COLO, ,848,"COLO COLO 848, CONCEPCION",CHILE,RANGE_INTERPOLATED,47315,2021,1375891,1,2021/08/20 00:00:00+00,1899/12/30 00:00:00+00,8,REGION BIO BIO,8101,CONCEPCION,50,CHOQUE,40,CHOQUE,1,URBANA,1,TRAMO DE VIA RECTA,13,CAUSAS NO DETERMINADAS,97,CAUSAS NO DETERMINADAS,0,COLO COLO,0, ,- COLO COLO,848, , , , ,1,1,2,BIDIRECCIONAL,1,CONCRETO,1,BUENO,1,SECO,1,DESPEJADO,0,0,0,0,2
-8131115.05406398,-4414339.95565257,394,8838,1359597,-73.0430493,-36.8221087,95,CONCEPCION,1,24745,2021,1359597,REGION BIO BIO,8101,CONCEPCION,FREIRE,PAICAVI,0,"FREIRE & PAICAVI, CONCEPCION",CHILE,GEOMETRIC_CENTER,34108,2021,1359597,1,2021/06/25 00:00:00+00,1899/12/30 00:00:00+00,8,REGION BIO BIO,8101,CONCEPCION,30,COLISION,30,COLISION,1,URBANA,11,CRUCE CON SEMAFORO FUNCIONANDO,1,IMPRUDENCIA DEL CONDUCTOR,27,CONDUCCION NO ATENTO CONDICIONES TRANSITO MOMENTO,0,FREIRE,0,PAICAVI,FREIRE - PAICAVI,0, , , , ,2,0,1,UNIDIRECCIONAL,1,CONCRETO,1,BUENO,1,SECO,1,DESPEJADO,0,0,0,0,2
-8131115.05406398,-4414339.95565257,395,8839,1387179,-73.0430493,-36.8221087,95,CONCEPCION,1,44449,2021,1387179,REGION BIO BIO,8101,CONCEPCION,PAICAVI,FREIRE,0,"PAICAVI & FREIRE, CONCEPCION",CHILE,GEOMETRIC_CENTER,60767,2021,1387179,1,2021/10/15 00:00:00+00,1899/12/30 00:00:00+00,8,REGION BIO BIO,8101,CONCEPCION,34,COLISION PERPENDICULAR,30,COLISION,1,URBANA,11,CRUCE CON SEMAFORO FUNCIONANDO,1,IMPRUDENCIA DEL CONDUCTOR,27,CONDUCCION NO ATENTO CONDICIONES TRANSITO MOMENTO,0,PAICAVI,0,FREIRE,FREIRE - PAICAVI,0, , , , ,3,3,2,BIDIRECCIONAL,1,CONCRETO,1,BUENO,1,SECO,1,DESPEJADO,0,0,0,1,1
-8130758.48660302,-4414338.49549725,396,8840,1357986,-73.0398462,-36.8220982,95,CONCEPCION,1,24298,2021,1357986,REGION BIO BIO,8101,CONCEPCION,BARROS ARANA,LAUTARO,0,"BARROS ARANA & LAUTARO, CONCEPCION",CHILE,GEOMETRIC_CENTER,33503,2021,1357986,1,2021/06/23 00:00:00+00,1899/12/30 00:00:00+00,8,REGION BIO BIO,8101,CONCEPCION,50,CHOQUE,40,CHOQUE,1,URBANA,16,CRUCE SIN SEÑALIZACION,1,IMPRUDENCIA DEL CONDUCTOR,27,CONDUCCION NO ATENTO CONDICIONES TRANSITO MOMENTO,0,BARROS ARANA,0,LAUTARO,BARROS ARANA - LAUTARO,0, , , , ,2,0,1,UNIDIRECCIONAL,1,CONCRETO,1,BUENO,1,SECO,1,DESPEJADO,0,0,0,0,2
-8128867.046003,-4414325.89645114,397,8841,1329040,-73.0228551,-36.8220076,95,CONCEPCION,1,3037,2021,1329040,REGION BIO BIO,8101,CONCEPCION,LAGO VILLARRICA,PASAJE SIETE,0,"LAGO VILLARRICA & PASAJE SIETE, CONCEPCION",CHILE,GEOMETRIC_CENTER,4178,2021,1329040,1,2021/01/22 00:00:00+00,1899/12/30 00:00:00+00,8,REGION BIO BIO,8101,CONCEPCION,53,CHOQUE POSTERIOR,40,CHOQUE,1,URBANA,1,TRAMO DE VIA RECTA,1,IMPRUDENCIA DEL CONDUCTOR,27,CONDUCCION NO ATENTO CONDICIONES TRANSITO MOMENTO,0,LAGO VILLARRICA,0,PASAJE SIETE,LAGO VILLARRICA - PASAJE SIETE,0, , , , ,1,1,2,BIDIRECCIONAL,1,CONCRETO,1,BUENO,1,SECO,1,DESPEJADO,0,0,0,0,2
-8126802.16963633,-4414321.50208536,398,8842,1366138,-73.004306,-36.821976,95,CONCEPCION,1,28321,2021,1366138,REGION BIO BIO,8101,CONCEPCION,COLLAO, ,1900,"COLLAO 1900, CONCEPCION",CHILE,RANGE_INTERPOLATED,39121,2021,1366138,1,2021/07/17 00:00:00+00,1899/12/30 00:00:00+00,8,REGION BIO BIO,8101,CONCEPCION,31,COLISION FRONTAL,30,COLISION,1,URBANA,1,TRAMO DE VIA RECTA,1,IMPRUDENCIA DEL CONDUCTOR,11,ADELANTAMIENTO SIN EL ESPACIO O TIEMPO SUFICIENTE,0,COLLAO,0, ,- COLLAO,1900, , , , ,2,2,2,BIDIRECCIONAL,1,CONCRETO,1,BUENO,1,SECO,1,DESPEJADO,0,0,0,0,2
-8130341.60624195,-4414313.45038822,399,8843,1325803,-73.0361013,-36.8219181,95,CONCEPCION,1,1744,2021,1325803,REGION BIO BIO,8101,CONCEPCION,ROOSEVELT,VALENTIN LETELIER,0,"ROOSEVELT & VALENTIN LETELIER, CONCEPCION",CHILE,GEOMETRIC_CENTER,2406,2021,1325803,1,2021/01/12 00:00:00+00,1899/12/30 00:00:00+00,8,REGION BIO BIO,8101,CONCEPCION,30,COLISION,30,COLISION,1,URBANA,11,CRUCE CON SEMAFORO FUNCIONANDO,1,IMPRUDENCIA DEL CONDUCTOR,23,CONDUCCION CONTRA SENTIDO DEL TRANSITO,0,ROOSEVELT,0,VALENTIN LETELIER,ROOSEVELT - VALENTIN LETELIER,0, , , , ,1,1,2,BIDIRECCIONAL,1,CONCRETO,1,BUENO,1,SECO,1,DESPEJADO,0,0,0,0,2
-8130341.60624195,-4414313.45038822,400,8844,1342269,-73.0361013,-36.8219181,95,CONCEPCION,1,13125,2021,1342269,REGION BIO BIO,8101,CONCEPCION,ROOSEVELT,O'HIGGINS,0,"ROOSEVELT & O'HIGGINS, CONCEPCION",CHILE,GEOMETRIC_CENTER,18129,2021,1342269,1,2021/04/07 00:00:00+00,1899/12/30 00:00:00+00,8,REGION BIO BIO,8101,CONCEPCION,53,CHOQUE POSTERIOR,40,CHOQUE,1,URBANA,11,CRUCE CON SEMAFORO FUNCIONANDO,1,IMPRUDENCIA DEL CONDUCTOR,27,CONDUCCION NO ATENTO CONDICIONES TRANSITO MOMENTO,0,ROOSEVELT,0,O'HIGGINS,O'HIGGINS - ROOSEVELT,0, , , , ,2,2,2,BIDIRECCIONAL,1,CONCRETO,1,BUENO,1,SECO,1,DESPEJADO,0,0,0,1,1
-8130341.60624195,-4414313.45038822,401,8845,1402674,-73.0361013,-36.8219181,95,CONCEPCION,1,51956,2021,1402674,REGION BIO BIO,8101,CONCEPCION,ROOSEVELT,BERNARDO O'HIGGINS,0,"ROOSEVELT & BERNARDO O'HIGGINS, CONCEPCION",CHILE,GEOMETRIC_CENTER,70658,2021,1402674,1,2021/11/22 00:00:00+00,1899/12/30 00:00:00+00,8,REGION BIO BIO,8101,CONCEPCION,30,COLISION,30,COLISION,1,URBANA,1,TRAMO DE VIA RECTA,13,CAUSAS NO DETERMINADAS,97,CAUSAS NO DETERMINADAS,0,ROOSEVELT,0,BERNARDO O'HIGGINS,BERNARDO O'HIGGINS - ROOSEVELT,0, , , , ,2,2,2,BIDIRECCIONAL,1,CONCRETO,1,BUENO,1,SECO,1,DESPEJADO,0,0,0,0,2
-8132605.51072621,-4414309.16727719,402,8846,1389447,-73.0564383,-36.8218873,95,CONCEPCION,1,45939,2021,1389447,REGION BIO BIO,8101,CONCEPCION,RENGO, ,1071,"RENGO 1071, CONCEPCION",CHILE,RANGE_INTERPOLATED,62756,2021,1389447,1,2021/10/23 00:00:00+00,1899/12/30 00:00:00+00,8,REGION BIO BIO,8101,CONCEPCION,70,VOLCADURA,70,VOLCADURA,1,URBANA,1,TRAMO DE VIA RECTA,4,ALCOHOL EN CONDUCTOR,24,CONDUCCION EN ESTADO DE EBRIEDAD,0,RENGO,0, ,- RENGO,1071, , , , ,1,1,2,BIDIRECCIONAL,1,CONCRETO,1,BUENO,1,SECO,1,DESPEJADO,0,1,0,0,2
-8132605.51072621,-4414309.16727719,403,8847,1406249,-73.0564383,-36.8218873,95,CONCEPCION,1,57663,2021,1406249,REGION BIO BIO,8101,CONCEPCION,RENGO, ,1071,"RENGO 1071, CONCEPCION",CHILE,RANGE_INTERPOLATED,78300,2021,1406249,1,2021/12/22 00:00:00+00,1899/12/30 00:00:00+00,8,REGION BIO BIO,8101,CONCEPCION,50,CHOQUE,40,CHOQUE,1,URBANA,1,TRAMO DE VIA RECTA,1,IMPRUDENCIA DEL CONDUCTOR,27,CONDUCCION NO ATENTO CONDICIONES TRANSITO MOMENTO,0,RENGO,0, ,- RENGO,1071, , , , ,3,0,1,UNIDIRECCIONAL,1,CONCRETO,1,BUENO,1,SECO,1,DESPEJADO,0,0,0,0,2
-8133086.01017627,-4414306.95619133,404,8848,1348687,-73.0607547,-36.8218714,95,CONCEPCION,1,17499,2021,1348687,REGION BIO BIO,8101,CONCEPCION,SALAS,CRUZ,0,"SALAS & CRUZ, CONCEPCION",CHILE,GEOMETRIC_CENTER,24110,2021,1348687,1,2021/05/10 00:00:00+00,1899/12/30 00:00:00+00,8,REGION BIO BIO,8101,CONCEPCION,34,COLISION PERPENDICULAR,30,COLISION,1,URBANA,14,CRUCE CON SEÑAL PARE,10,DESOBEDIENCIA A SEÑALIZACION,65,SEÑALIZACION DESOBEDECER SEÑAL PARE,0,SALAS,0,CRUZ,CRUZ - SALAS,0, , , , ,2,0,1,UNIDIRECCIONAL,1,CONCRETO,1,BUENO,1,SECO,1,DESPEJADO,0,1,0,0,1
-8127226.67538252,-4414297.62513593,405,8849,1382334,-73.0081194,-36.8218043,95,CONCEPCION,1,40830,2021,1382334,REGION BIO BIO,8101,CONCEPCION,COLLAO,NONGUEN,0,"COLLAO & NONGUEN, CONCEPCION",CHILE,GEOMETRIC_CENTER,56028,2021,1382334,1,2021/09/25 00:00:00+00,1899/12/30 00:00:00+00,8,REGION BIO BIO,8101,CONCEPCION,34,COLISION PERPENDICULAR,30,COLISION,1,URBANA,11,CRUCE CON SEMAFORO FUNCIONANDO,10,DESOBEDIENCIA A SEÑALIZACION,62,SEÑALIZACION DESOBEDECER LUZ ROJA DE SEMAFORO,0,COLLAO,0,NONGUEN,COLLAO - NONGUEN,0, , , , ,2,0,1,UNIDIRECCIONAL,1,CONCRETO,1,BUENO,1,SECO,1,DESPEJADO,0,0,0,0,2
-8127056.90202711,-4414295.67826997,406,8850,1331933,-73.0065943,-36.8217903,95,CONCEPCION,1,5223,2021,1331933,REGION BIO BIO,8101,CONCEPCION,COLLAO, ,1702,"COLLAO 1702, CONCEPCION",CHILE,RANGE_INTERPOLATED,7308,2021,1331933,1,2021/02/08 00:00:00+00,1899/12/30 00:00:00+00,8,REGION BIO BIO,8101,CONCEPCION,50,CHOQUE,40,CHOQUE,1,URBANA,1,TRAMO DE VIA RECTA,1,IMPRUDENCIA DEL CONDUCTOR,27,CONDUCCION NO ATENTO CONDICIONES TRANSITO MOMENTO,0,COLLAO,0, ,- COLLAO,1702, , , , ,1,1,2,BIDIRECCIONAL,1,CONCRETO,1,BUENO,1,SECO,1,DESPEJADO,0,0,0,0,2
-8132024.6122274,-4414284.59504694,407,8851,1340224,-73.05122,-36.8217106,95,CONCEPCION,1,11885,2021,1340224,REGION BIO BIO,8101,CONCEPCION,LAS HERAS,COLO COLO,0,"LAS HERAS & COLO COLO, CONCEPCION",CHILE,GEOMETRIC_CENTER,16451,2021,1340224,1,2021/03/26 00:00:00+00,1899/12/30 00:00:00+00,8,REGION BIO BIO,8101,CONCEPCION,30,COLISION,30,COLISION,1,URBANA,26,OTROS NO CONSIDERADOS,13,CAUSAS NO DETERMINADAS,97,CAUSAS NO DETERMINADAS,0,LAS HERAS,0,COLO COLO,COLO COLO - LAS HERAS,0, , , , ,2,0,1,UNIDIRECCIONAL,1,CONCRETO,1,BUENO,1,SECO,1,DESPEJADO,0,0,0,0,2
-8132024.6122274,-4414284.59504694,408,8852,1355677,-73.05122,-36.8217106,95,CONCEPCION,1,16403,2021,1355677,REGION BIO BIO,8101,CONCEPCION,LAS HERAS,COLO COLO,0,"LAS HERAS & COLO COLO, CONCEPCION",CHILE,GEOMETRIC_CENTER,22632,2021,1355677,1,2021/05/03 00:00:00+00,1899/12/30 00:00:00+00,8,REGION BIO BIO,8101,CONCEPCION,30,COLISION,30,COLISION,1,URBANA,1,TRAMO DE VIA RECTA,10,DESOBEDIENCIA A SEÑALIZACION,64,SEÑALIZACION DESOBEDECER SEÑAL CEDA EL PASO,0,LAS HERAS,0,COLO COLO,COLO COLO - LAS HERAS,0, , , , ,2,0,1,UNIDIRECCIONAL,1,CONCRETO,1,BUENO,1,SECO,1,DESPEJADO,0,0,0,1,2
-8132024.6122274,-4414284.59504694,409,8853,1371063,-73.05122,-36.8217106,95,CONCEPCION,1,32852,2021,1371063,REGION BIO BIO,8101,CONCEPCION,COLO COLO,LAS HERAS,0,"COLO COLO & LAS HERAS, CONCEPCION",CHILE,GEOMETRIC_CENTER,45323,2021,1371063,1,2021/08/12 00:00:00+00,1899/12/30 00:00:00+00,8,REGION BIO BIO,8101,CONCEPCION,30,COLISION,30,COLISION,1,URBANA,1,TRAMO DE VIA RECTA,9,PERDIDA CONTROL VEHICULO,95,PERDIDA CONTROL VEHICULO,0,COLO COLO,0,LAS HERAS,COLO COLO - LAS HERAS,0, , , , ,2,0,1,UNIDIRECCIONAL,1,CONCRETO,1,BUENO,1,SECO,1,DESPEJADO,0,0,0,0,2
-8132024.6122274,-4414284.59504694,410,8854,1383322,-73.05122,-36.8217106,95,CONCEPCION,1,41244,2021,1383322,REGION BIO BIO,8101,CONCEPCION,COLO COLO,LAS HERAS,0,"COLO COLO & LAS HERAS, CONCEPCION",CHILE,GEOMETRIC_CENTER,56561,2021,1383322,1,2021/09/28 00:00:00+00,1899/12/30 00:00:00+00,8,REGION BIO BIO,8101,CONCEPCION,30,COLISION,30,COLISION,1,URBANA,1,TRAMO DE VIA RECTA,10,DESOBEDIENCIA A SEÑALIZACION,65,SEÑALIZACION DESOBEDECER SEÑAL PARE,0,COLO COLO,0,LAS HERAS,COLO COLO - LAS HERAS,0, , , , ,2,0,1,UNIDIRECCIONAL,1,CONCRETO,1,BUENO,1,SECO,1,DESPEJADO,0,0,0,0,2
-8133472.78974703,-4414281.27147289,411,8855,1367666,-73.0642292,-36.8216867,95,CONCEPCION,1,30479,2021,1367666,REGION BIO BIO,8101,CONCEPCION,21 DE MAYO,PADRE HURTADO,0,"21 DE MAYO & PADRE HURTADO, CONCEPCION",CHILE,GEOMETRIC_CENTER,42114,2021,1367666,1,2021/07/30 00:00:00+00,1899/12/30 00:00:00+00,8,REGION BIO BIO,8101,CONCEPCION,20,CAIDA,20,CAIDA,1,URBANA,1,TRAMO DE VIA RECTA,7,VELOCIDAD IMPRUDENTE,72,VELOCIDAD NO RAZONABLE NI PRUDENTE,0,21 DE MAYO,0,PADRE HURTADO,21 DE MAYO - PADRE HURTADO,0, , , , ,2,2,2,BIDIRECCIONAL,1,CONCRETO,1,BUENO,1,SECO,2,NUBLADO,0,1,0,0,1
-8131678.70917366,-4414276.77978242,412,8856,1357246,-73.0481127,-36.8216544,95,CONCEPCION,1,18643,2021,1357246,REGION BIO BIO,8101,CONCEPCION,LOS CARRERA,TUCAPEL,0,"LOS CARRERA & TUCAPEL, CONCEPCION",CHILE,GEOMETRIC_CENTER,25635,2021,1357246,1,2021/05/18 00:00:00+00,1899/12/30 00:00:00+00,8,REGION BIO BIO,8101,CONCEPCION,30,COLISION,30,COLISION,1,URBANA,1,TRAMO DE VIA RECTA,14,OTRAS CAUSAS,98,OTRAS CAUSAS,0,LOS CARRERA,0,TUCAPEL,LOS CARRERA - TUCAPEL,0, , , , ,3,3,2,BIDIRECCIONAL,1,CONCRETO,1,BUENO,1,SECO,1,DESPEJADO,0,0,0,0,2
-8131678.70917366,-4414276.77978242,413,8857,1351166,-73.0481127,-36.8216544,95,CONCEPCION,1,18804,2021,1351166,REGION BIO BIO,8101,CONCEPCION,TUCAPEL,LOS CARRERA,0,"TUCAPEL & LOS CARRERA, CONCEPCION",CHILE,GEOMETRIC_CENTER,25859,2021,1351166,1,2021/05/19 00:00:00+00,1899/12/30 00:00:00+00,8,REGION BIO BIO,8101,CONCEPCION,32,COLISION LATERAL,30,COLISION,1,URBANA,11,CRUCE CON SEMAFORO FUNCIONANDO,1,IMPRUDENCIA DEL CONDUCTOR,91,VIRAJES INDEBIDOS,0,TUCAPEL,0,LOS CARRERA,LOS CARRERA - TUCAPEL,0, , , , ,2,0,1,UNIDIRECCIONAL,1,CONCRETO,1,BUENO,1,SECO,3,LLUVIA,0,0,0,0,2
-8131678.70917366,-4414276.77978242,414,8858,1366828,-73.0481127,-36.8216544,95,CONCEPCION,1,30165,2021,1366828,REGION BIO BIO,8101,CONCEPCION,LOS CARRERA,TUCAPEL,0,"LOS CARRERA & TUCAPEL, CONCEPCION",CHILE,GEOMETRIC_CENTER,41706,2021,1366828,1,2021/07/28 00:00:00+00,1899/12/30 00:00:00+00,8,REGION BIO BIO,8101,CONCEPCION,10,ATROPELLO,10,ATROPELLO,1,URBANA,1,TRAMO DE VIA RECTA,10,DESOBEDIENCIA A SEÑALIZACION,66,SEÑALIZACION DESOBEDECER OTRA,0,LOS CARRERA,0,TUCAPEL,LOS CARRERA - TUCAPEL,0, , , , ,3,3,3,BIDIRECCIONAL CON BANDEJON,1,CONCRETO,1,BUENO,1,SECO,1,DESPEJADO,0,0,0,1,1
-8131678.70917366,-4414276.77978242,415,8859,1366833,-73.0481127,-36.8216544,95,CONCEPCION,1,30166,2021,1366833,REGION BIO BIO,8101,CONCEPCION,TUCAPEL,LOS CARRERA,0,"TUCAPEL & LOS CARRERA, CONCEPCION",CHILE,GEOMETRIC_CENTER,41707,2021,1366833,1,2021/07/28 00:00:00+00,1899/12/30 00:00:00+00,8,REGION BIO BIO,8101,CONCEPCION,10,ATROPELLO,10,ATROPELLO,1,URBANA,11,CRUCE CON SEMAFORO FUNCIONANDO,1,IMPRUDENCIA DEL CONDUCTOR,31,NO RESPETAR DERECHO PREFERENTE DE PASO A PEATON,0,TUCAPEL,0,LOS CARRERA,LOS CARRERA - TUCAPEL,0, , , , ,2,0,1,UNIDIRECCIONAL,1,CONCRETO,1,BUENO,1,SECO,1,DESPEJADO,0,2,0,0,1
-8131678.70917366,-4414276.77978242,416,8860,1367794,-73.0481127,-36.8216544,95,CONCEPCION,1,30690,2021,1367794,REGION BIO BIO,8101,CONCEPCION,TUCAPEL,LOS CARRERA,0,"TUCAPEL & LOS CARRERA, CONCEPCION",CHILE,GEOMETRIC_CENTER,42433,2021,1367794,1,2021/07/31 00:00:00+00,1899/12/30 00:00:00+00,8,REGION BIO BIO,8101,CONCEPCION,10,ATROPELLO,10,ATROPELLO,1,URBANA,11,CRUCE CON SEMAFORO FUNCIONANDO,1,IMPRUDENCIA DEL CONDUCTOR,31,NO RESPETAR DERECHO PREFERENTE DE PASO A PEATON,0,TUCAPEL,0,LOS CARRERA,LOS CARRERA - TUCAPEL,0, , , , ,2,0,1,UNIDIRECCIONAL,1,CONCRETO,1,BUENO,1,SECO,1,DESPEJADO,0,1,0,0,1
-8131678.70917366,-4414276.77978242,417,8861,1371514,-73.0481127,-36.8216544,95,CONCEPCION,1,32765,2021,1371514,REGION BIO BIO,8101,CONCEPCION,TUCAPEL,LOS CARRERA,0,"TUCAPEL & LOS CARRERA, CONCEPCION",CHILE,GEOMETRIC_CENTER,45203,2021,1371514,1,2021/08/11 00:00:00+00,1899/12/30 00:00:00+00,8,REGION BIO BIO,8101,CONCEPCION,32,COLISION LATERAL,30,COLISION,1,URBANA,11,CRUCE CON SEMAFORO FUNCIONANDO,1,IMPRUDENCIA DEL CONDUCTOR,91,VIRAJES INDEBIDOS,0,TUCAPEL,0,LOS CARRERA,LOS CARRERA - TUCAPEL,0, , , , ,3,3,3,BIDIRECCIONAL CON BANDEJON,1,CONCRETO,1,BUENO,1,SECO,2,NUBLADO,0,0,0,0,2
-8131678.70917366,-4414276.77978242,418,8862,1402723,-73.0481127,-36.8216544,95,CONCEPCION,1,52608,2021,1402723,REGION BIO BIO,8101,CONCEPCION,LOS CARRERA,TUCAPEL,0,"LOS CARRERA & TUCAPEL, CONCEPCION",CHILE,GEOMETRIC_CENTER,71506,2021,1402723,1,2021/11/26 00:00:00+00,1899/12/30 00:00:00+00,8,REGION BIO BIO,8101,CONCEPCION,30,COLISION,30,COLISION,1,URBANA,1,TRAMO DE VIA RECTA,14,OTRAS CAUSAS,98,OTRAS CAUSAS,0,LOS CARRERA,0,TUCAPEL,LOS CARRERA - TUCAPEL,0, , , , ,3,3,2,BIDIRECCIONAL,1,CONCRETO,1,BUENO,1,SECO,1,DESPEJADO,0,1,0,0,1
-8131678.70917366,-4414276.77978242,419,8863,1406007,-73.0481127,-36.8216544,95,CONCEPCION,1,56608,2021,1406007,REGION BIO BIO,8101,CONCEPCION,TUCAPEL,LOS CARRERA,0,"TUCAPEL & LOS CARRERA, CONCEPCION",CHILE,GEOMETRIC_CENTER,76922,2021,1406007,1,2021/12/17 00:00:00+00,1899/12/30 00:00:00+00,8,REGION BIO BIO,8101,CONCEPCION,34,COLISION PERPENDICULAR,30,COLISION,1,URBANA,11,CRUCE CON SEMAFORO FUNCIONANDO,1,IMPRUDENCIA DEL CONDUCTOR,23,CONDUCCION CONTRA SENTIDO DEL TRANSITO,0,TUCAPEL,0,LOS CARRERA,LOS CARRERA - TUCAPEL,0, , , , ,2,0,1,UNIDIRECCIONAL,1,CONCRETO,1,BUENO,1,SECO,1,DESPEJADO,0,0,0,2,1