X,Y,FID,FID_1,LABELID,POINT_X,POINT_Y,FID_2,COMUNAREAL,VAL_COM,OBJECTID,A_O,IDACCIDENT,REGION,COD_COMUN,COMUNA,CALLE_UNO,CALLE_DOS,NUMERO,DIR_GEOCOD,PAIS,TIPO,OBJECTID_1,Año,Idaccide_1,Claseaccid,Fecha,Hora,Cód_Regi,Región,Cód_Comun,Comuna_1,Cód_Tipo_,Tipo_Accid,Cód_Tipo1,Tipo__CONA,Cód_Zona,Zona,Cód_Ubica,Ubicación,Cód_Causa,Causa__CON,Cód_Cau_1,Causa,Cód_Calle,Calle_Un_1,Cód_Cal_1,Calle_Do_1,Intersecci,Número,Ruta,Cód_Ruta,Ubicaci_1,Km_Vía_Fe,Pistas_de_,Pistas_de1,Cód_Calza,Calzada,Cód__Tipo,Tipo_Calza,Cód_Estad,Estado_Cal,Cód_Condi,Condición,Cód_Est_1,Estado_Atm,Fallecidos,Graves,Menos_Grav,Leves,Ilesos
-8130972.76549085,-4414276.58509619,420,8864,1371548,-73.0417711,-36.821653,95,CONCEPCION,1,33116,2021,1371548,REGION BIO BIO,8101,CONCEPCION,JANEQUEO,FREIRE,0,"JANEQUEO & FREIRE, CONCEPCION",CHILE,GEOMETRIC_CENTER,45651,2021,1371548,1,2021/08/13 00:00:00+00,1899/12/30 00:00:00+00,8,REGION BIO BIO,8101,CONCEPCION,32,COLISION LATERAL,30,COLISION,1,URBANA,11,CRUCE CON SEMAFORO FUNCIONANDO,1,IMPRUDENCIA DEL CONDUCTOR,27,CONDUCCION NO ATENTO CONDICIONES TRANSITO MOMENTO,0,JANEQUEO,0,FREIRE,FREIRE - JANEQUEO,0, , , , ,2,0,1,UNIDIRECCIONAL,1,CONCRETO,1,BUENO,1,SECO,1,DESPEJADO,0,0,0,0,2
-8130972.76549085,-4414276.58509619,421,8865,1382265,-73.0417711,-36.821653,95,CONCEPCION,1,40527,2021,1382265,REGION BIO BIO,8101,CONCEPCION,JANEQUEO,FREIRE,0,"JANEQUEO & FREIRE, CONCEPCION",CHILE,GEOMETRIC_CENTER,55630,2021,1382265,1,2021/09/24 00:00:00+00,1899/12/30 00:00:00+00,8,REGION BIO BIO,8101,CONCEPCION,50,CHOQUE,40,CHOQUE,1,URBANA,1,TRAMO DE VIA RECTA,1,IMPRUDENCIA DEL CONDUCTOR,27,CONDUCCION NO ATENTO CONDICIONES TRANSITO MOMENTO,0,JANEQUEO,0,FREIRE,FREIRE - JANEQUEO,0, , , , ,2,0,1,UNIDIRECCIONAL,1,CONCRETO,1,BUENO,1,SECO,1,DESPEJADO,0,0,0,0,2
-8130972.76549085,-4414276.58509619,422,8866,1397841,-73.0417711,-36.821653,95,CONCEPCION,1,48028,2021,1397841,REGION BIO BIO,8101,CONCEPCION,JANEQUEO,FREIRE,0,"JANEQUEO & FREIRE, CONCEPCION",CHILE,GEOMETRIC_CENTER,65518,2021,1397841,1,2021/11/03 00:00:00+00,1899/12/30 00:00:00+00,8,REGION BIO BIO,8101,CONCEPCION,34,COLISION PERPENDICULAR,30,COLISION,1,URBANA,12,CRUCE CON SEMAFORO APAGADO,1,IMPRUDENCIA DEL CONDUCTOR,27,CONDUCCION NO ATENTO CONDICIONES TRANSITO MOMENTO,0,JANEQUEO,0,FREIRE,FREIRE - JANEQUEO,0, , , , ,2,0,1,UNIDIRECCIONAL,1,CONCRETO,1,BUENO,1,SECO,1,DESPEJADO,0,0,0,0,2
-8130972.76549085,-4414276.58509619,423,8867,1398480,-73.0417711,-36.821653,95,CONCEPCION,1,49343,2021,1398480,REGION BIO BIO,8101,CONCEPCION,FREIRE,JANEQUEO,0,"FREIRE & JANEQUEO, CONCEPCION",CHILE,GEOMETRIC_CENTER,67254,2021,1398480,1,2021/11/10 00:00:00+00,1899/12/30 00:00:00+00,8,REGION BIO BIO,8101,CONCEPCION,34,COLISION PERPENDICULAR,30,COLISION,1,URBANA,11,CRUCE CON SEMAFORO FUNCIONANDO,1,IMPRUDENCIA DEL CONDUCTOR,32,NO RESPETAR DERECHO PREFERENTE DE PASO A VEHICULO,0,FREIRE,0,JANEQUEO,FREIRE - JANEQUEO,0, , , , ,2,0,1,UNIDIRECCIONAL,1,CONCRETO,1,BUENO,1,SECO,1,DESPEJADO,0,0,0,0,2
-8130619.40403122,-4414268.93671136,424,8868,1379601,-73.0385968,-36.821598,95,CONCEPCION,1,39025,2021,1379601,REGION BIO BIO,8101,CONCEPCION,GALVARINO,BARROS ARANA,0,"GALVARINO & BARROS ARANA, CONCEPCION",CHILE,GEOMETRIC_CENTER,53592,2021,1379601,1,2021/09/15 00:00:00+00,1899/12/30 00:00:00+00,8,REGION BIO BIO,8101,CONCEPCION,30,COLISION,30,COLISION,1,URBANA,14,CRUCE CON SEÑAL PARE,1,IMPRUDENCIA DEL CONDUCTOR,27,CONDUCCION NO ATENTO CONDICIONES TRANSITO MOMENTO,0,GALVARINO,0,BARROS ARANA,BARROS ARANA - GALVARINO,0, , , , ,2,0,1,UNIDIRECCIONAL,1,CONCRETO,1,BUENO,1,SECO,1,DESPEJADO,0,0,0,0,2
-8133112.18138855,-4414258.88257019,425,8869,1406137,-73.0609898,-36.8215257,95,CONCEPCION,1,57764,2021,1406137,REGION BIO BIO,8101,CONCEPCION,SALAS,SAN JORGE,0,"SALAS & SAN JORGE, CONCEPCION",CHILE,GEOMETRIC_CENTER,78425,2021,1406137,1,2021/12/22 00:00:00+00,1899/12/30 00:00:00+00,8,REGION BIO BIO,8101,CONCEPCION,50,CHOQUE,40,CHOQUE,1,URBANA,1,TRAMO DE VIA RECTA,4,ALCOHOL EN CONDUCTOR,24,CONDUCCION EN ESTADO DE EBRIEDAD,0,SALAS,0,SAN JORGE,SALAS - SAN JORGE,0, , , , ,2,2,2,BIDIRECCIONAL,1,CONCRETO,1,BUENO,1,SECO,1,DESPEJADO,0,0,0,0,1
-8131531.66725827,-4414221.030135,426,8870,1363318,-73.0467918,-36.8212535,95,CONCEPCION,1,27452,2021,1363318,REGION BIO BIO,8101,CONCEPCION,LOS CARRERA,OROMPELLO,0,"LOS CARRERA & OROMPELLO, CONCEPCION",CHILE,GEOMETRIC_CENTER,37884,2021,1363318,1,2021/07/12 00:00:00+00,1899/12/30 00:00:00+00,8,REGION BIO BIO,8101,CONCEPCION,32,COLISION LATERAL,30,COLISION,1,URBANA,1,TRAMO DE VIA RECTA,1,IMPRUDENCIA DEL CONDUCTOR,29,CONDUCCION CAMBIAR SORPRESIVAMENTE PISTA CIRCULACION,0,LOS CARRERA,0,OROMPELLO,LOS CARRERA - OROMPELLO,0, , , , ,3,3,3,BIDIRECCIONAL CON BANDEJON,1,CONCRETO,1,BUENO,1,SECO,1,DESPEJADO,0,0,0,1,1
-8131531.66725827,-4414221.030135,427,8871,1372780,-73.0467918,-36.8212535,95,CONCEPCION,1,33513,2021,1372780,REGION BIO BIO,8101,CONCEPCION,LOS CARRERA,OROMPELLO,0,"LOS CARRERA & OROMPELLO, CONCEPCION",CHILE,GEOMETRIC_CENTER,46211,2021,1372780,1,2021/08/15 00:00:00+00,1899/12/30 00:00:00+00,8,REGION BIO BIO,8101,CONCEPCION,32,COLISION LATERAL,30,COLISION,1,URBANA,11,CRUCE CON SEMAFORO FUNCIONANDO,1,IMPRUDENCIA DEL CONDUCTOR,29,CONDUCCION CAMBIAR SORPRESIVAMENTE PISTA CIRCULACION,0,LOS CARRERA,0,OROMPELLO,LOS CARRERA - OROMPELLO,0, , , , ,3,3,3,BIDIRECCIONAL CON BANDEJON,1,CONCRETO,1,BUENO,3,MOJADO,3,LLUVIA,0,0,0,0,2
-8131531.66725827,-4414221.030135,428,8872,1385590,-73.0467918,-36.8212535,95,CONCEPCION,1,42736,2021,1385590,REGION BIO BIO,8101,CONCEPCION,LOS CARRERA,OROMPELLO,0,"LOS CARRERA & OROMPELLO, CONCEPCION",CHILE,GEOMETRIC_CENTER,58510,2021,1385590,1,2021/10/06 00:00:00+00,1899/12/30 00:00:00+00,8,REGION BIO BIO,8101,CONCEPCION,34,COLISION PERPENDICULAR,30,COLISION,1,URBANA,11,CRUCE CON SEMAFORO FUNCIONANDO,4,ALCOHOL EN CONDUCTOR,21,CONDUCCION BAJO LA INFLUENCIA DEL ALCOHOL,0,LOS CARRERA,0,OROMPELLO,LOS CARRERA - OROMPELLO,0, , , , ,3,3,3,BIDIRECCIONAL CON BANDEJON,1,CONCRETO,1,BUENO,1,SECO,1,DESPEJADO,0,0,0,2,2
-8131531.66725827,-4414221.030135,429,8873,1387192,-73.0467918,-36.8212535,95,CONCEPCION,1,44726,2021,1387192,REGION BIO BIO,8101,CONCEPCION,LOS CARRERA,OROMPELLO,0,"LOS CARRERA & OROMPELLO, CONCEPCION",CHILE,GEOMETRIC_CENTER,61133,2021,1387192,1,2021/10/16 00:00:00+00,1899/12/30 00:00:00+00,8,REGION BIO BIO,8101,CONCEPCION,33,COLISION POR ALCANCE,30,COLISION,1,URBANA,11,CRUCE CON SEMAFORO FUNCIONANDO,1,IMPRUDENCIA DEL CONDUCTOR,28,CONDUCCION SIN MANTENER DISTANCIA RAZONABLE NI PRUDENTE,0,LOS CARRERA,0,OROMPELLO,LOS CARRERA - OROMPELLO,0, , , , ,3,3,3,BIDIRECCIONAL CON BANDEJON,1,CONCRETO,1,BUENO,1,SECO,1,DESPEJADO,0,0,0,2,1
-8131531.66725827,-4414221.030135,430,8874,1400422,-73.0467918,-36.8212535,95,CONCEPCION,1,51091,2021,1400422,REGION BIO BIO,8101,CONCEPCION,LOS CARRERA,OROMPELLO,0,"LOS CARRERA & OROMPELLO, CONCEPCION",CHILE,GEOMETRIC_CENTER,69519,2021,1400422,1,2021/11/18 00:00:00+00,1899/12/30 00:00:00+00,8,REGION BIO BIO,8101,CONCEPCION,30,COLISION,30,COLISION,1,URBANA,11,CRUCE CON SEMAFORO FUNCIONANDO,1,IMPRUDENCIA DEL CONDUCTOR,27,CONDUCCION NO ATENTO CONDICIONES TRANSITO MOMENTO,0,LOS CARRERA,0,OROMPELLO,LOS CARRERA - OROMPELLO,0, , , , ,3,3,2,BIDIRECCIONAL,1,CONCRETO,1,BUENO,1,SECO,1,DESPEJADO,0,0,0,0,2
-8131531.66725827,-4414221.030135,431,8875,1401792,-73.0467918,-36.8212535,95,CONCEPCION,1,53794,2021,1401792,REGION BIO BIO,8101,CONCEPCION,LOS CARRERA,OROMPELLO,0,"LOS CARRERA & OROMPELLO, CONCEPCION",CHILE,GEOMETRIC_CENTER,73104,2021,1401792,1,2021/12/02 00:00:00+00,1899/12/30 00:00:00+00,8,REGION BIO BIO,8101,CONCEPCION,10,ATROPELLO,10,ATROPELLO,1,URBANA,11,CRUCE CON SEMAFORO FUNCIONANDO,1,IMPRUDENCIA DEL CONDUCTOR,31,NO RESPETAR DERECHO PREFERENTE DE PASO A PEATON,0,LOS CARRERA,0,OROMPELLO,LOS CARRERA - OROMPELLO,0, , , , ,3,3,3,BIDIRECCIONAL CON BANDEJON,1,CONCRETO,1,BUENO,1,SECO,1,DESPEJADO,0,0,0,1,1
-8128912.89850126,-4414218.02642071,432,8876,1336691,-73.023267,-36.8212319,95,CONCEPCION,1,9243,2021,1336691,REGION BIO BIO,8101,CONCEPCION,LAGO RANCO, ,318,"LAGO RANCO 318, CONCEPCION",CHILE,RANGE_INTERPOLATED,12912,2021,1336691,1,2021/03/07 00:00:00+00,1899/12/30 00:00:00+00,8,REGION BIO BIO,8101,CONCEPCION,50,CHOQUE,40,CHOQUE,1,URBANA,1,TRAMO DE VIA RECTA,4,ALCOHOL EN CONDUCTOR,24,CONDUCCION EN ESTADO DE EBRIEDAD,0,LAGO RANCO,0, ,- LAGO RANCO,318, , , , ,2,0,1,UNIDIRECCIONAL,1,CONCRETO,1,BUENO,1,SECO,1,DESPEJADO,0,0,0,0,2
-8131889.8377199,-4414214.24396687,433,8877,1370126,-73.0500093,-36.8212047,95,CONCEPCION,1,31954,2021,1370126,REGION BIO BIO,8101,CONCEPCION,CASTELLON,HERAS,0,"CASTELLON & HERAS, CONCEPCION",CHILE,GEOMETRIC_CENTER,44102,2021,1370126,1,2021/08/07 00:00:00+00,1899/12/30 00:00:00+00,8,REGION BIO BIO,8101,CONCEPCION,50,CHOQUE,40,CHOQUE,1,URBANA,1,TRAMO DE VIA RECTA,1,IMPRUDENCIA DEL CONDUCTOR,27,CONDUCCION NO ATENTO CONDICIONES TRANSITO MOMENTO,0,CASTELLON,0,HERAS,CASTELLON - HERAS,0, , , , ,2,0,1,UNIDIRECCIONAL,1,CONCRETO,1,BUENO,1,SECO,2,NUBLADO,0,0,0,0,2
-8131889.8377199,-4414214.24396687,434,8878,1372558,-73.0500093,-36.8212047,95,CONCEPCION,1,33744,2021,1372558,REGION BIO BIO,8101,CONCEPCION,LAS HERAS,CASTELLON,0,"LAS HERAS & CASTELLON, CONCEPCION",CHILE,GEOMETRIC_CENTER,46538,2021,1372558,1,2021/08/17 00:00:00+00,1899/12/30 00:00:00+00,8,REGION BIO BIO,8101,CONCEPCION,30,COLISION,30,COLISION,1,URBANA,14,CRUCE CON SEÑAL PARE,1,IMPRUDENCIA DEL CONDUCTOR,27,CONDUCCION NO ATENTO CONDICIONES TRANSITO MOMENTO,0,LAS HERAS,0,CASTELLON,CASTELLON - LAS HERAS,0, , , , ,2,0,1,UNIDIRECCIONAL,1,CONCRETO,1,BUENO,1,SECO,1,DESPEJADO,0,0,0,0,3
-8131890.80619947,-4414212.39445869,435,8879,1345323,-73.050018,-36.8211914,95,CONCEPCION,1,14967,2021,1345323,REGION BIO BIO,8101,CONCEPCION,LATORRE,MANUEL GUTIERREZ,0,"LATORRE & MANUEL GUTIERREZ, CONCEPCION",CHILE,GEOMETRIC_CENTER,20638,2021,1345323,1,2021/04/22 00:00:00+00,1899/12/30 00:00:00+00,8,REGION BIO BIO,8101,CONCEPCION,32,COLISION LATERAL,30,COLISION,1,URBANA,1,TRAMO DE VIA RECTA,1,IMPRUDENCIA DEL CONDUCTOR,27,CONDUCCION NO ATENTO CONDICIONES TRANSITO MOMENTO,0,LATORRE,0,MANUEL GUTIERREZ,LATORRE - MANUEL GUTIERREZ,0, , , , ,2,0,1,UNIDIRECCIONAL,1,CONCRETO,1,BUENO,1,SECO,1,DESPEJADO,0,0,0,0,2
-8131727.1888119,-4414206.33141155,436,8880,1376164,-73.0485482,-36.8211478,95,CONCEPCION,0,36633,2021,1376164,REGION BIO BIO,8205,CURANILAHUE,LA CONCEPCION,PASAJE VEINTIUNO,0,"LA CONCEPCION & PASAJE VEINTIUNO, CURANILAHUE",CHILE,GEOMETRIC_CENTER,50384,2021,1376164,1,2021/09/02 00:00:00+00,1899/12/30 00:00:00+00,8,REGION BIO BIO,8205,CURANILAHUE,10,ATROPELLO,10,ATROPELLO,1,URBANA,16,CRUCE SIN SEÑALIZACION,1,IMPRUDENCIA DEL CONDUCTOR,27,CONDUCCION NO ATENTO CONDICIONES TRANSITO MOMENTO,0,LA CONCEPCION,0,PASAJE VEINTIUNO,LA CONCEPCION - PASAJE VEINTIUNO,0, , , , ,1,1,2,BIDIRECCIONAL,1,CONCRETO,1,BUENO,1,SECO,1,DESPEJADO,0,1,0,0,1
-8125862.10993242,-4414204.05081674,437,8881,1383670,-72.9958613,-36.8211314,95,CONCEPCION,1,41736,2021,1383670,REGION BIO BIO,8101,CONCEPCION,GENERAL BONILLA,COLLAO,0,"GENERAL BONILLA & COLLAO, CONCEPCION",CHILE,GEOMETRIC_CENTER,57186,2021,1383670,1,2021/10/01 00:00:00+00,1899/12/30 00:00:00+00,8,REGION BIO BIO,8101,CONCEPCION,32,COLISION LATERAL,30,COLISION,1,URBANA,1,TRAMO DE VIA RECTA,1,IMPRUDENCIA DEL CONDUCTOR,11,ADELANTAMIENTO SIN EL ESPACIO O TIEMPO SUFICIENTE,0,GENERAL BONILLA,0,COLLAO,COLLAO - GENERAL BONILLA,0, , , , ,2,2,3,BIDIRECCIONAL CON BANDEJON,1,CONCRETO,1,BUENO,1,SECO,1,DESPEJADO,0,0,0,0,2
-8131183.87177319,-4414201.77022241,438,8882,1340467,-73.0436675,-36.821115,95,CONCEPCION,1,11346,2021,1340467,REGION BIO BIO,8101,CONCEPCION,PAICAVI,MAIPU,0,"PAICAVI & MAIPU, CONCEPCION",CHILE,GEOMETRIC_CENTER,15732,2021,1340467,1,2021/03/22 00:00:00+00,1899/12/30 00:00:00+00,8,REGION BIO BIO,8101,CONCEPCION,34,COLISION PERPENDICULAR,30,COLISION,1,URBANA,11,CRUCE CON SEMAFORO FUNCIONANDO,1,IMPRUDENCIA DEL CONDUCTOR,91,VIRAJES INDEBIDOS,0,PAICAVI,0,MAIPU,MAIPU - PAICAVI,0, , , , ,3,3,2,BIDIRECCIONAL,1,CONCRETO,1,BUENO,1,SECO,1,DESPEJADO,0,0,0,0,2
-8131183.87177319,-4414201.77022241,439,8883,1350427,-73.0436675,-36.821115,95,CONCEPCION,1,18536,2021,1350427,REGION BIO BIO,8101,CONCEPCION,PAICAVI,MAIPU,0,"PAICAVI & MAIPU, CONCEPCION",CHILE,GEOMETRIC_CENTER,25491,2021,1350427,1,2021/05/17 00:00:00+00,1899/12/30 00:00:00+00,8,REGION BIO BIO,8101,CONCEPCION,50,CHOQUE,40,CHOQUE,1,URBANA,26,OTROS NO CONSIDERADOS,1,IMPRUDENCIA DEL CONDUCTOR,93,CONDUCIR VEHICULO EN RETROCESO,0,PAICAVI,0,MAIPU,MAIPU - PAICAVI,0, , , , ,3,3,2,BIDIRECCIONAL,1,CONCRETO,1,BUENO,1,SECO,1,DESPEJADO,0,0,0,0,2
-8131183.87177319,-4414201.77022241,440,8884,1366204,-73.0436675,-36.821115,95,CONCEPCION,1,28386,2021,1366204,REGION BIO BIO,8101,CONCEPCION,PAICAVI,MAIPU,0,"PAICAVI & MAIPU, CONCEPCION",CHILE,GEOMETRIC_CENTER,39206,2021,1366204,1,2021/07/18 00:00:00+00,1899/12/30 00:00:00+00,8,REGION BIO BIO,8101,CONCEPCION,34,COLISION PERPENDICULAR,30,COLISION,1,URBANA,11,CRUCE CON SEMAFORO FUNCIONANDO,10,DESOBEDIENCIA A SEÑALIZACION,62,SEÑALIZACION DESOBEDECER LUZ ROJA DE SEMAFORO,0,PAICAVI,0,MAIPU,MAIPU - PAICAVI,0, , , , ,2,0,1,UNIDIRECCIONAL,1,CONCRETO,1,BUENO,1,SECO,1,DESPEJADO,0,0,0,1,1
-8131183.87177319,-4414201.77022241,441,8885,1369237,-73.0436675,-36.821115,95,CONCEPCION,1,31261,2021,1369237,REGION BIO BIO,8101,CONCEPCION,MAIPU,PAICAVI,0,"MAIPU & PAICAVI, CONCEPCION",CHILE,GEOMETRIC_CENTER,43182,2021,1369237,1,2021/08/03 00:00:00+00,1899/12/30 00:00:00+00,8,REGION BIO BIO,8101,CONCEPCION,53,CHOQUE POSTERIOR,40,CHOQUE,1,URBANA,11,CRUCE CON SEMAFORO FUNCIONANDO,1,IMPRUDENCIA DEL CONDUCTOR,27,CONDUCCION NO ATENTO CONDICIONES TRANSITO MOMENTO,0,MAIPU,0,PAICAVI,MAIPU - PAICAVI,0, , , , ,3,0,1,UNIDIRECCIONAL,1,CONCRETO,1,BUENO,1,SECO,1,DESPEJADO,0,0,0,1,1
-8131183.87177319,-4414201.77022241,442,8886,1372899,-73.0436675,-36.821115,95,CONCEPCION,1,34534,2021,1372899,REGION BIO BIO,8101,CONCEPCION,PAICAVI,MAIPU,0,"PAICAVI & MAIPU, CONCEPCION",CHILE,GEOMETRIC_CENTER,47605,2021,1372899,1,2021/08/21 00:00:00+00,1899/12/30 00:00:00+00,8,REGION BIO BIO,8101,CONCEPCION,34,COLISION PERPENDICULAR,30,COLISION,1,URBANA,11,CRUCE CON SEMAFORO FUNCIONANDO,1,IMPRUDENCIA DEL CONDUCTOR,91,VIRAJES INDEBIDOS,0,PAICAVI,0,MAIPU,MAIPU - PAICAVI,0, , , , ,3,3,3,BIDIRECCIONAL CON BANDEJON,1,CONCRETO,1,BUENO,3,MOJADO,4,LLOVIZNA,0,0,0,0,2
-8133492.08141478,-4414191.79958099,443,8887,1405754,-73.0644025,-36.8210433,95,CONCEPCION,1,56908,2021,1405754,REGION BIO BIO,8101,CONCEPCION,MANUEL RODRIGUEZ,PADRE HURTADO,0,"MANUEL RODRIGUEZ & PADRE HURTADO, CONCEPCION",CHILE,GEOMETRIC_CENTER,77308,2021,1405754,1,2021/12/18 00:00:00+00,1899/12/30 00:00:00+00,8,REGION BIO BIO,8101,CONCEPCION,99,OTRO TIPO,99,OTRO TIPO,1,URBANA,1,TRAMO DE VIA RECTA,13,CAUSAS NO DETERMINADAS,97,CAUSAS NO DETERMINADAS,0,MANUEL RODRIGUEZ,0,PADRE HURTADO,MANUEL RODRIGUEZ - PADRE HURTADO,0, , , , ,2,2,2,BIDIRECCIONAL,1,CONCRETO,1,BUENO,1,SECO,1,DESPEJADO,0,0,0,2,0
-8127504.76260247,-4414174.73687321,444,8888,1391262,-73.0106175,-36.8209206,95,CONCEPCION,1,47292,2021,1391262,REGION BIO BIO,8101,CONCEPCION,COLLAO, ,1507,"COLLAO 1507, CONCEPCION",CHILE,RANGE_INTERPOLATED,64510,2021,1391262,1,2021/10/30 00:00:00+00,1899/12/30 00:00:00+00,8,REGION BIO BIO,8101,CONCEPCION,32,COLISION LATERAL,30,COLISION,1,URBANA,1,TRAMO DE VIA RECTA,1,IMPRUDENCIA DEL CONDUCTOR,11,ADELANTAMIENTO SIN EL ESPACIO O TIEMPO SUFICIENTE,0,COLLAO,0, ,- COLLAO,1507, , , , ,2,0,1,UNIDIRECCIONAL,1,CONCRETO,1,BUENO,1,SECO,1,DESPEJADO,0,0,0,0,2
-8130796.94748709,-4414173.3601767,445,8889,1375062,-73.0401917,-36.8209107,95,CONCEPCION,1,35710,2021,1375062,REGION BIO BIO,8101,CONCEPCION,CALLE CIENTO UNO,CALLE CIENTO SEIS,0,"CALLE CIENTO UNO & CALLE CIENTO SEIS, CONCEPCION",CHILE,GEOMETRIC_CENTER,49160,2021,1375062,1,2021/08/28 00:00:00+00,1899/12/30 00:00:00+00,8,REGION BIO BIO,8101,CONCEPCION,50,CHOQUE,40,CHOQUE,1,URBANA,14,CRUCE CON SEÑAL PARE,1,IMPRUDENCIA DEL CONDUCTOR,93,CONDUCIR VEHICULO EN RETROCESO,0,CALLE CIENTO UNO,0,CALLE CIENTO SEIS,CALLE CIENTO SEIS - CALLE CIENTO UNO,0, , , , ,1,1,2,BIDIRECCIONAL,1,CONCRETO,1,BUENO,1,SECO,2,NUBLADO,0,0,0,0,2
-8130270.89610139,-4414168.13151283,446,8890,1399561,-73.0354661,-36.8208731,95,CONCEPCION,1,52676,2021,1399561,REGION BIO BIO,8101,CONCEPCION,LUIS URRUTIA MANZANO, ,445,"LUIS URRUTIA MANZANO 445, CONCEPCION",CHILE,RANGE_INTERPOLATED,71591,2021,1399561,1,2021/11/26 00:00:00+00,1899/12/30 00:00:00+00,8,REGION BIO BIO,8101,CONCEPCION,10,ATROPELLO,10,ATROPELLO,1,URBANA,1,TRAMO DE VIA RECTA,2,IMPRUDENCIA DEL PEATON,51,PEATON PERMANECE SOBRE LA CALZADA,0,LUIS URRUTIA MANZANO,0, ,- LUIS URRUTIA MANZANO,445, , , , ,1,1,2,BIDIRECCIONAL,1,CONCRETO,1,BUENO,1,SECO,1,DESPEJADO,0,0,0,1,1
-8132804.38299651,-4414160.34414586,447,8891,1387451,-73.0582248,-36.8208171,95,CONCEPCION,1,44558,2021,1387451,REGION BIO BIO,8101,CONCEPCION,LINCOYAN,CRUZ,0,"LINCOYAN & CRUZ, CONCEPCION",CHILE,GEOMETRIC_CENTER,60906,2021,1387451,1,2021/10/15 00:00:00+00,1899/12/30 00:00:00+00,8,REGION BIO BIO,8101,CONCEPCION,50,CHOQUE,40,CHOQUE,1,URBANA,14,CRUCE CON SEÑAL PARE,10,DESOBEDIENCIA A SEÑALIZACION,65,SEÑALIZACION DESOBEDECER SEÑAL PARE,0,LINCOYAN,0,CRUZ,CRUZ - LINCOYAN,0, , , , ,2,2,2,BIDIRECCIONAL,1,CONCRETO,1,BUENO,1,SECO,1,DESPEJADO,0,0,0,1,2
-8130300.41803035,-4414153.9195724,448,8892,1408389,-73.0357313,-36.8207709,95,CONCEPCION,1,57883,2021,1408389,REGION BIO BIO,8101,CONCEPCION,ROOSEVELT,L.URRUTIA MANZANO,0,"ROOSEVELT & L.URRUTIA MANZANO, CONCEPCION",CHILE,GEOMETRIC_CENTER,78597,2021,1408389,1,2021/12/23 00:00:00+00,1899/12/30 00:00:00+00,8,REGION BIO BIO,8101,CONCEPCION,70,VOLCADURA,70,VOLCADURA,1,URBANA,14,CRUCE CON SEÑAL PARE,4,ALCOHOL EN CONDUCTOR,24,CONDUCCION EN ESTADO DE EBRIEDAD,0,ROOSEVELT,0,L.URRUTIA MANZANO,L.URRUTIA MANZANO - ROOSEVELT,0, , , , ,1,1,2,BIDIRECCIONAL,2,ASFALTO,1,BUENO,1,SECO,1,DESPEJADO,0,0,0,0,1
-8132093.06258229,-4414148.49623418,449,8893,1345184,-73.0518349,-36.8207319,95,CONCEPCION,1,15307,2021,1345184,REGION BIO BIO,8101,CONCEPCION,COLO COLO,ROZAS,0,"COLO COLO & ROZAS, CONCEPCION",CHILE,GEOMETRIC_CENTER,21096,2021,1345184,1,2021/04/24 00:00:00+00,1899/12/30 00:00:00+00,8,REGION BIO BIO,8101,CONCEPCION,30,COLISION,30,COLISION,1,URBANA,1,TRAMO DE VIA RECTA,13,CAUSAS NO DETERMINADAS,97,CAUSAS NO DETERMINADAS,0,COLO COLO,0,ROZAS,COLO COLO - ROZAS,0, , , , ,1,1,2,BIDIRECCIONAL,1,CONCRETO,1,BUENO,1,SECO,1,DESPEJADO,0,0,0,0,2
-8131403.64984386,-4414137.35754052,450,8894,1391242,-73.0456418,-36.8206518,95,CONCEPCION,1,46996,2021,1391242,REGION BIO BIO,8101,CONCEPCION,LOS CARRERA,ONGOLMO,0,"LOS CARRERA & ONGOLMO, CONCEPCION",CHILE,GEOMETRIC_CENTER,64107,2021,1391242,1,2021/10/28 00:00:00+00,1899/12/30 00:00:00+00,8,REGION BIO BIO,8101,CONCEPCION,32,COLISION LATERAL,30,COLISION,1,URBANA,11,CRUCE CON SEMAFORO FUNCIONANDO,1,IMPRUDENCIA DEL CONDUCTOR,27,CONDUCCION NO ATENTO CONDICIONES TRANSITO MOMENTO,0,LOS CARRERA,0,ONGOLMO,LOS CARRERA - ONGOLMO,0, , , , ,3,3,3,BIDIRECCIONAL CON BANDEJON,1,CONCRETO,1,BUENO,1,SECO,1,DESPEJADO,0,0,0,0,2
-8131039.41246998,-4414128.47162472,451,8895,1342250,-73.0423698,-36.8205879,95,CONCEPCION,1,12967,2021,1342250,REGION BIO BIO,8101,CONCEPCION,JANEQUEO,MAIPU,0,"JANEQUEO & MAIPU, CONCEPCION",CHILE,GEOMETRIC_CENTER,17910,2021,1342250,1,2021/04/06 00:00:00+00,1899/12/30 00:00:00+00,8,REGION BIO BIO,8101,CONCEPCION,30,COLISION,30,COLISION,1,URBANA,1,TRAMO DE VIA RECTA,1,IMPRUDENCIA DEL CONDUCTOR,93,CONDUCIR VEHICULO EN RETROCESO,0,JANEQUEO,0,MAIPU,JANEQUEO - MAIPU,0, , , , ,2,0,1,UNIDIRECCIONAL,1,CONCRETO,1,BUENO,3,MOJADO,3,LLUVIA,0,0,0,0,2