X,Y,FID,FID_1,LABELID,POINT_X,POINT_Y,FID_2,COMUNAREAL,VAL_COM,OBJECTID,A_O,IDACCIDENT,REGION,COD_COMUN,COMUNA,CALLE_UNO,CALLE_DOS,NUMERO,DIR_GEOCOD,PAIS,TIPO,OBJECTID_1,Año,Idaccide_1,Claseaccid,Fecha,Hora,Cód_Regi,Región,Cód_Comun,Comuna_1,Cód_Tipo_,Tipo_Accid,Cód_Tipo1,Tipo__CONA,Cód_Zona,Zona,Cód_Ubica,Ubicación,Cód_Causa,Causa__CON,Cód_Cau_1,Causa,Cód_Calle,Calle_Un_1,Cód_Cal_1,Calle_Do_1,Intersecci,Número,Ruta,Cód_Ruta,Ubicaci_1,Km_Vía_Fe,Pistas_de_,Pistas_de1,Cód_Calza,Calzada,Cód__Tipo,Tipo_Calza,Cód_Estad,Estado_Cal,Cód_Condi,Condición,Cód_Est_1,Estado_Atm,Fallecidos,Graves,Menos_Grav,Leves,Ilesos
-8131039.41246998,-4414128.47162472,452,8896,1353797,-73.0423698,-36.8205879,95,CONCEPCION,1,20765,2021,1353797,REGION BIO BIO,8101,CONCEPCION,MAIPU,JANEQUEO,0,"MAIPU & JANEQUEO, CONCEPCION",CHILE,GEOMETRIC_CENTER,28628,2021,1353797,1,2021/06/01 00:00:00+00,1899/12/30 00:00:00+00,8,REGION BIO BIO,8101,CONCEPCION,34,COLISION PERPENDICULAR,30,COLISION,1,URBANA,11,CRUCE CON SEMAFORO FUNCIONANDO,1,IMPRUDENCIA DEL CONDUCTOR,27,CONDUCCION NO ATENTO CONDICIONES TRANSITO MOMENTO,0,MAIPU,0,JANEQUEO,JANEQUEO - MAIPU,0, , , , ,2,0,1,UNIDIRECCIONAL,1,CONCRETO,1,BUENO,3,MOJADO,3,LLUVIA,0,0,0,1,1
-8131039.41246998,-4414128.47162472,453,8897,1361902,-73.0423698,-36.8205879,95,CONCEPCION,1,25854,2021,1361902,REGION BIO BIO,8101,CONCEPCION,JANEQUEO,MAIPU,0,"JANEQUEO & MAIPU, CONCEPCION",CHILE,GEOMETRIC_CENTER,35685,2021,1361902,1,2021/07/03 00:00:00+00,1899/12/30 00:00:00+00,8,REGION BIO BIO,8101,CONCEPCION,10,ATROPELLO,10,ATROPELLO,1,URBANA,11,CRUCE CON SEMAFORO FUNCIONANDO,1,IMPRUDENCIA DEL CONDUCTOR,31,NO RESPETAR DERECHO PREFERENTE DE PASO A PEATON,0,JANEQUEO,0,MAIPU,JANEQUEO - MAIPU,0, , , , ,2,0,1,UNIDIRECCIONAL,1,CONCRETO,1,BUENO,1,SECO,1,DESPEJADO,0,1,0,0,1
-8126677.60312613,-4414127.90148014,454,8898,1366764,-73.003187,-36.8205838,95,CONCEPCION,1,29614,2021,1366764,REGION BIO BIO,8101,CONCEPCION,CALETERA GENERAL BONILLA,COLLAO,0,"CALETERA GENERAL BONILLA & COLLAO, CONCEPCION",CHILE,GEOMETRIC_CENTER,40956,2021,1366764,1,2021/07/25 00:00:00+00,1899/12/30 00:00:00+00,8,REGION BIO BIO,8101,CONCEPCION,53,CHOQUE POSTERIOR,40,CHOQUE,1,URBANA,1,TRAMO DE VIA RECTA,1,IMPRUDENCIA DEL CONDUCTOR,28,CONDUCCION SIN MANTENER DISTANCIA RAZONABLE NI PRUDENTE,0,CALETERA GENERAL BONILLA,0,COLLAO,CALETERA GENERAL BONILLA - COLLAO,0, , , , ,2,0,1,UNIDIRECCIONAL,1,CONCRETO,1,BUENO,2,HUMEDO,2,NUBLADO,0,0,0,0,2
-8133360.08989455,-4414094.11003891,455,8899,1360526,-73.0632168,-36.8203408,95,CONCEPCION,1,26010,2021,1360526,REGION BIO BIO,8101,CONCEPCION,MANUEL RODRIGUEZ,SERRANO,0,"MANUEL RODRIGUEZ & SERRANO, CONCEPCION",CHILE,GEOMETRIC_CENTER,35899,2021,1360526,1,2021/07/04 00:00:00+00,1899/12/30 00:00:00+00,8,REGION BIO BIO,8101,CONCEPCION,30,COLISION,30,COLISION,1,URBANA,1,TRAMO DE VIA RECTA,13,CAUSAS NO DETERMINADAS,97,CAUSAS NO DETERMINADAS,0,MANUEL RODRIGUEZ,0,SERRANO,MANUEL RODRIGUEZ - SERRANO,0, , , , ,2,2,2,BIDIRECCIONAL,1,CONCRETO,1,BUENO,1,SECO,1,DESPEJADO,0,0,0,0,2
-8132665.96834166,-4414088.28345969,456,8900,1375942,-73.0569814,-36.8202989,95,CONCEPCION,1,34834,2021,1375942,REGION BIO BIO,8101,CONCEPCION,RENGO,CRUZ,0,"RENGO & CRUZ, CONCEPCION",CHILE,GEOMETRIC_CENTER,48037,2021,1375942,1,2021/08/23 00:00:00+00,1899/12/30 00:00:00+00,8,REGION BIO BIO,8101,CONCEPCION,30,COLISION,30,COLISION,1,URBANA,14,CRUCE CON SEÑAL PARE,13,CAUSAS NO DETERMINADAS,97,CAUSAS NO DETERMINADAS,0,RENGO,0,CRUZ,CRUZ - RENGO,0, , , , ,2,0,1,UNIDIRECCIONAL,1,CONCRETO,1,BUENO,1,SECO,1,DESPEJADO,0,0,0,0,2
-8134022.42973282,-4414085.34931241,457,8901,1358084,-73.0691667,-36.8202778,95,CONCEPCION,0,23812,2021,1358084,REGION BIO BIO,8103,CHIGUAYANTE,CERRO CHEPE,LINEA FERREA,0,"CERRO CHEPE & LINEA FERREA, CHIGUAYANTE",CHILE,GEOMETRIC_CENTER,32811,2021,1358084,1,2021/06/19 00:00:00+00,1899/12/30 00:00:00+00,8,REGION BIO BIO,8103,CHIGUAYANTE,70,VOLCADURA,70,VOLCADURA,1,URBANA,26,OTROS NO CONSIDERADOS,7,VELOCIDAD IMPRUDENTE,72,VELOCIDAD NO RAZONABLE NI PRUDENTE,0,CERRO CHEPE,0,LINEA FERREA,CERRO CHEPE - LINEA FERREA,0, , , , ,1,0,1,UNIDIRECCIONAL,2,ASFALTO,2,REGULAR,1,SECO,1,DESPEJADO,1,1,0,0,0
-8132315.52345269,-4414085.21025331,458,8902,1373208,-73.0538333,-36.8202768,95,CONCEPCION,1,33739,2021,1373208,REGION BIO BIO,8101,CONCEPCION,BULNES,ANIBAL PINTO,0,"BULNES & ANIBAL PINTO, CONCEPCION",CHILE,GEOMETRIC_CENTER,46530,2021,1373208,1,2021/08/17 00:00:00+00,1899/12/30 00:00:00+00,8,REGION BIO BIO,8101,CONCEPCION,10,ATROPELLO,10,ATROPELLO,1,URBANA,1,TRAMO DE VIA RECTA,13,CAUSAS NO DETERMINADAS,97,CAUSAS NO DETERMINADAS,0,BULNES,0,ANIBAL PINTO,ANIBAL PINTO - BULNES,0, , , , ,2,0,1,UNIDIRECCIONAL,1,CONCRETO,1,BUENO,1,SECO,1,DESPEJADO,0,1,0,0,1
-8129386.45161509,-4412765.92717035,459,9256,1349433,-73.027521,-36.810789,95,CONCEPCION,1,18317,2021,1349433,REGION BIO BIO,8101,CONCEPCION,GENERAL BONILLA,JUAN BOSCO,0,"GENERAL BONILLA & JUAN BOSCO, CONCEPCION",CHILE,GEOMETRIC_CENTER,25198,2021,1349433,1,2021/05/16 00:00:00+00,1899/12/30 00:00:00+00,8,REGION BIO BIO,8101,CONCEPCION,33,COLISION POR ALCANCE,30,COLISION,1,URBANA,21,ENLACE A NIVEL,1,IMPRUDENCIA DEL CONDUCTOR,28,CONDUCCION SIN MANTENER DISTANCIA RAZONABLE NI PRUDENTE,0,GENERAL BONILLA,0,JUAN BOSCO,GENERAL BONILLA - JUAN BOSCO,0, , , , ,2,0,1,UNIDIRECCIONAL,1,CONCRETO,1,BUENO,1,SECO,1,DESPEJADO,0,0,0,1,1
-8128054.35806046,-4414063.94813941,460,8903,1371556,-73.0155546,-36.8201239,95,CONCEPCION,1,31885,2021,1371556,REGION BIO BIO,8101,CONCEPCION,COLLAO,PAULA PINEDA,0,"COLLAO & PAULA PINEDA, CONCEPCION",CHILE,GEOMETRIC_CENTER,44000,2021,1371556,1,2021/08/06 00:00:00+00,1899/12/30 00:00:00+00,8,REGION BIO BIO,8101,CONCEPCION,33,COLISION POR ALCANCE,30,COLISION,1,URBANA,1,TRAMO DE VIA RECTA,1,IMPRUDENCIA DEL CONDUCTOR,28,CONDUCCION SIN MANTENER DISTANCIA RAZONABLE NI PRUDENTE,0,COLLAO,0,PAULA PINEDA,COLLAO - PAULA PINEDA,0, , , , ,1,1,2,BIDIRECCIONAL,1,CONCRETO,1,BUENO,1,SECO,1,DESPEJADO,0,0,0,0,2
-8130589.61493548,-4414063.46143357,461,8904,1367686,-73.0383292,-36.8201204,95,CONCEPCION,1,30569,2021,1367686,REGION BIO BIO,8101,CONCEPCION,FREIRE, ,1669,"FREIRE 1669, CONCEPCION",CHILE,RANGE_INTERPOLATED,42244,2021,1367686,1,2021/07/30 00:00:00+00,1899/12/30 00:00:00+00,8,REGION BIO BIO,8101,CONCEPCION,50,CHOQUE,40,CHOQUE,1,URBANA,1,TRAMO DE VIA RECTA,4,ALCOHOL EN CONDUCTOR,24,CONDUCCION EN ESTADO DE EBRIEDAD,0,FREIRE,0, ,- FREIRE,1669, , , , ,2,0,1,UNIDIRECCIONAL,1,CONCRETO,1,BUENO,1,SECO,1,DESPEJADO,0,0,0,0,2
-8130894.93090288,-4414057.50971826,462,8905,1334617,-73.0410719,-36.8200776,95,CONCEPCION,1,7752,2021,1334617,REGION BIO BIO,8101,CONCEPCION,MAIPU,LAUTARO,0,"MAIPU & LAUTARO, CONCEPCION",CHILE,GEOMETRIC_CENTER,10877,2021,1334617,1,2021/02/26 00:00:00+00,1899/12/30 00:00:00+00,8,REGION BIO BIO,8101,CONCEPCION,34,COLISION PERPENDICULAR,30,COLISION,1,URBANA,14,CRUCE CON SEÑAL PARE,10,DESOBEDIENCIA A SEÑALIZACION,65,SEÑALIZACION DESOBEDECER SEÑAL PARE,0,MAIPU,0,LAUTARO,LAUTARO - MAIPU,0, , , , ,2,0,1,UNIDIRECCIONAL,1,CONCRETO,1,BUENO,1,SECO,1,DESPEJADO,0,0,0,0,2
-8130894.93090288,-4414057.50971826,463,8906,1366692,-73.0410719,-36.8200776,95,CONCEPCION,1,29215,2021,1366692,REGION BIO BIO,8101,CONCEPCION,MAIPU,LAUTARO,0,"MAIPU & LAUTARO, CONCEPCION",CHILE,GEOMETRIC_CENTER,40391,2021,1366692,1,2021/07/23 00:00:00+00,1899/12/30 00:00:00+00,8,REGION BIO BIO,8101,CONCEPCION,34,COLISION PERPENDICULAR,30,COLISION,1,URBANA,14,CRUCE CON SEÑAL PARE,10,DESOBEDIENCIA A SEÑALIZACION,65,SEÑALIZACION DESOBEDECER SEÑAL PARE,0,MAIPU,0,LAUTARO,LAUTARO - MAIPU,0, , , , ,2,0,1,UNIDIRECCIONAL,1,CONCRETO,1,BUENO,1,SECO,1,DESPEJADO,0,0,0,0,2
-8130894.93090288,-4414057.50971826,464,8907,1406213,-73.0410719,-36.8200776,95,CONCEPCION,1,57281,2021,1406213,REGION BIO BIO,8101,CONCEPCION,MAIPU,LAUTARO,0,"MAIPU & LAUTARO, CONCEPCION",CHILE,GEOMETRIC_CENTER,77802,2021,1406213,1,2021/12/20 00:00:00+00,1899/12/30 00:00:00+00,8,REGION BIO BIO,8101,CONCEPCION,34,COLISION PERPENDICULAR,30,COLISION,1,URBANA,14,CRUCE CON SEÑAL PARE,10,DESOBEDIENCIA A SEÑALIZACION,65,SEÑALIZACION DESOBEDECER SEÑAL PARE,0,MAIPU,0,LAUTARO,LAUTARO - MAIPU,0, , , , ,2,0,1,UNIDIRECCIONAL,1,CONCRETO,1,BUENO,1,SECO,1,DESPEJADO,0,0,0,0,2
-8131264.43368867,-4414033.82804291,465,8908,1366701,-73.0443912,-36.8199073,95,CONCEPCION,1,29318,2021,1366701,REGION BIO BIO,8101,CONCEPCION,PAICAVI, ,825,"PAICAVI 825, CONCEPCION",CHILE,RANGE_INTERPOLATED,40524,2021,1366701,1,2021/07/23 00:00:00+00,1899/12/30 00:00:00+00,8,REGION BIO BIO,8101,CONCEPCION,10,ATROPELLO,10,ATROPELLO,1,URBANA,1,TRAMO DE VIA RECTA,2,IMPRUDENCIA DEL PEATON,55,PEATON CRUZA CALZADA FUERA PASO PEATONES,0,PAICAVI,0, ,- PAICAVI,825, , , , ,2,2,2,BIDIRECCIONAL,1,CONCRETO,1,BUENO,1,SECO,1,DESPEJADO,0,1,0,0,1
-8128567.60770471,-4414028.43257756,466,8909,1399396,-73.0201652,-36.8198685,95,CONCEPCION,1,51688,2021,1399396,REGION BIO BIO,8101,CONCEPCION,CALLEJON PUCHACAY, ,122,"CALLEJON PUCHACAY 122, CONCEPCION",CHILE,RANGE_INTERPOLATED,70304,2021,1399396,1,2021/11/21 00:00:00+00,1899/12/30 00:00:00+00,8,REGION BIO BIO,8101,CONCEPCION,32,COLISION LATERAL,30,COLISION,1,URBANA,1,TRAMO DE VIA RECTA,1,IMPRUDENCIA DEL CONDUCTOR,27,CONDUCCION NO ATENTO CONDICIONES TRANSITO MOMENTO,0,CALLEJON PUCHACAY,0, ,- CALLEJON PUCHACAY,122, , , , ,1,1,2,BIDIRECCIONAL,1,CONCRETO,1,BUENO,1,SECO,1,DESPEJADO,0,0,0,0,2
-8133224.55841451,-4414022.75899839,467,8910,1336727,-73.0619993,-36.8198277,95,CONCEPCION,1,9316,2021,1336727,REGION BIO BIO,8101,CONCEPCION,SALAS,MANUEL RODRIGUEZ,0,"SALAS & MANUEL RODRIGUEZ, CONCEPCION",CHILE,GEOMETRIC_CENTER,13015,2021,1336727,1,2021/03/08 00:00:00+00,1899/12/30 00:00:00+00,8,REGION BIO BIO,8101,CONCEPCION,10,ATROPELLO,10,ATROPELLO,1,URBANA,26,OTROS NO CONSIDERADOS,1,IMPRUDENCIA DEL CONDUCTOR,31,NO RESPETAR DERECHO PREFERENTE DE PASO A PEATON,0,SALAS,0,MANUEL RODRIGUEZ,MANUEL RODRIGUEZ - SALAS,0, , , , ,2,0,1,UNIDIRECCIONAL,1,CONCRETO,1,BUENO,1,SECO,1,DESPEJADO,0,0,0,1,1
-8133224.55841451,-4414022.75899839,468,8911,1340164,-73.0619993,-36.8198277,95,CONCEPCION,1,11368,2021,1340164,REGION BIO BIO,8101,CONCEPCION,MANUEL RODRIGUEZ,SALAS,0,"MANUEL RODRIGUEZ & SALAS, CONCEPCION",CHILE,GEOMETRIC_CENTER,15759,2021,1340164,1,2021/03/22 00:00:00+00,1899/12/30 00:00:00+00,8,REGION BIO BIO,8101,CONCEPCION,50,CHOQUE,40,CHOQUE,1,URBANA,1,TRAMO DE VIA RECTA,13,CAUSAS NO DETERMINADAS,97,CAUSAS NO DETERMINADAS,0,MANUEL RODRIGUEZ,0,SALAS,MANUEL RODRIGUEZ - SALAS,0, , , , ,1,1,2,BIDIRECCIONAL,1,CONCRETO,1,BUENO,1,SECO,1,DESPEJADO,0,1,0,0,1
-8133224.55841451,-4414022.75899839,469,8912,1359167,-73.0619993,-36.8198277,95,CONCEPCION,1,24493,2021,1359167,REGION BIO BIO,8101,CONCEPCION,MANUEL RODRIGUEZ,SALAS,0,"MANUEL RODRIGUEZ & SALAS, CONCEPCION",CHILE,GEOMETRIC_CENTER,33773,2021,1359167,1,2021/06/24 00:00:00+00,1899/12/30 00:00:00+00,8,REGION BIO BIO,8101,CONCEPCION,30,COLISION,30,COLISION,1,URBANA,1,TRAMO DE VIA RECTA,13,CAUSAS NO DETERMINADAS,97,CAUSAS NO DETERMINADAS,0,MANUEL RODRIGUEZ,0,SALAS,MANUEL RODRIGUEZ - SALAS,0, , , , ,2,2,2,BIDIRECCIONAL,1,CONCRETO,1,BUENO,2,HUMEDO,3,LLUVIA,0,0,0,0,2
-8133224.55841451,-4414022.75899839,470,8913,1362048,-73.0619993,-36.8198277,95,CONCEPCION,1,26938,2021,1362048,REGION BIO BIO,8101,CONCEPCION,MANUEL RODRIGUEZ,SALAS,0,"MANUEL RODRIGUEZ & SALAS, CONCEPCION",CHILE,GEOMETRIC_CENTER,37145,2021,1362048,1,2021/07/09 00:00:00+00,1899/12/30 00:00:00+00,8,REGION BIO BIO,8101,CONCEPCION,34,COLISION PERPENDICULAR,30,COLISION,1,URBANA,15,CRUCE CON SEÑAL CEDA EL PASO,10,DESOBEDIENCIA A SEÑALIZACION,64,SEÑALIZACION DESOBEDECER SEÑAL CEDA EL PASO,0,MANUEL RODRIGUEZ,0,SALAS,MANUEL RODRIGUEZ - SALAS,0, , , , ,2,0,1,UNIDIRECCIONAL,1,CONCRETO,1,BUENO,1,SECO,1,DESPEJADO,0,0,0,0,2
-8133224.55841451,-4414022.75899839,471,8914,1384071,-73.0619993,-36.8198277,95,CONCEPCION,1,42023,2021,1384071,REGION BIO BIO,8101,CONCEPCION,SALAS,MANUEL RODRIGUEZ,0,"SALAS & MANUEL RODRIGUEZ, CONCEPCION",CHILE,GEOMETRIC_CENTER,57556,2021,1384071,1,2021/10/02 00:00:00+00,1899/12/30 00:00:00+00,8,REGION BIO BIO,8101,CONCEPCION,30,COLISION,30,COLISION,1,URBANA,1,TRAMO DE VIA RECTA,4,ALCOHOL EN CONDUCTOR,24,CONDUCCION EN ESTADO DE EBRIEDAD,0,SALAS,0,MANUEL RODRIGUEZ,MANUEL RODRIGUEZ - SALAS,0, , , , ,3,3,2,BIDIRECCIONAL,1,CONCRETO,1,BUENO,1,SECO,1,DESPEJADO,0,0,0,1,1
-8133224.55841451,-4414022.75899839,472,8915,1398586,-73.0619993,-36.8198277,95,CONCEPCION,1,50725,2021,1398586,REGION BIO BIO,8101,CONCEPCION,SALAS,MANUEL RODRIGUEZ,0,"SALAS & MANUEL RODRIGUEZ, CONCEPCION",CHILE,GEOMETRIC_CENTER,69065,2021,1398586,1,2021/11/16 00:00:00+00,1899/12/30 00:00:00+00,8,REGION BIO BIO,8101,CONCEPCION,52,CHOQUE LATERAL,40,CHOQUE,1,URBANA,14,CRUCE CON SEÑAL PARE,1,IMPRUDENCIA DEL CONDUCTOR,28,CONDUCCION SIN MANTENER DISTANCIA RAZONABLE NI PRUDENTE,0,SALAS,0,MANUEL RODRIGUEZ,MANUEL RODRIGUEZ - SALAS,0, , , , ,2,0,1,UNIDIRECCIONAL,1,CONCRETO,1,BUENO,1,SECO,1,DESPEJADO,0,0,0,0,2
-8128465.21603708,-4414022.5086935,473,8916,1337801,-73.0192454,-36.8198259,95,CONCEPCION,1,9485,2021,1337801,REGION BIO BIO,8101,CONCEPCION,GENERAL NOVOA,CALEUCHE,0,"GENERAL NOVOA & CALEUCHE, CONCEPCION",CHILE,GEOMETRIC_CENTER,13232,2021,1337801,1,2021/03/09 00:00:00+00,1899/12/30 00:00:00+00,8,REGION BIO BIO,8101,CONCEPCION,34,COLISION PERPENDICULAR,30,COLISION,1,URBANA,16,CRUCE SIN SEÑALIZACION,1,IMPRUDENCIA DEL CONDUCTOR,27,CONDUCCION NO ATENTO CONDICIONES TRANSITO MOMENTO,0,GENERAL NOVOA,0,CALEUCHE,CALEUCHE - GENERAL NOVOA,0, , , , ,3,0,1,UNIDIRECCIONAL,1,CONCRETO,1,BUENO,1,SECO,1,DESPEJADO,0,1,0,0,1
-8128465.21603708,-4414022.5086935,474,8917,1351174,-73.0192454,-36.8198259,95,CONCEPCION,1,18882,2021,1351174,REGION BIO BIO,8101,CONCEPCION,NOVOA,CALEUCHE,0,"NOVOA & CALEUCHE, CONCEPCION",CHILE,GEOMETRIC_CENTER,25960,2021,1351174,1,2021/05/19 00:00:00+00,1899/12/30 00:00:00+00,8,REGION BIO BIO,8101,CONCEPCION,32,COLISION LATERAL,30,COLISION,1,URBANA,1,TRAMO DE VIA RECTA,1,IMPRUDENCIA DEL CONDUCTOR,27,CONDUCCION NO ATENTO CONDICIONES TRANSITO MOMENTO,0,NOVOA,0,CALEUCHE,CALEUCHE - NOVOA,0, , , , ,2,0,1,UNIDIRECCIONAL,1,CONCRETO,1,BUENO,1,SECO,2,NUBLADO,0,0,0,0,2
-8132876.23972782,-4414019.15738966,475,8918,1408012,-73.0588703,-36.8198018,95,CONCEPCION,1,58647,2021,1408012,REGION BIO BIO,8101,CONCEPCION,LINCOYAN,PRIETO,0,"LINCOYAN & PRIETO, CONCEPCION",CHILE,GEOMETRIC_CENTER,79701,2021,1408012,1,2021/12/27 00:00:00+00,1899/12/30 00:00:00+00,8,REGION BIO BIO,8101,CONCEPCION,30,COLISION,30,COLISION,1,URBANA,14,CRUCE CON SEÑAL PARE,14,OTRAS CAUSAS,98,OTRAS CAUSAS,0,LINCOYAN,0,PRIETO,LINCOYAN - PRIETO,0, , , , ,2,2,2,BIDIRECCIONAL,1,CONCRETO,1,BUENO,1,SECO,1,DESPEJADO,0,0,0,1,2
-8132528.15481206,-4414016.39013127,476,8919,1344735,-73.0557434,-36.8197819,95,CONCEPCION,1,14340,2021,1344735,REGION BIO BIO,8101,CONCEPCION,CAUPOLICAN,GENERAL CRUZ,0,"CAUPOLICAN & GENERAL CRUZ, CONCEPCION",CHILE,GEOMETRIC_CENTER,19766,2021,1344735,1,2021/04/17 00:00:00+00,1899/12/30 00:00:00+00,8,REGION BIO BIO,8101,CONCEPCION,34,COLISION PERPENDICULAR,30,COLISION,1,URBANA,15,CRUCE CON SEÑAL CEDA EL PASO,10,DESOBEDIENCIA A SEÑALIZACION,64,SEÑALIZACION DESOBEDECER SEÑAL CEDA EL PASO,0,CAUPOLICAN,0,GENERAL CRUZ,CAUPOLICAN - GENERAL CRUZ,0, , , , ,2,0,1,UNIDIRECCIONAL,1,CONCRETO,1,BUENO,1,SECO,1,DESPEJADO,0,0,0,0,2
-8132165.21987622,-4414009.74315173,477,8920,1402789,-73.0524831,-36.8197341,95,CONCEPCION,1,54258,2021,1402789,REGION BIO BIO,8101,CONCEPCION,BULNES,COLO COLO,0,"BULNES & COLO COLO, CONCEPCION",CHILE,GEOMETRIC_CENTER,73719,2021,1402789,1,2021/12/04 00:00:00+00,1899/12/30 00:00:00+00,8,REGION BIO BIO,8101,CONCEPCION,30,COLISION,30,COLISION,1,URBANA,1,TRAMO DE VIA RECTA,13,CAUSAS NO DETERMINADAS,97,CAUSAS NO DETERMINADAS,0,BULNES,0,COLO COLO,BULNES - COLO COLO,0, , , , ,2,0,1,UNIDIRECCIONAL,1,CONCRETO,1,BUENO,1,SECO,1,DESPEJADO,0,0,0,0,3
-8131182.63612684,-4414007.28182355,478,8921,1329175,-73.0436564,-36.8197164,95,CONCEPCION,1,3849,2021,1329175,REGION BIO BIO,8101,CONCEPCION,LOS CARRERA,PAICAVI,0,"LOS CARRERA & PAICAVI, CONCEPCION",CHILE,GEOMETRIC_CENTER,5334,2021,1329175,1,2021/01/28 00:00:00+00,1899/12/30 00:00:00+00,8,REGION BIO BIO,8101,CONCEPCION,32,COLISION LATERAL,30,COLISION,1,URBANA,24,ROTONDA,1,IMPRUDENCIA DEL CONDUCTOR,27,CONDUCCION NO ATENTO CONDICIONES TRANSITO MOMENTO,0,LOS CARRERA,0,PAICAVI,LOS CARRERA - PAICAVI,0, , , , ,3,3,3,BIDIRECCIONAL CON BANDEJON,1,CONCRETO,1,BUENO,1,SECO,1,DESPEJADO,0,0,0,0,2
-8131182.63612684,-4414007.28182355,479,8922,1332921,-73.0436564,-36.8197164,95,CONCEPCION,1,6342,2021,1332921,REGION BIO BIO,8101,CONCEPCION,LOS CARRERA,PAICAVI,0,"LOS CARRERA & PAICAVI, CONCEPCION",CHILE,GEOMETRIC_CENTER,8858,2021,1332921,1,2021/02/16 00:00:00+00,1899/12/30 00:00:00+00,8,REGION BIO BIO,8101,CONCEPCION,50,CHOQUE,40,CHOQUE,1,URBANA,24,ROTONDA,9,PERDIDA CONTROL VEHICULO,95,PERDIDA CONTROL VEHICULO,0,LOS CARRERA,0,PAICAVI,LOS CARRERA - PAICAVI,0, , , , ,3,3,3,BIDIRECCIONAL CON BANDEJON,1,CONCRETO,1,BUENO,1,SECO,1,DESPEJADO,0,0,0,1,0
-8131182.63612684,-4414007.28182355,480,8923,1336039,-73.0436564,-36.8197164,95,CONCEPCION,1,8205,2021,1336039,REGION BIO BIO,8101,CONCEPCION,LOS CARRERA,PAICAVI,0,"LOS CARRERA & PAICAVI, CONCEPCION",CHILE,GEOMETRIC_CENTER,11518,2021,1336039,1,2021/03/01 00:00:00+00,1899/12/30 00:00:00+00,8,REGION BIO BIO,8101,CONCEPCION,32,COLISION LATERAL,30,COLISION,1,URBANA,24,ROTONDA,1,IMPRUDENCIA DEL CONDUCTOR,28,CONDUCCION SIN MANTENER DISTANCIA RAZONABLE NI PRUDENTE,0,LOS CARRERA,0,PAICAVI,LOS CARRERA - PAICAVI,0, , , , ,3,3,3,BIDIRECCIONAL CON BANDEJON,1,CONCRETO,1,BUENO,1,SECO,1,DESPEJADO,0,0,0,0,2
-8131182.63612684,-4414007.28182355,481,8924,1336052,-73.0436564,-36.8197164,95,CONCEPCION,1,8775,2021,1336052,REGION BIO BIO,8101,CONCEPCION,LOS CARRERA,PAICAVI,0,"LOS CARRERA & PAICAVI, CONCEPCION",CHILE,GEOMETRIC_CENTER,12275,2021,1336052,1,2021/03/04 00:00:00+00,1899/12/30 00:00:00+00,8,REGION BIO BIO,8101,CONCEPCION,32,COLISION LATERAL,30,COLISION,1,URBANA,24,ROTONDA,1,IMPRUDENCIA DEL CONDUCTOR,29,CONDUCCION CAMBIAR SORPRESIVAMENTE PISTA CIRCULACION,0,LOS CARRERA,0,PAICAVI,LOS CARRERA - PAICAVI,0, , , , ,3,3,3,BIDIRECCIONAL CON BANDEJON,1,CONCRETO,1,BUENO,1,SECO,1,DESPEJADO,0,0,0,0,2
-8131182.63612684,-4414007.28182355,482,8925,1355686,-73.0436564,-36.8197164,95,CONCEPCION,1,16472,2021,1355686,REGION BIO BIO,8101,CONCEPCION,LOS CARRERA,PAICAVI,0,"LOS CARRERA & PAICAVI, CONCEPCION",CHILE,GEOMETRIC_CENTER,22727,2021,1355686,1,2021/05/03 00:00:00+00,1899/12/30 00:00:00+00,8,REGION BIO BIO,8101,CONCEPCION,30,COLISION,30,COLISION,1,URBANA,1,TRAMO DE VIA RECTA,1,IMPRUDENCIA DEL CONDUCTOR,27,CONDUCCION NO ATENTO CONDICIONES TRANSITO MOMENTO,0,LOS CARRERA,0,PAICAVI,LOS CARRERA - PAICAVI,0, , , , ,3,3,2,BIDIRECCIONAL,1,CONCRETO,1,BUENO,1,SECO,1,DESPEJADO,0,0,0,1,1
-8131182.63612684,-4414007.28182355,483,8926,1357361,-73.0436564,-36.8197164,95,CONCEPCION,1,23762,2021,1357361,REGION BIO BIO,8101,CONCEPCION,LOS CARRERA,PAICAVI,0,"LOS CARRERA & PAICAVI, CONCEPCION",CHILE,GEOMETRIC_CENTER,32745,2021,1357361,1,2021/06/19 00:00:00+00,1899/12/30 00:00:00+00,8,REGION BIO BIO,8101,CONCEPCION,30,COLISION,30,COLISION,1,URBANA,24,ROTONDA,1,IMPRUDENCIA DEL CONDUCTOR,27,CONDUCCION NO ATENTO CONDICIONES TRANSITO MOMENTO,0,LOS CARRERA,0,PAICAVI,LOS CARRERA - PAICAVI,0, , , , ,3,3,3,BIDIRECCIONAL CON BANDEJON,1,CONCRETO,1,BUENO,1,SECO,1,DESPEJADO,0,0,0,0,2