X,Y,FID,FID_1,LABELID,POINT_X,POINT_Y,FID_2,COMUNAREAL,VAL_COM,OBJECTID,A_O,IDACCIDENT,REGION,COD_COMUN,COMUNA,CALLE_UNO,CALLE_DOS,NUMERO,DIR_GEOCOD,PAIS,TIPO,OBJECTID_1,Año,Idaccide_1,Claseaccid,Fecha,Hora,Cód_Regi,Región,Cód_Comun,Comuna_1,Cód_Tipo_,Tipo_Accid,Cód_Tipo1,Tipo__CONA,Cód_Zona,Zona,Cód_Ubica,Ubicación,Cód_Causa,Causa__CON,Cód_Cau_1,Causa,Cód_Calle,Calle_Un_1,Cód_Cal_1,Calle_Do_1,Intersecci,Número,Ruta,Cód_Ruta,Ubicaci_1,Km_Vía_Fe,Pistas_de_,Pistas_de1,Cód_Calza,Calzada,Cód__Tipo,Tipo_Calza,Cód_Estad,Estado_Cal,Cód_Condi,Condición,Cód_Est_1,Estado_Atm,Fallecidos,Graves,Menos_Grav,Leves,Ilesos
-8131182.63612684,-4414007.28182355,484,8927,1366082,-73.0436564,-36.8197164,95,CONCEPCION,1,28093,2021,1366082,REGION BIO BIO,8101,CONCEPCION,LOS CARRERA,PAICAVI,0,"LOS CARRERA & PAICAVI, CONCEPCION",CHILE,GEOMETRIC_CENTER,38803,2021,1366082,1,2021/07/16 00:00:00+00,1899/12/30 00:00:00+00,8,REGION BIO BIO,8101,CONCEPCION,32,COLISION LATERAL,30,COLISION,1,URBANA,24,ROTONDA,1,IMPRUDENCIA DEL CONDUCTOR,29,CONDUCCION CAMBIAR SORPRESIVAMENTE PISTA CIRCULACION,0,LOS CARRERA,0,PAICAVI,LOS CARRERA - PAICAVI,0, , , , ,3,3,2,BIDIRECCIONAL,1,CONCRETO,1,BUENO,1,SECO,2,NUBLADO,0,0,0,0,2
-8131182.63612684,-4414007.28182355,485,8928,1378823,-73.0436564,-36.8197164,95,CONCEPCION,1,37906,2021,1378823,REGION BIO BIO,8101,CONCEPCION,LOS CARRERA,PAICAVI,0,"LOS CARRERA & PAICAVI, CONCEPCION",CHILE,GEOMETRIC_CENTER,52091,2021,1378823,1,2021/09/09 00:00:00+00,1899/12/30 00:00:00+00,8,REGION BIO BIO,8101,CONCEPCION,30,COLISION,30,COLISION,1,URBANA,11,CRUCE CON SEMAFORO FUNCIONANDO,1,IMPRUDENCIA DEL CONDUCTOR,28,CONDUCCION SIN MANTENER DISTANCIA RAZONABLE NI PRUDENTE,0,LOS CARRERA,0,PAICAVI,LOS CARRERA - PAICAVI,0, , , , ,3,3,2,BIDIRECCIONAL,1,CONCRETO,1,BUENO,1,SECO,1,DESPEJADO,0,0,0,0,2
-8131182.63612684,-4414007.28182355,486,8929,1381072,-73.0436564,-36.8197164,95,CONCEPCION,1,39782,2021,1381072,REGION BIO BIO,8101,CONCEPCION,LOS CARRERA,PAICAVI,0,"LOS CARRERA & PAICAVI, CONCEPCION",CHILE,GEOMETRIC_CENTER,54648,2021,1381072,1,2021/09/19 00:00:00+00,1899/12/30 00:00:00+00,8,REGION BIO BIO,8101,CONCEPCION,50,CHOQUE,40,CHOQUE,1,URBANA,11,CRUCE CON SEMAFORO FUNCIONANDO,13,CAUSAS NO DETERMINADAS,97,CAUSAS NO DETERMINADAS,0,LOS CARRERA,0,PAICAVI,LOS CARRERA - PAICAVI,0, , , , ,3,3,2,BIDIRECCIONAL,1,CONCRETO,1,BUENO,1,SECO,1,DESPEJADO,0,0,0,0,2
-8131182.63612684,-4414007.28182355,487,8930,1383095,-73.0436564,-36.8197164,95,CONCEPCION,1,40805,2021,1383095,REGION BIO BIO,8101,CONCEPCION,LOS CARRERA,PAICAVI,0,"LOS CARRERA & PAICAVI, CONCEPCION",CHILE,GEOMETRIC_CENTER,56000,2021,1383095,1,2021/09/25 00:00:00+00,1899/12/30 00:00:00+00,8,REGION BIO BIO,8101,CONCEPCION,32,COLISION LATERAL,30,COLISION,1,URBANA,24,ROTONDA,1,IMPRUDENCIA DEL CONDUCTOR,29,CONDUCCION CAMBIAR SORPRESIVAMENTE PISTA CIRCULACION,0,LOS CARRERA,0,PAICAVI,LOS CARRERA - PAICAVI,0, , , , ,3,3,3,BIDIRECCIONAL CON BANDEJON,1,CONCRETO,1,BUENO,1,SECO,1,DESPEJADO,0,0,0,0,2
-8131182.63612684,-4414007.28182355,488,8931,1386629,-73.0436564,-36.8197164,95,CONCEPCION,1,43777,2021,1386629,REGION BIO BIO,8101,CONCEPCION,LOS CARRERA,PAICAVI,0,"LOS CARRERA & PAICAVI, CONCEPCION",CHILE,GEOMETRIC_CENTER,59886,2021,1386629,1,2021/10/11 00:00:00+00,1899/12/30 00:00:00+00,8,REGION BIO BIO,8101,CONCEPCION,34,COLISION PERPENDICULAR,30,COLISION,1,URBANA,11,CRUCE CON SEMAFORO FUNCIONANDO,10,DESOBEDIENCIA A SEÑALIZACION,62,SEÑALIZACION DESOBEDECER LUZ ROJA DE SEMAFORO,0,LOS CARRERA,0,PAICAVI,LOS CARRERA - PAICAVI,0, , , , ,3,3,3,BIDIRECCIONAL CON BANDEJON,1,CONCRETO,1,BUENO,1,SECO,1,DESPEJADO,0,0,0,3,1
-8131182.63612684,-4414007.28182355,489,8932,1399306,-73.0436564,-36.8197164,95,CONCEPCION,1,51371,2021,1399306,REGION BIO BIO,8101,CONCEPCION,LOS CARRERA,PAICAVI,0,"LOS CARRERA & PAICAVI, CONCEPCION",CHILE,GEOMETRIC_CENTER,69882,2021,1399306,1,2021/11/19 00:00:00+00,1899/12/30 00:00:00+00,8,REGION BIO BIO,8101,CONCEPCION,32,COLISION LATERAL,30,COLISION,1,URBANA,24,ROTONDA,1,IMPRUDENCIA DEL CONDUCTOR,29,CONDUCCION CAMBIAR SORPRESIVAMENTE PISTA CIRCULACION,0,LOS CARRERA,0,PAICAVI,LOS CARRERA - PAICAVI,0, , , , ,3,3,3,BIDIRECCIONAL CON BANDEJON,1,CONCRETO,1,BUENO,1,SECO,1,DESPEJADO,0,0,0,0,2
-8131182.63612684,-4414007.28182355,490,8933,1399534,-73.0436564,-36.8197164,95,CONCEPCION,1,52490,2021,1399534,REGION BIO BIO,8101,CONCEPCION,LOS CARRERA,PAICAVI,0,"LOS CARRERA & PAICAVI, CONCEPCION",CHILE,GEOMETRIC_CENTER,71352,2021,1399534,1,2021/11/25 00:00:00+00,1899/12/30 00:00:00+00,8,REGION BIO BIO,8101,CONCEPCION,32,COLISION LATERAL,30,COLISION,1,URBANA,24,ROTONDA,1,IMPRUDENCIA DEL CONDUCTOR,29,CONDUCCION CAMBIAR SORPRESIVAMENTE PISTA CIRCULACION,0,LOS CARRERA,0,PAICAVI,LOS CARRERA - PAICAVI,0, , , , ,3,0,1,UNIDIRECCIONAL,1,CONCRETO,1,BUENO,1,SECO,1,DESPEJADO,0,0,0,0,2
-8131182.63612684,-4414007.28182355,491,8934,1406036,-73.0436564,-36.8197164,95,CONCEPCION,1,56947,2021,1406036,REGION BIO BIO,8101,CONCEPCION,LOS CARRERA,PAICAVI,0,"LOS CARRERA & PAICAVI, CONCEPCION",CHILE,GEOMETRIC_CENTER,77364,2021,1406036,1,2021/12/18 00:00:00+00,1899/12/30 00:00:00+00,8,REGION BIO BIO,8101,CONCEPCION,32,COLISION LATERAL,30,COLISION,1,URBANA,24,ROTONDA,1,IMPRUDENCIA DEL CONDUCTOR,91,VIRAJES INDEBIDOS,0,LOS CARRERA,0,PAICAVI,LOS CARRERA - PAICAVI,0, , , , ,3,0,1,UNIDIRECCIONAL,1,CONCRETO,1,BUENO,1,SECO,1,DESPEJADO,0,0,0,0,2
-8131106.57151878,-4413996.56045147,492,8935,1357255,-73.0429731,-36.8196393,95,CONCEPCION,1,18726,2021,1357255,REGION BIO BIO,8101,CONCEPCION,LOS CARRERA,JANEQUEO,0,"LOS CARRERA & JANEQUEO, CONCEPCION",CHILE,GEOMETRIC_CENTER,25743,2021,1357255,1,2021/05/19 00:00:00+00,1899/12/30 00:00:00+00,8,REGION BIO BIO,8101,CONCEPCION,30,COLISION,30,COLISION,1,URBANA,1,TRAMO DE VIA RECTA,13,CAUSAS NO DETERMINADAS,97,CAUSAS NO DETERMINADAS,0,LOS CARRERA,0,JANEQUEO,JANEQUEO - LOS CARRERA,0, , , , ,3,3,2,BIDIRECCIONAL,1,CONCRETO,1,BUENO,1,SECO,1,DESPEJADO,0,0,0,0,2
-8131106.57151878,-4413996.56045147,493,8936,1371395,-73.0429731,-36.8196393,95,CONCEPCION,1,32697,2021,1371395,REGION BIO BIO,8101,CONCEPCION,LOS CARRERA,JANEQUEO,0,"LOS CARRERA & JANEQUEO, CONCEPCION",CHILE,GEOMETRIC_CENTER,45111,2021,1371395,1,2021/08/11 00:00:00+00,1899/12/30 00:00:00+00,8,REGION BIO BIO,8101,CONCEPCION,34,COLISION PERPENDICULAR,30,COLISION,1,URBANA,11,CRUCE CON SEMAFORO FUNCIONANDO,10,DESOBEDIENCIA A SEÑALIZACION,62,SEÑALIZACION DESOBEDECER LUZ ROJA DE SEMAFORO,0,LOS CARRERA,0,JANEQUEO,JANEQUEO - LOS CARRERA,0, , , , ,2,0,1,UNIDIRECCIONAL,1,CONCRETO,1,BUENO,1,SECO,1,DESPEJADO,0,0,0,0,2
-8131106.57151878,-4413996.56045147,494,8937,1376244,-73.0429731,-36.8196393,95,CONCEPCION,1,35762,2021,1376244,REGION BIO BIO,8101,CONCEPCION,LOS CARRERA,JANEQUEO,0,"LOS CARRERA & JANEQUEO, CONCEPCION",CHILE,GEOMETRIC_CENTER,49228,2021,1376244,1,2021/08/28 00:00:00+00,1899/12/30 00:00:00+00,8,REGION BIO BIO,8101,CONCEPCION,30,COLISION,30,COLISION,1,URBANA,11,CRUCE CON SEMAFORO FUNCIONANDO,13,CAUSAS NO DETERMINADAS,97,CAUSAS NO DETERMINADAS,0,LOS CARRERA,0,JANEQUEO,JANEQUEO - LOS CARRERA,0, , , , ,2,2,2,BIDIRECCIONAL,1,CONCRETO,1,BUENO,1,SECO,1,DESPEJADO,0,0,0,0,2
-8130755.46984482,-4413984.40679502,495,8938,1344774,-73.0398191,-36.8195519,95,CONCEPCION,1,14715,2021,1344774,REGION BIO BIO,8101,CONCEPCION,MAIPU,GALVARINO,0,"MAIPU & GALVARINO, CONCEPCION",CHILE,GEOMETRIC_CENTER,20284,2021,1344774,1,2021/04/20 00:00:00+00,1899/12/30 00:00:00+00,8,REGION BIO BIO,8101,CONCEPCION,10,ATROPELLO,10,ATROPELLO,1,URBANA,14,CRUCE CON SEÑAL PARE,1,IMPRUDENCIA DEL CONDUCTOR,31,NO RESPETAR DERECHO PREFERENTE DE PASO A PEATON,0,MAIPU,0,GALVARINO,GALVARINO - MAIPU,0, , , , ,2,0,1,UNIDIRECCIONAL,1,CONCRETO,1,BUENO,3,MOJADO,3,LLUVIA,0,0,0,1,1
-8130755.46984482,-4413984.40679502,496,8939,1391146,-73.0398191,-36.8195519,95,CONCEPCION,1,46745,2021,1391146,REGION BIO BIO,8101,CONCEPCION,MAIPU,GALVARINO,0,"MAIPU & GALVARINO, CONCEPCION",CHILE,GEOMETRIC_CENTER,63793,2021,1391146,1,2021/10/27 00:00:00+00,1899/12/30 00:00:00+00,8,REGION BIO BIO,8101,CONCEPCION,32,COLISION LATERAL,30,COLISION,1,URBANA,14,CRUCE CON SEÑAL PARE,1,IMPRUDENCIA DEL CONDUCTOR,27,CONDUCCION NO ATENTO CONDICIONES TRANSITO MOMENTO,0,MAIPU,0,GALVARINO,GALVARINO - MAIPU,0, , , , ,2,0,1,UNIDIRECCIONAL,1,CONCRETO,1,BUENO,1,SECO,1,DESPEJADO,0,0,0,2,0
-8128261.39004944,-4413980.30459145,497,8940,1366669,-73.0174144,-36.8195224,95,CONCEPCION,1,29130,2021,1366669,REGION BIO BIO,8101,CONCEPCION,LOS LIRIOS,COLLAO,0,"LOS LIRIOS & COLLAO, CONCEPCION",CHILE,GEOMETRIC_CENTER,40268,2021,1366669,1,2021/07/22 00:00:00+00,1899/12/30 00:00:00+00,8,REGION BIO BIO,8101,CONCEPCION,34,COLISION PERPENDICULAR,30,COLISION,1,URBANA,26,OTROS NO CONSIDERADOS,1,IMPRUDENCIA DEL CONDUCTOR,27,CONDUCCION NO ATENTO CONDICIONES TRANSITO MOMENTO,0,LOS LIRIOS,0,COLLAO,COLLAO - LOS LIRIOS,0, , , , ,2,0,1,UNIDIRECCIONAL,1,CONCRETO,1,BUENO,1,SECO,1,DESPEJADO,0,0,0,0,2
-8130396.24184803,-4413975.9381799,498,8941,1379874,-73.0365921,-36.819491,95,CONCEPCION,1,39180,2021,1379874,REGION BIO BIO,8101,CONCEPCION,LIENTUR,FREIRE,0,"LIENTUR & FREIRE, CONCEPCION",CHILE,GEOMETRIC_CENTER,53806,2021,1379874,1,2021/09/16 00:00:00+00,1899/12/30 00:00:00+00,8,REGION BIO BIO,8101,CONCEPCION,30,COLISION,30,COLISION,1,URBANA,11,CRUCE CON SEMAFORO FUNCIONANDO,10,DESOBEDIENCIA A SEÑALIZACION,62,SEÑALIZACION DESOBEDECER LUZ ROJA DE SEMAFORO,0,LIENTUR,0,FREIRE,FREIRE - LIENTUR,0, , , , ,3,0,1,UNIDIRECCIONAL,1,CONCRETO,1,BUENO,1,SECO,1,DESPEJADO,0,0,0,0,2
-8130396.24184803,-4413975.9381799,499,8942,1397934,-73.0365921,-36.819491,95,CONCEPCION,1,48600,2021,1397934,REGION BIO BIO,8101,CONCEPCION,LIENTUR,FREIRE,0,"LIENTUR & FREIRE, CONCEPCION",CHILE,GEOMETRIC_CENTER,66264,2021,1397934,1,2021/11/06 00:00:00+00,1899/12/30 00:00:00+00,8,REGION BIO BIO,8101,CONCEPCION,34,COLISION PERPENDICULAR,30,COLISION,1,URBANA,11,CRUCE CON SEMAFORO FUNCIONANDO,10,DESOBEDIENCIA A SEÑALIZACION,62,SEÑALIZACION DESOBEDECER LUZ ROJA DE SEMAFORO,0,LIENTUR,0,FREIRE,FREIRE - LIENTUR,0, , , , ,2,0,1,UNIDIRECCIONAL,1,CONCRETO,1,BUENO,1,SECO,2,NUBLADO,0,0,0,0,2
-8130396.24184803,-4413975.9381799,500,8943,1399563,-73.0365921,-36.819491,95,CONCEPCION,1,52764,2021,1399563,REGION BIO BIO,8101,CONCEPCION,LIENTUR,FREIRE,0,"LIENTUR & FREIRE, CONCEPCION",CHILE,GEOMETRIC_CENTER,71707,2021,1399563,1,2021/11/26 00:00:00+00,1899/12/30 00:00:00+00,8,REGION BIO BIO,8101,CONCEPCION,34,COLISION PERPENDICULAR,30,COLISION,1,URBANA,11,CRUCE CON SEMAFORO FUNCIONANDO,10,DESOBEDIENCIA A SEÑALIZACION,62,SEÑALIZACION DESOBEDECER LUZ ROJA DE SEMAFORO,0,LIENTUR,0,FREIRE,FREIRE - LIENTUR,0, , , , ,2,0,1,UNIDIRECCIONAL,1,CONCRETO,1,BUENO,1,SECO,1,DESPEJADO,0,0,0,0,2
-8127103.88998417,-4413963.228317,501,8944,1375796,-73.0070164,-36.8193996,95,CONCEPCION,1,36123,2021,1375796,REGION BIO BIO,8101,CONCEPCION,GENERAL BONILLA, ,1850,"GENERAL BONILLA 1850, CONCEPCION",CHILE,RANGE_INTERPOLATED,49731,2021,1375796,1,2021/08/30 00:00:00+00,1899/12/30 00:00:00+00,8,REGION BIO BIO,8101,CONCEPCION,32,COLISION LATERAL,30,COLISION,1,URBANA,1,TRAMO DE VIA RECTA,1,IMPRUDENCIA DEL CONDUCTOR,14,ADELANTAMIENTO SOBREPASANDO LINEA CONTINUA,0,GENERAL BONILLA,0, ,- GENERAL BONILLA,1850, , , , ,2,2,3,BIDIRECCIONAL CON BANDEJON,2,ASFALTO,1,BUENO,1,SECO,2,NUBLADO,0,0,0,0,2
-8130254.06459439,-4413962.89457901,502,8945,1340783,-73.0353149,-36.8193972,95,CONCEPCION,1,11467,2021,1340783,REGION BIO BIO,8101,CONCEPCION,JOSE MIGUEL GARCIA,JUAN BOSCO,0,"JOSE MIGUEL GARCIA & JUAN BOSCO, CONCEPCION",CHILE,GEOMETRIC_CENTER,15896,2021,1340783,1,2021/03/23 00:00:00+00,1899/12/30 00:00:00+00,8,REGION BIO BIO,8101,CONCEPCION,53,CHOQUE POSTERIOR,40,CHOQUE,1,URBANA,24,ROTONDA,1,IMPRUDENCIA DEL CONDUCTOR,28,CONDUCCION SIN MANTENER DISTANCIA RAZONABLE NI PRUDENTE,0,JOSE MIGUEL GARCIA,0,JUAN BOSCO,JOSE MIGUEL GARCIA - JUAN BOSCO,0, , , , ,2,0,1,UNIDIRECCIONAL,1,CONCRETO,1,BUENO,1,SECO,1,DESPEJADO,0,0,0,0,2
-8130254.06459439,-4413962.89457901,503,8946,1368584,-73.0353149,-36.8193972,95,CONCEPCION,0,27945,2021,1368584,REGION BIO BIO,8107,PENCO,JUAN BOSCO, ,100,"JUAN BOSCO 100, PENCO",CHILE,RANGE_INTERPOLATED,38605,2021,1368584,1,2021/07/15 00:00:00+00,1899/12/30 00:00:00+00,8,REGION BIO BIO,8107,PENCO,52,CHOQUE LATERAL,40,CHOQUE,1,URBANA,1,TRAMO DE VIA RECTA,1,IMPRUDENCIA DEL CONDUCTOR,27,CONDUCCION NO ATENTO CONDICIONES TRANSITO MOMENTO,0,JUAN BOSCO,0, ,- JUAN BOSCO,100, , , , ,2,0,1,UNIDIRECCIONAL,2,ASFALTO,1,BUENO,1,SECO,1,DESPEJADO,0,0,0,0,2
-8128741.58893688,-4413958.51426886,504,8947,1332008,-73.0217281,-36.8193657,95,CONCEPCION,1,5930,2021,1332008,REGION BIO BIO,8101,CONCEPCION,COLLAO,VILLARRICA,0,"COLLAO & VILLARRICA, CONCEPCION",CHILE,GEOMETRIC_CENTER,8270,2021,1332008,1,2021/02/12 00:00:00+00,1899/12/30 00:00:00+00,8,REGION BIO BIO,8101,CONCEPCION,30,COLISION,30,COLISION,1,URBANA,16,CRUCE SIN SEÑALIZACION,4,ALCOHOL EN CONDUCTOR,24,CONDUCCION EN ESTADO DE EBRIEDAD,0,COLLAO,0,VILLARRICA,COLLAO - VILLARRICA,0, , , , ,3,0,1,UNIDIRECCIONAL,1,CONCRETO,1,BUENO,1,SECO,1,DESPEJADO,0,0,0,1,1
-8128624.63667985,-4413951.99247709,505,8948,1370150,-73.0206775,-36.8193188,95,CONCEPCION,1,32179,2021,1370150,REGION BIO BIO,8101,CONCEPCION,LAGO RI??ªIHUE,GENERAL NOVOA,0,"LAGO RI??ªIHUE & GENERAL NOVOA, CONCEPCION",CHILE,GEOMETRIC_CENTER,44402,2021,1370150,1,2021/08/08 00:00:00+00,1899/12/30 00:00:00+00,8,REGION BIO BIO,8101,CONCEPCION,34,COLISION PERPENDICULAR,30,COLISION,1,URBANA,16,CRUCE SIN SEÑALIZACION,1,IMPRUDENCIA DEL CONDUCTOR,27,CONDUCCION NO ATENTO CONDICIONES TRANSITO MOMENTO,0,LAGO RIÑIHUE,0,GENERAL NOVOA,GENERAL NOVOA - LAGO RIÑIHUE,0, , , , ,2,0,1,UNIDIRECCIONAL,1,CONCRETO,1,BUENO,1,SECO,1,DESPEJADO,0,0,0,1,1
-8132390.25222686,-4413943.73247363,506,8949,1329578,-73.0545046,-36.8192594,95,CONCEPCION,1,4118,2021,1329578,REGION BIO BIO,8101,CONCEPCION,ANIBAL PINTO,GENERAL CRUZ,0,"ANIBAL PINTO & GENERAL CRUZ, CONCEPCION",CHILE,GEOMETRIC_CENTER,5770,2021,1329578,1,2021/01/29 00:00:00+00,1899/12/30 00:00:00+00,8,REGION BIO BIO,8101,CONCEPCION,10,ATROPELLO,10,ATROPELLO,1,URBANA,14,CRUCE CON SEÑAL PARE,1,IMPRUDENCIA DEL CONDUCTOR,31,NO RESPETAR DERECHO PREFERENTE DE PASO A PEATON,0,ANIBAL PINTO,0,GENERAL CRUZ,ANIBAL PINTO - GENERAL CRUZ,0, , , , ,2,0,1,UNIDIRECCIONAL,1,CONCRETO,1,BUENO,1,SECO,1,DESPEJADO,0,0,0,1,0
-8132390.25222686,-4413943.73247363,507,8950,1353219,-73.0545046,-36.8192594,95,CONCEPCION,1,20652,2021,1353219,REGION BIO BIO,8101,CONCEPCION,ANIBAL PINTO,CRUZ,0,"ANIBAL PINTO & CRUZ, CONCEPCION",CHILE,GEOMETRIC_CENTER,28459,2021,1353219,1,2021/05/31 00:00:00+00,1899/12/30 00:00:00+00,8,REGION BIO BIO,8101,CONCEPCION,10,ATROPELLO,10,ATROPELLO,1,URBANA,14,CRUCE CON SEÑAL PARE,10,DESOBEDIENCIA A SEÑALIZACION,65,SEÑALIZACION DESOBEDECER SEÑAL PARE,0,ANIBAL PINTO,0,CRUZ,ANIBAL PINTO - CRUZ,0, , , , ,2,0,1,UNIDIRECCIONAL,1,CONCRETO,1,BUENO,2,HUMEDO,4,LLOVIZNA,0,1,0,0,1
-8132030.91291058,-4413936.64055659,508,8951,1405422,-73.0512766,-36.8192084,95,CONCEPCION,1,55868,2021,1405422,REGION BIO BIO,8101,CONCEPCION,MANUEL BULNES,CASTELLON,0,"MANUEL BULNES & CASTELLON, CONCEPCION",CHILE,GEOMETRIC_CENTER,75954,2021,1405422,1,2021/12/13 00:00:00+00,1899/12/30 00:00:00+00,8,REGION BIO BIO,8101,CONCEPCION,50,CHOQUE,40,CHOQUE,1,URBANA,1,TRAMO DE VIA RECTA,1,IMPRUDENCIA DEL CONDUCTOR,27,CONDUCCION NO ATENTO CONDICIONES TRANSITO MOMENTO,0,MANUEL BULNES,0,CASTELLON,CASTELLON - MANUEL BULNES,0, , , , ,2,0,1,UNIDIRECCIONAL,1,CONCRETO,1,BUENO,1,SECO,1,DESPEJADO,0,0,0,0,2
-8133102.32961362,-4413917.8817635,509,8952,1325895,-73.0609013,-36.8190735,95,CONCEPCION,1,1830,2021,1325895,REGION BIO BIO,8101,CONCEPCION,MANUEL RODRIGUEZ,ANGOL,0,"MANUEL RODRIGUEZ & ANGOL, CONCEPCION",CHILE,GEOMETRIC_CENTER,2516,2021,1325895,1,2021/01/13 00:00:00+00,1899/12/30 00:00:00+00,8,REGION BIO BIO,8101,CONCEPCION,30,COLISION,30,COLISION,1,URBANA,26,OTROS NO CONSIDERADOS,1,IMPRUDENCIA DEL CONDUCTOR,27,CONDUCCION NO ATENTO CONDICIONES TRANSITO MOMENTO,0,MANUEL RODRIGUEZ,0,ANGOL,ANGOL - MANUEL RODRIGUEZ,0, , , , ,1,1,2,BIDIRECCIONAL,1,CONCRETO,1,BUENO,1,SECO,1,DESPEJADO,0,0,0,2,1
-8133102.32961362,-4413917.8817635,510,8953,1345493,-73.0609013,-36.8190735,95,CONCEPCION,1,15450,2021,1345493,REGION BIO BIO,8101,CONCEPCION,MANUEL RODRIGUEZ,ANGOL,0,"MANUEL RODRIGUEZ & ANGOL, CONCEPCION",CHILE,GEOMETRIC_CENTER,21281,2021,1345493,1,2021/04/26 00:00:00+00,1899/12/30 00:00:00+00,8,REGION BIO BIO,8101,CONCEPCION,30,COLISION,30,COLISION,1,URBANA,1,TRAMO DE VIA RECTA,1,IMPRUDENCIA DEL CONDUCTOR,27,CONDUCCION NO ATENTO CONDICIONES TRANSITO MOMENTO,0,MANUEL RODRIGUEZ,0,ANGOL,ANGOL - MANUEL RODRIGUEZ,0, , , , ,2,0,1,UNIDIRECCIONAL,1,CONCRETO,1,BUENO,1,SECO,1,DESPEJADO,0,0,0,1,1
-8133102.32961362,-4413917.8817635,511,8954,1360467,-73.0609013,-36.8190735,95,CONCEPCION,1,25839,2021,1360467,REGION BIO BIO,8101,CONCEPCION,MANUEL RODRIGUEZ,ANGOL,0,"MANUEL RODRIGUEZ & ANGOL, CONCEPCION",CHILE,GEOMETRIC_CENTER,35667,2021,1360467,1,2021/07/03 00:00:00+00,1899/12/30 00:00:00+00,8,REGION BIO BIO,8101,CONCEPCION,30,COLISION,30,COLISION,1,URBANA,15,CRUCE CON SEÑAL CEDA EL PASO,14,OTRAS CAUSAS,98,OTRAS CAUSAS,0,MANUEL RODRIGUEZ,0,ANGOL,ANGOL - MANUEL RODRIGUEZ,0, , , , ,2,2,2,BIDIRECCIONAL,2,ASFALTO,1,BUENO,1,SECO,1,DESPEJADO,0,1,0,0,1
-8131882.71327249,-4413914.61392672,512,8955,1391385,-73.0499453,-36.81905,95,CONCEPCION,1,47680,2021,1391385,REGION BIO BIO,8101,CONCEPCION,TUCAPEL, ,1059,"TUCAPEL 1059, CONCEPCION",CHILE,RANGE_INTERPOLATED,65062,2021,1391385,1,2021/11/01 00:00:00+00,1899/12/30 00:00:00+00,8,REGION BIO BIO,8101,CONCEPCION,50,CHOQUE,40,CHOQUE,1,URBANA,1,TRAMO DE VIA RECTA,4,ALCOHOL EN CONDUCTOR,24,CONDUCCION EN ESTADO DE EBRIEDAD,0,TUCAPEL,0, ,- TUCAPEL,1059, , , , ,2,2,2,BIDIRECCIONAL,1,CONCRETO,1,BUENO,1,SECO,1,DESPEJADO,0,0,0,0,3
-8131309.99675625,-4413910.91501481,513,8956,1330586,-73.0448005,-36.8190234,95,CONCEPCION,1,4668,2021,1330586,REGION BIO BIO,8101,CONCEPCION,PAICAVI,LAS HERAS,0,"PAICAVI & LAS HERAS, CONCEPCION",CHILE,GEOMETRIC_CENTER,6538,2021,1330586,1,2021/02/03 00:00:00+00,1899/12/30 00:00:00+00,8,REGION BIO BIO,8101,CONCEPCION,52,CHOQUE LATERAL,40,CHOQUE,1,URBANA,11,CRUCE CON SEMAFORO FUNCIONANDO,1,IMPRUDENCIA DEL CONDUCTOR,14,ADELANTAMIENTO SOBREPASANDO LINEA CONTINUA,0,PAICAVI,0,LAS HERAS,LAS HERAS - PAICAVI,0, , , , ,3,3,3,BIDIRECCIONAL CON BANDEJON,1,CONCRETO,1,BUENO,1,SECO,1,DESPEJADO,0,0,0,1,1
-8131309.99675625,-4413910.91501481,514,8957,1356454,-73.0448005,-36.8190234,95,CONCEPCION,1,22960,2021,1356454,REGION BIO BIO,8101,CONCEPCION,PAICAVI,LAS HERAS,0,"PAICAVI & LAS HERAS, CONCEPCION",CHILE,GEOMETRIC_CENTER,31634,2021,1356454,1,2021/06/14 00:00:00+00,1899/12/30 00:00:00+00,8,REGION BIO BIO,8101,CONCEPCION,53,CHOQUE POSTERIOR,40,CHOQUE,1,URBANA,11,CRUCE CON SEMAFORO FUNCIONANDO,1,IMPRUDENCIA DEL CONDUCTOR,28,CONDUCCION SIN MANTENER DISTANCIA RAZONABLE NI PRUDENTE,0,PAICAVI,0,LAS HERAS,LAS HERAS - PAICAVI,0, , , , ,3,0,1,UNIDIRECCIONAL,1,CONCRETO,1,BUENO,1,SECO,1,DESPEJADO,0,0,0,0,2
-8131309.99675625,-4413910.91501481,515,8958,1391156,-73.0448005,-36.8190234,95,CONCEPCION,1,46982,2021,1391156,REGION BIO BIO,8101,CONCEPCION,PAICAVI,LAS HERAS,0,"PAICAVI & LAS HERAS, CONCEPCION",CHILE,GEOMETRIC_CENTER,64089,2021,1391156,1,2021/10/28 00:00:00+00,1899/12/30 00:00:00+00,8,REGION BIO BIO,8101,CONCEPCION,10,ATROPELLO,10,ATROPELLO,1,URBANA,1,TRAMO DE VIA RECTA,13,CAUSAS NO DETERMINADAS,97,CAUSAS NO DETERMINADAS,0,PAICAVI,0,LAS HERAS,LAS HERAS - PAICAVI,0, , , , ,2,2,2,BIDIRECCIONAL,1,CONCRETO,2,REGULAR,1,SECO,1,DESPEJADO,0,1,0,0,1