X,Y,FID,FID_1,LABELID,POINT_X,POINT_Y,FID_2,COMUNAREAL,VAL_COM,OBJECTID,A_O,IDACCIDENT,REGION,COD_COMUN,COMUNA,CALLE_UNO,CALLE_DOS,NUMERO,DIR_GEOCOD,PAIS,TIPO,OBJECTID_1,Año,Idaccide_1,Claseaccid,Fecha,Hora,Cód_Regi,Región,Cód_Comun,Comuna_1,Cód_Tipo_,Tipo_Accid,Cód_Tipo1,Tipo__CONA,Cód_Zona,Zona,Cód_Ubica,Ubicación,Cód_Causa,Causa__CON,Cód_Cau_1,Causa,Cód_Calle,Calle_Un_1,Cód_Cal_1,Calle_Do_1,Intersecci,Número,Ruta,Cód_Ruta,Ubicaci_1,Km_Vía_Fe,Pistas_de_,Pistas_de1,Cód_Calza,Calzada,Cód__Tipo,Tipo_Calza,Cód_Estad,Estado_Cal,Cód_Condi,Condición,Cód_Est_1,Estado_Atm,Fallecidos,Graves,Menos_Grav,Leves,Ilesos
-8130608.1941585,-4413910.66471255,516,8959,1386595,-73.0384961,-36.8190216,95,CONCEPCION,1,43182,2021,1386595,REGION BIO BIO,8101,CONCEPCION,MAIPU,AINAVILLO,0,"MAIPU & AINAVILLO, CONCEPCION",CHILE,GEOMETRIC_CENTER,59064,2021,1386595,1,2021/10/08 00:00:00+00,1899/12/30 00:00:00+00,8,REGION BIO BIO,8101,CONCEPCION,32,COLISION LATERAL,30,COLISION,1,URBANA,16,CRUCE SIN SEÑALIZACION,1,IMPRUDENCIA DEL CONDUCTOR,29,CONDUCCION CAMBIAR SORPRESIVAMENTE PISTA CIRCULACION,0,MAIPU,0,AINAVILLO,AINAVILLO - MAIPU,0, , , , ,2,0,1,UNIDIRECCIONAL,1,CONCRETO,1,BUENO,1,SECO,2,NUBLADO,0,0,0,0,2
-8126994.25141769,-4413909.51054108,517,8960,1403556,-73.0060315,-36.8190133,95,CONCEPCION,1,54410,2021,1403556,REGION BIO BIO,8101,CONCEPCION,GENERAL BONILLA,VALLE NOBLE,0,"GENERAL BONILLA & VALLE NOBLE, CONCEPCION",CHILE,GEOMETRIC_CENTER,73945,2021,1403556,1,2021/12/05 00:00:00+00,1899/12/30 00:00:00+00,8,REGION BIO BIO,8101,CONCEPCION,51,CHOQUE FRONTAL,40,CHOQUE,1,URBANA,1,TRAMO DE VIA RECTA,1,IMPRUDENCIA DEL CONDUCTOR,23,CONDUCCION CONTRA SENTIDO DEL TRANSITO,0,GENERAL BONILLA,0,VALLE NOBLE,GENERAL BONILLA - VALLE NOBLE,0, , , , ,2,2,3,BIDIRECCIONAL CON BANDEJON,1,CONCRETO,1,BUENO,1,SECO,1,DESPEJADO,0,0,0,0,2
-8130546.21146602,-4413908.10606753,518,8961,1337830,-73.0379393,-36.8190032,95,CONCEPCION,1,10018,2021,1337830,REGION BIO BIO,8101,CONCEPCION,MAIPU, ,1744,"MAIPU 1744, CONCEPCION",CHILE,RANGE_INTERPOLATED,13933,2021,1337830,1,2021/03/12 00:00:00+00,1899/12/30 00:00:00+00,8,REGION BIO BIO,8101,CONCEPCION,10,ATROPELLO,10,ATROPELLO,1,URBANA,1,TRAMO DE VIA RECTA,2,IMPRUDENCIA DEL PEATON,51,PEATON PERMANECE SOBRE LA CALZADA,0,MAIPU,0, ,- MAIPU,1744, , , , ,2,0,1,UNIDIRECCIONAL,1,CONCRETO,1,BUENO,1,SECO,1,DESPEJADO,0,0,0,1,1
-8128760.65796565,-4413906.06193309,519,8962,1324502,-73.0218994,-36.8189885,95,CONCEPCION,1,577,2021,1324502,REGION BIO BIO,8101,CONCEPCION,GENERAL NOVOA,VILLARRICA,0,"GENERAL NOVOA & VILLARRICA, CONCEPCION",CHILE,GEOMETRIC_CENTER,805,2021,1324502,1,2021/01/05 00:00:00+00,1899/12/30 00:00:00+00,8,REGION BIO BIO,8101,CONCEPCION,30,COLISION,30,COLISION,1,URBANA,11,CRUCE CON SEMAFORO FUNCIONANDO,1,IMPRUDENCIA DEL CONDUCTOR,27,CONDUCCION NO ATENTO CONDICIONES TRANSITO MOMENTO,0,GENERAL NOVOA,0,VILLARRICA,GENERAL NOVOA - VILLARRICA,0, , , , ,3,0,1,UNIDIRECCIONAL,1,CONCRETO,1,BUENO,1,SECO,1,DESPEJADO,0,0,0,2,1
-8128760.65796565,-4413906.06193309,520,8963,1352123,-73.0218994,-36.8189885,95,CONCEPCION,1,19303,2021,1352123,REGION BIO BIO,8101,CONCEPCION,GENERAL NOVOA,VILLARRICA,0,"GENERAL NOVOA & VILLARRICA, CONCEPCION",CHILE,GEOMETRIC_CENTER,26561,2021,1352123,1,2021/05/22 00:00:00+00,1899/12/30 00:00:00+00,8,REGION BIO BIO,8101,CONCEPCION,53,CHOQUE POSTERIOR,40,CHOQUE,1,URBANA,11,CRUCE CON SEMAFORO FUNCIONANDO,1,IMPRUDENCIA DEL CONDUCTOR,28,CONDUCCION SIN MANTENER DISTANCIA RAZONABLE NI PRUDENTE,0,GENERAL NOVOA,0,VILLARRICA,GENERAL NOVOA - VILLARRICA,0, , , , ,3,0,1,UNIDIRECCIONAL,1,CONCRETO,1,BUENO,1,SECO,1,DESPEJADO,0,0,0,0,2
-8128760.65796565,-4413906.06193309,521,8964,1375027,-73.0218994,-36.8189885,95,CONCEPCION,1,35789,2021,1375027,REGION BIO BIO,8101,CONCEPCION,VILLARRICA,GENERAL NOVOA,0,"VILLARRICA & GENERAL NOVOA, CONCEPCION",CHILE,GEOMETRIC_CENTER,49264,2021,1375027,1,2021/08/28 00:00:00+00,1899/12/30 00:00:00+00,8,REGION BIO BIO,8101,CONCEPCION,50,CHOQUE,40,CHOQUE,1,URBANA,26,OTROS NO CONSIDERADOS,1,IMPRUDENCIA DEL CONDUCTOR,93,CONDUCIR VEHICULO EN RETROCESO,0,VILLARRICA,0,GENERAL NOVOA,GENERAL NOVOA - VILLARRICA,0, , , , ,2,0,1,UNIDIRECCIONAL,1,CONCRETO,1,BUENO,1,SECO,2,NUBLADO,0,0,0,0,2
-8128172.25653316,-4413904.94947914,522,8965,1366101,-73.0166137,-36.8189805,95,CONCEPCION,1,28085,2021,1366101,REGION BIO BIO,8101,CONCEPCION,CHILOE, ,1041,"CHILOE 1041, CONCEPCION",CHILE,RANGE_INTERPOLATED,38790,2021,1366101,1,2021/07/16 00:00:00+00,1899/12/30 00:00:00+00,8,REGION BIO BIO,8101,CONCEPCION,32,COLISION LATERAL,30,COLISION,1,URBANA,1,TRAMO DE VIA RECTA,1,IMPRUDENCIA DEL CONDUCTOR,27,CONDUCCION NO ATENTO CONDICIONES TRANSITO MOMENTO,0,CHILOE,0, ,- CHILOE,1041, , , , ,2,0,1,UNIDIRECCIONAL,1,CONCRETO,1,BUENO,1,SECO,2,NUBLADO,0,0,0,0,2
-8130972.54285186,-4413903.36423246,523,8966,1364054,-73.0417691,-36.8189691,95,CONCEPCION,1,28315,2021,1364054,REGION BIO BIO,8101,CONCEPCION,LOS CARRERA,LAUTARO,0,"LOS CARRERA & LAUTARO, CONCEPCION",CHILE,GEOMETRIC_CENTER,39112,2021,1364054,1,2021/07/17 00:00:00+00,1899/12/30 00:00:00+00,8,REGION BIO BIO,8101,CONCEPCION,50,CHOQUE,40,CHOQUE,1,URBANA,1,TRAMO DE VIA RECTA,1,IMPRUDENCIA DEL CONDUCTOR,27,CONDUCCION NO ATENTO CONDICIONES TRANSITO MOMENTO,0,LOS CARRERA,0,LAUTARO,LAUTARO - LOS CARRERA,0, , , , ,3,3,2,BIDIRECCIONAL,1,CONCRETO,1,BUENO,1,SECO,1,DESPEJADO,0,1,0,1,1
-8130256.59154683,-4413902.47426952,524,8967,1360003,-73.0353376,-36.8189627,95,CONCEPCION,1,25462,2021,1360003,REGION BIO BIO,8101,CONCEPCION,PELANTARO,FREIRE,0,"PELANTARO & FREIRE, CONCEPCION",CHILE,GEOMETRIC_CENTER,35182,2021,1360003,1,2021/07/01 00:00:00+00,1899/12/30 00:00:00+00,8,REGION BIO BIO,8101,CONCEPCION,34,COLISION PERPENDICULAR,30,COLISION,1,URBANA,14,CRUCE CON SEÑAL PARE,10,DESOBEDIENCIA A SEÑALIZACION,65,SEÑALIZACION DESOBEDECER SEÑAL PARE,0,PELANTARO,0,FREIRE,FREIRE - PELANTARO,0, , , , ,2,0,1,UNIDIRECCIONAL,1,CONCRETO,1,BUENO,1,SECO,1,DESPEJADO,0,0,0,0,2
-8128468.53335791,-4413875.94228343,525,8968,1341238,-73.0192752,-36.8187719,95,CONCEPCION,1,12342,2021,1341238,REGION BIO BIO,8101,CONCEPCION,COLLAO,CALLEJON PUCHACAY,0,"COLLAO & CALLEJON PUCHACAY, CONCEPCION",CHILE,GEOMETRIC_CENTER,17079,2021,1341238,1,2021/03/31 00:00:00+00,1899/12/30 00:00:00+00,8,REGION BIO BIO,8101,CONCEPCION,34,COLISION PERPENDICULAR,30,COLISION,1,URBANA,14,CRUCE CON SEÑAL PARE,1,IMPRUDENCIA DEL CONDUCTOR,27,CONDUCCION NO ATENTO CONDICIONES TRANSITO MOMENTO,0,COLLAO,0,CALLEJON PUCHACAY,CALLEJON PUCHACAY - COLLAO,0, , , , ,2,0,1,UNIDIRECCIONAL,1,CONCRETO,1,BUENO,1,SECO,2,NUBLADO,0,0,0,1,1
-8132943.28745712,-4413875.41386928,526,8969,1405825,-73.0594726,-36.8187681,95,CONCEPCION,1,57272,2021,1405825,REGION BIO BIO,8101,CONCEPCION,MANUEL RODRIGUEZ,LINCOYAN,0,"MANUEL RODRIGUEZ & LINCOYAN, CONCEPCION",CHILE,GEOMETRIC_CENTER,77788,2021,1405825,1,2021/12/20 00:00:00+00,1899/12/30 00:00:00+00,8,REGION BIO BIO,8101,CONCEPCION,30,COLISION,30,COLISION,1,URBANA,15,CRUCE CON SEÑAL CEDA EL PASO,13,CAUSAS NO DETERMINADAS,97,CAUSAS NO DETERMINADAS,0,MANUEL RODRIGUEZ,0,LINCOYAN,LINCOYAN - MANUEL RODRIGUEZ,0, , , , ,2,2,2,BIDIRECCIONAL,1,CONCRETO,1,BUENO,1,SECO,1,DESPEJADO,0,0,0,0,2
-8132600.2007865,-4413873.39755239,527,8970,1388973,-73.0563906,-36.8187536,95,CONCEPCION,1,45314,2021,1388973,REGION BIO BIO,8101,CONCEPCION,CAUPOLICAN,PRIETO,0,"CAUPOLICAN & PRIETO, CONCEPCION",CHILE,GEOMETRIC_CENTER,61947,2021,1388973,1,2021/10/19 00:00:00+00,1899/12/30 00:00:00+00,8,REGION BIO BIO,8101,CONCEPCION,33,COLISION POR ALCANCE,30,COLISION,1,URBANA,1,TRAMO DE VIA RECTA,1,IMPRUDENCIA DEL CONDUCTOR,28,CONDUCCION SIN MANTENER DISTANCIA RAZONABLE NI PRUDENTE,0,CAUPOLICAN,0,PRIETO,CAUPOLICAN - PRIETO,0, , , , ,2,0,1,UNIDIRECCIONAL,1,CONCRETO,1,BUENO,1,SECO,1,DESPEJADO,0,0,0,0,2
-8130263.66033449,-4413872.96647779,528,8971,1362022,-73.0354011,-36.8187505,95,CONCEPCION,1,26339,2021,1362022,REGION BIO BIO,8101,CONCEPCION,AURORA DE CHILE,ORION,0,"AURORA DE CHILE & ORION, CONCEPCION",CHILE,GEOMETRIC_CENTER,36339,2021,1362022,1,2021/07/06 00:00:00+00,1899/12/30 00:00:00+00,8,REGION BIO BIO,8101,CONCEPCION,30,COLISION,30,COLISION,1,URBANA,1,TRAMO DE VIA RECTA,1,IMPRUDENCIA DEL CONDUCTOR,27,CONDUCCION NO ATENTO CONDICIONES TRANSITO MOMENTO,0,AURORA DE CHILE,0,ORION,AURORA DE CHILE - ORION,0, , , , ,2,0,1,UNIDIRECCIONAL,1,CONCRETO,1,BUENO,1,SECO,1,DESPEJADO,0,0,1,0,1
-8132741.55427591,-4413859.57536272,529,8972,1371068,-73.0576604,-36.8186542,95,CONCEPCION,1,32986,2021,1371068,REGION BIO BIO,8101,CONCEPCION,RENGO, ,1356,"RENGO 1356, CONCEPCION",CHILE,RANGE_INTERPOLATED,45491,2021,1371068,1,2021/08/13 00:00:00+00,1899/12/30 00:00:00+00,8,REGION BIO BIO,8101,CONCEPCION,50,CHOQUE,40,CHOQUE,1,URBANA,1,TRAMO DE VIA RECTA,4,ALCOHOL EN CONDUCTOR,24,CONDUCCION EN ESTADO DE EBRIEDAD,0,RENGO,0, ,- RENGO,1356, , , , ,2,2,2,BIDIRECCIONAL,1,CONCRETO,1,BUENO,1,SECO,1,DESPEJADO,0,0,0,0,1
-8131898.69875137,-4413849.39645787,530,8973,1343230,-73.0500889,-36.818581,95,CONCEPCION,0,11701,2021,1343230,REGION BIO BIO,8105,HUALQUI,MANUEL BULNES, ,887,"MANUEL BULNES 887, HUALQUI",CHILE,RANGE_INTERPOLATED,16199,2021,1343230,1,2021/03/24 00:00:00+00,1899/12/30 00:00:00+00,8,REGION BIO BIO,8105,HUALQUI,10,ATROPELLO,10,ATROPELLO,1,URBANA,1,TRAMO DE VIA RECTA,14,OTRAS CAUSAS,98,OTRAS CAUSAS,0,MANUEL BULNES,0, ,- MANUEL BULNES,887, , , , ,2,0,1,UNIDIRECCIONAL,1,CONCRETO,1,BUENO,1,SECO,1,DESPEJADO,0,0,0,1,1
-8130824.6215125,-4413848.11714265,531,8974,1336036,-73.0404403,-36.8185718,95,CONCEPCION,1,8494,2021,1336036,REGION BIO BIO,8101,CONCEPCION,LOS CARRERA,GALVARINO,0,"LOS CARRERA & GALVARINO, CONCEPCION",CHILE,GEOMETRIC_CENTER,11913,2021,1336036,1,2021/03/03 00:00:00+00,1899/12/30 00:00:00+00,8,REGION BIO BIO,8101,CONCEPCION,53,CHOQUE POSTERIOR,40,CHOQUE,1,URBANA,11,CRUCE CON SEMAFORO FUNCIONANDO,1,IMPRUDENCIA DEL CONDUCTOR,28,CONDUCCION SIN MANTENER DISTANCIA RAZONABLE NI PRUDENTE,0,LOS CARRERA,0,GALVARINO,GALVARINO - LOS CARRERA,0, , , , ,3,3,3,BIDIRECCIONAL CON BANDEJON,1,CONCRETO,1,BUENO,1,SECO,1,DESPEJADO,0,0,0,2,1
-8130824.6215125,-4413848.11714265,532,8975,1390904,-73.0404403,-36.8185718,95,CONCEPCION,1,46238,2021,1390904,REGION BIO BIO,8101,CONCEPCION,LOS CARRERA,GALVARINO,0,"LOS CARRERA & GALVARINO, CONCEPCION",CHILE,GEOMETRIC_CENTER,63163,2021,1390904,1,2021/10/24 00:00:00+00,1899/12/30 00:00:00+00,8,REGION BIO BIO,8101,CONCEPCION,10,ATROPELLO,10,ATROPELLO,1,URBANA,11,CRUCE CON SEMAFORO FUNCIONANDO,1,IMPRUDENCIA DEL CONDUCTOR,27,CONDUCCION NO ATENTO CONDICIONES TRANSITO MOMENTO,0,LOS CARRERA,0,GALVARINO,GALVARINO - LOS CARRERA,0, , , , ,3,3,2,BIDIRECCIONAL,2,ASFALTO,1,BUENO,1,SECO,1,DESPEJADO,0,1,0,0,1
-8130824.6215125,-4413848.11714265,533,8976,1398876,-73.0404403,-36.8185718,95,CONCEPCION,1,49887,2021,1398876,REGION BIO BIO,8101,CONCEPCION,LOS CARRERA,GALVARINO,0,"LOS CARRERA & GALVARINO, CONCEPCION",CHILE,GEOMETRIC_CENTER,67937,2021,1398876,1,2021/11/12 00:00:00+00,1899/12/30 00:00:00+00,8,REGION BIO BIO,8101,CONCEPCION,30,COLISION,30,COLISION,1,URBANA,1,TRAMO DE VIA RECTA,13,CAUSAS NO DETERMINADAS,97,CAUSAS NO DETERMINADAS,0,LOS CARRERA,0,GALVARINO,GALVARINO - LOS CARRERA,0, , , , ,3,3,2,BIDIRECCIONAL,1,CONCRETO,1,BUENO,1,SECO,1,DESPEJADO,0,0,0,0,2
-8130824.6215125,-4413848.11714265,534,8977,1409735,-73.0404403,-36.8185718,95,CONCEPCION,1,59221,2021,1409735,REGION BIO BIO,8101,CONCEPCION,LOS CARRERA,GALVARINO,0,"LOS CARRERA & GALVARINO, CONCEPCION",CHILE,GEOMETRIC_CENTER,80463,2021,1409735,1,2021/12/30 00:00:00+00,1899/12/30 00:00:00+00,8,REGION BIO BIO,8101,CONCEPCION,32,COLISION LATERAL,30,COLISION,1,URBANA,1,TRAMO DE VIA RECTA,1,IMPRUDENCIA DEL CONDUCTOR,27,CONDUCCION NO ATENTO CONDICIONES TRANSITO MOMENTO,0,LOS CARRERA,0,GALVARINO,GALVARINO - LOS CARRERA,0, , , , ,3,3,3,BIDIRECCIONAL CON BANDEJON,1,CONCRETO,1,BUENO,1,SECO,1,DESPEJADO,0,0,0,0,2
-8128436.68485159,-4413842.56880994,535,8978,1383666,-73.0189891,-36.8185319,95,CONCEPCION,1,41730,2021,1383666,REGION BIO BIO,8101,CONCEPCION,CORONEL JOSE SEGUEL, ,12,"CORONEL JOSE SEGUEL 12, CONCEPCION",CHILE,RANGE_INTERPOLATED,57178,2021,1383666,1,2021/10/01 00:00:00+00,1899/12/30 00:00:00+00,8,REGION BIO BIO,8101,CONCEPCION,50,CHOQUE,40,CHOQUE,1,URBANA,1,TRAMO DE VIA RECTA,1,IMPRUDENCIA DEL CONDUCTOR,27,CONDUCCION NO ATENTO CONDICIONES TRANSITO MOMENTO,0,CORONEL JOSE SEGUEL,0, ,- CORONEL JOSE SEGUEL,12, , , , ,1,1,2,BIDIRECCIONAL,1,CONCRETO,1,BUENO,1,SECO,1,DESPEJADO,0,0,0,0,2
-8130468.4770656,-4413838.82820631,536,8979,1336675,-73.037241,-36.818505,95,CONCEPCION,1,9046,2021,1336675,REGION BIO BIO,8101,CONCEPCION,LIENTUR,MAIPU,0,"LIENTUR & MAIPU, CONCEPCION",CHILE,GEOMETRIC_CENTER,12639,2021,1336675,1,2021/03/06 00:00:00+00,1899/12/30 00:00:00+00,8,REGION BIO BIO,8101,CONCEPCION,34,COLISION PERPENDICULAR,30,COLISION,1,URBANA,11,CRUCE CON SEMAFORO FUNCIONANDO,10,DESOBEDIENCIA A SEÑALIZACION,68,SEÑALIZACION DESOBEDECER LUZ INTERMITENTE SEMAFORO,0,LIENTUR,0,MAIPU,LIENTUR - MAIPU,0, , , , ,2,0,1,UNIDIRECCIONAL,1,CONCRETO,1,BUENO,1,SECO,1,DESPEJADO,0,0,0,1,1
-8130468.4770656,-4413838.82820631,537,8980,1340426,-73.037241,-36.818505,95,CONCEPCION,1,10955,2021,1340426,REGION BIO BIO,8101,CONCEPCION,LIENTUR,MAIPU,0,"LIENTUR & MAIPU, CONCEPCION",CHILE,GEOMETRIC_CENTER,15204,2021,1340426,1,2021/03/19 00:00:00+00,1899/12/30 00:00:00+00,8,REGION BIO BIO,8101,CONCEPCION,30,COLISION,30,COLISION,1,URBANA,11,CRUCE CON SEMAFORO FUNCIONANDO,1,IMPRUDENCIA DEL CONDUCTOR,27,CONDUCCION NO ATENTO CONDICIONES TRANSITO MOMENTO,0,LIENTUR,0,MAIPU,LIENTUR - MAIPU,0, , , , ,2,0,1,UNIDIRECCIONAL,1,CONCRETO,1,BUENO,1,SECO,1,DESPEJADO,0,0,0,0,3
-8130468.4770656,-4413838.82820631,538,8981,1352999,-73.037241,-36.818505,95,CONCEPCION,1,20633,2021,1352999,REGION BIO BIO,8101,CONCEPCION,LIENTUR,MAIPU,0,"LIENTUR & MAIPU, CONCEPCION",CHILE,GEOMETRIC_CENTER,28438,2021,1352999,1,2021/05/31 00:00:00+00,1899/12/30 00:00:00+00,8,REGION BIO BIO,8101,CONCEPCION,50,CHOQUE,40,CHOQUE,1,URBANA,1,TRAMO DE VIA RECTA,1,IMPRUDENCIA DEL CONDUCTOR,93,CONDUCIR VEHICULO EN RETROCESO,0,LIENTUR,0,MAIPU,LIENTUR - MAIPU,0, , , , ,2,0,1,UNIDIRECCIONAL,1,CONCRETO,1,BUENO,1,SECO,4,LLOVIZNA,0,0,0,0,2
-8130128.49620877,-4413815.81448426,539,8982,1336026,-73.0341869,-36.8183395,95,CONCEPCION,1,8334,2021,1336026,REGION BIO BIO,8101,CONCEPCION,JUAN BOSCO,VILUMILLA,0,"JUAN BOSCO & VILUMILLA, CONCEPCION",CHILE,GEOMETRIC_CENTER,11700,2021,1336026,1,2021/03/02 00:00:00+00,1899/12/30 00:00:00+00,8,REGION BIO BIO,8101,CONCEPCION,34,COLISION PERPENDICULAR,30,COLISION,1,URBANA,11,CRUCE CON SEMAFORO FUNCIONANDO,10,DESOBEDIENCIA A SEÑALIZACION,62,SEÑALIZACION DESOBEDECER LUZ ROJA DE SEMAFORO,0,JUAN BOSCO,0,VILUMILLA,JUAN BOSCO - VILUMILLA,0, , , , ,2,2,2,BIDIRECCIONAL,1,CONCRETO,1,BUENO,1,SECO,1,DESPEJADO,0,0,0,0,2
-8130128.49620877,-4413815.81448426,540,8983,1388932,-73.0341869,-36.8183395,95,CONCEPCION,1,45518,2021,1388932,REGION BIO BIO,8101,CONCEPCION,VILUMILLA,JUAN BOSCO,0,"VILUMILLA & JUAN BOSCO, CONCEPCION",CHILE,GEOMETRIC_CENTER,62215,2021,1388932,1,2021/10/20 00:00:00+00,1899/12/30 00:00:00+00,8,REGION BIO BIO,8101,CONCEPCION,32,COLISION LATERAL,30,COLISION,1,URBANA,11,CRUCE CON SEMAFORO FUNCIONANDO,1,IMPRUDENCIA DEL CONDUCTOR,28,CONDUCCION SIN MANTENER DISTANCIA RAZONABLE NI PRUDENTE,0,VILUMILLA,0,JUAN BOSCO,JUAN BOSCO - VILUMILLA,0, , , , ,2,0,1,UNIDIRECCIONAL,1,CONCRETO,1,BUENO,1,SECO,2,NUBLADO,0,0,0,0,2
-8130128.49620877,-4413815.81448426,541,8984,1388773,-73.0341869,-36.8183395,95,CONCEPCION,1,45526,2021,1388773,REGION BIO BIO,8101,CONCEPCION,VILUMILLA,JUAN BOSCO,0,"VILUMILLA & JUAN BOSCO, CONCEPCION",CHILE,GEOMETRIC_CENTER,62225,2021,1388773,1,2021/10/20 00:00:00+00,1899/12/30 00:00:00+00,8,REGION BIO BIO,8101,CONCEPCION,34,COLISION PERPENDICULAR,30,COLISION,1,URBANA,11,CRUCE CON SEMAFORO FUNCIONANDO,10,DESOBEDIENCIA A SEÑALIZACION,62,SEÑALIZACION DESOBEDECER LUZ ROJA DE SEMAFORO,0,VILUMILLA,0,JUAN BOSCO,JUAN BOSCO - VILUMILLA,0, , , , ,2,0,1,UNIDIRECCIONAL,1,CONCRETO,1,BUENO,1,SECO,1,DESPEJADO,0,0,0,0,2
-8130128.49620877,-4413815.81448426,542,8985,1406147,-73.0341869,-36.8183395,95,CONCEPCION,1,57323,2021,1406147,REGION BIO BIO,8101,CONCEPCION,VILUMILLA,JUAN BOSCO,0,"VILUMILLA & JUAN BOSCO, CONCEPCION",CHILE,GEOMETRIC_CENTER,77845,2021,1406147,1,2021/12/20 00:00:00+00,1899/12/30 00:00:00+00,8,REGION BIO BIO,8101,CONCEPCION,10,ATROPELLO,10,ATROPELLO,1,URBANA,11,CRUCE CON SEMAFORO FUNCIONANDO,1,IMPRUDENCIA DEL CONDUCTOR,31,NO RESPETAR DERECHO PREFERENTE DE PASO A PEATON,0,VILUMILLA,0,JUAN BOSCO,JUAN BOSCO - VILUMILLA,0, , , , ,2,0,1,UNIDIRECCIONAL,1,CONCRETO,1,BUENO,1,SECO,1,DESPEJADO,0,0,0,1,1
-8133778.71797163,-4413812.28247332,543,8986,1356997,-73.0669774,-36.8183141,95,CONCEPCION,0,17807,2021,1356997,REGION BIO BIO,8103,CHIGUAYANTE,21 DE MAYO,ROSAMEL DEL SOLAR,0,"21 DE MAYO & ROSAMEL DEL SOLAR, CHIGUAYANTE",CHILE,GEOMETRIC_CENTER,24521,2021,1356997,1,2021/05/13 00:00:00+00,1899/12/30 00:00:00+00,8,REGION BIO BIO,8103,CHIGUAYANTE,50,CHOQUE,40,CHOQUE,1,URBANA,1,TRAMO DE VIA RECTA,4,ALCOHOL EN CONDUCTOR,24,CONDUCCION EN ESTADO DE EBRIEDAD,0,21 DE MAYO,0,ROSAMEL DEL SOLAR,21 DE MAYO - ROSAMEL DEL SOLAR,0, , , , ,2,2,2,BIDIRECCIONAL,1,CONCRETO,1,BUENO,2,HUMEDO,1,DESPEJADO,0,1,0,0,0
-8132805.00638566,-4413804.5509889,544,8987,1337230,-73.0582304,-36.8182585,95,CONCEPCION,1,9491,2021,1337230,REGION BIO BIO,8101,CONCEPCION,RENGO,MANUEL RODRIGUEZ,0,"RENGO & MANUEL RODRIGUEZ, CONCEPCION",CHILE,GEOMETRIC_CENTER,13238,2021,1337230,1,2021/03/09 00:00:00+00,1899/12/30 00:00:00+00,8,REGION BIO BIO,8101,CONCEPCION,50,CHOQUE,40,CHOQUE,1,URBANA,11,CRUCE CON SEMAFORO FUNCIONANDO,1,IMPRUDENCIA DEL CONDUCTOR,27,CONDUCCION NO ATENTO CONDICIONES TRANSITO MOMENTO,0,RENGO,0,MANUEL RODRIGUEZ,MANUEL RODRIGUEZ - RENGO,0, , , , ,3,3,2,BIDIRECCIONAL,1,CONCRETO,1,BUENO,1,SECO,1,DESPEJADO,0,0,0,0,2
-8132805.00638566,-4413804.5509889,545,8988,1359579,-73.0582304,-36.8182585,95,CONCEPCION,1,25329,2021,1359579,REGION BIO BIO,8101,CONCEPCION,MANUEL RODRIGUEZ,RENGO,0,"MANUEL RODRIGUEZ & RENGO, CONCEPCION",CHILE,GEOMETRIC_CENTER,35012,2021,1359579,1,2021/06/30 00:00:00+00,1899/12/30 00:00:00+00,8,REGION BIO BIO,8101,CONCEPCION,30,COLISION,30,COLISION,1,URBANA,1,TRAMO DE VIA RECTA,1,IMPRUDENCIA DEL CONDUCTOR,27,CONDUCCION NO ATENTO CONDICIONES TRANSITO MOMENTO,0,MANUEL RODRIGUEZ,0,RENGO,MANUEL RODRIGUEZ - RENGO,0, , , , ,1,1,2,BIDIRECCIONAL,1,CONCRETO,1,BUENO,1,SECO,1,DESPEJADO,0,0,0,0,2
-8132805.00638566,-4413804.5509889,546,8989,1389073,-73.0582304,-36.8182585,95,CONCEPCION,1,45590,2021,1389073,REGION BIO BIO,8101,CONCEPCION,RENGO,MANUEL RODRIGUEZ,0,"RENGO & MANUEL RODRIGUEZ, CONCEPCION",CHILE,GEOMETRIC_CENTER,62309,2021,1389073,1,2021/10/21 00:00:00+00,1899/12/30 00:00:00+00,8,REGION BIO BIO,8101,CONCEPCION,50,CHOQUE,40,CHOQUE,1,URBANA,1,TRAMO DE VIA RECTA,13,CAUSAS NO DETERMINADAS,97,CAUSAS NO DETERMINADAS,0,RENGO,0,MANUEL RODRIGUEZ,MANUEL RODRIGUEZ - RENGO,0, , , , ,2,2,2,BIDIRECCIONAL,1,CONCRETO,1,BUENO,1,SECO,1,DESPEJADO,0,1,0,0,0
-8132805.00638566,-4413804.5509889,547,8990,1402678,-73.0582304,-36.8182585,95,CONCEPCION,1,51973,2021,1402678,REGION BIO BIO,8101,CONCEPCION,MANUEL RODRIGUEZ,RENGO,0,"MANUEL RODRIGUEZ & RENGO, CONCEPCION",CHILE,GEOMETRIC_CENTER,70678,2021,1402678,1,2021/11/22 00:00:00+00,1899/12/30 00:00:00+00,8,REGION BIO BIO,8101,CONCEPCION,50,CHOQUE,40,CHOQUE,1,URBANA,11,CRUCE CON SEMAFORO FUNCIONANDO,13,CAUSAS NO DETERMINADAS,97,CAUSAS NO DETERMINADAS,0,MANUEL RODRIGUEZ,0,RENGO,MANUEL RODRIGUEZ - RENGO,0, , , , ,2,2,2,BIDIRECCIONAL,1,CONCRETO,1,BUENO,1,SECO,1,DESPEJADO,0,0,0,0,1