X,Y,FID,FID_1,LABELID,POINT_X,POINT_Y,FID_2,COMUNAREAL,VAL_COM,OBJECTID,A_O,IDACCIDENT,REGION,COD_COMUN,COMUNA,CALLE_UNO,CALLE_DOS,NUMERO,DIR_GEOCOD,PAIS,TIPO,OBJECTID_1,Año,Idaccide_1,Claseaccid,Fecha,Hora,Cód_Regi,Región,Cód_Comun,Comuna_1,Cód_Tipo_,Tipo_Accid,Cód_Tipo1,Tipo__CONA,Cód_Zona,Zona,Cód_Ubica,Ubicación,Cód_Causa,Causa__CON,Cód_Cau_1,Causa,Cód_Calle,Calle_Un_1,Cód_Cal_1,Calle_Do_1,Intersecci,Número,Ruta,Cód_Ruta,Ubicaci_1,Km_Vía_Fe,Pistas_de_,Pistas_de1,Cód_Calza,Calzada,Cód__Tipo,Tipo_Calza,Cód_Estad,Estado_Cal,Cód_Condi,Condición,Cód_Est_1,Estado_Atm,Fallecidos,Graves,Menos_Grav,Leves,Ilesos
-8128896.21170959,-4413804.50927227,548,8991,1343214,-73.0231171,-36.8182582,95,CONCEPCION,1,13661,2021,1343214,REGION BIO BIO,8101,CONCEPCION,GENERAL NOVOA, ,583,"GENERAL NOVOA 583, CONCEPCION",CHILE,RANGE_INTERPOLATED,18879,2021,1343214,1,2021/04/12 00:00:00+00,1899/12/30 00:00:00+00,8,REGION BIO BIO,8101,CONCEPCION,50,CHOQUE,40,CHOQUE,1,URBANA,1,TRAMO DE VIA RECTA,12,FALLAS MECANICAS,2,FALLAS MECANICAS DIRECCION,0,GENERAL NOVOA,0, ,- GENERAL NOVOA,583, , , , ,3,0,1,UNIDIRECCIONAL,1,CONCRETO,1,BUENO,1,SECO,1,DESPEJADO,0,0,0,1,1
-8127987.42165065,-4413802.95185163,549,8992,1366698,-73.0149533,-36.818247,95,CONCEPCION,1,29339,2021,1366698,REGION BIO BIO,8101,CONCEPCION,NIEVES URRUTIA, ,169,"NIEVES URRUTIA 169, CONCEPCION",CHILE,RANGE_INTERPOLATED,40555,2021,1366698,1,2021/07/23 00:00:00+00,1899/12/30 00:00:00+00,8,REGION BIO BIO,8101,CONCEPCION,50,CHOQUE,40,CHOQUE,1,URBANA,1,TRAMO DE VIA RECTA,1,IMPRUDENCIA DEL CONDUCTOR,93,CONDUCIR VEHICULO EN RETROCESO,0,NIEVES URRUTIA,0, ,- NIEVES URRUTIA,169, , , , ,1,1,2,BIDIRECCIONAL,1,CONCRETO,1,BUENO,1,SECO,1,DESPEJADO,0,0,0,0,2
-8131832.88666841,-4413795.92955605,550,8993,1346495,-73.0494977,-36.8181965,95,CONCEPCION,1,16189,2021,1346495,REGION BIO BIO,8101,CONCEPCION,BULNES, ,1079,"BULNES 1079, CONCEPCION",CHILE,RANGE_INTERPOLATED,22301,2021,1346495,1,2021/05/01 00:00:00+00,1899/12/30 00:00:00+00,8,REGION BIO BIO,8101,CONCEPCION,50,CHOQUE,40,CHOQUE,1,URBANA,26,OTROS NO CONSIDERADOS,13,CAUSAS NO DETERMINADAS,97,CAUSAS NO DETERMINADAS,0,BULNES,0, ,- BULNES,1079, , , , ,2,2,2,BIDIRECCIONAL,1,CONCRETO,1,BUENO,3,MOJADO,3,LLUVIA,0,0,0,1,0
-8130795.84542413,-4413793.94106527,551,8994,1393464,-73.0401818,-36.8181822,95,CONCEPCION,1,48383,2021,1393464,REGION BIO BIO,8101,CONCEPCION,LOS CARRERA, ,1631,"LOS CARRERA 1631, CONCEPCION",CHILE,RANGE_INTERPOLATED,65974,2021,1393464,1,2021/11/05 00:00:00+00,1899/12/30 00:00:00+00,8,REGION BIO BIO,8101,CONCEPCION,30,COLISION,30,COLISION,1,URBANA,11,CRUCE CON SEMAFORO FUNCIONANDO,13,CAUSAS NO DETERMINADAS,97,CAUSAS NO DETERMINADAS,0,LOS CARRERA,0, ,- LOS CARRERA,1631, , , , ,3,3,2,BIDIRECCIONAL,1,CONCRETO,1,BUENO,1,SECO,1,DESPEJADO,0,1,0,0,1
-8131748.9406404,-4413788.37885528,552,8995,1378369,-73.0487436,-36.8181422,95,CONCEPCION,1,38232,2021,1378369,REGION BIO BIO,8101,CONCEPCION,OROMPELLO,BULNES,0,"OROMPELLO & BULNES, CONCEPCION",CHILE,GEOMETRIC_CENTER,52506,2021,1378369,1,2021/09/11 00:00:00+00,1899/12/30 00:00:00+00,8,REGION BIO BIO,8101,CONCEPCION,30,COLISION,30,COLISION,1,URBANA,4,ACERA O BERMA,13,CAUSAS NO DETERMINADAS,97,CAUSAS NO DETERMINADAS,0,OROMPELLO,0,BULNES,BULNES - OROMPELLO,0, , , , ,2,2,3,BIDIRECCIONAL CON BANDEJON,2,ASFALTO,1,BUENO,3,MOJADO,4,LLOVIZNA,0,0,0,2,1
-8130329.07166728,-4413766.68626408,553,8996,1356767,-73.0359887,-36.8179862,95,CONCEPCION,1,23069,2021,1356767,REGION BIO BIO,8101,CONCEPCION,PELANTARO,MAIPU,0,"PELANTARO & MAIPU, CONCEPCION",CHILE,GEOMETRIC_CENTER,31790,2021,1356767,1,2021/06/15 00:00:00+00,1899/12/30 00:00:00+00,8,REGION BIO BIO,8101,CONCEPCION,34,COLISION PERPENDICULAR,30,COLISION,1,URBANA,14,CRUCE CON SEÑAL PARE,10,DESOBEDIENCIA A SEÑALIZACION,65,SEÑALIZACION DESOBEDECER SEÑAL PARE,0,PELANTARO,0,MAIPU,MAIPU - PELANTARO,0, , , , ,2,0,1,UNIDIRECCIONAL,1,CONCRETO,1,BUENO,1,SECO,1,DESPEJADO,0,0,0,1,1
-8130329.07166728,-4413766.68626408,554,8997,1369238,-73.0359887,-36.8179862,95,CONCEPCION,1,31271,2021,1369238,REGION BIO BIO,8101,CONCEPCION,PELANTARO,MAIPU,0,"PELANTARO & MAIPU, CONCEPCION",CHILE,GEOMETRIC_CENTER,43193,2021,1369238,1,2021/08/03 00:00:00+00,1899/12/30 00:00:00+00,8,REGION BIO BIO,8101,CONCEPCION,34,COLISION PERPENDICULAR,30,COLISION,1,URBANA,14,CRUCE CON SEÑAL PARE,10,DESOBEDIENCIA A SEÑALIZACION,65,SEÑALIZACION DESOBEDECER SEÑAL PARE,0,PELANTARO,0,MAIPU,MAIPU - PELANTARO,0, , , , ,2,0,1,UNIDIRECCIONAL,1,CONCRETO,1,BUENO,1,SECO,1,DESPEJADO,0,1,0,0,2
-8124834.85367138,-4413761.30483965,555,8998,1358535,-72.9866333,-36.8179475,95,CONCEPCION,1,24300,2021,1358535,REGION BIO BIO,8101,CONCEPCION,21 DE MAYO,PASAJE DIECISIETE,0,"21 DE MAYO & PASAJE DIECISIETE, CONCEPCION",CHILE,GEOMETRIC_CENTER,33507,2021,1358535,1,2021/06/23 00:00:00+00,1899/12/30 00:00:00+00,8,REGION BIO BIO,8101,CONCEPCION,52,CHOQUE LATERAL,40,CHOQUE,1,URBANA,1,TRAMO DE VIA RECTA,1,IMPRUDENCIA DEL CONDUCTOR,27,CONDUCCION NO ATENTO CONDICIONES TRANSITO MOMENTO,0,21 DE MAYO,0,PASAJE DIECISIETE,21 DE MAYO - PASAJE DIECISIETE,0, , , , ,2,0,1,UNIDIRECCIONAL,1,CONCRETO,1,BUENO,1,SECO,1,DESPEJADO,0,0,0,0,2
-8126973.5237285,-4413755.86779602,556,8999,1399345,-73.0058453,-36.8179084,95,CONCEPCION,1,51357,2021,1399345,REGION BIO BIO,8101,CONCEPCION,VALLE NOBLE,ALICANTE,0,"VALLE NOBLE & ALICANTE, CONCEPCION",CHILE,GEOMETRIC_CENTER,69861,2021,1399345,1,2021/11/19 00:00:00+00,1899/12/30 00:00:00+00,8,REGION BIO BIO,8101,CONCEPCION,30,COLISION,30,COLISION,1,URBANA,1,TRAMO DE VIA RECTA,1,IMPRUDENCIA DEL CONDUCTOR,27,CONDUCCION NO ATENTO CONDICIONES TRANSITO MOMENTO,0,VALLE NOBLE,0,ALICANTE,ALICANTE - VALLE NOBLE,0, , , , ,2,2,2,BIDIRECCIONAL,1,CONCRETO,1,BUENO,1,SECO,1,DESPEJADO,0,0,0,0,2
-8129951.29784332,-4413738.98655805,557,9000,1383595,-73.0325951,-36.817787,95,CONCEPCION,1,41413,2021,1383595,REGION BIO BIO,8101,CONCEPCION,JUAN BOSCO, ,2084,"JUAN BOSCO 2084, CONCEPCION",CHILE,RANGE_INTERPOLATED,56775,2021,1383595,1,2021/09/29 00:00:00+00,1899/12/30 00:00:00+00,8,REGION BIO BIO,8101,CONCEPCION,10,ATROPELLO,10,ATROPELLO,1,URBANA,26,OTROS NO CONSIDERADOS,1,IMPRUDENCIA DEL CONDUCTOR,27,CONDUCCION NO ATENTO CONDICIONES TRANSITO MOMENTO,0,JUAN BOSCO,0, ,- JUAN BOSCO,2084, , , , ,1,1,2,BIDIRECCIONAL,1,CONCRETO,1,BUENO,1,SECO,1,DESPEJADO,0,0,0,1,1
-8129951.29784332,-4413738.98655805,558,9001,1398528,-73.0325951,-36.817787,95,CONCEPCION,1,50404,2021,1398528,REGION BIO BIO,8101,CONCEPCION,JUAN BOSCO, ,2084,"JUAN BOSCO 2084, CONCEPCION",CHILE,RANGE_INTERPOLATED,68666,2021,1398528,1,2021/11/15 00:00:00+00,1899/12/30 00:00:00+00,8,REGION BIO BIO,8101,CONCEPCION,32,COLISION LATERAL,30,COLISION,1,URBANA,1,TRAMO DE VIA RECTA,1,IMPRUDENCIA DEL CONDUCTOR,29,CONDUCCION CAMBIAR SORPRESIVAMENTE PISTA CIRCULACION,0,JUAN BOSCO,0, ,- JUAN BOSCO,2084, , , , ,3,0,1,UNIDIRECCIONAL,1,CONCRETO,1,BUENO,1,SECO,1,DESPEJADO,0,0,0,0,2
-8129183.73882236,-4413737.80459429,559,9002,1359627,-73.0257,-36.8177785,95,CONCEPCION,1,25210,2021,1359627,REGION BIO BIO,8101,CONCEPCION,BERNARDINO CORRAL, ,117,"BERNARDINO CORRAL 117, CONCEPCION",CHILE,RANGE_INTERPOLATED,34852,2021,1359627,1,2021/06/29 00:00:00+00,1899/12/30 00:00:00+00,8,REGION BIO BIO,8101,CONCEPCION,50,CHOQUE,40,CHOQUE,1,URBANA,1,TRAMO DE VIA RECTA,1,IMPRUDENCIA DEL CONDUCTOR,93,CONDUCIR VEHICULO EN RETROCESO,0,BERNARDINO CORRAL,0, ,- BERNARDINO CORRAL,117, , , , ,2,0,1,UNIDIRECCIONAL,1,CONCRETO,1,BUENO,1,SECO,1,DESPEJADO,0,0,0,0,2
-8129113.65207095,-4413727.72314399,560,9003,1367777,-73.0250704,-36.817706,95,CONCEPCION,1,30697,2021,1367777,REGION BIO BIO,8101,CONCEPCION,GENERAL NOVOA, ,499,"GENERAL NOVOA 499, CONCEPCION",CHILE,RANGE_INTERPOLATED,42440,2021,1367777,1,2021/07/31 00:00:00+00,1899/12/30 00:00:00+00,8,REGION BIO BIO,8101,CONCEPCION,50,CHOQUE,40,CHOQUE,1,URBANA,1,TRAMO DE VIA RECTA,1,IMPRUDENCIA DEL CONDUCTOR,93,CONDUCIR VEHICULO EN RETROCESO,0,GENERAL NOVOA,0, ,- GENERAL NOVOA,499, , , , ,2,0,1,UNIDIRECCIONAL,1,CONCRETO,1,BUENO,1,SECO,1,DESPEJADO,0,0,0,0,2
-8131608.61129031,-4413707.42121789,561,9004,1325875,-73.047483,-36.81756,95,CONCEPCION,1,1170,2021,1325875,REGION BIO BIO,8101,CONCEPCION,MANUEL BULNES,ONGOLMO,0,"MANUEL BULNES & ONGOLMO, CONCEPCION",CHILE,GEOMETRIC_CENTER,1580,2021,1325875,1,2021/01/08 00:00:00+00,1899/12/30 00:00:00+00,8,REGION BIO BIO,8101,CONCEPCION,30,COLISION,30,COLISION,1,URBANA,11,CRUCE CON SEMAFORO FUNCIONANDO,1,IMPRUDENCIA DEL CONDUCTOR,27,CONDUCCION NO ATENTO CONDICIONES TRANSITO MOMENTO,0,MANUEL BULNES,0,ONGOLMO,MANUEL BULNES - ONGOLMO,0, , , , ,1,1,2,BIDIRECCIONAL,1,CONCRETO,1,BUENO,1,SECO,1,DESPEJADO,0,0,0,1,1
-8130904.3485318,-4413706.42002801,562,9005,1352154,-73.0411565,-36.8175528,95,CONCEPCION,1,20016,2021,1352154,REGION BIO BIO,8101,CONCEPCION,LAS HERAS,GALVARINO,0,"LAS HERAS & GALVARINO, CONCEPCION",CHILE,GEOMETRIC_CENTER,27563,2021,1352154,1,2021/05/27 00:00:00+00,1899/12/30 00:00:00+00,8,REGION BIO BIO,8101,CONCEPCION,34,COLISION PERPENDICULAR,30,COLISION,1,URBANA,14,CRUCE CON SEÑAL PARE,10,DESOBEDIENCIA A SEÑALIZACION,65,SEÑALIZACION DESOBEDECER SEÑAL PARE,0,LAS HERAS,0,GALVARINO,GALVARINO - LAS HERAS,0, , , , ,2,0,1,UNIDIRECCIONAL,1,CONCRETO,1,BUENO,3,MOJADO,3,LLUVIA,0,0,0,0,2
-8130552.26724632,-4413700.84395835,563,9006,1343011,-73.0379937,-36.8175127,95,CONCEPCION,1,13624,2021,1343011,REGION BIO BIO,8101,CONCEPCION,LOS CARRERA,LIENTUR,0,"LOS CARRERA & LIENTUR, CONCEPCION",CHILE,GEOMETRIC_CENTER,18824,2021,1343011,1,2021/04/11 00:00:00+00,1899/12/30 00:00:00+00,8,REGION BIO BIO,8101,CONCEPCION,50,CHOQUE,40,CHOQUE,1,URBANA,1,TRAMO DE VIA RECTA,4,ALCOHOL EN CONDUCTOR,24,CONDUCCION EN ESTADO DE EBRIEDAD,0,LOS CARRERA,0,LIENTUR,LIENTUR - LOS CARRERA,0, , , , ,4,4,2,BIDIRECCIONAL,1,CONCRETO,1,BUENO,1,SECO,1,DESPEJADO,0,0,0,1,1
-8130552.26724632,-4413700.84395835,564,9007,1375022,-73.0379937,-36.8175127,95,CONCEPCION,1,35678,2021,1375022,REGION BIO BIO,8101,CONCEPCION,LOS CARRERA,LIENTUR,0,"LOS CARRERA & LIENTUR, CONCEPCION",CHILE,GEOMETRIC_CENTER,49108,2021,1375022,1,2021/08/28 00:00:00+00,1899/12/30 00:00:00+00,8,REGION BIO BIO,8101,CONCEPCION,10,ATROPELLO,10,ATROPELLO,1,URBANA,11,CRUCE CON SEMAFORO FUNCIONANDO,1,IMPRUDENCIA DEL CONDUCTOR,31,NO RESPETAR DERECHO PREFERENTE DE PASO A PEATON,0,LOS CARRERA,0,LIENTUR,LIENTUR - LOS CARRERA,0, , , , ,3,3,3,BIDIRECCIONAL CON BANDEJON,1,CONCRETO,1,BUENO,2,HUMEDO,2,NUBLADO,0,1,0,0,1
-8130552.26724632,-4413700.84395835,565,9008,1382260,-73.0379937,-36.8175127,95,CONCEPCION,1,40442,2021,1382260,REGION BIO BIO,8101,CONCEPCION,LOS CARRERA,LIENTUR,0,"LOS CARRERA & LIENTUR, CONCEPCION",CHILE,GEOMETRIC_CENTER,55507,2021,1382260,1,2021/09/23 00:00:00+00,1899/12/30 00:00:00+00,8,REGION BIO BIO,8101,CONCEPCION,34,COLISION PERPENDICULAR,30,COLISION,1,URBANA,11,CRUCE CON SEMAFORO FUNCIONANDO,10,DESOBEDIENCIA A SEÑALIZACION,62,SEÑALIZACION DESOBEDECER LUZ ROJA DE SEMAFORO,0,LOS CARRERA,0,LIENTUR,LIENTUR - LOS CARRERA,0, , , , ,3,3,3,BIDIRECCIONAL CON BANDEJON,1,CONCRETO,1,BUENO,1,SECO,1,DESPEJADO,0,0,0,4,2
-8130552.26724632,-4413700.84395835,566,9009,1398522,-73.0379937,-36.8175127,95,CONCEPCION,1,50141,2021,1398522,REGION BIO BIO,8101,CONCEPCION,LOS CARRERA,LIENTUR,0,"LOS CARRERA & LIENTUR, CONCEPCION",CHILE,GEOMETRIC_CENTER,68295,2021,1398522,1,2021/11/14 00:00:00+00,1899/12/30 00:00:00+00,8,REGION BIO BIO,8101,CONCEPCION,30,COLISION,30,COLISION,1,URBANA,11,CRUCE CON SEMAFORO FUNCIONANDO,4,ALCOHOL EN CONDUCTOR,24,CONDUCCION EN ESTADO DE EBRIEDAD,0,LOS CARRERA,0,LIENTUR,LIENTUR - LOS CARRERA,0, , , , ,3,3,3,BIDIRECCIONAL CON BANDEJON,1,CONCRETO,1,BUENO,1,SECO,1,DESPEJADO,0,0,0,2,1
-8130552.26724632,-4413700.84395835,567,9010,1409703,-73.0379937,-36.8175127,95,CONCEPCION,1,59118,2021,1409703,REGION BIO BIO,8101,CONCEPCION,LIENTUR,LOS CARRERA,0,"LIENTUR & LOS CARRERA, CONCEPCION",CHILE,GEOMETRIC_CENTER,80328,2021,1409703,1,2021/12/30 00:00:00+00,1899/12/30 00:00:00+00,8,REGION BIO BIO,8101,CONCEPCION,53,CHOQUE POSTERIOR,40,CHOQUE,1,URBANA,11,CRUCE CON SEMAFORO FUNCIONANDO,12,FALLAS MECANICAS,1,FALLAS MECANICAS FRENOS,0,LIENTUR,0,LOS CARRERA,LIENTUR - LOS CARRERA,0, , , , ,2,0,1,UNIDIRECCIONAL,1,CONCRETO,1,BUENO,1,SECO,1,DESPEJADO,0,0,0,7,1
-8130197.81485569,-4413696.79748569,568,9011,1370790,-73.0348096,-36.8174836,95,CONCEPCION,1,32359,2021,1370790,REGION BIO BIO,8101,CONCEPCION,VILUMILLA,MAIPU,0,"VILUMILLA & MAIPU, CONCEPCION",CHILE,GEOMETRIC_CENTER,44651,2021,1370790,1,2021/08/09 00:00:00+00,1899/12/30 00:00:00+00,8,REGION BIO BIO,8101,CONCEPCION,32,COLISION LATERAL,30,COLISION,1,URBANA,1,TRAMO DE VIA RECTA,1,IMPRUDENCIA DEL CONDUCTOR,29,CONDUCCION CAMBIAR SORPRESIVAMENTE PISTA CIRCULACION,0,VILUMILLA,0,MAIPU,MAIPU - VILUMILLA,0, , , , ,2,0,1,UNIDIRECCIONAL,1,CONCRETO,1,BUENO,1,SECO,1,DESPEJADO,0,0,0,0,2
-8129197.05263346,-4413687.14714129,569,9012,1391241,-73.0258196,-36.8174142,95,CONCEPCION,1,46879,2021,1391241,REGION BIO BIO,8101,CONCEPCION,GENERAL NOVOA,BERNARDINO CORRAL,0,"GENERAL NOVOA & BERNARDINO CORRAL, CONCEPCION",CHILE,GEOMETRIC_CENTER,63963,2021,1391241,1,2021/10/28 00:00:00+00,1899/12/30 00:00:00+00,8,REGION BIO BIO,8101,CONCEPCION,34,COLISION PERPENDICULAR,30,COLISION,1,URBANA,14,CRUCE CON SEÑAL PARE,10,DESOBEDIENCIA A SEÑALIZACION,65,SEÑALIZACION DESOBEDECER SEÑAL PARE,0,GENERAL NOVOA,0,BERNARDINO CORRAL,BERNARDINO CORRAL - GENERAL NOVOA,0, , , , ,2,0,1,UNIDIRECCIONAL,1,CONCRETO,1,BUENO,1,SECO,1,DESPEJADO,0,0,0,0,2
-8130017.86689882,-4413665.5659993,570,9013,1385586,-73.0331931,-36.817259,95,CONCEPCION,1,42923,2021,1385586,REGION BIO BIO,8101,CONCEPCION,JUAN BOSCO,FRESIA,0,"JUAN BOSCO & FRESIA, CONCEPCION",CHILE,GEOMETRIC_CENTER,58746,2021,1385586,1,2021/10/06 00:00:00+00,1899/12/30 00:00:00+00,8,REGION BIO BIO,8101,CONCEPCION,33,COLISION POR ALCANCE,30,COLISION,1,URBANA,11,CRUCE CON SEMAFORO FUNCIONANDO,1,IMPRUDENCIA DEL CONDUCTOR,28,CONDUCCION SIN MANTENER DISTANCIA RAZONABLE NI PRUDENTE,0,JUAN BOSCO,0,FRESIA,FRESIA - JUAN BOSCO,0, , , , ,2,1,2,BIDIRECCIONAL,1,CONCRETO,1,BUENO,1,SECO,1,DESPEJADO,0,0,0,0,2
-8130017.86689882,-4413665.5659993,571,9014,1386598,-73.0331931,-36.817259,95,CONCEPCION,1,43242,2021,1386598,REGION BIO BIO,8101,CONCEPCION,JUAN BOSCO,FRESIA,0,"JUAN BOSCO & FRESIA, CONCEPCION",CHILE,GEOMETRIC_CENTER,59141,2021,1386598,1,2021/10/08 00:00:00+00,1899/12/30 00:00:00+00,8,REGION BIO BIO,8101,CONCEPCION,32,COLISION LATERAL,30,COLISION,1,URBANA,11,CRUCE CON SEMAFORO FUNCIONANDO,1,IMPRUDENCIA DEL CONDUCTOR,28,CONDUCCION SIN MANTENER DISTANCIA RAZONABLE NI PRUDENTE,0,JUAN BOSCO,0,FRESIA,FRESIA - JUAN BOSCO,0, , , , ,2,0,1,UNIDIRECCIONAL,1,CONCRETO,1,BUENO,1,SECO,1,DESPEJADO,0,0,0,0,2
-8130017.86689882,-4413665.5659993,572,9015,1387175,-73.0331931,-36.817259,95,CONCEPCION,1,44285,2021,1387175,REGION BIO BIO,8101,CONCEPCION,JUAN BOSCO,FRESIA,0,"JUAN BOSCO & FRESIA, CONCEPCION",CHILE,GEOMETRIC_CENTER,60555,2021,1387175,1,2021/10/14 00:00:00+00,1899/12/30 00:00:00+00,8,REGION BIO BIO,8101,CONCEPCION,32,COLISION LATERAL,30,COLISION,1,URBANA,11,CRUCE CON SEMAFORO FUNCIONANDO,1,IMPRUDENCIA DEL CONDUCTOR,91,VIRAJES INDEBIDOS,0,JUAN BOSCO,0,FRESIA,FRESIA - JUAN BOSCO,0, , , , ,2,2,2,BIDIRECCIONAL,1,CONCRETO,1,BUENO,1,SECO,1,DESPEJADO,0,0,0,0,2
-8130017.86689882,-4413665.5659993,573,9016,1406004,-73.0331931,-36.817259,95,CONCEPCION,1,56422,2021,1406004,REGION BIO BIO,8101,CONCEPCION,JUAN BOSCO,FRESIA,0,"JUAN BOSCO & FRESIA, CONCEPCION",CHILE,GEOMETRIC_CENTER,76676,2021,1406004,1,2021/12/16 00:00:00+00,1899/12/30 00:00:00+00,8,REGION BIO BIO,8101,CONCEPCION,34,COLISION PERPENDICULAR,30,COLISION,1,URBANA,16,CRUCE SIN SEÑALIZACION,1,IMPRUDENCIA DEL CONDUCTOR,27,CONDUCCION NO ATENTO CONDICIONES TRANSITO MOMENTO,0,JUAN BOSCO,0,FRESIA,FRESIA - JUAN BOSCO,0, , , , ,2,0,1,UNIDIRECCIONAL,1,CONCRETO,1,BUENO,1,SECO,1,DESPEJADO,0,0,0,0,2
-8132618.83566926,-4413665.246176,574,9017,1398275,-73.056558,-36.8172567,95,CONCEPCION,1,49061,2021,1398275,REGION BIO BIO,8101,CONCEPCION,CAPUPOLICAN,MANUEL RODRIGUEZ,0,"CAPUPOLICAN & MANUEL RODRIGUEZ, CONCEPCION",CHILE,GEOMETRIC_CENTER,66871,2021,1398275,1,2021/11/08 00:00:00+00,1899/12/30 00:00:00+00,8,REGION BIO BIO,8101,CONCEPCION,30,COLISION,30,COLISION,1,URBANA,11,CRUCE CON SEMAFORO FUNCIONANDO,13,CAUSAS NO DETERMINADAS,97,CAUSAS NO DETERMINADAS,0,CAPUPOLICAN,0,MANUEL RODRIGUEZ,CAPUPOLICAN - MANUEL RODRIGUEZ,0, , , , ,2,0,1,UNIDIRECCIONAL,1,CONCRETO,1,BUENO,1,SECO,1,DESPEJADO,0,0,0,1,1
-8132618.83566926,-4413665.246176,575,9018,1402866,-73.056558,-36.8172567,95,CONCEPCION,1,55461,2021,1402866,REGION BIO BIO,8101,CONCEPCION,MANUEL RODRIGUEZ,CAUPOLICAN,0,"MANUEL RODRIGUEZ & CAUPOLICAN, CONCEPCION",CHILE,GEOMETRIC_CENTER,75332,2021,1402866,1,2021/12/10 00:00:00+00,1899/12/30 00:00:00+00,8,REGION BIO BIO,8101,CONCEPCION,30,COLISION,30,COLISION,1,URBANA,15,CRUCE CON SEÑAL CEDA EL PASO,13,CAUSAS NO DETERMINADAS,97,CAUSAS NO DETERMINADAS,0,MANUEL RODRIGUEZ,0,CAUPOLICAN,CAUPOLICAN - MANUEL RODRIGUEZ,0, , , , ,2,2,2,BIDIRECCIONAL,1,CONCRETO,1,BUENO,1,SECO,1,DESPEJADO,0,0,0,0,2
-8128946.839814,-4413660.0038564,576,9019,1329210,-73.0235719,-36.817219,95,CONCEPCION,1,4091,2021,1329210,REGION BIO BIO,8101,CONCEPCION,TEGUALDA,COLLAO,0,"TEGUALDA & COLLAO, CONCEPCION",CHILE,GEOMETRIC_CENTER,5725,2021,1329210,1,2021/01/29 00:00:00+00,1899/12/30 00:00:00+00,8,REGION BIO BIO,8101,CONCEPCION,34,COLISION PERPENDICULAR,30,COLISION,1,URBANA,11,CRUCE CON SEMAFORO FUNCIONANDO,1,IMPRUDENCIA DEL CONDUCTOR,27,CONDUCCION NO ATENTO CONDICIONES TRANSITO MOMENTO,0,TEGUALDA,0,COLLAO,COLLAO - TEGUALDA,0, , , , ,2,0,1,UNIDIRECCIONAL,1,CONCRETO,1,BUENO,1,SECO,1,DESPEJADO,0,0,0,0,2
-8128946.839814,-4413660.0038564,577,9020,1344864,-73.0235719,-36.817219,95,CONCEPCION,1,14822,2021,1344864,REGION BIO BIO,8101,CONCEPCION,COLLAO,TEGUALDA,0,"COLLAO & TEGUALDA, CONCEPCION",CHILE,GEOMETRIC_CENTER,20435,2021,1344864,1,2021/04/21 00:00:00+00,1899/12/30 00:00:00+00,8,REGION BIO BIO,8101,CONCEPCION,34,COLISION PERPENDICULAR,30,COLISION,1,URBANA,11,CRUCE CON SEMAFORO FUNCIONANDO,10,DESOBEDIENCIA A SEÑALIZACION,68,SEÑALIZACION DESOBEDECER LUZ INTERMITENTE SEMAFORO,0,COLLAO,0,TEGUALDA,COLLAO - TEGUALDA,0, , , , ,2,0,1,UNIDIRECCIONAL,1,CONCRETO,1,BUENO,1,SECO,1,DESPEJADO,0,0,0,0,2
-8128946.839814,-4413660.0038564,578,9021,1378839,-73.0235719,-36.817219,95,CONCEPCION,1,38043,2021,1378839,REGION BIO BIO,8101,CONCEPCION,COLLAO,TEGUALDA,0,"COLLAO & TEGUALDA, CONCEPCION",CHILE,GEOMETRIC_CENTER,52267,2021,1378839,1,2021/09/10 00:00:00+00,1899/12/30 00:00:00+00,8,REGION BIO BIO,8101,CONCEPCION,53,CHOQUE POSTERIOR,40,CHOQUE,1,URBANA,11,CRUCE CON SEMAFORO FUNCIONANDO,1,IMPRUDENCIA DEL CONDUCTOR,27,CONDUCCION NO ATENTO CONDICIONES TRANSITO MOMENTO,0,COLLAO,0,TEGUALDA,COLLAO - TEGUALDA,0, , , , ,1,1,2,BIDIRECCIONAL,1,CONCRETO,1,BUENO,1,SECO,1,DESPEJADO,0,0,0,0,2
-8128946.839814,-4413660.0038564,579,9022,1388763,-73.0235719,-36.817219,95,CONCEPCION,1,45457,2021,1388763,REGION BIO BIO,8101,CONCEPCION,COLLAO,TEGUALDA,0,"COLLAO & TEGUALDA, CONCEPCION",CHILE,GEOMETRIC_CENTER,62142,2021,1388763,1,2021/10/20 00:00:00+00,1899/12/30 00:00:00+00,8,REGION BIO BIO,8101,CONCEPCION,53,CHOQUE POSTERIOR,40,CHOQUE,1,URBANA,11,CRUCE CON SEMAFORO FUNCIONANDO,1,IMPRUDENCIA DEL CONDUCTOR,28,CONDUCCION SIN MANTENER DISTANCIA RAZONABLE NI PRUDENTE,0,COLLAO,0,TEGUALDA,COLLAO - TEGUALDA,0, , , , ,2,2,2,BIDIRECCIONAL,1,CONCRETO,1,BUENO,1,SECO,1,DESPEJADO,0,0,0,1,2