X,Y,FID,FID_1,LABELID,POINT_X,POINT_Y,FID_2,COMUNAREAL,VAL_COM,OBJECTID,A_O,IDACCIDENT,REGION,COD_COMUN,COMUNA,CALLE_UNO,CALLE_DOS,NUMERO,DIR_GEOCOD,PAIS,TIPO,OBJECTID_1,Año,Idaccide_1,Claseaccid,Fecha,Hora,Cód_Regi,Región,Cód_Comun,Comuna_1,Cód_Tipo_,Tipo_Accid,Cód_Tipo1,Tipo__CONA,Cód_Zona,Zona,Cód_Ubica,Ubicación,Cód_Causa,Causa__CON,Cód_Cau_1,Causa,Cód_Calle,Calle_Un_1,Cód_Cal_1,Calle_Do_1,Intersecci,Número,Ruta,Cód_Ruta,Ubicaci_1,Km_Vía_Fe,Pistas_de_,Pistas_de1,Cód_Calza,Calzada,Cód__Tipo,Tipo_Calza,Cód_Estad,Estado_Cal,Cód_Condi,Condición,Cód_Est_1,Estado_Atm,Fallecidos,Graves,Menos_Grav,Leves,Ilesos
-8132176.51880454,-4413653.55177427,580,9023,1341897,-73.0525846,-36.8171726,95,CONCEPCION,1,12496,2021,1341897,REGION BIO BIO,8101,CONCEPCION,CASTELLON,PRIETO,0,"CASTELLON & PRIETO, CONCEPCION",CHILE,GEOMETRIC_CENTER,17281,2021,1341897,1,2021/04/01 00:00:00+00,1899/12/30 00:00:00+00,8,REGION BIO BIO,8101,CONCEPCION,30,COLISION,30,COLISION,1,URBANA,26,OTROS NO CONSIDERADOS,1,IMPRUDENCIA DEL CONDUCTOR,27,CONDUCCION NO ATENTO CONDICIONES TRANSITO MOMENTO,0,CASTELLON,0,PRIETO,CASTELLON - PRIETO,0, , , , ,1,1,2,BIDIRECCIONAL,1,CONCRETO,1,BUENO,1,SECO,1,DESPEJADO,0,0,0,0,2
-8130508.35170721,-4413644.81922107,581,9024,1332320,-73.0375992,-36.8171098,95,CONCEPCION,1,6155,2021,1332320,REGION BIO BIO,8101,CONCEPCION,LOS CARRERA, ,1837,"LOS CARRERA 1837, CONCEPCION",CHILE,RANGE_INTERPOLATED,8581,2021,1332320,1,2021/02/14 00:00:00+00,1899/12/30 00:00:00+00,8,REGION BIO BIO,8101,CONCEPCION,33,COLISION POR ALCANCE,30,COLISION,1,URBANA,1,TRAMO DE VIA RECTA,1,IMPRUDENCIA DEL CONDUCTOR,28,CONDUCCION SIN MANTENER DISTANCIA RAZONABLE NI PRUDENTE,0,LOS CARRERA,0, ,- LOS CARRERA,1837, , , , ,3,3,2,BIDIRECCIONAL,1,CONCRETO,1,BUENO,1,SECO,1,DESPEJADO,0,0,0,0,2
-8131115.63292533,-4413638.617444,582,9034,1397916,-73.0430545,-36.8170652,95,CONCEPCION,1,48472,2021,1397916,REGION BIO BIO,8101,CONCEPCION,ROZAS,LAUTARO,0,"ROZAS & LAUTARO, CONCEPCION",CHILE,GEOMETRIC_CENTER,66089,2021,1397916,1,2021/11/05 00:00:00+00,1899/12/30 00:00:00+00,8,REGION BIO BIO,8101,CONCEPCION,10,ATROPELLO,10,ATROPELLO,1,URBANA,14,CRUCE CON SEÑAL PARE,1,IMPRUDENCIA DEL CONDUCTOR,31,NO RESPETAR DERECHO PREFERENTE DE PASO A PEATON,0,ROZAS,0,LAUTARO,LAUTARO - ROZAS,0, , , , ,2,0,1,UNIDIRECCIONAL,1,CONCRETO,1,BUENO,1,SECO,1,DESPEJADO,0,0,1,0,1
-8131478.0780554,-4413638.10294697,583,9035,1356990,-73.0463104,-36.8170615,95,CONCEPCION,0,13346,2021,1356990,REGION BIO BIO,8103,CHIGUAYANTE,PAICAVI,BULNES,0,"PAICAVI & BULNES, CHIGUAYANTE",CHILE,GEOMETRIC_CENTER,18446,2021,1356990,1,2021/04/09 00:00:00+00,1899/12/30 00:00:00+00,8,REGION BIO BIO,8103,CHIGUAYANTE,30,COLISION,30,COLISION,1,URBANA,1,TRAMO DE VIA RECTA,13,CAUSAS NO DETERMINADAS,97,CAUSAS NO DETERMINADAS,0,PAICAVI,0,BULNES,BULNES - PAICAVI,0, , , , ,3,3,2,BIDIRECCIONAL,1,CONCRETO,1,BUENO,1,SECO,1,DESPEJADO,0,0,0,0,2
-8131478.0780554,-4413638.10294697,584,9036,1345085,-73.0463104,-36.8170615,95,CONCEPCION,1,14829,2021,1345085,REGION BIO BIO,8101,CONCEPCION,PAICAVI,BULNES,0,"PAICAVI & BULNES, CONCEPCION",CHILE,GEOMETRIC_CENTER,20442,2021,1345085,1,2021/04/21 00:00:00+00,1899/12/30 00:00:00+00,8,REGION BIO BIO,8101,CONCEPCION,30,COLISION,30,COLISION,1,URBANA,1,TRAMO DE VIA RECTA,1,IMPRUDENCIA DEL CONDUCTOR,27,CONDUCCION NO ATENTO CONDICIONES TRANSITO MOMENTO,0,PAICAVI,0,BULNES,BULNES - PAICAVI,0, , , , ,3,3,2,BIDIRECCIONAL,1,CONCRETO,1,BUENO,1,SECO,1,DESPEJADO,0,0,0,0,2
-8131478.0780554,-4413638.10294697,585,9037,1345145,-73.0463104,-36.8170615,95,CONCEPCION,1,15142,2021,1345145,REGION BIO BIO,8101,CONCEPCION,PAICAVI,BULNES,0,"PAICAVI & BULNES, CONCEPCION",CHILE,GEOMETRIC_CENTER,20870,2021,1345145,1,2021/04/23 00:00:00+00,1899/12/30 00:00:00+00,8,REGION BIO BIO,8101,CONCEPCION,30,COLISION,30,COLISION,1,URBANA,1,TRAMO DE VIA RECTA,1,IMPRUDENCIA DEL CONDUCTOR,27,CONDUCCION NO ATENTO CONDICIONES TRANSITO MOMENTO,0,PAICAVI,0,BULNES,BULNES - PAICAVI,0, , , , ,3,3,2,BIDIRECCIONAL,1,CONCRETO,1,BUENO,1,SECO,1,DESPEJADO,0,0,0,0,2
-8131478.0780554,-4413638.10294697,586,9038,1355947,-73.0463104,-36.8170615,95,CONCEPCION,1,16073,2021,1355947,REGION BIO BIO,8101,CONCEPCION,MANUEL BULNES,PAICAVI,0,"MANUEL BULNES & PAICAVI, CONCEPCION",CHILE,GEOMETRIC_CENTER,22119,2021,1355947,1,2021/04/30 00:00:00+00,1899/12/30 00:00:00+00,8,REGION BIO BIO,8101,CONCEPCION,30,COLISION,30,COLISION,1,URBANA,1,TRAMO DE VIA RECTA,1,IMPRUDENCIA DEL CONDUCTOR,27,CONDUCCION NO ATENTO CONDICIONES TRANSITO MOMENTO,0,MANUEL BULNES,0,PAICAVI,MANUEL BULNES - PAICAVI,0, , , , ,2,2,2,BIDIRECCIONAL,1,CONCRETO,1,BUENO,1,SECO,1,DESPEJADO,0,0,0,0,2
-8131478.0780554,-4413638.10294697,587,9039,1362693,-73.0463104,-36.8170615,95,CONCEPCION,1,27069,2021,1362693,REGION BIO BIO,8101,CONCEPCION,BULNES,PAICAVI,0,"BULNES & PAICAVI, CONCEPCION",CHILE,GEOMETRIC_CENTER,37326,2021,1362693,1,2021/07/10 00:00:00+00,1899/12/30 00:00:00+00,8,REGION BIO BIO,8101,CONCEPCION,30,COLISION,30,COLISION,1,URBANA,1,TRAMO DE VIA RECTA,13,CAUSAS NO DETERMINADAS,97,CAUSAS NO DETERMINADAS,0,BULNES,0,PAICAVI,BULNES - PAICAVI,0, , , , ,1,1,2,BIDIRECCIONAL,1,CONCRETO,1,BUENO,1,SECO,1,DESPEJADO,0,0,0,0,2
-8131478.0780554,-4413638.10294697,588,9040,1385684,-73.0463104,-36.8170615,95,CONCEPCION,1,42685,2021,1385684,REGION BIO BIO,8101,CONCEPCION,PAICAVI,BULNES,0,"PAICAVI & BULNES, CONCEPCION",CHILE,GEOMETRIC_CENTER,58451,2021,1385684,1,2021/10/05 00:00:00+00,1899/12/30 00:00:00+00,8,REGION BIO BIO,8101,CONCEPCION,10,ATROPELLO,10,ATROPELLO,1,URBANA,11,CRUCE CON SEMAFORO FUNCIONANDO,13,CAUSAS NO DETERMINADAS,97,CAUSAS NO DETERMINADAS,0,PAICAVI,0,BULNES,BULNES - PAICAVI,0, , , , ,3,3,2,BIDIRECCIONAL,1,CONCRETO,1,BUENO,1,SECO,1,DESPEJADO,0,0,0,1,1
-8131478.0780554,-4413638.10294697,589,9041,1389506,-73.0463104,-36.8170615,95,CONCEPCION,1,46179,2021,1389506,REGION BIO BIO,8101,CONCEPCION,PAICAVI,BULNES,0,"PAICAVI & BULNES, CONCEPCION",CHILE,GEOMETRIC_CENTER,63082,2021,1389506,1,2021/10/24 00:00:00+00,1899/12/30 00:00:00+00,8,REGION BIO BIO,8101,CONCEPCION,30,COLISION,30,COLISION,1,URBANA,1,TRAMO DE VIA RECTA,14,OTRAS CAUSAS,98,OTRAS CAUSAS,0,PAICAVI,0,BULNES,BULNES - PAICAVI,0, , , , ,2,2,2,BIDIRECCIONAL,1,CONCRETO,1,BUENO,1,SECO,1,DESPEJADO,0,0,0,1,1
-8131478.0780554,-4413638.10294697,590,9042,1400333,-73.0463104,-36.8170615,95,CONCEPCION,1,50970,2021,1400333,REGION BIO BIO,8101,CONCEPCION,PAICAVI,BULNES,0,"PAICAVI & BULNES, CONCEPCION",CHILE,GEOMETRIC_CENTER,69372,2021,1400333,1,2021/11/18 00:00:00+00,1899/12/30 00:00:00+00,8,REGION BIO BIO,8101,CONCEPCION,30,COLISION,30,COLISION,1,URBANA,1,TRAMO DE VIA RECTA,14,OTRAS CAUSAS,98,OTRAS CAUSAS,0,PAICAVI,0,BULNES,BULNES - PAICAVI,0, , , , ,3,3,2,BIDIRECCIONAL,1,CONCRETO,1,BUENO,1,SECO,1,DESPEJADO,0,0,0,0,2
-8131478.0780554,-4413638.10294697,591,9043,1405831,-73.0463104,-36.8170615,95,CONCEPCION,1,57372,2021,1405831,REGION BIO BIO,8101,CONCEPCION,PAICAVI,BULNES,0,"PAICAVI & BULNES, CONCEPCION",CHILE,GEOMETRIC_CENTER,77915,2021,1405831,1,2021/12/20 00:00:00+00,1899/12/30 00:00:00+00,8,REGION BIO BIO,8101,CONCEPCION,50,CHOQUE,40,CHOQUE,1,URBANA,1,TRAMO DE VIA RECTA,13,CAUSAS NO DETERMINADAS,97,CAUSAS NO DETERMINADAS,0,PAICAVI,0,BULNES,BULNES - PAICAVI,0, , , , ,3,3,2,BIDIRECCIONAL,1,CONCRETO,1,BUENO,1,SECO,1,DESPEJADO,0,0,0,1,2
-8130411.00281251,-4413627.46537865,592,9044,1332766,-73.0367247,-36.816985,95,CONCEPCION,1,6166,2021,1332766,REGION BIO BIO,8101,CONCEPCION,LOS CARRERA,PELANTARO,0,"LOS CARRERA & PELANTARO, CONCEPCION",CHILE,GEOMETRIC_CENTER,8601,2021,1332766,1,2021/02/14 00:00:00+00,1899/12/30 00:00:00+00,8,REGION BIO BIO,8101,CONCEPCION,30,COLISION,30,COLISION,1,URBANA,26,OTROS NO CONSIDERADOS,13,CAUSAS NO DETERMINADAS,97,CAUSAS NO DETERMINADAS,0,LOS CARRERA,0,PELANTARO,LOS CARRERA - PELANTARO,0, , , , ,2,2,2,BIDIRECCIONAL,1,CONCRETO,1,BUENO,1,SECO,1,DESPEJADO,0,0,1,0,1
-8130411.00281251,-4413627.46537865,593,9045,1336059,-73.0367247,-36.816985,95,CONCEPCION,1,8688,2021,1336059,REGION BIO BIO,8101,CONCEPCION,LOS CARRERA,PELANTARO,0,"LOS CARRERA & PELANTARO, CONCEPCION",CHILE,GEOMETRIC_CENTER,12162,2021,1336059,1,2021/03/04 00:00:00+00,1899/12/30 00:00:00+00,8,REGION BIO BIO,8101,CONCEPCION,30,COLISION,30,COLISION,1,URBANA,1,TRAMO DE VIA RECTA,13,CAUSAS NO DETERMINADAS,97,CAUSAS NO DETERMINADAS,0,LOS CARRERA,0,PELANTARO,LOS CARRERA - PELANTARO,0, , , , ,3,3,2,BIDIRECCIONAL,1,CONCRETO,1,BUENO,1,SECO,1,DESPEJADO,0,0,0,0,2
-8130411.00281251,-4413627.46537865,594,9046,1371533,-73.0367247,-36.816985,95,CONCEPCION,1,32689,2021,1371533,REGION BIO BIO,8101,CONCEPCION,PELANTARO,LOS CARRERA,0,"PELANTARO & LOS CARRERA, CONCEPCION",CHILE,GEOMETRIC_CENTER,45103,2021,1371533,1,2021/08/11 00:00:00+00,1899/12/30 00:00:00+00,8,REGION BIO BIO,8101,CONCEPCION,34,COLISION PERPENDICULAR,30,COLISION,1,URBANA,11,CRUCE CON SEMAFORO FUNCIONANDO,10,DESOBEDIENCIA A SEÑALIZACION,62,SEÑALIZACION DESOBEDECER LUZ ROJA DE SEMAFORO,0,PELANTARO,0,LOS CARRERA,LOS CARRERA - PELANTARO,0, , , , ,2,0,1,UNIDIRECCIONAL,1,CONCRETO,1,BUENO,1,SECO,1,DESPEJADO,0,0,0,2,0
-8130411.00281251,-4413627.46537865,595,9047,1376726,-73.0367247,-36.816985,95,CONCEPCION,1,37057,2021,1376726,REGION BIO BIO,8101,CONCEPCION,LOS CARRERA,PELANTARO,0,"LOS CARRERA & PELANTARO, CONCEPCION",CHILE,GEOMETRIC_CENTER,50968,2021,1376726,1,2021/09/04 00:00:00+00,1899/12/30 00:00:00+00,8,REGION BIO BIO,8101,CONCEPCION,30,COLISION,30,COLISION,1,URBANA,11,CRUCE CON SEMAFORO FUNCIONANDO,1,IMPRUDENCIA DEL CONDUCTOR,27,CONDUCCION NO ATENTO CONDICIONES TRANSITO MOMENTO,0,LOS CARRERA,0,PELANTARO,LOS CARRERA - PELANTARO,0, , , , ,3,3,2,BIDIRECCIONAL,1,CONCRETO,1,BUENO,1,SECO,1,DESPEJADO,0,0,0,1,1
-8130411.00281251,-4413627.46537865,596,9048,1384882,-73.0367247,-36.816985,95,CONCEPCION,1,42086,2021,1384882,REGION BIO BIO,8101,CONCEPCION,LOS CARRERA,PELANTARO,0,"LOS CARRERA & PELANTARO, CONCEPCION",CHILE,GEOMETRIC_CENTER,57641,2021,1384882,1,2021/10/02 00:00:00+00,1899/12/30 00:00:00+00,8,REGION BIO BIO,8101,CONCEPCION,30,COLISION,30,COLISION,1,URBANA,1,TRAMO DE VIA RECTA,13,CAUSAS NO DETERMINADAS,97,CAUSAS NO DETERMINADAS,0,LOS CARRERA,0,PELANTARO,LOS CARRERA - PELANTARO,0, , , , ,3,3,2,BIDIRECCIONAL,1,CONCRETO,1,BUENO,1,SECO,1,DESPEJADO,0,0,0,0,2
-8130411.00281251,-4413627.46537865,597,9049,1406955,-73.0367247,-36.816985,95,CONCEPCION,1,58233,2021,1406955,REGION BIO BIO,8101,CONCEPCION,LOS CARRERA,PELANTARO,0,"LOS CARRERA & PELANTARO, CONCEPCION",CHILE,GEOMETRIC_CENTER,79070,2021,1406955,1,2021/12/24 00:00:00+00,1899/12/30 00:00:00+00,8,REGION BIO BIO,8101,CONCEPCION,34,COLISION PERPENDICULAR,30,COLISION,1,URBANA,11,CRUCE CON SEMAFORO FUNCIONANDO,10,DESOBEDIENCIA A SEÑALIZACION,62,SEÑALIZACION DESOBEDECER LUZ ROJA DE SEMAFORO,0,LOS CARRERA,0,PELANTARO,LOS CARRERA - PELANTARO,0, , , , ,3,3,3,BIDIRECCIONAL CON BANDEJON,1,CONCRETO,1,BUENO,1,SECO,1,DESPEJADO,0,1,0,1,0
-8132542.50389442,-4413626.64496532,598,9050,1348184,-73.0558723,-36.8169791,95,CONCEPCION,1,16672,2021,1348184,REGION BIO BIO,8101,CONCEPCION,ANIBAL PINTO,MANUEL RODRIGUEZ,0,"ANIBAL PINTO & MANUEL RODRIGUEZ, CONCEPCION",CHILE,GEOMETRIC_CENTER,23007,2021,1348184,1,2021/05/05 00:00:00+00,1899/12/30 00:00:00+00,8,REGION BIO BIO,8101,CONCEPCION,32,COLISION LATERAL,30,COLISION,1,URBANA,11,CRUCE CON SEMAFORO FUNCIONANDO,1,IMPRUDENCIA DEL CONDUCTOR,11,ADELANTAMIENTO SIN EL ESPACIO O TIEMPO SUFICIENTE,0,ANIBAL PINTO,0,MANUEL RODRIGUEZ,ANIBAL PINTO - MANUEL RODRIGUEZ,0, , , , ,1,1,2,BIDIRECCIONAL,1,CONCRETO,1,BUENO,1,SECO,1,DESPEJADO,0,0,0,0,2
-8130044.82847949,-4413617.64823353,599,9051,1353158,-73.0334353,-36.8169144,95,CONCEPCION,1,20591,2021,1353158,REGION BIO BIO,8101,CONCEPCION,MAIPU,FRESIA,0,"MAIPU & FRESIA, CONCEPCION",CHILE,GEOMETRIC_CENTER,28378,2021,1353158,1,2021/05/31 00:00:00+00,1899/12/30 00:00:00+00,8,REGION BIO BIO,8101,CONCEPCION,32,COLISION LATERAL,30,COLISION,1,URBANA,11,CRUCE CON SEMAFORO FUNCIONANDO,1,IMPRUDENCIA DEL CONDUCTOR,91,VIRAJES INDEBIDOS,0,MAIPU,0,FRESIA,FRESIA - MAIPU,0, , , , ,2,0,1,UNIDIRECCIONAL,1,CONCRETO,1,BUENO,1,SECO,2,NUBLADO,0,0,0,0,2
-8130044.82847949,-4413617.64823353,600,9052,1371362,-73.0334353,-36.8169144,95,CONCEPCION,1,32533,2021,1371362,REGION BIO BIO,8101,CONCEPCION,MAIPU,FRESIA,0,"MAIPU & FRESIA, CONCEPCION",CHILE,GEOMETRIC_CENTER,44884,2021,1371362,1,2021/08/10 00:00:00+00,1899/12/30 00:00:00+00,8,REGION BIO BIO,8101,CONCEPCION,34,COLISION PERPENDICULAR,30,COLISION,1,URBANA,11,CRUCE CON SEMAFORO FUNCIONANDO,10,DESOBEDIENCIA A SEÑALIZACION,68,SEÑALIZACION DESOBEDECER LUZ INTERMITENTE SEMAFORO,0,MAIPU,0,FRESIA,FRESIA - MAIPU,0, , , , ,2,0,1,UNIDIRECCIONAL,1,CONCRETO,1,BUENO,1,SECO,1,DESPEJADO,0,0,0,0,2
-8132350.61135619,-4413610.08375395,601,9053,1364603,-73.0541485,-36.81686,95,CONCEPCION,0,28194,2021,1364603,REGION BIO BIO,8312,TUCAPEL,MANUEL RODRIGUEZ, ,806,"MANUEL RODRIGUEZ 806, TUCAPEL",CHILE,RANGE_INTERPOLATED,38950,2021,1364603,1,2021/07/16 00:00:00+00,1899/12/30 00:00:00+00,8,REGION BIO BIO,8312,TUCAPEL,61,CHOQUE FRENTE/FRENTE,40,CHOQUE,1,URBANA,1,TRAMO DE VIA RECTA,1,IMPRUDENCIA DEL CONDUCTOR,27,CONDUCCION NO ATENTO CONDICIONES TRANSITO MOMENTO,0,MANUEL RODRIGUEZ,0, ,- MANUEL RODRIGUEZ,806, , , , ,2,0,1,UNIDIRECCIONAL,2,ASFALTO,1,BUENO,1,SECO,1,DESPEJADO,0,0,0,0,2
-8129287.72235871,-4413609.88907991,602,9054,1326327,-73.0266341,-36.8168586,95,CONCEPCION,1,2335,2021,1326327,REGION BIO BIO,8101,CONCEPCION,LAS VIOLETAS, ,74,"LAS VIOLETAS 74, CONCEPCION",CHILE,RANGE_INTERPOLATED,3201,2021,1326327,1,2021/01/16 00:00:00+00,1899/12/30 00:00:00+00,8,REGION BIO BIO,8101,CONCEPCION,50,CHOQUE,40,CHOQUE,1,URBANA,1,TRAMO DE VIA RECTA,1,IMPRUDENCIA DEL CONDUCTOR,27,CONDUCCION NO ATENTO CONDICIONES TRANSITO MOMENTO,0,LAS VIOLETAS,0, ,- LAS VIOLETAS,74, , , , ,1,1,2,BIDIRECCIONAL,1,CONCRETO,1,BUENO,1,SECO,1,DESPEJADO,0,0,0,0,2
-8128264.18416866,-4413601.7266789,603,9055,1366532,-73.0174395,-36.8167999,95,CONCEPCION,1,27374,2021,1366532,REGION BIO BIO,8101,CONCEPCION,GENERAL BONILLA, ,175,"GENERAL BONILLA 175, CONCEPCION",CHILE,RANGE_INTERPOLATED,37769,2021,1366532,1,2021/07/12 00:00:00+00,1899/12/30 00:00:00+00,8,REGION BIO BIO,8101,CONCEPCION,32,COLISION LATERAL,30,COLISION,1,URBANA,1,TRAMO DE VIA RECTA,1,IMPRUDENCIA DEL CONDUCTOR,27,CONDUCCION NO ATENTO CONDICIONES TRANSITO MOMENTO,0,GENERAL BONILLA,0, ,- GENERAL BONILLA,175, , , , ,2,0,1,UNIDIRECCIONAL,2,ASFALTO,1,BUENO,1,SECO,1,DESPEJADO,0,0,0,0,2
-8128286.91560868,-4413588.65572608,604,9056,1347091,-73.0176437,-36.8167059,95,CONCEPCION,1,16126,2021,1347091,REGION BIO BIO,8101,CONCEPCION,GENERAL BONILLA, ,1090,"GENERAL BONILLA 1090, CONCEPCION",CHILE,RANGE_INTERPOLATED,22187,2021,1347091,1,2021/05/01 00:00:00+00,1899/12/30 00:00:00+00,8,REGION BIO BIO,8101,CONCEPCION,51,CHOQUE FRONTAL,40,CHOQUE,1,URBANA,1,TRAMO DE VIA RECTA,1,IMPRUDENCIA DEL CONDUCTOR,27,CONDUCCION NO ATENTO CONDICIONES TRANSITO MOMENTO,0,GENERAL BONILLA,0, ,- GENERAL BONILLA,1090, , , , ,2,2,2,BIDIRECCIONAL,1,CONCRETO,1,BUENO,3,MOJADO,3,LLUVIA,0,0,0,1,0
-8132383.41721013,-4413583.05190761,605,9057,1332689,-73.0544432,-36.8166656,95,CONCEPCION,1,5400,2021,1332689,REGION BIO BIO,8101,CONCEPCION,MANUEL RODRIGUEZ,COLO COLO,0,"MANUEL RODRIGUEZ & COLO COLO, CONCEPCION",CHILE,GEOMETRIC_CENTER,7547,2021,1332689,1,2021/02/09 00:00:00+00,1899/12/30 00:00:00+00,8,REGION BIO BIO,8101,CONCEPCION,30,COLISION,30,COLISION,1,URBANA,1,TRAMO DE VIA RECTA,1,IMPRUDENCIA DEL CONDUCTOR,27,CONDUCCION NO ATENTO CONDICIONES TRANSITO MOMENTO,0,MANUEL RODRIGUEZ,0,COLO COLO,COLO COLO - MANUEL RODRIGUEZ,0, , , , ,2,2,2,BIDIRECCIONAL,1,CONCRETO,1,BUENO,1,SECO,1,DESPEJADO,0,1,0,0,1
-8132383.41721013,-4413583.05190761,606,9058,1391154,-73.0544432,-36.8166656,95,CONCEPCION,1,47038,2021,1391154,REGION BIO BIO,8101,CONCEPCION,MANUEL RODRIGUEZ,COLO COLO,0,"MANUEL RODRIGUEZ & COLO COLO, CONCEPCION",CHILE,GEOMETRIC_CENTER,64167,2021,1391154,1,2021/10/29 00:00:00+00,1899/12/30 00:00:00+00,8,REGION BIO BIO,8101,CONCEPCION,30,COLISION,30,COLISION,1,URBANA,15,CRUCE CON SEÑAL CEDA EL PASO,13,CAUSAS NO DETERMINADAS,97,CAUSAS NO DETERMINADAS,0,MANUEL RODRIGUEZ,0,COLO COLO,COLO COLO - MANUEL RODRIGUEZ,0, , , , ,2,2,2,BIDIRECCIONAL,1,CONCRETO,1,BUENO,1,SECO,1,DESPEJADO,0,0,0,1,1
-8132383.41721013,-4413583.05190761,607,9059,1398872,-73.0544432,-36.8166656,95,CONCEPCION,1,49694,2021,1398872,REGION BIO BIO,8101,CONCEPCION,MANUEL RODRIGUEZ,COLO COLO,0,"MANUEL RODRIGUEZ & COLO COLO, CONCEPCION",CHILE,GEOMETRIC_CENTER,67684,2021,1398872,1,2021/11/11 00:00:00+00,1899/12/30 00:00:00+00,8,REGION BIO BIO,8101,CONCEPCION,30,COLISION,30,COLISION,1,URBANA,15,CRUCE CON SEÑAL CEDA EL PASO,4,ALCOHOL EN CONDUCTOR,24,CONDUCCION EN ESTADO DE EBRIEDAD,0,MANUEL RODRIGUEZ,0,COLO COLO,COLO COLO - MANUEL RODRIGUEZ,0, , , , ,2,2,2,BIDIRECCIONAL,1,CONCRETO,1,BUENO,1,SECO,1,DESPEJADO,0,0,0,1,1
-8132383.41721013,-4413583.05190761,608,9060,1399544,-73.0544432,-36.8166656,95,CONCEPCION,1,52592,2021,1399544,REGION BIO BIO,8101,CONCEPCION,MANUEL RODRIGUEZ,COLO COLO,0,"MANUEL RODRIGUEZ & COLO COLO, CONCEPCION",CHILE,GEOMETRIC_CENTER,71486,2021,1399544,1,2021/11/26 00:00:00+00,1899/12/30 00:00:00+00,8,REGION BIO BIO,8101,CONCEPCION,32,COLISION LATERAL,30,COLISION,1,URBANA,11,CRUCE CON SEMAFORO FUNCIONANDO,1,IMPRUDENCIA DEL CONDUCTOR,11,ADELANTAMIENTO SIN EL ESPACIO O TIEMPO SUFICIENTE,0,MANUEL RODRIGUEZ,0,COLO COLO,COLO COLO - MANUEL RODRIGUEZ,0, , , , ,2,2,3,BIDIRECCIONAL CON BANDEJON,1,CONCRETO,1,BUENO,1,SECO,1,DESPEJADO,0,0,0,0,2
-8132383.41721013,-4413583.05190761,609,9061,1405988,-73.0544432,-36.8166656,95,CONCEPCION,1,56016,2021,1405988,REGION BIO BIO,8101,CONCEPCION,MANUEL RODRIGUEZ,COLO COLO,0,"MANUEL RODRIGUEZ & COLO COLO, CONCEPCION",CHILE,GEOMETRIC_CENTER,76161,2021,1405988,1,2021/12/14 00:00:00+00,1899/12/30 00:00:00+00,8,REGION BIO BIO,8101,CONCEPCION,34,COLISION PERPENDICULAR,30,COLISION,1,URBANA,15,CRUCE CON SEÑAL CEDA EL PASO,10,DESOBEDIENCIA A SEÑALIZACION,64,SEÑALIZACION DESOBEDECER SEÑAL CEDA EL PASO,0,MANUEL RODRIGUEZ,0,COLO COLO,COLO COLO - MANUEL RODRIGUEZ,0, , , , ,2,2,3,BIDIRECCIONAL CON BANDEJON,1,CONCRETO,1,BUENO,1,SECO,1,DESPEJADO,0,0,0,0,2
-8132383.41721013,-4413583.05190761,610,9062,1405801,-73.0544432,-36.8166656,95,CONCEPCION,1,57004,2021,1405801,REGION BIO BIO,8101,CONCEPCION,MANUEL RODRIGUEZ,COLO COLO,0,"MANUEL RODRIGUEZ & COLO COLO, CONCEPCION",CHILE,GEOMETRIC_CENTER,77450,2021,1405801,1,2021/12/19 00:00:00+00,1899/12/30 00:00:00+00,8,REGION BIO BIO,8101,CONCEPCION,30,COLISION,30,COLISION,1,URBANA,1,TRAMO DE VIA RECTA,14,OTRAS CAUSAS,98,OTRAS CAUSAS,0,MANUEL RODRIGUEZ,0,COLO COLO,COLO COLO - MANUEL RODRIGUEZ,0, , , , ,2,2,2,BIDIRECCIONAL,1,CONCRETO,1,BUENO,1,SECO,1,DESPEJADO,0,0,0,0,2
-8128282.71886388,-4413576.0575676,611,9064,1325874,-73.017606,-36.8166153,95,CONCEPCION,1,1024,2021,1325874,REGION BIO BIO,8101,CONCEPCION,OSCAR BONILLA,ROTONDA BONILLA,0,"OSCAR BONILLA & ROTONDA BONILLA, CONCEPCION",CHILE,GEOMETRIC_CENTER,1388,2021,1325874,1,2021/01/07 00:00:00+00,1899/12/30 00:00:00+00,8,REGION BIO BIO,8101,CONCEPCION,99,OTRO TIPO,99,OTRO TIPO,1,URBANA,1,TRAMO DE VIA RECTA,14,OTRAS CAUSAS,98,OTRAS CAUSAS,0,OSCAR BONILLA,0,ROTONDA BONILLA,OSCAR BONILLA - ROTONDA BONILLA,0, , , , ,2,2,2,BIDIRECCIONAL,1,CONCRETO,1,BUENO,1,SECO,1,DESPEJADO,0,0,0,1,0
-8129125.76363155,-4413575.01467436,612,9065,1342254,-73.0251792,-36.8166078,95,CONCEPCION,1,13011,2021,1342254,REGION BIO BIO,8101,CONCEPCION,COLLAO,BERNARDINO CORRAL,0,"COLLAO & BERNARDINO CORRAL, CONCEPCION",CHILE,GEOMETRIC_CENTER,17966,2021,1342254,1,2021/04/06 00:00:00+00,1899/12/30 00:00:00+00,8,REGION BIO BIO,8101,CONCEPCION,53,CHOQUE POSTERIOR,40,CHOQUE,1,URBANA,26,OTROS NO CONSIDERADOS,1,IMPRUDENCIA DEL CONDUCTOR,28,CONDUCCION SIN MANTENER DISTANCIA RAZONABLE NI PRUDENTE,0,COLLAO,0,BERNARDINO CORRAL,BERNARDINO CORRAL - COLLAO,0, , , , ,1,1,2,BIDIRECCIONAL,1,CONCRETO,1,BUENO,1,SECO,2,NUBLADO,0,0,0,0,2