X,Y,FID,FID_1,LABELID,POINT_X,POINT_Y,FID_2,COMUNAREAL,VAL_COM,OBJECTID,A_O,IDACCIDENT,REGION,COD_COMUN,COMUNA,CALLE_UNO,CALLE_DOS,NUMERO,DIR_GEOCOD,PAIS,TIPO,OBJECTID_1,Año,Idaccide_1,Claseaccid,Fecha,Hora,Cód_Regi,Región,Cód_Comun,Comuna_1,Cód_Tipo_,Tipo_Accid,Cód_Tipo1,Tipo__CONA,Cód_Zona,Zona,Cód_Ubica,Ubicación,Cód_Causa,Causa__CON,Cód_Cau_1,Causa,Cód_Calle,Calle_Un_1,Cód_Cal_1,Calle_Do_1,Intersecci,Número,Ruta,Cód_Ruta,Ubicaci_1,Km_Vía_Fe,Pistas_de_,Pistas_de1,Cód_Calza,Calzada,Cód__Tipo,Tipo_Calza,Cód_Estad,Estado_Cal,Cód_Condi,Condición,Cód_Est_1,Estado_Atm,Fallecidos,Graves,Menos_Grav,Leves,Ilesos
-8131680.34557017,-4413571.38540666,613,9066,1387412,-73.0481274,-36.8165817,95,CONCEPCION,1,44260,2021,1387412,REGION BIO BIO,8101,CONCEPCION,CRUZ,ONGOLMO,0,"CRUZ & ONGOLMO, CONCEPCION",CHILE,GEOMETRIC_CENTER,60513,2021,1387412,1,2021/10/13 00:00:00+00,1899/12/30 00:00:00+00,8,REGION BIO BIO,8101,CONCEPCION,30,COLISION,30,COLISION,1,URBANA,1,TRAMO DE VIA RECTA,13,CAUSAS NO DETERMINADAS,97,CAUSAS NO DETERMINADAS,0,CRUZ,0,ONGOLMO,CRUZ - ONGOLMO,0, , , , ,2,2,2,BIDIRECCIONAL,1,CONCRETO,1,BUENO,1,SECO,1,DESPEJADO,0,0,0,0,2
-8131332.51668924,-4413565.30881946,614,9067,1406108,-73.0450028,-36.816538,95,CONCEPCION,1,57737,2021,1406108,REGION BIO BIO,8101,CONCEPCION,BULNES,JANEQUEO,0,"BULNES & JANEQUEO, CONCEPCION",CHILE,GEOMETRIC_CENTER,78391,2021,1406108,1,2021/12/22 00:00:00+00,1899/12/30 00:00:00+00,8,REGION BIO BIO,8101,CONCEPCION,10,ATROPELLO,10,ATROPELLO,1,URBANA,11,CRUCE CON SEMAFORO FUNCIONANDO,13,CAUSAS NO DETERMINADAS,97,CAUSAS NO DETERMINADAS,0,BULNES,0,JANEQUEO,BULNES - JANEQUEO,0, , , , ,2,2,2,BIDIRECCIONAL,1,CONCRETO,1,BUENO,1,SECO,1,DESPEJADO,0,0,0,1,1
-8130623.97926229,-4413560.67837891,615,9068,1377925,-73.0386379,-36.8165047,95,CONCEPCION,1,37346,2021,1377925,REGION BIO BIO,8101,CONCEPCION,LIENTUR,LAS HERAS,0,"LIENTUR & LAS HERAS, CONCEPCION",CHILE,GEOMETRIC_CENTER,51353,2021,1377925,1,2021/09/06 00:00:00+00,1899/12/30 00:00:00+00,8,REGION BIO BIO,8101,CONCEPCION,33,COLISION POR ALCANCE,30,COLISION,1,URBANA,11,CRUCE CON SEMAFORO FUNCIONANDO,1,IMPRUDENCIA DEL CONDUCTOR,28,CONDUCCION SIN MANTENER DISTANCIA RAZONABLE NI PRUDENTE,0,LIENTUR,0,LAS HERAS,LAS HERAS - LIENTUR,0, , , , ,3,0,1,UNIDIRECCIONAL,1,CONCRETO,1,BUENO,1,SECO,2,NUBLADO,0,0,0,1,1
-8130389.32890765,-4413558.63431119,616,9069,1393338,-73.03653,-36.81649,95,CONCEPCION,1,47883,2021,1393338,REGION BIO BIO,8101,CONCEPCION,LOS CARRERA, ,1931,"LOS CARRERA 1931, CONCEPCION",CHILE,RANGE_INTERPOLATED,65324,2021,1393338,1,2021/11/02 00:00:00+00,1899/12/30 00:00:00+00,8,REGION BIO BIO,8101,CONCEPCION,30,COLISION,30,COLISION,1,URBANA,1,TRAMO DE VIA RECTA,13,CAUSAS NO DETERMINADAS,97,CAUSAS NO DETERMINADAS,0,LOS CARRERA,0, ,- LOS CARRERA,1931, , , , ,3,3,2,BIDIRECCIONAL,1,CONCRETO,1,BUENO,1,SECO,1,DESPEJADO,0,0,0,0,2
-8130272.91098418,-4413557.56360922,617,9070,1386611,-73.0354842,-36.8164823,95,CONCEPCION,1,43345,2021,1386611,REGION BIO BIO,8101,CONCEPCION,LOS CARRERA,VILUMILLA,0,"LOS CARRERA & VILUMILLA, CONCEPCION",CHILE,GEOMETRIC_CENTER,59276,2021,1386611,1,2021/10/08 00:00:00+00,1899/12/30 00:00:00+00,8,REGION BIO BIO,8101,CONCEPCION,34,COLISION PERPENDICULAR,30,COLISION,1,URBANA,11,CRUCE CON SEMAFORO FUNCIONANDO,10,DESOBEDIENCIA A SEÑALIZACION,62,SEÑALIZACION DESOBEDECER LUZ ROJA DE SEMAFORO,0,LOS CARRERA,0,VILUMILLA,LOS CARRERA - VILUMILLA,0, , , , ,3,3,3,BIDIRECCIONAL CON BANDEJON,1,CONCRETO,1,BUENO,1,SECO,1,DESPEJADO,0,0,0,1,1
-8130272.91098418,-4413557.56360922,618,9071,1404930,-73.0354842,-36.8164823,95,CONCEPCION,1,54905,2021,1404930,REGION BIO BIO,8101,CONCEPCION,LOS CARRERA,VILUMILLA,0,"LOS CARRERA & VILUMILLA, CONCEPCION",CHILE,GEOMETRIC_CENTER,74604,2021,1404930,1,2021/12/08 00:00:00+00,1899/12/30 00:00:00+00,8,REGION BIO BIO,8101,CONCEPCION,63,CHOQUE FRENTE/POSTERIOR,40,CHOQUE,1,URBANA,1,TRAMO DE VIA RECTA,10,DESOBEDIENCIA A SEÑALIZACION,62,SEÑALIZACION DESOBEDECER LUZ ROJA DE SEMAFORO,0,LOS CARRERA,0,VILUMILLA,LOS CARRERA - VILUMILLA,0, , , , ,3,3,3,BIDIRECCIONAL CON BANDEJON,1,CONCRETO,1,BUENO,1,SECO,1,DESPEJADO,0,0,0,1,1
-8130272.91098418,-4413557.56360922,619,9072,1405770,-73.0354842,-36.8164823,95,CONCEPCION,1,57197,2021,1405770,REGION BIO BIO,8101,CONCEPCION,LOS CARRERA,VILUMILLA,0,"LOS CARRERA & VILUMILLA, CONCEPCION",CHILE,GEOMETRIC_CENTER,77692,2021,1405770,1,2021/12/19 00:00:00+00,1899/12/30 00:00:00+00,8,REGION BIO BIO,8101,CONCEPCION,50,CHOQUE,40,CHOQUE,1,URBANA,11,CRUCE CON SEMAFORO FUNCIONANDO,13,CAUSAS NO DETERMINADAS,97,CAUSAS NO DETERMINADAS,0,LOS CARRERA,0,VILUMILLA,LOS CARRERA - VILUMILLA,0, , , , ,3,3,2,BIDIRECCIONAL,1,CONCRETO,1,BUENO,1,SECO,1,DESPEJADO,0,0,0,0,3
-8130272.91098418,-4413557.56360922,620,9073,1408735,-73.0354842,-36.8164823,95,CONCEPCION,1,58731,2021,1408735,REGION BIO BIO,8101,CONCEPCION,VILUMILLA,LOS CARRERA,0,"VILUMILLA & LOS CARRERA, CONCEPCION",CHILE,GEOMETRIC_CENTER,79817,2021,1408735,1,2021/12/27 00:00:00+00,1899/12/30 00:00:00+00,8,REGION BIO BIO,8101,CONCEPCION,34,COLISION PERPENDICULAR,30,COLISION,1,URBANA,11,CRUCE CON SEMAFORO FUNCIONANDO,10,DESOBEDIENCIA A SEÑALIZACION,62,SEÑALIZACION DESOBEDECER LUZ ROJA DE SEMAFORO,0,VILUMILLA,0,LOS CARRERA,LOS CARRERA - VILUMILLA,0, , , , ,2,0,1,UNIDIRECCIONAL,1,CONCRETO,1,BUENO,1,SECO,1,DESPEJADO,0,0,0,1,1
-8129933.54238454,-4413554.30978828,621,9074,1406038,-73.0324356,-36.8164589,95,CONCEPCION,1,56959,2021,1406038,REGION BIO BIO,8101,CONCEPCION,MAIPU,JUAN BOSCO,0,"MAIPU & JUAN BOSCO, CONCEPCION",CHILE,GEOMETRIC_CENTER,77383,2021,1406038,1,2021/12/18 00:00:00+00,1899/12/30 00:00:00+00,8,REGION BIO BIO,8101,CONCEPCION,32,COLISION LATERAL,30,COLISION,1,URBANA,11,CRUCE CON SEMAFORO FUNCIONANDO,1,IMPRUDENCIA DEL CONDUCTOR,27,CONDUCCION NO ATENTO CONDICIONES TRANSITO MOMENTO,0,MAIPU,0,JUAN BOSCO,JUAN BOSCO - MAIPU,0, , , , ,3,0,1,UNIDIRECCIONAL,1,CONCRETO,1,BUENO,1,SECO,1,DESPEJADO,0,0,0,0,2
-8129278.95038283,-4413546.62020687,622,9075,1403297,-73.0265553,-36.8164036,95,CONCEPCION,1,55327,2021,1403297,REGION BIO BIO,8101,CONCEPCION,COLLAO, ,256,"COLLAO 256, CONCEPCION",CHILE,RANGE_INTERPOLATED,75172,2021,1403297,1,2021/12/10 00:00:00+00,1899/12/30 00:00:00+00,8,REGION BIO BIO,8101,CONCEPCION,67,CHOQUE POSTERIOR/FRENTE,40,CHOQUE,1,URBANA,1,TRAMO DE VIA RECTA,13,CAUSAS NO DETERMINADAS,97,CAUSAS NO DETERMINADAS,0,COLLAO,0, ,- COLLAO,256, , , , ,2,0,1,UNIDIRECCIONAL,2,ASFALTO,1,BUENO,1,SECO,1,DESPEJADO,0,0,0,0,1
-8130075.79756183,-4413538.74986347,623,9076,1379444,-73.0337135,-36.816347,95,CONCEPCION,1,38660,2021,1379444,REGION BIO BIO,8101,CONCEPCION,FRESIA, ,764,"FRESIA 764, CONCEPCION",CHILE,RANGE_INTERPOLATED,53120,2021,1379444,1,2021/09/13 00:00:00+00,1899/12/30 00:00:00+00,8,REGION BIO BIO,8101,CONCEPCION,32,COLISION LATERAL,30,COLISION,1,URBANA,26,OTROS NO CONSIDERADOS,1,IMPRUDENCIA DEL CONDUCTOR,27,CONDUCCION NO ATENTO CONDICIONES TRANSITO MOMENTO,0,FRESIA,0, ,- FRESIA,764, , , , ,1,1,2,BIDIRECCIONAL,1,CONCRETO,1,BUENO,1,SECO,1,DESPEJADO,0,0,0,0,2
-8132950.63454351,-4413529.41948157,624,9077,1390977,-73.0595386,-36.8162799,95,CONCEPCION,1,46645,2021,1390977,REGION BIO BIO,8101,CONCEPCION,ARGENTINA,RENGO,0,"ARGENTINA & RENGO, CONCEPCION",CHILE,GEOMETRIC_CENTER,63674,2021,1390977,1,2021/10/27 00:00:00+00,1899/12/30 00:00:00+00,8,REGION BIO BIO,8101,CONCEPCION,30,COLISION,30,COLISION,1,URBANA,1,TRAMO DE VIA RECTA,13,CAUSAS NO DETERMINADAS,97,CAUSAS NO DETERMINADAS,0,ARGENTINA,0,RENGO,ARGENTINA - RENGO,0, , , , ,2,2,2,BIDIRECCIONAL,1,CONCRETO,1,BUENO,1,SECO,1,DESPEJADO,0,0,0,0,2
-8129338.47291456,-4413518.30924613,625,9078,1383606,-73.02709,-36.8162,95,CONCEPCION,1,41598,2021,1383606,REGION BIO BIO,8101,CONCEPCION,COLLAO, ,280,"COLLAO 280, CONCEPCION",CHILE,RANGE_INTERPOLATED,57004,2021,1383606,1,2021/09/30 00:00:00+00,1899/12/30 00:00:00+00,8,REGION BIO BIO,8101,CONCEPCION,32,COLISION LATERAL,30,COLISION,1,URBANA,1,TRAMO DE VIA RECTA,1,IMPRUDENCIA DEL CONDUCTOR,29,CONDUCCION CAMBIAR SORPRESIVAMENTE PISTA CIRCULACION,0,COLLAO,0, ,- COLLAO,280, , , , ,3,0,1,UNIDIRECCIONAL,1,CONCRETO,1,BUENO,2,HUMEDO,2,NUBLADO,0,0,0,0,2
-8129338.47291456,-4413518.30924613,626,9079,1383777,-73.02709,-36.8162,95,CONCEPCION,1,41599,2021,1383777,REGION BIO BIO,8101,CONCEPCION,COLLAO, ,280,"COLLAO 280, CONCEPCION",CHILE,RANGE_INTERPOLATED,57005,2021,1383777,1,2021/09/30 00:00:00+00,1899/12/30 00:00:00+00,8,REGION BIO BIO,8101,CONCEPCION,32,COLISION LATERAL,30,COLISION,1,URBANA,1,TRAMO DE VIA RECTA,1,IMPRUDENCIA DEL CONDUCTOR,29,CONDUCCION CAMBIAR SORPRESIVAMENTE PISTA CIRCULACION,0,COLLAO,0, ,- COLLAO,280, , , , ,3,0,1,UNIDIRECCIONAL,1,CONCRETO,1,BUENO,1,SECO,2,NUBLADO,0,0,0,0,2
-8128404.51351876,-4413506.07270488,627,9080,1363000,-73.0187001,-36.816112,95,CONCEPCION,1,27236,2021,1363000,REGION BIO BIO,8101,CONCEPCION,GENERAL BONILLA, ,700,"GENERAL BONILLA 700, CONCEPCION",CHILE,RANGE_INTERPOLATED,37546,2021,1363000,1,2021/07/11 00:00:00+00,1899/12/30 00:00:00+00,8,REGION BIO BIO,8101,CONCEPCION,50,CHOQUE,40,CHOQUE,1,URBANA,1,TRAMO DE VIA RECTA,4,ALCOHOL EN CONDUCTOR,24,CONDUCCION EN ESTADO DE EBRIEDAD,0,GENERAL BONILLA,0, ,- GENERAL BONILLA,700, , , , ,2,2,2,BIDIRECCIONAL,1,CONCRETO,1,BUENO,1,SECO,2,NUBLADO,0,0,0,0,1
-8131894.93615258,-4413505.90584305,628,9081,1340234,-73.0500551,-36.8161108,95,CONCEPCION,1,12070,2021,1340234,REGION BIO BIO,8101,CONCEPCION,OROMPELLO,PRIETO,0,"OROMPELLO & PRIETO, CONCEPCION",CHILE,GEOMETRIC_CENTER,16698,2021,1340234,1,2021/03/28 00:00:00+00,1899/12/30 00:00:00+00,8,REGION BIO BIO,8101,CONCEPCION,30,COLISION,30,COLISION,1,URBANA,1,TRAMO DE VIA RECTA,13,CAUSAS NO DETERMINADAS,97,CAUSAS NO DETERMINADAS,0,OROMPELLO,0,PRIETO,OROMPELLO - PRIETO,0, , , , ,2,0,1,UNIDIRECCIONAL,1,CONCRETO,1,BUENO,1,SECO,1,DESPEJADO,0,1,0,0,1
-8132052.04134993,-4413492.83500791,629,9083,1360428,-73.0514664,-36.8160168,95,CONCEPCION,1,25609,2021,1360428,REGION BIO BIO,8101,CONCEPCION,MANUEL RODRIGUEZ,PASO NIVEL PADRE HURTADO,0,"MANUEL RODRIGUEZ & PASO NIVEL PADRE HURTADO, CONCEPCION",CHILE,GEOMETRIC_CENTER,35358,2021,1360428,1,2021/07/02 00:00:00+00,1899/12/30 00:00:00+00,8,REGION BIO BIO,8101,CONCEPCION,50,CHOQUE,40,CHOQUE,1,URBANA,1,TRAMO DE VIA RECTA,4,ALCOHOL EN CONDUCTOR,24,CONDUCCION EN ESTADO DE EBRIEDAD,0,MANUEL RODRIGUEZ,0,PASO NIVEL PADRE HURTADO,MANUEL RODRIGUEZ - PASO NIVEL PADRE HURTADO,0, , , , ,2,2,2,BIDIRECCIONAL,1,CONCRETO,1,BUENO,1,SECO,1,DESPEJADO,0,0,0,0,1
-8130877.99920833,-4413490.79095323,630,9084,1403725,-73.0409198,-36.8160021,95,CONCEPCION,1,54577,2021,1403725,REGION BIO BIO,8101,CONCEPCION,ROZAS, ,1691,"ROZAS 1691, CONCEPCION",CHILE,RANGE_INTERPOLATED,74177,2021,1403725,1,2021/12/06 00:00:00+00,1899/12/30 00:00:00+00,8,REGION BIO BIO,8101,CONCEPCION,50,CHOQUE,40,CHOQUE,1,URBANA,1,TRAMO DE VIA RECTA,1,IMPRUDENCIA DEL CONDUCTOR,27,CONDUCCION NO ATENTO CONDICIONES TRANSITO MOMENTO,0,ROZAS,0, ,- ROZAS,1691, , , , ,2,2,2,BIDIRECCIONAL,1,CONCRETO,1,BUENO,1,SECO,1,DESPEJADO,0,0,0,0,2
-8130877.99920833,-4413490.79095323,631,9085,1404333,-73.0409198,-36.8160021,95,CONCEPCION,1,54578,2021,1404333,REGION BIO BIO,8101,CONCEPCION,ROZAS, ,1691,"ROZAS 1691, CONCEPCION",CHILE,RANGE_INTERPOLATED,74178,2021,1404333,1,2021/12/06 00:00:00+00,1899/12/30 00:00:00+00,8,REGION BIO BIO,8101,CONCEPCION,50,CHOQUE,40,CHOQUE,1,URBANA,4,ACERA O BERMA,1,IMPRUDENCIA DEL CONDUCTOR,28,CONDUCCION SIN MANTENER DISTANCIA RAZONABLE NI PRUDENTE,0,ROZAS,0, ,- ROZAS,1691, , , , ,2,0,1,UNIDIRECCIONAL,1,CONCRETO,1,BUENO,1,SECO,1,DESPEJADO,0,0,0,0,2
-8129604.77140044,-4413479.75028371,632,9086,1399423,-73.0294822,-36.8159227,95,CONCEPCION,1,51825,2021,1399423,REGION BIO BIO,8101,CONCEPCION,CHACABUCO,GENERAL NOVOA,0,"CHACABUCO & GENERAL NOVOA, CONCEPCION",CHILE,GEOMETRIC_CENTER,70486,2021,1399423,1,2021/11/22 00:00:00+00,1899/12/30 00:00:00+00,8,REGION BIO BIO,8101,CONCEPCION,34,COLISION PERPENDICULAR,30,COLISION,1,URBANA,15,CRUCE CON SEÑAL CEDA EL PASO,10,DESOBEDIENCIA A SEÑALIZACION,64,SEÑALIZACION DESOBEDECER SEÑAL CEDA EL PASO,0,CHACABUCO,0,GENERAL NOVOA,CHACABUCO - GENERAL NOVOA,0, , , , ,2,0,1,UNIDIRECCIONAL,1,CONCRETO,1,BUENO,1,SECO,1,DESPEJADO,0,0,0,0,2
-8132256.91374079,-4413478.42929757,633,9087,1337282,-73.0533068,-36.8159132,95,CONCEPCION,1,9847,2021,1337282,REGION BIO BIO,8101,CONCEPCION,CASTELLON, ,1398,"CASTELLON 1398, CONCEPCION",CHILE,RANGE_INTERPOLATED,13710,2021,1337282,1,2021/03/11 00:00:00+00,1899/12/30 00:00:00+00,8,REGION BIO BIO,8101,CONCEPCION,50,CHOQUE,40,CHOQUE,1,URBANA,1,TRAMO DE VIA RECTA,13,CAUSAS NO DETERMINADAS,97,CAUSAS NO DETERMINADAS,0,CASTELLON,0, ,- CASTELLON,1398, , , , ,2,0,1,UNIDIRECCIONAL,1,CONCRETO,1,BUENO,1,SECO,1,DESPEJADO,0,0,0,1,1
-8130139.98438022,-4413471.72703357,634,9088,1324981,-73.0342901,-36.815865,95,CONCEPCION,1,782,2021,1324981,REGION BIO BIO,8101,CONCEPCION,FRESIA,LOS CARRERA,0,"FRESIA & LOS CARRERA, CONCEPCION",CHILE,GEOMETRIC_CENTER,1083,2021,1324981,1,2021/01/06 00:00:00+00,1899/12/30 00:00:00+00,8,REGION BIO BIO,8101,CONCEPCION,32,COLISION LATERAL,30,COLISION,1,URBANA,1,TRAMO DE VIA RECTA,1,IMPRUDENCIA DEL CONDUCTOR,12,ADELANTAMIENTO SIN EFECTUAR LA SEÑAL RESPECTIVA,0,FRESIA,0,LOS CARRERA,FRESIA - LOS CARRERA,0, , , , ,2,0,1,UNIDIRECCIONAL,1,CONCRETO,1,BUENO,1,SECO,1,DESPEJADO,0,0,0,0,2
-8130139.98438022,-4413471.72703357,635,9089,1342227,-73.0342901,-36.815865,95,CONCEPCION,1,12542,2021,1342227,REGION BIO BIO,8101,CONCEPCION,FRESIA,LOS CARRERA,0,"FRESIA & LOS CARRERA, CONCEPCION",CHILE,GEOMETRIC_CENTER,17333,2021,1342227,1,2021/04/01 00:00:00+00,1899/12/30 00:00:00+00,8,REGION BIO BIO,8101,CONCEPCION,34,COLISION PERPENDICULAR,30,COLISION,1,URBANA,11,CRUCE CON SEMAFORO FUNCIONANDO,10,DESOBEDIENCIA A SEÑALIZACION,62,SEÑALIZACION DESOBEDECER LUZ ROJA DE SEMAFORO,0,FRESIA,0,LOS CARRERA,FRESIA - LOS CARRERA,0, , , , ,3,3,3,BIDIRECCIONAL CON BANDEJON,1,CONCRETO,1,BUENO,1,SECO,1,DESPEJADO,0,1,0,0,1
-8130139.98438022,-4413471.72703357,636,9090,1351047,-73.0342901,-36.815865,95,CONCEPCION,1,19621,2021,1351047,REGION BIO BIO,8101,CONCEPCION,LOS CARRERA,FRESIA,0,"LOS CARRERA & FRESIA, CONCEPCION",CHILE,GEOMETRIC_CENTER,27009,2021,1351047,1,2021/05/24 00:00:00+00,1899/12/30 00:00:00+00,8,REGION BIO BIO,8101,CONCEPCION,30,COLISION,30,COLISION,1,URBANA,11,CRUCE CON SEMAFORO FUNCIONANDO,1,IMPRUDENCIA DEL CONDUCTOR,15,"ADELANTAMIENTO EN CRUCE, CURVA, CUESTA, PUENTE",0,LOS CARRERA,0,FRESIA,FRESIA - LOS CARRERA,0, , , , ,2,2,3,BIDIRECCIONAL CON BANDEJON,1,CONCRETO,1,BUENO,1,SECO,1,DESPEJADO,0,0,0,0,2
-8130139.98438022,-4413471.72703357,637,9091,1355058,-73.0342901,-36.815865,95,CONCEPCION,1,21621,2021,1355058,REGION BIO BIO,8101,CONCEPCION,LOS CARRERA,FRESIA,0,"LOS CARRERA & FRESIA, CONCEPCION",CHILE,GEOMETRIC_CENTER,29802,2021,1355058,1,2021/06/06 00:00:00+00,1899/12/30 00:00:00+00,8,REGION BIO BIO,8101,CONCEPCION,53,CHOQUE POSTERIOR,40,CHOQUE,1,URBANA,11,CRUCE CON SEMAFORO FUNCIONANDO,1,IMPRUDENCIA DEL CONDUCTOR,28,CONDUCCION SIN MANTENER DISTANCIA RAZONABLE NI PRUDENTE,0,LOS CARRERA,0,FRESIA,FRESIA - LOS CARRERA,0, , , , ,3,3,3,BIDIRECCIONAL CON BANDEJON,1,CONCRETO,1,BUENO,1,SECO,1,DESPEJADO,0,0,0,0,2
-8130139.98438022,-4413471.72703357,638,9092,1378742,-73.0342901,-36.815865,95,CONCEPCION,1,37798,2021,1378742,REGION BIO BIO,8101,CONCEPCION,LOS CARRERA,FRESIA,0,"LOS CARRERA & FRESIA, CONCEPCION",CHILE,GEOMETRIC_CENTER,51941,2021,1378742,1,2021/09/09 00:00:00+00,1899/12/30 00:00:00+00,8,REGION BIO BIO,8101,CONCEPCION,53,CHOQUE POSTERIOR,40,CHOQUE,1,URBANA,11,CRUCE CON SEMAFORO FUNCIONANDO,4,ALCOHOL EN CONDUCTOR,24,CONDUCCION EN ESTADO DE EBRIEDAD,0,LOS CARRERA,0,FRESIA,FRESIA - LOS CARRERA,0, , , , ,3,3,3,BIDIRECCIONAL CON BANDEJON,1,CONCRETO,1,BUENO,1,SECO,1,DESPEJADO,0,0,0,0,2
-8130139.98438022,-4413471.72703357,639,9093,1385516,-73.0342901,-36.815865,95,CONCEPCION,1,42254,2021,1385516,REGION BIO BIO,8101,CONCEPCION,LOS CARRERA,FRESIA,0,"LOS CARRERA & FRESIA, CONCEPCION",CHILE,GEOMETRIC_CENTER,57873,2021,1385516,1,2021/10/03 00:00:00+00,1899/12/30 00:00:00+00,8,REGION BIO BIO,8101,CONCEPCION,10,ATROPELLO,10,ATROPELLO,1,URBANA,11,CRUCE CON SEMAFORO FUNCIONANDO,2,IMPRUDENCIA DEL PEATON,53,IMPRUDENCIA DEL PEATON,0,LOS CARRERA,0,FRESIA,FRESIA - LOS CARRERA,0, , , , ,3,3,3,BIDIRECCIONAL CON BANDEJON,1,CONCRETO,1,BUENO,1,SECO,1,DESPEJADO,0,1,0,0,1
-8130139.98438022,-4413471.72703357,640,9094,1390966,-73.0342901,-36.815865,95,CONCEPCION,1,46636,2021,1390966,REGION BIO BIO,8101,CONCEPCION,LOS CARRERA,FRESIA,0,"LOS CARRERA & FRESIA, CONCEPCION",CHILE,GEOMETRIC_CENTER,63662,2021,1390966,1,2021/10/26 00:00:00+00,1899/12/30 00:00:00+00,8,REGION BIO BIO,8101,CONCEPCION,30,COLISION,30,COLISION,1,URBANA,1,TRAMO DE VIA RECTA,13,CAUSAS NO DETERMINADAS,97,CAUSAS NO DETERMINADAS,0,LOS CARRERA,0,FRESIA,FRESIA - LOS CARRERA,0, , , , ,3,3,2,BIDIRECCIONAL,1,CONCRETO,1,BUENO,1,SECO,1,DESPEJADO,0,0,0,1,1
-8130139.98438022,-4413471.72703357,641,9095,1402727,-73.0342901,-36.815865,95,CONCEPCION,1,53124,2021,1402727,REGION BIO BIO,8101,CONCEPCION,LOS CARRERA,FRESIA,0,"LOS CARRERA & FRESIA, CONCEPCION",CHILE,GEOMETRIC_CENTER,72234,2021,1402727,1,2021/11/29 00:00:00+00,1899/12/30 00:00:00+00,8,REGION BIO BIO,8101,CONCEPCION,30,COLISION,30,COLISION,1,URBANA,11,CRUCE CON SEMAFORO FUNCIONANDO,13,CAUSAS NO DETERMINADAS,97,CAUSAS NO DETERMINADAS,0,LOS CARRERA,0,FRESIA,FRESIA - LOS CARRERA,0, , , , ,2,2,2,BIDIRECCIONAL,1,CONCRETO,1,BUENO,1,SECO,1,DESPEJADO,0,1,1,0,2
-8130139.98438022,-4413471.72703357,642,9096,1401775,-73.0342901,-36.815865,95,CONCEPCION,1,53557,2021,1401775,REGION BIO BIO,8101,CONCEPCION,LOS CARRERA,FRESIA,0,"LOS CARRERA & FRESIA, CONCEPCION",CHILE,GEOMETRIC_CENTER,72792,2021,1401775,1,2021/12/01 00:00:00+00,1899/12/30 00:00:00+00,8,REGION BIO BIO,8101,CONCEPCION,33,COLISION POR ALCANCE,30,COLISION,1,URBANA,11,CRUCE CON SEMAFORO FUNCIONANDO,14,OTRAS CAUSAS,98,OTRAS CAUSAS,0,LOS CARRERA,0,FRESIA,FRESIA - LOS CARRERA,0, , , , ,3,3,3,BIDIRECCIONAL CON BANDEJON,1,CONCRETO,1,BUENO,1,SECO,1,DESPEJADO,0,0,0,0,2
-8130139.98438022,-4413471.72703357,643,9097,1405054,-73.0342901,-36.815865,95,CONCEPCION,1,55308,2021,1405054,REGION BIO BIO,8101,CONCEPCION,LOS CARRERA,FRESIA,0,"LOS CARRERA & FRESIA, CONCEPCION",CHILE,GEOMETRIC_CENTER,75148,2021,1405054,1,2021/12/10 00:00:00+00,1899/12/30 00:00:00+00,8,REGION BIO BIO,8101,CONCEPCION,33,COLISION POR ALCANCE,30,COLISION,1,URBANA,11,CRUCE CON SEMAFORO FUNCIONANDO,1,IMPRUDENCIA DEL CONDUCTOR,28,CONDUCCION SIN MANTENER DISTANCIA RAZONABLE NI PRUDENTE,0,LOS CARRERA,0,FRESIA,FRESIA - LOS CARRERA,0, , , , ,3,3,3,BIDIRECCIONAL CON BANDEJON,1,CONCRETO,1,BUENO,1,SECO,1,DESPEJADO,0,0,0,0,2
-8132083.84532845,-4413463.25882638,644,9098,1323575,-73.0517521,-36.8158041,95,CONCEPCION,1,195,2021,1323575,REGION BIO BIO,8101,CONCEPCION,VICU??ªA MACKENA,MANUEL RODRIGUEZ,0,"VICU??ªA MACKENA & MANUEL RODRIGUEZ, CONCEPCION",CHILE,GEOMETRIC_CENTER,301,2021,1323575,1,2021/01/02 00:00:00+00,1899/12/30 00:00:00+00,8,REGION BIO BIO,8101,CONCEPCION,52,CHOQUE LATERAL,40,CHOQUE,1,URBANA,11,CRUCE CON SEMAFORO FUNCIONANDO,1,IMPRUDENCIA DEL CONDUCTOR,27,CONDUCCION NO ATENTO CONDICIONES TRANSITO MOMENTO,0,VICUÑA MACKENA,0,MANUEL RODRIGUEZ,MANUEL RODRIGUEZ - VICUÑA MACKENA,0, , , , ,2,0,1,UNIDIRECCIONAL,1,CONCRETO,1,BUENO,1,SECO,1,DESPEJADO,0,0,0,0,2