X,Y,FID,FID_1,LABELID,POINT_X,POINT_Y,FID_2,COMUNAREAL,VAL_COM,OBJECTID,A_O,IDACCIDENT,REGION,COD_COMUN,COMUNA,CALLE_UNO,CALLE_DOS,NUMERO,DIR_GEOCOD,PAIS,TIPO,OBJECTID_1,Año,Idaccide_1,Claseaccid,Fecha,Hora,Cód_Regi,Región,Cód_Comun,Comuna_1,Cód_Tipo_,Tipo_Accid,Cód_Tipo1,Tipo__CONA,Cód_Zona,Zona,Cód_Ubica,Ubicación,Cód_Causa,Causa__CON,Cód_Cau_1,Causa,Cód_Calle,Calle_Un_1,Cód_Cal_1,Calle_Do_1,Intersecci,Número,Ruta,Cód_Ruta,Ubicaci_1,Km_Vía_Fe,Pistas_de_,Pistas_de1,Cód_Calza,Calzada,Cód__Tipo,Tipo_Calza,Cód_Estad,Estado_Cal,Cód_Condi,Condición,Cód_Est_1,Estado_Atm,Fallecidos,Graves,Menos_Grav,Leves,Ilesos
-8133818.88204391,-4413454.51252422,645,9099,1325131,-73.0673382,-36.8157412,95,CONCEPCION,1,1469,2021,1325131,REGION BIO BIO,8101,CONCEPCION,21 DE MAYO,ARGOMEDO,0,"21 DE MAYO & ARGOMEDO, CONCEPCION",CHILE,GEOMETRIC_CENTER,2032,2021,1325131,1,2021/01/11 00:00:00+00,1899/12/30 00:00:00+00,8,REGION BIO BIO,8101,CONCEPCION,33,COLISION POR ALCANCE,30,COLISION,1,URBANA,1,TRAMO DE VIA RECTA,1,IMPRUDENCIA DEL CONDUCTOR,28,CONDUCCION SIN MANTENER DISTANCIA RAZONABLE NI PRUDENTE,0,21 DE MAYO,0,ARGOMEDO,21 DE MAYO - ARGOMEDO,0, , , , ,2,2,3,BIDIRECCIONAL CON BANDEJON,1,CONCRETO,1,BUENO,1,SECO,1,DESPEJADO,0,0,0,1,1
-8133818.88204391,-4413454.51252422,646,9100,1332730,-73.0673382,-36.8157412,95,CONCEPCION,0,6054,2021,1332730,REGION BIO BIO,8103,CHIGUAYANTE,21 DE MAYO,ARGOMEDO,0,"21 DE MAYO & ARGOMEDO, CHIGUAYANTE",CHILE,GEOMETRIC_CENTER,8441,2021,1332730,1,2021/02/13 00:00:00+00,1899/12/30 00:00:00+00,8,REGION BIO BIO,8103,CHIGUAYANTE,50,CHOQUE,40,CHOQUE,1,URBANA,1,TRAMO DE VIA RECTA,13,CAUSAS NO DETERMINADAS,97,CAUSAS NO DETERMINADAS,0,21 DE MAYO,0,ARGOMEDO,21 DE MAYO - ARGOMEDO,0, , , , ,2,2,2,BIDIRECCIONAL,1,CONCRETO,1,BUENO,1,SECO,1,DESPEJADO,0,0,0,0,1
-8133818.88204391,-4413454.51252422,647,9101,1377353,-73.0673382,-36.8157412,95,CONCEPCION,1,31413,2021,1377353,REGION BIO BIO,8101,CONCEPCION,21 DE MAYO,ARGOMEDO,0,"21 DE MAYO & ARGOMEDO, CONCEPCION",CHILE,GEOMETRIC_CENTER,43375,2021,1377353,1,2021/08/04 00:00:00+00,1899/12/30 00:00:00+00,8,REGION BIO BIO,8101,CONCEPCION,20,CAIDA,20,CAIDA,1,URBANA,1,TRAMO DE VIA RECTA,14,OTRAS CAUSAS,98,OTRAS CAUSAS,0,21 DE MAYO,0,ARGOMEDO,21 DE MAYO - ARGOMEDO,0, , , , ,2,2,3,BIDIRECCIONAL CON BANDEJON,1,CONCRETO,1,BUENO,1,SECO,1,DESPEJADO,0,0,0,1,2
-8133818.88204391,-4413454.51252422,648,9102,1370016,-73.0673382,-36.8157412,95,CONCEPCION,0,31755,2021,1370016,REGION BIO BIO,8103,CHIGUAYANTE,21 DE MAYO,ARGOMEDO,0,"21 DE MAYO & ARGOMEDO, CHIGUAYANTE",CHILE,GEOMETRIC_CENTER,43819,2021,1370016,1,2021/08/06 00:00:00+00,1899/12/30 00:00:00+00,8,REGION BIO BIO,8103,CHIGUAYANTE,50,CHOQUE,40,CHOQUE,1,URBANA,1,TRAMO DE VIA RECTA,13,CAUSAS NO DETERMINADAS,97,CAUSAS NO DETERMINADAS,0,21 DE MAYO,0,ARGOMEDO,21 DE MAYO - ARGOMEDO,0, , , , ,2,2,2,BIDIRECCIONAL,1,CONCRETO,1,BUENO,1,SECO,1,DESPEJADO,0,0,0,0,1
-8133818.88204391,-4413454.51252422,649,9103,1389482,-73.0673382,-36.8157412,95,CONCEPCION,0,46078,2021,1389482,REGION BIO BIO,8103,CHIGUAYANTE,21 DE MAYO,ARGOMEDO,0,"21 DE MAYO & ARGOMEDO, CHIGUAYANTE",CHILE,GEOMETRIC_CENTER,62936,2021,1389482,1,2021/10/23 00:00:00+00,1899/12/30 00:00:00+00,8,REGION BIO BIO,8103,CHIGUAYANTE,30,COLISION,30,COLISION,1,URBANA,2,TRAMO DE VIA CURVA HORIZONTAL,4,ALCOHOL EN CONDUCTOR,24,CONDUCCION EN ESTADO DE EBRIEDAD,0,21 DE MAYO,0,ARGOMEDO,21 DE MAYO - ARGOMEDO,0, , , , ,2,2,2,BIDIRECCIONAL,1,CONCRETO,1,BUENO,1,SECO,1,DESPEJADO,0,0,0,0,2
-8133818.88204391,-4413454.51252422,650,9104,1406907,-73.0673382,-36.8157412,95,CONCEPCION,1,57586,2021,1406907,REGION BIO BIO,8101,CONCEPCION,21 DE MAYO,ARGOMEDO,0,"21 DE MAYO & ARGOMEDO, CONCEPCION",CHILE,GEOMETRIC_CENTER,78187,2021,1406907,1,2021/12/21 00:00:00+00,1899/12/30 00:00:00+00,8,REGION BIO BIO,8101,CONCEPCION,34,COLISION PERPENDICULAR,30,COLISION,1,URBANA,11,CRUCE CON SEMAFORO FUNCIONANDO,10,DESOBEDIENCIA A SEÑALIZACION,62,SEÑALIZACION DESOBEDECER LUZ ROJA DE SEMAFORO,0,21 DE MAYO,0,ARGOMEDO,21 DE MAYO - ARGOMEDO,0, , , , ,2,2,3,BIDIRECCIONAL CON BANDEJON,1,CONCRETO,1,BUENO,1,SECO,1,DESPEJADO,0,0,0,1,1
-8129820.53083749,-4413448.56114944,651,9105,1329026,-73.0314204,-36.8156984,95,CONCEPCION,1,2914,2021,1329026,REGION BIO BIO,8101,CONCEPCION,CICLOVIA MAIPU,JUAN BOSCO,0,"CICLOVIA MAIPU & JUAN BOSCO, CONCEPCION",CHILE,GEOMETRIC_CENTER,4011,2021,1329026,1,2021/01/21 00:00:00+00,1899/12/30 00:00:00+00,8,REGION BIO BIO,8101,CONCEPCION,32,COLISION LATERAL,30,COLISION,1,URBANA,1,TRAMO DE VIA RECTA,1,IMPRUDENCIA DEL CONDUCTOR,27,CONDUCCION NO ATENTO CONDICIONES TRANSITO MOMENTO,0,CICLOVIA MAIPU,0,JUAN BOSCO,CICLOVIA MAIPU - JUAN BOSCO,0, , , , ,1,1,2,BIDIRECCIONAL,1,CONCRETO,1,BUENO,1,SECO,1,DESPEJADO,0,0,0,1,1
-8133176.82461686,-4413436.50545417,652,9106,1405443,-73.0615705,-36.8156117,95,CONCEPCION,0,56746,2021,1405443,REGION BIO BIO,8103,CHIGUAYANTE,DIEGO PORTALES,GALVARINO,0,"DIEGO PORTALES & GALVARINO, CHIGUAYANTE",CHILE,GEOMETRIC_CENTER,77103,2021,1405443,1,2021/12/17 00:00:00+00,1899/12/30 00:00:00+00,8,REGION BIO BIO,8103,CHIGUAYANTE,10,ATROPELLO,10,ATROPELLO,1,URBANA,1,TRAMO DE VIA RECTA,13,CAUSAS NO DETERMINADAS,97,CAUSAS NO DETERMINADAS,0,DIEGO PORTALES,0,GALVARINO,DIEGO PORTALES - GALVARINO,0, , , , ,1,1,2,BIDIRECCIONAL,1,CONCRETO,1,BUENO,1,SECO,1,DESPEJADO,0,0,0,1,1
-8130054.04573333,-4413426.68848518,653,9107,1332681,-73.0335181,-36.8155411,95,CONCEPCION,1,5344,2021,1332681,REGION BIO BIO,8101,CONCEPCION,LOS CARRERA,SARMIENTO,0,"LOS CARRERA & SARMIENTO, CONCEPCION",CHILE,GEOMETRIC_CENTER,7465,2021,1332681,1,2021/02/08 00:00:00+00,1899/12/30 00:00:00+00,8,REGION BIO BIO,8101,CONCEPCION,50,CHOQUE,40,CHOQUE,1,URBANA,11,CRUCE CON SEMAFORO FUNCIONANDO,1,IMPRUDENCIA DEL CONDUCTOR,29,CONDUCCION CAMBIAR SORPRESIVAMENTE PISTA CIRCULACION,0,LOS CARRERA,0,SARMIENTO,LOS CARRERA - SARMIENTO,0, , , , ,2,2,2,BIDIRECCIONAL,1,CONCRETO,1,BUENO,1,SECO,1,DESPEJADO,0,0,0,0,1
-8130051.69689207,-4413425.43703086,654,9108,1405163,-73.033497,-36.8155321,95,CONCEPCION,1,55310,2021,1405163,REGION BIO BIO,8101,CONCEPCION,LOS CARRERA, ,2159,"LOS CARRERA 2159, CONCEPCION",CHILE,RANGE_INTERPOLATED,75150,2021,1405163,1,2021/12/10 00:00:00+00,1899/12/30 00:00:00+00,8,REGION BIO BIO,8101,CONCEPCION,33,COLISION POR ALCANCE,30,COLISION,1,URBANA,1,TRAMO DE VIA RECTA,7,VELOCIDAD IMPRUDENTE,72,VELOCIDAD NO RAZONABLE NI PRUDENTE,0,LOS CARRERA,0, ,- LOS CARRERA,2159, , , , ,3,3,3,BIDIRECCIONAL CON BANDEJON,1,CONCRETO,1,BUENO,1,SECO,1,DESPEJADO,0,0,1,2,2
-8132829.16271516,-4413423.1983185,655,9109,1402767,-73.0584474,-36.815516,95,CONCEPCION,1,47727,2021,1402767,REGION BIO BIO,8101,CONCEPCION,CAUPOLICAN,ARGENTINA,0,"CAUPOLICAN & ARGENTINA, CONCEPCION",CHILE,GEOMETRIC_CENTER,65136,2021,1402767,1,2021/11/02 00:00:00+00,1899/12/30 00:00:00+00,8,REGION BIO BIO,8101,CONCEPCION,50,CHOQUE,40,CHOQUE,1,URBANA,1,TRAMO DE VIA RECTA,4,ALCOHOL EN CONDUCTOR,24,CONDUCCION EN ESTADO DE EBRIEDAD,0,CAUPOLICAN,0,ARGENTINA,ARGENTINA - CAUPOLICAN,0, , , , ,2,0,1,UNIDIRECCIONAL,1,CONCRETO,1,BUENO,1,SECO,1,DESPEJADO,0,0,0,0,1
-8131047.6946401,-4413412.15771909,656,9110,1359409,-73.0424442,-36.8154366,95,CONCEPCION,1,24751,2021,1359409,REGION BIO BIO,8101,CONCEPCION,MANUEL BULNES,GALVARINO,0,"MANUEL BULNES & GALVARINO, CONCEPCION",CHILE,GEOMETRIC_CENTER,34114,2021,1359409,1,2021/06/25 00:00:00+00,1899/12/30 00:00:00+00,8,REGION BIO BIO,8101,CONCEPCION,30,COLISION,30,COLISION,1,URBANA,1,TRAMO DE VIA RECTA,13,CAUSAS NO DETERMINADAS,97,CAUSAS NO DETERMINADAS,0,MANUEL BULNES,0,GALVARINO,GALVARINO - MANUEL BULNES,0, , , , ,2,2,2,BIDIRECCIONAL,1,CONCRETO,1,BUENO,1,SECO,1,DESPEJADO,0,0,0,0,2
-8131047.6946401,-4413412.15771909,657,9111,1398466,-73.0424442,-36.8154366,95,CONCEPCION,1,49426,2021,1398466,REGION BIO BIO,8101,CONCEPCION,BULNES,GALVARINO,0,"BULNES & GALVARINO, CONCEPCION",CHILE,GEOMETRIC_CENTER,67355,2021,1398466,1,2021/11/10 00:00:00+00,1899/12/30 00:00:00+00,8,REGION BIO BIO,8101,CONCEPCION,53,CHOQUE POSTERIOR,40,CHOQUE,1,URBANA,26,OTROS NO CONSIDERADOS,1,IMPRUDENCIA DEL CONDUCTOR,27,CONDUCCION NO ATENTO CONDICIONES TRANSITO MOMENTO,0,BULNES,0,GALVARINO,BULNES - GALVARINO,0, , , , ,2,0,1,UNIDIRECCIONAL,1,CONCRETO,1,BUENO,1,SECO,1,DESPEJADO,0,0,0,0,2
-8129977.53584731,-4413408.52850693,658,9112,1366761,-73.0328308,-36.8154105,95,CONCEPCION,1,29659,2021,1366761,REGION BIO BIO,8101,CONCEPCION,LOS CARRERA,PADRE KORDA,0,"LOS CARRERA & PADRE KORDA, CONCEPCION",CHILE,GEOMETRIC_CENTER,41028,2021,1366761,1,2021/07/25 00:00:00+00,1899/12/30 00:00:00+00,8,REGION BIO BIO,8101,CONCEPCION,53,CHOQUE POSTERIOR,40,CHOQUE,1,URBANA,11,CRUCE CON SEMAFORO FUNCIONANDO,1,IMPRUDENCIA DEL CONDUCTOR,28,CONDUCCION SIN MANTENER DISTANCIA RAZONABLE NI PRUDENTE,0,LOS CARRERA,0,PADRE KORDA,LOS CARRERA - PADRE KORDA,0, , , , ,3,3,3,BIDIRECCIONAL CON BANDEJON,1,CONCRETO,1,BUENO,3,MOJADO,2,NUBLADO,0,0,0,0,2
-8129501.12182256,-4413397.77992796,659,9113,1361949,-73.0285511,-36.8153332,95,CONCEPCION,1,21694,2021,1361949,REGION BIO BIO,8101,CONCEPCION,COLLAO,GEBNERAL TORO,0,"COLLAO & GEBNERAL TORO, CONCEPCION",CHILE,GEOMETRIC_CENTER,29895,2021,1361949,1,2021/06/06 00:00:00+00,1899/12/30 00:00:00+00,8,REGION BIO BIO,8101,CONCEPCION,32,COLISION LATERAL,30,COLISION,1,URBANA,1,TRAMO DE VIA RECTA,1,IMPRUDENCIA DEL CONDUCTOR,14,ADELANTAMIENTO SOBREPASANDO LINEA CONTINUA,0,COLLAO,0,GEBNERAL TORO,COLLAO - GEBNERAL TORO,0, , , , ,3,0,1,UNIDIRECCIONAL,1,CONCRETO,1,BUENO,1,SECO,2,NUBLADO,0,0,0,0,2
-8129501.12182256,-4413397.77992796,660,9114,1355090,-73.0285511,-36.8153332,95,CONCEPCION,1,21755,2021,1355090,REGION BIO BIO,8101,CONCEPCION,COLLAO,GENERAL TORO,0,"COLLAO & GENERAL TORO, CONCEPCION",CHILE,GEOMETRIC_CENTER,29989,2021,1355090,1,2021/06/07 00:00:00+00,1899/12/30 00:00:00+00,8,REGION BIO BIO,8101,CONCEPCION,53,CHOQUE POSTERIOR,40,CHOQUE,1,URBANA,1,TRAMO DE VIA RECTA,1,IMPRUDENCIA DEL CONDUCTOR,27,CONDUCCION NO ATENTO CONDICIONES TRANSITO MOMENTO,0,COLLAO,0,GENERAL TORO,COLLAO - GENERAL TORO,0, , , , ,2,0,1,UNIDIRECCIONAL,1,CONCRETO,1,BUENO,1,SECO,1,DESPEJADO,0,0,0,0,2
-8132484.98511353,-4413394.22024573,661,9115,1332754,-73.0553556,-36.8153076,95,CONCEPCION,1,6051,2021,1332754,REGION BIO BIO,8101,CONCEPCION,COLO COLO,VICU??ªA MACKENA,0,"COLO COLO & VICU??ªA MACKENA, CONCEPCION",CHILE,GEOMETRIC_CENTER,8437,2021,1332754,1,2021/02/13 00:00:00+00,1899/12/30 00:00:00+00,8,REGION BIO BIO,8101,CONCEPCION,50,CHOQUE,40,CHOQUE,1,URBANA,1,TRAMO DE VIA RECTA,7,VELOCIDAD IMPRUDENTE,72,VELOCIDAD NO RAZONABLE NI PRUDENTE,0,COLO COLO,0,VICUÑA MACKENA,COLO COLO - VICUÑA MACKENA,0, , , , ,1,1,2,BIDIRECCIONAL,1,CONCRETO,1,BUENO,1,SECO,1,DESPEJADO,0,0,0,0,1
-8129910.15415953,-4413393.78919054,662,9116,1335050,-73.0322255,-36.8153045,95,CONCEPCION,1,7619,2021,1335050,REGION BIO BIO,8101,CONCEPCION,LOS CARRERA,ROTONDA BONILLA,0,"LOS CARRERA & ROTONDA BONILLA, CONCEPCION",CHILE,GEOMETRIC_CENTER,10697,2021,1335050,1,2021/02/25 00:00:00+00,1899/12/30 00:00:00+00,8,REGION BIO BIO,8101,CONCEPCION,50,CHOQUE,40,CHOQUE,1,URBANA,26,OTROS NO CONSIDERADOS,13,CAUSAS NO DETERMINADAS,97,CAUSAS NO DETERMINADAS,0,LOS CARRERA,0,ROTONDA BONILLA,LOS CARRERA - ROTONDA BONILLA,0, , , , ,2,2,2,BIDIRECCIONAL,1,CONCRETO,1,BUENO,1,SECO,1,DESPEJADO,0,0,0,0,1
-8133021.02185754,-4413391.46705482,663,9117,1388250,-73.0601709,-36.8152878,95,CONCEPCION,1,45274,2021,1388250,REGION BIO BIO,8101,CONCEPCION,RENGO,BRASIL,0,"RENGO & BRASIL, CONCEPCION",CHILE,GEOMETRIC_CENTER,61895,2021,1388250,1,2021/10/19 00:00:00+00,1899/12/30 00:00:00+00,8,REGION BIO BIO,8101,CONCEPCION,50,CHOQUE,40,CHOQUE,1,URBANA,1,TRAMO DE VIA RECTA,13,CAUSAS NO DETERMINADAS,97,CAUSAS NO DETERMINADAS,0,RENGO,0,BRASIL,BRASIL - RENGO,0, , , , ,2,2,2,BIDIRECCIONAL,1,CONCRETO,1,BUENO,1,SECO,1,DESPEJADO,0,0,0,0,2
-8135274.70721255,-4413375.78222322,664,9118,1383696,-73.0804161,-36.815175,95,CONCEPCION,0,41827,2021,1383696,REGION BIO BIO,8206,LOS ALAMOS,CALLE TRES,CALLE DOS,0,"CALLE TRES & CALLE DOS, LOS ALAMOS",CHILE,GEOMETRIC_CENTER,57303,2021,1383696,1,2021/10/01 00:00:00+00,1899/12/30 00:00:00+00,8,REGION BIO BIO,8206,LOS ALAMOS,67,CHOQUE POSTERIOR/FRENTE,40,CHOQUE,1,URBANA,15,CRUCE CON SEÑAL CEDA EL PASO,1,IMPRUDENCIA DEL CONDUCTOR,93,CONDUCIR VEHICULO EN RETROCESO,0,CALLE TRES,0,CALLE DOS,CALLE DOS - CALLE TRES,0, , , , ,1,0,1,UNIDIRECCIONAL,2,ASFALTO,1,BUENO,2,HUMEDO,2,NUBLADO,0,0,0,0,2
-8128767.84920475,-4413371.98616373,665,9119,1369502,-73.021964,-36.8151477,95,CONCEPCION,1,31404,2021,1369502,REGION BIO BIO,8101,CONCEPCION,TEGUALDA, ,860,"TEGUALDA 860, CONCEPCION",CHILE,RANGE_INTERPOLATED,43362,2021,1369502,1,2021/08/04 00:00:00+00,1899/12/30 00:00:00+00,8,REGION BIO BIO,8101,CONCEPCION,10,ATROPELLO,10,ATROPELLO,1,URBANA,1,TRAMO DE VIA RECTA,1,IMPRUDENCIA DEL CONDUCTOR,13,ADELANTAMIENTO POR LA BERMA,0,TEGUALDA,0, ,- TEGUALDA,860, , , , ,1,0,1,UNIDIRECCIONAL,1,CONCRETO,1,BUENO,1,SECO,1,DESPEJADO,0,0,0,1,1
-8128767.84920475,-4413371.98616373,666,9120,1376486,-73.021964,-36.8151477,95,CONCEPCION,1,36489,2021,1376486,REGION BIO BIO,8101,CONCEPCION,TEGUALDA, ,860,"TEGUALDA 860, CONCEPCION",CHILE,RANGE_INTERPOLATED,50206,2021,1376486,1,2021/09/01 00:00:00+00,1899/12/30 00:00:00+00,8,REGION BIO BIO,8101,CONCEPCION,10,ATROPELLO,10,ATROPELLO,1,URBANA,26,OTROS NO CONSIDERADOS,7,VELOCIDAD IMPRUDENTE,74,VELOCIDAD EXCESO EN ZONA RESTRINGIDA,0,TEGUALDA,0, ,- TEGUALDA,860, , , , ,1,1,2,BIDIRECCIONAL,1,CONCRETO,1,BUENO,1,SECO,2,NUBLADO,0,0,0,1,1
-8133332.01511897,-4413364.90853261,667,9121,1363450,-73.0629646,-36.8150968,95,CONCEPCION,1,27787,2021,1363450,REGION BIO BIO,8101,CONCEPCION,CAMINO LOS CARROS,CALLE UNO,0,"CAMINO LOS CARROS & CALLE UNO, CONCEPCION",CHILE,GEOMETRIC_CENTER,38365,2021,1363450,1,2021/07/14 00:00:00+00,1899/12/30 00:00:00+00,8,REGION BIO BIO,8101,CONCEPCION,10,ATROPELLO,10,ATROPELLO,1,URBANA,1,TRAMO DE VIA RECTA,2,IMPRUDENCIA DEL PEATON,55,PEATON CRUZA CALZADA FUERA PASO PEATONES,0,CAMINO LOS CARROS,0,CALLE UNO,CALLE UNO - CAMINO LOS CARROS,0, , , , ,1,1,2,BIDIRECCIONAL,1,CONCRETO,1,BUENO,1,SECO,1,DESPEJADO,0,1,0,0,1
-8131963.23066018,-4413364.03251966,668,9122,1336060,-73.0506686,-36.8150905,95,CONCEPCION,1,8891,2021,1336060,REGION BIO BIO,8101,CONCEPCION,MANUEL RODRIGUEZ,OROMPELLO,0,"MANUEL RODRIGUEZ & OROMPELLO, CONCEPCION",CHILE,GEOMETRIC_CENTER,12425,2021,1336060,1,2021/03/05 00:00:00+00,1899/12/30 00:00:00+00,8,REGION BIO BIO,8101,CONCEPCION,30,COLISION,30,COLISION,1,URBANA,15,CRUCE CON SEÑAL CEDA EL PASO,13,CAUSAS NO DETERMINADAS,97,CAUSAS NO DETERMINADAS,0,MANUEL RODRIGUEZ,0,OROMPELLO,MANUEL RODRIGUEZ - OROMPELLO,0, , , , ,2,2,2,BIDIRECCIONAL,1,CONCRETO,1,BUENO,1,SECO,1,DESPEJADO,0,0,0,0,2
-8131963.23066018,-4413364.03251966,669,9123,1363866,-73.0506686,-36.8150905,95,CONCEPCION,1,27871,2021,1363866,REGION BIO BIO,8101,CONCEPCION,OROMPELLO,MANUEL RODRIGUEZ,0,"OROMPELLO & MANUEL RODRIGUEZ, CONCEPCION",CHILE,GEOMETRIC_CENTER,38498,2021,1363866,1,2021/07/15 00:00:00+00,1899/12/30 00:00:00+00,8,REGION BIO BIO,8101,CONCEPCION,30,COLISION,30,COLISION,1,URBANA,15,CRUCE CON SEÑAL CEDA EL PASO,1,IMPRUDENCIA DEL CONDUCTOR,27,CONDUCCION NO ATENTO CONDICIONES TRANSITO MOMENTO,0,OROMPELLO,0,MANUEL RODRIGUEZ,MANUEL RODRIGUEZ - OROMPELLO,0, , , , ,2,0,1,UNIDIRECCIONAL,1,CONCRETO,1,BUENO,1,SECO,1,DESPEJADO,0,0,0,0,2
-8129582.07335626,-4413362.39173368,670,9124,1382426,-73.0292783,-36.8150787,95,CONCEPCION,1,41037,2021,1382426,REGION BIO BIO,8101,CONCEPCION,COLLAO,MAIPU,0,"COLLAO & MAIPU, CONCEPCION",CHILE,GEOMETRIC_CENTER,56305,2021,1382426,1,2021/09/27 00:00:00+00,1899/12/30 00:00:00+00,8,REGION BIO BIO,8101,CONCEPCION,33,COLISION POR ALCANCE,30,COLISION,1,URBANA,1,TRAMO DE VIA RECTA,1,IMPRUDENCIA DEL CONDUCTOR,29,CONDUCCION CAMBIAR SORPRESIVAMENTE PISTA CIRCULACION,0,COLLAO,0,MAIPU,COLLAO - MAIPU,0, , , , ,2,0,1,UNIDIRECCIONAL,1,CONCRETO,1,BUENO,1,SECO,1,DESPEJADO,0,0,0,0,2
-8130698.3072863,-4413355.68954275,671,9125,1346095,-73.0393056,-36.8150305,95,CONCEPCION,1,15508,2021,1346095,REGION BIO BIO,8101,CONCEPCION,LIENTUR, ,1056,"LIENTUR 1056, CONCEPCION",CHILE,RANGE_INTERPOLATED,21354,2021,1346095,1,2021/04/26 00:00:00+00,1899/12/30 00:00:00+00,8,REGION BIO BIO,8101,CONCEPCION,30,COLISION,30,COLISION,1,URBANA,1,TRAMO DE VIA RECTA,13,CAUSAS NO DETERMINADAS,97,CAUSAS NO DETERMINADAS,0,LIENTUR,0, ,- LIENTUR,1056, , , , ,2,2,2,BIDIRECCIONAL,1,CONCRETO,1,BUENO,1,SECO,1,DESPEJADO,0,0,0,0,2
-8131061.5316528,-4413352.46359344,672,9126,1399277,-73.0425685,-36.8150073,95,CONCEPCION,1,50255,2021,1399277,REGION BIO BIO,8101,CONCEPCION,GALVARINO, ,1156,"GALVARINO 1156, CONCEPCION",CHILE,RANGE_INTERPOLATED,68450,2021,1399277,1,2021/11/14 00:00:00+00,1899/12/30 00:00:00+00,8,REGION BIO BIO,8101,CONCEPCION,50,CHOQUE,40,CHOQUE,1,URBANA,1,TRAMO DE VIA RECTA,13,CAUSAS NO DETERMINADAS,97,CAUSAS NO DETERMINADAS,0,GALVARINO,0, ,- GALVARINO,1156, , , , ,2,0,1,UNIDIRECCIONAL,1,CONCRETO,1,BUENO,1,SECO,1,DESPEJADO,0,0,0,1,0
-8130959.59639508,-4413349.9885123,673,9127,1363322,-73.0416528,-36.8149895,95,CONCEPCION,0,27511,2021,1363322,REGION BIO BIO,8103,CHIGUAYANTE,ENRIQUE VAN RYSSELBERGHE,PASCUAL BINIMELIS,0,"ENRIQUE VAN RYSSELBERGHE & PASCUAL BINIMELIS, CHIGUAYANTE",CHILE,GEOMETRIC_CENTER,37962,2021,1363322,1,2021/07/12 00:00:00+00,1899/12/30 00:00:00+00,8,REGION BIO BIO,8103,CHIGUAYANTE,32,COLISION LATERAL,30,COLISION,1,URBANA,1,TRAMO DE VIA RECTA,1,IMPRUDENCIA DEL CONDUCTOR,14,ADELANTAMIENTO SOBREPASANDO LINEA CONTINUA,0,ENRIQUE VAN RYSSELBERGHE,0,PASCUAL BINIMELIS,ENRIQUE VAN RYSSELBERGHE - PASCUAL BINIMELIS,0, , , , ,2,2,3,BIDIRECCIONAL CON BANDEJON,1,CONCRETO,1,BUENO,1,SECO,1,DESPEJADO,0,0,0,0,2
-8130904.31513596,-4413337.25158699,674,9128,1332762,-73.0411562,-36.8148979,95,CONCEPCION,1,6107,2021,1332762,REGION BIO BIO,8101,CONCEPCION,BULNES,AINAVILLO,0,"BULNES & AINAVILLO, CONCEPCION",CHILE,GEOMETRIC_CENTER,8518,2021,1332762,1,2021/02/14 00:00:00+00,1899/12/30 00:00:00+00,8,REGION BIO BIO,8101,CONCEPCION,50,CHOQUE,40,CHOQUE,1,URBANA,1,TRAMO DE VIA RECTA,13,CAUSAS NO DETERMINADAS,97,CAUSAS NO DETERMINADAS,0,BULNES,0,AINAVILLO,AINAVILLO - BULNES,0, , , , ,1,1,2,BIDIRECCIONAL,1,CONCRETO,1,BUENO,1,SECO,1,DESPEJADO,0,0,0,1,0
-8130904.31513596,-4413337.25158699,675,9129,1405807,-73.0411562,-36.8148979,95,CONCEPCION,1,57124,2021,1405807,REGION BIO BIO,8101,CONCEPCION,AINAVILLO,BULNES,0,"AINAVILLO & BULNES, CONCEPCION",CHILE,GEOMETRIC_CENTER,77605,2021,1405807,1,2021/12/19 00:00:00+00,1899/12/30 00:00:00+00,8,REGION BIO BIO,8101,CONCEPCION,10,ATROPELLO,10,ATROPELLO,1,URBANA,1,TRAMO DE VIA RECTA,14,OTRAS CAUSAS,98,OTRAS CAUSAS,0,AINAVILLO,0,BULNES,AINAVILLO - BULNES,0, , , , ,2,2,2,BIDIRECCIONAL,1,CONCRETO,1,BUENO,1,SECO,1,DESPEJADO,0,1,0,0,1
-8129701.37445455,-4413300.83463246,676,9130,1330618,-73.03035,-36.814636,95,CONCEPCION,1,5121,2021,1330618,REGION BIO BIO,8101,CONCEPCION,COLLAO,IRARRAZABAL,0,"COLLAO & IRARRAZABAL, CONCEPCION",CHILE,GEOMETRIC_CENTER,7157,2021,1330618,1,2021/02/07 00:00:00+00,1899/12/30 00:00:00+00,8,REGION BIO BIO,8101,CONCEPCION,34,COLISION PERPENDICULAR,30,COLISION,1,URBANA,11,CRUCE CON SEMAFORO FUNCIONANDO,4,ALCOHOL EN CONDUCTOR,24,CONDUCCION EN ESTADO DE EBRIEDAD,0,COLLAO,0,IRARRAZABAL,COLLAO - IRARRAZABAL,0, , , , ,2,0,1,UNIDIRECCIONAL,1,CONCRETO,1,BUENO,1,SECO,1,DESPEJADO,0,0,0,1,2
-8129758.03607536,-4413299.65271735,677,9131,1334627,-73.030859,-36.8146275,95,CONCEPCION,1,7824,2021,1334627,REGION BIO BIO,8101,CONCEPCION,JUAN BOSCO,LOS CARRERA,0,"JUAN BOSCO & LOS CARRERA, CONCEPCION",CHILE,GEOMETRIC_CENTER,10977,2021,1334627,1,2021/02/26 00:00:00+00,1899/12/30 00:00:00+00,8,REGION BIO BIO,8101,CONCEPCION,34,COLISION PERPENDICULAR,30,COLISION,1,URBANA,14,CRUCE CON SEÑAL PARE,1,IMPRUDENCIA DEL CONDUCTOR,27,CONDUCCION NO ATENTO CONDICIONES TRANSITO MOMENTO,0,JUAN BOSCO,0,LOS CARRERA,JUAN BOSCO - LOS CARRERA,0, , , , ,2,0,1,UNIDIRECCIONAL,1,CONCRETO,1,BUENO,1,SECO,2,NUBLADO,0,0,0,0,2