X,Y,FID,FID_1,LABELID,POINT_X,POINT_Y,FID_2,COMUNAREAL,VAL_COM,OBJECTID,A_O,IDACCIDENT,REGION,COD_COMUN,COMUNA,CALLE_UNO,CALLE_DOS,NUMERO,DIR_GEOCOD,PAIS,TIPO,OBJECTID_1,Año,Idaccide_1,Claseaccid,Fecha,Hora,Cód_Regi,Región,Cód_Comun,Comuna_1,Cód_Tipo_,Tipo_Accid,Cód_Tipo1,Tipo__CONA,Cód_Zona,Zona,Cód_Ubica,Ubicación,Cód_Causa,Causa__CON,Cód_Cau_1,Causa,Cód_Calle,Calle_Un_1,Cód_Cal_1,Calle_Do_1,Intersecci,Número,Ruta,Cód_Ruta,Ubicaci_1,Km_Vía_Fe,Pistas_de_,Pistas_de1,Cód_Calza,Calzada,Cód__Tipo,Tipo_Calza,Cód_Estad,Estado_Cal,Cód_Condi,Condición,Cód_Est_1,Estado_Atm,Fallecidos,Graves,Menos_Grav,Leves,Ilesos
-8129758.03607536,-4413299.65271735,678,9132,1343211,-73.030859,-36.8146275,95,CONCEPCION,1,13688,2021,1343211,REGION BIO BIO,8101,CONCEPCION,LOS CARRERA,JUAN BOSCO,0,"LOS CARRERA & JUAN BOSCO, CONCEPCION",CHILE,GEOMETRIC_CENTER,18912,2021,1343211,1,2021/04/12 00:00:00+00,1899/12/30 00:00:00+00,8,REGION BIO BIO,8101,CONCEPCION,32,COLISION LATERAL,30,COLISION,1,URBANA,1,TRAMO DE VIA RECTA,1,IMPRUDENCIA DEL CONDUCTOR,91,VIRAJES INDEBIDOS,0,LOS CARRERA,0,JUAN BOSCO,JUAN BOSCO - LOS CARRERA,0, , , , ,3,3,2,BIDIRECCIONAL,1,CONCRETO,1,BUENO,1,SECO,1,DESPEJADO,0,0,0,0,2
-8129758.03607536,-4413299.65271735,679,9133,1344749,-73.030859,-36.8146275,95,CONCEPCION,1,14598,2021,1344749,REGION BIO BIO,8101,CONCEPCION,LOS CARRERA,JUAN BOSCO,0,"LOS CARRERA & JUAN BOSCO, CONCEPCION",CHILE,GEOMETRIC_CENTER,20121,2021,1344749,1,2021/04/19 00:00:00+00,1899/12/30 00:00:00+00,8,REGION BIO BIO,8101,CONCEPCION,51,CHOQUE FRONTAL,40,CHOQUE,1,URBANA,11,CRUCE CON SEMAFORO FUNCIONANDO,8,DROGAS Y/O FATIGA EN CONDUCTOR,25,"CONDICIONES FISICAS DEFICIENTES (CANSANCIO, SUEÑO)",0,LOS CARRERA,0,JUAN BOSCO,JUAN BOSCO - LOS CARRERA,0, , , , ,3,3,3,BIDIRECCIONAL CON BANDEJON,1,CONCRETO,1,BUENO,1,SECO,1,DESPEJADO,0,1,0,0,1
-8129758.03607536,-4413299.65271735,680,9134,1356736,-73.030859,-36.8146275,95,CONCEPCION,1,22945,2021,1356736,REGION BIO BIO,8101,CONCEPCION,LOS CARRERA,JUAN BOSCO,0,"LOS CARRERA & JUAN BOSCO, CONCEPCION",CHILE,GEOMETRIC_CENTER,31616,2021,1356736,1,2021/06/14 00:00:00+00,1899/12/30 00:00:00+00,8,REGION BIO BIO,8101,CONCEPCION,32,COLISION LATERAL,30,COLISION,1,URBANA,11,CRUCE CON SEMAFORO FUNCIONANDO,1,IMPRUDENCIA DEL CONDUCTOR,29,CONDUCCION CAMBIAR SORPRESIVAMENTE PISTA CIRCULACION,0,LOS CARRERA,0,JUAN BOSCO,JUAN BOSCO - LOS CARRERA,0, , , , ,3,3,3,BIDIRECCIONAL CON BANDEJON,1,CONCRETO,1,BUENO,1,SECO,1,DESPEJADO,0,0,0,0,2
-8129758.03607536,-4413299.65271735,681,9135,1359651,-73.030859,-36.8146275,95,CONCEPCION,1,25216,2021,1359651,REGION BIO BIO,8101,CONCEPCION,JUAN BOSCO,LOS CARRERA,0,"JUAN BOSCO & LOS CARRERA, CONCEPCION",CHILE,GEOMETRIC_CENTER,34861,2021,1359651,1,2021/06/29 00:00:00+00,1899/12/30 00:00:00+00,8,REGION BIO BIO,8101,CONCEPCION,33,COLISION POR ALCANCE,30,COLISION,1,URBANA,11,CRUCE CON SEMAFORO FUNCIONANDO,1,IMPRUDENCIA DEL CONDUCTOR,28,CONDUCCION SIN MANTENER DISTANCIA RAZONABLE NI PRUDENTE,0,JUAN BOSCO,0,LOS CARRERA,JUAN BOSCO - LOS CARRERA,0, , , , ,4,0,1,UNIDIRECCIONAL,1,CONCRETO,1,BUENO,1,SECO,1,DESPEJADO,0,0,0,0,2
-8129758.03607536,-4413299.65271735,682,9136,1366775,-73.030859,-36.8146275,95,CONCEPCION,1,29232,2021,1366775,REGION BIO BIO,8101,CONCEPCION,JUAN BOSCO,GENERAL NOVOA,0,"JUAN BOSCO & GENERAL NOVOA, CONCEPCION",CHILE,GEOMETRIC_CENTER,40412,2021,1366775,1,2021/07/23 00:00:00+00,1899/12/30 00:00:00+00,8,REGION BIO BIO,8101,CONCEPCION,53,CHOQUE POSTERIOR,40,CHOQUE,1,URBANA,11,CRUCE CON SEMAFORO FUNCIONANDO,1,IMPRUDENCIA DEL CONDUCTOR,28,CONDUCCION SIN MANTENER DISTANCIA RAZONABLE NI PRUDENTE,0,JUAN BOSCO,0,GENERAL NOVOA,GENERAL NOVOA - JUAN BOSCO,0, , , , ,2,2,2,BIDIRECCIONAL,1,CONCRETO,1,BUENO,1,SECO,2,NUBLADO,0,0,0,0,2
-8129758.03607536,-4413299.65271735,683,9137,1372829,-73.030859,-36.8146275,95,CONCEPCION,1,34422,2021,1372829,REGION BIO BIO,8101,CONCEPCION,LOS CARRERA,JUAN BOSCO,0,"LOS CARRERA & JUAN BOSCO, CONCEPCION",CHILE,GEOMETRIC_CENTER,47448,2021,1372829,1,2021/08/20 00:00:00+00,1899/12/30 00:00:00+00,8,REGION BIO BIO,8101,CONCEPCION,53,CHOQUE POSTERIOR,40,CHOQUE,1,URBANA,11,CRUCE CON SEMAFORO FUNCIONANDO,1,IMPRUDENCIA DEL CONDUCTOR,28,CONDUCCION SIN MANTENER DISTANCIA RAZONABLE NI PRUDENTE,0,LOS CARRERA,0,JUAN BOSCO,JUAN BOSCO - LOS CARRERA,0, , , , ,3,3,3,BIDIRECCIONAL CON BANDEJON,1,CONCRETO,1,BUENO,3,MOJADO,3,LLUVIA,0,0,0,0,2
-8129758.03607536,-4413299.65271735,684,9138,1390326,-73.030859,-36.8146275,95,CONCEPCION,1,46525,2021,1390326,REGION BIO BIO,8101,CONCEPCION,LOS CARRERA,GENERAL NOVOA,0,"LOS CARRERA & GENERAL NOVOA, CONCEPCION",CHILE,GEOMETRIC_CENTER,63532,2021,1390326,1,2021/10/26 00:00:00+00,1899/12/30 00:00:00+00,8,REGION BIO BIO,8101,CONCEPCION,32,COLISION LATERAL,30,COLISION,1,URBANA,24,ROTONDA,1,IMPRUDENCIA DEL CONDUCTOR,27,CONDUCCION NO ATENTO CONDICIONES TRANSITO MOMENTO,0,LOS CARRERA,0,GENERAL NOVOA,GENERAL NOVOA - LOS CARRERA,0, , , , ,3,3,3,BIDIRECCIONAL CON BANDEJON,1,CONCRETO,1,BUENO,1,SECO,1,DESPEJADO,0,0,0,0,2
-8129758.03607536,-4413299.65271735,685,9139,1397943,-73.030859,-36.8146275,95,CONCEPCION,1,49029,2021,1397943,REGION BIO BIO,8101,CONCEPCION,JUAN BOSCO,LOS CARRERA,0,"JUAN BOSCO & LOS CARRERA, CONCEPCION",CHILE,GEOMETRIC_CENTER,66832,2021,1397943,1,2021/11/08 00:00:00+00,1899/12/30 00:00:00+00,8,REGION BIO BIO,8101,CONCEPCION,32,COLISION LATERAL,30,COLISION,1,URBANA,1,TRAMO DE VIA RECTA,1,IMPRUDENCIA DEL CONDUCTOR,27,CONDUCCION NO ATENTO CONDICIONES TRANSITO MOMENTO,0,JUAN BOSCO,0,LOS CARRERA,JUAN BOSCO - LOS CARRERA,0, , , , ,2,0,1,UNIDIRECCIONAL,1,CONCRETO,1,BUENO,1,SECO,1,DESPEJADO,0,0,0,0,2
-8129758.03607536,-4413299.65271735,686,9140,1404850,-73.030859,-36.8146275,95,CONCEPCION,1,54853,2021,1404850,REGION BIO BIO,8101,CONCEPCION,LOS CARRERA,JUAN BOSCO,0,"LOS CARRERA & JUAN BOSCO, CONCEPCION",CHILE,GEOMETRIC_CENTER,74535,2021,1404850,1,2021/12/07 00:00:00+00,1899/12/30 00:00:00+00,8,REGION BIO BIO,8101,CONCEPCION,30,COLISION,30,COLISION,1,URBANA,11,CRUCE CON SEMAFORO FUNCIONANDO,1,IMPRUDENCIA DEL CONDUCTOR,29,CONDUCCION CAMBIAR SORPRESIVAMENTE PISTA CIRCULACION,0,LOS CARRERA,0,JUAN BOSCO,JUAN BOSCO - LOS CARRERA,0, , , , ,3,3,3,BIDIRECCIONAL CON BANDEJON,1,CONCRETO,1,BUENO,1,SECO,1,DESPEJADO,0,0,0,0,2
-8129758.03607536,-4413299.65271735,687,9141,1405172,-73.030859,-36.8146275,95,CONCEPCION,1,55373,2021,1405172,REGION BIO BIO,8101,CONCEPCION,JUAN BOSCO,LOS CARRERA,0,"JUAN BOSCO & LOS CARRERA, CONCEPCION",CHILE,GEOMETRIC_CENTER,75227,2021,1405172,1,2021/12/10 00:00:00+00,1899/12/30 00:00:00+00,8,REGION BIO BIO,8101,CONCEPCION,30,COLISION,30,COLISION,1,URBANA,11,CRUCE CON SEMAFORO FUNCIONANDO,1,IMPRUDENCIA DEL CONDUCTOR,29,CONDUCCION CAMBIAR SORPRESIVAMENTE PISTA CIRCULACION,0,JUAN BOSCO,0,LOS CARRERA,JUAN BOSCO - LOS CARRERA,0, , , , ,3,3,3,BIDIRECCIONAL CON BANDEJON,1,CONCRETO,1,BUENO,1,SECO,1,DESPEJADO,0,0,0,0,2
-8130123.38664415,-4413298.67937559,688,9142,1325066,-73.034141,-36.8146205,95,CONCEPCION,1,1066,2021,1325066,REGION BIO BIO,8101,CONCEPCION,LAS HERAS,SARMIENTO,0,"LAS HERAS & SARMIENTO, CONCEPCION",CHILE,GEOMETRIC_CENTER,1440,2021,1325066,1,2021/01/08 00:00:00+00,1899/12/30 00:00:00+00,8,REGION BIO BIO,8101,CONCEPCION,10,ATROPELLO,10,ATROPELLO,1,URBANA,26,OTROS NO CONSIDERADOS,1,IMPRUDENCIA DEL CONDUCTOR,31,NO RESPETAR DERECHO PREFERENTE DE PASO A PEATON,0,LAS HERAS,0,SARMIENTO,LAS HERAS - SARMIENTO,0, , , , ,2,0,1,UNIDIRECCIONAL,1,CONCRETO,1,BUENO,1,SECO,1,DESPEJADO,0,0,0,1,1
-8133522.89464984,-4413293.82657303,689,9143,1399266,-73.0646793,-36.8145856,95,CONCEPCION,1,50067,2021,1399266,REGION BIO BIO,8101,CONCEPCION,CAMINO LOS CARROS,SERRANO,0,"CAMINO LOS CARROS & SERRANO, CONCEPCION",CHILE,GEOMETRIC_CENTER,68187,2021,1399266,1,2021/11/13 00:00:00+00,1899/12/30 00:00:00+00,8,REGION BIO BIO,8101,CONCEPCION,30,COLISION,30,COLISION,1,URBANA,1,TRAMO DE VIA RECTA,14,OTRAS CAUSAS,98,OTRAS CAUSAS,0,CAMINO LOS CARROS,0,SERRANO,CAMINO LOS CARROS - SERRANO,0, , , , ,2,2,2,BIDIRECCIONAL,1,CONCRETO,1,BUENO,1,SECO,1,DESPEJADO,0,0,0,1,1
-8133065.66097335,-4413291.49055424,690,9144,1336037,-73.0605719,-36.8145688,95,CONCEPCION,1,8108,2021,1336037,REGION BIO BIO,8101,CONCEPCION,EJERCITO,RENGO,0,"EJERCITO & RENGO, CONCEPCION",CHILE,GEOMETRIC_CENTER,11391,2021,1336037,1,2021/03/01 00:00:00+00,1899/12/30 00:00:00+00,8,REGION BIO BIO,8101,CONCEPCION,10,ATROPELLO,10,ATROPELLO,1,URBANA,14,CRUCE CON SEÑAL PARE,1,IMPRUDENCIA DEL CONDUCTOR,31,NO RESPETAR DERECHO PREFERENTE DE PASO A PEATON,0,EJERCITO,0,RENGO,EJERCITO - RENGO,0, , , , ,2,0,1,UNIDIRECCIONAL,1,CONCRETO,1,BUENO,1,SECO,1,DESPEJADO,0,1,0,0,1
-8133065.66097335,-4413291.49055424,691,9145,1358606,-73.0605719,-36.8145688,95,CONCEPCION,1,20985,2021,1358606,REGION BIO BIO,8101,CONCEPCION,EJERCITO,RENGO,0,"EJERCITO & RENGO, CONCEPCION",CHILE,GEOMETRIC_CENTER,28933,2021,1358606,1,2021/06/02 00:00:00+00,1899/12/30 00:00:00+00,8,REGION BIO BIO,8101,CONCEPCION,30,COLISION,30,COLISION,1,URBANA,1,TRAMO DE VIA RECTA,1,IMPRUDENCIA DEL CONDUCTOR,27,CONDUCCION NO ATENTO CONDICIONES TRANSITO MOMENTO,0,EJERCITO,0,RENGO,EJERCITO - RENGO,0, , , , ,1,1,2,BIDIRECCIONAL,1,CONCRETO,1,BUENO,1,SECO,1,DESPEJADO,0,0,0,1,1
-8133065.66097335,-4413291.49055424,692,9146,1362887,-73.0605719,-36.8145688,95,CONCEPCION,1,27465,2021,1362887,REGION BIO BIO,8101,CONCEPCION,RENGO,EJERCITO,0,"RENGO & EJERCITO, CONCEPCION",CHILE,GEOMETRIC_CENTER,37901,2021,1362887,1,2021/07/12 00:00:00+00,1899/12/30 00:00:00+00,8,REGION BIO BIO,8101,CONCEPCION,30,COLISION,30,COLISION,1,URBANA,1,TRAMO DE VIA RECTA,14,OTRAS CAUSAS,98,OTRAS CAUSAS,0,RENGO,0,EJERCITO,EJERCITO - RENGO,0, , , , ,2,0,1,UNIDIRECCIONAL,1,CONCRETO,1,BUENO,1,SECO,1,DESPEJADO,0,0,0,0,2
-8129747.21582085,-4413280.49180602,693,9147,1350421,-73.0307618,-36.8144897,95,CONCEPCION,1,18479,2021,1350421,REGION BIO BIO,8101,CONCEPCION,LOS CARRERA,COLLAO,0,"LOS CARRERA & COLLAO, CONCEPCION",CHILE,GEOMETRIC_CENTER,25421,2021,1350421,1,2021/05/17 00:00:00+00,1899/12/30 00:00:00+00,8,REGION BIO BIO,8101,CONCEPCION,34,COLISION PERPENDICULAR,30,COLISION,1,URBANA,11,CRUCE CON SEMAFORO FUNCIONANDO,1,IMPRUDENCIA DEL CONDUCTOR,27,CONDUCCION NO ATENTO CONDICIONES TRANSITO MOMENTO,0,LOS CARRERA,0,COLLAO,COLLAO - LOS CARRERA,0, , , , ,3,3,3,BIDIRECCIONAL CON BANDEJON,1,CONCRETO,1,BUENO,1,SECO,1,DESPEJADO,0,0,0,0,2
-8129747.21582085,-4413280.49180602,694,9148,1352128,-73.0307618,-36.8144897,95,CONCEPCION,1,19525,2021,1352128,REGION BIO BIO,8101,CONCEPCION,COLLAO,JUAN BOSCO,0,"COLLAO & JUAN BOSCO, CONCEPCION",CHILE,GEOMETRIC_CENTER,26889,2021,1352128,1,2021/05/24 00:00:00+00,1899/12/30 00:00:00+00,8,REGION BIO BIO,8101,CONCEPCION,50,CHOQUE,40,CHOQUE,1,URBANA,11,CRUCE CON SEMAFORO FUNCIONANDO,9,PERDIDA CONTROL VEHICULO,95,PERDIDA CONTROL VEHICULO,0,COLLAO,0,JUAN BOSCO,COLLAO - JUAN BOSCO,0, , , , ,3,0,1,UNIDIRECCIONAL,1,CONCRETO,1,BUENO,1,SECO,1,DESPEJADO,0,0,0,0,1
-8129747.21582085,-4413280.49180602,695,9149,1353803,-73.0307618,-36.8144897,95,CONCEPCION,1,20841,2021,1353803,REGION BIO BIO,8101,CONCEPCION,LOS CARRERA,COLLAO,0,"LOS CARRERA & COLLAO, CONCEPCION",CHILE,GEOMETRIC_CENTER,28734,2021,1353803,1,2021/06/01 00:00:00+00,1899/12/30 00:00:00+00,8,REGION BIO BIO,8101,CONCEPCION,32,COLISION LATERAL,30,COLISION,1,URBANA,11,CRUCE CON SEMAFORO FUNCIONANDO,1,IMPRUDENCIA DEL CONDUCTOR,29,CONDUCCION CAMBIAR SORPRESIVAMENTE PISTA CIRCULACION,0,LOS CARRERA,0,COLLAO,COLLAO - LOS CARRERA,0, , , , ,3,3,3,BIDIRECCIONAL CON BANDEJON,1,CONCRETO,1,BUENO,1,SECO,2,NUBLADO,0,0,0,0,2
-8129747.21582085,-4413280.49180602,696,9150,1359607,-73.0307618,-36.8144897,95,CONCEPCION,1,24817,2021,1359607,REGION BIO BIO,8101,CONCEPCION,COLLAO,JUAN BOSCO,0,"COLLAO & JUAN BOSCO, CONCEPCION",CHILE,GEOMETRIC_CENTER,34220,2021,1359607,1,2021/06/26 00:00:00+00,1899/12/30 00:00:00+00,8,REGION BIO BIO,8101,CONCEPCION,51,CHOQUE FRONTAL,40,CHOQUE,1,URBANA,11,CRUCE CON SEMAFORO FUNCIONANDO,9,PERDIDA CONTROL VEHICULO,95,PERDIDA CONTROL VEHICULO,0,COLLAO,0,JUAN BOSCO,COLLAO - JUAN BOSCO,0, , , , ,3,0,1,UNIDIRECCIONAL,1,CONCRETO,1,BUENO,1,SECO,1,DESPEJADO,0,0,0,0,1
-8129747.21582085,-4413280.49180602,697,9151,1373913,-73.0307618,-36.8144897,95,CONCEPCION,1,34798,2021,1373913,REGION BIO BIO,8101,CONCEPCION,COLLAO,JUAN BOSCO,0,"COLLAO & JUAN BOSCO, CONCEPCION",CHILE,GEOMETRIC_CENTER,47994,2021,1373913,1,2021/08/23 00:00:00+00,1899/12/30 00:00:00+00,8,REGION BIO BIO,8101,CONCEPCION,32,COLISION LATERAL,30,COLISION,1,URBANA,24,ROTONDA,1,IMPRUDENCIA DEL CONDUCTOR,12,ADELANTAMIENTO SIN EFECTUAR LA SEÑAL RESPECTIVA,0,COLLAO,0,JUAN BOSCO,COLLAO - JUAN BOSCO,0, , , , ,2,0,1,UNIDIRECCIONAL,1,CONCRETO,1,BUENO,1,SECO,1,DESPEJADO,0,0,0,0,2
-8129747.21582085,-4413280.49180602,698,9152,1399573,-73.0307618,-36.8144897,95,CONCEPCION,1,52833,2021,1399573,REGION BIO BIO,8101,CONCEPCION,COLLAO,JUAN BOSCO,0,"COLLAO & JUAN BOSCO, CONCEPCION",CHILE,GEOMETRIC_CENTER,71807,2021,1399573,1,2021/11/27 00:00:00+00,1899/12/30 00:00:00+00,8,REGION BIO BIO,8101,CONCEPCION,30,COLISION,30,COLISION,1,URBANA,1,TRAMO DE VIA RECTA,4,ALCOHOL EN CONDUCTOR,24,CONDUCCION EN ESTADO DE EBRIEDAD,0,COLLAO,0,JUAN BOSCO,COLLAO - JUAN BOSCO,0, , , , ,2,2,2,BIDIRECCIONAL,1,CONCRETO,1,BUENO,1,SECO,1,DESPEJADO,0,0,0,0,3
-8129747.21582085,-4413280.49180602,699,9153,1403549,-73.0307618,-36.8144897,95,CONCEPCION,1,54438,2021,1403549,REGION BIO BIO,8101,CONCEPCION,COLLAO,LOS CARRERA,0,"COLLAO & LOS CARRERA, CONCEPCION",CHILE,GEOMETRIC_CENTER,73995,2021,1403549,1,2021/12/05 00:00:00+00,1899/12/30 00:00:00+00,8,REGION BIO BIO,8101,CONCEPCION,50,CHOQUE,40,CHOQUE,1,URBANA,11,CRUCE CON SEMAFORO FUNCIONANDO,1,IMPRUDENCIA DEL CONDUCTOR,27,CONDUCCION NO ATENTO CONDICIONES TRANSITO MOMENTO,0,COLLAO,0,LOS CARRERA,COLLAO - LOS CARRERA,0, , , , ,3,2,3,BIDIRECCIONAL CON BANDEJON,1,CONCRETO,1,BUENO,1,SECO,1,DESPEJADO,0,0,0,0,2
-8129747.21582085,-4413280.49180602,700,9154,1401278,-73.0307618,-36.8144897,95,CONCEPCION,1,54439,2021,1401278,REGION BIO BIO,8101,CONCEPCION,COLLAO,LOS CARRERA,0,"COLLAO & LOS CARRERA, CONCEPCION",CHILE,GEOMETRIC_CENTER,73996,2021,1401278,1,2021/12/05 00:00:00+00,1899/12/30 00:00:00+00,8,REGION BIO BIO,8101,CONCEPCION,63,CHOQUE FRENTE/POSTERIOR,40,CHOQUE,1,URBANA,11,CRUCE CON SEMAFORO FUNCIONANDO,1,IMPRUDENCIA DEL CONDUCTOR,27,CONDUCCION NO ATENTO CONDICIONES TRANSITO MOMENTO,0,COLLAO,0,LOS CARRERA,COLLAO - LOS CARRERA,0, , , , ,2,0,1,UNIDIRECCIONAL,1,CONCRETO,1,BUENO,1,SECO,1,DESPEJADO,0,0,0,0,2
-8129747.21582085,-4413280.49180602,701,9155,1405996,-73.0307618,-36.8144897,95,CONCEPCION,1,56212,2021,1405996,REGION BIO BIO,8101,CONCEPCION,LOS CARRERA,COLLAO,0,"LOS CARRERA & COLLAO, CONCEPCION",CHILE,GEOMETRIC_CENTER,76409,2021,1405996,1,2021/12/15 00:00:00+00,1899/12/30 00:00:00+00,8,REGION BIO BIO,8101,CONCEPCION,34,COLISION PERPENDICULAR,30,COLISION,1,URBANA,11,CRUCE CON SEMAFORO FUNCIONANDO,10,DESOBEDIENCIA A SEÑALIZACION,62,SEÑALIZACION DESOBEDECER LUZ ROJA DE SEMAFORO,0,LOS CARRERA,0,COLLAO,COLLAO - LOS CARRERA,0, , , , ,3,3,3,BIDIRECCIONAL CON BANDEJON,1,CONCRETO,1,BUENO,1,SECO,1,DESPEJADO,0,0,0,0,2
-8130776.01942282,-4413272.26013338,702,9156,1364660,-73.0400037,-36.8144305,95,CONCEPCION,1,28876,2021,1364660,REGION BIO BIO,8101,CONCEPCION,BULNES,LIENTUR,0,"BULNES & LIENTUR, CONCEPCION",CHILE,GEOMETRIC_CENTER,39914,2021,1364660,1,2021/07/21 00:00:00+00,1899/12/30 00:00:00+00,8,REGION BIO BIO,8101,CONCEPCION,30,COLISION,30,COLISION,1,URBANA,11,CRUCE CON SEMAFORO FUNCIONANDO,1,IMPRUDENCIA DEL CONDUCTOR,27,CONDUCCION NO ATENTO CONDICIONES TRANSITO MOMENTO,0,BULNES,0,LIENTUR,BULNES - LIENTUR,0, , , , ,2,0,1,UNIDIRECCIONAL,1,CONCRETO,1,BUENO,1,SECO,1,DESPEJADO,0,0,0,1,1
-8131829.86991021,-4413255.44918655,703,9157,1393476,-73.0494706,-36.8143096,95,CONCEPCION,1,48564,2021,1393476,REGION BIO BIO,8101,CONCEPCION,MANUEL RODRIGUEZ,ONGOLMO,0,"MANUEL RODRIGUEZ & ONGOLMO, CONCEPCION",CHILE,GEOMETRIC_CENTER,66212,2021,1393476,1,2021/11/06 00:00:00+00,1899/12/30 00:00:00+00,8,REGION BIO BIO,8101,CONCEPCION,50,CHOQUE,40,CHOQUE,1,URBANA,1,TRAMO DE VIA RECTA,4,ALCOHOL EN CONDUCTOR,24,CONDUCCION EN ESTADO DE EBRIEDAD,0,MANUEL RODRIGUEZ,0,ONGOLMO,MANUEL RODRIGUEZ - ONGOLMO,0, , , , ,2,2,2,BIDIRECCIONAL,1,CONCRETO,1,BUENO,1,SECO,1,DESPEJADO,0,0,0,0,2
-8130150.17011363,-4413232.089106,704,9158,1340170,-73.0343816,-36.8141416,95,CONCEPCION,1,11620,2021,1340170,REGION BIO BIO,8101,CONCEPCION,ATAHUALPA,DIAGONAL ORIENTE,0,"ATAHUALPA & DIAGONAL ORIENTE, CONCEPCION",CHILE,GEOMETRIC_CENTER,16099,2021,1340170,1,2021/03/24 00:00:00+00,1899/12/30 00:00:00+00,8,REGION BIO BIO,8101,CONCEPCION,30,COLISION,30,COLISION,1,URBANA,26,OTROS NO CONSIDERADOS,13,CAUSAS NO DETERMINADAS,97,CAUSAS NO DETERMINADAS,0,ATAHUALPA,0,DIAGONAL ORIENTE,ATAHUALPA - DIAGONAL ORIENTE,0, , , , ,1,1,2,BIDIRECCIONAL,1,CONCRETO,1,BUENO,1,SECO,1,DESPEJADO,0,0,0,1,1
-8130150.17011363,-4413232.089106,705,9159,1361475,-73.0343816,-36.8141416,95,CONCEPCION,1,26472,2021,1361475,REGION BIO BIO,8101,CONCEPCION,ATAHUALPA,DIAGONAL ORIENTE,0,"ATAHUALPA & DIAGONAL ORIENTE, CONCEPCION",CHILE,GEOMETRIC_CENTER,36516,2021,1361475,1,2021/07/07 00:00:00+00,1899/12/30 00:00:00+00,8,REGION BIO BIO,8101,CONCEPCION,30,COLISION,30,COLISION,1,URBANA,1,TRAMO DE VIA RECTA,1,IMPRUDENCIA DEL CONDUCTOR,27,CONDUCCION NO ATENTO CONDICIONES TRANSITO MOMENTO,0,ATAHUALPA,0,DIAGONAL ORIENTE,ATAHUALPA - DIAGONAL ORIENTE,0, , , , ,2,2,2,BIDIRECCIONAL,1,CONCRETO,1,BUENO,1,SECO,1,DESPEJADO,0,0,0,0,2
-8131797.8878205,-4413224.03823298,706,9160,1342973,-73.0491833,-36.8140837,95,CONCEPCION,1,13564,2021,1342973,REGION BIO BIO,8101,CONCEPCION,CALLE SIETE,MANUEL RODRIGUEZ,0,"CALLE SIETE & MANUEL RODRIGUEZ, CONCEPCION",CHILE,GEOMETRIC_CENTER,18734,2021,1342973,1,2021/04/10 00:00:00+00,1899/12/30 00:00:00+00,8,REGION BIO BIO,8101,CONCEPCION,50,CHOQUE,40,CHOQUE,1,URBANA,1,TRAMO DE VIA RECTA,13,CAUSAS NO DETERMINADAS,97,CAUSAS NO DETERMINADAS,0,CALLE SIETE,0,MANUEL RODRIGUEZ,CALLE SIETE - MANUEL RODRIGUEZ,0, , , , ,2,0,1,UNIDIRECCIONAL,1,CONCRETO,1,BUENO,1,SECO,1,DESPEJADO,0,0,0,0,2
-8131682.09328618,-4413217.29441484,707,9161,1327642,-73.0481431,-36.8140352,95,CONCEPCION,1,2765,2021,1327642,REGION BIO BIO,8101,CONCEPCION,PAICAVI,MANUEL RODRIGUEZ,0,"PAICAVI & MANUEL RODRIGUEZ, CONCEPCION",CHILE,GEOMETRIC_CENTER,3797,2021,1327642,1,2021/01/20 00:00:00+00,1899/12/30 00:00:00+00,8,REGION BIO BIO,8101,CONCEPCION,30,COLISION,30,COLISION,1,URBANA,11,CRUCE CON SEMAFORO FUNCIONANDO,13,CAUSAS NO DETERMINADAS,97,CAUSAS NO DETERMINADAS,0,PAICAVI,0,MANUEL RODRIGUEZ,MANUEL RODRIGUEZ - PAICAVI,0, , , , ,2,2,2,BIDIRECCIONAL,1,CONCRETO,1,BUENO,1,SECO,1,DESPEJADO,0,0,0,0,2
-8131682.09328618,-4413217.29441484,708,9162,1334647,-73.0481431,-36.8140352,95,CONCEPCION,1,7279,2021,1334647,REGION BIO BIO,8101,CONCEPCION,PAICAVI,MANUEL RODRIGUEZ,0,"PAICAVI & MANUEL RODRIGUEZ, CONCEPCION",CHILE,GEOMETRIC_CENTER,10239,2021,1334647,1,2021/02/23 00:00:00+00,1899/12/30 00:00:00+00,8,REGION BIO BIO,8101,CONCEPCION,50,CHOQUE,40,CHOQUE,1,URBANA,1,TRAMO DE VIA RECTA,13,CAUSAS NO DETERMINADAS,97,CAUSAS NO DETERMINADAS,0,PAICAVI,0,MANUEL RODRIGUEZ,MANUEL RODRIGUEZ - PAICAVI,0, , , , ,2,2,2,BIDIRECCIONAL,1,CONCRETO,1,BUENO,1,SECO,1,DESPEJADO,0,0,0,0,1
-8131682.09328618,-4413217.29441484,709,9163,1342964,-73.0481431,-36.8140352,95,CONCEPCION,1,13126,2021,1342964,REGION BIO BIO,8101,CONCEPCION,PAICAVI,MANUEL RODRIGUEZ,0,"PAICAVI & MANUEL RODRIGUEZ, CONCEPCION",CHILE,GEOMETRIC_CENTER,18130,2021,1342964,1,2021/04/07 00:00:00+00,1899/12/30 00:00:00+00,8,REGION BIO BIO,8101,CONCEPCION,30,COLISION,30,COLISION,1,URBANA,1,TRAMO DE VIA RECTA,12,FALLAS MECANICAS,1,FALLAS MECANICAS FRENOS,0,PAICAVI,0,MANUEL RODRIGUEZ,MANUEL RODRIGUEZ - PAICAVI,0, , , , ,3,3,2,BIDIRECCIONAL,1,CONCRETO,1,BUENO,1,SECO,1,DESPEJADO,0,0,0,1,3