X,Y,FID,FID_1,LABELID,POINT_X,POINT_Y,FID_2,COMUNAREAL,VAL_COM,OBJECTID,A_O,IDACCIDENT,REGION,COD_COMUN,COMUNA,CALLE_UNO,CALLE_DOS,NUMERO,DIR_GEOCOD,PAIS,TIPO,OBJECTID_1,Año,Idaccide_1,Claseaccid,Fecha,Hora,Cód_Regi,Región,Cód_Comun,Comuna_1,Cód_Tipo_,Tipo_Accid,Cód_Tipo1,Tipo__CONA,Cód_Zona,Zona,Cód_Ubica,Ubicación,Cód_Causa,Causa__CON,Cód_Cau_1,Causa,Cód_Calle,Calle_Un_1,Cód_Cal_1,Calle_Do_1,Intersecci,Número,Ruta,Cód_Ruta,Ubicaci_1,Km_Vía_Fe,Pistas_de_,Pistas_de1,Cód_Calza,Calzada,Cód__Tipo,Tipo_Calza,Cód_Estad,Estado_Cal,Cód_Condi,Condición,Cód_Est_1,Estado_Atm,Fallecidos,Graves,Menos_Grav,Leves,Ilesos
-8131682.09328618,-4413217.29441484,710,9164,1346499,-73.0481431,-36.8140352,95,CONCEPCION,1,16233,2021,1346499,REGION BIO BIO,8101,CONCEPCION,PAICAVI,MANUEL RODRIGUEZ,0,"PAICAVI & MANUEL RODRIGUEZ, CONCEPCION",CHILE,GEOMETRIC_CENTER,22367,2021,1346499,1,2021/05/01 00:00:00+00,1899/12/30 00:00:00+00,8,REGION BIO BIO,8101,CONCEPCION,30,COLISION,30,COLISION,1,URBANA,11,CRUCE CON SEMAFORO FUNCIONANDO,4,ALCOHOL EN CONDUCTOR,24,CONDUCCION EN ESTADO DE EBRIEDAD,0,PAICAVI,0,MANUEL RODRIGUEZ,MANUEL RODRIGUEZ - PAICAVI,0, , , , ,3,3,2,BIDIRECCIONAL,1,CONCRETO,1,BUENO,1,SECO,1,DESPEJADO,0,0,0,1,1
-8131682.09328618,-4413217.29441484,711,9165,1356269,-73.0481431,-36.8140352,95,CONCEPCION,1,21822,2021,1356269,REGION BIO BIO,8101,CONCEPCION,PAICAVI,MANUEL RODRIGUEZ,0,"PAICAVI & MANUEL RODRIGUEZ, CONCEPCION",CHILE,GEOMETRIC_CENTER,30083,2021,1356269,1,2021/06/07 00:00:00+00,1899/12/30 00:00:00+00,8,REGION BIO BIO,8101,CONCEPCION,30,COLISION,30,COLISION,1,URBANA,1,TRAMO DE VIA RECTA,13,CAUSAS NO DETERMINADAS,97,CAUSAS NO DETERMINADAS,0,PAICAVI,0,MANUEL RODRIGUEZ,MANUEL RODRIGUEZ - PAICAVI,0, , , , ,3,3,2,BIDIRECCIONAL,1,CONCRETO,1,BUENO,1,SECO,1,DESPEJADO,0,0,0,1,1
-8131682.09328618,-4413217.29441484,712,9166,1376135,-73.0481431,-36.8140352,95,CONCEPCION,1,35490,2021,1376135,REGION BIO BIO,8101,CONCEPCION,MANUEL RODRIGUEZ,PAICAVI,0,"MANUEL RODRIGUEZ & PAICAVI, CONCEPCION",CHILE,GEOMETRIC_CENTER,48869,2021,1376135,1,2021/08/27 00:00:00+00,1899/12/30 00:00:00+00,8,REGION BIO BIO,8101,CONCEPCION,30,COLISION,30,COLISION,1,URBANA,11,CRUCE CON SEMAFORO FUNCIONANDO,14,OTRAS CAUSAS,98,OTRAS CAUSAS,0,MANUEL RODRIGUEZ,0,PAICAVI,MANUEL RODRIGUEZ - PAICAVI,0, , , , ,2,2,2,BIDIRECCIONAL,1,CONCRETO,1,BUENO,1,SECO,1,DESPEJADO,0,0,0,0,2
-8131682.09328618,-4413217.29441484,713,9167,1376506,-73.0481431,-36.8140352,95,CONCEPCION,1,36749,2021,1376506,REGION BIO BIO,8101,CONCEPCION,PAICAVI,MANUEL RODRIGUEZ,0,"PAICAVI & MANUEL RODRIGUEZ, CONCEPCION",CHILE,GEOMETRIC_CENTER,50535,2021,1376506,1,2021/09/03 00:00:00+00,1899/12/30 00:00:00+00,8,REGION BIO BIO,8101,CONCEPCION,33,COLISION POR ALCANCE,30,COLISION,1,URBANA,1,TRAMO DE VIA RECTA,1,IMPRUDENCIA DEL CONDUCTOR,28,CONDUCCION SIN MANTENER DISTANCIA RAZONABLE NI PRUDENTE,0,PAICAVI,0,MANUEL RODRIGUEZ,MANUEL RODRIGUEZ - PAICAVI,0, , , , ,3,3,3,BIDIRECCIONAL CON BANDEJON,1,CONCRETO,1,BUENO,1,SECO,1,DESPEJADO,0,0,0,0,2
-8131682.09328618,-4413217.29441484,714,9168,1398866,-73.0481431,-36.8140352,95,CONCEPCION,1,49605,2021,1398866,REGION BIO BIO,8101,CONCEPCION,PAICAVI,MANUEL RODRIGUEZ,0,"PAICAVI & MANUEL RODRIGUEZ, CONCEPCION",CHILE,GEOMETRIC_CENTER,67577,2021,1398866,1,2021/11/11 00:00:00+00,1899/12/30 00:00:00+00,8,REGION BIO BIO,8101,CONCEPCION,30,COLISION,30,COLISION,1,URBANA,1,TRAMO DE VIA RECTA,1,IMPRUDENCIA DEL CONDUCTOR,27,CONDUCCION NO ATENTO CONDICIONES TRANSITO MOMENTO,0,PAICAVI,0,MANUEL RODRIGUEZ,MANUEL RODRIGUEZ - PAICAVI,0, , , , ,3,3,2,BIDIRECCIONAL,1,CONCRETO,1,BUENO,1,SECO,1,DESPEJADO,0,0,0,1,1
-8131682.09328618,-4413217.29441484,715,9169,1405829,-73.0481431,-36.8140352,95,CONCEPCION,1,57353,2021,1405829,REGION BIO BIO,8101,CONCEPCION,PAICAVI,MANUEL RODRIGUEZ,0,"PAICAVI & MANUEL RODRIGUEZ, CONCEPCION",CHILE,GEOMETRIC_CENTER,77889,2021,1405829,1,2021/12/20 00:00:00+00,1899/12/30 00:00:00+00,8,REGION BIO BIO,8101,CONCEPCION,50,CHOQUE,40,CHOQUE,1,URBANA,11,CRUCE CON SEMAFORO FUNCIONANDO,13,CAUSAS NO DETERMINADAS,97,CAUSAS NO DETERMINADAS,0,PAICAVI,0,MANUEL RODRIGUEZ,MANUEL RODRIGUEZ - PAICAVI,0, , , , ,3,3,2,BIDIRECCIONAL,1,CONCRETO,1,BUENO,1,SECO,1,DESPEJADO,0,0,0,0,2
-8134800.20788305,-4413215.66755626,716,9170,1343972,-73.0761536,-36.8140235,95,CONCEPCION,1,13824,2021,1343972,REGION BIO BIO,8101,CONCEPCION,MIRAFLORES,BRICE??ªO,0,"MIRAFLORES & BRICE??ªO, CONCEPCION",CHILE,GEOMETRIC_CENTER,19112,2021,1343972,1,2021/04/13 00:00:00+00,1899/12/30 00:00:00+00,8,REGION BIO BIO,8101,CONCEPCION,30,COLISION,30,COLISION,1,URBANA,14,CRUCE CON SEÑAL PARE,10,DESOBEDIENCIA A SEÑALIZACION,65,SEÑALIZACION DESOBEDECER SEÑAL PARE,0,MIRAFLORES,0,BRICEÑO,BRICEÑO - MIRAFLORES,0, , , , ,1,1,2,BIDIRECCIONAL,1,CONCRETO,1,BUENO,1,SECO,1,DESPEJADO,0,0,0,0,2
-8131779.66481986,-4413215.50069898,717,9171,1381774,-73.0490196,-36.8140223,95,CONCEPCION,1,40444,2021,1381774,REGION BIO BIO,8101,CONCEPCION,MANUEL RODRIGUEZ, ,1249,"MANUEL RODRIGUEZ 1249, CONCEPCION",CHILE,RANGE_INTERPOLATED,55510,2021,1381774,1,2021/09/23 00:00:00+00,1899/12/30 00:00:00+00,8,REGION BIO BIO,8101,CONCEPCION,30,COLISION,30,COLISION,1,URBANA,11,CRUCE CON SEMAFORO FUNCIONANDO,13,CAUSAS NO DETERMINADAS,97,CAUSAS NO DETERMINADAS,0,MANUEL RODRIGUEZ,0, ,- MANUEL RODRIGUEZ,1249, , , , ,2,2,2,BIDIRECCIONAL,1,CONCRETO,1,BUENO,1,SECO,1,DESPEJADO,0,1,0,1,0
-8133553.75241268,-4413214.04069792,718,9172,1376675,-73.0649565,-36.8140118,95,CONCEPCION,0,36695,2021,1376675,REGION BIO BIO,8103,CHIGUAYANTE,INTERLAGUNAS,CAMINO LOS CARROS,0,"INTERLAGUNAS & CAMINO LOS CARROS, CHIGUAYANTE",CHILE,GEOMETRIC_CENTER,50458,2021,1376675,1,2021/09/03 00:00:00+00,1899/12/30 00:00:00+00,8,REGION BIO BIO,8103,CHIGUAYANTE,50,CHOQUE,40,CHOQUE,1,URBANA,1,TRAMO DE VIA RECTA,4,ALCOHOL EN CONDUCTOR,24,CONDUCCION EN ESTADO DE EBRIEDAD,0,INTERLAGUNAS,0,CAMINO LOS CARROS,CAMINO LOS CARROS - INTERLAGUNAS,0, , , , ,2,2,2,BIDIRECCIONAL,1,CONCRETO,1,BUENO,1,SECO,1,DESPEJADO,0,0,0,1,0
-8133553.75241268,-4413214.04069792,719,9173,1398854,-73.0649565,-36.8140118,95,CONCEPCION,0,49244,2021,1398854,REGION BIO BIO,8103,CHIGUAYANTE,CAMINO LOS CARROS,INTERLAGUNA,0,"CAMINO LOS CARROS & INTERLAGUNA, CHIGUAYANTE",CHILE,GEOMETRIC_CENTER,67124,2021,1398854,1,2021/11/09 00:00:00+00,1899/12/30 00:00:00+00,8,REGION BIO BIO,8103,CHIGUAYANTE,50,CHOQUE,40,CHOQUE,1,URBANA,1,TRAMO DE VIA RECTA,13,CAUSAS NO DETERMINADAS,97,CAUSAS NO DETERMINADAS,0,CAMINO LOS CARROS,0,INTERLAGUNA,CAMINO LOS CARROS - INTERLAGUNA,0, , , , ,2,2,2,BIDIRECCIONAL,1,CONCRETO,1,BUENO,1,SECO,1,DESPEJADO,0,0,0,1,2
-8131602.7113573,-4413213.79041205,720,9174,1332757,-73.04743,-36.81401,95,CONCEPCION,1,6008,2021,1332757,REGION BIO BIO,8101,CONCEPCION,PAICAVI, ,1376,"PAICAVI 1376, CONCEPCION",CHILE,RANGE_INTERPOLATED,8386,2021,1332757,1,2021/02/13 00:00:00+00,1899/12/30 00:00:00+00,8,REGION BIO BIO,8101,CONCEPCION,50,CHOQUE,40,CHOQUE,1,URBANA,14,CRUCE CON SEÑAL PARE,1,IMPRUDENCIA DEL CONDUCTOR,27,CONDUCCION NO ATENTO CONDICIONES TRANSITO MOMENTO,0,PAICAVI,0, ,- PAICAVI,1376, , , , ,2,2,2,BIDIRECCIONAL,1,CONCRETO,1,BUENO,1,SECO,1,DESPEJADO,0,0,0,1,1
-8132759.86633214,-4413209.10450536,721,9175,1339004,-73.0578249,-36.8139763,95,CONCEPCION,1,10586,2021,1339004,REGION BIO BIO,8101,CONCEPCION,ANIBAL PINTO,BRASIL,0,"ANIBAL PINTO & BRASIL, CONCEPCION",CHILE,GEOMETRIC_CENTER,14719,2021,1339004,1,2021/03/16 00:00:00+00,1899/12/30 00:00:00+00,8,REGION BIO BIO,8101,CONCEPCION,30,COLISION,30,COLISION,1,URBANA,1,TRAMO DE VIA RECTA,13,CAUSAS NO DETERMINADAS,97,CAUSAS NO DETERMINADAS,0,ANIBAL PINTO,0,BRASIL,ANIBAL PINTO - BRASIL,0, , , , ,2,0,1,UNIDIRECCIONAL,1,CONCRETO,1,BUENO,1,SECO,1,DESPEJADO,0,1,0,0,1
-8133809.54233863,-4413208.75688625,722,9176,1399637,-73.0672543,-36.8139738,95,CONCEPCION,1,53323,2021,1399637,REGION BIO BIO,8101,CONCEPCION,LAGUNA REDONDA,MANUEL RODRIGUEZ,0,"LAGUNA REDONDA & MANUEL RODRIGUEZ, CONCEPCION",CHILE,GEOMETRIC_CENTER,72490,2021,1399637,1,2021/11/30 00:00:00+00,1899/12/30 00:00:00+00,8,REGION BIO BIO,8101,CONCEPCION,10,ATROPELLO,10,ATROPELLO,1,URBANA,26,OTROS NO CONSIDERADOS,1,IMPRUDENCIA DEL CONDUCTOR,31,NO RESPETAR DERECHO PREFERENTE DE PASO A PEATON,0,LAGUNA REDONDA,0,MANUEL RODRIGUEZ,LAGUNA REDONDA - MANUEL RODRIGUEZ,0, , , , ,1,1,2,BIDIRECCIONAL,1,CONCRETO,1,BUENO,1,SECO,1,DESPEJADO,0,0,0,1,1
-8128812.93359853,-4413201.17879251,723,9177,1326294,-73.022369,-36.8139193,95,CONCEPCION,1,1911,2021,1326294,REGION BIO BIO,8101,CONCEPCION,GENERAL BONILLA,PENCO,0,"GENERAL BONILLA & PENCO, CONCEPCION",CHILE,GEOMETRIC_CENTER,2620,2021,1326294,1,2021/01/13 00:00:00+00,1899/12/30 00:00:00+00,8,REGION BIO BIO,8101,CONCEPCION,32,COLISION LATERAL,30,COLISION,1,URBANA,24,ROTONDA,1,IMPRUDENCIA DEL CONDUCTOR,29,CONDUCCION CAMBIAR SORPRESIVAMENTE PISTA CIRCULACION,0,GENERAL BONILLA,0,PENCO,GENERAL BONILLA - PENCO,0, , , , ,3,0,1,UNIDIRECCIONAL,1,CONCRETO,1,BUENO,1,SECO,1,DESPEJADO,0,0,0,0,2
-8128812.93359853,-4413201.17879251,724,9178,1399289,-73.022369,-36.8139193,95,CONCEPCION,1,51267,2021,1399289,REGION BIO BIO,8101,CONCEPCION,GENERAL BONILLA, ,29,"GENERAL BONILLA 29, CONCEPCION",CHILE,RANGE_INTERPOLATED,69744,2021,1399289,1,2021/11/19 00:00:00+00,1899/12/30 00:00:00+00,8,REGION BIO BIO,8101,CONCEPCION,32,COLISION LATERAL,30,COLISION,1,URBANA,24,ROTONDA,1,IMPRUDENCIA DEL CONDUCTOR,11,ADELANTAMIENTO SIN EL ESPACIO O TIEMPO SUFICIENTE,0,GENERAL BONILLA,0, ,- GENERAL BONILLA,29, , , , ,3,0,1,UNIDIRECCIONAL,1,CONCRETO,1,BUENO,1,SECO,1,DESPEJADO,0,0,0,1,1
-8128812.93359853,-4413201.17879251,725,9179,1402675,-73.022369,-36.8139193,95,CONCEPCION,1,51906,2021,1402675,REGION BIO BIO,8101,CONCEPCION,GENERAL BONILLA, ,1,"GENERAL BONILLA 1, CONCEPCION",CHILE,RANGE_INTERPOLATED,70593,2021,1402675,1,2021/11/22 00:00:00+00,1899/12/30 00:00:00+00,8,REGION BIO BIO,8101,CONCEPCION,30,COLISION,30,COLISION,1,URBANA,1,TRAMO DE VIA RECTA,13,CAUSAS NO DETERMINADAS,97,CAUSAS NO DETERMINADAS,0,GENERAL BONILLA,0, ,- GENERAL BONILLA,1, , , , ,2,0,1,UNIDIRECCIONAL,1,CONCRETO,1,BUENO,1,SECO,1,DESPEJADO,0,0,0,0,2
-8128812.93359853,-4413201.17879251,726,9180,1405751,-73.022369,-36.8139193,95,CONCEPCION,1,56831,2021,1405751,REGION BIO BIO,8101,CONCEPCION,ROTONDA GENERAL BONILLA, ,1,"ROTONDA GENERAL BONILLA 1, CONCEPCION",CHILE,RANGE_INTERPOLATED,77214,2021,1405751,1,2021/12/18 00:00:00+00,1899/12/30 00:00:00+00,8,REGION BIO BIO,8101,CONCEPCION,30,COLISION,30,COLISION,1,URBANA,1,TRAMO DE VIA RECTA,13,CAUSAS NO DETERMINADAS,97,CAUSAS NO DETERMINADAS,0,ROTONDA GENERAL BONILLA,0, ,- ROTONDA GENERAL BONILLA,1, , , , ,2,2,2,BIDIRECCIONAL,1,CONCRETO,1,BUENO,1,SECO,1,DESPEJADO,0,0,0,0,2
-8129925.54964511,-4413193.79537058,727,9181,1342753,-73.0323638,-36.8138662,95,CONCEPCION,1,12849,2021,1342753,REGION BIO BIO,8101,CONCEPCION,CARDENIO AVELLO,HERAS,0,"CARDENIO AVELLO & HERAS, CONCEPCION",CHILE,GEOMETRIC_CENTER,17745,2021,1342753,1,2021/04/05 00:00:00+00,1899/12/30 00:00:00+00,8,REGION BIO BIO,8101,CONCEPCION,10,ATROPELLO,10,ATROPELLO,1,URBANA,14,CRUCE CON SEÑAL PARE,13,CAUSAS NO DETERMINADAS,97,CAUSAS NO DETERMINADAS,0,CARDENIO AVELLO,0,HERAS,CARDENIO AVELLO - HERAS,0, , , , ,2,0,1,UNIDIRECCIONAL,1,CONCRETO,1,BUENO,1,SECO,1,DESPEJADO,0,0,0,1,0
-8129925.54964511,-4413193.79537058,728,9182,1399281,-73.0323638,-36.8138662,95,CONCEPCION,1,50325,2021,1399281,REGION BIO BIO,8101,CONCEPCION,LAS HERAS,CARDENIO AVELLO,0,"LAS HERAS & CARDENIO AVELLO, CONCEPCION",CHILE,GEOMETRIC_CENTER,68554,2021,1399281,1,2021/11/14 00:00:00+00,1899/12/30 00:00:00+00,8,REGION BIO BIO,8101,CONCEPCION,70,VOLCADURA,70,VOLCADURA,1,URBANA,1,TRAMO DE VIA RECTA,13,CAUSAS NO DETERMINADAS,97,CAUSAS NO DETERMINADAS,0,LAS HERAS,0,CARDENIO AVELLO,CARDENIO AVELLO - LAS HERAS,0, , , , ,2,0,1,UNIDIRECCIONAL,1,CONCRETO,1,BUENO,1,SECO,1,DESPEJADO,0,0,0,0,1
-8129925.54964511,-4413193.79537058,729,9183,1404211,-73.0323638,-36.8138662,95,CONCEPCION,1,56250,2021,1404211,REGION BIO BIO,8101,CONCEPCION,CARDENIO AVELLO,LAS HERAS,0,"CARDENIO AVELLO & LAS HERAS, CONCEPCION",CHILE,GEOMETRIC_CENTER,76452,2021,1404211,1,2021/12/15 00:00:00+00,1899/12/30 00:00:00+00,8,REGION BIO BIO,8101,CONCEPCION,30,COLISION,30,COLISION,1,URBANA,14,CRUCE CON SEÑAL PARE,13,CAUSAS NO DETERMINADAS,97,CAUSAS NO DETERMINADAS,0,CARDENIO AVELLO,0,LAS HERAS,CARDENIO AVELLO - LAS HERAS,0, , , , ,2,0,1,UNIDIRECCIONAL,1,CONCRETO,1,BUENO,1,SECO,1,DESPEJADO,0,0,0,0,2
-8129674.52419337,-4413187.8163321,730,9184,1363055,-73.0301088,-36.8138232,95,CONCEPCION,1,27539,2021,1363055,REGION BIO BIO,8101,CONCEPCION,JUAN BOSCO,RETORNO AL PONIENTE,0,"JUAN BOSCO & RETORNO AL PONIENTE, CONCEPCION",CHILE,GEOMETRIC_CENTER,38001,2021,1363055,1,2021/07/13 00:00:00+00,1899/12/30 00:00:00+00,8,REGION BIO BIO,8101,CONCEPCION,30,COLISION,30,COLISION,1,URBANA,15,CRUCE CON SEÑAL CEDA EL PASO,1,IMPRUDENCIA DEL CONDUCTOR,27,CONDUCCION NO ATENTO CONDICIONES TRANSITO MOMENTO,0,JUAN BOSCO,0,RETORNO AL PONIENTE,JUAN BOSCO - RETORNO AL PONIENTE,0, , , , ,2,2,2,BIDIRECCIONAL,1,CONCRETO,1,BUENO,1,SECO,1,DESPEJADO,0,0,0,0,2
-8133988.97822584,-4413178.11083027,731,9185,1405748,-73.0688662,-36.8137534,95,CONCEPCION,0,56535,2021,1405748,REGION BIO BIO,8103,CHIGUAYANTE,21 DE MAYO, ,2317,"21 DE MAYO 2317, CHIGUAYANTE",CHILE,RANGE_INTERPOLATED,76820,2021,1405748,1,2021/12/16 00:00:00+00,1899/12/30 00:00:00+00,8,REGION BIO BIO,8103,CHIGUAYANTE,50,CHOQUE,40,CHOQUE,1,URBANA,1,TRAMO DE VIA RECTA,13,CAUSAS NO DETERMINADAS,97,CAUSAS NO DETERMINADAS,0,21 DE MAYO,0, ,- 21 DE MAYO,2317, , , , ,2,2,2,BIDIRECCIONAL,1,CONCRETO,1,BUENO,1,SECO,1,DESPEJADO,0,1,0,0,0
-8132298.90345272,-4413151.21912787,732,9186,1364664,-73.053684,-36.81356,95,CONCEPCION,1,28940,2021,1364664,REGION BIO BIO,8101,CONCEPCION,ARGENTINA, ,970,"ARGENTINA 970, CONCEPCION",CHILE,RANGE_INTERPOLATED,39996,2021,1364664,1,2021/07/21 00:00:00+00,1899/12/30 00:00:00+00,8,REGION BIO BIO,8101,CONCEPCION,30,COLISION,30,COLISION,1,URBANA,26,OTROS NO CONSIDERADOS,1,IMPRUDENCIA DEL CONDUCTOR,27,CONDUCCION NO ATENTO CONDICIONES TRANSITO MOMENTO,0,ARGENTINA,0, ,- ARGENTINA,970, , , , ,2,2,2,BIDIRECCIONAL,1,CONCRETO,1,BUENO,1,SECO,1,DESPEJADO,0,0,0,0,2
-8130842.51055467,-4413138.87177125,733,9187,1393327,-73.040601,-36.8134712,95,CONCEPCION,1,47835,2021,1393327,REGION BIO BIO,8101,CONCEPCION,CRUZ,LIENTUR,0,"CRUZ & LIENTUR, CONCEPCION",CHILE,GEOMETRIC_CENTER,65266,2021,1393327,1,2021/11/02 00:00:00+00,1899/12/30 00:00:00+00,8,REGION BIO BIO,8101,CONCEPCION,30,COLISION,30,COLISION,1,URBANA,14,CRUCE CON SEÑAL PARE,1,IMPRUDENCIA DEL CONDUCTOR,27,CONDUCCION NO ATENTO CONDICIONES TRANSITO MOMENTO,0,CRUZ,0,LIENTUR,CRUZ - LIENTUR,0, , , , ,2,2,2,BIDIRECCIONAL,1,CONCRETO,1,BUENO,1,SECO,1,DESPEJADO,0,0,0,0,2
-8129681.49279349,-4413135.49293629,734,9188,1331970,-73.0301714,-36.8134469,95,CONCEPCION,1,4546,2021,1331970,REGION BIO BIO,8101,CONCEPCION,SAN JUAN BOSCO,BAQUEDANO,0,"SAN JUAN BOSCO & BAQUEDANO, CONCEPCION",CHILE,GEOMETRIC_CENTER,6379,2021,1331970,1,2021/02/02 00:00:00+00,1899/12/30 00:00:00+00,8,REGION BIO BIO,8101,CONCEPCION,30,COLISION,30,COLISION,1,URBANA,26,OTROS NO CONSIDERADOS,1,IMPRUDENCIA DEL CONDUCTOR,27,CONDUCCION NO ATENTO CONDICIONES TRANSITO MOMENTO,0,SAN JUAN BOSCO,0,BAQUEDANO,BAQUEDANO - SAN JUAN BOSCO,0, , , , ,2,2,2,BIDIRECCIONAL,1,CONCRETO,1,BUENO,1,SECO,1,DESPEJADO,0,0,0,0,2
-8129681.49279349,-4413135.49293629,735,9189,1353225,-73.0301714,-36.8134469,95,CONCEPCION,1,20687,2021,1353225,REGION BIO BIO,8101,CONCEPCION,BAQUEDANO,JUAN BOSCO,0,"BAQUEDANO & JUAN BOSCO, CONCEPCION",CHILE,GEOMETRIC_CENTER,28509,2021,1353225,1,2021/05/31 00:00:00+00,1899/12/30 00:00:00+00,8,REGION BIO BIO,8101,CONCEPCION,10,ATROPELLO,10,ATROPELLO,1,URBANA,1,TRAMO DE VIA RECTA,2,IMPRUDENCIA DEL PEATON,55,PEATON CRUZA CALZADA FUERA PASO PEATONES,0,BAQUEDANO,0,JUAN BOSCO,BAQUEDANO - JUAN BOSCO,0, , , , ,2,0,1,UNIDIRECCIONAL,1,CONCRETO,1,BUENO,1,SECO,3,LLUVIA,0,1,0,0,1
-8129681.49279349,-4413135.49293629,736,9190,1399656,-73.0301714,-36.8134469,95,CONCEPCION,1,53315,2021,1399656,REGION BIO BIO,8101,CONCEPCION,BAQUEDANO,JUA N BOSCO,0,"BAQUEDANO & JUA N BOSCO, CONCEPCION",CHILE,GEOMETRIC_CENTER,72482,2021,1399656,1,2021/11/30 00:00:00+00,1899/12/30 00:00:00+00,8,REGION BIO BIO,8101,CONCEPCION,34,COLISION PERPENDICULAR,30,COLISION,1,URBANA,11,CRUCE CON SEMAFORO FUNCIONANDO,1,IMPRUDENCIA DEL CONDUCTOR,91,VIRAJES INDEBIDOS,0,BAQUEDANO,0,JUA N BOSCO,BAQUEDANO - JUA N BOSCO,0, , , , ,2,0,1,UNIDIRECCIONAL,1,CONCRETO,1,BUENO,1,SECO,1,DESPEJADO,0,1,0,0,1
-8129817.81464192,-4413135.08970091,737,9191,1369843,-73.031396,-36.813444,95,CONCEPCION,1,29827,2021,1369843,REGION BIO BIO,8101,CONCEPCION,CARDENIO AVELLO, ,70,"CARDENIO AVELLO 70, CONCEPCION",CHILE,RANGE_INTERPOLATED,41256,2021,1369843,1,2021/07/26 00:00:00+00,1899/12/30 00:00:00+00,8,REGION BIO BIO,8101,CONCEPCION,30,COLISION,30,COLISION,1,URBANA,1,TRAMO DE VIA RECTA,13,CAUSAS NO DETERMINADAS,97,CAUSAS NO DETERMINADAS,0,CARDENIO AVELLO,0, ,- CARDENIO AVELLO,70, , , , ,1,1,2,BIDIRECCIONAL,1,CONCRETO,1,BUENO,1,SECO,1,DESPEJADO,0,0,0,0,2
-8130549.41746736,-4413106.90497644,738,9192,1347902,-73.0379681,-36.8132413,95,CONCEPCION,0,15424,2021,1347902,REGION BIO BIO,8107,PENCO,CAMILO HENRIQUEZ, ,157,"CAMILO HENRIQUEZ 157, PENCO",CHILE,RANGE_INTERPOLATED,21243,2021,1347902,1,2021/04/25 00:00:00+00,1899/12/30 00:00:00+00,8,REGION BIO BIO,8107,PENCO,30,COLISION,30,COLISION,1,URBANA,1,TRAMO DE VIA RECTA,1,IMPRUDENCIA DEL CONDUCTOR,27,CONDUCCION NO ATENTO CONDICIONES TRANSITO MOMENTO,0,CAMILO HENRIQUEZ,0, ,- CAMILO HENRIQUEZ,157, , , , ,2,0,1,UNIDIRECCIONAL,1,CONCRETO,1,BUENO,1,SECO,1,DESPEJADO,0,0,1,0,1
-8134700.72165412,-4413102.39987693,739,9193,1341010,-73.0752599,-36.8132089,95,CONCEPCION,0,12297,2021,1341010,REGION BIO BIO,8103,CHIGUAYANTE,MIRAFLORES,JORGE MONTT,0,"MIRAFLORES & JORGE MONTT, CHIGUAYANTE",CHILE,GEOMETRIC_CENTER,17018,2021,1341010,1,2021/03/30 00:00:00+00,1899/12/30 00:00:00+00,8,REGION BIO BIO,8103,CHIGUAYANTE,50,CHOQUE,40,CHOQUE,1,URBANA,26,OTROS NO CONSIDERADOS,13,CAUSAS NO DETERMINADAS,97,CAUSAS NO DETERMINADAS,0,MIRAFLORES,0,JORGE MONTT,JORGE MONTT - MIRAFLORES,0, , , , ,2,2,2,BIDIRECCIONAL,1,CONCRETO,1,BUENO,1,SECO,1,DESPEJADO,0,0,0,1,0
-8130135.25330186,-4413100.216851,740,9194,1362684,-73.0342476,-36.8131932,95,CONCEPCION,1,26768,2021,1362684,REGION BIO BIO,8101,CONCEPCION,SANTA MARIA,CARDENIO AVELLO,0,"SANTA MARIA & CARDENIO AVELLO, CONCEPCION",CHILE,GEOMETRIC_CENTER,36906,2021,1362684,1,2021/07/08 00:00:00+00,1899/12/30 00:00:00+00,8,REGION BIO BIO,8101,CONCEPCION,10,ATROPELLO,10,ATROPELLO,1,URBANA,1,TRAMO DE VIA RECTA,13,CAUSAS NO DETERMINADAS,97,CAUSAS NO DETERMINADAS,0,SANTA MARIA,0,CARDENIO AVELLO,CARDENIO AVELLO - SANTA MARIA,0, , , , ,2,2,2,BIDIRECCIONAL,1,CONCRETO,1,BUENO,2,HUMEDO,4,LLOVIZNA,0,1,0,0,1
-8132817.47416863,-4413093.6677759,741,9195,1381770,-73.0583424,-36.8131461,95,CONCEPCION,1,40373,2021,1381770,REGION BIO BIO,8101,CONCEPCION,ANIBAL PINTO,EJERCITO,0,"ANIBAL PINTO & EJERCITO, CONCEPCION",CHILE,GEOMETRIC_CENTER,55426,2021,1381770,1,2021/09/23 00:00:00+00,1899/12/30 00:00:00+00,8,REGION BIO BIO,8101,CONCEPCION,10,ATROPELLO,10,ATROPELLO,1,URBANA,1,TRAMO DE VIA RECTA,14,OTRAS CAUSAS,98,OTRAS CAUSAS,0,ANIBAL PINTO,0,EJERCITO,ANIBAL PINTO - EJERCITO,0, , , , ,3,0,1,UNIDIRECCIONAL,1,CONCRETO,1,BUENO,1,SECO,1,DESPEJADO,0,0,0,1,1