X,Y,FID,FID_1,LABELID,POINT_X,POINT_Y,FID_2,COMUNAREAL,VAL_COM,OBJECTID,A_O,IDACCIDENT,REGION,COD_COMUN,COMUNA,CALLE_UNO,CALLE_DOS,NUMERO,DIR_GEOCOD,PAIS,TIPO,OBJECTID_1,Año,Idaccide_1,Claseaccid,Fecha,Hora,Cód_Regi,Región,Cód_Comun,Comuna_1,Cód_Tipo_,Tipo_Accid,Cód_Tipo1,Tipo__CONA,Cód_Zona,Zona,Cód_Ubica,Ubicación,Cód_Causa,Causa__CON,Cód_Cau_1,Causa,Cód_Calle,Calle_Un_1,Cód_Cal_1,Calle_Do_1,Intersecci,Número,Ruta,Cód_Ruta,Ubicaci_1,Km_Vía_Fe,Pistas_de_,Pistas_de1,Cód_Calza,Calzada,Cód__Tipo,Tipo_Calza,Cód_Estad,Estado_Cal,Cód_Condi,Condición,Cód_Est_1,Estado_Atm,Fallecidos,Graves,Menos_Grav,Leves,Ilesos
-8132817.47416863,-4413093.6677759,742,9196,1383378,-73.0583424,-36.8131461,95,CONCEPCION,1,41532,2021,1383378,REGION BIO BIO,8101,CONCEPCION,ANIBAL PINTO,EJERCITO,0,"ANIBAL PINTO & EJERCITO, CONCEPCION",CHILE,GEOMETRIC_CENTER,56916,2021,1383378,1,2021/09/29 00:00:00+00,1899/12/30 00:00:00+00,8,REGION BIO BIO,8101,CONCEPCION,10,ATROPELLO,10,ATROPELLO,1,URBANA,1,TRAMO DE VIA RECTA,14,OTRAS CAUSAS,98,OTRAS CAUSAS,0,ANIBAL PINTO,0,EJERCITO,ANIBAL PINTO - EJERCITO,0, , , , ,2,0,1,UNIDIRECCIONAL,1,CONCRETO,1,BUENO,1,SECO,1,DESPEJADO,0,0,0,1,1
-8132817.47416863,-4413093.6677759,743,9197,1399850,-73.0583424,-36.8131461,95,CONCEPCION,1,50723,2021,1399850,REGION BIO BIO,8101,CONCEPCION,EJERCITO,ANIBAL PINTO,0,"EJERCITO & ANIBAL PINTO, CONCEPCION",CHILE,GEOMETRIC_CENTER,69062,2021,1399850,1,2021/11/16 00:00:00+00,1899/12/30 00:00:00+00,8,REGION BIO BIO,8101,CONCEPCION,30,COLISION,30,COLISION,1,URBANA,1,TRAMO DE VIA RECTA,13,CAUSAS NO DETERMINADAS,97,CAUSAS NO DETERMINADAS,0,EJERCITO,0,ANIBAL PINTO,ANIBAL PINTO - EJERCITO,0, , , , ,2,0,1,UNIDIRECCIONAL,2,ASFALTO,1,BUENO,1,SECO,1,DESPEJADO,0,0,0,0,2
-8134059.61044275,-4413068.45874099,744,9198,1340487,-73.0695007,-36.8129648,95,CONCEPCION,1,11333,2021,1340487,REGION BIO BIO,8101,CONCEPCION,21 DE MAYO, ,21,"21 DE MAYO 21, CONCEPCION",CHILE,RANGE_INTERPOLATED,15716,2021,1340487,1,2021/03/22 00:00:00+00,1899/12/30 00:00:00+00,8,REGION BIO BIO,8101,CONCEPCION,32,COLISION LATERAL,30,COLISION,1,URBANA,1,TRAMO DE VIA RECTA,1,IMPRUDENCIA DEL CONDUCTOR,29,CONDUCCION CAMBIAR SORPRESIVAMENTE PISTA CIRCULACION,0,21 DE MAYO,0, ,- 21 DE MAYO,21, , , , ,2,2,2,BIDIRECCIONAL,1,CONCRETO,1,BUENO,1,SECO,1,DESPEJADO,0,0,0,0,2
-8131768.47721104,-4413064.82964601,745,9199,1356256,-73.0489191,-36.8129387,95,CONCEPCION,1,16758,2021,1356256,REGION BIO BIO,8101,CONCEPCION,PAICAVI,BANDERAS,0,"PAICAVI & BANDERAS, CONCEPCION",CHILE,GEOMETRIC_CENTER,23121,2021,1356256,1,2021/05/06 00:00:00+00,1899/12/30 00:00:00+00,8,REGION BIO BIO,8101,CONCEPCION,50,CHOQUE,40,CHOQUE,1,URBANA,26,OTROS NO CONSIDERADOS,1,IMPRUDENCIA DEL CONDUCTOR,27,CONDUCCION NO ATENTO CONDICIONES TRANSITO MOMENTO,0,PAICAVI,0,BANDERAS,BANDERAS - PAICAVI,0, , , , ,3,3,2,BIDIRECCIONAL,1,CONCRETO,1,BUENO,1,SECO,1,DESPEJADO,0,0,0,0,1
-8131768.47721104,-4413064.82964601,746,9200,1364013,-73.0489191,-36.8129387,95,CONCEPCION,1,27853,2021,1364013,REGION BIO BIO,8101,CONCEPCION,BANDERAS,PAICAVI,0,"BANDERAS & PAICAVI, CONCEPCION",CHILE,GEOMETRIC_CENTER,38470,2021,1364013,1,2021/07/15 00:00:00+00,1899/12/30 00:00:00+00,8,REGION BIO BIO,8101,CONCEPCION,10,ATROPELLO,10,ATROPELLO,1,URBANA,1,TRAMO DE VIA RECTA,14,OTRAS CAUSAS,98,OTRAS CAUSAS,0,BANDERAS,0,PAICAVI,BANDERAS - PAICAVI,0, , , , ,2,0,1,UNIDIRECCIONAL,1,CONCRETO,1,BUENO,1,SECO,1,DESPEJADO,0,0,0,1,1
-8131768.47721104,-4413064.82964601,747,9201,1371067,-73.0489191,-36.8129387,95,CONCEPCION,1,33210,2021,1371067,REGION BIO BIO,8101,CONCEPCION,PAICAVI,BANDERA,0,"PAICAVI & BANDERA, CONCEPCION",CHILE,GEOMETRIC_CENTER,45779,2021,1371067,1,2021/08/13 00:00:00+00,1899/12/30 00:00:00+00,8,REGION BIO BIO,8101,CONCEPCION,30,COLISION,30,COLISION,1,URBANA,11,CRUCE CON SEMAFORO FUNCIONANDO,1,IMPRUDENCIA DEL CONDUCTOR,27,CONDUCCION NO ATENTO CONDICIONES TRANSITO MOMENTO,0,PAICAVI,0,BANDERA,BANDERA - PAICAVI,0, , , , ,3,3,2,BIDIRECCIONAL,1,CONCRETO,1,BUENO,1,SECO,1,DESPEJADO,0,0,0,0,2
-8131768.47721104,-4413064.82964601,748,9202,1387190,-73.0489191,-36.8129387,95,CONCEPCION,1,44652,2021,1387190,REGION BIO BIO,8101,CONCEPCION,PAICAVI,BANDERA,0,"PAICAVI & BANDERA, CONCEPCION",CHILE,GEOMETRIC_CENTER,61029,2021,1387190,1,2021/10/15 00:00:00+00,1899/12/30 00:00:00+00,8,REGION BIO BIO,8101,CONCEPCION,33,COLISION POR ALCANCE,30,COLISION,1,URBANA,11,CRUCE CON SEMAFORO FUNCIONANDO,7,VELOCIDAD IMPRUDENTE,72,VELOCIDAD NO RAZONABLE NI PRUDENTE,0,PAICAVI,0,BANDERA,BANDERA - PAICAVI,0, , , , ,3,3,3,BIDIRECCIONAL CON BANDEJON,1,CONCRETO,1,BUENO,1,SECO,1,DESPEJADO,0,0,0,0,2
-8131768.47721104,-4413064.82964601,749,9203,1399367,-73.0489191,-36.8129387,95,CONCEPCION,1,50757,2021,1399367,REGION BIO BIO,8101,CONCEPCION,PAICAVI,BANDERA,0,"PAICAVI & BANDERA, CONCEPCION",CHILE,GEOMETRIC_CENTER,69110,2021,1399367,1,2021/11/17 00:00:00+00,1899/12/30 00:00:00+00,8,REGION BIO BIO,8101,CONCEPCION,33,COLISION POR ALCANCE,30,COLISION,1,URBANA,11,CRUCE CON SEMAFORO FUNCIONANDO,1,IMPRUDENCIA DEL CONDUCTOR,28,CONDUCCION SIN MANTENER DISTANCIA RAZONABLE NI PRUDENTE,0,PAICAVI,0,BANDERA,BANDERA - PAICAVI,0, , , , ,3,3,3,BIDIRECCIONAL CON BANDEJON,1,CONCRETO,1,BUENO,1,SECO,1,DESPEJADO,0,0,0,0,2
-8128986.1021984,-4413048.51959075,750,9204,1366757,-73.0239246,-36.8128214,95,CONCEPCION,1,29416,2021,1366757,REGION BIO BIO,8101,CONCEPCION,GENERAL BONILLA, ,2098,"GENERAL BONILLA 2098, CONCEPCION",CHILE,RANGE_INTERPOLATED,40673,2021,1366757,1,2021/07/24 00:00:00+00,1899/12/30 00:00:00+00,8,REGION BIO BIO,8101,CONCEPCION,32,COLISION LATERAL,30,COLISION,1,URBANA,1,TRAMO DE VIA RECTA,7,VELOCIDAD IMPRUDENTE,72,VELOCIDAD NO RAZONABLE NI PRUDENTE,0,GENERAL BONILLA,0, ,- GENERAL BONILLA,2098, , , , ,2,0,1,UNIDIRECCIONAL,1,CONCRETO,1,BUENO,1,SECO,2,NUBLADO,0,0,0,0,2
-8128986.1021984,-4413048.51959075,751,9205,1369519,-73.0239246,-36.8128214,95,CONCEPCION,1,31619,2021,1369519,REGION BIO BIO,8101,CONCEPCION,GENERAL BONILLA, ,2098,"GENERAL BONILLA 2098, CONCEPCION",CHILE,RANGE_INTERPOLATED,43647,2021,1369519,1,2021/08/05 00:00:00+00,1899/12/30 00:00:00+00,8,REGION BIO BIO,8101,CONCEPCION,30,COLISION,30,COLISION,1,URBANA,14,CRUCE CON SEÑAL PARE,10,DESOBEDIENCIA A SEÑALIZACION,65,SEÑALIZACION DESOBEDECER SEÑAL PARE,0,GENERAL BONILLA,0, ,- GENERAL BONILLA,2098, , , , ,2,2,3,BIDIRECCIONAL CON BANDEJON,1,CONCRETO,1,BUENO,1,SECO,2,NUBLADO,0,0,0,0,2
-8129012.27341069,-4413029.19227714,752,9206,1388743,-73.0241597,-36.8126824,95,CONCEPCION,1,45250,2021,1388743,REGION BIO BIO,8101,CONCEPCION,GENERAL BONILLA, ,2845,"GENERAL BONILLA 2845, CONCEPCION",CHILE,RANGE_INTERPOLATED,61863,2021,1388743,1,2021/10/19 00:00:00+00,1899/12/30 00:00:00+00,8,REGION BIO BIO,8101,CONCEPCION,33,COLISION POR ALCANCE,30,COLISION,1,URBANA,16,CRUCE SIN SEÑALIZACION,1,IMPRUDENCIA DEL CONDUCTOR,28,CONDUCCION SIN MANTENER DISTANCIA RAZONABLE NI PRUDENTE,0,GENERAL BONILLA,0, ,- GENERAL BONILLA,2845, , , , ,3,3,3,BIDIRECCIONAL CON BANDEJON,1,CONCRETO,1,BUENO,1,SECO,1,DESPEJADO,0,0,0,0,2
-8134130.64340982,-4413011.07469056,753,9207,1399697,-73.0701388,-36.8125521,95,CONCEPCION,0,50528,2021,1399697,REGION BIO BIO,8103,CHIGUAYANTE,21 DE MAYO,VALENZUELA,0,"21 DE MAYO & VALENZUELA, CHIGUAYANTE",CHILE,GEOMETRIC_CENTER,68810,2021,1399697,1,2021/11/15 00:00:00+00,1899/12/30 00:00:00+00,8,REGION BIO BIO,8103,CHIGUAYANTE,30,COLISION,30,COLISION,1,URBANA,1,TRAMO DE VIA RECTA,14,OTRAS CAUSAS,98,OTRAS CAUSAS,0,21 DE MAYO,0,VALENZUELA,21 DE MAYO - VALENZUELA,0, , , , ,2,2,2,BIDIRECCIONAL,1,CONCRETO,1,BUENO,1,SECO,1,DESPEJADO,0,0,0,0,2
-8130258.6954852,-4413009.48957701,754,9208,1338984,-73.0353565,-36.8125407,95,CONCEPCION,1,10168,2021,1338984,REGION BIO BIO,8101,CONCEPCION,PATRICIO LYNCH,CARDENIO AVELLO,0,"PATRICIO LYNCH & CARDENIO AVELLO, CONCEPCION",CHILE,GEOMETRIC_CENTER,14133,2021,1338984,1,2021/03/13 00:00:00+00,1899/12/30 00:00:00+00,8,REGION BIO BIO,8101,CONCEPCION,30,COLISION,30,COLISION,1,URBANA,1,TRAMO DE VIA RECTA,13,CAUSAS NO DETERMINADAS,97,CAUSAS NO DETERMINADAS,0,PATRICIO LYNCH,0,CARDENIO AVELLO,CARDENIO AVELLO - PATRICIO LYNCH,0, , , , ,1,1,2,BIDIRECCIONAL,1,CONCRETO,1,BUENO,1,SECO,1,DESPEJADO,0,0,0,0,2
-8131953.9132188,-4413009.43395899,755,9209,1402717,-73.0505849,-36.8125403,95,CONCEPCION,1,52730,2021,1402717,REGION BIO BIO,8101,CONCEPCION,ONGOLMO,VICU??ªA MACKENA,0,"ONGOLMO & VICU??ªA MACKENA, CONCEPCION",CHILE,GEOMETRIC_CENTER,71664,2021,1402717,1,2021/11/26 00:00:00+00,1899/12/30 00:00:00+00,8,REGION BIO BIO,8101,CONCEPCION,30,COLISION,30,COLISION,1,URBANA,14,CRUCE CON SEÑAL PARE,13,CAUSAS NO DETERMINADAS,97,CAUSAS NO DETERMINADAS,0,ONGOLMO,0,VICUÑA MACKENA,ONGOLMO - VICUÑA MACKENA,0, , , , ,2,2,2,BIDIRECCIONAL,1,CONCRETO,1,BUENO,1,SECO,1,DESPEJADO,0,0,0,1,1
-8129095.68510514,-4412993.44379171,756,9210,1356253,-73.024909,-36.8124253,95,CONCEPCION,1,16724,2021,1356253,REGION BIO BIO,8101,CONCEPCION,GENERAL BONILLA,ALONSO DE RIBERA,0,"GENERAL BONILLA & ALONSO DE RIBERA, CONCEPCION",CHILE,GEOMETRIC_CENTER,23076,2021,1356253,1,2021/05/05 00:00:00+00,1899/12/30 00:00:00+00,8,REGION BIO BIO,8101,CONCEPCION,30,COLISION,30,COLISION,1,URBANA,1,TRAMO DE VIA RECTA,13,CAUSAS NO DETERMINADAS,97,CAUSAS NO DETERMINADAS,0,GENERAL BONILLA,0,ALONSO DE RIBERA,ALONSO DE RIBERA - GENERAL BONILLA,0, , , , ,2,2,2,BIDIRECCIONAL,2,ASFALTO,1,BUENO,1,SECO,1,DESPEJADO,0,0,0,0,2
-8129095.68510514,-4412993.44379171,757,9211,1357248,-73.024909,-36.8124253,95,CONCEPCION,1,18669,2021,1357248,REGION BIO BIO,8101,CONCEPCION,ROTONDA GENERAL BONILLA,ALONSO DE RIBERA,0,"ROTONDA GENERAL BONILLA & ALONSO DE RIBERA, CONCEPCION",CHILE,GEOMETRIC_CENTER,25665,2021,1357248,1,2021/05/18 00:00:00+00,1899/12/30 00:00:00+00,8,REGION BIO BIO,8101,CONCEPCION,30,COLISION,30,COLISION,1,URBANA,1,TRAMO DE VIA RECTA,13,CAUSAS NO DETERMINADAS,97,CAUSAS NO DETERMINADAS,0,ROTONDA GENERAL BONILLA,0,ALONSO DE RIBERA,ALONSO DE RIBERA - ROTONDA GENERAL BONILLA,0, , , , ,2,2,2,BIDIRECCIONAL,1,CONCRETO,1,BUENO,1,SECO,1,DESPEJADO,0,0,0,0,2
-8129095.68510514,-4412993.44379171,758,9212,1386603,-73.024909,-36.8124253,95,CONCEPCION,1,43234,2021,1386603,REGION BIO BIO,8101,CONCEPCION,GENERAL BONILLA,JOSE MIGUEL GARCIA,0,"GENERAL BONILLA & JOSE MIGUEL GARCIA, CONCEPCION",CHILE,GEOMETRIC_CENTER,59131,2021,1386603,1,2021/10/08 00:00:00+00,1899/12/30 00:00:00+00,8,REGION BIO BIO,8101,CONCEPCION,32,COLISION LATERAL,30,COLISION,1,URBANA,15,CRUCE CON SEÑAL CEDA EL PASO,10,DESOBEDIENCIA A SEÑALIZACION,64,SEÑALIZACION DESOBEDECER SEÑAL CEDA EL PASO,0,GENERAL BONILLA,0,JOSE MIGUEL GARCIA,GENERAL BONILLA - JOSE MIGUEL GARCIA,0, , , , ,2,0,1,UNIDIRECCIONAL,1,CONCRETO,1,BUENO,1,SECO,1,DESPEJADO,0,0,0,1,1
-8129095.68510514,-4412993.44379171,759,9213,1386690,-73.024909,-36.8124253,95,CONCEPCION,1,43984,2021,1386690,REGION BIO BIO,8101,CONCEPCION,GENERAL BONILLA,JOSE MIGUEL GARCIA,0,"GENERAL BONILLA & JOSE MIGUEL GARCIA, CONCEPCION",CHILE,GEOMETRIC_CENTER,60174,2021,1386690,1,2021/10/12 00:00:00+00,1899/12/30 00:00:00+00,8,REGION BIO BIO,8101,CONCEPCION,32,COLISION LATERAL,30,COLISION,1,URBANA,24,ROTONDA,1,IMPRUDENCIA DEL CONDUCTOR,91,VIRAJES INDEBIDOS,0,GENERAL BONILLA,0,JOSE MIGUEL GARCIA,GENERAL BONILLA - JOSE MIGUEL GARCIA,0, , , , ,3,0,1,UNIDIRECCIONAL,1,CONCRETO,1,BUENO,1,SECO,2,NUBLADO,0,0,0,0,2
-8132691.59408844,-4412993.36036481,760,9214,1329556,-73.0572116,-36.8124247,95,CONCEPCION,1,3889,2021,1329556,REGION BIO BIO,8101,CONCEPCION,COLO COLO,EJERCITO,0,"COLO COLO & EJERCITO, CONCEPCION",CHILE,GEOMETRIC_CENTER,5394,2021,1329556,1,2021/01/28 00:00:00+00,1899/12/30 00:00:00+00,8,REGION BIO BIO,8101,CONCEPCION,30,COLISION,30,COLISION,1,URBANA,16,CRUCE SIN SEÑALIZACION,1,IMPRUDENCIA DEL CONDUCTOR,32,NO RESPETAR DERECHO PREFERENTE DE PASO A VEHICULO,0,COLO COLO,0,EJERCITO,COLO COLO - EJERCITO,0, , , , ,1,1,2,BIDIRECCIONAL,1,CONCRETO,1,BUENO,2,HUMEDO,4,LLOVIZNA,0,0,0,1,0
-8132691.59408844,-4412993.36036481,761,9215,1400176,-73.0572116,-36.8124247,95,CONCEPCION,1,50645,2021,1400176,REGION BIO BIO,8101,CONCEPCION,COLO COLO,EJERCITO,0,"COLO COLO & EJERCITO, CONCEPCION",CHILE,GEOMETRIC_CENTER,68965,2021,1400176,1,2021/11/16 00:00:00+00,1899/12/30 00:00:00+00,8,REGION BIO BIO,8101,CONCEPCION,30,COLISION,30,COLISION,1,URBANA,1,TRAMO DE VIA RECTA,1,IMPRUDENCIA DEL CONDUCTOR,27,CONDUCCION NO ATENTO CONDICIONES TRANSITO MOMENTO,0,COLO COLO,0,EJERCITO,COLO COLO - EJERCITO,0, , , , ,2,0,1,UNIDIRECCIONAL,1,CONCRETO,1,BUENO,1,SECO,1,DESPEJADO,0,0,0,0,2
-8134121.51521158,-4412992.72075862,762,9216,1356181,-73.0700568,-36.8124201,95,CONCEPCION,1,11614,2021,1356181,REGION BIO BIO,8101,CONCEPCION,21 DE MAYO,MAGALLANES,0,"21 DE MAYO & MAGALLANES, CONCEPCION",CHILE,GEOMETRIC_CENTER,16092,2021,1356181,1,2021/03/24 00:00:00+00,1899/12/30 00:00:00+00,8,REGION BIO BIO,8101,CONCEPCION,34,COLISION PERPENDICULAR,30,COLISION,1,URBANA,11,CRUCE CON SEMAFORO FUNCIONANDO,10,DESOBEDIENCIA A SEÑALIZACION,62,SEÑALIZACION DESOBEDECER LUZ ROJA DE SEMAFORO,0,21 DE MAYO,0,MAGALLANES,21 DE MAYO - MAGALLANES,0, , , , ,2,0,1,UNIDIRECCIONAL,1,CONCRETO,1,BUENO,1,SECO,1,DESPEJADO,0,0,0,1,1
-8134121.51521158,-4412992.72075862,763,9217,1341241,-73.0700568,-36.8124201,95,CONCEPCION,1,12432,2021,1341241,REGION BIO BIO,8101,CONCEPCION,21 DE MAYO,ABRAHAM VALENZUELA,0,"21 DE MAYO & ABRAHAM VALENZUELA, CONCEPCION",CHILE,GEOMETRIC_CENTER,17196,2021,1341241,1,2021/03/31 00:00:00+00,1899/12/30 00:00:00+00,8,REGION BIO BIO,8101,CONCEPCION,32,COLISION LATERAL,30,COLISION,1,URBANA,1,TRAMO DE VIA RECTA,4,ALCOHOL EN CONDUCTOR,24,CONDUCCION EN ESTADO DE EBRIEDAD,0,21 DE MAYO,0,ABRAHAM VALENZUELA,21 DE MAYO - ABRAHAM VALENZUELA,0, , , , ,2,2,3,BIDIRECCIONAL CON BANDEJON,1,CONCRETO,1,BUENO,1,SECO,2,NUBLADO,0,0,0,0,2
-8131694.28277042,-4412980.86024217,764,9218,1376746,-73.0482526,-36.8123348,95,CONCEPCION,1,37203,2021,1376746,REGION BIO BIO,8101,CONCEPCION,BANDERA, ,1377,"BANDERA 1377, CONCEPCION",CHILE,RANGE_INTERPOLATED,51156,2021,1376746,1,2021/09/05 00:00:00+00,1899/12/30 00:00:00+00,8,REGION BIO BIO,8101,CONCEPCION,50,CHOQUE,40,CHOQUE,1,URBANA,1,TRAMO DE VIA RECTA,13,CAUSAS NO DETERMINADAS,97,CAUSAS NO DETERMINADAS,0,BANDERA,0, ,- BANDERA,1377, , , , ,1,1,2,BIDIRECCIONAL,1,CONCRETO,1,BUENO,1,SECO,1,DESPEJADO,0,0,0,0,1
-8130402.93214943,-4412969.61153478,765,9219,1381775,-73.0366522,-36.8122539,95,CONCEPCION,1,40588,2021,1381775,REGION BIO BIO,8101,CONCEPCION,CAMILO HENRIQUEZ, ,250,"CAMILO HENRIQUEZ 250, CONCEPCION",CHILE,RANGE_INTERPOLATED,55709,2021,1381775,1,2021/09/24 00:00:00+00,1899/12/30 00:00:00+00,8,REGION BIO BIO,8101,CONCEPCION,50,CHOQUE,40,CHOQUE,1,URBANA,1,TRAMO DE VIA RECTA,13,CAUSAS NO DETERMINADAS,97,CAUSAS NO DETERMINADAS,0,CAMILO HENRIQUEZ,0, ,- CAMILO HENRIQUEZ,250, , , , ,2,2,2,BIDIRECCIONAL,1,CONCRETO,1,BUENO,1,SECO,1,DESPEJADO,0,0,0,0,2
-8132896.87836141,-4412946.83606724,766,9220,1325800,-73.0590557,-36.8120901,95,CONCEPCION,1,1549,2021,1325800,REGION BIO BIO,8101,CONCEPCION,ANIBAL PINTO,JUAN DE DIOS RIVERA,0,"ANIBAL PINTO & JUAN DE DIOS RIVERA, CONCEPCION",CHILE,GEOMETRIC_CENTER,2137,2021,1325800,1,2021/01/11 00:00:00+00,1899/12/30 00:00:00+00,8,REGION BIO BIO,8101,CONCEPCION,32,COLISION LATERAL,30,COLISION,1,URBANA,16,CRUCE SIN SEÑALIZACION,1,IMPRUDENCIA DEL CONDUCTOR,27,CONDUCCION NO ATENTO CONDICIONES TRANSITO MOMENTO,0,ANIBAL PINTO,0,JUAN DE DIOS RIVERA,ANIBAL PINTO - JUAN DE DIOS RIVERA,0, , , , ,2,0,1,UNIDIRECCIONAL,1,CONCRETO,1,BUENO,1,SECO,1,DESPEJADO,0,1,0,0,1
-8129703.85687919,-4412916.80255816,767,9221,1358659,-73.0303723,-36.8118741,95,CONCEPCION,0,24188,2021,1358659,REGION BIO BIO,8103,CHIGUAYANTE,LORENZO ARENAS,DIEGO DE ORO,0,"LORENZO ARENAS & DIEGO DE ORO, CHIGUAYANTE",CHILE,GEOMETRIC_CENTER,33337,2021,1358659,1,2021/06/22 00:00:00+00,1899/12/30 00:00:00+00,8,REGION BIO BIO,8103,CHIGUAYANTE,30,COLISION,30,COLISION,1,URBANA,1,TRAMO DE VIA RECTA,4,ALCOHOL EN CONDUCTOR,24,CONDUCCION EN ESTADO DE EBRIEDAD,0,LORENZO ARENAS,0,DIEGO DE ORO,DIEGO DE ORO - LORENZO ARENAS,0, , , , ,2,2,2,BIDIRECCIONAL,1,CONCRETO,1,BUENO,1,SECO,1,DESPEJADO,0,0,0,0,2
-8129703.85687919,-4412916.80255816,768,9222,1363995,-73.0303723,-36.8118741,95,CONCEPCION,0,27892,2021,1363995,REGION BIO BIO,8103,CHIGUAYANTE,LORENZO ARENAS,DIEGO DE ORO,0,"LORENZO ARENAS & DIEGO DE ORO, CHIGUAYANTE",CHILE,GEOMETRIC_CENTER,38529,2021,1363995,1,2021/07/15 00:00:00+00,1899/12/30 00:00:00+00,8,REGION BIO BIO,8103,CHIGUAYANTE,30,COLISION,30,COLISION,1,URBANA,14,CRUCE CON SEÑAL PARE,1,IMPRUDENCIA DEL CONDUCTOR,27,CONDUCCION NO ATENTO CONDICIONES TRANSITO MOMENTO,0,LORENZO ARENAS,0,DIEGO DE ORO,DIEGO DE ORO - LORENZO ARENAS,0, , , , ,2,2,2,BIDIRECCIONAL,1,CONCRETO,1,BUENO,1,SECO,1,DESPEJADO,0,0,0,0,2
-8132555.17205247,-4412912.15849534,769,9223,1402788,-73.0559861,-36.8118407,95,CONCEPCION,1,54285,2021,1402788,REGION BIO BIO,8101,CONCEPCION,EJERCITO,CASTELLON,0,"EJERCITO & CASTELLON, CONCEPCION",CHILE,GEOMETRIC_CENTER,73757,2021,1402788,1,2021/12/04 00:00:00+00,1899/12/30 00:00:00+00,8,REGION BIO BIO,8101,CONCEPCION,30,COLISION,30,COLISION,1,URBANA,1,TRAMO DE VIA RECTA,13,CAUSAS NO DETERMINADAS,97,CAUSAS NO DETERMINADAS,0,EJERCITO,0,CASTELLON,CASTELLON - EJERCITO,0, , , , ,2,0,1,UNIDIRECCIONAL,1,CONCRETO,1,BUENO,1,SECO,1,DESPEJADO,0,0,0,1,1
-8134324.26140016,-4412907.95937442,770,9224,1340491,-73.0718781,-36.8118105,95,CONCEPCION,1,11421,2021,1340491,REGION BIO BIO,8101,CONCEPCION,21 DE MAYO,COLLAO,0,"21 DE MAYO & COLLAO, CONCEPCION",CHILE,GEOMETRIC_CENTER,15829,2021,1340491,1,2021/03/22 00:00:00+00,1899/12/30 00:00:00+00,8,REGION BIO BIO,8101,CONCEPCION,32,COLISION LATERAL,30,COLISION,1,URBANA,16,CRUCE SIN SEÑALIZACION,1,IMPRUDENCIA DEL CONDUCTOR,27,CONDUCCION NO ATENTO CONDICIONES TRANSITO MOMENTO,0,21 DE MAYO,0,COLLAO,21 DE MAYO - COLLAO,0, , , , ,1,1,2,BIDIRECCIONAL,1,CONCRETO,1,BUENO,1,SECO,1,DESPEJADO,0,0,0,0,2
-8134324.26140016,-4412907.95937442,771,9225,1344729,-73.0718781,-36.8118105,95,CONCEPCION,1,12824,2021,1344729,REGION BIO BIO,8101,CONCEPCION,21 DE MAYO,COLLAO,0,"21 DE MAYO & COLLAO, CONCEPCION",CHILE,GEOMETRIC_CENTER,17706,2021,1344729,1,2021/04/04 00:00:00+00,1899/12/30 00:00:00+00,8,REGION BIO BIO,8101,CONCEPCION,30,COLISION,30,COLISION,1,URBANA,24,ROTONDA,1,IMPRUDENCIA DEL CONDUCTOR,23,CONDUCCION CONTRA SENTIDO DEL TRANSITO,0,21 DE MAYO,0,COLLAO,21 DE MAYO - COLLAO,0, , , , ,2,0,1,UNIDIRECCIONAL,1,CONCRETO,1,BUENO,1,SECO,2,NUBLADO,0,0,1,1,1
-8131968.952482,-4412878.69071332,772,9226,1332764,-73.05072,-36.8116,95,CONCEPCION,1,6072,2021,1332764,REGION BIO BIO,8101,CONCEPCION,ONGOLMO, ,1668,"ONGOLMO 1668, CONCEPCION",CHILE,RANGE_INTERPOLATED,8466,2021,1332764,1,2021/02/13 00:00:00+00,1899/12/30 00:00:00+00,8,REGION BIO BIO,8101,CONCEPCION,30,COLISION,30,COLISION,1,URBANA,11,CRUCE CON SEMAFORO FUNCIONANDO,14,OTRAS CAUSAS,98,OTRAS CAUSAS,0,ONGOLMO,0, ,- ONGOLMO,1668, , , , ,2,0,1,UNIDIRECCIONAL,1,CONCRETO,1,BUENO,1,SECO,1,DESPEJADO,0,0,0,2,0
-8131968.952482,-4412878.69071332,773,9227,1381108,-73.05072,-36.8116,95,CONCEPCION,1,40232,2021,1381108,REGION BIO BIO,8101,CONCEPCION,ONGOLMO, ,1668,"ONGOLMO 1668, CONCEPCION",CHILE,RANGE_INTERPOLATED,55238,2021,1381108,1,2021/09/22 00:00:00+00,1899/12/30 00:00:00+00,8,REGION BIO BIO,8101,CONCEPCION,50,CHOQUE,40,CHOQUE,1,URBANA,1,TRAMO DE VIA RECTA,4,ALCOHOL EN CONDUCTOR,24,CONDUCCION EN ESTADO DE EBRIEDAD,0,ONGOLMO,0, ,- ONGOLMO,1668, , , , ,2,0,1,UNIDIRECCIONAL,1,CONCRETO,1,BUENO,1,SECO,1,DESPEJADO,0,0,0,0,1