X,Y,FID,FID_1,LABELID,POINT_X,POINT_Y,FID_2,COMUNAREAL,VAL_COM,OBJECTID,A_O,IDACCIDENT,REGION,COD_COMUN,COMUNA,CALLE_UNO,CALLE_DOS,NUMERO,DIR_GEOCOD,PAIS,TIPO,OBJECTID_1,Año,Idaccide_1,Claseaccid,Fecha,Hora,Cód_Regi,Región,Cód_Comun,Comuna_1,Cód_Tipo_,Tipo_Accid,Cód_Tipo1,Tipo__CONA,Cód_Zona,Zona,Cód_Ubica,Ubicación,Cód_Causa,Causa__CON,Cód_Cau_1,Causa,Cód_Calle,Calle_Un_1,Cód_Cal_1,Calle_Do_1,Intersecci,Número,Ruta,Cód_Ruta,Ubicaci_1,Km_Vía_Fe,Pistas_de_,Pistas_de1,Cód_Calza,Calzada,Cód__Tipo,Tipo_Calza,Cód_Estad,Estado_Cal,Cód_Condi,Condición,Cód_Est_1,Estado_Atm,Fallecidos,Graves,Menos_Grav,Leves,Ilesos
-8133650.54470993,-4412870.62620326,774,9228,1343970,-73.065826,-36.811542,95,CONCEPCION,0,13839,2021,1343970,REGION BIO BIO,8103,CHIGUAYANTE,ALMIRANTE RIVEROS SUR, ,453,"ALMIRANTE RIVEROS SUR 453, CHIGUAYANTE",CHILE,RANGE_INTERPOLATED,19132,2021,1343970,1,2021/04/13 00:00:00+00,1899/12/30 00:00:00+00,8,REGION BIO BIO,8103,CHIGUAYANTE,50,CHOQUE,40,CHOQUE,1,URBANA,1,TRAMO DE VIA RECTA,9,PERDIDA CONTROL VEHICULO,95,PERDIDA CONTROL VEHICULO,0,ALMIRANTE RIVEROS SUR,0, ,- ALMIRANTE RIVEROS SUR,453, , , , ,1,1,2,BIDIRECCIONAL,1,CONCRETO,1,BUENO,1,SECO,1,DESPEJADO,0,0,0,0,2
-8133750.46508486,-4412852.91211124,775,9229,1406091,-73.0667236,-36.8114146,95,CONCEPCION,1,57768,2021,1406091,REGION BIO BIO,8101,CONCEPCION,CAMINO LOS CARROS,LAGUNA REDONDA,0,"CAMINO LOS CARROS & LAGUNA REDONDA, CONCEPCION",CHILE,GEOMETRIC_CENTER,78429,2021,1406091,1,2021/12/22 00:00:00+00,1899/12/30 00:00:00+00,8,REGION BIO BIO,8101,CONCEPCION,30,COLISION,30,COLISION,1,URBANA,1,TRAMO DE VIA RECTA,13,CAUSAS NO DETERMINADAS,97,CAUSAS NO DETERMINADAS,0,CAMINO LOS CARROS,0,LAGUNA REDONDA,CAMINO LOS CARROS - LAGUNA REDONDA,0, , , , ,2,2,2,BIDIRECCIONAL,1,CONCRETO,1,BUENO,1,SECO,1,DESPEJADO,0,0,0,0,2
-8132415.55514712,-4412839.23028954,776,9230,1380108,-73.0547319,-36.8113162,95,CONCEPCION,1,39471,2021,1380108,REGION BIO BIO,8101,CONCEPCION,TUCAPEL,EJERCITO,0,"TUCAPEL & EJERCITO, CONCEPCION",CHILE,GEOMETRIC_CENTER,54201,2021,1380108,1,2021/09/17 00:00:00+00,1899/12/30 00:00:00+00,8,REGION BIO BIO,8101,CONCEPCION,30,COLISION,30,COLISION,1,URBANA,4,ACERA O BERMA,13,CAUSAS NO DETERMINADAS,97,CAUSAS NO DETERMINADAS,0,TUCAPEL,0,EJERCITO,EJERCITO - TUCAPEL,0, , , , ,2,2,3,BIDIRECCIONAL CON BANDEJON,2,ASFALTO,1,BUENO,1,SECO,1,DESPEJADO,0,0,0,2,1
-8134438.70896864,-4412812.39506025,777,9231,1332761,-73.0729062,-36.8111232,95,CONCEPCION,0,5983,2021,1332761,REGION BIO BIO,8103,CHIGUAYANTE,21 DE MAYO,MIRAFLORES,0,"21 DE MAYO & MIRAFLORES, CHIGUAYANTE",CHILE,GEOMETRIC_CENTER,8350,2021,1332761,1,2021/02/13 00:00:00+00,1899/12/30 00:00:00+00,8,REGION BIO BIO,8103,CHIGUAYANTE,50,CHOQUE,40,CHOQUE,1,URBANA,26,OTROS NO CONSIDERADOS,1,IMPRUDENCIA DEL CONDUCTOR,27,CONDUCCION NO ATENTO CONDICIONES TRANSITO MOMENTO,0,21 DE MAYO,0,MIRAFLORES,21 DE MAYO - MIRAFLORES,0, , , , ,2,2,2,BIDIRECCIONAL,1,CONCRETO,1,BUENO,1,SECO,1,DESPEJADO,0,0,1,1,1
-8129624.83117268,-4412794.94524538,778,9232,1325889,-73.0296624,-36.8109977,95,CONCEPCION,1,1503,2021,1325889,REGION BIO BIO,8101,CONCEPCION,LORENZO ARENAS,JUAN JOSE MANZANO,0,"LORENZO ARENAS & JUAN JOSE MANZANO, CONCEPCION",CHILE,GEOMETRIC_CENTER,2077,2021,1325889,1,2021/01/11 00:00:00+00,1899/12/30 00:00:00+00,8,REGION BIO BIO,8101,CONCEPCION,30,COLISION,30,COLISION,1,URBANA,15,CRUCE CON SEÑAL CEDA EL PASO,14,OTRAS CAUSAS,98,OTRAS CAUSAS,0,LORENZO ARENAS,0,JUAN JOSE MANZANO,JUAN JOSE MANZANO - LORENZO ARENAS,0, , , , ,2,2,2,BIDIRECCIONAL,1,CONCRETO,1,BUENO,2,HUMEDO,1,DESPEJADO,0,0,0,1,1
-8134432.99827877,-4412792.05316727,779,9233,1365240,-73.0728549,-36.8109769,95,CONCEPCION,0,29076,2021,1365240,REGION BIO BIO,8201,LEBU,ARTURO PRAT,JUAN ANTONIO RIOS,0,"ARTURO PRAT & JUAN ANTONIO RIOS, LEBU",CHILE,GEOMETRIC_CENTER,40202,2021,1365240,1,2021/07/22 00:00:00+00,1899/12/30 00:00:00+00,8,REGION BIO BIO,8201,LEBU,32,COLISION LATERAL,30,COLISION,1,URBANA,14,CRUCE CON SEÑAL PARE,10,DESOBEDIENCIA A SEÑALIZACION,65,SEÑALIZACION DESOBEDECER SEÑAL PARE,0,ARTURO PRAT,0,JUAN ANTONIO RIOS,ARTURO PRAT - JUAN ANTONIO RIOS,0, , , , ,1,1,2,BIDIRECCIONAL,2,ASFALTO,1,BUENO,1,SECO,1,DESPEJADO,0,0,0,1,1
-8134432.99827877,-4412792.05316727,780,9234,1366344,-73.0728549,-36.8109769,95,CONCEPCION,0,29497,2021,1366344,REGION BIO BIO,8201,LEBU,ARTURO PRAT,JUAN ANTONIO RIOS,0,"ARTURO PRAT & JUAN ANTONIO RIOS, LEBU",CHILE,GEOMETRIC_CENTER,40792,2021,1366344,1,2021/07/24 00:00:00+00,1899/12/30 00:00:00+00,8,REGION BIO BIO,8201,LEBU,33,COLISION POR ALCANCE,30,COLISION,1,URBANA,14,CRUCE CON SEÑAL PARE,10,DESOBEDIENCIA A SEÑALIZACION,65,SEÑALIZACION DESOBEDECER SEÑAL PARE,0,ARTURO PRAT,0,JUAN ANTONIO RIOS,ARTURO PRAT - JUAN ANTONIO RIOS,0, , , , ,2,0,1,UNIDIRECCIONAL,2,ASFALTO,1,BUENO,1,SECO,1,DESPEJADO,0,0,0,0,1
-8131906.1014975,-4412789.8841092,781,9235,1335048,-73.0501554,-36.8109613,95,CONCEPCION,1,7593,2021,1335048,REGION BIO BIO,8101,CONCEPCION,PAICAVI,LOS CARRERA,0,"PAICAVI & LOS CARRERA, CONCEPCION",CHILE,GEOMETRIC_CENTER,10663,2021,1335048,1,2021/02/25 00:00:00+00,1899/12/30 00:00:00+00,8,REGION BIO BIO,8101,CONCEPCION,50,CHOQUE,40,CHOQUE,1,URBANA,26,OTROS NO CONSIDERADOS,13,CAUSAS NO DETERMINADAS,97,CAUSAS NO DETERMINADAS,0,PAICAVI,0,LOS CARRERA,LOS CARRERA - PAICAVI,0, , , , ,3,3,2,BIDIRECCIONAL,1,CONCRETO,1,BUENO,1,SECO,1,DESPEJADO,0,0,0,0,2
-8131906.1014975,-4412789.8841092,782,9236,1341015,-73.0501554,-36.8109613,95,CONCEPCION,1,12422,2021,1341015,REGION BIO BIO,8101,CONCEPCION,PAICAVI,LOS CARRERA,0,"PAICAVI & LOS CARRERA, CONCEPCION",CHILE,GEOMETRIC_CENTER,17184,2021,1341015,1,2021/03/31 00:00:00+00,1899/12/30 00:00:00+00,8,REGION BIO BIO,8101,CONCEPCION,50,CHOQUE,40,CHOQUE,1,URBANA,26,OTROS NO CONSIDERADOS,13,CAUSAS NO DETERMINADAS,97,CAUSAS NO DETERMINADAS,0,PAICAVI,0,LOS CARRERA,LOS CARRERA - PAICAVI,0, , , , ,3,3,2,BIDIRECCIONAL,1,CONCRETO,1,BUENO,1,SECO,1,DESPEJADO,0,0,0,0,1
-8131906.1014975,-4412789.8841092,783,9237,1346315,-73.0501554,-36.8109613,95,CONCEPCION,1,15864,2021,1346315,REGION BIO BIO,8101,CONCEPCION,PAICAVI,LOS CARRERA,0,"PAICAVI & LOS CARRERA, CONCEPCION",CHILE,GEOMETRIC_CENTER,21850,2021,1346315,1,2021/04/29 00:00:00+00,1899/12/30 00:00:00+00,8,REGION BIO BIO,8101,CONCEPCION,30,COLISION,30,COLISION,1,URBANA,24,ROTONDA,1,IMPRUDENCIA DEL CONDUCTOR,27,CONDUCCION NO ATENTO CONDICIONES TRANSITO MOMENTO,0,PAICAVI,0,LOS CARRERA,LOS CARRERA - PAICAVI,0, , , , ,3,3,3,BIDIRECCIONAL CON BANDEJON,1,CONCRETO,1,BUENO,1,SECO,2,NUBLADO,0,0,0,0,2
-8131906.1014975,-4412789.8841092,784,9238,1350018,-73.0501554,-36.8109613,95,CONCEPCION,1,18460,2021,1350018,REGION BIO BIO,8101,CONCEPCION,PAICAVI,LOS CARRERA,0,"PAICAVI & LOS CARRERA, CONCEPCION",CHILE,GEOMETRIC_CENTER,25400,2021,1350018,1,2021/05/17 00:00:00+00,1899/12/30 00:00:00+00,8,REGION BIO BIO,8101,CONCEPCION,32,COLISION LATERAL,30,COLISION,1,URBANA,24,ROTONDA,1,IMPRUDENCIA DEL CONDUCTOR,29,CONDUCCION CAMBIAR SORPRESIVAMENTE PISTA CIRCULACION,0,PAICAVI,0,LOS CARRERA,LOS CARRERA - PAICAVI,0, , , , ,3,3,3,BIDIRECCIONAL CON BANDEJON,1,CONCRETO,1,BUENO,1,SECO,1,DESPEJADO,0,0,0,0,2
-8131906.1014975,-4412789.8841092,785,9239,1357138,-73.0501554,-36.8109613,95,CONCEPCION,1,18612,2021,1357138,REGION BIO BIO,8101,CONCEPCION,PAICAVI,LOS CARRERA,0,"PAICAVI & LOS CARRERA, CONCEPCION",CHILE,GEOMETRIC_CENTER,25588,2021,1357138,1,2021/05/18 00:00:00+00,1899/12/30 00:00:00+00,8,REGION BIO BIO,8101,CONCEPCION,30,COLISION,30,COLISION,1,URBANA,1,TRAMO DE VIA RECTA,13,CAUSAS NO DETERMINADAS,97,CAUSAS NO DETERMINADAS,0,PAICAVI,0,LOS CARRERA,LOS CARRERA - PAICAVI,0, , , , ,3,3,2,BIDIRECCIONAL,1,CONCRETO,1,BUENO,1,SECO,1,DESPEJADO,0,0,0,0,2
-8131906.1014975,-4412789.8841092,786,9240,1366783,-73.0501554,-36.8109613,95,CONCEPCION,1,29741,2021,1366783,REGION BIO BIO,8101,CONCEPCION,PAICAVI,LOS CARRERA,0,"PAICAVI & LOS CARRERA, CONCEPCION",CHILE,GEOMETRIC_CENTER,41151,2021,1366783,1,2021/07/26 00:00:00+00,1899/12/30 00:00:00+00,8,REGION BIO BIO,8101,CONCEPCION,53,CHOQUE POSTERIOR,40,CHOQUE,1,URBANA,11,CRUCE CON SEMAFORO FUNCIONANDO,1,IMPRUDENCIA DEL CONDUCTOR,28,CONDUCCION SIN MANTENER DISTANCIA RAZONABLE NI PRUDENTE,0,PAICAVI,0,LOS CARRERA,LOS CARRERA - PAICAVI,0, , , , ,3,3,3,BIDIRECCIONAL CON BANDEJON,1,CONCRETO,1,BUENO,1,SECO,1,DESPEJADO,0,0,0,2,1
-8131906.1014975,-4412789.8841092,787,9241,1370020,-73.0501554,-36.8109613,95,CONCEPCION,1,32062,2021,1370020,REGION BIO BIO,8101,CONCEPCION,PAICAVI,LOS CARRERA,0,"PAICAVI & LOS CARRERA, CONCEPCION",CHILE,GEOMETRIC_CENTER,44244,2021,1370020,1,2021/08/07 00:00:00+00,1899/12/30 00:00:00+00,8,REGION BIO BIO,8101,CONCEPCION,10,ATROPELLO,10,ATROPELLO,1,URBANA,1,TRAMO DE VIA RECTA,14,OTRAS CAUSAS,98,OTRAS CAUSAS,0,PAICAVI,0,LOS CARRERA,LOS CARRERA - PAICAVI,0, , , , ,3,3,2,BIDIRECCIONAL,1,CONCRETO,1,BUENO,1,SECO,1,DESPEJADO,0,0,1,0,1
-8131906.1014975,-4412789.8841092,788,9242,1402670,-73.0501554,-36.8109613,95,CONCEPCION,1,51696,2021,1402670,REGION BIO BIO,8101,CONCEPCION,PAICAVI,LOS CARRERA,0,"PAICAVI & LOS CARRERA, CONCEPCION",CHILE,GEOMETRIC_CENTER,70315,2021,1402670,1,2021/11/21 00:00:00+00,1899/12/30 00:00:00+00,8,REGION BIO BIO,8101,CONCEPCION,30,COLISION,30,COLISION,1,URBANA,11,CRUCE CON SEMAFORO FUNCIONANDO,1,IMPRUDENCIA DEL CONDUCTOR,27,CONDUCCION NO ATENTO CONDICIONES TRANSITO MOMENTO,0,PAICAVI,0,LOS CARRERA,LOS CARRERA - PAICAVI,0, , , , ,3,3,2,BIDIRECCIONAL,1,CONCRETO,1,BUENO,1,SECO,1,DESPEJADO,0,0,0,0,1
-8131906.1014975,-4412789.8841092,789,9243,1403325,-73.0501554,-36.8109613,95,CONCEPCION,1,53944,2021,1403325,REGION BIO BIO,8101,CONCEPCION,PAICAVI,LOS CARRERA,0,"PAICAVI & LOS CARRERA, CONCEPCION",CHILE,GEOMETRIC_CENTER,73307,2021,1403325,1,2021/12/03 00:00:00+00,1899/12/30 00:00:00+00,8,REGION BIO BIO,8101,CONCEPCION,32,COLISION LATERAL,30,COLISION,1,URBANA,1,TRAMO DE VIA RECTA,1,IMPRUDENCIA DEL CONDUCTOR,29,CONDUCCION CAMBIAR SORPRESIVAMENTE PISTA CIRCULACION,0,PAICAVI,0,LOS CARRERA,LOS CARRERA - PAICAVI,0, , , , ,3,3,3,BIDIRECCIONAL CON BANDEJON,1,CONCRETO,1,BUENO,1,SECO,1,DESPEJADO,0,0,0,0,2
-8131906.1014975,-4412789.8841092,790,9244,1402790,-73.0501554,-36.8109613,95,CONCEPCION,1,54336,2021,1402790,REGION BIO BIO,8101,CONCEPCION,CARRERA,PAICAVI,0,"CARRERA & PAICAVI, CONCEPCION",CHILE,GEOMETRIC_CENTER,73836,2021,1402790,1,2021/12/05 00:00:00+00,1899/12/30 00:00:00+00,8,REGION BIO BIO,8101,CONCEPCION,30,COLISION,30,COLISION,1,URBANA,1,TRAMO DE VIA RECTA,9,PERDIDA CONTROL VEHICULO,95,PERDIDA CONTROL VEHICULO,0,CARRERA,0,PAICAVI,CARRERA - PAICAVI,0, , , , ,2,2,2,BIDIRECCIONAL,1,CONCRETO,1,BUENO,1,SECO,1,DESPEJADO,0,0,0,1,2
-8131906.1014975,-4412789.8841092,791,9245,1405006,-73.0501554,-36.8109613,95,CONCEPCION,1,55239,2021,1405006,REGION BIO BIO,8101,CONCEPCION,PAICAVI,LOS CARRERA,0,"PAICAVI & LOS CARRERA, CONCEPCION",CHILE,GEOMETRIC_CENTER,75054,2021,1405006,1,2021/12/09 00:00:00+00,1899/12/30 00:00:00+00,8,REGION BIO BIO,8101,CONCEPCION,32,COLISION LATERAL,30,COLISION,1,URBANA,24,ROTONDA,1,IMPRUDENCIA DEL CONDUCTOR,29,CONDUCCION CAMBIAR SORPRESIVAMENTE PISTA CIRCULACION,0,PAICAVI,0,LOS CARRERA,LOS CARRERA - PAICAVI,0, , , , ,2,0,1,UNIDIRECCIONAL,1,CONCRETO,1,BUENO,1,SECO,1,DESPEJADO,0,0,0,0,2
-8131906.1014975,-4412789.8841092,792,9246,1406112,-73.0501554,-36.8109613,95,CONCEPCION,1,57266,2021,1406112,REGION BIO BIO,8101,CONCEPCION,PAICAVI,LOS CARRERA,0,"PAICAVI & LOS CARRERA, CONCEPCION",CHILE,GEOMETRIC_CENTER,77781,2021,1406112,1,2021/12/20 00:00:00+00,1899/12/30 00:00:00+00,8,REGION BIO BIO,8101,CONCEPCION,32,COLISION LATERAL,30,COLISION,1,URBANA,24,ROTONDA,1,IMPRUDENCIA DEL CONDUCTOR,29,CONDUCCION CAMBIAR SORPRESIVAMENTE PISTA CIRCULACION,0,PAICAVI,0,LOS CARRERA,LOS CARRERA - PAICAVI,0, , , , ,3,0,1,UNIDIRECCIONAL,1,CONCRETO,1,BUENO,1,SECO,1,DESPEJADO,0,0,0,0,2
-8131883.11402265,-4412781.72233698,793,9247,1341007,-73.0499489,-36.8109026,95,CONCEPCION,1,12260,2021,1341007,REGION BIO BIO,8101,CONCEPCION,PAICAVI,BRASIL,0,"PAICAVI & BRASIL, CONCEPCION",CHILE,GEOMETRIC_CENTER,16974,2021,1341007,1,2021/03/30 00:00:00+00,1899/12/30 00:00:00+00,8,REGION BIO BIO,8101,CONCEPCION,50,CHOQUE,40,CHOQUE,1,URBANA,26,OTROS NO CONSIDERADOS,13,CAUSAS NO DETERMINADAS,97,CAUSAS NO DETERMINADAS,0,PAICAVI,0,BRASIL,BRASIL - PAICAVI,0, , , , ,3,3,2,BIDIRECCIONAL,1,CONCRETO,1,BUENO,1,SECO,1,DESPEJADO,0,0,0,1,1
-8131883.11402265,-4412781.72233698,794,9248,1362760,-73.0499489,-36.8109026,95,CONCEPCION,1,27258,2021,1362760,REGION BIO BIO,8101,CONCEPCION,PAICAVI,BRASIL,0,"PAICAVI & BRASIL, CONCEPCION",CHILE,GEOMETRIC_CENTER,37590,2021,1362760,1,2021/07/11 00:00:00+00,1899/12/30 00:00:00+00,8,REGION BIO BIO,8101,CONCEPCION,50,CHOQUE,40,CHOQUE,1,URBANA,11,CRUCE CON SEMAFORO FUNCIONANDO,4,ALCOHOL EN CONDUCTOR,24,CONDUCCION EN ESTADO DE EBRIEDAD,0,PAICAVI,0,BRASIL,BRASIL - PAICAVI,0, , , , ,3,3,2,BIDIRECCIONAL,1,CONCRETO,1,BUENO,1,SECO,1,DESPEJADO,0,0,0,1,0
-8131883.11402265,-4412781.72233698,795,9249,1379275,-73.0499489,-36.8109026,95,CONCEPCION,1,36587,2021,1379275,REGION BIO BIO,8101,CONCEPCION,PAIVAVI,BRASIL,0,"PAIVAVI & BRASIL, CONCEPCION",CHILE,GEOMETRIC_CENTER,50331,2021,1379275,1,2021/09/02 00:00:00+00,1899/12/30 00:00:00+00,8,REGION BIO BIO,8101,CONCEPCION,50,CHOQUE,40,CHOQUE,1,URBANA,4,ACERA O BERMA,13,CAUSAS NO DETERMINADAS,97,CAUSAS NO DETERMINADAS,0,PAIVAVI,0,BRASIL,BRASIL - PAIVAVI,0, , , , ,2,2,3,BIDIRECCIONAL CON BANDEJON,2,ASFALTO,1,BUENO,1,SECO,1,DESPEJADO,0,0,0,0,2
-8131883.11402265,-4412781.72233698,796,9250,1387160,-73.0499489,-36.8109026,95,CONCEPCION,1,44283,2021,1387160,REGION BIO BIO,8101,CONCEPCION,PAICAVI,BRASIL,0,"PAICAVI & BRASIL, CONCEPCION",CHILE,GEOMETRIC_CENTER,60553,2021,1387160,1,2021/10/14 00:00:00+00,1899/12/30 00:00:00+00,8,REGION BIO BIO,8101,CONCEPCION,10,ATROPELLO,10,ATROPELLO,1,URBANA,11,CRUCE CON SEMAFORO FUNCIONANDO,2,IMPRUDENCIA DEL PEATON,55,PEATON CRUZA CALZADA FUERA PASO PEATONES,0,PAICAVI,0,BRASIL,BRASIL - PAICAVI,0, , , , ,3,3,2,BIDIRECCIONAL,1,CONCRETO,1,BUENO,1,SECO,1,DESPEJADO,1,0,0,0,1
-8131883.11402265,-4412781.72233698,797,9251,1402686,-73.0499489,-36.8109026,95,CONCEPCION,1,52223,2021,1402686,REGION BIO BIO,8101,CONCEPCION,PAICAVI,BRASIL,0,"PAICAVI & BRASIL, CONCEPCION",CHILE,GEOMETRIC_CENTER,71007,2021,1402686,1,2021/11/24 00:00:00+00,1899/12/30 00:00:00+00,8,REGION BIO BIO,8101,CONCEPCION,99,OTRO TIPO,99,OTRO TIPO,1,URBANA,11,CRUCE CON SEMAFORO FUNCIONANDO,13,CAUSAS NO DETERMINADAS,97,CAUSAS NO DETERMINADAS,0,PAICAVI,0,BRASIL,BRASIL - PAICAVI,0, , , , ,3,3,2,BIDIRECCIONAL,1,CONCRETO,1,BUENO,1,SECO,1,DESPEJADO,0,0,0,1,1
-8131883.11402265,-4412781.72233698,798,9252,1402712,-73.0499489,-36.8109026,95,CONCEPCION,1,52651,2021,1402712,REGION BIO BIO,8101,CONCEPCION,PAICAVI,BRASIL,0,"PAICAVI & BRASIL, CONCEPCION",CHILE,GEOMETRIC_CENTER,71557,2021,1402712,1,2021/11/26 00:00:00+00,1899/12/30 00:00:00+00,8,REGION BIO BIO,8101,CONCEPCION,10,ATROPELLO,10,ATROPELLO,1,URBANA,1,TRAMO DE VIA RECTA,13,CAUSAS NO DETERMINADAS,97,CAUSAS NO DETERMINADAS,0,PAICAVI,0,BRASIL,BRASIL - PAICAVI,0, , , , ,2,2,2,BIDIRECCIONAL,1,CONCRETO,1,BUENO,1,SECO,1,DESPEJADO,0,0,0,1,1
-8134479.27379109,-4412767.13683457,799,9253,1385773,-73.0732706,-36.8107977,95,CONCEPCION,0,43365,2021,1385773,REGION BIO BIO,8103,CHIGUAYANTE,21 DE MAYO,DOCTOR CARLOS OLIVER,0,"21 DE MAYO & DOCTOR CARLOS OLIVER, CHIGUAYANTE",CHILE,GEOMETRIC_CENTER,59300,2021,1385773,1,2021/10/08 00:00:00+00,1899/12/30 00:00:00+00,8,REGION BIO BIO,8103,CHIGUAYANTE,30,COLISION,30,COLISION,1,URBANA,1,TRAMO DE VIA RECTA,13,CAUSAS NO DETERMINADAS,97,CAUSAS NO DETERMINADAS,0,21 DE MAYO,0,DOCTOR CARLOS OLIVER,21 DE MAYO - DOCTOR CARLOS OLIVER,0, , , , ,2,2,2,BIDIRECCIONAL,1,CONCRETO,1,BUENO,1,SECO,1,DESPEJADO,0,0,0,0,2
-8134479.27379109,-4412767.13683457,800,9254,1405362,-73.0732706,-36.8107977,95,CONCEPCION,1,55776,2021,1405362,REGION BIO BIO,8101,CONCEPCION,21 DE MAYO,CARLOS OLIVER,0,"21 DE MAYO & CARLOS OLIVER, CONCEPCION",CHILE,GEOMETRIC_CENTER,75823,2021,1405362,1,2021/12/12 00:00:00+00,1899/12/30 00:00:00+00,8,REGION BIO BIO,8101,CONCEPCION,53,CHOQUE POSTERIOR,40,CHOQUE,1,URBANA,26,OTROS NO CONSIDERADOS,1,IMPRUDENCIA DEL CONDUCTOR,27,CONDUCCION NO ATENTO CONDICIONES TRANSITO MOMENTO,0,21 DE MAYO,0,CARLOS OLIVER,21 DE MAYO - CARLOS OLIVER,0, , , , ,2,2,3,BIDIRECCIONAL CON BANDEJON,1,CONCRETO,1,BUENO,1,SECO,1,DESPEJADO,0,0,0,0,2
-8129386.45161509,-4412765.92717035,801,9255,1343616,-73.027521,-36.810789,95,CONCEPCION,1,13978,2021,1343616,REGION BIO BIO,8101,CONCEPCION,GENERAL BONILLA,JUAN BOSCO,0,"GENERAL BONILLA & JUAN BOSCO, CONCEPCION",CHILE,GEOMETRIC_CENTER,19306,2021,1343616,1,2021/04/14 00:00:00+00,1899/12/30 00:00:00+00,8,REGION BIO BIO,8101,CONCEPCION,30,COLISION,30,COLISION,1,URBANA,24,ROTONDA,1,IMPRUDENCIA DEL CONDUCTOR,11,ADELANTAMIENTO SIN EL ESPACIO O TIEMPO SUFICIENTE,0,GENERAL BONILLA,0,JUAN BOSCO,GENERAL BONILLA - JUAN BOSCO,0, , , , ,3,0,1,UNIDIRECCIONAL,1,CONCRETO,1,BUENO,1,SECO,1,DESPEJADO,0,0,0,0,2
-8129817.02427353,-4426067.71291697,802,6335,1370797,-73.0313889,-36.9063967,94,CHIGUAYANTE,1,31708,2021,1370797,REGION BIO BIO,8103,CHIGUAYANTE,OCHO ORIENTE,CALLE UNO,0,"OCHO ORIENTE & CALLE UNO, CHIGUAYANTE",CHILE,GEOMETRIC_CENTER,43758,2021,1370797,1,2021/08/06 00:00:00+00,1899/12/30 00:00:00+00,8,REGION BIO BIO,8103,CHIGUAYANTE,34,COLISION PERPENDICULAR,30,COLISION,1,URBANA,15,CRUCE CON SEÑAL CEDA EL PASO,1,IMPRUDENCIA DEL CONDUCTOR,27,CONDUCCION NO ATENTO CONDICIONES TRANSITO MOMENTO,0,OCHO ORIENTE,0,CALLE UNO,CALLE UNO - OCHO ORIENTE,0, , , , ,1,1,2,BIDIRECCIONAL,1,CONCRETO,1,BUENO,1,SECO,1,DESPEJADO,0,0,0,2,0
-8129386.45161509,-4412765.92717035,803,9257,1366683,-73.027521,-36.810789,95,CONCEPCION,1,29157,2021,1366683,REGION BIO BIO,8101,CONCEPCION,GENERAL BONILLA,JUAN BOSCO,0,"GENERAL BONILLA & JUAN BOSCO, CONCEPCION",CHILE,GEOMETRIC_CENTER,40308,2021,1366683,1,2021/07/22 00:00:00+00,1899/12/30 00:00:00+00,8,REGION BIO BIO,8101,CONCEPCION,32,COLISION LATERAL,30,COLISION,1,URBANA,24,ROTONDA,1,IMPRUDENCIA DEL CONDUCTOR,27,CONDUCCION NO ATENTO CONDICIONES TRANSITO MOMENTO,0,GENERAL BONILLA,0,JUAN BOSCO,GENERAL BONILLA - JUAN BOSCO,0, , , , ,2,0,1,UNIDIRECCIONAL,1,CONCRETO,1,BUENO,1,SECO,1,DESPEJADO,0,0,0,0,2
-8129817.02427353,-4426067.71291697,804,6336,1381961,-73.0313889,-36.9063967,94,CHIGUAYANTE,1,40684,2021,1381961,REGION BIO BIO,8103,CHIGUAYANTE,OCHO ORIENTE,CALLE UNO,0,"OCHO ORIENTE & CALLE UNO, CHIGUAYANTE",CHILE,GEOMETRIC_CENTER,55834,2021,1381961,1,2021/09/24 00:00:00+00,1899/12/30 00:00:00+00,8,REGION BIO BIO,8103,CHIGUAYANTE,32,COLISION LATERAL,30,COLISION,1,URBANA,1,TRAMO DE VIA RECTA,14,OTRAS CAUSAS,98,OTRAS CAUSAS,0,OCHO ORIENTE,0,CALLE UNO,CALLE UNO - OCHO ORIENTE,0, , , , ,2,2,3,BIDIRECCIONAL CON BANDEJON,1,CONCRETO,1,BUENO,1,SECO,2,NUBLADO,0,0,0,3,1
-8129386.45161509,-4412765.92717035,805,9258,1369234,-73.027521,-36.810789,95,CONCEPCION,1,30529,2021,1369234,REGION BIO BIO,8101,CONCEPCION,GENERAL BONILLA,JUAN BOSCO,0,"GENERAL BONILLA & JUAN BOSCO, CONCEPCION",CHILE,GEOMETRIC_CENTER,42193,2021,1369234,1,2021/07/30 00:00:00+00,1899/12/30 00:00:00+00,8,REGION BIO BIO,8101,CONCEPCION,33,COLISION POR ALCANCE,30,COLISION,1,URBANA,24,ROTONDA,1,IMPRUDENCIA DEL CONDUCTOR,28,CONDUCCION SIN MANTENER DISTANCIA RAZONABLE NI PRUDENTE,0,GENERAL BONILLA,0,JUAN BOSCO,GENERAL BONILLA - JUAN BOSCO,0, , , , ,3,0,1,UNIDIRECCIONAL,1,CONCRETO,1,BUENO,1,SECO,1,DESPEJADO,0,0,0,0,2
-8129817.02427353,-4426067.71291697,806,6337,1408008,-73.0313889,-36.9063967,94,CHIGUAYANTE,1,58708,2021,1408008,REGION BIO BIO,8103,CHIGUAYANTE,OCHO ORIENTE,CALLE UNO,0,"OCHO ORIENTE & CALLE UNO, CHIGUAYANTE",CHILE,GEOMETRIC_CENTER,79780,2021,1408008,1,2021/12/27 00:00:00+00,1899/12/30 00:00:00+00,8,REGION BIO BIO,8103,CHIGUAYANTE,63,CHOQUE FRENTE/POSTERIOR,40,CHOQUE,1,URBANA,11,CRUCE CON SEMAFORO FUNCIONANDO,13,CAUSAS NO DETERMINADAS,97,CAUSAS NO DETERMINADAS,0,OCHO ORIENTE,0,CALLE UNO,CALLE UNO - OCHO ORIENTE,0, , , , ,2,2,3,BIDIRECCIONAL CON BANDEJON,1,CONCRETO,1,BUENO,1,SECO,1,DESPEJADO,0,0,0,0,2