X,Y,FID,FID_1,LABELID,POINT_X,POINT_Y,FID_2,COMUNAREAL,VAL_COM,OBJECTID,A_O,IDACCIDENT,REGION,COD_COMUN,COMUNA,CALLE_UNO,CALLE_DOS,NUMERO,DIR_GEOCOD,PAIS,TIPO,OBJECTID_1,Año,Idaccide_1,Claseaccid,Fecha,Hora,Cód_Regi,Región,Cód_Comun,Comuna_1,Cód_Tipo_,Tipo_Accid,Cód_Tipo1,Tipo__CONA,Cód_Zona,Zona,Cód_Ubica,Ubicación,Cód_Causa,Causa__CON,Cód_Cau_1,Causa,Cód_Calle,Calle_Un_1,Cód_Cal_1,Calle_Do_1,Intersecci,Número,Ruta,Cód_Ruta,Ubicaci_1,Km_Vía_Fe,Pistas_de_,Pistas_de1,Cód_Calza,Calzada,Cód__Tipo,Tipo_Calza,Cód_Estad,Estado_Cal,Cód_Condi,Condición,Cód_Est_1,Estado_Atm,Fallecidos,Graves,Menos_Grav,Leves,Ilesos
-8129846.04526478,-4426056.51996409,807,6338,1349672,-73.0316496,-36.9063163,94,CHIGUAYANTE,1,18142,2021,1349672,REGION BIO BIO,8103,CHIGUAYANTE,OCHO ORIENTE, ,1508,"OCHO ORIENTE 1508, CHIGUAYANTE",CHILE,RANGE_INTERPOLATED,24946,2021,1349672,1,2021/05/14 00:00:00+00,1899/12/30 00:00:00+00,8,REGION BIO BIO,8103,CHIGUAYANTE,10,ATROPELLO,10,ATROPELLO,1,URBANA,1,TRAMO DE VIA RECTA,13,CAUSAS NO DETERMINADAS,97,CAUSAS NO DETERMINADAS,0,OCHO ORIENTE,0, ,- OCHO ORIENTE,1508, , , , ,2,2,3,BIDIRECCIONAL CON BANDEJON,1,CONCRETO,1,BUENO,1,SECO,1,DESPEJADO,0,0,0,1,1
-8129846.04526478,-4426056.51996409,808,6339,1352883,-73.0316496,-36.9063163,94,CHIGUAYANTE,1,20602,2021,1352883,REGION BIO BIO,8103,CHIGUAYANTE,OCHO ORIENTE, ,1508,"OCHO ORIENTE 1508, CHIGUAYANTE",CHILE,RANGE_INTERPOLATED,28400,2021,1352883,1,2021/05/31 00:00:00+00,1899/12/30 00:00:00+00,8,REGION BIO BIO,8103,CHIGUAYANTE,63,CHOQUE FRENTE/POSTERIOR,40,CHOQUE,1,URBANA,1,TRAMO DE VIA RECTA,1,IMPRUDENCIA DEL CONDUCTOR,27,CONDUCCION NO ATENTO CONDICIONES TRANSITO MOMENTO,0,OCHO ORIENTE,0, ,- OCHO ORIENTE,1508, , , , ,2,2,3,BIDIRECCIONAL CON BANDEJON,1,CONCRETO,1,BUENO,3,MOJADO,3,LLUVIA,0,0,0,1,2
-8129846.04526478,-4426056.51996409,809,6340,1361248,-73.0316496,-36.9063163,94,CHIGUAYANTE,1,25253,2021,1361248,REGION BIO BIO,8103,CHIGUAYANTE,OCHO ORIENTE, ,1508,"OCHO ORIENTE 1508, CHIGUAYANTE",CHILE,RANGE_INTERPOLATED,34911,2021,1361248,1,2021/06/29 00:00:00+00,1899/12/30 00:00:00+00,8,REGION BIO BIO,8103,CHIGUAYANTE,51,CHOQUE FRONTAL,40,CHOQUE,1,URBANA,1,TRAMO DE VIA RECTA,9,PERDIDA CONTROL VEHICULO,95,PERDIDA CONTROL VEHICULO,0,OCHO ORIENTE,0, ,- OCHO ORIENTE,1508, , , , ,2,2,3,BIDIRECCIONAL CON BANDEJON,1,CONCRETO,1,BUENO,2,HUMEDO,5,NEBLINA,0,0,0,0,1
-8129846.04526478,-4426056.51996409,810,6341,1373391,-73.0316496,-36.9063163,94,CHIGUAYANTE,1,34532,2021,1373391,REGION BIO BIO,8103,CHIGUAYANTE,OCHO ORIENTE, ,1508,"OCHO ORIENTE 1508, CHIGUAYANTE",CHILE,RANGE_INTERPOLATED,47601,2021,1373391,1,2021/08/21 00:00:00+00,1899/12/30 00:00:00+00,8,REGION BIO BIO,8103,CHIGUAYANTE,63,CHOQUE FRENTE/POSTERIOR,40,CHOQUE,1,URBANA,1,TRAMO DE VIA RECTA,1,IMPRUDENCIA DEL CONDUCTOR,27,CONDUCCION NO ATENTO CONDICIONES TRANSITO MOMENTO,0,OCHO ORIENTE,0, ,- OCHO ORIENTE,1508, , , , ,2,2,3,BIDIRECCIONAL CON BANDEJON,1,CONCRETO,1,BUENO,3,MOJADO,3,LLUVIA,0,0,0,1,3
-8129710.33567355,-4425924.07091737,811,6342,1343315,-73.0304305,-36.9053649,94,CHIGUAYANTE,1,13828,2021,1343315,REGION BIO BIO,8103,CHIGUAYANTE,PASAJE CUATRO, ,1,"PASAJE CUATRO 1, CHIGUAYANTE",CHILE,RANGE_INTERPOLATED,19117,2021,1343315,1,2021/04/13 00:00:00+00,1899/12/30 00:00:00+00,8,REGION BIO BIO,8103,CHIGUAYANTE,51,CHOQUE FRONTAL,40,CHOQUE,1,URBANA,1,TRAMO DE VIA RECTA,13,CAUSAS NO DETERMINADAS,97,CAUSAS NO DETERMINADAS,0,PASAJE CUATRO,0, ,- PASAJE CUATRO,1, , , , ,1,1,2,BIDIRECCIONAL,1,CONCRETO,1,BUENO,1,SECO,1,DESPEJADO,0,0,0,0,2
-8129808.08531842,-4425796.13400129,812,6343,1329875,-73.0313086,-36.9044459,94,CHIGUAYANTE,1,1822,2021,1329875,REGION BIO BIO,8103,CHIGUAYANTE,OCHO ORIENTE, ,642,"OCHO ORIENTE 642, CHIGUAYANTE",CHILE,RANGE_INTERPOLATED,2508,2021,1329875,1,2021/01/13 00:00:00+00,1899/12/30 00:00:00+00,8,REGION BIO BIO,8103,CHIGUAYANTE,63,CHOQUE FRENTE/POSTERIOR,40,CHOQUE,1,URBANA,1,TRAMO DE VIA RECTA,1,IMPRUDENCIA DEL CONDUCTOR,27,CONDUCCION NO ATENTO CONDICIONES TRANSITO MOMENTO,0,OCHO ORIENTE,0, ,- OCHO ORIENTE,642, , , , ,2,2,3,BIDIRECCIONAL CON BANDEJON,1,CONCRETO,1,BUENO,1,SECO,1,DESPEJADO,0,0,1,2,1
-8129808.08531842,-4425796.13400129,813,6344,1377313,-73.0313086,-36.9044459,94,CHIGUAYANTE,1,37226,2021,1377313,REGION BIO BIO,8103,CHIGUAYANTE,OCHO ORIENTE, ,750,"OCHO ORIENTE 750, CHIGUAYANTE",CHILE,RANGE_INTERPOLATED,51192,2021,1377313,1,2021/09/05 00:00:00+00,1899/12/30 00:00:00+00,8,REGION BIO BIO,8103,CHIGUAYANTE,63,CHOQUE FRENTE/POSTERIOR,40,CHOQUE,1,URBANA,1,TRAMO DE VIA RECTA,13,CAUSAS NO DETERMINADAS,97,CAUSAS NO DETERMINADAS,0,OCHO ORIENTE,0, ,- OCHO ORIENTE,750, , , , ,2,2,3,BIDIRECCIONAL CON BANDEJON,1,CONCRETO,1,BUENO,2,HUMEDO,2,NUBLADO,0,0,0,0,2
-8129808.08531842,-4425796.13400129,814,6345,1381237,-73.0313086,-36.9044459,94,CHIGUAYANTE,1,38720,2021,1381237,REGION BIO BIO,8103,CHIGUAYANTE,OCHO ORIENTE, ,750,"OCHO ORIENTE 750, CHIGUAYANTE",CHILE,RANGE_INTERPOLATED,53196,2021,1381237,1,2021/09/13 00:00:00+00,1899/12/30 00:00:00+00,8,REGION BIO BIO,8103,CHIGUAYANTE,34,COLISION PERPENDICULAR,30,COLISION,1,URBANA,15,CRUCE CON SEÑAL CEDA EL PASO,1,IMPRUDENCIA DEL CONDUCTOR,27,CONDUCCION NO ATENTO CONDICIONES TRANSITO MOMENTO,0,OCHO ORIENTE,0, ,- OCHO ORIENTE,750, , , , ,1,0,1,UNIDIRECCIONAL,1,CONCRETO,1,BUENO,1,SECO,1,DESPEJADO,0,0,0,1,1
-8129821.0317752,-4425795.35441219,815,6346,1358738,-73.0314249,-36.9044403,94,CHIGUAYANTE,1,24599,2021,1358738,REGION BIO BIO,8103,CHIGUAYANTE,OCHO ORIENTE, ,720,"OCHO ORIENTE 720, CHIGUAYANTE",CHILE,RANGE_INTERPOLATED,33909,2021,1358738,1,2021/06/25 00:00:00+00,1899/12/30 00:00:00+00,8,REGION BIO BIO,8103,CHIGUAYANTE,51,CHOQUE FRONTAL,40,CHOQUE,1,URBANA,1,TRAMO DE VIA RECTA,14,OTRAS CAUSAS,98,OTRAS CAUSAS,0,OCHO ORIENTE,0, ,- OCHO ORIENTE,720, , , , ,2,2,3,BIDIRECCIONAL CON BANDEJON,1,CONCRETO,1,BUENO,1,SECO,2,NUBLADO,0,0,0,1,0
-8129312.04566745,-4425675.27053051,816,6347,1352804,-73.0268526,-36.9035777,94,CHIGUAYANTE,1,20163,2021,1352804,REGION BIO BIO,8103,CHIGUAYANTE,O'HIGGINS,LA ALHAMBRA,0,"O'HIGGINS & LA ALHAMBRA, CHIGUAYANTE",CHILE,GEOMETRIC_CENTER,27772,2021,1352804,1,2021/05/28 00:00:00+00,1899/12/30 00:00:00+00,8,REGION BIO BIO,8103,CHIGUAYANTE,10,ATROPELLO,10,ATROPELLO,1,URBANA,1,TRAMO DE VIA RECTA,1,IMPRUDENCIA DEL CONDUCTOR,27,CONDUCCION NO ATENTO CONDICIONES TRANSITO MOMENTO,0,O'HIGGINS,0,LA ALHAMBRA,LA ALHAMBRA - O'HIGGINS,0, , , , ,1,1,2,BIDIRECCIONAL,2,ASFALTO,1,BUENO,3,MOJADO,3,LLUVIA,0,1,0,0,2
-8129820.4640458,-4425670.88539243,817,6348,1342003,-73.0314198,-36.9035462,94,CHIGUAYANTE,1,12150,2021,1342003,REGION BIO BIO,8103,CHIGUAYANTE,COSTANERA,OCHO ORIENTE,0,"COSTANERA & OCHO ORIENTE, CHIGUAYANTE",CHILE,GEOMETRIC_CENTER,16811,2021,1342003,1,2021/03/29 00:00:00+00,1899/12/30 00:00:00+00,8,REGION BIO BIO,8103,CHIGUAYANTE,51,CHOQUE FRONTAL,40,CHOQUE,1,URBANA,1,TRAMO DE VIA RECTA,13,CAUSAS NO DETERMINADAS,97,CAUSAS NO DETERMINADAS,0,COSTANERA,0,OCHO ORIENTE,COSTANERA - OCHO ORIENTE,0, , , , ,1,1,2,BIDIRECCIONAL,1,CONCRETO,1,BUENO,3,MOJADO,2,NUBLADO,0,0,0,0,1
-8129820.4640458,-4425670.88539243,818,6349,1354745,-73.0314198,-36.9035462,94,CHIGUAYANTE,1,21749,2021,1354745,REGION BIO BIO,8103,CHIGUAYANTE,OCHO ORIENTE,LAS QUINTAS,0,"OCHO ORIENTE & LAS QUINTAS, CHIGUAYANTE",CHILE,GEOMETRIC_CENTER,29978,2021,1354745,1,2021/06/07 00:00:00+00,1899/12/30 00:00:00+00,8,REGION BIO BIO,8103,CHIGUAYANTE,34,COLISION PERPENDICULAR,30,COLISION,1,URBANA,1,TRAMO DE VIA RECTA,13,CAUSAS NO DETERMINADAS,97,CAUSAS NO DETERMINADAS,0,OCHO ORIENTE,0,LAS QUINTAS,LAS QUINTAS - OCHO ORIENTE,0, , , , ,2,2,3,BIDIRECCIONAL CON BANDEJON,2,ASFALTO,1,BUENO,1,SECO,1,DESPEJADO,0,0,0,1,1
-8129820.4640458,-4425670.88539243,819,6350,1368794,-73.0314198,-36.9035462,94,CHIGUAYANTE,1,30028,2021,1368794,REGION BIO BIO,8103,CHIGUAYANTE,COSTANERA,OCHO ORIENTE,0,"COSTANERA & OCHO ORIENTE, CHIGUAYANTE",CHILE,GEOMETRIC_CENTER,41519,2021,1368794,1,2021/07/27 00:00:00+00,1899/12/30 00:00:00+00,8,REGION BIO BIO,8103,CHIGUAYANTE,67,CHOQUE POSTERIOR/FRENTE,40,CHOQUE,1,URBANA,21,ENLACE A NIVEL,1,IMPRUDENCIA DEL CONDUCTOR,27,CONDUCCION NO ATENTO CONDICIONES TRANSITO MOMENTO,0,COSTANERA,0,OCHO ORIENTE,COSTANERA - OCHO ORIENTE,0, , , , ,2,2,3,BIDIRECCIONAL CON BANDEJON,1,CONCRETO,1,BUENO,1,SECO,1,DESPEJADO,0,0,0,0,2
-8129820.4640458,-4425670.88539243,820,6351,1385130,-73.0314198,-36.9035462,94,CHIGUAYANTE,1,42304,2021,1385130,REGION BIO BIO,8103,CHIGUAYANTE,OCHO ORIENTE,NUEVA,0,"OCHO ORIENTE & NUEVA, CHIGUAYANTE",CHILE,GEOMETRIC_CENTER,57944,2021,1385130,1,2021/10/03 00:00:00+00,1899/12/30 00:00:00+00,8,REGION BIO BIO,8103,CHIGUAYANTE,51,CHOQUE FRONTAL,40,CHOQUE,1,URBANA,1,TRAMO DE VIA RECTA,1,IMPRUDENCIA DEL CONDUCTOR,27,CONDUCCION NO ATENTO CONDICIONES TRANSITO MOMENTO,0,OCHO ORIENTE,0,NUEVA,NUEVA - OCHO ORIENTE,0, , , , ,2,2,3,BIDIRECCIONAL CON BANDEJON,1,CONCRETO,1,BUENO,1,SECO,1,DESPEJADO,0,0,0,0,1
-8129300.61315574,-4425328.1541684,821,6352,1355275,-73.0267499,-36.9010842,94,CHIGUAYANTE,1,21824,2021,1355275,REGION BIO BIO,8103,CHIGUAYANTE,GRAHAM BELL, ,315,"GRAHAM BELL 315, CHIGUAYANTE",CHILE,RANGE_INTERPOLATED,30085,2021,1355275,1,2021/06/07 00:00:00+00,1899/12/30 00:00:00+00,8,REGION BIO BIO,8103,CHIGUAYANTE,69,CHOQUE POSTERIOR/POSTERIOR,40,CHOQUE,1,URBANA,1,TRAMO DE VIA RECTA,13,CAUSAS NO DETERMINADAS,97,CAUSAS NO DETERMINADAS,0,GRAHAM BELL,0, ,- GRAHAM BELL,315, , , , ,1,1,2,BIDIRECCIONAL,1,CONCRETO,1,BUENO,3,MOJADO,4,LLOVIZNA,0,0,0,0,2
-8130012.13394504,-4425039.43048702,822,6353,1332583,-73.0331416,-36.8990101,94,CHIGUAYANTE,1,5321,2021,1332583,REGION BIO BIO,8103,CHIGUAYANTE,OCHO ORIENTE,LOS BOLDOS,0,"OCHO ORIENTE & LOS BOLDOS, CHIGUAYANTE",CHILE,GEOMETRIC_CENTER,7437,2021,1332583,1,2021/02/08 00:00:00+00,1899/12/30 00:00:00+00,8,REGION BIO BIO,8103,CHIGUAYANTE,63,CHOQUE FRENTE/POSTERIOR,40,CHOQUE,1,URBANA,1,TRAMO DE VIA RECTA,13,CAUSAS NO DETERMINADAS,97,CAUSAS NO DETERMINADAS,0,OCHO ORIENTE,0,LOS BOLDOS,LOS BOLDOS - OCHO ORIENTE,0, , , , ,2,2,3,BIDIRECCIONAL CON BANDEJON,1,CONCRETO,1,BUENO,1,SECO,1,DESPEJADO,0,0,0,0,2
-8130012.13394504,-4425039.43048702,823,6354,1344635,-73.0331416,-36.8990101,94,CHIGUAYANTE,1,14843,2021,1344635,REGION BIO BIO,8103,CHIGUAYANTE,OCHO ORIENTE, ,720,"OCHO ORIENTE 720, CHIGUAYANTE",CHILE,RANGE_INTERPOLATED,20468,2021,1344635,1,2021/04/21 00:00:00+00,1899/12/30 00:00:00+00,8,REGION BIO BIO,8103,CHIGUAYANTE,32,COLISION LATERAL,30,COLISION,1,URBANA,1,TRAMO DE VIA RECTA,13,CAUSAS NO DETERMINADAS,97,CAUSAS NO DETERMINADAS,0,OCHO ORIENTE,0, ,- OCHO ORIENTE,720, , , , ,2,2,3,BIDIRECCIONAL CON BANDEJON,1,CONCRETO,1,BUENO,1,SECO,2,NUBLADO,0,0,0,0,2
-8130012.13394504,-4425039.43048702,824,6355,1349085,-73.0331416,-36.8990101,94,CHIGUAYANTE,1,17629,2021,1349085,REGION BIO BIO,8103,CHIGUAYANTE,OCHO ORIENTE, ,720,"OCHO ORIENTE 720, CHIGUAYANTE",CHILE,RANGE_INTERPOLATED,24272,2021,1349085,1,2021/05/11 00:00:00+00,1899/12/30 00:00:00+00,8,REGION BIO BIO,8103,CHIGUAYANTE,34,COLISION PERPENDICULAR,30,COLISION,1,URBANA,14,CRUCE CON SEÑAL PARE,1,IMPRUDENCIA DEL CONDUCTOR,27,CONDUCCION NO ATENTO CONDICIONES TRANSITO MOMENTO,0,OCHO ORIENTE,0, ,- OCHO ORIENTE,720, , , , ,1,0,1,UNIDIRECCIONAL,1,CONCRETO,1,BUENO,1,SECO,1,DESPEJADO,0,1,0,0,1
-8130012.13394504,-4425039.43048702,825,6356,1353226,-73.0331416,-36.8990101,94,CHIGUAYANTE,1,20658,2021,1353226,REGION BIO BIO,8103,CHIGUAYANTE,OCHO ORIENTE, ,720,"OCHO ORIENTE 720, CHIGUAYANTE",CHILE,RANGE_INTERPOLATED,28466,2021,1353226,1,2021/05/31 00:00:00+00,1899/12/30 00:00:00+00,8,REGION BIO BIO,8103,CHIGUAYANTE,32,COLISION LATERAL,30,COLISION,1,URBANA,1,TRAMO DE VIA RECTA,1,IMPRUDENCIA DEL CONDUCTOR,11,ADELANTAMIENTO SIN EL ESPACIO O TIEMPO SUFICIENTE,0,OCHO ORIENTE,0, ,- OCHO ORIENTE,720, , , , ,2,2,3,BIDIRECCIONAL CON BANDEJON,2,ASFALTO,1,BUENO,3,MOJADO,3,LLUVIA,0,0,0,0,2
-8130012.13394504,-4425039.43048702,826,6357,1373954,-73.0331416,-36.8990101,94,CHIGUAYANTE,1,35066,2021,1373954,REGION BIO BIO,8103,CHIGUAYANTE,OCHO ORIENTE, ,720,"OCHO ORIENTE 720, CHIGUAYANTE",CHILE,RANGE_INTERPOLATED,48336,2021,1373954,1,2021/08/24 00:00:00+00,1899/12/30 00:00:00+00,8,REGION BIO BIO,8103,CHIGUAYANTE,33,COLISION POR ALCANCE,30,COLISION,1,URBANA,1,TRAMO DE VIA RECTA,13,CAUSAS NO DETERMINADAS,97,CAUSAS NO DETERMINADAS,0,OCHO ORIENTE,0, ,- OCHO ORIENTE,720, , , , ,2,2,3,BIDIRECCIONAL CON BANDEJON,1,CONCRETO,1,BUENO,1,SECO,1,DESPEJADO,0,0,0,1,2
-8130012.13394504,-4425039.43048702,827,6358,1398049,-73.0331416,-36.8990101,94,CHIGUAYANTE,1,49465,2021,1398049,REGION BIO BIO,8103,CHIGUAYANTE,OCHO ORIENTE, ,720,"OCHO ORIENTE 720, CHIGUAYANTE",CHILE,RANGE_INTERPOLATED,67398,2021,1398049,1,2021/11/10 00:00:00+00,1899/12/30 00:00:00+00,8,REGION BIO BIO,8103,CHIGUAYANTE,34,COLISION PERPENDICULAR,30,COLISION,1,URBANA,14,CRUCE CON SEÑAL PARE,1,IMPRUDENCIA DEL CONDUCTOR,32,NO RESPETAR DERECHO PREFERENTE DE PASO A VEHICULO,0,OCHO ORIENTE,0, ,- OCHO ORIENTE,720, , , , ,1,0,1,UNIDIRECCIONAL,2,ASFALTO,1,BUENO,1,SECO,1,DESPEJADO,0,0,0,1,1
-8130012.13394504,-4425039.43048702,828,6359,1397070,-73.0331416,-36.8990101,94,CHIGUAYANTE,1,50295,2021,1397070,REGION BIO BIO,8103,CHIGUAYANTE,OCHO ORIENTE, ,720,"OCHO ORIENTE 720, CHIGUAYANTE",CHILE,RANGE_INTERPOLATED,68515,2021,1397070,1,2021/11/14 00:00:00+00,1899/12/30 00:00:00+00,8,REGION BIO BIO,8103,CHIGUAYANTE,63,CHOQUE FRENTE/POSTERIOR,40,CHOQUE,1,URBANA,1,TRAMO DE VIA RECTA,1,IMPRUDENCIA DEL CONDUCTOR,27,CONDUCCION NO ATENTO CONDICIONES TRANSITO MOMENTO,0,OCHO ORIENTE,0, ,- OCHO ORIENTE,720, , , , ,2,2,3,BIDIRECCIONAL CON BANDEJON,1,CONCRETO,1,BUENO,1,SECO,1,DESPEJADO,0,0,0,0,2
-8129902.52877441,-4424885.18139545,829,6360,1375499,-73.032157,-36.897902,94,CHIGUAYANTE,1,36242,2021,1375499,REGION BIO BIO,8103,CHIGUAYANTE,O'HIGGINS, ,618,"O'HIGGINS 618, CHIGUAYANTE",CHILE,RANGE_INTERPOLATED,49874,2021,1375499,1,2021/08/31 00:00:00+00,1899/12/30 00:00:00+00,8,REGION BIO BIO,8103,CHIGUAYANTE,63,CHOQUE FRENTE/POSTERIOR,40,CHOQUE,1,URBANA,1,TRAMO DE VIA RECTA,1,IMPRUDENCIA DEL CONDUCTOR,27,CONDUCCION NO ATENTO CONDICIONES TRANSITO MOMENTO,0,O'HIGGINS,0, ,- O'HIGGINS,618, , , , ,1,1,2,BIDIRECCIONAL,1,CONCRETO,1,BUENO,3,MOJADO,3,LLUVIA,0,0,0,0,3
-8129937.33837918,-4424720.10491456,830,6361,1358159,-73.0324697,-36.8967161,94,CHIGUAYANTE,1,24217,2021,1358159,REGION BIO BIO,8103,CHIGUAYANTE,O'HIGGINS,CAUPOLICAN,0,"O'HIGGINS & CAUPOLICAN, CHIGUAYANTE",CHILE,GEOMETRIC_CENTER,33379,2021,1358159,1,2021/06/22 00:00:00+00,1899/12/30 00:00:00+00,8,REGION BIO BIO,8103,CHIGUAYANTE,34,COLISION PERPENDICULAR,30,COLISION,1,URBANA,15,CRUCE CON SEÑAL CEDA EL PASO,10,DESOBEDIENCIA A SEÑALIZACION,64,SEÑALIZACION DESOBEDECER SEÑAL CEDA EL PASO,0,O'HIGGINS,0,CAUPOLICAN,CAUPOLICAN - O'HIGGINS,0, , , , ,2,2,3,BIDIRECCIONAL CON BANDEJON,1,CONCRETO,2,REGULAR,3,MOJADO,3,LLUVIA,0,1,0,0,1
-8129935.8912258,-4424581.67316216,831,6362,1404551,-73.0324567,-36.8957216,94,CHIGUAYANTE,1,56013,2021,1404551,REGION BIO BIO,8103,CHIGUAYANTE,O'HIGGINS, ,355,"O'HIGGINS 355, CHIGUAYANTE",CHILE,RANGE_INTERPOLATED,76157,2021,1404551,1,2021/12/14 00:00:00+00,1899/12/30 00:00:00+00,8,REGION BIO BIO,8103,CHIGUAYANTE,10,ATROPELLO,10,ATROPELLO,1,URBANA,1,TRAMO DE VIA RECTA,14,OTRAS CAUSAS,98,OTRAS CAUSAS,0,O'HIGGINS,0, ,- O'HIGGINS,355, , , , ,1,1,2,BIDIRECCIONAL,1,CONCRETO,1,BUENO,1,SECO,1,DESPEJADO,0,0,0,1,1
-8130015.61824511,-4424443.98094504,832,6363,1330741,-73.0331729,-36.8947324,94,CHIGUAYANTE,1,4351,2021,1330741,REGION BIO BIO,8103,CHIGUAYANTE,O'HIGGINS,SCHAWB,0,"O'HIGGINS & SCHAWB, CHIGUAYANTE",CHILE,GEOMETRIC_CENTER,6111,2021,1330741,1,2021/02/01 00:00:00+00,1899/12/30 00:00:00+00,8,REGION BIO BIO,8103,CHIGUAYANTE,51,CHOQUE FRONTAL,40,CHOQUE,1,URBANA,1,TRAMO DE VIA RECTA,12,FALLAS MECANICAS,5,FALLAS MECANICAS NEUMATICOS,0,O'HIGGINS,0,SCHAWB,O'HIGGINS - SCHAWB,0, , , , ,1,1,2,BIDIRECCIONAL,1,CONCRETO,1,BUENO,1,SECO,1,DESPEJADO,0,0,0,1,0
-8130226.60207601,-4424214.38188905,833,6364,1343967,-73.0350682,-36.8930829,94,CHIGUAYANTE,1,13635,2021,1343967,REGION BIO BIO,8103,CHIGUAYANTE,COSTANERA, ,1347,"COSTANERA 1347, CHIGUAYANTE",CHILE,RANGE_INTERPOLATED,18846,2021,1343967,1,2021/04/12 00:00:00+00,1899/12/30 00:00:00+00,8,REGION BIO BIO,8103,CHIGUAYANTE,50,CHOQUE,40,CHOQUE,1,URBANA,1,TRAMO DE VIA RECTA,13,CAUSAS NO DETERMINADAS,97,CAUSAS NO DETERMINADAS,0,COSTANERA,0, ,- COSTANERA,1347, , , , ,1,1,2,BIDIRECCIONAL,1,CONCRETO,1,BUENO,1,SECO,1,DESPEJADO,0,0,0,0,1
-8130387.67024724,-4424047.14447534,834,6365,1347800,-73.0365151,-36.8918814,94,CHIGUAYANTE,1,16301,2021,1347800,REGION BIO BIO,8103,CHIGUAYANTE,COSTANERA, ,4047,"COSTANERA 4047, CHIGUAYANTE",CHILE,RANGE_INTERPOLATED,22473,2021,1347800,1,2021/05/02 00:00:00+00,1899/12/30 00:00:00+00,8,REGION BIO BIO,8103,CHIGUAYANTE,33,COLISION POR ALCANCE,30,COLISION,1,URBANA,1,TRAMO DE VIA RECTA,1,IMPRUDENCIA DEL CONDUCTOR,27,CONDUCCION NO ATENTO CONDICIONES TRANSITO MOMENTO,0,COSTANERA,0, ,- COSTANERA,4047, , , , ,1,1,2,BIDIRECCIONAL,1,CONCRETO,1,BUENO,2,HUMEDO,4,LLOVIZNA,0,0,0,1,1
-8130387.67024724,-4424047.14447534,835,6366,1369948,-73.0365151,-36.8918814,94,CHIGUAYANTE,1,31919,2021,1369948,REGION BIO BIO,8103,CHIGUAYANTE,COSTANERA, ,4160,"COSTANERA 4160, CHIGUAYANTE",CHILE,RANGE_INTERPOLATED,44051,2021,1369948,1,2021/08/07 00:00:00+00,1899/12/30 00:00:00+00,8,REGION BIO BIO,8103,CHIGUAYANTE,51,CHOQUE FRONTAL,40,CHOQUE,1,URBANA,1,TRAMO DE VIA RECTA,13,CAUSAS NO DETERMINADAS,97,CAUSAS NO DETERMINADAS,0,COSTANERA,0, ,- COSTANERA,4160, , , , ,1,1,2,BIDIRECCIONAL,1,CONCRETO,1,BUENO,1,SECO,1,DESPEJADO,0,0,0,0,1
-8130387.67024724,-4424047.14447534,836,6367,1373364,-73.0365151,-36.8918814,94,CHIGUAYANTE,1,33851,2021,1373364,REGION BIO BIO,8103,CHIGUAYANTE,COSTANERA, ,45,"COSTANERA 45, CHIGUAYANTE",CHILE,RANGE_INTERPOLATED,46688,2021,1373364,1,2021/08/17 00:00:00+00,1899/12/30 00:00:00+00,8,REGION BIO BIO,8103,CHIGUAYANTE,51,CHOQUE FRONTAL,40,CHOQUE,1,URBANA,1,TRAMO DE VIA RECTA,13,CAUSAS NO DETERMINADAS,97,CAUSAS NO DETERMINADAS,0,COSTANERA,0, ,- COSTANERA,45, , , , ,1,1,2,BIDIRECCIONAL,1,CONCRETO,1,BUENO,3,MOJADO,3,LLUVIA,0,0,0,0,1
-8130387.67024724,-4424047.14447534,837,6368,1380096,-73.0365151,-36.8918814,94,CHIGUAYANTE,1,39139,2021,1380096,REGION BIO BIO,8103,CHIGUAYANTE,COSTANERA, ,2200,"COSTANERA 2200, CHIGUAYANTE",CHILE,RANGE_INTERPOLATED,53751,2021,1380096,1,2021/09/16 00:00:00+00,1899/12/30 00:00:00+00,8,REGION BIO BIO,8103,CHIGUAYANTE,50,CHOQUE,40,CHOQUE,1,URBANA,26,OTROS NO CONSIDERADOS,13,CAUSAS NO DETERMINADAS,97,CAUSAS NO DETERMINADAS,0,COSTANERA,0, ,- COSTANERA,2200, , , , ,2,2,3,BIDIRECCIONAL CON BANDEJON,4,MIXTO,1,BUENO,1,SECO,1,DESPEJADO,0,0,0,0,1
-8130387.67024724,-4424047.14447534,838,6369,1382373,-73.0365151,-36.8918814,94,CHIGUAYANTE,1,40333,2021,1382373,REGION BIO BIO,8103,CHIGUAYANTE,COSTANERA, ,7,"COSTANERA 7, CHIGUAYANTE",CHILE,RANGE_INTERPOLATED,55378,2021,1382373,1,2021/09/23 00:00:00+00,1899/12/30 00:00:00+00,8,REGION BIO BIO,8103,CHIGUAYANTE,70,VOLCADURA,70,VOLCADURA,1,URBANA,1,TRAMO DE VIA RECTA,14,OTRAS CAUSAS,98,OTRAS CAUSAS,0,COSTANERA,0, ,- COSTANERA,7, , , , ,1,1,2,BIDIRECCIONAL,1,CONCRETO,2,REGULAR,2,HUMEDO,1,DESPEJADO,0,1,0,1,1
-8130387.67024724,-4424047.14447534,839,6370,1388219,-73.0365151,-36.8918814,94,CHIGUAYANTE,1,43949,2021,1388219,REGION BIO BIO,8103,CHIGUAYANTE,COSTANERA, ,12,"COSTANERA 12, CHIGUAYANTE",CHILE,RANGE_INTERPOLATED,60136,2021,1388219,1,2021/10/12 00:00:00+00,1899/12/30 00:00:00+00,8,REGION BIO BIO,8103,CHIGUAYANTE,32,COLISION LATERAL,30,COLISION,1,URBANA,1,TRAMO DE VIA RECTA,14,OTRAS CAUSAS,98,OTRAS CAUSAS,0,COSTANERA,0, ,- COSTANERA,12, , , , ,1,1,2,BIDIRECCIONAL,1,CONCRETO,1,BUENO,1,SECO,2,NUBLADO,0,0,0,1,1