X,Y,FID,FID_1,LABELID,POINT_X,POINT_Y,FID_2,COMUNAREAL,VAL_COM,OBJECTID,A_O,IDACCIDENT,REGION,COD_COMUN,COMUNA,CALLE_UNO,CALLE_DOS,NUMERO,DIR_GEOCOD,PAIS,TIPO,OBJECTID_1,Año,Idaccide_1,Claseaccid,Fecha,Hora,Cód_Regi,Región,Cód_Comun,Comuna_1,Cód_Tipo_,Tipo_Accid,Cód_Tipo1,Tipo__CONA,Cód_Zona,Zona,Cód_Ubica,Ubicación,Cód_Causa,Causa__CON,Cód_Cau_1,Causa,Cód_Calle,Calle_Un_1,Cód_Cal_1,Calle_Do_1,Intersecci,Número,Ruta,Cód_Ruta,Ubicaci_1,Km_Vía_Fe,Pistas_de_,Pistas_de1,Cód_Calza,Calzada,Cód__Tipo,Tipo_Calza,Cód_Estad,Estado_Cal,Cód_Condi,Condición,Cód_Est_1,Estado_Atm,Fallecidos,Graves,Menos_Grav,Leves,Ilesos
-8130477.03753445,-4423870.08307957,840,6371,1335000,-73.0373179,-36.8906093,94,CHIGUAYANTE,1,7401,2021,1335000,REGION BIO BIO,8103,CHIGUAYANTE,COSTANERA, ,2,"COSTANERA 2, CHIGUAYANTE",CHILE,RANGE_INTERPOLATED,10402,2021,1335000,1,2021/02/23 00:00:00+00,1899/12/30 00:00:00+00,8,REGION BIO BIO,8103,CHIGUAYANTE,33,COLISION POR ALCANCE,30,COLISION,1,URBANA,1,TRAMO DE VIA RECTA,13,CAUSAS NO DETERMINADAS,97,CAUSAS NO DETERMINADAS,0,COSTANERA,0, ,- COSTANERA,2, , , , ,1,1,2,BIDIRECCIONAL,2,ASFALTO,1,BUENO,1,SECO,1,DESPEJADO,0,0,0,2,1
-8130477.03753445,-4423870.08307957,841,6372,1335028,-73.0373179,-36.8906093,94,CHIGUAYANTE,1,7529,2021,1335028,REGION BIO BIO,8103,CHIGUAYANTE,COSTANERA,ZA??ªARTU,0,"COSTANERA & ZA??ªARTU, CHIGUAYANTE",CHILE,GEOMETRIC_CENTER,10579,2021,1335028,1,2021/02/24 00:00:00+00,1899/12/30 00:00:00+00,8,REGION BIO BIO,8103,CHIGUAYANTE,30,COLISION,30,COLISION,1,URBANA,15,CRUCE CON SEÑAL CEDA EL PASO,13,CAUSAS NO DETERMINADAS,97,CAUSAS NO DETERMINADAS,0,COSTANERA,0,ZAÑARTU,COSTANERA - ZAÑARTU,0, , , , ,1,1,2,BIDIRECCIONAL,1,CONCRETO,1,BUENO,1,SECO,1,DESPEJADO,0,0,0,0,2
-8130477.03753445,-4423870.08307957,842,6373,1340984,-73.0373179,-36.8906093,94,CHIGUAYANTE,1,11860,2021,1340984,REGION BIO BIO,8103,CHIGUAYANTE,COSTANERA,PASCUAL BINIMELIS,0,"COSTANERA & PASCUAL BINIMELIS, CHIGUAYANTE",CHILE,GEOMETRIC_CENTER,16416,2021,1340984,1,2021/03/26 00:00:00+00,1899/12/30 00:00:00+00,8,REGION BIO BIO,8103,CHIGUAYANTE,10,ATROPELLO,10,ATROPELLO,1,URBANA,1,TRAMO DE VIA RECTA,13,CAUSAS NO DETERMINADAS,97,CAUSAS NO DETERMINADAS,0,COSTANERA,0,PASCUAL BINIMELIS,COSTANERA - PASCUAL BINIMELIS,0, , , , ,2,2,3,BIDIRECCIONAL CON BANDEJON,1,CONCRETO,1,BUENO,1,SECO,1,DESPEJADO,0,0,0,1,1
-8130477.03753445,-4423870.08307957,843,6374,1346140,-73.0373179,-36.8906093,94,CHIGUAYANTE,1,15817,2021,1346140,REGION BIO BIO,8103,CHIGUAYANTE,COSTANERA,MIRAFLORES,0,"COSTANERA & MIRAFLORES, CHIGUAYANTE",CHILE,GEOMETRIC_CENTER,21784,2021,1346140,1,2021/04/29 00:00:00+00,1899/12/30 00:00:00+00,8,REGION BIO BIO,8103,CHIGUAYANTE,50,CHOQUE,40,CHOQUE,1,URBANA,1,TRAMO DE VIA RECTA,9,PERDIDA CONTROL VEHICULO,95,PERDIDA CONTROL VEHICULO,0,COSTANERA,0,MIRAFLORES,COSTANERA - MIRAFLORES,0, , , , ,1,1,2,BIDIRECCIONAL,1,CONCRETO,1,BUENO,1,SECO,1,DESPEJADO,0,0,0,1,0
-8130477.03753445,-4423870.08307957,844,6375,1356458,-73.0373179,-36.8906093,94,CHIGUAYANTE,1,17662,2021,1356458,REGION BIO BIO,8103,CHIGUAYANTE,COSTANERA,MIRAFLORES,0,"COSTANERA & MIRAFLORES, CHIGUAYANTE",CHILE,GEOMETRIC_CENTER,24315,2021,1356458,1,2021/05/11 00:00:00+00,1899/12/30 00:00:00+00,8,REGION BIO BIO,8103,CHIGUAYANTE,30,COLISION,30,COLISION,1,URBANA,1,TRAMO DE VIA RECTA,10,DESOBEDIENCIA A SEÑALIZACION,63,SEÑALIZACION DESOBEDECER INDICACION CARABINERO SERVICIO,0,COSTANERA,0,MIRAFLORES,COSTANERA - MIRAFLORES,0, , , , ,1,1,2,BIDIRECCIONAL,1,CONCRETO,1,BUENO,1,SECO,1,DESPEJADO,0,0,0,0,2
-8130477.03753445,-4423870.08307957,845,6376,1357590,-73.0373179,-36.8906093,94,CHIGUAYANTE,1,23622,2021,1357590,REGION BIO BIO,8103,CHIGUAYANTE,COSTANERA,ENRIQUE VAN RYSELBERGUE,0,"COSTANERA & ENRIQUE VAN RYSELBERGUE, CHIGUAYANTE",CHILE,GEOMETRIC_CENTER,32546,2021,1357590,1,2021/06/18 00:00:00+00,1899/12/30 00:00:00+00,8,REGION BIO BIO,8103,CHIGUAYANTE,63,CHOQUE FRENTE/POSTERIOR,40,CHOQUE,1,URBANA,1,TRAMO DE VIA RECTA,1,IMPRUDENCIA DEL CONDUCTOR,27,CONDUCCION NO ATENTO CONDICIONES TRANSITO MOMENTO,0,COSTANERA,0,ENRIQUE VAN RYSELBERGUE,COSTANERA - ENRIQUE VAN RYSELBERGUE,0, , , , ,1,1,2,BIDIRECCIONAL,1,CONCRETO,1,BUENO,1,SECO,1,DESPEJADO,0,0,0,1,1
-8130477.03753445,-4423870.08307957,846,6377,1358684,-73.0373179,-36.8906093,94,CHIGUAYANTE,1,24061,2021,1358684,REGION BIO BIO,8103,CHIGUAYANTE,COSTANERA,SANDERS,0,"COSTANERA & SANDERS, CHIGUAYANTE",CHILE,GEOMETRIC_CENTER,33170,2021,1358684,1,2021/06/21 00:00:00+00,1899/12/30 00:00:00+00,8,REGION BIO BIO,8103,CHIGUAYANTE,63,CHOQUE FRENTE/POSTERIOR,40,CHOQUE,1,URBANA,1,TRAMO DE VIA RECTA,1,IMPRUDENCIA DEL CONDUCTOR,27,CONDUCCION NO ATENTO CONDICIONES TRANSITO MOMENTO,0,COSTANERA,0,SANDERS,COSTANERA - SANDERS,0, , , , ,1,1,2,BIDIRECCIONAL,2,ASFALTO,1,BUENO,3,MOJADO,3,LLUVIA,0,0,0,2,2
-8130477.03753445,-4423870.08307957,847,6378,1367556,-73.0373179,-36.8906093,94,CHIGUAYANTE,1,28808,2021,1367556,REGION BIO BIO,8103,CHIGUAYANTE,COSTANERA,PASCUAL BINIMELIS,0,"COSTANERA & PASCUAL BINIMELIS, CHIGUAYANTE",CHILE,GEOMETRIC_CENTER,39805,2021,1367556,1,2021/07/20 00:00:00+00,1899/12/30 00:00:00+00,8,REGION BIO BIO,8103,CHIGUAYANTE,63,CHOQUE FRENTE/POSTERIOR,40,CHOQUE,1,URBANA,11,CRUCE CON SEMAFORO FUNCIONANDO,1,IMPRUDENCIA DEL CONDUCTOR,27,CONDUCCION NO ATENTO CONDICIONES TRANSITO MOMENTO,0,COSTANERA,0,PASCUAL BINIMELIS,COSTANERA - PASCUAL BINIMELIS,0, , , , ,2,2,3,BIDIRECCIONAL CON BANDEJON,2,ASFALTO,1,BUENO,1,SECO,1,DESPEJADO,0,0,0,3,0
-8130477.03753445,-4423870.08307957,848,6379,1367747,-73.0373179,-36.8906093,94,CHIGUAYANTE,1,29048,2021,1367747,REGION BIO BIO,8103,CHIGUAYANTE,COSTANERA,PASCUAL BINIMELIS,0,"COSTANERA & PASCUAL BINIMELIS, CHIGUAYANTE",CHILE,GEOMETRIC_CENTER,40170,2021,1367747,1,2021/07/22 00:00:00+00,1899/12/30 00:00:00+00,8,REGION BIO BIO,8103,CHIGUAYANTE,63,CHOQUE FRENTE/POSTERIOR,40,CHOQUE,1,URBANA,11,CRUCE CON SEMAFORO FUNCIONANDO,1,IMPRUDENCIA DEL CONDUCTOR,27,CONDUCCION NO ATENTO CONDICIONES TRANSITO MOMENTO,0,COSTANERA,0,PASCUAL BINIMELIS,COSTANERA - PASCUAL BINIMELIS,0, , , , ,2,2,3,BIDIRECCIONAL CON BANDEJON,2,ASFALTO,1,BUENO,1,SECO,1,DESPEJADO,0,0,0,3,0
-8130477.03753445,-4423870.08307957,849,6380,1377422,-73.0373179,-36.8906093,94,CHIGUAYANTE,1,37157,2021,1377422,REGION BIO BIO,8103,CHIGUAYANTE,COSTANERA,PASCUAL BINIMELIS,0,"COSTANERA & PASCUAL BINIMELIS, CHIGUAYANTE",CHILE,GEOMETRIC_CENTER,51091,2021,1377422,1,2021/09/05 00:00:00+00,1899/12/30 00:00:00+00,8,REGION BIO BIO,8103,CHIGUAYANTE,32,COLISION LATERAL,30,COLISION,1,URBANA,1,TRAMO DE VIA RECTA,1,IMPRUDENCIA DEL CONDUCTOR,27,CONDUCCION NO ATENTO CONDICIONES TRANSITO MOMENTO,0,COSTANERA,0,PASCUAL BINIMELIS,COSTANERA - PASCUAL BINIMELIS,0, , , , ,2,2,3,BIDIRECCIONAL CON BANDEJON,2,ASFALTO,1,BUENO,2,HUMEDO,3,LLUVIA,0,0,0,0,2
-8130477.03753445,-4423870.08307957,850,6381,1377473,-73.0373179,-36.8906093,94,CHIGUAYANTE,1,37542,2021,1377473,REGION BIO BIO,8103,CHIGUAYANTE,COSTANERA,PASCUAL BINIMELIS,0,"COSTANERA & PASCUAL BINIMELIS, CHIGUAYANTE",CHILE,GEOMETRIC_CENTER,51614,2021,1377473,1,2021/09/07 00:00:00+00,1899/12/30 00:00:00+00,8,REGION BIO BIO,8103,CHIGUAYANTE,34,COLISION PERPENDICULAR,30,COLISION,1,URBANA,1,TRAMO DE VIA RECTA,1,IMPRUDENCIA DEL CONDUCTOR,91,VIRAJES INDEBIDOS,0,COSTANERA,0,PASCUAL BINIMELIS,COSTANERA - PASCUAL BINIMELIS,0, , , , ,2,2,3,BIDIRECCIONAL CON BANDEJON,1,CONCRETO,1,BUENO,1,SECO,1,DESPEJADO,0,0,0,2,1
-8130477.03753445,-4423870.08307957,851,6382,1393087,-73.0373179,-36.8906093,94,CHIGUAYANTE,1,47175,2021,1393087,REGION BIO BIO,8103,CHIGUAYANTE,OCHO ORIENTE,COSTANERA,0,"OCHO ORIENTE & COSTANERA, CHIGUAYANTE",CHILE,GEOMETRIC_CENTER,64348,2021,1393087,1,2021/10/29 00:00:00+00,1899/12/30 00:00:00+00,8,REGION BIO BIO,8103,CHIGUAYANTE,99,OTRO TIPO,99,OTRO TIPO,1,URBANA,1,TRAMO DE VIA RECTA,13,CAUSAS NO DETERMINADAS,97,CAUSAS NO DETERMINADAS,0,OCHO ORIENTE,0,COSTANERA,COSTANERA - OCHO ORIENTE,0, , , , ,2,2,3,BIDIRECCIONAL CON BANDEJON,1,CONCRETO,1,BUENO,1,SECO,1,DESPEJADO,0,0,0,1,1
-8130477.03753445,-4423870.08307957,852,6383,1393248,-73.0373179,-36.8906093,94,CHIGUAYANTE,1,47398,2021,1393248,REGION BIO BIO,8103,CHIGUAYANTE,COSTANERA,PASCUAL BINIMELIS,0,"COSTANERA & PASCUAL BINIMELIS, CHIGUAYANTE",CHILE,GEOMETRIC_CENTER,64659,2021,1393248,1,2021/10/30 00:00:00+00,1899/12/30 00:00:00+00,8,REGION BIO BIO,8103,CHIGUAYANTE,33,COLISION POR ALCANCE,30,COLISION,1,URBANA,11,CRUCE CON SEMAFORO FUNCIONANDO,4,ALCOHOL EN CONDUCTOR,24,CONDUCCION EN ESTADO DE EBRIEDAD,0,COSTANERA,0,PASCUAL BINIMELIS,COSTANERA - PASCUAL BINIMELIS,0, , , , ,2,2,3,BIDIRECCIONAL CON BANDEJON,2,ASFALTO,1,BUENO,1,SECO,1,DESPEJADO,0,0,0,2,3
-8130315.40163381,-4423852.26714465,853,6384,1394204,-73.0358659,-36.8904813,94,CHIGUAYANTE,1,48380,2021,1394204,REGION BIO BIO,8103,CHIGUAYANTE,CAMINO A CHIGUAYANTE, ,5855,"CAMINO A CHIGUAYANTE 5855, CHIGUAYANTE",CHILE,RANGE_INTERPOLATED,65971,2021,1394204,1,2021/11/05 00:00:00+00,1899/12/30 00:00:00+00,8,REGION BIO BIO,8103,CHIGUAYANTE,70,VOLCADURA,70,VOLCADURA,1,URBANA,2,TRAMO DE VIA CURVA HORIZONTAL,7,VELOCIDAD IMPRUDENTE,72,VELOCIDAD NO RAZONABLE NI PRUDENTE,0,CAMINO A CHIGUAYANTE,0, ,- CAMINO A CHIGUAYANTE,5855, , , , ,2,2,3,BIDIRECCIONAL CON BANDEJON,1,CONCRETO,1,BUENO,1,SECO,1,DESPEJADO,0,1,0,0,0
-8130382.42709922,-4423489.67760359,854,6385,1344616,-73.036468,-36.8878762,94,CHIGUAYANTE,1,14739,2021,1344616,REGION BIO BIO,8103,CHIGUAYANTE,CAMINO A CHIGUAYANTE, ,5615,"CAMINO A CHIGUAYANTE 5615, CHIGUAYANTE",CHILE,RANGE_INTERPOLATED,20313,2021,1344616,1,2021/04/20 00:00:00+00,1899/12/30 00:00:00+00,8,REGION BIO BIO,8103,CHIGUAYANTE,33,COLISION POR ALCANCE,30,COLISION,1,URBANA,1,TRAMO DE VIA RECTA,1,IMPRUDENCIA DEL CONDUCTOR,27,CONDUCCION NO ATENTO CONDICIONES TRANSITO MOMENTO,0,CAMINO A CHIGUAYANTE,0, ,- CAMINO A CHIGUAYANTE,5615, , , , ,2,2,3,BIDIRECCIONAL CON BANDEJON,1,CONCRETO,1,BUENO,3,MOJADO,3,LLUVIA,0,0,1,1,1
-8130382.42709922,-4423489.67760359,855,6386,1357639,-73.036468,-36.8878762,94,CHIGUAYANTE,1,23619,2021,1357639,REGION BIO BIO,8103,CHIGUAYANTE,CAMINO A CHIGUAYANTE, ,5583,"CAMINO A CHIGUAYANTE 5583, CHIGUAYANTE",CHILE,RANGE_INTERPOLATED,32543,2021,1357639,1,2021/06/18 00:00:00+00,1899/12/30 00:00:00+00,8,REGION BIO BIO,8103,CHIGUAYANTE,32,COLISION LATERAL,30,COLISION,1,URBANA,1,TRAMO DE VIA RECTA,1,IMPRUDENCIA DEL CONDUCTOR,27,CONDUCCION NO ATENTO CONDICIONES TRANSITO MOMENTO,0,CAMINO A CHIGUAYANTE,0, ,- CAMINO A CHIGUAYANTE,5583, , , , ,2,2,3,BIDIRECCIONAL CON BANDEJON,1,CONCRETO,1,BUENO,1,SECO,1,DESPEJADO,0,0,0,0,2
-8130547.24673729,-4422572.24255691,856,6387,1367705,-73.0379486,-36.8812843,94,CHIGUAYANTE,1,28964,2021,1367705,REGION BIO BIO,8103,CHIGUAYANTE,CAMINO A CHIGUAYANTE, ,82,"CAMINO A CHIGUAYANTE 82, CHIGUAYANTE",CHILE,RANGE_INTERPOLATED,40036,2021,1367705,1,2021/07/21 00:00:00+00,1899/12/30 00:00:00+00,8,REGION BIO BIO,8103,CHIGUAYANTE,63,CHOQUE FRENTE/POSTERIOR,40,CHOQUE,1,URBANA,1,TRAMO DE VIA RECTA,1,IMPRUDENCIA DEL CONDUCTOR,28,CONDUCCION SIN MANTENER DISTANCIA RAZONABLE NI PRUDENTE,0,CAMINO A CHIGUAYANTE,0, ,- CAMINO A CHIGUAYANTE,82, , , , ,2,2,3,BIDIRECCIONAL CON BANDEJON,1,CONCRETO,1,BUENO,1,SECO,1,DESPEJADO,0,0,0,2,4
-8130400.52764842,-4422340.29026637,857,6388,1369977,-73.0366306,-36.8796176,94,CHIGUAYANTE,1,31923,2021,1369977,REGION BIO BIO,8103,CHIGUAYANTE,VIA DEL SOL, ,94,"VIA DEL SOL 94, CHIGUAYANTE",CHILE,RANGE_INTERPOLATED,44056,2021,1369977,1,2021/08/07 00:00:00+00,1899/12/30 00:00:00+00,8,REGION BIO BIO,8103,CHIGUAYANTE,62,CHOQUE FRENTE/LADO,40,CHOQUE,1,URBANA,1,TRAMO DE VIA RECTA,13,CAUSAS NO DETERMINADAS,97,CAUSAS NO DETERMINADAS,0,VIA DEL SOL,0, ,- VIA DEL SOL,94, , , , ,1,1,2,BIDIRECCIONAL,1,CONCRETO,1,BUENO,1,SECO,1,DESPEJADO,0,0,0,0,2
-8130964.51671658,-4421614.67008878,858,6389,1329858,-73.041697,-36.8744034,94,CHIGUAYANTE,1,1371,2021,1329858,REGION BIO BIO,8103,CHIGUAYANTE,COSTANERA,VILLUCO,0,"COSTANERA & VILLUCO, CHIGUAYANTE",CHILE,GEOMETRIC_CENTER,1876,2021,1329858,1,2021/01/10 00:00:00+00,1899/12/30 00:00:00+00,8,REGION BIO BIO,8103,CHIGUAYANTE,31,COLISION FRONTAL,30,COLISION,1,URBANA,1,TRAMO DE VIA RECTA,4,ALCOHOL EN CONDUCTOR,24,CONDUCCION EN ESTADO DE EBRIEDAD,0,COSTANERA,0,VILLUCO,COSTANERA - VILLUCO,0, , , , ,1,1,2,BIDIRECCIONAL,1,CONCRETO,1,BUENO,1,SECO,1,DESPEJADO,0,2,0,1,1
-8130726.0926312,-4421010.20070171,859,6390,1339021,-73.0395552,-36.8700595,94,CHIGUAYANTE,1,10995,2021,1339021,REGION BIO BIO,8103,CHIGUAYANTE,ANTIHUE, ,25,"ANTIHUE 25, CHIGUAYANTE",CHILE,RANGE_INTERPOLATED,15254,2021,1339021,1,2021/03/19 00:00:00+00,1899/12/30 00:00:00+00,8,REGION BIO BIO,8103,CHIGUAYANTE,30,COLISION,30,COLISION,1,URBANA,1,TRAMO DE VIA RECTA,13,CAUSAS NO DETERMINADAS,97,CAUSAS NO DETERMINADAS,0,ANTIHUE,0, ,- ANTIHUE,25, , , , ,1,1,2,BIDIRECCIONAL,1,CONCRETO,1,BUENO,1,SECO,1,DESPEJADO,0,0,0,0,2
-8130578.63883369,-4420605.38030894,860,6391,1328182,-73.0382306,-36.8671502,94,CHIGUAYANTE,1,1813,2021,1328182,REGION BIO BIO,8103,CHIGUAYANTE,PASCUAL BINIMELIS,4 PONIENTE,0,"PASCUAL BINIMELIS & 4 PONIENTE, CHIGUAYANTE",CHILE,GEOMETRIC_CENTER,2498,2021,1328182,1,2021/01/13 00:00:00+00,1899/12/30 00:00:00+00,8,REGION BIO BIO,8103,CHIGUAYANTE,67,CHOQUE POSTERIOR/FRENTE,40,CHOQUE,1,URBANA,1,TRAMO DE VIA RECTA,14,OTRAS CAUSAS,98,OTRAS CAUSAS,0,PASCUAL BINIMELIS,0,4 PONIENTE,4 PONIENTE - PASCUAL BINIMELIS,0, , , , ,1,1,2,BIDIRECCIONAL,1,CONCRETO,1,BUENO,1,SECO,1,DESPEJADO,0,0,0,0,2
-8130278.46582677,-4420590.60318824,861,6392,1361854,-73.0355341,-36.867044,94,CHIGUAYANTE,1,25600,2021,1361854,REGION BIO BIO,8103,CHIGUAYANTE,CINCO PONIENTE, ,3225,"CINCO PONIENTE 3225, CHIGUAYANTE",CHILE,RANGE_INTERPOLATED,35347,2021,1361854,1,2021/07/01 00:00:00+00,1899/12/30 00:00:00+00,8,REGION BIO BIO,8103,CHIGUAYANTE,51,CHOQUE FRONTAL,40,CHOQUE,1,URBANA,1,TRAMO DE VIA RECTA,13,CAUSAS NO DETERMINADAS,97,CAUSAS NO DETERMINADAS,0,CINCO PONIENTE,0, ,- CINCO PONIENTE,3225, , , , ,1,1,2,BIDIRECCIONAL,1,CONCRETO,1,BUENO,1,SECO,2,NUBLADO,0,0,0,0,1
-8131540.77319262,-4419682.16974089,862,6393,1342189,-73.0468736,-36.860515,94,CHIGUAYANTE,1,12538,2021,1342189,REGION BIO BIO,8103,CHIGUAYANTE,ENRIQUE VAN RYSSELBERGHE, ,1945,"ENRIQUE VAN RYSSELBERGHE 1945, CHIGUAYANTE",CHILE,RANGE_INTERPOLATED,17329,2021,1342189,1,2021/04/01 00:00:00+00,1899/12/30 00:00:00+00,8,REGION BIO BIO,8103,CHIGUAYANTE,63,CHOQUE FRENTE/POSTERIOR,40,CHOQUE,1,URBANA,2,TRAMO DE VIA CURVA HORIZONTAL,13,CAUSAS NO DETERMINADAS,97,CAUSAS NO DETERMINADAS,0,ENRIQUE VAN RYSSELBERGHE,0, ,- ENRIQUE VAN RYSSELBERGHE,1945, , , , ,2,2,3,BIDIRECCIONAL CON BANDEJON,1,CONCRETO,1,BUENO,1,SECO,1,DESPEJADO,0,0,0,4,0
-8131540.77319262,-4419682.16974089,863,6394,1358131,-73.0468736,-36.860515,94,CHIGUAYANTE,1,24039,2021,1358131,REGION BIO BIO,8103,CHIGUAYANTE,ENRIQUE VAN RYSSELBERGHE, ,1945,"ENRIQUE VAN RYSSELBERGHE 1945, CHIGUAYANTE",CHILE,RANGE_INTERPOLATED,33138,2021,1358131,1,2021/06/21 00:00:00+00,1899/12/30 00:00:00+00,8,REGION BIO BIO,8103,CHIGUAYANTE,51,CHOQUE FRONTAL,40,CHOQUE,1,URBANA,2,TRAMO DE VIA CURVA HORIZONTAL,1,IMPRUDENCIA DEL CONDUCTOR,27,CONDUCCION NO ATENTO CONDICIONES TRANSITO MOMENTO,0,ENRIQUE VAN RYSSELBERGHE,0, ,- ENRIQUE VAN RYSSELBERGHE,1945, , , , ,2,2,3,BIDIRECCIONAL CON BANDEJON,1,CONCRETO,1,BUENO,3,MOJADO,3,LLUVIA,0,0,0,0,1
-8131940.97789397,-4418593.83537378,864,8105,1324976,-73.0504687,-36.8526923,94,CHIGUAYANTE,0,664,2021,1324976,REGION BIO BIO,8101,CONCEPCION,INGLESA,PEDRO DE VALDIVIA,0,"INGLESA & PEDRO DE VALDIVIA, CONCEPCION",CHILE,GEOMETRIC_CENTER,919,2021,1324976,1,2021/01/05 00:00:00+00,1899/12/30 00:00:00+00,8,REGION BIO BIO,8101,CONCEPCION,10,ATROPELLO,10,ATROPELLO,1,URBANA,11,CRUCE CON SEMAFORO FUNCIONANDO,1,IMPRUDENCIA DEL CONDUCTOR,31,NO RESPETAR DERECHO PREFERENTE DE PASO A PEATON,0,INGLESA,0,PEDRO DE VALDIVIA,INGLESA - PEDRO DE VALDIVIA,0, , , , ,1,1,2,BIDIRECCIONAL,1,CONCRETO,1,BUENO,1,SECO,1,DESPEJADO,0,1,0,0,1
-8131940.97789397,-4418593.83537378,865,8106,1345319,-73.0504687,-36.8526923,94,CHIGUAYANTE,0,14932,2021,1345319,REGION BIO BIO,8101,CONCEPCION,PEDRO DE VALDIVIA,INGLESA,0,"PEDRO DE VALDIVIA & INGLESA, CONCEPCION",CHILE,GEOMETRIC_CENTER,20592,2021,1345319,1,2021/04/22 00:00:00+00,1899/12/30 00:00:00+00,8,REGION BIO BIO,8101,CONCEPCION,34,COLISION PERPENDICULAR,30,COLISION,1,URBANA,11,CRUCE CON SEMAFORO FUNCIONANDO,1,IMPRUDENCIA DEL CONDUCTOR,27,CONDUCCION NO ATENTO CONDICIONES TRANSITO MOMENTO,0,PEDRO DE VALDIVIA,0,INGLESA,INGLESA - PEDRO DE VALDIVIA,0, , , , ,1,1,2,BIDIRECCIONAL,1,CONCRETO,1,BUENO,1,SECO,2,NUBLADO,0,0,0,1,1
-8131940.97789397,-4418593.83537378,866,8107,1357907,-73.0504687,-36.8526923,94,CHIGUAYANTE,0,23902,2021,1357907,REGION BIO BIO,8101,CONCEPCION,PEDRO DE VALDIVIA,INGLESA,0,"PEDRO DE VALDIVIA & INGLESA, CONCEPCION",CHILE,GEOMETRIC_CENTER,32942,2021,1357907,1,2021/06/20 00:00:00+00,1899/12/30 00:00:00+00,8,REGION BIO BIO,8101,CONCEPCION,30,COLISION,30,COLISION,1,URBANA,1,TRAMO DE VIA RECTA,1,IMPRUDENCIA DEL CONDUCTOR,27,CONDUCCION NO ATENTO CONDICIONES TRANSITO MOMENTO,0,PEDRO DE VALDIVIA,0,INGLESA,INGLESA - PEDRO DE VALDIVIA,0, , , , ,2,2,3,BIDIRECCIONAL CON BANDEJON,1,CONCRETO,1,BUENO,1,SECO,1,DESPEJADO,0,0,0,1,1
-8131940.97789397,-4418593.83537378,867,8108,1382427,-73.0504687,-36.8526923,94,CHIGUAYANTE,0,41160,2021,1382427,REGION BIO BIO,8101,CONCEPCION,PEDRO DE VALDIVIA,INGLESA,0,"PEDRO DE VALDIVIA & INGLESA, CONCEPCION",CHILE,GEOMETRIC_CENTER,56462,2021,1382427,1,2021/09/27 00:00:00+00,1899/12/30 00:00:00+00,8,REGION BIO BIO,8101,CONCEPCION,30,COLISION,30,COLISION,1,URBANA,11,CRUCE CON SEMAFORO FUNCIONANDO,10,DESOBEDIENCIA A SEÑALIZACION,62,SEÑALIZACION DESOBEDECER LUZ ROJA DE SEMAFORO,0,PEDRO DE VALDIVIA,0,INGLESA,INGLESA - PEDRO DE VALDIVIA,0, , , , ,2,2,3,BIDIRECCIONAL CON BANDEJON,1,CONCRETO,1,BUENO,1,SECO,1,DESPEJADO,0,0,0,0,2
-8132018.89040557,-4418309.96880594,868,8109,1345312,-73.0511686,-36.8506518,95,CONCEPCION,1,14809,2021,1345312,REGION BIO BIO,8101,CONCEPCION,PEDRO DE VALDIVIA,ALEMANA,0,"PEDRO DE VALDIVIA & ALEMANA, CONCEPCION",CHILE,GEOMETRIC_CENTER,20417,2021,1345312,1,2021/04/21 00:00:00+00,1899/12/30 00:00:00+00,8,REGION BIO BIO,8101,CONCEPCION,53,CHOQUE POSTERIOR,40,CHOQUE,1,URBANA,11,CRUCE CON SEMAFORO FUNCIONANDO,1,IMPRUDENCIA DEL CONDUCTOR,28,CONDUCCION SIN MANTENER DISTANCIA RAZONABLE NI PRUDENTE,0,PEDRO DE VALDIVIA,0,ALEMANA,ALEMANA - PEDRO DE VALDIVIA,0, , , , ,2,2,3,BIDIRECCIONAL CON BANDEJON,1,CONCRETO,1,BUENO,3,MOJADO,3,LLUVIA,0,0,0,1,1
-8132043.58106863,-4418203.57470266,869,8110,1334575,-73.0513904,-36.849887,95,CONCEPCION,1,7575,2021,1334575,REGION BIO BIO,8101,CONCEPCION,PEDRO DE VALDIVIA, ,1832,"PEDRO DE VALDIVIA 1832, CONCEPCION",CHILE,RANGE_INTERPOLATED,10636,2021,1334575,1,2021/02/25 00:00:00+00,1899/12/30 00:00:00+00,8,REGION BIO BIO,8101,CONCEPCION,32,COLISION LATERAL,30,COLISION,1,URBANA,1,TRAMO DE VIA RECTA,1,IMPRUDENCIA DEL CONDUCTOR,29,CONDUCCION CAMBIAR SORPRESIVAMENTE PISTA CIRCULACION,0,PEDRO DE VALDIVIA,0, ,- PEDRO DE VALDIVIA,1832, , , , ,2,2,3,BIDIRECCIONAL CON BANDEJON,1,CONCRETO,1,BUENO,1,SECO,1,DESPEJADO,0,0,0,0,2
-8132043.58106863,-4418203.57470266,870,8111,1342257,-73.0513904,-36.849887,95,CONCEPCION,1,12966,2021,1342257,REGION BIO BIO,8101,CONCEPCION,PEDRO DE VALDIVIA, ,1402,"PEDRO DE VALDIVIA 1402, CONCEPCION",CHILE,RANGE_INTERPOLATED,17909,2021,1342257,1,2021/04/06 00:00:00+00,1899/12/30 00:00:00+00,8,REGION BIO BIO,8101,CONCEPCION,53,CHOQUE POSTERIOR,40,CHOQUE,1,URBANA,26,OTROS NO CONSIDERADOS,1,IMPRUDENCIA DEL CONDUCTOR,28,CONDUCCION SIN MANTENER DISTANCIA RAZONABLE NI PRUDENTE,0,PEDRO DE VALDIVIA,0, ,- PEDRO DE VALDIVIA,1402, , , , ,2,2,3,BIDIRECCIONAL CON BANDEJON,1,CONCRETO,1,BUENO,3,MOJADO,3,LLUVIA,0,0,0,2,1