X,Y,FID,FID_1,LABELID,POINT_X,POINT_Y,FID_2,COMUNAREAL,VAL_COM,OBJECTID,A_O,IDACCIDENT,REGION,COD_COMUN,COMUNA,CALLE_UNO,CALLE_DOS,NUMERO,DIR_GEOCOD,PAIS,TIPO,OBJECTID_1,Año,Idaccide_1,Claseaccid,Fecha,Hora,Cód_Regi,Región,Cód_Comun,Comuna_1,Cód_Tipo_,Tipo_Accid,Cód_Tipo1,Tipo__CONA,Cód_Zona,Zona,Cód_Ubica,Ubicación,Cód_Causa,Causa__CON,Cód_Cau_1,Causa,Cód_Calle,Calle_Un_1,Cód_Cal_1,Calle_Do_1,Intersecci,Número,Ruta,Cód_Ruta,Ubicaci_1,Km_Vía_Fe,Pistas_de_,Pistas_de1,Cód_Calza,Calzada,Cód__Tipo,Tipo_Calza,Cód_Estad,Estado_Cal,Cód_Condi,Condición,Cód_Est_1,Estado_Atm,Fallecidos,Graves,Menos_Grav,Leves,Ilesos
-8132043.58106863,-4418203.57470266,871,8112,1353019,-73.0513904,-36.849887,95,CONCEPCION,1,20593,2021,1353019,REGION BIO BIO,8101,CONCEPCION,PEDRO DE VALDIVIA, ,1826,"PEDRO DE VALDIVIA 1826, CONCEPCION",CHILE,RANGE_INTERPOLATED,28383,2021,1353019,1,2021/05/31 00:00:00+00,1899/12/30 00:00:00+00,8,REGION BIO BIO,8101,CONCEPCION,63,CHOQUE FRENTE/POSTERIOR,40,CHOQUE,1,URBANA,26,OTROS NO CONSIDERADOS,1,IMPRUDENCIA DEL CONDUCTOR,28,CONDUCCION SIN MANTENER DISTANCIA RAZONABLE NI PRUDENTE,0,PEDRO DE VALDIVIA,0, ,- PEDRO DE VALDIVIA,1826, , , , ,2,2,2,BIDIRECCIONAL,1,CONCRETO,1,BUENO,1,SECO,3,LLUVIA,0,0,0,0,3
-8131992.0401444,-4418182.81907333,872,8113,1387178,-73.0509274,-36.8497378,95,CONCEPCION,1,41741,2021,1387178,REGION BIO BIO,8101,CONCEPCION,PEDRO DE VALDIVIA, ,1337,"PEDRO DE VALDIVIA 1337, CONCEPCION",CHILE,RANGE_INTERPOLATED,57192,2021,1387178,1,2021/10/01 00:00:00+00,1899/12/30 00:00:00+00,8,REGION BIO BIO,8101,CONCEPCION,33,COLISION POR ALCANCE,30,COLISION,1,URBANA,1,TRAMO DE VIA RECTA,1,IMPRUDENCIA DEL CONDUCTOR,28,CONDUCCION SIN MANTENER DISTANCIA RAZONABLE NI PRUDENTE,0,PEDRO DE VALDIVIA,0, ,- PEDRO DE VALDIVIA,1337, , , , ,2,2,3,BIDIRECCIONAL CON BANDEJON,1,CONCRETO,1,BUENO,1,SECO,1,DESPEJADO,0,0,0,0,2
-8132064.35328562,-4418005.93879523,873,8114,1385542,-73.051577,-36.8484663,95,CONCEPCION,1,42460,2021,1385542,REGION BIO BIO,8101,CONCEPCION,PEDRO DE VALDIVIA, ,1250,"PEDRO DE VALDIVIA 1250, CONCEPCION",CHILE,RANGE_INTERPOLATED,58171,2021,1385542,1,2021/10/04 00:00:00+00,1899/12/30 00:00:00+00,8,REGION BIO BIO,8101,CONCEPCION,32,COLISION LATERAL,30,COLISION,1,URBANA,1,TRAMO DE VIA RECTA,1,IMPRUDENCIA DEL CONDUCTOR,14,ADELANTAMIENTO SOBREPASANDO LINEA CONTINUA,0,PEDRO DE VALDIVIA,0, ,- PEDRO DE VALDIVIA,1250, , , , ,2,2,3,BIDIRECCIONAL CON BANDEJON,1,CONCRETO,1,BUENO,1,SECO,1,DESPEJADO,0,0,0,1,1
-8132071.61131642,-4417972.94187191,874,8115,1350425,-73.0516422,-36.8482291,95,CONCEPCION,1,18535,2021,1350425,REGION BIO BIO,8101,CONCEPCION,PEDRO DE VALDIVIA, ,1214,"PEDRO DE VALDIVIA 1214, CONCEPCION",CHILE,RANGE_INTERPOLATED,25490,2021,1350425,1,2021/05/17 00:00:00+00,1899/12/30 00:00:00+00,8,REGION BIO BIO,8101,CONCEPCION,10,ATROPELLO,10,ATROPELLO,1,URBANA,11,CRUCE CON SEMAFORO FUNCIONANDO,10,DESOBEDIENCIA A SEÑALIZACION,62,SEÑALIZACION DESOBEDECER LUZ ROJA DE SEMAFORO,0,PEDRO DE VALDIVIA,0, ,- PEDRO DE VALDIVIA,1214, , , , ,2,2,3,BIDIRECCIONAL CON BANDEJON,1,CONCRETO,1,BUENO,1,SECO,1,DESPEJADO,0,0,0,2,1
-8132029.65500033,-4417955.13581754,875,8116,1376580,-73.0512653,-36.8481011,95,CONCEPCION,1,36891,2021,1376580,REGION BIO BIO,8101,CONCEPCION,PEDRO DE VALDIVIA,SANTA LUCIA,0,"PEDRO DE VALDIVIA & SANTA LUCIA, CONCEPCION",CHILE,GEOMETRIC_CENTER,50728,2021,1376580,1,2021/09/03 00:00:00+00,1899/12/30 00:00:00+00,8,REGION BIO BIO,8101,CONCEPCION,30,COLISION,30,COLISION,1,URBANA,26,OTROS NO CONSIDERADOS,1,IMPRUDENCIA DEL CONDUCTOR,28,CONDUCCION SIN MANTENER DISTANCIA RAZONABLE NI PRUDENTE,0,PEDRO DE VALDIVIA,0,SANTA LUCIA,PEDRO DE VALDIVIA - SANTA LUCIA,0, , , , ,2,2,3,BIDIRECCIONAL CON BANDEJON,1,CONCRETO,1,BUENO,1,SECO,1,DESPEJADO,0,0,0,0,2
-8132029.65500033,-4417955.13581754,876,8117,1391246,-73.0512653,-36.8481011,95,CONCEPCION,1,41744,2021,1391246,REGION BIO BIO,8101,CONCEPCION,PEDRO DE VALDIVIA,SANTA LUCIA,0,"PEDRO DE VALDIVIA & SANTA LUCIA, CONCEPCION",CHILE,GEOMETRIC_CENTER,57196,2021,1391246,1,2021/10/01 00:00:00+00,1899/12/30 00:00:00+00,8,REGION BIO BIO,8101,CONCEPCION,53,CHOQUE POSTERIOR,40,CHOQUE,1,URBANA,11,CRUCE CON SEMAFORO FUNCIONANDO,1,IMPRUDENCIA DEL CONDUCTOR,28,CONDUCCION SIN MANTENER DISTANCIA RAZONABLE NI PRUDENTE,0,PEDRO DE VALDIVIA,0,SANTA LUCIA,PEDRO DE VALDIVIA - SANTA LUCIA,0, , , , ,2,2,3,BIDIRECCIONAL CON BANDEJON,1,CONCRETO,1,BUENO,1,SECO,1,DESPEJADO,0,0,0,0,2
-8132079.31462518,-4417829.46487209,877,8118,1348179,-73.0517114,-36.8471977,95,CONCEPCION,1,16592,2021,1348179,REGION BIO BIO,8101,CONCEPCION,PEDRO DE VALDIVIA, ,1120,"PEDRO DE VALDIVIA 1120, CONCEPCION",CHILE,RANGE_INTERPOLATED,22886,2021,1348179,1,2021/05/04 00:00:00+00,1899/12/30 00:00:00+00,8,REGION BIO BIO,8101,CONCEPCION,99,OTRO TIPO,99,OTRO TIPO,1,URBANA,1,TRAMO DE VIA RECTA,1,IMPRUDENCIA DEL CONDUCTOR,28,CONDUCCION SIN MANTENER DISTANCIA RAZONABLE NI PRUDENTE,0,PEDRO DE VALDIVIA,0, ,- PEDRO DE VALDIVIA,1120, , , , ,2,1,3,BIDIRECCIONAL CON BANDEJON,1,CONCRETO,1,BUENO,1,SECO,1,DESPEJADO,0,0,1,1,1
-8132051.68512756,-4417746.5985357,878,8119,1359983,-73.0514632,-36.846602,95,CONCEPCION,1,69,2021,1359983,REGION BIO BIO,8101,CONCEPCION,LA MOCHITA,PEDRO DE VALDIVIA,0,"LA MOCHITA & PEDRO DE VALDIVIA, CONCEPCION",CHILE,GEOMETRIC_CENTER,102,2021,1359983,1,2021/01/01 00:00:00+00,1899/12/30 00:00:00+00,8,REGION BIO BIO,8101,CONCEPCION,32,COLISION LATERAL,30,COLISION,1,URBANA,1,TRAMO DE VIA RECTA,1,IMPRUDENCIA DEL CONDUCTOR,27,CONDUCCION NO ATENTO CONDICIONES TRANSITO MOMENTO,0,LA MOCHITA,0,PEDRO DE VALDIVIA,LA MOCHITA - PEDRO DE VALDIVIA,0, , , , ,2,0,1,UNIDIRECCIONAL,1,CONCRETO,1,BUENO,1,SECO,2,NUBLADO,0,0,0,0,2
-8132051.68512756,-4417746.5985357,879,8120,1379616,-73.0514632,-36.846602,95,CONCEPCION,1,39061,2021,1379616,REGION BIO BIO,8101,CONCEPCION,PEDRO DE VALDIVIA,LA MOCHITA,0,"PEDRO DE VALDIVIA & LA MOCHITA, CONCEPCION",CHILE,GEOMETRIC_CENTER,53641,2021,1379616,1,2021/09/15 00:00:00+00,1899/12/30 00:00:00+00,8,REGION BIO BIO,8101,CONCEPCION,33,COLISION POR ALCANCE,30,COLISION,1,URBANA,11,CRUCE CON SEMAFORO FUNCIONANDO,1,IMPRUDENCIA DEL CONDUCTOR,28,CONDUCCION SIN MANTENER DISTANCIA RAZONABLE NI PRUDENTE,0,PEDRO DE VALDIVIA,0,LA MOCHITA,LA MOCHITA - PEDRO DE VALDIVIA,0, , , , ,2,2,3,BIDIRECCIONAL CON BANDEJON,1,CONCRETO,1,BUENO,1,SECO,1,DESPEJADO,0,0,0,0,2
-8132137.0449131,-4417707.3704465,880,8121,1378838,-73.05223,-36.84632,95,CONCEPCION,1,38095,2021,1378838,REGION BIO BIO,8101,CONCEPCION,PEDRO DE VALDIVIA, ,1010,"PEDRO DE VALDIVIA 1010, CONCEPCION",CHILE,RANGE_INTERPOLATED,52327,2021,1378838,1,2021/09/10 00:00:00+00,1899/12/30 00:00:00+00,8,REGION BIO BIO,8101,CONCEPCION,50,CHOQUE,40,CHOQUE,1,URBANA,26,OTROS NO CONSIDERADOS,1,IMPRUDENCIA DEL CONDUCTOR,27,CONDUCCION NO ATENTO CONDICIONES TRANSITO MOMENTO,0,PEDRO DE VALDIVIA,0, ,- PEDRO DE VALDIVIA,1010, , , , ,1,1,2,BIDIRECCIONAL,1,CONCRETO,1,BUENO,1,SECO,1,DESPEJADO,0,0,0,0,2
-8132137.0449131,-4417707.3704465,881,8122,1379879,-73.05223,-36.84632,95,CONCEPCION,1,39172,2021,1379879,REGION BIO BIO,8101,CONCEPCION,PEDRO DE VALDIVIA, ,1010,"PEDRO DE VALDIVIA 1010, CONCEPCION",CHILE,RANGE_INTERPOLATED,53796,2021,1379879,1,2021/09/16 00:00:00+00,1899/12/30 00:00:00+00,8,REGION BIO BIO,8101,CONCEPCION,33,COLISION POR ALCANCE,30,COLISION,1,URBANA,1,TRAMO DE VIA RECTA,1,IMPRUDENCIA DEL CONDUCTOR,27,CONDUCCION NO ATENTO CONDICIONES TRANSITO MOMENTO,0,PEDRO DE VALDIVIA,0, ,- PEDRO DE VALDIVIA,1010, , , , ,2,2,3,BIDIRECCIONAL CON BANDEJON,1,CONCRETO,1,BUENO,1,SECO,1,DESPEJADO,0,0,0,4,3
-8132042.08938746,-4417642.26883053,882,8123,1351190,-73.051377,-36.845852,95,CONCEPCION,1,18977,2021,1351190,REGION BIO BIO,8101,CONCEPCION,PEDRO DE VALDIVIA, ,1009,"PEDRO DE VALDIVIA 1009, CONCEPCION",CHILE,RANGE_INTERPOLATED,26101,2021,1351190,1,2021/05/20 00:00:00+00,1899/12/30 00:00:00+00,8,REGION BIO BIO,8101,CONCEPCION,32,COLISION LATERAL,30,COLISION,1,URBANA,1,TRAMO DE VIA RECTA,1,IMPRUDENCIA DEL CONDUCTOR,27,CONDUCCION NO ATENTO CONDICIONES TRANSITO MOMENTO,0,PEDRO DE VALDIVIA,0, ,- PEDRO DE VALDIVIA,1009, , , , ,2,0,1,UNIDIRECCIONAL,1,CONCRETO,1,BUENO,1,SECO,2,NUBLADO,0,0,0,0,2
-8132086.8954825,-4417627.13415296,883,8124,1402729,-73.0517795,-36.8457432,95,CONCEPCION,0,53160,2021,1402729,REGION BIO BIO,8103,CHIGUAYANTE,18 DE SEPTIEMBRE,PEDRO DE VALDIVIA,0,"18 DE SEPTIEMBRE & PEDRO DE VALDIVIA, CHIGUAYANTE",CHILE,GEOMETRIC_CENTER,72282,2021,1402729,1,2021/11/29 00:00:00+00,1899/12/30 00:00:00+00,8,REGION BIO BIO,8103,CHIGUAYANTE,30,COLISION,30,COLISION,1,URBANA,1,TRAMO DE VIA RECTA,13,CAUSAS NO DETERMINADAS,97,CAUSAS NO DETERMINADAS,0,18 DE SEPTIEMBRE,0,PEDRO DE VALDIVIA,18 DE SEPTIEMBRE - PEDRO DE VALDIVIA,0, , , , ,2,2,2,BIDIRECCIONAL,1,CONCRETO,1,BUENO,1,SECO,1,DESPEJADO,0,0,0,0,2
-8132228.77217352,-4417598.03334448,884,8125,1329020,-73.053054,-36.845534,95,CONCEPCION,1,2825,2021,1329020,REGION BIO BIO,8101,CONCEPCION,ARRAU MENDEZ, ,934,"ARRAU MENDEZ 934, CONCEPCION",CHILE,RANGE_INTERPOLATED,3883,2021,1329020,1,2021/01/20 00:00:00+00,1899/12/30 00:00:00+00,8,REGION BIO BIO,8101,CONCEPCION,32,COLISION LATERAL,30,COLISION,1,URBANA,16,CRUCE SIN SEÑALIZACION,1,IMPRUDENCIA DEL CONDUCTOR,28,CONDUCCION SIN MANTENER DISTANCIA RAZONABLE NI PRUDENTE,0,ARRAU MENDEZ,0, ,- ARRAU MENDEZ,934, , , , ,2,0,1,UNIDIRECCIONAL,1,CONCRETO,1,BUENO,1,SECO,1,DESPEJADO,0,0,0,1,1
-8132144.11370077,-4417583.02392419,885,8126,1408717,-73.0522935,-36.8454261,95,CONCEPCION,1,58688,2021,1408717,REGION BIO BIO,8101,CONCEPCION,PEDRO DE VALDIVIA, ,970,"PEDRO DE VALDIVIA 970, CONCEPCION",CHILE,RANGE_INTERPOLATED,79756,2021,1408717,1,2021/12/27 00:00:00+00,1899/12/30 00:00:00+00,8,REGION BIO BIO,8101,CONCEPCION,32,COLISION LATERAL,30,COLISION,1,URBANA,1,TRAMO DE VIA RECTA,1,IMPRUDENCIA DEL CONDUCTOR,29,CONDUCCION CAMBIAR SORPRESIVAMENTE PISTA CIRCULACION,0,PEDRO DE VALDIVIA,0, ,- PEDRO DE VALDIVIA,970, , , , ,2,2,3,BIDIRECCIONAL CON BANDEJON,1,CONCRETO,1,BUENO,1,SECO,1,DESPEJADO,0,0,0,1,2
-8132119.86831567,-4417580.2557387,886,8127,1330252,-73.0520757,-36.8454062,95,CONCEPCION,1,4830,2021,1330252,REGION BIO BIO,8101,CONCEPCION,PEDRO DE VALDIVIA,FRANCESA,0,"PEDRO DE VALDIVIA & FRANCESA, CONCEPCION",CHILE,GEOMETRIC_CENTER,6753,2021,1330252,1,2021/02/04 00:00:00+00,1899/12/30 00:00:00+00,8,REGION BIO BIO,8101,CONCEPCION,34,COLISION PERPENDICULAR,30,COLISION,1,URBANA,16,CRUCE SIN SEÑALIZACION,1,IMPRUDENCIA DEL CONDUCTOR,91,VIRAJES INDEBIDOS,0,PEDRO DE VALDIVIA,0,FRANCESA,FRANCESA - PEDRO DE VALDIVIA,0, , , , ,2,2,3,BIDIRECCIONAL CON BANDEJON,1,CONCRETO,1,BUENO,1,SECO,2,NUBLADO,0,0,0,0,2
-8132119.86831567,-4417580.2557387,887,8128,1372799,-73.0520757,-36.8454062,95,CONCEPCION,1,34081,2021,1372799,REGION BIO BIO,8101,CONCEPCION,PEDRO DE VALDIVIA,FRANCESA,0,"PEDRO DE VALDIVIA & FRANCESA, CONCEPCION",CHILE,GEOMETRIC_CENTER,46982,2021,1372799,1,2021/08/19 00:00:00+00,1899/12/30 00:00:00+00,8,REGION BIO BIO,8101,CONCEPCION,53,CHOQUE POSTERIOR,40,CHOQUE,1,URBANA,11,CRUCE CON SEMAFORO FUNCIONANDO,1,IMPRUDENCIA DEL CONDUCTOR,28,CONDUCCION SIN MANTENER DISTANCIA RAZONABLE NI PRUDENTE,0,PEDRO DE VALDIVIA,0,FRANCESA,FRANCESA - PEDRO DE VALDIVIA,0, , , , ,2,2,3,BIDIRECCIONAL CON BANDEJON,1,CONCRETO,1,BUENO,3,MOJADO,2,NUBLADO,0,0,0,0,2
-8131971.41264275,-4417534.92158742,888,8129,1366659,-73.0507421,-36.8450803,95,CONCEPCION,1,29057,2021,1366659,REGION BIO BIO,8101,CONCEPCION,FRANCESA,CARMELA ROMERO,0,"FRANCESA & CARMELA ROMERO, CONCEPCION",CHILE,GEOMETRIC_CENTER,40179,2021,1366659,1,2021/07/22 00:00:00+00,1899/12/30 00:00:00+00,8,REGION BIO BIO,8101,CONCEPCION,32,COLISION LATERAL,30,COLISION,1,URBANA,16,CRUCE SIN SEÑALIZACION,1,IMPRUDENCIA DEL CONDUCTOR,93,CONDUCIR VEHICULO EN RETROCESO,0,FRANCESA,0,CARMELA ROMERO,CARMELA ROMERO - FRANCESA,0, , , , ,1,1,2,BIDIRECCIONAL,1,CONCRETO,1,BUENO,1,SECO,1,DESPEJADO,0,0,0,0,2
-8132007.43562997,-4417532.25078736,889,8130,1388963,-73.0510657,-36.8450611,95,CONCEPCION,1,45661,2021,1388963,REGION BIO BIO,8101,CONCEPCION,FRANCESA, ,97,"FRANCESA 97, CONCEPCION",CHILE,RANGE_INTERPOLATED,62393,2021,1388963,1,2021/10/21 00:00:00+00,1899/12/30 00:00:00+00,8,REGION BIO BIO,8101,CONCEPCION,30,COLISION,30,COLISION,1,URBANA,1,TRAMO DE VIA RECTA,1,IMPRUDENCIA DEL CONDUCTOR,93,CONDUCIR VEHICULO EN RETROCESO,0,FRANCESA,0, ,- FRANCESA,97, , , , ,1,1,2,BIDIRECCIONAL,1,CONCRETO,1,BUENO,1,SECO,1,DESPEJADO,0,0,0,0,2
-8132007.43562997,-4417532.25078736,890,8131,1400512,-73.0510657,-36.8450611,95,CONCEPCION,1,53583,2021,1400512,REGION BIO BIO,8101,CONCEPCION,FRANCESA, ,97,"FRANCESA 97, CONCEPCION",CHILE,RANGE_INTERPOLATED,72823,2021,1400512,1,2021/12/01 00:00:00+00,1899/12/30 00:00:00+00,8,REGION BIO BIO,8101,CONCEPCION,50,CHOQUE,40,CHOQUE,1,URBANA,1,TRAMO DE VIA RECTA,1,IMPRUDENCIA DEL CONDUCTOR,27,CONDUCCION NO ATENTO CONDICIONES TRANSITO MOMENTO,0,FRANCESA,0, ,- FRANCESA,97, , , , ,1,1,2,BIDIRECCIONAL,1,CONCRETO,1,BUENO,1,SECO,2,NUBLADO,0,0,0,0,2
-8132098.99591115,-4417508.17188582,891,8132,1399379,-73.0518882,-36.844888,95,CONCEPCION,1,51622,2021,1399379,REGION BIO BIO,8101,CONCEPCION,PEDRO DE VALDIVIA, ,911,"PEDRO DE VALDIVIA 911, CONCEPCION",CHILE,RANGE_INTERPOLATED,70217,2021,1399379,1,2021/11/21 00:00:00+00,1899/12/30 00:00:00+00,8,REGION BIO BIO,8101,CONCEPCION,51,CHOQUE FRONTAL,40,CHOQUE,1,URBANA,1,TRAMO DE VIA RECTA,13,CAUSAS NO DETERMINADAS,97,CAUSAS NO DETERMINADAS,0,PEDRO DE VALDIVIA,0, ,- PEDRO DE VALDIVIA,911, , , , ,2,2,3,BIDIRECCIONAL CON BANDEJON,1,CONCRETO,1,BUENO,1,SECO,1,DESPEJADO,0,0,0,0,1
-8132615.2623136,-4417486.20741255,892,8133,1357972,-73.0565259,-36.8447301,95,CONCEPCION,1,24216,2021,1357972,REGION BIO BIO,8101,CONCEPCION,COSTANERA,SARGENTO ALDEA,0,"COSTANERA & SARGENTO ALDEA, CONCEPCION",CHILE,GEOMETRIC_CENTER,33378,2021,1357972,1,2021/06/22 00:00:00+00,1899/12/30 00:00:00+00,8,REGION BIO BIO,8101,CONCEPCION,32,COLISION LATERAL,30,COLISION,1,URBANA,16,CRUCE SIN SEÑALIZACION,1,IMPRUDENCIA DEL CONDUCTOR,27,CONDUCCION NO ATENTO CONDICIONES TRANSITO MOMENTO,0,COSTANERA,0,SARGENTO ALDEA,COSTANERA - SARGENTO ALDEA,0, , , , ,2,0,1,UNIDIRECCIONAL,1,CONCRETO,1,BUENO,1,SECO,1,DESPEJADO,0,0,1,0,1
-8132615.2623136,-4417486.20741255,893,8134,1369228,-73.0565259,-36.8447301,95,CONCEPCION,1,30761,2021,1369228,REGION BIO BIO,8101,CONCEPCION,COSTANERA PONIENTE,SARGENTO ALDEA,0,"COSTANERA PONIENTE & SARGENTO ALDEA, CONCEPCION",CHILE,GEOMETRIC_CENTER,42526,2021,1369228,1,2021/08/01 00:00:00+00,1899/12/30 00:00:00+00,8,REGION BIO BIO,8101,CONCEPCION,70,VOLCADURA,70,VOLCADURA,1,URBANA,14,CRUCE CON SEÑAL PARE,4,ALCOHOL EN CONDUCTOR,24,CONDUCCION EN ESTADO DE EBRIEDAD,0,COSTANERA PONIENTE,0,SARGENTO ALDEA,COSTANERA PONIENTE - SARGENTO ALDEA,0, , , , ,1,1,2,BIDIRECCIONAL,1,CONCRETO,1,BUENO,1,SECO,1,DESPEJADO,0,1,0,2,0
-8132615.2623136,-4417486.20741255,894,8135,1374887,-73.0565259,-36.8447301,95,CONCEPCION,1,35385,2021,1374887,REGION BIO BIO,8101,CONCEPCION,COSTANERA,SARGENTO ALDEA,0,"COSTANERA & SARGENTO ALDEA, CONCEPCION",CHILE,GEOMETRIC_CENTER,48732,2021,1374887,1,2021/08/26 00:00:00+00,1899/12/30 00:00:00+00,8,REGION BIO BIO,8101,CONCEPCION,63,CHOQUE FRENTE/POSTERIOR,40,CHOQUE,1,URBANA,16,CRUCE SIN SEÑALIZACION,1,IMPRUDENCIA DEL CONDUCTOR,28,CONDUCCION SIN MANTENER DISTANCIA RAZONABLE NI PRUDENTE,0,COSTANERA,0,SARGENTO ALDEA,COSTANERA - SARGENTO ALDEA,0, , , , ,2,2,3,BIDIRECCIONAL CON BANDEJON,1,CONCRETO,1,BUENO,1,SECO,2,NUBLADO,0,0,0,0,3
-8132615.2623136,-4417486.20741255,895,8136,1379447,-73.0565259,-36.8447301,95,CONCEPCION,1,38727,2021,1379447,REGION BIO BIO,8101,CONCEPCION,COSTANERA,SARGENTO ALDEA,0,"COSTANERA & SARGENTO ALDEA, CONCEPCION",CHILE,GEOMETRIC_CENTER,53206,2021,1379447,1,2021/09/13 00:00:00+00,1899/12/30 00:00:00+00,8,REGION BIO BIO,8101,CONCEPCION,33,COLISION POR ALCANCE,30,COLISION,1,URBANA,26,OTROS NO CONSIDERADOS,1,IMPRUDENCIA DEL CONDUCTOR,28,CONDUCCION SIN MANTENER DISTANCIA RAZONABLE NI PRUDENTE,0,COSTANERA,0,SARGENTO ALDEA,COSTANERA - SARGENTO ALDEA,0, , , , ,2,0,1,UNIDIRECCIONAL,1,CONCRETO,1,BUENO,1,SECO,1,DESPEJADO,0,0,0,1,4
-8132615.2623136,-4417486.20741255,896,8137,1383604,-73.0565259,-36.8447301,95,CONCEPCION,1,41587,2021,1383604,REGION BIO BIO,8101,CONCEPCION,COSTANERA,SARGENTO ALDEA,0,"COSTANERA & SARGENTO ALDEA, CONCEPCION",CHILE,GEOMETRIC_CENTER,56989,2021,1383604,1,2021/09/30 00:00:00+00,1899/12/30 00:00:00+00,8,REGION BIO BIO,8101,CONCEPCION,53,CHOQUE POSTERIOR,40,CHOQUE,1,URBANA,1,TRAMO DE VIA RECTA,1,IMPRUDENCIA DEL CONDUCTOR,28,CONDUCCION SIN MANTENER DISTANCIA RAZONABLE NI PRUDENTE,0,COSTANERA,0,SARGENTO ALDEA,COSTANERA - SARGENTO ALDEA,0, , , , ,2,0,1,UNIDIRECCIONAL,1,CONCRETO,1,BUENO,1,SECO,1,DESPEJADO,0,0,0,1,2
-8132615.2623136,-4417486.20741255,897,8138,1383768,-73.0565259,-36.8447301,95,CONCEPCION,1,41588,2021,1383768,REGION BIO BIO,8101,CONCEPCION,COSTANERA,SARGENTO ALDEA,0,"COSTANERA & SARGENTO ALDEA, CONCEPCION",CHILE,GEOMETRIC_CENTER,56990,2021,1383768,1,2021/09/30 00:00:00+00,1899/12/30 00:00:00+00,8,REGION BIO BIO,8101,CONCEPCION,53,CHOQUE POSTERIOR,40,CHOQUE,1,URBANA,1,TRAMO DE VIA RECTA,1,IMPRUDENCIA DEL CONDUCTOR,28,CONDUCCION SIN MANTENER DISTANCIA RAZONABLE NI PRUDENTE,0,COSTANERA,0,SARGENTO ALDEA,COSTANERA - SARGENTO ALDEA,0, , , , ,2,0,1,UNIDIRECCIONAL,1,CONCRETO,1,BUENO,1,SECO,1,DESPEJADO,0,0,0,1,2
-8132615.2623136,-4417486.20741255,898,8139,1386707,-73.0565259,-36.8447301,95,CONCEPCION,1,43873,2021,1386707,REGION BIO BIO,8101,CONCEPCION,COSTANERA,SARGENTO ALDEA,0,"COSTANERA & SARGENTO ALDEA, CONCEPCION",CHILE,GEOMETRIC_CENTER,60045,2021,1386707,1,2021/10/12 00:00:00+00,1899/12/30 00:00:00+00,8,REGION BIO BIO,8101,CONCEPCION,32,COLISION LATERAL,30,COLISION,1,URBANA,16,CRUCE SIN SEÑALIZACION,1,IMPRUDENCIA DEL CONDUCTOR,91,VIRAJES INDEBIDOS,0,COSTANERA,0,SARGENTO ALDEA,COSTANERA - SARGENTO ALDEA,0, , , , ,2,2,3,BIDIRECCIONAL CON BANDEJON,1,CONCRETO,1,BUENO,1,SECO,1,DESPEJADO,0,0,0,1,1
-8132615.2623136,-4417486.20741255,899,8140,1387135,-73.0565259,-36.8447301,95,CONCEPCION,1,44238,2021,1387135,REGION BIO BIO,8101,CONCEPCION,COSTANERA,SANGENTO ALDEA,0,"COSTANERA & SANGENTO ALDEA, CONCEPCION",CHILE,GEOMETRIC_CENTER,60486,2021,1387135,1,2021/10/13 00:00:00+00,1899/12/30 00:00:00+00,8,REGION BIO BIO,8101,CONCEPCION,53,CHOQUE POSTERIOR,40,CHOQUE,1,URBANA,1,TRAMO DE VIA RECTA,1,IMPRUDENCIA DEL CONDUCTOR,28,CONDUCCION SIN MANTENER DISTANCIA RAZONABLE NI PRUDENTE,0,COSTANERA,0,SANGENTO ALDEA,COSTANERA - SANGENTO ALDEA,0, , , , ,2,0,1,UNIDIRECCIONAL,1,CONCRETO,1,BUENO,3,MOJADO,3,LLUVIA,0,0,0,0,2
-8132355.01960803,-4417483.3697005,900,8141,1399537,-73.0541881,-36.8447097,95,CONCEPCION,1,52532,2021,1399537,REGION BIO BIO,8101,CONCEPCION,CANCHA INDUSTRIAL, ,67,"CANCHA INDUSTRIAL 67, CONCEPCION",CHILE,RANGE_INTERPOLATED,71405,2021,1399537,1,2021/11/25 00:00:00+00,1899/12/30 00:00:00+00,8,REGION BIO BIO,8101,CONCEPCION,50,CHOQUE,40,CHOQUE,1,URBANA,1,TRAMO DE VIA RECTA,1,IMPRUDENCIA DEL CONDUCTOR,93,CONDUCIR VEHICULO EN RETROCESO,0,CANCHA INDUSTRIAL,0, ,- CANCHA INDUSTRIAL,67, , , , ,2,0,1,UNIDIRECCIONAL,1,CONCRETO,1,BUENO,1,SECO,1,DESPEJADO,0,0,0,0,2