X,Y,FID,FID_1,LABELID,POINT_X,POINT_Y,FID_2,COMUNAREAL,VAL_COM,OBJECTID,A_O,IDACCIDENT,REGION,COD_COMUN,COMUNA,CALLE_UNO,CALLE_DOS,NUMERO,DIR_GEOCOD,PAIS,TIPO,OBJECTID_1,Año,Idaccide_1,Claseaccid,Fecha,Hora,Cód_Regi,Región,Cód_Comun,Comuna_1,Cód_Tipo_,Tipo_Accid,Cód_Tipo1,Tipo__CONA,Cód_Zona,Zona,Cód_Ubica,Ubicación,Cód_Causa,Causa__CON,Cód_Cau_1,Causa,Cód_Calle,Calle_Un_1,Cód_Cal_1,Calle_Do_1,Intersecci,Número,Ruta,Cód_Ruta,Ubicaci_1,Km_Vía_Fe,Pistas_de_,Pistas_de1,Cód_Calza,Calzada,Cód__Tipo,Tipo_Calza,Cód_Estad,Estado_Cal,Cód_Condi,Condición,Cód_Est_1,Estado_Atm,Fallecidos,Graves,Menos_Grav,Leves,Ilesos
-8132182.02911933,-4417383.68859003,901,8142,1326348,-73.0526341,-36.8439931,95,CONCEPCION,1,2521,2021,1326348,REGION BIO BIO,8101,CONCEPCION,JUNGE,PEDRO DE VALDIVIA,0,"JUNGE & PEDRO DE VALDIVIA, CONCEPCION",CHILE,GEOMETRIC_CENTER,3470,2021,1326348,1,2021/01/18 00:00:00+00,1899/12/30 00:00:00+00,8,REGION BIO BIO,8101,CONCEPCION,34,COLISION PERPENDICULAR,30,COLISION,1,URBANA,11,CRUCE CON SEMAFORO FUNCIONANDO,1,IMPRUDENCIA DEL CONDUCTOR,27,CONDUCCION NO ATENTO CONDICIONES TRANSITO MOMENTO,0,JUNGE,0,PEDRO DE VALDIVIA,JUNGE - PEDRO DE VALDIVIA,0, , , , ,1,1,2,BIDIRECCIONAL,1,CONCRETO,1,BUENO,1,SECO,1,DESPEJADO,0,0,0,1,1
-8132182.02911933,-4417383.68859003,902,8143,1361960,-73.0526341,-36.8439931,95,CONCEPCION,1,26313,2021,1361960,REGION BIO BIO,8101,CONCEPCION,PEDRO DE VALDIVIA,JUNGUE,0,"PEDRO DE VALDIVIA & JUNGUE, CONCEPCION",CHILE,GEOMETRIC_CENTER,36308,2021,1361960,1,2021/07/06 00:00:00+00,1899/12/30 00:00:00+00,8,REGION BIO BIO,8101,CONCEPCION,34,COLISION PERPENDICULAR,30,COLISION,1,URBANA,11,CRUCE CON SEMAFORO FUNCIONANDO,10,DESOBEDIENCIA A SEÑALIZACION,62,SEÑALIZACION DESOBEDECER LUZ ROJA DE SEMAFORO,0,PEDRO DE VALDIVIA,0,JUNGUE,JUNGUE - PEDRO DE VALDIVIA,0, , , , ,1,1,2,BIDIRECCIONAL,1,CONCRETO,1,BUENO,2,HUMEDO,2,NUBLADO,0,0,0,0,2
-8132170.8860383,-4417345.57465289,903,8144,1375069,-73.052534,-36.8437191,95,CONCEPCION,1,35746,2021,1375069,REGION BIO BIO,8101,CONCEPCION,PEDRO DE VALDIVIA, ,801,"PEDRO DE VALDIVIA 801, CONCEPCION",CHILE,RANGE_INTERPOLATED,49209,2021,1375069,1,2021/08/28 00:00:00+00,1899/12/30 00:00:00+00,8,REGION BIO BIO,8101,CONCEPCION,53,CHOQUE POSTERIOR,40,CHOQUE,1,URBANA,11,CRUCE CON SEMAFORO FUNCIONANDO,7,VELOCIDAD IMPRUDENTE,72,VELOCIDAD NO RAZONABLE NI PRUDENTE,0,PEDRO DE VALDIVIA,0, ,- PEDRO DE VALDIVIA,801, , , , ,2,2,3,BIDIRECCIONAL CON BANDEJON,1,CONCRETO,1,BUENO,1,SECO,1,DESPEJADO,0,0,0,1,1
-8132201.86625259,-4417342.02755985,904,8145,1358539,-73.0528123,-36.8436936,95,CONCEPCION,1,24511,2021,1358539,REGION BIO BIO,8101,CONCEPCION,PEDRO DE VALDIVIA,SARGENTO ALDEA,0,"PEDRO DE VALDIVIA & SARGENTO ALDEA, CONCEPCION",CHILE,GEOMETRIC_CENTER,33798,2021,1358539,1,2021/06/24 00:00:00+00,1899/12/30 00:00:00+00,8,REGION BIO BIO,8101,CONCEPCION,53,CHOQUE POSTERIOR,40,CHOQUE,1,URBANA,11,CRUCE CON SEMAFORO FUNCIONANDO,1,IMPRUDENCIA DEL CONDUCTOR,28,CONDUCCION SIN MANTENER DISTANCIA RAZONABLE NI PRUDENTE,0,PEDRO DE VALDIVIA,0,SARGENTO ALDEA,PEDRO DE VALDIVIA - SARGENTO ALDEA,0, , , , ,2,2,3,BIDIRECCIONAL CON BANDEJON,1,CONCRETO,1,BUENO,3,MOJADO,3,LLUVIA,0,0,0,0,2
-8132201.86625259,-4417342.02755985,905,8146,1362039,-73.0528123,-36.8436936,95,CONCEPCION,1,26796,2021,1362039,REGION BIO BIO,8101,CONCEPCION,SARGENTO ALDEA,PEDRO DE VALDIVIA,0,"SARGENTO ALDEA & PEDRO DE VALDIVIA, CONCEPCION",CHILE,GEOMETRIC_CENTER,36949,2021,1362039,1,2021/07/08 00:00:00+00,1899/12/30 00:00:00+00,8,REGION BIO BIO,8101,CONCEPCION,10,ATROPELLO,10,ATROPELLO,1,URBANA,11,CRUCE CON SEMAFORO FUNCIONANDO,1,IMPRUDENCIA DEL CONDUCTOR,31,NO RESPETAR DERECHO PREFERENTE DE PASO A PEATON,0,SARGENTO ALDEA,0,PEDRO DE VALDIVIA,PEDRO DE VALDIVIA - SARGENTO ALDEA,0, , , , ,2,0,1,UNIDIRECCIONAL,1,CONCRETO,1,BUENO,3,MOJADO,3,LLUVIA,0,0,0,1,1
-8132201.86625259,-4417342.02755985,906,8147,1406954,-73.0528123,-36.8436936,95,CONCEPCION,1,58252,2021,1406954,REGION BIO BIO,8101,CONCEPCION,PEDRO DE VALDIVIA,SARGENTO ALDEA,0,"PEDRO DE VALDIVIA & SARGENTO ALDEA, CONCEPCION",CHILE,GEOMETRIC_CENTER,79095,2021,1406954,1,2021/12/24 00:00:00+00,1899/12/30 00:00:00+00,8,REGION BIO BIO,8101,CONCEPCION,53,CHOQUE POSTERIOR,40,CHOQUE,1,URBANA,11,CRUCE CON SEMAFORO FUNCIONANDO,1,IMPRUDENCIA DEL CONDUCTOR,28,CONDUCCION SIN MANTENER DISTANCIA RAZONABLE NI PRUDENTE,0,PEDRO DE VALDIVIA,0,SARGENTO ALDEA,PEDRO DE VALDIVIA - SARGENTO ALDEA,0, , , , ,2,2,3,BIDIRECCIONAL CON BANDEJON,1,CONCRETO,1,BUENO,1,SECO,1,DESPEJADO,0,0,0,0,3
-8127420.84997031,-4417301.39604118,907,8148,1408702,-73.0098637,-36.8434015,95,CONCEPCION,1,58562,2021,1408702,REGION BIO BIO,8101,CONCEPCION,CAMINO NONGUEN, ,2478,"CAMINO NONGUEN 2478, CONCEPCION",CHILE,RANGE_INTERPOLATED,79571,2021,1408702,1,2021/12/26 00:00:00+00,1899/12/30 00:00:00+00,8,REGION BIO BIO,8101,CONCEPCION,70,VOLCADURA,70,VOLCADURA,1,URBANA,1,TRAMO DE VIA RECTA,9,PERDIDA CONTROL VEHICULO,95,PERDIDA CONTROL VEHICULO,0,CAMINO NONGUEN,0, ,- CAMINO NONGUEN,2478, , , , ,1,1,2,BIDIRECCIONAL,1,CONCRETO,1,BUENO,1,SECO,1,DESPEJADO,0,0,1,1,0
-8132259.38503349,-4417201.03504689,908,8149,1334122,-73.053329,-36.84268,95,CONCEPCION,1,7302,2021,1334122,REGION BIO BIO,8101,CONCEPCION,BAHAMONDES,PEDRO DE VALDIVIA,0,"BAHAMONDES & PEDRO DE VALDIVIA, CONCEPCION",CHILE,GEOMETRIC_CENTER,10271,2021,1334122,1,2021/02/23 00:00:00+00,1899/12/30 00:00:00+00,8,REGION BIO BIO,8101,CONCEPCION,50,CHOQUE,40,CHOQUE,1,URBANA,1,TRAMO DE VIA RECTA,1,IMPRUDENCIA DEL CONDUCTOR,93,CONDUCIR VEHICULO EN RETROCESO,0,BAHAMONDES,0,PEDRO DE VALDIVIA,BAHAMONDES - PEDRO DE VALDIVIA,0, , , , ,2,0,1,UNIDIRECCIONAL,1,CONCRETO,1,BUENO,1,SECO,1,DESPEJADO,0,0,0,0,1
-8132541.37956756,-4417129.13459245,909,8150,1389014,-73.0558622,-36.8421631,95,CONCEPCION,1,45179,2021,1389014,REGION BIO BIO,8101,CONCEPCION,LAS CANCHAS, ,2995,"LAS CANCHAS 2995, CONCEPCION",CHILE,RANGE_INTERPOLATED,61760,2021,1389014,1,2021/10/18 00:00:00+00,1899/12/30 00:00:00+00,8,REGION BIO BIO,8101,CONCEPCION,10,ATROPELLO,10,ATROPELLO,1,URBANA,1,TRAMO DE VIA RECTA,2,IMPRUDENCIA DEL PEATON,52,PEATON CRUZA CALZADA FORMA SORPRESIVA O DESCUIDADA,0,LAS CANCHAS,0, ,- LAS CANCHAS,2995, , , , ,1,0,1,UNIDIRECCIONAL,1,CONCRETO,1,BUENO,1,SECO,1,DESPEJADO,0,0,0,1,1
-8132318.13946073,-4417091.41104288,910,8151,1398536,-73.0538568,-36.8418919,95,CONCEPCION,1,50504,2021,1398536,REGION BIO BIO,8101,CONCEPCION,PEDRO DE VALDIVIA,GEESWEIN,0,"PEDRO DE VALDIVIA & GEESWEIN, CONCEPCION",CHILE,GEOMETRIC_CENTER,68781,2021,1398536,1,2021/11/15 00:00:00+00,1899/12/30 00:00:00+00,8,REGION BIO BIO,8101,CONCEPCION,30,COLISION,30,COLISION,1,URBANA,11,CRUCE CON SEMAFORO FUNCIONANDO,1,IMPRUDENCIA DEL CONDUCTOR,27,CONDUCCION NO ATENTO CONDICIONES TRANSITO MOMENTO,0,PEDRO DE VALDIVIA,0,GEESWEIN,GEESWEIN - PEDRO DE VALDIVIA,0, , , , ,2,2,3,BIDIRECCIONAL CON BANDEJON,1,CONCRETO,1,BUENO,1,SECO,1,DESPEJADO,0,0,0,1,1
-8127246.77968256,-4417008.53654649,911,8152,1371561,-73.0083,-36.8412961,95,CONCEPCION,1,33093,2021,1371561,REGION BIO BIO,8101,CONCEPCION,CAMINO VALLE NONGUEN, ,5,"CAMINO VALLE NONGUEN 5, CONCEPCION",CHILE,RANGE_INTERPOLATED,45623,2021,1371561,1,2021/08/13 00:00:00+00,1899/12/30 00:00:00+00,8,REGION BIO BIO,8101,CONCEPCION,51,CHOQUE FRONTAL,40,CHOQUE,1,URBANA,1,TRAMO DE VIA RECTA,7,VELOCIDAD IMPRUDENTE,72,VELOCIDAD NO RAZONABLE NI PRUDENTE,0,CAMINO VALLE NONGUEN,0, ,- CAMINO VALLE NONGUEN,5, , , , ,1,1,2,BIDIRECCIONAL,1,CONCRETO,1,BUENO,1,SECO,2,NUBLADO,1,0,0,0,0
-8132326.84464491,-4416990.27308619,912,8153,1347084,-73.053935,-36.8411648,95,CONCEPCION,1,16127,2021,1347084,REGION BIO BIO,8101,CONCEPCION,PEDRO DE VALDIVIA, ,545,"PEDRO DE VALDIVIA 545, CONCEPCION",CHILE,RANGE_INTERPOLATED,22188,2021,1347084,1,2021/05/01 00:00:00+00,1899/12/30 00:00:00+00,8,REGION BIO BIO,8101,CONCEPCION,51,CHOQUE FRONTAL,40,CHOQUE,1,URBANA,1,TRAMO DE VIA RECTA,4,ALCOHOL EN CONDUCTOR,24,CONDUCCION EN ESTADO DE EBRIEDAD,0,PEDRO DE VALDIVIA,0, ,- PEDRO DE VALDIVIA,545, , , , ,2,2,3,BIDIRECCIONAL CON BANDEJON,1,CONCRETO,1,BUENO,1,SECO,1,DESPEJADO,0,0,0,1,0
-8132326.3437072,-4416975.93218847,913,8154,1336023,-73.0539305,-36.8410617,95,CONCEPCION,1,8200,2021,1336023,REGION BIO BIO,8101,CONCEPCION,PEDRO DE VALDIVIA, ,525,"PEDRO DE VALDIVIA 525, CONCEPCION",CHILE,RANGE_INTERPOLATED,11509,2021,1336023,1,2021/03/01 00:00:00+00,1899/12/30 00:00:00+00,8,REGION BIO BIO,8101,CONCEPCION,10,ATROPELLO,10,ATROPELLO,1,URBANA,1,TRAMO DE VIA RECTA,2,IMPRUDENCIA DEL PEATON,55,PEATON CRUZA CALZADA FUERA PASO PEATONES,0,PEDRO DE VALDIVIA,0, ,- PEDRO DE VALDIVIA,525, , , , ,2,2,3,BIDIRECCIONAL CON BANDEJON,1,CONCRETO,1,BUENO,1,SECO,1,DESPEJADO,0,0,0,1,1
-8132336.49604476,-4416933.77200849,914,8155,1379866,-73.0540217,-36.8407586,95,CONCEPCION,1,39057,2021,1379866,REGION BIO BIO,8101,CONCEPCION,PEDRO DE VALDIVIA, ,495,"PEDRO DE VALDIVIA 495, CONCEPCION",CHILE,RANGE_INTERPOLATED,53635,2021,1379866,1,2021/09/15 00:00:00+00,1899/12/30 00:00:00+00,8,REGION BIO BIO,8101,CONCEPCION,34,COLISION PERPENDICULAR,30,COLISION,1,URBANA,11,CRUCE CON SEMAFORO FUNCIONANDO,1,IMPRUDENCIA DEL CONDUCTOR,91,VIRAJES INDEBIDOS,0,PEDRO DE VALDIVIA,0, ,- PEDRO DE VALDIVIA,495, , , , ,2,2,3,BIDIRECCIONAL CON BANDEJON,1,CONCRETO,1,BUENO,1,SECO,1,DESPEJADO,0,1,0,0,1
-8132940.09258774,-4416858.31251923,915,8156,1378828,-73.0594439,-36.8402161,95,CONCEPCION,1,34301,2021,1378828,REGION BIO BIO,8101,CONCEPCION,BLANCO,ERCILLA,0,"BLANCO & ERCILLA, CONCEPCION",CHILE,GEOMETRIC_CENTER,47284,2021,1378828,1,2021/08/20 00:00:00+00,1899/12/30 00:00:00+00,8,REGION BIO BIO,8101,CONCEPCION,53,CHOQUE POSTERIOR,40,CHOQUE,1,URBANA,1,TRAMO DE VIA RECTA,1,IMPRUDENCIA DEL CONDUCTOR,27,CONDUCCION NO ATENTO CONDICIONES TRANSITO MOMENTO,0,BLANCO,0,ERCILLA,BLANCO - ERCILLA,0, , , , ,1,1,2,BIDIRECCIONAL,1,CONCRETO,1,BUENO,1,SECO,1,DESPEJADO,0,0,0,0,2
-8132877.37518662,-4416829.50591345,916,8157,1332340,-73.0588805,-36.840009,95,CONCEPCION,1,6294,2021,1332340,REGION BIO BIO,8101,CONCEPCION,BLANCO SUR, ,8,"BLANCO SUR 8, CONCEPCION",CHILE,RANGE_INTERPOLATED,8790,2021,1332340,1,2021/02/15 00:00:00+00,1899/12/30 00:00:00+00,8,REGION BIO BIO,8101,CONCEPCION,10,ATROPELLO,10,ATROPELLO,1,URBANA,1,TRAMO DE VIA RECTA,2,IMPRUDENCIA DEL PEATON,53,IMPRUDENCIA DEL PEATON,0,BLANCO SUR,0, ,- BLANCO SUR,8, , , , ,1,1,2,BIDIRECCIONAL,1,CONCRETO,1,BUENO,1,SECO,1,DESPEJADO,0,0,0,1,1
-8132933.98114769,-4416795.56679669,917,8158,1330281,-73.059389,-36.839765,95,CONCEPCION,1,4864,2021,1330281,REGION BIO BIO,8101,CONCEPCION,BLANCO SUR, ,290,"BLANCO SUR 290, CONCEPCION",CHILE,RANGE_INTERPOLATED,6796,2021,1330281,1,2021/02/04 00:00:00+00,1899/12/30 00:00:00+00,8,REGION BIO BIO,8101,CONCEPCION,50,CHOQUE,40,CHOQUE,1,URBANA,1,TRAMO DE VIA RECTA,1,IMPRUDENCIA DEL CONDUCTOR,27,CONDUCCION NO ATENTO CONDICIONES TRANSITO MOMENTO,0,BLANCO SUR,0, ,- BLANCO SUR,290, , , , ,1,1,2,BIDIRECCIONAL,1,CONCRETO,1,BUENO,1,SECO,1,DESPEJADO,0,0,0,0,2
-8126672.94997141,-4416743.46211751,918,8159,1325801,-73.0031452,-36.8393904,95,CONCEPCION,1,454,2021,1325801,REGION BIO BIO,8101,CONCEPCION,LOS CANELOS, ,63,"LOS CANELOS 63, CONCEPCION",CHILE,RANGE_INTERPOLATED,640,2021,1325801,1,2021/01/04 00:00:00+00,1899/12/30 00:00:00+00,8,REGION BIO BIO,8101,CONCEPCION,50,CHOQUE,40,CHOQUE,1,URBANA,1,TRAMO DE VIA RECTA,1,IMPRUDENCIA DEL CONDUCTOR,27,CONDUCCION NO ATENTO CONDICIONES TRANSITO MOMENTO,0,LOS CANELOS,0, ,- LOS CANELOS,63, , , , ,2,0,1,UNIDIRECCIONAL,1,CONCRETO,1,BUENO,1,SECO,1,DESPEJADO,0,0,0,0,2
-8132351.40172458,-4416742.85010464,919,8160,1363003,-73.0541556,-36.839386,95,CONCEPCION,1,27389,2021,1363003,REGION BIO BIO,8101,CONCEPCION,PEDRO DE VALDIVIA, ,431,"PEDRO DE VALDIVIA 431, CONCEPCION",CHILE,RANGE_INTERPOLATED,37793,2021,1363003,1,2021/07/12 00:00:00+00,1899/12/30 00:00:00+00,8,REGION BIO BIO,8101,CONCEPCION,32,COLISION LATERAL,30,COLISION,1,URBANA,1,TRAMO DE VIA RECTA,1,IMPRUDENCIA DEL CONDUCTOR,14,ADELANTAMIENTO SOBREPASANDO LINEA CONTINUA,0,PEDRO DE VALDIVIA,0, ,- PEDRO DE VALDIVIA,431, , , , ,2,2,3,BIDIRECCIONAL CON BANDEJON,1,CONCRETO,1,BUENO,1,SECO,1,DESPEJADO,0,0,0,0,2
-8132351.40172458,-4416742.85010464,920,8161,1391268,-73.0541556,-36.839386,95,CONCEPCION,1,47384,2021,1391268,REGION BIO BIO,8101,CONCEPCION,PEDRO DE VALDIVIA, ,431,"PEDRO DE VALDIVIA 431, CONCEPCION",CHILE,RANGE_INTERPOLATED,64641,2021,1391268,1,2021/10/30 00:00:00+00,1899/12/30 00:00:00+00,8,REGION BIO BIO,8101,CONCEPCION,30,COLISION,30,COLISION,1,URBANA,11,CRUCE CON SEMAFORO FUNCIONANDO,1,IMPRUDENCIA DEL CONDUCTOR,27,CONDUCCION NO ATENTO CONDICIONES TRANSITO MOMENTO,0,PEDRO DE VALDIVIA,0, ,- PEDRO DE VALDIVIA,431, , , , ,3,0,1,UNIDIRECCIONAL,1,CONCRETO,1,BUENO,1,SECO,1,DESPEJADO,0,1,0,2,1
-8132351.40172458,-4416742.85010464,921,8162,1402520,-73.0541556,-36.839386,95,CONCEPCION,1,55041,2021,1402520,REGION BIO BIO,8101,CONCEPCION,PEDRO DE VALDIVIA, ,431,"PEDRO DE VALDIVIA 431, CONCEPCION",CHILE,RANGE_INTERPOLATED,74787,2021,1402520,1,2021/12/09 00:00:00+00,1899/12/30 00:00:00+00,8,REGION BIO BIO,8101,CONCEPCION,10,ATROPELLO,10,ATROPELLO,1,URBANA,11,CRUCE CON SEMAFORO FUNCIONANDO,10,DESOBEDIENCIA A SEÑALIZACION,62,SEÑALIZACION DESOBEDECER LUZ ROJA DE SEMAFORO,0,PEDRO DE VALDIVIA,0, ,- PEDRO DE VALDIVIA,431, , , , ,2,2,3,BIDIRECCIONAL CON BANDEJON,1,CONCRETO,1,BUENO,1,SECO,1,DESPEJADO,1,0,0,0,1
-8126180.38348855,-4416499.39696043,922,8163,1331934,-72.9987204,-36.8376357,95,CONCEPCION,1,4992,2021,1331934,REGION BIO BIO,8101,CONCEPCION,30 DE OCTUBRE, ,828,"30 DE OCTUBRE 828, CONCEPCION",CHILE,RANGE_INTERPOLATED,6981,2021,1331934,1,2021/02/05 00:00:00+00,1899/12/30 00:00:00+00,8,REGION BIO BIO,8101,CONCEPCION,50,CHOQUE,40,CHOQUE,1,URBANA,1,TRAMO DE VIA RECTA,9,PERDIDA CONTROL VEHICULO,95,PERDIDA CONTROL VEHICULO,0,30 DE OCTUBRE,0, ,- 30 DE OCTUBRE,828, , , , ,1,1,2,BIDIRECCIONAL,1,CONCRETO,1,BUENO,1,SECO,2,NUBLADO,0,0,0,0,1
-8125986.53172728,-4416418.18224196,923,8164,1369230,-72.996979,-36.8370518,95,CONCEPCION,1,30812,2021,1369230,REGION BIO BIO,8101,CONCEPCION,CAMINO NONGUEN,LA CABA??ªA,0,"CAMINO NONGUEN & LA CABA??ªA, CONCEPCION",CHILE,GEOMETRIC_CENTER,42602,2021,1369230,1,2021/08/01 00:00:00+00,1899/12/30 00:00:00+00,8,REGION BIO BIO,8101,CONCEPCION,10,ATROPELLO,10,ATROPELLO,1,URBANA,16,CRUCE SIN SEÑALIZACION,2,IMPRUDENCIA DEL PEATON,55,PEATON CRUZA CALZADA FUERA PASO PEATONES,0,CAMINO NONGUEN,0,LA CABAÑA,CAMINO NONGUEN - LA CABAÑA,0, , , , ,1,1,2,BIDIRECCIONAL,1,CONCRETO,1,BUENO,1,SECO,1,DESPEJADO,0,1,0,0,1
-8132985.17698151,-4416398.62626434,924,8165,1398643,-73.0598489,-36.8369112,95,CONCEPCION,1,50969,2021,1398643,REGION BIO BIO,8101,CONCEPCION,ESMERALDA,PRAT,0,"ESMERALDA & PRAT, CONCEPCION",CHILE,GEOMETRIC_CENTER,69371,2021,1398643,1,2021/11/18 00:00:00+00,1899/12/30 00:00:00+00,8,REGION BIO BIO,8101,CONCEPCION,31,COLISION FRONTAL,30,COLISION,1,URBANA,21,ENLACE A NIVEL,9,PERDIDA CONTROL VEHICULO,95,PERDIDA CONTROL VEHICULO,0,ESMERALDA,0,PRAT,ESMERALDA - PRAT,0, , , , ,1,1,2,BIDIRECCIONAL,1,CONCRETO,1,BUENO,1,SECO,1,DESPEJADO,0,0,0,1,1
-8132539.64298351,-4416370.97534168,925,8166,1337868,-73.0558466,-36.8367124,95,CONCEPCION,1,10428,2021,1337868,REGION BIO BIO,8101,CONCEPCION,PADRE HURTADO,PEDRO DE VALDIVIA,0,"PADRE HURTADO & PEDRO DE VALDIVIA, CONCEPCION",CHILE,GEOMETRIC_CENTER,14522,2021,1337868,1,2021/03/15 00:00:00+00,1899/12/30 00:00:00+00,8,REGION BIO BIO,8101,CONCEPCION,53,CHOQUE POSTERIOR,40,CHOQUE,1,URBANA,11,CRUCE CON SEMAFORO FUNCIONANDO,9,PERDIDA CONTROL VEHICULO,95,PERDIDA CONTROL VEHICULO,0,PADRE HURTADO,0,PEDRO DE VALDIVIA,PADRE HURTADO - PEDRO DE VALDIVIA,0, , , , ,2,0,1,UNIDIRECCIONAL,1,CONCRETO,1,BUENO,1,SECO,2,NUBLADO,0,1,0,0,2
-8132539.64298351,-4416370.97534168,926,8167,1397898,-73.0558466,-36.8367124,95,CONCEPCION,1,48434,2021,1397898,REGION BIO BIO,8101,CONCEPCION,PADRE HURTADO,PEDRO DE VALDIVIA,0,"PADRE HURTADO & PEDRO DE VALDIVIA, CONCEPCION",CHILE,GEOMETRIC_CENTER,66036,2021,1397898,1,2021/11/05 00:00:00+00,1899/12/30 00:00:00+00,8,REGION BIO BIO,8101,CONCEPCION,20,CAIDA,20,CAIDA,1,URBANA,26,OTROS NO CONSIDERADOS,3,IMPRUDENCIA DEL PASAJERO,41,PASAJERO SUBE O DESCIENDE DE VEHICULO MOVIMIENTO,0,PADRE HURTADO,0,PEDRO DE VALDIVIA,PADRE HURTADO - PEDRO DE VALDIVIA,0, , , , ,2,0,1,UNIDIRECCIONAL,1,CONCRETO,1,BUENO,1,SECO,1,DESPEJADO,0,0,0,1,1
-8132539.64298351,-4416370.97534168,927,8168,1406001,-73.0558466,-36.8367124,95,CONCEPCION,1,56230,2021,1406001,REGION BIO BIO,8101,CONCEPCION,PADRE HURTADO,PEDRO DE VALDIVIA,0,"PADRE HURTADO & PEDRO DE VALDIVIA, CONCEPCION",CHILE,GEOMETRIC_CENTER,76430,2021,1406001,1,2021/12/15 00:00:00+00,1899/12/30 00:00:00+00,8,REGION BIO BIO,8101,CONCEPCION,33,COLISION POR ALCANCE,30,COLISION,1,URBANA,11,CRUCE CON SEMAFORO FUNCIONANDO,1,IMPRUDENCIA DEL CONDUCTOR,28,CONDUCCION SIN MANTENER DISTANCIA RAZONABLE NI PRUDENTE,0,PADRE HURTADO,0,PEDRO DE VALDIVIA,PADRE HURTADO - PEDRO DE VALDIVIA,0, , , , ,2,0,1,UNIDIRECCIONAL,1,CONCRETO,1,BUENO,1,SECO,1,DESPEJADO,0,0,0,1,2
-8132979.76685426,-4416369.41754536,928,8169,1332916,-73.0598003,-36.8367012,95,CONCEPCION,1,6406,2021,1332916,REGION BIO BIO,8101,CONCEPCION,COSTANERA,ESMERALDA,0,"COSTANERA & ESMERALDA, CONCEPCION",CHILE,GEOMETRIC_CENTER,8948,2021,1332916,1,2021/02/16 00:00:00+00,1899/12/30 00:00:00+00,8,REGION BIO BIO,8101,CONCEPCION,32,COLISION LATERAL,30,COLISION,1,URBANA,12,CRUCE CON SEMAFORO APAGADO,7,VELOCIDAD IMPRUDENTE,74,VELOCIDAD EXCESO EN ZONA RESTRINGIDA,0,COSTANERA,0,ESMERALDA,COSTANERA - ESMERALDA,0, , , , ,2,2,3,BIDIRECCIONAL CON BANDEJON,1,CONCRETO,1,BUENO,1,SECO,1,DESPEJADO,0,0,0,0,2
-8132979.76685426,-4416369.41754536,929,8170,1334656,-73.0598003,-36.8367012,95,CONCEPCION,1,7885,2021,1334656,REGION BIO BIO,8101,CONCEPCION,COSTANERA,ESMERALDA,0,"COSTANERA & ESMERALDA, CONCEPCION",CHILE,GEOMETRIC_CENTER,11073,2021,1334656,1,2021/02/27 00:00:00+00,1899/12/30 00:00:00+00,8,REGION BIO BIO,8101,CONCEPCION,53,CHOQUE POSTERIOR,40,CHOQUE,1,URBANA,11,CRUCE CON SEMAFORO FUNCIONANDO,1,IMPRUDENCIA DEL CONDUCTOR,28,CONDUCCION SIN MANTENER DISTANCIA RAZONABLE NI PRUDENTE,0,COSTANERA,0,ESMERALDA,COSTANERA - ESMERALDA,0, , , , ,2,2,3,BIDIRECCIONAL CON BANDEJON,1,CONCRETO,1,BUENO,1,SECO,1,DESPEJADO,0,0,0,0,3
-8132979.76685426,-4416369.41754536,930,8171,1337863,-73.0598003,-36.8367012,95,CONCEPCION,1,10057,2021,1337863,REGION BIO BIO,8101,CONCEPCION,ESMERALDA,COSTANERA,0,"ESMERALDA & COSTANERA, CONCEPCION",CHILE,GEOMETRIC_CENTER,13989,2021,1337863,1,2021/03/12 00:00:00+00,1899/12/30 00:00:00+00,8,REGION BIO BIO,8101,CONCEPCION,32,COLISION LATERAL,30,COLISION,1,URBANA,1,TRAMO DE VIA RECTA,1,IMPRUDENCIA DEL CONDUCTOR,29,CONDUCCION CAMBIAR SORPRESIVAMENTE PISTA CIRCULACION,0,ESMERALDA,0,COSTANERA,COSTANERA - ESMERALDA,0, , , , ,1,1,2,BIDIRECCIONAL,1,CONCRETO,1,BUENO,1,SECO,1,DESPEJADO,0,0,0,0,2
-8132979.76685426,-4416369.41754536,931,8172,1340374,-73.0598003,-36.8367012,95,CONCEPCION,1,10379,2021,1340374,REGION BIO BIO,8101,CONCEPCION,COSTANERA,ESMERALDA,0,"COSTANERA & ESMERALDA, CONCEPCION",CHILE,GEOMETRIC_CENTER,14451,2021,1340374,1,2021/03/15 00:00:00+00,1899/12/30 00:00:00+00,8,REGION BIO BIO,8101,CONCEPCION,34,COLISION PERPENDICULAR,30,COLISION,1,URBANA,11,CRUCE CON SEMAFORO FUNCIONANDO,10,DESOBEDIENCIA A SEÑALIZACION,62,SEÑALIZACION DESOBEDECER LUZ ROJA DE SEMAFORO,0,COSTANERA,0,ESMERALDA,COSTANERA - ESMERALDA,0, , , , ,2,2,3,BIDIRECCIONAL CON BANDEJON,1,CONCRETO,1,BUENO,1,SECO,1,DESPEJADO,0,1,2,1,0
-8132979.76685426,-4416369.41754536,932,8173,1342246,-73.0598003,-36.8367012,95,CONCEPCION,1,12994,2021,1342246,REGION BIO BIO,8101,CONCEPCION,COSTANERA,ESMERALDA,0,"COSTANERA & ESMERALDA, CONCEPCION",CHILE,GEOMETRIC_CENTER,17946,2021,1342246,1,2021/04/06 00:00:00+00,1899/12/30 00:00:00+00,8,REGION BIO BIO,8101,CONCEPCION,53,CHOQUE POSTERIOR,40,CHOQUE,1,URBANA,11,CRUCE CON SEMAFORO FUNCIONANDO,1,IMPRUDENCIA DEL CONDUCTOR,28,CONDUCCION SIN MANTENER DISTANCIA RAZONABLE NI PRUDENTE,0,COSTANERA,0,ESMERALDA,COSTANERA - ESMERALDA,0, , , , ,2,2,3,BIDIRECCIONAL CON BANDEJON,1,CONCRETO,1,BUENO,3,MOJADO,3,LLUVIA,0,0,0,0,2