X,Y,FID,FID_1,LABELID,POINT_X,POINT_Y,FID_2,COMUNAREAL,VAL_COM,OBJECTID,A_O,IDACCIDENT,REGION,COD_COMUN,COMUNA,CALLE_UNO,CALLE_DOS,NUMERO,DIR_GEOCOD,PAIS,TIPO,OBJECTID_1,Año,Idaccide_1,Claseaccid,Fecha,Hora,Cód_Regi,Región,Cód_Comun,Comuna_1,Cód_Tipo_,Tipo_Accid,Cód_Tipo1,Tipo__CONA,Cód_Zona,Zona,Cód_Ubica,Ubicación,Cód_Causa,Causa__CON,Cód_Cau_1,Causa,Cód_Calle,Calle_Un_1,Cód_Cal_1,Calle_Do_1,Intersecci,Número,Ruta,Cód_Ruta,Ubicaci_1,Km_Vía_Fe,Pistas_de_,Pistas_de1,Cód_Calza,Calzada,Cód__Tipo,Tipo_Calza,Cód_Estad,Estado_Cal,Cód_Condi,Condición,Cód_Est_1,Estado_Atm,Fallecidos,Graves,Menos_Grav,Leves,Ilesos
-8132979.76685426,-4416369.41754536,933,8174,1346253,-73.0598003,-36.8367012,95,CONCEPCION,1,15336,2021,1346253,REGION BIO BIO,8101,CONCEPCION,COSTANERA,ESMERALDA,0,"COSTANERA & ESMERALDA, CONCEPCION",CHILE,GEOMETRIC_CENTER,21134,2021,1346253,1,2021/04/25 00:00:00+00,1899/12/30 00:00:00+00,8,REGION BIO BIO,8101,CONCEPCION,50,CHOQUE,40,CHOQUE,1,URBANA,11,CRUCE CON SEMAFORO FUNCIONANDO,4,ALCOHOL EN CONDUCTOR,24,CONDUCCION EN ESTADO DE EBRIEDAD,0,COSTANERA,0,ESMERALDA,COSTANERA - ESMERALDA,0, , , , ,3,3,3,BIDIRECCIONAL CON BANDEJON,1,CONCRETO,1,BUENO,1,SECO,1,DESPEJADO,0,0,0,1,0
-8132979.76685426,-4416369.41754536,934,8175,1348278,-73.0598003,-36.8367012,95,CONCEPCION,1,16632,2021,1348278,REGION BIO BIO,8101,CONCEPCION,COSTANERA,ESMERALDA,0,"COSTANERA & ESMERALDA, CONCEPCION",CHILE,GEOMETRIC_CENTER,22942,2021,1348278,1,2021/05/05 00:00:00+00,1899/12/30 00:00:00+00,8,REGION BIO BIO,8101,CONCEPCION,50,CHOQUE,40,CHOQUE,1,URBANA,11,CRUCE CON SEMAFORO FUNCIONANDO,4,ALCOHOL EN CONDUCTOR,24,CONDUCCION EN ESTADO DE EBRIEDAD,0,COSTANERA,0,ESMERALDA,COSTANERA - ESMERALDA,0, , , , ,2,2,2,BIDIRECCIONAL,1,CONCRETO,1,BUENO,1,SECO,1,DESPEJADO,0,0,0,0,1
-8132979.76685426,-4416369.41754536,935,8176,1351207,-73.0598003,-36.8367012,95,CONCEPCION,1,19156,2021,1351207,REGION BIO BIO,8101,CONCEPCION,COSTANERA,ESMERALDA,0,"COSTANERA & ESMERALDA, CONCEPCION",CHILE,GEOMETRIC_CENTER,26359,2021,1351207,1,2021/05/21 00:00:00+00,1899/12/30 00:00:00+00,8,REGION BIO BIO,8101,CONCEPCION,32,COLISION LATERAL,30,COLISION,1,URBANA,1,TRAMO DE VIA RECTA,1,IMPRUDENCIA DEL CONDUCTOR,29,CONDUCCION CAMBIAR SORPRESIVAMENTE PISTA CIRCULACION,0,COSTANERA,0,ESMERALDA,COSTANERA - ESMERALDA,0, , , , ,3,3,2,BIDIRECCIONAL,1,CONCRETO,1,BUENO,1,SECO,1,DESPEJADO,0,0,0,0,2
-8132979.76685426,-4416369.41754536,936,8177,1361924,-73.0598003,-36.8367012,95,CONCEPCION,1,26261,2021,1361924,REGION BIO BIO,8101,CONCEPCION,COSTANERA,ESMERALDA,0,"COSTANERA & ESMERALDA, CONCEPCION",CHILE,GEOMETRIC_CENTER,36239,2021,1361924,1,2021/07/05 00:00:00+00,1899/12/30 00:00:00+00,8,REGION BIO BIO,8101,CONCEPCION,53,CHOQUE POSTERIOR,40,CHOQUE,1,URBANA,11,CRUCE CON SEMAFORO FUNCIONANDO,1,IMPRUDENCIA DEL CONDUCTOR,28,CONDUCCION SIN MANTENER DISTANCIA RAZONABLE NI PRUDENTE,0,COSTANERA,0,ESMERALDA,COSTANERA - ESMERALDA,0, , , , ,3,3,3,BIDIRECCIONAL CON BANDEJON,1,CONCRETO,1,BUENO,1,SECO,1,DESPEJADO,0,0,0,0,2
-8132979.76685426,-4416369.41754536,937,8178,1367757,-73.0598003,-36.8367012,95,CONCEPCION,1,30595,2021,1367757,REGION BIO BIO,8101,CONCEPCION,COSTANERA,ESMERALDA,0,"COSTANERA & ESMERALDA, CONCEPCION",CHILE,GEOMETRIC_CENTER,42296,2021,1367757,1,2021/07/31 00:00:00+00,1899/12/30 00:00:00+00,8,REGION BIO BIO,8101,CONCEPCION,34,COLISION PERPENDICULAR,30,COLISION,1,URBANA,11,CRUCE CON SEMAFORO FUNCIONANDO,10,DESOBEDIENCIA A SEÑALIZACION,62,SEÑALIZACION DESOBEDECER LUZ ROJA DE SEMAFORO,0,COSTANERA,0,ESMERALDA,COSTANERA - ESMERALDA,0, , , , ,2,2,2,BIDIRECCIONAL,1,CONCRETO,1,BUENO,1,SECO,1,DESPEJADO,0,0,0,0,2
-8132979.76685426,-4416369.41754536,938,8179,1374886,-73.0598003,-36.8367012,95,CONCEPCION,1,35395,2021,1374886,REGION BIO BIO,8101,CONCEPCION,COSTANERA,ESMERALDA,0,"COSTANERA & ESMERALDA, CONCEPCION",CHILE,GEOMETRIC_CENTER,48746,2021,1374886,1,2021/08/26 00:00:00+00,1899/12/30 00:00:00+00,8,REGION BIO BIO,8101,CONCEPCION,32,COLISION LATERAL,30,COLISION,1,URBANA,11,CRUCE CON SEMAFORO FUNCIONANDO,1,IMPRUDENCIA DEL CONDUCTOR,11,ADELANTAMIENTO SIN EL ESPACIO O TIEMPO SUFICIENTE,0,COSTANERA,0,ESMERALDA,COSTANERA - ESMERALDA,0, , , , ,2,0,1,UNIDIRECCIONAL,1,CONCRETO,1,BUENO,1,SECO,2,NUBLADO,0,0,0,0,2
-8132979.76685426,-4416369.41754536,939,8180,1377921,-73.0598003,-36.8367012,95,CONCEPCION,1,37382,2021,1377921,REGION BIO BIO,8101,CONCEPCION,COSTANERA,ESMERALDA,0,"COSTANERA & ESMERALDA, CONCEPCION",CHILE,GEOMETRIC_CENTER,51400,2021,1377921,1,2021/09/06 00:00:00+00,1899/12/30 00:00:00+00,8,REGION BIO BIO,8101,CONCEPCION,32,COLISION LATERAL,30,COLISION,1,URBANA,11,CRUCE CON SEMAFORO FUNCIONANDO,1,IMPRUDENCIA DEL CONDUCTOR,29,CONDUCCION CAMBIAR SORPRESIVAMENTE PISTA CIRCULACION,0,COSTANERA,0,ESMERALDA,COSTANERA - ESMERALDA,0, , , , ,2,2,2,BIDIRECCIONAL,1,CONCRETO,1,BUENO,1,SECO,2,NUBLADO,0,0,0,0,2
-8132979.76685426,-4416369.41754536,940,8181,1386088,-73.0598003,-36.8367012,95,CONCEPCION,1,42992,2021,1386088,REGION BIO BIO,8101,CONCEPCION,COSTANERA,ESMERALDA,0,"COSTANERA & ESMERALDA, CONCEPCION",CHILE,GEOMETRIC_CENTER,58832,2021,1386088,1,2021/10/07 00:00:00+00,1899/12/30 00:00:00+00,8,REGION BIO BIO,8101,CONCEPCION,32,COLISION LATERAL,30,COLISION,1,URBANA,11,CRUCE CON SEMAFORO FUNCIONANDO,1,IMPRUDENCIA DEL CONDUCTOR,14,ADELANTAMIENTO SOBREPASANDO LINEA CONTINUA,0,COSTANERA,0,ESMERALDA,COSTANERA - ESMERALDA,0, , , , ,2,2,3,BIDIRECCIONAL CON BANDEJON,1,CONCRETO,1,BUENO,1,SECO,1,DESPEJADO,0,0,0,0,2
-8132979.76685426,-4416369.41754536,941,8182,1387128,-73.0598003,-36.8367012,95,CONCEPCION,1,43072,2021,1387128,REGION BIO BIO,8101,CONCEPCION,ESMERALDA,COSTANERA,0,"ESMERALDA & COSTANERA, CONCEPCION",CHILE,GEOMETRIC_CENTER,58923,2021,1387128,1,2021/10/07 00:00:00+00,1899/12/30 00:00:00+00,8,REGION BIO BIO,8101,CONCEPCION,32,COLISION LATERAL,30,COLISION,1,URBANA,15,CRUCE CON SEÑAL CEDA EL PASO,10,DESOBEDIENCIA A SEÑALIZACION,64,SEÑALIZACION DESOBEDECER SEÑAL CEDA EL PASO,0,ESMERALDA,0,COSTANERA,COSTANERA - ESMERALDA,0, , , , ,2,0,1,UNIDIRECCIONAL,1,CONCRETO,1,BUENO,1,SECO,1,DESPEJADO,0,0,0,0,2
-8132979.76685426,-4416369.41754536,942,8183,1398585,-73.0598003,-36.8367012,95,CONCEPCION,1,50251,2021,1398585,REGION BIO BIO,8101,CONCEPCION,COSTANERA,ESMERALDA,0,"COSTANERA & ESMERALDA, CONCEPCION",CHILE,GEOMETRIC_CENTER,68445,2021,1398585,1,2021/11/14 00:00:00+00,1899/12/30 00:00:00+00,8,REGION BIO BIO,8101,CONCEPCION,53,CHOQUE POSTERIOR,40,CHOQUE,1,URBANA,11,CRUCE CON SEMAFORO FUNCIONANDO,1,IMPRUDENCIA DEL CONDUCTOR,27,CONDUCCION NO ATENTO CONDICIONES TRANSITO MOMENTO,0,COSTANERA,0,ESMERALDA,COSTANERA - ESMERALDA,0, , , , ,2,2,3,BIDIRECCIONAL CON BANDEJON,1,CONCRETO,1,BUENO,1,SECO,1,DESPEJADO,0,0,0,0,2
-8132979.76685426,-4416369.41754536,943,8184,1406094,-73.0598003,-36.8367012,95,CONCEPCION,1,57183,2021,1406094,REGION BIO BIO,8101,CONCEPCION,ESMERALDA,COSTANERA,0,"ESMERALDA & COSTANERA, CONCEPCION",CHILE,GEOMETRIC_CENTER,77674,2021,1406094,1,2021/12/19 00:00:00+00,1899/12/30 00:00:00+00,8,REGION BIO BIO,8101,CONCEPCION,34,COLISION PERPENDICULAR,30,COLISION,1,URBANA,11,CRUCE CON SEMAFORO FUNCIONANDO,10,DESOBEDIENCIA A SEÑALIZACION,62,SEÑALIZACION DESOBEDECER LUZ ROJA DE SEMAFORO,0,ESMERALDA,0,COSTANERA,COSTANERA - ESMERALDA,0, , , , ,2,0,1,UNIDIRECCIONAL,1,CONCRETO,1,BUENO,1,SECO,1,DESPEJADO,0,0,0,2,0
-8132884.71114107,-4416319.59600118,944,8185,1366818,-73.0589464,-36.836343,95,CONCEPCION,1,30071,2021,1366818,REGION BIO BIO,8101,CONCEPCION,ESMERALDA,ERRAZURIZ,0,"ESMERALDA & ERRAZURIZ, CONCEPCION",CHILE,GEOMETRIC_CENTER,41582,2021,1366818,1,2021/07/28 00:00:00+00,1899/12/30 00:00:00+00,8,REGION BIO BIO,8101,CONCEPCION,34,COLISION PERPENDICULAR,30,COLISION,1,URBANA,16,CRUCE SIN SEÑALIZACION,1,IMPRUDENCIA DEL CONDUCTOR,23,CONDUCCION CONTRA SENTIDO DEL TRANSITO,0,ESMERALDA,0,ERRAZURIZ,ERRAZURIZ - ESMERALDA,0, , , , ,2,0,1,UNIDIRECCIONAL,1,CONCRETO,1,BUENO,1,SECO,1,DESPEJADO,0,0,0,0,2
-8132884.71114107,-4416319.59600118,945,8186,1372831,-73.0589464,-36.836343,95,CONCEPCION,1,34456,2021,1372831,REGION BIO BIO,8101,CONCEPCION,ESMERALDA,ERRAZURIZ,0,"ESMERALDA & ERRAZURIZ, CONCEPCION",CHILE,GEOMETRIC_CENTER,47494,2021,1372831,1,2021/08/21 00:00:00+00,1899/12/30 00:00:00+00,8,REGION BIO BIO,8101,CONCEPCION,50,CHOQUE,40,CHOQUE,1,URBANA,1,TRAMO DE VIA RECTA,7,VELOCIDAD IMPRUDENTE,72,VELOCIDAD NO RAZONABLE NI PRUDENTE,0,ESMERALDA,0,ERRAZURIZ,ERRAZURIZ - ESMERALDA,0, , , , ,1,1,2,BIDIRECCIONAL,1,CONCRETO,1,BUENO,3,MOJADO,3,LLUVIA,0,0,0,0,1
-8132884.71114107,-4416319.59600118,946,8187,1374944,-73.0589464,-36.836343,95,CONCEPCION,1,35479,2021,1374944,REGION BIO BIO,8101,CONCEPCION,ESMERALDA,ERRAZURIZ,0,"ESMERALDA & ERRAZURIZ, CONCEPCION",CHILE,GEOMETRIC_CENTER,48854,2021,1374944,1,2021/08/27 00:00:00+00,1899/12/30 00:00:00+00,8,REGION BIO BIO,8101,CONCEPCION,10,ATROPELLO,10,ATROPELLO,1,URBANA,1,TRAMO DE VIA RECTA,2,IMPRUDENCIA DEL PEATON,53,IMPRUDENCIA DEL PEATON,0,ESMERALDA,0,ERRAZURIZ,ERRAZURIZ - ESMERALDA,0, , , , ,1,1,2,BIDIRECCIONAL,1,CONCRETO,1,BUENO,1,SECO,1,DESPEJADO,0,0,0,1,1
-8126665.03515562,-4416299.99847837,947,8188,1362993,-73.0030741,-36.8362021,95,CONCEPCION,1,27210,2021,1362993,REGION BIO BIO,8101,CONCEPCION,CAMINO NONGUEN,ESTANQUE,0,"CAMINO NONGUEN & ESTANQUE, CONCEPCION",CHILE,GEOMETRIC_CENTER,37512,2021,1362993,1,2021/07/10 00:00:00+00,1899/12/30 00:00:00+00,8,REGION BIO BIO,8101,CONCEPCION,34,COLISION PERPENDICULAR,30,COLISION,1,URBANA,16,CRUCE SIN SEÑALIZACION,12,FALLAS MECANICAS,1,FALLAS MECANICAS FRENOS,0,CAMINO NONGUEN,0,ESTANQUE,CAMINO NONGUEN - ESTANQUE,0, , , , ,1,1,2,BIDIRECCIONAL,1,CONCRETO,1,BUENO,1,SECO,1,DESPEJADO,0,0,0,1,2
-8126665.03515562,-4416299.99847837,948,8189,1378842,-73.0030741,-36.8362021,95,CONCEPCION,1,38422,2021,1378842,REGION BIO BIO,8101,CONCEPCION,EL ESTANQUE,CAMINO NONGUEN,0,"EL ESTANQUE & CAMINO NONGUEN, CONCEPCION",CHILE,GEOMETRIC_CENTER,52774,2021,1378842,1,2021/09/12 00:00:00+00,1899/12/30 00:00:00+00,8,REGION BIO BIO,8101,CONCEPCION,50,CHOQUE,40,CHOQUE,1,URBANA,16,CRUCE SIN SEÑALIZACION,4,ALCOHOL EN CONDUCTOR,24,CONDUCCION EN ESTADO DE EBRIEDAD,0,EL ESTANQUE,0,CAMINO NONGUEN,CAMINO NONGUEN - EL ESTANQUE,0, , , , ,1,1,2,BIDIRECCIONAL,1,CONCRETO,1,BUENO,1,SECO,2,NUBLADO,0,0,0,0,1
-8126653.7362273,-4416283.97554829,949,8190,1379865,-73.0029726,-36.8360869,95,CONCEPCION,1,39042,2021,1379865,REGION BIO BIO,8101,CONCEPCION,CAMINO NONGUEN,EL ESTANQUE,0,"CAMINO NONGUEN & EL ESTANQUE, CONCEPCION",CHILE,GEOMETRIC_CENTER,53613,2021,1379865,1,2021/09/15 00:00:00+00,1899/12/30 00:00:00+00,8,REGION BIO BIO,8101,CONCEPCION,53,CHOQUE POSTERIOR,40,CHOQUE,1,URBANA,2,TRAMO DE VIA CURVA HORIZONTAL,7,VELOCIDAD IMPRUDENTE,73,"VELOCIDAD NO REDUCIR CRUCE DE CALLES, CUMBRE, CURVA, ETC.",0,CAMINO NONGUEN,0,EL ESTANQUE,CAMINO NONGUEN - EL ESTANQUE,0, , , , ,1,1,2,BIDIRECCIONAL,1,CONCRETO,1,BUENO,1,SECO,1,DESPEJADO,0,0,0,1,2
-8130930.72011917,-4416214.30668236,950,8191,1334596,-73.0413934,-36.835586,95,CONCEPCION,1,7547,2021,1334596,REGION BIO BIO,8101,CONCEPCION,13 DE ABRIL,MICHIMALONCO,0,"13 DE ABRIL & MICHIMALONCO, CONCEPCION",CHILE,GEOMETRIC_CENTER,10601,2021,1334596,1,2021/02/25 00:00:00+00,1899/12/30 00:00:00+00,8,REGION BIO BIO,8101,CONCEPCION,50,CHOQUE,40,CHOQUE,1,URBANA,1,TRAMO DE VIA RECTA,4,ALCOHOL EN CONDUCTOR,24,CONDUCCION EN ESTADO DE EBRIEDAD,0,13 DE ABRIL,0,MICHIMALONCO,13 DE ABRIL - MICHIMALONCO,0, , , , ,1,1,2,BIDIRECCIONAL,1,CONCRETO,2,REGULAR,1,SECO,1,DESPEJADO,0,0,0,0,3
-8132594.32311738,-4416177.55998178,951,8192,1357984,-73.0563378,-36.8353218,95,CONCEPCION,1,24280,2021,1357984,REGION BIO BIO,8101,CONCEPCION,ESMERALDA,VICTOR LAMAS,0,"ESMERALDA & VICTOR LAMAS, CONCEPCION",CHILE,GEOMETRIC_CENTER,33471,2021,1357984,1,2021/06/23 00:00:00+00,1899/12/30 00:00:00+00,8,REGION BIO BIO,8101,CONCEPCION,33,COLISION POR ALCANCE,30,COLISION,1,URBANA,21,ENLACE A NIVEL,1,IMPRUDENCIA DEL CONDUCTOR,28,CONDUCCION SIN MANTENER DISTANCIA RAZONABLE NI PRUDENTE,0,ESMERALDA,0,VICTOR LAMAS,ESMERALDA - VICTOR LAMAS,0, , , , ,1,1,2,BIDIRECCIONAL,1,CONCRETO,1,BUENO,1,SECO,1,DESPEJADO,0,0,0,0,2
-8132594.32311738,-4416177.55998178,952,8193,1405034,-73.0563378,-36.8353218,95,CONCEPCION,1,47110,2021,1405034,REGION BIO BIO,8101,CONCEPCION,VICTOR LAMAS,ESPERALDA,0,"VICTOR LAMAS & ESPERALDA, CONCEPCION",CHILE,GEOMETRIC_CENTER,64267,2021,1405034,1,2021/10/29 00:00:00+00,1899/12/30 00:00:00+00,8,REGION BIO BIO,8101,CONCEPCION,32,COLISION LATERAL,30,COLISION,1,URBANA,1,TRAMO DE VIA RECTA,1,IMPRUDENCIA DEL CONDUCTOR,28,CONDUCCION SIN MANTENER DISTANCIA RAZONABLE NI PRUDENTE,0,VICTOR LAMAS,0,ESPERALDA,ESPERALDA - VICTOR LAMAS,0, , , , ,2,0,1,UNIDIRECCIONAL,1,CONCRETO,1,BUENO,1,SECO,1,DESPEJADO,0,0,0,0,2
-8126658.67881269,-4416169.06180377,953,8194,1352119,-73.003017,-36.8352607,95,CONCEPCION,1,19275,2021,1352119,REGION BIO BIO,8101,CONCEPCION,CAMINO NONGUEN, ,1491,"CAMINO NONGUEN 1491, CONCEPCION",CHILE,RANGE_INTERPOLATED,26520,2021,1352119,1,2021/05/22 00:00:00+00,1899/12/30 00:00:00+00,8,REGION BIO BIO,8101,CONCEPCION,50,CHOQUE,40,CHOQUE,1,URBANA,2,TRAMO DE VIA CURVA HORIZONTAL,4,ALCOHOL EN CONDUCTOR,24,CONDUCCION EN ESTADO DE EBRIEDAD,0,CAMINO NONGUEN,0, ,- CAMINO NONGUEN,1491, , , , ,1,1,2,BIDIRECCIONAL,1,CONCRETO,1,BUENO,1,SECO,1,DESPEJADO,0,0,0,0,1
-8126879.60347412,-4416159.27013081,954,8195,1385534,-73.0050016,-36.8351903,95,CONCEPCION,1,42225,2021,1385534,REGION BIO BIO,8101,CONCEPCION,CAMINO NONGUEN, ,1250,"CAMINO NONGUEN 1250, CONCEPCION",CHILE,RANGE_INTERPOLATED,57826,2021,1385534,1,2021/10/03 00:00:00+00,1899/12/30 00:00:00+00,8,REGION BIO BIO,8101,CONCEPCION,70,VOLCADURA,70,VOLCADURA,1,URBANA,1,TRAMO DE VIA RECTA,13,CAUSAS NO DETERMINADAS,97,CAUSAS NO DETERMINADAS,0,CAMINO NONGUEN,0, ,- CAMINO NONGUEN,1250, , , , ,1,1,2,BIDIRECCIONAL,1,CONCRETO,1,BUENO,1,SECO,1,DESPEJADO,0,0,0,0,1
-8133353.32166951,-4416118.96302651,955,8196,1332300,-73.063156,-36.8349005,95,CONCEPCION,1,6132,2021,1332300,REGION BIO BIO,8101,CONCEPCION,COSTANERA,CHACABUCO,0,"COSTANERA & CHACABUCO, CONCEPCION",CHILE,GEOMETRIC_CENTER,8553,2021,1332300,1,2021/02/14 00:00:00+00,1899/12/30 00:00:00+00,8,REGION BIO BIO,8101,CONCEPCION,53,CHOQUE POSTERIOR,40,CHOQUE,1,URBANA,11,CRUCE CON SEMAFORO FUNCIONANDO,1,IMPRUDENCIA DEL CONDUCTOR,27,CONDUCCION NO ATENTO CONDICIONES TRANSITO MOMENTO,0,COSTANERA,0,CHACABUCO,CHACABUCO - COSTANERA,0, , , , ,3,3,3,BIDIRECCIONAL CON BANDEJON,1,CONCRETO,1,BUENO,1,SECO,1,DESPEJADO,0,0,0,0,2
-8133353.32166951,-4416118.96302651,956,8197,1340416,-73.063156,-36.8349005,95,CONCEPCION,1,10659,2021,1340416,REGION BIO BIO,8101,CONCEPCION,PUENTE CHACABUCO,COSTANERA,0,"PUENTE CHACABUCO & COSTANERA, CONCEPCION",CHILE,GEOMETRIC_CENTER,14814,2021,1340416,1,2021/03/17 00:00:00+00,1899/12/30 00:00:00+00,8,REGION BIO BIO,8101,CONCEPCION,50,CHOQUE,40,CHOQUE,1,URBANA,5,PUENTE,1,IMPRUDENCIA DEL CONDUCTOR,27,CONDUCCION NO ATENTO CONDICIONES TRANSITO MOMENTO,0,PUENTE CHACABUCO,0,COSTANERA,COSTANERA - PUENTE CHACABUCO,0, , , , ,2,2,2,BIDIRECCIONAL,1,CONCRETO,1,BUENO,1,SECO,5,NEBLINA,0,0,1,0,1
-8133353.32166951,-4416118.96302651,957,8198,1341235,-73.063156,-36.8349005,95,CONCEPCION,1,12337,2021,1341235,REGION BIO BIO,8101,CONCEPCION,PUENTE CHACABUCO,COSTANERA,0,"PUENTE CHACABUCO & COSTANERA, CONCEPCION",CHILE,GEOMETRIC_CENTER,17073,2021,1341235,1,2021/03/31 00:00:00+00,1899/12/30 00:00:00+00,8,REGION BIO BIO,8101,CONCEPCION,32,COLISION LATERAL,30,COLISION,1,URBANA,5,PUENTE,1,IMPRUDENCIA DEL CONDUCTOR,27,CONDUCCION NO ATENTO CONDICIONES TRANSITO MOMENTO,0,PUENTE CHACABUCO,0,COSTANERA,COSTANERA - PUENTE CHACABUCO,0, , , , ,2,2,3,BIDIRECCIONAL CON BANDEJON,1,CONCRETO,1,BUENO,2,HUMEDO,5,NEBLINA,0,0,0,1,1
-8133353.32166951,-4416118.96302651,958,8199,1346279,-73.063156,-36.8349005,95,CONCEPCION,1,15697,2021,1346279,REGION BIO BIO,8101,CONCEPCION,COSTANERA,PUENTE CHACABUCO,0,"COSTANERA & PUENTE CHACABUCO, CONCEPCION",CHILE,GEOMETRIC_CENTER,21625,2021,1346279,1,2021/04/28 00:00:00+00,1899/12/30 00:00:00+00,8,REGION BIO BIO,8101,CONCEPCION,70,VOLCADURA,70,VOLCADURA,1,URBANA,11,CRUCE CON SEMAFORO FUNCIONANDO,14,OTRAS CAUSAS,98,OTRAS CAUSAS,0,COSTANERA,0,PUENTE CHACABUCO,COSTANERA - PUENTE CHACABUCO,0, , , , ,2,2,2,BIDIRECCIONAL,1,CONCRETO,1,BUENO,2,HUMEDO,5,NEBLINA,0,0,0,1,1
-8133353.32166951,-4416118.96302651,959,8200,1346283,-73.063156,-36.8349005,95,CONCEPCION,1,15706,2021,1346283,REGION BIO BIO,8101,CONCEPCION,PUENTE CHACABUCO,COSTANERA,0,"PUENTE CHACABUCO & COSTANERA, CONCEPCION",CHILE,GEOMETRIC_CENTER,21637,2021,1346283,1,2021/04/28 00:00:00+00,1899/12/30 00:00:00+00,8,REGION BIO BIO,8101,CONCEPCION,32,COLISION LATERAL,30,COLISION,1,URBANA,5,PUENTE,1,IMPRUDENCIA DEL CONDUCTOR,11,ADELANTAMIENTO SIN EL ESPACIO O TIEMPO SUFICIENTE,0,PUENTE CHACABUCO,0,COSTANERA,COSTANERA - PUENTE CHACABUCO,0, , , , ,2,2,2,BIDIRECCIONAL,1,CONCRETO,1,BUENO,1,SECO,2,NUBLADO,0,0,0,0,2
-8133353.32166951,-4416118.96302651,960,8201,1350431,-73.063156,-36.8349005,95,CONCEPCION,1,16655,2021,1350431,REGION BIO BIO,8101,CONCEPCION,COSTANERA,CHACABUCO,0,"COSTANERA & CHACABUCO, CONCEPCION",CHILE,GEOMETRIC_CENTER,22980,2021,1350431,1,2021/05/05 00:00:00+00,1899/12/30 00:00:00+00,8,REGION BIO BIO,8101,CONCEPCION,33,COLISION POR ALCANCE,30,COLISION,1,URBANA,1,TRAMO DE VIA RECTA,1,IMPRUDENCIA DEL CONDUCTOR,28,CONDUCCION SIN MANTENER DISTANCIA RAZONABLE NI PRUDENTE,0,COSTANERA,0,CHACABUCO,CHACABUCO - COSTANERA,0, , , , ,2,2,2,BIDIRECCIONAL,1,CONCRETO,1,BUENO,1,SECO,1,DESPEJADO,0,0,0,0,2
-8133353.32166951,-4416118.96302651,961,8202,1356443,-73.063156,-36.8349005,95,CONCEPCION,1,22646,2021,1356443,REGION BIO BIO,8101,CONCEPCION,PUENTE CHACABUCO,COSTANERA,0,"PUENTE CHACABUCO & COSTANERA, CONCEPCION",CHILE,GEOMETRIC_CENTER,31192,2021,1356443,1,2021/06/12 00:00:00+00,1899/12/30 00:00:00+00,8,REGION BIO BIO,8101,CONCEPCION,51,CHOQUE FRONTAL,40,CHOQUE,1,URBANA,1,TRAMO DE VIA RECTA,7,VELOCIDAD IMPRUDENTE,73,"VELOCIDAD NO REDUCIR CRUCE DE CALLES, CUMBRE, CURVA, ETC.",0,PUENTE CHACABUCO,0,COSTANERA,COSTANERA - PUENTE CHACABUCO,0, , , , ,2,0,1,UNIDIRECCIONAL,1,CONCRETO,1,BUENO,3,MOJADO,1,DESPEJADO,0,0,0,0,1
-8133353.32166951,-4416118.96302651,962,8203,1366189,-73.063156,-36.8349005,95,CONCEPCION,1,28471,2021,1366189,REGION BIO BIO,8101,CONCEPCION,COSTANERA,CHACABUCO,0,"COSTANERA & CHACABUCO, CONCEPCION",CHILE,GEOMETRIC_CENTER,39336,2021,1366189,1,2021/07/18 00:00:00+00,1899/12/30 00:00:00+00,8,REGION BIO BIO,8101,CONCEPCION,32,COLISION LATERAL,30,COLISION,1,URBANA,1,TRAMO DE VIA RECTA,1,IMPRUDENCIA DEL CONDUCTOR,27,CONDUCCION NO ATENTO CONDICIONES TRANSITO MOMENTO,0,COSTANERA,0,CHACABUCO,CHACABUCO - COSTANERA,0, , , , ,2,2,2,BIDIRECCIONAL,1,CONCRETO,1,BUENO,1,SECO,1,DESPEJADO,0,0,0,0,2
-8133353.32166951,-4416118.96302651,963,8204,1397889,-73.063156,-36.8349005,95,CONCEPCION,1,48342,2021,1397889,REGION BIO BIO,8101,CONCEPCION,PUENTE CHACABUCO,COSTANERA,0,"PUENTE CHACABUCO & COSTANERA, CONCEPCION",CHILE,GEOMETRIC_CENTER,65930,2021,1397889,1,2021/11/05 00:00:00+00,1899/12/30 00:00:00+00,8,REGION BIO BIO,8101,CONCEPCION,32,COLISION LATERAL,30,COLISION,1,URBANA,5,PUENTE,1,IMPRUDENCIA DEL CONDUCTOR,27,CONDUCCION NO ATENTO CONDICIONES TRANSITO MOMENTO,0,PUENTE CHACABUCO,0,COSTANERA,COSTANERA - PUENTE CHACABUCO,0, , , , ,2,2,3,BIDIRECCIONAL CON BANDEJON,1,CONCRETO,1,BUENO,1,SECO,1,DESPEJADO,0,0,0,0,2