X,Y,FID,FID_1,LABELID,POINT_X,POINT_Y,FID_2,COMUNAREAL,VAL_COM,OBJECTID,A_O,IDACCIDENT,REGION,COD_COMUN,COMUNA,CALLE_UNO,CALLE_DOS,NUMERO,DIR_GEOCOD,PAIS,TIPO,OBJECTID_1,Año,Idaccide_1,Claseaccid,Fecha,Hora,Cód_Regi,Región,Cód_Comun,Comuna_1,Cód_Tipo_,Tipo_Accid,Cód_Tipo1,Tipo__CONA,Cód_Zona,Zona,Cód_Ubica,Ubicación,Cód_Causa,Causa__CON,Cód_Cau_1,Causa,Cód_Calle,Calle_Un_1,Cód_Cal_1,Calle_Do_1,Intersecci,Número,Ruta,Cód_Ruta,Ubicaci_1,Km_Vía_Fe,Pistas_de_,Pistas_de1,Cód_Calza,Calzada,Cód__Tipo,Tipo_Calza,Cód_Estad,Estado_Cal,Cód_Condi,Condición,Cód_Est_1,Estado_Atm,Fallecidos,Graves,Menos_Grav,Leves,Ilesos
-8132500.33607131,-4416082.00802746,964,8205,1356192,-73.0554935,-36.8346348,95,CONCEPCION,1,22265,2021,1356192,REGION BIO BIO,8101,CONCEPCION,ESMERALDA,BOMBERO FUENTES,0,"ESMERALDA & BOMBERO FUENTES, CONCEPCION",CHILE,GEOMETRIC_CENTER,30683,2021,1356192,1,2021/06/10 00:00:00+00,1899/12/30 00:00:00+00,8,REGION BIO BIO,8101,CONCEPCION,31,COLISION FRONTAL,30,COLISION,1,URBANA,1,TRAMO DE VIA RECTA,1,IMPRUDENCIA DEL CONDUCTOR,23,CONDUCCION CONTRA SENTIDO DEL TRANSITO,0,ESMERALDA,0,BOMBERO FUENTES,BOMBERO FUENTES - ESMERALDA,0, , , , ,2,0,1,UNIDIRECCIONAL,1,CONCRETO,1,BUENO,1,SECO,1,DESPEJADO,0,0,0,2,0
-8132500.33607131,-4416082.00802746,965,8206,1372798,-73.0554935,-36.8346348,95,CONCEPCION,1,34236,2021,1372798,REGION BIO BIO,8101,CONCEPCION,VICTOR LAMAS,PRAT,0,"VICTOR LAMAS & PRAT, CONCEPCION",CHILE,GEOMETRIC_CENTER,47195,2021,1372798,1,2021/08/19 00:00:00+00,1899/12/30 00:00:00+00,8,REGION BIO BIO,8101,CONCEPCION,50,CHOQUE,40,CHOQUE,1,URBANA,16,CRUCE SIN SEÑALIZACION,13,CAUSAS NO DETERMINADAS,97,CAUSAS NO DETERMINADAS,0,VICTOR LAMAS,0,PRAT,PRAT - VICTOR LAMAS,0, , , , ,1,2,2,BIDIRECCIONAL,1,CONCRETO,1,BUENO,1,SECO,3,LLUVIA,0,0,0,0,1
-8132695.96894443,-4416049.93503109,966,8207,1342969,-73.0572509,-36.8344042,95,CONCEPCION,1,13619,2021,1342969,REGION BIO BIO,8101,CONCEPCION,PADRE HURTADO,CHACABUCO,0,"PADRE HURTADO & CHACABUCO, CONCEPCION",CHILE,GEOMETRIC_CENTER,18816,2021,1342969,1,2021/04/11 00:00:00+00,1899/12/30 00:00:00+00,8,REGION BIO BIO,8101,CONCEPCION,32,COLISION LATERAL,30,COLISION,1,URBANA,11,CRUCE CON SEMAFORO FUNCIONANDO,4,ALCOHOL EN CONDUCTOR,24,CONDUCCION EN ESTADO DE EBRIEDAD,0,PADRE HURTADO,0,CHACABUCO,CHACABUCO - PADRE HURTADO,0, , , , ,2,0,1,UNIDIRECCIONAL,1,CONCRETO,1,BUENO,1,SECO,1,DESPEJADO,0,0,0,1,1
-8132695.96894443,-4416049.93503109,967,8208,1352132,-73.0572509,-36.8344042,95,CONCEPCION,1,19559,2021,1352132,REGION BIO BIO,8101,CONCEPCION,PADRE HURTADO,CHACABUCO,0,"PADRE HURTADO & CHACABUCO, CONCEPCION",CHILE,GEOMETRIC_CENTER,26936,2021,1352132,1,2021/05/24 00:00:00+00,1899/12/30 00:00:00+00,8,REGION BIO BIO,8101,CONCEPCION,10,ATROPELLO,10,ATROPELLO,1,URBANA,11,CRUCE CON SEMAFORO FUNCIONANDO,1,IMPRUDENCIA DEL CONDUCTOR,31,NO RESPETAR DERECHO PREFERENTE DE PASO A PEATON,0,PADRE HURTADO,0,CHACABUCO,CHACABUCO - PADRE HURTADO,0, , , , ,3,0,1,UNIDIRECCIONAL,1,CONCRETO,1,BUENO,1,SECO,1,DESPEJADO,0,1,0,0,1
-8132695.96894443,-4416049.93503109,968,8209,1409653,-73.0572509,-36.8344042,95,CONCEPCION,1,59100,2021,1409653,REGION BIO BIO,8101,CONCEPCION,CHACABUCO,PADRE HURTADO,0,"CHACABUCO & PADRE HURTADO, CONCEPCION",CHILE,GEOMETRIC_CENTER,80303,2021,1409653,1,2021/12/30 00:00:00+00,1899/12/30 00:00:00+00,8,REGION BIO BIO,8101,CONCEPCION,51,CHOQUE FRONTAL,40,CHOQUE,1,URBANA,11,CRUCE CON SEMAFORO FUNCIONANDO,9,PERDIDA CONTROL VEHICULO,95,PERDIDA CONTROL VEHICULO,0,CHACABUCO,0,PADRE HURTADO,CHACABUCO - PADRE HURTADO,0, , , , ,2,2,3,BIDIRECCIONAL CON BANDEJON,1,CONCRETO,1,BUENO,1,SECO,2,NUBLADO,0,0,0,0,1
-8132199.46175159,-4416023.63413354,969,8210,1371552,-73.0527907,-36.8342151,95,CONCEPCION,1,33076,2021,1371552,REGION BIO BIO,8101,CONCEPCION,VICTOR LAMAS,SALAS,0,"VICTOR LAMAS & SALAS, CONCEPCION",CHILE,GEOMETRIC_CENTER,45605,2021,1371552,1,2021/08/13 00:00:00+00,1899/12/30 00:00:00+00,8,REGION BIO BIO,8101,CONCEPCION,30,COLISION,30,COLISION,1,URBANA,26,OTROS NO CONSIDERADOS,1,IMPRUDENCIA DEL CONDUCTOR,31,NO RESPETAR DERECHO PREFERENTE DE PASO A PEATON,0,VICTOR LAMAS,0,SALAS,SALAS - VICTOR LAMAS,0, , , , ,2,0,1,UNIDIRECCIONAL,1,CONCRETO,1,BUENO,1,SECO,1,DESPEJADO,0,1,0,0,2
-8132199.46175159,-4416023.63413354,970,8211,1377931,-73.0527907,-36.8342151,95,CONCEPCION,1,37585,2021,1377931,REGION BIO BIO,8101,CONCEPCION,VICTOR LAMAS,SALAS,0,"VICTOR LAMAS & SALAS, CONCEPCION",CHILE,GEOMETRIC_CENTER,51664,2021,1377931,1,2021/09/07 00:00:00+00,1899/12/30 00:00:00+00,8,REGION BIO BIO,8101,CONCEPCION,53,CHOQUE POSTERIOR,40,CHOQUE,1,URBANA,26,OTROS NO CONSIDERADOS,1,IMPRUDENCIA DEL CONDUCTOR,27,CONDUCCION NO ATENTO CONDICIONES TRANSITO MOMENTO,0,VICTOR LAMAS,0,SALAS,SALAS - VICTOR LAMAS,0, , , , ,2,0,1,UNIDIRECCIONAL,1,CONCRETO,1,BUENO,1,SECO,1,DESPEJADO,0,0,0,0,2
-8132199.46175159,-4416023.63413354,971,8212,1397902,-73.0527907,-36.8342151,95,CONCEPCION,1,48439,2021,1397902,REGION BIO BIO,8101,CONCEPCION,VICTOR LAMAS,SALAS,0,"VICTOR LAMAS & SALAS, CONCEPCION",CHILE,GEOMETRIC_CENTER,66042,2021,1397902,1,2021/11/05 00:00:00+00,1899/12/30 00:00:00+00,8,REGION BIO BIO,8101,CONCEPCION,20,CAIDA,20,CAIDA,1,URBANA,1,TRAMO DE VIA RECTA,7,VELOCIDAD IMPRUDENTE,72,VELOCIDAD NO RAZONABLE NI PRUDENTE,0,VICTOR LAMAS,0,SALAS,SALAS - VICTOR LAMAS,0, , , , ,2,0,1,UNIDIRECCIONAL,1,CONCRETO,1,BUENO,1,SECO,1,DESPEJADO,0,0,0,3,1
-8132425.82993612,-4416020.65772723,972,8213,1372786,-73.0548242,-36.8341937,95,CONCEPCION,1,33678,2021,1372786,REGION BIO BIO,8101,CONCEPCION,CHACABUCO, ,70,"CHACABUCO 70, CONCEPCION",CHILE,RANGE_INTERPOLATED,46446,2021,1372786,1,2021/08/16 00:00:00+00,1899/12/30 00:00:00+00,8,REGION BIO BIO,8101,CONCEPCION,50,CHOQUE,40,CHOQUE,1,URBANA,26,OTROS NO CONSIDERADOS,1,IMPRUDENCIA DEL CONDUCTOR,27,CONDUCCION NO ATENTO CONDICIONES TRANSITO MOMENTO,0,CHACABUCO,0, ,- CHACABUCO,70, , , , ,1,1,2,BIDIRECCIONAL,1,CONCRETO,1,BUENO,1,SECO,2,NUBLADO,0,0,0,0,2
-8132585.29510668,-4415994.95496347,973,8214,1340609,-73.0562567,-36.8340089,95,CONCEPCION,1,9839,2021,1340609,REGION BIO BIO,8101,CONCEPCION,CHACABUCO,PRAT,0,"CHACABUCO & PRAT, CONCEPCION",CHILE,GEOMETRIC_CENTER,13702,2021,1340609,1,2021/03/11 00:00:00+00,1899/12/30 00:00:00+00,8,REGION BIO BIO,8101,CONCEPCION,30,COLISION,30,COLISION,1,URBANA,11,CRUCE CON SEMAFORO FUNCIONANDO,13,CAUSAS NO DETERMINADAS,97,CAUSAS NO DETERMINADAS,0,CHACABUCO,0,PRAT,CHACABUCO - PRAT,0, , , , ,2,2,2,BIDIRECCIONAL,2,ASFALTO,1,BUENO,1,SECO,1,DESPEJADO,0,0,0,0,1
-8132585.29510668,-4415994.95496347,974,8215,1379875,-73.0562567,-36.8340089,95,CONCEPCION,1,39191,2021,1379875,REGION BIO BIO,8101,CONCEPCION,CHACABUCO,PRAT,0,"CHACABUCO & PRAT, CONCEPCION",CHILE,GEOMETRIC_CENTER,53819,2021,1379875,1,2021/09/16 00:00:00+00,1899/12/30 00:00:00+00,8,REGION BIO BIO,8101,CONCEPCION,50,CHOQUE,40,CHOQUE,1,URBANA,11,CRUCE CON SEMAFORO FUNCIONANDO,1,IMPRUDENCIA DEL CONDUCTOR,93,CONDUCIR VEHICULO EN RETROCESO,0,CHACABUCO,0,PRAT,CHACABUCO - PRAT,0, , , , ,2,2,3,BIDIRECCIONAL CON BANDEJON,1,CONCRETO,1,BUENO,1,SECO,1,DESPEJADO,0,0,0,0,2
-8132585.29510668,-4415994.95496347,975,8216,1380851,-73.0562567,-36.8340089,95,CONCEPCION,1,39903,2021,1380851,REGION BIO BIO,8101,CONCEPCION,CHACABUCO,PRAT,0,"CHACABUCO & PRAT, CONCEPCION",CHILE,GEOMETRIC_CENTER,54820,2021,1380851,1,2021/09/20 00:00:00+00,1899/12/30 00:00:00+00,8,REGION BIO BIO,8101,CONCEPCION,10,ATROPELLO,10,ATROPELLO,1,URBANA,11,CRUCE CON SEMAFORO FUNCIONANDO,1,IMPRUDENCIA DEL CONDUCTOR,31,NO RESPETAR DERECHO PREFERENTE DE PASO A PEATON,0,CHACABUCO,0,PRAT,CHACABUCO - PRAT,0, , , , ,3,3,3,BIDIRECCIONAL CON BANDEJON,1,CONCRETO,1,BUENO,1,SECO,1,DESPEJADO,0,0,0,1,1
-8132585.29510668,-4415994.95496347,976,8217,1397877,-73.0562567,-36.8340089,95,CONCEPCION,1,44246,2021,1397877,REGION BIO BIO,8101,CONCEPCION,ARTURO PRAT,CHACABUCO,0,"ARTURO PRAT & CHACABUCO, CONCEPCION",CHILE,GEOMETRIC_CENTER,60498,2021,1397877,1,2021/10/13 00:00:00+00,1899/12/30 00:00:00+00,8,REGION BIO BIO,8101,CONCEPCION,53,CHOQUE POSTERIOR,40,CHOQUE,1,URBANA,11,CRUCE CON SEMAFORO FUNCIONANDO,1,IMPRUDENCIA DEL CONDUCTOR,28,CONDUCCION SIN MANTENER DISTANCIA RAZONABLE NI PRUDENTE,0,ARTURO PRAT,0,CHACABUCO,ARTURO PRAT - CHACABUCO,0, , , , ,4,0,1,UNIDIRECCIONAL,1,CONCRETO,1,BUENO,1,SECO,2,NUBLADO,0,0,0,0,2
-8132585.29510668,-4415994.95496347,977,8218,1400527,-73.0562567,-36.8340089,95,CONCEPCION,1,53521,2021,1400527,REGION BIO BIO,8101,CONCEPCION,ARTURO PRAT,CHACABUCO,0,"ARTURO PRAT & CHACABUCO, CONCEPCION",CHILE,GEOMETRIC_CENTER,72749,2021,1400527,1,2021/12/01 00:00:00+00,1899/12/30 00:00:00+00,8,REGION BIO BIO,8101,CONCEPCION,32,COLISION LATERAL,30,COLISION,1,URBANA,11,CRUCE CON SEMAFORO FUNCIONANDO,1,IMPRUDENCIA DEL CONDUCTOR,91,VIRAJES INDEBIDOS,0,ARTURO PRAT,0,CHACABUCO,ARTURO PRAT - CHACABUCO,0, , , , ,4,0,1,UNIDIRECCIONAL,1,CONCRETO,1,BUENO,1,SECO,2,NUBLADO,0,0,0,1,1
-8132646.57648636,-4415987.11062585,978,8219,1397899,-73.0568072,-36.8339525,95,CONCEPCION,1,48481,2021,1397899,REGION BIO BIO,8101,CONCEPCION,ARTURO PRAT, ,125,"ARTURO PRAT 125, CONCEPCION",CHILE,RANGE_INTERPOLATED,66100,2021,1397899,1,2021/11/05 00:00:00+00,1899/12/30 00:00:00+00,8,REGION BIO BIO,8101,CONCEPCION,50,CHOQUE,40,CHOQUE,1,URBANA,26,OTROS NO CONSIDERADOS,1,IMPRUDENCIA DEL CONDUCTOR,93,CONDUCIR VEHICULO EN RETROCESO,0,ARTURO PRAT,0, ,- ARTURO PRAT,125, , , , ,1,1,2,BIDIRECCIONAL,1,CONCRETO,1,BUENO,1,SECO,1,DESPEJADO,0,0,0,0,2
-8132047.66649395,-4415970.65700741,979,8220,1342796,-73.0514271,-36.8338342,95,CONCEPCION,1,13256,2021,1342796,REGION BIO BIO,8101,CONCEPCION,VICTOR LAMAS,ANGOL,0,"VICTOR LAMAS & ANGOL, CONCEPCION",CHILE,GEOMETRIC_CENTER,18321,2021,1342796,1,2021/04/08 00:00:00+00,1899/12/30 00:00:00+00,8,REGION BIO BIO,8101,CONCEPCION,33,COLISION POR ALCANCE,30,COLISION,1,URBANA,1,TRAMO DE VIA RECTA,1,IMPRUDENCIA DEL CONDUCTOR,27,CONDUCCION NO ATENTO CONDICIONES TRANSITO MOMENTO,0,VICTOR LAMAS,0,ANGOL,ANGOL - VICTOR LAMAS,0, , , , ,2,0,1,UNIDIRECCIONAL,1,CONCRETO,1,BUENO,1,SECO,3,LLUVIA,0,0,0,0,2
-8132983.89680736,-4415961.68611036,980,8221,1348663,-73.0598374,-36.8337697,95,CONCEPCION,1,17288,2021,1348663,REGION BIO BIO,8101,CONCEPCION,ERRAZURIZ, ,250,"ERRAZURIZ 250, CONCEPCION",CHILE,RANGE_INTERPOLATED,23834,2021,1348663,1,2021/05/09 00:00:00+00,1899/12/30 00:00:00+00,8,REGION BIO BIO,8101,CONCEPCION,10,ATROPELLO,10,ATROPELLO,1,URBANA,1,TRAMO DE VIA RECTA,2,IMPRUDENCIA DEL PEATON,51,PEATON PERMANECE SOBRE LA CALZADA,0,ERRAZURIZ,0, ,- ERRAZURIZ,250, , , , ,1,1,2,BIDIRECCIONAL,1,CONCRETO,1,BUENO,1,SECO,1,DESPEJADO,0,1,0,0,1
-8132710.7521728,-4415933.49389863,981,8222,1386614,-73.0573837,-36.833567,95,CONCEPCION,1,43396,2021,1386614,REGION BIO BIO,8101,CONCEPCION,ARTURO PRAT, ,199,"ARTURO PRAT 199, CONCEPCION",CHILE,RANGE_INTERPOLATED,59345,2021,1386614,1,2021/10/09 00:00:00+00,1899/12/30 00:00:00+00,8,REGION BIO BIO,8101,CONCEPCION,33,COLISION POR ALCANCE,30,COLISION,1,URBANA,1,TRAMO DE VIA RECTA,1,IMPRUDENCIA DEL CONDUCTOR,28,CONDUCCION SIN MANTENER DISTANCIA RAZONABLE NI PRUDENTE,0,ARTURO PRAT,0, ,- ARTURO PRAT,199, , , , ,4,0,1,UNIDIRECCIONAL,1,CONCRETO,1,BUENO,1,SECO,1,DESPEJADO,0,0,0,1,1
-8132433.97852285,-4415926.77617987,982,8223,1325079,-73.0548974,-36.8335187,95,CONCEPCION,1,1208,2021,1325079,REGION BIO BIO,8101,CONCEPCION,SERRANO,CHACABUCO,0,"SERRANO & CHACABUCO, CONCEPCION",CHILE,GEOMETRIC_CENTER,1635,2021,1325079,1,2021/01/08 00:00:00+00,1899/12/30 00:00:00+00,8,REGION BIO BIO,8101,CONCEPCION,34,COLISION PERPENDICULAR,30,COLISION,1,URBANA,11,CRUCE CON SEMAFORO FUNCIONANDO,10,DESOBEDIENCIA A SEÑALIZACION,62,SEÑALIZACION DESOBEDECER LUZ ROJA DE SEMAFORO,0,SERRANO,0,CHACABUCO,CHACABUCO - SERRANO,0, , , , ,2,0,1,UNIDIRECCIONAL,1,CONCRETO,1,BUENO,1,SECO,1,DESPEJADO,0,1,0,1,1
-8132433.97852285,-4415926.77617987,983,8224,1336655,-73.0548974,-36.8335187,95,CONCEPCION,1,8770,2021,1336655,REGION BIO BIO,8101,CONCEPCION,CHACABUCO,SERRANO,0,"CHACABUCO & SERRANO, CONCEPCION",CHILE,GEOMETRIC_CENTER,12269,2021,1336655,1,2021/03/04 00:00:00+00,1899/12/30 00:00:00+00,8,REGION BIO BIO,8101,CONCEPCION,34,COLISION PERPENDICULAR,30,COLISION,1,URBANA,11,CRUCE CON SEMAFORO FUNCIONANDO,10,DESOBEDIENCIA A SEÑALIZACION,62,SEÑALIZACION DESOBEDECER LUZ ROJA DE SEMAFORO,0,CHACABUCO,0,SERRANO,CHACABUCO - SERRANO,0, , , , ,2,0,1,UNIDIRECCIONAL,1,CONCRETO,1,BUENO,1,SECO,1,DESPEJADO,0,0,0,3,2
-8132433.97852285,-4415926.77617987,984,8225,1369240,-73.0548974,-36.8335187,95,CONCEPCION,1,31330,2021,1369240,REGION BIO BIO,8101,CONCEPCION,CHACABUCO,SERRANO,0,"CHACABUCO & SERRANO, CONCEPCION",CHILE,GEOMETRIC_CENTER,43271,2021,1369240,1,2021/08/04 00:00:00+00,1899/12/30 00:00:00+00,8,REGION BIO BIO,8101,CONCEPCION,34,COLISION PERPENDICULAR,30,COLISION,1,URBANA,11,CRUCE CON SEMAFORO FUNCIONANDO,10,DESOBEDIENCIA A SEÑALIZACION,62,SEÑALIZACION DESOBEDECER LUZ ROJA DE SEMAFORO,0,CHACABUCO,0,SERRANO,CHACABUCO - SERRANO,0, , , , ,3,3,3,BIDIRECCIONAL CON BANDEJON,1,CONCRETO,1,BUENO,1,SECO,1,DESPEJADO,0,0,0,1,2
-8132433.97852285,-4415926.77617987,985,8226,1370118,-73.0548974,-36.8335187,95,CONCEPCION,1,31978,2021,1370118,REGION BIO BIO,8101,CONCEPCION,SERRANO,CHACABUCO,0,"SERRANO & CHACABUCO, CONCEPCION",CHILE,GEOMETRIC_CENTER,44139,2021,1370118,1,2021/08/07 00:00:00+00,1899/12/30 00:00:00+00,8,REGION BIO BIO,8101,CONCEPCION,20,CAIDA,20,CAIDA,1,URBANA,11,CRUCE CON SEMAFORO FUNCIONANDO,3,IMPRUDENCIA DEL PASAJERO,41,PASAJERO SUBE O DESCIENDE DE VEHICULO MOVIMIENTO,0,SERRANO,0,CHACABUCO,CHACABUCO - SERRANO,0, , , , ,2,0,1,UNIDIRECCIONAL,1,CONCRETO,1,BUENO,1,SECO,2,NUBLADO,0,0,0,1,1
-8132433.97852285,-4415926.77617987,986,8227,1385527,-73.0548974,-36.8335187,95,CONCEPCION,1,42490,2021,1385527,REGION BIO BIO,8101,CONCEPCION,CHACABUCO,SERRANO,0,"CHACABUCO & SERRANO, CONCEPCION",CHILE,GEOMETRIC_CENTER,58210,2021,1385527,1,2021/10/04 00:00:00+00,1899/12/30 00:00:00+00,8,REGION BIO BIO,8101,CONCEPCION,33,COLISION POR ALCANCE,30,COLISION,1,URBANA,11,CRUCE CON SEMAFORO FUNCIONANDO,1,IMPRUDENCIA DEL CONDUCTOR,28,CONDUCCION SIN MANTENER DISTANCIA RAZONABLE NI PRUDENTE,0,CHACABUCO,0,SERRANO,CHACABUCO - SERRANO,0, , , , ,2,2,3,BIDIRECCIONAL CON BANDEJON,1,CONCRETO,1,BUENO,1,SECO,1,DESPEJADO,0,0,0,0,2
-8132607.46994925,-4415921.49102109,987,8228,1399932,-73.0564559,-36.8334807,95,CONCEPCION,0,52173,2021,1399932,REGION BIO BIO,8202,ARAUCO,LORD COCHRANE,ARTURO PRAT,0,"LORD COCHRANE & ARTURO PRAT, ARAUCO",CHILE,GEOMETRIC_CENTER,70938,2021,1399932,1,2021/11/23 00:00:00+00,1899/12/30 00:00:00+00,8,REGION BIO BIO,8202,ARAUCO,30,COLISION,30,COLISION,1,URBANA,24,ROTONDA,1,IMPRUDENCIA DEL CONDUCTOR,27,CONDUCCION NO ATENTO CONDICIONES TRANSITO MOMENTO,0,LORD COCHRANE,0,ARTURO PRAT,ARTURO PRAT - LORD COCHRANE,0, , , , ,2,0,1,UNIDIRECCIONAL,1,CONCRETO,1,BUENO,1,SECO,1,DESPEJADO,0,0,0,2,2
-8126935.17416392,-4415915.59389966,988,8229,1341234,-73.0055008,-36.8334383,95,CONCEPCION,1,12151,2021,1341234,REGION BIO BIO,8101,CONCEPCION,NONGUEN,EL VERGEL,0,"NONGUEN & EL VERGEL, CONCEPCION",CHILE,GEOMETRIC_CENTER,16812,2021,1341234,1,2021/03/29 00:00:00+00,1899/12/30 00:00:00+00,8,REGION BIO BIO,8101,CONCEPCION,30,COLISION,30,COLISION,1,URBANA,1,TRAMO DE VIA RECTA,1,IMPRUDENCIA DEL CONDUCTOR,93,CONDUCIR VEHICULO EN RETROCESO,0,NONGUEN,0,EL VERGEL,EL VERGEL - NONGUEN,0, , , , ,1,1,2,BIDIRECCIONAL,1,CONCRETO,1,BUENO,1,SECO,1,DESPEJADO,0,0,0,0,2
-8132336.51830866,-4415899.27947462,989,8230,1406193,-73.0540219,-36.833321,95,CONCEPCION,0,55896,2021,1406193,REGION BIO BIO,8105,HUALQUI,DIEGO PORTALES,SAN MARTIN,0,"DIEGO PORTALES & SAN MARTIN, HUALQUI",CHILE,GEOMETRIC_CENTER,75989,2021,1406193,1,2021/12/13 00:00:00+00,1899/12/30 00:00:00+00,8,REGION BIO BIO,8105,HUALQUI,34,COLISION PERPENDICULAR,30,COLISION,1,URBANA,14,CRUCE CON SEÑAL PARE,10,DESOBEDIENCIA A SEÑALIZACION,65,SEÑALIZACION DESOBEDECER SEÑAL PARE,0,DIEGO PORTALES,0,SAN MARTIN,DIEGO PORTALES - SAN MARTIN,0, , , , ,2,0,1,UNIDIRECCIONAL,1,CONCRETO,1,BUENO,1,SECO,1,DESPEJADO,0,0,0,0,2
-8126727.25161902,-4415891.00405119,990,8231,1366209,-73.003633,-36.8332615,95,CONCEPCION,1,28383,2021,1366209,REGION BIO BIO,8101,CONCEPCION,30 DE OCTUBRE,EL VERGEL,0,"30 DE OCTUBRE & EL VERGEL, CONCEPCION",CHILE,GEOMETRIC_CENTER,39201,2021,1366209,1,2021/07/18 00:00:00+00,1899/12/30 00:00:00+00,8,REGION BIO BIO,8101,CONCEPCION,50,CHOQUE,40,CHOQUE,1,URBANA,1,TRAMO DE VIA RECTA,9,PERDIDA CONTROL VEHICULO,95,PERDIDA CONTROL VEHICULO,0,30 DE OCTUBRE,0,EL VERGEL,30 DE OCTUBRE - EL VERGEL,0, , , , ,2,0,1,UNIDIRECCIONAL,1,CONCRETO,1,BUENO,1,SECO,1,DESPEJADO,0,0,0,0,1
-8132653.55621844,-4415879.79399208,991,8232,1379631,-73.0568699,-36.8331809,95,CONCEPCION,1,39049,2021,1379631,REGION BIO BIO,8101,CONCEPCION,ARTURO PRAT, ,199,"ARTURO PRAT 199, CONCEPCION",CHILE,RANGE_INTERPOLATED,53624,2021,1379631,1,2021/09/15 00:00:00+00,1899/12/30 00:00:00+00,8,REGION BIO BIO,8101,CONCEPCION,33,COLISION POR ALCANCE,30,COLISION,1,URBANA,1,TRAMO DE VIA RECTA,1,IMPRUDENCIA DEL CONDUCTOR,27,CONDUCCION NO ATENTO CONDICIONES TRANSITO MOMENTO,0,ARTURO PRAT,0, ,- ARTURO PRAT,199, , , , ,4,0,1,UNIDIRECCIONAL,1,CONCRETO,1,BUENO,1,SECO,1,DESPEJADO,0,0,0,0,2
-8127082.55003779,-4415870.14166776,992,8233,1372957,-73.0068247,-36.8331115,95,CONCEPCION,1,34658,2021,1372957,REGION BIO BIO,8101,CONCEPCION,DIEGO PORTALES,LOS CIPRECES,0,"DIEGO PORTALES & LOS CIPRECES, CONCEPCION",CHILE,GEOMETRIC_CENTER,47778,2021,1372957,1,2021/08/22 00:00:00+00,1899/12/30 00:00:00+00,8,REGION BIO BIO,8101,CONCEPCION,34,COLISION PERPENDICULAR,30,COLISION,1,URBANA,16,CRUCE SIN SEÑALIZACION,9,PERDIDA CONTROL VEHICULO,95,PERDIDA CONTROL VEHICULO,0,DIEGO PORTALES,0,LOS CIPRECES,DIEGO PORTALES - LOS CIPRECES,0, , , , ,1,1,2,BIDIRECCIONAL,1,CONCRETO,1,BUENO,1,SECO,1,DESPEJADO,0,0,0,0,2
-8126939.45996432,-4415867.29047853,993,8234,1380093,-73.0055393,-36.833091,95,CONCEPCION,1,39616,2021,1380093,REGION BIO BIO,8101,CONCEPCION,CAMINO NONGUEN,30 DE OCTUBRE,0,"CAMINO NONGUEN & 30 DE OCTUBRE, CONCEPCION",CHILE,GEOMETRIC_CENTER,54394,2021,1380093,1,2021/09/18 00:00:00+00,1899/12/30 00:00:00+00,8,REGION BIO BIO,8101,CONCEPCION,34,COLISION PERPENDICULAR,30,COLISION,1,URBANA,16,CRUCE SIN SEÑALIZACION,1,IMPRUDENCIA DEL CONDUCTOR,27,CONDUCCION NO ATENTO CONDICIONES TRANSITO MOMENTO,0,CAMINO NONGUEN,0,30 DE OCTUBRE,30 DE OCTUBRE - CAMINO NONGUEN,0, , , , ,1,1,2,BIDIRECCIONAL,1,CONCRETO,1,BUENO,1,SECO,1,DESPEJADO,0,0,0,0,2
-8132650.06078642,-4415860.99004847,994,8235,1351185,-73.0568385,-36.8330457,95,CONCEPCION,1,18864,2021,1351185,REGION BIO BIO,8101,CONCEPCION,ARTURO PRAT,COCHRANE,0,"ARTURO PRAT & COCHRANE, CONCEPCION",CHILE,GEOMETRIC_CENTER,25935,2021,1351185,1,2021/05/19 00:00:00+00,1899/12/30 00:00:00+00,8,REGION BIO BIO,8101,CONCEPCION,32,COLISION LATERAL,30,COLISION,1,URBANA,11,CRUCE CON SEMAFORO FUNCIONANDO,1,IMPRUDENCIA DEL CONDUCTOR,91,VIRAJES INDEBIDOS,0,ARTURO PRAT,0,COCHRANE,ARTURO PRAT - COCHRANE,0, , , , ,4,0,1,UNIDIRECCIONAL,1,CONCRETO,1,BUENO,3,MOJADO,3,LLUVIA,0,0,0,2,1
-8132650.06078642,-4415860.99004847,995,8236,1359970,-73.0568385,-36.8330457,95,CONCEPCION,1,25404,2021,1359970,REGION BIO BIO,8101,CONCEPCION,ARTURO PRAT,COCHRANE,0,"ARTURO PRAT & COCHRANE, CONCEPCION",CHILE,GEOMETRIC_CENTER,35106,2021,1359970,1,2021/07/01 00:00:00+00,1899/12/30 00:00:00+00,8,REGION BIO BIO,8101,CONCEPCION,32,COLISION LATERAL,30,COLISION,1,URBANA,11,CRUCE CON SEMAFORO FUNCIONANDO,1,IMPRUDENCIA DEL CONDUCTOR,91,VIRAJES INDEBIDOS,0,ARTURO PRAT,0,COCHRANE,ARTURO PRAT - COCHRANE,0, , , , ,4,0,1,UNIDIRECCIONAL,1,CONCRETO,1,BUENO,1,SECO,1,DESPEJADO,0,0,0,0,2