X,Y,FID,FID_1,LABELID,POINT_X,POINT_Y,FID_2,COMUNAREAL,VAL_COM,OBJECTID,A_O,IDACCIDENT,REGION,COD_COMUN,COMUNA,CALLE_UNO,CALLE_DOS,NUMERO,DIR_GEOCOD,PAIS,TIPO,OBJECTID_1,Año,Idaccide_1,Claseaccid,Fecha,Hora,Cód_Regi,Región,Cód_Comun,Comuna_1,Cód_Tipo_,Tipo_Accid,Cód_Tipo1,Tipo__CONA,Cód_Zona,Zona,Cód_Ubica,Ubicación,Cód_Causa,Causa__CON,Cód_Cau_1,Causa,Cód_Calle,Calle_Un_1,Cód_Cal_1,Calle_Do_1,Intersecci,Número,Ruta,Cód_Ruta,Ubicaci_1,Km_Vía_Fe,Pistas_de_,Pistas_de1,Cód_Calza,Calzada,Cód__Tipo,Tipo_Calza,Cód_Estad,Estado_Cal,Cód_Condi,Condición,Cód_Est_1,Estado_Atm,Fallecidos,Graves,Menos_Grav,Leves,Ilesos
-8132650.06078642,-4415860.99004847,996,8237,1367630,-73.0568385,-36.8330457,95,CONCEPCION,1,30315,2021,1367630,REGION BIO BIO,8101,CONCEPCION,ARTURO PRAT,COCHRANE,0,"ARTURO PRAT & COCHRANE, CONCEPCION",CHILE,GEOMETRIC_CENTER,41894,2021,1367630,1,2021/07/29 00:00:00+00,1899/12/30 00:00:00+00,8,REGION BIO BIO,8101,CONCEPCION,32,COLISION LATERAL,30,COLISION,1,URBANA,11,CRUCE CON SEMAFORO FUNCIONANDO,1,IMPRUDENCIA DEL CONDUCTOR,29,CONDUCCION CAMBIAR SORPRESIVAMENTE PISTA CIRCULACION,0,ARTURO PRAT,0,COCHRANE,ARTURO PRAT - COCHRANE,0, , , , ,4,0,1,UNIDIRECCIONAL,1,CONCRETO,1,BUENO,1,SECO,1,DESPEJADO,0,0,0,0,2
-8126940.78466626,-4415858.33357687,997,8238,1348286,-73.0055512,-36.8330266,95,CONCEPCION,1,16868,2021,1348286,REGION BIO BIO,8101,CONCEPCION,CAMINO NONGUEN,DIEGO PORTALES,0,"CAMINO NONGUEN & DIEGO PORTALES, CONCEPCION",CHILE,GEOMETRIC_CENTER,23261,2021,1348286,1,2021/05/06 00:00:00+00,1899/12/30 00:00:00+00,8,REGION BIO BIO,8101,CONCEPCION,10,ATROPELLO,10,ATROPELLO,1,URBANA,26,OTROS NO CONSIDERADOS,1,IMPRUDENCIA DEL CONDUCTOR,31,NO RESPETAR DERECHO PREFERENTE DE PASO A PEATON,0,CAMINO NONGUEN,0,DIEGO PORTALES,CAMINO NONGUEN - DIEGO PORTALES,0, , , , ,1,1,2,BIDIRECCIONAL,1,CONCRETO,1,BUENO,1,SECO,1,DESPEJADO,0,0,0,1,1
-8126940.78466626,-4415858.33357687,998,8239,1372777,-73.0055512,-36.8330266,95,CONCEPCION,1,33222,2021,1372777,REGION BIO BIO,8101,CONCEPCION,CAMINO NONGUEN,DIEGO PORTALES,0,"CAMINO NONGUEN & DIEGO PORTALES, CONCEPCION",CHILE,GEOMETRIC_CENTER,45798,2021,1372777,1,2021/08/14 00:00:00+00,1899/12/30 00:00:00+00,8,REGION BIO BIO,8101,CONCEPCION,31,COLISION FRONTAL,30,COLISION,1,URBANA,1,TRAMO DE VIA RECTA,4,ALCOHOL EN CONDUCTOR,21,CONDUCCION BAJO LA INFLUENCIA DEL ALCOHOL,0,CAMINO NONGUEN,0,DIEGO PORTALES,CAMINO NONGUEN - DIEGO PORTALES,0, , , , ,1,1,2,BIDIRECCIONAL,1,CONCRETO,1,BUENO,1,SECO,2,NUBLADO,0,0,0,0,2
-8132292.90333216,-4415836.26124422,999,8240,1325078,-73.0536301,-36.8328679,95,CONCEPCION,1,1124,2021,1325078,REGION BIO BIO,8101,CONCEPCION,SALAS,CHACABUCO,0,"SALAS & CHACABUCO, CONCEPCION",CHILE,GEOMETRIC_CENTER,1514,2021,1325078,1,2021/01/08 00:00:00+00,1899/12/30 00:00:00+00,8,REGION BIO BIO,8101,CONCEPCION,34,COLISION PERPENDICULAR,30,COLISION,1,URBANA,11,CRUCE CON SEMAFORO FUNCIONANDO,10,DESOBEDIENCIA A SEÑALIZACION,62,SEÑALIZACION DESOBEDECER LUZ ROJA DE SEMAFORO,0,SALAS,0,CHACABUCO,CHACABUCO - SALAS,0, , , , ,2,2,2,BIDIRECCIONAL,1,CONCRETO,1,BUENO,1,SECO,1,DESPEJADO,0,0,0,0,2
-8132292.90333216,-4415836.26124422,1000,8241,1329216,-73.0536301,-36.8328679,95,CONCEPCION,1,4183,2021,1329216,REGION BIO BIO,8101,CONCEPCION,SALAS,CHACABUCO,0,"SALAS & CHACABUCO, CONCEPCION",CHILE,GEOMETRIC_CENTER,5869,2021,1329216,1,2021/01/30 00:00:00+00,1899/12/30 00:00:00+00,8,REGION BIO BIO,8101,CONCEPCION,99,OTRO TIPO,99,OTRO TIPO,1,URBANA,11,CRUCE CON SEMAFORO FUNCIONANDO,14,OTRAS CAUSAS,98,OTRAS CAUSAS,0,SALAS,0,CHACABUCO,CHACABUCO - SALAS,0, , , , ,2,0,1,UNIDIRECCIONAL,1,CONCRETO,1,BUENO,1,SECO,1,DESPEJADO,0,0,0,0,1
-8132292.90333216,-4415836.26124422,1001,8242,1349362,-73.0536301,-36.8328679,95,CONCEPCION,1,17964,2021,1349362,REGION BIO BIO,8101,CONCEPCION,CHACABUCO,SALAS,0,"CHACABUCO & SALAS, CONCEPCION",CHILE,GEOMETRIC_CENTER,24719,2021,1349362,1,2021/05/13 00:00:00+00,1899/12/30 00:00:00+00,8,REGION BIO BIO,8101,CONCEPCION,53,CHOQUE POSTERIOR,40,CHOQUE,1,URBANA,11,CRUCE CON SEMAFORO FUNCIONANDO,1,IMPRUDENCIA DEL CONDUCTOR,28,CONDUCCION SIN MANTENER DISTANCIA RAZONABLE NI PRUDENTE,0,CHACABUCO,0,SALAS,CHACABUCO - SALAS,0, , , , ,3,3,3,BIDIRECCIONAL CON BANDEJON,1,CONCRETO,1,BUENO,1,SECO,1,DESPEJADO,0,0,0,0,2
-8132292.90333216,-4415836.26124422,1002,8243,1383104,-73.0536301,-36.8328679,95,CONCEPCION,1,41307,2021,1383104,REGION BIO BIO,8101,CONCEPCION,SALAS,CHACABUCO,0,"SALAS & CHACABUCO, CONCEPCION",CHILE,GEOMETRIC_CENTER,56635,2021,1383104,1,2021/09/28 00:00:00+00,1899/12/30 00:00:00+00,8,REGION BIO BIO,8101,CONCEPCION,20,CAIDA,20,CAIDA,1,URBANA,1,TRAMO DE VIA RECTA,3,IMPRUDENCIA DEL PASAJERO,41,PASAJERO SUBE O DESCIENDE DE VEHICULO MOVIMIENTO,0,SALAS,0,CHACABUCO,CHACABUCO - SALAS,0, , , , ,2,0,1,UNIDIRECCIONAL,1,CONCRETO,1,BUENO,1,SECO,1,DESPEJADO,0,0,0,1,1
-8126532.253267,-4415835.28767043,1003,8244,1388728,-73.0018813,-36.8328609,95,CONCEPCION,1,44876,2021,1388728,REGION BIO BIO,8101,CONCEPCION,INDEPENDENCIA, ,17,"INDEPENDENCIA 17, CONCEPCION",CHILE,RANGE_INTERPOLATED,61336,2021,1388728,1,2021/10/17 00:00:00+00,1899/12/30 00:00:00+00,8,REGION BIO BIO,8101,CONCEPCION,50,CHOQUE,40,CHOQUE,1,URBANA,1,TRAMO DE VIA RECTA,4,ALCOHOL EN CONDUCTOR,24,CONDUCCION EN ESTADO DE EBRIEDAD,0,INDEPENDENCIA,0, ,- INDEPENDENCIA,17, , , , ,1,1,2,BIDIRECCIONAL,1,CONCRETO,1,BUENO,1,SECO,1,DESPEJADO,0,0,0,0,1
-8130216.85048861,-4415833.61868699,1004,8245,1399564,-73.0349806,-36.8328489,95,CONCEPCION,1,52821,2021,1399564,REGION BIO BIO,8101,CONCEPCION,VICTORIA,CHORRILLO,0,"VICTORIA & CHORRILLO, CONCEPCION",CHILE,GEOMETRIC_CENTER,71785,2021,1399564,1,2021/11/27 00:00:00+00,1899/12/30 00:00:00+00,8,REGION BIO BIO,8101,CONCEPCION,51,CHOQUE FRONTAL,40,CHOQUE,1,URBANA,1,TRAMO DE VIA RECTA,4,ALCOHOL EN CONDUCTOR,24,CONDUCCION EN ESTADO DE EBRIEDAD,0,VICTORIA,0,CHORRILLO,CHORRILLO - VICTORIA,0, , , , ,1,1,2,BIDIRECCIONAL,1,CONCRETO,1,BUENO,1,SECO,1,DESPEJADO,0,0,0,0,1
-8126983.06380887,-4415815.69103972,1005,8246,1346325,-73.005931,-36.83272,95,CONCEPCION,1,15981,2021,1346325,REGION BIO BIO,8101,CONCEPCION,NONGUEN, ,1032,"NONGUEN 1032, CONCEPCION",CHILE,RANGE_INTERPOLATED,21999,2021,1346325,1,2021/04/30 00:00:00+00,1899/12/30 00:00:00+00,8,REGION BIO BIO,8101,CONCEPCION,32,COLISION LATERAL,30,COLISION,1,URBANA,1,TRAMO DE VIA RECTA,1,IMPRUDENCIA DEL CONDUCTOR,27,CONDUCCION NO ATENTO CONDICIONES TRANSITO MOMENTO,0,NONGUEN,0, ,- NONGUEN,1032, , , , ,1,1,2,BIDIRECCIONAL,1,CONCRETO,1,BUENO,1,SECO,2,NUBLADO,0,0,0,0,2
-8133493.6732835,-4415801.50471495,1006,8247,1367839,-73.0644168,-36.832618,95,CONCEPCION,1,30679,2021,1367839,REGION BIO BIO,8101,CONCEPCION,CENTRAL NORTE,CENTRAL SUR,0,"CENTRAL NORTE & CENTRAL SUR, CONCEPCION",CHILE,GEOMETRIC_CENTER,42418,2021,1367839,1,2021/07/31 00:00:00+00,1899/12/30 00:00:00+00,8,REGION BIO BIO,8101,CONCEPCION,34,COLISION PERPENDICULAR,30,COLISION,1,URBANA,15,CRUCE CON SEÑAL CEDA EL PASO,10,DESOBEDIENCIA A SEÑALIZACION,64,SEÑALIZACION DESOBEDECER SEÑAL CEDA EL PASO,0,CENTRAL NORTE,0,CENTRAL SUR,CENTRAL NORTE - CENTRAL SUR,0, , , , ,2,0,1,UNIDIRECCIONAL,1,CONCRETO,1,BUENO,1,SECO,1,DESPEJADO,0,0,0,5,1
-8132745.250083,-4415799.58539011,1007,8248,1391244,-73.0576936,-36.8326042,95,CONCEPCION,1,46926,2021,1391244,REGION BIO BIO,8101,CONCEPCION,ARTURO PRAT, ,289,"ARTURO PRAT 289, CONCEPCION",CHILE,RANGE_INTERPOLATED,64014,2021,1391244,1,2021/10/28 00:00:00+00,1899/12/30 00:00:00+00,8,REGION BIO BIO,8101,CONCEPCION,53,CHOQUE POSTERIOR,40,CHOQUE,1,URBANA,26,OTROS NO CONSIDERADOS,1,IMPRUDENCIA DEL CONDUCTOR,28,CONDUCCION SIN MANTENER DISTANCIA RAZONABLE NI PRUDENTE,0,ARTURO PRAT,0, ,- ARTURO PRAT,289, , , , ,4,0,1,UNIDIRECCIONAL,1,CONCRETO,1,BUENO,1,SECO,1,DESPEJADO,0,0,0,0,2
-8132886.06923885,-4415795.59375188,1008,8249,1398482,-73.0589586,-36.8325755,95,CONCEPCION,1,50022,2021,1398482,REGION BIO BIO,8101,CONCEPCION,PADRE HURTADO,SAN MARTIN,0,"PADRE HURTADO & SAN MARTIN, CONCEPCION",CHILE,GEOMETRIC_CENTER,68116,2021,1398482,1,2021/11/13 00:00:00+00,1899/12/30 00:00:00+00,8,REGION BIO BIO,8101,CONCEPCION,32,COLISION LATERAL,30,COLISION,1,URBANA,11,CRUCE CON SEMAFORO FUNCIONANDO,1,IMPRUDENCIA DEL CONDUCTOR,91,VIRAJES INDEBIDOS,0,PADRE HURTADO,0,SAN MARTIN,PADRE HURTADO - SAN MARTIN,0, , , , ,4,0,1,UNIDIRECCIONAL,1,CONCRETO,1,BUENO,1,SECO,1,DESPEJADO,0,0,0,1,2
-8132152.87454469,-4415778.04168795,1009,8250,1372807,-73.0523722,-36.8324493,95,CONCEPCION,1,34073,2021,1372807,REGION BIO BIO,8101,CONCEPCION,CHACABUCO,ANGOL,0,"CHACABUCO & ANGOL, CONCEPCION",CHILE,GEOMETRIC_CENTER,46970,2021,1372807,1,2021/08/19 00:00:00+00,1899/12/30 00:00:00+00,8,REGION BIO BIO,8101,CONCEPCION,30,COLISION,30,COLISION,1,URBANA,11,CRUCE CON SEMAFORO FUNCIONANDO,1,IMPRUDENCIA DEL CONDUCTOR,91,VIRAJES INDEBIDOS,0,CHACABUCO,0,ANGOL,ANGOL - CHACABUCO,0, , , , ,3,3,3,BIDIRECCIONAL CON BANDEJON,1,CONCRETO,1,BUENO,1,SECO,1,DESPEJADO,0,1,0,0,1
-8131622.94924072,-4415777.61053619,1010,8251,1400498,-73.0476118,-36.8324462,95,CONCEPCION,1,53353,2021,1400498,REGION BIO BIO,8101,CONCEPCION,VICTOR LAMAS,CAUPOLICAN,0,"VICTOR LAMAS & CAUPOLICAN, CONCEPCION",CHILE,GEOMETRIC_CENTER,72527,2021,1400498,1,2021/11/30 00:00:00+00,1899/12/30 00:00:00+00,8,REGION BIO BIO,8101,CONCEPCION,70,VOLCADURA,70,VOLCADURA,1,URBANA,1,TRAMO DE VIA RECTA,9,PERDIDA CONTROL VEHICULO,95,PERDIDA CONTROL VEHICULO,0,VICTOR LAMAS,0,CAUPOLICAN,CAUPOLICAN - VICTOR LAMAS,0, , , , ,2,0,1,UNIDIRECCIONAL,1,CONCRETO,1,BUENO,1,SECO,1,DESPEJADO,0,1,0,0,0
-8133565.08473685,-4415724.24520964,1011,8252,1340838,-73.0650583,-36.8320625,95,CONCEPCION,1,11786,2021,1340838,REGION BIO BIO,8101,CONCEPCION,COSTANERA,CENTRAL NORTE,0,"COSTANERA & CENTRAL NORTE, CONCEPCION",CHILE,GEOMETRIC_CENTER,16312,2021,1340838,1,2021/03/25 00:00:00+00,1899/12/30 00:00:00+00,8,REGION BIO BIO,8101,CONCEPCION,34,COLISION PERPENDICULAR,30,COLISION,1,URBANA,11,CRUCE CON SEMAFORO FUNCIONANDO,10,DESOBEDIENCIA A SEÑALIZACION,62,SEÑALIZACION DESOBEDECER LUZ ROJA DE SEMAFORO,0,COSTANERA,0,CENTRAL NORTE,CENTRAL NORTE - COSTANERA,0, , , , ,3,3,3,BIDIRECCIONAL CON BANDEJON,1,CONCRETO,1,BUENO,1,SECO,1,DESPEJADO,0,2,0,0,2
-8133565.08473685,-4415724.24520964,1012,8253,1352979,-73.0650583,-36.8320625,95,CONCEPCION,1,20567,2021,1352979,REGION BIO BIO,8101,CONCEPCION,COSTANERA,CENTRAL NORTE,0,"COSTANERA & CENTRAL NORTE, CONCEPCION",CHILE,GEOMETRIC_CENTER,28335,2021,1352979,1,2021/05/30 00:00:00+00,1899/12/30 00:00:00+00,8,REGION BIO BIO,8101,CONCEPCION,53,CHOQUE POSTERIOR,40,CHOQUE,1,URBANA,11,CRUCE CON SEMAFORO FUNCIONANDO,1,IMPRUDENCIA DEL CONDUCTOR,27,CONDUCCION NO ATENTO CONDICIONES TRANSITO MOMENTO,0,COSTANERA,0,CENTRAL NORTE,CENTRAL NORTE - COSTANERA,0, , , , ,3,3,2,BIDIRECCIONAL,1,CONCRETO,1,BUENO,3,MOJADO,4,LLOVIZNA,0,0,0,2,2
-8133565.08473685,-4415724.24520964,1013,8254,1353763,-73.0650583,-36.8320625,95,CONCEPCION,1,20776,2021,1353763,REGION BIO BIO,8101,CONCEPCION,CENTRAL NORTE,COSTANERA,0,"CENTRAL NORTE & COSTANERA, CONCEPCION",CHILE,GEOMETRIC_CENTER,28643,2021,1353763,1,2021/06/01 00:00:00+00,1899/12/30 00:00:00+00,8,REGION BIO BIO,8101,CONCEPCION,34,COLISION PERPENDICULAR,30,COLISION,1,URBANA,11,CRUCE CON SEMAFORO FUNCIONANDO,10,DESOBEDIENCIA A SEÑALIZACION,68,SEÑALIZACION DESOBEDECER LUZ INTERMITENTE SEMAFORO,0,CENTRAL NORTE,0,COSTANERA,CENTRAL NORTE - COSTANERA,0, , , , ,3,3,3,BIDIRECCIONAL CON BANDEJON,1,CONCRETO,1,BUENO,3,MOJADO,3,LLUVIA,0,0,0,1,1
-8133565.08473685,-4415724.24520964,1014,8255,1372895,-73.0650583,-36.8320625,95,CONCEPCION,1,34518,2021,1372895,REGION BIO BIO,8101,CONCEPCION,COSTANERA,CENTRAL NORTE,0,"COSTANERA & CENTRAL NORTE, CONCEPCION",CHILE,GEOMETRIC_CENTER,47584,2021,1372895,1,2021/08/21 00:00:00+00,1899/12/30 00:00:00+00,8,REGION BIO BIO,8101,CONCEPCION,34,COLISION PERPENDICULAR,30,COLISION,1,URBANA,15,CRUCE CON SEÑAL CEDA EL PASO,10,DESOBEDIENCIA A SEÑALIZACION,64,SEÑALIZACION DESOBEDECER SEÑAL CEDA EL PASO,0,COSTANERA,0,CENTRAL NORTE,CENTRAL NORTE - COSTANERA,0, , , , ,3,3,3,BIDIRECCIONAL CON BANDEJON,1,CONCRETO,1,BUENO,3,MOJADO,3,LLUVIA,0,0,0,3,1
-8133565.08473685,-4415724.24520964,1015,8256,1404896,-73.0650583,-36.8320625,95,CONCEPCION,1,54856,2021,1404896,REGION BIO BIO,8101,CONCEPCION,COSTANERA,CENTRAL NORTE,0,"COSTANERA & CENTRAL NORTE, CONCEPCION",CHILE,GEOMETRIC_CENTER,74538,2021,1404896,1,2021/12/07 00:00:00+00,1899/12/30 00:00:00+00,8,REGION BIO BIO,8101,CONCEPCION,30,COLISION,30,COLISION,1,URBANA,15,CRUCE CON SEÑAL CEDA EL PASO,10,DESOBEDIENCIA A SEÑALIZACION,64,SEÑALIZACION DESOBEDECER SEÑAL CEDA EL PASO,0,COSTANERA,0,CENTRAL NORTE,CENTRAL NORTE - COSTANERA,0, , , , ,3,3,3,BIDIRECCIONAL CON BANDEJON,1,CONCRETO,1,BUENO,1,SECO,1,DESPEJADO,0,0,0,0,2
-8132727.761791,-4415720.85164568,1016,8257,1332898,-73.0575365,-36.8320381,95,CONCEPCION,1,6312,2021,1332898,REGION BIO BIO,8101,CONCEPCION,ARTURO PRAT,SAN MARTIN,0,"ARTURO PRAT & SAN MARTIN, CONCEPCION",CHILE,GEOMETRIC_CENTER,8817,2021,1332898,1,2021/02/15 00:00:00+00,1899/12/30 00:00:00+00,8,REGION BIO BIO,8101,CONCEPCION,99,OTRO TIPO,99,OTRO TIPO,1,URBANA,11,CRUCE CON SEMAFORO FUNCIONANDO,14,OTRAS CAUSAS,98,OTRAS CAUSAS,0,ARTURO PRAT,0,SAN MARTIN,ARTURO PRAT - SAN MARTIN,0, , , , ,4,0,1,UNIDIRECCIONAL,1,CONCRETO,1,BUENO,1,SECO,1,DESPEJADO,0,0,0,0,2
-8132727.761791,-4415720.85164568,1017,8258,1342784,-73.0575365,-36.8320381,95,CONCEPCION,1,13246,2021,1342784,REGION BIO BIO,8101,CONCEPCION,ARTURO PRAT,SAN MARTIN,0,"ARTURO PRAT & SAN MARTIN, CONCEPCION",CHILE,GEOMETRIC_CENTER,18306,2021,1342784,1,2021/04/08 00:00:00+00,1899/12/30 00:00:00+00,8,REGION BIO BIO,8101,CONCEPCION,32,COLISION LATERAL,30,COLISION,1,URBANA,11,CRUCE CON SEMAFORO FUNCIONANDO,1,IMPRUDENCIA DEL CONDUCTOR,91,VIRAJES INDEBIDOS,0,ARTURO PRAT,0,SAN MARTIN,ARTURO PRAT - SAN MARTIN,0, , , , ,3,0,1,UNIDIRECCIONAL,1,CONCRETO,1,BUENO,3,MOJADO,3,LLUVIA,0,0,0,3,2
-8132727.761791,-4415720.85164568,1018,8259,1362034,-73.0575365,-36.8320381,95,CONCEPCION,1,26684,2021,1362034,REGION BIO BIO,8101,CONCEPCION,ARTURO PRAT,SAN MARTIN,0,"ARTURO PRAT & SAN MARTIN, CONCEPCION",CHILE,GEOMETRIC_CENTER,36805,2021,1362034,1,2021/07/08 00:00:00+00,1899/12/30 00:00:00+00,8,REGION BIO BIO,8101,CONCEPCION,34,COLISION PERPENDICULAR,30,COLISION,1,URBANA,11,CRUCE CON SEMAFORO FUNCIONANDO,1,IMPRUDENCIA DEL CONDUCTOR,27,CONDUCCION NO ATENTO CONDICIONES TRANSITO MOMENTO,0,ARTURO PRAT,0,SAN MARTIN,ARTURO PRAT - SAN MARTIN,0, , , , ,4,0,1,UNIDIRECCIONAL,1,CONCRETO,1,BUENO,2,HUMEDO,2,NUBLADO,0,0,0,1,1
-8132727.761791,-4415720.85164568,1019,8260,1366196,-73.0575365,-36.8320381,95,CONCEPCION,1,28428,2021,1366196,REGION BIO BIO,8101,CONCEPCION,ARTURO PRAT,SAN MARTIN,0,"ARTURO PRAT & SAN MARTIN, CONCEPCION",CHILE,GEOMETRIC_CENTER,39275,2021,1366196,1,2021/07/18 00:00:00+00,1899/12/30 00:00:00+00,8,REGION BIO BIO,8101,CONCEPCION,34,COLISION PERPENDICULAR,30,COLISION,1,URBANA,11,CRUCE CON SEMAFORO FUNCIONANDO,10,DESOBEDIENCIA A SEÑALIZACION,62,SEÑALIZACION DESOBEDECER LUZ ROJA DE SEMAFORO,0,ARTURO PRAT,0,SAN MARTIN,ARTURO PRAT - SAN MARTIN,0, , , , ,2,0,1,UNIDIRECCIONAL,1,CONCRETO,1,BUENO,1,SECO,1,DESPEJADO,0,0,0,1,1
-8132727.761791,-4415720.85164568,1020,8261,1375044,-73.0575365,-36.8320381,95,CONCEPCION,1,35671,2021,1375044,REGION BIO BIO,8101,CONCEPCION,ARTURO PRAT,SAN MARTIN,0,"ARTURO PRAT & SAN MARTIN, CONCEPCION",CHILE,GEOMETRIC_CENTER,49099,2021,1375044,1,2021/08/27 00:00:00+00,1899/12/30 00:00:00+00,8,REGION BIO BIO,8101,CONCEPCION,33,COLISION POR ALCANCE,30,COLISION,1,URBANA,11,CRUCE CON SEMAFORO FUNCIONANDO,1,IMPRUDENCIA DEL CONDUCTOR,28,CONDUCCION SIN MANTENER DISTANCIA RAZONABLE NI PRUDENTE,0,ARTURO PRAT,0,SAN MARTIN,ARTURO PRAT - SAN MARTIN,0, , , , ,3,0,1,UNIDIRECCIONAL,1,CONCRETO,1,BUENO,3,MOJADO,3,LLUVIA,0,0,0,0,2
-8132727.761791,-4415720.85164568,1021,8262,1377351,-73.0575365,-36.8320381,95,CONCEPCION,1,36726,2021,1377351,REGION BIO BIO,8101,CONCEPCION,SAN MARTIN,PRAT,0,"SAN MARTIN & PRAT, CONCEPCION",CHILE,GEOMETRIC_CENTER,50500,2021,1377351,1,2021/09/03 00:00:00+00,1899/12/30 00:00:00+00,8,REGION BIO BIO,8101,CONCEPCION,33,COLISION POR ALCANCE,30,COLISION,1,URBANA,11,CRUCE CON SEMAFORO FUNCIONANDO,1,IMPRUDENCIA DEL CONDUCTOR,28,CONDUCCION SIN MANTENER DISTANCIA RAZONABLE NI PRUDENTE,0,SAN MARTIN,0,PRAT,PRAT - SAN MARTIN,0, , , , ,3,0,1,UNIDIRECCIONAL,1,CONCRETO,1,BUENO,1,SECO,1,DESPEJADO,0,0,0,2,1
-8132727.761791,-4415720.85164568,1022,8263,1379863,-73.0575365,-36.8320381,95,CONCEPCION,1,39063,2021,1379863,REGION BIO BIO,8101,CONCEPCION,ARTURO PRAT,SAN MARTIN,0,"ARTURO PRAT & SAN MARTIN, CONCEPCION",CHILE,GEOMETRIC_CENTER,53643,2021,1379863,1,2021/09/15 00:00:00+00,1899/12/30 00:00:00+00,8,REGION BIO BIO,8101,CONCEPCION,32,COLISION LATERAL,30,COLISION,1,URBANA,26,OTROS NO CONSIDERADOS,1,IMPRUDENCIA DEL CONDUCTOR,27,CONDUCCION NO ATENTO CONDICIONES TRANSITO MOMENTO,0,ARTURO PRAT,0,SAN MARTIN,ARTURO PRAT - SAN MARTIN,0, , , , ,4,0,1,UNIDIRECCIONAL,1,CONCRETO,1,BUENO,1,SECO,1,DESPEJADO,0,0,0,0,2
-8132727.761791,-4415720.85164568,1023,8264,1391243,-73.0575365,-36.8320381,95,CONCEPCION,1,46932,2021,1391243,REGION BIO BIO,8101,CONCEPCION,ARTURO PRAT,SAN MARTIN,0,"ARTURO PRAT & SAN MARTIN, CONCEPCION",CHILE,GEOMETRIC_CENTER,64021,2021,1391243,1,2021/10/28 00:00:00+00,1899/12/30 00:00:00+00,8,REGION BIO BIO,8101,CONCEPCION,32,COLISION LATERAL,30,COLISION,1,URBANA,1,TRAMO DE VIA RECTA,1,IMPRUDENCIA DEL CONDUCTOR,29,CONDUCCION CAMBIAR SORPRESIVAMENTE PISTA CIRCULACION,0,ARTURO PRAT,0,SAN MARTIN,ARTURO PRAT - SAN MARTIN,0, , , , ,4,0,1,UNIDIRECCIONAL,1,CONCRETO,1,BUENO,1,SECO,1,DESPEJADO,0,0,0,0,2
-8132727.761791,-4415720.85164568,1024,8265,1397895,-73.0575365,-36.8320381,95,CONCEPCION,1,48447,2021,1397895,REGION BIO BIO,8101,CONCEPCION,ARTURO PRAT,SAN MARTIN,0,"ARTURO PRAT & SAN MARTIN, CONCEPCION",CHILE,GEOMETRIC_CENTER,66051,2021,1397895,1,2021/11/05 00:00:00+00,1899/12/30 00:00:00+00,8,REGION BIO BIO,8101,CONCEPCION,10,ATROPELLO,10,ATROPELLO,1,URBANA,11,CRUCE CON SEMAFORO FUNCIONANDO,1,IMPRUDENCIA DEL CONDUCTOR,31,NO RESPETAR DERECHO PREFERENTE DE PASO A PEATON,0,ARTURO PRAT,0,SAN MARTIN,ARTURO PRAT - SAN MARTIN,0, , , , ,4,0,1,UNIDIRECCIONAL,1,CONCRETO,1,BUENO,1,SECO,1,DESPEJADO,0,1,0,0,1
-8132727.761791,-4415720.85164568,1025,8266,1406204,-73.0575365,-36.8320381,95,CONCEPCION,1,56571,2021,1406204,REGION BIO BIO,8101,CONCEPCION,SAN MARTIN,PRAT,0,"SAN MARTIN & PRAT, CONCEPCION",CHILE,GEOMETRIC_CENTER,76866,2021,1406204,1,2021/12/16 00:00:00+00,1899/12/30 00:00:00+00,8,REGION BIO BIO,8101,CONCEPCION,52,CHOQUE LATERAL,40,CHOQUE,1,URBANA,11,CRUCE CON SEMAFORO FUNCIONANDO,1,IMPRUDENCIA DEL CONDUCTOR,27,CONDUCCION NO ATENTO CONDICIONES TRANSITO MOMENTO,0,SAN MARTIN,0,PRAT,PRAT - SAN MARTIN,0, , , , ,2,0,1,UNIDIRECCIONAL,1,CONCRETO,1,BUENO,1,SECO,1,DESPEJADO,0,0,0,2,1
-8132356.95656717,-4415709.711306,1026,8267,1329147,-73.0542055,-36.831958,95,CONCEPCION,1,3438,2021,1329147,REGION BIO BIO,8101,CONCEPCION,COCHRANE,SALAS,0,"COCHRANE & SALAS, CONCEPCION",CHILE,GEOMETRIC_CENTER,4738,2021,1329147,1,2021/01/25 00:00:00+00,1899/12/30 00:00:00+00,8,REGION BIO BIO,8101,CONCEPCION,34,COLISION PERPENDICULAR,30,COLISION,1,URBANA,11,CRUCE CON SEMAFORO FUNCIONANDO,10,DESOBEDIENCIA A SEÑALIZACION,62,SEÑALIZACION DESOBEDECER LUZ ROJA DE SEMAFORO,0,COCHRANE,0,SALAS,COCHRANE - SALAS,0, , , , ,2,0,1,UNIDIRECCIONAL,1,CONCRETO,1,BUENO,1,SECO,1,DESPEJADO,0,0,0,1,1
-8131303.60701748,-4415708.57084741,1027,8268,1386620,-73.0447431,-36.8319498,95,CONCEPCION,1,43799,2021,1386620,REGION BIO BIO,8101,CONCEPCION,VETERANOS DEL 79,COLO COLO,0,"VETERANOS DEL 79 & COLO COLO, CONCEPCION",CHILE,GEOMETRIC_CENTER,59917,2021,1386620,1,2021/10/11 00:00:00+00,1899/12/30 00:00:00+00,8,REGION BIO BIO,8101,CONCEPCION,50,CHOQUE,40,CHOQUE,1,URBANA,26,OTROS NO CONSIDERADOS,1,IMPRUDENCIA DEL CONDUCTOR,27,CONDUCCION NO ATENTO CONDICIONES TRANSITO MOMENTO,0,VETERANOS DEL 79,0,COLO COLO,COLO COLO - VETERANOS DEL 79,0, , , , ,1,1,2,BIDIRECCIONAL,1,CONCRETO,1,BUENO,1,SECO,1,DESPEJADO,0,0,0,0,2