X,Y,FID,FID_1,LABELID,POINT_X,POINT_Y,FID_2,COMUNAREAL,VAL_COM,OBJECTID,A_O,IDACCIDENT,REGION,COD_COMUN,COMUNA,CALLE_UNO,CALLE_DOS,NUMERO,DIR_GEOCOD,PAIS,TIPO,OBJECTID_1,Año,Idaccide_1,Claseaccid,Fecha,Hora,Cód_Regi,Región,Cód_Comun,Comuna_1,Cód_Tipo_,Tipo_Accid,Cód_Tipo1,Tipo__CONA,Cód_Zona,Zona,Cód_Ubica,Ubicación,Cód_Causa,Causa__CON,Cód_Cau_1,Causa,Cód_Calle,Calle_Un_1,Cód_Cal_1,Calle_Do_1,Intersecci,Número,Ruta,Cód_Ruta,Ubicaci_1,Km_Vía_Fe,Pistas_de_,Pistas_de1,Cód_Calza,Calzada,Cód__Tipo,Tipo_Calza,Cód_Estad,Estado_Cal,Cód_Condi,Condición,Cód_Est_1,Estado_Atm,Fallecidos,Graves,Menos_Grav,Leves,Ilesos
-8131480.48255641,-4415703.41096924,1028,8269,1350862,-73.046332,-36.8319127,95,CONCEPCION,1,18657,2021,1350862,REGION BIO BIO,8101,CONCEPCION,VICTOR LAMAS,ANIBAL PINTO,0,"VICTOR LAMAS & ANIBAL PINTO, CONCEPCION",CHILE,GEOMETRIC_CENTER,25650,2021,1350862,1,2021/05/18 00:00:00+00,1899/12/30 00:00:00+00,8,REGION BIO BIO,8101,CONCEPCION,34,COLISION PERPENDICULAR,30,COLISION,1,URBANA,26,OTROS NO CONSIDERADOS,1,IMPRUDENCIA DEL CONDUCTOR,27,CONDUCCION NO ATENTO CONDICIONES TRANSITO MOMENTO,0,VICTOR LAMAS,0,ANIBAL PINTO,ANIBAL PINTO - VICTOR LAMAS,0, , , , ,2,0,1,UNIDIRECCIONAL,1,CONCRETO,1,BUENO,1,SECO,2,NUBLADO,0,0,0,1,1
-8131480.48255641,-4415703.41096924,1029,8270,1369542,-73.046332,-36.8319127,95,CONCEPCION,1,31757,2021,1369542,REGION BIO BIO,8101,CONCEPCION,ANIBAL PINTO,VICTOR LAMAS,0,"ANIBAL PINTO & VICTOR LAMAS, CONCEPCION",CHILE,GEOMETRIC_CENTER,43823,2021,1369542,1,2021/08/06 00:00:00+00,1899/12/30 00:00:00+00,8,REGION BIO BIO,8101,CONCEPCION,53,CHOQUE POSTERIOR,40,CHOQUE,1,URBANA,1,TRAMO DE VIA RECTA,1,IMPRUDENCIA DEL CONDUCTOR,27,CONDUCCION NO ATENTO CONDICIONES TRANSITO MOMENTO,0,ANIBAL PINTO,0,VICTOR LAMAS,ANIBAL PINTO - VICTOR LAMAS,0, , , , ,2,0,1,UNIDIRECCIONAL,1,CONCRETO,1,BUENO,1,SECO,1,DESPEJADO,0,0,0,0,2
-8131480.48255641,-4415703.41096924,1030,8271,1383705,-73.046332,-36.8319127,95,CONCEPCION,1,41248,2021,1383705,REGION BIO BIO,8101,CONCEPCION,VICTOR LAMAS,ANIBAL PINTO,0,"VICTOR LAMAS & ANIBAL PINTO, CONCEPCION",CHILE,GEOMETRIC_CENTER,56565,2021,1383705,1,2021/09/28 00:00:00+00,1899/12/30 00:00:00+00,8,REGION BIO BIO,8101,CONCEPCION,10,ATROPELLO,10,ATROPELLO,1,URBANA,26,OTROS NO CONSIDERADOS,1,IMPRUDENCIA DEL CONDUCTOR,31,NO RESPETAR DERECHO PREFERENTE DE PASO A PEATON,0,VICTOR LAMAS,0,ANIBAL PINTO,ANIBAL PINTO - VICTOR LAMAS,0, , , , ,2,0,1,UNIDIRECCIONAL,1,CONCRETO,1,BUENO,1,SECO,2,NUBLADO,0,0,1,0,1
-8131480.48255641,-4415703.41096924,1031,8272,1383596,-73.046332,-36.8319127,95,CONCEPCION,1,41250,2021,1383596,REGION BIO BIO,8101,CONCEPCION,VICTOR LAMAS,ANIBAL PINTO,0,"VICTOR LAMAS & ANIBAL PINTO, CONCEPCION",CHILE,GEOMETRIC_CENTER,56567,2021,1383596,1,2021/09/28 00:00:00+00,1899/12/30 00:00:00+00,8,REGION BIO BIO,8101,CONCEPCION,10,ATROPELLO,10,ATROPELLO,1,URBANA,1,TRAMO DE VIA RECTA,7,VELOCIDAD IMPRUDENTE,73,"VELOCIDAD NO REDUCIR CRUCE DE CALLES, CUMBRE, CURVA, ETC.",0,VICTOR LAMAS,0,ANIBAL PINTO,ANIBAL PINTO - VICTOR LAMAS,0, , , , ,2,0,1,UNIDIRECCIONAL,1,CONCRETO,1,BUENO,1,SECO,1,DESPEJADO,0,0,1,0,1
-8132017.36532855,-4415698.80741429,1032,8273,1372814,-73.0511549,-36.8318796,95,CONCEPCION,1,34312,2021,1372814,REGION BIO BIO,8101,CONCEPCION,CHACABUCO,LINCOYAN,0,"CHACABUCO & LINCOYAN, CONCEPCION",CHILE,GEOMETRIC_CENTER,47298,2021,1372814,1,2021/08/20 00:00:00+00,1899/12/30 00:00:00+00,8,REGION BIO BIO,8101,CONCEPCION,52,CHOQUE LATERAL,40,CHOQUE,1,URBANA,11,CRUCE CON SEMAFORO FUNCIONANDO,1,IMPRUDENCIA DEL CONDUCTOR,14,ADELANTAMIENTO SOBREPASANDO LINEA CONTINUA,0,CHACABUCO,0,LINCOYAN,CHACABUCO - LINCOYAN,0, , , , ,3,3,2,BIDIRECCIONAL,1,CONCRETO,1,BUENO,1,SECO,2,NUBLADO,0,0,0,0,2
-8130623.85681085,-4415685.67825338,1033,8274,1383597,-73.0386368,-36.8317852,95,CONCEPCION,1,40703,2021,1383597,REGION BIO BIO,8101,CONCEPCION,VICTORIA, ,1204,"VICTORIA 1204, CONCEPCION",CHILE,RANGE_INTERPOLATED,55862,2021,1383597,1,2021/09/25 00:00:00+00,1899/12/30 00:00:00+00,8,REGION BIO BIO,8101,CONCEPCION,50,CHOQUE,40,CHOQUE,1,URBANA,1,TRAMO DE VIA RECTA,1,IMPRUDENCIA DEL CONDUCTOR,27,CONDUCCION NO ATENTO CONDICIONES TRANSITO MOMENTO,0,VICTORIA,0, ,- VICTORIA,1204, , , , ,1,1,2,BIDIRECCIONAL,1,CONCRETO,1,BUENO,1,SECO,2,NUBLADO,0,0,0,0,1
-8133588.01655195,-4415685.60871337,1034,8275,1385553,-73.0652643,-36.8317847,95,CONCEPCION,1,42416,2021,1385553,REGION BIO BIO,8101,CONCEPCION,CALETERA COSTANERA,CENTRAL NORTE,0,"CALETERA COSTANERA & CENTRAL NORTE, CONCEPCION",CHILE,GEOMETRIC_CENTER,58115,2021,1385553,1,2021/10/04 00:00:00+00,1899/12/30 00:00:00+00,8,REGION BIO BIO,8101,CONCEPCION,34,COLISION PERPENDICULAR,30,COLISION,1,URBANA,11,CRUCE CON SEMAFORO FUNCIONANDO,1,IMPRUDENCIA DEL CONDUCTOR,27,CONDUCCION NO ATENTO CONDICIONES TRANSITO MOMENTO,0,CALETERA COSTANERA,0,CENTRAL NORTE,CALETERA COSTANERA - CENTRAL NORTE,0, , , , ,1,0,1,UNIDIRECCIONAL,1,CONCRETO,1,BUENO,1,SECO,1,DESPEJADO,0,0,1,0,1
-8132779.29158329,-4415677.23610021,1035,8276,1339496,-73.0579994,-36.8317245,95,CONCEPCION,0,10823,2021,1339496,REGION BIO BIO,8304,LAJA,ARTURO PRAT, ,345,"ARTURO PRAT 345, LAJA",CHILE,RANGE_INTERPOLATED,15030,2021,1339496,1,2021/03/18 00:00:00+00,1899/12/30 00:00:00+00,8,REGION BIO BIO,8304,LAJA,32,COLISION LATERAL,30,COLISION,1,URBANA,1,TRAMO DE VIA RECTA,1,IMPRUDENCIA DEL CONDUCTOR,11,ADELANTAMIENTO SIN EL ESPACIO O TIEMPO SUFICIENTE,0,ARTURO PRAT,0, ,- ARTURO PRAT,345, , , , ,1,1,2,BIDIRECCIONAL,1,CONCRETO,1,BUENO,1,SECO,1,DESPEJADO,0,0,0,1,1
-8132779.29158329,-4415677.23610021,1036,8277,1345571,-73.0579994,-36.8317245,95,CONCEPCION,0,14433,2021,1345571,REGION BIO BIO,8304,LAJA,PRAT, ,345,"PRAT 345, LAJA",CHILE,RANGE_INTERPOLATED,19896,2021,1345571,1,2021/04/18 00:00:00+00,1899/12/30 00:00:00+00,8,REGION BIO BIO,8304,LAJA,63,CHOQUE FRENTE/POSTERIOR,40,CHOQUE,1,URBANA,1,TRAMO DE VIA RECTA,1,IMPRUDENCIA DEL CONDUCTOR,27,CONDUCCION NO ATENTO CONDICIONES TRANSITO MOMENTO,0,PRAT,0, ,- PRAT,345, , , , ,1,1,2,BIDIRECCIONAL,1,CONCRETO,1,BUENO,1,SECO,1,DESPEJADO,0,0,0,0,2
-8133436.67770422,-4415665.30305164,1037,8278,1349356,-73.0639048,-36.8316387,95,CONCEPCION,1,17825,2021,1349356,REGION BIO BIO,8101,CONCEPCION,CENTRAL NORTE,ZA??ªARTU,0,"CENTRAL NORTE & ZA??ªARTU, CONCEPCION",CHILE,GEOMETRIC_CENTER,24545,2021,1349356,1,2021/05/13 00:00:00+00,1899/12/30 00:00:00+00,8,REGION BIO BIO,8101,CONCEPCION,34,COLISION PERPENDICULAR,30,COLISION,1,URBANA,26,OTROS NO CONSIDERADOS,1,IMPRUDENCIA DEL CONDUCTOR,27,CONDUCCION NO ATENTO CONDICIONES TRANSITO MOMENTO,0,CENTRAL NORTE,0,ZAÑARTU,CENTRAL NORTE - ZAÑARTU,0, , , , ,2,0,1,UNIDIRECCIONAL,1,CONCRETO,1,BUENO,1,SECO,1,DESPEJADO,0,0,0,1,1
-8133436.67770422,-4415665.30305164,1038,8279,1352896,-73.0639048,-36.8316387,95,CONCEPCION,1,20270,2021,1352896,REGION BIO BIO,8101,CONCEPCION,ZA??ªARTU,CENTRAL NORTE,0,"ZA??ªARTU & CENTRAL NORTE, CONCEPCION",CHILE,GEOMETRIC_CENTER,27923,2021,1352896,1,2021/05/28 00:00:00+00,1899/12/30 00:00:00+00,8,REGION BIO BIO,8101,CONCEPCION,34,COLISION PERPENDICULAR,30,COLISION,1,URBANA,15,CRUCE CON SEÑAL CEDA EL PASO,1,IMPRUDENCIA DEL CONDUCTOR,27,CONDUCCION NO ATENTO CONDICIONES TRANSITO MOMENTO,0,ZAÑARTU,0,CENTRAL NORTE,CENTRAL NORTE - ZAÑARTU,0, , , , ,1,1,2,BIDIRECCIONAL,1,CONCRETO,1,BUENO,1,SECO,2,NUBLADO,0,0,0,0,2
-8133436.67770422,-4415665.30305164,1039,8280,1399523,-73.0639048,-36.8316387,95,CONCEPCION,1,52265,2021,1399523,REGION BIO BIO,8101,CONCEPCION,CENTRAL NORTE,ZA??ªARTU,0,"CENTRAL NORTE & ZA??ªARTU, CONCEPCION",CHILE,GEOMETRIC_CENTER,71058,2021,1399523,1,2021/11/24 00:00:00+00,1899/12/30 00:00:00+00,8,REGION BIO BIO,8101,CONCEPCION,32,COLISION LATERAL,30,COLISION,1,URBANA,16,CRUCE SIN SEÑALIZACION,1,IMPRUDENCIA DEL CONDUCTOR,27,CONDUCCION NO ATENTO CONDICIONES TRANSITO MOMENTO,0,CENTRAL NORTE,0,ZAÑARTU,CENTRAL NORTE - ZAÑARTU,0, , , , ,2,0,1,UNIDIRECCIONAL,1,CONCRETO,1,BUENO,1,SECO,2,NUBLADO,0,0,0,1,2
-8133638.05466306,-4415650.68578077,1040,8281,1371449,-73.0657138,-36.8315336,95,CONCEPCION,1,32764,2021,1371449,REGION BIO BIO,8101,CONCEPCION,COSTANERA,FREIRE,0,"COSTANERA & FREIRE, CONCEPCION",CHILE,GEOMETRIC_CENTER,45202,2021,1371449,1,2021/08/11 00:00:00+00,1899/12/30 00:00:00+00,8,REGION BIO BIO,8101,CONCEPCION,33,COLISION POR ALCANCE,30,COLISION,1,URBANA,14,CRUCE CON SEÑAL PARE,4,ALCOHOL EN CONDUCTOR,24,CONDUCCION EN ESTADO DE EBRIEDAD,0,COSTANERA,0,FREIRE,COSTANERA - FREIRE,0, , , , ,3,3,3,BIDIRECCIONAL CON BANDEJON,1,CONCRETO,1,BUENO,1,SECO,1,DESPEJADO,0,0,0,1,1
-8133638.05466306,-4415650.68578077,1041,8282,1386091,-73.0657138,-36.8315336,95,CONCEPCION,1,43052,2021,1386091,REGION BIO BIO,8101,CONCEPCION,FREIRE PONIENTE,COSTANERA,0,"FREIRE PONIENTE & COSTANERA, CONCEPCION",CHILE,GEOMETRIC_CENTER,58898,2021,1386091,1,2021/10/07 00:00:00+00,1899/12/30 00:00:00+00,8,REGION BIO BIO,8101,CONCEPCION,31,COLISION FRONTAL,30,COLISION,1,URBANA,1,TRAMO DE VIA RECTA,1,IMPRUDENCIA DEL CONDUCTOR,23,CONDUCCION CONTRA SENTIDO DEL TRANSITO,0,FREIRE PONIENTE,0,COSTANERA,COSTANERA - FREIRE PONIENTE,0, , , , ,2,0,1,UNIDIRECCIONAL,1,CONCRETO,1,BUENO,1,SECO,1,DESPEJADO,0,0,0,1,1
-8127498.43965539,-4415647.00017331,1042,8283,1340794,-73.0105607,-36.8315071,95,CONCEPCION,1,11523,2021,1340794,REGION BIO BIO,8101,CONCEPCION,SANTIAGO AMENGUAL,NUEVA UNO,0,"SANTIAGO AMENGUAL & NUEVA UNO, CONCEPCION",CHILE,GEOMETRIC_CENTER,15970,2021,1340794,1,2021/03/23 00:00:00+00,1899/12/30 00:00:00+00,8,REGION BIO BIO,8101,CONCEPCION,32,COLISION LATERAL,30,COLISION,1,URBANA,16,CRUCE SIN SEÑALIZACION,1,IMPRUDENCIA DEL CONDUCTOR,27,CONDUCCION NO ATENTO CONDICIONES TRANSITO MOMENTO,0,SANTIAGO AMENGUAL,0,NUEVA UNO,NUEVA UNO - SANTIAGO AMENGUAL,0, , , , ,2,0,1,UNIDIRECCIONAL,1,CONCRETO,1,BUENO,1,SECO,1,DESPEJADO,0,0,0,0,2
-8132575.74389437,-4415642.71652548,1043,8284,1386093,-73.0561709,-36.8314763,95,CONCEPCION,1,43081,2021,1386093,REGION BIO BIO,8101,CONCEPCION,SERRANO,SAN MARTIN,0,"SERRANO & SAN MARTIN, CONCEPCION",CHILE,GEOMETRIC_CENTER,58934,2021,1386093,1,2021/10/07 00:00:00+00,1899/12/30 00:00:00+00,8,REGION BIO BIO,8101,CONCEPCION,34,COLISION PERPENDICULAR,30,COLISION,1,URBANA,11,CRUCE CON SEMAFORO FUNCIONANDO,10,DESOBEDIENCIA A SEÑALIZACION,62,SEÑALIZACION DESOBEDECER LUZ ROJA DE SEMAFORO,0,SERRANO,0,SAN MARTIN,SAN MARTIN - SERRANO,0, , , , ,2,0,1,UNIDIRECCIONAL,1,CONCRETO,1,BUENO,1,SECO,1,DESPEJADO,0,0,0,0,2
-8132575.74389437,-4415642.71652548,1044,8285,1398663,-73.0561709,-36.8314763,95,CONCEPCION,1,51115,2021,1398663,REGION BIO BIO,8101,CONCEPCION,SAN MARTIN,SERRANO,0,"SAN MARTIN & SERRANO, CONCEPCION",CHILE,GEOMETRIC_CENTER,69551,2021,1398663,1,2021/11/18 00:00:00+00,1899/12/30 00:00:00+00,8,REGION BIO BIO,8101,CONCEPCION,34,COLISION PERPENDICULAR,30,COLISION,1,URBANA,11,CRUCE CON SEMAFORO FUNCIONANDO,10,DESOBEDIENCIA A SEÑALIZACION,62,SEÑALIZACION DESOBEDECER LUZ ROJA DE SEMAFORO,0,SAN MARTIN,0,SERRANO,SAN MARTIN - SERRANO,0, , , , ,2,0,1,UNIDIRECCIONAL,1,CONCRETO,1,BUENO,1,SECO,1,DESPEJADO,0,0,0,0,2
-8132224.46410922,-4415641.31182316,1045,8286,1397187,-73.0530153,-36.8314662,95,CONCEPCION,1,47839,2021,1397187,REGION BIO BIO,8101,CONCEPCION,ANGOL,COCHRANE,0,"ANGOL & COCHRANE, CONCEPCION",CHILE,GEOMETRIC_CENTER,65271,2021,1397187,1,2021/11/02 00:00:00+00,1899/12/30 00:00:00+00,8,REGION BIO BIO,8101,CONCEPCION,34,COLISION PERPENDICULAR,30,COLISION,1,URBANA,11,CRUCE CON SEMAFORO FUNCIONANDO,10,DESOBEDIENCIA A SEÑALIZACION,62,SEÑALIZACION DESOBEDECER LUZ ROJA DE SEMAFORO,0,ANGOL,0,COCHRANE,ANGOL - COCHRANE,0, , , , ,2,0,1,UNIDIRECCIONAL,1,CONCRETO,1,BUENO,1,SECO,1,DESPEJADO,0,0,0,0,2
-8132224.46410922,-4415641.31182316,1046,8287,1397912,-73.0530153,-36.8314662,95,CONCEPCION,1,48535,2021,1397912,REGION BIO BIO,8101,CONCEPCION,COCHRANE,ANGOL,0,"COCHRANE & ANGOL, CONCEPCION",CHILE,GEOMETRIC_CENTER,66174,2021,1397912,1,2021/11/05 00:00:00+00,1899/12/30 00:00:00+00,8,REGION BIO BIO,8101,CONCEPCION,34,COLISION PERPENDICULAR,30,COLISION,1,URBANA,11,CRUCE CON SEMAFORO FUNCIONANDO,10,DESOBEDIENCIA A SEÑALIZACION,62,SEÑALIZACION DESOBEDECER LUZ ROJA DE SEMAFORO,0,COCHRANE,0,ANGOL,ANGOL - COCHRANE,0, , , , ,2,0,1,UNIDIRECCIONAL,1,CONCRETO,1,BUENO,1,SECO,1,DESPEJADO,0,0,0,0,2
-8131343.16996451,-4415631.72925484,1047,8288,1329159,-73.0450985,-36.8313973,95,CONCEPCION,1,3779,2021,1329159,REGION BIO BIO,8101,CONCEPCION,COLO COLO,VICTOR LAMAS,0,"COLO COLO & VICTOR LAMAS, CONCEPCION",CHILE,GEOMETRIC_CENTER,5226,2021,1329159,1,2021/01/27 00:00:00+00,1899/12/30 00:00:00+00,8,REGION BIO BIO,8101,CONCEPCION,53,CHOQUE POSTERIOR,40,CHOQUE,1,URBANA,14,CRUCE CON SEÑAL PARE,1,IMPRUDENCIA DEL CONDUCTOR,27,CONDUCCION NO ATENTO CONDICIONES TRANSITO MOMENTO,0,COLO COLO,0,VICTOR LAMAS,COLO COLO - VICTOR LAMAS,0, , , , ,2,0,1,UNIDIRECCIONAL,1,CONCRETO,1,BUENO,1,SECO,1,DESPEJADO,0,0,0,1,1
-8127458.87670836,-4415629.60134172,1048,8289,1369226,-73.0102053,-36.831382,95,CONCEPCION,1,30750,2021,1369226,REGION BIO BIO,8101,CONCEPCION,NUEVA UNO, ,156,"NUEVA UNO 156, CONCEPCION",CHILE,RANGE_INTERPOLATED,42510,2021,1369226,1,2021/08/01 00:00:00+00,1899/12/30 00:00:00+00,8,REGION BIO BIO,8101,CONCEPCION,50,CHOQUE,40,CHOQUE,1,URBANA,1,TRAMO DE VIA RECTA,4,ALCOHOL EN CONDUCTOR,24,CONDUCCION EN ESTADO DE EBRIEDAD,0,NUEVA UNO,0, ,- NUEVA UNO,156, , , , ,1,1,2,BIDIRECCIONAL,1,CONCRETO,1,BUENO,1,SECO,1,DESPEJADO,0,0,0,0,2
-8127467.81566347,-4415628.68341854,1049,8290,1366092,-73.0102856,-36.8313754,95,CONCEPCION,1,28103,2021,1366092,REGION BIO BIO,8101,CONCEPCION,NUEVA UNO,PASAJE SEIS,0,"NUEVA UNO & PASAJE SEIS, CONCEPCION",CHILE,GEOMETRIC_CENTER,38819,2021,1366092,1,2021/07/16 00:00:00+00,1899/12/30 00:00:00+00,8,REGION BIO BIO,8101,CONCEPCION,50,CHOQUE,40,CHOQUE,1,URBANA,1,TRAMO DE VIA RECTA,1,IMPRUDENCIA DEL CONDUCTOR,27,CONDUCCION NO ATENTO CONDICIONES TRANSITO MOMENTO,0,NUEVA UNO,0,PASAJE SEIS,NUEVA UNO - PASAJE SEIS,0, , , , ,1,1,2,BIDIRECCIONAL,1,CONCRETO,1,BUENO,1,SECO,2,NUBLADO,0,0,0,0,2
-8131871.91528188,-4415623.56530287,1050,8291,1391247,-73.0498483,-36.8313386,95,CONCEPCION,1,47093,2021,1391247,REGION BIO BIO,8101,CONCEPCION,CHACABUCO,RENGO,0,"CHACABUCO & RENGO, CONCEPCION",CHILE,GEOMETRIC_CENTER,64244,2021,1391247,1,2021/10/29 00:00:00+00,1899/12/30 00:00:00+00,8,REGION BIO BIO,8101,CONCEPCION,63,CHOQUE FRENTE/POSTERIOR,40,CHOQUE,1,URBANA,11,CRUCE CON SEMAFORO FUNCIONANDO,1,IMPRUDENCIA DEL CONDUCTOR,27,CONDUCCION NO ATENTO CONDICIONES TRANSITO MOMENTO,0,CHACABUCO,0,RENGO,CHACABUCO - RENGO,0, , , , ,3,3,3,BIDIRECCIONAL CON BANDEJON,1,CONCRETO,1,BUENO,1,SECO,1,DESPEJADO,0,0,0,0,3
-8133426.88158903,-4415618.22466306,1051,8292,1329045,-73.0638168,-36.8313002,95,CONCEPCION,1,1454,2021,1329045,REGION BIO BIO,8101,CONCEPCION,LOS CARRERA PONIENTE, ,301,"LOS CARRERA PONIENTE 301, CONCEPCION",CHILE,RANGE_INTERPOLATED,2014,2021,1329045,1,2021/01/11 00:00:00+00,1899/12/30 00:00:00+00,8,REGION BIO BIO,8101,CONCEPCION,53,CHOQUE POSTERIOR,40,CHOQUE,1,URBANA,11,CRUCE CON SEMAFORO FUNCIONANDO,1,IMPRUDENCIA DEL CONDUCTOR,28,CONDUCCION SIN MANTENER DISTANCIA RAZONABLE NI PRUDENTE,0,LOS CARRERA PONIENTE,0, ,- LOS CARRERA PONIENTE,301, , , , ,3,3,3,BIDIRECCIONAL CON BANDEJON,1,CONCRETO,1,BUENO,1,SECO,1,DESPEJADO,0,0,0,0,2
-8133426.88158903,-4415618.22466306,1052,8293,1329055,-73.0638168,-36.8313002,95,CONCEPCION,1,3308,2021,1329055,REGION BIO BIO,8101,CONCEPCION,LOS CARRERA PONIENTE, ,301,"LOS CARRERA PONIENTE 301, CONCEPCION",CHILE,RANGE_INTERPOLATED,4546,2021,1329055,1,2021/01/23 00:00:00+00,1899/12/30 00:00:00+00,8,REGION BIO BIO,8101,CONCEPCION,50,CHOQUE,40,CHOQUE,1,URBANA,26,OTROS NO CONSIDERADOS,10,DESOBEDIENCIA A SEÑALIZACION,66,SEÑALIZACION DESOBEDECER OTRA,0,LOS CARRERA PONIENTE,0, ,- LOS CARRERA PONIENTE,301, , , , ,1,1,2,BIDIRECCIONAL,1,CONCRETO,1,BUENO,1,SECO,1,DESPEJADO,0,0,0,0,1
-8133426.88158903,-4415618.22466306,1053,8294,1346268,-73.0638168,-36.8313002,95,CONCEPCION,1,15515,2021,1346268,REGION BIO BIO,8101,CONCEPCION,LOS CARRERA PONIENTE, ,301,"LOS CARRERA PONIENTE 301, CONCEPCION",CHILE,RANGE_INTERPOLATED,21365,2021,1346268,1,2021/04/26 00:00:00+00,1899/12/30 00:00:00+00,8,REGION BIO BIO,8101,CONCEPCION,50,CHOQUE,40,CHOQUE,1,URBANA,26,OTROS NO CONSIDERADOS,1,IMPRUDENCIA DEL CONDUCTOR,93,CONDUCIR VEHICULO EN RETROCESO,0,LOS CARRERA PONIENTE,0, ,- LOS CARRERA PONIENTE,301, , , , ,1,1,2,BIDIRECCIONAL,1,CONCRETO,1,BUENO,1,SECO,1,DESPEJADO,0,0,0,0,2
-8133426.88158903,-4415618.22466306,1054,8295,1356188,-73.0638168,-36.8313002,95,CONCEPCION,1,22150,2021,1356188,REGION BIO BIO,8101,CONCEPCION,LOS CARRERA PONIENTE, ,301,"LOS CARRERA PONIENTE 301, CONCEPCION",CHILE,RANGE_INTERPOLATED,30528,2021,1356188,1,2021/06/09 00:00:00+00,1899/12/30 00:00:00+00,8,REGION BIO BIO,8101,CONCEPCION,10,ATROPELLO,10,ATROPELLO,1,URBANA,26,OTROS NO CONSIDERADOS,2,IMPRUDENCIA DEL PEATON,52,PEATON CRUZA CALZADA FORMA SORPRESIVA O DESCUIDADA,0,LOS CARRERA PONIENTE,0, ,- LOS CARRERA PONIENTE,301, , , , ,3,3,3,BIDIRECCIONAL CON BANDEJON,1,CONCRETO,1,BUENO,1,SECO,2,NUBLADO,0,0,0,1,1
-8133426.88158903,-4415618.22466306,1055,8296,1361913,-73.0638168,-36.8313002,95,CONCEPCION,1,26199,2021,1361913,REGION BIO BIO,8101,CONCEPCION,LOS CARRERA PONIENTE, ,301,"LOS CARRERA PONIENTE 301, CONCEPCION",CHILE,RANGE_INTERPOLATED,36155,2021,1361913,1,2021/07/05 00:00:00+00,1899/12/30 00:00:00+00,8,REGION BIO BIO,8101,CONCEPCION,50,CHOQUE,40,CHOQUE,1,URBANA,26,OTROS NO CONSIDERADOS,1,IMPRUDENCIA DEL CONDUCTOR,27,CONDUCCION NO ATENTO CONDICIONES TRANSITO MOMENTO,0,LOS CARRERA PONIENTE,0, ,- LOS CARRERA PONIENTE,301, , , , ,1,1,2,BIDIRECCIONAL,1,CONCRETO,1,BUENO,1,SECO,1,DESPEJADO,0,0,0,0,2
-8133426.88158903,-4415618.22466306,1056,8297,1363326,-73.0638168,-36.8313002,95,CONCEPCION,1,27457,2021,1363326,REGION BIO BIO,8101,CONCEPCION,LOS CARRERA PONIENTE, ,301,"LOS CARRERA PONIENTE 301, CONCEPCION",CHILE,RANGE_INTERPOLATED,37889,2021,1363326,1,2021/07/12 00:00:00+00,1899/12/30 00:00:00+00,8,REGION BIO BIO,8101,CONCEPCION,32,COLISION LATERAL,30,COLISION,1,URBANA,1,TRAMO DE VIA RECTA,1,IMPRUDENCIA DEL CONDUCTOR,29,CONDUCCION CAMBIAR SORPRESIVAMENTE PISTA CIRCULACION,0,LOS CARRERA PONIENTE,0, ,- LOS CARRERA PONIENTE,301, , , , ,3,3,3,BIDIRECCIONAL CON BANDEJON,1,CONCRETO,1,BUENO,1,SECO,1,DESPEJADO,0,0,0,0,2
-8133426.88158903,-4415618.22466306,1057,8298,1366776,-73.0638168,-36.8313002,95,CONCEPCION,1,29748,2021,1366776,REGION BIO BIO,8101,CONCEPCION,LOS CARRERA PONIENTE, ,301,"LOS CARRERA PONIENTE 301, CONCEPCION",CHILE,RANGE_INTERPOLATED,41160,2021,1366776,1,2021/07/26 00:00:00+00,1899/12/30 00:00:00+00,8,REGION BIO BIO,8101,CONCEPCION,50,CHOQUE,40,CHOQUE,1,URBANA,26,OTROS NO CONSIDERADOS,1,IMPRUDENCIA DEL CONDUCTOR,27,CONDUCCION NO ATENTO CONDICIONES TRANSITO MOMENTO,0,LOS CARRERA PONIENTE,0, ,- LOS CARRERA PONIENTE,301, , , , ,1,1,2,BIDIRECCIONAL,1,CONCRETO,1,BUENO,1,SECO,1,DESPEJADO,0,0,0,0,1
-8133426.88158903,-4415618.22466306,1058,8299,1390318,-73.0638168,-36.8313002,95,CONCEPCION,1,46425,2021,1390318,REGION BIO BIO,8101,CONCEPCION,LOS CARRERA PONIENTE, ,301,"LOS CARRERA PONIENTE 301, CONCEPCION",CHILE,RANGE_INTERPOLATED,63403,2021,1390318,1,2021/10/25 00:00:00+00,1899/12/30 00:00:00+00,8,REGION BIO BIO,8101,CONCEPCION,50,CHOQUE,40,CHOQUE,1,URBANA,26,OTROS NO CONSIDERADOS,1,IMPRUDENCIA DEL CONDUCTOR,27,CONDUCCION NO ATENTO CONDICIONES TRANSITO MOMENTO,0,LOS CARRERA PONIENTE,0, ,- LOS CARRERA PONIENTE,301, , , , ,1,1,2,BIDIRECCIONAL,1,CONCRETO,1,BUENO,1,SECO,1,DESPEJADO,0,0,0,0,2