X,Y,FID,FID_1,LABELID,POINT_X,POINT_Y,FID_2,COMUNAREAL,VAL_COM,OBJECTID,A_O,IDACCIDENT,REGION,COD_COMUN,COMUNA,CALLE_UNO,CALLE_DOS,NUMERO,DIR_GEOCOD,PAIS,TIPO,OBJECTID_1,Año,Idaccide_1,Claseaccid,Fecha,Hora,Cód_Regi,Región,Cód_Comun,Comuna_1,Cód_Tipo_,Tipo_Accid,Cód_Tipo1,Tipo__CONA,Cód_Zona,Zona,Cód_Ubica,Ubicación,Cód_Causa,Causa__CON,Cód_Cau_1,Causa,Cód_Calle,Calle_Un_1,Cód_Cal_1,Calle_Do_1,Intersecci,Número,Ruta,Cód_Ruta,Ubicaci_1,Km_Vía_Fe,Pistas_de_,Pistas_de1,Cód_Calza,Calzada,Cód__Tipo,Tipo_Calza,Cód_Estad,Estado_Cal,Cód_Condi,Condición,Cód_Est_1,Estado_Atm,Fallecidos,Graves,Menos_Grav,Leves,Ilesos
-8133426.88158903,-4415618.22466306,1059,8300,1398469,-73.0638168,-36.8313002,95,CONCEPCION,1,49565,2021,1398469,REGION BIO BIO,8101,CONCEPCION,LOS CARRERA PONIENTE, ,301,"LOS CARRERA PONIENTE 301, CONCEPCION",CHILE,RANGE_INTERPOLATED,67530,2021,1398469,1,2021/11/11 00:00:00+00,1899/12/30 00:00:00+00,8,REGION BIO BIO,8101,CONCEPCION,50,CHOQUE,40,CHOQUE,1,URBANA,26,OTROS NO CONSIDERADOS,1,IMPRUDENCIA DEL CONDUCTOR,27,CONDUCCION NO ATENTO CONDICIONES TRANSITO MOMENTO,0,LOS CARRERA PONIENTE,0, ,- LOS CARRERA PONIENTE,301, , , , ,1,1,2,BIDIRECCIONAL,1,CONCRETO,1,BUENO,1,SECO,1,DESPEJADO,0,0,0,0,2
-8133426.88158903,-4415618.22466306,1060,8301,1407221,-73.0638168,-36.8313002,95,CONCEPCION,1,55866,2021,1407221,REGION BIO BIO,8101,CONCEPCION,LOS CARRERA, ,301,"LOS CARRERA 301, CONCEPCION",CHILE,RANGE_INTERPOLATED,75952,2021,1407221,1,2021/12/13 00:00:00+00,1899/12/30 00:00:00+00,8,REGION BIO BIO,8101,CONCEPCION,52,CHOQUE LATERAL,40,CHOQUE,1,URBANA,1,TRAMO DE VIA RECTA,1,IMPRUDENCIA DEL CONDUCTOR,27,CONDUCCION NO ATENTO CONDICIONES TRANSITO MOMENTO,0,LOS CARRERA,0, ,- LOS CARRERA,301, , , , ,2,0,1,UNIDIRECCIONAL,2,ASFALTO,1,BUENO,1,SECO,1,DESPEJADO,0,0,0,0,1
-8126372.23149899,-4415617.48754371,1061,8302,1372550,-73.0004438,-36.8312949,95,CONCEPCION,1,33773,2021,1372550,REGION BIO BIO,8101,CONCEPCION,LOS LINGUES, ,210,"LOS LINGUES 210, CONCEPCION",CHILE,RANGE_INTERPOLATED,46583,2021,1372550,1,2021/08/17 00:00:00+00,1899/12/30 00:00:00+00,8,REGION BIO BIO,8101,CONCEPCION,50,CHOQUE,40,CHOQUE,1,URBANA,1,TRAMO DE VIA RECTA,1,IMPRUDENCIA DEL CONDUCTOR,27,CONDUCCION NO ATENTO CONDICIONES TRANSITO MOMENTO,0,LOS LINGUES,0, ,- LOS LINGUES,210, , , , ,2,0,1,UNIDIRECCIONAL,1,CONCRETO,1,BUENO,1,SECO,1,DESPEJADO,0,0,0,0,1
-8131771.44944144,-4415603.05114114,1062,8303,1357310,-73.0489458,-36.8311911,95,CONCEPCION,1,23314,2021,1357310,REGION BIO BIO,8101,CONCEPCION,CHACABUCO, ,562,"CHACABUCO 562, CONCEPCION",CHILE,RANGE_INTERPOLATED,32125,2021,1357310,1,2021/06/16 00:00:00+00,1899/12/30 00:00:00+00,8,REGION BIO BIO,8101,CONCEPCION,33,COLISION POR ALCANCE,30,COLISION,1,URBANA,1,TRAMO DE VIA RECTA,4,ALCOHOL EN CONDUCTOR,24,CONDUCCION EN ESTADO DE EBRIEDAD,0,CHACABUCO,0, ,- CHACABUCO,562, , , , ,3,3,2,BIDIRECCIONAL,1,CONCRETO,1,BUENO,1,SECO,1,DESPEJADO,0,0,0,0,2
-8132785.42528723,-4415583.48275391,1063,8304,1331998,-73.0580545,-36.8310504,95,CONCEPCION,1,5713,2021,1331998,REGION BIO BIO,8101,CONCEPCION,ARTURO PRAT,O'HIGGINS,0,"ARTURO PRAT & O'HIGGINS, CONCEPCION",CHILE,GEOMETRIC_CENTER,7978,2021,1331998,1,2021/02/11 00:00:00+00,1899/12/30 00:00:00+00,8,REGION BIO BIO,8101,CONCEPCION,10,ATROPELLO,10,ATROPELLO,1,URBANA,11,CRUCE CON SEMAFORO FUNCIONANDO,1,IMPRUDENCIA DEL CONDUCTOR,31,NO RESPETAR DERECHO PREFERENTE DE PASO A PEATON,0,ARTURO PRAT,0,O'HIGGINS,ARTURO PRAT - O'HIGGINS,0, , , , ,4,0,1,UNIDIRECCIONAL,1,CONCRETO,1,BUENO,1,SECO,2,NUBLADO,0,0,0,1,1
-8132785.42528723,-4415583.48275391,1064,8305,1362047,-73.0580545,-36.8310504,95,CONCEPCION,1,26973,2021,1362047,REGION BIO BIO,8101,CONCEPCION,O'HIGGINS,PRAT,0,"O'HIGGINS & PRAT, CONCEPCION",CHILE,GEOMETRIC_CENTER,37185,2021,1362047,1,2021/07/09 00:00:00+00,1899/12/30 00:00:00+00,8,REGION BIO BIO,8101,CONCEPCION,32,COLISION LATERAL,30,COLISION,1,URBANA,11,CRUCE CON SEMAFORO FUNCIONANDO,1,IMPRUDENCIA DEL CONDUCTOR,28,CONDUCCION SIN MANTENER DISTANCIA RAZONABLE NI PRUDENTE,0,O'HIGGINS,0,PRAT,O'HIGGINS - PRAT,0, , , , ,3,0,1,UNIDIRECCIONAL,1,CONCRETO,1,BUENO,1,SECO,3,LLUVIA,0,0,0,0,2
-8132785.42528723,-4415583.48275391,1065,8306,1376492,-73.0580545,-36.8310504,95,CONCEPCION,1,36333,2021,1376492,REGION BIO BIO,8101,CONCEPCION,O'HIGGINS,PRAT,0,"O'HIGGINS & PRAT, CONCEPCION",CHILE,GEOMETRIC_CENTER,50010,2021,1376492,1,2021/09/01 00:00:00+00,1899/12/30 00:00:00+00,8,REGION BIO BIO,8101,CONCEPCION,10,ATROPELLO,10,ATROPELLO,1,URBANA,11,CRUCE CON SEMAFORO FUNCIONANDO,1,IMPRUDENCIA DEL CONDUCTOR,31,NO RESPETAR DERECHO PREFERENTE DE PASO A PEATON,0,O'HIGGINS,0,PRAT,O'HIGGINS - PRAT,0, , , , ,4,0,1,UNIDIRECCIONAL,1,CONCRETO,1,BUENO,1,SECO,1,DESPEJADO,0,1,0,0,1
-8132785.42528723,-4415583.48275391,1066,8307,1378799,-73.0580545,-36.8310504,95,CONCEPCION,1,37844,2021,1378799,REGION BIO BIO,8101,CONCEPCION,O'HIGGINS,PRAT,0,"O'HIGGINS & PRAT, CONCEPCION",CHILE,GEOMETRIC_CENTER,52008,2021,1378799,1,2021/09/08 00:00:00+00,1899/12/30 00:00:00+00,8,REGION BIO BIO,8101,CONCEPCION,53,CHOQUE POSTERIOR,40,CHOQUE,1,URBANA,11,CRUCE CON SEMAFORO FUNCIONANDO,1,IMPRUDENCIA DEL CONDUCTOR,28,CONDUCCION SIN MANTENER DISTANCIA RAZONABLE NI PRUDENTE,0,O'HIGGINS,0,PRAT,O'HIGGINS - PRAT,0, , , , ,4,0,1,UNIDIRECCIONAL,1,CONCRETO,1,BUENO,1,SECO,1,DESPEJADO,0,0,0,0,2
-8132785.42528723,-4415583.48275391,1067,8308,1397844,-73.0580545,-36.8310504,95,CONCEPCION,1,48053,2021,1397844,REGION BIO BIO,8101,CONCEPCION,ARTURO PRAT,O'HIGGINS,0,"ARTURO PRAT & O'HIGGINS, CONCEPCION",CHILE,GEOMETRIC_CENTER,65552,2021,1397844,1,2021/11/03 00:00:00+00,1899/12/30 00:00:00+00,8,REGION BIO BIO,8101,CONCEPCION,32,COLISION LATERAL,30,COLISION,1,URBANA,11,CRUCE CON SEMAFORO FUNCIONANDO,1,IMPRUDENCIA DEL CONDUCTOR,29,CONDUCCION CAMBIAR SORPRESIVAMENTE PISTA CIRCULACION,0,ARTURO PRAT,0,O'HIGGINS,ARTURO PRAT - O'HIGGINS,0, , , , ,4,0,1,UNIDIRECCIONAL,1,CONCRETO,1,BUENO,1,SECO,1,DESPEJADO,0,1,0,0,1
-8132785.42528723,-4415583.48275391,1068,8309,1398041,-73.0580545,-36.8310504,95,CONCEPCION,1,48972,2021,1398041,REGION BIO BIO,8101,CONCEPCION,O'HIGGINS,PRAT,0,"O'HIGGINS & PRAT, CONCEPCION",CHILE,GEOMETRIC_CENTER,66772,2021,1398041,1,2021/11/08 00:00:00+00,1899/12/30 00:00:00+00,8,REGION BIO BIO,8101,CONCEPCION,30,COLISION,30,COLISION,1,URBANA,1,TRAMO DE VIA RECTA,1,IMPRUDENCIA DEL CONDUCTOR,28,CONDUCCION SIN MANTENER DISTANCIA RAZONABLE NI PRUDENTE,0,O'HIGGINS,0,PRAT,O'HIGGINS - PRAT,0, , , , ,4,0,1,UNIDIRECCIONAL,1,CONCRETO,1,BUENO,1,SECO,1,DESPEJADO,0,0,0,0,2
-8132081.56327889,-4415567.36354795,1069,8310,1382419,-73.0517316,-36.8309345,95,CONCEPCION,1,38119,2021,1382419,REGION BIO BIO,8101,CONCEPCION,LINCOYAN,COCHRANE,0,"LINCOYAN & COCHRANE, CONCEPCION",CHILE,GEOMETRIC_CENTER,52359,2021,1382419,1,2021/09/10 00:00:00+00,1899/12/30 00:00:00+00,8,REGION BIO BIO,8101,CONCEPCION,32,COLISION LATERAL,30,COLISION,1,URBANA,1,TRAMO DE VIA RECTA,1,IMPRUDENCIA DEL CONDUCTOR,14,ADELANTAMIENTO SOBREPASANDO LINEA CONTINUA,0,LINCOYAN,0,COCHRANE,COCHRANE - LINCOYAN,0, , , , ,2,0,1,UNIDIRECCIONAL,1,CONCRETO,1,BUENO,1,SECO,1,DESPEJADO,0,0,0,0,2
-8132081.56327889,-4415567.36354795,1070,8311,1380650,-73.0517316,-36.8309345,95,CONCEPCION,1,39842,2021,1380650,REGION BIO BIO,8101,CONCEPCION,LINCOYAN,COCHRANE,0,"LINCOYAN & COCHRANE, CONCEPCION",CHILE,GEOMETRIC_CENTER,54740,2021,1380650,1,2021/09/20 00:00:00+00,1899/12/30 00:00:00+00,8,REGION BIO BIO,8101,CONCEPCION,34,COLISION PERPENDICULAR,30,COLISION,1,URBANA,11,CRUCE CON SEMAFORO FUNCIONANDO,10,DESOBEDIENCIA A SEÑALIZACION,62,SEÑALIZACION DESOBEDECER LUZ ROJA DE SEMAFORO,0,LINCOYAN,0,COCHRANE,COCHRANE - LINCOYAN,0, , , , ,2,0,1,UNIDIRECCIONAL,1,CONCRETO,1,BUENO,1,SECO,1,DESPEJADO,0,0,0,0,2
-8127101.85283749,-4415566.4317223,1071,8312,1330183,-73.0069981,-36.8309278,95,CONCEPCION,1,4433,2021,1330183,REGION BIO BIO,8101,CONCEPCION,RIO MAPOCHO,RIO LOA,0,"RIO MAPOCHO & RIO LOA, CONCEPCION",CHILE,GEOMETRIC_CENTER,6223,2021,1330183,1,2021/02/01 00:00:00+00,1899/12/30 00:00:00+00,8,REGION BIO BIO,8101,CONCEPCION,34,COLISION PERPENDICULAR,30,COLISION,1,URBANA,16,CRUCE SIN SEÑALIZACION,1,IMPRUDENCIA DEL CONDUCTOR,27,CONDUCCION NO ATENTO CONDICIONES TRANSITO MOMENTO,0,RIO MAPOCHO,0,RIO LOA,RIO LOA - RIO MAPOCHO,0, , , , ,1,1,2,BIDIRECCIONAL,1,CONCRETO,1,BUENO,1,SECO,1,DESPEJADO,0,0,0,0,2
-8131191.5416861,-4415561.53616199,1072,8313,1367611,-73.0437364,-36.8308926,95,CONCEPCION,1,23078,2021,1367611,REGION BIO BIO,8101,CONCEPCION,VICTOR LAMAS,CASTELLON,0,"VICTOR LAMAS & CASTELLON, CONCEPCION",CHILE,GEOMETRIC_CENTER,31809,2021,1367611,1,2021/06/15 00:00:00+00,1899/12/30 00:00:00+00,8,REGION BIO BIO,8101,CONCEPCION,53,CHOQUE POSTERIOR,40,CHOQUE,1,URBANA,26,OTROS NO CONSIDERADOS,1,IMPRUDENCIA DEL CONDUCTOR,28,CONDUCCION SIN MANTENER DISTANCIA RAZONABLE NI PRUDENTE,0,VICTOR LAMAS,0,CASTELLON,CASTELLON - VICTOR LAMAS,0, , , , ,2,0,1,UNIDIRECCIONAL,1,CONCRETO,1,BUENO,1,SECO,1,DESPEJADO,0,0,0,0,2
-8132238.18980244,-4415551.80067944,1073,8314,1397885,-73.0531386,-36.8308226,95,CONCEPCION,1,48256,2021,1397885,REGION BIO BIO,8101,CONCEPCION,ANGOL, ,246,"ANGOL 246, CONCEPCION",CHILE,RANGE_INTERPOLATED,65818,2021,1397885,1,2021/11/04 00:00:00+00,1899/12/30 00:00:00+00,8,REGION BIO BIO,8101,CONCEPCION,50,CHOQUE,40,CHOQUE,1,URBANA,1,TRAMO DE VIA RECTA,1,IMPRUDENCIA DEL CONDUCTOR,27,CONDUCCION NO ATENTO CONDICIONES TRANSITO MOMENTO,0,ANGOL,0, ,- ANGOL,246, , , , ,2,0,1,UNIDIRECCIONAL,1,CONCRETO,1,BUENO,1,SECO,1,DESPEJADO,0,0,0,0,2
-8131737.67510793,-4415550.66023778,1074,8315,1356434,-73.0486424,-36.8308144,95,CONCEPCION,1,22507,2021,1356434,REGION BIO BIO,8101,CONCEPCION,CAUPOLICAN,CHACABUCO,0,"CAUPOLICAN & CHACABUCO, CONCEPCION",CHILE,GEOMETRIC_CENTER,31004,2021,1356434,1,2021/06/11 00:00:00+00,1899/12/30 00:00:00+00,8,REGION BIO BIO,8101,CONCEPCION,10,ATROPELLO,10,ATROPELLO,1,URBANA,11,CRUCE CON SEMAFORO FUNCIONANDO,1,IMPRUDENCIA DEL CONDUCTOR,31,NO RESPETAR DERECHO PREFERENTE DE PASO A PEATON,0,CAUPOLICAN,0,CHACABUCO,CAUPOLICAN - CHACABUCO,0, , , , ,2,0,1,UNIDIRECCIONAL,1,CONCRETO,1,BUENO,1,SECO,1,DESPEJADO,0,0,0,1,1
-8131737.67510793,-4415550.66023778,1075,8316,1358542,-73.0486424,-36.8308144,95,CONCEPCION,1,24540,2021,1358542,REGION BIO BIO,8101,CONCEPCION,CAUPOLICAN,CHACABUCO,0,"CAUPOLICAN & CHACABUCO, CONCEPCION",CHILE,GEOMETRIC_CENTER,33833,2021,1358542,1,2021/06/24 00:00:00+00,1899/12/30 00:00:00+00,8,REGION BIO BIO,8101,CONCEPCION,10,ATROPELLO,10,ATROPELLO,1,URBANA,11,CRUCE CON SEMAFORO FUNCIONANDO,1,IMPRUDENCIA DEL CONDUCTOR,31,NO RESPETAR DERECHO PREFERENTE DE PASO A PEATON,0,CAUPOLICAN,0,CHACABUCO,CAUPOLICAN - CHACABUCO,0, , , , ,3,3,3,BIDIRECCIONAL CON BANDEJON,1,CONCRETO,1,BUENO,3,MOJADO,3,LLUVIA,0,0,0,1,1
-8131737.67510793,-4415550.66023778,1076,8317,1361974,-73.0486424,-36.8308144,95,CONCEPCION,1,26373,2021,1361974,REGION BIO BIO,8101,CONCEPCION,CHACABUCO,CAUPOLICAN,0,"CHACABUCO & CAUPOLICAN, CONCEPCION",CHILE,GEOMETRIC_CENTER,36381,2021,1361974,1,2021/07/06 00:00:00+00,1899/12/30 00:00:00+00,8,REGION BIO BIO,8101,CONCEPCION,32,COLISION LATERAL,30,COLISION,1,URBANA,11,CRUCE CON SEMAFORO FUNCIONANDO,1,IMPRUDENCIA DEL CONDUCTOR,11,ADELANTAMIENTO SIN EL ESPACIO O TIEMPO SUFICIENTE,0,CHACABUCO,0,CAUPOLICAN,CAUPOLICAN - CHACABUCO,0, , , , ,2,0,1,UNIDIRECCIONAL,1,CONCRETO,1,BUENO,1,SECO,2,NUBLADO,0,0,0,0,2
-8131737.67510793,-4415550.66023778,1077,8318,1372923,-73.0486424,-36.8308144,95,CONCEPCION,1,34512,2021,1372923,REGION BIO BIO,8101,CONCEPCION,CHACABUCO,CAUPOLICAN,0,"CHACABUCO & CAUPOLICAN, CONCEPCION",CHILE,GEOMETRIC_CENTER,47571,2021,1372923,1,2021/08/21 00:00:00+00,1899/12/30 00:00:00+00,8,REGION BIO BIO,8101,CONCEPCION,34,COLISION PERPENDICULAR,30,COLISION,1,URBANA,11,CRUCE CON SEMAFORO FUNCIONANDO,10,DESOBEDIENCIA A SEÑALIZACION,62,SEÑALIZACION DESOBEDECER LUZ ROJA DE SEMAFORO,0,CHACABUCO,0,CAUPOLICAN,CAUPOLICAN - CHACABUCO,0, , , , ,2,0,1,UNIDIRECCIONAL,1,CONCRETO,1,BUENO,3,MOJADO,3,LLUVIA,0,0,0,0,2
-8130683.41273843,-4415542.55197927,1078,8319,1397192,-73.0391718,-36.8307561,95,CONCEPCION,1,48004,2021,1397192,REGION BIO BIO,8101,CONCEPCION,BELTRAN MATHIEW,LOS TILOS,0,"BELTRAN MATHIEW & LOS TILOS, CONCEPCION",CHILE,GEOMETRIC_CENTER,65487,2021,1397192,1,2021/11/03 00:00:00+00,1899/12/30 00:00:00+00,8,REGION BIO BIO,8101,CONCEPCION,34,COLISION PERPENDICULAR,30,COLISION,1,URBANA,14,CRUCE CON SEÑAL PARE,10,DESOBEDIENCIA A SEÑALIZACION,65,SEÑALIZACION DESOBEDECER SEÑAL PARE,0,BELTRAN MATHIEW,0,LOS TILOS,BELTRAN MATHIEW - LOS TILOS,0, , , , ,2,0,1,UNIDIRECCIONAL,1,CONCRETO,1,BUENO,1,SECO,1,DESPEJADO,0,0,0,0,2
-8131946.29896563,-4415498.39476219,1079,8320,1399492,-73.0505165,-36.8304386,95,CONCEPCION,1,52260,2021,1399492,REGION BIO BIO,8101,CONCEPCION,COCHRANE,RENGO,0,"COCHRANE & RENGO, CONCEPCION",CHILE,GEOMETRIC_CENTER,71053,2021,1399492,1,2021/11/24 00:00:00+00,1899/12/30 00:00:00+00,8,REGION BIO BIO,8101,CONCEPCION,52,CHOQUE LATERAL,40,CHOQUE,1,URBANA,1,TRAMO DE VIA RECTA,1,IMPRUDENCIA DEL CONDUCTOR,14,ADELANTAMIENTO SOBREPASANDO LINEA CONTINUA,0,COCHRANE,0,RENGO,COCHRANE - RENGO,0, , , , ,2,0,1,UNIDIRECCIONAL,1,CONCRETO,1,BUENO,1,SECO,2,NUBLADO,0,0,0,0,2
-8131946.29896563,-4415498.39476219,1080,8321,1399624,-73.0505165,-36.8304386,95,CONCEPCION,1,53336,2021,1399624,REGION BIO BIO,8101,CONCEPCION,RENGO,COCHRANE,0,"RENGO & COCHRANE, CONCEPCION",CHILE,GEOMETRIC_CENTER,72507,2021,1399624,1,2021/11/30 00:00:00+00,1899/12/30 00:00:00+00,8,REGION BIO BIO,8101,CONCEPCION,34,COLISION PERPENDICULAR,30,COLISION,1,URBANA,11,CRUCE CON SEMAFORO FUNCIONANDO,10,DESOBEDIENCIA A SEÑALIZACION,68,SEÑALIZACION DESOBEDECER LUZ INTERMITENTE SEMAFORO,0,RENGO,0,COCHRANE,COCHRANE - RENGO,0, , , , ,2,0,1,UNIDIRECCIONAL,1,CONCRETO,1,BUENO,1,SECO,1,DESPEJADO,0,0,0,0,2
-8131946.29896563,-4415498.39476219,1081,8322,1406052,-73.0505165,-36.8304386,95,CONCEPCION,1,56964,2021,1406052,REGION BIO BIO,8101,CONCEPCION,COCHRANE,RENGO,0,"COCHRANE & RENGO, CONCEPCION",CHILE,GEOMETRIC_CENTER,77389,2021,1406052,1,2021/12/18 00:00:00+00,1899/12/30 00:00:00+00,8,REGION BIO BIO,8101,CONCEPCION,10,ATROPELLO,10,ATROPELLO,1,URBANA,11,CRUCE CON SEMAFORO FUNCIONANDO,2,IMPRUDENCIA DEL PEATON,52,PEATON CRUZA CALZADA FORMA SORPRESIVA O DESCUIDADA,0,COCHRANE,0,RENGO,COCHRANE - RENGO,0, , , , ,2,0,1,UNIDIRECCIONAL,1,CONCRETO,1,BUENO,1,SECO,1,DESPEJADO,0,0,0,1,1
-8132295.60839579,-4415496.93444791,1082,8323,1372832,-73.0536544,-36.8304281,95,CONCEPCION,1,34464,2021,1372832,REGION BIO BIO,8101,CONCEPCION,ANGOL,SAN MARTIN,0,"ANGOL & SAN MARTIN, CONCEPCION",CHILE,GEOMETRIC_CENTER,47503,2021,1372832,1,2021/08/21 00:00:00+00,1899/12/30 00:00:00+00,8,REGION BIO BIO,8101,CONCEPCION,50,CHOQUE,40,CHOQUE,1,URBANA,11,CRUCE CON SEMAFORO FUNCIONANDO,9,PERDIDA CONTROL VEHICULO,95,PERDIDA CONTROL VEHICULO,0,ANGOL,0,SAN MARTIN,ANGOL - SAN MARTIN,0, , , , ,2,0,1,UNIDIRECCIONAL,1,CONCRETO,1,BUENO,3,MOJADO,3,LLUVIA,0,0,0,0,1
-8132295.60839579,-4415496.93444791,1083,8324,1375822,-73.0536544,-36.8304281,95,CONCEPCION,1,36062,2021,1375822,REGION BIO BIO,8101,CONCEPCION,ANGOL,SAN MARTIN,0,"ANGOL & SAN MARTIN, CONCEPCION",CHILE,GEOMETRIC_CENTER,49650,2021,1375822,1,2021/08/30 00:00:00+00,1899/12/30 00:00:00+00,8,REGION BIO BIO,8101,CONCEPCION,52,CHOQUE LATERAL,40,CHOQUE,1,URBANA,1,TRAMO DE VIA RECTA,1,IMPRUDENCIA DEL CONDUCTOR,28,CONDUCCION SIN MANTENER DISTANCIA RAZONABLE NI PRUDENTE,0,ANGOL,0,SAN MARTIN,ANGOL - SAN MARTIN,0, , , , ,2,0,1,UNIDIRECCIONAL,1,CONCRETO,1,BUENO,1,SECO,1,DESPEJADO,0,0,0,0,2
-8132295.60839579,-4415496.93444791,1084,8325,1404993,-73.0536544,-36.8304281,95,CONCEPCION,1,55069,2021,1404993,REGION BIO BIO,8101,CONCEPCION,ANGOL,SAN MARTIN,0,"ANGOL & SAN MARTIN, CONCEPCION",CHILE,GEOMETRIC_CENTER,74830,2021,1404993,1,2021/12/09 00:00:00+00,1899/12/30 00:00:00+00,8,REGION BIO BIO,8101,CONCEPCION,34,COLISION PERPENDICULAR,30,COLISION,1,URBANA,11,CRUCE CON SEMAFORO FUNCIONANDO,10,DESOBEDIENCIA A SEÑALIZACION,62,SEÑALIZACION DESOBEDECER LUZ ROJA DE SEMAFORO,0,ANGOL,0,SAN MARTIN,ANGOL - SAN MARTIN,0, , , , ,2,0,1,UNIDIRECCIONAL,1,CONCRETO,1,BUENO,1,SECO,1,DESPEJADO,0,0,0,0,2
-8132913.53175723,-4415490.41171322,1085,8326,1375877,-73.0592053,-36.8303812,95,CONCEPCION,1,36205,2021,1375877,REGION BIO BIO,8101,CONCEPCION,ARTURO PRAT, ,525,"ARTURO PRAT 525, CONCEPCION",CHILE,RANGE_INTERPOLATED,49832,2021,1375877,1,2021/08/31 00:00:00+00,1899/12/30 00:00:00+00,8,REGION BIO BIO,8101,CONCEPCION,53,CHOQUE POSTERIOR,40,CHOQUE,1,URBANA,11,CRUCE CON SEMAFORO FUNCIONANDO,1,IMPRUDENCIA DEL CONDUCTOR,28,CONDUCCION SIN MANTENER DISTANCIA RAZONABLE NI PRUDENTE,0,ARTURO PRAT,0, ,- ARTURO PRAT,525, , , , ,2,0,1,UNIDIRECCIONAL,1,CONCRETO,1,BUENO,1,SECO,1,DESPEJADO,0,0,0,0,2
-8132835.76396096,-4415480.69020348,1086,8327,1381392,-73.0585067,-36.8303113,95,CONCEPCION,1,40293,2021,1381392,REGION BIO BIO,8101,CONCEPCION,ARTURO PRAT,PLAZA ESPA??ªA,0,"ARTURO PRAT & PLAZA ESPA??ªA, CONCEPCION",CHILE,GEOMETRIC_CENTER,55329,2021,1381392,1,2021/09/22 00:00:00+00,1899/12/30 00:00:00+00,8,REGION BIO BIO,8101,CONCEPCION,53,CHOQUE POSTERIOR,40,CHOQUE,1,URBANA,11,CRUCE CON SEMAFORO FUNCIONANDO,1,IMPRUDENCIA DEL CONDUCTOR,27,CONDUCCION NO ATENTO CONDICIONES TRANSITO MOMENTO,0,ARTURO PRAT,0,PLAZA ESPAÑA,ARTURO PRAT - PLAZA ESPAÑA,0, , , , ,4,0,1,UNIDIRECCIONAL,1,CONCRETO,1,BUENO,1,SECO,1,DESPEJADO,0,0,0,0,3
-8131750.69948836,-4415478.46496645,1087,8328,1386686,-73.0487594,-36.8302953,95,CONCEPCION,1,43627,2021,1386686,REGION BIO BIO,8101,CONCEPCION,CAUPOLICAN, ,150,"CAUPOLICAN 150, CONCEPCION",CHILE,RANGE_INTERPOLATED,59677,2021,1386686,1,2021/10/10 00:00:00+00,1899/12/30 00:00:00+00,8,REGION BIO BIO,8101,CONCEPCION,50,CHOQUE,40,CHOQUE,1,URBANA,1,TRAMO DE VIA RECTA,1,IMPRUDENCIA DEL CONDUCTOR,27,CONDUCCION NO ATENTO CONDICIONES TRANSITO MOMENTO,0,CAUPOLICAN,0, ,- CAUPOLICAN,150, , , , ,2,0,1,UNIDIRECCIONAL,1,CONCRETO,1,BUENO,1,SECO,1,DESPEJADO,0,0,0,0,2
-8131596.11011149,-4415474.80723408,1088,8329,1405334,-73.0473707,-36.830269,95,CONCEPCION,1,55634,2021,1405334,REGION BIO BIO,8101,CONCEPCION,ANIBAL PINTO,CHACABUCO,0,"ANIBAL PINTO & CHACABUCO, CONCEPCION",CHILE,GEOMETRIC_CENTER,75593,2021,1405334,1,2021/12/11 00:00:00+00,1899/12/30 00:00:00+00,8,REGION BIO BIO,8101,CONCEPCION,34,COLISION PERPENDICULAR,30,COLISION,1,URBANA,11,CRUCE CON SEMAFORO FUNCIONANDO,10,DESOBEDIENCIA A SEÑALIZACION,62,SEÑALIZACION DESOBEDECER LUZ ROJA DE SEMAFORO,0,ANIBAL PINTO,0,CHACABUCO,ANIBAL PINTO - CHACABUCO,0, , , , ,3,3,3,BIDIRECCIONAL CON BANDEJON,1,CONCRETO,1,BUENO,1,SECO,2,NUBLADO,0,0,0,1,2
-8132669.1075513,-4415473.38864621,1089,8330,1384724,-73.0570096,-36.8302588,95,CONCEPCION,1,42078,2021,1384724,REGION BIO BIO,8101,CONCEPCION,SERRANO, ,417,"SERRANO 417, CONCEPCION",CHILE,RANGE_INTERPOLATED,57631,2021,1384724,1,2021/10/02 00:00:00+00,1899/12/30 00:00:00+00,8,REGION BIO BIO,8101,CONCEPCION,50,CHOQUE,40,CHOQUE,1,URBANA,1,TRAMO DE VIA RECTA,7,VELOCIDAD IMPRUDENTE,72,VELOCIDAD NO RAZONABLE NI PRUDENTE,0,SERRANO,0, ,- SERRANO,417, , , , ,2,0,1,UNIDIRECCIONAL,1,CONCRETO,1,BUENO,1,SECO,1,DESPEJADO,1,0,0,0,5
-8130535.71403804,-4415469.77263875,1090,8331,1376583,-73.037845,-36.8302328,95,CONCEPCION,1,37074,2021,1376583,REGION BIO BIO,8101,CONCEPCION,EDMUNDO LARENAS,LOS TILOS,0,"EDMUNDO LARENAS & LOS TILOS, CONCEPCION",CHILE,GEOMETRIC_CENTER,50988,2021,1376583,1,2021/09/04 00:00:00+00,1899/12/30 00:00:00+00,8,REGION BIO BIO,8101,CONCEPCION,50,CHOQUE,40,CHOQUE,1,URBANA,1,TRAMO DE VIA RECTA,4,ALCOHOL EN CONDUCTOR,24,CONDUCCION EN ESTADO DE EBRIEDAD,0,EDMUNDO LARENAS,0,LOS TILOS,EDMUNDO LARENAS - LOS TILOS,0, , , , ,1,1,2,BIDIRECCIONAL,1,CONCRETO,1,BUENO,1,SECO,1,DESPEJADO,0,0,0,1,0