X,Y,FID,FID_1,LABELID,POINT_X,POINT_Y,FID_2,COMUNAREAL,VAL_COM,OBJECTID,A_O,IDACCIDENT,REGION,COD_COMUN,COMUNA,CALLE_UNO,CALLE_DOS,NUMERO,DIR_GEOCOD,PAIS,TIPO,OBJECTID_1,Año,Idaccide_1,Claseaccid,Fecha,Hora,Cód_Regi,Región,Cód_Comun,Comuna_1,Cód_Tipo_,Tipo_Accid,Cód_Tipo1,Tipo__CONA,Cód_Zona,Zona,Cód_Ubica,Ubicación,Cód_Causa,Causa__CON,Cód_Cau_1,Causa,Cód_Calle,Calle_Un_1,Cód_Cal_1,Calle_Do_1,Intersecci,Número,Ruta,Cód_Ruta,Ubicaci_1,Km_Vía_Fe,Pistas_de_,Pistas_de1,Cód_Calza,Calzada,Cód__Tipo,Tipo_Calza,Cód_Estad,Estado_Cal,Cód_Condi,Condición,Cód_Est_1,Estado_Atm,Fallecidos,Graves,Menos_Grav,Leves,Ilesos
-8131807.53922036,-4415447.81237369,1091,8332,1399386,-73.04927,-36.8300749,95,CONCEPCION,1,51798,2021,1399386,REGION BIO BIO,8101,CONCEPCION,COCHRANE, ,600,"COCHRANE 600, CONCEPCION",CHILE,RANGE_INTERPOLATED,70443,2021,1399386,1,2021/11/21 00:00:00+00,1899/12/30 00:00:00+00,8,REGION BIO BIO,8101,CONCEPCION,50,CHOQUE,40,CHOQUE,1,URBANA,1,TRAMO DE VIA RECTA,1,IMPRUDENCIA DEL CONDUCTOR,27,CONDUCCION NO ATENTO CONDICIONES TRANSITO MOMENTO,0,COCHRANE,0, ,- COCHRANE,600, , , , ,2,0,1,UNIDIRECCIONAL,1,CONCRETO,1,BUENO,1,SECO,1,DESPEJADO,0,0,0,0,2
-8132158.52957483,-4415426.99258223,1092,8333,1344755,-73.052423,-36.8299252,95,CONCEPCION,1,14691,2021,1344755,REGION BIO BIO,8101,CONCEPCION,LINCOYAN,SAN MARTIN,0,"LINCOYAN & SAN MARTIN, CONCEPCION",CHILE,GEOMETRIC_CENTER,20253,2021,1344755,1,2021/04/20 00:00:00+00,1899/12/30 00:00:00+00,8,REGION BIO BIO,8101,CONCEPCION,52,CHOQUE LATERAL,40,CHOQUE,1,URBANA,1,TRAMO DE VIA RECTA,1,IMPRUDENCIA DEL CONDUCTOR,14,ADELANTAMIENTO SOBREPASANDO LINEA CONTINUA,0,LINCOYAN,0,SAN MARTIN,LINCOYAN - SAN MARTIN,0, , , , ,3,0,1,UNIDIRECCIONAL,1,CONCRETO,1,BUENO,1,SECO,2,NUBLADO,0,0,0,0,2
-8132158.52957483,-4415426.99258223,1093,8334,1346264,-73.052423,-36.8299252,95,CONCEPCION,1,15462,2021,1346264,REGION BIO BIO,8101,CONCEPCION,LINCOYAN,SAN MARTIN,0,"LINCOYAN & SAN MARTIN, CONCEPCION",CHILE,GEOMETRIC_CENTER,21299,2021,1346264,1,2021/04/26 00:00:00+00,1899/12/30 00:00:00+00,8,REGION BIO BIO,8101,CONCEPCION,10,ATROPELLO,10,ATROPELLO,1,URBANA,11,CRUCE CON SEMAFORO FUNCIONANDO,2,IMPRUDENCIA DEL PEATON,52,PEATON CRUZA CALZADA FORMA SORPRESIVA O DESCUIDADA,0,LINCOYAN,0,SAN MARTIN,LINCOYAN - SAN MARTIN,0, , , , ,3,0,1,UNIDIRECCIONAL,1,CONCRETO,1,BUENO,1,SECO,1,DESPEJADO,0,1,0,0,1
-8132158.52957483,-4415426.99258223,1094,8335,1357317,-73.052423,-36.8299252,95,CONCEPCION,1,23356,2021,1357317,REGION BIO BIO,8101,CONCEPCION,SAN MARTIN,LINCOYAN,0,"SAN MARTIN & LINCOYAN, CONCEPCION",CHILE,GEOMETRIC_CENTER,32197,2021,1357317,1,2021/06/17 00:00:00+00,1899/12/30 00:00:00+00,8,REGION BIO BIO,8101,CONCEPCION,32,COLISION LATERAL,30,COLISION,1,URBANA,11,CRUCE CON SEMAFORO FUNCIONANDO,1,IMPRUDENCIA DEL CONDUCTOR,11,ADELANTAMIENTO SIN EL ESPACIO O TIEMPO SUFICIENTE,0,SAN MARTIN,0,LINCOYAN,LINCOYAN - SAN MARTIN,0, , , , ,2,0,1,UNIDIRECCIONAL,1,CONCRETO,1,BUENO,1,SECO,2,NUBLADO,0,0,0,0,2
-8132158.52957483,-4415426.99258223,1095,8336,1379449,-73.052423,-36.8299252,95,CONCEPCION,1,38819,2021,1379449,REGION BIO BIO,8101,CONCEPCION,LINCOYAN,SAN MARTIN,0,"LINCOYAN & SAN MARTIN, CONCEPCION",CHILE,GEOMETRIC_CENTER,53322,2021,1379449,1,2021/09/14 00:00:00+00,1899/12/30 00:00:00+00,8,REGION BIO BIO,8101,CONCEPCION,10,ATROPELLO,10,ATROPELLO,1,URBANA,11,CRUCE CON SEMAFORO FUNCIONANDO,1,IMPRUDENCIA DEL CONDUCTOR,31,NO RESPETAR DERECHO PREFERENTE DE PASO A PEATON,0,LINCOYAN,0,SAN MARTIN,LINCOYAN - SAN MARTIN,0, , , , ,2,0,1,UNIDIRECCIONAL,1,CONCRETO,1,BUENO,1,SECO,1,DESPEJADO,0,1,0,1,1
-8132158.52957483,-4415426.99258223,1096,8337,1380847,-73.052423,-36.8299252,95,CONCEPCION,1,40028,2021,1380847,REGION BIO BIO,8101,CONCEPCION,LINCOYAN,SAN MARTIN,0,"LINCOYAN & SAN MARTIN, CONCEPCION",CHILE,GEOMETRIC_CENTER,54983,2021,1380847,1,2021/09/21 00:00:00+00,1899/12/30 00:00:00+00,8,REGION BIO BIO,8101,CONCEPCION,32,COLISION LATERAL,30,COLISION,1,URBANA,11,CRUCE CON SEMAFORO FUNCIONANDO,1,IMPRUDENCIA DEL CONDUCTOR,27,CONDUCCION NO ATENTO CONDICIONES TRANSITO MOMENTO,0,LINCOYAN,0,SAN MARTIN,LINCOYAN - SAN MARTIN,0, , , , ,2,0,1,UNIDIRECCIONAL,1,CONCRETO,1,BUENO,1,SECO,1,DESPEJADO,0,0,0,0,2
-8131807.08281044,-4415423.80772795,1097,8338,1332950,-73.0492659,-36.8299023,95,CONCEPCION,1,6942,2021,1332950,REGION BIO BIO,8101,CONCEPCION,CAUPOLICAN,COCHRANE,0,"CAUPOLICAN & COCHRANE, CONCEPCION",CHILE,GEOMETRIC_CENTER,9723,2021,1332950,1,2021/02/20 00:00:00+00,1899/12/30 00:00:00+00,8,REGION BIO BIO,8101,CONCEPCION,34,COLISION PERPENDICULAR,30,COLISION,1,URBANA,11,CRUCE CON SEMAFORO FUNCIONANDO,10,DESOBEDIENCIA A SEÑALIZACION,62,SEÑALIZACION DESOBEDECER LUZ ROJA DE SEMAFORO,0,CAUPOLICAN,0,COCHRANE,CAUPOLICAN - COCHRANE,0, , , , ,3,0,1,UNIDIRECCIONAL,1,CONCRETO,1,BUENO,1,SECO,1,DESPEJADO,0,0,0,2,1
-8131807.08281044,-4415423.80772795,1098,8339,1399612,-73.0492659,-36.8299023,95,CONCEPCION,1,53387,2021,1399612,REGION BIO BIO,8101,CONCEPCION,CAUPOLICAN,COCHRANE,0,"CAUPOLICAN & COCHRANE, CONCEPCION",CHILE,GEOMETRIC_CENTER,72570,2021,1399612,1,2021/11/30 00:00:00+00,1899/12/30 00:00:00+00,8,REGION BIO BIO,8101,CONCEPCION,50,CHOQUE,40,CHOQUE,1,URBANA,1,TRAMO DE VIA RECTA,1,IMPRUDENCIA DEL CONDUCTOR,93,CONDUCIR VEHICULO EN RETROCESO,0,CAUPOLICAN,0,COCHRANE,CAUPOLICAN - COCHRANE,0, , , , ,2,0,1,UNIDIRECCIONAL,1,CONCRETO,1,BUENO,1,SECO,1,DESPEJADO,0,0,0,0,2
-8131807.08281044,-4415423.80772795,1099,8340,1406086,-73.0492659,-36.8299023,95,CONCEPCION,1,57103,2021,1406086,REGION BIO BIO,8101,CONCEPCION,CAUPOLICAN,COCHRANE,0,"CAUPOLICAN & COCHRANE, CONCEPCION",CHILE,GEOMETRIC_CENTER,77580,2021,1406086,1,2021/12/19 00:00:00+00,1899/12/30 00:00:00+00,8,REGION BIO BIO,8101,CONCEPCION,52,CHOQUE LATERAL,40,CHOQUE,1,URBANA,1,TRAMO DE VIA RECTA,1,IMPRUDENCIA DEL CONDUCTOR,27,CONDUCCION NO ATENTO CONDICIONES TRANSITO MOMENTO,0,CAUPOLICAN,0,COCHRANE,CAUPOLICAN - COCHRANE,0, , , , ,2,0,1,UNIDIRECCIONAL,1,CONCRETO,1,BUENO,1,SECO,1,DESPEJADO,0,0,0,0,2
-8131257.89923456,-4415412.38954641,1100,8341,1375072,-73.0443325,-36.8298202,95,CONCEPCION,1,35882,2021,1375072,REGION BIO BIO,8101,CONCEPCION,CASTELLON, ,64,"CASTELLON 64, CONCEPCION",CHILE,RANGE_INTERPOLATED,49415,2021,1375072,1,2021/08/29 00:00:00+00,1899/12/30 00:00:00+00,8,REGION BIO BIO,8101,CONCEPCION,10,ATROPELLO,10,ATROPELLO,1,URBANA,1,TRAMO DE VIA RECTA,1,IMPRUDENCIA DEL CONDUCTOR,31,NO RESPETAR DERECHO PREFERENTE DE PASO A PEATON,0,CASTELLON,0, ,- CASTELLON,64, , , , ,2,0,1,UNIDIRECCIONAL,1,CONCRETO,1,BUENO,1,SECO,2,NUBLADO,0,0,0,1,1
-8133823.04539286,-4415406.14501625,1101,8342,1336044,-73.0673756,-36.8297753,95,CONCEPCION,0,8528,2021,1336044,REGION BIO BIO,8103,CHIGUAYANTE,LOS CARRERA,PUENTE LLACOLEN,0,"LOS CARRERA & PUENTE LLACOLEN, CHIGUAYANTE",CHILE,GEOMETRIC_CENTER,11959,2021,1336044,1,2021/03/03 00:00:00+00,1899/12/30 00:00:00+00,8,REGION BIO BIO,8103,CHIGUAYANTE,50,CHOQUE,40,CHOQUE,1,URBANA,1,TRAMO DE VIA RECTA,13,CAUSAS NO DETERMINADAS,97,CAUSAS NO DETERMINADAS,0,LOS CARRERA,0,PUENTE LLACOLEN,LOS CARRERA - PUENTE LLACOLEN,0, , , , ,3,3,2,BIDIRECCIONAL,1,CONCRETO,1,BUENO,1,SECO,1,DESPEJADO,0,0,0,1,1
-8132797.41439639,-4415403.59991926,1102,8343,1356786,-73.0581622,-36.829757,95,CONCEPCION,1,23073,2021,1356786,REGION BIO BIO,8101,CONCEPCION,PLAZA ESPA??ªA,BARROS ARANA,0,"PLAZA ESPA??ªA & BARROS ARANA, CONCEPCION",CHILE,GEOMETRIC_CENTER,31797,2021,1356786,1,2021/06/15 00:00:00+00,1899/12/30 00:00:00+00,8,REGION BIO BIO,8101,CONCEPCION,50,CHOQUE,40,CHOQUE,1,URBANA,1,TRAMO DE VIA RECTA,1,IMPRUDENCIA DEL CONDUCTOR,93,CONDUCIR VEHICULO EN RETROCESO,0,PLAZA ESPAÑA,0,BARROS ARANA,BARROS ARANA - PLAZA ESPAÑA,0, , , , ,2,0,1,UNIDIRECCIONAL,1,CONCRETO,1,BUENO,1,SECO,1,DESPEJADO,0,0,0,0,2
-8131458.71959595,-4415403.41912005,1103,8344,1336024,-73.0461365,-36.8297557,95,CONCEPCION,1,8208,2021,1336024,REGION BIO BIO,8101,CONCEPCION,COLO COLO,CHACABUCO,0,"COLO COLO & CHACABUCO, CONCEPCION",CHILE,GEOMETRIC_CENTER,11521,2021,1336024,1,2021/03/01 00:00:00+00,1899/12/30 00:00:00+00,8,REGION BIO BIO,8101,CONCEPCION,34,COLISION PERPENDICULAR,30,COLISION,1,URBANA,11,CRUCE CON SEMAFORO FUNCIONANDO,10,DESOBEDIENCIA A SEÑALIZACION,62,SEÑALIZACION DESOBEDECER LUZ ROJA DE SEMAFORO,0,COLO COLO,0,CHACABUCO,CHACABUCO - COLO COLO,0, , , , ,2,2,3,BIDIRECCIONAL CON BANDEJON,1,CONCRETO,1,BUENO,1,SECO,1,DESPEJADO,0,0,0,1,2
-8131458.71959595,-4415403.41912005,1104,8345,1361507,-73.0461365,-36.8297557,95,CONCEPCION,1,25771,2021,1361507,REGION BIO BIO,8101,CONCEPCION,COLO COLO,CHACABUCO,0,"COLO COLO & CHACABUCO, CONCEPCION",CHILE,GEOMETRIC_CENTER,35568,2021,1361507,1,2021/07/02 00:00:00+00,1899/12/30 00:00:00+00,8,REGION BIO BIO,8101,CONCEPCION,34,COLISION PERPENDICULAR,30,COLISION,1,URBANA,11,CRUCE CON SEMAFORO FUNCIONANDO,10,DESOBEDIENCIA A SEÑALIZACION,62,SEÑALIZACION DESOBEDECER LUZ ROJA DE SEMAFORO,0,COLO COLO,0,CHACABUCO,CHACABUCO - COLO COLO,0, , , , ,3,3,3,BIDIRECCIONAL CON BANDEJON,1,CONCRETO,1,BUENO,1,SECO,2,NUBLADO,0,0,0,0,2
-8131458.71959595,-4415403.41912005,1105,8346,1370122,-73.0461365,-36.8297557,95,CONCEPCION,1,32026,2021,1370122,REGION BIO BIO,8101,CONCEPCION,CHACABUCO,COLO COLO,0,"CHACABUCO & COLO COLO, CONCEPCION",CHILE,GEOMETRIC_CENTER,44198,2021,1370122,1,2021/08/07 00:00:00+00,1899/12/30 00:00:00+00,8,REGION BIO BIO,8101,CONCEPCION,32,COLISION LATERAL,30,COLISION,1,URBANA,11,CRUCE CON SEMAFORO FUNCIONANDO,1,IMPRUDENCIA DEL CONDUCTOR,91,VIRAJES INDEBIDOS,0,CHACABUCO,0,COLO COLO,CHACABUCO - COLO COLO,0, , , , ,3,3,3,BIDIRECCIONAL CON BANDEJON,1,CONCRETO,1,BUENO,1,SECO,2,NUBLADO,0,0,0,0,2
-8131458.71959595,-4415403.41912005,1106,8347,1374885,-73.0461365,-36.8297557,95,CONCEPCION,1,34290,2021,1374885,REGION BIO BIO,8101,CONCEPCION,COLO COLO,CHACABUCO,0,"COLO COLO & CHACABUCO, CONCEPCION",CHILE,GEOMETRIC_CENTER,47268,2021,1374885,1,2021/08/20 00:00:00+00,1899/12/30 00:00:00+00,8,REGION BIO BIO,8101,CONCEPCION,30,COLISION,30,COLISION,1,URBANA,1,TRAMO DE VIA RECTA,1,IMPRUDENCIA DEL CONDUCTOR,93,CONDUCIR VEHICULO EN RETROCESO,0,COLO COLO,0,CHACABUCO,CHACABUCO - COLO COLO,0, , , , ,2,0,1,UNIDIRECCIONAL,1,CONCRETO,1,BUENO,1,SECO,1,DESPEJADO,0,0,0,0,2
-8131458.71959595,-4415403.41912005,1107,8348,1390324,-73.0461365,-36.8297557,95,CONCEPCION,1,46544,2021,1390324,REGION BIO BIO,8101,CONCEPCION,CHACABUCO,COLO COLO,0,"CHACABUCO & COLO COLO, CONCEPCION",CHILE,GEOMETRIC_CENTER,63557,2021,1390324,1,2021/10/26 00:00:00+00,1899/12/30 00:00:00+00,8,REGION BIO BIO,8101,CONCEPCION,33,COLISION POR ALCANCE,30,COLISION,1,URBANA,1,TRAMO DE VIA RECTA,1,IMPRUDENCIA DEL CONDUCTOR,28,CONDUCCION SIN MANTENER DISTANCIA RAZONABLE NI PRUDENTE,0,CHACABUCO,0,COLO COLO,CHACABUCO - COLO COLO,0, , , , ,3,3,3,BIDIRECCIONAL CON BANDEJON,1,CONCRETO,1,BUENO,1,SECO,1,DESPEJADO,0,0,0,1,1
-8133839.79897623,-4415399.02430927,1108,8349,1372902,-73.0675261,-36.8297241,95,CONCEPCION,1,34493,2021,1372902,REGION BIO BIO,8101,CONCEPCION,PUENTE LLACOLEN,LOS CARRERA,0,"PUENTE LLACOLEN & LOS CARRERA, CONCEPCION",CHILE,GEOMETRIC_CENTER,47544,2021,1372902,1,2021/08/21 00:00:00+00,1899/12/30 00:00:00+00,8,REGION BIO BIO,8101,CONCEPCION,99,OTRO TIPO,99,OTRO TIPO,1,URBANA,5,PUENTE,1,IMPRUDENCIA DEL CONDUCTOR,83,CARGA ESCURRE A LA CALZADA,0,PUENTE LLACOLEN,0,LOS CARRERA,LOS CARRERA - PUENTE LLACOLEN,0, , , , ,1,1,2,BIDIRECCIONAL,1,CONCRETO,1,BUENO,3,MOJADO,3,LLUVIA,0,0,0,0,2
-8130756.69435922,-4415397.85606874,1109,8350,1357372,-73.0398301,-36.8297157,95,CONCEPCION,1,23820,2021,1357372,REGION BIO BIO,8101,CONCEPCION,BELTRAN MATHIEW,LOSOLMOS,0,"BELTRAN MATHIEW & LOSOLMOS, CONCEPCION",CHILE,GEOMETRIC_CENTER,32825,2021,1357372,1,2021/06/19 00:00:00+00,1899/12/30 00:00:00+00,8,REGION BIO BIO,8101,CONCEPCION,34,COLISION PERPENDICULAR,30,COLISION,1,URBANA,14,CRUCE CON SEÑAL PARE,10,DESOBEDIENCIA A SEÑALIZACION,65,SEÑALIZACION DESOBEDECER SEÑAL PARE,0,BELTRAN MATHIEW,0,LOSOLMOS,BELTRAN MATHIEW - LOSOLMOS,0, , , , ,2,0,1,UNIDIRECCIONAL,1,CONCRETO,1,BUENO,1,SECO,1,DESPEJADO,0,0,0,1,1
-8130756.69435922,-4415397.85606874,1110,8351,1406893,-73.0398301,-36.8297157,95,CONCEPCION,1,58021,2021,1406893,REGION BIO BIO,8101,CONCEPCION,BELTRAN MATHIEW,LOS OLMOS,0,"BELTRAN MATHIEW & LOS OLMOS, CONCEPCION",CHILE,GEOMETRIC_CENTER,78786,2021,1406893,1,2021/12/23 00:00:00+00,1899/12/30 00:00:00+00,8,REGION BIO BIO,8101,CONCEPCION,34,COLISION PERPENDICULAR,30,COLISION,1,URBANA,14,CRUCE CON SEÑAL PARE,10,DESOBEDIENCIA A SEÑALIZACION,65,SEÑALIZACION DESOBEDECER SEÑAL PARE,0,BELTRAN MATHIEW,0,LOS OLMOS,BELTRAN MATHIEW - LOS OLMOS,0, , , , ,2,0,1,UNIDIRECCIONAL,1,CONCRETO,1,BUENO,1,SECO,1,DESPEJADO,0,0,0,0,2
-8132077.74502036,-4415394.53214697,1111,8352,1366216,-73.0516973,-36.8296918,95,CONCEPCION,1,28590,2021,1366216,REGION BIO BIO,8101,CONCEPCION,SAN MARTIN, ,450,"SAN MARTIN 450, CONCEPCION",CHILE,RANGE_INTERPOLATED,39506,2021,1366216,1,2021/07/19 00:00:00+00,1899/12/30 00:00:00+00,8,REGION BIO BIO,8101,CONCEPCION,50,CHOQUE,40,CHOQUE,1,URBANA,26,OTROS NO CONSIDERADOS,1,IMPRUDENCIA DEL CONDUCTOR,27,CONDUCCION NO ATENTO CONDICIONES TRANSITO MOMENTO,0,SAN MARTIN,0, ,- SAN MARTIN,450, , , , ,1,1,2,BIDIRECCIONAL,1,CONCRETO,1,BUENO,1,SECO,1,DESPEJADO,0,0,0,0,2
-8133132.56398732,-4415393.54470598,1112,8353,1334100,-73.0611729,-36.8296847,95,CONCEPCION,1,6903,2021,1334100,REGION BIO BIO,8101,CONCEPCION,FREIRE,PADRE HURTADO,0,"FREIRE & PADRE HURTADO, CONCEPCION",CHILE,GEOMETRIC_CENTER,9670,2021,1334100,1,2021/02/20 00:00:00+00,1899/12/30 00:00:00+00,8,REGION BIO BIO,8101,CONCEPCION,51,CHOQUE FRONTAL,40,CHOQUE,1,URBANA,11,CRUCE CON SEMAFORO FUNCIONANDO,4,ALCOHOL EN CONDUCTOR,24,CONDUCCION EN ESTADO DE EBRIEDAD,0,FREIRE,0,PADRE HURTADO,FREIRE - PADRE HURTADO,0, , , , ,2,0,1,UNIDIRECCIONAL,1,CONCRETO,1,BUENO,1,SECO,1,DESPEJADO,0,0,0,0,1
-8133132.56398732,-4415393.54470598,1113,8354,1409784,-73.0611729,-36.8296847,95,CONCEPCION,1,59284,2021,1409784,REGION BIO BIO,8101,CONCEPCION,FREIRE PONIENTE,PADRE HURTADO,0,"FREIRE PONIENTE & PADRE HURTADO, CONCEPCION",CHILE,GEOMETRIC_CENTER,80552,2021,1409784,1,2021/12/31 00:00:00+00,1899/12/30 00:00:00+00,8,REGION BIO BIO,8101,CONCEPCION,51,CHOQUE FRONTAL,40,CHOQUE,1,URBANA,11,CRUCE CON SEMAFORO FUNCIONANDO,4,ALCOHOL EN CONDUCTOR,24,CONDUCCION EN ESTADO DE EBRIEDAD,0,FREIRE PONIENTE,0,PADRE HURTADO,FREIRE PONIENTE - PADRE HURTADO,0, , , , ,2,0,1,UNIDIRECCIONAL,1,CONCRETO,1,BUENO,1,SECO,1,DESPEJADO,0,0,0,0,1
-8127509.14859041,-4415371.05610983,1114,8355,1404944,-73.0106569,-36.829523,95,CONCEPCION,1,54986,2021,1404944,REGION BIO BIO,8101,CONCEPCION,CALLE UNO,PASAJE TRES,0,"CALLE UNO & PASAJE TRES, CONCEPCION",CHILE,GEOMETRIC_CENTER,74710,2021,1404944,1,2021/12/08 00:00:00+00,1899/12/30 00:00:00+00,8,REGION BIO BIO,8101,CONCEPCION,50,CHOQUE,40,CHOQUE,1,URBANA,4,ACERA O BERMA,1,IMPRUDENCIA DEL CONDUCTOR,27,CONDUCCION NO ATENTO CONDICIONES TRANSITO MOMENTO,0,CALLE UNO,0,PASAJE TRES,CALLE UNO - PASAJE TRES,0, , , , ,3,3,3,BIDIRECCIONAL CON BANDEJON,1,CONCRETO,1,BUENO,1,SECO,1,DESPEJADO,0,0,0,0,3
-8131140.37924813,-4415368.35803778,1115,8356,1340434,-73.0432768,-36.8295036,95,CONCEPCION,1,10982,2021,1340434,REGION BIO BIO,8101,CONCEPCION,TUCAPEL, ,47,"TUCAPEL 47, CONCEPCION",CHILE,RANGE_INTERPOLATED,15240,2021,1340434,1,2021/03/19 00:00:00+00,1899/12/30 00:00:00+00,8,REGION BIO BIO,8101,CONCEPCION,10,ATROPELLO,10,ATROPELLO,1,URBANA,1,TRAMO DE VIA RECTA,9,PERDIDA CONTROL VEHICULO,95,PERDIDA CONTROL VEHICULO,0,TUCAPEL,0, ,- TUCAPEL,47, , , , ,2,0,1,UNIDIRECCIONAL,1,CONCRETO,1,BUENO,1,SECO,1,DESPEJADO,0,0,0,3,1
-8131726.26486013,-4415364.89504942,1116,8357,1375880,-73.0485399,-36.8294787,95,CONCEPCION,1,36225,2021,1375880,REGION BIO BIO,8101,CONCEPCION,COCHRANE, ,665,"COCHRANE 665, CONCEPCION",CHILE,RANGE_INTERPOLATED,49856,2021,1375880,1,2021/08/31 00:00:00+00,1899/12/30 00:00:00+00,8,REGION BIO BIO,8101,CONCEPCION,52,CHOQUE LATERAL,40,CHOQUE,1,URBANA,1,TRAMO DE VIA RECTA,1,IMPRUDENCIA DEL CONDUCTOR,27,CONDUCCION NO ATENTO CONDICIONES TRANSITO MOMENTO,0,COCHRANE,0, ,- COCHRANE,665, , , , ,2,0,1,UNIDIRECCIONAL,1,CONCRETO,1,BUENO,1,SECO,1,DESPEJADO,0,0,0,0,2
-8130128.00640301,-4415364.58908262,1117,8358,1332907,-73.0341825,-36.8294765,95,CONCEPCION,1,6301,2021,1332907,REGION BIO BIO,8101,CONCEPCION,EL MOLINO,GUILLERMO DELANO,0,"EL MOLINO & GUILLERMO DELANO, CONCEPCION",CHILE,GEOMETRIC_CENTER,8799,2021,1332907,1,2021/02/15 00:00:00+00,1899/12/30 00:00:00+00,8,REGION BIO BIO,8101,CONCEPCION,34,COLISION PERPENDICULAR,30,COLISION,1,URBANA,16,CRUCE SIN SEÑALIZACION,1,IMPRUDENCIA DEL CONDUCTOR,27,CONDUCCION NO ATENTO CONDICIONES TRANSITO MOMENTO,0,EL MOLINO,0,GUILLERMO DELANO,EL MOLINO - GUILLERMO DELANO,0, , , , ,1,1,2,BIDIRECCIONAL,1,CONCRETO,1,BUENO,1,SECO,1,DESPEJADO,0,1,0,0,1
-8130128.00640301,-4415364.58908262,1118,8359,1340169,-73.0341825,-36.8294765,95,CONCEPCION,1,11575,2021,1340169,REGION BIO BIO,8101,CONCEPCION,VICTOR SALAZAR MANZANO,JOAQUIN DIAZ GARCES,0,"VICTOR SALAZAR MANZANO & JOAQUIN DIAZ GARCES, CONCEPCION",CHILE,GEOMETRIC_CENTER,16035,2021,1340169,1,2021/03/23 00:00:00+00,1899/12/30 00:00:00+00,8,REGION BIO BIO,8101,CONCEPCION,10,ATROPELLO,10,ATROPELLO,1,URBANA,1,TRAMO DE VIA RECTA,1,IMPRUDENCIA DEL CONDUCTOR,31,NO RESPETAR DERECHO PREFERENTE DE PASO A PEATON,0,VICTOR SALAZAR MANZANO,0,JOAQUIN DIAZ GARCES,JOAQUIN DIAZ GARCES - VICTOR SALAZAR MANZANO,0, , , , ,1,1,2,BIDIRECCIONAL,1,CONCRETO,1,BUENO,1,SECO,1,DESPEJADO,0,0,0,1,1
-8132720.98243401,-4415363.65727473,1119,8360,1366134,-73.0574756,-36.8294698,95,CONCEPCION,1,28271,2021,1366134,REGION BIO BIO,8101,CONCEPCION,SERRANO,BARROS ARANA,0,"SERRANO & BARROS ARANA, CONCEPCION",CHILE,GEOMETRIC_CENTER,39050,2021,1366134,1,2021/07/17 00:00:00+00,1899/12/30 00:00:00+00,8,REGION BIO BIO,8101,CONCEPCION,34,COLISION PERPENDICULAR,30,COLISION,1,URBANA,11,CRUCE CON SEMAFORO FUNCIONANDO,10,DESOBEDIENCIA A SEÑALIZACION,62,SEÑALIZACION DESOBEDECER LUZ ROJA DE SEMAFORO,0,SERRANO,0,BARROS ARANA,BARROS ARANA - SERRANO,0, , , , ,2,0,1,UNIDIRECCIONAL,1,CONCRETO,1,BUENO,1,SECO,1,DESPEJADO,0,0,0,2,1
-8132720.98243401,-4415363.65727473,1120,8361,1376117,-73.0574756,-36.8294698,95,CONCEPCION,1,34909,2021,1376117,REGION BIO BIO,8101,CONCEPCION,SERRANO,BARROS ARANA,0,"SERRANO & BARROS ARANA, CONCEPCION",CHILE,GEOMETRIC_CENTER,48126,2021,1376117,1,2021/08/23 00:00:00+00,1899/12/30 00:00:00+00,8,REGION BIO BIO,8101,CONCEPCION,30,COLISION,30,COLISION,1,URBANA,1,TRAMO DE VIA RECTA,14,OTRAS CAUSAS,98,OTRAS CAUSAS,0,SERRANO,0,BARROS ARANA,BARROS ARANA - SERRANO,0, , , , ,2,2,2,BIDIRECCIONAL,1,CONCRETO,1,BUENO,2,HUMEDO,1,DESPEJADO,0,0,0,0,2
-8132368.81209293,-4415352.83718304,1121,8362,1386608,-73.054312,-36.829392,95,CONCEPCION,1,43258,2021,1386608,REGION BIO BIO,8101,CONCEPCION,O'HIGGINS,ANGOL,0,"O'HIGGINS & ANGOL, CONCEPCION",CHILE,GEOMETRIC_CENTER,59164,2021,1386608,1,2021/10/08 00:00:00+00,1899/12/30 00:00:00+00,8,REGION BIO BIO,8101,CONCEPCION,20,CAIDA,20,CAIDA,1,URBANA,11,CRUCE CON SEMAFORO FUNCIONANDO,14,OTRAS CAUSAS,98,OTRAS CAUSAS,0,O'HIGGINS,0,ANGOL,ANGOL - O'HIGGINS,0, , , , ,4,0,1,UNIDIRECCIONAL,1,CONCRETO,1,BUENO,1,SECO,1,DESPEJADO,0,0,0,1,1
-8131666.23025874,-4415352.05835939,1122,8363,1329558,-73.0480006,-36.8293864,95,CONCEPCION,1,4005,2021,1329558,REGION BIO BIO,8101,CONCEPCION,COCHRANE,ANIBAL PINTO,0,"COCHRANE & ANIBAL PINTO, CONCEPCION",CHILE,GEOMETRIC_CENTER,5591,2021,1329558,1,2021/01/29 00:00:00+00,1899/12/30 00:00:00+00,8,REGION BIO BIO,8101,CONCEPCION,30,COLISION,30,COLISION,1,URBANA,1,TRAMO DE VIA RECTA,14,OTRAS CAUSAS,98,OTRAS CAUSAS,0,COCHRANE,0,ANIBAL PINTO,ANIBAL PINTO - COCHRANE,0, , , , ,2,0,1,UNIDIRECCIONAL,2,ASFALTO,1,BUENO,1,SECO,1,DESPEJADO,0,0,0,0,1