X,Y,FID,FID_1,LABELID,POINT_X,POINT_Y,FID_2,COMUNAREAL,VAL_COM,OBJECTID,A_O,IDACCIDENT,REGION,COD_COMUN,COMUNA,CALLE_UNO,CALLE_DOS,NUMERO,DIR_GEOCOD,PAIS,TIPO,OBJECTID_1,Año,Idaccide_1,Claseaccid,Fecha,Hora,Cód_Regi,Región,Cód_Comun,Comuna_1,Cód_Tipo_,Tipo_Accid,Cód_Tipo1,Tipo__CONA,Cód_Zona,Zona,Cód_Ubica,Ubicación,Cód_Causa,Causa__CON,Cód_Cau_1,Causa,Cód_Calle,Calle_Un_1,Cód_Cal_1,Calle_Do_1,Intersecci,Número,Ruta,Cód_Ruta,Ubicaci_1,Km_Vía_Fe,Pistas_de_,Pistas_de1,Cód_Calza,Calzada,Cód__Tipo,Tipo_Calza,Cód_Estad,Estado_Cal,Cód_Condi,Condición,Cód_Est_1,Estado_Atm,Fallecidos,Graves,Menos_Grav,Leves,Ilesos
-8131666.23025874,-4415352.05835939,1123,8364,1358536,-73.0480006,-36.8293864,95,CONCEPCION,1,24463,2021,1358536,REGION BIO BIO,8101,CONCEPCION,ANIBAL PINTO,COCHRANE,0,"ANIBAL PINTO & COCHRANE, CONCEPCION",CHILE,GEOMETRIC_CENTER,33736,2021,1358536,1,2021/06/24 00:00:00+00,1899/12/30 00:00:00+00,8,REGION BIO BIO,8101,CONCEPCION,32,COLISION LATERAL,30,COLISION,1,URBANA,1,TRAMO DE VIA RECTA,1,IMPRUDENCIA DEL CONDUCTOR,27,CONDUCCION NO ATENTO CONDICIONES TRANSITO MOMENTO,0,ANIBAL PINTO,0,COCHRANE,ANIBAL PINTO - COCHRANE,0, , , , ,2,0,1,UNIDIRECCIONAL,1,CONCRETO,1,BUENO,1,SECO,3,LLUVIA,0,0,0,0,2
-8131321.37360821,-4415336.1203021,1124,8365,1381374,-73.0449027,-36.8292718,95,CONCEPCION,1,40299,2021,1381374,REGION BIO BIO,8101,CONCEPCION,CHACABUCO,CASTELLON,0,"CHACABUCO & CASTELLON, CONCEPCION",CHILE,GEOMETRIC_CENTER,55335,2021,1381374,1,2021/09/22 00:00:00+00,1899/12/30 00:00:00+00,8,REGION BIO BIO,8101,CONCEPCION,50,CHOQUE,40,CHOQUE,1,URBANA,1,TRAMO DE VIA RECTA,14,OTRAS CAUSAS,98,OTRAS CAUSAS,0,CHACABUCO,0,CASTELLON,CASTELLON - CHACABUCO,0, , , , ,3,3,3,BIDIRECCIONAL CON BANDEJON,1,CONCRETO,1,BUENO,1,SECO,1,DESPEJADO,0,0,0,0,2
-8132746.16290283,-4415311.71259048,1125,8366,1356788,-73.0577018,-36.8290963,95,CONCEPCION,1,23251,2021,1356788,REGION BIO BIO,8101,CONCEPCION,PADRE HURTADO,O'HIGGINS,0,"PADRE HURTADO & O'HIGGINS, CONCEPCION",CHILE,GEOMETRIC_CENTER,32037,2021,1356788,1,2021/06/16 00:00:00+00,1899/12/30 00:00:00+00,8,REGION BIO BIO,8101,CONCEPCION,32,COLISION LATERAL,30,COLISION,1,URBANA,1,TRAMO DE VIA RECTA,1,IMPRUDENCIA DEL CONDUCTOR,27,CONDUCCION NO ATENTO CONDICIONES TRANSITO MOMENTO,0,PADRE HURTADO,0,O'HIGGINS,O'HIGGINS - PADRE HURTADO,0, , , , ,3,0,1,UNIDIRECCIONAL,1,CONCRETO,1,BUENO,1,SECO,1,DESPEJADO,0,0,0,0,2
-8132746.16290283,-4415311.71259048,1126,8367,1366616,-73.0577018,-36.8290963,95,CONCEPCION,1,28549,2021,1366616,REGION BIO BIO,8101,CONCEPCION,PADRE HURTADO,O'HIGGINS,0,"PADRE HURTADO & O'HIGGINS, CONCEPCION",CHILE,GEOMETRIC_CENTER,39449,2021,1366616,1,2021/07/19 00:00:00+00,1899/12/30 00:00:00+00,8,REGION BIO BIO,8101,CONCEPCION,10,ATROPELLO,10,ATROPELLO,1,URBANA,11,CRUCE CON SEMAFORO FUNCIONANDO,10,DESOBEDIENCIA A SEÑALIZACION,62,SEÑALIZACION DESOBEDECER LUZ ROJA DE SEMAFORO,0,PADRE HURTADO,0,O'HIGGINS,O'HIGGINS - PADRE HURTADO,0, , , , ,2,0,1,UNIDIRECCIONAL,1,CONCRETO,1,BUENO,1,SECO,1,DESPEJADO,0,1,0,0,1
-8133724.80594224,-4415310.57217456,1127,8368,1369536,-73.0664931,-36.8290881,95,CONCEPCION,1,31737,2021,1369536,REGION BIO BIO,8101,CONCEPCION,ZA??ªARTU,CALETERA LOS CARRERA,0,"ZA??ªARTU & CALETERA LOS CARRERA, CONCEPCION",CHILE,GEOMETRIC_CENTER,43795,2021,1369536,1,2021/08/06 00:00:00+00,1899/12/30 00:00:00+00,8,REGION BIO BIO,8101,CONCEPCION,32,COLISION LATERAL,30,COLISION,1,URBANA,15,CRUCE CON SEÑAL CEDA EL PASO,10,DESOBEDIENCIA A SEÑALIZACION,64,SEÑALIZACION DESOBEDECER SEÑAL CEDA EL PASO,0,ZAÑARTU,0,CALETERA LOS CARRERA,CALETERA LOS CARRERA - ZAÑARTU,0, , , , ,1,0,1,UNIDIRECCIONAL,1,CONCRETO,1,BUENO,1,SECO,2,NUBLADO,0,0,0,1,1
-8133724.80594224,-4415310.57217456,1128,8369,1375790,-73.0664931,-36.8290881,95,CONCEPCION,1,36040,2021,1375790,REGION BIO BIO,8101,CONCEPCION,CALETERA LOS CARRERA,ZA??ªARTU,0,"CALETERA LOS CARRERA & ZA??ªARTU, CONCEPCION",CHILE,GEOMETRIC_CENTER,49619,2021,1375790,1,2021/08/30 00:00:00+00,1899/12/30 00:00:00+00,8,REGION BIO BIO,8101,CONCEPCION,32,COLISION LATERAL,30,COLISION,1,URBANA,16,CRUCE SIN SEÑALIZACION,1,IMPRUDENCIA DEL CONDUCTOR,91,VIRAJES INDEBIDOS,0,CALETERA LOS CARRERA,0,ZAÑARTU,CALETERA LOS CARRERA - ZAÑARTU,0, , , , ,2,0,1,UNIDIRECCIONAL,1,CONCRETO,1,BUENO,1,SECO,2,NUBLADO,0,0,0,0,2
-8133072.66296932,-4415309.23705363,1129,8370,1355067,-73.0606348,-36.8290785,95,CONCEPCION,1,21784,2021,1355067,REGION BIO BIO,8101,CONCEPCION,ARTURO PRAT, ,651,"ARTURO PRAT 651, CONCEPCION",CHILE,RANGE_INTERPOLATED,30026,2021,1355067,1,2021/06/07 00:00:00+00,1899/12/30 00:00:00+00,8,REGION BIO BIO,8101,CONCEPCION,52,CHOQUE LATERAL,40,CHOQUE,1,URBANA,26,OTROS NO CONSIDERADOS,1,IMPRUDENCIA DEL CONDUCTOR,11,ADELANTAMIENTO SIN EL ESPACIO O TIEMPO SUFICIENTE,0,ARTURO PRAT,0, ,- ARTURO PRAT,651, , , , ,1,1,2,BIDIRECCIONAL,1,CONCRETO,1,BUENO,1,SECO,1,DESPEJADO,0,0,0,0,2
-8131888.80244863,-4415306.66416481,1130,8371,1397862,-73.05,-36.82906,95,CONCEPCION,1,47939,2021,1397862,REGION BIO BIO,8101,CONCEPCION,CAUPOLICAN, ,299,"CAUPOLICAN 299, CONCEPCION",CHILE,RANGE_INTERPOLATED,65407,2021,1397862,1,2021/11/03 00:00:00+00,1899/12/30 00:00:00+00,8,REGION BIO BIO,8101,CONCEPCION,53,CHOQUE POSTERIOR,40,CHOQUE,1,URBANA,11,CRUCE CON SEMAFORO FUNCIONANDO,1,IMPRUDENCIA DEL CONDUCTOR,27,CONDUCCION NO ATENTO CONDICIONES TRANSITO MOMENTO,0,CAUPOLICAN,0, ,- CAUPOLICAN,299, , , , ,2,0,1,UNIDIRECCIONAL,1,CONCRETO,1,BUENO,1,SECO,1,DESPEJADO,0,0,0,0,2
-8133685.18733546,-4415299.82167434,1131,8372,1332951,-73.0661372,-36.8290108,95,CONCEPCION,1,6964,2021,1332951,REGION BIO BIO,8101,CONCEPCION,CENTRAL NORTE,CALETERA COSTANERA,0,"CENTRAL NORTE & CALETERA COSTANERA, CONCEPCION",CHILE,GEOMETRIC_CENTER,9753,2021,1332951,1,2021/02/20 00:00:00+00,1899/12/30 00:00:00+00,8,REGION BIO BIO,8101,CONCEPCION,34,COLISION PERPENDICULAR,30,COLISION,1,URBANA,15,CRUCE CON SEÑAL CEDA EL PASO,10,DESOBEDIENCIA A SEÑALIZACION,64,SEÑALIZACION DESOBEDECER SEÑAL CEDA EL PASO,0,CENTRAL NORTE,0,CALETERA COSTANERA,CALETERA COSTANERA - CENTRAL NORTE,0, , , , ,3,3,3,BIDIRECCIONAL CON BANDEJON,1,CONCRETO,1,BUENO,1,SECO,1,DESPEJADO,0,0,0,0,2
-8133685.18733546,-4415299.82167434,1132,8373,1383684,-73.0661372,-36.8290108,95,CONCEPCION,1,42043,2021,1383684,REGION BIO BIO,8101,CONCEPCION,CALETERA LOS CARRERA PONIENTE, ,301,"CALETERA LOS CARRERA PONIENTE 301, CONCEPCION",CHILE,RANGE_INTERPOLATED,57583,2021,1383684,1,2021/10/02 00:00:00+00,1899/12/30 00:00:00+00,8,REGION BIO BIO,8101,CONCEPCION,10,ATROPELLO,10,ATROPELLO,1,URBANA,1,TRAMO DE VIA RECTA,2,IMPRUDENCIA DEL PEATON,53,IMPRUDENCIA DEL PEATON,0,CALETERA LOS CARRERA PONIENTE,0, ,- CALETERA LOS CARRERA PONIENTE,301, , , , ,2,0,1,UNIDIRECCIONAL,1,CONCRETO,1,BUENO,1,SECO,1,DESPEJADO,0,1,0,0,1
-8132932.02192465,-4415296.72030307,1133,8374,1337817,-73.0593714,-36.8289885,95,CONCEPCION,1,9944,2021,1337817,REGION BIO BIO,8101,CONCEPCION,FREIRE,ARTURO PRAT,0,"FREIRE & ARTURO PRAT, CONCEPCION",CHILE,GEOMETRIC_CENTER,13846,2021,1337817,1,2021/03/12 00:00:00+00,1899/12/30 00:00:00+00,8,REGION BIO BIO,8101,CONCEPCION,32,COLISION LATERAL,30,COLISION,1,URBANA,11,CRUCE CON SEMAFORO FUNCIONANDO,1,IMPRUDENCIA DEL CONDUCTOR,28,CONDUCCION SIN MANTENER DISTANCIA RAZONABLE NI PRUDENTE,0,FREIRE,0,ARTURO PRAT,ARTURO PRAT - FREIRE,0, , , , ,2,0,1,UNIDIRECCIONAL,1,CONCRETO,1,BUENO,1,SECO,1,DESPEJADO,0,0,0,0,2
-8132932.02192465,-4415296.72030307,1134,8375,1371343,-73.0593714,-36.8289885,95,CONCEPCION,1,32496,2021,1371343,REGION BIO BIO,8101,CONCEPCION,FREIRE,PRAT,0,"FREIRE & PRAT, CONCEPCION",CHILE,GEOMETRIC_CENTER,44839,2021,1371343,1,2021/08/10 00:00:00+00,1899/12/30 00:00:00+00,8,REGION BIO BIO,8101,CONCEPCION,63,CHOQUE FRENTE/POSTERIOR,40,CHOQUE,1,URBANA,11,CRUCE CON SEMAFORO FUNCIONANDO,1,IMPRUDENCIA DEL CONDUCTOR,93,CONDUCIR VEHICULO EN RETROCESO,0,FREIRE,0,PRAT,FREIRE - PRAT,0, , , , ,2,0,1,UNIDIRECCIONAL,1,CONCRETO,1,BUENO,1,SECO,1,DESPEJADO,0,0,0,0,2
-8132932.02192465,-4415296.72030307,1135,8376,1391250,-73.0593714,-36.8289885,95,CONCEPCION,1,47160,2021,1391250,REGION BIO BIO,8101,CONCEPCION,ARTURO PRAT,FREIRE,0,"ARTURO PRAT & FREIRE, CONCEPCION",CHILE,GEOMETRIC_CENTER,64332,2021,1391250,1,2021/10/29 00:00:00+00,1899/12/30 00:00:00+00,8,REGION BIO BIO,8101,CONCEPCION,30,COLISION,30,COLISION,1,URBANA,1,TRAMO DE VIA RECTA,1,IMPRUDENCIA DEL CONDUCTOR,28,CONDUCCION SIN MANTENER DISTANCIA RAZONABLE NI PRUDENTE,0,ARTURO PRAT,0,FREIRE,ARTURO PRAT - FREIRE,0, , , , ,2,0,1,UNIDIRECCIONAL,1,CONCRETO,1,BUENO,1,SECO,1,DESPEJADO,0,0,0,0,2
-8132932.02192465,-4415296.72030307,1136,8377,1391253,-73.0593714,-36.8289885,95,CONCEPCION,1,47218,2021,1391253,REGION BIO BIO,8101,CONCEPCION,ARTURO PRAT,FREIRE,0,"ARTURO PRAT & FREIRE, CONCEPCION",CHILE,GEOMETRIC_CENTER,64403,2021,1391253,1,2021/10/29 00:00:00+00,1899/12/30 00:00:00+00,8,REGION BIO BIO,8101,CONCEPCION,53,CHOQUE POSTERIOR,40,CHOQUE,1,URBANA,11,CRUCE CON SEMAFORO FUNCIONANDO,1,IMPRUDENCIA DEL CONDUCTOR,28,CONDUCCION SIN MANTENER DISTANCIA RAZONABLE NI PRUDENTE,0,ARTURO PRAT,0,FREIRE,ARTURO PRAT - FREIRE,0, , , , ,2,0,1,UNIDIRECCIONAL,1,CONCRETO,1,BUENO,1,SECO,1,DESPEJADO,0,0,0,0,3
-8132579.61781265,-4415290.61491564,1137,8378,1382423,-73.0562057,-36.8289446,95,CONCEPCION,1,41047,2021,1382423,REGION BIO BIO,8101,CONCEPCION,SALAS,BARROS ARANA,0,"SALAS & BARROS ARANA, CONCEPCION",CHILE,GEOMETRIC_CENTER,56315,2021,1382423,1,2021/09/27 00:00:00+00,1899/12/30 00:00:00+00,8,REGION BIO BIO,8101,CONCEPCION,32,COLISION LATERAL,30,COLISION,1,URBANA,11,CRUCE CON SEMAFORO FUNCIONANDO,1,IMPRUDENCIA DEL CONDUCTOR,14,ADELANTAMIENTO SOBREPASANDO LINEA CONTINUA,0,SALAS,0,BARROS ARANA,BARROS ARANA - SALAS,0, , , , ,2,0,1,UNIDIRECCIONAL,1,CONCRETO,1,BUENO,1,SECO,1,DESPEJADO,0,0,0,0,2
-8132222.18205966,-4415288.41753332,1138,8379,1336713,-73.0529948,-36.8289288,95,CONCEPCION,1,9289,2021,1336713,REGION BIO BIO,8101,CONCEPCION,LINCOYAN,O'HIGGINS,0,"LINCOYAN & O'HIGGINS, CONCEPCION",CHILE,GEOMETRIC_CENTER,12983,2021,1336713,1,2021/03/08 00:00:00+00,1899/12/30 00:00:00+00,8,REGION BIO BIO,8101,CONCEPCION,32,COLISION LATERAL,30,COLISION,1,URBANA,1,TRAMO DE VIA RECTA,1,IMPRUDENCIA DEL CONDUCTOR,29,CONDUCCION CAMBIAR SORPRESIVAMENTE PISTA CIRCULACION,0,LINCOYAN,0,O'HIGGINS,LINCOYAN - O'HIGGINS,0, , , , ,2,0,1,UNIDIRECCIONAL,1,CONCRETO,1,BUENO,1,SECO,1,DESPEJADO,0,0,0,0,2
-8132222.18205966,-4415288.41753332,1139,8380,1388739,-73.0529948,-36.8289288,95,CONCEPCION,1,44560,2021,1388739,REGION BIO BIO,8101,CONCEPCION,LINCOYAN,O'HIGGINS,0,"LINCOYAN & O'HIGGINS, CONCEPCION",CHILE,GEOMETRIC_CENTER,60909,2021,1388739,1,2021/10/15 00:00:00+00,1899/12/30 00:00:00+00,8,REGION BIO BIO,8101,CONCEPCION,30,COLISION,30,COLISION,1,URBANA,1,TRAMO DE VIA RECTA,1,IMPRUDENCIA DEL CONDUCTOR,27,CONDUCCION NO ATENTO CONDICIONES TRANSITO MOMENTO,0,LINCOYAN,0,O'HIGGINS,LINCOYAN - O'HIGGINS,0, , , , ,3,0,1,UNIDIRECCIONAL,1,CONCRETO,1,BUENO,1,SECO,1,DESPEJADO,0,0,0,0,2
-8132222.18205966,-4415288.41753332,1140,8381,1398462,-73.0529948,-36.8289288,95,CONCEPCION,1,49153,2021,1398462,REGION BIO BIO,8101,CONCEPCION,LINCOYAN,O'HIGGINS,0,"LINCOYAN & O'HIGGINS, CONCEPCION",CHILE,GEOMETRIC_CENTER,67006,2021,1398462,1,2021/11/09 00:00:00+00,1899/12/30 00:00:00+00,8,REGION BIO BIO,8101,CONCEPCION,53,CHOQUE POSTERIOR,40,CHOQUE,1,URBANA,11,CRUCE CON SEMAFORO FUNCIONANDO,1,IMPRUDENCIA DEL CONDUCTOR,28,CONDUCCION SIN MANTENER DISTANCIA RAZONABLE NI PRUDENTE,0,LINCOYAN,0,O'HIGGINS,LINCOYAN - O'HIGGINS,0, , , , ,4,0,1,UNIDIRECCIONAL,1,CONCRETO,1,BUENO,1,SECO,1,DESPEJADO,0,0,0,0,2
-8132222.18205966,-4415288.41753332,1141,8382,1406005,-73.0529948,-36.8289288,95,CONCEPCION,1,56419,2021,1406005,REGION BIO BIO,8101,CONCEPCION,O'HIGGINS,LINCOYAN,0,"O'HIGGINS & LINCOYAN, CONCEPCION",CHILE,GEOMETRIC_CENTER,76669,2021,1406005,1,2021/12/16 00:00:00+00,1899/12/30 00:00:00+00,8,REGION BIO BIO,8101,CONCEPCION,32,COLISION LATERAL,30,COLISION,1,URBANA,1,TRAMO DE VIA RECTA,1,IMPRUDENCIA DEL CONDUCTOR,29,CONDUCCION CAMBIAR SORPRESIVAMENTE PISTA CIRCULACION,0,O'HIGGINS,0,LINCOYAN,LINCOYAN - O'HIGGINS,0, , , , ,4,0,1,UNIDIRECCIONAL,1,CONCRETO,1,BUENO,1,SECO,1,DESPEJADO,0,0,0,0,2
-8132602.95037792,-4415283.13269163,1142,8383,1387120,-73.0564153,-36.8288908,95,CONCEPCION,1,43956,2021,1387120,REGION BIO BIO,8101,CONCEPCION,CICLOVIA BARROS ARANA, ,1164,"CICLOVIA BARROS ARANA 1164, CONCEPCION",CHILE,RANGE_INTERPOLATED,60144,2021,1387120,1,2021/10/12 00:00:00+00,1899/12/30 00:00:00+00,8,REGION BIO BIO,8101,CONCEPCION,32,COLISION LATERAL,30,COLISION,1,URBANA,1,TRAMO DE VIA RECTA,1,IMPRUDENCIA DEL CONDUCTOR,91,VIRAJES INDEBIDOS,0,CICLOVIA BARROS ARANA,0, ,- CICLOVIA BARROS ARANA,1164, , , , ,2,0,1,UNIDIRECCIONAL,1,CONCRETO,1,BUENO,1,SECO,1,DESPEJADO,0,0,0,0,2
-8131719.953045,-4415275.24715641,1143,8384,1386590,-73.0484832,-36.8288341,95,CONCEPCION,1,42951,2021,1386590,REGION BIO BIO,8101,CONCEPCION,ANIBAL PINTO, ,265,"ANIBAL PINTO 265, CONCEPCION",CHILE,RANGE_INTERPOLATED,58781,2021,1386590,1,2021/10/07 00:00:00+00,1899/12/30 00:00:00+00,8,REGION BIO BIO,8101,CONCEPCION,70,VOLCADURA,70,VOLCADURA,1,URBANA,1,TRAMO DE VIA RECTA,4,ALCOHOL EN CONDUCTOR,24,CONDUCCION EN ESTADO DE EBRIEDAD,0,ANIBAL PINTO,0, ,- ANIBAL PINTO,265, , , , ,2,0,1,UNIDIRECCIONAL,1,CONCRETO,1,BUENO,1,SECO,1,DESPEJADO,0,0,0,1,0
-8131776.42542268,-4415274.20409663,1144,8385,1378785,-73.0489905,-36.8288266,95,CONCEPCION,1,37695,2021,1378785,REGION BIO BIO,8101,CONCEPCION,SAN MARTIN, ,654,"SAN MARTIN 654, CONCEPCION",CHILE,RANGE_INTERPOLATED,51811,2021,1378785,1,2021/09/08 00:00:00+00,1899/12/30 00:00:00+00,8,REGION BIO BIO,8101,CONCEPCION,30,COLISION,30,COLISION,1,URBANA,26,OTROS NO CONSIDERADOS,1,IMPRUDENCIA DEL CONDUCTOR,27,CONDUCCION NO ATENTO CONDICIONES TRANSITO MOMENTO,0,SAN MARTIN,0, ,- SAN MARTIN,654, , , , ,2,0,1,UNIDIRECCIONAL,1,CONCRETO,1,BUENO,1,SECO,1,DESPEJADO,0,0,0,0,2
-8127724.15105492,-4415273.35574142,1145,8386,1367765,-73.0125883,-36.8288205,95,CONCEPCION,1,30670,2021,1367765,REGION BIO BIO,8101,CONCEPCION,RAFAEL DE LA SOTA,JUAN DE DIOS VIAL,0,"RAFAEL DE LA SOTA & JUAN DE DIOS VIAL, CONCEPCION",CHILE,GEOMETRIC_CENTER,42407,2021,1367765,1,2021/07/31 00:00:00+00,1899/12/30 00:00:00+00,8,REGION BIO BIO,8101,CONCEPCION,32,COLISION LATERAL,30,COLISION,1,URBANA,16,CRUCE SIN SEÑALIZACION,1,IMPRUDENCIA DEL CONDUCTOR,27,CONDUCCION NO ATENTO CONDICIONES TRANSITO MOMENTO,0,RAFAEL DE LA SOTA,0,JUAN DE DIOS VIAL,JUAN DE DIOS VIAL - RAFAEL DE LA SOTA,0, , , , ,1,1,2,BIDIRECCIONAL,1,CONCRETO,1,BUENO,1,SECO,1,DESPEJADO,0,0,0,0,2
-8130816.40613408,-4415269.35039315,1146,8387,1331939,-73.0403665,-36.8287917,95,CONCEPCION,1,5482,2021,1331939,REGION BIO BIO,8101,CONCEPCION,VICTOR LAMAS,ONGOLMO,0,"VICTOR LAMAS & ONGOLMO, CONCEPCION",CHILE,GEOMETRIC_CENTER,7659,2021,1331939,1,2021/02/09 00:00:00+00,1899/12/30 00:00:00+00,8,REGION BIO BIO,8101,CONCEPCION,32,COLISION LATERAL,30,COLISION,1,URBANA,11,CRUCE CON SEMAFORO FUNCIONANDO,1,IMPRUDENCIA DEL CONDUCTOR,91,VIRAJES INDEBIDOS,0,VICTOR LAMAS,0,ONGOLMO,ONGOLMO - VICTOR LAMAS,0, , , , ,2,0,1,UNIDIRECCIONAL,1,CONCRETO,1,BUENO,1,SECO,2,NUBLADO,0,0,0,0,2
-8130816.40613408,-4415269.35039315,1147,8388,1342222,-73.0403665,-36.8287917,95,CONCEPCION,1,12475,2021,1342222,REGION BIO BIO,8101,CONCEPCION,ONGOLMO,VICTOR LAMAS,0,"ONGOLMO & VICTOR LAMAS, CONCEPCION",CHILE,GEOMETRIC_CENTER,17252,2021,1342222,1,2021/04/01 00:00:00+00,1899/12/30 00:00:00+00,8,REGION BIO BIO,8101,CONCEPCION,32,COLISION LATERAL,30,COLISION,1,URBANA,1,TRAMO DE VIA RECTA,1,IMPRUDENCIA DEL CONDUCTOR,29,CONDUCCION CAMBIAR SORPRESIVAMENTE PISTA CIRCULACION,0,ONGOLMO,0,VICTOR LAMAS,ONGOLMO - VICTOR LAMAS,0, , , , ,2,0,1,UNIDIRECCIONAL,1,CONCRETO,1,BUENO,1,SECO,2,NUBLADO,0,0,0,0,2
-8130816.40613408,-4415269.35039315,1148,8389,1367643,-73.0403665,-36.8287917,95,CONCEPCION,1,29259,2021,1367643,REGION BIO BIO,8101,CONCEPCION,BELTRAN MATHIEW,VICTOR LAMAS,0,"BELTRAN MATHIEW & VICTOR LAMAS, CONCEPCION",CHILE,GEOMETRIC_CENTER,40453,2021,1367643,1,2021/07/23 00:00:00+00,1899/12/30 00:00:00+00,8,REGION BIO BIO,8101,CONCEPCION,32,COLISION LATERAL,30,COLISION,1,URBANA,11,CRUCE CON SEMAFORO FUNCIONANDO,1,IMPRUDENCIA DEL CONDUCTOR,91,VIRAJES INDEBIDOS,0,BELTRAN MATHIEW,0,VICTOR LAMAS,BELTRAN MATHIEW - VICTOR LAMAS,0, , , , ,2,0,1,UNIDIRECCIONAL,1,CONCRETO,1,BUENO,1,SECO,1,DESPEJADO,0,0,0,0,2
-8130816.40613408,-4415269.35039315,1149,8390,1399331,-73.0403665,-36.8287917,95,CONCEPCION,1,51603,2021,1399331,REGION BIO BIO,8101,CONCEPCION,ONGOLMO,VICTOR LAMAS,0,"ONGOLMO & VICTOR LAMAS, CONCEPCION",CHILE,GEOMETRIC_CENTER,70188,2021,1399331,1,2021/11/20 00:00:00+00,1899/12/30 00:00:00+00,8,REGION BIO BIO,8101,CONCEPCION,34,COLISION PERPENDICULAR,30,COLISION,1,URBANA,11,CRUCE CON SEMAFORO FUNCIONANDO,10,DESOBEDIENCIA A SEÑALIZACION,62,SEÑALIZACION DESOBEDECER LUZ ROJA DE SEMAFORO,0,ONGOLMO,0,VICTOR LAMAS,ONGOLMO - VICTOR LAMAS,0, , , , ,2,0,1,UNIDIRECCIONAL,1,CONCRETO,1,BUENO,1,SECO,1,DESPEJADO,0,0,0,1,1
-8127534.08415634,-4415268.64111288,1150,8391,1356754,-73.0108809,-36.8287866,95,CONCEPCION,1,22097,2021,1356754,REGION BIO BIO,8101,CONCEPCION,CALLE UNO,CALLE CINCO,0,"CALLE UNO & CALLE CINCO, CONCEPCION",CHILE,GEOMETRIC_CENTER,30459,2021,1356754,1,2021/06/09 00:00:00+00,1899/12/30 00:00:00+00,8,REGION BIO BIO,8101,CONCEPCION,10,ATROPELLO,10,ATROPELLO,1,URBANA,14,CRUCE CON SEÑAL PARE,2,IMPRUDENCIA DEL PEATON,53,IMPRUDENCIA DEL PEATON,0,CALLE UNO,0,CALLE CINCO,CALLE CINCO - CALLE UNO,0, , , , ,1,1,2,BIDIRECCIONAL,1,CONCRETO,1,BUENO,1,SECO,1,DESPEJADO,0,1,0,0,1
-8131180.30954948,-4415262.75826073,1151,8392,1331957,-73.0436355,-36.8287443,95,CONCEPCION,1,5526,2021,1331957,REGION BIO BIO,8101,CONCEPCION,TUCAPEL,CHACABUCO,0,"TUCAPEL & CHACABUCO, CONCEPCION",CHILE,GEOMETRIC_CENTER,7719,2021,1331957,1,2021/02/10 00:00:00+00,1899/12/30 00:00:00+00,8,REGION BIO BIO,8101,CONCEPCION,32,COLISION LATERAL,30,COLISION,1,URBANA,11,CRUCE CON SEMAFORO FUNCIONANDO,1,IMPRUDENCIA DEL CONDUCTOR,91,VIRAJES INDEBIDOS,0,TUCAPEL,0,CHACABUCO,CHACABUCO - TUCAPEL,0, , , , ,3,0,1,UNIDIRECCIONAL,1,CONCRETO,1,BUENO,1,SECO,2,NUBLADO,0,0,0,0,2
-8131180.30954948,-4415262.75826073,1152,8393,1337821,-73.0436355,-36.8287443,95,CONCEPCION,1,10073,2021,1337821,REGION BIO BIO,8101,CONCEPCION,CHACABUCO,TUCAPEL,0,"CHACABUCO & TUCAPEL, CONCEPCION",CHILE,GEOMETRIC_CENTER,14009,2021,1337821,1,2021/03/12 00:00:00+00,1899/12/30 00:00:00+00,8,REGION BIO BIO,8101,CONCEPCION,32,COLISION LATERAL,30,COLISION,1,URBANA,11,CRUCE CON SEMAFORO FUNCIONANDO,1,IMPRUDENCIA DEL CONDUCTOR,91,VIRAJES INDEBIDOS,0,CHACABUCO,0,TUCAPEL,CHACABUCO - TUCAPEL,0, , , , ,2,2,3,BIDIRECCIONAL CON BANDEJON,1,CONCRETO,1,BUENO,1,SECO,1,DESPEJADO,0,0,0,0,2
-8131180.30954948,-4415262.75826073,1153,8394,1357353,-73.0436355,-36.8287443,95,CONCEPCION,1,23645,2021,1357353,REGION BIO BIO,8101,CONCEPCION,TUCAPEL,CHACABUCO,0,"TUCAPEL & CHACABUCO, CONCEPCION",CHILE,GEOMETRIC_CENTER,32577,2021,1357353,1,2021/06/18 00:00:00+00,1899/12/30 00:00:00+00,8,REGION BIO BIO,8101,CONCEPCION,34,COLISION PERPENDICULAR,30,COLISION,1,URBANA,11,CRUCE CON SEMAFORO FUNCIONANDO,10,DESOBEDIENCIA A SEÑALIZACION,68,SEÑALIZACION DESOBEDECER LUZ INTERMITENTE SEMAFORO,0,TUCAPEL,0,CHACABUCO,CHACABUCO - TUCAPEL,0, , , , ,2,0,1,UNIDIRECCIONAL,1,CONCRETO,1,BUENO,1,SECO,1,DESPEJADO,0,0,0,0,1
-8131180.30954948,-4415262.75826073,1154,8395,1372833,-73.0436355,-36.8287443,95,CONCEPCION,1,34448,2021,1372833,REGION BIO BIO,8101,CONCEPCION,TUCAPEL,CHACABUCO,0,"TUCAPEL & CHACABUCO, CONCEPCION",CHILE,GEOMETRIC_CENTER,47484,2021,1372833,1,2021/08/21 00:00:00+00,1899/12/30 00:00:00+00,8,REGION BIO BIO,8101,CONCEPCION,32,COLISION LATERAL,30,COLISION,1,URBANA,11,CRUCE CON SEMAFORO FUNCIONANDO,10,DESOBEDIENCIA A SEÑALIZACION,62,SEÑALIZACION DESOBEDECER LUZ ROJA DE SEMAFORO,0,TUCAPEL,0,CHACABUCO,CHACABUCO - TUCAPEL,0, , , , ,3,3,3,BIDIRECCIONAL CON BANDEJON,1,CONCRETO,1,BUENO,3,MOJADO,3,LLUVIA,0,0,1,0,2