X,Y,FID,FID_1,LABELID,POINT_X,POINT_Y,FID_2,COMUNAREAL,VAL_COM,OBJECTID,A_O,IDACCIDENT,REGION,COD_COMUN,COMUNA,CALLE_UNO,CALLE_DOS,NUMERO,DIR_GEOCOD,PAIS,TIPO,OBJECTID_1,Año,Idaccide_1,Claseaccid,Fecha,Hora,Cód_Regi,Región,Cód_Comun,Comuna_1,Cód_Tipo_,Tipo_Accid,Cód_Tipo1,Tipo__CONA,Cód_Zona,Zona,Cód_Ubica,Ubicación,Cód_Causa,Causa__CON,Cód_Cau_1,Causa,Cód_Calle,Calle_Un_1,Cód_Cal_1,Calle_Do_1,Intersecci,Número,Ruta,Cód_Ruta,Ubicaci_1,Km_Vía_Fe,Pistas_de_,Pistas_de1,Cód_Calza,Calzada,Cód__Tipo,Tipo_Calza,Cód_Estad,Estado_Cal,Cód_Condi,Condición,Cód_Est_1,Estado_Atm,Fallecidos,Graves,Menos_Grav,Leves,Ilesos
-8131180.30954948,-4415262.75826073,1155,8396,1390316,-73.0436355,-36.8287443,95,CONCEPCION,1,44796,2021,1390316,REGION BIO BIO,8101,CONCEPCION,TUCAPEL,CHACABUCO,0,"TUCAPEL & CHACABUCO, CONCEPCION",CHILE,GEOMETRIC_CENTER,61231,2021,1390316,1,2021/10/16 00:00:00+00,1899/12/30 00:00:00+00,8,REGION BIO BIO,8101,CONCEPCION,32,COLISION LATERAL,30,COLISION,1,URBANA,1,TRAMO DE VIA RECTA,1,IMPRUDENCIA DEL CONDUCTOR,29,CONDUCCION CAMBIAR SORPRESIVAMENTE PISTA CIRCULACION,0,TUCAPEL,0,CHACABUCO,CHACABUCO - TUCAPEL,0, , , , ,2,0,1,UNIDIRECCIONAL,1,CONCRETO,1,BUENO,1,SECO,1,DESPEJADO,0,0,0,0,2
-8132894.16216584,-4415262.67481604,1156,8397,1344816,-73.0590313,-36.8287437,95,CONCEPCION,1,14731,2021,1344816,REGION BIO BIO,8101,CONCEPCION,FREIRE, ,37,"FREIRE 37, CONCEPCION",CHILE,RANGE_INTERPOLATED,20305,2021,1344816,1,2021/04/20 00:00:00+00,1899/12/30 00:00:00+00,8,REGION BIO BIO,8101,CONCEPCION,30,COLISION,30,COLISION,1,URBANA,1,TRAMO DE VIA RECTA,1,IMPRUDENCIA DEL CONDUCTOR,27,CONDUCCION NO ATENTO CONDICIONES TRANSITO MOMENTO,0,FREIRE,0, ,- FREIRE,37, , , , ,2,0,1,UNIDIRECCIONAL,1,CONCRETO,1,BUENO,2,HUMEDO,2,NUBLADO,0,0,0,0,2
-8131681.44763313,-4415254.0104795,1157,8398,1399513,-73.0481373,-36.8286814,95,CONCEPCION,1,52313,2021,1399513,REGION BIO BIO,8101,CONCEPCION,ANIBAL PINTO, ,266,"ANIBAL PINTO 266, CONCEPCION",CHILE,RANGE_INTERPOLATED,71120,2021,1399513,1,2021/11/24 00:00:00+00,1899/12/30 00:00:00+00,8,REGION BIO BIO,8101,CONCEPCION,52,CHOQUE LATERAL,40,CHOQUE,1,URBANA,1,TRAMO DE VIA RECTA,1,IMPRUDENCIA DEL CONDUCTOR,27,CONDUCCION NO ATENTO CONDICIONES TRANSITO MOMENTO,0,ANIBAL PINTO,0, ,- ANIBAL PINTO,266, , , , ,2,0,1,UNIDIRECCIONAL,1,CONCRETO,1,BUENO,1,SECO,1,DESPEJADO,0,0,0,0,3
-8130809.73809658,-4415235.76393831,1158,8399,1336680,-73.0403066,-36.8285502,95,CONCEPCION,1,9215,2021,1336680,REGION BIO BIO,8101,CONCEPCION,ONGOLMO, ,8,"ONGOLMO 8, CONCEPCION",CHILE,RANGE_INTERPOLATED,12876,2021,1336680,1,2021/03/07 00:00:00+00,1899/12/30 00:00:00+00,8,REGION BIO BIO,8101,CONCEPCION,53,CHOQUE POSTERIOR,40,CHOQUE,1,URBANA,1,TRAMO DE VIA RECTA,1,IMPRUDENCIA DEL CONDUCTOR,28,CONDUCCION SIN MANTENER DISTANCIA RAZONABLE NI PRUDENTE,0,ONGOLMO,0, ,- ONGOLMO,8, , , , ,2,0,1,UNIDIRECCIONAL,1,CONCRETO,1,BUENO,1,SECO,1,DESPEJADO,0,0,0,0,2
-8132263.20329202,-4415233.52484509,1159,8400,1390300,-73.0533633,-36.8285341,95,CONCEPCION,1,45819,2021,1390300,REGION BIO BIO,8101,CONCEPCION,LINCOYAN, ,441,"LINCOYAN 441, CONCEPCION",CHILE,RANGE_INTERPOLATED,62595,2021,1390300,1,2021/10/22 00:00:00+00,1899/12/30 00:00:00+00,8,REGION BIO BIO,8101,CONCEPCION,32,COLISION LATERAL,30,COLISION,1,URBANA,1,TRAMO DE VIA RECTA,1,IMPRUDENCIA DEL CONDUCTOR,27,CONDUCCION NO ATENTO CONDICIONES TRANSITO MOMENTO,0,LINCOYAN,0, ,- LINCOYAN,441, , , , ,3,0,1,UNIDIRECCIONAL,1,CONCRETO,1,BUENO,1,SECO,1,DESPEJADO,0,0,0,0,6
-8133213.64910441,-4415229.65858586,1160,8401,1374959,-73.0619013,-36.8285063,95,CONCEPCION,1,35549,2021,1374959,REGION BIO BIO,8101,CONCEPCION,MAIPU,PADRE HURTADO,0,"MAIPU & PADRE HURTADO, CONCEPCION",CHILE,GEOMETRIC_CENTER,48943,2021,1374959,1,2021/08/27 00:00:00+00,1899/12/30 00:00:00+00,8,REGION BIO BIO,8101,CONCEPCION,34,COLISION PERPENDICULAR,30,COLISION,1,URBANA,26,OTROS NO CONSIDERADOS,1,IMPRUDENCIA DEL CONDUCTOR,27,CONDUCCION NO ATENTO CONDICIONES TRANSITO MOMENTO,0,MAIPU,0,PADRE HURTADO,MAIPU - PADRE HURTADO,0, , , , ,2,0,1,UNIDIRECCIONAL,1,CONCRETO,1,BUENO,1,SECO,1,DESPEJADO,0,1,0,0,1
-8132795.14347878,-4415223.78966265,1161,8402,1359995,-73.0581418,-36.8284641,95,CONCEPCION,1,25488,2021,1359995,REGION BIO BIO,8101,CONCEPCION,FREIRE,SERRANO,0,"FREIRE & SERRANO, CONCEPCION",CHILE,GEOMETRIC_CENTER,35209,2021,1359995,1,2021/07/01 00:00:00+00,1899/12/30 00:00:00+00,8,REGION BIO BIO,8101,CONCEPCION,32,COLISION LATERAL,30,COLISION,1,URBANA,1,TRAMO DE VIA RECTA,1,IMPRUDENCIA DEL CONDUCTOR,11,ADELANTAMIENTO SIN EL ESPACIO O TIEMPO SUFICIENTE,0,FREIRE,0,SERRANO,FREIRE - SERRANO,0, , , , ,3,0,1,UNIDIRECCIONAL,1,CONCRETO,1,BUENO,2,HUMEDO,2,NUBLADO,0,0,0,0,2
-8132795.14347878,-4415223.78966265,1162,8403,1369233,-73.0581418,-36.8284641,95,CONCEPCION,1,30993,2021,1369233,REGION BIO BIO,8101,CONCEPCION,FREIRE,SERRANO,0,"FREIRE & SERRANO, CONCEPCION",CHILE,GEOMETRIC_CENTER,42847,2021,1369233,1,2021/08/02 00:00:00+00,1899/12/30 00:00:00+00,8,REGION BIO BIO,8101,CONCEPCION,32,COLISION LATERAL,30,COLISION,1,URBANA,1,TRAMO DE VIA RECTA,1,IMPRUDENCIA DEL CONDUCTOR,27,CONDUCCION NO ATENTO CONDICIONES TRANSITO MOMENTO,0,FREIRE,0,SERRANO,FREIRE - SERRANO,0, , , , ,2,0,1,UNIDIRECCIONAL,1,CONCRETO,1,BUENO,1,SECO,1,DESPEJADO,0,0,0,0,2
-8132795.14347878,-4415223.78966265,1163,8404,1380853,-73.0581418,-36.8284641,95,CONCEPCION,1,40040,2021,1380853,REGION BIO BIO,8101,CONCEPCION,FREIRE,SERRANO,0,"FREIRE & SERRANO, CONCEPCION",CHILE,GEOMETRIC_CENTER,54999,2021,1380853,1,2021/09/21 00:00:00+00,1899/12/30 00:00:00+00,8,REGION BIO BIO,8101,CONCEPCION,32,COLISION LATERAL,30,COLISION,1,URBANA,11,CRUCE CON SEMAFORO FUNCIONANDO,1,IMPRUDENCIA DEL CONDUCTOR,27,CONDUCCION NO ATENTO CONDICIONES TRANSITO MOMENTO,0,FREIRE,0,SERRANO,FREIRE - SERRANO,0, , , , ,2,0,1,UNIDIRECCIONAL,1,CONCRETO,1,BUENO,1,SECO,1,DESPEJADO,0,0,0,0,2
-8133790.06142774,-4415222.85786709,1164,8405,1362024,-73.0670793,-36.8284574,95,CONCEPCION,1,26618,2021,1362024,REGION BIO BIO,8101,CONCEPCION,DESIDERIO SANHUEZA, ,631,"DESIDERIO SANHUEZA 631, CONCEPCION",CHILE,RANGE_INTERPOLATED,36712,2021,1362024,1,2021/07/07 00:00:00+00,1899/12/30 00:00:00+00,8,REGION BIO BIO,8101,CONCEPCION,50,CHOQUE,40,CHOQUE,1,URBANA,26,OTROS NO CONSIDERADOS,1,IMPRUDENCIA DEL CONDUCTOR,93,CONDUCIR VEHICULO EN RETROCESO,0,DESIDERIO SANHUEZA,0, ,- DESIDERIO SANHUEZA,631, , , , ,1,1,2,BIDIRECCIONAL,1,CONCRETO,1,BUENO,1,SECO,2,NUBLADO,0,0,0,0,2
-8133861.929291,-4415221.75918287,1165,8406,1353213,-73.0677249,-36.8284495,95,CONCEPCION,1,20509,2021,1353213,REGION BIO BIO,8101,CONCEPCION,ZA??ªARTU, ,850,"ZA??ªARTU 850, CONCEPCION",CHILE,RANGE_INTERPOLATED,28256,2021,1353213,1,2021/05/30 00:00:00+00,1899/12/30 00:00:00+00,8,REGION BIO BIO,8101,CONCEPCION,50,CHOQUE,40,CHOQUE,1,URBANA,1,TRAMO DE VIA RECTA,9,PERDIDA CONTROL VEHICULO,95,PERDIDA CONTROL VEHICULO,0,ZAÑARTU,0, ,- ZAÑARTU,850, , , , ,1,1,2,BIDIRECCIONAL,1,CONCRETO,1,BUENO,2,HUMEDO,2,NUBLADO,0,0,0,0,1
-8132440.39052552,-4415217.18365107,1166,8407,1336047,-73.054955,-36.8284166,95,CONCEPCION,1,8669,2021,1336047,REGION BIO BIO,8101,CONCEPCION,ANGOL,BARROS ARANA,0,"ANGOL & BARROS ARANA, CONCEPCION",CHILE,GEOMETRIC_CENTER,12142,2021,1336047,1,2021/03/04 00:00:00+00,1899/12/30 00:00:00+00,8,REGION BIO BIO,8101,CONCEPCION,30,COLISION,30,COLISION,1,URBANA,1,TRAMO DE VIA RECTA,1,IMPRUDENCIA DEL CONDUCTOR,93,CONDUCIR VEHICULO EN RETROCESO,0,ANGOL,0,BARROS ARANA,ANGOL - BARROS ARANA,0, , , , ,2,0,1,UNIDIRECCIONAL,1,CONCRETO,1,BUENO,1,SECO,1,DESPEJADO,0,0,0,0,2
-8132440.39052552,-4415217.18365107,1167,8408,1387200,-73.054955,-36.8284166,95,CONCEPCION,1,44771,2021,1387200,REGION BIO BIO,8101,CONCEPCION,ANGOL,BARROS ARANA,0,"ANGOL & BARROS ARANA, CONCEPCION",CHILE,GEOMETRIC_CENTER,61197,2021,1387200,1,2021/10/16 00:00:00+00,1899/12/30 00:00:00+00,8,REGION BIO BIO,8101,CONCEPCION,10,ATROPELLO,10,ATROPELLO,1,URBANA,1,TRAMO DE VIA RECTA,2,IMPRUDENCIA DEL PEATON,51,PEATON PERMANECE SOBRE LA CALZADA,0,ANGOL,0,BARROS ARANA,ANGOL - BARROS ARANA,0, , , , ,2,0,1,UNIDIRECCIONAL,1,CONCRETO,1,BUENO,1,SECO,1,DESPEJADO,0,0,0,1,1
-8132084.92512751,-4415215.95980096,1168,8409,1326322,-73.0517618,-36.8284078,95,CONCEPCION,1,2291,2021,1326322,REGION BIO BIO,8101,CONCEPCION,RENGO,O'HIGGINS,0,"RENGO & O'HIGGINS, CONCEPCION",CHILE,GEOMETRIC_CENTER,3145,2021,1326322,1,2021/01/16 00:00:00+00,1899/12/30 00:00:00+00,8,REGION BIO BIO,8101,CONCEPCION,34,COLISION PERPENDICULAR,30,COLISION,1,URBANA,11,CRUCE CON SEMAFORO FUNCIONANDO,10,DESOBEDIENCIA A SEÑALIZACION,62,SEÑALIZACION DESOBEDECER LUZ ROJA DE SEMAFORO,0,RENGO,0,O'HIGGINS,O'HIGGINS - RENGO,0, , , , ,3,0,1,UNIDIRECCIONAL,1,CONCRETO,1,BUENO,1,SECO,1,DESPEJADO,0,0,0,0,2
-8132084.92512751,-4415215.95980096,1169,8410,1357366,-73.0517618,-36.8284078,95,CONCEPCION,1,23809,2021,1357366,REGION BIO BIO,8101,CONCEPCION,RENGO,O'HIGGINS,0,"RENGO & O'HIGGINS, CONCEPCION",CHILE,GEOMETRIC_CENTER,32808,2021,1357366,1,2021/06/19 00:00:00+00,1899/12/30 00:00:00+00,8,REGION BIO BIO,8101,CONCEPCION,33,COLISION POR ALCANCE,30,COLISION,1,URBANA,11,CRUCE CON SEMAFORO FUNCIONANDO,1,IMPRUDENCIA DEL CONDUCTOR,28,CONDUCCION SIN MANTENER DISTANCIA RAZONABLE NI PRUDENTE,0,RENGO,0,O'HIGGINS,O'HIGGINS - RENGO,0, , , , ,3,0,1,UNIDIRECCIONAL,1,CONCRETO,1,BUENO,1,SECO,1,DESPEJADO,0,0,0,0,2
-8132084.92512751,-4415215.95980096,1170,8411,1378826,-73.0517618,-36.8284078,95,CONCEPCION,1,38003,2021,1378826,REGION BIO BIO,8101,CONCEPCION,O'HIGGINS,RENGO,0,"O'HIGGINS & RENGO, CONCEPCION",CHILE,GEOMETRIC_CENTER,52216,2021,1378826,1,2021/09/09 00:00:00+00,1899/12/30 00:00:00+00,8,REGION BIO BIO,8101,CONCEPCION,34,COLISION PERPENDICULAR,30,COLISION,1,URBANA,11,CRUCE CON SEMAFORO FUNCIONANDO,10,DESOBEDIENCIA A SEÑALIZACION,68,SEÑALIZACION DESOBEDECER LUZ INTERMITENTE SEMAFORO,0,O'HIGGINS,0,RENGO,O'HIGGINS - RENGO,0, , , , ,3,0,1,UNIDIRECCIONAL,1,CONCRETO,1,BUENO,1,SECO,1,DESPEJADO,0,0,0,0,2
-8132084.92512751,-4415215.95980096,1171,8412,1379876,-73.0517618,-36.8284078,95,CONCEPCION,1,39279,2021,1379876,REGION BIO BIO,8101,CONCEPCION,O'HIGGINS,RENGO,0,"O'HIGGINS & RENGO, CONCEPCION",CHILE,GEOMETRIC_CENTER,53939,2021,1379876,1,2021/09/16 00:00:00+00,1899/12/30 00:00:00+00,8,REGION BIO BIO,8101,CONCEPCION,32,COLISION LATERAL,30,COLISION,1,URBANA,1,TRAMO DE VIA RECTA,1,IMPRUDENCIA DEL CONDUCTOR,29,CONDUCCION CAMBIAR SORPRESIVAMENTE PISTA CIRCULACION,0,O'HIGGINS,0,RENGO,O'HIGGINS - RENGO,0, , , , ,4,0,1,UNIDIRECCIONAL,1,CONCRETO,1,BUENO,1,SECO,1,DESPEJADO,0,0,0,0,2
-8132084.92512751,-4415215.95980096,1172,8413,1379883,-73.0517618,-36.8284078,95,CONCEPCION,1,39377,2021,1379883,REGION BIO BIO,8101,CONCEPCION,O'HIGGINS,RENGO,0,"O'HIGGINS & RENGO, CONCEPCION",CHILE,GEOMETRIC_CENTER,54069,2021,1379883,1,2021/09/17 00:00:00+00,1899/12/30 00:00:00+00,8,REGION BIO BIO,8101,CONCEPCION,34,COLISION PERPENDICULAR,30,COLISION,1,URBANA,11,CRUCE CON SEMAFORO FUNCIONANDO,10,DESOBEDIENCIA A SEÑALIZACION,62,SEÑALIZACION DESOBEDECER LUZ ROJA DE SEMAFORO,0,O'HIGGINS,0,RENGO,O'HIGGINS - RENGO,0, , , , ,4,0,1,UNIDIRECCIONAL,1,CONCRETO,1,BUENO,1,SECO,1,DESPEJADO,0,0,0,0,2
-8132084.92512751,-4415215.95980096,1173,8414,1405013,-73.0517618,-36.8284078,95,CONCEPCION,1,55229,2021,1405013,REGION BIO BIO,8101,CONCEPCION,RENGO,O'HIGGINS,0,"RENGO & O'HIGGINS, CONCEPCION",CHILE,GEOMETRIC_CENTER,75039,2021,1405013,1,2021/12/09 00:00:00+00,1899/12/30 00:00:00+00,8,REGION BIO BIO,8101,CONCEPCION,34,COLISION PERPENDICULAR,30,COLISION,1,URBANA,11,CRUCE CON SEMAFORO FUNCIONANDO,10,DESOBEDIENCIA A SEÑALIZACION,62,SEÑALIZACION DESOBEDECER LUZ ROJA DE SEMAFORO,0,RENGO,0,O'HIGGINS,O'HIGGINS - RENGO,0, , , , ,4,0,1,UNIDIRECCIONAL,1,CONCRETO,1,BUENO,1,SECO,1,DESPEJADO,0,0,0,1,1
-8132084.92512751,-4415215.95980096,1174,8415,1409751,-73.0517618,-36.8284078,95,CONCEPCION,1,59099,2021,1409751,REGION BIO BIO,8101,CONCEPCION,O'HIGGINS,RENGO,0,"O'HIGGINS & RENGO, CONCEPCION",CHILE,GEOMETRIC_CENTER,80301,2021,1409751,1,2021/12/30 00:00:00+00,1899/12/30 00:00:00+00,8,REGION BIO BIO,8101,CONCEPCION,30,COLISION,30,COLISION,1,URBANA,11,CRUCE CON SEMAFORO FUNCIONANDO,4,ALCOHOL EN CONDUCTOR,24,CONDUCCION EN ESTADO DE EBRIEDAD,0,O'HIGGINS,0,RENGO,O'HIGGINS - RENGO,0, , , , ,4,0,1,UNIDIRECCIONAL,1,CONCRETO,1,BUENO,1,SECO,1,DESPEJADO,0,0,0,0,2
-8131738.25396928,-4415210.5776436,1175,8416,1361954,-73.0486476,-36.8283691,95,CONCEPCION,1,26354,2021,1361954,REGION BIO BIO,8101,CONCEPCION,SAN MARTIN,ANIBAL PINTO,0,"SAN MARTIN & ANIBAL PINTO, CONCEPCION",CHILE,GEOMETRIC_CENTER,36358,2021,1361954,1,2021/07/06 00:00:00+00,1899/12/30 00:00:00+00,8,REGION BIO BIO,8101,CONCEPCION,30,COLISION,30,COLISION,1,URBANA,11,CRUCE CON SEMAFORO FUNCIONANDO,1,IMPRUDENCIA DEL CONDUCTOR,27,CONDUCCION NO ATENTO CONDICIONES TRANSITO MOMENTO,0,SAN MARTIN,0,ANIBAL PINTO,ANIBAL PINTO - SAN MARTIN,0, , , , ,2,0,1,UNIDIRECCIONAL,1,CONCRETO,1,BUENO,1,SECO,1,DESPEJADO,0,0,0,0,2
-8131738.25396928,-4415210.5776436,1176,8417,1383603,-73.0486476,-36.8283691,95,CONCEPCION,1,38085,2021,1383603,REGION BIO BIO,8101,CONCEPCION,SAN MARTIN,ANIBAL PINTO,0,"SAN MARTIN & ANIBAL PINTO, CONCEPCION",CHILE,GEOMETRIC_CENTER,52316,2021,1383603,1,2021/09/10 00:00:00+00,1899/12/30 00:00:00+00,8,REGION BIO BIO,8101,CONCEPCION,32,COLISION LATERAL,30,COLISION,1,URBANA,11,CRUCE CON SEMAFORO FUNCIONANDO,1,IMPRUDENCIA DEL CONDUCTOR,29,CONDUCCION CAMBIAR SORPRESIVAMENTE PISTA CIRCULACION,0,SAN MARTIN,0,ANIBAL PINTO,ANIBAL PINTO - SAN MARTIN,0, , , , ,2,0,1,UNIDIRECCIONAL,1,CONCRETO,1,BUENO,1,SECO,1,DESPEJADO,0,0,0,0,2
-8131738.25396928,-4415210.5776436,1177,8418,1402679,-73.0486476,-36.8283691,95,CONCEPCION,1,52027,2021,1402679,REGION BIO BIO,8101,CONCEPCION,SAN MARTIN,ANIBAL PINTO,0,"SAN MARTIN & ANIBAL PINTO, CONCEPCION",CHILE,GEOMETRIC_CENTER,70748,2021,1402679,1,2021/11/23 00:00:00+00,1899/12/30 00:00:00+00,8,REGION BIO BIO,8101,CONCEPCION,30,COLISION,30,COLISION,1,URBANA,1,TRAMO DE VIA RECTA,13,CAUSAS NO DETERMINADAS,97,CAUSAS NO DETERMINADAS,0,SAN MARTIN,0,ANIBAL PINTO,ANIBAL PINTO - SAN MARTIN,0, , , , ,2,2,2,BIDIRECCIONAL,1,CONCRETO,1,BUENO,1,SECO,1,DESPEJADO,0,0,0,0,2
-8131388.44360142,-4415208.01868601,1178,8419,1367846,-73.0455052,-36.8283507,95,CONCEPCION,1,27508,2021,1367846,REGION BIO BIO,8101,CONCEPCION,COCHRANE,CASTELLON,0,"COCHRANE & CASTELLON, CONCEPCION",CHILE,GEOMETRIC_CENTER,37957,2021,1367846,1,2021/07/12 00:00:00+00,1899/12/30 00:00:00+00,8,REGION BIO BIO,8101,CONCEPCION,34,COLISION PERPENDICULAR,30,COLISION,1,URBANA,11,CRUCE CON SEMAFORO FUNCIONANDO,10,DESOBEDIENCIA A SEÑALIZACION,62,SEÑALIZACION DESOBEDECER LUZ ROJA DE SEMAFORO,0,COCHRANE,0,CASTELLON,CASTELLON - COCHRANE,0, , , , ,2,0,1,UNIDIRECCIONAL,1,CONCRETO,1,BUENO,1,SECO,1,DESPEJADO,0,0,0,0,2
-8131267.02743281,-4415207.33722458,1179,8420,1342223,-73.0444145,-36.8283458,95,CONCEPCION,1,12521,2021,1342223,REGION BIO BIO,8101,CONCEPCION,FLORIDA, ,961,"FLORIDA 961, CONCEPCION",CHILE,RANGE_INTERPOLATED,17309,2021,1342223,1,2021/04/01 00:00:00+00,1899/12/30 00:00:00+00,8,REGION BIO BIO,8101,CONCEPCION,50,CHOQUE,40,CHOQUE,1,URBANA,1,TRAMO DE VIA RECTA,1,IMPRUDENCIA DEL CONDUCTOR,27,CONDUCCION NO ATENTO CONDICIONES TRANSITO MOMENTO,0,FLORIDA,0, ,- FLORIDA,961, , , , ,2,0,1,UNIDIRECCIONAL,1,CONCRETO,1,BUENO,1,SECO,1,DESPEJADO,0,0,0,0,2
-8131032.17670308,-4415195.50205452,1180,8421,1353211,-73.0423048,-36.8282607,95,CONCEPCION,1,20600,2021,1353211,REGION BIO BIO,8101,CONCEPCION,OROMPELLO,CHACABUCO,0,"OROMPELLO & CHACABUCO, CONCEPCION",CHILE,GEOMETRIC_CENTER,28394,2021,1353211,1,2021/05/31 00:00:00+00,1899/12/30 00:00:00+00,8,REGION BIO BIO,8101,CONCEPCION,34,COLISION PERPENDICULAR,30,COLISION,1,URBANA,11,CRUCE CON SEMAFORO FUNCIONANDO,10,DESOBEDIENCIA A SEÑALIZACION,68,SEÑALIZACION DESOBEDECER LUZ INTERMITENTE SEMAFORO,0,OROMPELLO,0,CHACABUCO,CHACABUCO - OROMPELLO,0, , , , ,2,0,1,UNIDIRECCIONAL,1,CONCRETO,1,BUENO,1,SECO,2,NUBLADO,0,0,0,0,2
-8131032.17670308,-4415195.50205452,1181,8422,1370182,-73.0423048,-36.8282607,95,CONCEPCION,1,32252,2021,1370182,REGION BIO BIO,8101,CONCEPCION,CHACABUCO,OROMPELLO,0,"CHACABUCO & OROMPELLO, CONCEPCION",CHILE,GEOMETRIC_CENTER,44507,2021,1370182,1,2021/08/08 00:00:00+00,1899/12/30 00:00:00+00,8,REGION BIO BIO,8101,CONCEPCION,34,COLISION PERPENDICULAR,30,COLISION,1,URBANA,11,CRUCE CON SEMAFORO FUNCIONANDO,10,DESOBEDIENCIA A SEÑALIZACION,62,SEÑALIZACION DESOBEDECER LUZ ROJA DE SEMAFORO,0,CHACABUCO,0,OROMPELLO,CHACABUCO - OROMPELLO,0, , , , ,3,3,3,BIDIRECCIONAL CON BANDEJON,1,CONCRETO,1,BUENO,1,SECO,2,NUBLADO,0,0,0,1,3
-8131032.17670308,-4415195.50205452,1182,8423,1398471,-73.0423048,-36.8282607,95,CONCEPCION,1,49611,2021,1398471,REGION BIO BIO,8101,CONCEPCION,OROMPELLO,CHACABUCO,0,"OROMPELLO & CHACABUCO, CONCEPCION",CHILE,GEOMETRIC_CENTER,67585,2021,1398471,1,2021/11/11 00:00:00+00,1899/12/30 00:00:00+00,8,REGION BIO BIO,8101,CONCEPCION,10,ATROPELLO,10,ATROPELLO,1,URBANA,11,CRUCE CON SEMAFORO FUNCIONANDO,1,IMPRUDENCIA DEL CONDUCTOR,31,NO RESPETAR DERECHO PREFERENTE DE PASO A PEATON,0,OROMPELLO,0,CHACABUCO,CHACABUCO - OROMPELLO,0, , , , ,2,0,1,UNIDIRECCIONAL,1,CONCRETO,1,BUENO,1,SECO,1,DESPEJADO,0,0,0,1,1
-8133769.21128711,-4415191.85832679,1183,8424,1344636,-73.066892,-36.8282345,95,CONCEPCION,1,14745,2021,1344636,REGION BIO BIO,8101,CONCEPCION,COSTANERA,DESIDERIO SANHUEZA,0,"COSTANERA & DESIDERIO SANHUEZA, CONCEPCION",CHILE,GEOMETRIC_CENTER,20323,2021,1344636,1,2021/04/20 00:00:00+00,1899/12/30 00:00:00+00,8,REGION BIO BIO,8101,CONCEPCION,30,COLISION,30,COLISION,1,URBANA,11,CRUCE CON SEMAFORO FUNCIONANDO,1,IMPRUDENCIA DEL CONDUCTOR,28,CONDUCCION SIN MANTENER DISTANCIA RAZONABLE NI PRUDENTE,0,COSTANERA,0,DESIDERIO SANHUEZA,COSTANERA - DESIDERIO SANHUEZA,0, , , , ,1,1,2,BIDIRECCIONAL,1,CONCRETO,1,BUENO,3,MOJADO,3,LLUVIA,0,0,0,0,2
-8133769.21128711,-4415191.85832679,1184,8425,1398532,-73.066892,-36.8282345,95,CONCEPCION,1,50484,2021,1398532,REGION BIO BIO,8101,CONCEPCION,DESIDERIO SANHUEZA,COSTANERA,0,"DESIDERIO SANHUEZA & COSTANERA, CONCEPCION",CHILE,GEOMETRIC_CENTER,68759,2021,1398532,1,2021/11/15 00:00:00+00,1899/12/30 00:00:00+00,8,REGION BIO BIO,8101,CONCEPCION,10,ATROPELLO,10,ATROPELLO,1,URBANA,11,CRUCE CON SEMAFORO FUNCIONANDO,2,IMPRUDENCIA DEL PEATON,53,IMPRUDENCIA DEL PEATON,0,DESIDERIO SANHUEZA,0,COSTANERA,COSTANERA - DESIDERIO SANHUEZA,0, , , , ,2,0,1,UNIDIRECCIONAL,1,CONCRETO,1,BUENO,1,SECO,1,DESPEJADO,0,0,0,1,1
-8133769.21128711,-4415191.85832679,1185,8426,1402726,-73.066892,-36.8282345,95,CONCEPCION,0,52408,2021,1402726,REGION BIO BIO,8103,CHIGUAYANTE,COSTANERA,PEDRO DEL RIO,0,"COSTANERA & PEDRO DEL RIO, CHIGUAYANTE",CHILE,GEOMETRIC_CENTER,71246,2021,1402726,1,2021/11/25 00:00:00+00,1899/12/30 00:00:00+00,8,REGION BIO BIO,8103,CHIGUAYANTE,30,COLISION,30,COLISION,1,URBANA,1,TRAMO DE VIA RECTA,13,CAUSAS NO DETERMINADAS,97,CAUSAS NO DETERMINADAS,0,COSTANERA,0,PEDRO DEL RIO,COSTANERA - PEDRO DEL RIO,0, , , , ,2,2,2,BIDIRECCIONAL,1,CONCRETO,1,BUENO,1,SECO,1,DESPEJADO,0,0,0,0,2
-8133769.21128711,-4415191.85832679,1186,8427,1399553,-73.066892,-36.8282345,95,CONCEPCION,1,52607,2021,1399553,REGION BIO BIO,8101,CONCEPCION,DESIDERIO SANHUEZA,COSTANERA,0,"DESIDERIO SANHUEZA & COSTANERA, CONCEPCION",CHILE,GEOMETRIC_CENTER,71504,2021,1399553,1,2021/11/26 00:00:00+00,1899/12/30 00:00:00+00,8,REGION BIO BIO,8101,CONCEPCION,30,COLISION,30,COLISION,1,URBANA,11,CRUCE CON SEMAFORO FUNCIONANDO,10,DESOBEDIENCIA A SEÑALIZACION,62,SEÑALIZACION DESOBEDECER LUZ ROJA DE SEMAFORO,0,DESIDERIO SANHUEZA,0,COSTANERA,COSTANERA - DESIDERIO SANHUEZA,0, , , , ,1,1,2,BIDIRECCIONAL,1,CONCRETO,1,BUENO,1,SECO,1,DESPEJADO,0,0,0,0,2