X,Y,FID,FID_1,LABELID,POINT_X,POINT_Y,FID_2,COMUNAREAL,VAL_COM,OBJECTID,A_O,IDACCIDENT,REGION,COD_COMUN,COMUNA,CALLE_UNO,CALLE_DOS,NUMERO,DIR_GEOCOD,PAIS,TIPO,OBJECTID_1,Año,Idaccide_1,Claseaccid,Fecha,Hora,Cód_Regi,Región,Cód_Comun,Comuna_1,Cód_Tipo_,Tipo_Accid,Cód_Tipo1,Tipo__CONA,Cód_Zona,Zona,Cód_Ubica,Ubicación,Cód_Causa,Causa__CON,Cód_Cau_1,Causa,Cód_Calle,Calle_Un_1,Cód_Cal_1,Calle_Do_1,Intersecci,Número,Ruta,Cód_Ruta,Ubicaci_1,Km_Vía_Fe,Pistas_de_,Pistas_de1,Cód_Calza,Calzada,Cód__Tipo,Tipo_Calza,Cód_Estad,Estado_Cal,Cód_Condi,Condición,Cód_Est_1,Estado_Atm,Fallecidos,Graves,Menos_Grav,Leves,Ilesos
-8133426.82592928,-4415189.16030018,1187,8428,1363324,-73.0638163,-36.8282151,95,CONCEPCION,1,27584,2021,1363324,REGION BIO BIO,8101,CONCEPCION,ZA??ªARTU,LOS CARRERA,0,"ZA??ªARTU & LOS CARRERA, CONCEPCION",CHILE,GEOMETRIC_CENTER,38066,2021,1363324,1,2021/07/13 00:00:00+00,1899/12/30 00:00:00+00,8,REGION BIO BIO,8101,CONCEPCION,32,COLISION LATERAL,30,COLISION,1,URBANA,15,CRUCE CON SEÑAL CEDA EL PASO,10,DESOBEDIENCIA A SEÑALIZACION,64,SEÑALIZACION DESOBEDECER SEÑAL CEDA EL PASO,0,ZAÑARTU,0,LOS CARRERA,LOS CARRERA - ZAÑARTU,0, , , , ,3,3,3,BIDIRECCIONAL CON BANDEJON,1,CONCRETO,1,BUENO,1,SECO,1,DESPEJADO,0,0,0,0,2
-8132819.91206548,-4415187.04638291,1188,8429,1387286,-73.0583643,-36.8281999,95,CONCEPCION,0,44898,2021,1387286,REGION BIO BIO,8205,CURANILAHUE,IGNACIO SERRANO,MAIPU,0,"IGNACIO SERRANO & MAIPU, CURANILAHUE",CHILE,GEOMETRIC_CENTER,61366,2021,1387286,1,2021/10/17 00:00:00+00,1899/12/30 00:00:00+00,8,REGION BIO BIO,8205,CURANILAHUE,70,VOLCADURA,70,VOLCADURA,1,URBANA,5,PUENTE,4,ALCOHOL EN CONDUCTOR,24,CONDUCCION EN ESTADO DE EBRIEDAD,0,IGNACIO SERRANO,0,MAIPU,IGNACIO SERRANO - MAIPU,0, , , , ,1,1,2,BIDIRECCIONAL,2,ASFALTO,1,BUENO,1,SECO,1,DESPEJADO,0,0,0,1,0
-8127651.11433701,-4415180.38476478,1189,8430,1399528,-73.0119322,-36.828152,95,CONCEPCION,1,52258,2021,1399528,REGION BIO BIO,8101,CONCEPCION,QUINTA AGRICOLA,ESTEBAN ITURRA,0,"QUINTA AGRICOLA & ESTEBAN ITURRA, CONCEPCION",CHILE,GEOMETRIC_CENTER,71051,2021,1399528,1,2021/11/24 00:00:00+00,1899/12/30 00:00:00+00,8,REGION BIO BIO,8101,CONCEPCION,10,ATROPELLO,10,ATROPELLO,1,URBANA,16,CRUCE SIN SEÑALIZACION,2,IMPRUDENCIA DEL PEATON,53,IMPRUDENCIA DEL PEATON,0,QUINTA AGRICOLA,0,ESTEBAN ITURRA,ESTEBAN ITURRA - QUINTA AGRICOLA,0, , , , ,1,0,1,UNIDIRECCIONAL,1,CONCRETO,1,BUENO,1,SECO,1,DESPEJADO,0,1,0,0,1
-8132854.48789932,-4415169.96817193,1190,8431,1406000,-73.0586749,-36.8280771,95,CONCEPCION,1,56298,2021,1406000,REGION BIO BIO,8101,CONCEPCION,SERRANO, ,647,"SERRANO 647, CONCEPCION",CHILE,RANGE_INTERPOLATED,76518,2021,1406000,1,2021/12/15 00:00:00+00,1899/12/30 00:00:00+00,8,REGION BIO BIO,8101,CONCEPCION,53,CHOQUE POSTERIOR,40,CHOQUE,1,URBANA,1,TRAMO DE VIA RECTA,1,IMPRUDENCIA DEL CONDUCTOR,29,CONDUCCION CAMBIAR SORPRESIVAMENTE PISTA CIRCULACION,0,SERRANO,0, ,- SERRANO,647, , , , ,2,0,1,UNIDIRECCIONAL,1,CONCRETO,1,BUENO,1,SECO,1,DESPEJADO,0,0,0,0,2
-8131461.33560399,-4415168.96684445,1191,8432,1326269,-73.04616,-36.8280699,95,CONCEPCION,1,1642,2021,1326269,REGION BIO BIO,8101,CONCEPCION,CASTELLON, ,241,"CASTELLON 241, CONCEPCION",CHILE,RANGE_INTERPOLATED,2264,2021,1326269,1,2021/01/12 00:00:00+00,1899/12/30 00:00:00+00,8,REGION BIO BIO,8101,CONCEPCION,50,CHOQUE,40,CHOQUE,1,URBANA,26,OTROS NO CONSIDERADOS,1,IMPRUDENCIA DEL CONDUCTOR,27,CONDUCCION NO ATENTO CONDICIONES TRANSITO MOMENTO,0,CASTELLON,0, ,- CASTELLON,241, , , , ,2,0,1,UNIDIRECCIONAL,1,CONCRETO,1,BUENO,1,SECO,1,DESPEJADO,0,0,0,0,1
-8131598.29197351,-4415165.65690151,1192,8433,1383099,-73.0473903,-36.8280461,95,CONCEPCION,1,41246,2021,1383099,REGION BIO BIO,8101,CONCEPCION,COLO COLO, ,279,"COLO COLO 279, CONCEPCION",CHILE,RANGE_INTERPOLATED,56563,2021,1383099,1,2021/09/28 00:00:00+00,1899/12/30 00:00:00+00,8,REGION BIO BIO,8101,CONCEPCION,30,COLISION,30,COLISION,1,URBANA,1,TRAMO DE VIA RECTA,1,IMPRUDENCIA DEL CONDUCTOR,91,VIRAJES INDEBIDOS,0,COLO COLO,0, ,- COLO COLO,279, , , , ,2,0,1,UNIDIRECCIONAL,1,CONCRETO,1,BUENO,1,SECO,1,DESPEJADO,0,0,0,0,2
-8130691.77283219,-4415164.3496134,1193,8434,1399541,-73.0392469,-36.8280367,95,CONCEPCION,1,52396,2021,1399541,REGION BIO BIO,8101,CONCEPCION,VICTOR LAMAS,EDMUNDO LARENAS,0,"VICTOR LAMAS & EDMUNDO LARENAS, CONCEPCION",CHILE,GEOMETRIC_CENTER,71232,2021,1399541,1,2021/11/25 00:00:00+00,1899/12/30 00:00:00+00,8,REGION BIO BIO,8101,CONCEPCION,32,COLISION LATERAL,30,COLISION,1,URBANA,16,CRUCE SIN SEÑALIZACION,4,ALCOHOL EN CONDUCTOR,24,CONDUCCION EN ESTADO DE EBRIEDAD,0,VICTOR LAMAS,0,EDMUNDO LARENAS,EDMUNDO LARENAS - VICTOR LAMAS,0, , , , ,2,0,1,UNIDIRECCIONAL,1,CONCRETO,1,BUENO,1,SECO,1,DESPEJADO,0,0,0,1,1
-8133058.60331764,-4415162.55556934,1194,8435,1325139,-73.0605085,-36.8280238,95,CONCEPCION,1,1471,2021,1325139,REGION BIO BIO,8101,CONCEPCION,MAIPU, ,28,"MAIPU 28, CONCEPCION",CHILE,RANGE_INTERPOLATED,2035,2021,1325139,1,2021/01/11 00:00:00+00,1899/12/30 00:00:00+00,8,REGION BIO BIO,8101,CONCEPCION,53,CHOQUE POSTERIOR,40,CHOQUE,1,URBANA,11,CRUCE CON SEMAFORO FUNCIONANDO,1,IMPRUDENCIA DEL CONDUCTOR,28,CONDUCCION SIN MANTENER DISTANCIA RAZONABLE NI PRUDENTE,0,MAIPU,0, ,- MAIPU,28, , , , ,2,0,1,UNIDIRECCIONAL,1,CONCRETO,1,BUENO,1,SECO,1,DESPEJADO,0,0,0,0,2
-8133007.05126145,-4415154.83701116,1195,8436,1348164,-73.0600454,-36.8279683,95,CONCEPCION,1,16397,2021,1348164,REGION BIO BIO,8101,CONCEPCION,MAIPU,PRAT,0,"MAIPU & PRAT, CONCEPCION",CHILE,GEOMETRIC_CENTER,22626,2021,1348164,1,2021/05/03 00:00:00+00,1899/12/30 00:00:00+00,8,REGION BIO BIO,8101,CONCEPCION,53,CHOQUE POSTERIOR,40,CHOQUE,1,URBANA,11,CRUCE CON SEMAFORO FUNCIONANDO,1,IMPRUDENCIA DEL CONDUCTOR,15,"ADELANTAMIENTO EN CRUCE, CURVA, CUESTA, PUENTE",0,MAIPU,0,PRAT,MAIPU - PRAT,0, , , , ,4,0,1,UNIDIRECCIONAL,1,CONCRETO,1,BUENO,1,SECO,1,DESPEJADO,0,0,0,0,2
-8133007.05126145,-4415154.83701116,1196,8437,1372805,-73.0600454,-36.8279683,95,CONCEPCION,1,34126,2021,1372805,REGION BIO BIO,8101,CONCEPCION,MAIPU,PRAT,0,"MAIPU & PRAT, CONCEPCION",CHILE,GEOMETRIC_CENTER,47051,2021,1372805,1,2021/08/19 00:00:00+00,1899/12/30 00:00:00+00,8,REGION BIO BIO,8101,CONCEPCION,10,ATROPELLO,10,ATROPELLO,1,URBANA,11,CRUCE CON SEMAFORO FUNCIONANDO,1,IMPRUDENCIA DEL CONDUCTOR,31,NO RESPETAR DERECHO PREFERENTE DE PASO A PEATON,0,MAIPU,0,PRAT,MAIPU - PRAT,0, , , , ,2,0,1,UNIDIRECCIONAL,1,CONCRETO,1,BUENO,1,SECO,1,DESPEJADO,0,0,0,1,1
-8133007.05126145,-4415154.83701116,1197,8438,1378840,-73.0600454,-36.8279683,95,CONCEPCION,1,38306,2021,1378840,REGION BIO BIO,8101,CONCEPCION,MAIPU,PRAT,0,"MAIPU & PRAT, CONCEPCION",CHILE,GEOMETRIC_CENTER,52604,2021,1378840,1,2021/09/11 00:00:00+00,1899/12/30 00:00:00+00,8,REGION BIO BIO,8101,CONCEPCION,34,COLISION PERPENDICULAR,30,COLISION,1,URBANA,11,CRUCE CON SEMAFORO FUNCIONANDO,10,DESOBEDIENCIA A SEÑALIZACION,68,SEÑALIZACION DESOBEDECER LUZ INTERMITENTE SEMAFORO,0,MAIPU,0,PRAT,MAIPU - PRAT,0, , , , ,2,0,1,UNIDIRECCIONAL,1,CONCRETO,1,BUENO,1,SECO,3,LLUVIA,0,0,0,2,1
-8133007.05126145,-4415154.83701116,1198,8439,1383662,-73.0600454,-36.8279683,95,CONCEPCION,1,41846,2021,1383662,REGION BIO BIO,8101,CONCEPCION,ARTURO PRAT,MAIPU,0,"ARTURO PRAT & MAIPU, CONCEPCION",CHILE,GEOMETRIC_CENTER,57329,2021,1383662,1,2021/10/01 00:00:00+00,1899/12/30 00:00:00+00,8,REGION BIO BIO,8101,CONCEPCION,63,CHOQUE FRENTE/POSTERIOR,40,CHOQUE,1,URBANA,1,TRAMO DE VIA RECTA,1,IMPRUDENCIA DEL CONDUCTOR,28,CONDUCCION SIN MANTENER DISTANCIA RAZONABLE NI PRUDENTE,0,ARTURO PRAT,0,MAIPU,ARTURO PRAT - MAIPU,0, , , , ,4,0,1,UNIDIRECCIONAL,1,CONCRETO,1,BUENO,1,SECO,1,DESPEJADO,0,0,0,2,1
-8133007.05126145,-4415154.83701116,1199,8440,1399257,-73.0600454,-36.8279683,95,CONCEPCION,1,51205,2021,1399257,REGION BIO BIO,8101,CONCEPCION,ARTURO PRAT,MAIPU,0,"ARTURO PRAT & MAIPU, CONCEPCION",CHILE,GEOMETRIC_CENTER,69675,2021,1399257,1,2021/11/19 00:00:00+00,1899/12/30 00:00:00+00,8,REGION BIO BIO,8101,CONCEPCION,10,ATROPELLO,10,ATROPELLO,1,URBANA,11,CRUCE CON SEMAFORO FUNCIONANDO,1,IMPRUDENCIA DEL CONDUCTOR,31,NO RESPETAR DERECHO PREFERENTE DE PASO A PEATON,0,ARTURO PRAT,0,MAIPU,ARTURO PRAT - MAIPU,0, , , , ,2,0,1,UNIDIRECCIONAL,1,CONCRETO,1,BUENO,1,SECO,1,DESPEJADO,0,0,0,0,2
-8132652.06453726,-4415149.73303072,1200,8441,1325039,-73.0568565,-36.8279316,95,CONCEPCION,1,759,2021,1325039,REGION BIO BIO,8101,CONCEPCION,SALAS,FREIRE,0,"SALAS & FREIRE, CONCEPCION",CHILE,GEOMETRIC_CENTER,1057,2021,1325039,1,2021/01/06 00:00:00+00,1899/12/30 00:00:00+00,8,REGION BIO BIO,8101,CONCEPCION,32,COLISION LATERAL,30,COLISION,1,URBANA,1,TRAMO DE VIA RECTA,1,IMPRUDENCIA DEL CONDUCTOR,11,ADELANTAMIENTO SIN EL ESPACIO O TIEMPO SUFICIENTE,0,SALAS,0,FREIRE,FREIRE - SALAS,0, , , , ,2,0,1,UNIDIRECCIONAL,1,CONCRETO,1,BUENO,1,SECO,1,DESPEJADO,0,0,0,0,2
-8132652.06453726,-4415149.73303072,1201,8442,1397852,-73.0568565,-36.8279316,95,CONCEPCION,1,48064,2021,1397852,REGION BIO BIO,8101,CONCEPCION,FREIRE,SALAS,0,"FREIRE & SALAS, CONCEPCION",CHILE,GEOMETRIC_CENTER,65568,2021,1397852,1,2021/11/03 00:00:00+00,1899/12/30 00:00:00+00,8,REGION BIO BIO,8101,CONCEPCION,33,COLISION POR ALCANCE,30,COLISION,1,URBANA,1,TRAMO DE VIA RECTA,1,IMPRUDENCIA DEL CONDUCTOR,29,CONDUCCION CAMBIAR SORPRESIVAMENTE PISTA CIRCULACION,0,FREIRE,0,SALAS,FREIRE - SALAS,0, , , , ,1,1,2,BIDIRECCIONAL,1,CONCRETO,1,BUENO,1,SECO,1,DESPEJADO,0,0,0,0,2
-8131949.27119603,-4415145.53302685,1202,8443,1342261,-73.0505432,-36.8279014,95,CONCEPCION,1,13032,2021,1342261,REGION BIO BIO,8101,CONCEPCION,O'HIGGINS,CAUPOLICAN,0,"O'HIGGINS & CAUPOLICAN, CONCEPCION",CHILE,GEOMETRIC_CENTER,17991,2021,1342261,1,2021/04/06 00:00:00+00,1899/12/30 00:00:00+00,8,REGION BIO BIO,8101,CONCEPCION,50,CHOQUE,40,CHOQUE,1,URBANA,11,CRUCE CON SEMAFORO FUNCIONANDO,1,IMPRUDENCIA DEL CONDUCTOR,27,CONDUCCION NO ATENTO CONDICIONES TRANSITO MOMENTO,0,O'HIGGINS,0,CAUPOLICAN,CAUPOLICAN - O'HIGGINS,0, , , , ,4,0,1,UNIDIRECCIONAL,1,CONCRETO,1,BUENO,2,HUMEDO,2,NUBLADO,0,0,0,0,1
-8131949.27119603,-4415145.53302685,1203,8444,1352922,-73.0505432,-36.8279014,95,CONCEPCION,1,20254,2021,1352922,REGION BIO BIO,8101,CONCEPCION,O'HIGGINS,CAUPOLICAN,0,"O'HIGGINS & CAUPOLICAN, CONCEPCION",CHILE,GEOMETRIC_CENTER,27901,2021,1352922,1,2021/05/28 00:00:00+00,1899/12/30 00:00:00+00,8,REGION BIO BIO,8101,CONCEPCION,20,CAIDA,20,CAIDA,1,URBANA,11,CRUCE CON SEMAFORO FUNCIONANDO,1,IMPRUDENCIA DEL CONDUCTOR,28,CONDUCCION SIN MANTENER DISTANCIA RAZONABLE NI PRUDENTE,0,O'HIGGINS,0,CAUPOLICAN,CAUPOLICAN - O'HIGGINS,0, , , , ,4,0,1,UNIDIRECCIONAL,1,CONCRETO,1,BUENO,3,MOJADO,3,LLUVIA,0,0,0,1,1
-8129386.45161509,-4412765.92717035,1204,9259,1369224,-73.027521,-36.810789,95,CONCEPCION,1,30819,2021,1369224,REGION BIO BIO,8101,CONCEPCION,GENERAL BONILLA,TEGUALDA,0,"GENERAL BONILLA & TEGUALDA, CONCEPCION",CHILE,GEOMETRIC_CENTER,42610,2021,1369224,1,2021/08/01 00:00:00+00,1899/12/30 00:00:00+00,8,REGION BIO BIO,8101,CONCEPCION,33,COLISION POR ALCANCE,30,COLISION,1,URBANA,1,TRAMO DE VIA RECTA,1,IMPRUDENCIA DEL CONDUCTOR,28,CONDUCCION SIN MANTENER DISTANCIA RAZONABLE NI PRUDENTE,0,GENERAL BONILLA,0,TEGUALDA,GENERAL BONILLA - TEGUALDA,0, , , , ,2,2,2,BIDIRECCIONAL,1,CONCRETO,1,BUENO,1,SECO,1,DESPEJADO,0,0,0,0,2
-8129386.45161509,-4412765.92717035,1205,9260,1370121,-73.027521,-36.810789,95,CONCEPCION,1,31936,2021,1370121,REGION BIO BIO,8101,CONCEPCION,GENERAL BONILLA,JUAN BOSCO,0,"GENERAL BONILLA & JUAN BOSCO, CONCEPCION",CHILE,GEOMETRIC_CENTER,44073,2021,1370121,1,2021/08/07 00:00:00+00,1899/12/30 00:00:00+00,8,REGION BIO BIO,8101,CONCEPCION,32,COLISION LATERAL,30,COLISION,1,URBANA,24,ROTONDA,1,IMPRUDENCIA DEL CONDUCTOR,27,CONDUCCION NO ATENTO CONDICIONES TRANSITO MOMENTO,0,GENERAL BONILLA,0,JUAN BOSCO,GENERAL BONILLA - JUAN BOSCO,0, , , , ,2,2,2,BIDIRECCIONAL,1,CONCRETO,1,BUENO,1,SECO,1,DESPEJADO,0,0,0,0,2
-8129386.45161509,-4412765.92717035,1206,9261,1370788,-73.027521,-36.810789,95,CONCEPCION,1,32297,2021,1370788,REGION BIO BIO,8101,CONCEPCION,GENERAL BONILLA,JUAN BOSCO,0,"GENERAL BONILLA & JUAN BOSCO, CONCEPCION",CHILE,GEOMETRIC_CENTER,44568,2021,1370788,1,2021/08/09 00:00:00+00,1899/12/30 00:00:00+00,8,REGION BIO BIO,8101,CONCEPCION,32,COLISION LATERAL,30,COLISION,1,URBANA,24,ROTONDA,1,IMPRUDENCIA DEL CONDUCTOR,91,VIRAJES INDEBIDOS,0,GENERAL BONILLA,0,JUAN BOSCO,GENERAL BONILLA - JUAN BOSCO,0, , , , ,2,0,1,UNIDIRECCIONAL,1,CONCRETO,1,BUENO,1,SECO,1,DESPEJADO,0,0,0,0,2
-8129386.45161509,-4412765.92717035,1207,9262,1372790,-73.027521,-36.810789,95,CONCEPCION,1,33786,2021,1372790,REGION BIO BIO,8101,CONCEPCION,GENERAL BONILLA,JUAN BOSCO,0,"GENERAL BONILLA & JUAN BOSCO, CONCEPCION",CHILE,GEOMETRIC_CENTER,46601,2021,1372790,1,2021/08/17 00:00:00+00,1899/12/30 00:00:00+00,8,REGION BIO BIO,8101,CONCEPCION,32,COLISION LATERAL,30,COLISION,1,URBANA,15,CRUCE CON SEÑAL CEDA EL PASO,10,DESOBEDIENCIA A SEÑALIZACION,64,SEÑALIZACION DESOBEDECER SEÑAL CEDA EL PASO,0,GENERAL BONILLA,0,JUAN BOSCO,GENERAL BONILLA - JUAN BOSCO,0, , , , ,2,0,1,UNIDIRECCIONAL,1,CONCRETO,1,BUENO,1,SECO,3,LLUVIA,0,0,0,0,2
-8129386.45161509,-4412765.92717035,1208,9263,1383607,-73.027521,-36.810789,95,CONCEPCION,1,41642,2021,1383607,REGION BIO BIO,8101,CONCEPCION,GENERAL BONILLA,JUAN BOSCO,0,"GENERAL BONILLA & JUAN BOSCO, CONCEPCION",CHILE,GEOMETRIC_CENTER,57060,2021,1383607,1,2021/09/30 00:00:00+00,1899/12/30 00:00:00+00,8,REGION BIO BIO,8101,CONCEPCION,32,COLISION LATERAL,30,COLISION,1,URBANA,24,ROTONDA,1,IMPRUDENCIA DEL CONDUCTOR,27,CONDUCCION NO ATENTO CONDICIONES TRANSITO MOMENTO,0,GENERAL BONILLA,0,JUAN BOSCO,GENERAL BONILLA - JUAN BOSCO,0, , , , ,3,0,1,UNIDIRECCIONAL,1,CONCRETO,1,BUENO,1,SECO,1,DESPEJADO,0,0,0,0,2
-8129386.45161509,-4412765.92717035,1209,9264,1383782,-73.027521,-36.810789,95,CONCEPCION,1,41643,2021,1383782,REGION BIO BIO,8101,CONCEPCION,GENERAL BONILLA,JUAN BOSCO,0,"GENERAL BONILLA & JUAN BOSCO, CONCEPCION",CHILE,GEOMETRIC_CENTER,57061,2021,1383782,1,2021/09/30 00:00:00+00,1899/12/30 00:00:00+00,8,REGION BIO BIO,8101,CONCEPCION,34,COLISION PERPENDICULAR,30,COLISION,1,URBANA,24,ROTONDA,1,IMPRUDENCIA DEL CONDUCTOR,27,CONDUCCION NO ATENTO CONDICIONES TRANSITO MOMENTO,0,GENERAL BONILLA,0,JUAN BOSCO,GENERAL BONILLA - JUAN BOSCO,0, , , , ,3,0,1,UNIDIRECCIONAL,1,CONCRETO,1,BUENO,1,SECO,1,DESPEJADO,0,0,0,0,2
-8129386.45161509,-4412765.92717035,1210,9265,1387395,-73.027521,-36.810789,95,CONCEPCION,1,44180,2021,1387395,REGION BIO BIO,8101,CONCEPCION,CAMINO PENCO,GENERAL BONILLA,0,"CAMINO PENCO & GENERAL BONILLA, CONCEPCION",CHILE,GEOMETRIC_CENTER,60415,2021,1387395,1,2021/10/13 00:00:00+00,1899/12/30 00:00:00+00,8,REGION BIO BIO,8101,CONCEPCION,30,COLISION,30,COLISION,1,URBANA,1,TRAMO DE VIA RECTA,13,CAUSAS NO DETERMINADAS,97,CAUSAS NO DETERMINADAS,0,CAMINO PENCO,0,GENERAL BONILLA,CAMINO PENCO - GENERAL BONILLA,0, , , , ,3,3,2,BIDIRECCIONAL,1,CONCRETO,1,BUENO,1,SECO,1,DESPEJADO,0,0,0,0,2
-8129386.45161509,-4412765.92717035,1211,9266,1398590,-73.027521,-36.810789,95,CONCEPCION,1,50086,2021,1398590,REGION BIO BIO,8101,CONCEPCION,GENERAL BONILLA,JUAN BOSCO,0,"GENERAL BONILLA & JUAN BOSCO, CONCEPCION",CHILE,GEOMETRIC_CENTER,68212,2021,1398590,1,2021/11/13 00:00:00+00,1899/12/30 00:00:00+00,8,REGION BIO BIO,8101,CONCEPCION,32,COLISION LATERAL,30,COLISION,1,URBANA,24,ROTONDA,1,IMPRUDENCIA DEL CONDUCTOR,29,CONDUCCION CAMBIAR SORPRESIVAMENTE PISTA CIRCULACION,0,GENERAL BONILLA,0,JUAN BOSCO,GENERAL BONILLA - JUAN BOSCO,0, , , , ,2,0,1,UNIDIRECCIONAL,1,CONCRETO,1,BUENO,1,SECO,1,DESPEJADO,0,0,0,0,2
-8129386.45161509,-4412765.92717035,1212,9267,1398517,-73.027521,-36.810789,95,CONCEPCION,1,50107,2021,1398517,REGION BIO BIO,8101,CONCEPCION,GENERAL BONILLA,TEGUALDA,0,"GENERAL BONILLA & TEGUALDA, CONCEPCION",CHILE,GEOMETRIC_CENTER,68245,2021,1398517,1,2021/11/13 00:00:00+00,1899/12/30 00:00:00+00,8,REGION BIO BIO,8101,CONCEPCION,63,CHOQUE FRENTE/POSTERIOR,40,CHOQUE,1,URBANA,1,TRAMO DE VIA RECTA,1,IMPRUDENCIA DEL CONDUCTOR,28,CONDUCCION SIN MANTENER DISTANCIA RAZONABLE NI PRUDENTE,0,GENERAL BONILLA,0,TEGUALDA,GENERAL BONILLA - TEGUALDA,0, , , , ,2,2,3,BIDIRECCIONAL CON BANDEJON,1,CONCRETO,1,BUENO,1,SECO,1,DESPEJADO,0,0,0,4,2
-8129386.45161509,-4412765.92717035,1213,9268,1398520,-73.027521,-36.810789,95,CONCEPCION,1,50240,2021,1398520,REGION BIO BIO,8101,CONCEPCION,GENERAL BONILLA,JUAN BOSCO,0,"GENERAL BONILLA & JUAN BOSCO, CONCEPCION",CHILE,GEOMETRIC_CENTER,68429,2021,1398520,1,2021/11/14 00:00:00+00,1899/12/30 00:00:00+00,8,REGION BIO BIO,8101,CONCEPCION,33,COLISION POR ALCANCE,30,COLISION,1,URBANA,24,ROTONDA,1,IMPRUDENCIA DEL CONDUCTOR,28,CONDUCCION SIN MANTENER DISTANCIA RAZONABLE NI PRUDENTE,0,GENERAL BONILLA,0,JUAN BOSCO,GENERAL BONILLA - JUAN BOSCO,0, , , , ,2,0,1,UNIDIRECCIONAL,1,CONCRETO,1,BUENO,1,SECO,1,DESPEJADO,0,0,0,2,1
-8129386.45161509,-4412765.92717035,1214,9269,1399562,-73.027521,-36.810789,95,CONCEPCION,1,52663,2021,1399562,REGION BIO BIO,8101,CONCEPCION,GENERAL BONILLA,TEGUALDA,0,"GENERAL BONILLA & TEGUALDA, CONCEPCION",CHILE,GEOMETRIC_CENTER,71573,2021,1399562,1,2021/11/26 00:00:00+00,1899/12/30 00:00:00+00,8,REGION BIO BIO,8101,CONCEPCION,30,COLISION,30,COLISION,1,URBANA,11,CRUCE CON SEMAFORO FUNCIONANDO,1,IMPRUDENCIA DEL CONDUCTOR,29,CONDUCCION CAMBIAR SORPRESIVAMENTE PISTA CIRCULACION,0,GENERAL BONILLA,0,TEGUALDA,GENERAL BONILLA - TEGUALDA,0, , , , ,2,2,3,BIDIRECCIONAL CON BANDEJON,1,CONCRETO,1,BUENO,1,SECO,1,DESPEJADO,0,2,0,0,1
-8129386.45161509,-4412765.92717035,1215,9270,1403404,-73.027521,-36.810789,95,CONCEPCION,1,54217,2021,1403404,REGION BIO BIO,8101,CONCEPCION,GENERAL BONILLA,TEGUALDA,0,"GENERAL BONILLA & TEGUALDA, CONCEPCION",CHILE,GEOMETRIC_CENTER,73664,2021,1403404,1,2021/12/04 00:00:00+00,1899/12/30 00:00:00+00,8,REGION BIO BIO,8101,CONCEPCION,33,COLISION POR ALCANCE,30,COLISION,1,URBANA,1,TRAMO DE VIA RECTA,1,IMPRUDENCIA DEL CONDUCTOR,28,CONDUCCION SIN MANTENER DISTANCIA RAZONABLE NI PRUDENTE,0,GENERAL BONILLA,0,TEGUALDA,GENERAL BONILLA - TEGUALDA,0, , , , ,2,2,3,BIDIRECCIONAL CON BANDEJON,1,CONCRETO,1,BUENO,1,SECO,1,DESPEJADO,0,0,0,4,2
-8129386.45161509,-4412765.92717035,1216,9271,1406273,-73.027521,-36.810789,95,CONCEPCION,1,57628,2021,1406273,REGION BIO BIO,8101,CONCEPCION,ROTONDA PALOMARES,CHILE,0,"ROTONDA PALOMARES & CHILE, CONCEPCION",CHILE,GEOMETRIC_CENTER,78249,2021,1406273,1,2021/12/21 00:00:00+00,1899/12/30 00:00:00+00,8,REGION BIO BIO,8101,CONCEPCION,32,COLISION LATERAL,30,COLISION,1,URBANA,24,ROTONDA,10,DESOBEDIENCIA A SEÑALIZACION,64,SEÑALIZACION DESOBEDECER SEÑAL CEDA EL PASO,0,ROTONDA PALOMARES,0,CHILE,CHILE - ROTONDA PALOMARES,0, , , , ,2,0,1,UNIDIRECCIONAL,1,CONCRETO,1,BUENO,1,SECO,1,DESPEJADO,0,0,0,0,2
-8129386.45161509,-4412765.92717035,1217,9272,1406885,-73.027521,-36.810789,95,CONCEPCION,1,57754,2021,1406885,REGION BIO BIO,8101,CONCEPCION,GENERAL BONILLA,TEGUALDA,0,"GENERAL BONILLA & TEGUALDA, CONCEPCION",CHILE,GEOMETRIC_CENTER,78409,2021,1406885,1,2021/12/22 00:00:00+00,1899/12/30 00:00:00+00,8,REGION BIO BIO,8101,CONCEPCION,32,COLISION LATERAL,30,COLISION,1,URBANA,16,CRUCE SIN SEÑALIZACION,1,IMPRUDENCIA DEL CONDUCTOR,91,VIRAJES INDEBIDOS,0,GENERAL BONILLA,0,TEGUALDA,GENERAL BONILLA - TEGUALDA,0, , , , ,2,2,3,BIDIRECCIONAL CON BANDEJON,1,CONCRETO,1,BUENO,1,SECO,1,DESPEJADO,0,0,0,0,2