X,Y,FID,FID_1,LABELID,POINT_X,POINT_Y,FID_2,COMUNAREAL,VAL_COM,OBJECTID,A_O,IDACCIDENT,REGION,COD_COMUN,COMUNA,CALLE_UNO,CALLE_DOS,NUMERO,DIR_GEOCOD,PAIS,TIPO,OBJECTID_1,Año,Idaccide_1,Claseaccid,Fecha,Hora,Cód_Regi,Región,Cód_Comun,Comuna_1,Cód_Tipo_,Tipo_Accid,Cód_Tipo1,Tipo__CONA,Cód_Zona,Zona,Cód_Ubica,Ubicación,Cód_Causa,Causa__CON,Cód_Cau_1,Causa,Cód_Calle,Calle_Un_1,Cód_Cal_1,Calle_Do_1,Intersecci,Número,Ruta,Cód_Ruta,Ubicaci_1,Km_Vía_Fe,Pistas_de_,Pistas_de1,Cód_Calza,Calzada,Cód__Tipo,Tipo_Calza,Cód_Estad,Estado_Cal,Cód_Condi,Condición,Cód_Est_1,Estado_Atm,Fallecidos,Graves,Menos_Grav,Leves,Ilesos
-8130001.54746147,-4412375.44918203,1282,9337,1367698,-73.0330465,-36.8079806,95,CONCEPCION,1,29112,2021,1367698,REGION BIO BIO,8101,CONCEPCION,CAMILO HENRIQUEZ,JOSE MIGUEL GARCIA,0,"CAMILO HENRIQUEZ & JOSE MIGUEL GARCIA, CONCEPCION",CHILE,GEOMETRIC_CENTER,40248,2021,1367698,1,2021/07/22 00:00:00+00,1899/12/30 00:00:00+00,8,REGION BIO BIO,8101,CONCEPCION,30,COLISION,30,COLISION,1,URBANA,1,TRAMO DE VIA RECTA,13,CAUSAS NO DETERMINADAS,97,CAUSAS NO DETERMINADAS,0,CAMILO HENRIQUEZ,0,JOSE MIGUEL GARCIA,CAMILO HENRIQUEZ - JOSE MIGUEL GARCIA,0, , , , ,2,2,2,BIDIRECCIONAL,1,CONCRETO,1,BUENO,1,SECO,1,DESPEJADO,0,0,0,1,2
-8130001.54746147,-4412375.44918203,1283,9338,1399406,-73.0330465,-36.8079806,95,CONCEPCION,1,50518,2021,1399406,REGION BIO BIO,8101,CONCEPCION,CAMILO HENRIQUEZ,JOSE MIGUEL,0,"CAMILO HENRIQUEZ & JOSE MIGUEL, CONCEPCION",CHILE,GEOMETRIC_CENTER,68798,2021,1399406,1,2021/11/15 00:00:00+00,1899/12/30 00:00:00+00,8,REGION BIO BIO,8101,CONCEPCION,10,ATROPELLO,10,ATROPELLO,1,URBANA,11,CRUCE CON SEMAFORO FUNCIONANDO,14,OTRAS CAUSAS,98,OTRAS CAUSAS,0,CAMILO HENRIQUEZ,0,JOSE MIGUEL,CAMILO HENRIQUEZ - JOSE MIGUEL,0, , , , ,2,2,2,BIDIRECCIONAL,1,CONCRETO,1,BUENO,1,SECO,1,DESPEJADO,0,0,0,1,1
-8133095.81742341,-4412358.62574779,1284,9339,1352126,-73.0608428,-36.8078596,95,CONCEPCION,1,19456,2021,1352126,REGION BIO BIO,8101,CONCEPCION,VILLARRICA,PASAJE TRES,0,"VILLARRICA & PASAJE TRES, CONCEPCION",CHILE,GEOMETRIC_CENTER,26778,2021,1352126,1,2021/05/23 00:00:00+00,1899/12/30 00:00:00+00,8,REGION BIO BIO,8101,CONCEPCION,40,IMPACTO CON ANIMAL,99,OTRO TIPO,1,URBANA,1,TRAMO DE VIA RECTA,14,OTRAS CAUSAS,98,OTRAS CAUSAS,0,VILLARRICA,0,PASAJE TRES,PASAJE TRES - VILLARRICA,0, , , , ,2,0,1,UNIDIRECCIONAL,1,CONCRETO,1,BUENO,1,SECO,1,DESPEJADO,0,0,0,0,1
-8134222.45972583,-4412354.1070613,1285,9340,1369185,-73.0709636,-36.8078271,95,CONCEPCION,1,31368,2021,1369185,REGION BIO BIO,8101,CONCEPCION,LAGUNA REDONDA,DOCTOR OLIVER,0,"LAGUNA REDONDA & DOCTOR OLIVER, CONCEPCION",CHILE,GEOMETRIC_CENTER,43319,2021,1369185,1,2021/08/04 00:00:00+00,1899/12/30 00:00:00+00,8,REGION BIO BIO,8101,CONCEPCION,32,COLISION LATERAL,30,COLISION,1,URBANA,14,CRUCE CON SEÑAL PARE,1,IMPRUDENCIA DEL CONDUCTOR,29,CONDUCCION CAMBIAR SORPRESIVAMENTE PISTA CIRCULACION,0,LAGUNA REDONDA,0,DOCTOR OLIVER,DOCTOR OLIVER - LAGUNA REDONDA,0, , , , ,1,1,2,BIDIRECCIONAL,1,CONCRETO,1,BUENO,1,SECO,1,DESPEJADO,0,0,0,0,2
-8132143.67955475,-4412352.09103256,1286,9341,1356446,-73.0522896,-36.8078126,95,CONCEPCION,1,17592,2021,1356446,REGION BIO BIO,8101,CONCEPCION,PAICAVI,MONTRIU,0,"PAICAVI & MONTRIU, CONCEPCION",CHILE,GEOMETRIC_CENTER,24228,2021,1356446,1,2021/05/11 00:00:00+00,1899/12/30 00:00:00+00,8,REGION BIO BIO,8101,CONCEPCION,30,COLISION,30,COLISION,1,URBANA,1,TRAMO DE VIA RECTA,13,CAUSAS NO DETERMINADAS,97,CAUSAS NO DETERMINADAS,0,PAICAVI,0,MONTRIU,MONTRIU - PAICAVI,0, , , , ,3,3,2,BIDIRECCIONAL,1,CONCRETO,1,BUENO,1,SECO,1,DESPEJADO,0,0,0,2,0
-8134274.41253218,-4412351.91028518,1287,9342,1387429,-73.0714303,-36.8078113,95,CONCEPCION,0,44262,2021,1387429,REGION BIO BIO,8103,CHIGUAYANTE,LAGUNA REDONDA,DOCTOR SANTA CRUZ,0,"LAGUNA REDONDA & DOCTOR SANTA CRUZ, CHIGUAYANTE",CHILE,GEOMETRIC_CENTER,60518,2021,1387429,1,2021/10/14 00:00:00+00,1899/12/30 00:00:00+00,8,REGION BIO BIO,8103,CHIGUAYANTE,50,CHOQUE,40,CHOQUE,1,URBANA,1,TRAMO DE VIA RECTA,4,ALCOHOL EN CONDUCTOR,24,CONDUCCION EN ESTADO DE EBRIEDAD,0,LAGUNA REDONDA,0,DOCTOR SANTA CRUZ,DOCTOR SANTA CRUZ - LAGUNA REDONDA,0, , , , ,3,3,2,BIDIRECCIONAL,1,CONCRETO,1,BUENO,1,SECO,2,NUBLADO,0,0,0,0,1
-8133740.76915722,-4412339.5360484,1288,9343,1345080,-73.0666365,-36.8077223,95,CONCEPCION,0,15024,2021,1345080,REGION BIO BIO,8103,CHIGUAYANTE,DIEGO DE ALMAGRO,EL ROBLE,0,"DIEGO DE ALMAGRO & EL ROBLE, CHIGUAYANTE",CHILE,GEOMETRIC_CENTER,20712,2021,1345080,1,2021/04/22 00:00:00+00,1899/12/30 00:00:00+00,8,REGION BIO BIO,8103,CHIGUAYANTE,30,COLISION,30,COLISION,1,URBANA,1,TRAMO DE VIA RECTA,1,IMPRUDENCIA DEL CONDUCTOR,27,CONDUCCION NO ATENTO CONDICIONES TRANSITO MOMENTO,0,DIEGO DE ALMAGRO,0,EL ROBLE,DIEGO DE ALMAGRO - EL ROBLE,0, , , , ,1,1,2,BIDIRECCIONAL,1,CONCRETO,1,BUENO,1,SECO,1,DESPEJADO,0,0,0,0,2
-8131780.06557003,-4412333.19599559,1289,9344,1355756,-73.0490232,-36.8076767,95,CONCEPCION,1,16654,2021,1355756,REGION BIO BIO,8101,CONCEPCION,JUAN DE DIOS RIVERA,LAUTARO,0,"JUAN DE DIOS RIVERA & LAUTARO, CONCEPCION",CHILE,GEOMETRIC_CENTER,22979,2021,1355756,1,2021/05/05 00:00:00+00,1899/12/30 00:00:00+00,8,REGION BIO BIO,8101,CONCEPCION,30,COLISION,30,COLISION,1,URBANA,1,TRAMO DE VIA RECTA,13,CAUSAS NO DETERMINADAS,97,CAUSAS NO DETERMINADAS,0,JUAN DE DIOS RIVERA,0,LAUTARO,JUAN DE DIOS RIVERA - LAUTARO,0, , , , ,1,1,2,BIDIRECCIONAL,4,MIXTO,1,BUENO,1,SECO,1,DESPEJADO,0,0,0,3,0
-8134724.04308745,-4412318.18009607,1290,9345,1402719,-73.0754694,-36.8075687,95,CONCEPCION,0,52652,2021,1402719,REGION BIO BIO,8103,CHIGUAYANTE,MENCIA DE LOS NIDOS,LAGUNA REDONDA,0,"MENCIA DE LOS NIDOS & LAGUNA REDONDA, CHIGUAYANTE",CHILE,GEOMETRIC_CENTER,71558,2021,1402719,1,2021/11/26 00:00:00+00,1899/12/30 00:00:00+00,8,REGION BIO BIO,8103,CHIGUAYANTE,30,COLISION,30,COLISION,1,URBANA,1,TRAMO DE VIA RECTA,1,IMPRUDENCIA DEL CONDUCTOR,27,CONDUCCION NO ATENTO CONDICIONES TRANSITO MOMENTO,0,MENCIA DE LOS NIDOS,0,LAGUNA REDONDA,LAGUNA REDONDA - MENCIA DE LOS NIDOS,0, , , , ,2,2,2,BIDIRECCIONAL,1,CONCRETO,1,BUENO,1,SECO,1,DESPEJADO,0,0,0,0,2
-8134913.50886077,-4412294.18250805,1291,9346,1349357,-73.0771714,-36.8073961,95,CONCEPCION,1,17280,2021,1349357,REGION BIO BIO,8101,CONCEPCION,PEDRO DE O??ªA,MARINA DE CHILE,0,"PEDRO DE O??ªA & MARINA DE CHILE, CONCEPCION",CHILE,GEOMETRIC_CENTER,23820,2021,1349357,1,2021/05/09 00:00:00+00,1899/12/30 00:00:00+00,8,REGION BIO BIO,8101,CONCEPCION,33,COLISION POR ALCANCE,30,COLISION,1,URBANA,16,CRUCE SIN SEÑALIZACION,1,IMPRUDENCIA DEL CONDUCTOR,28,CONDUCCION SIN MANTENER DISTANCIA RAZONABLE NI PRUDENTE,0,PEDRO DE OÑA,0,MARINA DE CHILE,MARINA DE CHILE - PEDRO DE OÑA,0, , , , ,1,1,2,BIDIRECCIONAL,1,CONCRETO,1,BUENO,1,SECO,1,DESPEJADO,0,0,0,0,2
-8134851.37032101,-4412272.81274316,1292,9347,1357126,-73.0766132,-36.8072424,95,CONCEPCION,1,18303,2021,1357126,REGION BIO BIO,8101,CONCEPCION,PEDRO DE O??ªA, ,144,"PEDRO DE O??ªA 144, CONCEPCION",CHILE,RANGE_INTERPOLATED,25175,2021,1357126,1,2021/05/16 00:00:00+00,1899/12/30 00:00:00+00,8,REGION BIO BIO,8101,CONCEPCION,50,CHOQUE,40,CHOQUE,1,URBANA,1,TRAMO DE VIA RECTA,4,ALCOHOL EN CONDUCTOR,24,CONDUCCION EN ESTADO DE EBRIEDAD,0,PEDRO DE OÑA,0, ,- PEDRO DE OÑA,144, , , , ,1,1,2,BIDIRECCIONAL,1,CONCRETO,1,BUENO,1,SECO,1,DESPEJADO,0,0,0,1,1
-8131002.52119073,-4412266.50053714,1293,9348,1327650,-73.0420384,-36.807197,95,CONCEPCION,1,3171,2021,1327650,REGION BIO BIO,8101,CONCEPCION,LIENTUR,VILLARRICA,0,"LIENTUR & VILLARRICA, CONCEPCION",CHILE,GEOMETRIC_CENTER,4359,2021,1327650,1,2021/01/22 00:00:00+00,1899/12/30 00:00:00+00,8,REGION BIO BIO,8101,CONCEPCION,30,COLISION,30,COLISION,1,URBANA,26,OTROS NO CONSIDERADOS,14,OTRAS CAUSAS,98,OTRAS CAUSAS,0,LIENTUR,0,VILLARRICA,LIENTUR - VILLARRICA,0, , , , ,2,0,1,UNIDIRECCIONAL,1,CONCRETO,1,BUENO,1,SECO,1,DESPEJADO,0,0,0,1,0
-8131644.82352066,-4412265.15189449,1294,9349,1357132,-73.0478083,-36.8071873,95,CONCEPCION,1,18374,2021,1357132,REGION BIO BIO,8101,CONCEPCION,JUAN DE DIOS RIVERA,GALVARINO,0,"JUAN DE DIOS RIVERA & GALVARINO, CONCEPCION",CHILE,GEOMETRIC_CENTER,25272,2021,1357132,1,2021/05/16 00:00:00+00,1899/12/30 00:00:00+00,8,REGION BIO BIO,8101,CONCEPCION,30,COLISION,30,COLISION,1,URBANA,1,TRAMO DE VIA RECTA,13,CAUSAS NO DETERMINADAS,97,CAUSAS NO DETERMINADAS,0,JUAN DE DIOS RIVERA,0,GALVARINO,GALVARINO - JUAN DE DIOS RIVERA,0, , , , ,2,2,2,BIDIRECCIONAL,1,CONCRETO,1,BUENO,1,SECO,1,DESPEJADO,0,1,0,0,1
-8131577.64220797,-4412233.53531059,1295,9350,1334579,-73.0472048,-36.8069599,95,CONCEPCION,1,7644,2021,1334579,REGION BIO BIO,8101,CONCEPCION,CAMILO HENRIQUEZ,JUAN DE DIOS RIVERA,0,"CAMILO HENRIQUEZ & JUAN DE DIOS RIVERA, CONCEPCION",CHILE,GEOMETRIC_CENTER,10737,2021,1334579,1,2021/02/25 00:00:00+00,1899/12/30 00:00:00+00,8,REGION BIO BIO,8101,CONCEPCION,50,CHOQUE,40,CHOQUE,1,URBANA,11,CRUCE CON SEMAFORO FUNCIONANDO,1,IMPRUDENCIA DEL CONDUCTOR,93,CONDUCIR VEHICULO EN RETROCESO,0,CAMILO HENRIQUEZ,0,JUAN DE DIOS RIVERA,CAMILO HENRIQUEZ - JUAN DE DIOS RIVERA,0, , , , ,2,2,2,BIDIRECCIONAL,1,CONCRETO,1,BUENO,1,SECO,1,DESPEJADO,0,0,0,0,2
-8131584.23232182,-4412228.2380821,1296,9351,1356259,-73.047264,-36.8069218,95,CONCEPCION,1,16793,2021,1356259,REGION BIO BIO,8101,CONCEPCION,AINAVILLO,JUAN DE DIOS RIVERA,0,"AINAVILLO & JUAN DE DIOS RIVERA, CONCEPCION",CHILE,GEOMETRIC_CENTER,23169,2021,1356259,1,2021/05/06 00:00:00+00,1899/12/30 00:00:00+00,8,REGION BIO BIO,8101,CONCEPCION,30,COLISION,30,COLISION,1,URBANA,1,TRAMO DE VIA RECTA,1,IMPRUDENCIA DEL CONDUCTOR,27,CONDUCCION NO ATENTO CONDICIONES TRANSITO MOMENTO,0,AINAVILLO,0,JUAN DE DIOS RIVERA,AINAVILLO - JUAN DE DIOS RIVERA,0, , , , ,1,1,2,BIDIRECCIONAL,1,CONCRETO,1,BUENO,1,SECO,1,DESPEJADO,0,0,0,1,2
-8130355.34306711,-4412222.87133887,1297,9352,1346490,-73.0362247,-36.8068832,95,CONCEPCION,1,16170,2021,1346490,REGION BIO BIO,8101,CONCEPCION,VICU??ªA MACKENA, ,2614,"VICU??ªA MACKENA 2614, CONCEPCION",CHILE,RANGE_INTERPOLATED,22268,2021,1346490,1,2021/05/01 00:00:00+00,1899/12/30 00:00:00+00,8,REGION BIO BIO,8101,CONCEPCION,30,COLISION,30,COLISION,1,URBANA,1,TRAMO DE VIA RECTA,13,CAUSAS NO DETERMINADAS,97,CAUSAS NO DETERMINADAS,0,VICUÑA MACKENA,0, ,- VICUÑA MACKENA,2614, , , , ,2,2,2,BIDIRECCIONAL,1,CONCRETO,1,BUENO,2,HUMEDO,3,LLUVIA,0,1,0,0,1
-8132215.05761225,-4412212.38812284,1298,9353,1378282,-73.0529308,-36.8068078,95,CONCEPCION,1,38041,2021,1378282,REGION BIO BIO,8101,CONCEPCION,PAICAVI,MANUEL GUTIERREZ,0,"PAICAVI & MANUEL GUTIERREZ, CONCEPCION",CHILE,GEOMETRIC_CENTER,52265,2021,1378282,1,2021/09/10 00:00:00+00,1899/12/30 00:00:00+00,8,REGION BIO BIO,8101,CONCEPCION,30,COLISION,30,COLISION,1,URBANA,4,ACERA O BERMA,13,CAUSAS NO DETERMINADAS,97,CAUSAS NO DETERMINADAS,0,PAICAVI,0,MANUEL GUTIERREZ,MANUEL GUTIERREZ - PAICAVI,0, , , , ,2,2,3,BIDIRECCIONAL CON BANDEJON,1,CONCRETO,1,BUENO,1,SECO,1,DESPEJADO,0,0,0,2,0
-8131579.55690321,-4412198.70712435,1299,9354,1358601,-73.047222,-36.8067094,95,CONCEPCION,1,20842,2021,1358601,REGION BIO BIO,8101,CONCEPCION,JUAN DE DIOS RIVERA, ,1703,"JUAN DE DIOS RIVERA 1703, CONCEPCION",CHILE,RANGE_INTERPOLATED,28735,2021,1358601,1,2021/06/01 00:00:00+00,1899/12/30 00:00:00+00,8,REGION BIO BIO,8101,CONCEPCION,30,COLISION,30,COLISION,1,URBANA,1,TRAMO DE VIA RECTA,1,IMPRUDENCIA DEL CONDUCTOR,27,CONDUCCION NO ATENTO CONDICIONES TRANSITO MOMENTO,0,JUAN DE DIOS RIVERA,0, ,- JUAN DE DIOS RIVERA,1703, , , , ,1,1,2,BIDIRECCIONAL,1,CONCRETO,1,BUENO,1,SECO,3,LLUVIA,0,0,0,0,2
-8130230.28675115,-4412195.78740134,1300,9355,1332716,-73.0351013,-36.8066884,95,CONCEPCION,1,5757,2021,1332716,REGION BIO BIO,8101,CONCEPCION,ALONSO DE RIBERA,CERRO LA POLVORA,0,"ALONSO DE RIBERA & CERRO LA POLVORA, CONCEPCION",CHILE,GEOMETRIC_CENTER,8037,2021,1332716,1,2021/02/11 00:00:00+00,1899/12/30 00:00:00+00,8,REGION BIO BIO,8101,CONCEPCION,50,CHOQUE,40,CHOQUE,1,URBANA,1,TRAMO DE VIA RECTA,13,CAUSAS NO DETERMINADAS,97,CAUSAS NO DETERMINADAS,0,ALONSO DE RIBERA,0,CERRO LA POLVORA,ALONSO DE RIBERA - CERRO LA POLVORA,0, , , , ,1,1,2,BIDIRECCIONAL,1,CONCRETO,1,BUENO,1,SECO,2,NUBLADO,0,1,0,0,1
-8129114.60941858,-4412167.50783989,1301,9356,1358612,-73.025079,-36.806485,95,CONCEPCION,1,23854,2021,1358612,REGION BIO BIO,8101,CONCEPCION,LAS VIOLETAS, ,3232,"LAS VIOLETAS 3232, CONCEPCION",CHILE,RANGE_INTERPOLATED,32870,2021,1358612,1,2021/06/19 00:00:00+00,1899/12/30 00:00:00+00,8,REGION BIO BIO,8101,CONCEPCION,50,CHOQUE,40,CHOQUE,1,URBANA,1,TRAMO DE VIA RECTA,4,ALCOHOL EN CONDUCTOR,24,CONDUCCION EN ESTADO DE EBRIEDAD,0,LAS VIOLETAS,0, ,- LAS VIOLETAS,3232, , , , ,1,0,1,UNIDIRECCIONAL,1,CONCRETO,1,BUENO,1,SECO,1,DESPEJADO,0,0,0,1,1
-8134525.57156731,-4412165.74210772,1302,9357,1367719,-73.0736865,-36.8064723,95,CONCEPCION,0,29146,2021,1367719,REGION BIO BIO,8103,CHIGUAYANTE,LAGUNA REDONDA,MENCIA DE LOS NIDOS,0,"LAGUNA REDONDA & MENCIA DE LOS NIDOS, CHIGUAYANTE",CHILE,GEOMETRIC_CENTER,40293,2021,1367719,1,2021/07/22 00:00:00+00,1899/12/30 00:00:00+00,8,REGION BIO BIO,8103,CHIGUAYANTE,50,CHOQUE,40,CHOQUE,1,URBANA,1,TRAMO DE VIA RECTA,13,CAUSAS NO DETERMINADAS,97,CAUSAS NO DETERMINADAS,0,LAGUNA REDONDA,0,MENCIA DE LOS NIDOS,LAGUNA REDONDA - MENCIA DE LOS NIDOS,0, , , , ,2,2,2,BIDIRECCIONAL,1,CONCRETO,1,BUENO,1,SECO,1,DESPEJADO,0,0,0,0,1
-8129861.45188231,-4412117.58083293,1303,9358,1357119,-73.031788,-36.8061259,95,CONCEPCION,1,18207,2021,1357119,REGION BIO BIO,8101,CONCEPCION,CAMILO HENRIQUEZ, ,2839,"CAMILO HENRIQUEZ 2839, CONCEPCION",CHILE,RANGE_INTERPOLATED,25038,2021,1357119,1,2021/05/15 00:00:00+00,1899/12/30 00:00:00+00,8,REGION BIO BIO,8101,CONCEPCION,30,COLISION,30,COLISION,1,URBANA,1,TRAMO DE VIA RECTA,14,OTRAS CAUSAS,98,OTRAS CAUSAS,0,CAMILO HENRIQUEZ,0, ,- CAMILO HENRIQUEZ,2839, , , , ,1,1,2,BIDIRECCIONAL,1,CONCRETO,1,BUENO,1,SECO,1,DESPEJADO,0,0,0,0,2
-8130951.48120421,-4412091.90139701,1304,9359,1385687,-73.0415799,-36.8059412,95,CONCEPCION,1,42879,2021,1385687,REGION BIO BIO,8101,CONCEPCION,LIENTUR,EJERCITO,0,"LIENTUR & EJERCITO, CONCEPCION",CHILE,GEOMETRIC_CENTER,58698,2021,1385687,1,2021/10/06 00:00:00+00,1899/12/30 00:00:00+00,8,REGION BIO BIO,8101,CONCEPCION,30,COLISION,30,COLISION,1,URBANA,1,TRAMO DE VIA RECTA,14,OTRAS CAUSAS,98,OTRAS CAUSAS,0,LIENTUR,0,EJERCITO,EJERCITO - LIENTUR,0, , , , ,2,2,2,BIDIRECCIONAL,1,CONCRETO,1,BUENO,1,SECO,1,DESPEJADO,0,0,0,0,2
-8132284.20927993,-4412078.60984541,1305,9360,1398641,-73.053552,-36.8058456,95,CONCEPCION,1,48037,2021,1398641,REGION BIO BIO,8101,CONCEPCION,PAICAVI,VENTUS,0,"PAICAVI & VENTUS, CONCEPCION",CHILE,GEOMETRIC_CENTER,65532,2021,1398641,1,2021/11/03 00:00:00+00,1899/12/30 00:00:00+00,8,REGION BIO BIO,8101,CONCEPCION,67,CHOQUE POSTERIOR/FRENTE,40,CHOQUE,1,URBANA,11,CRUCE CON SEMAFORO FUNCIONANDO,13,CAUSAS NO DETERMINADAS,97,CAUSAS NO DETERMINADAS,0,PAICAVI,0,VENTUS,PAICAVI - VENTUS,0, , , , ,2,0,1,UNIDIRECCIONAL,2,ASFALTO,1,BUENO,1,SECO,2,NUBLADO,0,0,0,0,1
-8131490.8018732,-4412061.73126718,1306,9361,1393421,-73.0464247,-36.8057242,95,CONCEPCION,1,48200,2021,1393421,REGION BIO BIO,8101,CONCEPCION,MONTRIOU,LIENTUR,0,"MONTRIOU & LIENTUR, CONCEPCION",CHILE,GEOMETRIC_CENTER,65750,2021,1393421,1,2021/11/04 00:00:00+00,1899/12/30 00:00:00+00,8,REGION BIO BIO,8101,CONCEPCION,30,COLISION,30,COLISION,1,URBANA,1,TRAMO DE VIA RECTA,13,CAUSAS NO DETERMINADAS,97,CAUSAS NO DETERMINADAS,0,MONTRIOU,0,LIENTUR,LIENTUR - MONTRIOU,0, , , , ,2,2,2,BIDIRECCIONAL,1,CONCRETO,1,BUENO,1,SECO,1,DESPEJADO,0,0,0,0,2
-8131090.48585236,-4412045.35323251,1307,9362,1362753,-73.0428286,-36.8056064,95,CONCEPCION,1,27246,2021,1362753,REGION BIO BIO,8101,CONCEPCION,JUAN DE DIOS RIVERA,PASAJE FRESIA,0,"JUAN DE DIOS RIVERA & PASAJE FRESIA, CONCEPCION",CHILE,GEOMETRIC_CENTER,37568,2021,1362753,1,2021/07/11 00:00:00+00,1899/12/30 00:00:00+00,8,REGION BIO BIO,8101,CONCEPCION,50,CHOQUE,40,CHOQUE,1,URBANA,1,TRAMO DE VIA RECTA,13,CAUSAS NO DETERMINADAS,97,CAUSAS NO DETERMINADAS,0,JUAN DE DIOS RIVERA,0,PASAJE FRESIA,JUAN DE DIOS RIVERA - PASAJE FRESIA,0, , , , ,2,2,2,BIDIRECCIONAL,1,CONCRETO,1,BUENO,1,SECO,1,DESPEJADO,0,0,0,0,2
-8129764.79316845,-4411983.49787723,1308,9363,1327670,-73.0309197,-36.8051615,95,CONCEPCION,1,3434,2021,1327670,REGION BIO BIO,8101,CONCEPCION,CAMILO HENRIQUEZ,LIBERTAD,0,"CAMILO HENRIQUEZ & LIBERTAD, CONCEPCION",CHILE,GEOMETRIC_CENTER,4731,2021,1327670,1,2021/01/25 00:00:00+00,1899/12/30 00:00:00+00,8,REGION BIO BIO,8101,CONCEPCION,99,OTRO TIPO,99,OTRO TIPO,1,URBANA,26,OTROS NO CONSIDERADOS,4,ALCOHOL EN CONDUCTOR,21,CONDUCCION BAJO LA INFLUENCIA DEL ALCOHOL,0,CAMILO HENRIQUEZ,0,LIBERTAD,CAMILO HENRIQUEZ - LIBERTAD,0, , , , ,1,1,2,BIDIRECCIONAL,1,CONCRETO,1,BUENO,1,SECO,1,DESPEJADO,0,0,0,0,1
-8129189.75007486,-4411972.90367171,1309,9364,1381400,-73.025754,-36.8050853,95,CONCEPCION,1,40367,2021,1381400,REGION BIO BIO,8101,CONCEPCION,LAS VIOLETAS, ,3275,"LAS VIOLETAS 3275, CONCEPCION",CHILE,RANGE_INTERPOLATED,55417,2021,1381400,1,2021/09/23 00:00:00+00,1899/12/30 00:00:00+00,8,REGION BIO BIO,8101,CONCEPCION,99,OTRO TIPO,99,OTRO TIPO,1,URBANA,1,TRAMO DE VIA RECTA,3,IMPRUDENCIA DEL PASAJERO,41,PASAJERO SUBE O DESCIENDE DE VEHICULO MOVIMIENTO,0,LAS VIOLETAS,0, ,- LAS VIOLETAS,3275, , , , ,1,1,2,BIDIRECCIONAL,1,CONCRETO,1,BUENO,1,SECO,1,DESPEJADO,0,0,0,1,1
-8130674.12869289,-4411970.51233019,1310,9365,1331634,-73.0390884,-36.8050681,95,CONCEPCION,0,5811,2021,1331634,REGION BIO BIO,8112,HUALPEN,AUTOPISTA, ,8720,"AUTOPISTA 8720, HUALPEN",CHILE,RANGE_INTERPOLATED,8115,2021,1331634,1,2021/02/12 00:00:00+00,1899/12/30 00:00:00+00,8,REGION BIO BIO,8112,HUALPEN,30,COLISION,30,COLISION,1,URBANA,1,TRAMO DE VIA RECTA,1,IMPRUDENCIA DEL CONDUCTOR,27,CONDUCCION NO ATENTO CONDICIONES TRANSITO MOMENTO,0,AUTOPISTA,0, ,- AUTOPISTA,8720, , , , ,2,2,3,BIDIRECCIONAL CON BANDEJON,1,CONCRETO,1,BUENO,1,SECO,1,DESPEJADO,0,0,0,0,2
-8130674.12869289,-4411970.51233019,1311,9366,1369612,-73.0390884,-36.8050681,95,CONCEPCION,0,32157,2021,1369612,REGION BIO BIO,8112,HUALPEN,AUTOPISTA, ,9000,"AUTOPISTA 9000, HUALPEN",CHILE,RANGE_INTERPOLATED,44375,2021,1369612,1,2021/08/08 00:00:00+00,1899/12/30 00:00:00+00,8,REGION BIO BIO,8112,HUALPEN,50,CHOQUE,40,CHOQUE,1,URBANA,1,TRAMO DE VIA RECTA,1,IMPRUDENCIA DEL CONDUCTOR,93,CONDUCIR VEHICULO EN RETROCESO,0,AUTOPISTA,0, ,- AUTOPISTA,9000, , , , ,1,1,2,BIDIRECCIONAL,1,CONCRETO,1,BUENO,1,SECO,1,DESPEJADO,0,0,0,0,2
-8130674.12869289,-4411970.51233019,1312,9367,1386360,-73.0390884,-36.8050681,95,CONCEPCION,0,43930,2021,1386360,REGION BIO BIO,8112,HUALPEN,AUTOPISTA, ,8696,"AUTOPISTA 8696, HUALPEN",CHILE,RANGE_INTERPOLATED,60117,2021,1386360,1,2021/10/12 00:00:00+00,1899/12/30 00:00:00+00,8,REGION BIO BIO,8112,HUALPEN,30,COLISION,30,COLISION,1,URBANA,1,TRAMO DE VIA RECTA,1,IMPRUDENCIA DEL CONDUCTOR,28,CONDUCCION SIN MANTENER DISTANCIA RAZONABLE NI PRUDENTE,0,AUTOPISTA,0, ,- AUTOPISTA,8696, , , , ,2,2,3,BIDIRECCIONAL CON BANDEJON,1,CONCRETO,1,BUENO,1,SECO,1,DESPEJADO,0,0,0,0,2
-8130674.12869289,-4411970.49842704,1313,9368,1339737,-73.0390884,-36.805068,95,CONCEPCION,0,11592,2021,1339737,REGION BIO BIO,8112,HUALPEN,AUTOPISTA, ,8360,"AUTOPISTA 8360, HUALPEN",CHILE,RANGE_INTERPOLATED,16058,2021,1339737,1,2021/03/24 00:00:00+00,1899/12/30 00:00:00+00,8,REGION BIO BIO,8112,HUALPEN,50,CHOQUE,40,CHOQUE,1,URBANA,1,TRAMO DE VIA RECTA,9,PERDIDA CONTROL VEHICULO,95,PERDIDA CONTROL VEHICULO,0,AUTOPISTA,0, ,- AUTOPISTA,8360, , , , ,1,1,2,BIDIRECCIONAL,1,CONCRETO,1,BUENO,1,SECO,1,DESPEJADO,0,0,0,0,1
-8132335.69454442,-4411939.27200515,1314,9369,1337205,-73.0540145,-36.8048434,95,CONCEPCION,1,9396,2021,1337205,REGION BIO BIO,8101,CONCEPCION,PAICAVI,BELLAVISTA,0,"PAICAVI & BELLAVISTA, CONCEPCION",CHILE,GEOMETRIC_CENTER,13119,2021,1337205,1,2021/03/08 00:00:00+00,1899/12/30 00:00:00+00,8,REGION BIO BIO,8101,CONCEPCION,30,COLISION,30,COLISION,1,URBANA,1,TRAMO DE VIA RECTA,9,PERDIDA CONTROL VEHICULO,95,PERDIDA CONTROL VEHICULO,0,PAICAVI,0,BELLAVISTA,BELLAVISTA - PAICAVI,0, , , , ,3,3,2,BIDIRECCIONAL,1,CONCRETO,1,BUENO,1,SECO,1,DESPEJADO,0,0,0,0,2