X,Y,FID,FID_1,LABELID,POINT_X,POINT_Y,FID_2,COMUNAREAL,VAL_COM,OBJECTID,A_O,IDACCIDENT,REGION,COD_COMUN,COMUNA,CALLE_UNO,CALLE_DOS,NUMERO,DIR_GEOCOD,PAIS,TIPO,OBJECTID_1,Año,Idaccide_1,Claseaccid,Fecha,Hora,Cód_Regi,Región,Cód_Comun,Comuna_1,Cód_Tipo_,Tipo_Accid,Cód_Tipo1,Tipo__CONA,Cód_Zona,Zona,Cód_Ubica,Ubicación,Cód_Causa,Causa__CON,Cód_Cau_1,Causa,Cód_Calle,Calle_Un_1,Cód_Cal_1,Calle_Do_1,Intersecci,Número,Ruta,Cód_Ruta,Ubicaci_1,Km_Vía_Fe,Pistas_de_,Pistas_de1,Cód_Calza,Calzada,Cód__Tipo,Tipo_Calza,Cód_Estad,Estado_Cal,Cód_Condi,Condición,Cód_Est_1,Estado_Atm,Fallecidos,Graves,Menos_Grav,Leves,Ilesos
-8130938.32324039,-4411878.32096287,1315,9370,1355717,-73.0414617,-36.804405,95,CONCEPCION,1,16504,2021,1355717,REGION BIO BIO,8101,CONCEPCION,LIENTUR, ,2019,"LIENTUR 2019, CONCEPCION",CHILE,RANGE_INTERPOLATED,22779,2021,1355717,1,2021/05/04 00:00:00+00,1899/12/30 00:00:00+00,8,REGION BIO BIO,8101,CONCEPCION,30,COLISION,30,COLISION,1,URBANA,26,OTROS NO CONSIDERADOS,1,IMPRUDENCIA DEL CONDUCTOR,27,CONDUCCION NO ATENTO CONDICIONES TRANSITO MOMENTO,0,LIENTUR,0, ,- LIENTUR,2019, , , , ,2,2,2,BIDIRECCIONAL,1,CONCRETO,1,BUENO,1,SECO,1,DESPEJADO,0,1,0,0,1
-8133401.44508538,-4411876.40234539,1316,9371,1402734,-73.0635883,-36.8043912,95,CONCEPCION,1,53381,2021,1402734,REGION BIO BIO,8101,CONCEPCION,TUCAPEL,VALENCIA,0,"TUCAPEL & VALENCIA, CONCEPCION",CHILE,GEOMETRIC_CENTER,72563,2021,1402734,1,2021/11/30 00:00:00+00,1899/12/30 00:00:00+00,8,REGION BIO BIO,8101,CONCEPCION,30,COLISION,30,COLISION,1,URBANA,14,CRUCE CON SEÑAL PARE,13,CAUSAS NO DETERMINADAS,97,CAUSAS NO DETERMINADAS,0,TUCAPEL,0,VALENCIA,TUCAPEL - VALENCIA,0, , , , ,2,2,2,BIDIRECCIONAL,1,CONCRETO,1,BUENO,1,SECO,1,DESPEJADO,0,0,0,0,2
-8130885.42421837,-4411849.0412295,1317,9372,1327648,-73.0409865,-36.8041944,95,CONCEPCION,1,2945,2021,1327648,REGION BIO BIO,8101,CONCEPCION,LIENTUR,PASAJE TRES,0,"LIENTUR & PASAJE TRES, CONCEPCION",CHILE,GEOMETRIC_CENTER,4047,2021,1327648,1,2021/01/21 00:00:00+00,1899/12/30 00:00:00+00,8,REGION BIO BIO,8101,CONCEPCION,30,COLISION,30,COLISION,1,URBANA,26,OTROS NO CONSIDERADOS,13,CAUSAS NO DETERMINADAS,97,CAUSAS NO DETERMINADAS,0,LIENTUR,0,PASAJE TRES,LIENTUR - PASAJE TRES,0, , , , ,2,0,1,UNIDIRECCIONAL,1,CONCRETO,1,BUENO,1,SECO,1,DESPEJADO,0,0,0,1,1
-8132395.96291674,-4411837.1263753,1318,9373,1400556,-73.0545559,-36.8041087,95,CONCEPCION,1,51079,2021,1400556,REGION BIO BIO,8101,CONCEPCION,PAICAVI,CARMEN,0,"PAICAVI & CARMEN, CONCEPCION",CHILE,GEOMETRIC_CENTER,69505,2021,1400556,1,2021/11/18 00:00:00+00,1899/12/30 00:00:00+00,8,REGION BIO BIO,8101,CONCEPCION,50,CHOQUE,40,CHOQUE,1,URBANA,11,CRUCE CON SEMAFORO FUNCIONANDO,12,FALLAS MECANICAS,1,FALLAS MECANICAS FRENOS,0,PAICAVI,0,CARMEN,CARMEN - PAICAVI,0, , , , ,2,2,2,BIDIRECCIONAL,1,CONCRETO,1,BUENO,1,SECO,1,DESPEJADO,0,0,0,0,2
-8132395.96291674,-4411837.1263753,1319,9374,1404856,-73.0545559,-36.8041087,95,CONCEPCION,1,53905,2021,1404856,REGION BIO BIO,8101,CONCEPCION,PAICAVI,EL CARMEN,0,"PAICAVI & EL CARMEN, CONCEPCION",CHILE,GEOMETRIC_CENTER,73259,2021,1404856,1,2021/12/03 00:00:00+00,1899/12/30 00:00:00+00,8,REGION BIO BIO,8101,CONCEPCION,30,COLISION,30,COLISION,1,URBANA,11,CRUCE CON SEMAFORO FUNCIONANDO,1,IMPRUDENCIA DEL CONDUCTOR,27,CONDUCCION NO ATENTO CONDICIONES TRANSITO MOMENTO,0,PAICAVI,0,EL CARMEN,EL CARMEN - PAICAVI,0, , , , ,1,1,2,BIDIRECCIONAL,2,ASFALTO,2,REGULAR,1,SECO,1,DESPEJADO,0,0,0,0,2
-8133099.73586948,-4411833.28915554,1320,9375,1382975,-73.060878,-36.8040811,95,CONCEPCION,1,40882,2021,1382975,REGION BIO BIO,8101,CONCEPCION,TUCAPEL,BARCELONA,0,"TUCAPEL & BARCELONA, CONCEPCION",CHILE,GEOMETRIC_CENTER,56091,2021,1382975,1,2021/09/26 00:00:00+00,1899/12/30 00:00:00+00,8,REGION BIO BIO,8101,CONCEPCION,50,CHOQUE,40,CHOQUE,1,URBANA,1,TRAMO DE VIA RECTA,4,ALCOHOL EN CONDUCTOR,24,CONDUCCION EN ESTADO DE EBRIEDAD,0,TUCAPEL,0,BARCELONA,BARCELONA - TUCAPEL,0, , , , ,2,2,2,BIDIRECCIONAL,1,CONCRETO,1,BUENO,1,SECO,1,DESPEJADO,0,0,0,1,0
-8132025.65863062,-4411832.27423896,1321,9376,1375883,-73.0512294,-36.8040738,95,CONCEPCION,1,34280,2021,1375883,REGION BIO BIO,8101,CONCEPCION,LAUTARO, ,2280,"LAUTARO 2280, CONCEPCION",CHILE,RANGE_INTERPOLATED,47255,2021,1375883,1,2021/08/20 00:00:00+00,1899/12/30 00:00:00+00,8,REGION BIO BIO,8101,CONCEPCION,50,CHOQUE,40,CHOQUE,1,URBANA,1,TRAMO DE VIA RECTA,13,CAUSAS NO DETERMINADAS,97,CAUSAS NO DETERMINADAS,0,LAUTARO,0, ,- LAUTARO,2280, , , , ,1,1,2,BIDIRECCIONAL,1,CONCRETO,1,BUENO,1,SECO,2,NUBLADO,0,0,0,0,2
-8128780.68434204,-4411820.54014188,1322,9377,1381076,-73.0220793,-36.8039894,95,CONCEPCION,1,39945,2021,1381076,REGION BIO BIO,8101,CONCEPCION,RUTA 150,CARCEL EL MANZANO,0,"RUTA 150 & CARCEL EL MANZANO, CONCEPCION",CHILE,GEOMETRIC_CENTER,54873,2021,1381076,1,2021/09/20 00:00:00+00,1899/12/30 00:00:00+00,8,REGION BIO BIO,8101,CONCEPCION,30,COLISION,30,COLISION,1,URBANA,11,CRUCE CON SEMAFORO FUNCIONANDO,13,CAUSAS NO DETERMINADAS,97,CAUSAS NO DETERMINADAS,0,RUTA 150,0,CARCEL EL MANZANO,CARCEL EL MANZANO - RUTA 150,0, , , , ,3,3,2,BIDIRECCIONAL,1,CONCRETO,1,BUENO,1,SECO,1,DESPEJADO,0,0,0,0,2
-8130854.62211527,-4411801.7572717,1323,9378,1385202,-73.0407098,-36.8038543,95,CONCEPCION,1,42836,2021,1385202,REGION BIO BIO,8101,CONCEPCION,AUTOPISTA, ,3310,"AUTOPISTA 3310, CONCEPCION",CHILE,RANGE_INTERPOLATED,58646,2021,1385202,1,2021/10/06 00:00:00+00,1899/12/30 00:00:00+00,8,REGION BIO BIO,8101,CONCEPCION,30,COLISION,30,COLISION,1,URBANA,1,TRAMO DE VIA RECTA,1,IMPRUDENCIA DEL CONDUCTOR,27,CONDUCCION NO ATENTO CONDICIONES TRANSITO MOMENTO,0,AUTOPISTA,0, ,- AUTOPISTA,3310, , , , ,2,2,3,BIDIRECCIONAL CON BANDEJON,1,CONCRETO,1,BUENO,1,SECO,1,DESPEJADO,0,0,0,0,2
-8132065.2104457,-4411793.41551911,1324,9379,1375224,-73.0515847,-36.8037943,95,CONCEPCION,1,35824,2021,1375224,REGION BIO BIO,8101,CONCEPCION,BELLAVISTA,LAUTARO,0,"BELLAVISTA & LAUTARO, CONCEPCION",CHILE,GEOMETRIC_CENTER,49322,2021,1375224,1,2021/08/28 00:00:00+00,1899/12/30 00:00:00+00,8,REGION BIO BIO,8101,CONCEPCION,30,COLISION,30,COLISION,1,URBANA,14,CRUCE CON SEÑAL PARE,10,DESOBEDIENCIA A SEÑALIZACION,65,SEÑALIZACION DESOBEDECER SEÑAL PARE,0,BELLAVISTA,0,LAUTARO,BELLAVISTA - LAUTARO,0, , , , ,1,1,2,BIDIRECCIONAL,1,CONCRETO,1,BUENO,1,SECO,1,DESPEJADO,0,0,0,1,2
-8129748.495995,-4411784.46204526,1325,9380,1327621,-73.0307733,-36.8037299,95,CONCEPCION,1,2602,2021,1327621,REGION BIO BIO,8101,CONCEPCION,CAMILO HENRIQUEZ, ,3015,"CAMILO HENRIQUEZ 3015, CONCEPCION",CHILE,RANGE_INTERPOLATED,3577,2021,1327621,1,2021/01/18 00:00:00+00,1899/12/30 00:00:00+00,8,REGION BIO BIO,8101,CONCEPCION,30,COLISION,30,COLISION,1,URBANA,1,TRAMO DE VIA RECTA,13,CAUSAS NO DETERMINADAS,97,CAUSAS NO DETERMINADAS,0,CAMILO HENRIQUEZ,0, ,- CAMILO HENRIQUEZ,3015, , , , ,1,1,2,BIDIRECCIONAL,1,CONCRETO,1,BUENO,1,SECO,1,DESPEJADO,0,0,0,0,1
-8129132.04205083,-4411745.08909437,1326,9381,1358627,-73.0252356,-36.8034467,95,CONCEPCION,1,24018,2021,1358627,REGION BIO BIO,8101,CONCEPCION,RUTA 150,PASAJE SIETE,0,"RUTA 150 & PASAJE SIETE, CONCEPCION",CHILE,GEOMETRIC_CENTER,33104,2021,1358627,1,2021/06/21 00:00:00+00,1899/12/30 00:00:00+00,8,REGION BIO BIO,8101,CONCEPCION,30,COLISION,30,COLISION,1,URBANA,1,TRAMO DE VIA RECTA,1,IMPRUDENCIA DEL CONDUCTOR,11,ADELANTAMIENTO SIN EL ESPACIO O TIEMPO SUFICIENTE,0,RUTA 150,0,PASAJE SIETE,PASAJE SIETE - RUTA 150,0, , , , ,2,2,2,BIDIRECCIONAL,1,CONCRETO,1,BUENO,1,SECO,1,DESPEJADO,0,0,0,0,2
-8129132.04205083,-4411745.08909437,1327,9382,1370039,-73.0252356,-36.8034467,95,CONCEPCION,1,32073,2021,1370039,REGION BIO BIO,8101,CONCEPCION,RUTA 150,PASAJE SIETE,0,"RUTA 150 & PASAJE SIETE, CONCEPCION",CHILE,GEOMETRIC_CENTER,44257,2021,1370039,1,2021/08/07 00:00:00+00,1899/12/30 00:00:00+00,8,REGION BIO BIO,8101,CONCEPCION,50,CHOQUE,40,CHOQUE,1,URBANA,1,TRAMO DE VIA RECTA,13,CAUSAS NO DETERMINADAS,97,CAUSAS NO DETERMINADAS,0,RUTA 150,0,PASAJE SIETE,PASAJE SIETE - RUTA 150,0, , , , ,2,2,2,BIDIRECCIONAL,1,CONCRETO,1,BUENO,1,SECO,1,DESPEJADO,0,1,0,0,1
-8131308.04866516,-4411744.40785462,1328,9383,1336029,-73.044783,-36.8034418,95,CONCEPCION,1,8225,2021,1336029,REGION BIO BIO,8101,CONCEPCION,CARRIEL SUR,VENTUS,0,"CARRIEL SUR & VENTUS, CONCEPCION",CHILE,GEOMETRIC_CENTER,11543,2021,1336029,1,2021/03/01 00:00:00+00,1899/12/30 00:00:00+00,8,REGION BIO BIO,8101,CONCEPCION,30,COLISION,30,COLISION,1,URBANA,11,CRUCE CON SEMAFORO FUNCIONANDO,1,IMPRUDENCIA DEL CONDUCTOR,27,CONDUCCION NO ATENTO CONDICIONES TRANSITO MOMENTO,0,CARRIEL SUR,0,VENTUS,CARRIEL SUR - VENTUS,0, , , , ,2,0,1,UNIDIRECCIONAL,1,CONCRETO,1,BUENO,1,SECO,1,DESPEJADO,0,0,0,0,2
-8129660.39774998,-4411742.98976386,1329,9384,1399558,-73.0299819,-36.8034316,95,CONCEPCION,1,52251,2021,1399558,REGION BIO BIO,8101,CONCEPCION,CAMILO HENRIQUEZ,ANDALIEN,0,"CAMILO HENRIQUEZ & ANDALIEN, CONCEPCION",CHILE,GEOMETRIC_CENTER,71044,2021,1399558,1,2021/11/24 00:00:00+00,1899/12/30 00:00:00+00,8,REGION BIO BIO,8101,CONCEPCION,53,CHOQUE POSTERIOR,40,CHOQUE,1,URBANA,1,TRAMO DE VIA RECTA,1,IMPRUDENCIA DEL CONDUCTOR,28,CONDUCCION SIN MANTENER DISTANCIA RAZONABLE NI PRUDENTE,0,CAMILO HENRIQUEZ,0,ANDALIEN,ANDALIEN - CAMILO HENRIQUEZ,0, , , , ,2,2,2,BIDIRECCIONAL,1,CONCRETO,1,BUENO,1,SECO,1,DESPEJADO,0,0,0,0,2
-8130827.6827985,-4411740.84872522,1330,9385,1327638,-73.0404678,-36.8034162,95,CONCEPCION,1,2802,2021,1327638,REGION BIO BIO,8101,CONCEPCION,ALONSO DE RIBERA,LAGUNA LO GALINDO,0,"ALONSO DE RIBERA & LAGUNA LO GALINDO, CONCEPCION",CHILE,GEOMETRIC_CENTER,3843,2021,1327638,1,2021/01/20 00:00:00+00,1899/12/30 00:00:00+00,8,REGION BIO BIO,8101,CONCEPCION,30,COLISION,30,COLISION,1,URBANA,1,TRAMO DE VIA RECTA,13,CAUSAS NO DETERMINADAS,97,CAUSAS NO DETERMINADAS,0,ALONSO DE RIBERA,0,LAGUNA LO GALINDO,ALONSO DE RIBERA - LAGUNA LO GALINDO,0, , , , ,2,0,1,UNIDIRECCIONAL,1,CONCRETO,1,BUENO,1,SECO,1,DESPEJADO,0,0,0,0,2
-8130827.6827985,-4411740.84872522,1331,9386,1329559,-73.0404678,-36.8034162,95,CONCEPCION,1,3978,2021,1329559,REGION BIO BIO,8101,CONCEPCION,ALONSO DE RIBERA,LAGUNA LO GALINDO,0,"ALONSO DE RIBERA & LAGUNA LO GALINDO, CONCEPCION",CHILE,GEOMETRIC_CENTER,5525,2021,1329559,1,2021/01/29 00:00:00+00,1899/12/30 00:00:00+00,8,REGION BIO BIO,8101,CONCEPCION,30,COLISION,30,COLISION,1,URBANA,1,TRAMO DE VIA RECTA,1,IMPRUDENCIA DEL CONDUCTOR,27,CONDUCCION NO ATENTO CONDICIONES TRANSITO MOMENTO,0,ALONSO DE RIBERA,0,LAGUNA LO GALINDO,ALONSO DE RIBERA - LAGUNA LO GALINDO,0, , , , ,2,0,1,UNIDIRECCIONAL,1,CONCRETO,1,BUENO,1,SECO,3,LLUVIA,0,0,0,0,2
-8130827.6827985,-4411740.84872522,1332,9387,1339807,-73.0404678,-36.8034162,95,CONCEPCION,1,11269,2021,1339807,REGION BIO BIO,8101,CONCEPCION,ALONSO DE RIBERA,LAGUNA REDONDA,0,"ALONSO DE RIBERA & LAGUNA REDONDA, CONCEPCION",CHILE,GEOMETRIC_CENTER,15619,2021,1339807,1,2021/03/21 00:00:00+00,1899/12/30 00:00:00+00,8,REGION BIO BIO,8101,CONCEPCION,30,COLISION,30,COLISION,1,URBANA,15,CRUCE CON SEÑAL CEDA EL PASO,13,CAUSAS NO DETERMINADAS,97,CAUSAS NO DETERMINADAS,0,ALONSO DE RIBERA,0,LAGUNA REDONDA,ALONSO DE RIBERA - LAGUNA REDONDA,0, , , , ,1,1,2,BIDIRECCIONAL,1,CONCRETO,1,BUENO,1,SECO,1,DESPEJADO,0,0,0,1,2
-8130827.6827985,-4411740.84872522,1333,9388,1357321,-73.0404678,-36.8034162,95,CONCEPCION,1,18730,2021,1357321,REGION BIO BIO,8101,CONCEPCION,ALONSO DE RIBERA,LAGUNA LO GALINDO,0,"ALONSO DE RIBERA & LAGUNA LO GALINDO, CONCEPCION",CHILE,GEOMETRIC_CENTER,25750,2021,1357321,1,2021/05/19 00:00:00+00,1899/12/30 00:00:00+00,8,REGION BIO BIO,8101,CONCEPCION,50,CHOQUE,40,CHOQUE,1,URBANA,1,TRAMO DE VIA RECTA,13,CAUSAS NO DETERMINADAS,97,CAUSAS NO DETERMINADAS,0,ALONSO DE RIBERA,0,LAGUNA LO GALINDO,ALONSO DE RIBERA - LAGUNA LO GALINDO,0, , , , ,1,1,2,BIDIRECCIONAL,1,CONCRETO,1,BUENO,2,HUMEDO,3,LLUVIA,0,0,0,4,3
-8132772.35637901,-4411728.83667228,1334,9389,1357095,-73.0579371,-36.8033298,95,CONCEPCION,1,17998,2021,1357095,REGION BIO BIO,8101,CONCEPCION,CATALU??ªA, ,1118,"CATALU??ªA 1118, CONCEPCION",CHILE,RANGE_INTERPOLATED,24760,2021,1357095,1,2021/05/14 00:00:00+00,1899/12/30 00:00:00+00,8,REGION BIO BIO,8101,CONCEPCION,50,CHOQUE,40,CHOQUE,1,URBANA,1,TRAMO DE VIA RECTA,1,IMPRUDENCIA DEL CONDUCTOR,27,CONDUCCION NO ATENTO CONDICIONES TRANSITO MOMENTO,0,CATALUÑA,0, ,- CATALUÑA,1118, , , , ,1,1,2,BIDIRECCIONAL,1,CONCRETO,1,BUENO,1,SECO,1,DESPEJADO,0,0,0,0,2
-8130840.87415815,-4411719.75812737,1335,9390,1335013,-73.0405863,-36.8032645,95,CONCEPCION,1,7502,2021,1335013,REGION BIO BIO,8101,CONCEPCION,LIENTUR,ALONSO DE RIBERA,0,"LIENTUR & ALONSO DE RIBERA, CONCEPCION",CHILE,GEOMETRIC_CENTER,10543,2021,1335013,1,2021/02/24 00:00:00+00,1899/12/30 00:00:00+00,8,REGION BIO BIO,8101,CONCEPCION,50,CHOQUE,40,CHOQUE,1,URBANA,11,CRUCE CON SEMAFORO FUNCIONANDO,13,CAUSAS NO DETERMINADAS,97,CAUSAS NO DETERMINADAS,0,LIENTUR,0,ALONSO DE RIBERA,ALONSO DE RIBERA - LIENTUR,0, , , , ,2,0,1,UNIDIRECCIONAL,1,CONCRETO,1,BUENO,1,SECO,1,DESPEJADO,0,0,0,0,1
-8130840.87415815,-4411719.75812737,1336,9391,1390920,-73.0405863,-36.8032645,95,CONCEPCION,1,46420,2021,1390920,REGION BIO BIO,8101,CONCEPCION,LIENTUR,ALONSO DE RIBERA,0,"LIENTUR & ALONSO DE RIBERA, CONCEPCION",CHILE,GEOMETRIC_CENTER,63397,2021,1390920,1,2021/10/25 00:00:00+00,1899/12/30 00:00:00+00,8,REGION BIO BIO,8101,CONCEPCION,30,COLISION,30,COLISION,1,URBANA,1,TRAMO DE VIA RECTA,4,ALCOHOL EN CONDUCTOR,24,CONDUCCION EN ESTADO DE EBRIEDAD,0,LIENTUR,0,ALONSO DE RIBERA,ALONSO DE RIBERA - LIENTUR,0, , , , ,3,3,2,BIDIRECCIONAL,1,CONCRETO,1,BUENO,1,SECO,1,DESPEJADO,0,0,0,3,1
-8132455.73035135,-4411703.21378519,1337,9392,1327665,-73.0550928,-36.8031455,95,CONCEPCION,1,3437,2021,1327665,REGION BIO BIO,8101,CONCEPCION,PAICAVI,INDEPENDENCIA,0,"PAICAVI & INDEPENDENCIA, CONCEPCION",CHILE,GEOMETRIC_CENTER,4735,2021,1327665,1,2021/01/25 00:00:00+00,1899/12/30 00:00:00+00,8,REGION BIO BIO,8101,CONCEPCION,30,COLISION,30,COLISION,1,URBANA,1,TRAMO DE VIA RECTA,13,CAUSAS NO DETERMINADAS,97,CAUSAS NO DETERMINADAS,0,PAICAVI,0,INDEPENDENCIA,INDEPENDENCIA - PAICAVI,0, , , , ,2,2,2,BIDIRECCIONAL,1,CONCRETO,1,BUENO,1,SECO,1,DESPEJADO,0,0,0,1,1
-8132455.73035135,-4411703.21378519,1338,9393,1344030,-73.0550928,-36.8031455,95,CONCEPCION,1,14300,2021,1344030,REGION BIO BIO,8101,CONCEPCION,INDEPENDENCIA,PAICAVI,0,"INDEPENDENCIA & PAICAVI, CONCEPCION",CHILE,GEOMETRIC_CENTER,19715,2021,1344030,1,2021/04/16 00:00:00+00,1899/12/30 00:00:00+00,8,REGION BIO BIO,8101,CONCEPCION,30,COLISION,30,COLISION,1,URBANA,11,CRUCE CON SEMAFORO FUNCIONANDO,13,CAUSAS NO DETERMINADAS,97,CAUSAS NO DETERMINADAS,0,INDEPENDENCIA,0,PAICAVI,INDEPENDENCIA - PAICAVI,0, , , , ,3,3,2,BIDIRECCIONAL,1,CONCRETO,1,BUENO,1,SECO,1,DESPEJADO,0,0,0,0,2
-8132455.73035135,-4411703.21378519,1339,9394,1369585,-73.0550928,-36.8031455,95,CONCEPCION,1,29675,2021,1369585,REGION BIO BIO,8101,CONCEPCION,INDEPENDENCIA,PAICAVI,0,"INDEPENDENCIA & PAICAVI, CONCEPCION",CHILE,GEOMETRIC_CENTER,41055,2021,1369585,1,2021/07/25 00:00:00+00,1899/12/30 00:00:00+00,8,REGION BIO BIO,8101,CONCEPCION,30,COLISION,30,COLISION,1,URBANA,1,TRAMO DE VIA RECTA,1,IMPRUDENCIA DEL CONDUCTOR,27,CONDUCCION NO ATENTO CONDICIONES TRANSITO MOMENTO,0,INDEPENDENCIA,0,PAICAVI,INDEPENDENCIA - PAICAVI,0, , , , ,3,3,2,BIDIRECCIONAL,1,CONCRETO,1,BUENO,1,SECO,1,DESPEJADO,0,0,0,0,2
-8132455.73035135,-4411703.21378519,1340,9395,1369978,-73.0550928,-36.8031455,95,CONCEPCION,1,30835,2021,1369978,REGION BIO BIO,8101,CONCEPCION,PAICAVI,INDEPENDENCIA,0,"PAICAVI & INDEPENDENCIA, CONCEPCION",CHILE,GEOMETRIC_CENTER,42635,2021,1369978,1,2021/08/01 00:00:00+00,1899/12/30 00:00:00+00,8,REGION BIO BIO,8101,CONCEPCION,50,CHOQUE,40,CHOQUE,1,URBANA,1,TRAMO DE VIA RECTA,1,IMPRUDENCIA DEL CONDUCTOR,27,CONDUCCION NO ATENTO CONDICIONES TRANSITO MOMENTO,0,PAICAVI,0,INDEPENDENCIA,INDEPENDENCIA - PAICAVI,0, , , , ,3,3,2,BIDIRECCIONAL,1,CONCRETO,1,BUENO,1,SECO,1,DESPEJADO,0,1,0,0,0
-8132455.73035135,-4411703.21378519,1341,9396,1384845,-73.0550928,-36.8031455,95,CONCEPCION,1,42406,2021,1384845,REGION BIO BIO,8101,CONCEPCION,PAICAVI,INDEPENDENCIA,0,"PAICAVI & INDEPENDENCIA, CONCEPCION",CHILE,GEOMETRIC_CENTER,58098,2021,1384845,1,2021/10/04 00:00:00+00,1899/12/30 00:00:00+00,8,REGION BIO BIO,8101,CONCEPCION,30,COLISION,30,COLISION,1,URBANA,11,CRUCE CON SEMAFORO FUNCIONANDO,13,CAUSAS NO DETERMINADAS,97,CAUSAS NO DETERMINADAS,0,PAICAVI,0,INDEPENDENCIA,INDEPENDENCIA - PAICAVI,0, , , , ,3,3,2,BIDIRECCIONAL,1,CONCRETO,1,BUENO,1,SECO,1,DESPEJADO,0,0,0,2,3
-8132455.73035135,-4411703.21378519,1342,9397,1386817,-73.0550928,-36.8031455,95,CONCEPCION,1,44186,2021,1386817,REGION BIO BIO,8101,CONCEPCION,PAICAVI,INDEPENDENCIA,0,"PAICAVI & INDEPENDENCIA, CONCEPCION",CHILE,GEOMETRIC_CENTER,60422,2021,1386817,1,2021/10/13 00:00:00+00,1899/12/30 00:00:00+00,8,REGION BIO BIO,8101,CONCEPCION,50,CHOQUE,40,CHOQUE,1,URBANA,11,CRUCE CON SEMAFORO FUNCIONANDO,14,OTRAS CAUSAS,98,OTRAS CAUSAS,0,PAICAVI,0,INDEPENDENCIA,INDEPENDENCIA - PAICAVI,0, , , , ,3,3,2,BIDIRECCIONAL,1,CONCRETO,1,BUENO,1,SECO,1,DESPEJADO,0,0,0,1,1
-8132455.73035135,-4411703.21378519,1343,9398,1389065,-73.0550928,-36.8031455,95,CONCEPCION,1,45624,2021,1389065,REGION BIO BIO,8101,CONCEPCION,PAICAVI,INDEPENDENCIA,0,"PAICAVI & INDEPENDENCIA, CONCEPCION",CHILE,GEOMETRIC_CENTER,62348,2021,1389065,1,2021/10/21 00:00:00+00,1899/12/30 00:00:00+00,8,REGION BIO BIO,8101,CONCEPCION,30,COLISION,30,COLISION,1,URBANA,11,CRUCE CON SEMAFORO FUNCIONANDO,13,CAUSAS NO DETERMINADAS,97,CAUSAS NO DETERMINADAS,0,PAICAVI,0,INDEPENDENCIA,INDEPENDENCIA - PAICAVI,0, , , , ,3,3,2,BIDIRECCIONAL,1,CONCRETO,1,BUENO,1,SECO,1,DESPEJADO,0,0,0,1,3
-8131971.50169834,-4411684.93162184,1344,9399,1357116,-73.0507429,-36.803014,95,CONCEPCION,1,18094,2021,1357116,REGION BIO BIO,8101,CONCEPCION,GALVARINO, ,2341,"GALVARINO 2341, CONCEPCION",CHILE,RANGE_INTERPOLATED,24881,2021,1357116,1,2021/05/14 00:00:00+00,1899/12/30 00:00:00+00,8,REGION BIO BIO,8101,CONCEPCION,50,CHOQUE,40,CHOQUE,1,URBANA,1,TRAMO DE VIA RECTA,13,CAUSAS NO DETERMINADAS,97,CAUSAS NO DETERMINADAS,0,GALVARINO,0, ,- GALVARINO,2341, , , , ,1,1,2,BIDIRECCIONAL,1,CONCRETO,1,BUENO,1,SECO,1,DESPEJADO,0,0,0,0,2
-8131672.55320582,-4411659.60079797,1345,9400,1340183,-73.0480574,-36.8028318,95,CONCEPCION,1,11668,2021,1340183,REGION BIO BIO,8101,CONCEPCION,SANTA SABINA,BELLAVISTA,0,"SANTA SABINA & BELLAVISTA, CONCEPCION",CHILE,GEOMETRIC_CENTER,16159,2021,1340183,1,2021/03/24 00:00:00+00,1899/12/30 00:00:00+00,8,REGION BIO BIO,8101,CONCEPCION,70,VOLCADURA,70,VOLCADURA,1,URBANA,26,OTROS NO CONSIDERADOS,9,PERDIDA CONTROL VEHICULO,95,PERDIDA CONTROL VEHICULO,0,SANTA SABINA,0,BELLAVISTA,BELLAVISTA - SANTA SABINA,0, , , , ,1,1,2,BIDIRECCIONAL,1,CONCRETO,1,BUENO,1,SECO,1,DESPEJADO,0,0,0,0,1
-8134407.84007385,-4411655.69412852,1346,9401,1369983,-73.0726289,-36.8028037,95,CONCEPCION,1,30932,2021,1369983,REGION BIO BIO,8101,CONCEPCION,PAICAVI,JORGE ALESSANDRI,0,"PAICAVI & JORGE ALESSANDRI, CONCEPCION",CHILE,GEOMETRIC_CENTER,42778,2021,1369983,1,2021/08/02 00:00:00+00,1899/12/30 00:00:00+00,8,REGION BIO BIO,8101,CONCEPCION,30,COLISION,30,COLISION,1,URBANA,1,TRAMO DE VIA RECTA,13,CAUSAS NO DETERMINADAS,97,CAUSAS NO DETERMINADAS,0,PAICAVI,0,JORGE ALESSANDRI,JORGE ALESSANDRI - PAICAVI,0, , , , ,3,3,2,BIDIRECCIONAL,1,CONCRETO,1,BUENO,1,SECO,1,DESPEJADO,0,0,0,0,2