X,Y,FID,FID_1,LABELID,POINT_X,POINT_Y,FID_2,COMUNAREAL,VAL_COM,OBJECTID,A_O,IDACCIDENT,REGION,COD_COMUN,COMUNA,CALLE_UNO,CALLE_DOS,NUMERO,DIR_GEOCOD,PAIS,TIPO,OBJECTID_1,Año,Idaccide_1,Claseaccid,Fecha,Hora,Cód_Regi,Región,Cód_Comun,Comuna_1,Cód_Tipo_,Tipo_Accid,Cód_Tipo1,Tipo__CONA,Cód_Zona,Zona,Cód_Ubica,Ubicación,Cód_Causa,Causa__CON,Cód_Cau_1,Causa,Cód_Calle,Calle_Un_1,Cód_Cal_1,Calle_Do_1,Intersecci,Número,Ruta,Cód_Ruta,Ubicaci_1,Km_Vía_Fe,Pistas_de_,Pistas_de1,Cód_Calza,Calzada,Cód__Tipo,Tipo_Calza,Cód_Estad,Estado_Cal,Cód_Condi,Condición,Cód_Est_1,Estado_Atm,Fallecidos,Graves,Menos_Grav,Leves,Ilesos
-8134407.84007385,-4411655.69412852,1347,9402,1406569,-73.0726289,-36.8028037,95,CONCEPCION,0,58001,2021,1406569,REGION BIO BIO,8103,CHIGUAYANTE,PAICAVI,JORGE ALESSANDRI,0,"PAICAVI & JORGE ALESSANDRI, CHIGUAYANTE",CHILE,GEOMETRIC_CENTER,78764,2021,1406569,1,2021/12/23 00:00:00+00,1899/12/30 00:00:00+00,8,REGION BIO BIO,8103,CHIGUAYANTE,30,COLISION,30,COLISION,1,URBANA,1,TRAMO DE VIA RECTA,13,CAUSAS NO DETERMINADAS,97,CAUSAS NO DETERMINADAS,0,PAICAVI,0,JORGE ALESSANDRI,JORGE ALESSANDRI - PAICAVI,0, , , , ,3,3,2,BIDIRECCIONAL,1,CONCRETO,1,BUENO,1,SECO,1,DESPEJADO,0,0,0,0,2
-8131763.69047293,-4411639.48355104,1348,9403,1364067,-73.0488761,-36.8026871,95,CONCEPCION,1,28545,2021,1364067,REGION BIO BIO,8101,CONCEPCION,AINAVILLO,BELLAVISTA,0,"AINAVILLO & BELLAVISTA, CONCEPCION",CHILE,GEOMETRIC_CENTER,39441,2021,1364067,1,2021/07/19 00:00:00+00,1899/12/30 00:00:00+00,8,REGION BIO BIO,8101,CONCEPCION,30,COLISION,30,COLISION,1,URBANA,1,TRAMO DE VIA RECTA,1,IMPRUDENCIA DEL CONDUCTOR,27,CONDUCCION NO ATENTO CONDICIONES TRANSITO MOMENTO,0,AINAVILLO,0,BELLAVISTA,AINAVILLO - BELLAVISTA,0, , , , ,2,2,2,BIDIRECCIONAL,1,CONCRETO,1,BUENO,1,SECO,1,DESPEJADO,0,0,0,0,2
-8131763.69047293,-4411639.48355104,1349,9404,1364386,-73.0488761,-36.8026871,95,CONCEPCION,1,28826,2021,1364386,REGION BIO BIO,8101,CONCEPCION,BELLAVISTA,AINAVILLO,0,"BELLAVISTA & AINAVILLO, CONCEPCION",CHILE,GEOMETRIC_CENTER,39831,2021,1364386,1,2021/07/20 00:00:00+00,1899/12/30 00:00:00+00,8,REGION BIO BIO,8101,CONCEPCION,30,COLISION,30,COLISION,1,URBANA,1,TRAMO DE VIA RECTA,14,OTRAS CAUSAS,98,OTRAS CAUSAS,0,BELLAVISTA,0,AINAVILLO,AINAVILLO - BELLAVISTA,0, , , , ,2,2,2,BIDIRECCIONAL,1,CONCRETO,1,BUENO,1,SECO,1,DESPEJADO,0,0,0,0,2
-8132719.92489885,-4411633.10220698,1350,9405,1400209,-73.0574661,-36.8026412,95,CONCEPCION,1,50807,2021,1400209,REGION BIO BIO,8101,CONCEPCION,CATALU??ªA,TORRELINOS,0,"CATALU??ªA & TORRELINOS, CONCEPCION",CHILE,GEOMETRIC_CENTER,69174,2021,1400209,1,2021/11/17 00:00:00+00,1899/12/30 00:00:00+00,8,REGION BIO BIO,8101,CONCEPCION,30,COLISION,30,COLISION,1,URBANA,14,CRUCE CON SEÑAL PARE,13,CAUSAS NO DETERMINADAS,97,CAUSAS NO DETERMINADAS,0,CATALUÑA,0,TORRELINOS,CATALUÑA - TORRELINOS,0, , , , ,2,2,2,BIDIRECCIONAL,1,CONCRETO,1,BUENO,1,SECO,1,DESPEJADO,0,0,0,1,1
-8132581.65495933,-4411614.13893261,1351,9406,1399310,-73.056224,-36.8025048,95,CONCEPCION,1,50348,2021,1399310,REGION BIO BIO,8101,CONCEPCION,PAICAVI,LOS EMIGRANTES,0,"PAICAVI & LOS EMIGRANTES, CONCEPCION",CHILE,GEOMETRIC_CENTER,68590,2021,1399310,1,2021/11/15 00:00:00+00,1899/12/30 00:00:00+00,8,REGION BIO BIO,8101,CONCEPCION,30,COLISION,30,COLISION,1,URBANA,1,TRAMO DE VIA RECTA,14,OTRAS CAUSAS,98,OTRAS CAUSAS,0,PAICAVI,0,LOS EMIGRANTES,LOS EMIGRANTES - PAICAVI,0, , , , ,2,2,2,BIDIRECCIONAL,1,CONCRETO,1,BUENO,1,SECO,1,DESPEJADO,0,0,0,0,3
-8132578.80518037,-4411515.91694133,1352,9407,1356411,-73.0561984,-36.8017983,95,CONCEPCION,1,17439,2021,1356411,REGION BIO BIO,8101,CONCEPCION,PAICAVI,NUEVA,0,"PAICAVI & NUEVA, CONCEPCION",CHILE,GEOMETRIC_CENTER,24034,2021,1356411,1,2021/05/10 00:00:00+00,1899/12/30 00:00:00+00,8,REGION BIO BIO,8101,CONCEPCION,30,COLISION,30,COLISION,1,URBANA,1,TRAMO DE VIA RECTA,1,IMPRUDENCIA DEL CONDUCTOR,27,CONDUCCION NO ATENTO CONDICIONES TRANSITO MOMENTO,0,PAICAVI,0,NUEVA,NUEVA - PAICAVI,0, , , , ,3,3,2,BIDIRECCIONAL,1,CONCRETO,1,BUENO,1,SECO,1,DESPEJADO,0,0,0,0,2
-8132612.71309726,-4411508.59029833,1353,9408,1341239,-73.056503,-36.8017456,95,CONCEPCION,1,12407,2021,1341239,REGION BIO BIO,8101,CONCEPCION,PAICAVI,LOS SUSPIROS,0,"PAICAVI & LOS SUSPIROS, CONCEPCION",CHILE,GEOMETRIC_CENTER,17162,2021,1341239,1,2021/03/31 00:00:00+00,1899/12/30 00:00:00+00,8,REGION BIO BIO,8101,CONCEPCION,53,CHOQUE POSTERIOR,40,CHOQUE,1,URBANA,1,TRAMO DE VIA RECTA,1,IMPRUDENCIA DEL CONDUCTOR,28,CONDUCCION SIN MANTENER DISTANCIA RAZONABLE NI PRUDENTE,0,PAICAVI,0,LOS SUSPIROS,LOS SUSPIROS - PAICAVI,0, , , , ,3,3,3,BIDIRECCIONAL CON BANDEJON,1,CONCRETO,1,BUENO,1,SECO,1,DESPEJADO,0,0,0,0,2
-8132628.16424258,-4411435.51877983,1354,9409,1360054,-73.0566418,-36.80122,95,CONCEPCION,1,4373,2021,1360054,REGION BIO BIO,8101,CONCEPCION,PAICAVI, ,2937,"PAICAVI 2937, CONCEPCION",CHILE,RANGE_INTERPOLATED,6144,2021,1360054,1,2021/02/01 00:00:00+00,1899/12/30 00:00:00+00,8,REGION BIO BIO,8101,CONCEPCION,50,CHOQUE,40,CHOQUE,1,URBANA,1,TRAMO DE VIA RECTA,4,ALCOHOL EN CONDUCTOR,24,CONDUCCION EN ESTADO DE EBRIEDAD,0,PAICAVI,0, ,- PAICAVI,2937, , , , ,3,3,2,BIDIRECCIONAL,1,CONCRETO,1,BUENO,1,SECO,1,DESPEJADO,0,0,0,1,0
-8131202.71816298,-4411369.82991472,1355,9413,1355661,-73.0438368,-36.8007475,95,CONCEPCION,1,12900,2021,1355661,REGION BIO BIO,8101,CONCEPCION,ALTO DE BELLAVISTA, ,2075,"ALTO DE BELLAVISTA 2075, CONCEPCION",CHILE,RANGE_INTERPOLATED,17808,2021,1355661,1,2021/04/05 00:00:00+00,1899/12/30 00:00:00+00,8,REGION BIO BIO,8101,CONCEPCION,30,COLISION,30,COLISION,1,URBANA,1,TRAMO DE VIA RECTA,13,CAUSAS NO DETERMINADAS,97,CAUSAS NO DETERMINADAS,0,ALTO DE BELLAVISTA,0, ,- ALTO DE BELLAVISTA,2075, , , , ,1,1,2,BIDIRECCIONAL,1,CONCRETO,1,BUENO,1,SECO,1,DESPEJADO,0,0,0,0,2
-8129780.61166809,-4411325.82902855,1356,9414,1327633,-73.0310618,-36.800431,95,CONCEPCION,1,2658,2021,1327633,REGION BIO BIO,8101,CONCEPCION,ANDALIEN,VICKU??ªA MACKENA,0,"ANDALIEN & VICKU??ªA MACKENA, CONCEPCION",CHILE,GEOMETRIC_CENTER,3661,2021,1327633,1,2021/01/19 00:00:00+00,1899/12/30 00:00:00+00,8,REGION BIO BIO,8101,CONCEPCION,99,OTRO TIPO,99,OTRO TIPO,1,URBANA,1,TRAMO DE VIA RECTA,13,CAUSAS NO DETERMINADAS,97,CAUSAS NO DETERMINADAS,0,ANDALIEN,0,VICKUÑA MACKENA,ANDALIEN - VICKUÑA MACKENA,0, , , , ,2,0,1,UNIDIRECCIONAL,1,CONCRETO,1,BUENO,1,SECO,1,DESPEJADO,0,0,0,0,1
-8130833.51593981,-4411252.48072012,1357,9415,1329190,-73.0405202,-36.7999034,95,CONCEPCION,1,3878,2021,1329190,REGION BIO BIO,8101,CONCEPCION,LAGUNA LO GALINDO,PADRE HURTADO,0,"LAGUNA LO GALINDO & PADRE HURTADO, CONCEPCION",CHILE,GEOMETRIC_CENTER,5376,2021,1329190,1,2021/01/28 00:00:00+00,1899/12/30 00:00:00+00,8,REGION BIO BIO,8101,CONCEPCION,50,CHOQUE,40,CHOQUE,1,URBANA,1,TRAMO DE VIA RECTA,9,PERDIDA CONTROL VEHICULO,95,PERDIDA CONTROL VEHICULO,0,LAGUNA LO GALINDO,0,PADRE HURTADO,LAGUNA LO GALINDO - PADRE HURTADO,0, , , , ,1,1,2,BIDIRECCIONAL,1,CONCRETO,1,BUENO,1,SECO,1,DESPEJADO,0,0,0,1,1
-8131724.11639396,-4411228.06846874,1358,9416,1385630,-73.0485206,-36.7997278,95,CONCEPCION,1,41523,2021,1385630,REGION BIO BIO,8101,CONCEPCION,ALONSO DE RIBERA,ADBON CIFUENTES,0,"ALONSO DE RIBERA & ADBON CIFUENTES, CONCEPCION",CHILE,GEOMETRIC_CENTER,56907,2021,1385630,1,2021/09/29 00:00:00+00,1899/12/30 00:00:00+00,8,REGION BIO BIO,8101,CONCEPCION,50,CHOQUE,40,CHOQUE,1,URBANA,1,TRAMO DE VIA RECTA,1,IMPRUDENCIA DEL CONDUCTOR,27,CONDUCCION NO ATENTO CONDICIONES TRANSITO MOMENTO,0,ALONSO DE RIBERA,0,ADBON CIFUENTES,ADBON CIFUENTES - ALONSO DE RIBERA,0, , , , ,2,2,2,BIDIRECCIONAL,1,CONCRETO,1,BUENO,1,SECO,1,DESPEJADO,0,0,0,0,2
-8129831.39561979,-4411219.29619845,1359,9417,1336046,-73.031518,-36.7996647,95,CONCEPCION,1,8576,2021,1336046,REGION BIO BIO,8101,CONCEPCION,PRINCIPAL,ANDALIEN,0,"PRINCIPAL & ANDALIEN, CONCEPCION",CHILE,GEOMETRIC_CENTER,12021,2021,1336046,1,2021/03/03 00:00:00+00,1899/12/30 00:00:00+00,8,REGION BIO BIO,8101,CONCEPCION,50,CHOQUE,40,CHOQUE,1,URBANA,12,CRUCE CON SEMAFORO APAGADO,13,CAUSAS NO DETERMINADAS,97,CAUSAS NO DETERMINADAS,0,PRINCIPAL,0,ANDALIEN,ANDALIEN - PRINCIPAL,0, , , , ,2,2,2,BIDIRECCIONAL,1,CONCRETO,1,BUENO,1,SECO,1,DESPEJADO,0,0,0,1,1
-8129831.39561979,-4411219.29619845,1360,9418,1399232,-73.031518,-36.7996647,95,CONCEPCION,1,50013,2021,1399232,REGION BIO BIO,8101,CONCEPCION,ANDALIEN,PRINCIPAL,0,"ANDALIEN & PRINCIPAL, CONCEPCION",CHILE,GEOMETRIC_CENTER,68106,2021,1399232,1,2021/11/13 00:00:00+00,1899/12/30 00:00:00+00,8,REGION BIO BIO,8101,CONCEPCION,50,CHOQUE,40,CHOQUE,1,URBANA,1,TRAMO DE VIA RECTA,13,CAUSAS NO DETERMINADAS,97,CAUSAS NO DETERMINADAS,0,ANDALIEN,0,PRINCIPAL,ANDALIEN - PRINCIPAL,0, , , , ,2,2,2,BIDIRECCIONAL,1,CONCRETO,1,BUENO,1,SECO,1,DESPEJADO,0,0,0,1,3
-8132316.93721022,-4411210.07906646,1361,9419,1332678,-73.053846,-36.7995984,95,CONCEPCION,1,4867,2021,1332678,REGION BIO BIO,8101,CONCEPCION,ALONSO DE RIBERA,ALONSO DE BONILLA,0,"ALONSO DE RIBERA & ALONSO DE BONILLA, CONCEPCION",CHILE,GEOMETRIC_CENTER,6801,2021,1332678,1,2021/02/04 00:00:00+00,1899/12/30 00:00:00+00,8,REGION BIO BIO,8101,CONCEPCION,50,CHOQUE,40,CHOQUE,1,URBANA,26,OTROS NO CONSIDERADOS,1,IMPRUDENCIA DEL CONDUCTOR,27,CONDUCCION NO ATENTO CONDICIONES TRANSITO MOMENTO,0,ALONSO DE RIBERA,0,ALONSO DE BONILLA,ALONSO DE BONILLA - ALONSO DE RIBERA,0, , , , ,1,1,2,BIDIRECCIONAL,1,CONCRETO,1,BUENO,1,SECO,1,DESPEJADO,0,0,0,0,2
-8132332.70005012,-4411208.1327651,1362,9420,1389058,-73.0539876,-36.7995844,95,CONCEPCION,1,45690,2021,1389058,REGION BIO BIO,8101,CONCEPCION,ALONSO DE RIBERA, ,2535,"ALONSO DE RIBERA 2535, CONCEPCION",CHILE,RANGE_INTERPOLATED,62427,2021,1389058,1,2021/10/21 00:00:00+00,1899/12/30 00:00:00+00,8,REGION BIO BIO,8101,CONCEPCION,50,CHOQUE,40,CHOQUE,1,URBANA,1,TRAMO DE VIA RECTA,13,CAUSAS NO DETERMINADAS,97,CAUSAS NO DETERMINADAS,0,ALONSO DE RIBERA,0, ,- ALONSO DE RIBERA,2535, , , , ,2,2,2,BIDIRECCIONAL,1,CONCRETO,1,BUENO,1,SECO,1,DESPEJADO,0,0,0,0,1
-8131930.43593819,-4411200.16683538,1363,9421,1338997,-73.050374,-36.7995271,95,CONCEPCION,1,9941,2021,1338997,REGION BIO BIO,8101,CONCEPCION,VICTOR DOMINGO SILVA, ,1927,"VICTOR DOMINGO SILVA 1927, CONCEPCION",CHILE,RANGE_INTERPOLATED,13839,2021,1338997,1,2021/03/12 00:00:00+00,1899/12/30 00:00:00+00,8,REGION BIO BIO,8101,CONCEPCION,30,COLISION,30,COLISION,1,URBANA,1,TRAMO DE VIA RECTA,13,CAUSAS NO DETERMINADAS,97,CAUSAS NO DETERMINADAS,0,VICTOR DOMINGO SILVA,0, ,- VICTOR DOMINGO SILVA,1927, , , , ,1,1,2,BIDIRECCIONAL,1,CONCRETO,1,BUENO,1,SECO,1,DESPEJADO,0,1,0,2,1
-8132256.67996986,-4411198.77662139,1364,9422,1402716,-73.0533047,-36.7995171,95,CONCEPCION,1,52668,2021,1402716,REGION BIO BIO,8101,CONCEPCION,ALONSO DE RIBERA, ,2245,"ALONSO DE RIBERA 2245, CONCEPCION",CHILE,RANGE_INTERPOLATED,71582,2021,1402716,1,2021/11/26 00:00:00+00,1899/12/30 00:00:00+00,8,REGION BIO BIO,8101,CONCEPCION,30,COLISION,30,COLISION,1,URBANA,1,TRAMO DE VIA RECTA,13,CAUSAS NO DETERMINADAS,97,CAUSAS NO DETERMINADAS,0,ALONSO DE RIBERA,0, ,- ALONSO DE RIBERA,2245, , , , ,2,2,2,BIDIRECCIONAL,1,CONCRETO,1,BUENO,1,SECO,1,DESPEJADO,0,0,0,1,1
-8132563.75478521,-4411198.33175294,1365,9423,1346097,-73.0560632,-36.7995139,95,CONCEPCION,1,15510,2021,1346097,REGION BIO BIO,8101,CONCEPCION,ALONSO DE RIBERA,PASARELA UNIVERSIDAD CATOLICA,0,"ALONSO DE RIBERA & PASARELA UNIVERSIDAD CATOLICA, CONCEPCION",CHILE,GEOMETRIC_CENTER,21356,2021,1346097,1,2021/04/26 00:00:00+00,1899/12/30 00:00:00+00,8,REGION BIO BIO,8101,CONCEPCION,30,COLISION,30,COLISION,1,URBANA,1,TRAMO DE VIA RECTA,13,CAUSAS NO DETERMINADAS,97,CAUSAS NO DETERMINADAS,0,ALONSO DE RIBERA,0,PASARELA UNIVERSIDAD CATOLICA,ALONSO DE RIBERA - PASARELA UNIVERSIDAD CATOLICA,0, , , , ,1,1,2,BIDIRECCIONAL,1,CONCRETO,1,BUENO,1,SECO,1,DESPEJADO,0,0,0,0,2
-8131327.21788148,-4411165.06398746,1366,9424,1329573,-73.0449552,-36.7992746,95,CONCEPCION,1,3986,2021,1329573,REGION BIO BIO,8101,CONCEPCION,ALONSO DE RIBERA,LIENTUR,0,"ALONSO DE RIBERA & LIENTUR, CONCEPCION",CHILE,GEOMETRIC_CENTER,5539,2021,1329573,1,2021/01/29 00:00:00+00,1899/12/30 00:00:00+00,8,REGION BIO BIO,8101,CONCEPCION,50,CHOQUE,40,CHOQUE,1,URBANA,26,OTROS NO CONSIDERADOS,13,CAUSAS NO DETERMINADAS,97,CAUSAS NO DETERMINADAS,0,ALONSO DE RIBERA,0,LIENTUR,ALONSO DE RIBERA - LIENTUR,0, , , , ,2,0,1,UNIDIRECCIONAL,1,CONCRETO,1,BUENO,1,SECO,3,LLUVIA,0,0,0,1,2
-8131327.21788148,-4411165.06398746,1367,9425,1329589,-73.0449552,-36.7992746,95,CONCEPCION,1,4250,2021,1329589,REGION BIO BIO,8101,CONCEPCION,ALONSO DE RIBERA,JUAN DE DIOS RIVERA,0,"ALONSO DE RIBERA & JUAN DE DIOS RIVERA, CONCEPCION",CHILE,GEOMETRIC_CENTER,5966,2021,1329589,1,2021/01/31 00:00:00+00,1899/12/30 00:00:00+00,8,REGION BIO BIO,8101,CONCEPCION,70,VOLCADURA,70,VOLCADURA,1,URBANA,26,OTROS NO CONSIDERADOS,4,ALCOHOL EN CONDUCTOR,21,CONDUCCION BAJO LA INFLUENCIA DEL ALCOHOL,0,ALONSO DE RIBERA,0,JUAN DE DIOS RIVERA,ALONSO DE RIBERA - JUAN DE DIOS RIVERA,0, , , , ,2,0,1,UNIDIRECCIONAL,1,CONCRETO,1,BUENO,1,SECO,1,DESPEJADO,0,0,0,0,1
-8131327.21788148,-4411165.06398746,1368,9426,1336089,-73.0449552,-36.7992746,95,CONCEPCION,1,8815,2021,1336089,REGION BIO BIO,8101,CONCEPCION,ALONSO DE RIBERA,LIENTUR,0,"ALONSO DE RIBERA & LIENTUR, CONCEPCION",CHILE,GEOMETRIC_CENTER,12332,2021,1336089,1,2021/03/05 00:00:00+00,1899/12/30 00:00:00+00,8,REGION BIO BIO,8101,CONCEPCION,70,VOLCADURA,70,VOLCADURA,1,URBANA,1,TRAMO DE VIA RECTA,13,CAUSAS NO DETERMINADAS,97,CAUSAS NO DETERMINADAS,0,ALONSO DE RIBERA,0,LIENTUR,ALONSO DE RIBERA - LIENTUR,0, , , , ,2,2,2,BIDIRECCIONAL,1,CONCRETO,1,BUENO,1,SECO,1,DESPEJADO,0,1,0,1,1
-8131327.21788148,-4411165.06398746,1369,9427,1353295,-73.0449552,-36.7992746,95,CONCEPCION,1,16260,2021,1353295,REGION BIO BIO,8101,CONCEPCION,ALONSO DE RIBERA,ABDON CIFUENTES,0,"ALONSO DE RIBERA & ABDON CIFUENTES, CONCEPCION",CHILE,GEOMETRIC_CENTER,22406,2021,1353295,1,2021/05/02 00:00:00+00,1899/12/30 00:00:00+00,8,REGION BIO BIO,8101,CONCEPCION,50,CHOQUE,40,CHOQUE,1,URBANA,1,TRAMO DE VIA RECTA,9,PERDIDA CONTROL VEHICULO,95,PERDIDA CONTROL VEHICULO,0,ALONSO DE RIBERA,0,ABDON CIFUENTES,ABDON CIFUENTES - ALONSO DE RIBERA,0, , , , ,2,2,3,BIDIRECCIONAL CON BANDEJON,1,CONCRETO,1,BUENO,3,MOJADO,4,LLOVIZNA,0,0,0,1,1
-8131327.21788148,-4411165.06398746,1370,9428,1355694,-73.0449552,-36.7992746,95,CONCEPCION,1,16488,2021,1355694,REGION BIO BIO,8101,CONCEPCION,ALONSO DE RIBERA,LIENTUR,0,"ALONSO DE RIBERA & LIENTUR, CONCEPCION",CHILE,GEOMETRIC_CENTER,22754,2021,1355694,1,2021/05/04 00:00:00+00,1899/12/30 00:00:00+00,8,REGION BIO BIO,8101,CONCEPCION,40,IMPACTO CON ANIMAL,99,OTRO TIPO,1,URBANA,1,TRAMO DE VIA RECTA,13,CAUSAS NO DETERMINADAS,97,CAUSAS NO DETERMINADAS,0,ALONSO DE RIBERA,0,LIENTUR,ALONSO DE RIBERA - LIENTUR,0, , , , ,1,1,2,BIDIRECCIONAL,1,CONCRETO,1,BUENO,1,SECO,1,DESPEJADO,0,0,0,1,2
-8131327.21788148,-4411165.06398746,1371,9429,1357130,-73.0449552,-36.7992746,95,CONCEPCION,1,18304,2021,1357130,REGION BIO BIO,8101,CONCEPCION,ALONSO DE RIBERA,LIENTUR,0,"ALONSO DE RIBERA & LIENTUR, CONCEPCION",CHILE,GEOMETRIC_CENTER,25179,2021,1357130,1,2021/05/16 00:00:00+00,1899/12/30 00:00:00+00,8,REGION BIO BIO,8101,CONCEPCION,40,IMPACTO CON ANIMAL,99,OTRO TIPO,1,URBANA,1,TRAMO DE VIA RECTA,4,ALCOHOL EN CONDUCTOR,24,CONDUCCION EN ESTADO DE EBRIEDAD,0,ALONSO DE RIBERA,0,LIENTUR,ALONSO DE RIBERA - LIENTUR,0, , , , ,1,1,2,BIDIRECCIONAL,1,CONCRETO,1,BUENO,1,SECO,1,DESPEJADO,0,0,0,0,2
-8131327.21788148,-4411165.06398746,1372,9430,1357136,-73.0449552,-36.7992746,95,CONCEPCION,1,18435,2021,1357136,REGION BIO BIO,8101,CONCEPCION,ALONSO DE RIBERA,LIENTUR,0,"ALONSO DE RIBERA & LIENTUR, CONCEPCION",CHILE,GEOMETRIC_CENTER,25367,2021,1357136,1,2021/05/17 00:00:00+00,1899/12/30 00:00:00+00,8,REGION BIO BIO,8101,CONCEPCION,30,COLISION,30,COLISION,1,URBANA,1,TRAMO DE VIA RECTA,13,CAUSAS NO DETERMINADAS,97,CAUSAS NO DETERMINADAS,0,ALONSO DE RIBERA,0,LIENTUR,ALONSO DE RIBERA - LIENTUR,0, , , , ,1,1,2,BIDIRECCIONAL,1,CONCRETO,1,BUENO,1,SECO,1,DESPEJADO,0,0,0,3,0
-8131327.21788148,-4411165.06398746,1373,9431,1369997,-73.0449552,-36.7992746,95,CONCEPCION,1,30752,2021,1369997,REGION BIO BIO,8101,CONCEPCION,ALONSO DE RIBERA,ANDALIEN,0,"ALONSO DE RIBERA & ANDALIEN, CONCEPCION",CHILE,GEOMETRIC_CENTER,42514,2021,1369997,1,2021/08/01 00:00:00+00,1899/12/30 00:00:00+00,8,REGION BIO BIO,8101,CONCEPCION,30,COLISION,30,COLISION,1,URBANA,1,TRAMO DE VIA RECTA,4,ALCOHOL EN CONDUCTOR,24,CONDUCCION EN ESTADO DE EBRIEDAD,0,ALONSO DE RIBERA,0,ANDALIEN,ALONSO DE RIBERA - ANDALIEN,0, , , , ,3,3,2,BIDIRECCIONAL,1,CONCRETO,1,BUENO,1,SECO,1,DESPEJADO,0,0,0,1,1
-8131327.21788148,-4411165.06398746,1374,9432,1377349,-73.0449552,-36.7992746,95,CONCEPCION,1,37250,2021,1377349,REGION BIO BIO,8101,CONCEPCION,ALONSO DE RIBERA,LIENTUR,0,"ALONSO DE RIBERA & LIENTUR, CONCEPCION",CHILE,GEOMETRIC_CENTER,51227,2021,1377349,1,2021/09/05 00:00:00+00,1899/12/30 00:00:00+00,8,REGION BIO BIO,8101,CONCEPCION,10,ATROPELLO,10,ATROPELLO,1,URBANA,4,ACERA O BERMA,1,IMPRUDENCIA DEL CONDUCTOR,27,CONDUCCION NO ATENTO CONDICIONES TRANSITO MOMENTO,0,ALONSO DE RIBERA,0,LIENTUR,ALONSO DE RIBERA - LIENTUR,0, , , , ,2,2,3,BIDIRECCIONAL CON BANDEJON,1,CONCRETO,2,REGULAR,2,HUMEDO,2,NUBLADO,1,0,0,0,1
-8131327.21788148,-4411165.06398746,1375,9433,1379140,-73.0449552,-36.7992746,95,CONCEPCION,1,38570,2021,1379140,REGION BIO BIO,8101,CONCEPCION,ALONSO DE RIBERA,LIENTUR,0,"ALONSO DE RIBERA & LIENTUR, CONCEPCION",CHILE,GEOMETRIC_CENTER,53005,2021,1379140,1,2021/09/13 00:00:00+00,1899/12/30 00:00:00+00,8,REGION BIO BIO,8101,CONCEPCION,32,COLISION LATERAL,30,COLISION,1,URBANA,1,TRAMO DE VIA RECTA,7,VELOCIDAD IMPRUDENTE,72,VELOCIDAD NO RAZONABLE NI PRUDENTE,0,ALONSO DE RIBERA,0,LIENTUR,ALONSO DE RIBERA - LIENTUR,0, , , , ,2,2,3,BIDIRECCIONAL CON BANDEJON,1,CONCRETO,1,BUENO,1,SECO,3,LLUVIA,1,0,0,3,0
-8131327.21788148,-4411165.06398746,1376,9434,1402737,-73.0449552,-36.7992746,95,CONCEPCION,1,53415,2021,1402737,REGION BIO BIO,8101,CONCEPCION,ALONSO DE RIBERA,LIENTUR,0,"ALONSO DE RIBERA & LIENTUR, CONCEPCION",CHILE,GEOMETRIC_CENTER,72602,2021,1402737,1,2021/11/30 00:00:00+00,1899/12/30 00:00:00+00,8,REGION BIO BIO,8101,CONCEPCION,50,CHOQUE,40,CHOQUE,1,URBANA,11,CRUCE CON SEMAFORO FUNCIONANDO,13,CAUSAS NO DETERMINADAS,97,CAUSAS NO DETERMINADAS,0,ALONSO DE RIBERA,0,LIENTUR,ALONSO DE RIBERA - LIENTUR,0, , , , ,2,2,2,BIDIRECCIONAL,1,CONCRETO,1,BUENO,1,SECO,1,DESPEJADO,0,0,0,1,1
-8131327.21788148,-4411165.06398746,1377,9435,1406116,-73.0449552,-36.7992746,95,CONCEPCION,1,57813,2021,1406116,REGION BIO BIO,8101,CONCEPCION,ALONSO DE RIBERA,ABDON CIFUENTES,0,"ALONSO DE RIBERA & ABDON CIFUENTES, CONCEPCION",CHILE,GEOMETRIC_CENTER,78501,2021,1406116,1,2021/12/22 00:00:00+00,1899/12/30 00:00:00+00,8,REGION BIO BIO,8101,CONCEPCION,30,COLISION,30,COLISION,1,URBANA,1,TRAMO DE VIA RECTA,13,CAUSAS NO DETERMINADAS,97,CAUSAS NO DETERMINADAS,0,ALONSO DE RIBERA,0,ABDON CIFUENTES,ABDON CIFUENTES - ALONSO DE RIBERA,0, , , , ,2,2,2,BIDIRECCIONAL,1,CONCRETO,1,BUENO,1,SECO,1,DESPEJADO,0,0,0,0,2
-8131325.06941531,-4411161.19920573,1378,9436,1341911,-73.0449359,-36.7992468,95,CONCEPCION,1,12997,2021,1341911,REGION BIO BIO,8101,CONCEPCION,ALONSO DE RIBERA, ,2020,"ALONSO DE RIBERA 2020, CONCEPCION",CHILE,RANGE_INTERPOLATED,17952,2021,1341911,1,2021/04/06 00:00:00+00,1899/12/30 00:00:00+00,8,REGION BIO BIO,8101,CONCEPCION,70,VOLCADURA,70,VOLCADURA,1,URBANA,1,TRAMO DE VIA RECTA,13,CAUSAS NO DETERMINADAS,97,CAUSAS NO DETERMINADAS,0,ALONSO DE RIBERA,0, ,- ALONSO DE RIBERA,2020, , , , ,1,1,2,BIDIRECCIONAL,1,CONCRETO,1,BUENO,1,SECO,2,NUBLADO,0,0,0,1,0
-8131748.08348032,-4411159.98972397,1379,9437,1364045,-73.0487359,-36.7992381,95,CONCEPCION,1,28203,2021,1364045,REGION BIO BIO,8101,CONCEPCION,ABDON CIFUENTES,VICTOR DOMINGO SILVA,0,"ABDON CIFUENTES & VICTOR DOMINGO SILVA, CONCEPCION",CHILE,GEOMETRIC_CENTER,38962,2021,1364045,1,2021/07/16 00:00:00+00,1899/12/30 00:00:00+00,8,REGION BIO BIO,8101,CONCEPCION,50,CHOQUE,40,CHOQUE,1,URBANA,1,TRAMO DE VIA RECTA,4,ALCOHOL EN CONDUCTOR,24,CONDUCCION EN ESTADO DE EBRIEDAD,0,ABDON CIFUENTES,0,VICTOR DOMINGO SILVA,ABDON CIFUENTES - VICTOR DOMINGO SILVA,0, , , , ,2,2,2,BIDIRECCIONAL,1,CONCRETO,1,BUENO,1,SECO,1,DESPEJADO,0,0,0,0,2