X,Y,FID,FID_1,LABELID,POINT_X,POINT_Y,FID_2,COMUNAREAL,VAL_COM,OBJECTID,A_O,IDACCIDENT,REGION,COD_COMUN,COMUNA,CALLE_UNO,CALLE_DOS,NUMERO,DIR_GEOCOD,PAIS,TIPO,OBJECTID_1,Año,Idaccide_1,Claseaccid,Fecha,Hora,Cód_Regi,Región,Cód_Comun,Comuna_1,Cód_Tipo_,Tipo_Accid,Cód_Tipo1,Tipo__CONA,Cód_Zona,Zona,Cód_Ubica,Ubicación,Cód_Causa,Causa__CON,Cód_Cau_1,Causa,Cód_Calle,Calle_Un_1,Cód_Cal_1,Calle_Do_1,Intersecci,Número,Ruta,Cód_Ruta,Ubicaci_1,Km_Vía_Fe,Pistas_de_,Pistas_de1,Cód_Calza,Calzada,Cód__Tipo,Tipo_Calza,Cód_Estad,Estado_Cal,Cód_Condi,Condición,Cód_Est_1,Estado_Atm,Fallecidos,Graves,Menos_Grav,Leves,Ilesos
-8133094.48158952,-4411138.45541074,1380,9438,1402902,-73.0608308,-36.7990832,95,CONCEPCION,1,55551,2021,1402902,REGION BIO BIO,8101,CONCEPCION,PAICAVI, ,3380,"PAICAVI 3380, CONCEPCION",CHILE,RANGE_INTERPOLATED,75482,2021,1402902,1,2021/12/11 00:00:00+00,1899/12/30 00:00:00+00,8,REGION BIO BIO,8101,CONCEPCION,30,COLISION,30,COLISION,1,URBANA,1,TRAMO DE VIA RECTA,13,CAUSAS NO DETERMINADAS,97,CAUSAS NO DETERMINADAS,0,PAICAVI,0, ,- PAICAVI,3380, , , , ,3,3,2,BIDIRECCIONAL,1,CONCRETO,1,BUENO,1,SECO,1,DESPEJADO,0,0,0,0,2
-8131756.46583798,-4411086.16989021,1381,9439,1390973,-73.0488112,-36.7987071,95,CONCEPCION,1,44001,2021,1390973,REGION BIO BIO,8101,CONCEPCION,LUIS DURAND,ABDON CIFUENTES,0,"LUIS DURAND & ABDON CIFUENTES, CONCEPCION",CHILE,GEOMETRIC_CENTER,60197,2021,1390973,1,2021/10/12 00:00:00+00,1899/12/30 00:00:00+00,8,REGION BIO BIO,8101,CONCEPCION,50,CHOQUE,40,CHOQUE,1,URBANA,1,TRAMO DE VIA RECTA,13,CAUSAS NO DETERMINADAS,97,CAUSAS NO DETERMINADAS,0,LUIS DURAND,0,ABDON CIFUENTES,ABDON CIFUENTES - LUIS DURAND,0, , , , ,2,2,2,BIDIRECCIONAL,1,CONCRETO,1,BUENO,1,SECO,1,DESPEJADO,0,0,0,0,2
-8132992.07878994,-4411063.80160847,1382,9440,1325888,-73.0599109,-36.7985462,95,CONCEPCION,1,1401,2021,1325888,REGION BIO BIO,8101,CONCEPCION,PAICAVI,ALONSO DE RIBERA,0,"PAICAVI & ALONSO DE RIBERA, CONCEPCION",CHILE,GEOMETRIC_CENTER,1922,2021,1325888,1,2021/01/10 00:00:00+00,1899/12/30 00:00:00+00,8,REGION BIO BIO,8101,CONCEPCION,30,COLISION,30,COLISION,1,URBANA,26,OTROS NO CONSIDERADOS,14,OTRAS CAUSAS,98,OTRAS CAUSAS,0,PAICAVI,0,ALONSO DE RIBERA,ALONSO DE RIBERA - PAICAVI,0, , , , ,2,2,2,BIDIRECCIONAL,1,CONCRETO,1,BUENO,3,MOJADO,4,LLOVIZNA,0,0,0,0,1
-8132992.07878994,-4411063.80160847,1383,9441,1327657,-73.0599109,-36.7985462,95,CONCEPCION,1,3251,2021,1327657,REGION BIO BIO,8101,CONCEPCION,PAICAVI,ALONSO DE RIBERA,0,"PAICAVI & ALONSO DE RIBERA, CONCEPCION",CHILE,GEOMETRIC_CENTER,4470,2021,1327657,1,2021/01/23 00:00:00+00,1899/12/30 00:00:00+00,8,REGION BIO BIO,8101,CONCEPCION,30,COLISION,30,COLISION,1,URBANA,1,TRAMO DE VIA RECTA,13,CAUSAS NO DETERMINADAS,97,CAUSAS NO DETERMINADAS,0,PAICAVI,0,ALONSO DE RIBERA,ALONSO DE RIBERA - PAICAVI,0, , , , ,2,2,2,BIDIRECCIONAL,1,CONCRETO,1,BUENO,1,SECO,1,DESPEJADO,0,0,0,0,1
-8132992.07878994,-4411063.80160847,1384,9442,1341006,-73.0599109,-36.7985462,95,CONCEPCION,1,12204,2021,1341006,REGION BIO BIO,8101,CONCEPCION,ALONSO DE RIBERA,PAICAVI,0,"ALONSO DE RIBERA & PAICAVI, CONCEPCION",CHILE,GEOMETRIC_CENTER,16886,2021,1341006,1,2021/03/29 00:00:00+00,1899/12/30 00:00:00+00,8,REGION BIO BIO,8101,CONCEPCION,50,CHOQUE,40,CHOQUE,1,URBANA,26,OTROS NO CONSIDERADOS,13,CAUSAS NO DETERMINADAS,97,CAUSAS NO DETERMINADAS,0,ALONSO DE RIBERA,0,PAICAVI,ALONSO DE RIBERA - PAICAVI,0, , , , ,3,3,2,BIDIRECCIONAL,1,CONCRETO,1,BUENO,1,SECO,1,DESPEJADO,0,0,0,0,1
-8132992.07878994,-4411063.80160847,1385,9443,1372470,-73.0599109,-36.7985462,95,CONCEPCION,1,33911,2021,1372470,REGION BIO BIO,8101,CONCEPCION,ALONSO DE RIBERA,PAICAVI,0,"ALONSO DE RIBERA & PAICAVI, CONCEPCION",CHILE,GEOMETRIC_CENTER,46767,2021,1372470,1,2021/08/18 00:00:00+00,1899/12/30 00:00:00+00,8,REGION BIO BIO,8101,CONCEPCION,50,CHOQUE,40,CHOQUE,1,URBANA,21,ENLACE A NIVEL,1,IMPRUDENCIA DEL CONDUCTOR,84,CARGA SOBRESALE ESTRUCTURA VEHICULO,0,ALONSO DE RIBERA,0,PAICAVI,ALONSO DE RIBERA - PAICAVI,0, , , , ,2,2,3,BIDIRECCIONAL CON BANDEJON,1,CONCRETO,1,BUENO,2,HUMEDO,2,NUBLADO,0,0,0,0,2
-8132992.07878994,-4411063.80160847,1386,9444,1384914,-73.0599109,-36.7985462,95,CONCEPCION,1,42503,2021,1384914,REGION BIO BIO,8101,CONCEPCION,PAICAVI,ALONSO DE RIBERA,0,"PAICAVI & ALONSO DE RIBERA, CONCEPCION",CHILE,GEOMETRIC_CENTER,58229,2021,1384914,1,2021/10/04 00:00:00+00,1899/12/30 00:00:00+00,8,REGION BIO BIO,8101,CONCEPCION,30,COLISION,30,COLISION,1,URBANA,1,TRAMO DE VIA RECTA,13,CAUSAS NO DETERMINADAS,97,CAUSAS NO DETERMINADAS,0,PAICAVI,0,ALONSO DE RIBERA,ALONSO DE RIBERA - PAICAVI,0, , , , ,3,3,2,BIDIRECCIONAL,1,CONCRETO,1,BUENO,1,SECO,1,DESPEJADO,0,0,0,0,2
-8132992.07878994,-4411063.80160847,1387,9445,1385703,-73.0599109,-36.7985462,95,CONCEPCION,1,43202,2021,1385703,REGION BIO BIO,8101,CONCEPCION,PAICAVI,ALONSO DE RIBERA,0,"PAICAVI & ALONSO DE RIBERA, CONCEPCION",CHILE,GEOMETRIC_CENTER,59091,2021,1385703,1,2021/10/08 00:00:00+00,1899/12/30 00:00:00+00,8,REGION BIO BIO,8101,CONCEPCION,30,COLISION,30,COLISION,1,URBANA,1,TRAMO DE VIA RECTA,13,CAUSAS NO DETERMINADAS,97,CAUSAS NO DETERMINADAS,0,PAICAVI,0,ALONSO DE RIBERA,ALONSO DE RIBERA - PAICAVI,0, , , , ,2,2,2,BIDIRECCIONAL,1,CONCRETO,1,BUENO,1,SECO,1,DESPEJADO,0,0,0,0,2
-8132992.07878994,-4411063.80160847,1388,9446,1402738,-73.0599109,-36.7985462,95,CONCEPCION,1,53464,2021,1402738,REGION BIO BIO,8101,CONCEPCION,PAICAVI,ALONSO DE RIBERA,0,"PAICAVI & ALONSO DE RIBERA, CONCEPCION",CHILE,GEOMETRIC_CENTER,72669,2021,1402738,1,2021/12/01 00:00:00+00,1899/12/30 00:00:00+00,8,REGION BIO BIO,8101,CONCEPCION,70,VOLCADURA,70,VOLCADURA,1,URBANA,1,TRAMO DE VIA RECTA,9,PERDIDA CONTROL VEHICULO,95,PERDIDA CONTROL VEHICULO,0,PAICAVI,0,ALONSO DE RIBERA,ALONSO DE RIBERA - PAICAVI,0, , , , ,2,2,2,BIDIRECCIONAL,1,CONCRETO,1,BUENO,1,SECO,1,DESPEJADO,0,0,0,1,0
-8132992.07878994,-4411063.80160847,1389,9447,1402940,-73.0599109,-36.7985462,95,CONCEPCION,1,55506,2021,1402940,REGION BIO BIO,8101,CONCEPCION,PAICAVI,ALONSO DE RIBERA,0,"PAICAVI & ALONSO DE RIBERA, CONCEPCION",CHILE,GEOMETRIC_CENTER,75403,2021,1402940,1,2021/12/11 00:00:00+00,1899/12/30 00:00:00+00,8,REGION BIO BIO,8101,CONCEPCION,50,CHOQUE,40,CHOQUE,1,URBANA,1,TRAMO DE VIA RECTA,13,CAUSAS NO DETERMINADAS,97,CAUSAS NO DETERMINADAS,0,PAICAVI,0,ALONSO DE RIBERA,ALONSO DE RIBERA - PAICAVI,0, , , , ,2,2,2,BIDIRECCIONAL,1,CONCRETO,1,BUENO,1,SECO,1,DESPEJADO,0,0,0,1,1
-8132992.07878994,-4411063.80160847,1390,9448,1404178,-73.0599109,-36.7985462,95,CONCEPCION,1,56241,2021,1404178,REGION BIO BIO,8101,CONCEPCION,PAICAVI,ALONSO DE RIBERA,0,"PAICAVI & ALONSO DE RIBERA, CONCEPCION",CHILE,GEOMETRIC_CENTER,76441,2021,1404178,1,2021/12/15 00:00:00+00,1899/12/30 00:00:00+00,8,REGION BIO BIO,8101,CONCEPCION,30,COLISION,30,COLISION,1,URBANA,1,TRAMO DE VIA RECTA,1,IMPRUDENCIA DEL CONDUCTOR,27,CONDUCCION NO ATENTO CONDICIONES TRANSITO MOMENTO,0,PAICAVI,0,ALONSO DE RIBERA,ALONSO DE RIBERA - PAICAVI,0, , , , ,3,3,2,BIDIRECCIONAL,1,CONCRETO,1,BUENO,1,SECO,1,DESPEJADO,0,0,0,0,3
-8132992.07878994,-4411063.80160847,1391,9449,1407373,-73.0599109,-36.7985462,95,CONCEPCION,1,58089,2021,1407373,REGION BIO BIO,8101,CONCEPCION,PAICAVI,ALONSO DE RIBERA,0,"PAICAVI & ALONSO DE RIBERA, CONCEPCION",CHILE,GEOMETRIC_CENTER,78880,2021,1407373,1,2021/12/23 00:00:00+00,1899/12/30 00:00:00+00,8,REGION BIO BIO,8101,CONCEPCION,30,COLISION,30,COLISION,1,URBANA,1,TRAMO DE VIA RECTA,4,ALCOHOL EN CONDUCTOR,24,CONDUCCION EN ESTADO DE EBRIEDAD,0,PAICAVI,0,ALONSO DE RIBERA,ALONSO DE RIBERA - PAICAVI,0, , , , ,3,3,2,BIDIRECCIONAL,1,CONCRETO,1,BUENO,1,SECO,1,DESPEJADO,0,0,0,4,0
-8132547.59119515,-4411060.96560842,1392,9450,1325872,-73.055918,-36.7985258,95,CONCEPCION,1,760,2021,1325872,REGION BIO BIO,8101,CONCEPCION,ALONSO DE RIBERA,UNIVERSIDAD CATOLICA,0,"ALONSO DE RIBERA & UNIVERSIDAD CATOLICA, CONCEPCION",CHILE,GEOMETRIC_CENTER,1059,2021,1325872,1,2021/01/06 00:00:00+00,1899/12/30 00:00:00+00,8,REGION BIO BIO,8101,CONCEPCION,30,COLISION,30,COLISION,1,URBANA,1,TRAMO DE VIA RECTA,14,OTRAS CAUSAS,98,OTRAS CAUSAS,0,ALONSO DE RIBERA,0,UNIVERSIDAD CATOLICA,ALONSO DE RIBERA - UNIVERSIDAD CATOLICA,0, , , , ,2,2,2,BIDIRECCIONAL,1,CONCRETO,1,BUENO,1,SECO,1,DESPEJADO,0,0,0,0,2
-8132547.59119515,-4411060.96560842,1393,9451,1325886,-73.055918,-36.7985258,95,CONCEPCION,1,1387,2021,1325886,REGION BIO BIO,8101,CONCEPCION,ALONSO DE RIBERA,FRENTE A UNIVERSIDAD CATOLICA,0,"ALONSO DE RIBERA & FRENTE A UNIVERSIDAD CATOLICA, CONCEPCION",CHILE,GEOMETRIC_CENTER,1898,2021,1325886,1,2021/01/10 00:00:00+00,1899/12/30 00:00:00+00,8,REGION BIO BIO,8101,CONCEPCION,50,CHOQUE,40,CHOQUE,1,URBANA,1,TRAMO DE VIA RECTA,14,OTRAS CAUSAS,98,OTRAS CAUSAS,0,ALONSO DE RIBERA,0,FRENTE A UNIVERSIDAD CATOLICA,ALONSO DE RIBERA - FRENTE A UNIVERSIDAD CATOLICA,0, , , , ,2,2,2,BIDIRECCIONAL,1,CONCRETO,1,BUENO,3,MOJADO,3,LLUVIA,0,0,0,1,2
-8132547.59119515,-4411060.96560842,1394,9452,1333254,-73.055918,-36.7985258,95,CONCEPCION,1,7133,2021,1333254,REGION BIO BIO,8101,CONCEPCION,ALONSO DE RIBERA,CRUCE LIENTUR,0,"ALONSO DE RIBERA & CRUCE LIENTUR, CONCEPCION",CHILE,GEOMETRIC_CENTER,10014,2021,1333254,1,2021/02/22 00:00:00+00,1899/12/30 00:00:00+00,8,REGION BIO BIO,8101,CONCEPCION,50,CHOQUE,40,CHOQUE,1,URBANA,26,OTROS NO CONSIDERADOS,13,CAUSAS NO DETERMINADAS,97,CAUSAS NO DETERMINADAS,0,ALONSO DE RIBERA,0,CRUCE LIENTUR,ALONSO DE RIBERA - CRUCE LIENTUR,0, , , , ,2,2,2,BIDIRECCIONAL,1,CONCRETO,1,BUENO,1,SECO,1,DESPEJADO,0,0,0,0,2
-8132547.59119515,-4411060.96560842,1395,9453,1333259,-73.055918,-36.7985258,95,CONCEPCION,1,7184,2021,1333259,REGION BIO BIO,8101,CONCEPCION,CAMILO HENRIQUEZ,PASO NIVEL ALONSO RIVERA,0,"CAMILO HENRIQUEZ & PASO NIVEL ALONSO RIVERA, CONCEPCION",CHILE,GEOMETRIC_CENTER,10093,2021,1333259,1,2021/02/22 00:00:00+00,1899/12/30 00:00:00+00,8,REGION BIO BIO,8101,CONCEPCION,30,COLISION,30,COLISION,1,URBANA,26,OTROS NO CONSIDERADOS,13,CAUSAS NO DETERMINADAS,97,CAUSAS NO DETERMINADAS,0,CAMILO HENRIQUEZ,0,PASO NIVEL ALONSO RIVERA,CAMILO HENRIQUEZ - PASO NIVEL ALONSO RIVERA,0, , , , ,2,2,2,BIDIRECCIONAL,1,CONCRETO,1,BUENO,1,SECO,1,DESPEJADO,0,0,0,0,2
-8132547.624591,-4411059.83954979,1396,9454,1346461,-73.0559183,-36.7985177,95,CONCEPCION,1,16055,2021,1346461,REGION BIO BIO,8101,CONCEPCION,ALONSO DE RIBERA, ,2850,"ALONSO DE RIBERA 2850, CONCEPCION",CHILE,RANGE_INTERPOLATED,22087,2021,1346461,1,2021/04/30 00:00:00+00,1899/12/30 00:00:00+00,8,REGION BIO BIO,8101,CONCEPCION,30,COLISION,30,COLISION,1,URBANA,1,TRAMO DE VIA RECTA,4,ALCOHOL EN CONDUCTOR,24,CONDUCCION EN ESTADO DE EBRIEDAD,0,ALONSO DE RIBERA,0, ,- ALONSO DE RIBERA,2850, , , , ,1,1,2,BIDIRECCIONAL,1,CONCRETO,1,BUENO,1,SECO,1,DESPEJADO,0,1,0,1,0
-8132686.51791966,-4411058.46325607,1397,9455,1371238,-73.057166,-36.7985078,95,CONCEPCION,1,33148,2021,1371238,REGION BIO BIO,8101,CONCEPCION,ALONSO DE RIBERA, ,2850,"ALONSO DE RIBERA 2850, CONCEPCION",CHILE,RANGE_INTERPOLATED,45701,2021,1371238,1,2021/08/13 00:00:00+00,1899/12/30 00:00:00+00,8,REGION BIO BIO,8101,CONCEPCION,63,CHOQUE FRENTE/POSTERIOR,40,CHOQUE,1,URBANA,1,TRAMO DE VIA RECTA,1,IMPRUDENCIA DEL CONDUCTOR,27,CONDUCCION NO ATENTO CONDICIONES TRANSITO MOMENTO,0,ALONSO DE RIBERA,0, ,- ALONSO DE RIBERA,2850, , , , ,2,2,3,BIDIRECCIONAL CON BANDEJON,1,CONCRETO,1,BUENO,1,SECO,1,DESPEJADO,0,0,0,0,2
-8131278.54900011,-4411048.17581367,1398,9456,1377746,-73.044518,-36.7984338,95,CONCEPCION,1,37463,2021,1377746,REGION BIO BIO,8101,CONCEPCION,ALONSO DE RIBERA,CERRO LO GALINDO,0,"ALONSO DE RIBERA & CERRO LO GALINDO, CONCEPCION",CHILE,GEOMETRIC_CENTER,51514,2021,1377746,1,2021/09/06 00:00:00+00,1899/12/30 00:00:00+00,8,REGION BIO BIO,8101,CONCEPCION,30,COLISION,30,COLISION,1,URBANA,4,ACERA O BERMA,13,CAUSAS NO DETERMINADAS,97,CAUSAS NO DETERMINADAS,0,ALONSO DE RIBERA,0,CERRO LO GALINDO,ALONSO DE RIBERA - CERRO LO GALINDO,0, , , , ,2,2,3,BIDIRECCIONAL CON BANDEJON,1,CONCRETO,2,REGULAR,3,MOJADO,3,LLUVIA,0,0,0,2,0
-8133043.10764452,-4411032.82808026,1399,9457,1376587,-73.0603693,-36.7983234,95,CONCEPCION,1,36382,2021,1376587,REGION BIO BIO,8101,CONCEPCION,PAICAVI, ,3400,"PAICAVI 3400, CONCEPCION",CHILE,RANGE_INTERPOLATED,50070,2021,1376587,1,2021/09/01 00:00:00+00,1899/12/30 00:00:00+00,8,REGION BIO BIO,8101,CONCEPCION,30,COLISION,30,COLISION,1,URBANA,1,TRAMO DE VIA RECTA,13,CAUSAS NO DETERMINADAS,97,CAUSAS NO DETERMINADAS,0,PAICAVI,0, ,- PAICAVI,3400, , , , ,3,3,2,BIDIRECCIONAL,1,CONCRETO,1,BUENO,1,SECO,1,DESPEJADO,0,0,0,0,2
-8133061.67573558,-4411021.16437373,1400,9458,1402771,-73.0605361,-36.7982395,95,CONCEPCION,0,53702,2021,1402771,REGION BIO BIO,8103,CHIGUAYANTE,PAICAVI, ,3440,"PAICAVI 3440, CHIGUAYANTE",CHILE,RANGE_INTERPOLATED,72984,2021,1402771,1,2021/12/02 00:00:00+00,1899/12/30 00:00:00+00,8,REGION BIO BIO,8103,CHIGUAYANTE,70,VOLCADURA,70,VOLCADURA,1,URBANA,1,TRAMO DE VIA RECTA,1,IMPRUDENCIA DEL CONDUCTOR,27,CONDUCCION NO ATENTO CONDICIONES TRANSITO MOMENTO,0,PAICAVI,0, ,- PAICAVI,3440, , , , ,3,3,2,BIDIRECCIONAL,1,CONCRETO,1,BUENO,1,SECO,1,DESPEJADO,0,0,1,1,0
-8130516.64500927,-4411008.30511734,1401,9459,1326067,-73.0376737,-36.798147,95,CONCEPCION,1,2415,2021,1326067,REGION BIO BIO,8101,CONCEPCION,LOS LAURELES, ,50,"LOS LAURELES 50, CONCEPCION",CHILE,RANGE_INTERPOLATED,3323,2021,1326067,1,2021/01/17 00:00:00+00,1899/12/30 00:00:00+00,8,REGION BIO BIO,8101,CONCEPCION,50,CHOQUE,40,CHOQUE,1,URBANA,1,TRAMO DE VIA RECTA,9,PERDIDA CONTROL VEHICULO,95,PERDIDA CONTROL VEHICULO,0,LOS LAURELES,0, ,- LOS LAURELES,50, , , , ,1,0,1,UNIDIRECCIONAL,1,CONCRETO,1,BUENO,1,SECO,1,DESPEJADO,0,0,0,0,2
-8129958.61153387,-4410976.38642481,1402,9460,1363857,-73.0326608,-36.7979174,95,CONCEPCION,1,27810,2021,1363857,REGION BIO BIO,8101,CONCEPCION,ANDALIEN,QUINCHAMALI,0,"ANDALIEN & QUINCHAMALI, CONCEPCION",CHILE,GEOMETRIC_CENTER,38394,2021,1363857,1,2021/07/14 00:00:00+00,1899/12/30 00:00:00+00,8,REGION BIO BIO,8101,CONCEPCION,30,COLISION,30,COLISION,1,URBANA,1,TRAMO DE VIA RECTA,13,CAUSAS NO DETERMINADAS,97,CAUSAS NO DETERMINADAS,0,ANDALIEN,0,QUINCHAMALI,ANDALIEN - QUINCHAMALI,0, , , , ,2,2,2,BIDIRECCIONAL,1,CONCRETO,1,BUENO,1,SECO,1,DESPEJADO,0,0,0,0,2
-8129945.46470201,-4410967.23901227,1403,9461,1366157,-73.0325427,-36.7978516,95,CONCEPCION,0,28440,2021,1366157,REGION BIO BIO,8110,TALCAHUANO,ANDALIEN,DOCTOR REYES,0,"ANDALIEN & DOCTOR REYES, TALCAHUANO",CHILE,GEOMETRIC_CENTER,39289,2021,1366157,1,2021/07/18 00:00:00+00,1899/12/30 00:00:00+00,8,REGION BIO BIO,8110,TALCAHUANO,32,COLISION LATERAL,30,COLISION,1,URBANA,1,TRAMO DE VIA RECTA,1,IMPRUDENCIA DEL CONDUCTOR,27,CONDUCCION NO ATENTO CONDICIONES TRANSITO MOMENTO,0,ANDALIEN,0,DOCTOR REYES,ANDALIEN - DOCTOR REYES,0, , , , ,2,0,1,UNIDIRECCIONAL,1,CONCRETO,1,BUENO,1,SECO,1,DESPEJADO,0,0,0,1,2
-8132796.22327783,-4410961.42804608,1404,9462,1332672,-73.0581515,-36.7978098,95,CONCEPCION,1,4568,2021,1332672,REGION BIO BIO,8101,CONCEPCION,ALONSO DE RIBERA, ,2850,"ALONSO DE RIBERA 2850, CONCEPCION",CHILE,RANGE_INTERPOLATED,6410,2021,1332672,1,2021/02/02 00:00:00+00,1899/12/30 00:00:00+00,8,REGION BIO BIO,8101,CONCEPCION,50,CHOQUE,40,CHOQUE,1,URBANA,26,OTROS NO CONSIDERADOS,13,CAUSAS NO DETERMINADAS,97,CAUSAS NO DETERMINADAS,0,ALONSO DE RIBERA,0, ,- ALONSO DE RIBERA,2850, , , , ,1,1,2,BIDIRECCIONAL,1,CONCRETO,1,BUENO,1,SECO,1,DESPEJADO,0,1,0,0,0
-8132796.22327783,-4410961.42804608,1405,9463,1337808,-73.0581515,-36.7978098,95,CONCEPCION,1,9617,2021,1337808,REGION BIO BIO,8101,CONCEPCION,ALONSO DE RIBERA, ,2850,"ALONSO DE RIBERA 2850, CONCEPCION",CHILE,RANGE_INTERPOLATED,13401,2021,1337808,1,2021/03/10 00:00:00+00,1899/12/30 00:00:00+00,8,REGION BIO BIO,8101,CONCEPCION,33,COLISION POR ALCANCE,30,COLISION,2,RURAL,1,TRAMO DE VIA RECTA,1,IMPRUDENCIA DEL CONDUCTOR,28,CONDUCCION SIN MANTENER DISTANCIA RAZONABLE NI PRUDENTE,0,ALONSO DE RIBERA,0, ,- ALONSO DE RIBERA,2850, , , , ,2,2,3,BIDIRECCIONAL CON BANDEJON,1,CONCRETO,1,BUENO,1,SECO,1,DESPEJADO,0,0,0,1,2
-8132795.86705546,-4410960.64954367,1406,9464,1325876,-73.0581483,-36.7978042,95,CONCEPCION,1,1233,2021,1325876,REGION BIO BIO,8101,CONCEPCION,ALONSO DE RIBERA,PASAJE C,0,"ALONSO DE RIBERA & PASAJE C, CONCEPCION",CHILE,GEOMETRIC_CENTER,1677,2021,1325876,1,2021/01/09 00:00:00+00,1899/12/30 00:00:00+00,8,REGION BIO BIO,8101,CONCEPCION,30,COLISION,30,COLISION,1,URBANA,1,TRAMO DE VIA RECTA,1,IMPRUDENCIA DEL CONDUCTOR,27,CONDUCCION NO ATENTO CONDICIONES TRANSITO MOMENTO,0,ALONSO DE RIBERA,0,PASAJE C,ALONSO DE RIBERA - PASAJE C,0, , , , ,1,1,2,BIDIRECCIONAL,1,CONCRETO,1,BUENO,1,SECO,1,DESPEJADO,0,0,0,1,1
-8132795.86705546,-4410960.64954367,1407,9465,1362677,-73.0581483,-36.7978042,95,CONCEPCION,1,26885,2021,1362677,REGION BIO BIO,8101,CONCEPCION,ALONSO DE RIBERA,RUTA 150,0,"ALONSO DE RIBERA & RUTA 150, CONCEPCION",CHILE,GEOMETRIC_CENTER,37076,2021,1362677,1,2021/07/09 00:00:00+00,1899/12/30 00:00:00+00,8,REGION BIO BIO,8101,CONCEPCION,30,COLISION,30,COLISION,1,URBANA,1,TRAMO DE VIA RECTA,14,OTRAS CAUSAS,98,OTRAS CAUSAS,0,ALONSO DE RIBERA,0,RUTA 150,ALONSO DE RIBERA - RUTA 150,0, , , , ,2,2,2,BIDIRECCIONAL,1,CONCRETO,1,BUENO,2,HUMEDO,3,LLUVIA,0,0,0,0,2
-8132795.86705546,-4410960.64954367,1408,9466,1376220,-73.0581483,-36.7978042,95,CONCEPCION,1,35536,2021,1376220,REGION BIO BIO,8101,CONCEPCION,ALONSO DE RIBERA,HERNAN DEL SOLAR,0,"ALONSO DE RIBERA & HERNAN DEL SOLAR, CONCEPCION",CHILE,GEOMETRIC_CENTER,48927,2021,1376220,1,2021/08/27 00:00:00+00,1899/12/30 00:00:00+00,8,REGION BIO BIO,8101,CONCEPCION,30,COLISION,30,COLISION,1,URBANA,1,TRAMO DE VIA RECTA,13,CAUSAS NO DETERMINADAS,97,CAUSAS NO DETERMINADAS,0,ALONSO DE RIBERA,0,HERNAN DEL SOLAR,ALONSO DE RIBERA - HERNAN DEL SOLAR,0, , , , ,1,1,2,BIDIRECCIONAL,1,CONCRETO,1,BUENO,1,SECO,1,DESPEJADO,0,0,0,0,2
-8132795.86705546,-4410960.64954367,1409,9467,1393308,-73.0581483,-36.7978042,95,CONCEPCION,1,47818,2021,1393308,REGION BIO BIO,8101,CONCEPCION,LUIS DURAND,ALONSO DE RIBERA,0,"LUIS DURAND & ALONSO DE RIBERA, CONCEPCION",CHILE,GEOMETRIC_CENTER,65247,2021,1393308,1,2021/11/02 00:00:00+00,1899/12/30 00:00:00+00,8,REGION BIO BIO,8101,CONCEPCION,30,COLISION,30,COLISION,1,URBANA,1,TRAMO DE VIA RECTA,13,CAUSAS NO DETERMINADAS,97,CAUSAS NO DETERMINADAS,0,LUIS DURAND,0,ALONSO DE RIBERA,ALONSO DE RIBERA - LUIS DURAND,0, , , , ,2,2,2,BIDIRECCIONAL,1,CONCRETO,1,BUENO,1,SECO,1,DESPEJADO,0,0,0,0,2
-8130572.10437958,-4410903.47147785,1410,9468,1383988,-73.0381719,-36.7973929,95,CONCEPCION,1,42110,2021,1383988,REGION BIO BIO,8101,CONCEPCION,PEDRO MAYORAL,PASAJE VEINTIDOS,0,"PEDRO MAYORAL & PASAJE VEINTIDOS, CONCEPCION",CHILE,GEOMETRIC_CENTER,57674,2021,1383988,1,2021/10/02 00:00:00+00,1899/12/30 00:00:00+00,8,REGION BIO BIO,8101,CONCEPCION,50,CHOQUE,40,CHOQUE,1,URBANA,1,TRAMO DE VIA RECTA,13,CAUSAS NO DETERMINADAS,97,CAUSAS NO DETERMINADAS,0,PEDRO MAYORAL,0,PASAJE VEINTIDOS,PASAJE VEINTIDOS - PEDRO MAYORAL,0, , , , ,2,2,2,BIDIRECCIONAL,1,CONCRETO,1,BUENO,1,SECO,1,DESPEJADO,0,0,0,0,2
-8131767.47533562,-4410845.8766687,1411,9470,1389040,-73.0489101,-36.7969786,95,CONCEPCION,1,45380,2021,1389040,REGION BIO BIO,8101,CONCEPCION,ABDON CIFUENTES,HERNAN DEL SOLAR,0,"ABDON CIFUENTES & HERNAN DEL SOLAR, CONCEPCION",CHILE,GEOMETRIC_CENTER,62037,2021,1389040,1,2021/10/20 00:00:00+00,1899/12/30 00:00:00+00,8,REGION BIO BIO,8101,CONCEPCION,50,CHOQUE,40,CHOQUE,1,URBANA,1,TRAMO DE VIA RECTA,14,OTRAS CAUSAS,98,OTRAS CAUSAS,0,ABDON CIFUENTES,0,HERNAN DEL SOLAR,ABDON CIFUENTES - HERNAN DEL SOLAR,0, , , , ,2,2,2,BIDIRECCIONAL,1,CONCRETO,1,BUENO,1,SECO,1,DESPEJADO,0,0,0,0,1