X,Y,FID,FID_1,LABELID,POINT_X,POINT_Y,FID_2,COMUNAREAL,VAL_COM,OBJECTID,A_O,IDACCIDENT,REGION,COD_COMUN,COMUNA,CALLE_UNO,CALLE_DOS,NUMERO,DIR_GEOCOD,PAIS,TIPO,OBJECTID_1,Año,Idaccide_1,Claseaccid,Fecha,Hora,Cód_Regi,Región,Cód_Comun,Comuna_1,Cód_Tipo_,Tipo_Accid,Cód_Tipo1,Tipo__CONA,Cód_Zona,Zona,Cód_Ubica,Ubicación,Cód_Causa,Causa__CON,Cód_Cau_1,Causa,Cód_Calle,Calle_Un_1,Cód_Cal_1,Calle_Do_1,Intersecci,Número,Ruta,Cód_Ruta,Ubicaci_1,Km_Vía_Fe,Pistas_de_,Pistas_de1,Cód_Calza,Calzada,Cód__Tipo,Tipo_Calza,Cód_Estad,Estado_Cal,Cód_Condi,Condición,Cód_Est_1,Estado_Atm,Fallecidos,Graves,Menos_Grav,Leves,Ilesos
-8131924.36902594,-4410840.858164,1412,9471,1342968,-73.0503195,-36.7969425,95,CONCEPCION,1,13307,2021,1342968,REGION BIO BIO,8101,CONCEPCION,ALVARO BAZAN,MARTA BRUNET,0,"ALVARO BAZAN & MARTA BRUNET, CONCEPCION",CHILE,GEOMETRIC_CENTER,18390,2021,1342968,1,2021/04/08 00:00:00+00,1899/12/30 00:00:00+00,8,REGION BIO BIO,8101,CONCEPCION,50,CHOQUE,40,CHOQUE,1,URBANA,1,TRAMO DE VIA RECTA,13,CAUSAS NO DETERMINADAS,97,CAUSAS NO DETERMINADAS,0,ALVARO BAZAN,0,MARTA BRUNET,ALVARO BAZAN - MARTA BRUNET,0, , , , ,1,1,2,BIDIRECCIONAL,1,CONCRETO,1,BUENO,1,SECO,1,DESPEJADO,0,0,0,0,2
-8130523.74719278,-4410818.26797129,1413,9472,1337258,-73.0377375,-36.79678,95,CONCEPCION,1,9467,2021,1337258,REGION BIO BIO,8101,CONCEPCION,PEDRO MAYORAL, ,481,"PEDRO MAYORAL 481, CONCEPCION",CHILE,RANGE_INTERPOLATED,13213,2021,1337258,1,2021/03/09 00:00:00+00,1899/12/30 00:00:00+00,8,REGION BIO BIO,8101,CONCEPCION,50,CHOQUE,40,CHOQUE,1,URBANA,26,OTROS NO CONSIDERADOS,13,CAUSAS NO DETERMINADAS,97,CAUSAS NO DETERMINADAS,0,PEDRO MAYORAL,0, ,- PEDRO MAYORAL,481, , , , ,2,0,1,UNIDIRECCIONAL,1,CONCRETO,1,BUENO,1,SECO,1,DESPEJADO,0,0,0,0,2
-8129237.97367827,-4410806.72961443,1414,9473,1331985,-73.0261872,-36.796697,95,CONCEPCION,1,5523,2021,1331985,REGION BIO BIO,8101,CONCEPCION,CALLE UNO,PASAJE TRES,0,"CALLE UNO & PASAJE TRES, CONCEPCION",CHILE,GEOMETRIC_CENTER,7713,2021,1331985,1,2021/02/10 00:00:00+00,1899/12/30 00:00:00+00,8,REGION BIO BIO,8101,CONCEPCION,50,CHOQUE,40,CHOQUE,1,URBANA,16,CRUCE SIN SEÑALIZACION,1,IMPRUDENCIA DEL CONDUCTOR,27,CONDUCCION NO ATENTO CONDICIONES TRANSITO MOMENTO,0,CALLE UNO,0,PASAJE TRES,CALLE UNO - PASAJE TRES,0, , , , ,1,1,2,BIDIRECCIONAL,1,CONCRETO,1,BUENO,1,SECO,2,NUBLADO,0,0,0,0,2
-8133080.36627809,-4410796.38680879,1415,9474,1375853,-73.060704,-36.7966226,95,CONCEPCION,1,36210,2021,1375853,REGION BIO BIO,8101,CONCEPCION,PAICAVI, ,3380,"PAICAVI 3380, CONCEPCION",CHILE,RANGE_INTERPOLATED,49839,2021,1375853,1,2021/08/31 00:00:00+00,1899/12/30 00:00:00+00,8,REGION BIO BIO,8101,CONCEPCION,33,COLISION POR ALCANCE,30,COLISION,1,URBANA,1,TRAMO DE VIA RECTA,1,IMPRUDENCIA DEL CONDUCTOR,28,CONDUCCION SIN MANTENER DISTANCIA RAZONABLE NI PRUDENTE,0,PAICAVI,0, ,- PAICAVI,3380, , , , ,3,3,3,BIDIRECCIONAL CON BANDEJON,1,CONCRETO,1,BUENO,1,SECO,1,DESPEJADO,0,0,0,0,2
-8130038.41647682,-4410760.9238512,1416,9475,1336040,-73.0333777,-36.7963675,95,CONCEPCION,1,8253,2021,1336040,REGION BIO BIO,8101,CONCEPCION,ANDALIEN, ,560,"ANDALIEN 560, CONCEPCION",CHILE,RANGE_INTERPOLATED,11576,2021,1336040,1,2021/03/01 00:00:00+00,1899/12/30 00:00:00+00,8,REGION BIO BIO,8101,CONCEPCION,10,ATROPELLO,10,ATROPELLO,1,URBANA,15,CRUCE CON SEÑAL CEDA EL PASO,1,IMPRUDENCIA DEL CONDUCTOR,27,CONDUCCION NO ATENTO CONDICIONES TRANSITO MOMENTO,0,ANDALIEN,0, ,- ANDALIEN,560, , , , ,1,1,2,BIDIRECCIONAL,1,CONCRETO,1,BUENO,1,SECO,1,DESPEJADO,0,1,0,0,1
-8130331.72107116,-4410635.03200065,1417,9476,1360032,-73.0360125,-36.7954619,95,CONCEPCION,1,25559,2021,1360032,REGION BIO BIO,8101,CONCEPCION,PEDRO MAYORAL,PADRE JUAN VASCONE,0,"PEDRO MAYORAL & PADRE JUAN VASCONE, CONCEPCION",CHILE,GEOMETRIC_CENTER,35297,2021,1360032,1,2021/07/01 00:00:00+00,1899/12/30 00:00:00+00,8,REGION BIO BIO,8101,CONCEPCION,30,COLISION,30,COLISION,1,URBANA,15,CRUCE CON SEÑAL CEDA EL PASO,1,IMPRUDENCIA DEL CONDUCTOR,27,CONDUCCION NO ATENTO CONDICIONES TRANSITO MOMENTO,0,PEDRO MAYORAL,0,PADRE JUAN VASCONE,PADRE JUAN VASCONE - PEDRO MAYORAL,0, , , , ,2,2,2,BIDIRECCIONAL,1,CONCRETO,1,BUENO,1,SECO,1,DESPEJADO,0,0,0,0,2
-8131101.77364872,-4410618.08620376,1418,9477,1341902,-73.04293,-36.79534,95,CONCEPCION,1,12748,2021,1341902,REGION BIO BIO,8101,CONCEPCION,LOPEZ DE VEGA, ,1339,"LOPEZ DE VEGA 1339, CONCEPCION",CHILE,RANGE_INTERPOLATED,17610,2021,1341902,1,2021/04/03 00:00:00+00,1899/12/30 00:00:00+00,8,REGION BIO BIO,8101,CONCEPCION,30,COLISION,30,COLISION,1,URBANA,26,OTROS NO CONSIDERADOS,13,CAUSAS NO DETERMINADAS,97,CAUSAS NO DETERMINADAS,0,LOPEZ DE VEGA,0, ,- LOPEZ DE VEGA,1339, , , , ,2,0,1,UNIDIRECCIONAL,1,CONCRETO,1,BUENO,1,SECO,1,DESPEJADO,0,0,0,0,2
-8130897.41332753,-4410498.72961567,1419,9478,1346484,-73.0410942,-36.7944814,95,CONCEPCION,1,16179,2021,1346484,REGION BIO BIO,8101,CONCEPCION,BARTOLOME DEL POZO, ,1858,"BARTOLOME DEL POZO 1858, CONCEPCION",CHILE,RANGE_INTERPOLATED,22281,2021,1346484,1,2021/05/01 00:00:00+00,1899/12/30 00:00:00+00,8,REGION BIO BIO,8101,CONCEPCION,50,CHOQUE,40,CHOQUE,1,URBANA,26,OTROS NO CONSIDERADOS,13,CAUSAS NO DETERMINADAS,97,CAUSAS NO DETERMINADAS,0,BARTOLOME DEL POZO,0, ,- BARTOLOME DEL POZO,1858, , , , ,1,1,2,BIDIRECCIONAL,1,CONCRETO,1,BUENO,1,SECO,1,DESPEJADO,0,0,0,0,1
-8131386.97418414,-4410416.69880197,1420,9479,1398888,-73.045492,-36.7938913,95,CONCEPCION,1,49931,2021,1398888,REGION BIO BIO,8101,CONCEPCION,ABDON CIFUENTES,ABATE MOLINA,0,"ABDON CIFUENTES & ABATE MOLINA, CONCEPCION",CHILE,GEOMETRIC_CENTER,67996,2021,1398888,1,2021/11/13 00:00:00+00,1899/12/30 00:00:00+00,8,REGION BIO BIO,8101,CONCEPCION,50,CHOQUE,40,CHOQUE,1,URBANA,1,TRAMO DE VIA RECTA,1,IMPRUDENCIA DEL CONDUCTOR,27,CONDUCCION NO ATENTO CONDICIONES TRANSITO MOMENTO,0,ABDON CIFUENTES,0,ABATE MOLINA,ABATE MOLINA - ABDON CIFUENTES,0, , , , ,2,2,2,BIDIRECCIONAL,1,CONCRETO,1,BUENO,1,SECO,1,DESPEJADO,0,0,0,0,2
-8132443.98614507,-4410379.29095894,1421,9480,1364031,-73.0549873,-36.7936222,95,CONCEPCION,1,28058,2021,1364031,REGION BIO BIO,8101,CONCEPCION,PASAJE UNO, ,2,"PASAJE UNO 2, CONCEPCION",CHILE,RANGE_INTERPOLATED,38753,2021,1364031,1,2021/07/16 00:00:00+00,1899/12/30 00:00:00+00,8,REGION BIO BIO,8101,CONCEPCION,50,CHOQUE,40,CHOQUE,1,URBANA,1,TRAMO DE VIA RECTA,4,ALCOHOL EN CONDUCTOR,24,CONDUCCION EN ESTADO DE EBRIEDAD,0,PASAJE UNO,0, ,- PASAJE UNO,2, , , , ,1,0,1,UNIDIRECCIONAL,1,CONCRETO,1,BUENO,1,SECO,1,DESPEJADO,0,0,0,0,1
-8129133.24430133,-4410272.78149904,1422,9481,1385593,-73.0252464,-36.792856,95,CONCEPCION,1,42815,2021,1385593,REGION BIO BIO,8101,CONCEPCION,CALLE UNO,PASAJE CUATRO,0,"CALLE UNO & PASAJE CUATRO, CONCEPCION",CHILE,GEOMETRIC_CENTER,58621,2021,1385593,1,2021/10/06 00:00:00+00,1899/12/30 00:00:00+00,8,REGION BIO BIO,8101,CONCEPCION,32,COLISION LATERAL,30,COLISION,1,URBANA,16,CRUCE SIN SEÑALIZACION,1,IMPRUDENCIA DEL CONDUCTOR,27,CONDUCCION NO ATENTO CONDICIONES TRANSITO MOMENTO,0,CALLE UNO,0,PASAJE CUATRO,CALLE UNO - PASAJE CUATRO,0, , , , ,1,1,2,BIDIRECCIONAL,1,CONCRETO,1,BUENO,1,SECO,1,DESPEJADO,0,0,0,0,2
-8130444.40979169,-4410240.11436315,1423,9482,1402776,-73.0370248,-36.792621,95,CONCEPCION,1,53854,2021,1402776,REGION BIO BIO,8101,CONCEPCION,ANDALIEN,CAMPOS DEPORTIVOS,0,"ANDALIEN & CAMPOS DEPORTIVOS, CONCEPCION",CHILE,GEOMETRIC_CENTER,73194,2021,1402776,1,2021/12/03 00:00:00+00,1899/12/30 00:00:00+00,8,REGION BIO BIO,8101,CONCEPCION,30,COLISION,30,COLISION,1,URBANA,1,TRAMO DE VIA RECTA,13,CAUSAS NO DETERMINADAS,97,CAUSAS NO DETERMINADAS,0,ANDALIEN,0,CAMPOS DEPORTIVOS,ANDALIEN - CAMPOS DEPORTIVOS,0, , , , ,2,2,2,BIDIRECCIONAL,1,CONCRETO,1,BUENO,1,SECO,1,DESPEJADO,0,0,0,0,2
-8130375.52529079,-4410235.1100448,1424,9483,1331984,-73.036406,-36.792585,95,CONCEPCION,1,4450,2021,1331984,REGION BIO BIO,8101,CONCEPCION,ANDALIEN, ,950,"ANDALIEN 950, CONCEPCION",CHILE,RANGE_INTERPOLATED,6252,2021,1331984,1,2021/02/02 00:00:00+00,1899/12/30 00:00:00+00,8,REGION BIO BIO,8101,CONCEPCION,50,CHOQUE,40,CHOQUE,1,URBANA,1,TRAMO DE VIA RECTA,13,CAUSAS NO DETERMINADAS,97,CAUSAS NO DETERMINADAS,0,ANDALIEN,0, ,- ANDALIEN,950, , , , ,1,1,2,BIDIRECCIONAL,1,CONCRETO,1,BUENO,1,SECO,1,DESPEJADO,0,0,1,1,0
-8130684.57046113,-4410196.99389721,1425,9484,1358665,-73.0391822,-36.7923108,95,CONCEPCION,1,24103,2021,1358665,REGION BIO BIO,8101,CONCEPCION,ANDALIEN,UNO ORIENTE,0,"ANDALIEN & UNO ORIENTE, CONCEPCION",CHILE,GEOMETRIC_CENTER,33235,2021,1358665,1,2021/06/22 00:00:00+00,1899/12/30 00:00:00+00,8,REGION BIO BIO,8101,CONCEPCION,30,COLISION,30,COLISION,1,URBANA,1,TRAMO DE VIA RECTA,1,IMPRUDENCIA DEL CONDUCTOR,27,CONDUCCION NO ATENTO CONDICIONES TRANSITO MOMENTO,0,ANDALIEN,0,UNO ORIENTE,ANDALIEN - UNO ORIENTE,0, , , , ,2,2,2,BIDIRECCIONAL,1,CONCRETO,1,BUENO,3,MOJADO,3,LLUVIA,0,0,1,1,1
-8129118.69484389,-4410136.69226183,1426,9485,1385694,-73.0251157,-36.791877,95,CONCEPCION,1,42871,2021,1385694,REGION BIO BIO,8101,CONCEPCION,CALLE DOS,RUTA 150,0,"CALLE DOS & RUTA 150, CONCEPCION",CHILE,GEOMETRIC_CENTER,58688,2021,1385694,1,2021/10/06 00:00:00+00,1899/12/30 00:00:00+00,8,REGION BIO BIO,8101,CONCEPCION,30,COLISION,30,COLISION,1,URBANA,1,TRAMO DE VIA RECTA,4,ALCOHOL EN CONDUCTOR,24,CONDUCCION EN ESTADO DE EBRIEDAD,0,CALLE DOS,0,RUTA 150,CALLE DOS - RUTA 150,0, , , , ,2,2,2,BIDIRECCIONAL,1,CONCRETO,1,BUENO,1,SECO,1,DESPEJADO,0,0,0,0,2
-8130537.79571252,-4410018.53652043,1427,9486,1345151,-73.0378637,-36.791027,95,CONCEPCION,1,15126,2021,1345151,REGION BIO BIO,8101,CONCEPCION,ABDON CIFUENTES,LINGUE,0,"ABDON CIFUENTES & LINGUE, CONCEPCION",CHILE,GEOMETRIC_CENTER,20846,2021,1345151,1,2021/04/23 00:00:00+00,1899/12/30 00:00:00+00,8,REGION BIO BIO,8101,CONCEPCION,30,COLISION,30,COLISION,1,URBANA,1,TRAMO DE VIA RECTA,13,CAUSAS NO DETERMINADAS,97,CAUSAS NO DETERMINADAS,0,ABDON CIFUENTES,0,LINGUE,ABDON CIFUENTES - LINGUE,0, , , , ,2,2,2,BIDIRECCIONAL,1,CONCRETO,1,BUENO,1,SECO,1,DESPEJADO,0,0,0,0,2
-8131404.03946208,-4410016.07611481,1428,9487,1332769,-73.0456453,-36.7910093,95,CONCEPCION,1,6323,2021,1332769,REGION BIO BIO,8101,CONCEPCION,ABDON CIFUENTES,LUIS DURAN,0,"ABDON CIFUENTES & LUIS DURAN, CONCEPCION",CHILE,GEOMETRIC_CENTER,8833,2021,1332769,1,2021/02/15 00:00:00+00,1899/12/30 00:00:00+00,8,REGION BIO BIO,8101,CONCEPCION,30,COLISION,30,COLISION,1,URBANA,11,CRUCE CON SEMAFORO FUNCIONANDO,13,CAUSAS NO DETERMINADAS,97,CAUSAS NO DETERMINADAS,0,ABDON CIFUENTES,0,LUIS DURAN,ABDON CIFUENTES - LUIS DURAN,0, , , , ,1,1,2,BIDIRECCIONAL,1,CONCRETO,1,BUENO,1,SECO,1,DESPEJADO,0,1,0,0,1
-8131273.52849107,-4409814.15798403,1429,9488,1376718,-73.0444729,-36.7895567,95,CONCEPCION,1,36916,2021,1376718,REGION BIO BIO,8101,CONCEPCION,ABDON CIFUENTES,MAGALLANES,0,"ABDON CIFUENTES & MAGALLANES, CONCEPCION",CHILE,GEOMETRIC_CENTER,50774,2021,1376718,1,2021/09/04 00:00:00+00,1899/12/30 00:00:00+00,8,REGION BIO BIO,8101,CONCEPCION,30,COLISION,30,COLISION,1,URBANA,1,TRAMO DE VIA RECTA,13,CAUSAS NO DETERMINADAS,97,CAUSAS NO DETERMINADAS,0,ABDON CIFUENTES,0,MAGALLANES,ABDON CIFUENTES - MAGALLANES,0, , , , ,2,2,2,BIDIRECCIONAL,1,CONCRETO,1,BUENO,1,SECO,1,DESPEJADO,0,0,0,0,2
-8131082.84933529,-4409799.14563649,1430,9489,1344034,-73.04276,-36.7894487,95,CONCEPCION,1,14335,2021,1344034,REGION BIO BIO,8101,CONCEPCION,ALONSO DE RIBERA,SANTA SABINA,0,"ALONSO DE RIBERA & SANTA SABINA, CONCEPCION",CHILE,GEOMETRIC_CENTER,19760,2021,1344034,1,2021/04/17 00:00:00+00,1899/12/30 00:00:00+00,8,REGION BIO BIO,8101,CONCEPCION,30,COLISION,30,COLISION,1,URBANA,1,TRAMO DE VIA RECTA,13,CAUSAS NO DETERMINADAS,97,CAUSAS NO DETERMINADAS,0,ALONSO DE RIBERA,0,SANTA SABINA,ALONSO DE RIBERA - SANTA SABINA,0, , , , ,2,2,2,BIDIRECCIONAL,1,CONCRETO,1,BUENO,1,SECO,1,DESPEJADO,0,0,0,0,2
-8131086.44495484,-4409736.51101482,1431,9490,1383361,-73.0427923,-36.7889981,95,CONCEPCION,1,41384,2021,1383361,REGION BIO BIO,8101,CONCEPCION,LOS LLEUQUES,ABDON CIFUENTES,0,"LOS LLEUQUES & ABDON CIFUENTES, CONCEPCION",CHILE,GEOMETRIC_CENTER,56737,2021,1383361,1,2021/09/29 00:00:00+00,1899/12/30 00:00:00+00,8,REGION BIO BIO,8101,CONCEPCION,50,CHOQUE,40,CHOQUE,1,URBANA,11,CRUCE CON SEMAFORO FUNCIONANDO,14,OTRAS CAUSAS,98,OTRAS CAUSAS,0,LOS LLEUQUES,0,ABDON CIFUENTES,ABDON CIFUENTES - LOS LLEUQUES,0, , , , ,2,2,2,BIDIRECCIONAL,1,CONCRETO,1,BUENO,1,SECO,1,DESPEJADO,0,0,0,0,2
-8131228.72239603,-4409488.26969587,1432,9494,1346457,-73.0440704,-36.7872122,95,CONCEPCION,1,16079,2021,1346457,REGION BIO BIO,8101,CONCEPCION,GONGORA Y MORMOLEJO,BARTOLOME DE LAS CASAS,0,"GONGORA Y MORMOLEJO & BARTOLOME DE LAS CASAS, CONCEPCION",CHILE,GEOMETRIC_CENTER,22125,2021,1346457,1,2021/04/30 00:00:00+00,1899/12/30 00:00:00+00,8,REGION BIO BIO,8101,CONCEPCION,30,COLISION,30,COLISION,1,URBANA,14,CRUCE CON SEÑAL PARE,13,CAUSAS NO DETERMINADAS,97,CAUSAS NO DETERMINADAS,0,GONGORA Y MORMOLEJO,0,BARTOLOME DE LAS CASAS,BARTOLOME DE LAS CASAS - GONGORA Y MORMOLEJO,0, , , , ,1,1,2,BIDIRECCIONAL,1,CONCRETO,1,BUENO,2,HUMEDO,3,LLUVIA,0,0,0,0,2
-8130417.24783594,-4409314.2720905,1433,9495,1381910,-73.0367808,-36.7859604,95,CONCEPCION,0,40522,2021,1381910,REGION BIO BIO,8112,HUALPEN,TORREONES OESTE,TORRES DE LA VERA,0,"TORREONES OESTE & TORRES DE LA VERA, HUALPEN",CHILE,GEOMETRIC_CENTER,55621,2021,1381910,1,2021/09/24 00:00:00+00,1899/12/30 00:00:00+00,8,REGION BIO BIO,8112,HUALPEN,30,COLISION,30,COLISION,1,URBANA,11,CRUCE CON SEMAFORO FUNCIONANDO,1,IMPRUDENCIA DEL CONDUCTOR,32,NO RESPETAR DERECHO PREFERENTE DE PASO A VEHICULO,0,TORREONES OESTE,0,TORRES DE LA VERA,TORREONES OESTE - TORRES DE LA VERA,0, , , , ,2,2,2,BIDIRECCIONAL,1,CONCRETO,1,BUENO,1,SECO,1,DESPEJADO,0,0,0,0,2
-8130404.3793028,-4409280.94071195,1434,9496,1341906,-73.0366652,-36.7857206,95,CONCEPCION,1,12889,2021,1341906,REGION BIO BIO,8101,CONCEPCION,TORREONES, ,1758,"TORREONES 1758, CONCEPCION",CHILE,RANGE_INTERPOLATED,17790,2021,1341906,1,2021/04/05 00:00:00+00,1899/12/30 00:00:00+00,8,REGION BIO BIO,8101,CONCEPCION,50,CHOQUE,40,CHOQUE,1,URBANA,26,OTROS NO CONSIDERADOS,13,CAUSAS NO DETERMINADAS,97,CAUSAS NO DETERMINADAS,0,TORREONES,0, ,- TORREONES,1758, , , , ,2,2,2,BIDIRECCIONAL,1,CONCRETO,1,BUENO,1,SECO,1,DESPEJADO,0,0,0,0,1
-8131814.77498726,-4408864.77984966,1435,9497,1358599,-73.049335,-36.7827265,95,CONCEPCION,1,20829,2021,1358599,REGION BIO BIO,8101,CONCEPCION,FRANCISCO DE ASIS, ,220,"FRANCISCO DE ASIS 220, CONCEPCION",CHILE,RANGE_INTERPOLATED,28719,2021,1358599,1,2021/06/01 00:00:00+00,1899/12/30 00:00:00+00,8,REGION BIO BIO,8101,CONCEPCION,30,COLISION,30,COLISION,1,URBANA,1,TRAMO DE VIA RECTA,1,IMPRUDENCIA DEL CONDUCTOR,27,CONDUCCION NO ATENTO CONDICIONES TRANSITO MOMENTO,0,FRANCISCO DE ASIS,0, ,- FRANCISCO DE ASIS,220, , , , ,2,2,2,BIDIRECCIONAL,1,CONCRETO,1,BUENO,1,SECO,1,DESPEJADO,0,0,0,0,2
-8130287.32685824,-4408711.4600622,1436,9498,1360521,-73.0356137,-36.7816234,95,CONCEPCION,1,26030,2021,1360521,REGION BIO BIO,8101,CONCEPCION,TORREONES OESTE, ,1915,"TORREONES OESTE 1915, CONCEPCION",CHILE,RANGE_INTERPOLATED,35922,2021,1360521,1,2021/07/04 00:00:00+00,1899/12/30 00:00:00+00,8,REGION BIO BIO,8101,CONCEPCION,50,CHOQUE,40,CHOQUE,1,URBANA,26,OTROS NO CONSIDERADOS,1,IMPRUDENCIA DEL CONDUCTOR,27,CONDUCCION NO ATENTO CONDICIONES TRANSITO MOMENTO,0,TORREONES OESTE,0, ,- TORREONES OESTE,1915, , , , ,1,1,2,BIDIRECCIONAL,1,CONCRETO,1,BUENO,1,SECO,1,DESPEJADO,0,0,0,0,2
-8152177.5254863,-4582215.63608028,1437,9889,1384038,-73.2322567,-38.019746,64,CONTULMO,1,41924,2021,1384038,REGION BIO BIO,8204,CONTULMO,LAS ARAUCARIAS, ,1111,"LAS ARAUCARIAS 1111, CONTULMO",CHILE,RANGE_INTERPOLATED,57427,2021,1384038,1,2021/10/01 00:00:00+00,1899/12/30 00:00:00+00,8,REGION BIO BIO,8204,CONTULMO,50,CHOQUE,40,CHOQUE,1,URBANA,1,TRAMO DE VIA RECTA,1,IMPRUDENCIA DEL CONDUCTOR,27,CONDUCCION NO ATENTO CONDICIONES TRANSITO MOMENTO,0,LAS ARAUCARIAS,0, ,- LAS ARAUCARIAS,1111, , , , ,1,1,2,BIDIRECCIONAL,2,ASFALTO,1,BUENO,3,MOJADO,3,LLUVIA,0,0,0,0,2
-8151892.30268699,-4581751.17854858,1438,9890,1335724,-73.2296945,-38.016459,64,CONTULMO,1,7732,2021,1335724,REGION BIO BIO,8204,CONTULMO,MILLARAY, ,160,"MILLARAY 160, CONTULMO",CHILE,RANGE_INTERPOLATED,10853,2021,1335724,1,2021/02/26 00:00:00+00,1899/12/30 00:00:00+00,8,REGION BIO BIO,8204,CONTULMO,10,ATROPELLO,10,ATROPELLO,1,URBANA,1,TRAMO DE VIA RECTA,2,IMPRUDENCIA DEL PEATON,52,PEATON CRUZA CALZADA FORMA SORPRESIVA O DESCUIDADA,0,MILLARAY,0, ,- MILLARAY,160, , , , ,1,1,2,BIDIRECCIONAL,1,CONCRETO,1,BUENO,1,SECO,1,DESPEJADO,0,0,0,1,1
-8153716.6510299,-4576637.00907115,1439,9891,1355905,-73.2460829,-37.9802559,64,CONTULMO,1,21785,2021,1355905,REGION BIO BIO,8204,CONTULMO,LOS NOTROS,TEGUALDA,0,"LOS NOTROS & TEGUALDA, CONTULMO",CHILE,GEOMETRIC_CENTER,30028,2021,1355905,1,2021/06/07 00:00:00+00,1899/12/30 00:00:00+00,8,REGION BIO BIO,8204,CONTULMO,50,CHOQUE,40,CHOQUE,1,URBANA,15,CRUCE CON SEÑAL CEDA EL PASO,1,IMPRUDENCIA DEL CONDUCTOR,27,CONDUCCION NO ATENTO CONDICIONES TRANSITO MOMENTO,0,LOS NOTROS,0,TEGUALDA,LOS NOTROS - TEGUALDA,0, , , , ,1,0,1,UNIDIRECCIONAL,1,CONCRETO,2,REGULAR,2,HUMEDO,1,DESPEJADO,0,1,0,1,1
-8127682.48416952,-4433218.30021719,1440,6077,1402058,-73.012214,-36.9577427,94,CHIGUAYANTE,1,54945,2021,1402058,REGION BIO BIO,8103,CHIGUAYANTE,MANUEL RODRIGUEZ,PASAJE CINCO,0,"MANUEL RODRIGUEZ & PASAJE CINCO, CHIGUAYANTE",CHILE,GEOMETRIC_CENTER,74655,2021,1402058,1,2021/12/08 00:00:00+00,1899/12/30 00:00:00+00,8,REGION BIO BIO,8103,CHIGUAYANTE,34,COLISION PERPENDICULAR,30,COLISION,1,URBANA,11,CRUCE CON SEMAFORO FUNCIONANDO,13,CAUSAS NO DETERMINADAS,97,CAUSAS NO DETERMINADAS,0,MANUEL RODRIGUEZ,0,PASAJE CINCO,MANUEL RODRIGUEZ - PASAJE CINCO,0, , , , ,2,2,3,BIDIRECCIONAL CON BANDEJON,1,CONCRETO,1,BUENO,1,SECO,1,DESPEJADO,0,0,0,1,1
-8127711.02648696,-4433147.75401062,1441,6084,1369916,-73.0124704,-36.9572363,94,CHIGUAYANTE,1,31384,2021,1369916,REGION BIO BIO,8103,CHIGUAYANTE,MANUEL RODRIGUEZ,CALLE UNO,0,"MANUEL RODRIGUEZ & CALLE UNO, CHIGUAYANTE",CHILE,GEOMETRIC_CENTER,43337,2021,1369916,1,2021/08/04 00:00:00+00,1899/12/30 00:00:00+00,8,REGION BIO BIO,8103,CHIGUAYANTE,20,CAIDA,20,CAIDA,1,URBANA,26,OTROS NO CONSIDERADOS,14,OTRAS CAUSAS,98,OTRAS CAUSAS,0,MANUEL RODRIGUEZ,0,CALLE UNO,CALLE UNO - MANUEL RODRIGUEZ,0, , , , ,2,2,3,BIDIRECCIONAL CON BANDEJON,1,CONCRETO,1,BUENO,1,SECO,1,DESPEJADO,0,0,0,1,1
-8127454.70222746,-4432328.37134177,1442,6103,1340953,-73.0101678,-36.9513543,94,CHIGUAYANTE,1,11799,2021,1340953,REGION BIO BIO,8103,CHIGUAYANTE,PASAJE OCHO, ,6460,"PASAJE OCHO 6460, CHIGUAYANTE",CHILE,RANGE_INTERPOLATED,16326,2021,1340953,1,2021/03/25 00:00:00+00,1899/12/30 00:00:00+00,8,REGION BIO BIO,8103,CHIGUAYANTE,51,CHOQUE FRONTAL,40,CHOQUE,1,URBANA,1,TRAMO DE VIA RECTA,1,IMPRUDENCIA DEL CONDUCTOR,84,CARGA SOBRESALE ESTRUCTURA VEHICULO,0,PASAJE OCHO,0, ,- PASAJE OCHO,6460, , , , ,1,1,2,BIDIRECCIONAL,1,CONCRETO,1,BUENO,1,SECO,1,DESPEJADO,0,0,0,0,1
-8131852.43437099,-4419020.10158526,1443,6395,1371414,-73.0496733,-36.8557563,94,CHIGUAYANTE,3,32757,2021,1371414,REGION BIO BIO,8101,CONCEPCION,PEDRO DE VALDIVIA, ,1945,"PEDRO DE VALDIVIA 1945, CONCEPCION",CHILE,RANGE_INTERPOLATED,45193,2021,1371414,1,2021/08/11 00:00:00+00,1899/12/30 00:00:00+00,8,REGION BIO BIO,8101,CONCEPCION,53,CHOQUE POSTERIOR,40,CHOQUE,1,URBANA,1,TRAMO DE VIA RECTA,1,IMPRUDENCIA DEL CONDUCTOR,27,CONDUCCION NO ATENTO CONDICIONES TRANSITO MOMENTO,0,PEDRO DE VALDIVIA,0, ,- PEDRO DE VALDIVIA,1945, , , , ,2,2,3,BIDIRECCIONAL CON BANDEJON,1,CONCRETO,1,BUENO,1,SECO,1,DESPEJADO,0,0,0,0,2