X,Y,FID,FID_1,LABELID,POINT_X,POINT_Y,FID_2,COMUNAREAL,VAL_COM,OBJECTID,A_O,IDACCIDENT,REGION,COD_COMUN,COMUNA,CALLE_UNO,CALLE_DOS,NUMERO,DIR_GEOCOD,PAIS,TIPO,OBJECTID_1,Año,Idaccide_1,Claseaccid,Fecha,Hora,Cód_Regi,Región,Cód_Comun,Comuna_1,Cód_Tipo_,Tipo_Accid,Cód_Tipo1,Tipo__CONA,Cód_Zona,Zona,Cód_Ubica,Ubicación,Cód_Causa,Causa__CON,Cód_Cau_1,Causa,Cód_Calle,Calle_Un_1,Cód_Cal_1,Calle_Do_1,Intersecci,Número,Ruta,Cód_Ruta,Ubicaci_1,Km_Vía_Fe,Pistas_de_,Pistas_de1,Cód_Calza,Calzada,Cód__Tipo,Tipo_Calza,Cód_Estad,Estado_Cal,Cód_Condi,Condición,Cód_Est_1,Estado_Atm,Fallecidos,Graves,Menos_Grav,Leves,Ilesos
-8131635.79550996,-4418992.19342479,1444,6396,1372778,-73.0477272,-36.8555557,94,CHIGUAYANTE,3,33417,2021,1372778,REGION BIO BIO,8101,CONCEPCION,SANDERS, ,100,"SANDERS 100, CONCEPCION",CHILE,RANGE_INTERPOLATED,46065,2021,1372778,1,2021/08/15 00:00:00+00,1899/12/30 00:00:00+00,8,REGION BIO BIO,8101,CONCEPCION,50,CHOQUE,40,CHOQUE,1,URBANA,1,TRAMO DE VIA RECTA,1,IMPRUDENCIA DEL CONDUCTOR,27,CONDUCCION NO ATENTO CONDICIONES TRANSITO MOMENTO,0,SANDERS,0, ,- SANDERS,100, , , , ,1,1,2,BIDIRECCIONAL,1,CONCRETO,1,BUENO,1,SECO,2,NUBLADO,0,0,0,0,2
-8131855.08377487,-4418989.10488911,1445,6397,1383592,-73.0496971,-36.8555335,94,CHIGUAYANTE,3,41283,2021,1383592,REGION BIO BIO,8101,CONCEPCION,PEDRO DE VALDIVIA,SANDERS,0,"PEDRO DE VALDIVIA & SANDERS, CONCEPCION",CHILE,GEOMETRIC_CENTER,56607,2021,1383592,1,2021/09/28 00:00:00+00,1899/12/30 00:00:00+00,8,REGION BIO BIO,8101,CONCEPCION,53,CHOQUE POSTERIOR,40,CHOQUE,1,URBANA,26,OTROS NO CONSIDERADOS,10,DESOBEDIENCIA A SEÑALIZACION,66,SEÑALIZACION DESOBEDECER OTRA,0,PEDRO DE VALDIVIA,0,SANDERS,PEDRO DE VALDIVIA - SANDERS,0, , , , ,2,2,3,BIDIRECCIONAL CON BANDEJON,1,CONCRETO,1,BUENO,1,SECO,1,DESPEJADO,0,0,0,0,2
-8131855.08377487,-4418989.10488911,1446,6398,1385582,-73.0496971,-36.8555335,94,CHIGUAYANTE,3,42773,2021,1385582,REGION BIO BIO,8101,CONCEPCION,PEDRO DE VALDIVIA,SANDERS,0,"PEDRO DE VALDIVIA & SANDERS, CONCEPCION",CHILE,GEOMETRIC_CENTER,58564,2021,1385582,1,2021/10/06 00:00:00+00,1899/12/30 00:00:00+00,8,REGION BIO BIO,8101,CONCEPCION,33,COLISION POR ALCANCE,30,COLISION,1,URBANA,26,OTROS NO CONSIDERADOS,1,IMPRUDENCIA DEL CONDUCTOR,28,CONDUCCION SIN MANTENER DISTANCIA RAZONABLE NI PRUDENTE,0,PEDRO DE VALDIVIA,0,SANDERS,PEDRO DE VALDIVIA - SANDERS,0, , , , ,2,2,3,BIDIRECCIONAL CON BANDEJON,1,CONCRETO,1,BUENO,1,SECO,1,DESPEJADO,0,0,0,0,2
-8131855.08377487,-4418989.10488911,1447,6399,1386696,-73.0496971,-36.8555335,94,CHIGUAYANTE,3,43772,2021,1386696,REGION BIO BIO,8101,CONCEPCION,PEDRO DE VALDIVIA,SANDERS,0,"PEDRO DE VALDIVIA & SANDERS, CONCEPCION",CHILE,GEOMETRIC_CENTER,59878,2021,1386696,1,2021/10/11 00:00:00+00,1899/12/30 00:00:00+00,8,REGION BIO BIO,8101,CONCEPCION,20,CAIDA,20,CAIDA,1,URBANA,1,TRAMO DE VIA RECTA,7,VELOCIDAD IMPRUDENTE,72,VELOCIDAD NO RAZONABLE NI PRUDENTE,0,PEDRO DE VALDIVIA,0,SANDERS,PEDRO DE VALDIVIA - SANDERS,0, , , , ,2,2,3,BIDIRECCIONAL CON BANDEJON,1,CONCRETO,1,BUENO,1,SECO,1,DESPEJADO,0,0,0,1,1
-8131855.08377487,-4418989.10488911,1448,6400,1397185,-73.0496971,-36.8555335,94,CHIGUAYANTE,3,47744,2021,1397185,REGION BIO BIO,8101,CONCEPCION,PEDRO DE VALDIVIA,SANDERS,0,"PEDRO DE VALDIVIA & SANDERS, CONCEPCION",CHILE,GEOMETRIC_CENTER,65157,2021,1397185,1,2021/11/02 00:00:00+00,1899/12/30 00:00:00+00,8,REGION BIO BIO,8101,CONCEPCION,33,COLISION POR ALCANCE,30,COLISION,1,URBANA,1,TRAMO DE VIA RECTA,1,IMPRUDENCIA DEL CONDUCTOR,28,CONDUCCION SIN MANTENER DISTANCIA RAZONABLE NI PRUDENTE,0,PEDRO DE VALDIVIA,0,SANDERS,PEDRO DE VALDIVIA - SANDERS,0, , , , ,2,2,3,BIDIRECCIONAL CON BANDEJON,1,CONCRETO,1,BUENO,1,SECO,1,DESPEJADO,0,0,0,0,2
-8135806.35796863,-4413642.3718826,1449,9025,1324671,-73.085192,-36.8170922,95,CONCEPCION,3,436,2021,1324671,REGION BIO BIO,8112,HUALPEN,COSTANERA,PUENTE JUAN PABLO II,0,"COSTANERA & PUENTE JUAN PABLO II, HUALPEN",CHILE,GEOMETRIC_CENTER,617,2021,1324671,1,2021/01/04 00:00:00+00,1899/12/30 00:00:00+00,8,REGION BIO BIO,8112,HUALPEN,30,COLISION,30,COLISION,1,URBANA,21,ENLACE A NIVEL,1,IMPRUDENCIA DEL CONDUCTOR,29,CONDUCCION CAMBIAR SORPRESIVAMENTE PISTA CIRCULACION,0,COSTANERA,0,PUENTE JUAN PABLO II,COSTANERA - PUENTE JUAN PABLO II,0, , , , ,2,2,2,BIDIRECCIONAL,1,CONCRETO,1,BUENO,1,SECO,1,DESPEJADO,0,0,0,0,2
-8135806.35796863,-4413642.3718826,1450,9026,1330476,-73.085192,-36.8170922,95,CONCEPCION,3,5319,2021,1330476,REGION BIO BIO,8112,HUALPEN,PUENTE JUAN PABLO II,COSTANERA,0,"PUENTE JUAN PABLO II & COSTANERA, HUALPEN",CHILE,GEOMETRIC_CENTER,7434,2021,1330476,1,2021/02/08 00:00:00+00,1899/12/30 00:00:00+00,8,REGION BIO BIO,8112,HUALPEN,30,COLISION,30,COLISION,1,URBANA,1,TRAMO DE VIA RECTA,1,IMPRUDENCIA DEL CONDUCTOR,27,CONDUCCION NO ATENTO CONDICIONES TRANSITO MOMENTO,0,PUENTE JUAN PABLO II,0,COSTANERA,COSTANERA - PUENTE JUAN PABLO II,0, , , , ,2,2,2,BIDIRECCIONAL,1,CONCRETO,1,BUENO,1,SECO,2,NUBLADO,0,0,0,0,3
-8135806.35796863,-4413642.3718826,1451,9027,1332920,-73.085192,-36.8170922,95,CONCEPCION,3,6879,2021,1332920,REGION BIO BIO,8112,HUALPEN,COSTANERA,PUENTE JUAN PABLO II,0,"COSTANERA & PUENTE JUAN PABLO II, HUALPEN",CHILE,GEOMETRIC_CENTER,9633,2021,1332920,1,2021/02/19 00:00:00+00,1899/12/30 00:00:00+00,8,REGION BIO BIO,8112,HUALPEN,63,CHOQUE FRENTE/POSTERIOR,40,CHOQUE,1,URBANA,22,ENLACE A DESNIVEL,1,IMPRUDENCIA DEL CONDUCTOR,27,CONDUCCION NO ATENTO CONDICIONES TRANSITO MOMENTO,0,COSTANERA,0,PUENTE JUAN PABLO II,COSTANERA - PUENTE JUAN PABLO II,0, , , , ,2,0,1,UNIDIRECCIONAL,1,CONCRETO,1,BUENO,1,SECO,1,DESPEJADO,0,0,0,1,2
-8135806.35796863,-4413642.3718826,1452,9028,1349140,-73.085192,-36.8170922,95,CONCEPCION,3,17828,2021,1349140,REGION BIO BIO,8112,HUALPEN,COSTANERA,PUENTE JUAN PABLO II,0,"COSTANERA & PUENTE JUAN PABLO II, HUALPEN",CHILE,GEOMETRIC_CENTER,24549,2021,1349140,1,2021/05/13 00:00:00+00,1899/12/30 00:00:00+00,8,REGION BIO BIO,8112,HUALPEN,63,CHOQUE FRENTE/POSTERIOR,40,CHOQUE,1,URBANA,14,CRUCE CON SEÑAL PARE,1,IMPRUDENCIA DEL CONDUCTOR,27,CONDUCCION NO ATENTO CONDICIONES TRANSITO MOMENTO,0,COSTANERA,0,PUENTE JUAN PABLO II,COSTANERA - PUENTE JUAN PABLO II,0, , , , ,2,2,3,BIDIRECCIONAL CON BANDEJON,1,CONCRETO,1,BUENO,1,SECO,1,DESPEJADO,0,0,0,1,1
-8135806.35796863,-4413642.3718826,1453,9029,1370135,-73.085192,-36.8170922,95,CONCEPCION,1,32136,2021,1370135,REGION BIO BIO,8101,CONCEPCION,COSTANERA,PUENTE JUAN PABLO II,0,"COSTANERA & PUENTE JUAN PABLO II, CONCEPCION",CHILE,GEOMETRIC_CENTER,44345,2021,1370135,1,2021/08/08 00:00:00+00,1899/12/30 00:00:00+00,8,REGION BIO BIO,8101,CONCEPCION,30,COLISION,30,COLISION,1,URBANA,21,ENLACE A NIVEL,1,IMPRUDENCIA DEL CONDUCTOR,27,CONDUCCION NO ATENTO CONDICIONES TRANSITO MOMENTO,0,COSTANERA,0,PUENTE JUAN PABLO II,COSTANERA - PUENTE JUAN PABLO II,0, , , , ,2,2,2,BIDIRECCIONAL,1,CONCRETO,1,BUENO,1,SECO,1,DESPEJADO,0,0,0,0,2
-8135806.35796863,-4413642.3718826,1454,9030,1371301,-73.085192,-36.8170922,95,CONCEPCION,3,32820,2021,1371301,REGION BIO BIO,8112,HUALPEN,COSTANERA,PUENTE JUAN PABLO II,0,"COSTANERA & PUENTE JUAN PABLO II, HUALPEN",CHILE,GEOMETRIC_CENTER,45284,2021,1371301,1,2021/08/12 00:00:00+00,1899/12/30 00:00:00+00,8,REGION BIO BIO,8112,HUALPEN,63,CHOQUE FRENTE/POSTERIOR,40,CHOQUE,1,URBANA,22,ENLACE A DESNIVEL,1,IMPRUDENCIA DEL CONDUCTOR,27,CONDUCCION NO ATENTO CONDICIONES TRANSITO MOMENTO,0,COSTANERA,0,PUENTE JUAN PABLO II,COSTANERA - PUENTE JUAN PABLO II,0, , , , ,1,1,2,BIDIRECCIONAL,1,CONCRETO,1,BUENO,1,SECO,1,DESPEJADO,0,0,0,0,2
-8135806.35796863,-4413642.3718826,1455,9031,1385697,-73.085192,-36.8170922,95,CONCEPCION,3,42952,2021,1385697,REGION BIO BIO,8103,CHIGUAYANTE,PUENTE SAN JUAN PABLO II,COSTANERA,0,"PUENTE SAN JUAN PABLO II & COSTANERA, CHIGUAYANTE",CHILE,GEOMETRIC_CENTER,58782,2021,1385697,1,2021/10/07 00:00:00+00,1899/12/30 00:00:00+00,8,REGION BIO BIO,8103,CHIGUAYANTE,70,VOLCADURA,70,VOLCADURA,1,URBANA,1,TRAMO DE VIA RECTA,7,VELOCIDAD IMPRUDENTE,72,VELOCIDAD NO RAZONABLE NI PRUDENTE,0,PUENTE SAN JUAN PABLO II,0,COSTANERA,COSTANERA - PUENTE SAN JUAN PABLO II,0, , , , ,2,2,2,BIDIRECCIONAL,1,CONCRETO,1,BUENO,1,SECO,1,DESPEJADO,0,0,0,0,1
-8135806.35796863,-4413642.3718826,1456,9032,1403496,-73.085192,-36.8170922,95,CONCEPCION,3,55712,2021,1403496,REGION BIO BIO,8112,HUALPEN,COSTANERA,PUENTE JUAN PABLO II,0,"COSTANERA & PUENTE JUAN PABLO II, HUALPEN",CHILE,GEOMETRIC_CENTER,75727,2021,1403496,1,2021/12/12 00:00:00+00,1899/12/30 00:00:00+00,8,REGION BIO BIO,8112,HUALPEN,30,COLISION,30,COLISION,1,URBANA,22,ENLACE A DESNIVEL,1,IMPRUDENCIA DEL CONDUCTOR,27,CONDUCCION NO ATENTO CONDICIONES TRANSITO MOMENTO,0,COSTANERA,0,PUENTE JUAN PABLO II,COSTANERA - PUENTE JUAN PABLO II,0, , , , ,1,1,3,BIDIRECCIONAL CON BANDEJON,1,CONCRETO,1,BUENO,1,SECO,1,DESPEJADO,0,0,0,0,2
-8135806.35796863,-4413642.3718826,1457,9033,1407790,-73.085192,-36.8170922,95,CONCEPCION,3,58697,2021,1407790,REGION BIO BIO,8112,HUALPEN,COSTANERA,PUENTE JUAN PABLO II,0,"COSTANERA & PUENTE JUAN PABLO II, HUALPEN",CHILE,GEOMETRIC_CENTER,79765,2021,1407790,1,2021/12/27 00:00:00+00,1899/12/30 00:00:00+00,8,REGION BIO BIO,8112,HUALPEN,50,CHOQUE,40,CHOQUE,1,URBANA,21,ENLACE A NIVEL,1,IMPRUDENCIA DEL CONDUCTOR,27,CONDUCCION NO ATENTO CONDICIONES TRANSITO MOMENTO,0,COSTANERA,0,PUENTE JUAN PABLO II,COSTANERA - PUENTE JUAN PABLO II,0, , , , ,1,0,1,UNIDIRECCIONAL,1,CONCRETO,1,BUENO,1,SECO,1,DESPEJADO,0,0,0,0,2
-8135755.40703769,-4413582.34273973,1458,9063,1397892,-73.0847343,-36.8166605,95,CONCEPCION,1,48337,2021,1397892,REGION BIO BIO,8101,CONCEPCION,PUENTE JUAN PABLO II, ,1,"PUENTE JUAN PABLO II 1, CONCEPCION",CHILE,RANGE_INTERPOLATED,65924,2021,1397892,1,2021/11/05 00:00:00+00,1899/12/30 00:00:00+00,8,REGION BIO BIO,8101,CONCEPCION,33,COLISION POR ALCANCE,30,COLISION,1,URBANA,5,PUENTE,1,IMPRUDENCIA DEL CONDUCTOR,28,CONDUCCION SIN MANTENER DISTANCIA RAZONABLE NI PRUDENTE,0,PUENTE JUAN PABLO II,0, ,- PUENTE JUAN PABLO II,1, , , , ,2,2,3,BIDIRECCIONAL CON BANDEJON,1,CONCRETO,1,BUENO,1,SECO,1,DESPEJADO,0,0,0,0,2
-8135695.36130436,-4413501.76210847,1459,9082,1380092,-73.0841949,-36.816081,95,CONCEPCION,1,39192,2021,1380092,REGION BIO BIO,8101,CONCEPCION,JORGE ALESSANDRI,JUAN PABLO II,0,"JORGE ALESSANDRI & JUAN PABLO II, CONCEPCION",CHILE,GEOMETRIC_CENTER,53820,2021,1380092,1,2021/09/16 00:00:00+00,1899/12/30 00:00:00+00,8,REGION BIO BIO,8101,CONCEPCION,30,COLISION,30,COLISION,1,URBANA,4,ACERA O BERMA,13,CAUSAS NO DETERMINADAS,97,CAUSAS NO DETERMINADAS,0,JORGE ALESSANDRI,0,JUAN PABLO II,JORGE ALESSANDRI - JUAN PABLO II,0, , , , ,2,2,3,BIDIRECCIONAL CON BANDEJON,4,MIXTO,1,BUENO,1,SECO,1,DESPEJADO,0,0,0,1,1
-8134296.14209678,-4411433.47512015,1460,9410,1348824,-73.0716255,-36.8012053,95,CONCEPCION,3,17749,2021,1348824,REGION BIO BIO,8112,HUALPEN,MARCO POLO,JORGE ALESSANDRI,0,"MARCO POLO & JORGE ALESSANDRI, HUALPEN",CHILE,GEOMETRIC_CENTER,24433,2021,1348824,1,2021/05/12 00:00:00+00,1899/12/30 00:00:00+00,8,REGION BIO BIO,8112,HUALPEN,30,COLISION,30,COLISION,1,URBANA,24,ROTONDA,10,DESOBEDIENCIA A SEÑALIZACION,64,SEÑALIZACION DESOBEDECER SEÑAL CEDA EL PASO,0,MARCO POLO,0,JORGE ALESSANDRI,JORGE ALESSANDRI - MARCO POLO,0, , , , ,1,1,2,BIDIRECCIONAL,1,CONCRETO,1,BUENO,1,SECO,1,DESPEJADO,0,0,0,0,2
-8134177.63136689,-4411429.76316784,1461,9411,1340478,-73.0705609,-36.8011786,95,CONCEPCION,1,12106,2021,1340478,REGION BIO BIO,8101,CONCEPCION,JORGE ALESSANDRI,NUEZ DE BALBOA,0,"JORGE ALESSANDRI & NUEZ DE BALBOA, CONCEPCION",CHILE,GEOMETRIC_CENTER,16751,2021,1340478,1,2021/03/29 00:00:00+00,1899/12/30 00:00:00+00,8,REGION BIO BIO,8101,CONCEPCION,50,CHOQUE,40,CHOQUE,1,URBANA,1,TRAMO DE VIA RECTA,1,IMPRUDENCIA DEL CONDUCTOR,27,CONDUCCION NO ATENTO CONDICIONES TRANSITO MOMENTO,0,JORGE ALESSANDRI,0,NUEZ DE BALBOA,JORGE ALESSANDRI - NUEZ DE BALBOA,0, , , , ,3,3,2,BIDIRECCIONAL,1,CONCRETO,1,BUENO,1,SECO,2,NUBLADO,0,0,0,0,2
-8134177.63136689,-4411429.76316784,1462,9412,1376576,-73.0705609,-36.8011786,95,CONCEPCION,1,35925,2021,1376576,REGION BIO BIO,8101,CONCEPCION,TIERRA COLORADA,JORGE ALESSANDRI,0,"TIERRA COLORADA & JORGE ALESSANDRI, CONCEPCION",CHILE,GEOMETRIC_CENTER,49468,2021,1376576,1,2021/08/29 00:00:00+00,1899/12/30 00:00:00+00,8,REGION BIO BIO,8101,CONCEPCION,30,COLISION,30,COLISION,1,URBANA,1,TRAMO DE VIA RECTA,14,OTRAS CAUSAS,98,OTRAS CAUSAS,0,TIERRA COLORADA,0,JORGE ALESSANDRI,JORGE ALESSANDRI - TIERRA COLORADA,0, , , , ,3,3,2,BIDIRECCIONAL,1,CONCRETO,3,MALO,1,SECO,1,DESPEJADO,0,0,0,0,2
-8133304.54146864,-4410861.62728192,1463,9469,1356975,-73.0627178,-36.7970919,95,CONCEPCION,1,21062,2021,1356975,REGION BIO BIO,8101,CONCEPCION,PAICAVI, ,3310,"PAICAVI 3310, CONCEPCION",CHILE,RANGE_INTERPOLATED,29036,2021,1356975,1,2021/06/02 00:00:00+00,1899/12/30 00:00:00+00,8,REGION BIO BIO,8101,CONCEPCION,63,CHOQUE FRENTE/POSTERIOR,40,CHOQUE,1,URBANA,11,CRUCE CON SEMAFORO FUNCIONANDO,1,IMPRUDENCIA DEL CONDUCTOR,28,CONDUCCION SIN MANTENER DISTANCIA RAZONABLE NI PRUDENTE,0,PAICAVI,0, ,- PAICAVI,3310, , , , ,1,1,3,BIDIRECCIONAL CON BANDEJON,1,CONCRETO,1,BUENO,1,SECO,1,DESPEJADO,0,0,0,0,2
-8132410.4010547,-4409582.71997774,1464,9491,1376582,-73.0546856,-36.7878917,95,CONCEPCION,1,36376,2021,1376582,REGION BIO BIO,8101,CONCEPCION,RAMON CARRASCO,COSME CHURRUCA,0,"RAMON CARRASCO & COSME CHURRUCA, CONCEPCION",CHILE,GEOMETRIC_CENTER,50061,2021,1376582,1,2021/09/01 00:00:00+00,1899/12/30 00:00:00+00,8,REGION BIO BIO,8101,CONCEPCION,30,COLISION,30,COLISION,1,URBANA,15,CRUCE CON SEÑAL CEDA EL PASO,13,CAUSAS NO DETERMINADAS,97,CAUSAS NO DETERMINADAS,0,RAMON CARRASCO,0,COSME CHURRUCA,COSME CHURRUCA - RAMON CARRASCO,0, , , , ,2,2,2,BIDIRECCIONAL,1,CONCRETO,1,BUENO,1,SECO,1,DESPEJADO,0,0,0,0,2
-8132410.4010547,-4409582.71997774,1465,9492,1400377,-73.0546856,-36.7878917,95,CONCEPCION,1,50994,2021,1400377,REGION BIO BIO,8101,CONCEPCION,RAMON CARRASCO,CASME CHURRUCA,0,"RAMON CARRASCO & CASME CHURRUCA, CONCEPCION",CHILE,GEOMETRIC_CENTER,69401,2021,1400377,1,2021/11/18 00:00:00+00,1899/12/30 00:00:00+00,8,REGION BIO BIO,8101,CONCEPCION,70,VOLCADURA,70,VOLCADURA,1,URBANA,1,TRAMO DE VIA RECTA,9,PERDIDA CONTROL VEHICULO,95,PERDIDA CONTROL VEHICULO,0,RAMON CARRASCO,0,CASME CHURRUCA,CASME CHURRUCA - RAMON CARRASCO,0, , , , ,2,2,2,BIDIRECCIONAL,1,CONCRETO,1,BUENO,1,SECO,1,DESPEJADO,0,0,0,1,0
-8132410.4010547,-4409582.71997774,1466,9493,1402685,-73.0546856,-36.7878917,95,CONCEPCION,1,52242,2021,1402685,REGION BIO BIO,8101,CONCEPCION,RAMON CARRASCO,COSME CHURRUCA,0,"RAMON CARRASCO & COSME CHURRUCA, CONCEPCION",CHILE,GEOMETRIC_CENTER,71033,2021,1402685,1,2021/11/24 00:00:00+00,1899/12/30 00:00:00+00,8,REGION BIO BIO,8101,CONCEPCION,30,COLISION,30,COLISION,1,URBANA,1,TRAMO DE VIA RECTA,1,IMPRUDENCIA DEL CONDUCTOR,27,CONDUCCION NO ATENTO CONDICIONES TRANSITO MOMENTO,0,RAMON CARRASCO,0,COSME CHURRUCA,COSME CHURRUCA - RAMON CARRASCO,0, , , , ,1,1,2,BIDIRECCIONAL,1,CONCRETO,1,BUENO,1,SECO,1,DESPEJADO,0,0,0,0,2
-8131954.89283032,-4408569.20584649,1467,9499,1369946,-73.0505937,-36.7805999,95,CONCEPCION,1,30786,2021,1369946,REGION BIO BIO,8101,CONCEPCION,CALLE UNO PONIENTE,CALLE DOS SUR,0,"CALLE UNO PONIENTE & CALLE DOS SUR, CONCEPCION",CHILE,GEOMETRIC_CENTER,42566,2021,1369946,1,2021/08/01 00:00:00+00,1899/12/30 00:00:00+00,8,REGION BIO BIO,8101,CONCEPCION,50,CHOQUE,40,CHOQUE,1,URBANA,1,TRAMO DE VIA RECTA,14,OTRAS CAUSAS,98,OTRAS CAUSAS,0,CALLE UNO PONIENTE,0,CALLE DOS SUR,CALLE DOS SUR - CALLE UNO PONIENTE,0, , , , ,2,0,1,UNIDIRECCIONAL,1,CONCRETO,1,BUENO,1,SECO,3,LLUVIA,0,0,0,0,1
-8131798.63366109,-4408363.52086778,1468,9500,1383096,-73.04919,-36.77912,95,CONCEPCION,1,41180,2021,1383096,REGION BIO BIO,8101,CONCEPCION,SANTA MARIA, ,71,"SANTA MARIA 71, CONCEPCION",CHILE,RANGE_INTERPOLATED,56487,2021,1383096,1,2021/09/27 00:00:00+00,1899/12/30 00:00:00+00,8,REGION BIO BIO,8101,CONCEPCION,30,COLISION,30,COLISION,1,URBANA,1,TRAMO DE VIA RECTA,13,CAUSAS NO DETERMINADAS,97,CAUSAS NO DETERMINADAS,0,SANTA MARIA,0, ,- SANTA MARIA,71, , , , ,2,2,2,BIDIRECCIONAL,1,CONCRETO,1,BUENO,1,SECO,1,DESPEJADO,0,0,0,0,2
-8131166.26102974,-4408248.81767146,1469,9501,1402791,-73.0435093,-36.7782947,95,CONCEPCION,1,54524,2021,1402791,REGION BIO BIO,8101,CONCEPCION,VALLE BLANCO, ,234,"VALLE BLANCO 234, CONCEPCION",CHILE,RANGE_INTERPOLATED,74112,2021,1402791,1,2021/12/06 00:00:00+00,1899/12/30 00:00:00+00,8,REGION BIO BIO,8101,CONCEPCION,50,CHOQUE,40,CHOQUE,1,URBANA,1,TRAMO DE VIA RECTA,13,CAUSAS NO DETERMINADAS,97,CAUSAS NO DETERMINADAS,0,VALLE BLANCO,0, ,- VALLE BLANCO,234, , , , ,2,0,1,UNIDIRECCIONAL,1,CONCRETO,1,BUENO,1,SECO,1,DESPEJADO,0,0,0,1,1
-8135465.24165299,-4413175.37159998,1470,9502,1335054,-73.0821277,-36.8137337,175,HUALPEN,3,8061,2021,1335054,REGION BIO BIO,8101,CONCEPCION,JORGE ALESSANDRI, ,2442,"JORGE ALESSANDRI 2442, CONCEPCION",CHILE,RANGE_INTERPOLATED,11330,2021,1335054,1,2021/02/28 00:00:00+00,1899/12/30 00:00:00+00,8,REGION BIO BIO,8101,CONCEPCION,70,VOLCADURA,70,VOLCADURA,1,URBANA,26,OTROS NO CONSIDERADOS,13,CAUSAS NO DETERMINADAS,97,CAUSAS NO DETERMINADAS,0,JORGE ALESSANDRI,0, ,- JORGE ALESSANDRI,2442, , , , ,2,2,2,BIDIRECCIONAL,1,CONCRETO,1,BUENO,1,SECO,1,DESPEJADO,0,0,0,1,0
-8134377.08249854,-4411452.28514557,1471,9503,1332656,-73.0723526,-36.8013406,175,HUALPEN,1,6674,2021,1332656,REGION BIO BIO,8112,HUALPEN,JORGE ALESSANDRI,CRISTOBAL COLON,0,"JORGE ALESSANDRI & CRISTOBAL COLON, HUALPEN",CHILE,GEOMETRIC_CENTER,9360,2021,1332656,1,2021/02/18 00:00:00+00,1899/12/30 00:00:00+00,8,REGION BIO BIO,8112,HUALPEN,63,CHOQUE FRENTE/POSTERIOR,40,CHOQUE,1,URBANA,22,ENLACE A DESNIVEL,1,IMPRUDENCIA DEL CONDUCTOR,27,CONDUCCION NO ATENTO CONDICIONES TRANSITO MOMENTO,0,JORGE ALESSANDRI,0,CRISTOBAL COLON,CRISTOBAL COLON - JORGE ALESSANDRI,0, , , , ,2,2,3,BIDIRECCIONAL CON BANDEJON,1,CONCRETO,1,BUENO,1,SECO,1,DESPEJADO,0,0,0,0,3
-8134377.08249854,-4411452.28514557,1472,9504,1338668,-73.0723526,-36.8013406,175,HUALPEN,1,10860,2021,1338668,REGION BIO BIO,8112,HUALPEN,JORGE ALESSANDRI,CRISTOBAL COLON,0,"JORGE ALESSANDRI & CRISTOBAL COLON, HUALPEN",CHILE,GEOMETRIC_CENTER,15079,2021,1338668,1,2021/03/18 00:00:00+00,1899/12/30 00:00:00+00,8,REGION BIO BIO,8112,HUALPEN,30,COLISION,30,COLISION,1,URBANA,22,ENLACE A DESNIVEL,1,IMPRUDENCIA DEL CONDUCTOR,11,ADELANTAMIENTO SIN EL ESPACIO O TIEMPO SUFICIENTE,0,JORGE ALESSANDRI,0,CRISTOBAL COLON,CRISTOBAL COLON - JORGE ALESSANDRI,0, , , , ,2,2,3,BIDIRECCIONAL CON BANDEJON,1,CONCRETO,1,BUENO,1,SECO,1,DESPEJADO,0,1,0,0,1
-8134377.08249854,-4411452.28514557,1473,9505,1373084,-73.0723526,-36.8013406,175,HUALPEN,1,34466,2021,1373084,REGION BIO BIO,8112,HUALPEN,JORGE ALESSANDRI,CRISTOBAL COLON,0,"JORGE ALESSANDRI & CRISTOBAL COLON, HUALPEN",CHILE,GEOMETRIC_CENTER,47506,2021,1373084,1,2021/08/21 00:00:00+00,1899/12/30 00:00:00+00,8,REGION BIO BIO,8112,HUALPEN,30,COLISION,30,COLISION,1,URBANA,22,ENLACE A DESNIVEL,4,ALCOHOL EN CONDUCTOR,24,CONDUCCION EN ESTADO DE EBRIEDAD,0,JORGE ALESSANDRI,0,CRISTOBAL COLON,CRISTOBAL COLON - JORGE ALESSANDRI,0, , , , ,2,2,3,BIDIRECCIONAL CON BANDEJON,1,CONCRETO,1,BUENO,3,MOJADO,2,NUBLADO,0,0,0,0,2
-8134377.08249854,-4411452.28514557,1474,9506,1389095,-73.0723526,-36.8013406,175,HUALPEN,1,45676,2021,1389095,REGION BIO BIO,8112,HUALPEN,JORGE ALESSANDRI,CRISTOBAL COLON,0,"JORGE ALESSANDRI & CRISTOBAL COLON, HUALPEN",CHILE,GEOMETRIC_CENTER,62413,2021,1389095,1,2021/10/21 00:00:00+00,1899/12/30 00:00:00+00,8,REGION BIO BIO,8112,HUALPEN,30,COLISION,30,COLISION,1,URBANA,22,ENLACE A DESNIVEL,1,IMPRUDENCIA DEL CONDUCTOR,28,CONDUCCION SIN MANTENER DISTANCIA RAZONABLE NI PRUDENTE,0,JORGE ALESSANDRI,0,CRISTOBAL COLON,CRISTOBAL COLON - JORGE ALESSANDRI,0, , , , ,1,1,2,BIDIRECCIONAL,2,ASFALTO,1,BUENO,1,SECO,1,DESPEJADO,0,0,0,0,2