X,Y,FID,FID_1,LABELID,POINT_X,POINT_Y,FID_2,COMUNAREAL,VAL_COM,OBJECTID,A_O,IDACCIDENT,REGION,COD_COMUN,COMUNA,CALLE_UNO,CALLE_DOS,NUMERO,DIR_GEOCOD,PAIS,TIPO,OBJECTID_1,Año,Idaccide_1,Claseaccid,Fecha,Hora,Cód_Regi,Región,Cód_Comun,Comuna_1,Cód_Tipo_,Tipo_Accid,Cód_Tipo1,Tipo__CONA,Cód_Zona,Zona,Cód_Ubica,Ubicación,Cód_Causa,Causa__CON,Cód_Cau_1,Causa,Cód_Calle,Calle_Un_1,Cód_Cal_1,Calle_Do_1,Intersecci,Número,Ruta,Cód_Ruta,Ubicaci_1,Km_Vía_Fe,Pistas_de_,Pistas_de1,Cód_Calza,Calzada,Cód__Tipo,Tipo_Calza,Cód_Estad,Estado_Cal,Cód_Condi,Condición,Cód_Est_1,Estado_Atm,Fallecidos,Graves,Menos_Grav,Leves,Ilesos
-8134371.32728087,-4411449.58806671,1475,9507,1381772,-73.0723009,-36.8013212,175,HUALPEN,3,40366,2021,1381772,REGION BIO BIO,8101,CONCEPCION,JORGE ALESSANDRI, ,1,"JORGE ALESSANDRI 1, CONCEPCION",CHILE,RANGE_INTERPOLATED,55416,2021,1381772,1,2021/09/23 00:00:00+00,1899/12/30 00:00:00+00,8,REGION BIO BIO,8101,CONCEPCION,50,CHOQUE,40,CHOQUE,1,URBANA,1,TRAMO DE VIA RECTA,14,OTRAS CAUSAS,98,OTRAS CAUSAS,0,JORGE ALESSANDRI,0, ,- JORGE ALESSANDRI,1, , , , ,2,2,2,BIDIRECCIONAL,1,CONCRETO,1,BUENO,1,SECO,1,DESPEJADO,0,0,0,0,1
-8145487.92540241,-4412365.63319155,1476,13534,1366980,-73.172163,-36.80791,175,HUALPEN,1,30326,2021,1366980,REGION BIO BIO,8112,HUALPEN,COSTANERA,CAMINO A DESEMBOCADURA,0,"COSTANERA & CAMINO A DESEMBOCADURA, HUALPEN",CHILE,GEOMETRIC_CENTER,41914,2021,1366980,1,2021/07/29 00:00:00+00,1899/12/30 00:00:00+00,8,REGION BIO BIO,8112,HUALPEN,50,CHOQUE,40,CHOQUE,1,URBANA,14,CRUCE CON SEÑAL PARE,8,DROGAS Y/O FATIGA EN CONDUCTOR,25,"CONDICIONES FISICAS DEFICIENTES (CANSANCIO, SUEÑO)",0,COSTANERA,0,CAMINO A DESEMBOCADURA,CAMINO A DESEMBOCADURA - COSTANERA,0, , , , ,2,2,3,BIDIRECCIONAL CON BANDEJON,1,CONCRETO,1,BUENO,1,SECO,1,DESPEJADO,0,0,0,1,1
-8145487.92540241,-4412365.63319155,1477,13535,1379408,-73.172163,-36.80791,175,HUALPEN,1,38305,2021,1379408,REGION BIO BIO,8112,HUALPEN,COSTANERA,CAMINO A DESEMBOCADURA,0,"COSTANERA & CAMINO A DESEMBOCADURA, HUALPEN",CHILE,GEOMETRIC_CENTER,52600,2021,1379408,1,2021/09/11 00:00:00+00,1899/12/30 00:00:00+00,8,REGION BIO BIO,8112,HUALPEN,70,VOLCADURA,70,VOLCADURA,1,URBANA,1,TRAMO DE VIA RECTA,7,VELOCIDAD IMPRUDENTE,72,VELOCIDAD NO RAZONABLE NI PRUDENTE,0,COSTANERA,0,CAMINO A DESEMBOCADURA,CAMINO A DESEMBOCADURA - COSTANERA,0, , , , ,2,2,3,BIDIRECCIONAL CON BANDEJON,1,CONCRETO,1,BUENO,3,MOJADO,3,LLUVIA,0,0,0,0,1
-8145487.92540241,-4412365.63319155,1478,13536,1386253,-73.172163,-36.80791,175,HUALPEN,1,43352,2021,1386253,REGION BIO BIO,8112,HUALPEN,COSTANERA,CAMINO A DESEMBOCADURA,0,"COSTANERA & CAMINO A DESEMBOCADURA, HUALPEN",CHILE,GEOMETRIC_CENTER,59283,2021,1386253,1,2021/10/08 00:00:00+00,1899/12/30 00:00:00+00,8,REGION BIO BIO,8112,HUALPEN,30,COLISION,30,COLISION,1,URBANA,14,CRUCE CON SEÑAL PARE,1,IMPRUDENCIA DEL CONDUCTOR,28,CONDUCCION SIN MANTENER DISTANCIA RAZONABLE NI PRUDENTE,0,COSTANERA,0,CAMINO A DESEMBOCADURA,CAMINO A DESEMBOCADURA - COSTANERA,0, , , , ,2,2,3,BIDIRECCIONAL CON BANDEJON,1,CONCRETO,1,BUENO,1,SECO,1,DESPEJADO,1,0,0,1,1
-8136398.07672194,-4412291.22104815,1479,13537,1327258,-73.0905075,-36.8073748,175,HUALPEN,1,1551,2021,1327258,REGION BIO BIO,8112,HUALPEN,COSTANERA, ,9781,"COSTANERA 9781, HUALPEN",CHILE,RANGE_INTERPOLATED,2139,2021,1327258,1,2021/01/11 00:00:00+00,1899/12/30 00:00:00+00,8,REGION BIO BIO,8112,HUALPEN,51,CHOQUE FRONTAL,40,CHOQUE,1,URBANA,1,TRAMO DE VIA RECTA,13,CAUSAS NO DETERMINADAS,97,CAUSAS NO DETERMINADAS,0,COSTANERA,0, ,- COSTANERA,9781, , , , ,1,1,2,BIDIRECCIONAL,1,CONCRETO,1,BUENO,1,SECO,1,DESPEJADO,0,0,0,0,2
-8136398.07672194,-4412291.22104815,1480,13538,1330003,-73.0905075,-36.8073748,175,HUALPEN,1,4786,2021,1330003,REGION BIO BIO,8112,HUALPEN,COSTANERA, ,9781,"COSTANERA 9781, HUALPEN",CHILE,RANGE_INTERPOLATED,6702,2021,1330003,1,2021/02/04 00:00:00+00,1899/12/30 00:00:00+00,8,REGION BIO BIO,8112,HUALPEN,30,COLISION,30,COLISION,1,URBANA,1,TRAMO DE VIA RECTA,1,IMPRUDENCIA DEL CONDUCTOR,27,CONDUCCION NO ATENTO CONDICIONES TRANSITO MOMENTO,0,COSTANERA,0, ,- COSTANERA,9781, , , , ,2,2,3,BIDIRECCIONAL CON BANDEJON,1,CONCRETO,1,BUENO,1,SECO,1,DESPEJADO,0,0,0,0,2
-8136398.07672194,-4412291.22104815,1481,13539,1336236,-73.0905075,-36.8073748,175,HUALPEN,1,8747,2021,1336236,REGION BIO BIO,8112,HUALPEN,COSTANERA, ,9781,"COSTANERA 9781, HUALPEN",CHILE,RANGE_INTERPOLATED,12236,2021,1336236,1,2021/03/04 00:00:00+00,1899/12/30 00:00:00+00,8,REGION BIO BIO,8112,HUALPEN,70,VOLCADURA,70,VOLCADURA,1,URBANA,1,TRAMO DE VIA RECTA,9,PERDIDA CONTROL VEHICULO,95,PERDIDA CONTROL VEHICULO,0,COSTANERA,0, ,- COSTANERA,9781, , , , ,2,2,3,BIDIRECCIONAL CON BANDEJON,1,CONCRETO,1,BUENO,1,SECO,1,DESPEJADO,0,0,0,1,1
-8136398.07672194,-4412291.22104815,1482,13540,1339097,-73.0905075,-36.8073748,175,HUALPEN,1,10954,2021,1339097,REGION BIO BIO,8112,HUALPEN,COSTANERA, ,9781,"COSTANERA 9781, HUALPEN",CHILE,RANGE_INTERPOLATED,15203,2021,1339097,1,2021/03/19 00:00:00+00,1899/12/30 00:00:00+00,8,REGION BIO BIO,8112,HUALPEN,30,COLISION,30,COLISION,1,URBANA,1,TRAMO DE VIA RECTA,1,IMPRUDENCIA DEL CONDUCTOR,27,CONDUCCION NO ATENTO CONDICIONES TRANSITO MOMENTO,0,COSTANERA,0, ,- COSTANERA,9781, , , , ,2,2,3,BIDIRECCIONAL CON BANDEJON,1,CONCRETO,1,BUENO,1,SECO,1,DESPEJADO,0,0,0,0,2
-8136398.07672194,-4412291.22104815,1483,13541,1359588,-73.0905075,-36.8073748,175,HUALPEN,1,25322,2021,1359588,REGION BIO BIO,8112,HUALPEN,COSTANERA, ,9781,"COSTANERA 9781, HUALPEN",CHILE,RANGE_INTERPOLATED,35002,2021,1359588,1,2021/06/30 00:00:00+00,1899/12/30 00:00:00+00,8,REGION BIO BIO,8112,HUALPEN,99,OTRO TIPO,99,OTRO TIPO,1,URBANA,26,OTROS NO CONSIDERADOS,13,CAUSAS NO DETERMINADAS,97,CAUSAS NO DETERMINADAS,0,COSTANERA,0, ,- COSTANERA,9781, , , , ,1,1,2,BIDIRECCIONAL,1,CONCRETO,1,BUENO,1,SECO,2,NUBLADO,0,0,0,0,1
-8136398.07672194,-4412291.22104815,1484,13542,1367378,-73.0905075,-36.8073748,175,HUALPEN,1,30465,2021,1367378,REGION BIO BIO,8112,HUALPEN,COSTANERA, ,9781,"COSTANERA 9781, HUALPEN",CHILE,RANGE_INTERPOLATED,42098,2021,1367378,1,2021/07/30 00:00:00+00,1899/12/30 00:00:00+00,8,REGION BIO BIO,8112,HUALPEN,30,COLISION,30,COLISION,1,URBANA,1,TRAMO DE VIA RECTA,12,FALLAS MECANICAS,5,FALLAS MECANICAS NEUMATICOS,0,COSTANERA,0, ,- COSTANERA,9781, , , , ,2,2,3,BIDIRECCIONAL CON BANDEJON,1,CONCRETO,1,BUENO,1,SECO,1,DESPEJADO,0,0,0,1,1
-8136398.07672194,-4412291.22104815,1485,13543,1380887,-73.0905075,-36.8073748,175,HUALPEN,1,40134,2021,1380887,REGION BIO BIO,8112,HUALPEN,COSTANERA, ,9781,"COSTANERA 9781, HUALPEN",CHILE,RANGE_INTERPOLATED,55116,2021,1380887,1,2021/09/21 00:00:00+00,1899/12/30 00:00:00+00,8,REGION BIO BIO,8112,HUALPEN,50,CHOQUE,40,CHOQUE,1,URBANA,1,TRAMO DE VIA RECTA,1,IMPRUDENCIA DEL CONDUCTOR,27,CONDUCCION NO ATENTO CONDICIONES TRANSITO MOMENTO,0,COSTANERA,0, ,- COSTANERA,9781, , , , ,1,1,2,BIDIRECCIONAL,1,CONCRETO,1,BUENO,1,SECO,1,DESPEJADO,0,0,0,0,2
-8136398.07672194,-4412291.22104815,1486,13544,1391463,-73.0905075,-36.8073748,175,HUALPEN,1,47374,2021,1391463,REGION BIO BIO,8112,HUALPEN,COSTANERA, ,9781,"COSTANERA 9781, HUALPEN",CHILE,RANGE_INTERPOLATED,64626,2021,1391463,1,2021/10/30 00:00:00+00,1899/12/30 00:00:00+00,8,REGION BIO BIO,8112,HUALPEN,67,CHOQUE POSTERIOR/FRENTE,40,CHOQUE,1,URBANA,1,TRAMO DE VIA RECTA,1,IMPRUDENCIA DEL CONDUCTOR,93,CONDUCIR VEHICULO EN RETROCESO,0,COSTANERA,0, ,- COSTANERA,9781, , , , ,1,1,2,BIDIRECCIONAL,1,CONCRETO,1,BUENO,1,SECO,1,DESPEJADO,0,0,0,0,2
-8136398.07672194,-4412291.22104815,1487,13545,1403625,-73.0905075,-36.8073748,175,HUALPEN,1,55829,2021,1403625,REGION BIO BIO,8112,HUALPEN,COSTANERA, ,9781,"COSTANERA 9781, HUALPEN",CHILE,RANGE_INTERPOLATED,75905,2021,1403625,1,2021/12/13 00:00:00+00,1899/12/30 00:00:00+00,8,REGION BIO BIO,8112,HUALPEN,63,CHOQUE FRENTE/POSTERIOR,40,CHOQUE,1,URBANA,1,TRAMO DE VIA RECTA,1,IMPRUDENCIA DEL CONDUCTOR,27,CONDUCCION NO ATENTO CONDICIONES TRANSITO MOMENTO,0,COSTANERA,0, ,- COSTANERA,9781, , , , ,2,2,3,BIDIRECCIONAL CON BANDEJON,1,CONCRETO,1,BUENO,1,SECO,1,DESPEJADO,0,0,0,0,2
-8137936.6011403,-4411990.81094388,1488,13546,1368772,-73.1043283,-36.8052141,175,HUALPEN,1,31342,2021,1368772,REGION BIO BIO,8112,HUALPEN,GRAN BRETA??ªA, ,4802,"GRAN BRETA??ªA 4802, HUALPEN",CHILE,RANGE_INTERPOLATED,43292,2021,1368772,1,2021/08/04 00:00:00+00,1899/12/30 00:00:00+00,8,REGION BIO BIO,8112,HUALPEN,70,VOLCADURA,70,VOLCADURA,1,URBANA,1,TRAMO DE VIA RECTA,9,PERDIDA CONTROL VEHICULO,95,PERDIDA CONTROL VEHICULO,0,GRAN BRETAÑA,0, ,- GRAN BRETAÑA,4802, , , , ,1,1,2,BIDIRECCIONAL,1,CONCRETO,1,BUENO,1,SECO,1,DESPEJADO,0,0,0,2,0
-8137375.74014983,-4411902.37322574,1489,13548,1379723,-73.09929,-36.804578,175,HUALPEN,0,37992,2021,1379723,REGION BIO BIO,8202,ARAUCO,PASAJE UNO,PASAJE DOS,0,"PASAJE UNO & PASAJE DOS, ARAUCO",CHILE,GEOMETRIC_CENTER,52203,2021,1379723,1,2021/09/09 00:00:00+00,1899/12/30 00:00:00+00,8,REGION BIO BIO,8202,ARAUCO,30,COLISION,30,COLISION,1,URBANA,15,CRUCE CON SEÑAL CEDA EL PASO,1,IMPRUDENCIA DEL CONDUCTOR,27,CONDUCCION NO ATENTO CONDICIONES TRANSITO MOMENTO,0,PASAJE UNO,0,PASAJE DOS,PASAJE DOS - PASAJE UNO,0, , , , ,1,0,1,UNIDIRECCIONAL,1,CONCRETO,1,BUENO,1,SECO,1,DESPEJADO,0,0,0,0,2
-8138147.93006162,-4411766.51341153,1490,13549,1355385,-73.1062267,-36.8036008,175,HUALPEN,1,22215,2021,1355385,REGION BIO BIO,8112,HUALPEN,COSTANERA, ,3700,"COSTANERA 3700, HUALPEN",CHILE,RANGE_INTERPOLATED,30615,2021,1355385,1,2021/06/09 00:00:00+00,1899/12/30 00:00:00+00,8,REGION BIO BIO,8112,HUALPEN,70,VOLCADURA,70,VOLCADURA,1,URBANA,1,TRAMO DE VIA RECTA,9,PERDIDA CONTROL VEHICULO,95,PERDIDA CONTROL VEHICULO,0,COSTANERA,0, ,- COSTANERA,3700, , , , ,2,2,3,BIDIRECCIONAL CON BANDEJON,1,CONCRETO,1,BUENO,3,MOJADO,3,LLUVIA,0,0,0,0,1
-8135584.85444585,-4411687.93462143,1491,13550,1345188,-73.0832022,-36.8030356,175,HUALPEN,1,15235,2021,1345188,REGION BIO BIO,8112,HUALPEN,PUERTO SAAVEDRA,RODRIGO DE TRIANA,0,"PUERTO SAAVEDRA & RODRIGO DE TRIANA, HUALPEN",CHILE,GEOMETRIC_CENTER,21001,2021,1345188,1,2021/04/24 00:00:00+00,1899/12/30 00:00:00+00,8,REGION BIO BIO,8112,HUALPEN,50,CHOQUE,40,CHOQUE,1,URBANA,15,CRUCE CON SEÑAL CEDA EL PASO,7,VELOCIDAD IMPRUDENTE,71,VELOCIDAD MAYOR QUE MAXIMA PERMITIDA,0,PUERTO SAAVEDRA,0,RODRIGO DE TRIANA,PUERTO SAAVEDRA - RODRIGO DE TRIANA,0, , , , ,1,1,2,BIDIRECCIONAL,1,CONCRETO,1,BUENO,2,HUMEDO,1,DESPEJADO,0,0,0,1,0
-8137464.70668688,-4411672.33571616,1492,13551,1358272,-73.1000892,-36.8029234,175,HUALPEN,1,24147,2021,1358272,REGION BIO BIO,8112,HUALPEN,PASAJE TRECE, ,5216,"PASAJE TRECE 5216, HUALPEN",CHILE,RANGE_INTERPOLATED,33288,2021,1358272,1,2021/06/22 00:00:00+00,1899/12/30 00:00:00+00,8,REGION BIO BIO,8112,HUALPEN,50,CHOQUE,40,CHOQUE,1,URBANA,1,TRAMO DE VIA RECTA,13,CAUSAS NO DETERMINADAS,97,CAUSAS NO DETERMINADAS,0,PASAJE TRECE,0, ,- PASAJE TRECE,5216, , , , ,1,1,2,BIDIRECCIONAL,4,MIXTO,1,BUENO,2,HUMEDO,2,NUBLADO,0,0,0,0,1
-8137073.55226013,-4411659.96226924,1493,13552,1376873,-73.0965754,-36.8028344,175,HUALPEN,1,37239,2021,1376873,REGION BIO BIO,8112,HUALPEN,RUCALHUE, ,481,"RUCALHUE 481, HUALPEN",CHILE,RANGE_INTERPOLATED,51211,2021,1376873,1,2021/09/05 00:00:00+00,1899/12/30 00:00:00+00,8,REGION BIO BIO,8112,HUALPEN,63,CHOQUE FRENTE/POSTERIOR,40,CHOQUE,1,URBANA,1,TRAMO DE VIA RECTA,8,DROGAS Y/O FATIGA EN CONDUCTOR,25,"CONDICIONES FISICAS DEFICIENTES (CANSANCIO, SUEÑO)",0,RUCALHUE,0, ,- RUCALHUE,481, , , , ,2,2,2,BIDIRECCIONAL,1,CONCRETO,1,BUENO,2,HUMEDO,2,NUBLADO,0,0,0,0,2
-8135507.12004543,-4411651.14793492,1494,13553,1327365,-73.0825039,-36.802771,175,HUALPEN,1,2787,2021,1327365,REGION BIO BIO,8112,HUALPEN,CRISTOBAL COLON, ,9000,"CRISTOBAL COLON 9000, HUALPEN",CHILE,RANGE_INTERPOLATED,3823,2021,1327365,1,2021/01/20 00:00:00+00,1899/12/30 00:00:00+00,8,REGION BIO BIO,8112,HUALPEN,30,COLISION,30,COLISION,1,URBANA,11,CRUCE CON SEMAFORO FUNCIONANDO,1,IMPRUDENCIA DEL CONDUCTOR,27,CONDUCCION NO ATENTO CONDICIONES TRANSITO MOMENTO,0,CRISTOBAL COLON,0, ,- CRISTOBAL COLON,9000, , , , ,2,2,3,BIDIRECCIONAL CON BANDEJON,1,CONCRETO,1,BUENO,1,SECO,1,DESPEJADO,0,0,0,0,2
-8137964.11931842,-4411619.03267761,1495,13554,1352649,-73.1045755,-36.80254,175,HUALPEN,1,20015,2021,1352649,REGION BIO BIO,8112,HUALPEN,COSTANERA, ,6279,"COSTANERA 6279, HUALPEN",CHILE,RANGE_INTERPOLATED,27562,2021,1352649,1,2021/05/27 00:00:00+00,1899/12/30 00:00:00+00,8,REGION BIO BIO,8112,HUALPEN,50,CHOQUE,40,CHOQUE,1,URBANA,1,TRAMO DE VIA RECTA,1,IMPRUDENCIA DEL CONDUCTOR,27,CONDUCCION NO ATENTO CONDICIONES TRANSITO MOMENTO,0,COSTANERA,0, ,- COSTANERA,6279, , , , ,2,2,3,BIDIRECCIONAL CON BANDEJON,1,CONCRETO,1,BUENO,3,MOJADO,1,DESPEJADO,1,0,0,1,0
-8137964.11931842,-4411619.03267761,1496,13555,1408911,-73.1045755,-36.80254,175,HUALPEN,1,59146,2021,1408911,REGION BIO BIO,8112,HUALPEN,COSTANERA, ,3846,"COSTANERA 3846, HUALPEN",CHILE,RANGE_INTERPOLATED,80363,2021,1408911,1,2021/12/30 00:00:00+00,1899/12/30 00:00:00+00,8,REGION BIO BIO,8112,HUALPEN,30,COLISION,30,COLISION,1,URBANA,1,TRAMO DE VIA RECTA,1,IMPRUDENCIA DEL CONDUCTOR,28,CONDUCCION SIN MANTENER DISTANCIA RAZONABLE NI PRUDENTE,0,COSTANERA,0, ,- COSTANERA,3846, , , , ,2,2,3,BIDIRECCIONAL CON BANDEJON,1,CONCRETO,1,BUENO,1,SECO,1,DESPEJADO,0,1,0,0,1
-8135508.53380296,-4411611.733769,1497,13556,1335865,-73.0825166,-36.8024875,175,HUALPEN,1,8697,2021,1335865,REGION BIO BIO,8112,HUALPEN,PUERTO SAAVEDRA,CRISTOBAL COLON,0,"PUERTO SAAVEDRA & CRISTOBAL COLON, HUALPEN",CHILE,GEOMETRIC_CENTER,12175,2021,1335865,1,2021/03/04 00:00:00+00,1899/12/30 00:00:00+00,8,REGION BIO BIO,8112,HUALPEN,50,CHOQUE,40,CHOQUE,1,URBANA,11,CRUCE CON SEMAFORO FUNCIONANDO,9,PERDIDA CONTROL VEHICULO,95,PERDIDA CONTROL VEHICULO,0,PUERTO SAAVEDRA,0,CRISTOBAL COLON,CRISTOBAL COLON - PUERTO SAAVEDRA,0, , , , ,2,2,3,BIDIRECCIONAL CON BANDEJON,1,CONCRETO,1,BUENO,1,SECO,1,DESPEJADO,0,0,1,0,0
-8135508.53380296,-4411611.733769,1498,13557,1337210,-73.0825166,-36.8024875,175,HUALPEN,1,9431,2021,1337210,REGION BIO BIO,8112,HUALPEN,CRISTOBAL COLON,PUERTO SAAVEDRA PONIENTE,0,"CRISTOBAL COLON & PUERTO SAAVEDRA PONIENTE, HUALPEN",CHILE,GEOMETRIC_CENTER,13159,2021,1337210,1,2021/03/08 00:00:00+00,1899/12/30 00:00:00+00,8,REGION BIO BIO,8112,HUALPEN,30,COLISION,30,COLISION,1,URBANA,26,OTROS NO CONSIDERADOS,13,CAUSAS NO DETERMINADAS,97,CAUSAS NO DETERMINADAS,0,CRISTOBAL COLON,0,PUERTO SAAVEDRA PONIENTE,CRISTOBAL COLON - PUERTO SAAVEDRA PONIENTE,0, , , , ,3,3,2,BIDIRECCIONAL,1,CONCRETO,1,BUENO,1,SECO,1,DESPEJADO,0,0,0,0,2
-8135508.53380296,-4411611.733769,1499,13558,1338095,-73.0825166,-36.8024875,175,HUALPEN,1,10342,2021,1338095,REGION BIO BIO,8112,HUALPEN,PUERTO SAAVEDRA,CRISTOBAL COLON,0,"PUERTO SAAVEDRA & CRISTOBAL COLON, HUALPEN",CHILE,GEOMETRIC_CENTER,14402,2021,1338095,1,2021/03/15 00:00:00+00,1899/12/30 00:00:00+00,8,REGION BIO BIO,8112,HUALPEN,30,COLISION,30,COLISION,1,URBANA,11,CRUCE CON SEMAFORO FUNCIONANDO,10,DESOBEDIENCIA A SEÑALIZACION,62,SEÑALIZACION DESOBEDECER LUZ ROJA DE SEMAFORO,0,PUERTO SAAVEDRA,0,CRISTOBAL COLON,CRISTOBAL COLON - PUERTO SAAVEDRA,0, , , , ,1,1,2,BIDIRECCIONAL,1,CONCRETO,1,BUENO,1,SECO,1,DESPEJADO,0,0,0,0,2
-8135508.53380296,-4411611.733769,1500,13559,1341397,-73.0825166,-36.8024875,175,HUALPEN,1,12773,2021,1341397,REGION BIO BIO,8112,HUALPEN,CRISTOBAL COLON,PUERTO SAAVEDRA,0,"CRISTOBAL COLON & PUERTO SAAVEDRA, HUALPEN",CHILE,GEOMETRIC_CENTER,17643,2021,1341397,1,2021/04/04 00:00:00+00,1899/12/30 00:00:00+00,8,REGION BIO BIO,8112,HUALPEN,30,COLISION,30,COLISION,1,URBANA,11,CRUCE CON SEMAFORO FUNCIONANDO,1,IMPRUDENCIA DEL CONDUCTOR,91,VIRAJES INDEBIDOS,0,CRISTOBAL COLON,0,PUERTO SAAVEDRA,CRISTOBAL COLON - PUERTO SAAVEDRA,0, , , , ,2,2,3,BIDIRECCIONAL CON BANDEJON,1,CONCRETO,1,BUENO,1,SECO,1,DESPEJADO,0,0,0,1,1
-8135508.53380296,-4411611.733769,1501,13560,1344093,-73.0825166,-36.8024875,175,HUALPEN,1,14199,2021,1344093,REGION BIO BIO,8112,HUALPEN,CRISTOBAL COLON,PUERTO SAAVEDRA,0,"CRISTOBAL COLON & PUERTO SAAVEDRA, HUALPEN",CHILE,GEOMETRIC_CENTER,19593,2021,1344093,1,2021/04/16 00:00:00+00,1899/12/30 00:00:00+00,8,REGION BIO BIO,8112,HUALPEN,30,COLISION,30,COLISION,1,URBANA,11,CRUCE CON SEMAFORO FUNCIONANDO,1,IMPRUDENCIA DEL CONDUCTOR,29,CONDUCCION CAMBIAR SORPRESIVAMENTE PISTA CIRCULACION,0,CRISTOBAL COLON,0,PUERTO SAAVEDRA,CRISTOBAL COLON - PUERTO SAAVEDRA,0, , , , ,2,2,3,BIDIRECCIONAL CON BANDEJON,1,CONCRETO,1,BUENO,1,SECO,1,DESPEJADO,0,0,0,0,2
-8135508.53380296,-4411611.733769,1502,13561,1344342,-73.0825166,-36.8024875,175,HUALPEN,1,14249,2021,1344342,REGION BIO BIO,8112,HUALPEN,CRISTOBAL COLON,PUERTO SAAVEDRA,0,"CRISTOBAL COLON & PUERTO SAAVEDRA, HUALPEN",CHILE,GEOMETRIC_CENTER,19648,2021,1344342,1,2021/04/16 00:00:00+00,1899/12/30 00:00:00+00,8,REGION BIO BIO,8112,HUALPEN,30,COLISION,30,COLISION,1,URBANA,11,CRUCE CON SEMAFORO FUNCIONANDO,10,DESOBEDIENCIA A SEÑALIZACION,62,SEÑALIZACION DESOBEDECER LUZ ROJA DE SEMAFORO,0,CRISTOBAL COLON,0,PUERTO SAAVEDRA,CRISTOBAL COLON - PUERTO SAAVEDRA,0, , , , ,2,2,3,BIDIRECCIONAL CON BANDEJON,1,CONCRETO,1,BUENO,1,SECO,1,DESPEJADO,0,0,0,0,2
-8135508.53380296,-4411611.733769,1503,13562,1346829,-73.0825166,-36.8024875,175,HUALPEN,1,16199,2021,1346829,REGION BIO BIO,8112,HUALPEN,CRISTOBAL COLON,PUERTO SAAVEDRA,0,"CRISTOBAL COLON & PUERTO SAAVEDRA, HUALPEN",CHILE,GEOMETRIC_CENTER,22314,2021,1346829,1,2021/05/01 00:00:00+00,1899/12/30 00:00:00+00,8,REGION BIO BIO,8112,HUALPEN,30,COLISION,30,COLISION,1,URBANA,11,CRUCE CON SEMAFORO FUNCIONANDO,10,DESOBEDIENCIA A SEÑALIZACION,62,SEÑALIZACION DESOBEDECER LUZ ROJA DE SEMAFORO,0,CRISTOBAL COLON,0,PUERTO SAAVEDRA,CRISTOBAL COLON - PUERTO SAAVEDRA,0, , , , ,2,2,3,BIDIRECCIONAL CON BANDEJON,1,CONCRETO,1,BUENO,2,HUMEDO,3,LLUVIA,0,0,0,3,4
-8135508.53380296,-4411611.733769,1504,13563,1350321,-73.0825166,-36.8024875,175,HUALPEN,1,18734,2021,1350321,REGION BIO BIO,8112,HUALPEN,CRISTOBAL COLON,PUERTO SAAVEDRA,0,"CRISTOBAL COLON & PUERTO SAAVEDRA, HUALPEN",CHILE,GEOMETRIC_CENTER,25760,2021,1350321,1,2021/05/19 00:00:00+00,1899/12/30 00:00:00+00,8,REGION BIO BIO,8112,HUALPEN,10,ATROPELLO,10,ATROPELLO,1,URBANA,11,CRUCE CON SEMAFORO FUNCIONANDO,10,DESOBEDIENCIA A SEÑALIZACION,62,SEÑALIZACION DESOBEDECER LUZ ROJA DE SEMAFORO,0,CRISTOBAL COLON,0,PUERTO SAAVEDRA,CRISTOBAL COLON - PUERTO SAAVEDRA,0, , , , ,2,2,3,BIDIRECCIONAL CON BANDEJON,1,CONCRETO,1,BUENO,1,SECO,1,DESPEJADO,0,0,0,1,1
-8135508.53380296,-4411611.733769,1505,13564,1350827,-73.0825166,-36.8024875,175,HUALPEN,1,19083,2021,1350827,REGION BIO BIO,8112,HUALPEN,CRISTOBAL COLON,PUERTO SAAVEDRA,0,"CRISTOBAL COLON & PUERTO SAAVEDRA, HUALPEN",CHILE,GEOMETRIC_CENTER,26246,2021,1350827,1,2021/05/20 00:00:00+00,1899/12/30 00:00:00+00,8,REGION BIO BIO,8112,HUALPEN,30,COLISION,30,COLISION,1,URBANA,11,CRUCE CON SEMAFORO FUNCIONANDO,10,DESOBEDIENCIA A SEÑALIZACION,62,SEÑALIZACION DESOBEDECER LUZ ROJA DE SEMAFORO,0,CRISTOBAL COLON,0,PUERTO SAAVEDRA,CRISTOBAL COLON - PUERTO SAAVEDRA,0, , , , ,2,2,3,BIDIRECCIONAL CON BANDEJON,1,CONCRETO,1,BUENO,1,SECO,1,DESPEJADO,0,0,0,0,2
-8135508.53380296,-4411611.733769,1506,13565,1358391,-73.0825166,-36.8024875,175,HUALPEN,1,24404,2021,1358391,REGION BIO BIO,8112,HUALPEN,PUERTO SAAVEDRA,CRISTOBAL COLON,0,"PUERTO SAAVEDRA & CRISTOBAL COLON, HUALPEN",CHILE,GEOMETRIC_CENTER,33651,2021,1358391,1,2021/06/23 00:00:00+00,1899/12/30 00:00:00+00,8,REGION BIO BIO,8112,HUALPEN,30,COLISION,30,COLISION,1,URBANA,11,CRUCE CON SEMAFORO FUNCIONANDO,10,DESOBEDIENCIA A SEÑALIZACION,62,SEÑALIZACION DESOBEDECER LUZ ROJA DE SEMAFORO,0,PUERTO SAAVEDRA,0,CRISTOBAL COLON,CRISTOBAL COLON - PUERTO SAAVEDRA,0, , , , ,2,2,2,BIDIRECCIONAL,1,CONCRETO,1,BUENO,3,MOJADO,3,LLUVIA,0,0,0,0,1