X,Y,FID,FID_1,LABELID,POINT_X,POINT_Y,FID_2,COMUNAREAL,VAL_COM,OBJECTID,A_O,IDACCIDENT,REGION,COD_COMUN,COMUNA,CALLE_UNO,CALLE_DOS,NUMERO,DIR_GEOCOD,PAIS,TIPO,OBJECTID_1,Año,Idaccide_1,Claseaccid,Fecha,Hora,Cód_Regi,Región,Cód_Comun,Comuna_1,Cód_Tipo_,Tipo_Accid,Cód_Tipo1,Tipo__CONA,Cód_Zona,Zona,Cód_Ubica,Ubicación,Cód_Causa,Causa__CON,Cód_Cau_1,Causa,Cód_Calle,Calle_Un_1,Cód_Cal_1,Calle_Do_1,Intersecci,Número,Ruta,Cód_Ruta,Ubicaci_1,Km_Vía_Fe,Pistas_de_,Pistas_de1,Cód_Calza,Calzada,Cód__Tipo,Tipo_Calza,Cód_Estad,Estado_Cal,Cód_Condi,Condición,Cód_Est_1,Estado_Atm,Fallecidos,Graves,Menos_Grav,Leves,Ilesos
-8135508.53380296,-4411611.733769,1507,13566,1361715,-73.0825166,-36.8024875,175,HUALPEN,1,25862,2021,1361715,REGION BIO BIO,8112,HUALPEN,PUERTO SAAVEDRA,COLON,0,"PUERTO SAAVEDRA & COLON, HUALPEN",CHILE,GEOMETRIC_CENTER,35694,2021,1361715,1,2021/07/03 00:00:00+00,1899/12/30 00:00:00+00,8,REGION BIO BIO,8112,HUALPEN,30,COLISION,30,COLISION,1,URBANA,11,CRUCE CON SEMAFORO FUNCIONANDO,10,DESOBEDIENCIA A SEÑALIZACION,62,SEÑALIZACION DESOBEDECER LUZ ROJA DE SEMAFORO,0,PUERTO SAAVEDRA,0,COLON,COLON - PUERTO SAAVEDRA,0, , , , ,1,1,2,BIDIRECCIONAL,1,CONCRETO,1,BUENO,1,SECO,1,DESPEJADO,0,0,0,0,1
-8135508.53380296,-4411611.733769,1508,13567,1361841,-73.0825166,-36.8024875,175,HUALPEN,1,26412,2021,1361841,REGION BIO BIO,8112,HUALPEN,CRISTOBAL COLON,PUERTO SAAVEDRA,0,"CRISTOBAL COLON & PUERTO SAAVEDRA, HUALPEN",CHILE,GEOMETRIC_CENTER,36434,2021,1361841,1,2021/07/06 00:00:00+00,1899/12/30 00:00:00+00,8,REGION BIO BIO,8112,HUALPEN,30,COLISION,30,COLISION,1,URBANA,11,CRUCE CON SEMAFORO FUNCIONANDO,1,IMPRUDENCIA DEL CONDUCTOR,91,VIRAJES INDEBIDOS,0,CRISTOBAL COLON,0,PUERTO SAAVEDRA,CRISTOBAL COLON - PUERTO SAAVEDRA,0, , , , ,2,2,2,BIDIRECCIONAL,1,CONCRETO,1,BUENO,2,HUMEDO,2,NUBLADO,0,0,0,0,2
-8135508.53380296,-4411611.733769,1509,13568,1369568,-73.0825166,-36.8024875,175,HUALPEN,1,31703,2021,1369568,REGION BIO BIO,8112,HUALPEN,CRISTOBAL COLON,PUERTO SAAVEDRA,0,"CRISTOBAL COLON & PUERTO SAAVEDRA, HUALPEN",CHILE,GEOMETRIC_CENTER,43753,2021,1369568,1,2021/08/06 00:00:00+00,1899/12/30 00:00:00+00,8,REGION BIO BIO,8112,HUALPEN,70,VOLCADURA,70,VOLCADURA,1,URBANA,11,CRUCE CON SEMAFORO FUNCIONANDO,7,VELOCIDAD IMPRUDENTE,71,VELOCIDAD MAYOR QUE MAXIMA PERMITIDA,0,CRISTOBAL COLON,0,PUERTO SAAVEDRA,CRISTOBAL COLON - PUERTO SAAVEDRA,0, , , , ,2,2,3,BIDIRECCIONAL CON BANDEJON,1,CONCRETO,1,BUENO,1,SECO,1,DESPEJADO,0,1,0,0,1
-8135508.53380296,-4411611.733769,1510,13569,1371442,-73.0825166,-36.8024875,175,HUALPEN,1,33188,2021,1371442,REGION BIO BIO,8112,HUALPEN,CRISTOBAL COLON,PUERTO SAAVEDRA,0,"CRISTOBAL COLON & PUERTO SAAVEDRA, HUALPEN",CHILE,GEOMETRIC_CENTER,45752,2021,1371442,1,2021/08/13 00:00:00+00,1899/12/30 00:00:00+00,8,REGION BIO BIO,8112,HUALPEN,30,COLISION,30,COLISION,1,URBANA,11,CRUCE CON SEMAFORO FUNCIONANDO,10,DESOBEDIENCIA A SEÑALIZACION,62,SEÑALIZACION DESOBEDECER LUZ ROJA DE SEMAFORO,0,CRISTOBAL COLON,0,PUERTO SAAVEDRA,CRISTOBAL COLON - PUERTO SAAVEDRA,0, , , , ,2,2,3,BIDIRECCIONAL CON BANDEJON,1,CONCRETO,1,BUENO,1,SECO,1,DESPEJADO,0,0,0,1,1
-8135508.53380296,-4411611.733769,1511,13570,1397007,-73.0825166,-36.8024875,175,HUALPEN,1,51298,2021,1397007,REGION BIO BIO,8112,HUALPEN,PUERTO SAAVEDRA,CRISTOBAL COLON,0,"PUERTO SAAVEDRA & CRISTOBAL COLON, HUALPEN",CHILE,GEOMETRIC_CENTER,69780,2021,1397007,1,2021/11/19 00:00:00+00,1899/12/30 00:00:00+00,8,REGION BIO BIO,8112,HUALPEN,30,COLISION,30,COLISION,1,URBANA,11,CRUCE CON SEMAFORO FUNCIONANDO,10,DESOBEDIENCIA A SEÑALIZACION,62,SEÑALIZACION DESOBEDECER LUZ ROJA DE SEMAFORO,0,PUERTO SAAVEDRA,0,CRISTOBAL COLON,CRISTOBAL COLON - PUERTO SAAVEDRA,0, , , , ,1,1,3,BIDIRECCIONAL CON BANDEJON,1,CONCRETO,1,BUENO,1,SECO,1,DESPEJADO,0,1,0,3,2
-8135508.53380296,-4411611.733769,1512,13571,1402322,-73.0825166,-36.8024875,175,HUALPEN,1,55077,2021,1402322,REGION BIO BIO,8112,HUALPEN,CRISTOBAL COLON,PUERTO SAAVEDRA,0,"CRISTOBAL COLON & PUERTO SAAVEDRA, HUALPEN",CHILE,GEOMETRIC_CENTER,74839,2021,1402322,1,2021/12/09 00:00:00+00,1899/12/30 00:00:00+00,8,REGION BIO BIO,8112,HUALPEN,50,CHOQUE,40,CHOQUE,1,URBANA,11,CRUCE CON SEMAFORO FUNCIONANDO,1,IMPRUDENCIA DEL CONDUCTOR,28,CONDUCCION SIN MANTENER DISTANCIA RAZONABLE NI PRUDENTE,0,CRISTOBAL COLON,0,PUERTO SAAVEDRA,CRISTOBAL COLON - PUERTO SAAVEDRA,0, , , , ,2,2,2,BIDIRECCIONAL,1,CONCRETO,1,BUENO,1,SECO,1,DESPEJADO,0,0,0,0,2
-8136057.6394552,-4411594.81422296,1513,13572,1353513,-73.0874493,-36.8023658,175,HUALPEN,1,7820,2021,1353513,REGION BIO BIO,8112,HUALPEN,PADRE LAS CASAS, ,239,"PADRE LAS CASAS 239, HUALPEN",CHILE,RANGE_INTERPOLATED,10971,2021,1353513,1,2021/02/26 00:00:00+00,1899/12/30 00:00:00+00,8,REGION BIO BIO,8112,HUALPEN,30,COLISION,30,COLISION,1,URBANA,1,TRAMO DE VIA RECTA,13,CAUSAS NO DETERMINADAS,97,CAUSAS NO DETERMINADAS,0,PADRE LAS CASAS,0, ,- PADRE LAS CASAS,239, , , , ,1,1,2,BIDIRECCIONAL,4,MIXTO,2,REGULAR,1,SECO,2,NUBLADO,0,0,0,0,2
-8137149.97309056,-4411594.17470079,1514,13573,1362746,-73.0972619,-36.8023612,175,HUALPEN,1,26852,2021,1362746,REGION BIO BIO,8112,HUALPEN,RUCALHUE,CALLE UNO,0,"RUCALHUE & CALLE UNO, HUALPEN",CHILE,GEOMETRIC_CENTER,37032,2021,1362746,1,2021/07/09 00:00:00+00,1899/12/30 00:00:00+00,8,REGION BIO BIO,8112,HUALPEN,30,COLISION,30,COLISION,1,URBANA,15,CRUCE CON SEÑAL CEDA EL PASO,10,DESOBEDIENCIA A SEÑALIZACION,64,SEÑALIZACION DESOBEDECER SEÑAL CEDA EL PASO,0,RUCALHUE,0,CALLE UNO,CALLE UNO - RUCALHUE,0, , , , ,2,2,2,BIDIRECCIONAL,1,CONCRETO,1,BUENO,2,HUMEDO,2,NUBLADO,0,1,0,0,1
-8137120.12833508,-4411578.03373014,1515,13574,1344083,-73.0969938,-36.8022451,175,HUALPEN,1,14134,2021,1344083,REGION BIO BIO,8112,HUALPEN,RUCALHUE, ,526,"RUCALHUE 526, HUALPEN",CHILE,RANGE_INTERPOLATED,19513,2021,1344083,1,2021/04/16 00:00:00+00,1899/12/30 00:00:00+00,8,REGION BIO BIO,8112,HUALPEN,51,CHOQUE FRONTAL,40,CHOQUE,1,URBANA,1,TRAMO DE VIA RECTA,4,ALCOHOL EN CONDUCTOR,24,CONDUCCION EN ESTADO DE EBRIEDAD,0,RUCALHUE,0, ,- RUCALHUE,526, , , , ,2,2,3,BIDIRECCIONAL CON BANDEJON,1,CONCRETO,1,BUENO,1,SECO,1,DESPEJADO,0,0,0,0,1
-8137997.83799218,-4411533.85125004,1516,13575,1358374,-73.1048784,-36.8019273,175,HUALPEN,1,24500,2021,1358374,REGION BIO BIO,8112,HUALPEN,OCEANO PACIFICO,OCEANO ARTICO,0,"OCEANO PACIFICO & OCEANO ARTICO, HUALPEN",CHILE,GEOMETRIC_CENTER,33782,2021,1358374,1,2021/06/24 00:00:00+00,1899/12/30 00:00:00+00,8,REGION BIO BIO,8112,HUALPEN,30,COLISION,30,COLISION,1,URBANA,1,TRAMO DE VIA RECTA,1,IMPRUDENCIA DEL CONDUCTOR,27,CONDUCCION NO ATENTO CONDICIONES TRANSITO MOMENTO,0,OCEANO PACIFICO,0,OCEANO ARTICO,OCEANO ARTICO - OCEANO PACIFICO,0, , , , ,1,1,2,BIDIRECCIONAL,1,CONCRETO,1,BUENO,3,MOJADO,3,LLUVIA,0,0,0,0,2
-8136145.71543631,-4411520.7689335,1517,13576,1342804,-73.0882405,-36.8018332,175,HUALPEN,1,13591,2021,1342804,REGION BIO BIO,8112,HUALPEN,POSTDAM,AMERICA DEL SUR,0,"POSTDAM & AMERICA DEL SUR, HUALPEN",CHILE,GEOMETRIC_CENTER,18773,2021,1342804,1,2021/04/11 00:00:00+00,1899/12/30 00:00:00+00,8,REGION BIO BIO,8112,HUALPEN,30,COLISION,30,COLISION,1,URBANA,16,CRUCE SIN SEÑALIZACION,1,IMPRUDENCIA DEL CONDUCTOR,27,CONDUCCION NO ATENTO CONDICIONES TRANSITO MOMENTO,0,POSTDAM,0,AMERICA DEL SUR,AMERICA DEL SUR - POSTDAM,0, , , , ,1,1,2,BIDIRECCIONAL,1,CONCRETO,1,BUENO,1,SECO,1,DESPEJADO,0,0,0,1,1
-8135666.31804921,-4411486.95796244,1518,13577,1376931,-73.083934,-36.80159,175,HUALPEN,1,37354,2021,1376931,REGION BIO BIO,8112,HUALPEN,JORGE ALESSANDRI,CRISTOBAL COLON,0,"JORGE ALESSANDRI & CRISTOBAL COLON, HUALPEN",CHILE,GEOMETRIC_CENTER,51363,2021,1376931,1,2021/09/06 00:00:00+00,1899/12/30 00:00:00+00,8,REGION BIO BIO,8112,HUALPEN,63,CHOQUE FRENTE/POSTERIOR,40,CHOQUE,1,URBANA,22,ENLACE A DESNIVEL,1,IMPRUDENCIA DEL CONDUCTOR,27,CONDUCCION NO ATENTO CONDICIONES TRANSITO MOMENTO,0,JORGE ALESSANDRI,0,CRISTOBAL COLON,CRISTOBAL COLON - JORGE ALESSANDRI,0, , , , ,2,2,3,BIDIRECCIONAL CON BANDEJON,1,CONCRETO,1,BUENO,3,MOJADO,3,LLUVIA,0,0,0,1,2
-8138094.85292841,-4411458.47174656,1519,13578,1332568,-73.1057499,-36.8013851,175,HUALPEN,1,6465,2021,1332568,REGION BIO BIO,8112,HUALPEN,GRAN BRETA??ªA,OCEANO PACIFICO,0,"GRAN BRETA??ªA & OCEANO PACIFICO, HUALPEN",CHILE,GEOMETRIC_CENTER,9044,2021,1332568,1,2021/02/17 00:00:00+00,1899/12/30 00:00:00+00,8,REGION BIO BIO,8112,HUALPEN,10,ATROPELLO,10,ATROPELLO,1,URBANA,16,CRUCE SIN SEÑALIZACION,2,IMPRUDENCIA DEL PEATON,55,PEATON CRUZA CALZADA FUERA PASO PEATONES,0,GRAN BRETAÑA,0,OCEANO PACIFICO,GRAN BRETAÑA - OCEANO PACIFICO,0, , , , ,1,1,2,BIDIRECCIONAL,1,CONCRETO,1,BUENO,1,SECO,1,DESPEJADO,0,1,0,0,1
-8135679.58733252,-4411440.30122309,1520,13579,1332564,-73.0840532,-36.8012544,175,HUALPEN,1,6411,2021,1332564,REGION BIO BIO,8112,HUALPEN,CRISTOBAL COLON,POSTDAM,0,"CRISTOBAL COLON & POSTDAM, HUALPEN",CHILE,GEOMETRIC_CENTER,8956,2021,1332564,1,2021/02/16 00:00:00+00,1899/12/30 00:00:00+00,8,REGION BIO BIO,8112,HUALPEN,50,CHOQUE,40,CHOQUE,1,URBANA,11,CRUCE CON SEMAFORO FUNCIONANDO,1,IMPRUDENCIA DEL CONDUCTOR,27,CONDUCCION NO ATENTO CONDICIONES TRANSITO MOMENTO,0,CRISTOBAL COLON,0,POSTDAM,CRISTOBAL COLON - POSTDAM,0, , , , ,2,2,3,BIDIRECCIONAL CON BANDEJON,1,CONCRETO,1,BUENO,1,SECO,1,DESPEJADO,0,0,0,3,0
-8135679.58733252,-4411440.30122309,1521,13580,1364966,-73.0840532,-36.8012544,175,HUALPEN,1,28856,2021,1364966,REGION BIO BIO,8112,HUALPEN,CRISTOBAL COLON,POSTDAM,0,"CRISTOBAL COLON & POSTDAM, HUALPEN",CHILE,GEOMETRIC_CENTER,39879,2021,1364966,1,2021/07/20 00:00:00+00,1899/12/30 00:00:00+00,8,REGION BIO BIO,8112,HUALPEN,50,CHOQUE,40,CHOQUE,1,URBANA,1,TRAMO DE VIA RECTA,4,ALCOHOL EN CONDUCTOR,24,CONDUCCION EN ESTADO DE EBRIEDAD,0,CRISTOBAL COLON,0,POSTDAM,CRISTOBAL COLON - POSTDAM,0, , , , ,2,2,3,BIDIRECCIONAL CON BANDEJON,1,CONCRETO,1,BUENO,1,SECO,5,NEBLINA,0,0,0,0,1
-8135059.19267837,-4411419.36414728,1522,13581,1348291,-73.0784801,-36.8011038,175,HUALPEN,1,17493,2021,1348291,REGION BIO BIO,8112,HUALPEN,ARTEAGA ALEMPARTE, ,8983,"ARTEAGA ALEMPARTE 8983, HUALPEN",CHILE,RANGE_INTERPOLATED,24100,2021,1348291,1,2021/05/10 00:00:00+00,1899/12/30 00:00:00+00,8,REGION BIO BIO,8112,HUALPEN,30,COLISION,30,COLISION,1,URBANA,1,TRAMO DE VIA RECTA,1,IMPRUDENCIA DEL CONDUCTOR,27,CONDUCCION NO ATENTO CONDICIONES TRANSITO MOMENTO,0,ARTEAGA ALEMPARTE,0, ,- ARTEAGA ALEMPARTE,8983, , , , ,1,1,2,BIDIRECCIONAL,1,CONCRETO,1,BUENO,1,SECO,1,DESPEJADO,0,0,0,0,2
-8135059.19267837,-4411419.36414728,1523,13582,1361711,-73.0784801,-36.8011038,175,HUALPEN,1,25755,2021,1361711,REGION BIO BIO,8112,HUALPEN,ARTEAGA ALEMPARTE, ,8983,"ARTEAGA ALEMPARTE 8983, HUALPEN",CHILE,RANGE_INTERPOLATED,35550,2021,1361711,1,2021/07/02 00:00:00+00,1899/12/30 00:00:00+00,8,REGION BIO BIO,8112,HUALPEN,30,COLISION,30,COLISION,1,URBANA,1,TRAMO DE VIA RECTA,13,CAUSAS NO DETERMINADAS,97,CAUSAS NO DETERMINADAS,0,ARTEAGA ALEMPARTE,0, ,- ARTEAGA ALEMPARTE,8983, , , , ,1,1,2,BIDIRECCIONAL,1,CONCRETO,1,BUENO,1,SECO,1,DESPEJADO,0,0,0,0,1
-8137688.36980778,-4411413.10805692,1524,13583,1369569,-73.1020984,-36.8010588,175,HUALPEN,1,31815,2021,1369569,REGION BIO BIO,8112,HUALPEN,CATO,COELEMU,0,"CATO & COELEMU, HUALPEN",CHILE,GEOMETRIC_CENTER,43899,2021,1369569,1,2021/08/06 00:00:00+00,1899/12/30 00:00:00+00,8,REGION BIO BIO,8112,HUALPEN,30,COLISION,30,COLISION,1,URBANA,11,CRUCE CON SEMAFORO FUNCIONANDO,1,IMPRUDENCIA DEL CONDUCTOR,32,NO RESPETAR DERECHO PREFERENTE DE PASO A VEHICULO,0,CATO,0,COELEMU,CATO - COELEMU,0, , , , ,1,1,2,BIDIRECCIONAL,1,CONCRETO,1,BUENO,1,SECO,1,DESPEJADO,0,0,0,0,2
-8138107.47655866,-4411401.98612758,1525,13584,1374184,-73.1058633,-36.8009788,175,HUALPEN,1,35295,2021,1374184,REGION BIO BIO,8112,HUALPEN,LA RECONQUISTA,GRAN BRETA??ªA,0,"LA RECONQUISTA & GRAN BRETA??ªA, HUALPEN",CHILE,GEOMETRIC_CENTER,48621,2021,1374184,1,2021/08/26 00:00:00+00,1899/12/30 00:00:00+00,8,REGION BIO BIO,8112,HUALPEN,30,COLISION,30,COLISION,1,URBANA,1,TRAMO DE VIA RECTA,1,IMPRUDENCIA DEL CONDUCTOR,28,CONDUCCION SIN MANTENER DISTANCIA RAZONABLE NI PRUDENTE,0,LA RECONQUISTA,0,GRAN BRETAÑA,GRAN BRETAÑA - LA RECONQUISTA,0, , , , ,1,1,2,BIDIRECCIONAL,1,CONCRETO,1,BUENO,2,HUMEDO,3,LLUVIA,0,0,0,0,2
-8135369.91877303,-4411391.53152459,1526,13585,1346100,-73.0812714,-36.8009036,175,HUALPEN,1,15867,2021,1346100,REGION BIO BIO,8112,HUALPEN,LONQUIMAY,MALLECO,0,"LONQUIMAY & MALLECO, HUALPEN",CHILE,GEOMETRIC_CENTER,21853,2021,1346100,1,2021/04/29 00:00:00+00,1899/12/30 00:00:00+00,8,REGION BIO BIO,8112,HUALPEN,10,ATROPELLO,10,ATROPELLO,1,URBANA,16,CRUCE SIN SEÑALIZACION,14,OTRAS CAUSAS,98,OTRAS CAUSAS,0,LONQUIMAY,0,MALLECO,LONQUIMAY - MALLECO,0, , , , ,1,1,2,BIDIRECCIONAL,1,CONCRETO,1,BUENO,1,SECO,1,DESPEJADO,0,1,0,0,0
-8138101.14247964,-4411374.00062426,1527,13586,1406232,-73.1058064,-36.8007775,175,HUALPEN,0,57607,2021,1406232,REGION BIO BIO,8110,TALCAHUANO,COSTANERA,GRAN BRETANA,0,"COSTANERA & GRAN BRETANA, TALCAHUANO",CHILE,GEOMETRIC_CENTER,78218,2021,1406232,1,2021/12/21 00:00:00+00,1899/12/30 00:00:00+00,8,REGION BIO BIO,8110,TALCAHUANO,63,CHOQUE FRENTE/POSTERIOR,40,CHOQUE,1,URBANA,11,CRUCE CON SEMAFORO FUNCIONANDO,1,IMPRUDENCIA DEL CONDUCTOR,27,CONDUCCION NO ATENTO CONDICIONES TRANSITO MOMENTO,0,COSTANERA,0,GRAN BRETANA,COSTANERA - GRAN BRETANA,0, , , , ,2,2,3,BIDIRECCIONAL CON BANDEJON,1,CONCRETO,1,BUENO,1,SECO,1,DESPEJADO,0,0,0,1,1
-8138124.12995449,-4411359.08339398,1528,13587,1393220,-73.1060129,-36.8006702,175,HUALPEN,1,48551,2021,1393220,REGION BIO BIO,8112,HUALPEN,GRAN BRETA??ªA,LA RECONQUISTA,0,"GRAN BRETA??ªA & LA RECONQUISTA, HUALPEN",CHILE,GEOMETRIC_CENTER,66193,2021,1393220,1,2021/11/05 00:00:00+00,1899/12/30 00:00:00+00,8,REGION BIO BIO,8112,HUALPEN,30,COLISION,30,COLISION,1,URBANA,14,CRUCE CON SEÑAL PARE,1,IMPRUDENCIA DEL CONDUCTOR,27,CONDUCCION NO ATENTO CONDICIONES TRANSITO MOMENTO,0,GRAN BRETAÑA,0,LA RECONQUISTA,GRAN BRETAÑA - LA RECONQUISTA,0, , , , ,1,1,3,BIDIRECCIONAL CON BANDEJON,1,CONCRETO,1,BUENO,1,SECO,1,DESPEJADO,0,0,0,0,2
-8135753.82630092,-4411338.71647306,1529,13588,1329951,-73.0847201,-36.8005237,175,HUALPEN,1,4626,2021,1329951,REGION BIO BIO,8112,HUALPEN,NUEVA IMPERIAL,CRISTOBAL COLON,0,"NUEVA IMPERIAL & CRISTOBAL COLON, HUALPEN",CHILE,GEOMETRIC_CENTER,6488,2021,1329951,1,2021/02/03 00:00:00+00,1899/12/30 00:00:00+00,8,REGION BIO BIO,8112,HUALPEN,30,COLISION,30,COLISION,1,URBANA,11,CRUCE CON SEMAFORO FUNCIONANDO,1,IMPRUDENCIA DEL CONDUCTOR,28,CONDUCCION SIN MANTENER DISTANCIA RAZONABLE NI PRUDENTE,0,NUEVA IMPERIAL,0,CRISTOBAL COLON,CRISTOBAL COLON - NUEVA IMPERIAL,0, , , , ,1,1,2,BIDIRECCIONAL,1,CONCRETO,1,BUENO,1,SECO,1,DESPEJADO,0,0,0,2,0
-8135753.82630092,-4411338.71647306,1530,13589,1349187,-73.0847201,-36.8005237,175,HUALPEN,1,18126,2021,1349187,REGION BIO BIO,8112,HUALPEN,CRISTOBAL COLON,NUEVA IMPERIAL,0,"CRISTOBAL COLON & NUEVA IMPERIAL, HUALPEN",CHILE,GEOMETRIC_CENTER,24921,2021,1349187,1,2021/05/14 00:00:00+00,1899/12/30 00:00:00+00,8,REGION BIO BIO,8112,HUALPEN,50,CHOQUE,40,CHOQUE,1,URBANA,11,CRUCE CON SEMAFORO FUNCIONANDO,7,VELOCIDAD IMPRUDENTE,71,VELOCIDAD MAYOR QUE MAXIMA PERMITIDA,0,CRISTOBAL COLON,0,NUEVA IMPERIAL,CRISTOBAL COLON - NUEVA IMPERIAL,0, , , , ,2,2,3,BIDIRECCIONAL CON BANDEJON,1,CONCRETO,1,BUENO,1,SECO,1,DESPEJADO,0,0,0,0,1
-8135753.82630092,-4411338.71647306,1531,13590,1368420,-73.0847201,-36.8005237,175,HUALPEN,1,30907,2021,1368420,REGION BIO BIO,8112,HUALPEN,NUEVA IMPERIAL,CRISTOBAL COLON,0,"NUEVA IMPERIAL & CRISTOBAL COLON, HUALPEN",CHILE,GEOMETRIC_CENTER,42745,2021,1368420,1,2021/08/01 00:00:00+00,1899/12/30 00:00:00+00,8,REGION BIO BIO,8112,HUALPEN,63,CHOQUE FRENTE/POSTERIOR,40,CHOQUE,1,URBANA,11,CRUCE CON SEMAFORO FUNCIONANDO,4,ALCOHOL EN CONDUCTOR,24,CONDUCCION EN ESTADO DE EBRIEDAD,0,NUEVA IMPERIAL,0,CRISTOBAL COLON,CRISTOBAL COLON - NUEVA IMPERIAL,0, , , , ,1,1,2,BIDIRECCIONAL,1,CONCRETO,1,BUENO,2,HUMEDO,1,DESPEJADO,0,0,0,3,1
-8135753.82630092,-4411338.71647306,1532,13591,1372464,-73.0847201,-36.8005237,175,HUALPEN,1,33825,2021,1372464,REGION BIO BIO,8112,HUALPEN,CRISTOBAL COLON,NUEVA IMPERIAL,0,"CRISTOBAL COLON & NUEVA IMPERIAL, HUALPEN",CHILE,GEOMETRIC_CENTER,46654,2021,1372464,1,2021/08/17 00:00:00+00,1899/12/30 00:00:00+00,8,REGION BIO BIO,8112,HUALPEN,10,ATROPELLO,10,ATROPELLO,1,URBANA,11,CRUCE CON SEMAFORO FUNCIONANDO,10,DESOBEDIENCIA A SEÑALIZACION,62,SEÑALIZACION DESOBEDECER LUZ ROJA DE SEMAFORO,0,CRISTOBAL COLON,0,NUEVA IMPERIAL,CRISTOBAL COLON - NUEVA IMPERIAL,0, , , , ,2,2,3,BIDIRECCIONAL CON BANDEJON,1,CONCRETO,1,BUENO,1,SECO,2,NUBLADO,0,0,0,1,1
-8135753.82630092,-4411338.71647306,1533,13592,1376509,-73.0847201,-36.8005237,175,HUALPEN,1,37041,2021,1376509,REGION BIO BIO,8112,HUALPEN,CRISTOBAL COLON,NUEVA IMPERIAL,0,"CRISTOBAL COLON & NUEVA IMPERIAL, HUALPEN",CHILE,GEOMETRIC_CENTER,50947,2021,1376509,1,2021/09/04 00:00:00+00,1899/12/30 00:00:00+00,8,REGION BIO BIO,8112,HUALPEN,63,CHOQUE FRENTE/POSTERIOR,40,CHOQUE,1,URBANA,11,CRUCE CON SEMAFORO FUNCIONANDO,4,ALCOHOL EN CONDUCTOR,24,CONDUCCION EN ESTADO DE EBRIEDAD,0,CRISTOBAL COLON,0,NUEVA IMPERIAL,CRISTOBAL COLON - NUEVA IMPERIAL,0, , , , ,2,2,3,BIDIRECCIONAL CON BANDEJON,1,CONCRETO,1,BUENO,2,HUMEDO,1,DESPEJADO,0,0,0,0,2
-8137612.86179717,-4411292.6720828,1534,13593,1340688,-73.1014201,-36.8001925,175,HUALPEN,1,12153,2021,1340688,REGION BIO BIO,8112,HUALPEN,CATO, ,4562,"CATO 4562, HUALPEN",CHILE,RANGE_INTERPOLATED,16815,2021,1340688,1,2021/03/29 00:00:00+00,1899/12/30 00:00:00+00,8,REGION BIO BIO,8112,HUALPEN,51,CHOQUE FRONTAL,40,CHOQUE,1,URBANA,1,TRAMO DE VIA RECTA,14,OTRAS CAUSAS,98,OTRAS CAUSAS,0,CATO,0, ,- CATO,4562, , , , ,1,1,2,BIDIRECCIONAL,1,CONCRETO,1,BUENO,1,SECO,1,DESPEJADO,0,0,0,0,1
-8138135.09492433,-4411281.41125679,1535,13594,1402834,-73.1061114,-36.8001115,175,HUALPEN,1,55307,2021,1402834,REGION BIO BIO,8112,HUALPEN,GRAN BRETA??ªA,ATENAS,0,"GRAN BRETA??ªA & ATENAS, HUALPEN",CHILE,GEOMETRIC_CENTER,75146,2021,1402834,1,2021/12/10 00:00:00+00,1899/12/30 00:00:00+00,8,REGION BIO BIO,8112,HUALPEN,50,CHOQUE,40,CHOQUE,1,URBANA,15,CRUCE CON SEÑAL CEDA EL PASO,1,IMPRUDENCIA DEL CONDUCTOR,93,CONDUCIR VEHICULO EN RETROCESO,0,GRAN BRETAÑA,0,ATENAS,ATENAS - GRAN BRETAÑA,0, , , , ,1,1,2,BIDIRECCIONAL,1,CONCRETO,1,BUENO,1,SECO,1,DESPEJADO,0,0,0,0,2
-8137813.64876272,-4411280.6049265,1536,13595,1364755,-73.1032238,-36.8001057,175,HUALPEN,1,28417,2021,1364755,REGION BIO BIO,8112,HUALPEN,LA RECONQUISTA,CHIPRE,0,"LA RECONQUISTA & CHIPRE, HUALPEN",CHILE,GEOMETRIC_CENTER,39259,2021,1364755,1,2021/07/18 00:00:00+00,1899/12/30 00:00:00+00,8,REGION BIO BIO,8112,HUALPEN,50,CHOQUE,40,CHOQUE,1,URBANA,1,TRAMO DE VIA RECTA,9,PERDIDA CONTROL VEHICULO,95,PERDIDA CONTROL VEHICULO,0,LA RECONQUISTA,0,CHIPRE,CHIPRE - LA RECONQUISTA,0, , , , ,1,1,2,BIDIRECCIONAL,1,CONCRETO,1,BUENO,1,SECO,1,DESPEJADO,0,0,0,0,1
-8138946.94797069,-4411260.78034225,1537,13596,1374545,-73.1134044,-36.7999631,175,HUALPEN,1,35473,2021,1374545,REGION BIO BIO,8112,HUALPEN,COSTANERA, ,9200,"COSTANERA 9200, HUALPEN",CHILE,RANGE_INTERPOLATED,48846,2021,1374545,1,2021/08/27 00:00:00+00,1899/12/30 00:00:00+00,8,REGION BIO BIO,8112,HUALPEN,50,CHOQUE,40,CHOQUE,1,URBANA,1,TRAMO DE VIA RECTA,1,IMPRUDENCIA DEL CONDUCTOR,29,CONDUCCION CAMBIAR SORPRESIVAMENTE PISTA CIRCULACION,0,COSTANERA,0, ,- COSTANERA,9200, , , , ,2,2,3,BIDIRECCIONAL CON BANDEJON,1,CONCRETO,1,BUENO,2,HUMEDO,1,DESPEJADO,0,0,1,0,0