X,Y,FID,FID_1,LABELID,POINT_X,POINT_Y,FID_2,COMUNAREAL,VAL_COM,OBJECTID,A_O,IDACCIDENT,REGION,COD_COMUN,COMUNA,CALLE_UNO,CALLE_DOS,NUMERO,DIR_GEOCOD,PAIS,TIPO,OBJECTID_1,Año,Idaccide_1,Claseaccid,Fecha,Hora,Cód_Regi,Región,Cód_Comun,Comuna_1,Cód_Tipo_,Tipo_Accid,Cód_Tipo1,Tipo__CONA,Cód_Zona,Zona,Cód_Ubica,Ubicación,Cód_Causa,Causa__CON,Cód_Cau_1,Causa,Cód_Calle,Calle_Un_1,Cód_Cal_1,Calle_Do_1,Intersecci,Número,Ruta,Cód_Ruta,Ubicaci_1,Km_Vía_Fe,Pistas_de_,Pistas_de1,Cód_Calza,Calzada,Cód__Tipo,Tipo_Calza,Cód_Estad,Estado_Cal,Cód_Condi,Condición,Cód_Est_1,Estado_Atm,Fallecidos,Graves,Menos_Grav,Leves,Ilesos
-8135806.40249643,-4411244.41744183,1538,13597,1390087,-73.0851924,-36.7998454,175,HUALPEN,1,45988,2021,1390087,REGION BIO BIO,8112,HUALPEN,CRISTOBAL COLON, ,8955,"CRISTOBAL COLON 8955, HUALPEN",CHILE,RANGE_INTERPOLATED,62817,2021,1390087,1,2021/10/23 00:00:00+00,1899/12/30 00:00:00+00,8,REGION BIO BIO,8112,HUALPEN,30,COLISION,30,COLISION,1,URBANA,1,TRAMO DE VIA RECTA,1,IMPRUDENCIA DEL CONDUCTOR,27,CONDUCCION NO ATENTO CONDICIONES TRANSITO MOMENTO,0,CRISTOBAL COLON,0, ,- CRISTOBAL COLON,8955, , , , ,1,1,2,BIDIRECCIONAL,1,CONCRETO,1,BUENO,1,SECO,1,DESPEJADO,0,0,0,0,2
-8135209.91926891,-4411222.5354036,1539,13598,1389035,-73.0798341,-36.799688,175,HUALPEN,1,45505,2021,1389035,REGION BIO BIO,8112,HUALPEN,ARTEAGA ALEMPARTE, ,8753,"ARTEAGA ALEMPARTE 8753, HUALPEN",CHILE,RANGE_INTERPOLATED,62201,2021,1389035,1,2021/10/20 00:00:00+00,1899/12/30 00:00:00+00,8,REGION BIO BIO,8112,HUALPEN,30,COLISION,30,COLISION,1,URBANA,1,TRAMO DE VIA RECTA,1,IMPRUDENCIA DEL CONDUCTOR,32,NO RESPETAR DERECHO PREFERENTE DE PASO A VEHICULO,0,ARTEAGA ALEMPARTE,0, ,- ARTEAGA ALEMPARTE,8753, , , , ,1,1,2,BIDIRECCIONAL,1,CONCRETO,1,BUENO,1,SECO,1,DESPEJADO,0,1,0,0,1
-8136949.62027103,-4411201.44583242,1540,13599,1359396,-73.0954621,-36.7995363,175,HUALPEN,1,24560,2021,1359396,REGION BIO BIO,8112,HUALPEN,POSTDAM, ,550,"POSTDAM 550, HUALPEN",CHILE,RANGE_INTERPOLATED,33857,2021,1359396,1,2021/06/24 00:00:00+00,1899/12/30 00:00:00+00,8,REGION BIO BIO,8112,HUALPEN,30,COLISION,30,COLISION,1,URBANA,1,TRAMO DE VIA RECTA,1,IMPRUDENCIA DEL CONDUCTOR,23,CONDUCCION CONTRA SENTIDO DEL TRANSITO,0,POSTDAM,0, ,- POSTDAM,550, , , , ,1,1,2,BIDIRECCIONAL,1,CONCRETO,1,BUENO,3,MOJADO,3,LLUVIA,0,0,0,0,1
-8137710.55578229,-4411189.97657098,1541,13600,1390079,-73.1022977,-36.7994538,175,HUALPEN,1,45874,2021,1390079,REGION BIO BIO,8112,HUALPEN,LA RECONQUISTA,JEREZ,0,"LA RECONQUISTA & JEREZ, HUALPEN",CHILE,GEOMETRIC_CENTER,62666,2021,1390079,1,2021/10/22 00:00:00+00,1899/12/30 00:00:00+00,8,REGION BIO BIO,8112,HUALPEN,30,COLISION,30,COLISION,1,URBANA,16,CRUCE SIN SEÑALIZACION,1,IMPRUDENCIA DEL CONDUCTOR,27,CONDUCCION NO ATENTO CONDICIONES TRANSITO MOMENTO,0,LA RECONQUISTA,0,JEREZ,JEREZ - LA RECONQUISTA,0, , , , ,1,1,2,BIDIRECCIONAL,1,CONCRETO,1,BUENO,1,SECO,1,DESPEJADO,0,0,0,0,2
-8137090.61753807,-4411148.54831133,1542,13601,1327389,-73.0967287,-36.7991558,175,HUALPEN,1,2949,2021,1327389,REGION BIO BIO,8112,HUALPEN,POSTDAM,PILPILCO,0,"POSTDAM & PILPILCO, HUALPEN",CHILE,GEOMETRIC_CENTER,4051,2021,1327389,1,2021/01/21 00:00:00+00,1899/12/30 00:00:00+00,8,REGION BIO BIO,8112,HUALPEN,30,COLISION,30,COLISION,1,URBANA,11,CRUCE CON SEMAFORO FUNCIONANDO,1,IMPRUDENCIA DEL CONDUCTOR,91,VIRAJES INDEBIDOS,0,POSTDAM,0,PILPILCO,PILPILCO - POSTDAM,0, , , , ,1,1,2,BIDIRECCIONAL,1,CONCRETO,1,BUENO,1,SECO,2,NUBLADO,0,0,0,0,2
-8138677.1317889,-4411137.03740068,1543,13602,1327308,-73.1109806,-36.799073,175,HUALPEN,1,2170,2021,1327308,REGION BIO BIO,8112,HUALPEN,COSTANERA,GRAN BRETA??ªA,0,"COSTANERA & GRAN BRETA??ªA, HUALPEN",CHILE,GEOMETRIC_CENTER,2976,2021,1327308,1,2021/01/15 00:00:00+00,1899/12/30 00:00:00+00,8,REGION BIO BIO,8112,HUALPEN,30,COLISION,30,COLISION,1,URBANA,1,TRAMO DE VIA RECTA,13,CAUSAS NO DETERMINADAS,97,CAUSAS NO DETERMINADAS,0,COSTANERA,0,GRAN BRETAÑA,COSTANERA - GRAN BRETAÑA,0, , , , ,2,2,3,BIDIRECCIONAL CON BANDEJON,1,CONCRETO,1,BUENO,1,SECO,1,DESPEJADO,0,0,1,0,2
-8138677.1317889,-4411137.03740068,1544,13603,1328871,-73.1109806,-36.799073,175,HUALPEN,1,4156,2021,1328871,REGION BIO BIO,8112,HUALPEN,COSTANERA,GRAN BRETA??ªA,0,"COSTANERA & GRAN BRETA??ªA, HUALPEN",CHILE,GEOMETRIC_CENTER,5827,2021,1328871,1,2021/01/30 00:00:00+00,1899/12/30 00:00:00+00,8,REGION BIO BIO,8112,HUALPEN,50,CHOQUE,40,CHOQUE,1,URBANA,24,ROTONDA,9,PERDIDA CONTROL VEHICULO,95,PERDIDA CONTROL VEHICULO,0,COSTANERA,0,GRAN BRETAÑA,COSTANERA - GRAN BRETAÑA,0, , , , ,2,2,3,BIDIRECCIONAL CON BANDEJON,1,CONCRETO,1,BUENO,3,MOJADO,2,NUBLADO,0,0,0,0,1
-8138677.1317889,-4411137.03740068,1545,13604,1331285,-73.1109806,-36.799073,175,HUALPEN,1,5645,2021,1331285,REGION BIO BIO,8112,HUALPEN,COSTANERA,GRAN BRETA??ªA,0,"COSTANERA & GRAN BRETA??ªA, HUALPEN",CHILE,GEOMETRIC_CENTER,7871,2021,1331285,1,2021/02/11 00:00:00+00,1899/12/30 00:00:00+00,8,REGION BIO BIO,8112,HUALPEN,50,CHOQUE,40,CHOQUE,1,URBANA,24,ROTONDA,4,ALCOHOL EN CONDUCTOR,24,CONDUCCION EN ESTADO DE EBRIEDAD,0,COSTANERA,0,GRAN BRETAÑA,COSTANERA - GRAN BRETAÑA,0, , , , ,2,2,3,BIDIRECCIONAL CON BANDEJON,1,CONCRETO,1,BUENO,2,HUMEDO,1,DESPEJADO,0,0,0,0,2
-8138677.1317889,-4411137.03740068,1546,13605,1331638,-73.1109806,-36.799073,175,HUALPEN,1,6033,2021,1331638,REGION BIO BIO,8112,HUALPEN,COSTANERA,GRAN BRETA??ªA,0,"COSTANERA & GRAN BRETA??ªA, HUALPEN",CHILE,GEOMETRIC_CENTER,8418,2021,1331638,1,2021/02/13 00:00:00+00,1899/12/30 00:00:00+00,8,REGION BIO BIO,8112,HUALPEN,30,COLISION,30,COLISION,1,URBANA,24,ROTONDA,1,IMPRUDENCIA DEL CONDUCTOR,28,CONDUCCION SIN MANTENER DISTANCIA RAZONABLE NI PRUDENTE,0,COSTANERA,0,GRAN BRETAÑA,COSTANERA - GRAN BRETAÑA,0, , , , ,2,2,3,BIDIRECCIONAL CON BANDEJON,1,CONCRETO,1,BUENO,1,SECO,1,DESPEJADO,0,0,0,0,2
-8138677.1317889,-4411137.03740068,1547,13606,1332667,-73.1109806,-36.799073,175,HUALPEN,1,6567,2021,1332667,REGION BIO BIO,8112,HUALPEN,COSTANERA,GRAN BRETA??ªA,0,"COSTANERA & GRAN BRETA??ªA, HUALPEN",CHILE,GEOMETRIC_CENTER,9192,2021,1332667,1,2021/02/18 00:00:00+00,1899/12/30 00:00:00+00,8,REGION BIO BIO,8112,HUALPEN,50,CHOQUE,40,CHOQUE,1,URBANA,24,ROTONDA,9,PERDIDA CONTROL VEHICULO,95,PERDIDA CONTROL VEHICULO,0,COSTANERA,0,GRAN BRETAÑA,COSTANERA - GRAN BRETAÑA,0, , , , ,2,2,2,BIDIRECCIONAL,1,CONCRETO,1,BUENO,1,SECO,1,DESPEJADO,0,0,0,0,1
-8138677.1317889,-4411137.03740068,1548,13607,1334159,-73.1109806,-36.799073,175,HUALPEN,1,7482,2021,1334159,REGION BIO BIO,8112,HUALPEN,COSTANERA,JORGE ALESSANDRI,0,"COSTANERA & JORGE ALESSANDRI, HUALPEN",CHILE,GEOMETRIC_CENTER,10518,2021,1334159,1,2021/02/24 00:00:00+00,1899/12/30 00:00:00+00,8,REGION BIO BIO,8112,HUALPEN,30,COLISION,30,COLISION,1,URBANA,22,ENLACE A DESNIVEL,1,IMPRUDENCIA DEL CONDUCTOR,29,CONDUCCION CAMBIAR SORPRESIVAMENTE PISTA CIRCULACION,0,COSTANERA,0,JORGE ALESSANDRI,COSTANERA - JORGE ALESSANDRI,0, , , , ,2,2,3,BIDIRECCIONAL CON BANDEJON,1,CONCRETO,1,BUENO,1,SECO,1,DESPEJADO,0,0,0,2,2
-8138677.1317889,-4411137.03740068,1549,13608,1337614,-73.1109806,-36.799073,175,HUALPEN,1,9933,2021,1337614,REGION BIO BIO,8112,HUALPEN,COSTANERA,GRAN BRETA??ªA,0,"COSTANERA & GRAN BRETA??ªA, HUALPEN",CHILE,GEOMETRIC_CENTER,13826,2021,1337614,1,2021/03/12 00:00:00+00,1899/12/30 00:00:00+00,8,REGION BIO BIO,8112,HUALPEN,63,CHOQUE FRENTE/POSTERIOR,40,CHOQUE,1,URBANA,24,ROTONDA,1,IMPRUDENCIA DEL CONDUCTOR,27,CONDUCCION NO ATENTO CONDICIONES TRANSITO MOMENTO,0,COSTANERA,0,GRAN BRETAÑA,COSTANERA - GRAN BRETAÑA,0, , , , ,2,2,3,BIDIRECCIONAL CON BANDEJON,1,CONCRETO,1,BUENO,1,SECO,1,DESPEJADO,0,0,0,0,2
-8138677.1317889,-4411137.03740068,1550,13609,1337621,-73.1109806,-36.799073,175,HUALPEN,1,10221,2021,1337621,REGION BIO BIO,8112,HUALPEN,COSTANERA,JORGE ALESSANDRI,0,"COSTANERA & JORGE ALESSANDRI, HUALPEN",CHILE,GEOMETRIC_CENTER,14216,2021,1337621,1,2021/03/14 00:00:00+00,1899/12/30 00:00:00+00,8,REGION BIO BIO,8112,HUALPEN,30,COLISION,30,COLISION,1,URBANA,22,ENLACE A DESNIVEL,10,DESOBEDIENCIA A SEÑALIZACION,64,SEÑALIZACION DESOBEDECER SEÑAL CEDA EL PASO,0,COSTANERA,0,JORGE ALESSANDRI,COSTANERA - JORGE ALESSANDRI,0, , , , ,2,2,3,BIDIRECCIONAL CON BANDEJON,1,CONCRETO,1,BUENO,1,SECO,1,DESPEJADO,0,1,0,0,1
-8138677.1317889,-4411137.03740068,1551,13610,1342779,-73.1109806,-36.799073,175,HUALPEN,1,13477,2021,1342779,REGION BIO BIO,8112,HUALPEN,COSTANERA,GRAN BRETA??ªA,0,"COSTANERA & GRAN BRETA??ªA, HUALPEN",CHILE,GEOMETRIC_CENTER,18615,2021,1342779,1,2021/04/10 00:00:00+00,1899/12/30 00:00:00+00,8,REGION BIO BIO,8112,HUALPEN,70,VOLCADURA,70,VOLCADURA,1,URBANA,24,ROTONDA,9,PERDIDA CONTROL VEHICULO,95,PERDIDA CONTROL VEHICULO,0,COSTANERA,0,GRAN BRETAÑA,COSTANERA - GRAN BRETAÑA,0, , , , ,2,2,3,BIDIRECCIONAL CON BANDEJON,1,CONCRETO,1,BUENO,1,SECO,1,DESPEJADO,0,0,0,1,0
-8138677.1317889,-4411137.03740068,1552,13611,1342767,-73.1109806,-36.799073,175,HUALPEN,1,13487,2021,1342767,REGION BIO BIO,8112,HUALPEN,COSTANERA,GRAN BRETA??ªA,0,"COSTANERA & GRAN BRETA??ªA, HUALPEN",CHILE,GEOMETRIC_CENTER,18631,2021,1342767,1,2021/04/10 00:00:00+00,1899/12/30 00:00:00+00,8,REGION BIO BIO,8112,HUALPEN,50,CHOQUE,40,CHOQUE,1,URBANA,1,TRAMO DE VIA RECTA,9,PERDIDA CONTROL VEHICULO,95,PERDIDA CONTROL VEHICULO,0,COSTANERA,0,GRAN BRETAÑA,COSTANERA - GRAN BRETAÑA,0, , , , ,2,2,3,BIDIRECCIONAL CON BANDEJON,1,CONCRETO,1,BUENO,1,SECO,1,DESPEJADO,0,0,0,0,1
-8138677.1317889,-4411137.03740068,1553,13612,1343234,-73.1109806,-36.799073,175,HUALPEN,1,13834,2021,1343234,REGION BIO BIO,8112,HUALPEN,COSTANERA,GRAN BRETA??ªA,0,"COSTANERA & GRAN BRETA??ªA, HUALPEN",CHILE,GEOMETRIC_CENTER,19126,2021,1343234,1,2021/04/13 00:00:00+00,1899/12/30 00:00:00+00,8,REGION BIO BIO,8112,HUALPEN,30,COLISION,30,COLISION,1,URBANA,24,ROTONDA,1,IMPRUDENCIA DEL CONDUCTOR,29,CONDUCCION CAMBIAR SORPRESIVAMENTE PISTA CIRCULACION,0,COSTANERA,0,GRAN BRETAÑA,COSTANERA - GRAN BRETAÑA,0, , , , ,2,2,3,BIDIRECCIONAL CON BANDEJON,1,CONCRETO,1,BUENO,1,SECO,1,DESPEJADO,0,0,0,0,2
-8138677.1317889,-4411137.03740068,1554,13613,1344089,-73.1109806,-36.799073,175,HUALPEN,1,14175,2021,1344089,REGION BIO BIO,8112,HUALPEN,COSTANERA,GRAN BRETA??ªA,0,"COSTANERA & GRAN BRETA??ªA, HUALPEN",CHILE,GEOMETRIC_CENTER,19565,2021,1344089,1,2021/04/16 00:00:00+00,1899/12/30 00:00:00+00,8,REGION BIO BIO,8112,HUALPEN,30,COLISION,30,COLISION,1,URBANA,24,ROTONDA,1,IMPRUDENCIA DEL CONDUCTOR,27,CONDUCCION NO ATENTO CONDICIONES TRANSITO MOMENTO,0,COSTANERA,0,GRAN BRETAÑA,COSTANERA - GRAN BRETAÑA,0, , , , ,2,2,3,BIDIRECCIONAL CON BANDEJON,1,CONCRETO,1,BUENO,1,SECO,1,DESPEJADO,0,0,0,1,1
-8138677.1317889,-4411137.03740068,1555,13614,1348288,-73.1109806,-36.799073,175,HUALPEN,1,17368,2021,1348288,REGION BIO BIO,8112,HUALPEN,COSTANERA,GRAN BRETA??ªA,0,"COSTANERA & GRAN BRETA??ªA, HUALPEN",CHILE,GEOMETRIC_CENTER,23936,2021,1348288,1,2021/05/10 00:00:00+00,1899/12/30 00:00:00+00,8,REGION BIO BIO,8112,HUALPEN,50,CHOQUE,40,CHOQUE,1,URBANA,24,ROTONDA,4,ALCOHOL EN CONDUCTOR,24,CONDUCCION EN ESTADO DE EBRIEDAD,0,COSTANERA,0,GRAN BRETAÑA,COSTANERA - GRAN BRETAÑA,0, , , , ,2,2,3,BIDIRECCIONAL CON BANDEJON,1,CONCRETO,1,BUENO,1,SECO,1,DESPEJADO,0,0,0,0,1
-8138677.1317889,-4411137.03740068,1556,13615,1351386,-73.1109806,-36.799073,175,HUALPEN,1,19690,2021,1351386,REGION BIO BIO,8112,HUALPEN,COSTANERA,GRAN BRETA??ªA,0,"COSTANERA & GRAN BRETA??ªA, HUALPEN",CHILE,GEOMETRIC_CENTER,27102,2021,1351386,1,2021/05/25 00:00:00+00,1899/12/30 00:00:00+00,8,REGION BIO BIO,8112,HUALPEN,30,COLISION,30,COLISION,1,URBANA,24,ROTONDA,1,IMPRUDENCIA DEL CONDUCTOR,29,CONDUCCION CAMBIAR SORPRESIVAMENTE PISTA CIRCULACION,0,COSTANERA,0,GRAN BRETAÑA,COSTANERA - GRAN BRETAÑA,0, , , , ,2,2,3,BIDIRECCIONAL CON BANDEJON,1,CONCRETO,1,BUENO,1,SECO,1,DESPEJADO,0,0,0,0,2
-8138677.1317889,-4411137.03740068,1557,13616,1359198,-73.1109806,-36.799073,175,HUALPEN,1,22982,2021,1359198,REGION BIO BIO,8112,HUALPEN,COSTANERA,JORGE ALESSANDRI,0,"COSTANERA & JORGE ALESSANDRI, HUALPEN",CHILE,GEOMETRIC_CENTER,31660,2021,1359198,1,2021/06/14 00:00:00+00,1899/12/30 00:00:00+00,8,REGION BIO BIO,8112,HUALPEN,63,CHOQUE FRENTE/POSTERIOR,40,CHOQUE,1,URBANA,21,ENLACE A NIVEL,13,CAUSAS NO DETERMINADAS,97,CAUSAS NO DETERMINADAS,0,COSTANERA,0,JORGE ALESSANDRI,COSTANERA - JORGE ALESSANDRI,0, , , , ,2,2,2,BIDIRECCIONAL,2,ASFALTO,2,REGULAR,1,SECO,1,DESPEJADO,0,0,0,1,0
-8138677.1317889,-4411137.03740068,1558,13617,1358251,-73.1109806,-36.799073,175,HUALPEN,1,23156,2021,1358251,REGION BIO BIO,8112,HUALPEN,COSTANERA,JORGE ALESSANDRI,0,"COSTANERA & JORGE ALESSANDRI, HUALPEN",CHILE,GEOMETRIC_CENTER,31908,2021,1358251,1,2021/06/15 00:00:00+00,1899/12/30 00:00:00+00,8,REGION BIO BIO,8112,HUALPEN,50,CHOQUE,40,CHOQUE,1,URBANA,21,ENLACE A NIVEL,1,IMPRUDENCIA DEL CONDUCTOR,28,CONDUCCION SIN MANTENER DISTANCIA RAZONABLE NI PRUDENTE,0,COSTANERA,0,JORGE ALESSANDRI,COSTANERA - JORGE ALESSANDRI,0, , , , ,2,2,2,BIDIRECCIONAL,1,CONCRETO,1,BUENO,1,SECO,1,DESPEJADO,0,0,0,1,1
-8138677.1317889,-4411137.03740068,1559,13618,1358256,-73.1109806,-36.799073,175,HUALPEN,1,23771,2021,1358256,REGION BIO BIO,8112,HUALPEN,COSTANERA,GRAN BRETA??ªA,0,"COSTANERA & GRAN BRETA??ªA, HUALPEN",CHILE,GEOMETRIC_CENTER,32757,2021,1358256,1,2021/06/19 00:00:00+00,1899/12/30 00:00:00+00,8,REGION BIO BIO,8112,HUALPEN,30,COLISION,30,COLISION,1,URBANA,24,ROTONDA,13,CAUSAS NO DETERMINADAS,97,CAUSAS NO DETERMINADAS,0,COSTANERA,0,GRAN BRETAÑA,COSTANERA - GRAN BRETAÑA,0, , , , ,2,2,2,BIDIRECCIONAL,1,CONCRETO,1,BUENO,1,SECO,1,DESPEJADO,0,0,0,0,2
-8138677.1317889,-4411137.03740068,1560,13619,1359493,-73.1109806,-36.799073,175,HUALPEN,1,24787,2021,1359493,REGION BIO BIO,8112,HUALPEN,COSTANERA,GRAN BRETA??ªA,0,"COSTANERA & GRAN BRETA??ªA, HUALPEN",CHILE,GEOMETRIC_CENTER,34174,2021,1359493,1,2021/06/26 00:00:00+00,1899/12/30 00:00:00+00,8,REGION BIO BIO,8112,HUALPEN,30,COLISION,30,COLISION,1,URBANA,24,ROTONDA,4,ALCOHOL EN CONDUCTOR,24,CONDUCCION EN ESTADO DE EBRIEDAD,0,COSTANERA,0,GRAN BRETAÑA,COSTANERA - GRAN BRETAÑA,0, , , , ,2,2,2,BIDIRECCIONAL,1,CONCRETO,1,BUENO,2,HUMEDO,2,NUBLADO,0,0,1,0,1
-8138677.1317889,-4411137.03740068,1561,13620,1370852,-73.1109806,-36.799073,175,HUALPEN,1,32725,2021,1370852,REGION BIO BIO,8112,HUALPEN,COSTANERA,JORGE ALESSANDRI,0,"COSTANERA & JORGE ALESSANDRI, HUALPEN",CHILE,GEOMETRIC_CENTER,45146,2021,1370852,1,2021/08/11 00:00:00+00,1899/12/30 00:00:00+00,8,REGION BIO BIO,8112,HUALPEN,50,CHOQUE,40,CHOQUE,1,URBANA,21,ENLACE A NIVEL,9,PERDIDA CONTROL VEHICULO,95,PERDIDA CONTROL VEHICULO,0,COSTANERA,0,JORGE ALESSANDRI,COSTANERA - JORGE ALESSANDRI,0, , , , ,2,2,2,BIDIRECCIONAL,1,CONCRETO,1,BUENO,1,SECO,1,DESPEJADO,0,0,0,2,0
-8138677.1317889,-4411137.03740068,1562,13621,1372471,-73.1109806,-36.799073,175,HUALPEN,1,33898,2021,1372471,REGION BIO BIO,8112,HUALPEN,COSTANERA,GRAN BRETA??ªA,0,"COSTANERA & GRAN BRETA??ªA, HUALPEN",CHILE,GEOMETRIC_CENTER,46749,2021,1372471,1,2021/08/18 00:00:00+00,1899/12/30 00:00:00+00,8,REGION BIO BIO,8112,HUALPEN,30,COLISION,30,COLISION,1,URBANA,24,ROTONDA,1,IMPRUDENCIA DEL CONDUCTOR,29,CONDUCCION CAMBIAR SORPRESIVAMENTE PISTA CIRCULACION,0,COSTANERA,0,GRAN BRETAÑA,COSTANERA - GRAN BRETAÑA,0, , , , ,2,2,3,BIDIRECCIONAL CON BANDEJON,1,CONCRETO,1,BUENO,2,HUMEDO,2,NUBLADO,0,0,0,0,2
-8138677.1317889,-4411137.03740068,1563,13622,1372582,-73.1109806,-36.799073,175,HUALPEN,1,34052,2021,1372582,REGION BIO BIO,8112,HUALPEN,COSTANERA,GRAN BRETA??ªA,0,"COSTANERA & GRAN BRETA??ªA, HUALPEN",CHILE,GEOMETRIC_CENTER,46943,2021,1372582,1,2021/08/18 00:00:00+00,1899/12/30 00:00:00+00,8,REGION BIO BIO,8112,HUALPEN,30,COLISION,30,COLISION,1,URBANA,24,ROTONDA,1,IMPRUDENCIA DEL CONDUCTOR,32,NO RESPETAR DERECHO PREFERENTE DE PASO A VEHICULO,0,COSTANERA,0,GRAN BRETAÑA,COSTANERA - GRAN BRETAÑA,0, , , , ,1,1,2,BIDIRECCIONAL,1,CONCRETO,1,BUENO,2,HUMEDO,2,NUBLADO,0,0,0,1,1
-8138677.1317889,-4411137.03740068,1564,13623,1373600,-73.1109806,-36.799073,175,HUALPEN,1,34777,2021,1373600,REGION BIO BIO,8112,HUALPEN,COSTANERA,GRAN BRETA??ªA,0,"COSTANERA & GRAN BRETA??ªA, HUALPEN",CHILE,GEOMETRIC_CENTER,47967,2021,1373600,1,2021/08/23 00:00:00+00,1899/12/30 00:00:00+00,8,REGION BIO BIO,8112,HUALPEN,30,COLISION,30,COLISION,1,URBANA,24,ROTONDA,1,IMPRUDENCIA DEL CONDUCTOR,29,CONDUCCION CAMBIAR SORPRESIVAMENTE PISTA CIRCULACION,0,COSTANERA,0,GRAN BRETAÑA,COSTANERA - GRAN BRETAÑA,0, , , , ,2,2,3,BIDIRECCIONAL CON BANDEJON,1,CONCRETO,1,BUENO,1,SECO,1,DESPEJADO,0,0,0,0,2
-8138677.1317889,-4411137.03740068,1565,13624,1378161,-73.1109806,-36.799073,175,HUALPEN,1,37804,2021,1378161,REGION BIO BIO,8112,HUALPEN,COSTANERA,GRAN BRETA??ªA,0,"COSTANERA & GRAN BRETA??ªA, HUALPEN",CHILE,GEOMETRIC_CENTER,51950,2021,1378161,1,2021/09/09 00:00:00+00,1899/12/30 00:00:00+00,8,REGION BIO BIO,8112,HUALPEN,70,VOLCADURA,70,VOLCADURA,1,URBANA,24,ROTONDA,7,VELOCIDAD IMPRUDENTE,71,VELOCIDAD MAYOR QUE MAXIMA PERMITIDA,0,COSTANERA,0,GRAN BRETAÑA,COSTANERA - GRAN BRETAÑA,0, , , , ,2,2,3,BIDIRECCIONAL CON BANDEJON,1,CONCRETO,1,BUENO,1,SECO,1,DESPEJADO,0,0,0,1,0
-8138677.1317889,-4411137.03740068,1566,13625,1379379,-73.1109806,-36.799073,175,HUALPEN,1,38108,2021,1379379,REGION BIO BIO,8112,HUALPEN,COSTANERA,GRAN BRETA??ªA,0,"COSTANERA & GRAN BRETA??ªA, HUALPEN",CHILE,GEOMETRIC_CENTER,52343,2021,1379379,1,2021/09/10 00:00:00+00,1899/12/30 00:00:00+00,8,REGION BIO BIO,8112,HUALPEN,30,COLISION,30,COLISION,1,URBANA,24,ROTONDA,1,IMPRUDENCIA DEL CONDUCTOR,27,CONDUCCION NO ATENTO CONDICIONES TRANSITO MOMENTO,0,COSTANERA,0,GRAN BRETAÑA,COSTANERA - GRAN BRETAÑA,0, , , , ,2,2,2,BIDIRECCIONAL,1,CONCRETO,1,BUENO,1,SECO,1,DESPEJADO,0,0,0,0,2
-8138677.1317889,-4411137.03740068,1567,13626,1379464,-73.1109806,-36.799073,175,HUALPEN,1,38521,2021,1379464,REGION BIO BIO,8112,HUALPEN,COSTANERA,GRAN BRETA??ªA,0,"COSTANERA & GRAN BRETA??ªA, HUALPEN",CHILE,GEOMETRIC_CENTER,52932,2021,1379464,1,2021/09/12 00:00:00+00,1899/12/30 00:00:00+00,8,REGION BIO BIO,8112,HUALPEN,30,COLISION,30,COLISION,1,URBANA,24,ROTONDA,1,IMPRUDENCIA DEL CONDUCTOR,29,CONDUCCION CAMBIAR SORPRESIVAMENTE PISTA CIRCULACION,0,COSTANERA,0,GRAN BRETAÑA,COSTANERA - GRAN BRETAÑA,0, , , , ,2,2,3,BIDIRECCIONAL CON BANDEJON,1,CONCRETO,1,BUENO,2,HUMEDO,2,NUBLADO,0,0,0,0,2
-8138677.1317889,-4411137.03740068,1568,13627,1379521,-73.1109806,-36.799073,175,HUALPEN,1,38853,2021,1379521,REGION BIO BIO,8112,HUALPEN,COSTANERA,GRAN BRETA??ªA,0,"COSTANERA & GRAN BRETA??ªA, HUALPEN",CHILE,GEOMETRIC_CENTER,53362,2021,1379521,1,2021/09/14 00:00:00+00,1899/12/30 00:00:00+00,8,REGION BIO BIO,8112,HUALPEN,50,CHOQUE,40,CHOQUE,1,URBANA,24,ROTONDA,9,PERDIDA CONTROL VEHICULO,95,PERDIDA CONTROL VEHICULO,0,COSTANERA,0,GRAN BRETAÑA,COSTANERA - GRAN BRETAÑA,0, , , , ,2,2,3,BIDIRECCIONAL CON BANDEJON,1,CONCRETO,1,BUENO,6,CON ACEITE,1,DESPEJADO,0,0,0,0,1
-8138677.1317889,-4411137.03740068,1569,13628,1381920,-73.1109806,-36.799073,175,HUALPEN,1,40756,2021,1381920,REGION BIO BIO,8112,HUALPEN,COSTANERA,GRAN BRETA??ªA,0,"COSTANERA & GRAN BRETA??ªA, HUALPEN",CHILE,GEOMETRIC_CENTER,55930,2021,1381920,1,2021/09/25 00:00:00+00,1899/12/30 00:00:00+00,8,REGION BIO BIO,8112,HUALPEN,30,COLISION,30,COLISION,1,URBANA,24,ROTONDA,10,DESOBEDIENCIA A SEÑALIZACION,64,SEÑALIZACION DESOBEDECER SEÑAL CEDA EL PASO,0,COSTANERA,0,GRAN BRETAÑA,COSTANERA - GRAN BRETAÑA,0, , , , ,2,2,3,BIDIRECCIONAL CON BANDEJON,1,CONCRETO,1,BUENO,1,SECO,1,DESPEJADO,0,0,0,0,2
-8138677.1317889,-4411137.03740068,1570,13629,1386221,-73.1109806,-36.799073,175,HUALPEN,1,43337,2021,1386221,REGION BIO BIO,8112,HUALPEN,COSTANERA,GRAN BRETA??ªA,0,"COSTANERA & GRAN BRETA??ªA, HUALPEN",CHILE,GEOMETRIC_CENTER,59268,2021,1386221,1,2021/10/08 00:00:00+00,1899/12/30 00:00:00+00,8,REGION BIO BIO,8112,HUALPEN,30,COLISION,30,COLISION,1,URBANA,24,ROTONDA,1,IMPRUDENCIA DEL CONDUCTOR,27,CONDUCCION NO ATENTO CONDICIONES TRANSITO MOMENTO,0,COSTANERA,0,GRAN BRETAÑA,COSTANERA - GRAN BRETAÑA,0, , , , ,2,2,2,BIDIRECCIONAL,1,CONCRETO,1,BUENO,1,SECO,1,DESPEJADO,0,0,0,0,2