X,Y,FID,FID_1,LABELID,POINT_X,POINT_Y,FID_2,COMUNAREAL,VAL_COM,OBJECTID,A_O,IDACCIDENT,REGION,COD_COMUN,COMUNA,CALLE_UNO,CALLE_DOS,NUMERO,DIR_GEOCOD,PAIS,TIPO,OBJECTID_1,Año,Idaccide_1,Claseaccid,Fecha,Hora,Cód_Regi,Región,Cód_Comun,Comuna_1,Cód_Tipo_,Tipo_Accid,Cód_Tipo1,Tipo__CONA,Cód_Zona,Zona,Cód_Ubica,Ubicación,Cód_Causa,Causa__CON,Cód_Cau_1,Causa,Cód_Calle,Calle_Un_1,Cód_Cal_1,Calle_Do_1,Intersecci,Número,Ruta,Cód_Ruta,Ubicaci_1,Km_Vía_Fe,Pistas_de_,Pistas_de1,Cód_Calza,Calzada,Cód__Tipo,Tipo_Calza,Cód_Estad,Estado_Cal,Cód_Condi,Condición,Cód_Est_1,Estado_Atm,Fallecidos,Graves,Menos_Grav,Leves,Ilesos
-8138677.1317889,-4411137.03740068,1571,13630,1386275,-73.1109806,-36.799073,175,HUALPEN,1,43391,2021,1386275,REGION BIO BIO,8112,HUALPEN,COSTANERA,GRAN BRETA??ªA,0,"COSTANERA & GRAN BRETA??ªA, HUALPEN",CHILE,GEOMETRIC_CENTER,59338,2021,1386275,1,2021/10/09 00:00:00+00,1899/12/30 00:00:00+00,8,REGION BIO BIO,8112,HUALPEN,30,COLISION,30,COLISION,1,URBANA,24,ROTONDA,4,ALCOHOL EN CONDUCTOR,24,CONDUCCION EN ESTADO DE EBRIEDAD,0,COSTANERA,0,GRAN BRETAÑA,COSTANERA - GRAN BRETAÑA,0, , , , ,2,2,2,BIDIRECCIONAL,1,CONCRETO,1,BUENO,1,SECO,1,DESPEJADO,0,1,0,2,1
-8138677.1317889,-4411137.03740068,1572,13631,1386269,-73.1109806,-36.799073,175,HUALPEN,1,43635,2021,1386269,REGION BIO BIO,8112,HUALPEN,COSTANERA,GRAN BRETA??ªA,0,"COSTANERA & GRAN BRETA??ªA, HUALPEN",CHILE,GEOMETRIC_CENTER,59689,2021,1386269,1,2021/10/10 00:00:00+00,1899/12/30 00:00:00+00,8,REGION BIO BIO,8112,HUALPEN,30,COLISION,30,COLISION,1,URBANA,24,ROTONDA,10,DESOBEDIENCIA A SEÑALIZACION,64,SEÑALIZACION DESOBEDECER SEÑAL CEDA EL PASO,0,COSTANERA,0,GRAN BRETAÑA,COSTANERA - GRAN BRETAÑA,0, , , , ,2,2,3,BIDIRECCIONAL CON BANDEJON,1,CONCRETO,1,BUENO,1,SECO,1,DESPEJADO,0,0,0,0,2
-8138677.1317889,-4411137.03740068,1573,13632,1394212,-73.1109806,-36.799073,175,HUALPEN,1,48998,2021,1394212,REGION BIO BIO,8112,HUALPEN,COSTANERA,GRAN BRETA??ªA,0,"COSTANERA & GRAN BRETA??ªA, HUALPEN",CHILE,GEOMETRIC_CENTER,66798,2021,1394212,1,2021/11/08 00:00:00+00,1899/12/30 00:00:00+00,8,REGION BIO BIO,8112,HUALPEN,63,CHOQUE FRENTE/POSTERIOR,40,CHOQUE,1,URBANA,24,ROTONDA,1,IMPRUDENCIA DEL CONDUCTOR,27,CONDUCCION NO ATENTO CONDICIONES TRANSITO MOMENTO,0,COSTANERA,0,GRAN BRETAÑA,COSTANERA - GRAN BRETAÑA,0, , , , ,2,2,2,BIDIRECCIONAL,1,CONCRETO,1,BUENO,1,SECO,1,DESPEJADO,0,0,0,1,2
-8138677.1317889,-4411137.03740068,1574,13633,1395766,-73.1109806,-36.799073,175,HUALPEN,1,50279,2021,1395766,REGION BIO BIO,8112,HUALPEN,COSTANERA,GRAN BRETA??ªA,0,"COSTANERA & GRAN BRETA??ªA, HUALPEN",CHILE,GEOMETRIC_CENTER,68488,2021,1395766,1,2021/11/14 00:00:00+00,1899/12/30 00:00:00+00,8,REGION BIO BIO,8112,HUALPEN,30,COLISION,30,COLISION,1,URBANA,24,ROTONDA,1,IMPRUDENCIA DEL CONDUCTOR,28,CONDUCCION SIN MANTENER DISTANCIA RAZONABLE NI PRUDENTE,0,COSTANERA,0,GRAN BRETAÑA,COSTANERA - GRAN BRETAÑA,0, , , , ,2,2,3,BIDIRECCIONAL CON BANDEJON,1,CONCRETO,1,BUENO,1,SECO,1,DESPEJADO,0,0,0,0,2
-8138677.1317889,-4411137.03740068,1575,13634,1398670,-73.1109806,-36.799073,175,HUALPEN,1,51140,2021,1398670,REGION BIO BIO,8112,HUALPEN,COSTANERA,GRAN BRETA??ªA,0,"COSTANERA & GRAN BRETA??ªA, HUALPEN",CHILE,GEOMETRIC_CENTER,69584,2021,1398670,1,2021/11/18 00:00:00+00,1899/12/30 00:00:00+00,8,REGION BIO BIO,8112,HUALPEN,30,COLISION,30,COLISION,1,URBANA,24,ROTONDA,1,IMPRUDENCIA DEL CONDUCTOR,29,CONDUCCION CAMBIAR SORPRESIVAMENTE PISTA CIRCULACION,0,COSTANERA,0,GRAN BRETAÑA,COSTANERA - GRAN BRETAÑA,0, , , , ,2,2,2,BIDIRECCIONAL,1,CONCRETO,1,BUENO,1,SECO,1,DESPEJADO,0,0,0,0,2
-8138677.1317889,-4411137.03740068,1576,13635,1397225,-73.1109806,-36.799073,175,HUALPEN,1,51842,2021,1397225,REGION BIO BIO,8112,HUALPEN,COSTANERA,GRAN BRETA??ªA,0,"COSTANERA & GRAN BRETA??ªA, HUALPEN",CHILE,GEOMETRIC_CENTER,70519,2021,1397225,1,2021/11/22 00:00:00+00,1899/12/30 00:00:00+00,8,REGION BIO BIO,8112,HUALPEN,70,VOLCADURA,70,VOLCADURA,1,URBANA,24,ROTONDA,4,ALCOHOL EN CONDUCTOR,24,CONDUCCION EN ESTADO DE EBRIEDAD,0,COSTANERA,0,GRAN BRETAÑA,COSTANERA - GRAN BRETAÑA,0, , , , ,2,2,2,BIDIRECCIONAL,1,CONCRETO,1,BUENO,1,SECO,1,DESPEJADO,0,0,0,0,1
-8137943.03540687,-4411125.74893518,1577,13636,1338661,-73.1043861,-36.7989918,175,HUALPEN,1,10775,2021,1338661,REGION BIO BIO,8112,HUALPEN,ATENAS,CHIPRE,0,"ATENAS & CHIPRE, HUALPEN",CHILE,GEOMETRIC_CENTER,14957,2021,1338661,1,2021/03/17 00:00:00+00,1899/12/30 00:00:00+00,8,REGION BIO BIO,8112,HUALPEN,30,COLISION,30,COLISION,1,URBANA,15,CRUCE CON SEÑAL CEDA EL PASO,1,IMPRUDENCIA DEL CONDUCTOR,93,CONDUCIR VEHICULO EN RETROCESO,0,ATENAS,0,CHIPRE,ATENAS - CHIPRE,0, , , , ,1,1,2,BIDIRECCIONAL,1,CONCRETO,1,BUENO,1,SECO,1,DESPEJADO,0,0,0,0,2
-8135848.83748632,-4411121.77295141,1578,13637,1356747,-73.0855736,-36.7989632,175,HUALPEN,1,22917,2021,1356747,REGION BIO BIO,8112,HUALPEN,CRISTOBAL COLON, ,8700,"CRISTOBAL COLON 8700, HUALPEN",CHILE,RANGE_INTERPOLATED,31580,2021,1356747,1,2021/06/14 00:00:00+00,1899/12/30 00:00:00+00,8,REGION BIO BIO,8112,HUALPEN,53,CHOQUE POSTERIOR,40,CHOQUE,1,URBANA,11,CRUCE CON SEMAFORO FUNCIONANDO,1,IMPRUDENCIA DEL CONDUCTOR,28,CONDUCCION SIN MANTENER DISTANCIA RAZONABLE NI PRUDENTE,0,CRISTOBAL COLON,0, ,- CRISTOBAL COLON,8700, , , , ,2,2,3,BIDIRECCIONAL CON BANDEJON,1,CONCRETO,1,BUENO,1,SECO,1,DESPEJADO,0,0,0,0,2
-8135843.43849101,-4411119.18717256,1579,13638,1405972,-73.0855251,-36.7989446,175,HUALPEN,1,57333,2021,1405972,REGION BIO BIO,8112,HUALPEN,CRISTOBAL COLON,MERCEDES BENZ,0,"CRISTOBAL COLON & MERCEDES BENZ, HUALPEN",CHILE,GEOMETRIC_CENTER,77857,2021,1405972,1,2021/12/20 00:00:00+00,1899/12/30 00:00:00+00,8,REGION BIO BIO,8112,HUALPEN,30,COLISION,30,COLISION,1,URBANA,11,CRUCE CON SEMAFORO FUNCIONANDO,10,DESOBEDIENCIA A SEÑALIZACION,62,SEÑALIZACION DESOBEDECER LUZ ROJA DE SEMAFORO,0,CRISTOBAL COLON,0,MERCEDES BENZ,CRISTOBAL COLON - MERCEDES BENZ,0, , , , ,2,2,3,BIDIRECCIONAL CON BANDEJON,1,CONCRETO,1,BUENO,1,SECO,1,DESPEJADO,0,0,0,0,2
-8135872.48174616,-4411118.39475658,1580,13639,1353520,-73.085786,-36.7989389,175,HUALPEN,1,20250,2021,1353520,REGION BIO BIO,8112,HUALPEN,CRISTOBAL COLON,LOS COPIHUES,0,"CRISTOBAL COLON & LOS COPIHUES, HUALPEN",CHILE,GEOMETRIC_CENTER,27896,2021,1353520,1,2021/05/28 00:00:00+00,1899/12/30 00:00:00+00,8,REGION BIO BIO,8112,HUALPEN,50,CHOQUE,40,CHOQUE,1,URBANA,11,CRUCE CON SEMAFORO FUNCIONANDO,10,DESOBEDIENCIA A SEÑALIZACION,62,SEÑALIZACION DESOBEDECER LUZ ROJA DE SEMAFORO,0,CRISTOBAL COLON,0,LOS COPIHUES,CRISTOBAL COLON - LOS COPIHUES,0, , , , ,2,2,2,BIDIRECCIONAL,1,CONCRETO,1,BUENO,3,MOJADO,4,LLOVIZNA,0,0,0,0,1
-8135872.48174616,-4411118.39475658,1581,13640,1366131,-73.085786,-36.7989389,175,HUALPEN,1,29809,2021,1366131,REGION BIO BIO,8112,HUALPEN,CRISTOBAL COLON,LOS COPIHUES,0,"CRISTOBAL COLON & LOS COPIHUES, HUALPEN",CHILE,GEOMETRIC_CENTER,41231,2021,1366131,1,2021/07/26 00:00:00+00,1899/12/30 00:00:00+00,8,REGION BIO BIO,8112,HUALPEN,30,COLISION,30,COLISION,1,URBANA,11,CRUCE CON SEMAFORO FUNCIONANDO,1,IMPRUDENCIA DEL CONDUCTOR,27,CONDUCCION NO ATENTO CONDICIONES TRANSITO MOMENTO,0,CRISTOBAL COLON,0,LOS COPIHUES,CRISTOBAL COLON - LOS COPIHUES,0, , , , ,2,2,3,BIDIRECCIONAL CON BANDEJON,1,CONCRETO,1,BUENO,1,SECO,2,NUBLADO,0,0,0,0,1
-8135267.96125141,-4411095.94299512,1582,13641,1389041,-73.0803555,-36.7987774,175,HUALPEN,1,45554,2021,1389041,REGION BIO BIO,8112,HUALPEN,ARTEAGA ALEMPARTE, ,8677,"ARTEAGA ALEMPARTE 8677, HUALPEN",CHILE,RANGE_INTERPOLATED,62264,2021,1389041,1,2021/10/21 00:00:00+00,1899/12/30 00:00:00+00,8,REGION BIO BIO,8112,HUALPEN,10,ATROPELLO,10,ATROPELLO,1,URBANA,1,TRAMO DE VIA RECTA,2,IMPRUDENCIA DEL PEATON,55,PEATON CRUZA CALZADA FUERA PASO PEATONES,0,ARTEAGA ALEMPARTE,0, ,- ARTEAGA ALEMPARTE,8677, , , , ,1,1,2,BIDIRECCIONAL,1,CONCRETO,1,BUENO,1,SECO,1,DESPEJADO,0,0,0,1,1
-8139056.44182183,-4411089.90952673,1583,13642,1381173,-73.114388,-36.798734,175,HUALPEN,1,40256,2021,1381173,REGION BIO BIO,8112,HUALPEN,COSTANERA,BREMEN,0,"COSTANERA & BREMEN, HUALPEN",CHILE,GEOMETRIC_CENTER,55277,2021,1381173,1,2021/09/22 00:00:00+00,1899/12/30 00:00:00+00,8,REGION BIO BIO,8112,HUALPEN,30,COLISION,30,COLISION,1,URBANA,24,ROTONDA,1,IMPRUDENCIA DEL CONDUCTOR,27,CONDUCCION NO ATENTO CONDICIONES TRANSITO MOMENTO,0,COSTANERA,0,BREMEN,BREMEN - COSTANERA,0, , , , ,2,2,3,BIDIRECCIONAL CON BANDEJON,1,CONCRETO,1,BUENO,1,SECO,1,DESPEJADO,0,0,0,0,2
-8139056.44182183,-4411089.90952673,1584,13643,1388157,-73.114388,-36.798734,175,HUALPEN,1,45325,2021,1388157,REGION BIO BIO,8112,HUALPEN,COSTANERA,CALLE DOS,0,"COSTANERA & CALLE DOS, HUALPEN",CHILE,GEOMETRIC_CENTER,61963,2021,1388157,1,2021/10/19 00:00:00+00,1899/12/30 00:00:00+00,8,REGION BIO BIO,8112,HUALPEN,30,COLISION,30,COLISION,1,URBANA,14,CRUCE CON SEÑAL PARE,1,IMPRUDENCIA DEL CONDUCTOR,28,CONDUCCION SIN MANTENER DISTANCIA RAZONABLE NI PRUDENTE,0,COSTANERA,0,CALLE DOS,CALLE DOS - COSTANERA,0, , , , ,2,2,3,BIDIRECCIONAL CON BANDEJON,1,CONCRETO,1,BUENO,1,SECO,1,DESPEJADO,0,0,0,2,0
-8139056.44182183,-4411089.90952673,1585,13644,1395727,-73.114388,-36.798734,175,HUALPEN,1,50135,2021,1395727,REGION BIO BIO,8112,HUALPEN,JORGE ALESSANDRI,COSTANERA,0,"JORGE ALESSANDRI & COSTANERA, HUALPEN",CHILE,GEOMETRIC_CENTER,68286,2021,1395727,1,2021/11/14 00:00:00+00,1899/12/30 00:00:00+00,8,REGION BIO BIO,8112,HUALPEN,30,COLISION,30,COLISION,1,URBANA,21,ENLACE A NIVEL,1,IMPRUDENCIA DEL CONDUCTOR,28,CONDUCCION SIN MANTENER DISTANCIA RAZONABLE NI PRUDENTE,0,JORGE ALESSANDRI,0,COSTANERA,COSTANERA - JORGE ALESSANDRI,0, , , , ,2,2,3,BIDIRECCIONAL CON BANDEJON,1,CONCRETO,1,BUENO,1,SECO,1,DESPEJADO,0,0,0,1,1
-8139056.44182183,-4411089.90952673,1586,13645,1398640,-73.114388,-36.798734,175,HUALPEN,1,50987,2021,1398640,REGION BIO BIO,8112,HUALPEN,JORGE ALESSANDRI,COSTANERA,0,"JORGE ALESSANDRI & COSTANERA, HUALPEN",CHILE,GEOMETRIC_CENTER,69394,2021,1398640,1,2021/11/18 00:00:00+00,1899/12/30 00:00:00+00,8,REGION BIO BIO,8112,HUALPEN,67,CHOQUE POSTERIOR/FRENTE,40,CHOQUE,1,URBANA,21,ENLACE A NIVEL,13,CAUSAS NO DETERMINADAS,97,CAUSAS NO DETERMINADAS,0,JORGE ALESSANDRI,0,COSTANERA,COSTANERA - JORGE ALESSANDRI,0, , , , ,2,0,1,UNIDIRECCIONAL,2,ASFALTO,1,BUENO,1,SECO,1,DESPEJADO,0,0,0,0,1
-8138779.81288721,-4411079.45523016,1587,13646,1344378,-73.111903,-36.7986588,175,HUALPEN,1,14605,2021,1344378,REGION BIO BIO,8112,HUALPEN,COSTANERA,ALBACETE,0,"COSTANERA & ALBACETE, HUALPEN",CHILE,GEOMETRIC_CENTER,20131,2021,1344378,1,2021/04/19 00:00:00+00,1899/12/30 00:00:00+00,8,REGION BIO BIO,8112,HUALPEN,51,CHOQUE FRONTAL,40,CHOQUE,1,URBANA,16,CRUCE SIN SEÑALIZACION,1,IMPRUDENCIA DEL CONDUCTOR,29,CONDUCCION CAMBIAR SORPRESIVAMENTE PISTA CIRCULACION,0,COSTANERA,0,ALBACETE,ALBACETE - COSTANERA,0, , , , ,2,2,3,BIDIRECCIONAL CON BANDEJON,1,CONCRETO,1,BUENO,2,HUMEDO,2,NUBLADO,0,1,0,0,0
-8138925.91971888,-4411020.0105155,1588,13647,1405913,-73.1132155,-36.7982312,175,HUALPEN,1,57380,2021,1405913,REGION BIO BIO,8112,HUALPEN,CATALUNA,ALBACETE,0,"CATALUNA & ALBACETE, HUALPEN",CHILE,GEOMETRIC_CENTER,77925,2021,1405913,1,2021/12/20 00:00:00+00,1899/12/30 00:00:00+00,8,REGION BIO BIO,8112,HUALPEN,30,COLISION,30,COLISION,1,URBANA,15,CRUCE CON SEÑAL CEDA EL PASO,10,DESOBEDIENCIA A SEÑALIZACION,64,SEÑALIZACION DESOBEDECER SEÑAL CEDA EL PASO,0,CATALUNA,0,ALBACETE,ALBACETE - CATALUNA,0, , , , ,1,1,2,BIDIRECCIONAL,1,CONCRETO,1,BUENO,1,SECO,1,DESPEJADO,0,0,0,1,1
-8138658.68614928,-4410986.85452205,1589,13648,1399812,-73.1108149,-36.7979927,175,HUALPEN,1,53422,2021,1399812,REGION BIO BIO,8112,HUALPEN,AVENIDA DOS,PASAJE NUEVE,0,"AVENIDA DOS & PASAJE NUEVE, HUALPEN",CHILE,GEOMETRIC_CENTER,72612,2021,1399812,1,2021/11/30 00:00:00+00,1899/12/30 00:00:00+00,8,REGION BIO BIO,8112,HUALPEN,30,COLISION,30,COLISION,1,URBANA,16,CRUCE SIN SEÑALIZACION,1,IMPRUDENCIA DEL CONDUCTOR,32,NO RESPETAR DERECHO PREFERENTE DE PASO A VEHICULO,0,AVENIDA DOS,0,PASAJE NUEVE,AVENIDA DOS - PASAJE NUEVE,0, , , , ,2,2,3,BIDIRECCIONAL CON BANDEJON,1,CONCRETO,1,BUENO,1,SECO,1,DESPEJADO,0,0,0,0,2
-8135568.42368901,-4410973.16119639,1590,13649,1384197,-73.0830546,-36.7978942,175,HUALPEN,1,41880,2021,1384197,REGION BIO BIO,8112,HUALPEN,MALLECO,NUEVA IMPERIAL,0,"MALLECO & NUEVA IMPERIAL, HUALPEN",CHILE,GEOMETRIC_CENTER,57375,2021,1384197,1,2021/10/01 00:00:00+00,1899/12/30 00:00:00+00,8,REGION BIO BIO,8112,HUALPEN,50,CHOQUE,40,CHOQUE,1,URBANA,14,CRUCE CON SEÑAL PARE,1,IMPRUDENCIA DEL CONDUCTOR,27,CONDUCCION NO ATENTO CONDICIONES TRANSITO MOMENTO,0,MALLECO,0,NUEVA IMPERIAL,MALLECO - NUEVA IMPERIAL,0, , , , ,1,1,2,BIDIRECCIONAL,1,CONCRETO,1,BUENO,1,SECO,1,DESPEJADO,0,0,0,0,2
-8135866.52615341,-4410970.65886467,1591,13650,1375635,-73.0857325,-36.7978762,175,HUALPEN,1,36151,2021,1375635,REGION BIO BIO,8112,HUALPEN,CRISTOBAL COLON,PASAJE CIENTO VEINTE,0,"CRISTOBAL COLON & PASAJE CIENTO VEINTE, HUALPEN",CHILE,GEOMETRIC_CENTER,49768,2021,1375635,1,2021/08/30 00:00:00+00,1899/12/30 00:00:00+00,8,REGION BIO BIO,8112,HUALPEN,10,ATROPELLO,10,ATROPELLO,1,URBANA,16,CRUCE SIN SEÑALIZACION,2,IMPRUDENCIA DEL PEATON,52,PEATON CRUZA CALZADA FORMA SORPRESIVA O DESCUIDADA,0,CRISTOBAL COLON,0,PASAJE CIENTO VEINTE,CRISTOBAL COLON - PASAJE CIENTO VEINTE,0, , , , ,2,2,2,BIDIRECCIONAL,1,CONCRETO,1,BUENO,1,SECO,1,DESPEJADO,0,0,0,1,1
-8135830.62561762,-4410969.36599351,1592,13651,1329940,-73.08541,-36.7978669,175,HUALPEN,1,4498,2021,1329940,REGION BIO BIO,8112,HUALPEN,CRISTOBAL COLON, ,8831,"CRISTOBAL COLON 8831, HUALPEN",CHILE,RANGE_INTERPOLATED,6320,2021,1329940,1,2021/02/02 00:00:00+00,1899/12/30 00:00:00+00,8,REGION BIO BIO,8112,HUALPEN,68,CHOQUE POSTERIOR/LADO,40,CHOQUE,1,URBANA,1,TRAMO DE VIA RECTA,1,IMPRUDENCIA DEL CONDUCTOR,93,CONDUCIR VEHICULO EN RETROCESO,0,CRISTOBAL COLON,0, ,- CRISTOBAL COLON,8831, , , , ,2,2,2,BIDIRECCIONAL,1,CONCRETO,1,BUENO,1,SECO,1,DESPEJADO,0,0,0,1,2
-8135830.62561762,-4410969.36599351,1593,13652,1401217,-73.08541,-36.7978669,175,HUALPEN,1,54241,2021,1401217,REGION BIO BIO,8112,HUALPEN,CRISTOBAL COLON, ,8831,"CRISTOBAL COLON 8831, HUALPEN",CHILE,RANGE_INTERPOLATED,73696,2021,1401217,1,2021/12/04 00:00:00+00,1899/12/30 00:00:00+00,8,REGION BIO BIO,8112,HUALPEN,20,CAIDA,20,CAIDA,1,URBANA,1,TRAMO DE VIA RECTA,6,ALCOHOL EN PASAJERO,44,EBRIEDAD DEL PASAJERO,0,CRISTOBAL COLON,0, ,- CRISTOBAL COLON,8831, , , , ,2,2,3,BIDIRECCIONAL CON BANDEJON,1,CONCRETO,1,BUENO,1,SECO,1,DESPEJADO,0,0,1,0,1
-8135830.62561762,-4410969.36599351,1594,13653,1405320,-73.08541,-36.7978669,175,HUALPEN,1,57280,2021,1405320,REGION BIO BIO,8112,HUALPEN,CRISTOBAL COLON, ,8831,"CRISTOBAL COLON 8831, HUALPEN",CHILE,RANGE_INTERPOLATED,77798,2021,1405320,1,2021/12/20 00:00:00+00,1899/12/30 00:00:00+00,8,REGION BIO BIO,8112,HUALPEN,30,COLISION,30,COLISION,1,URBANA,1,TRAMO DE VIA RECTA,1,IMPRUDENCIA DEL CONDUCTOR,29,CONDUCCION CAMBIAR SORPRESIVAMENTE PISTA CIRCULACION,0,CRISTOBAL COLON,0, ,- CRISTOBAL COLON,8831, , , , ,1,1,2,BIDIRECCIONAL,1,CONCRETO,1,BUENO,1,SECO,1,DESPEJADO,0,0,0,0,2
-8137549.78817369,-4410952.76721001,1595,13654,1343229,-73.1008535,-36.7977475,175,HUALPEN,1,13632,2021,1343229,REGION BIO BIO,8112,HUALPEN,LA RECONQUISTA, ,4738,"LA RECONQUISTA 4738, HUALPEN",CHILE,RANGE_INTERPOLATED,18839,2021,1343229,1,2021/04/12 00:00:00+00,1899/12/30 00:00:00+00,8,REGION BIO BIO,8112,HUALPEN,63,CHOQUE FRENTE/POSTERIOR,40,CHOQUE,1,URBANA,1,TRAMO DE VIA RECTA,1,IMPRUDENCIA DEL CONDUCTOR,27,CONDUCCION NO ATENTO CONDICIONES TRANSITO MOMENTO,0,LA RECONQUISTA,0, ,- LA RECONQUISTA,4738, , , , ,2,2,3,BIDIRECCIONAL CON BANDEJON,1,CONCRETO,1,BUENO,1,SECO,1,DESPEJADO,0,0,0,1,1
-8138424.67031573,-4410944.57904241,1596,13655,1356530,-73.1087127,-36.7976886,175,HUALPEN,1,23033,2021,1356530,REGION BIO BIO,8112,HUALPEN,AVENIDA DOS,CALLE NUEVE,0,"AVENIDA DOS & CALLE NUEVE, HUALPEN",CHILE,GEOMETRIC_CENTER,31732,2021,1356530,1,2021/06/14 00:00:00+00,1899/12/30 00:00:00+00,8,REGION BIO BIO,8112,HUALPEN,10,ATROPELLO,10,ATROPELLO,1,URBANA,15,CRUCE CON SEÑAL CEDA EL PASO,1,IMPRUDENCIA DEL CONDUCTOR,31,NO RESPETAR DERECHO PREFERENTE DE PASO A PEATON,0,AVENIDA DOS,0,CALLE NUEVE,AVENIDA DOS - CALLE NUEVE,0, , , , ,1,1,2,BIDIRECCIONAL,1,CONCRETO,1,BUENO,1,SECO,1,DESPEJADO,0,0,0,1,1
-8138495.65875501,-4410936.14064878,1597,13656,1402067,-73.1093504,-36.7976279,175,HUALPEN,1,54794,2021,1402067,REGION BIO BIO,8112,HUALPEN,AVENIDA DOS, ,194,"AVENIDA DOS 194, HUALPEN",CHILE,RANGE_INTERPOLATED,74457,2021,1402067,1,2021/12/07 00:00:00+00,1899/12/30 00:00:00+00,8,REGION BIO BIO,8112,HUALPEN,50,CHOQUE,40,CHOQUE,1,URBANA,1,TRAMO DE VIA RECTA,1,IMPRUDENCIA DEL CONDUCTOR,27,CONDUCCION NO ATENTO CONDICIONES TRANSITO MOMENTO,0,AVENIDA DOS,0, ,- AVENIDA DOS,194, , , , ,2,2,3,BIDIRECCIONAL CON BANDEJON,1,CONCRETO,1,BUENO,1,SECO,1,DESPEJADO,0,0,0,0,2
-8138220.56602936,-4410889.98678546,1598,13657,1346794,-73.1068792,-36.7972959,175,HUALPEN,1,16151,2021,1346794,REGION BIO BIO,8112,HUALPEN,GRAN BRETA??ªA,AVENIDA DOS,0,"GRAN BRETA??ªA & AVENIDA DOS, HUALPEN",CHILE,GEOMETRIC_CENTER,22234,2021,1346794,1,2021/05/01 00:00:00+00,1899/12/30 00:00:00+00,8,REGION BIO BIO,8112,HUALPEN,30,COLISION,30,COLISION,1,URBANA,15,CRUCE CON SEÑAL CEDA EL PASO,14,OTRAS CAUSAS,98,OTRAS CAUSAS,0,GRAN BRETAÑA,0,AVENIDA DOS,AVENIDA DOS - GRAN BRETAÑA,0, , , , ,1,1,2,BIDIRECCIONAL,1,CONCRETO,1,BUENO,3,MOJADO,3,LLUVIA,0,0,0,0,2
-8138220.56602936,-4410889.98678546,1599,13658,1361739,-73.1068792,-36.7972959,175,HUALPEN,1,25991,2021,1361739,REGION BIO BIO,8112,HUALPEN,GRAN BRETA??ªA,AVENIDA DOS,0,"GRAN BRETA??ªA & AVENIDA DOS, HUALPEN",CHILE,GEOMETRIC_CENTER,35872,2021,1361739,1,2021/07/04 00:00:00+00,1899/12/30 00:00:00+00,8,REGION BIO BIO,8112,HUALPEN,10,ATROPELLO,10,ATROPELLO,1,URBANA,11,CRUCE CON SEMAFORO FUNCIONANDO,1,IMPRUDENCIA DEL CONDUCTOR,31,NO RESPETAR DERECHO PREFERENTE DE PASO A PEATON,0,GRAN BRETAÑA,0,AVENIDA DOS,AVENIDA DOS - GRAN BRETAÑA,0, , , , ,1,1,2,BIDIRECCIONAL,1,CONCRETO,1,BUENO,1,SECO,1,DESPEJADO,0,1,0,0,1
-8138220.56602936,-4410889.98678546,1600,13659,1390574,-73.1068792,-36.7972959,175,HUALPEN,1,46535,2021,1390574,REGION BIO BIO,8112,HUALPEN,GRAN BRETA??ªA,AVENIDA DOS,0,"GRAN BRETA??ªA & AVENIDA DOS, HUALPEN",CHILE,GEOMETRIC_CENTER,63544,2021,1390574,1,2021/10/26 00:00:00+00,1899/12/30 00:00:00+00,8,REGION BIO BIO,8112,HUALPEN,30,COLISION,30,COLISION,1,URBANA,14,CRUCE CON SEÑAL PARE,10,DESOBEDIENCIA A SEÑALIZACION,65,SEÑALIZACION DESOBEDECER SEÑAL PARE,0,GRAN BRETAÑA,0,AVENIDA DOS,AVENIDA DOS - GRAN BRETAÑA,0, , , , ,2,2,3,BIDIRECCIONAL CON BANDEJON,1,CONCRETO,1,BUENO,1,SECO,1,DESPEJADO,0,0,0,0,2
-7974683.27283504,-4562318.09915328,1601,47,1373212,-71.6377987,-37.8787976,125,ALTO BIO BIO,1,34573,2021,1373212,REGION BIO BIO,8314,ALTO BIO BIO,PITRIL,RALCO LEPOY,0,"PITRIL & RALCO LEPOY, ALTO BIO BIO",CHILE,GEOMETRIC_CENTER,47656,2021,1373212,1,2021/08/21 00:00:00+00,1899/12/30 00:00:00+00,8,REGION BIO BIO,8314,ALTO BIO BIO,51,CHOQUE FRONTAL,40,CHOQUE,2,RURAL,14,CRUCE CON SEÑAL PARE,1,IMPRUDENCIA DEL CONDUCTOR,27,CONDUCCION NO ATENTO CONDICIONES TRANSITO MOMENTO,0,PITRIL,0,RALCO LEPOY,PITRIL - RALCO LEPOY,0, , , , ,1,1,2,BIDIRECCIONAL,1,CONCRETO,1,BUENO,3,MOJADO,3,LLUVIA,0,0,0,0,3
-7974744.1423326,-4562101.26212032,1602,48,1390282,-71.6383455,-37.8772601,125,ALTO BIO BIO,1,43722,2021,1390282,REGION BIO BIO,8314,ALTO BIO BIO,PITRIL, ,446,"PITRIL 446, ALTO BIO BIO",CHILE,RANGE_INTERPOLATED,59809,2021,1390282,1,2021/10/10 00:00:00+00,1899/12/30 00:00:00+00,8,REGION BIO BIO,8314,ALTO BIO BIO,51,CHOQUE FRONTAL,40,CHOQUE,1,URBANA,1,TRAMO DE VIA RECTA,4,ALCOHOL EN CONDUCTOR,24,CONDUCCION EN ESTADO DE EBRIEDAD,0,PITRIL,0, ,- PITRIL,446, , , , ,1,1,2,BIDIRECCIONAL,1,CONCRETO,1,BUENO,1,SECO,1,DESPEJADO,0,0,0,1,1