X,Y,FID,FID_1,LABELID,POINT_X,POINT_Y,FID_2,COMUNAREAL,VAL_COM,OBJECTID,A_O,IDACCIDENT,REGION,COD_COMUN,COMUNA,CALLE_UNO,CALLE_DOS,NUMERO,DIR_GEOCOD,PAIS,TIPO,OBJECTID_1,Año,Idaccide_1,Claseaccid,Fecha,Hora,Cód_Regi,Región,Cód_Comun,Comuna_1,Cód_Tipo_,Tipo_Accid,Cód_Tipo1,Tipo__CONA,Cód_Zona,Zona,Cód_Ubica,Ubicación,Cód_Causa,Causa__CON,Cód_Cau_1,Causa,Cód_Calle,Calle_Un_1,Cód_Cal_1,Calle_Do_1,Intersecci,Número,Ruta,Cód_Ruta,Ubicaci_1,Km_Vía_Fe,Pistas_de_,Pistas_de1,Cód_Calza,Calzada,Cód__Tipo,Tipo_Calza,Cód_Estad,Estado_Cal,Cód_Condi,Condición,Cód_Est_1,Estado_Atm,Fallecidos,Graves,Menos_Grav,Leves,Ilesos
-7964905.67007655,-4552834.37189606,1603,49,1331281,-71.549965,-37.8115225,125,ALTO BIO BIO,0,4754,2021,1331281,REGION BIO BIO,8311,SANTA BARBARA,TRAPA TRAPA,PITRIL,0,"TRAPA TRAPA & PITRIL, SANTA BARBARA",CHILE,GEOMETRIC_CENTER,6653,2021,1331281,1,2021/02/04 00:00:00+00,1899/12/30 00:00:00+00,8,REGION BIO BIO,8311,SANTA BARBARA,51,CHOQUE FRONTAL,40,CHOQUE,1,URBANA,1,TRAMO DE VIA RECTA,7,VELOCIDAD IMPRUDENTE,73,"VELOCIDAD NO REDUCIR CRUCE DE CALLES, CUMBRE, CURVA, ETC.",0,TRAPA TRAPA,0,PITRIL,PITRIL - TRAPA TRAPA,0, , , , ,1,1,2,BIDIRECCIONAL,1,CONCRETO,1,BUENO,1,SECO,1,DESPEJADO,0,0,0,0,2
-8164910.95015602,-4563728.30610779,1604,5133,1351463,-73.346643,-37.888796,63,CANETE,1,19042,2021,1351463,REGION BIO BIO,8203,CANETE,LUIS CRUZ MARTINEZ,BELLA VISTA,0,"LUIS CRUZ MARTINEZ & BELLA VISTA, CA??ªETE",CHILE,GEOMETRIC_CENTER,26187,2021,1351463,1,2021/05/20 00:00:00+00,1899/12/30 00:00:00+00,8,REGION BIO BIO,8203,CAÑETE,10,ATROPELLO,10,ATROPELLO,1,URBANA,1,TRAMO DE VIA RECTA,2,IMPRUDENCIA DEL PEATON,55,PEATON CRUZA CALZADA FUERA PASO PEATONES,0,LUIS CRUZ MARTINEZ,0,BELLA VISTA,BELLA VISTA - LUIS CRUZ MARTINEZ,0, , , , ,1,1,2,BIDIRECCIONAL,1,CONCRETO,1,BUENO,3,MOJADO,3,LLUVIA,0,0,0,1,1
-8167674.52330666,-4555637.4503541,1605,5134,1409422,-73.3714686,-37.8314132,63,CANETE,1,58253,2021,1409422,REGION BIO BIO,8203,CANETE,SIMON BOLIVAR,PRESIDENTE EDUARDO FREI,0,"SIMON BOLIVAR & PRESIDENTE EDUARDO FREI, CA??ªETE",CHILE,GEOMETRIC_CENTER,79096,2021,1409422,1,2021/12/24 00:00:00+00,1899/12/30 00:00:00+00,8,REGION BIO BIO,8203,CAÑETE,30,COLISION,30,COLISION,1,URBANA,1,TRAMO DE VIA RECTA,4,ALCOHOL EN CONDUCTOR,24,CONDUCCION EN ESTADO DE EBRIEDAD,0,SIMON BOLIVAR,0,PRESIDENTE EDUARDO FREI,PRESIDENTE EDUARDO FREI - SIMON BOLIVAR,0, , , , ,1,1,2,BIDIRECCIONAL,2,ASFALTO,1,BUENO,1,SECO,1,DESPEJADO,0,0,0,1,1
-8170695.5784395,-4552225.20067667,1606,5135,1399025,-73.3986072,-37.8071991,63,CANETE,0,52710,2021,1399025,REGION BIO BIO,8206,LOS ALAMOS,IGNACIO CARRERA PINTO,SIN NUMERO,0,"IGNACIO CARRERA PINTO & SIN NUMERO, LOS ALAMOS",CHILE,GEOMETRIC_CENTER,71636,2021,1399025,1,2021/11/26 00:00:00+00,1899/12/30 00:00:00+00,8,REGION BIO BIO,8206,LOS ALAMOS,51,CHOQUE FRONTAL,40,CHOQUE,1,URBANA,1,TRAMO DE VIA RECTA,9,PERDIDA CONTROL VEHICULO,95,PERDIDA CONTROL VEHICULO,0,IGNACIO CARRERA PINTO,0,SIN NUMERO,IGNACIO CARRERA PINTO - SIN NUMERO,0, , , , ,2,0,1,UNIDIRECCIONAL,2,ASFALTO,1,BUENO,1,SECO,1,DESPEJADO,0,0,0,1,0
-8171470.20624814,-4552172.56175141,1607,5136,1344707,-73.4055658,-37.8068255,63,CANETE,1,14799,2021,1344707,REGION BIO BIO,8203,CANETE,PAICAVI,PASAJE CINCO,0,"PAICAVI & PASAJE CINCO, CA??ªETE",CHILE,GEOMETRIC_CENTER,20401,2021,1344707,1,2021/04/21 00:00:00+00,1899/12/30 00:00:00+00,8,REGION BIO BIO,8203,CAÑETE,99,OTRO TIPO,99,OTRO TIPO,1,URBANA,1,TRAMO DE VIA RECTA,13,CAUSAS NO DETERMINADAS,97,CAUSAS NO DETERMINADAS,0,PAICAVI,0,PASAJE CINCO,PAICAVI - PASAJE CINCO,0, , , , ,1,0,1,UNIDIRECCIONAL,2,ASFALTO,2,REGULAR,2,HUMEDO,2,NUBLADO,0,1,0,0,0
-8171031.50726687,-4552137.95772078,1608,5137,1328210,-73.4016249,-37.8065799,63,CANETE,0,2940,2021,1328210,REGION BIO BIO,8206,LOS ALAMOS,IHNACIO CARRERA PINTO, ,159,"IHNACIO CARRERA PINTO 159, LOS ALAMOS",CHILE,RANGE_INTERPOLATED,4041,2021,1328210,1,2021/01/21 00:00:00+00,1899/12/30 00:00:00+00,8,REGION BIO BIO,8206,LOS ALAMOS,63,CHOQUE FRENTE/POSTERIOR,40,CHOQUE,1,URBANA,26,OTROS NO CONSIDERADOS,1,IMPRUDENCIA DEL CONDUCTOR,27,CONDUCCION NO ATENTO CONDICIONES TRANSITO MOMENTO,0,IHNACIO CARRERA PINTO,0, ,- IHNACIO CARRERA PINTO,159, , , , ,2,0,1,UNIDIRECCIONAL,2,ASFALTO,1,BUENO,1,SECO,1,DESPEJADO,0,0,0,0,1
-8169974.29493086,-4552125.81252233,1609,5138,1344703,-73.3921278,-37.8064937,63,CANETE,1,14403,2021,1344703,REGION BIO BIO,8203,CANETE,CUATRO TUBOS, ,250,"CUATRO TUBOS 250, CA??ªETE",CHILE,RANGE_INTERPOLATED,19857,2021,1344703,1,2021/04/17 00:00:00+00,1899/12/30 00:00:00+00,8,REGION BIO BIO,8203,CAÑETE,50,CHOQUE,40,CHOQUE,1,URBANA,1,TRAMO DE VIA RECTA,4,ALCOHOL EN CONDUCTOR,24,CONDUCCION EN ESTADO DE EBRIEDAD,0,CUATRO TUBOS,0, ,- CUATRO TUBOS,250, , , , ,1,1,2,BIDIRECCIONAL,2,ASFALTO,2,REGULAR,2,HUMEDO,1,DESPEJADO,0,0,0,0,1
-8171303.21588,-4552063.64961721,1610,5139,1327731,-73.4040657,-37.8060525,63,CANETE,0,3187,2021,1327731,REGION BIO BIO,8202,ARAUCO,ARTURO PEREZ CANTO,IGNACIO CARRERA PINTO,0,"ARTURO PEREZ CANTO & IGNACIO CARRERA PINTO, ARAUCO",CHILE,GEOMETRIC_CENTER,4383,2021,1327731,1,2021/01/22 00:00:00+00,1899/12/30 00:00:00+00,8,REGION BIO BIO,8202,ARAUCO,30,COLISION,30,COLISION,1,URBANA,1,TRAMO DE VIA RECTA,1,IMPRUDENCIA DEL CONDUCTOR,29,CONDUCCION CAMBIAR SORPRESIVAMENTE PISTA CIRCULACION,0,ARTURO PEREZ CANTO,0,IGNACIO CARRERA PINTO,ARTURO PEREZ CANTO - IGNACIO CARRERA PINTO,0, , , , ,2,0,1,UNIDIRECCIONAL,2,ASFALTO,1,BUENO,1,SECO,1,DESPEJADO,0,0,0,0,2
-8171396.63519667,-4552007.74277042,1611,5140,1404396,-73.4049049,-37.8056557,63,CANETE,0,56345,2021,1404396,REGION BIO BIO,8202,ARAUCO,IGNACIO CARRERA PINTO, ,13,"IGNACIO CARRERA PINTO 13, ARAUCO",CHILE,RANGE_INTERPOLATED,76576,2021,1404396,1,2021/12/15 00:00:00+00,1899/12/30 00:00:00+00,8,REGION BIO BIO,8202,ARAUCO,52,CHOQUE LATERAL,40,CHOQUE,2,RURAL,1,TRAMO DE VIA RECTA,1,IMPRUDENCIA DEL CONDUCTOR,27,CONDUCCION NO ATENTO CONDICIONES TRANSITO MOMENTO,0,IGNACIO CARRERA PINTO,0, ,- IGNACIO CARRERA PINTO,13, , , , ,1,1,2,BIDIRECCIONAL,2,ASFALTO,1,BUENO,1,SECO,1,DESPEJADO,0,0,0,0,2
-8170999.81460784,-4551996.93621446,1612,5141,1374534,-73.4013402,-37.805579,63,CANETE,1,35759,2021,1374534,REGION BIO BIO,8203,CANETE,SAAVEDRA, ,39,"SAAVEDRA 39, CA??ªETE",CHILE,RANGE_INTERPOLATED,49225,2021,1374534,1,2021/08/28 00:00:00+00,1899/12/30 00:00:00+00,8,REGION BIO BIO,8203,CAÑETE,50,CHOQUE,40,CHOQUE,1,URBANA,1,TRAMO DE VIA RECTA,1,IMPRUDENCIA DEL CONDUCTOR,27,CONDUCCION NO ATENTO CONDICIONES TRANSITO MOMENTO,0,SAAVEDRA,0, ,- SAAVEDRA,39, , , , ,1,0,1,UNIDIRECCIONAL,1,CONCRETO,1,BUENO,3,MOJADO,3,LLUVIA,0,0,0,0,1
-8171817.91267763,-4551872.65458308,1613,5142,1327772,-73.4086893,-37.8046969,63,CANETE,1,3550,2021,1327772,REGION BIO BIO,8203,CANETE,MANUEL RODRIGUEZ,PETIT LAURENT,0,"MANUEL RODRIGUEZ & PETIT LAURENT, CA??ªETE",CHILE,GEOMETRIC_CENTER,4883,2021,1327772,1,2021/01/25 00:00:00+00,1899/12/30 00:00:00+00,8,REGION BIO BIO,8203,CAÑETE,30,COLISION,30,COLISION,1,URBANA,1,TRAMO DE VIA RECTA,1,IMPRUDENCIA DEL CONDUCTOR,27,CONDUCCION NO ATENTO CONDICIONES TRANSITO MOMENTO,0,MANUEL RODRIGUEZ,0,PETIT LAURENT,MANUEL RODRIGUEZ - PETIT LAURENT,0, , , , ,1,1,2,BIDIRECCIONAL,1,CONCRETO,1,BUENO,1,SECO,1,DESPEJADO,0,0,0,2,1
-8171817.91267763,-4551872.65458308,1614,5143,1366731,-73.4086893,-37.8046969,63,CANETE,1,27569,2021,1366731,REGION BIO BIO,8203,CANETE,DIEGO PORTALES,PETIT LAURENT,0,"DIEGO PORTALES & PETIT LAURENT, CA??ªETE",CHILE,GEOMETRIC_CENTER,38043,2021,1366731,1,2021/07/13 00:00:00+00,1899/12/30 00:00:00+00,8,REGION BIO BIO,8203,CAÑETE,32,COLISION LATERAL,30,COLISION,1,URBANA,16,CRUCE SIN SEÑALIZACION,1,IMPRUDENCIA DEL CONDUCTOR,27,CONDUCCION NO ATENTO CONDICIONES TRANSITO MOMENTO,0,DIEGO PORTALES,0,PETIT LAURENT,DIEGO PORTALES - PETIT LAURENT,0, , , , ,2,0,1,UNIDIRECCIONAL,2,ASFALTO,1,BUENO,1,SECO,1,DESPEJADO,0,0,0,0,2
-8170453.69231796,-4551779.35627695,1615,5144,1358174,-73.3964343,-37.8040347,63,CANETE,1,22858,2021,1358174,REGION BIO BIO,8203,CANETE,VIDELA,MARIQUEO,0,"VIDELA & MARIQUEO, CA??ªETE",CHILE,GEOMETRIC_CENTER,31496,2021,1358174,1,2021/06/13 00:00:00+00,1899/12/30 00:00:00+00,8,REGION BIO BIO,8203,CAÑETE,10,ATROPELLO,10,ATROPELLO,1,URBANA,4,ACERA O BERMA,7,VELOCIDAD IMPRUDENTE,73,"VELOCIDAD NO REDUCIR CRUCE DE CALLES, CUMBRE, CURVA, ETC.",0,VIDELA,0,MARIQUEO,MARIQUEO - VIDELA,0, , , , ,1,0,1,UNIDIRECCIONAL,1,CONCRETO,1,BUENO,1,SECO,2,NUBLADO,0,0,0,1,1
-8170961.85466148,-4551776.35530334,1616,5145,1344493,-73.4009992,-37.8040134,63,CANETE,1,13960,2021,1344493,REGION BIO BIO,8203,CANETE,SAAVEDRA,ORELLA,0,"SAAVEDRA & ORELLA, CA??ªETE",CHILE,GEOMETRIC_CENTER,19283,2021,1344493,1,2021/04/14 00:00:00+00,1899/12/30 00:00:00+00,8,REGION BIO BIO,8203,CAÑETE,30,COLISION,30,COLISION,1,URBANA,14,CRUCE CON SEÑAL PARE,10,DESOBEDIENCIA A SEÑALIZACION,65,SEÑALIZACION DESOBEDECER SEÑAL PARE,0,SAAVEDRA,0,ORELLA,ORELLA - SAAVEDRA,0, , , , ,2,0,1,UNIDIRECCIONAL,1,CONCRETO,1,BUENO,1,SECO,1,DESPEJADO,0,0,0,1,1
-8170961.85466148,-4551776.35530334,1617,5146,1349961,-73.4009992,-37.8040134,63,CANETE,1,18266,2021,1349961,REGION BIO BIO,8203,CANETE,SAAVEDRA,ORELLA,0,"SAAVEDRA & ORELLA, CA??ªETE",CHILE,GEOMETRIC_CENTER,25111,2021,1349961,1,2021/05/15 00:00:00+00,1899/12/30 00:00:00+00,8,REGION BIO BIO,8203,CAÑETE,30,COLISION,30,COLISION,1,URBANA,14,CRUCE CON SEÑAL PARE,10,DESOBEDIENCIA A SEÑALIZACION,65,SEÑALIZACION DESOBEDECER SEÑAL PARE,0,SAAVEDRA,0,ORELLA,ORELLA - SAAVEDRA,0, , , , ,1,0,1,UNIDIRECCIONAL,2,ASFALTO,1,BUENO,1,SECO,1,DESPEJADO,0,0,0,4,1
-8170961.85466148,-4551776.35530334,1618,5147,1405628,-73.4009992,-37.8040134,63,CANETE,1,57423,2021,1405628,REGION BIO BIO,8203,CANETE,SAAVEDRA,ORELLA,0,"SAAVEDRA & ORELLA, CA??ªETE",CHILE,GEOMETRIC_CENTER,77978,2021,1405628,1,2021/12/20 00:00:00+00,1899/12/30 00:00:00+00,8,REGION BIO BIO,8203,CAÑETE,10,ATROPELLO,10,ATROPELLO,1,URBANA,1,TRAMO DE VIA RECTA,1,IMPRUDENCIA DEL CONDUCTOR,31,NO RESPETAR DERECHO PREFERENTE DE PASO A PEATON,0,SAAVEDRA,0,ORELLA,ORELLA - SAAVEDRA,0, , , , ,1,0,1,UNIDIRECCIONAL,2,ASFALTO,1,BUENO,1,SECO,1,DESPEJADO,0,0,0,2,1
-8170853.87475541,-4551689.48242365,1619,5148,1378076,-73.4000292,-37.8033968,63,CANETE,1,36605,2021,1378076,REGION BIO BIO,8203,CANETE,VIDELA,LONGITUDINAL,0,"VIDELA & LONGITUDINAL, CA??ªETE",CHILE,GEOMETRIC_CENTER,50351,2021,1378076,1,2021/09/02 00:00:00+00,1899/12/30 00:00:00+00,8,REGION BIO BIO,8203,CAÑETE,30,COLISION,30,COLISION,1,URBANA,1,TRAMO DE VIA RECTA,1,IMPRUDENCIA DEL CONDUCTOR,27,CONDUCCION NO ATENTO CONDICIONES TRANSITO MOMENTO,0,VIDELA,0,LONGITUDINAL,LONGITUDINAL - VIDELA,0, , , , ,1,1,2,BIDIRECCIONAL,2,ASFALTO,2,REGULAR,1,SECO,1,DESPEJADO,0,0,0,0,2
-8170892.7475216,-4551549.24187751,1620,5149,1335209,-73.4003784,-37.8024014,63,CANETE,1,6290,2021,1335209,REGION BIO BIO,8203,CANETE,SAAVEDRA,SERRANO,0,"SAAVEDRA & SERRANO, CA??ªETE",CHILE,GEOMETRIC_CENTER,8784,2021,1335209,1,2021/02/15 00:00:00+00,1899/12/30 00:00:00+00,8,REGION BIO BIO,8203,CAÑETE,10,ATROPELLO,10,ATROPELLO,1,URBANA,11,CRUCE CON SEMAFORO FUNCIONANDO,2,IMPRUDENCIA DEL PEATON,52,PEATON CRUZA CALZADA FORMA SORPRESIVA O DESCUIDADA,0,SAAVEDRA,0,SERRANO,SAAVEDRA - SERRANO,0, , , , ,1,0,1,UNIDIRECCIONAL,1,CONCRETO,1,BUENO,1,SECO,1,DESPEJADO,0,0,0,1,1
-8170892.7475216,-4551549.24187751,1621,5150,1348168,-73.4003784,-37.8024014,63,CANETE,1,17131,2021,1348168,REGION BIO BIO,8203,CANETE,SERRANO,SAAVEDRA,0,"SERRANO & SAAVEDRA, CA??ªETE",CHILE,GEOMETRIC_CENTER,23609,2021,1348168,1,2021/05/08 00:00:00+00,1899/12/30 00:00:00+00,8,REGION BIO BIO,8203,CAÑETE,52,CHOQUE LATERAL,40,CHOQUE,1,URBANA,1,TRAMO DE VIA RECTA,9,PERDIDA CONTROL VEHICULO,95,PERDIDA CONTROL VEHICULO,0,SERRANO,0,SAAVEDRA,SAAVEDRA - SERRANO,0, , , , ,1,0,1,UNIDIRECCIONAL,1,CONCRETO,2,REGULAR,2,HUMEDO,4,LLOVIZNA,0,0,0,0,1
-8170502.33893543,-4551516.00652582,1622,5151,1366860,-73.3968713,-37.8021655,63,CANETE,1,27744,2021,1366860,REGION BIO BIO,8203,CANETE,COVADONGA,MARI??ªAN,0,"COVADONGA & MARI??ªAN, CA??ªETE",CHILE,GEOMETRIC_CENTER,38304,2021,1366860,1,2021/07/14 00:00:00+00,1899/12/30 00:00:00+00,8,REGION BIO BIO,8203,CAÑETE,30,COLISION,30,COLISION,1,URBANA,14,CRUCE CON SEÑAL PARE,10,DESOBEDIENCIA A SEÑALIZACION,65,SEÑALIZACION DESOBEDECER SEÑAL PARE,0,COVADONGA,0,MARIÑAN,COVADONGA - MARIÑAN,0, , , , ,2,0,1,UNIDIRECCIONAL,1,CONCRETO,1,BUENO,1,SECO,1,DESPEJADO,0,0,0,0,2
-8170620.48231101,-4551486.82882046,1623,5152,1404949,-73.3979326,-37.8019584,63,CANETE,1,56733,2021,1404949,REGION BIO BIO,8203,CANETE,SEGUNDO DE LINEA,COVADONGA,0,"SEGUNDO DE LINEA & COVADONGA, CA??ªETE",CHILE,GEOMETRIC_CENTER,77088,2021,1404949,1,2021/12/17 00:00:00+00,1899/12/30 00:00:00+00,8,REGION BIO BIO,8203,CAÑETE,10,ATROPELLO,10,ATROPELLO,1,URBANA,1,TRAMO DE VIA RECTA,1,IMPRUDENCIA DEL CONDUCTOR,27,CONDUCCION NO ATENTO CONDICIONES TRANSITO MOMENTO,0,SEGUNDO DE LINEA,0,COVADONGA,COVADONGA - SEGUNDO DE LINEA,0, , , , ,1,1,2,BIDIRECCIONAL,2,ASFALTO,1,BUENO,1,SECO,1,DESPEJADO,0,0,0,1,1
-8170587.13099157,-4551371.66855513,1624,5153,1347914,-73.397633,-37.801141,63,CANETE,1,16892,2021,1347914,REGION BIO BIO,8203,CANETE,CONDELL,SEGUNDO DE LINEA,0,"CONDELL & SEGUNDO DE LINEA, CA??ªETE",CHILE,GEOMETRIC_CENTER,23292,2021,1347914,1,2021/05/06 00:00:00+00,1899/12/30 00:00:00+00,8,REGION BIO BIO,8203,CAÑETE,32,COLISION LATERAL,30,COLISION,1,URBANA,1,TRAMO DE VIA RECTA,4,ALCOHOL EN CONDUCTOR,24,CONDUCCION EN ESTADO DE EBRIEDAD,0,CONDELL,0,SEGUNDO DE LINEA,CONDELL - SEGUNDO DE LINEA,0, , , , ,1,0,1,UNIDIRECCIONAL,2,ASFALTO,1,BUENO,1,SECO,1,DESPEJADO,0,0,0,0,2
-8171791.86391678,-4551285.27805985,1625,5154,1326891,-73.4084553,-37.8005278,63,CANETE,1,2435,2021,1326891,REGION BIO BIO,8203,CANETE,VICTOR JARA,JORGE RADONICH,0,"VICTOR JARA & JORGE RADONICH, CA??ªETE",CHILE,GEOMETRIC_CENTER,3351,2021,1326891,1,2021/01/17 00:00:00+00,1899/12/30 00:00:00+00,8,REGION BIO BIO,8203,CAÑETE,30,COLISION,30,COLISION,1,URBANA,1,TRAMO DE VIA RECTA,4,ALCOHOL EN CONDUCTOR,24,CONDUCCION EN ESTADO DE EBRIEDAD,0,VICTOR JARA,0,JORGE RADONICH,JORGE RADONICH - VICTOR JARA,0, , , , ,1,1,2,BIDIRECCIONAL,1,CONCRETO,1,BUENO,1,SECO,1,DESPEJADO,0,0,0,0,2
-8170941.97300042,-4551282.20678669,1626,5155,1396546,-73.4008206,-37.800506,63,CANETE,1,50402,2021,1396546,REGION BIO BIO,8203,CANETE,SEPTIMO DE LINEA,CONDELL,0,"SEPTIMO DE LINEA & CONDELL, CA??ªETE",CHILE,GEOMETRIC_CENTER,68664,2021,1396546,1,2021/11/15 00:00:00+00,1899/12/30 00:00:00+00,8,REGION BIO BIO,8203,CAÑETE,10,ATROPELLO,10,ATROPELLO,1,URBANA,14,CRUCE CON SEÑAL PARE,1,IMPRUDENCIA DEL CONDUCTOR,27,CONDUCCION NO ATENTO CONDICIONES TRANSITO MOMENTO,0,SEPTIMO DE LINEA,0,CONDELL,CONDELL - SEPTIMO DE LINEA,0, , , , ,1,0,1,UNIDIRECCIONAL,2,ASFALTO,1,BUENO,1,SECO,1,DESPEJADO,0,0,0,1,1
-8170790.75660413,-4551194.49273493,1627,5156,1409466,-73.3994622,-37.7998834,63,CANETE,1,58886,2021,1409466,REGION BIO BIO,8203,CANETE,SAAVEDRA, ,870,"SAAVEDRA 870, CA??ªETE",CHILE,RANGE_INTERPOLATED,80019,2021,1409466,1,2021/12/28 00:00:00+00,1899/12/30 00:00:00+00,8,REGION BIO BIO,8203,CAÑETE,30,COLISION,30,COLISION,1,URBANA,1,TRAMO DE VIA RECTA,1,IMPRUDENCIA DEL CONDUCTOR,27,CONDUCCION NO ATENTO CONDICIONES TRANSITO MOMENTO,0,SAAVEDRA,0, ,- SAAVEDRA,870, , , , ,1,1,2,BIDIRECCIONAL,1,CONCRETO,1,BUENO,1,SECO,1,DESPEJADO,0,0,0,0,2
-8170287.35873482,-4551190.98475177,1628,5157,1327743,-73.3949401,-37.7998585,63,CANETE,1,2742,2021,1327743,REGION BIO BIO,8203,CANETE,ESMERALDA,MARIQUEO,0,"ESMERALDA & MARIQUEO, CA??ªETE",CHILE,GEOMETRIC_CENTER,3764,2021,1327743,1,2021/01/19 00:00:00+00,1899/12/30 00:00:00+00,8,REGION BIO BIO,8203,CAÑETE,50,CHOQUE,40,CHOQUE,1,URBANA,1,TRAMO DE VIA RECTA,7,VELOCIDAD IMPRUDENTE,72,VELOCIDAD NO RAZONABLE NI PRUDENTE,0,ESMERALDA,0,MARIQUEO,ESMERALDA - MARIQUEO,0, , , , ,1,1,2,BIDIRECCIONAL,1,CONCRETO,1,BUENO,1,SECO,1,DESPEJADO,0,0,0,1,0
-8170696.33541204,-4551182.46134379,1629,5158,1340699,-73.398614,-37.799798,63,CANETE,1,10848,2021,1340699,REGION BIO BIO,8203,CANETE,ARTURO PRAT, ,284,"ARTURO PRAT 284, CA??ªETE",CHILE,RANGE_INTERPOLATED,15064,2021,1340699,1,2021/03/18 00:00:00+00,1899/12/30 00:00:00+00,8,REGION BIO BIO,8203,CAÑETE,30,COLISION,30,COLISION,1,URBANA,1,TRAMO DE VIA RECTA,1,IMPRUDENCIA DEL CONDUCTOR,27,CONDUCCION NO ATENTO CONDICIONES TRANSITO MOMENTO,0,ARTURO PRAT,0, ,- ARTURO PRAT,284, , , , ,1,0,1,UNIDIRECCIONAL,1,CONCRETO,1,BUENO,1,SECO,1,DESPEJADO,0,0,0,0,2
-8170906.17265219,-4551162.343311,1630,5159,1373304,-73.400499,-37.7996552,63,CANETE,1,34041,2021,1373304,REGION BIO BIO,8203,CANETE,SEPTIMO DE LINEA,ARTURO PRAT,0,"SEPTIMO DE LINEA & ARTURO PRAT, CA??ªETE",CHILE,GEOMETRIC_CENTER,46928,2021,1373304,1,2021/08/18 00:00:00+00,1899/12/30 00:00:00+00,8,REGION BIO BIO,8203,CAÑETE,30,COLISION,30,COLISION,1,URBANA,1,TRAMO DE VIA RECTA,4,ALCOHOL EN CONDUCTOR,24,CONDUCCION EN ESTADO DE EBRIEDAD,0,SEPTIMO DE LINEA,0,ARTURO PRAT,ARTURO PRAT - SEPTIMO DE LINEA,0, , , , ,1,0,1,UNIDIRECCIONAL,2,ASFALTO,1,BUENO,2,HUMEDO,4,LLOVIZNA,0,0,0,2,0
-8170637.88154743,-4551105.652369,1631,5160,1341368,-73.3980889,-37.7992528,63,CANETE,1,12080,2021,1341368,REGION BIO BIO,8203,CANETE,VILLAGRAN,ESMERALDA,0,"VILLAGRAN & ESMERALDA, CA??ªETE",CHILE,GEOMETRIC_CENTER,16711,2021,1341368,1,2021/03/28 00:00:00+00,1899/12/30 00:00:00+00,8,REGION BIO BIO,8203,CAÑETE,30,COLISION,30,COLISION,1,URBANA,1,TRAMO DE VIA RECTA,1,IMPRUDENCIA DEL CONDUCTOR,27,CONDUCCION NO ATENTO CONDICIONES TRANSITO MOMENTO,0,VILLAGRAN,0,ESMERALDA,ESMERALDA - VILLAGRAN,0, , , , ,1,0,1,UNIDIRECCIONAL,1,CONCRETO,1,BUENO,1,SECO,1,DESPEJADO,0,0,0,0,2
-8170131.32220457,-4551102.42617905,1632,5161,1374508,-73.3935384,-37.7992299,63,CANETE,1,35570,2021,1374508,REGION BIO BIO,8203,CANETE,LUIS CRUZ MARTINEZ,RIQUELME,0,"LUIS CRUZ MARTINEZ & RIQUELME, CA??ªETE",CHILE,GEOMETRIC_CENTER,48972,2021,1374508,1,2021/08/27 00:00:00+00,1899/12/30 00:00:00+00,8,REGION BIO BIO,8203,CAÑETE,10,ATROPELLO,10,ATROPELLO,1,URBANA,1,TRAMO DE VIA RECTA,7,VELOCIDAD IMPRUDENTE,72,VELOCIDAD NO RAZONABLE NI PRUDENTE,0,LUIS CRUZ MARTINEZ,0,RIQUELME,LUIS CRUZ MARTINEZ - RIQUELME,0, , , , ,1,1,2,BIDIRECCIONAL,1,CONCRETO,1,BUENO,3,MOJADO,3,LLUVIA,0,0,0,1,1
-8170756.42567317,-4551076.60260735,1633,5162,1385173,-73.3991538,-37.7990466,63,CANETE,1,42430,2021,1385173,REGION BIO BIO,8203,CANETE,SAAVEDRA,ESMERALDA,0,"SAAVEDRA & ESMERALDA, CA??ªETE",CHILE,GEOMETRIC_CENTER,58130,2021,1385173,1,2021/10/04 00:00:00+00,1899/12/30 00:00:00+00,8,REGION BIO BIO,8203,CAÑETE,30,COLISION,30,COLISION,1,URBANA,1,TRAMO DE VIA RECTA,1,IMPRUDENCIA DEL CONDUCTOR,27,CONDUCCION NO ATENTO CONDICIONES TRANSITO MOMENTO,0,SAAVEDRA,0,ESMERALDA,ESMERALDA - SAAVEDRA,0, , , , ,1,0,1,UNIDIRECCIONAL,2,ASFALTO,1,BUENO,1,SECO,1,DESPEJADO,0,0,0,0,2
-8170335.54894238,-4550934.87699907,1634,5163,1366706,-73.395373,-37.7980406,63,CANETE,1,26893,2021,1366706,REGION BIO BIO,8203,CANETE,URIBE,MARI??ªAN,0,"URIBE & MARI??ªAN, CA??ªETE",CHILE,GEOMETRIC_CENTER,37090,2021,1366706,1,2021/07/09 00:00:00+00,1899/12/30 00:00:00+00,8,REGION BIO BIO,8203,CAÑETE,30,COLISION,30,COLISION,1,URBANA,14,CRUCE CON SEÑAL PARE,10,DESOBEDIENCIA A SEÑALIZACION,65,SEÑALIZACION DESOBEDECER SEÑAL PARE,0,URIBE,0,MARIÑAN,MARIÑAN - URIBE,0, , , , ,2,0,1,UNIDIRECCIONAL,1,CONCRETO,1,BUENO,2,HUMEDO,2,NUBLADO,0,1,0,0,2