X,Y,FID,FID_1,LABELID,POINT_X,POINT_Y,FID_2,COMUNAREAL,VAL_COM,OBJECTID,A_O,IDACCIDENT,REGION,COD_COMUN,COMUNA,CALLE_UNO,CALLE_DOS,NUMERO,DIR_GEOCOD,PAIS,TIPO,OBJECTID_1,Año,Idaccide_1,Claseaccid,Fecha,Hora,Cód_Regi,Región,Cód_Comun,Comuna_1,Cód_Tipo_,Tipo_Accid,Cód_Tipo1,Tipo__CONA,Cód_Zona,Zona,Cód_Ubica,Ubicación,Cód_Causa,Causa__CON,Cód_Cau_1,Causa,Cód_Calle,Calle_Un_1,Cód_Cal_1,Calle_Do_1,Intersecci,Número,Ruta,Cód_Ruta,Ubicaci_1,Km_Vía_Fe,Pistas_de_,Pistas_de1,Cód_Calza,Calzada,Cód__Tipo,Tipo_Calza,Cód_Estad,Estado_Cal,Cód_Condi,Condición,Cód_Est_1,Estado_Atm,Fallecidos,Graves,Menos_Grav,Leves,Ilesos
-8170183.01897609,-4550848.15202208,1635,5164,1354316,-73.3940028,-37.797425,63,CANETE,1,20763,2021,1354316,REGION BIO BIO,8203,CANETE,TUCAPEL,PRESIDENTE EDUARDO FREI,0,"TUCAPEL & PRESIDENTE EDUARDO FREI, CA??ªETE",CHILE,GEOMETRIC_CENTER,28624,2021,1354316,1,2021/06/01 00:00:00+00,1899/12/30 00:00:00+00,8,REGION BIO BIO,8203,CAÑETE,50,CHOQUE,40,CHOQUE,1,URBANA,1,TRAMO DE VIA RECTA,4,ALCOHOL EN CONDUCTOR,24,CONDUCCION EN ESTADO DE EBRIEDAD,0,TUCAPEL,0,PRESIDENTE EDUARDO FREI,PRESIDENTE EDUARDO FREI - TUCAPEL,0, , , , ,1,1,2,BIDIRECCIONAL,2,ASFALTO,1,BUENO,3,MOJADO,3,LLUVIA,0,0,0,0,1
-8170540.58831247,-4550758.20168456,1636,5165,1374025,-73.3972149,-37.7967865,63,CANETE,1,34898,2021,1374025,REGION BIO BIO,8203,CANETE,TUCAPEL,VILLAGRAN,0,"TUCAPEL & VILLAGRAN, CA??ªETE",CHILE,GEOMETRIC_CENTER,48113,2021,1374025,1,2021/08/23 00:00:00+00,1899/12/30 00:00:00+00,8,REGION BIO BIO,8203,CAÑETE,30,COLISION,30,COLISION,1,URBANA,1,TRAMO DE VIA RECTA,1,IMPRUDENCIA DEL CONDUCTOR,27,CONDUCCION NO ATENTO CONDICIONES TRANSITO MOMENTO,0,TUCAPEL,0,VILLAGRAN,TUCAPEL - VILLAGRAN,0, , , , ,1,0,1,UNIDIRECCIONAL,2,ASFALTO,1,BUENO,1,SECO,1,DESPEJADO,0,0,0,0,2
-8170655.0915407,-4550728.37807161,1637,5166,1326866,-73.3982435,-37.7965748,63,CANETE,1,2064,2021,1326866,REGION BIO BIO,8203,CANETE,TUCAPEL,SAAVEDRA,0,"TUCAPEL & SAAVEDRA, CA??ªETE",CHILE,GEOMETRIC_CENTER,2825,2021,1326866,1,2021/01/14 00:00:00+00,1899/12/30 00:00:00+00,8,REGION BIO BIO,8203,CAÑETE,50,CHOQUE,40,CHOQUE,1,URBANA,1,TRAMO DE VIA RECTA,12,FALLAS MECANICAS,2,FALLAS MECANICAS DIRECCION,0,TUCAPEL,0,SAAVEDRA,SAAVEDRA - TUCAPEL,0, , , , ,1,0,1,UNIDIRECCIONAL,2,ASFALTO,1,BUENO,1,SECO,1,DESPEJADO,0,0,0,0,1
-8169919.74838037,-4550580.1769734,1638,5167,1349054,-73.3916378,-37.7955228,63,CANETE,1,17955,2021,1349054,REGION BIO BIO,8203,CANETE,PRESIDENTE EDUARDO FREI, ,288,"PRESIDENTE EDUARDO FREI 288, CA??ªETE",CHILE,RANGE_INTERPOLATED,24707,2021,1349054,1,2021/05/13 00:00:00+00,1899/12/30 00:00:00+00,8,REGION BIO BIO,8203,CAÑETE,30,COLISION,30,COLISION,1,URBANA,1,TRAMO DE VIA RECTA,1,IMPRUDENCIA DEL CONDUCTOR,28,CONDUCCION SIN MANTENER DISTANCIA RAZONABLE NI PRUDENTE,0,PRESIDENTE EDUARDO FREI,0, ,- PRESIDENTE EDUARDO FREI,288, , , , ,1,1,2,BIDIRECCIONAL,2,ASFALTO,2,REGULAR,2,HUMEDO,5,NEBLINA,0,0,0,0,2
-8170007.0785209,-4550475.47952286,1639,5168,1345917,-73.3924223,-37.7947796,63,CANETE,1,15661,2021,1345917,REGION BIO BIO,8203,CANETE,MARIQUEO, ,1566,"MARIQUEO 1566, CA??ªETE",CHILE,RANGE_INTERPOLATED,21564,2021,1345917,1,2021/04/27 00:00:00+00,1899/12/30 00:00:00+00,8,REGION BIO BIO,8203,CAÑETE,30,COLISION,30,COLISION,1,URBANA,1,TRAMO DE VIA RECTA,1,IMPRUDENCIA DEL CONDUCTOR,27,CONDUCCION NO ATENTO CONDICIONES TRANSITO MOMENTO,0,MARIQUEO,0, ,- MARIQUEO,1566, , , , ,1,0,1,UNIDIRECCIONAL,1,CONCRETO,1,BUENO,1,SECO,1,DESPEJADO,0,0,0,1,1
-8169570.32763072,-4550396.64720756,1640,5169,1378647,-73.3884989,-37.79422,63,CANETE,1,37118,2021,1378647,REGION BIO BIO,8203,CANETE,DIEGO PORTALES, ,157,"DIEGO PORTALES 157, CA??ªETE",CHILE,RANGE_INTERPOLATED,51039,2021,1378647,1,2021/09/05 00:00:00+00,1899/12/30 00:00:00+00,8,REGION BIO BIO,8203,CAÑETE,50,CHOQUE,40,CHOQUE,1,URBANA,1,TRAMO DE VIA RECTA,4,ALCOHOL EN CONDUCTOR,24,CONDUCCION EN ESTADO DE EBRIEDAD,0,DIEGO PORTALES,0, ,- DIEGO PORTALES,157, , , , ,1,1,2,BIDIRECCIONAL,1,CONCRETO,1,BUENO,2,HUMEDO,2,NUBLADO,0,0,0,0,1
-8169427.93887004,-4550373.58647338,1641,5170,1394748,-73.3872198,-37.7940563,63,CANETE,1,48825,2021,1394748,REGION BIO BIO,8203,CANETE,LAS ARAUCARIAS, ,798,"LAS ARAUCARIAS 798, CA??ªETE",CHILE,RANGE_INTERPOLATED,66558,2021,1394748,1,2021/11/07 00:00:00+00,1899/12/30 00:00:00+00,8,REGION BIO BIO,8203,CAÑETE,32,COLISION LATERAL,30,COLISION,1,URBANA,1,TRAMO DE VIA RECTA,1,IMPRUDENCIA DEL CONDUCTOR,27,CONDUCCION NO ATENTO CONDICIONES TRANSITO MOMENTO,0,LAS ARAUCARIAS,0, ,- LAS ARAUCARIAS,798, , , , ,2,0,1,UNIDIRECCIONAL,2,ASFALTO,1,BUENO,1,SECO,1,DESPEJADO,0,0,0,1,1
-8169768.44292848,-4550280.85100081,1642,5171,1396519,-73.3902786,-37.793398,63,CANETE,1,50272,2021,1396519,REGION BIO BIO,8203,CANETE,PRESIDENTE EDUARDO FREI, ,580,"PRESIDENTE EDUARDO FREI 580, CA??ªETE",CHILE,RANGE_INTERPOLATED,68473,2021,1396519,1,2021/11/14 00:00:00+00,1899/12/30 00:00:00+00,8,REGION BIO BIO,8203,CAÑETE,30,COLISION,30,COLISION,1,URBANA,26,OTROS NO CONSIDERADOS,1,IMPRUDENCIA DEL CONDUCTOR,27,CONDUCCION NO ATENTO CONDICIONES TRANSITO MOMENTO,0,PRESIDENTE EDUARDO FREI,0, ,- PRESIDENTE EDUARDO FREI,580, , , , ,1,1,2,BIDIRECCIONAL,1,CONCRETO,1,BUENO,1,SECO,1,DESPEJADO,0,0,0,2,0
-8169757.73399347,-4550257.7200881,1643,5172,1374525,-73.3901824,-37.7932338,63,CANETE,1,35802,2021,1374525,REGION BIO BIO,8203,CANETE,PRESIDENTE EDUARDO FREI,DIEGO PORTALES,0,"PRESIDENTE EDUARDO FREI & DIEGO PORTALES, CA??ªETE",CHILE,GEOMETRIC_CENTER,49284,2021,1374525,1,2021/08/28 00:00:00+00,1899/12/30 00:00:00+00,8,REGION BIO BIO,8203,CAÑETE,30,COLISION,30,COLISION,1,URBANA,11,CRUCE CON SEMAFORO FUNCIONANDO,1,IMPRUDENCIA DEL CONDUCTOR,11,ADELANTAMIENTO SIN EL ESPACIO O TIEMPO SUFICIENTE,0,PRESIDENTE EDUARDO FREI,0,DIEGO PORTALES,DIEGO PORTALES - PRESIDENTE EDUARDO FREI,0, , , , ,1,1,2,BIDIRECCIONAL,2,ASFALTO,2,REGULAR,1,SECO,2,NUBLADO,0,0,0,0,2
-8169877.43584192,-4549955.81145207,1644,5173,1404894,-73.3912577,-37.7910906,63,CANETE,1,55309,2021,1404894,REGION BIO BIO,8203,CANETE,O'HIGGINS,PETIT LAURENT,0,"O'HIGGINS & PETIT LAURENT, CA??ªETE",CHILE,GEOMETRIC_CENTER,75149,2021,1404894,1,2021/12/10 00:00:00+00,1899/12/30 00:00:00+00,8,REGION BIO BIO,8203,CAÑETE,30,COLISION,30,COLISION,1,URBANA,1,TRAMO DE VIA RECTA,1,IMPRUDENCIA DEL CONDUCTOR,27,CONDUCCION NO ATENTO CONDICIONES TRANSITO MOMENTO,0,O'HIGGINS,0,PETIT LAURENT,O'HIGGINS - PETIT LAURENT,0, , , , ,1,1,2,BIDIRECCIONAL,2,ASFALTO,1,BUENO,1,SECO,1,DESPEJADO,0,0,0,0,2
-8169852.22197725,-4549874.87009718,1645,5174,1404867,-73.3910312,-37.790516,63,CANETE,1,54893,2021,1404867,REGION BIO BIO,8203,CANETE,CAMILO HENRIQUEZ,MANUEL RODRIGUEZ,0,"CAMILO HENRIQUEZ & MANUEL RODRIGUEZ, CA??ªETE",CHILE,GEOMETRIC_CENTER,74590,2021,1404867,1,2021/12/08 00:00:00+00,1899/12/30 00:00:00+00,8,REGION BIO BIO,8203,CAÑETE,50,CHOQUE,40,CHOQUE,1,URBANA,1,TRAMO DE VIA RECTA,9,PERDIDA CONTROL VEHICULO,95,PERDIDA CONTROL VEHICULO,0,CAMILO HENRIQUEZ,0,MANUEL RODRIGUEZ,CAMILO HENRIQUEZ - MANUEL RODRIGUEZ,0, , , , ,1,1,2,BIDIRECCIONAL,1,CONCRETO,1,BUENO,2,HUMEDO,2,NUBLADO,0,0,0,0,1
-8169168.37521336,-4549066.85744835,1646,5175,1358298,-73.3848881,-37.7847797,63,CANETE,1,23987,2021,1358298,REGION BIO BIO,8203,CANETE,RIO LEIVA, ,380,"RIO LEIVA 380, CA??ªETE",CHILE,RANGE_INTERPOLATED,33058,2021,1358298,1,2021/06/20 00:00:00+00,1899/12/30 00:00:00+00,8,REGION BIO BIO,8203,CAÑETE,10,ATROPELLO,10,ATROPELLO,1,URBANA,1,TRAMO DE VIA RECTA,4,ALCOHOL EN CONDUCTOR,24,CONDUCCION EN ESTADO DE EBRIEDAD,0,RIO LEIVA,0, ,- RIO LEIVA,380, , , , ,1,1,2,BIDIRECCIONAL,2,ASFALTO,1,BUENO,2,HUMEDO,4,LLOVIZNA,0,0,0,2,0
-8150930.13493221,-4475067.40105903,1647,2570,1353494,-73.2210512,-37.2575529,225,ARAUCO,1,19143,2021,1353494,REGION BIO BIO,8202,ARAUCO,LA MESETA, ,730,"LA MESETA 730, ARAUCO",CHILE,RANGE_INTERPOLATED,26336,2021,1353494,1,2021/05/21 00:00:00+00,1899/12/30 00:00:00+00,8,REGION BIO BIO,8202,ARAUCO,51,CHOQUE FRONTAL,40,CHOQUE,1,URBANA,1,TRAMO DE VIA RECTA,4,ALCOHOL EN CONDUCTOR,24,CONDUCCION EN ESTADO DE EBRIEDAD,0,LA MESETA,0, ,- LA MESETA,730, , , , ,1,0,1,UNIDIRECCIONAL,2,ASFALTO,1,BUENO,2,HUMEDO,2,NUBLADO,0,0,0,0,1
-8150930.13493221,-4475067.40105903,1648,2571,1408403,-73.2210512,-37.2575529,225,ARAUCO,1,58750,2021,1408403,REGION BIO BIO,8202,ARAUCO,LA MESETA, ,35,"LA MESETA 35, ARAUCO",CHILE,RANGE_INTERPOLATED,79840,2021,1408403,1,2021/12/27 00:00:00+00,1899/12/30 00:00:00+00,8,REGION BIO BIO,8202,ARAUCO,62,CHOQUE FRENTE/LADO,40,CHOQUE,1,URBANA,1,TRAMO DE VIA RECTA,1,IMPRUDENCIA DEL CONDUCTOR,27,CONDUCCION NO ATENTO CONDICIONES TRANSITO MOMENTO,0,LA MESETA,0, ,- LA MESETA,35, , , , ,1,1,2,BIDIRECCIONAL,2,ASFALTO,1,BUENO,1,SECO,1,DESPEJADO,0,0,0,0,2
-8153257.13530386,-4474903.67955112,1649,2572,1385461,-73.241955,-37.2563823,225,ARAUCO,1,42045,2021,1385461,REGION BIO BIO,8202,ARAUCO,SECTOR CONSULTORIO CARAMPANGUE,VICENTE MILLAN,0,"SECTOR CONSULTORIO CARAMPANGUE & VICENTE MILLAN, ARAUCO",CHILE,GEOMETRIC_CENTER,57585,2021,1385461,1,2021/10/02 00:00:00+00,1899/12/30 00:00:00+00,8,REGION BIO BIO,8202,ARAUCO,10,ATROPELLO,10,ATROPELLO,1,URBANA,4,ACERA O BERMA,1,IMPRUDENCIA DEL CONDUCTOR,93,CONDUCIR VEHICULO EN RETROCESO,0,SECTOR CONSULTORIO CARAMPANGUE,0,VICENTE MILLAN,SECTOR CONSULTORIO CARAMPANGUE - VICENTE MILLAN,0, , , , ,1,1,2,BIDIRECCIONAL,6,TIERRA,2,REGULAR,0, ,1,DESPEJADO,0,0,0,1,1
-8152519.52122591,-4474444.66869397,1650,2573,1326820,-73.2353289,-37.2531003,225,ARAUCO,1,2516,2021,1326820,REGION BIO BIO,8202,ARAUCO,MONSALVE, ,156,"MONSALVE 156, ARAUCO",CHILE,RANGE_INTERPOLATED,3461,2021,1326820,1,2021/01/18 00:00:00+00,1899/12/30 00:00:00+00,8,REGION BIO BIO,8202,ARAUCO,50,CHOQUE,40,CHOQUE,1,URBANA,26,OTROS NO CONSIDERADOS,1,IMPRUDENCIA DEL CONDUCTOR,27,CONDUCCION NO ATENTO CONDICIONES TRANSITO MOMENTO,0,MONSALVE,0, ,- MONSALVE,156, , , , ,1,0,1,UNIDIRECCIONAL,4,MIXTO,2,REGULAR,1,SECO,1,DESPEJADO,0,0,0,0,2
-8162233.82772194,-4474147.86071023,1651,2574,1371854,-73.322594,-37.250978,225,ARAUCO,1,32987,2021,1371854,REGION BIO BIO,8202,ARAUCO,HUMBERTO AGUIRRE DOOLAN, ,98,"HUMBERTO AGUIRRE DOOLAN 98, ARAUCO",CHILE,RANGE_INTERPOLATED,45492,2021,1371854,1,2021/08/13 00:00:00+00,1899/12/30 00:00:00+00,8,REGION BIO BIO,8202,ARAUCO,50,CHOQUE,40,CHOQUE,1,URBANA,1,TRAMO DE VIA RECTA,1,IMPRUDENCIA DEL CONDUCTOR,27,CONDUCCION NO ATENTO CONDICIONES TRANSITO MOMENTO,0,HUMBERTO AGUIRRE DOOLAN,0, ,- HUMBERTO AGUIRRE DOOLAN,98, , , , ,1,1,2,BIDIRECCIONAL,1,CONCRETO,1,BUENO,1,SECO,1,DESPEJADO,0,0,0,0,2
-8160122.31962057,-4474074.15998111,1652,2575,1371869,-73.303626,-37.250451,225,ARAUCO,1,33311,2021,1371869,REGION BIO BIO,8202,ARAUCO,BIO BIO, ,8,"BIO BIO 8, ARAUCO",CHILE,RANGE_INTERPOLATED,45922,2021,1371869,1,2021/08/14 00:00:00+00,1899/12/30 00:00:00+00,8,REGION BIO BIO,8202,ARAUCO,53,CHOQUE POSTERIOR,40,CHOQUE,1,URBANA,1,TRAMO DE VIA RECTA,1,IMPRUDENCIA DEL CONDUCTOR,93,CONDUCIR VEHICULO EN RETROCESO,0,BIO BIO,0, ,- BIO BIO,8, , , , ,1,1,2,BIDIRECCIONAL,1,CONCRETO,1,BUENO,1,SECO,1,DESPEJADO,0,0,0,0,2
-8161053.61848055,-4474016.96185781,1653,2576,1401505,-73.311992,-37.250042,225,ARAUCO,1,53449,2021,1401505,REGION BIO BIO,8202,ARAUCO,LAS AMAPOLAS, ,157,"LAS AMAPOLAS 157, ARAUCO",CHILE,RANGE_INTERPOLATED,72646,2021,1401505,1,2021/11/30 00:00:00+00,1899/12/30 00:00:00+00,8,REGION BIO BIO,8202,ARAUCO,30,COLISION,30,COLISION,1,URBANA,1,TRAMO DE VIA RECTA,1,IMPRUDENCIA DEL CONDUCTOR,27,CONDUCCION NO ATENTO CONDICIONES TRANSITO MOMENTO,0,LAS AMAPOLAS,0, ,- LAS AMAPOLAS,157, , , , ,1,1,2,BIDIRECCIONAL,1,CONCRETO,1,BUENO,1,SECO,1,DESPEJADO,0,0,0,1,1
-8161654.49882795,-4474011.61965286,1654,2577,1381904,-73.3173898,-37.2500038,225,ARAUCO,1,38517,2021,1381904,REGION BIO BIO,8202,ARAUCO,CAUPOLICAN,LOS DURAZNOS,0,"CAUPOLICAN & LOS DURAZNOS, ARAUCO",CHILE,GEOMETRIC_CENTER,52925,2021,1381904,1,2021/09/12 00:00:00+00,1899/12/30 00:00:00+00,8,REGION BIO BIO,8202,ARAUCO,32,COLISION LATERAL,30,COLISION,1,URBANA,1,TRAMO DE VIA RECTA,1,IMPRUDENCIA DEL CONDUCTOR,27,CONDUCCION NO ATENTO CONDICIONES TRANSITO MOMENTO,0,CAUPOLICAN,0,LOS DURAZNOS,CAUPOLICAN - LOS DURAZNOS,0, , , , ,1,1,2,BIDIRECCIONAL,1,CONCRETO,2,REGULAR,1,SECO,1,DESPEJADO,0,0,0,0,2
-8160030.50330456,-4473841.03412396,1655,2578,1360572,-73.3028012,-37.248784,225,ARAUCO,1,25368,2021,1360572,REGION BIO BIO,8202,ARAUCO,EL BUDI,EL BOSQUE,0,"EL BUDI & EL BOSQUE, ARAUCO",CHILE,GEOMETRIC_CENTER,35063,2021,1360572,1,2021/06/30 00:00:00+00,1899/12/30 00:00:00+00,8,REGION BIO BIO,8202,ARAUCO,52,CHOQUE LATERAL,40,CHOQUE,1,URBANA,1,TRAMO DE VIA RECTA,1,IMPRUDENCIA DEL CONDUCTOR,27,CONDUCCION NO ATENTO CONDICIONES TRANSITO MOMENTO,0,EL BUDI,0,EL BOSQUE,EL BOSQUE - EL BUDI,0, , , , ,1,1,2,BIDIRECCIONAL,1,CONCRETO,1,BUENO,1,SECO,1,DESPEJADO,0,0,0,0,1
-8162014.57285287,-4473796.99671126,1656,2579,1379333,-73.3206244,-37.2484691,225,ARAUCO,1,37040,2021,1379333,REGION BIO BIO,8202,ARAUCO,COVADONGA,ARTURO PRAT,0,"COVADONGA & ARTURO PRAT, ARAUCO",CHILE,GEOMETRIC_CENTER,50945,2021,1379333,1,2021/09/04 00:00:00+00,1899/12/30 00:00:00+00,8,REGION BIO BIO,8202,ARAUCO,10,ATROPELLO,10,ATROPELLO,1,URBANA,15,CRUCE CON SEÑAL CEDA EL PASO,1,IMPRUDENCIA DEL CONDUCTOR,27,CONDUCCION NO ATENTO CONDICIONES TRANSITO MOMENTO,0,COVADONGA,0,ARTURO PRAT,ARTURO PRAT - COVADONGA,0, , , , ,1,1,2,BIDIRECCIONAL,1,CONCRETO,1,BUENO,3,MOJADO,4,LLOVIZNA,0,0,0,1,1
-8162014.57285287,-4473796.99671126,1657,2580,1381348,-73.3206244,-37.2484691,225,ARAUCO,1,40330,2021,1381348,REGION BIO BIO,8202,ARAUCO,COVADONGA,ARTURO PRAT,0,"COVADONGA & ARTURO PRAT, ARAUCO",CHILE,GEOMETRIC_CENTER,55375,2021,1381348,1,2021/09/23 00:00:00+00,1899/12/30 00:00:00+00,8,REGION BIO BIO,8202,ARAUCO,50,CHOQUE,40,CHOQUE,1,URBANA,16,CRUCE SIN SEÑALIZACION,9,PERDIDA CONTROL VEHICULO,95,PERDIDA CONTROL VEHICULO,0,COVADONGA,0,ARTURO PRAT,ARTURO PRAT - COVADONGA,0, , , , ,2,0,1,UNIDIRECCIONAL,1,CONCRETO,1,BUENO,1,SECO,1,DESPEJADO,0,0,0,0,1
-8161484.75886839,-4473754.05027231,1658,2581,1368614,-73.315865,-37.248162,225,ARAUCO,1,30714,2021,1368614,REGION BIO BIO,8202,ARAUCO,COVADONGA, ,391,"COVADONGA 391, ARAUCO",CHILE,RANGE_INTERPOLATED,42460,2021,1368614,1,2021/07/31 00:00:00+00,1899/12/30 00:00:00+00,8,REGION BIO BIO,8202,ARAUCO,51,CHOQUE FRONTAL,40,CHOQUE,1,URBANA,26,OTROS NO CONSIDERADOS,1,IMPRUDENCIA DEL CONDUCTOR,93,CONDUCIR VEHICULO EN RETROCESO,0,COVADONGA,0, ,- COVADONGA,391, , , , ,1,0,1,UNIDIRECCIONAL,2,ASFALTO,1,BUENO,1,SECO,1,DESPEJADO,0,0,0,0,2
-8161484.75886839,-4473754.05027231,1659,2582,1379314,-73.315865,-37.248162,225,ARAUCO,1,36419,2021,1379314,REGION BIO BIO,8202,ARAUCO,COVADONGA, ,391,"COVADONGA 391, ARAUCO",CHILE,RANGE_INTERPOLATED,50117,2021,1379314,1,2021/09/01 00:00:00+00,1899/12/30 00:00:00+00,8,REGION BIO BIO,8202,ARAUCO,50,CHOQUE,40,CHOQUE,1,URBANA,26,OTROS NO CONSIDERADOS,1,IMPRUDENCIA DEL CONDUCTOR,93,CONDUCIR VEHICULO EN RETROCESO,0,COVADONGA,0, ,- COVADONGA,391, , , , ,1,0,1,UNIDIRECCIONAL,1,CONCRETO,1,BUENO,1,SECO,1,DESPEJADO,0,0,0,0,2
-8161647.83079045,-4473703.10491899,1660,2583,1397306,-73.3173299,-37.2477977,225,ARAUCO,1,50479,2021,1397306,REGION BIO BIO,8202,ARAUCO,COVADONGA, ,456,"COVADONGA 456, ARAUCO",CHILE,RANGE_INTERPOLATED,68754,2021,1397306,1,2021/11/15 00:00:00+00,1899/12/30 00:00:00+00,8,REGION BIO BIO,8202,ARAUCO,53,CHOQUE POSTERIOR,40,CHOQUE,1,URBANA,1,TRAMO DE VIA RECTA,9,PERDIDA CONTROL VEHICULO,95,PERDIDA CONTROL VEHICULO,0,COVADONGA,0, ,- COVADONGA,456, , , , ,1,1,2,BIDIRECCIONAL,1,CONCRETO,1,BUENO,1,SECO,1,DESPEJADO,0,0,0,1,1
-8161394.99083101,-4473680.64596964,1661,2584,1366483,-73.3150586,-37.2476371,225,ARAUCO,1,26674,2021,1366483,REGION BIO BIO,8202,ARAUCO,SAN MARTIN,COVADONGA,0,"SAN MARTIN & COVADONGA, ARAUCO",CHILE,GEOMETRIC_CENTER,36793,2021,1366483,1,2021/07/08 00:00:00+00,1899/12/30 00:00:00+00,8,REGION BIO BIO,8202,ARAUCO,32,COLISION LATERAL,30,COLISION,1,URBANA,15,CRUCE CON SEÑAL CEDA EL PASO,1,IMPRUDENCIA DEL CONDUCTOR,32,NO RESPETAR DERECHO PREFERENTE DE PASO A VEHICULO,0,SAN MARTIN,0,COVADONGA,COVADONGA - SAN MARTIN,0, , , , ,1,1,2,BIDIRECCIONAL,1,CONCRETO,1,BUENO,1,SECO,3,LLUVIA,0,0,0,0,3
-8161098.83645771,-4473651.08301714,1662,2585,1397582,-73.3123982,-37.2474257,225,ARAUCO,1,51058,2021,1397582,REGION BIO BIO,8202,ARAUCO,CONUMO, ,115,"CONUMO 115, ARAUCO",CHILE,RANGE_INTERPOLATED,69477,2021,1397582,1,2021/11/18 00:00:00+00,1899/12/30 00:00:00+00,8,REGION BIO BIO,8202,ARAUCO,51,CHOQUE FRONTAL,40,CHOQUE,1,URBANA,1,TRAMO DE VIA RECTA,9,PERDIDA CONTROL VEHICULO,95,PERDIDA CONTROL VEHICULO,0,CONUMO,0, ,- CONUMO,115, , , , ,1,1,2,BIDIRECCIONAL,2,ASFALTO,2,REGULAR,1,SECO,1,DESPEJADO,0,0,0,0,1
-8161243.62971938,-4473650.64950237,1663,2586,1393457,-73.3136989,-37.2474226,225,ARAUCO,1,47932,2021,1393457,REGION BIO BIO,8202,ARAUCO,COVADONGA,O'HIGGINS,0,"COVADONGA & O'HIGGINS, ARAUCO",CHILE,GEOMETRIC_CENTER,65399,2021,1393457,1,2021/11/03 00:00:00+00,1899/12/30 00:00:00+00,8,REGION BIO BIO,8202,ARAUCO,50,CHOQUE,40,CHOQUE,1,URBANA,1,TRAMO DE VIA RECTA,10,DESOBEDIENCIA A SEÑALIZACION,62,SEÑALIZACION DESOBEDECER LUZ ROJA DE SEMAFORO,0,COVADONGA,0,O'HIGGINS,COVADONGA - O'HIGGINS,0, , , , ,1,1,2,BIDIRECCIONAL,1,CONCRETO,1,BUENO,1,SECO,1,DESPEJADO,0,0,0,0,2
-8161752.64922298,-4473602.12392957,1664,2587,1376147,-73.3182715,-37.2470756,225,ARAUCO,1,35358,2021,1376147,REGION BIO BIO,8202,ARAUCO,CAUPOLICAN, ,340,"CAUPOLICAN 340, ARAUCO",CHILE,RANGE_INTERPOLATED,48697,2021,1376147,1,2021/08/26 00:00:00+00,1899/12/30 00:00:00+00,8,REGION BIO BIO,8202,ARAUCO,30,COLISION,30,COLISION,1,URBANA,1,TRAMO DE VIA RECTA,1,IMPRUDENCIA DEL CONDUCTOR,27,CONDUCCION NO ATENTO CONDICIONES TRANSITO MOMENTO,0,CAUPOLICAN,0, ,- CAUPOLICAN,340, , , , ,2,0,1,UNIDIRECCIONAL,1,CONCRETO,1,BUENO,1,SECO,2,NUBLADO,0,0,0,0,2
-8161627.2478166,-4473584.97921289,1665,2588,1359745,-73.317145,-37.246953,225,ARAUCO,1,24539,2021,1359745,REGION BIO BIO,8202,ARAUCO,ESMERALDA, ,463,"ESMERALDA 463, ARAUCO",CHILE,RANGE_INTERPOLATED,33832,2021,1359745,1,2021/06/24 00:00:00+00,1899/12/30 00:00:00+00,8,REGION BIO BIO,8202,ARAUCO,52,CHOQUE LATERAL,40,CHOQUE,1,URBANA,1,TRAMO DE VIA RECTA,1,IMPRUDENCIA DEL CONDUCTOR,27,CONDUCCION NO ATENTO CONDICIONES TRANSITO MOMENTO,0,ESMERALDA,0, ,- ESMERALDA,463, , , , ,2,0,1,UNIDIRECCIONAL,1,CONCRETO,1,BUENO,3,MOJADO,3,LLUVIA,0,0,0,0,2
-8161727.6579973,-4473582.40610937,1666,2589,1353949,-73.318047,-37.2469346,225,ARAUCO,1,20637,2021,1353949,REGION BIO BIO,8202,ARAUCO,CAUPOLICAN,ESMERALDA,0,"CAUPOLICAN & ESMERALDA, ARAUCO",CHILE,GEOMETRIC_CENTER,28444,2021,1353949,1,2021/05/31 00:00:00+00,1899/12/30 00:00:00+00,8,REGION BIO BIO,8202,ARAUCO,10,ATROPELLO,10,ATROPELLO,1,URBANA,11,CRUCE CON SEMAFORO FUNCIONANDO,1,IMPRUDENCIA DEL CONDUCTOR,27,CONDUCCION NO ATENTO CONDICIONES TRANSITO MOMENTO,0,CAUPOLICAN,0,ESMERALDA,CAUPOLICAN - ESMERALDA,0, , , , ,2,0,1,UNIDIRECCIONAL,1,CONCRETO,1,BUENO,2,HUMEDO,3,LLUVIA,0,0,0,1,1
-8161427.55178207,-4473522.32991441,1667,2590,1346671,-73.3153511,-37.246505,225,ARAUCO,1,12485,2021,1346671,REGION BIO BIO,8202,ARAUCO,ESMERALDA,SAN MARTIN,0,"ESMERALDA & SAN MARTIN, ARAUCO",CHILE,GEOMETRIC_CENTER,17263,2021,1346671,1,2021/04/01 00:00:00+00,1899/12/30 00:00:00+00,8,REGION BIO BIO,8202,ARAUCO,32,COLISION LATERAL,30,COLISION,1,URBANA,1,TRAMO DE VIA RECTA,1,IMPRUDENCIA DEL CONDUCTOR,27,CONDUCCION NO ATENTO CONDICIONES TRANSITO MOMENTO,0,ESMERALDA,0,SAN MARTIN,ESMERALDA - SAN MARTIN,0, , , , ,2,0,1,UNIDIRECCIONAL,1,CONCRETO,1,BUENO,1,SECO,1,DESPEJADO,0,0,0,0,2
-8161499.23040219,-4473510.02384598,1668,2591,1389059,-73.315995,-37.246417,225,ARAUCO,1,45321,2021,1389059,REGION BIO BIO,8202,ARAUCO,ESMERALDA, ,342,"ESMERALDA 342, ARAUCO",CHILE,RANGE_INTERPOLATED,61957,2021,1389059,1,2021/10/19 00:00:00+00,1899/12/30 00:00:00+00,8,REGION BIO BIO,8202,ARAUCO,52,CHOQUE LATERAL,40,CHOQUE,1,URBANA,1,TRAMO DE VIA RECTA,1,IMPRUDENCIA DEL CONDUCTOR,27,CONDUCCION NO ATENTO CONDICIONES TRANSITO MOMENTO,0,ESMERALDA,0, ,- ESMERALDA,342, , , , ,2,0,1,UNIDIRECCIONAL,1,CONCRETO,1,BUENO,1,SECO,1,DESPEJADO,0,0,0,0,2