X,Y,FID,FID_1,LABELID,POINT_X,POINT_Y,FID_2,COMUNAREAL,VAL_COM,OBJECTID,A_O,IDACCIDENT,REGION,COD_COMUN,COMUNA,CALLE_UNO,CALLE_DOS,NUMERO,DIR_GEOCOD,PAIS,TIPO,OBJECTID_1,Año,Idaccide_1,Claseaccid,Fecha,Hora,Cód_Regi,Región,Cód_Comun,Comuna_1,Cód_Tipo_,Tipo_Accid,Cód_Tipo1,Tipo__CONA,Cód_Zona,Zona,Cód_Ubica,Ubicación,Cód_Causa,Causa__CON,Cód_Cau_1,Causa,Cód_Calle,Calle_Un_1,Cód_Cal_1,Calle_Do_1,Intersecci,Número,Ruta,Cód_Ruta,Ubicaci_1,Km_Vía_Fe,Pistas_de_,Pistas_de1,Cód_Calza,Calzada,Cód__Tipo,Tipo_Calza,Cód_Estad,Estado_Cal,Cód_Condi,Condición,Cód_Est_1,Estado_Atm,Fallecidos,Graves,Menos_Grav,Leves,Ilesos
-8161334.19925709,-4473499.10222228,1669,2592,1359603,-73.3145125,-37.2463389,225,ARAUCO,1,23221,2021,1359603,REGION BIO BIO,8202,ARAUCO,ESMERALDA,CALLE CINCO,0,"ESMERALDA & CALLE CINCO, ARAUCO",CHILE,GEOMETRIC_CENTER,32001,2021,1359603,1,2021/06/16 00:00:00+00,1899/12/30 00:00:00+00,8,REGION BIO BIO,8202,ARAUCO,32,COLISION LATERAL,30,COLISION,1,URBANA,1,TRAMO DE VIA RECTA,1,IMPRUDENCIA DEL CONDUCTOR,29,CONDUCCION CAMBIAR SORPRESIVAMENTE PISTA CIRCULACION,0,ESMERALDA,0,CALLE CINCO,CALLE CINCO - ESMERALDA,0, , , , ,2,0,1,UNIDIRECCIONAL,1,CONCRETO,1,BUENO,1,SECO,1,DESPEJADO,0,0,0,0,2
-8161272.16090487,-4473496.0257106,1670,2593,1347297,-73.3139552,-37.2463169,225,ARAUCO,1,14885,2021,1347297,REGION BIO BIO,8202,ARAUCO,ESMERALDA,O'HIGGINS,0,"ESMERALDA & O'HIGGINS, ARAUCO",CHILE,GEOMETRIC_CENTER,20529,2021,1347297,1,2021/04/21 00:00:00+00,1899/12/30 00:00:00+00,8,REGION BIO BIO,8202,ARAUCO,52,CHOQUE LATERAL,40,CHOQUE,1,URBANA,16,CRUCE SIN SEÑALIZACION,1,IMPRUDENCIA DEL CONDUCTOR,27,CONDUCCION NO ATENTO CONDICIONES TRANSITO MOMENTO,0,ESMERALDA,0,O'HIGGINS,ESMERALDA - O'HIGGINS,0, , , , ,2,0,1,UNIDIRECCIONAL,1,CONCRETO,1,BUENO,1,SECO,1,DESPEJADO,0,0,0,0,2
-8161272.16090487,-4473496.0257106,1671,2594,1367356,-73.3139552,-37.2463169,225,ARAUCO,1,27807,2021,1367356,REGION BIO BIO,8202,ARAUCO,ESMERALDA,O'HIGGINS,0,"ESMERALDA & O'HIGGINS, ARAUCO",CHILE,GEOMETRIC_CENTER,38391,2021,1367356,1,2021/07/14 00:00:00+00,1899/12/30 00:00:00+00,8,REGION BIO BIO,8202,ARAUCO,70,VOLCADURA,70,VOLCADURA,1,URBANA,1,TRAMO DE VIA RECTA,1,IMPRUDENCIA DEL CONDUCTOR,27,CONDUCCION NO ATENTO CONDICIONES TRANSITO MOMENTO,0,ESMERALDA,0,O'HIGGINS,ESMERALDA - O'HIGGINS,0, , , , ,2,0,1,UNIDIRECCIONAL,1,CONCRETO,1,BUENO,1,SECO,4,LLOVIZNA,0,0,0,1,1
-8162088.5446545,-4473495.66212292,1672,2595,1359738,-73.3212889,-37.2463143,225,ARAUCO,1,24419,2021,1359738,REGION BIO BIO,8202,ARAUCO,CARLOS CONDELL,ARTURO PRAT,0,"CARLOS CONDELL & ARTURO PRAT, ARAUCO",CHILE,GEOMETRIC_CENTER,33669,2021,1359738,1,2021/06/23 00:00:00+00,1899/12/30 00:00:00+00,8,REGION BIO BIO,8202,ARAUCO,50,CHOQUE,40,CHOQUE,1,URBANA,14,CRUCE CON SEÑAL PARE,4,ALCOHOL EN CONDUCTOR,24,CONDUCCION EN ESTADO DE EBRIEDAD,0,CARLOS CONDELL,0,ARTURO PRAT,ARTURO PRAT - CARLOS CONDELL,0, , , , ,2,0,1,UNIDIRECCIONAL,1,CONCRETO,1,BUENO,2,HUMEDO,4,LLOVIZNA,0,0,0,0,1
-8162088.5446545,-4473495.66212292,1673,2596,1379324,-73.3212889,-37.2463143,225,ARAUCO,1,37007,2021,1379324,REGION BIO BIO,8202,ARAUCO,CARLOS CONDELL,ARTURO PRAT,0,"CARLOS CONDELL & ARTURO PRAT, ARAUCO",CHILE,GEOMETRIC_CENTER,50895,2021,1379324,1,2021/09/04 00:00:00+00,1899/12/30 00:00:00+00,8,REGION BIO BIO,8202,ARAUCO,53,CHOQUE POSTERIOR,40,CHOQUE,1,URBANA,14,CRUCE CON SEÑAL PARE,1,IMPRUDENCIA DEL CONDUCTOR,27,CONDUCCION NO ATENTO CONDICIONES TRANSITO MOMENTO,0,CARLOS CONDELL,0,ARTURO PRAT,ARTURO PRAT - CARLOS CONDELL,0, , , , ,2,0,1,UNIDIRECCIONAL,1,CONCRETO,1,BUENO,1,SECO,1,DESPEJADO,0,0,0,0,2
-8162065.25661703,-4473471.83317282,1674,2597,1350282,-73.3210797,-37.2461439,225,ARAUCO,1,18198,2021,1350282,REGION BIO BIO,8202,ARAUCO,PRAT, ,294,"PRAT 294, ARAUCO",CHILE,RANGE_INTERPOLATED,25025,2021,1350282,1,2021/05/15 00:00:00+00,1899/12/30 00:00:00+00,8,REGION BIO BIO,8202,ARAUCO,51,CHOQUE FRONTAL,40,CHOQUE,1,URBANA,1,TRAMO DE VIA RECTA,1,IMPRUDENCIA DEL CONDUCTOR,27,CONDUCCION NO ATENTO CONDICIONES TRANSITO MOMENTO,0,PRAT,0, ,- PRAT,294, , , , ,2,0,1,UNIDIRECCIONAL,1,CONCRETO,1,BUENO,1,SECO,1,DESPEJADO,0,0,0,0,1
-8163988.36761218,-4473471.32974488,1675,2598,1397583,-73.3383553,-37.2461403,225,ARAUCO,1,51249,2021,1397583,REGION BIO BIO,8202,ARAUCO,OMAR GAYOSO, ,1792,"OMAR GAYOSO 1792, ARAUCO",CHILE,RANGE_INTERPOLATED,69725,2021,1397583,1,2021/11/19 00:00:00+00,1899/12/30 00:00:00+00,8,REGION BIO BIO,8202,ARAUCO,52,CHOQUE LATERAL,40,CHOQUE,1,URBANA,1,TRAMO DE VIA RECTA,1,IMPRUDENCIA DEL CONDUCTOR,27,CONDUCCION NO ATENTO CONDICIONES TRANSITO MOMENTO,0,OMAR GAYOSO,0, ,- OMAR GAYOSO,1792, , , , ,1,1,2,BIDIRECCIONAL,1,CONCRETO,1,BUENO,1,SECO,1,DESPEJADO,0,0,0,0,2
-8161917.94753486,-4473455.13615891,1676,2599,1343094,-73.3197564,-37.2460245,225,ARAUCO,1,12257,2021,1343094,REGION BIO BIO,8202,ARAUCO,CARLOS CONDELL,SERRANO,0,"CARLOS CONDELL & SERRANO, ARAUCO",CHILE,GEOMETRIC_CENTER,16971,2021,1343094,1,2021/03/30 00:00:00+00,1899/12/30 00:00:00+00,8,REGION BIO BIO,8202,ARAUCO,40,IMPACTO CON ANIMAL,99,OTRO TIPO,1,URBANA,1,TRAMO DE VIA RECTA,11,DEFICIENCIAS VIALES,92,ANIMALES SUELTOS VIA PUBLICA,0,CARLOS CONDELL,0,SERRANO,CARLOS CONDELL - SERRANO,0, , , , ,2,0,1,UNIDIRECCIONAL,1,CONCRETO,1,BUENO,1,SECO,1,DESPEJADO,0,0,0,1,0
-8161917.94753486,-4473455.13615891,1677,2600,1350056,-73.3197564,-37.2460245,225,ARAUCO,1,16600,2021,1350056,REGION BIO BIO,8202,ARAUCO,SERRANO,CARLOS CONDELL,0,"SERRANO & CARLOS CONDELL, ARAUCO",CHILE,GEOMETRIC_CENTER,22896,2021,1350056,1,2021/05/04 00:00:00+00,1899/12/30 00:00:00+00,8,REGION BIO BIO,8202,ARAUCO,10,ATROPELLO,10,ATROPELLO,1,URBANA,15,CRUCE CON SEÑAL CEDA EL PASO,1,IMPRUDENCIA DEL CONDUCTOR,27,CONDUCCION NO ATENTO CONDICIONES TRANSITO MOMENTO,0,SERRANO,0,CARLOS CONDELL,CARLOS CONDELL - SERRANO,0, , , , ,2,0,1,UNIDIRECCIONAL,1,CONCRETO,1,BUENO,1,SECO,1,DESPEJADO,0,0,0,1,1
-8161917.94753486,-4473455.13615891,1678,2601,1367326,-73.3197564,-37.2460245,225,ARAUCO,1,27737,2021,1367326,REGION BIO BIO,8202,ARAUCO,SERRANO,CARLOS CONDELL,0,"SERRANO & CARLOS CONDELL, ARAUCO",CHILE,GEOMETRIC_CENTER,38292,2021,1367326,1,2021/07/14 00:00:00+00,1899/12/30 00:00:00+00,8,REGION BIO BIO,8202,ARAUCO,30,COLISION,30,COLISION,1,URBANA,14,CRUCE CON SEÑAL PARE,1,IMPRUDENCIA DEL CONDUCTOR,27,CONDUCCION NO ATENTO CONDICIONES TRANSITO MOMENTO,0,SERRANO,0,CARLOS CONDELL,CARLOS CONDELL - SERRANO,0, , , , ,2,0,1,UNIDIRECCIONAL,1,CONCRETO,1,BUENO,1,SECO,1,DESPEJADO,0,1,0,0,1
-8161917.94753486,-4473455.13615891,1679,2602,1371871,-73.3197564,-37.2460245,225,ARAUCO,1,33344,2021,1371871,REGION BIO BIO,8202,ARAUCO,CARLOS CONDELL,SERRANO,0,"CARLOS CONDELL & SERRANO, ARAUCO",CHILE,GEOMETRIC_CENTER,45968,2021,1371871,1,2021/08/14 00:00:00+00,1899/12/30 00:00:00+00,8,REGION BIO BIO,8202,ARAUCO,32,COLISION LATERAL,30,COLISION,1,URBANA,15,CRUCE CON SEÑAL CEDA EL PASO,1,IMPRUDENCIA DEL CONDUCTOR,32,NO RESPETAR DERECHO PREFERENTE DE PASO A VEHICULO,0,CARLOS CONDELL,0,SERRANO,CARLOS CONDELL - SERRANO,0, , , , ,2,0,1,UNIDIRECCIONAL,1,CONCRETO,1,BUENO,1,SECO,1,DESPEJADO,0,0,0,0,2
-8160896.59120683,-4473443.62726104,1680,2603,1350274,-73.3105814,-37.2459422,225,ARAUCO,1,17482,2021,1350274,REGION BIO BIO,8202,ARAUCO,ESMERALDA, ,5,"ESMERALDA 5, ARAUCO",CHILE,RANGE_INTERPOLATED,24086,2021,1350274,1,2021/05/10 00:00:00+00,1899/12/30 00:00:00+00,8,REGION BIO BIO,8202,ARAUCO,30,COLISION,30,COLISION,1,URBANA,1,TRAMO DE VIA RECTA,1,IMPRUDENCIA DEL CONDUCTOR,27,CONDUCCION NO ATENTO CONDICIONES TRANSITO MOMENTO,0,ESMERALDA,0, ,- ESMERALDA,5, , , , ,2,0,1,UNIDIRECCIONAL,1,CONCRETO,1,BUENO,1,SECO,1,DESPEJADO,0,0,0,0,2
-8160958.21767693,-4473435.37666155,1681,2604,1395262,-73.311135,-37.2458832,225,ARAUCO,1,49730,2021,1395262,REGION BIO BIO,8202,ARAUCO,KORNER,ESMERALDA,0,"KORNER & ESMERALDA, ARAUCO",CHILE,GEOMETRIC_CENTER,67734,2021,1395262,1,2021/11/12 00:00:00+00,1899/12/30 00:00:00+00,8,REGION BIO BIO,8202,ARAUCO,50,CHOQUE,40,CHOQUE,1,URBANA,14,CRUCE CON SEÑAL PARE,1,IMPRUDENCIA DEL CONDUCTOR,27,CONDUCCION NO ATENTO CONDICIONES TRANSITO MOMENTO,0,KORNER,0,ESMERALDA,ESMERALDA - KORNER,0, , , , ,2,0,1,UNIDIRECCIONAL,1,CONCRETO,1,BUENO,1,SECO,1,DESPEJADO,0,0,0,1,1
-8161607.08785682,-4473396.78072262,1682,2605,1323733,-73.3169639,-37.2456072,225,ARAUCO,1,45,2021,1323733,REGION BIO BIO,8202,ARAUCO,CARLOS CONDELL,CHACABUCO,0,"CARLOS CONDELL & CHACABUCO, ARAUCO",CHILE,GEOMETRIC_CENTER,65,2021,1323733,1,2021/01/01 00:00:00+00,1899/12/30 00:00:00+00,8,REGION BIO BIO,8202,ARAUCO,32,COLISION LATERAL,30,COLISION,1,URBANA,11,CRUCE CON SEMAFORO FUNCIONANDO,4,ALCOHOL EN CONDUCTOR,24,CONDUCCION EN ESTADO DE EBRIEDAD,0,CARLOS CONDELL,0,CHACABUCO,CARLOS CONDELL - CHACABUCO,0, , , , ,2,0,1,UNIDIRECCIONAL,1,CONCRETO,1,BUENO,1,SECO,1,DESPEJADO,0,0,0,1,1
-8161607.08785682,-4473396.78072262,1683,2606,1357856,-73.3169639,-37.2456072,225,ARAUCO,1,20914,2021,1357856,REGION BIO BIO,8202,ARAUCO,CARLOS CONDELL,CHACABUCO,0,"CARLOS CONDELL & CHACABUCO, ARAUCO",CHILE,GEOMETRIC_CENTER,28830,2021,1357856,1,2021/06/02 00:00:00+00,1899/12/30 00:00:00+00,8,REGION BIO BIO,8202,ARAUCO,31,COLISION FRONTAL,30,COLISION,1,URBANA,11,CRUCE CON SEMAFORO FUNCIONANDO,1,IMPRUDENCIA DEL CONDUCTOR,27,CONDUCCION NO ATENTO CONDICIONES TRANSITO MOMENTO,0,CARLOS CONDELL,0,CHACABUCO,CARLOS CONDELL - CHACABUCO,0, , , , ,2,0,1,UNIDIRECCIONAL,1,CONCRETO,1,BUENO,1,SECO,1,DESPEJADO,0,0,0,0,2
-8161625.76726738,-4473386.74020805,1684,2607,1403724,-73.3171317,-37.2455354,225,ARAUCO,1,55812,2021,1403724,REGION BIO BIO,8202,ARAUCO,CARLOS CONDELL, ,406,"CARLOS CONDELL 406, ARAUCO",CHILE,RANGE_INTERPOLATED,75880,2021,1403724,1,2021/12/13 00:00:00+00,1899/12/30 00:00:00+00,8,REGION BIO BIO,8202,ARAUCO,50,CHOQUE,40,CHOQUE,1,URBANA,1,TRAMO DE VIA RECTA,4,ALCOHOL EN CONDUCTOR,24,CONDUCCION EN ESTADO DE EBRIEDAD,0,CARLOS CONDELL,0, ,- CARLOS CONDELL,406, , , , ,2,0,1,UNIDIRECCIONAL,1,CONCRETO,1,BUENO,1,SECO,1,DESPEJADO,0,2,0,2,0
-8163932.79692237,-4473384.71252869,1685,2608,1368077,-73.3378561,-37.2455209,225,ARAUCO,1,30508,2021,1368077,REGION BIO BIO,8202,ARAUCO,LOS JESUITAS,PEWUEN,0,"LOS JESUITAS & PEWUEN, ARAUCO",CHILE,GEOMETRIC_CENTER,42155,2021,1368077,1,2021/07/30 00:00:00+00,1899/12/30 00:00:00+00,8,REGION BIO BIO,8202,ARAUCO,68,CHOQUE POSTERIOR/LADO,40,CHOQUE,1,URBANA,1,TRAMO DE VIA RECTA,1,IMPRUDENCIA DEL CONDUCTOR,93,CONDUCIR VEHICULO EN RETROCESO,0,LOS JESUITAS,0,PEWUEN,LOS JESUITAS - PEWUEN,0, , , , ,1,0,1,UNIDIRECCIONAL,1,CONCRETO,1,BUENO,1,SECO,1,DESPEJADO,0,0,0,0,2
-8163384.38145098,-4473360.84187758,1686,2609,1336648,-73.3329296,-37.2453502,225,ARAUCO,1,9413,2021,1336648,REGION BIO BIO,8202,ARAUCO,OMAR VIVANCO, ,11,"OMAR VIVANCO 11, ARAUCO",CHILE,RANGE_INTERPOLATED,13138,2021,1336648,1,2021/03/08 00:00:00+00,1899/12/30 00:00:00+00,8,REGION BIO BIO,8202,ARAUCO,50,CHOQUE,40,CHOQUE,1,URBANA,1,TRAMO DE VIA RECTA,1,IMPRUDENCIA DEL CONDUCTOR,93,CONDUCIR VEHICULO EN RETROCESO,0,OMAR VIVANCO,0, ,- OMAR VIVANCO,11, , , , ,1,0,1,UNIDIRECCIONAL,1,CONCRETO,1,BUENO,1,SECO,1,DESPEJADO,0,0,0,0,2
-8164038.71741786,-4473334.28636616,1687,2610,1362292,-73.3388076,-37.2451603,225,ARAUCO,1,26018,2021,1362292,REGION BIO BIO,8202,ARAUCO,FARID METUAZE GAZALE,LUIS CARTES FREDES,0,"FARID METUAZE GAZALE & LUIS CARTES FREDES, ARAUCO",CHILE,GEOMETRIC_CENTER,35908,2021,1362292,1,2021/07/04 00:00:00+00,1899/12/30 00:00:00+00,8,REGION BIO BIO,8202,ARAUCO,52,CHOQUE LATERAL,40,CHOQUE,1,URBANA,14,CRUCE CON SEÑAL PARE,1,IMPRUDENCIA DEL CONDUCTOR,27,CONDUCCION NO ATENTO CONDICIONES TRANSITO MOMENTO,0,FARID METUAZE GAZALE,0,LUIS CARTES FREDES,FARID METUAZE GAZALE - LUIS CARTES FREDES,0, , , , ,1,1,2,BIDIRECCIONAL,1,CONCRETO,1,BUENO,3,MOJADO,4,LLOVIZNA,0,0,0,1,1
-8161892.93404528,-4473275.80574441,1688,2611,1367570,-73.3195317,-37.2447421,225,ARAUCO,1,28676,2021,1367570,REGION BIO BIO,8202,ARAUCO,LORD COCHRANE, ,1156,"LORD COCHRANE 1156, ARAUCO",CHILE,RANGE_INTERPOLATED,39625,2021,1367570,1,2021/07/19 00:00:00+00,1899/12/30 00:00:00+00,8,REGION BIO BIO,8202,ARAUCO,30,COLISION,30,COLISION,1,URBANA,1,TRAMO DE VIA RECTA,4,ALCOHOL EN CONDUCTOR,24,CONDUCCION EN ESTADO DE EBRIEDAD,0,LORD COCHRANE,0, ,- LORD COCHRANE,1156, , , , ,2,0,1,UNIDIRECCIONAL,1,CONCRETO,1,BUENO,1,SECO,2,NUBLADO,0,0,0,2,2
-8161892.93404528,-4473275.80574441,1689,2612,1376046,-73.3195317,-37.2447421,225,ARAUCO,1,34597,2021,1376046,REGION BIO BIO,8202,ARAUCO,LORD COCHRANE, ,928,"LORD COCHRANE 928, ARAUCO",CHILE,RANGE_INTERPOLATED,47698,2021,1376046,1,2021/08/21 00:00:00+00,1899/12/30 00:00:00+00,8,REGION BIO BIO,8202,ARAUCO,10,ATROPELLO,10,ATROPELLO,1,URBANA,1,TRAMO DE VIA RECTA,2,IMPRUDENCIA DEL PEATON,55,PEATON CRUZA CALZADA FUERA PASO PEATONES,0,LORD COCHRANE,0, ,- LORD COCHRANE,928, , , , ,2,0,1,UNIDIRECCIONAL,1,CONCRETO,1,BUENO,3,MOJADO,3,LLUVIA,0,1,0,0,1
-8161868.15432663,-4473258.94123515,1690,2613,1366564,-73.3193091,-37.2446215,225,ARAUCO,1,27365,2021,1366564,REGION BIO BIO,8202,ARAUCO,COCHRANE, ,552,"COCHRANE 552, ARAUCO",CHILE,RANGE_INTERPOLATED,37749,2021,1366564,1,2021/07/12 00:00:00+00,1899/12/30 00:00:00+00,8,REGION BIO BIO,8202,ARAUCO,50,CHOQUE,40,CHOQUE,1,URBANA,1,TRAMO DE VIA RECTA,1,IMPRUDENCIA DEL CONDUCTOR,27,CONDUCCION NO ATENTO CONDICIONES TRANSITO MOMENTO,0,COCHRANE,0, ,- COCHRANE,552, , , , ,2,0,1,UNIDIRECCIONAL,1,CONCRETO,1,BUENO,1,SECO,1,DESPEJADO,0,0,0,0,2
-8162152.87618823,-4473204.62818974,1691,2614,1380422,-73.3218668,-37.2442331,225,ARAUCO,1,38516,2021,1380422,REGION BIO BIO,8202,ARAUCO,PRAT,ESMERALDA,0,"PRAT & ESMERALDA, ARAUCO",CHILE,GEOMETRIC_CENTER,52924,2021,1380422,1,2021/09/12 00:00:00+00,1899/12/30 00:00:00+00,8,REGION BIO BIO,8202,ARAUCO,53,CHOQUE POSTERIOR,40,CHOQUE,1,URBANA,16,CRUCE SIN SEÑALIZACION,1,IMPRUDENCIA DEL CONDUCTOR,28,CONDUCCION SIN MANTENER DISTANCIA RAZONABLE NI PRUDENTE,0,PRAT,0,ESMERALDA,ESMERALDA - PRAT,0, , , , ,2,0,1,UNIDIRECCIONAL,1,CONCRETO,1,BUENO,3,MOJADO,3,LLUVIA,0,0,0,0,2
-8160872.45714123,-4473194.0704598,1692,2615,1405667,-73.3103646,-37.2441576,225,ARAUCO,1,56114,2021,1405667,REGION BIO BIO,8202,ARAUCO,CALLE UNO, ,249,"CALLE UNO 249, ARAUCO",CHILE,RANGE_INTERPOLATED,76283,2021,1405667,1,2021/12/14 00:00:00+00,1899/12/30 00:00:00+00,8,REGION BIO BIO,8202,ARAUCO,53,CHOQUE POSTERIOR,40,CHOQUE,1,URBANA,1,TRAMO DE VIA RECTA,1,IMPRUDENCIA DEL CONDUCTOR,93,CONDUCIR VEHICULO EN RETROCESO,0,CALLE UNO,0, ,- CALLE UNO,249, , , , ,1,1,2,BIDIRECCIONAL,1,CONCRETO,1,BUENO,1,SECO,1,DESPEJADO,0,0,0,0,2
-8162232.02434618,-4473171.69649755,1693,2616,1336110,-73.3225778,-37.2439976,225,ARAUCO,1,7071,2021,1336110,REGION BIO BIO,8202,ARAUCO,BLANCO, ,766,"BLANCO 766, ARAUCO",CHILE,RANGE_INTERPOLATED,9911,2021,1336110,1,2021/02/21 00:00:00+00,1899/12/30 00:00:00+00,8,REGION BIO BIO,8202,ARAUCO,30,COLISION,30,COLISION,1,URBANA,1,TRAMO DE VIA RECTA,1,IMPRUDENCIA DEL CONDUCTOR,93,CONDUCIR VEHICULO EN RETROCESO,0,BLANCO,0, ,- BLANCO,766, , , , ,2,0,1,UNIDIRECCIONAL,1,CONCRETO,1,BUENO,1,SECO,1,DESPEJADO,0,0,0,0,2
-8162247.96529727,-4473170.21422422,1694,2617,1405631,-73.322721,-37.243987,225,ARAUCO,1,56971,2021,1405631,REGION BIO BIO,8202,ARAUCO,BLANCO, ,770,"BLANCO 770, ARAUCO",CHILE,RANGE_INTERPOLATED,77399,2021,1405631,1,2021/12/18 00:00:00+00,1899/12/30 00:00:00+00,8,REGION BIO BIO,8202,ARAUCO,30,COLISION,30,COLISION,1,URBANA,1,TRAMO DE VIA RECTA,4,ALCOHOL EN CONDUCTOR,24,CONDUCCION EN ESTADO DE EBRIEDAD,0,BLANCO,0, ,- BLANCO,770, , , , ,2,0,1,UNIDIRECCIONAL,1,CONCRETO,1,BUENO,1,SECO,1,DESPEJADO,0,0,0,0,2
-8161104.38016835,-4473163.20838804,1695,2618,1350673,-73.312448,-37.2439369,225,ARAUCO,1,18320,2021,1350673,REGION BIO BIO,8202,ARAUCO,COCHRANE, ,12,"COCHRANE 12, ARAUCO",CHILE,RANGE_INTERPOLATED,25201,2021,1350673,1,2021/05/16 00:00:00+00,1899/12/30 00:00:00+00,8,REGION BIO BIO,8202,ARAUCO,33,COLISION POR ALCANCE,30,COLISION,1,URBANA,1,TRAMO DE VIA RECTA,1,IMPRUDENCIA DEL CONDUCTOR,28,CONDUCCION SIN MANTENER DISTANCIA RAZONABLE NI PRUDENTE,0,COCHRANE,0, ,- COCHRANE,12, , , , ,1,1,2,BIDIRECCIONAL,1,CONCRETO,1,BUENO,1,SECO,1,DESPEJADO,0,0,0,0,3
-8161804.89146001,-4473112.62946541,1696,2619,1340232,-73.3187408,-37.2435752,225,ARAUCO,1,10095,2021,1340232,REGION BIO BIO,8202,ARAUCO,BLANCO,CAUPOLICAN,0,"BLANCO & CAUPOLICAN, ARAUCO",CHILE,GEOMETRIC_CENTER,14039,2021,1340232,1,2021/03/12 00:00:00+00,1899/12/30 00:00:00+00,8,REGION BIO BIO,8202,ARAUCO,70,VOLCADURA,70,VOLCADURA,1,URBANA,14,CRUCE CON SEÑAL PARE,4,ALCOHOL EN CONDUCTOR,21,CONDUCCION BAJO LA INFLUENCIA DEL ALCOHOL,0,BLANCO,0,CAUPOLICAN,BLANCO - CAUPOLICAN,0, , , , ,2,0,1,UNIDIRECCIONAL,1,CONCRETO,2,REGULAR,1,SECO,1,DESPEJADO,0,0,1,0,0
-8161804.89146001,-4473112.62946541,1697,2620,1395158,-73.3187408,-37.2435752,225,ARAUCO,1,49523,2021,1395158,REGION BIO BIO,8202,ARAUCO,CAUPOLICAN,BLANCO,0,"CAUPOLICAN & BLANCO, ARAUCO",CHILE,GEOMETRIC_CENTER,67478,2021,1395158,1,2021/11/11 00:00:00+00,1899/12/30 00:00:00+00,8,REGION BIO BIO,8202,ARAUCO,52,CHOQUE LATERAL,40,CHOQUE,1,URBANA,1,TRAMO DE VIA RECTA,4,ALCOHOL EN CONDUCTOR,24,CONDUCCION EN ESTADO DE EBRIEDAD,0,CAUPOLICAN,0,BLANCO,BLANCO - CAUPOLICAN,0, , , , ,2,0,1,UNIDIRECCIONAL,1,CONCRETO,1,BUENO,1,SECO,1,DESPEJADO,0,0,0,0,3
-8161663.78287348,-4472984.34439528,1698,2621,1408371,-73.3174732,-37.2426578,225,ARAUCO,1,58490,2021,1408371,REGION BIO BIO,8202,ARAUCO,CHACABUCO, ,15,"CHACABUCO 15, ARAUCO",CHILE,RANGE_INTERPOLATED,79463,2021,1408371,1,2021/12/26 00:00:00+00,1899/12/30 00:00:00+00,8,REGION BIO BIO,8202,ARAUCO,52,CHOQUE LATERAL,40,CHOQUE,1,URBANA,1,TRAMO DE VIA RECTA,1,IMPRUDENCIA DEL CONDUCTOR,27,CONDUCCION NO ATENTO CONDICIONES TRANSITO MOMENTO,0,CHACABUCO,0, ,- CHACABUCO,15, , , , ,2,0,1,UNIDIRECCIONAL,1,CONCRETO,1,BUENO,1,SECO,1,DESPEJADO,0,0,0,0,2
-8161843.95346933,-4472910.05051834,1699,2622,1401895,-73.3190917,-37.2421265,225,ARAUCO,1,54992,2021,1401895,REGION BIO BIO,8202,ARAUCO,FRESIA,CAUPOLICAN,0,"FRESIA & CAUPOLICAN, ARAUCO",CHILE,GEOMETRIC_CENTER,74717,2021,1401895,1,2021/12/08 00:00:00+00,1899/12/30 00:00:00+00,8,REGION BIO BIO,8202,ARAUCO,52,CHOQUE LATERAL,40,CHOQUE,1,URBANA,1,TRAMO DE VIA RECTA,1,IMPRUDENCIA DEL CONDUCTOR,28,CONDUCCION SIN MANTENER DISTANCIA RAZONABLE NI PRUDENTE,0,FRESIA,0,CAUPOLICAN,CAUPOLICAN - FRESIA,0, , , , ,1,1,2,BIDIRECCIONAL,1,CONCRETO,1,BUENO,1,SECO,1,DESPEJADO,0,0,0,0,2
-8162291.17952359,-4472639.12631523,1700,2623,1392299,-73.3231092,-37.240189,225,ARAUCO,1,47642,2021,1392299,REGION BIO BIO,8202,ARAUCO,PRAT, ,183,"PRAT 183, ARAUCO",CHILE,RANGE_INTERPOLATED,65008,2021,1392299,1,2021/11/01 00:00:00+00,1899/12/30 00:00:00+00,8,REGION BIO BIO,8202,ARAUCO,53,CHOQUE POSTERIOR,40,CHOQUE,1,URBANA,1,TRAMO DE VIA RECTA,4,ALCOHOL EN CONDUCTOR,24,CONDUCCION EN ESTADO DE EBRIEDAD,0,PRAT,0, ,- PRAT,183, , , , ,2,0,1,UNIDIRECCIONAL,1,CONCRETO,1,BUENO,1,SECO,1,DESPEJADO,0,0,0,0,2
-8176172.43059484,-4471274.29161983,1701,2624,1353523,-73.4478066,-37.2304277,225,ARAUCO,1,19347,2021,1353523,REGION BIO BIO,8202,ARAUCO,PRINCIPAL TUBUL,ARTURO PRAT,0,"PRINCIPAL TUBUL & ARTURO PRAT, ARAUCO",CHILE,GEOMETRIC_CENTER,26616,2021,1353523,1,2021/05/22 00:00:00+00,1899/12/30 00:00:00+00,8,REGION BIO BIO,8202,ARAUCO,53,CHOQUE POSTERIOR,40,CHOQUE,1,URBANA,1,TRAMO DE VIA RECTA,1,IMPRUDENCIA DEL CONDUCTOR,93,CONDUCIR VEHICULO EN RETROCESO,0,PRINCIPAL TUBUL,0,ARTURO PRAT,ARTURO PRAT - PRINCIPAL TUBUL,0, , , , ,1,1,2,BIDIRECCIONAL,1,CONCRETO,1,BUENO,1,SECO,1,DESPEJADO,0,0,0,0,2