X,Y,FID,FID_1,LABELID,POINT_X,POINT_Y,FID_2,COMUNAREAL,VAL_COM,OBJECTID,A_O,IDACCIDENT,REGION,COD_COMUN,COMUNA,CALLE_UNO,CALLE_DOS,NUMERO,DIR_GEOCOD,PAIS,TIPO,OBJECTID_1,Año,Idaccide_1,Claseaccid,Fecha,Hora,Cód_Regi,Región,Cód_Comun,Comuna_1,Cód_Tipo_,Tipo_Accid,Cód_Tipo1,Tipo__CONA,Cód_Zona,Zona,Cód_Ubica,Ubicación,Cód_Causa,Causa__CON,Cód_Cau_1,Causa,Cód_Calle,Calle_Un_1,Cód_Cal_1,Calle_Do_1,Intersecci,Número,Ruta,Cód_Ruta,Ubicaci_1,Km_Vía_Fe,Pistas_de_,Pistas_de1,Cód_Calza,Calzada,Cód__Tipo,Tipo_Calza,Cód_Estad,Estado_Cal,Cód_Condi,Condición,Cód_Est_1,Estado_Atm,Fallecidos,Graves,Menos_Grav,Leves,Ilesos
-8146939.74306939,-4462633.74869777,1702,2625,1350267,-73.1852049,-37.1686012,225,ARAUCO,1,17132,2021,1350267,REGION BIO BIO,8202,ARAUCO,FERNANDO SANTIBAN, ,355,"FERNANDO SANTIBAN 355, ARAUCO",CHILE,RANGE_INTERPOLATED,23610,2021,1350267,1,2021/05/08 00:00:00+00,1899/12/30 00:00:00+00,8,REGION BIO BIO,8202,ARAUCO,51,CHOQUE FRONTAL,40,CHOQUE,2,RURAL,1,TRAMO DE VIA RECTA,4,ALCOHOL EN CONDUCTOR,24,CONDUCCION EN ESTADO DE EBRIEDAD,0,FERNANDO SANTIBAN,0, ,- FERNANDO SANTIBAN,355, , , , ,1,1,2,BIDIRECCIONAL,1,CONCRETO,1,BUENO,1,SECO,1,DESPEJADO,0,1,0,0,0
-7978747.58083974,-4485054.77802508,1703,2568,1374499,-71.674309,-37.3289277,123,ANTUCO,1,34482,2021,1374499,REGION BIO BIO,8302,ANTUCO,O'HIGGINS,MAIPU,0,"O'HIGGINS & MAIPU, ANTUCO",CHILE,GEOMETRIC_CENTER,47531,2021,1374499,1,2021/08/21 00:00:00+00,1899/12/30 00:00:00+00,8,REGION BIO BIO,8302,ANTUCO,32,COLISION LATERAL,30,COLISION,1,URBANA,15,CRUCE CON SEÑAL CEDA EL PASO,1,IMPRUDENCIA DEL CONDUCTOR,27,CONDUCCION NO ATENTO CONDICIONES TRANSITO MOMENTO,0,O'HIGGINS,0,MAIPU,MAIPU - O'HIGGINS,0, , , , ,1,1,2,BIDIRECCIONAL,1,CONCRETO,1,BUENO,3,MOJADO,3,LLUVIA,0,0,0,2,1
-7978592.30128204,-4485041.59050115,1704,2569,1358873,-71.6729141,-37.3288335,123,ANTUCO,1,23804,2021,1358873,REGION BIO BIO,8302,ANTUCO,BAQUEDANO,LOS CARRERA,0,"BAQUEDANO & LOS CARRERA, ANTUCO",CHILE,GEOMETRIC_CENTER,32800,2021,1358873,1,2021/06/19 00:00:00+00,1899/12/30 00:00:00+00,8,REGION BIO BIO,8302,ANTUCO,51,CHOQUE FRONTAL,40,CHOQUE,1,URBANA,1,TRAMO DE VIA RECTA,8,DROGAS Y/O FATIGA EN CONDUCTOR,25,"CONDICIONES FISICAS DEFICIENTES (CANSANCIO, SUEÑO)",0,BAQUEDANO,0,LOS CARRERA,BAQUEDANO - LOS CARRERA,0, , , , ,1,1,2,BIDIRECCIONAL,2,ASFALTO,1,BUENO,2,HUMEDO,2,NUBLADO,0,0,0,1,0
-8057684.944206,-4469195.05961206,1705,4077,1326237,-72.3834154,-37.2155546,122,CABRERO,0,1574,2021,1326237,REGION BIO BIO,8304,LAJA,LOS RIOS,LAVANDEROS,0,"LOS RIOS & LAVANDEROS, LAJA",CHILE,GEOMETRIC_CENTER,2165,2021,1326237,1,2021/01/11 00:00:00+00,1899/12/30 00:00:00+00,8,REGION BIO BIO,8304,LAJA,30,COLISION,30,COLISION,1,URBANA,14,CRUCE CON SEÑAL PARE,1,IMPRUDENCIA DEL CONDUCTOR,27,CONDUCCION NO ATENTO CONDICIONES TRANSITO MOMENTO,0,LOS RIOS,0,LAVANDEROS,LAVANDEROS - LOS RIOS,0, , , , ,1,1,2,BIDIRECCIONAL,2,ASFALTO,1,BUENO,1,SECO,1,DESPEJADO,0,0,0,4,0
-8057684.944206,-4469195.05961206,1706,4078,1345565,-72.3834154,-37.2155546,122,CABRERO,0,14373,2021,1345565,REGION BIO BIO,8304,LAJA,LOS RIOS,LAVANDEROS,0,"LOS RIOS & LAVANDEROS, LAJA",CHILE,GEOMETRIC_CENTER,19810,2021,1345565,1,2021/04/17 00:00:00+00,1899/12/30 00:00:00+00,8,REGION BIO BIO,8304,LAJA,33,COLISION POR ALCANCE,30,COLISION,1,URBANA,14,CRUCE CON SEÑAL PARE,1,IMPRUDENCIA DEL CONDUCTOR,27,CONDUCCION NO ATENTO CONDICIONES TRANSITO MOMENTO,0,LOS RIOS,0,LAVANDEROS,LAVANDEROS - LOS RIOS,0, , , , ,1,1,2,BIDIRECCIONAL,2,ASFALTO,1,BUENO,1,SECO,1,DESPEJADO,0,0,0,4,0
-8057684.944206,-4469195.05961206,1707,4079,1400827,-72.3834154,-37.2155546,122,CABRERO,0,53048,2021,1400827,REGION BIO BIO,8304,LAJA,LOS RIOS,LAVANDEROS,0,"LOS RIOS & LAVANDEROS, LAJA",CHILE,GEOMETRIC_CENTER,72114,2021,1400827,1,2021/11/28 00:00:00+00,1899/12/30 00:00:00+00,8,REGION BIO BIO,8304,LAJA,30,COLISION,30,COLISION,1,URBANA,15,CRUCE CON SEÑAL CEDA EL PASO,4,ALCOHOL EN CONDUCTOR,24,CONDUCCION EN ESTADO DE EBRIEDAD,0,LOS RIOS,0,LAVANDEROS,LAVANDEROS - LOS RIOS,0, , , , ,1,1,2,BIDIRECCIONAL,2,ASFALTO,1,BUENO,1,SECO,1,DESPEJADO,0,0,0,7,0
-8063277.6910832,-4451733.91837197,1708,4080,1361818,-72.4336559,-37.0905364,122,CABRERO,1,26762,2021,1361818,REGION BIO BIO,8303,CABRERO,COLO COLO,AHUMADA,0,"COLO COLO & AHUMADA, CABRERO",CHILE,GEOMETRIC_CENTER,36899,2021,1361818,1,2021/07/08 00:00:00+00,1899/12/30 00:00:00+00,8,REGION BIO BIO,8303,CABRERO,32,COLISION LATERAL,30,COLISION,1,URBANA,15,CRUCE CON SEÑAL CEDA EL PASO,1,IMPRUDENCIA DEL CONDUCTOR,27,CONDUCCION NO ATENTO CONDICIONES TRANSITO MOMENTO,0,COLO COLO,0,AHUMADA,AHUMADA - COLO COLO,0, , , , ,1,1,2,BIDIRECCIONAL,2,ASFALTO,2,REGULAR,2,HUMEDO,1,DESPEJADO,0,0,0,0,1
-8063337.4585178,-4451443.95819018,1709,4081,1323152,-72.4341928,-37.0884586,122,CABRERO,1,23,2021,1323152,REGION BIO BIO,8303,CABRERO,DIEGO PORTALES,GALVARINO,0,"DIEGO PORTALES & GALVARINO, CABRERO",CHILE,GEOMETRIC_CENTER,30,2021,1323152,1,2021/01/01 00:00:00+00,1899/12/30 00:00:00+00,8,REGION BIO BIO,8303,CABRERO,32,COLISION LATERAL,30,COLISION,1,URBANA,15,CRUCE CON SEÑAL CEDA EL PASO,10,DESOBEDIENCIA A SEÑALIZACION,64,SEÑALIZACION DESOBEDECER SEÑAL CEDA EL PASO,0,DIEGO PORTALES,0,GALVARINO,DIEGO PORTALES - GALVARINO,0, , , , ,1,1,2,BIDIRECCIONAL,2,ASFALTO,1,BUENO,1,SECO,1,DESPEJADO,0,0,0,1,1
-8063718.61645428,-4451116.32865931,1710,4082,1357891,-72.4376168,-37.0861108,122,CABRERO,1,23980,2021,1357891,REGION BIO BIO,8303,CABRERO,DIEGO PORTALES,O'HIGGINS,0,"DIEGO PORTALES & O'HIGGINS, CABRERO",CHILE,GEOMETRIC_CENTER,33047,2021,1357891,1,2021/06/20 00:00:00+00,1899/12/30 00:00:00+00,8,REGION BIO BIO,8303,CABRERO,32,COLISION LATERAL,30,COLISION,1,URBANA,14,CRUCE CON SEÑAL PARE,4,ALCOHOL EN CONDUCTOR,24,CONDUCCION EN ESTADO DE EBRIEDAD,0,DIEGO PORTALES,0,O'HIGGINS,DIEGO PORTALES - O'HIGGINS,0, , , , ,1,1,2,BIDIRECCIONAL,2,ASFALTO,1,BUENO,3,MOJADO,3,LLUVIA,0,0,0,0,2
-8063738.32000415,-4450227.95081046,1711,4083,1398781,-72.4377938,-37.0797443,122,CABRERO,1,53017,2021,1398781,REGION BIO BIO,8303,CABRERO,DIAGONAL NORTE, ,10,"DIAGONAL NORTE 10, CABRERO",CHILE,RANGE_INTERPOLATED,72064,2021,1398781,1,2021/11/28 00:00:00+00,1899/12/30 00:00:00+00,8,REGION BIO BIO,8303,CABRERO,30,COLISION,30,COLISION,1,URBANA,1,TRAMO DE VIA RECTA,4,ALCOHOL EN CONDUCTOR,24,CONDUCCION EN ESTADO DE EBRIEDAD,0,DIAGONAL NORTE,0, ,- DIAGONAL NORTE,10, , , , ,1,1,2,BIDIRECCIONAL,2,ASFALTO,1,BUENO,1,SECO,1,DESPEJADO,0,0,0,1,1
-8046943.45937258,-4449371.96087342,1712,4084,1384272,-72.286923,-37.0736094,122,CABRERO,1,41342,2021,1384272,REGION BIO BIO,8303,CABRERO,EL PROGRESO, ,2,"EL PROGRESO 2, CABRERO",CHILE,RANGE_INTERPOLATED,56679,2021,1384272,1,2021/09/28 00:00:00+00,1899/12/30 00:00:00+00,8,REGION BIO BIO,8303,CABRERO,70,VOLCADURA,70,VOLCADURA,2,RURAL,1,TRAMO DE VIA RECTA,1,IMPRUDENCIA DEL CONDUCTOR,27,CONDUCCION NO ATENTO CONDICIONES TRANSITO MOMENTO,0,EL PROGRESO,0, , ,2, , , , ,1,1,2,BIDIRECCIONAL,5,RIPIO,2,REGULAR,0, ,1,DESPEJADO,0,0,0,1,0
-8059472.87994347,-4444469.61345378,1713,4085,1360657,-72.3994767,-37.0384646,122,CABRERO,1,25244,2021,1360657,REGION BIO BIO,8303,CABRERO,TUCAPEL, ,50,"TUCAPEL 50, CABRERO",CHILE,RANGE_INTERPOLATED,34901,2021,1360657,1,2021/06/29 00:00:00+00,1899/12/30 00:00:00+00,8,REGION BIO BIO,8303,CABRERO,70,VOLCADURA,70,VOLCADURA,1,URBANA,2,TRAMO DE VIA CURVA HORIZONTAL,7,VELOCIDAD IMPRUDENTE,72,VELOCIDAD NO RAZONABLE NI PRUDENTE,0,TUCAPEL,0, ,- TUCAPEL,50, , , , ,2,0,1,UNIDIRECCIONAL,2,ASFALTO,1,BUENO,2,HUMEDO,1,DESPEJADO,0,0,0,0,1
-8059226.12916018,-4444379.2731508,1714,4086,1335440,-72.3972601,-37.0378168,122,CABRERO,1,7636,2021,1335440,REGION BIO BIO,8303,CABRERO,LAS VIOLETAS,PABLO NERUDA,0,"LAS VIOLETAS & PABLO NERUDA, CABRERO",CHILE,GEOMETRIC_CENTER,10725,2021,1335440,1,2021/02/25 00:00:00+00,1899/12/30 00:00:00+00,8,REGION BIO BIO,8303,CABRERO,32,COLISION LATERAL,30,COLISION,1,URBANA,15,CRUCE CON SEÑAL CEDA EL PASO,10,DESOBEDIENCIA A SEÑALIZACION,64,SEÑALIZACION DESOBEDECER SEÑAL CEDA EL PASO,0,LAS VIOLETAS,0,PABLO NERUDA,LAS VIOLETAS - PABLO NERUDA,0, , , , ,1,1,2,BIDIRECCIONAL,2,ASFALTO,1,BUENO,1,SECO,1,DESPEJADO,0,0,0,1,1
-8059226.12916018,-4444379.2731508,1715,4087,1362605,-72.3972601,-37.0378168,122,CABRERO,1,26445,2021,1362605,REGION BIO BIO,8303,CABRERO,LAS VIOLETAS,PABLO NERUDA,0,"LAS VIOLETAS & PABLO NERUDA, CABRERO",CHILE,GEOMETRIC_CENTER,36473,2021,1362605,1,2021/07/06 00:00:00+00,1899/12/30 00:00:00+00,8,REGION BIO BIO,8303,CABRERO,52,CHOQUE LATERAL,40,CHOQUE,1,URBANA,14,CRUCE CON SEÑAL PARE,1,IMPRUDENCIA DEL CONDUCTOR,27,CONDUCCION NO ATENTO CONDICIONES TRANSITO MOMENTO,0,LAS VIOLETAS,0,PABLO NERUDA,LAS VIOLETAS - PABLO NERUDA,0, , , , ,1,1,2,BIDIRECCIONAL,2,ASFALTO,1,BUENO,1,SECO,1,DESPEJADO,0,0,0,0,1
-8059226.12916018,-4444379.2731508,1716,4088,1375158,-72.3972601,-37.0378168,122,CABRERO,1,35639,2021,1375158,REGION BIO BIO,8303,CABRERO,LAS VIOLETAS,PABLO NERUDA,0,"LAS VIOLETAS & PABLO NERUDA, CABRERO",CHILE,GEOMETRIC_CENTER,49060,2021,1375158,1,2021/08/27 00:00:00+00,1899/12/30 00:00:00+00,8,REGION BIO BIO,8303,CABRERO,30,COLISION,30,COLISION,1,URBANA,15,CRUCE CON SEÑAL CEDA EL PASO,1,IMPRUDENCIA DEL CONDUCTOR,27,CONDUCCION NO ATENTO CONDICIONES TRANSITO MOMENTO,0,LAS VIOLETAS,0,PABLO NERUDA,LAS VIOLETAS - PABLO NERUDA,0, , , , ,1,1,2,BIDIRECCIONAL,2,ASFALTO,1,BUENO,3,MOJADO,4,LLOVIZNA,0,0,0,1,1
-8059097.49948857,-4444308.37370598,1717,4089,1341764,-72.3961046,-37.0373084,122,CABRERO,1,11999,2021,1341764,REGION BIO BIO,8303,CABRERO,LOS COPIHUES, ,355,"LOS COPIHUES 355, CABRERO",CHILE,RANGE_INTERPOLATED,16596,2021,1341764,1,2021/03/27 00:00:00+00,1899/12/30 00:00:00+00,8,REGION BIO BIO,8303,CABRERO,62,CHOQUE FRENTE/LADO,40,CHOQUE,1,URBANA,1,TRAMO DE VIA RECTA,4,ALCOHOL EN CONDUCTOR,24,CONDUCCION EN ESTADO DE EBRIEDAD,0,LOS COPIHUES,0, ,- LOS COPIHUES,355, , , , ,1,1,2,BIDIRECCIONAL,1,CONCRETO,1,BUENO,1,SECO,1,DESPEJADO,0,0,0,1,2
-8059599.75076713,-4444266.27215566,1718,4090,1383290,-72.4006164,-37.0370065,122,CABRERO,1,40759,2021,1383290,REGION BIO BIO,8303,CABRERO,GENERAL CRUZ, ,656,"GENERAL CRUZ 656, CABRERO",CHILE,RANGE_INTERPOLATED,55941,2021,1383290,1,2021/09/25 00:00:00+00,1899/12/30 00:00:00+00,8,REGION BIO BIO,8303,CABRERO,30,COLISION,30,COLISION,1,URBANA,1,TRAMO DE VIA RECTA,1,IMPRUDENCIA DEL CONDUCTOR,27,CONDUCCION NO ATENTO CONDICIONES TRANSITO MOMENTO,0,GENERAL CRUZ,0, ,- GENERAL CRUZ,656, , , , ,1,1,2,BIDIRECCIONAL,2,ASFALTO,1,BUENO,1,SECO,2,NUBLADO,0,0,0,0,2
-8059890.11652692,-4444175.06897383,1719,4091,1346236,-72.4032248,-37.0363525,122,CABRERO,1,15403,2021,1346236,REGION BIO BIO,8303,CABRERO,UNO, ,56,"UNO 56, CABRERO",CHILE,RANGE_INTERPOLATED,21220,2021,1346236,1,2021/04/25 00:00:00+00,1899/12/30 00:00:00+00,8,REGION BIO BIO,8303,CABRERO,10,ATROPELLO,10,ATROPELLO,2,RURAL,1,TRAMO DE VIA RECTA,4,ALCOHOL EN CONDUCTOR,24,CONDUCCION EN ESTADO DE EBRIEDAD,0,UNO,0, ,- UNO,56, , , , ,1,1,2,BIDIRECCIONAL,2,ASFALTO,1,BUENO,1,SECO,1,DESPEJADO,0,0,1,0,1
-8059579.62420319,-4444165.08408603,1720,4092,1387989,-72.4004356,-37.0362809,122,CABRERO,1,43946,2021,1387989,REGION BIO BIO,8303,CABRERO,VIAL,GENERAL CRUZ,0,"VIAL & GENERAL CRUZ, CABRERO",CHILE,GEOMETRIC_CENTER,60133,2021,1387989,1,2021/10/12 00:00:00+00,1899/12/30 00:00:00+00,8,REGION BIO BIO,8303,CABRERO,32,COLISION LATERAL,30,COLISION,1,URBANA,11,CRUCE CON SEMAFORO FUNCIONANDO,10,DESOBEDIENCIA A SEÑALIZACION,62,SEÑALIZACION DESOBEDECER LUZ ROJA DE SEMAFORO,0,VIAL,0,GENERAL CRUZ,GENERAL CRUZ - VIAL,0, , , , ,1,1,2,BIDIRECCIONAL,2,ASFALTO,1,BUENO,1,SECO,1,DESPEJADO,0,0,0,0,2
-8059575.22708331,-4444060.13177076,1721,4093,1394741,-72.4003961,-37.0355283,122,CABRERO,1,49197,2021,1394741,REGION BIO BIO,8303,CABRERO,MEMBRILLAR,GENERAL CRUZ,0,"MEMBRILLAR & GENERAL CRUZ, CABRERO",CHILE,GEOMETRIC_CENTER,67067,2021,1394741,1,2021/11/09 00:00:00+00,1899/12/30 00:00:00+00,8,REGION BIO BIO,8303,CABRERO,10,ATROPELLO,10,ATROPELLO,1,URBANA,1,TRAMO DE VIA RECTA,5,ALCOHOL EN PEATON,54,EBRIEDAD DEL PEATON,0,MEMBRILLAR,0,GENERAL CRUZ,GENERAL CRUZ - MEMBRILLAR,0, , , , ,2,0,1,UNIDIRECCIONAL,1,CONCRETO,1,BUENO,1,SECO,1,DESPEJADO,0,1,0,0,1
-8059763.94701605,-4444052.65713053,1722,4094,1341782,-72.4020914,-37.0354747,122,CABRERO,1,12352,2021,1341782,REGION BIO BIO,8303,CABRERO,ESMERALDA,MEMBRILLAR,0,"ESMERALDA & MEMBRILLAR, CABRERO",CHILE,GEOMETRIC_CENTER,17091,2021,1341782,1,2021/03/31 00:00:00+00,1899/12/30 00:00:00+00,8,REGION BIO BIO,8303,CABRERO,32,COLISION LATERAL,30,COLISION,1,URBANA,15,CRUCE CON SEÑAL CEDA EL PASO,10,DESOBEDIENCIA A SEÑALIZACION,64,SEÑALIZACION DESOBEDECER SEÑAL CEDA EL PASO,0,ESMERALDA,0,MEMBRILLAR,ESMERALDA - MEMBRILLAR,0, , , , ,2,0,1,UNIDIRECCIONAL,1,CONCRETO,1,BUENO,1,SECO,1,DESPEJADO,0,0,0,2,0
-8059245.10913336,-4444014.58675004,1723,4095,1360468,-72.3974306,-37.0352017,122,CABRERO,1,24106,2021,1360468,REGION BIO BIO,8303,CABRERO,LAS VIOLETAS,LOS GUINDOS,0,"LAS VIOLETAS & LOS GUINDOS, CABRERO",CHILE,GEOMETRIC_CENTER,33241,2021,1360468,1,2021/06/22 00:00:00+00,1899/12/30 00:00:00+00,8,REGION BIO BIO,8303,CABRERO,32,COLISION LATERAL,30,COLISION,1,URBANA,14,CRUCE CON SEÑAL PARE,10,DESOBEDIENCIA A SEÑALIZACION,65,SEÑALIZACION DESOBEDECER SEÑAL PARE,0,LAS VIOLETAS,0,LOS GUINDOS,LAS VIOLETAS - LOS GUINDOS,0, , , , ,2,0,1,UNIDIRECCIONAL,2,ASFALTO,1,BUENO,1,SECO,1,DESPEJADO,0,0,0,1,1
-8059950.7856494,-4443927.79237231,1724,4096,1398232,-72.4037698,-37.0345793,122,CABRERO,1,50975,2021,1398232,REGION BIO BIO,8303,CABRERO,RIO CLARO, ,333,"RIO CLARO 333, CABRERO",CHILE,RANGE_INTERPOLATED,69379,2021,1398232,1,2021/11/18 00:00:00+00,1899/12/30 00:00:00+00,8,REGION BIO BIO,8303,CABRERO,63,CHOQUE FRENTE/POSTERIOR,40,CHOQUE,1,URBANA,1,TRAMO DE VIA RECTA,4,ALCOHOL EN CONDUCTOR,24,CONDUCCION EN ESTADO DE EBRIEDAD,0,RIO CLARO,0, ,- RIO CLARO,333, , , , ,2,0,1,UNIDIRECCIONAL,1,CONCRETO,1,BUENO,1,SECO,1,DESPEJADO,0,0,0,0,2
-8059765.88397519,-4443925.1985924,1725,4097,1347178,-72.4021088,-37.0345607,122,CABRERO,1,15538,2021,1347178,REGION BIO BIO,8303,CABRERO,LAS VIOLETAS,CALETERA,0,"LAS VIOLETAS & CALETERA, CABRERO",CHILE,GEOMETRIC_CENTER,21395,2021,1347178,1,2021/04/26 00:00:00+00,1899/12/30 00:00:00+00,8,REGION BIO BIO,8303,CABRERO,33,COLISION POR ALCANCE,30,COLISION,1,URBANA,14,CRUCE CON SEÑAL PARE,1,IMPRUDENCIA DEL CONDUCTOR,27,CONDUCCION NO ATENTO CONDICIONES TRANSITO MOMENTO,0,LAS VIOLETAS,0,CALETERA,CALETERA - LAS VIOLETAS,0, , , , ,1,1,2,BIDIRECCIONAL,2,ASFALTO,1,BUENO,1,SECO,1,DESPEJADO,0,0,0,0,2
-8059765.88397519,-4443925.1985924,1726,4098,1387964,-72.4021088,-37.0345607,122,CABRERO,0,43828,2021,1387964,REGION BIO BIO,8313,YUMBEL,QUINTANA,MARIO ROCHA OSSES,0,"QUINTANA & MARIO ROCHA OSSES, YUMBEL",CHILE,GEOMETRIC_CENTER,59971,2021,1387964,1,2021/10/11 00:00:00+00,1899/12/30 00:00:00+00,8,REGION BIO BIO,8313,YUMBEL,32,COLISION LATERAL,30,COLISION,1,URBANA,15,CRUCE CON SEÑAL CEDA EL PASO,10,DESOBEDIENCIA A SEÑALIZACION,64,SEÑALIZACION DESOBEDECER SEÑAL CEDA EL PASO,0,QUINTANA,0,MARIO ROCHA OSSES,MARIO ROCHA OSSES - QUINTANA,0, , , , ,1,1,2,BIDIRECCIONAL,2,ASFALTO,1,BUENO,1,SECO,1,DESPEJADO,0,0,0,0,2
-8060466.28394736,-4443893.11107743,1727,4099,1371110,-72.4084006,-37.0343306,122,CABRERO,1,33292,2021,1371110,REGION BIO BIO,8303,CABRERO,RIO CLARO,O'HIGGINS,0,"RIO CLARO & O'HIGGINS, CABRERO",CHILE,GEOMETRIC_CENTER,45897,2021,1371110,1,2021/08/14 00:00:00+00,1899/12/30 00:00:00+00,8,REGION BIO BIO,8303,CABRERO,32,COLISION LATERAL,30,COLISION,1,URBANA,15,CRUCE CON SEÑAL CEDA EL PASO,10,DESOBEDIENCIA A SEÑALIZACION,64,SEÑALIZACION DESOBEDECER SEÑAL CEDA EL PASO,0,RIO CLARO,0,O'HIGGINS,O'HIGGINS - RIO CLARO,0, , , , ,2,0,1,UNIDIRECCIONAL,1,CONCRETO,1,BUENO,1,SECO,2,NUBLADO,0,0,0,0,2
-8060076.5321462,-4443870.99431579,1728,4100,1364916,-72.4048994,-37.034172,122,CABRERO,1,28349,2021,1364916,REGION BIO BIO,8303,CABRERO,MANUEL PALACIOS,CALLE DE SERVICIO,0,"MANUEL PALACIOS & CALLE DE SERVICIO, CABRERO",CHILE,GEOMETRIC_CENTER,39163,2021,1364916,1,2021/07/17 00:00:00+00,1899/12/30 00:00:00+00,8,REGION BIO BIO,8303,CABRERO,30,COLISION,30,COLISION,1,URBANA,24,ROTONDA,1,IMPRUDENCIA DEL CONDUCTOR,32,NO RESPETAR DERECHO PREFERENTE DE PASO A VEHICULO,0,MANUEL PALACIOS,0,CALLE DE SERVICIO,CALLE DE SERVICIO - MANUEL PALACIOS,0, , , , ,1,1,2,BIDIRECCIONAL,1,CONCRETO,1,BUENO,1,SECO,1,DESPEJADO,0,0,0,0,2
-8059741.34915942,-4443793.39078554,1729,4101,1383289,-72.4018884,-37.0336155,122,CABRERO,1,40686,2021,1383289,REGION BIO BIO,8303,CABRERO,ZA??ªARTU, ,123,"ZA??ªARTU 123, CABRERO",CHILE,RANGE_INTERPOLATED,55836,2021,1383289,1,2021/09/24 00:00:00+00,1899/12/30 00:00:00+00,8,REGION BIO BIO,8303,CABRERO,10,ATROPELLO,10,ATROPELLO,1,URBANA,26,OTROS NO CONSIDERADOS,14,OTRAS CAUSAS,98,OTRAS CAUSAS,0,ZAÑARTU,0, ,- ZAÑARTU,123, , , , ,1,1,2,BIDIRECCIONAL,2,ASFALTO,1,BUENO,1,SECO,2,NUBLADO,0,0,0,2,1
-8058973.38938828,-4443788.10567811,1730,4102,1406043,-72.3949897,-37.0335776,122,CABRERO,1,56452,2021,1406043,REGION BIO BIO,8303,CABRERO,LOS TULIPANES, ,254,"LOS TULIPANES 254, CABRERO",CHILE,RANGE_INTERPOLATED,76721,2021,1406043,1,2021/12/16 00:00:00+00,1899/12/30 00:00:00+00,8,REGION BIO BIO,8303,CABRERO,30,COLISION,30,COLISION,1,URBANA,1,TRAMO DE VIA RECTA,1,IMPRUDENCIA DEL CONDUCTOR,27,CONDUCCION NO ATENTO CONDICIONES TRANSITO MOMENTO,0,LOS TULIPANES,0, ,- LOS TULIPANES,254, , , , ,1,1,2,BIDIRECCIONAL,2,ASFALTO,1,BUENO,1,SECO,1,DESPEJADO,0,0,0,0,2
-8059174.5325762,-4443755.83729575,1731,4103,1371114,-72.3967966,-37.0333462,122,CABRERO,1,33238,2021,1371114,REGION BIO BIO,8303,CABRERO,FREIRE,JOSE MARIA ECHEVERRIA,0,"FREIRE & JOSE MARIA ECHEVERRIA, CABRERO",CHILE,GEOMETRIC_CENTER,45819,2021,1371114,1,2021/08/14 00:00:00+00,1899/12/30 00:00:00+00,8,REGION BIO BIO,8303,CABRERO,30,COLISION,30,COLISION,1,URBANA,14,CRUCE CON SEÑAL PARE,10,DESOBEDIENCIA A SEÑALIZACION,65,SEÑALIZACION DESOBEDECER SEÑAL PARE,0,FREIRE,0,JOSE MARIA ECHEVERRIA,FREIRE - JOSE MARIA ECHEVERRIA,0, , , , ,1,1,2,BIDIRECCIONAL,2,ASFALTO,1,BUENO,1,SECO,2,NUBLADO,0,0,0,0,2
-8060457.36725615,-4443748.07002912,1732,4104,1329414,-72.4083205,-37.0332905,122,CABRERO,1,4120,2021,1329414,REGION BIO BIO,8303,CABRERO,O'HIGGINS,ZA??ªARTU,0,"O'HIGGINS & ZA??ªARTU, CABRERO",CHILE,GEOMETRIC_CENTER,5772,2021,1329414,1,2021/01/29 00:00:00+00,1899/12/30 00:00:00+00,8,REGION BIO BIO,8303,CABRERO,31,COLISION FRONTAL,30,COLISION,1,URBANA,15,CRUCE CON SEÑAL CEDA EL PASO,10,DESOBEDIENCIA A SEÑALIZACION,64,SEÑALIZACION DESOBEDECER SEÑAL CEDA EL PASO,0,O'HIGGINS,0,ZAÑARTU,O'HIGGINS - ZAÑARTU,0, , , , ,1,1,2,BIDIRECCIONAL,1,CONCRETO,1,BUENO,1,SECO,1,DESPEJADO,0,0,0,0,2
-8060457.36725615,-4443748.07002912,1733,4105,1390177,-72.4083205,-37.0332905,122,CABRERO,1,45632,2021,1390177,REGION BIO BIO,8303,CABRERO,O'HIGGINS,ZA??ªARTU,0,"O'HIGGINS & ZA??ªARTU, CABRERO",CHILE,GEOMETRIC_CENTER,62358,2021,1390177,1,2021/10/21 00:00:00+00,1899/12/30 00:00:00+00,8,REGION BIO BIO,8303,CABRERO,51,CHOQUE FRONTAL,40,CHOQUE,1,URBANA,1,TRAMO DE VIA RECTA,11,DEFICIENCIAS VIALES,61,SEÑALIZACION MAL INSTALADA O MANTENIDA FORMA DEFECTUOSA,0,O'HIGGINS,0,ZAÑARTU,O'HIGGINS - ZAÑARTU,0, , , , ,1,1,2,BIDIRECCIONAL,1,CONCRETO,1,BUENO,1,SECO,2,NUBLADO,0,0,0,0,1
-8059617.62867735,-4443736.42611224,1734,4106,1404466,-72.400777,-37.033207,122,CABRERO,1,55350,2021,1404466,REGION BIO BIO,8303,CABRERO,GENERAL CRUZ, ,380,"GENERAL CRUZ 380, CABRERO",CHILE,RANGE_INTERPOLATED,75201,2021,1404466,1,2021/12/10 00:00:00+00,1899/12/30 00:00:00+00,8,REGION BIO BIO,8303,CABRERO,67,CHOQUE POSTERIOR/FRENTE,40,CHOQUE,1,URBANA,1,TRAMO DE VIA RECTA,1,IMPRUDENCIA DEL CONDUCTOR,27,CONDUCCION NO ATENTO CONDICIONES TRANSITO MOMENTO,0,GENERAL CRUZ,0, ,- GENERAL CRUZ,380, , , , ,1,1,2,BIDIRECCIONAL,2,ASFALTO,1,BUENO,1,SECO,1,DESPEJADO,0,0,0,0,2