X,Y,FID,FID_1,LABELID,POINT_X,POINT_Y,FID_2,COMUNAREAL,VAL_COM,OBJECTID,A_O,IDACCIDENT,REGION,COD_COMUN,COMUNA,CALLE_UNO,CALLE_DOS,NUMERO,DIR_GEOCOD,PAIS,TIPO,OBJECTID_1,Año,Idaccide_1,Claseaccid,Fecha,Hora,Cód_Regi,Región,Cód_Comun,Comuna_1,Cód_Tipo_,Tipo_Accid,Cód_Tipo1,Tipo__CONA,Cód_Zona,Zona,Cód_Ubica,Ubicación,Cód_Causa,Causa__CON,Cód_Cau_1,Causa,Cód_Calle,Calle_Un_1,Cód_Cal_1,Calle_Do_1,Intersecci,Número,Ruta,Cód_Ruta,Ubicaci_1,Km_Vía_Fe,Pistas_de_,Pistas_de1,Cód_Calza,Calzada,Cód__Tipo,Tipo_Calza,Cód_Estad,Estado_Cal,Cód_Condi,Condición,Cód_Est_1,Estado_Atm,Fallecidos,Graves,Menos_Grav,Leves,Ilesos
-8060047.71153003,-4443590.94098229,1735,4107,1384277,-72.4046405,-37.0321637,122,CABRERO,1,42309,2021,1384277,REGION BIO BIO,8303,CABRERO,LAS PERLAS,MANUEL PALACIOS,0,"LAS PERLAS & MANUEL PALACIOS, CABRERO",CHILE,GEOMETRIC_CENTER,57951,2021,1384277,1,2021/10/03 00:00:00+00,1899/12/30 00:00:00+00,8,REGION BIO BIO,8303,CABRERO,32,COLISION LATERAL,30,COLISION,1,URBANA,15,CRUCE CON SEÑAL CEDA EL PASO,10,DESOBEDIENCIA A SEÑALIZACION,64,SEÑALIZACION DESOBEDECER SEÑAL CEDA EL PASO,0,LAS PERLAS,0,MANUEL PALACIOS,LAS PERLAS - MANUEL PALACIOS,0, , , , ,1,1,2,BIDIRECCIONAL,2,ASFALTO,1,BUENO,1,SECO,1,DESPEJADO,0,0,0,1,2
-8059550.85924678,-4443495.1698243,1736,4108,1348433,-72.4001772,-37.0314769,122,CABRERO,1,17329,2021,1348433,REGION BIO BIO,8303,CABRERO,GENERAL CRUZ,FLORIDA,0,"GENERAL CRUZ & FLORIDA, CABRERO",CHILE,GEOMETRIC_CENTER,23884,2021,1348433,1,2021/05/09 00:00:00+00,1899/12/30 00:00:00+00,8,REGION BIO BIO,8303,CABRERO,51,CHOQUE FRONTAL,40,CHOQUE,1,URBANA,15,CRUCE CON SEÑAL CEDA EL PASO,1,IMPRUDENCIA DEL CONDUCTOR,27,CONDUCCION NO ATENTO CONDICIONES TRANSITO MOMENTO,0,GENERAL CRUZ,0,FLORIDA,FLORIDA - GENERAL CRUZ,0, , , , ,1,1,2,BIDIRECCIONAL,2,ASFALTO,1,BUENO,1,SECO,1,DESPEJADO,0,0,0,0,1
-8059865.02511369,-4443478.43645517,1737,4109,1376361,-72.4029994,-37.0313569,122,CABRERO,1,36158,2021,1376361,REGION BIO BIO,8303,CABRERO,ANIBAL PINTO,FLORIDA,0,"ANIBAL PINTO & FLORIDA, CABRERO",CHILE,GEOMETRIC_CENTER,49779,2021,1376361,1,2021/08/31 00:00:00+00,1899/12/30 00:00:00+00,8,REGION BIO BIO,8303,CABRERO,51,CHOQUE FRONTAL,40,CHOQUE,1,URBANA,15,CRUCE CON SEÑAL CEDA EL PASO,4,ALCOHOL EN CONDUCTOR,24,CONDUCCION EN ESTADO DE EBRIEDAD,0,ANIBAL PINTO,0,FLORIDA,ANIBAL PINTO - FLORIDA,0, , , , ,2,0,1,UNIDIRECCIONAL,2,ASFALTO,1,BUENO,1,SECO,1,DESPEJADO,0,0,0,0,1
-8060178.82362629,-4443460.3226129,1738,4110,1394747,-72.4058183,-37.031227,122,CABRERO,1,49408,2021,1394747,REGION BIO BIO,8303,CABRERO,LA FLORIDA,ARTURO PRAT,0,"LA FLORIDA & ARTURO PRAT, CABRERO",CHILE,GEOMETRIC_CENTER,67335,2021,1394747,1,2021/11/10 00:00:00+00,1899/12/30 00:00:00+00,8,REGION BIO BIO,8303,CABRERO,10,ATROPELLO,10,ATROPELLO,1,URBANA,1,TRAMO DE VIA RECTA,1,IMPRUDENCIA DEL CONDUCTOR,27,CONDUCCION NO ATENTO CONDICIONES TRANSITO MOMENTO,0,LA FLORIDA,0,ARTURO PRAT,ARTURO PRAT - LA FLORIDA,0, , , , ,2,0,1,UNIDIRECCIONAL,1,CONCRETO,1,BUENO,1,SECO,1,DESPEJADO,0,0,0,1,1
-8060258.57290949,-4443383.15436638,1739,4111,1352377,-72.4065347,-37.0306736,122,CABRERO,1,19778,2021,1352377,REGION BIO BIO,8303,CABRERO,CAMINO VECINAL QUINEL, ,3,"CAMINO VECINAL QUINEL 3, CABRERO",CHILE,RANGE_INTERPOLATED,27216,2021,1352377,1,2021/05/25 00:00:00+00,1899/12/30 00:00:00+00,8,REGION BIO BIO,8303,CABRERO,51,CHOQUE FRONTAL,40,CHOQUE,2,RURAL,1,TRAMO DE VIA RECTA,9,PERDIDA CONTROL VEHICULO,95,PERDIDA CONTROL VEHICULO,0,CAMINO VECINAL QUINEL,0, , ,3, , , , ,1,1,2,BIDIRECCIONAL,2,ASFALTO,1,BUENO,1,SECO,1,DESPEJADO,0,0,0,0,1
-8059250.99793443,-4443359.39324143,1740,4112,1339492,-72.3974835,-37.0305032,122,CABRERO,1,10591,2021,1339492,REGION BIO BIO,8303,CABRERO,LAS FLORES, ,360,"LAS FLORES 360, CABRERO",CHILE,RANGE_INTERPOLATED,14728,2021,1339492,1,2021/03/16 00:00:00+00,1899/12/30 00:00:00+00,8,REGION BIO BIO,8303,CABRERO,32,COLISION LATERAL,30,COLISION,1,URBANA,1,TRAMO DE VIA RECTA,1,IMPRUDENCIA DEL CONDUCTOR,91,VIRAJES INDEBIDOS,0,LAS FLORES,0, ,- LAS FLORES,360, , , , ,1,1,2,BIDIRECCIONAL,2,ASFALTO,1,BUENO,1,SECO,1,DESPEJADO,0,0,0,1,1
-8060376.52704194,-4443126.1075628,1741,4113,1373296,-72.4075943,-37.0288302,122,CABRERO,1,34374,2021,1373296,REGION BIO BIO,8303,CABRERO,O'HIGGINS, ,35,"O'HIGGINS 35, CABRERO",CHILE,RANGE_INTERPOLATED,47377,2021,1373296,1,2021/08/20 00:00:00+00,1899/12/30 00:00:00+00,8,REGION BIO BIO,8303,CABRERO,63,CHOQUE FRENTE/POSTERIOR,40,CHOQUE,1,URBANA,1,TRAMO DE VIA RECTA,4,ALCOHOL EN CONDUCTOR,24,CONDUCCION EN ESTADO DE EBRIEDAD,0,O'HIGGINS,0, ,- O'HIGGINS,35, , , , ,1,1,2,BIDIRECCIONAL,1,CONCRETO,1,BUENO,3,MOJADO,3,LLUVIA,0,0,0,0,2
-8059573.39031171,-4443043.23869877,1742,4114,1372106,-72.4003796,-37.0282359,122,CABRERO,1,33570,2021,1372106,REGION BIO BIO,8303,CABRERO,LOS CANELOS, ,15,"LOS CANELOS 15, CABRERO",CHILE,RANGE_INTERPOLATED,46299,2021,1372106,1,2021/08/16 00:00:00+00,1899/12/30 00:00:00+00,8,REGION BIO BIO,8303,CABRERO,32,COLISION LATERAL,30,COLISION,1,URBANA,1,TRAMO DE VIA RECTA,4,ALCOHOL EN CONDUCTOR,24,CONDUCCION EN ESTADO DE EBRIEDAD,0,LOS CANELOS,0, ,- LOS CANELOS,15, , , , ,1,1,2,BIDIRECCIONAL,2,ASFALTO,1,BUENO,1,SECO,2,NUBLADO,0,0,0,0,2
-8059511.2183761,-4442934.17015073,1743,4115,1379188,-72.3998211,-37.0274537,122,CABRERO,1,38086,2021,1379188,REGION BIO BIO,8303,CABRERO,GENERAL CRUZ, ,19,"GENERAL CRUZ 19, CABRERO",CHILE,RANGE_INTERPOLATED,52317,2021,1379188,1,2021/09/10 00:00:00+00,1899/12/30 00:00:00+00,8,REGION BIO BIO,8303,CABRERO,33,COLISION POR ALCANCE,30,COLISION,1,URBANA,1,TRAMO DE VIA RECTA,1,IMPRUDENCIA DEL CONDUCTOR,27,CONDUCCION NO ATENTO CONDICIONES TRANSITO MOMENTO,0,GENERAL CRUZ,0, ,- GENERAL CRUZ,19, , , , ,1,1,2,BIDIRECCIONAL,2,ASFALTO,1,BUENO,1,SECO,1,DESPEJADO,0,0,0,1,1
-8055643.54511993,-4440480.61983885,1744,4116,1382171,-72.3650772,-37.0098556,122,CABRERO,1,40149,2021,1382171,REGION BIO BIO,8303,CABRERO,LOS AROMOS,CALETERA,0,"LOS AROMOS & CALETERA, CABRERO",CHILE,GEOMETRIC_CENTER,55136,2021,1382171,1,2021/09/21 00:00:00+00,1899/12/30 00:00:00+00,8,REGION BIO BIO,8303,CABRERO,30,COLISION,30,COLISION,2,RURAL,15,CRUCE CON SEÑAL CEDA EL PASO,10,DESOBEDIENCIA A SEÑALIZACION,64,SEÑALIZACION DESOBEDECER SEÑAL CEDA EL PASO,0,LOS AROMOS,0,CALETERA,CALETERA - LOS AROMOS,0, , , , ,1,1,2,BIDIRECCIONAL,2,ASFALTO,1,BUENO,1,SECO,1,DESPEJADO,0,0,0,2,1
-8059708.67688887,-4438331.53059466,1745,4117,1348044,-72.4015949,-36.9944379,122,CABRERO,1,16619,2021,1348044,REGION BIO BIO,8303,CABRERO,LOMAS DE ANGOL, ,4,"LOMAS DE ANGOL 4, CABRERO",CHILE,RANGE_INTERPOLATED,22925,2021,1348044,1,2021/05/04 00:00:00+00,1899/12/30 00:00:00+00,8,REGION BIO BIO,8303,CABRERO,70,VOLCADURA,70,VOLCADURA,2,RURAL,2,TRAMO DE VIA CURVA HORIZONTAL,1,IMPRUDENCIA DEL CONDUCTOR,27,CONDUCCION NO ATENTO CONDICIONES TRANSITO MOMENTO,0,LOMAS DE ANGOL,0, , ,4, , , , ,1,1,2,BIDIRECCIONAL,2,ASFALTO,1,BUENO,1,SECO,1,DESPEJADO,0,0,0,0,1
-8128251.96128857,-4433209.6630182,1746,6078,1338529,-73.0173297,-36.9576807,94,CHIGUAYANTE,1,9732,2021,1338529,REGION BIO BIO,8103,CHIGUAYANTE,COSTANERA,PASCUAL BINIMELIS,0,"COSTANERA & PASCUAL BINIMELIS, CHIGUAYANTE",CHILE,GEOMETRIC_CENTER,13571,2021,1338529,1,2021/03/10 00:00:00+00,1899/12/30 00:00:00+00,8,REGION BIO BIO,8103,CHIGUAYANTE,63,CHOQUE FRENTE/POSTERIOR,40,CHOQUE,1,URBANA,11,CRUCE CON SEMAFORO FUNCIONANDO,1,IMPRUDENCIA DEL CONDUCTOR,28,CONDUCCION SIN MANTENER DISTANCIA RAZONABLE NI PRUDENTE,0,COSTANERA,0,PASCUAL BINIMELIS,COSTANERA - PASCUAL BINIMELIS,0, , , , ,2,2,3,BIDIRECCIONAL CON BANDEJON,2,ASFALTO,1,BUENO,3,MOJADO,3,LLUVIA,0,0,0,1,2
-8128251.96128857,-4433209.6630182,1747,6079,1338555,-73.0173297,-36.9576807,94,CHIGUAYANTE,1,10115,2021,1338555,REGION BIO BIO,8103,CHIGUAYANTE,COSTANERA,PASCUAL BINIMELIS,0,"COSTANERA & PASCUAL BINIMELIS, CHIGUAYANTE",CHILE,GEOMETRIC_CENTER,14063,2021,1338555,1,2021/03/13 00:00:00+00,1899/12/30 00:00:00+00,8,REGION BIO BIO,8103,CHIGUAYANTE,34,COLISION PERPENDICULAR,30,COLISION,1,URBANA,11,CRUCE CON SEMAFORO FUNCIONANDO,4,ALCOHOL EN CONDUCTOR,21,CONDUCCION BAJO LA INFLUENCIA DEL ALCOHOL,0,COSTANERA,0,PASCUAL BINIMELIS,COSTANERA - PASCUAL BINIMELIS,0, , , , ,2,2,3,BIDIRECCIONAL CON BANDEJON,1,CONCRETO,1,BUENO,1,SECO,1,DESPEJADO,0,0,0,1,1
-8128251.96128857,-4433209.6630182,1748,6080,1344619,-73.0173297,-36.9576807,94,CHIGUAYANTE,1,14785,2021,1344619,REGION BIO BIO,8103,CHIGUAYANTE,COSTANERA,OCHO ORIENTE,0,"COSTANERA & OCHO ORIENTE, CHIGUAYANTE",CHILE,GEOMETRIC_CENTER,20379,2021,1344619,1,2021/04/20 00:00:00+00,1899/12/30 00:00:00+00,8,REGION BIO BIO,8103,CHIGUAYANTE,10,ATROPELLO,10,ATROPELLO,1,URBANA,1,TRAMO DE VIA RECTA,9,PERDIDA CONTROL VEHICULO,95,PERDIDA CONTROL VEHICULO,0,COSTANERA,0,OCHO ORIENTE,COSTANERA - OCHO ORIENTE,0, , , , ,2,2,3,BIDIRECCIONAL CON BANDEJON,1,CONCRETO,1,BUENO,3,MOJADO,3,LLUVIA,0,1,1,0,1
-8128251.96128857,-4433209.6630182,1749,6081,1346709,-73.0173297,-36.9576807,94,CHIGUAYANTE,1,16068,2021,1346709,REGION BIO BIO,8103,CHIGUAYANTE,COSTANERA,OCHO ORIENTE,0,"COSTANERA & OCHO ORIENTE, CHIGUAYANTE",CHILE,GEOMETRIC_CENTER,22113,2021,1346709,1,2021/04/30 00:00:00+00,1899/12/30 00:00:00+00,8,REGION BIO BIO,8103,CHIGUAYANTE,33,COLISION POR ALCANCE,30,COLISION,1,URBANA,21,ENLACE A NIVEL,13,CAUSAS NO DETERMINADAS,97,CAUSAS NO DETERMINADAS,0,COSTANERA,0,OCHO ORIENTE,COSTANERA - OCHO ORIENTE,0, , , , ,2,2,3,BIDIRECCIONAL CON BANDEJON,2,ASFALTO,1,BUENO,3,MOJADO,3,LLUVIA,0,0,0,0,2
-8128251.96128857,-4433209.6630182,1750,6082,1355271,-73.0173297,-36.9576807,94,CHIGUAYANTE,1,22034,2021,1355271,REGION BIO BIO,8103,CHIGUAYANTE,COSTANERA,OCHO ORIENTE,0,"COSTANERA & OCHO ORIENTE, CHIGUAYANTE",CHILE,GEOMETRIC_CENTER,30367,2021,1355271,1,2021/06/08 00:00:00+00,1899/12/30 00:00:00+00,8,REGION BIO BIO,8103,CHIGUAYANTE,33,COLISION POR ALCANCE,30,COLISION,1,URBANA,1,TRAMO DE VIA RECTA,13,CAUSAS NO DETERMINADAS,97,CAUSAS NO DETERMINADAS,0,COSTANERA,0,OCHO ORIENTE,COSTANERA - OCHO ORIENTE,0, , , , ,2,2,3,BIDIRECCIONAL CON BANDEJON,2,ASFALTO,1,BUENO,3,MOJADO,3,LLUVIA,0,0,0,0,2
-8128251.96128857,-4433209.6630182,1751,6083,1360420,-73.0173297,-36.9576807,94,CHIGUAYANTE,1,25616,2021,1360420,REGION BIO BIO,8103,CHIGUAYANTE,COSTANERA,LOS CARRERA,0,"COSTANERA & LOS CARRERA, CHIGUAYANTE",CHILE,GEOMETRIC_CENTER,35367,2021,1360420,1,2021/07/02 00:00:00+00,1899/12/30 00:00:00+00,8,REGION BIO BIO,8103,CHIGUAYANTE,30,COLISION,30,COLISION,1,URBANA,11,CRUCE CON SEMAFORO FUNCIONANDO,13,CAUSAS NO DETERMINADAS,97,CAUSAS NO DETERMINADAS,0,COSTANERA,0,LOS CARRERA,COSTANERA - LOS CARRERA,0, , , , ,3,3,2,BIDIRECCIONAL,1,CONCRETO,1,BUENO,1,SECO,1,DESPEJADO,0,0,0,0,2
-8127884.36206607,-4433070.93942109,1752,6085,1402689,-73.0140275,-36.9566849,94,CHIGUAYANTE,1,52325,2021,1402689,REGION BIO BIO,8103,CHIGUAYANTE,21 DE MAYO, ,2301,"21 DE MAYO 2301, CHIGUAYANTE",CHILE,RANGE_INTERPOLATED,71135,2021,1402689,1,2021/11/24 00:00:00+00,1899/12/30 00:00:00+00,8,REGION BIO BIO,8103,CHIGUAYANTE,10,ATROPELLO,10,ATROPELLO,1,URBANA,1,TRAMO DE VIA RECTA,13,CAUSAS NO DETERMINADAS,97,CAUSAS NO DETERMINADAS,0,21 DE MAYO,0, ,- 21 DE MAYO,2301, , , , ,2,2,2,BIDIRECCIONAL,1,CONCRETO,1,BUENO,1,SECO,1,DESPEJADO,0,0,0,1,1
-8127774.83481908,-4433059.12612768,1753,6086,1365005,-73.0130436,-36.9566001,94,CHIGUAYANTE,1,26052,2021,1365005,REGION BIO BIO,8103,CHIGUAYANTE,MANUEL RODRIGUEZ, ,3844,"MANUEL RODRIGUEZ 3844, CHIGUAYANTE",CHILE,RANGE_INTERPOLATED,35951,2021,1365005,1,2021/07/04 00:00:00+00,1899/12/30 00:00:00+00,8,REGION BIO BIO,8103,CHIGUAYANTE,32,COLISION LATERAL,30,COLISION,1,URBANA,1,TRAMO DE VIA RECTA,4,ALCOHOL EN CONDUCTOR,24,CONDUCCION EN ESTADO DE EBRIEDAD,0,MANUEL RODRIGUEZ,0, ,- MANUEL RODRIGUEZ,3844, , , , ,2,2,3,BIDIRECCIONAL CON BANDEJON,1,CONCRETO,1,BUENO,1,SECO,1,DESPEJADO,0,0,0,0,2
-8127774.83481908,-4433059.12612768,1754,6087,1375475,-73.0130436,-36.9566001,94,CHIGUAYANTE,1,36135,2021,1375475,REGION BIO BIO,8103,CHIGUAYANTE,MANUEL RODRIGUEZ, ,3844,"MANUEL RODRIGUEZ 3844, CHIGUAYANTE",CHILE,RANGE_INTERPOLATED,49748,2021,1375475,1,2021/08/30 00:00:00+00,1899/12/30 00:00:00+00,8,REGION BIO BIO,8103,CHIGUAYANTE,10,ATROPELLO,10,ATROPELLO,1,URBANA,1,TRAMO DE VIA RECTA,14,OTRAS CAUSAS,98,OTRAS CAUSAS,0,MANUEL RODRIGUEZ,0, ,- MANUEL RODRIGUEZ,3844, , , , ,2,2,3,BIDIRECCIONAL CON BANDEJON,1,CONCRETO,1,BUENO,2,HUMEDO,2,NUBLADO,0,0,0,1,1
-8128390.91027698,-4432922.9120038,1755,6088,1398119,-73.0185779,-36.9556223,94,CHIGUAYANTE,1,51763,2021,1398119,REGION BIO BIO,8103,CHIGUAYANTE,CINCO,LOS ANDES,0,"CINCO & LOS ANDES, CHIGUAYANTE",CHILE,GEOMETRIC_CENTER,70393,2021,1398119,1,2021/11/21 00:00:00+00,1899/12/30 00:00:00+00,8,REGION BIO BIO,8103,CHIGUAYANTE,32,COLISION LATERAL,30,COLISION,1,URBANA,1,TRAMO DE VIA RECTA,1,IMPRUDENCIA DEL CONDUCTOR,27,CONDUCCION NO ATENTO CONDICIONES TRANSITO MOMENTO,0,CINCO,0,LOS ANDES,CINCO - LOS ANDES,0, , , , ,1,1,2,BIDIRECCIONAL,1,CONCRETO,1,BUENO,1,SECO,1,DESPEJADO,0,0,0,0,2
-8127804.43467168,-4432794.29170228,1756,6089,1330804,-73.0133095,-36.954699,94,CHIGUAYANTE,1,4716,2021,1330804,REGION BIO BIO,8103,CHIGUAYANTE,MANUEL RODRIGUEZ,LOS ANDES,0,"MANUEL RODRIGUEZ & LOS ANDES, CHIGUAYANTE",CHILE,GEOMETRIC_CENTER,6597,2021,1330804,1,2021/02/03 00:00:00+00,1899/12/30 00:00:00+00,8,REGION BIO BIO,8103,CHIGUAYANTE,63,CHOQUE FRENTE/POSTERIOR,40,CHOQUE,1,URBANA,11,CRUCE CON SEMAFORO FUNCIONANDO,13,CAUSAS NO DETERMINADAS,97,CAUSAS NO DETERMINADAS,0,MANUEL RODRIGUEZ,0,LOS ANDES,LOS ANDES - MANUEL RODRIGUEZ,0, , , , ,2,2,3,BIDIRECCIONAL CON BANDEJON,1,CONCRETO,1,BUENO,1,SECO,1,DESPEJADO,0,0,0,0,2
-8127804.43467168,-4432794.29170228,1757,6090,1369988,-73.0133095,-36.954699,94,CHIGUAYANTE,1,32095,2021,1369988,REGION BIO BIO,8103,CHIGUAYANTE,MANUEL RODRIGUEZ,LOS ANDES,0,"MANUEL RODRIGUEZ & LOS ANDES, CHIGUAYANTE",CHILE,GEOMETRIC_CENTER,44287,2021,1369988,1,2021/08/07 00:00:00+00,1899/12/30 00:00:00+00,8,REGION BIO BIO,8103,CHIGUAYANTE,10,ATROPELLO,10,ATROPELLO,1,URBANA,1,TRAMO DE VIA RECTA,2,IMPRUDENCIA DEL PEATON,52,PEATON CRUZA CALZADA FORMA SORPRESIVA O DESCUIDADA,0,MANUEL RODRIGUEZ,0,LOS ANDES,LOS ANDES - MANUEL RODRIGUEZ,0, , , , ,2,2,3,BIDIRECCIONAL CON BANDEJON,1,CONCRETO,1,BUENO,1,SECO,1,DESPEJADO,0,0,0,1,2
-8127804.43467168,-4432794.29170228,1758,6091,1388503,-73.0133095,-36.954699,94,CHIGUAYANTE,1,44712,2021,1388503,REGION BIO BIO,8103,CHIGUAYANTE,MANUEL RODRIGUEZ,LOS ANDES,0,"MANUEL RODRIGUEZ & LOS ANDES, CHIGUAYANTE",CHILE,GEOMETRIC_CENTER,61111,2021,1388503,1,2021/10/16 00:00:00+00,1899/12/30 00:00:00+00,8,REGION BIO BIO,8103,CHIGUAYANTE,51,CHOQUE FRONTAL,40,CHOQUE,1,URBANA,11,CRUCE CON SEMAFORO FUNCIONANDO,1,IMPRUDENCIA DEL CONDUCTOR,27,CONDUCCION NO ATENTO CONDICIONES TRANSITO MOMENTO,0,MANUEL RODRIGUEZ,0,LOS ANDES,LOS ANDES - MANUEL RODRIGUEZ,0, , , , ,2,2,3,BIDIRECCIONAL CON BANDEJON,1,CONCRETO,1,BUENO,1,SECO,1,DESPEJADO,0,0,0,0,1
-8127804.43467168,-4432794.29170228,1759,6092,1395524,-73.0133095,-36.954699,94,CHIGUAYANTE,1,49930,2021,1395524,REGION BIO BIO,8103,CHIGUAYANTE,MANUEL RODRIGUEZ,LOS ANDES,0,"MANUEL RODRIGUEZ & LOS ANDES, CHIGUAYANTE",CHILE,GEOMETRIC_CENTER,67995,2021,1395524,1,2021/11/13 00:00:00+00,1899/12/30 00:00:00+00,8,REGION BIO BIO,8103,CHIGUAYANTE,32,COLISION LATERAL,30,COLISION,1,URBANA,1,TRAMO DE VIA RECTA,14,OTRAS CAUSAS,98,OTRAS CAUSAS,0,MANUEL RODRIGUEZ,0,LOS ANDES,LOS ANDES - MANUEL RODRIGUEZ,0, , , , ,2,2,3,BIDIRECCIONAL CON BANDEJON,1,CONCRETO,1,BUENO,1,SECO,1,DESPEJADO,0,0,0,0,2
-8127869.14469168,-4432523.43217021,1760,6093,1339546,-73.0138908,-36.9527546,94,CHIGUAYANTE,1,11298,2021,1339546,REGION BIO BIO,8103,CHIGUAYANTE,MANUEL RODRIGUEZ,ITALIA,0,"MANUEL RODRIGUEZ & ITALIA, CHIGUAYANTE",CHILE,GEOMETRIC_CENTER,15665,2021,1339546,1,2021/03/21 00:00:00+00,1899/12/30 00:00:00+00,8,REGION BIO BIO,8103,CHIGUAYANTE,34,COLISION PERPENDICULAR,30,COLISION,1,URBANA,11,CRUCE CON SEMAFORO FUNCIONANDO,13,CAUSAS NO DETERMINADAS,97,CAUSAS NO DETERMINADAS,0,MANUEL RODRIGUEZ,0,ITALIA,ITALIA - MANUEL RODRIGUEZ,0, , , , ,2,2,3,BIDIRECCIONAL CON BANDEJON,2,ASFALTO,1,BUENO,1,SECO,1,DESPEJADO,0,1,0,0,1
-8127869.14469168,-4432523.43217021,1761,6094,1356604,-73.0138908,-36.9527546,94,CHIGUAYANTE,1,23192,2021,1356604,REGION BIO BIO,8103,CHIGUAYANTE,MANUEL RODRIGUEZ,ITALIA,0,"MANUEL RODRIGUEZ & ITALIA, CHIGUAYANTE",CHILE,GEOMETRIC_CENTER,31955,2021,1356604,1,2021/06/15 00:00:00+00,1899/12/30 00:00:00+00,8,REGION BIO BIO,8103,CHIGUAYANTE,34,COLISION PERPENDICULAR,30,COLISION,1,URBANA,11,CRUCE CON SEMAFORO FUNCIONANDO,10,DESOBEDIENCIA A SEÑALIZACION,62,SEÑALIZACION DESOBEDECER LUZ ROJA DE SEMAFORO,0,MANUEL RODRIGUEZ,0,ITALIA,ITALIA - MANUEL RODRIGUEZ,0, , , , ,2,2,3,BIDIRECCIONAL CON BANDEJON,2,ASFALTO,1,BUENO,1,SECO,2,NUBLADO,0,0,0,0,3
-8127869.14469168,-4432523.43217021,1762,6095,1377287,-73.0138908,-36.9527546,94,CHIGUAYANTE,1,36594,2021,1377287,REGION BIO BIO,8103,CHIGUAYANTE,MANUEL RODRIGUEZ,ITALIA,0,"MANUEL RODRIGUEZ & ITALIA, CHIGUAYANTE",CHILE,GEOMETRIC_CENTER,50339,2021,1377287,1,2021/09/02 00:00:00+00,1899/12/30 00:00:00+00,8,REGION BIO BIO,8103,CHIGUAYANTE,34,COLISION PERPENDICULAR,30,COLISION,1,URBANA,11,CRUCE CON SEMAFORO FUNCIONANDO,13,CAUSAS NO DETERMINADAS,97,CAUSAS NO DETERMINADAS,0,MANUEL RODRIGUEZ,0,ITALIA,ITALIA - MANUEL RODRIGUEZ,0, , , , ,2,2,3,BIDIRECCIONAL CON BANDEJON,1,CONCRETO,1,BUENO,1,SECO,1,DESPEJADO,0,0,0,1,1
-8127869.14469168,-4432523.43217021,1763,6096,1394182,-73.0138908,-36.9527546,94,CHIGUAYANTE,1,47976,2021,1394182,REGION BIO BIO,8103,CHIGUAYANTE,MANUEL RODRIGUEZ,ITALIA,0,"MANUEL RODRIGUEZ & ITALIA, CHIGUAYANTE",CHILE,GEOMETRIC_CENTER,65457,2021,1394182,1,2021/11/03 00:00:00+00,1899/12/30 00:00:00+00,8,REGION BIO BIO,8103,CHIGUAYANTE,34,COLISION PERPENDICULAR,30,COLISION,1,URBANA,11,CRUCE CON SEMAFORO FUNCIONANDO,4,ALCOHOL EN CONDUCTOR,24,CONDUCCION EN ESTADO DE EBRIEDAD,0,MANUEL RODRIGUEZ,0,ITALIA,ITALIA - MANUEL RODRIGUEZ,0, , , , ,2,2,3,BIDIRECCIONAL CON BANDEJON,1,CONCRETO,1,BUENO,3,MOJADO,3,LLUVIA,0,0,1,0,1
-8127869.14469168,-4432523.43217021,1764,6097,1408024,-73.0138908,-36.9527546,94,CHIGUAYANTE,1,58248,2021,1408024,REGION BIO BIO,8103,CHIGUAYANTE,MANUEL RODRIGUEZ,ITALIA,0,"MANUEL RODRIGUEZ & ITALIA, CHIGUAYANTE",CHILE,GEOMETRIC_CENTER,79087,2021,1408024,1,2021/12/24 00:00:00+00,1899/12/30 00:00:00+00,8,REGION BIO BIO,8103,CHIGUAYANTE,34,COLISION PERPENDICULAR,30,COLISION,1,URBANA,11,CRUCE CON SEMAFORO FUNCIONANDO,4,ALCOHOL EN CONDUCTOR,24,CONDUCCION EN ESTADO DE EBRIEDAD,0,MANUEL RODRIGUEZ,0,ITALIA,ITALIA - MANUEL RODRIGUEZ,0, , , , ,1,1,2,BIDIRECCIONAL,1,CONCRETO,1,BUENO,1,SECO,1,DESPEJADO,0,0,0,1,1
-8127766.66396846,-4432519.47603408,1765,6098,1400796,-73.0129702,-36.9527262,94,CHIGUAYANTE,1,53577,2021,1400796,REGION BIO BIO,8103,CHIGUAYANTE,O'HIGGINS, ,6619,"O'HIGGINS 6619, CHIGUAYANTE",CHILE,RANGE_INTERPOLATED,72817,2021,1400796,1,2021/12/01 00:00:00+00,1899/12/30 00:00:00+00,8,REGION BIO BIO,8103,CHIGUAYANTE,31,COLISION FRONTAL,30,COLISION,1,URBANA,1,TRAMO DE VIA RECTA,13,CAUSAS NO DETERMINADAS,97,CAUSAS NO DETERMINADAS,0,O'HIGGINS,0, ,- O'HIGGINS,6619, , , , ,1,1,2,BIDIRECCIONAL,1,CONCRETO,1,BUENO,1,SECO,1,DESPEJADO,0,0,0,1,1
-8127780.51211311,-4432411.47687363,1766,6099,1333486,-73.0130946,-36.9519509,94,CHIGUAYANTE,1,7251,2021,1333486,REGION BIO BIO,8103,CHIGUAYANTE,O'HIGGINS, ,6557,"O'HIGGINS 6557, CHIGUAYANTE",CHILE,RANGE_INTERPOLATED,10198,2021,1333486,1,2021/02/23 00:00:00+00,1899/12/30 00:00:00+00,8,REGION BIO BIO,8103,CHIGUAYANTE,51,CHOQUE FRONTAL,40,CHOQUE,1,URBANA,2,TRAMO DE VIA CURVA HORIZONTAL,7,VELOCIDAD IMPRUDENTE,72,VELOCIDAD NO RAZONABLE NI PRUDENTE,0,O'HIGGINS,0, ,- O'HIGGINS,6557, , , , ,1,1,2,BIDIRECCIONAL,1,CONCRETO,2,REGULAR,1,SECO,1,DESPEJADO,0,1,0,0,0