X,Y,FID,FID_1,LABELID,POINT_X,POINT_Y,FID_2,COMUNAREAL,VAL_COM,OBJECTID,A_O,IDACCIDENT,REGION,COD_COMUN,COMUNA,CALLE_UNO,CALLE_DOS,NUMERO,DIR_GEOCOD,PAIS,TIPO,OBJECTID_1,Año,Idaccide_1,Claseaccid,Fecha,Hora,Cód_Regi,Región,Cód_Comun,Comuna_1,Cód_Tipo_,Tipo_Accid,Cód_Tipo1,Tipo__CONA,Cód_Zona,Zona,Cód_Ubica,Ubicación,Cód_Causa,Causa__CON,Cód_Cau_1,Causa,Cód_Calle,Calle_Un_1,Cód_Cal_1,Calle_Do_1,Intersecci,Número,Ruta,Cód_Ruta,Ubicaci_1,Km_Vía_Fe,Pistas_de_,Pistas_de1,Cód_Calza,Calzada,Cód__Tipo,Tipo_Calza,Cód_Estad,Estado_Cal,Cód_Condi,Condición,Cód_Est_1,Estado_Atm,Fallecidos,Graves,Menos_Grav,Leves,Ilesos
-8127779.47684185,-4432402.70103246,1767,6100,1344621,-73.0130853,-36.9518879,94,CHIGUAYANTE,1,14805,2021,1344621,REGION BIO BIO,8103,CHIGUAYANTE,O'HIGGINS, ,6552,"O'HIGGINS 6552, CHIGUAYANTE",CHILE,RANGE_INTERPOLATED,20410,2021,1344621,1,2021/04/21 00:00:00+00,1899/12/30 00:00:00+00,8,REGION BIO BIO,8103,CHIGUAYANTE,10,ATROPELLO,10,ATROPELLO,1,URBANA,1,TRAMO DE VIA RECTA,1,IMPRUDENCIA DEL CONDUCTOR,27,CONDUCCION NO ATENTO CONDICIONES TRANSITO MOMENTO,0,O'HIGGINS,0, ,- O'HIGGINS,6552, , , , ,1,1,2,BIDIRECCIONAL,1,CONCRETO,1,BUENO,3,MOJADO,3,LLUVIA,0,1,0,0,1
-8127546.01760576,-4432372.1249441,1768,6101,1409590,-73.0109881,-36.9516684,94,CHIGUAYANTE,1,55271,2021,1409590,REGION BIO BIO,8103,CHIGUAYANTE,CALLE DOS,CALLE CUATRO,0,"CALLE DOS & CALLE CUATRO, CHIGUAYANTE",CHILE,GEOMETRIC_CENTER,75101,2021,1409590,1,2021/12/10 00:00:00+00,1899/12/30 00:00:00+00,8,REGION BIO BIO,8103,CHIGUAYANTE,65,CHOQUE LADO/LADO,40,CHOQUE,1,URBANA,15,CRUCE CON SEÑAL CEDA EL PASO,14,OTRAS CAUSAS,98,OTRAS CAUSAS,0,CALLE DOS,0,CALLE CUATRO,CALLE CUATRO - CALLE DOS,0, , , , ,1,1,2,BIDIRECCIONAL,1,CONCRETO,1,BUENO,1,SECO,1,DESPEJADO,0,0,0,0,2
-8127788.34900526,-4432340.22561098,1769,6102,1397042,-73.013165,-36.9514394,94,CHIGUAYANTE,1,47373,2021,1397042,REGION BIO BIO,8103,CHIGUAYANTE,LEONERA VIEJA,DOSCIENTOS UNO,0,"LEONERA VIEJA & DOSCIENTOS UNO, CHIGUAYANTE",CHILE,GEOMETRIC_CENTER,64623,2021,1397042,1,2021/10/30 00:00:00+00,1899/12/30 00:00:00+00,8,REGION BIO BIO,8103,CHIGUAYANTE,70,VOLCADURA,70,VOLCADURA,1,URBANA,1,TRAMO DE VIA RECTA,12,FALLAS MECANICAS,2,FALLAS MECANICAS DIRECCION,0,LEONERA VIEJA,0,DOSCIENTOS UNO,DOSCIENTOS UNO - LEONERA VIEJA,0, , , , ,2,0,1,UNIDIRECCIONAL,1,CONCRETO,1,BUENO,1,SECO,1,DESPEJADO,0,0,1,0,0
-8128056.74029757,-4432240.76717057,1770,6104,1345290,-73.015576,-36.9507254,94,CHIGUAYANTE,1,15055,2021,1345290,REGION BIO BIO,8103,CHIGUAYANTE,LOS PINOS,LOS BOLDOS,0,"LOS PINOS & LOS BOLDOS, CHIGUAYANTE",CHILE,GEOMETRIC_CENTER,20757,2021,1345290,1,2021/04/23 00:00:00+00,1899/12/30 00:00:00+00,8,REGION BIO BIO,8103,CHIGUAYANTE,32,COLISION LATERAL,30,COLISION,1,URBANA,1,TRAMO DE VIA RECTA,13,CAUSAS NO DETERMINADAS,97,CAUSAS NO DETERMINADAS,0,LOS PINOS,0,LOS BOLDOS,LOS BOLDOS - LOS PINOS,0, , , , ,1,1,2,BIDIRECCIONAL,1,CONCRETO,1,BUENO,1,SECO,2,NUBLADO,0,0,0,0,2
-8127722.24749163,-4432193.40633614,1771,6105,1399128,-73.0125712,-36.9503854,94,CHIGUAYANTE,1,51972,2021,1399128,REGION BIO BIO,8103,CHIGUAYANTE,CALLE UNO,O'HIGGINS,0,"CALLE UNO & O'HIGGINS, CHIGUAYANTE",CHILE,GEOMETRIC_CENTER,70677,2021,1399128,1,2021/11/22 00:00:00+00,1899/12/30 00:00:00+00,8,REGION BIO BIO,8103,CHIGUAYANTE,65,CHOQUE LADO/LADO,40,CHOQUE,1,URBANA,1,TRAMO DE VIA RECTA,14,OTRAS CAUSAS,98,OTRAS CAUSAS,0,CALLE UNO,0,O'HIGGINS,CALLE UNO - O'HIGGINS,0, , , , ,1,1,2,BIDIRECCIONAL,2,ASFALTO,1,BUENO,1,SECO,1,DESPEJADO,0,0,0,0,2
-8128970.74010867,-4432114.17491874,1772,6106,1407753,-73.0237866,-36.9498166,94,CHIGUAYANTE,1,57199,2021,1407753,REGION BIO BIO,8103,CHIGUAYANTE,COIGUE, ,120,"COIGUE 120, CHIGUAYANTE",CHILE,RANGE_INTERPOLATED,77696,2021,1407753,1,2021/12/19 00:00:00+00,1899/12/30 00:00:00+00,8,REGION BIO BIO,8103,CHIGUAYANTE,67,CHOQUE POSTERIOR/FRENTE,40,CHOQUE,1,URBANA,1,TRAMO DE VIA RECTA,1,IMPRUDENCIA DEL CONDUCTOR,27,CONDUCCION NO ATENTO CONDICIONES TRANSITO MOMENTO,0,COIGUE,0, ,- COIGUE,120, , , , ,1,1,2,BIDIRECCIONAL,2,ASFALTO,1,BUENO,1,SECO,1,DESPEJADO,0,0,0,0,2
-8127749.52076687,-4432112.26657438,1773,6107,1330787,-73.0128162,-36.9498029,94,CHIGUAYANTE,1,4562,2021,1330787,REGION BIO BIO,8103,CHIGUAYANTE,O'HIGGINS,GABRIEL GONZALEZ VIDELA,0,"O'HIGGINS & GABRIEL GONZALEZ VIDELA, CHIGUAYANTE",CHILE,GEOMETRIC_CENTER,6399,2021,1330787,1,2021/02/02 00:00:00+00,1899/12/30 00:00:00+00,8,REGION BIO BIO,8103,CHIGUAYANTE,33,COLISION POR ALCANCE,30,COLISION,1,URBANA,1,TRAMO DE VIA RECTA,13,CAUSAS NO DETERMINADAS,97,CAUSAS NO DETERMINADAS,0,O'HIGGINS,0,GABRIEL GONZALEZ VIDELA,GABRIEL GONZALEZ VIDELA - O'HIGGINS,0, , , , ,1,1,2,BIDIRECCIONAL,1,CONCRETO,1,BUENO,1,SECO,1,DESPEJADO,0,0,0,0,2
-8128968.99239267,-4432101.63835627,1774,6108,1405445,-73.0237709,-36.9497266,94,CHIGUAYANTE,1,57188,2021,1405445,REGION BIO BIO,8103,CHIGUAYANTE,COIGUE,ARAUCARIA,0,"COIGUE & ARAUCARIA, CHIGUAYANTE",CHILE,GEOMETRIC_CENTER,77679,2021,1405445,1,2021/12/19 00:00:00+00,1899/12/30 00:00:00+00,8,REGION BIO BIO,8103,CHIGUAYANTE,67,CHOQUE POSTERIOR/FRENTE,40,CHOQUE,1,URBANA,1,TRAMO DE VIA RECTA,14,OTRAS CAUSAS,98,OTRAS CAUSAS,0,COIGUE,0,ARAUCARIA,ARAUCARIA - COIGUE,0, , , , ,1,1,2,BIDIRECCIONAL,1,CONCRETO,1,BUENO,1,SECO,1,DESPEJADO,0,0,0,0,2
-8128072.16917899,-4431839.71116547,1775,6109,1333427,-73.0157146,-36.9478462,94,CHIGUAYANTE,1,6432,2021,1333427,REGION BIO BIO,8103,CHIGUAYANTE,MANUEL RODRIGUEZ,PORVENIR,0,"MANUEL RODRIGUEZ & PORVENIR, CHIGUAYANTE",CHILE,GEOMETRIC_CENTER,8991,2021,1333427,1,2021/02/16 00:00:00+00,1899/12/30 00:00:00+00,8,REGION BIO BIO,8103,CHIGUAYANTE,33,COLISION POR ALCANCE,30,COLISION,1,URBANA,1,TRAMO DE VIA RECTA,4,ALCOHOL EN CONDUCTOR,24,CONDUCCION EN ESTADO DE EBRIEDAD,0,MANUEL RODRIGUEZ,0,PORVENIR,MANUEL RODRIGUEZ - PORVENIR,0, , , , ,2,2,3,BIDIRECCIONAL CON BANDEJON,1,CONCRETO,1,BUENO,1,SECO,1,DESPEJADO,0,0,0,1,1
-8128072.16917899,-4431839.71116547,1776,6110,1338537,-73.0157146,-36.9478462,94,CHIGUAYANTE,1,9837,2021,1338537,REGION BIO BIO,8103,CHIGUAYANTE,MANUEL RODRIGUEZ,PORVENIR,0,"MANUEL RODRIGUEZ & PORVENIR, CHIGUAYANTE",CHILE,GEOMETRIC_CENTER,13699,2021,1338537,1,2021/03/11 00:00:00+00,1899/12/30 00:00:00+00,8,REGION BIO BIO,8103,CHIGUAYANTE,34,COLISION PERPENDICULAR,30,COLISION,1,URBANA,11,CRUCE CON SEMAFORO FUNCIONANDO,10,DESOBEDIENCIA A SEÑALIZACION,62,SEÑALIZACION DESOBEDECER LUZ ROJA DE SEMAFORO,0,MANUEL RODRIGUEZ,0,PORVENIR,MANUEL RODRIGUEZ - PORVENIR,0, , , , ,2,2,3,BIDIRECCIONAL CON BANDEJON,2,ASFALTO,1,BUENO,1,SECO,1,DESPEJADO,0,0,0,0,2
-8128072.16917899,-4431839.71116547,1777,6111,1370806,-73.0157146,-36.9478462,94,CHIGUAYANTE,1,32417,2021,1370806,REGION BIO BIO,8103,CHIGUAYANTE,MANUEL RODRIGUEZ,PORVENIR,0,"MANUEL RODRIGUEZ & PORVENIR, CHIGUAYANTE",CHILE,GEOMETRIC_CENTER,44730,2021,1370806,1,2021/08/09 00:00:00+00,1899/12/30 00:00:00+00,8,REGION BIO BIO,8103,CHIGUAYANTE,34,COLISION PERPENDICULAR,30,COLISION,1,URBANA,11,CRUCE CON SEMAFORO FUNCIONANDO,13,CAUSAS NO DETERMINADAS,97,CAUSAS NO DETERMINADAS,0,MANUEL RODRIGUEZ,0,PORVENIR,MANUEL RODRIGUEZ - PORVENIR,0, , , , ,2,2,3,BIDIRECCIONAL CON BANDEJON,1,CONCRETO,1,BUENO,1,SECO,1,DESPEJADO,0,0,0,0,2
-8128072.16917899,-4431839.71116547,1778,6112,1375442,-73.0157146,-36.9478462,94,CHIGUAYANTE,1,35304,2021,1375442,REGION BIO BIO,8103,CHIGUAYANTE,MANUEL RODRIGUEZ,PORVENIR,0,"MANUEL RODRIGUEZ & PORVENIR, CHIGUAYANTE",CHILE,GEOMETRIC_CENTER,48635,2021,1375442,1,2021/08/26 00:00:00+00,1899/12/30 00:00:00+00,8,REGION BIO BIO,8103,CHIGUAYANTE,32,COLISION LATERAL,30,COLISION,1,URBANA,1,TRAMO DE VIA RECTA,13,CAUSAS NO DETERMINADAS,97,CAUSAS NO DETERMINADAS,0,MANUEL RODRIGUEZ,0,PORVENIR,MANUEL RODRIGUEZ - PORVENIR,0, , , , ,2,2,3,BIDIRECCIONAL CON BANDEJON,1,CONCRETO,1,BUENO,3,MOJADO,4,LLOVIZNA,0,0,0,0,2
-8127474.695208,-4431818.52493156,1779,6113,1347829,-73.0103474,-36.9476941,94,CHIGUAYANTE,1,16977,2021,1347829,REGION BIO BIO,8103,CHIGUAYANTE,CALLE UNO, ,81,"CALLE UNO 81, CHIGUAYANTE",CHILE,RANGE_INTERPOLATED,23408,2021,1347829,1,2021/05/07 00:00:00+00,1899/12/30 00:00:00+00,8,REGION BIO BIO,8103,CHIGUAYANTE,69,CHOQUE POSTERIOR/POSTERIOR,40,CHOQUE,1,URBANA,1,TRAMO DE VIA RECTA,13,CAUSAS NO DETERMINADAS,97,CAUSAS NO DETERMINADAS,0,CALLE UNO,0, ,- CALLE UNO,81, , , , ,1,1,2,BIDIRECCIONAL,1,CONCRETO,1,BUENO,1,SECO,1,DESPEJADO,0,0,0,0,3
-8128442.0838469,-4431729.43456473,1780,6114,1358694,-73.0190376,-36.9470545,94,CHIGUAYANTE,1,24508,2021,1358694,REGION BIO BIO,8103,CHIGUAYANTE,ESPERANZA, ,295,"ESPERANZA 295, CHIGUAYANTE",CHILE,RANGE_INTERPOLATED,33794,2021,1358694,1,2021/06/24 00:00:00+00,1899/12/30 00:00:00+00,8,REGION BIO BIO,8103,CHIGUAYANTE,51,CHOQUE FRONTAL,40,CHOQUE,1,URBANA,1,TRAMO DE VIA RECTA,1,IMPRUDENCIA DEL CONDUCTOR,27,CONDUCCION NO ATENTO CONDICIONES TRANSITO MOMENTO,0,ESPERANZA,0, ,- ESPERANZA,295, , , , ,1,1,2,BIDIRECCIONAL,1,CONCRETO,1,BUENO,3,MOJADO,3,LLUVIA,0,0,0,1,0
-8127632.02304434,-4431719.09923914,1781,6115,1355953,-73.0117607,-36.9469803,94,CHIGUAYANTE,1,19163,2021,1355953,REGION BIO BIO,8103,CHIGUAYANTE,O'HIGGINS PONIENTE, ,2530,"O'HIGGINS PONIENTE 2530, CHIGUAYANTE",CHILE,RANGE_INTERPOLATED,26368,2021,1355953,1,2021/05/21 00:00:00+00,1899/12/30 00:00:00+00,8,REGION BIO BIO,8103,CHIGUAYANTE,62,CHOQUE FRENTE/LADO,40,CHOQUE,1,URBANA,1,TRAMO DE VIA RECTA,13,CAUSAS NO DETERMINADAS,97,CAUSAS NO DETERMINADAS,0,O'HIGGINS PONIENTE,0, ,- O'HIGGINS PONIENTE,2530, , , , ,1,1,2,BIDIRECCIONAL,1,CONCRETO,1,BUENO,1,SECO,1,DESPEJADO,0,0,0,0,2
-8127632.02304434,-4431719.09923914,1782,6116,1405488,-73.0117607,-36.9469803,94,CHIGUAYANTE,1,57005,2021,1405488,REGION BIO BIO,8103,CHIGUAYANTE,O'HIGGINS PONIENTE, ,2518,"O'HIGGINS PONIENTE 2518, CHIGUAYANTE",CHILE,RANGE_INTERPOLATED,77451,2021,1405488,1,2021/12/19 00:00:00+00,1899/12/30 00:00:00+00,8,REGION BIO BIO,8103,CHIGUAYANTE,31,COLISION FRONTAL,30,COLISION,1,URBANA,1,TRAMO DE VIA RECTA,4,ALCOHOL EN CONDUCTOR,24,CONDUCCION EN ESTADO DE EBRIEDAD,0,O'HIGGINS PONIENTE,0, ,- O'HIGGINS PONIENTE,2518, , , , ,1,1,2,BIDIRECCIONAL,1,CONCRETO,1,BUENO,1,SECO,1,DESPEJADO,0,0,0,0,2
-8128450.90035057,-4431688.95691849,1783,6117,1405995,-73.0191168,-36.9467639,94,CHIGUAYANTE,1,56390,2021,1405995,REGION BIO BIO,8103,CHIGUAYANTE,CALLE CINCO, ,2710,"CALLE CINCO 2710, CHIGUAYANTE",CHILE,RANGE_INTERPOLATED,76631,2021,1405995,1,2021/12/15 00:00:00+00,1899/12/30 00:00:00+00,8,REGION BIO BIO,8103,CHIGUAYANTE,30,COLISION,30,COLISION,1,URBANA,1,TRAMO DE VIA RECTA,1,IMPRUDENCIA DEL CONDUCTOR,27,CONDUCCION NO ATENTO CONDICIONES TRANSITO MOMENTO,0,CALLE CINCO,0, ,- CALLE CINCO,2710, , , , ,1,1,2,BIDIRECCIONAL,1,CONCRETO,1,BUENO,1,SECO,1,DESPEJADO,0,0,0,1,1
-8127560.52253541,-4431628.95111175,1784,6118,1349759,-73.0111184,-36.9463331,94,CHIGUAYANTE,1,18350,2021,1349759,REGION BIO BIO,8103,CHIGUAYANTE,O'HIGGINS,RIO NEREO,0,"O'HIGGINS & RIO NEREO, CHIGUAYANTE",CHILE,GEOMETRIC_CENTER,25243,2021,1349759,1,2021/05/16 00:00:00+00,1899/12/30 00:00:00+00,8,REGION BIO BIO,8103,CHIGUAYANTE,65,CHOQUE LADO/LADO,40,CHOQUE,1,URBANA,15,CRUCE CON SEÑAL CEDA EL PASO,1,IMPRUDENCIA DEL CONDUCTOR,15,"ADELANTAMIENTO EN CRUCE, CURVA, CUESTA, PUENTE",0,O'HIGGINS,0,RIO NEREO,O'HIGGINS - RIO NEREO,0, , , , ,1,1,2,BIDIRECCIONAL,1,CONCRETO,1,BUENO,1,SECO,1,DESPEJADO,0,0,0,0,2
-8128803.61615715,-4431625.16245568,1785,6119,1402151,-73.0222853,-36.9463059,94,CHIGUAYANTE,1,54282,2021,1402151,REGION BIO BIO,8103,CHIGUAYANTE,COQUIMBO,CIENTO CINCO,0,"COQUIMBO & CIENTO CINCO, CHIGUAYANTE",CHILE,GEOMETRIC_CENTER,73752,2021,1402151,1,2021/12/04 00:00:00+00,1899/12/30 00:00:00+00,8,REGION BIO BIO,8103,CHIGUAYANTE,61,CHOQUE FRENTE/FRENTE,40,CHOQUE,1,URBANA,1,TRAMO DE VIA RECTA,4,ALCOHOL EN CONDUCTOR,24,CONDUCCION EN ESTADO DE EBRIEDAD,0,COQUIMBO,0,CIENTO CINCO,CIENTO CINCO - COQUIMBO,0, , , , ,1,1,2,BIDIRECCIONAL,1,CONCRETO,1,BUENO,1,SECO,1,DESPEJADO,0,0,0,0,3
-8127602.03357352,-4431617.58514759,1786,6120,1393093,-73.0114913,-36.9462515,94,CHIGUAYANTE,1,47543,2021,1393093,REGION BIO BIO,8103,CHIGUAYANTE,O'HIGGINS,PORVENIR,0,"O'HIGGINS & PORVENIR, CHIGUAYANTE",CHILE,GEOMETRIC_CENTER,64863,2021,1393093,1,2021/10/31 00:00:00+00,1899/12/30 00:00:00+00,8,REGION BIO BIO,8103,CHIGUAYANTE,32,COLISION LATERAL,30,COLISION,1,URBANA,1,TRAMO DE VIA RECTA,14,OTRAS CAUSAS,98,OTRAS CAUSAS,0,O'HIGGINS,0,PORVENIR,O'HIGGINS - PORVENIR,0, , , , ,1,1,2,BIDIRECCIONAL,1,CONCRETO,2,REGULAR,1,SECO,1,DESPEJADO,0,0,0,0,2
-8128156.7052003,-4431592.75000109,1787,6121,1332604,-73.016474,-36.9460732,94,CHIGUAYANTE,1,5658,2021,1332604,REGION BIO BIO,8103,CHIGUAYANTE,MANUEL RODRIGUEZ,ESPERANZA,0,"MANUEL RODRIGUEZ & ESPERANZA, CHIGUAYANTE",CHILE,GEOMETRIC_CENTER,7890,2021,1332604,1,2021/02/11 00:00:00+00,1899/12/30 00:00:00+00,8,REGION BIO BIO,8103,CHIGUAYANTE,63,CHOQUE FRENTE/POSTERIOR,40,CHOQUE,1,URBANA,12,CRUCE CON SEMAFORO APAGADO,1,IMPRUDENCIA DEL CONDUCTOR,27,CONDUCCION NO ATENTO CONDICIONES TRANSITO MOMENTO,0,MANUEL RODRIGUEZ,0,ESPERANZA,ESPERANZA - MANUEL RODRIGUEZ,0, , , , ,2,2,3,BIDIRECCIONAL CON BANDEJON,1,CONCRETO,1,BUENO,1,SECO,1,DESPEJADO,0,0,0,1,1
-8128156.7052003,-4431592.75000109,1788,6122,1350773,-73.016474,-36.9460732,94,CHIGUAYANTE,1,6824,2021,1350773,REGION BIO BIO,8103,CHIGUAYANTE,MANUEL RODRIGUEZ,ESPERANZA,0,"MANUEL RODRIGUEZ & ESPERANZA, CHIGUAYANTE",CHILE,GEOMETRIC_CENTER,9555,2021,1350773,1,2021/02/19 00:00:00+00,1899/12/30 00:00:00+00,8,REGION BIO BIO,8103,CHIGUAYANTE,32,COLISION LATERAL,30,COLISION,1,URBANA,1,TRAMO DE VIA RECTA,13,CAUSAS NO DETERMINADAS,97,CAUSAS NO DETERMINADAS,0,MANUEL RODRIGUEZ,0,ESPERANZA,ESPERANZA - MANUEL RODRIGUEZ,0, , , , ,2,2,3,BIDIRECCIONAL CON BANDEJON,1,CONCRETO,1,BUENO,3,MOJADO,2,NUBLADO,0,0,0,0,2
-8128156.7052003,-4431592.75000109,1789,6123,1335036,-73.016474,-36.9460732,94,CHIGUAYANTE,1,7918,2021,1335036,REGION BIO BIO,8103,CHIGUAYANTE,MANUEL RODRIGUEZ,ESPERANZA,0,"MANUEL RODRIGUEZ & ESPERANZA, CHIGUAYANTE",CHILE,GEOMETRIC_CENTER,11114,2021,1335036,1,2021/02/27 00:00:00+00,1899/12/30 00:00:00+00,8,REGION BIO BIO,8103,CHIGUAYANTE,34,COLISION PERPENDICULAR,30,COLISION,1,URBANA,11,CRUCE CON SEMAFORO FUNCIONANDO,10,DESOBEDIENCIA A SEÑALIZACION,62,SEÑALIZACION DESOBEDECER LUZ ROJA DE SEMAFORO,0,MANUEL RODRIGUEZ,0,ESPERANZA,ESPERANZA - MANUEL RODRIGUEZ,0, , , , ,2,2,3,BIDIRECCIONAL CON BANDEJON,1,CONCRETO,1,BUENO,1,SECO,1,DESPEJADO,0,0,1,1,1
-8128156.7052003,-4431592.75000109,1790,6124,1347637,-73.016474,-36.9460732,94,CHIGUAYANTE,1,16232,2021,1347637,REGION BIO BIO,8103,CHIGUAYANTE,MANUEL RODRIGUEZ,ESPERANZA,0,"MANUEL RODRIGUEZ & ESPERANZA, CHIGUAYANTE",CHILE,GEOMETRIC_CENTER,22366,2021,1347637,1,2021/05/01 00:00:00+00,1899/12/30 00:00:00+00,8,REGION BIO BIO,8103,CHIGUAYANTE,34,COLISION PERPENDICULAR,30,COLISION,1,URBANA,11,CRUCE CON SEMAFORO FUNCIONANDO,4,ALCOHOL EN CONDUCTOR,24,CONDUCCION EN ESTADO DE EBRIEDAD,0,MANUEL RODRIGUEZ,0,ESPERANZA,ESPERANZA - MANUEL RODRIGUEZ,0, , , , ,2,2,3,BIDIRECCIONAL CON BANDEJON,1,CONCRETO,2,REGULAR,2,HUMEDO,4,LLOVIZNA,0,0,0,1,1
-8128156.7052003,-4431592.75000109,1791,6125,1381914,-73.016474,-36.9460732,94,CHIGUAYANTE,1,40157,2021,1381914,REGION BIO BIO,8103,CHIGUAYANTE,MANUEL RODRIGUEZ,ESPERANZA,0,"MANUEL RODRIGUEZ & ESPERANZA, CHIGUAYANTE",CHILE,GEOMETRIC_CENTER,55145,2021,1381914,1,2021/09/21 00:00:00+00,1899/12/30 00:00:00+00,8,REGION BIO BIO,8103,CHIGUAYANTE,10,ATROPELLO,10,ATROPELLO,1,URBANA,11,CRUCE CON SEMAFORO FUNCIONANDO,13,CAUSAS NO DETERMINADAS,97,CAUSAS NO DETERMINADAS,0,MANUEL RODRIGUEZ,0,ESPERANZA,ESPERANZA - MANUEL RODRIGUEZ,0, , , , ,2,2,3,BIDIRECCIONAL CON BANDEJON,1,CONCRETO,1,BUENO,1,SECO,1,DESPEJADO,0,0,0,1,1
-8128156.7052003,-4431592.75000109,1792,6126,1389913,-73.016474,-36.9460732,94,CHIGUAYANTE,1,44969,2021,1389913,REGION BIO BIO,8103,CHIGUAYANTE,MANUEL RODRIGUEZ,ESPERANZA,0,"MANUEL RODRIGUEZ & ESPERANZA, CHIGUAYANTE",CHILE,GEOMETRIC_CENTER,61469,2021,1389913,1,2021/10/17 00:00:00+00,1899/12/30 00:00:00+00,8,REGION BIO BIO,8103,CHIGUAYANTE,63,CHOQUE FRENTE/POSTERIOR,40,CHOQUE,1,URBANA,11,CRUCE CON SEMAFORO FUNCIONANDO,1,IMPRUDENCIA DEL CONDUCTOR,27,CONDUCCION NO ATENTO CONDICIONES TRANSITO MOMENTO,0,MANUEL RODRIGUEZ,0,ESPERANZA,ESPERANZA - MANUEL RODRIGUEZ,0, , , , ,2,2,3,BIDIRECCIONAL CON BANDEJON,1,CONCRETO,1,BUENO,1,SECO,1,DESPEJADO,0,0,0,0,2
-8128156.7052003,-4431592.75000109,1793,6127,1402215,-73.016474,-36.9460732,94,CHIGUAYANTE,1,54636,2021,1402215,REGION BIO BIO,8103,CHIGUAYANTE,MANUEL RODRIGUEZ,ESPERANZA,0,"MANUEL RODRIGUEZ & ESPERANZA, CHIGUAYANTE",CHILE,GEOMETRIC_CENTER,74251,2021,1402215,1,2021/12/06 00:00:00+00,1899/12/30 00:00:00+00,8,REGION BIO BIO,8103,CHIGUAYANTE,32,COLISION LATERAL,30,COLISION,1,URBANA,1,TRAMO DE VIA RECTA,1,IMPRUDENCIA DEL CONDUCTOR,27,CONDUCCION NO ATENTO CONDICIONES TRANSITO MOMENTO,0,MANUEL RODRIGUEZ,0,ESPERANZA,ESPERANZA - MANUEL RODRIGUEZ,0, , , , ,2,2,3,BIDIRECCIONAL CON BANDEJON,1,CONCRETO,1,BUENO,1,SECO,2,NUBLADO,0,0,1,0,1
-8128156.7052003,-4431592.75000109,1794,6128,1404540,-73.016474,-36.9460732,94,CHIGUAYANTE,1,55930,2021,1404540,REGION BIO BIO,8103,CHIGUAYANTE,MANUEL RODRIGUEZ,ESPERANZA,0,"MANUEL RODRIGUEZ & ESPERANZA, CHIGUAYANTE",CHILE,GEOMETRIC_CENTER,76039,2021,1404540,1,2021/12/13 00:00:00+00,1899/12/30 00:00:00+00,8,REGION BIO BIO,8103,CHIGUAYANTE,63,CHOQUE FRENTE/POSTERIOR,40,CHOQUE,1,URBANA,11,CRUCE CON SEMAFORO FUNCIONANDO,1,IMPRUDENCIA DEL CONDUCTOR,27,CONDUCCION NO ATENTO CONDICIONES TRANSITO MOMENTO,0,MANUEL RODRIGUEZ,0,ESPERANZA,ESPERANZA - MANUEL RODRIGUEZ,0, , , , ,2,2,3,BIDIRECCIONAL CON BANDEJON,1,CONCRETO,1,BUENO,1,SECO,1,DESPEJADO,0,0,0,1,2
-8127389.74730458,-4431530.00077325,1795,6129,1382361,-73.0095843,-36.9456227,94,CHIGUAYANTE,1,40914,2021,1382361,REGION BIO BIO,8103,CHIGUAYANTE,RIO MALLECO, ,78,"RIO MALLECO 78, CHIGUAYANTE",CHILE,RANGE_INTERPOLATED,56132,2021,1382361,1,2021/09/26 00:00:00+00,1899/12/30 00:00:00+00,8,REGION BIO BIO,8103,CHIGUAYANTE,65,CHOQUE LADO/LADO,40,CHOQUE,1,URBANA,1,TRAMO DE VIA RECTA,13,CAUSAS NO DETERMINADAS,97,CAUSAS NO DETERMINADAS,0,RIO MALLECO,0, ,- RIO MALLECO,78, , , , ,1,1,2,BIDIRECCIONAL,1,CONCRETO,1,BUENO,1,SECO,1,DESPEJADO,0,0,0,0,2
-8128547.72604366,-4431487.81065753,1796,6130,1373367,-73.0199866,-36.9453198,94,CHIGUAYANTE,1,33887,2021,1373367,REGION BIO BIO,8103,CHIGUAYANTE,COQUIMBO,JORGE MONTT,0,"COQUIMBO & JORGE MONTT, CHIGUAYANTE",CHILE,GEOMETRIC_CENTER,46737,2021,1373367,1,2021/08/18 00:00:00+00,1899/12/30 00:00:00+00,8,REGION BIO BIO,8103,CHIGUAYANTE,34,COLISION PERPENDICULAR,30,COLISION,1,URBANA,1,TRAMO DE VIA RECTA,1,IMPRUDENCIA DEL CONDUCTOR,27,CONDUCCION NO ATENTO CONDICIONES TRANSITO MOMENTO,0,COQUIMBO,0,JORGE MONTT,COQUIMBO - JORGE MONTT,0, , , , ,1,1,2,BIDIRECCIONAL,1,CONCRETO,1,BUENO,1,SECO,2,NUBLADO,0,0,0,1,1
-8127874.52142309,-4431448.8660842,1797,6131,1351617,-73.0139391,-36.9450402,94,CHIGUAYANTE,1,19380,2021,1351617,REGION BIO BIO,8103,CHIGUAYANTE,ESPERANZA,CALLE B,0,"ESPERANZA & CALLE B, CHIGUAYANTE",CHILE,GEOMETRIC_CENTER,26668,2021,1351617,1,2021/05/22 00:00:00+00,1899/12/30 00:00:00+00,8,REGION BIO BIO,8103,CHIGUAYANTE,65,CHOQUE LADO/LADO,40,CHOQUE,1,URBANA,14,CRUCE CON SEÑAL PARE,13,CAUSAS NO DETERMINADAS,97,CAUSAS NO DETERMINADAS,0,ESPERANZA,0,CALLE B,CALLE B - ESPERANZA,0, , , , ,1,1,2,BIDIRECCIONAL,1,CONCRETO,1,BUENO,1,SECO,1,DESPEJADO,0,0,0,0,2
-8128262.59229994,-4431431.49707345,1798,6132,1370814,-73.0174252,-36.9449155,94,CHIGUAYANTE,1,32471,2021,1370814,REGION BIO BIO,8103,CHIGUAYANTE,MANUEL RODRIGUEZ, ,2560,"MANUEL RODRIGUEZ 2560, CHIGUAYANTE",CHILE,RANGE_INTERPOLATED,44809,2021,1370814,1,2021/08/10 00:00:00+00,1899/12/30 00:00:00+00,8,REGION BIO BIO,8103,CHIGUAYANTE,51,CHOQUE FRONTAL,40,CHOQUE,1,URBANA,1,TRAMO DE VIA RECTA,1,IMPRUDENCIA DEL CONDUCTOR,27,CONDUCCION NO ATENTO CONDICIONES TRANSITO MOMENTO,0,MANUEL RODRIGUEZ,0, ,- MANUEL RODRIGUEZ,2560, , , , ,2,2,3,BIDIRECCIONAL CON BANDEJON,1,CONCRETO,1,BUENO,1,SECO,1,DESPEJADO,0,0,0,0,1