X,Y,FID,FID_1,LABELID,POINT_X,POINT_Y,FID_2,COMUNAREAL,VAL_COM,OBJECTID,A_O,IDACCIDENT,REGION,COD_COMUN,COMUNA,CALLE_UNO,CALLE_DOS,NUMERO,DIR_GEOCOD,PAIS,TIPO,OBJECTID_1,Año,Idaccide_1,Claseaccid,Fecha,Hora,Cód_Regi,Región,Cód_Comun,Comuna_1,Cód_Tipo_,Tipo_Accid,Cód_Tipo1,Tipo__CONA,Cód_Zona,Zona,Cód_Ubica,Ubicación,Cód_Causa,Causa__CON,Cód_Cau_1,Causa,Cód_Calle,Calle_Un_1,Cód_Cal_1,Calle_Do_1,Intersecci,Número,Ruta,Cód_Ruta,Ubicaci_1,Km_Vía_Fe,Pistas_de_,Pistas_de1,Cód_Calza,Calzada,Cód__Tipo,Tipo_Calza,Cód_Estad,Estado_Cal,Cód_Condi,Condición,Cód_Est_1,Estado_Atm,Fallecidos,Graves,Menos_Grav,Leves,Ilesos
-8128584.29449639,-4431406.99664871,1799,6133,1376209,-73.0203151,-36.9447396,94,CHIGUAYANTE,1,35533,2021,1376209,REGION BIO BIO,8103,CHIGUAYANTE,JORGE MONTT, ,216,"JORGE MONTT 216, CHIGUAYANTE",CHILE,RANGE_INTERPOLATED,48922,2021,1376209,1,2021/08/27 00:00:00+00,1899/12/30 00:00:00+00,8,REGION BIO BIO,8103,CHIGUAYANTE,50,CHOQUE,40,CHOQUE,1,URBANA,1,TRAMO DE VIA RECTA,13,CAUSAS NO DETERMINADAS,97,CAUSAS NO DETERMINADAS,0,JORGE MONTT,0, ,- JORGE MONTT,216, , , , ,2,2,2,BIDIRECCIONAL,1,CONCRETO,1,BUENO,1,SECO,1,DESPEJADO,0,0,0,0,2
-8127504.80713027,-4431396.46663704,1800,6134,1393960,-73.0106179,-36.944664,94,CHIGUAYANTE,1,47941,2021,1393960,REGION BIO BIO,8103,CHIGUAYANTE,O'HIGGINS, ,6355,"O'HIGGINS 6355, CHIGUAYANTE",CHILE,RANGE_INTERPOLATED,65409,2021,1393960,1,2021/11/03 00:00:00+00,1899/12/30 00:00:00+00,8,REGION BIO BIO,8103,CHIGUAYANTE,10,ATROPELLO,10,ATROPELLO,1,URBANA,1,TRAMO DE VIA RECTA,13,CAUSAS NO DETERMINADAS,97,CAUSAS NO DETERMINADAS,0,O'HIGGINS,0, ,- O'HIGGINS,6355, , , , ,1,1,2,BIDIRECCIONAL,2,ASFALTO,2,REGULAR,3,MOJADO,3,LLUVIA,0,0,0,1,1
-8128430.89623807,-4431395.01806482,1801,6135,1368430,-73.0189371,-36.9446536,94,CHIGUAYANTE,1,29570,2021,1368430,REGION BIO BIO,8103,CHIGUAYANTE,COQUIMBO, ,169,"COQUIMBO 169, CHIGUAYANTE",CHILE,RANGE_INTERPOLATED,40888,2021,1368430,1,2021/07/25 00:00:00+00,1899/12/30 00:00:00+00,8,REGION BIO BIO,8103,CHIGUAYANTE,62,CHOQUE FRENTE/LADO,40,CHOQUE,1,URBANA,1,TRAMO DE VIA RECTA,13,CAUSAS NO DETERMINADAS,97,CAUSAS NO DETERMINADAS,0,COQUIMBO,0, ,- COQUIMBO,169, , , , ,1,1,2,BIDIRECCIONAL,1,CONCRETO,1,BUENO,3,MOJADO,3,LLUVIA,0,0,0,0,2
-8127692.61424318,-4431377.20342844,1802,6136,1333442,-73.012305,-36.9445257,94,CHIGUAYANTE,1,7447,2021,1333442,REGION BIO BIO,8103,CHIGUAYANTE,ESPERANZA, ,123,"ESPERANZA 123, CHIGUAYANTE",CHILE,RANGE_INTERPOLATED,10469,2021,1333442,1,2021/02/24 00:00:00+00,1899/12/30 00:00:00+00,8,REGION BIO BIO,8103,CHIGUAYANTE,67,CHOQUE POSTERIOR/FRENTE,40,CHOQUE,1,URBANA,1,TRAMO DE VIA RECTA,14,OTRAS CAUSAS,98,OTRAS CAUSAS,0,ESPERANZA,0, ,- ESPERANZA,123, , , , ,1,1,2,BIDIRECCIONAL,1,CONCRETO,1,BUENO,1,SECO,1,DESPEJADO,0,0,0,0,2
-8129508.36872141,-4431344.20673373,1803,6137,1349053,-73.0286162,-36.9442888,94,CHIGUAYANTE,1,17344,2021,1349053,REGION BIO BIO,8103,CHIGUAYANTE,MANQUIMAVIDA, ,611,"MANQUIMAVIDA 611, CHIGUAYANTE",CHILE,RANGE_INTERPOLATED,23903,2021,1349053,1,2021/05/09 00:00:00+00,1899/12/30 00:00:00+00,8,REGION BIO BIO,8103,CHIGUAYANTE,65,CHOQUE LADO/LADO,40,CHOQUE,1,URBANA,1,TRAMO DE VIA RECTA,9,PERDIDA CONTROL VEHICULO,95,PERDIDA CONTROL VEHICULO,0,MANQUIMAVIDA,0, ,- MANQUIMAVIDA,611, , , , ,1,1,2,BIDIRECCIONAL,1,CONCRETO,1,BUENO,1,SECO,1,DESPEJADO,0,0,0,0,2
-8128241.07424237,-4431337.79962043,1804,6138,1355261,-73.0172319,-36.9442428,94,CHIGUAYANTE,1,22162,2021,1355261,REGION BIO BIO,8103,CHIGUAYANTE,MANUEL RODRIGUEZ,COQUIMBO,0,"MANUEL RODRIGUEZ & COQUIMBO, CHIGUAYANTE",CHILE,GEOMETRIC_CENTER,30544,2021,1355261,1,2021/06/09 00:00:00+00,1899/12/30 00:00:00+00,8,REGION BIO BIO,8103,CHIGUAYANTE,34,COLISION PERPENDICULAR,30,COLISION,1,URBANA,11,CRUCE CON SEMAFORO FUNCIONANDO,10,DESOBEDIENCIA A SEÑALIZACION,62,SEÑALIZACION DESOBEDECER LUZ ROJA DE SEMAFORO,0,MANUEL RODRIGUEZ,0,COQUIMBO,COQUIMBO - MANUEL RODRIGUEZ,0, , , , ,2,2,3,BIDIRECCIONAL CON BANDEJON,1,CONCRETO,1,BUENO,1,SECO,2,NUBLADO,0,1,2,1,0
-8128241.07424237,-4431337.79962043,1805,6139,1360464,-73.0172319,-36.9442428,94,CHIGUAYANTE,1,24605,2021,1360464,REGION BIO BIO,8103,CHIGUAYANTE,MANUEL RODRIGUEZ,COQUIMBO,0,"MANUEL RODRIGUEZ & COQUIMBO, CHIGUAYANTE",CHILE,GEOMETRIC_CENTER,33917,2021,1360464,1,2021/06/25 00:00:00+00,1899/12/30 00:00:00+00,8,REGION BIO BIO,8103,CHIGUAYANTE,34,COLISION PERPENDICULAR,30,COLISION,1,URBANA,11,CRUCE CON SEMAFORO FUNCIONANDO,13,CAUSAS NO DETERMINADAS,97,CAUSAS NO DETERMINADAS,0,MANUEL RODRIGUEZ,0,COQUIMBO,COQUIMBO - MANUEL RODRIGUEZ,0, , , , ,2,2,3,BIDIRECCIONAL CON BANDEJON,2,ASFALTO,1,BUENO,3,MOJADO,2,NUBLADO,0,0,0,2,0
-8128241.07424237,-4431337.79962043,1806,6140,1373723,-73.0172319,-36.9442428,94,CHIGUAYANTE,1,34414,2021,1373723,REGION BIO BIO,8103,CHIGUAYANTE,MANUEL RODRIGUEZ,COQUIMBO,0,"MANUEL RODRIGUEZ & COQUIMBO, CHIGUAYANTE",CHILE,GEOMETRIC_CENTER,47439,2021,1373723,1,2021/08/20 00:00:00+00,1899/12/30 00:00:00+00,8,REGION BIO BIO,8103,CHIGUAYANTE,63,CHOQUE FRENTE/POSTERIOR,40,CHOQUE,1,URBANA,11,CRUCE CON SEMAFORO FUNCIONANDO,4,ALCOHOL EN CONDUCTOR,24,CONDUCCION EN ESTADO DE EBRIEDAD,0,MANUEL RODRIGUEZ,0,COQUIMBO,COQUIMBO - MANUEL RODRIGUEZ,0, , , , ,2,2,3,BIDIRECCIONAL CON BANDEJON,1,CONCRETO,2,REGULAR,3,MOJADO,4,LLOVIZNA,0,0,0,0,3
-8128241.07424237,-4431337.79962043,1807,6141,1397093,-73.0172319,-36.9442428,94,CHIGUAYANTE,1,50751,2021,1397093,REGION BIO BIO,8103,CHIGUAYANTE,MANUEL RODRIGUEZ,COQUIMBO,0,"MANUEL RODRIGUEZ & COQUIMBO, CHIGUAYANTE",CHILE,GEOMETRIC_CENTER,69103,2021,1397093,1,2021/11/17 00:00:00+00,1899/12/30 00:00:00+00,8,REGION BIO BIO,8103,CHIGUAYANTE,63,CHOQUE FRENTE/POSTERIOR,40,CHOQUE,1,URBANA,11,CRUCE CON SEMAFORO FUNCIONANDO,4,ALCOHOL EN CONDUCTOR,24,CONDUCCION EN ESTADO DE EBRIEDAD,0,MANUEL RODRIGUEZ,0,COQUIMBO,COQUIMBO - MANUEL RODRIGUEZ,0, , , , ,2,2,3,BIDIRECCIONAL CON BANDEJON,1,CONCRETO,1,BUENO,1,SECO,1,DESPEJADO,0,0,0,0,2
-8128629.03379974,-4431321.07150157,1808,6142,1328168,-73.020717,-36.9441227,94,CHIGUAYANTE,1,1733,2021,1328168,REGION BIO BIO,8103,CHIGUAYANTE,LOS ALAMOS,JORGE MONTT,0,"LOS ALAMOS & JORGE MONTT, CHIGUAYANTE",CHILE,GEOMETRIC_CENTER,2393,2021,1328168,1,2021/01/12 00:00:00+00,1899/12/30 00:00:00+00,8,REGION BIO BIO,8103,CHIGUAYANTE,52,CHOQUE LATERAL,40,CHOQUE,1,URBANA,1,TRAMO DE VIA RECTA,14,OTRAS CAUSAS,98,OTRAS CAUSAS,0,LOS ALAMOS,0,JORGE MONTT,JORGE MONTT - LOS ALAMOS,0, , , , ,1,1,2,BIDIRECCIONAL,2,ASFALTO,1,BUENO,1,SECO,1,DESPEJADO,0,0,0,0,1
-8128139.84029744,-4431277.83758463,1809,6143,1405447,-73.0163225,-36.9438123,94,CHIGUAYANTE,1,57120,2021,1405447,REGION BIO BIO,8103,CHIGUAYANTE,COQUIMBO, ,93,"COQUIMBO 93, CHIGUAYANTE",CHILE,RANGE_INTERPOLATED,77600,2021,1405447,1,2021/12/19 00:00:00+00,1899/12/30 00:00:00+00,8,REGION BIO BIO,8103,CHIGUAYANTE,32,COLISION LATERAL,30,COLISION,1,URBANA,1,TRAMO DE VIA RECTA,13,CAUSAS NO DETERMINADAS,97,CAUSAS NO DETERMINADAS,0,COQUIMBO,0, ,- COQUIMBO,93, , , , ,1,1,2,BIDIRECCIONAL,1,CONCRETO,1,BUENO,1,SECO,1,DESPEJADO,0,0,0,0,2
-8128657.00838777,-4431248.75507464,1810,6144,1346124,-73.0209683,-36.9436035,94,CHIGUAYANTE,1,15494,2021,1346124,REGION BIO BIO,8103,CHIGUAYANTE,JORGE MONTT, ,2190,"JORGE MONTT 2190, CHIGUAYANTE",CHILE,RANGE_INTERPOLATED,21337,2021,1346124,1,2021/04/26 00:00:00+00,1899/12/30 00:00:00+00,8,REGION BIO BIO,8103,CHIGUAYANTE,50,CHOQUE,40,CHOQUE,1,URBANA,26,OTROS NO CONSIDERADOS,13,CAUSAS NO DETERMINADAS,97,CAUSAS NO DETERMINADAS,0,JORGE MONTT,0, ,- JORGE MONTT,2190, , , , ,2,2,2,BIDIRECCIONAL,1,CONCRETO,1,BUENO,1,SECO,1,DESPEJADO,0,0,0,0,1
-8128389.28501241,-4431193.93308864,1811,6145,1373422,-73.0185633,-36.9432099,94,CHIGUAYANTE,1,34805,2021,1373422,REGION BIO BIO,8103,CHIGUAYANTE,LOS AROMOS, ,20,"LOS AROMOS 20, CHIGUAYANTE",CHILE,RANGE_INTERPOLATED,48003,2021,1373422,1,2021/08/23 00:00:00+00,1899/12/30 00:00:00+00,8,REGION BIO BIO,8103,CHIGUAYANTE,65,CHOQUE LADO/LADO,40,CHOQUE,1,URBANA,1,TRAMO DE VIA RECTA,13,CAUSAS NO DETERMINADAS,97,CAUSAS NO DETERMINADAS,0,LOS AROMOS,0, ,- LOS AROMOS,20, , , , ,1,1,2,BIDIRECCIONAL,1,CONCRETO,1,BUENO,1,SECO,2,NUBLADO,0,0,0,0,2
-8129051.52466314,-4431130.29481221,1812,6146,1342816,-73.0245123,-36.942753,94,CHIGUAYANTE,1,13601,2021,1342816,REGION BIO BIO,8103,CHIGUAYANTE,MANQUIMAVIDA, ,652,"MANQUIMAVIDA 652, CHIGUAYANTE",CHILE,RANGE_INTERPOLATED,18785,2021,1342816,1,2021/04/11 00:00:00+00,1899/12/30 00:00:00+00,8,REGION BIO BIO,8103,CHIGUAYANTE,65,CHOQUE LADO/LADO,40,CHOQUE,1,URBANA,1,TRAMO DE VIA RECTA,13,CAUSAS NO DETERMINADAS,97,CAUSAS NO DETERMINADAS,0,MANQUIMAVIDA,0, ,- MANQUIMAVIDA,652, , , , ,1,1,2,BIDIRECCIONAL,1,CONCRETO,1,BUENO,1,SECO,1,DESPEJADO,0,0,0,0,2
-8128315.0237801,-4431091.92260627,1813,6147,1342291,-73.0178962,-36.9424775,94,CHIGUAYANTE,1,13082,2021,1342291,REGION BIO BIO,8103,CHIGUAYANTE,MANUEL RODRIGUEZ,LOS AROMOS,0,"MANUEL RODRIGUEZ & LOS AROMOS, CHIGUAYANTE",CHILE,GEOMETRIC_CENTER,18059,2021,1342291,1,2021/04/06 00:00:00+00,1899/12/30 00:00:00+00,8,REGION BIO BIO,8103,CHIGUAYANTE,33,COLISION POR ALCANCE,30,COLISION,1,URBANA,11,CRUCE CON SEMAFORO FUNCIONANDO,10,DESOBEDIENCIA A SEÑALIZACION,62,SEÑALIZACION DESOBEDECER LUZ ROJA DE SEMAFORO,0,MANUEL RODRIGUEZ,0,LOS AROMOS,LOS AROMOS - MANUEL RODRIGUEZ,0, , , , ,2,2,3,BIDIRECCIONAL CON BANDEJON,1,CONCRETO,1,BUENO,1,SECO,2,NUBLADO,0,1,0,2,0
-8128315.0237801,-4431091.92260627,1814,6148,1363715,-73.0178962,-36.9424775,94,CHIGUAYANTE,1,25769,2021,1363715,REGION BIO BIO,8103,CHIGUAYANTE,MANUEL RODRIGUEZ,LOS AROMOS,0,"MANUEL RODRIGUEZ & LOS AROMOS, CHIGUAYANTE",CHILE,GEOMETRIC_CENTER,35565,2021,1363715,1,2021/07/02 00:00:00+00,1899/12/30 00:00:00+00,8,REGION BIO BIO,8103,CHIGUAYANTE,34,COLISION PERPENDICULAR,30,COLISION,1,URBANA,11,CRUCE CON SEMAFORO FUNCIONANDO,10,DESOBEDIENCIA A SEÑALIZACION,62,SEÑALIZACION DESOBEDECER LUZ ROJA DE SEMAFORO,0,MANUEL RODRIGUEZ,0,LOS AROMOS,LOS AROMOS - MANUEL RODRIGUEZ,0, , , , ,1,1,2,BIDIRECCIONAL,2,ASFALTO,1,BUENO,1,SECO,1,DESPEJADO,0,0,0,0,2
-8128315.0237801,-4431091.92260627,1815,6149,1381936,-73.0178962,-36.9424775,94,CHIGUAYANTE,1,40433,2021,1381936,REGION BIO BIO,8103,CHIGUAYANTE,MANUEL RODRIGUEZ,LOS AROMOS,0,"MANUEL RODRIGUEZ & LOS AROMOS, CHIGUAYANTE",CHILE,GEOMETRIC_CENTER,55495,2021,1381936,1,2021/09/23 00:00:00+00,1899/12/30 00:00:00+00,8,REGION BIO BIO,8103,CHIGUAYANTE,63,CHOQUE FRENTE/POSTERIOR,40,CHOQUE,1,URBANA,11,CRUCE CON SEMAFORO FUNCIONANDO,14,OTRAS CAUSAS,98,OTRAS CAUSAS,0,MANUEL RODRIGUEZ,0,LOS AROMOS,LOS AROMOS - MANUEL RODRIGUEZ,0, , , , ,2,2,3,BIDIRECCIONAL CON BANDEJON,1,CONCRETO,1,BUENO,1,SECO,1,DESPEJADO,0,0,0,0,2
-8128465.87282208,-4431063.39773148,1816,6150,1373372,-73.0192513,-36.9422727,94,CHIGUAYANTE,1,34322,2021,1373372,REGION BIO BIO,8103,CHIGUAYANTE,SANTA MARTA, ,1,"SANTA MARTA 1, CHIGUAYANTE",CHILE,RANGE_INTERPOLATED,47311,2021,1373372,1,2021/08/20 00:00:00+00,1899/12/30 00:00:00+00,8,REGION BIO BIO,8103,CHIGUAYANTE,63,CHOQUE FRENTE/POSTERIOR,40,CHOQUE,1,URBANA,1,TRAMO DE VIA RECTA,13,CAUSAS NO DETERMINADAS,97,CAUSAS NO DETERMINADAS,0,SANTA MARTA,0, ,- SANTA MARTA,1, , , , ,1,1,2,BIDIRECCIONAL,1,CONCRETO,1,BUENO,1,SECO,1,DESPEJADO,0,0,0,0,2
-8128766.12375265,-4431037.53320181,1817,6151,1407984,-73.0219485,-36.942087,94,CHIGUAYANTE,1,58224,2021,1407984,REGION BIO BIO,8103,CHIGUAYANTE,PASAJE UNO, ,612,"PASAJE UNO 612, CHIGUAYANTE",CHILE,RANGE_INTERPOLATED,79058,2021,1407984,1,2021/12/24 00:00:00+00,1899/12/30 00:00:00+00,8,REGION BIO BIO,8103,CHIGUAYANTE,67,CHOQUE POSTERIOR/FRENTE,40,CHOQUE,1,URBANA,1,TRAMO DE VIA RECTA,1,IMPRUDENCIA DEL CONDUCTOR,93,CONDUCIR VEHICULO EN RETROCESO,0,PASAJE UNO,0, ,- PASAJE UNO,612, , , , ,1,1,2,BIDIRECCIONAL,2,ASFALTO,1,BUENO,1,SECO,1,DESPEJADO,0,0,0,0,2
-8128704.78671322,-4431023.02012231,1818,6152,1407770,-73.0213975,-36.9419828,94,CHIGUAYANTE,1,57273,2021,1407770,REGION BIO BIO,8103,CHIGUAYANTE,PASAJE DOS, ,2021,"PASAJE DOS 2021, CHIGUAYANTE",CHILE,RANGE_INTERPOLATED,77790,2021,1407770,1,2021/12/20 00:00:00+00,1899/12/30 00:00:00+00,8,REGION BIO BIO,8103,CHIGUAYANTE,63,CHOQUE FRENTE/POSTERIOR,40,CHOQUE,1,URBANA,1,TRAMO DE VIA RECTA,13,CAUSAS NO DETERMINADAS,97,CAUSAS NO DETERMINADAS,0,PASAJE DOS,0, ,- PASAJE DOS,2021, , , , ,1,1,2,BIDIRECCIONAL,1,CONCRETO,1,BUENO,1,SECO,1,DESPEJADO,0,0,0,0,2
-8128345.39173719,-4431006.54320485,1819,6153,1336697,-73.018169,-36.9418645,94,CHIGUAYANTE,1,8741,2021,1336697,REGION BIO BIO,8103,CHIGUAYANTE,MANUEL RODRIGUEZ,SANTA MARTA,0,"MANUEL RODRIGUEZ & SANTA MARTA, CHIGUAYANTE",CHILE,GEOMETRIC_CENTER,12230,2021,1336697,1,2021/03/04 00:00:00+00,1899/12/30 00:00:00+00,8,REGION BIO BIO,8103,CHIGUAYANTE,34,COLISION PERPENDICULAR,30,COLISION,1,URBANA,16,CRUCE SIN SEÑALIZACION,14,OTRAS CAUSAS,98,OTRAS CAUSAS,0,MANUEL RODRIGUEZ,0,SANTA MARTA,MANUEL RODRIGUEZ - SANTA MARTA,0, , , , ,1,1,2,BIDIRECCIONAL,1,CONCRETO,1,BUENO,1,SECO,1,DESPEJADO,0,0,0,1,1
-8128345.39173719,-4431006.54320485,1820,6154,1388158,-73.018169,-36.9418645,94,CHIGUAYANTE,1,43683,2021,1388158,REGION BIO BIO,8103,CHIGUAYANTE,MANUEL RODRIGUEZ,SANTA MARTA,0,"MANUEL RODRIGUEZ & SANTA MARTA, CHIGUAYANTE",CHILE,GEOMETRIC_CENTER,59755,2021,1388158,1,2021/10/10 00:00:00+00,1899/12/30 00:00:00+00,8,REGION BIO BIO,8103,CHIGUAYANTE,65,CHOQUE LADO/LADO,40,CHOQUE,1,URBANA,26,OTROS NO CONSIDERADOS,14,OTRAS CAUSAS,98,OTRAS CAUSAS,0,MANUEL RODRIGUEZ,0,SANTA MARTA,MANUEL RODRIGUEZ - SANTA MARTA,0, , , , ,2,2,3,BIDIRECCIONAL CON BANDEJON,1,CONCRETO,1,BUENO,1,SECO,1,DESPEJADO,0,0,0,0,2
-8127461.91573046,-4430980.27490077,1821,6155,1380742,-73.0102326,-36.9416759,94,CHIGUAYANTE,1,25810,2021,1380742,REGION BIO BIO,8103,CHIGUAYANTE,O'HIGGINS PONIENTE,COQUIMBO,0,"O'HIGGINS PONIENTE & COQUIMBO, CHIGUAYANTE",CHILE,GEOMETRIC_CENTER,35621,2021,1380742,1,2021/07/03 00:00:00+00,1899/12/30 00:00:00+00,8,REGION BIO BIO,8103,CHIGUAYANTE,51,CHOQUE FRONTAL,40,CHOQUE,1,URBANA,1,TRAMO DE VIA RECTA,7,VELOCIDAD IMPRUDENTE,72,VELOCIDAD NO RAZONABLE NI PRUDENTE,0,O'HIGGINS PONIENTE,0,COQUIMBO,COQUIMBO - O'HIGGINS PONIENTE,0, , , , ,1,1,2,BIDIRECCIONAL,1,CONCRETO,1,BUENO,1,SECO,1,DESPEJADO,1,0,0,0,1
-8127428.58667492,-4430968.61714295,1822,6156,1342810,-73.0099332,-36.9415922,94,CHIGUAYANTE,1,13538,2021,1342810,REGION BIO BIO,8103,CHIGUAYANTE,O'HIGGINS,CALLE UNO,0,"O'HIGGINS & CALLE UNO, CHIGUAYANTE",CHILE,GEOMETRIC_CENTER,18696,2021,1342810,1,2021/04/10 00:00:00+00,1899/12/30 00:00:00+00,8,REGION BIO BIO,8103,CHIGUAYANTE,51,CHOQUE FRONTAL,40,CHOQUE,1,URBANA,26,OTROS NO CONSIDERADOS,9,PERDIDA CONTROL VEHICULO,95,PERDIDA CONTROL VEHICULO,0,O'HIGGINS,0,CALLE UNO,CALLE UNO - O'HIGGINS,0, , , , ,1,0,1,UNIDIRECCIONAL,6,TIERRA,1,BUENO,0, ,1,DESPEJADO,0,0,0,0,1
-8128315.44679417,-4430927.91955119,1823,6157,1343241,-73.0179,-36.9413,94,CHIGUAYANTE,1,13705,2021,1343241,REGION BIO BIO,8103,CHIGUAYANTE,MANUEL RODRIGUEZ, ,2175,"MANUEL RODRIGUEZ 2175, CHIGUAYANTE",CHILE,RANGE_INTERPOLATED,18932,2021,1343241,1,2021/04/12 00:00:00+00,1899/12/30 00:00:00+00,8,REGION BIO BIO,8103,CHIGUAYANTE,32,COLISION LATERAL,30,COLISION,1,URBANA,14,CRUCE CON SEÑAL PARE,13,CAUSAS NO DETERMINADAS,97,CAUSAS NO DETERMINADAS,0,MANUEL RODRIGUEZ,0, ,- MANUEL RODRIGUEZ,2175, , , , ,2,2,3,BIDIRECCIONAL CON BANDEJON,1,CONCRETO,1,BUENO,1,SECO,1,DESPEJADO,0,0,0,0,2
-8128315.44679417,-4430927.91955119,1824,6158,1394095,-73.0179,-36.9413,94,CHIGUAYANTE,1,48680,2021,1394095,REGION BIO BIO,8103,CHIGUAYANTE,MANUEL RODRIGUEZ, ,2175,"MANUEL RODRIGUEZ 2175, CHIGUAYANTE",CHILE,RANGE_INTERPOLATED,66361,2021,1394095,1,2021/11/06 00:00:00+00,1899/12/30 00:00:00+00,8,REGION BIO BIO,8103,CHIGUAYANTE,65,CHOQUE LADO/LADO,40,CHOQUE,1,URBANA,26,OTROS NO CONSIDERADOS,14,OTRAS CAUSAS,98,OTRAS CAUSAS,0,MANUEL RODRIGUEZ,0, ,- MANUEL RODRIGUEZ,2175, , , , ,1,0,1,UNIDIRECCIONAL,1,CONCRETO,1,BUENO,1,SECO,1,DESPEJADO,0,0,0,0,2
-8128389.96406131,-4430829.85320274,1825,6159,1328191,-73.0185694,-36.9405959,94,CHIGUAYANTE,1,1902,2021,1328191,REGION BIO BIO,8103,CHIGUAYANTE,MANUEL RODRIGUEZ,MANQUIMAVIDA,0,"MANUEL RODRIGUEZ & MANQUIMAVIDA, CHIGUAYANTE",CHILE,GEOMETRIC_CENTER,2607,2021,1328191,1,2021/01/13 00:00:00+00,1899/12/30 00:00:00+00,8,REGION BIO BIO,8103,CHIGUAYANTE,34,COLISION PERPENDICULAR,30,COLISION,1,URBANA,11,CRUCE CON SEMAFORO FUNCIONANDO,1,IMPRUDENCIA DEL CONDUCTOR,27,CONDUCCION NO ATENTO CONDICIONES TRANSITO MOMENTO,0,MANUEL RODRIGUEZ,0,MANQUIMAVIDA,MANQUIMAVIDA - MANUEL RODRIGUEZ,0, , , , ,2,2,3,BIDIRECCIONAL CON BANDEJON,1,CONCRETO,1,BUENO,1,SECO,1,DESPEJADO,0,0,0,1,1
-8128389.96406131,-4430829.85320274,1826,6160,1329729,-73.0185694,-36.9405959,94,CHIGUAYANTE,1,2423,2021,1329729,REGION BIO BIO,8103,CHIGUAYANTE,MANQUIMAVIDA,MANUEL RODRIGUEZ,0,"MANQUIMAVIDA & MANUEL RODRIGUEZ, CHIGUAYANTE",CHILE,GEOMETRIC_CENTER,3333,2021,1329729,1,2021/01/17 00:00:00+00,1899/12/30 00:00:00+00,8,REGION BIO BIO,8103,CHIGUAYANTE,34,COLISION PERPENDICULAR,30,COLISION,1,URBANA,11,CRUCE CON SEMAFORO FUNCIONANDO,13,CAUSAS NO DETERMINADAS,97,CAUSAS NO DETERMINADAS,0,MANQUIMAVIDA,0,MANUEL RODRIGUEZ,MANQUIMAVIDA - MANUEL RODRIGUEZ,0, , , , ,1,1,2,BIDIRECCIONAL,1,CONCRETO,1,BUENO,1,SECO,1,DESPEJADO,0,0,0,1,1
-8128389.96406131,-4430829.85320274,1827,6161,1329753,-73.0185694,-36.9405959,94,CHIGUAYANTE,1,3576,2021,1329753,REGION BIO BIO,8103,CHIGUAYANTE,MANQUIMAVIDA,MANUEL RODRIGUEZ,0,"MANQUIMAVIDA & MANUEL RODRIGUEZ, CHIGUAYANTE",CHILE,GEOMETRIC_CENTER,4918,2021,1329753,1,2021/01/25 00:00:00+00,1899/12/30 00:00:00+00,8,REGION BIO BIO,8103,CHIGUAYANTE,34,COLISION PERPENDICULAR,30,COLISION,1,URBANA,11,CRUCE CON SEMAFORO FUNCIONANDO,13,CAUSAS NO DETERMINADAS,97,CAUSAS NO DETERMINADAS,0,MANQUIMAVIDA,0,MANUEL RODRIGUEZ,MANQUIMAVIDA - MANUEL RODRIGUEZ,0, , , , ,2,2,3,BIDIRECCIONAL CON BANDEJON,1,CONCRETO,1,BUENO,1,SECO,1,DESPEJADO,0,0,0,1,1
-8128389.96406131,-4430829.85320274,1828,6162,1330820,-73.0185694,-36.9405959,94,CHIGUAYANTE,1,5155,2021,1330820,REGION BIO BIO,8103,CHIGUAYANTE,MANUEL RODRIGUEZ,MANQUIMAVIDA,0,"MANUEL RODRIGUEZ & MANQUIMAVIDA, CHIGUAYANTE",CHILE,GEOMETRIC_CENTER,7207,2021,1330820,1,2021/02/07 00:00:00+00,1899/12/30 00:00:00+00,8,REGION BIO BIO,8103,CHIGUAYANTE,32,COLISION LATERAL,30,COLISION,1,URBANA,1,TRAMO DE VIA RECTA,13,CAUSAS NO DETERMINADAS,97,CAUSAS NO DETERMINADAS,0,MANUEL RODRIGUEZ,0,MANQUIMAVIDA,MANQUIMAVIDA - MANUEL RODRIGUEZ,0, , , , ,2,2,3,BIDIRECCIONAL CON BANDEJON,2,ASFALTO,1,BUENO,1,SECO,1,DESPEJADO,0,0,0,0,2
-8128389.96406131,-4430829.85320274,1829,6163,1342283,-73.0185694,-36.9405959,94,CHIGUAYANTE,1,12751,2021,1342283,REGION BIO BIO,8103,CHIGUAYANTE,MANUEL RODRIGUEZ,MANQUIMAVIDA,0,"MANUEL RODRIGUEZ & MANQUIMAVIDA, CHIGUAYANTE",CHILE,GEOMETRIC_CENTER,17619,2021,1342283,1,2021/04/03 00:00:00+00,1899/12/30 00:00:00+00,8,REGION BIO BIO,8103,CHIGUAYANTE,63,CHOQUE FRENTE/POSTERIOR,40,CHOQUE,1,URBANA,11,CRUCE CON SEMAFORO FUNCIONANDO,1,IMPRUDENCIA DEL CONDUCTOR,23,CONDUCCION CONTRA SENTIDO DEL TRANSITO,0,MANUEL RODRIGUEZ,0,MANQUIMAVIDA,MANQUIMAVIDA - MANUEL RODRIGUEZ,0, , , , ,2,2,3,BIDIRECCIONAL CON BANDEJON,1,CONCRETO,1,BUENO,1,SECO,1,DESPEJADO,0,0,1,1,0
-8128389.96406131,-4430829.85320274,1830,6164,1349066,-73.0185694,-36.9405959,94,CHIGUAYANTE,1,17596,2021,1349066,REGION BIO BIO,8103,CHIGUAYANTE,MANQUIMAVIDA,MANUEL RODRIGUEZ,0,"MANQUIMAVIDA & MANUEL RODRIGUEZ, CHIGUAYANTE",CHILE,GEOMETRIC_CENTER,24232,2021,1349066,1,2021/05/11 00:00:00+00,1899/12/30 00:00:00+00,8,REGION BIO BIO,8103,CHIGUAYANTE,34,COLISION PERPENDICULAR,30,COLISION,1,URBANA,11,CRUCE CON SEMAFORO FUNCIONANDO,1,IMPRUDENCIA DEL CONDUCTOR,27,CONDUCCION NO ATENTO CONDICIONES TRANSITO MOMENTO,0,MANQUIMAVIDA,0,MANUEL RODRIGUEZ,MANQUIMAVIDA - MANUEL RODRIGUEZ,0, , , , ,2,2,3,BIDIRECCIONAL CON BANDEJON,1,CONCRETO,1,BUENO,1,SECO,1,DESPEJADO,0,0,0,1,1