X,Y,FID,FID_1,LABELID,POINT_X,POINT_Y,FID_2,COMUNAREAL,VAL_COM,OBJECTID,A_O,IDACCIDENT,REGION,COD_COMUN,COMUNA,CALLE_UNO,CALLE_DOS,NUMERO,DIR_GEOCOD,PAIS,TIPO,OBJECTID_1,Año,Idaccide_1,Claseaccid,Fecha,Hora,Cód_Regi,Región,Cód_Comun,Comuna_1,Cód_Tipo_,Tipo_Accid,Cód_Tipo1,Tipo__CONA,Cód_Zona,Zona,Cód_Ubica,Ubicación,Cód_Causa,Causa__CON,Cód_Cau_1,Causa,Cód_Calle,Calle_Un_1,Cód_Cal_1,Calle_Do_1,Intersecci,Número,Ruta,Cód_Ruta,Ubicaci_1,Km_Vía_Fe,Pistas_de_,Pistas_de1,Cód_Calza,Calzada,Cód__Tipo,Tipo_Calza,Cód_Estad,Estado_Cal,Cód_Condi,Condición,Cód_Est_1,Estado_Atm,Fallecidos,Graves,Menos_Grav,Leves,Ilesos
-8128389.96406131,-4430829.85320274,1831,6165,1357568,-73.0185694,-36.9405959,94,CHIGUAYANTE,1,20870,2021,1357568,REGION BIO BIO,8103,CHIGUAYANTE,MANUEL RODRIGUEZ,MANQUIMAVIDA,0,"MANUEL RODRIGUEZ & MANQUIMAVIDA, CHIGUAYANTE",CHILE,GEOMETRIC_CENTER,28766,2021,1357568,1,2021/06/01 00:00:00+00,1899/12/30 00:00:00+00,8,REGION BIO BIO,8103,CHIGUAYANTE,63,CHOQUE FRENTE/POSTERIOR,40,CHOQUE,1,URBANA,11,CRUCE CON SEMAFORO FUNCIONANDO,13,CAUSAS NO DETERMINADAS,97,CAUSAS NO DETERMINADAS,0,MANUEL RODRIGUEZ,0,MANQUIMAVIDA,MANQUIMAVIDA - MANUEL RODRIGUEZ,0, , , , ,2,2,3,BIDIRECCIONAL CON BANDEJON,1,CONCRETO,2,REGULAR,3,MOJADO,3,LLUVIA,0,0,0,0,2
-8128389.96406131,-4430829.85320274,1832,6166,1377270,-73.0185694,-36.9405959,94,CHIGUAYANTE,1,36552,2021,1377270,REGION BIO BIO,8103,CHIGUAYANTE,MANUEL RODRIGUEZ,MANQUIMAVIDA,0,"MANUEL RODRIGUEZ & MANQUIMAVIDA, CHIGUAYANTE",CHILE,GEOMETRIC_CENTER,50289,2021,1377270,1,2021/09/02 00:00:00+00,1899/12/30 00:00:00+00,8,REGION BIO BIO,8103,CHIGUAYANTE,32,COLISION LATERAL,30,COLISION,1,URBANA,11,CRUCE CON SEMAFORO FUNCIONANDO,1,IMPRUDENCIA DEL CONDUCTOR,11,ADELANTAMIENTO SIN EL ESPACIO O TIEMPO SUFICIENTE,0,MANUEL RODRIGUEZ,0,MANQUIMAVIDA,MANQUIMAVIDA - MANUEL RODRIGUEZ,0, , , , ,2,2,3,BIDIRECCIONAL CON BANDEJON,1,CONCRETO,1,BUENO,1,SECO,1,DESPEJADO,0,0,0,0,2
-8128389.96406131,-4430829.85320274,1833,6167,1381896,-73.0185694,-36.9405959,94,CHIGUAYANTE,1,39368,2021,1381896,REGION BIO BIO,8103,CHIGUAYANTE,MANUEL RODRIGUEZ,MANQUIMAVIDA,0,"MANUEL RODRIGUEZ & MANQUIMAVIDA, CHIGUAYANTE",CHILE,GEOMETRIC_CENTER,54056,2021,1381896,1,2021/09/17 00:00:00+00,1899/12/30 00:00:00+00,8,REGION BIO BIO,8103,CHIGUAYANTE,63,CHOQUE FRENTE/POSTERIOR,40,CHOQUE,1,URBANA,11,CRUCE CON SEMAFORO FUNCIONANDO,1,IMPRUDENCIA DEL CONDUCTOR,27,CONDUCCION NO ATENTO CONDICIONES TRANSITO MOMENTO,0,MANUEL RODRIGUEZ,0,MANQUIMAVIDA,MANQUIMAVIDA - MANUEL RODRIGUEZ,0, , , , ,2,2,3,BIDIRECCIONAL CON BANDEJON,1,CONCRETO,1,BUENO,1,SECO,2,NUBLADO,0,0,0,0,2
-8129418.08861438,-4430781.41229864,1834,6168,1332686,-73.0278052,-36.9402481,94,CHIGUAYANTE,1,5356,2021,1332686,REGION BIO BIO,8103,CHIGUAYANTE,COSTANERA,CEMENTERIO GENERAL,0,"COSTANERA & CEMENTERIO GENERAL, CHIGUAYANTE",CHILE,GEOMETRIC_CENTER,7487,2021,1332686,1,2021/02/09 00:00:00+00,1899/12/30 00:00:00+00,8,REGION BIO BIO,8103,CHIGUAYANTE,70,VOLCADURA,70,VOLCADURA,1,URBANA,26,OTROS NO CONSIDERADOS,4,ALCOHOL EN CONDUCTOR,24,CONDUCCION EN ESTADO DE EBRIEDAD,0,COSTANERA,0,CEMENTERIO GENERAL,CEMENTERIO GENERAL - COSTANERA,0, , , , ,1,1,2,BIDIRECCIONAL,1,CONCRETO,1,BUENO,1,SECO,1,DESPEJADO,0,1,0,1,0
-8129418.08861438,-4430781.41229864,1835,6169,1357335,-73.0278052,-36.9402481,94,CHIGUAYANTE,1,18743,2021,1357335,REGION BIO BIO,8103,CHIGUAYANTE,COSTANERA,FRENTE CEMENTERIO,0,"COSTANERA & FRENTE CEMENTERIO, CHIGUAYANTE",CHILE,GEOMETRIC_CENTER,25780,2021,1357335,1,2021/05/19 00:00:00+00,1899/12/30 00:00:00+00,8,REGION BIO BIO,8103,CHIGUAYANTE,50,CHOQUE,40,CHOQUE,1,URBANA,1,TRAMO DE VIA RECTA,13,CAUSAS NO DETERMINADAS,97,CAUSAS NO DETERMINADAS,0,COSTANERA,0,FRENTE CEMENTERIO,COSTANERA - FRENTE CEMENTERIO,0, , , , ,3,3,2,BIDIRECCIONAL,1,CONCRETO,1,BUENO,1,SECO,1,DESPEJADO,0,0,0,2,0
-8129418.08861438,-4430781.41229864,1836,6170,1357277,-73.0278052,-36.9402481,94,CHIGUAYANTE,1,18794,2021,1357277,REGION BIO BIO,8103,CHIGUAYANTE,COSTANERA,FRENTE CEMENTERIO,0,"COSTANERA & FRENTE CEMENTERIO, CHIGUAYANTE",CHILE,GEOMETRIC_CENTER,25848,2021,1357277,1,2021/05/19 00:00:00+00,1899/12/30 00:00:00+00,8,REGION BIO BIO,8103,CHIGUAYANTE,50,CHOQUE,40,CHOQUE,1,URBANA,1,TRAMO DE VIA RECTA,1,IMPRUDENCIA DEL CONDUCTOR,27,CONDUCCION NO ATENTO CONDICIONES TRANSITO MOMENTO,0,COSTANERA,0,FRENTE CEMENTERIO,COSTANERA - FRENTE CEMENTERIO,0, , , , ,3,3,2,BIDIRECCIONAL,1,CONCRETO,1,BUENO,3,MOJADO,3,LLUVIA,0,0,0,1,3
-8127552.01772631,-4430726.50916057,1837,6171,1367633,-73.011042,-36.9398539,94,CHIGUAYANTE,1,28909,2021,1367633,REGION BIO BIO,8103,CHIGUAYANTE,O'HIGGINS, ,2307,"O'HIGGINS 2307, CHIGUAYANTE",CHILE,RANGE_INTERPOLATED,39956,2021,1367633,1,2021/07/21 00:00:00+00,1899/12/30 00:00:00+00,8,REGION BIO BIO,8103,CHIGUAYANTE,32,COLISION LATERAL,30,COLISION,1,URBANA,26,OTROS NO CONSIDERADOS,1,IMPRUDENCIA DEL CONDUCTOR,27,CONDUCCION NO ATENTO CONDICIONES TRANSITO MOMENTO,0,O'HIGGINS,0, ,- O'HIGGINS,2307, , , , ,1,1,2,BIDIRECCIONAL,1,CONCRETO,1,BUENO,1,SECO,1,DESPEJADO,0,0,0,0,2
-8129132.94373871,-4430647.95721947,1838,6172,1393075,-73.0252437,-36.9392899,94,CHIGUAYANTE,1,46869,2021,1393075,REGION BIO BIO,8103,CHIGUAYANTE,BIO BIO,EL MAITEN,0,"BIO BIO & EL MAITEN, CHIGUAYANTE",CHILE,GEOMETRIC_CENTER,63950,2021,1393075,1,2021/10/28 00:00:00+00,1899/12/30 00:00:00+00,8,REGION BIO BIO,8103,CHIGUAYANTE,34,COLISION PERPENDICULAR,30,COLISION,1,URBANA,14,CRUCE CON SEÑAL PARE,13,CAUSAS NO DETERMINADAS,97,CAUSAS NO DETERMINADAS,0,BIO BIO,0,EL MAITEN,BIO BIO - EL MAITEN,0, , , , ,1,1,2,BIDIRECCIONAL,2,ASFALTO,1,BUENO,1,SECO,1,DESPEJADO,0,1,0,2,1
-8129628.49358392,-4430613.18006527,1839,6173,1339442,-73.0296953,-36.9390402,94,CHIGUAYANTE,1,10870,2021,1339442,REGION BIO BIO,8103,CHIGUAYANTE,PROGRESO,PASAJE UNO,0,"PROGRESO & PASAJE UNO, CHIGUAYANTE",CHILE,GEOMETRIC_CENTER,15092,2021,1339442,1,2021/03/18 00:00:00+00,1899/12/30 00:00:00+00,8,REGION BIO BIO,8103,CHIGUAYANTE,34,COLISION PERPENDICULAR,30,COLISION,1,URBANA,1,TRAMO DE VIA RECTA,8,DROGAS Y/O FATIGA EN CONDUCTOR,25,"CONDICIONES FISICAS DEFICIENTES (CANSANCIO, SUEÑO)",0,PROGRESO,0,PASAJE UNO,PASAJE UNO - PROGRESO,0, , , , ,1,1,2,BIDIRECCIONAL,1,CONCRETO,1,BUENO,1,SECO,1,DESPEJADO,0,0,0,2,0
-8128500.81601024,-4430599.54500067,1840,6174,1339450,-73.0195652,-36.9389423,94,CHIGUAYANTE,1,11275,2021,1339450,REGION BIO BIO,8103,CHIGUAYANTE,MANUEL RODRIGUEZ,LOS CASTA??ªOS,0,"MANUEL RODRIGUEZ & LOS CASTA??ªOS, CHIGUAYANTE",CHILE,GEOMETRIC_CENTER,15628,2021,1339450,1,2021/03/21 00:00:00+00,1899/12/30 00:00:00+00,8,REGION BIO BIO,8103,CHIGUAYANTE,32,COLISION LATERAL,30,COLISION,1,URBANA,1,TRAMO DE VIA RECTA,1,IMPRUDENCIA DEL CONDUCTOR,27,CONDUCCION NO ATENTO CONDICIONES TRANSITO MOMENTO,0,MANUEL RODRIGUEZ,0,LOS CASTAÑOS,LOS CASTAÑOS - MANUEL RODRIGUEZ,0, , , , ,2,2,3,BIDIRECCIONAL CON BANDEJON,1,CONCRETO,1,BUENO,1,SECO,1,DESPEJADO,0,0,0,0,2
-8128500.81601024,-4430599.54500067,1841,6175,1356600,-73.0195652,-36.9389423,94,CHIGUAYANTE,1,23180,2021,1356600,REGION BIO BIO,8103,CHIGUAYANTE,MANUEL RODRIGUEZ,LOS CASTA??ªOS,0,"MANUEL RODRIGUEZ & LOS CASTA??ªOS, CHIGUAYANTE",CHILE,GEOMETRIC_CENTER,31940,2021,1356600,1,2021/06/15 00:00:00+00,1899/12/30 00:00:00+00,8,REGION BIO BIO,8103,CHIGUAYANTE,33,COLISION POR ALCANCE,30,COLISION,1,URBANA,1,TRAMO DE VIA RECTA,13,CAUSAS NO DETERMINADAS,97,CAUSAS NO DETERMINADAS,0,MANUEL RODRIGUEZ,0,LOS CASTAÑOS,LOS CASTAÑOS - MANUEL RODRIGUEZ,0, , , , ,2,2,3,BIDIRECCIONAL CON BANDEJON,1,CONCRETO,1,BUENO,1,SECO,2,NUBLADO,0,0,0,0,2
-8128500.81601024,-4430599.54500067,1842,6176,1361234,-73.0195652,-36.9389423,94,CHIGUAYANTE,1,25215,2021,1361234,REGION BIO BIO,8103,CHIGUAYANTE,MANUEL RODRIGUEZ,LOS CASTA??ªOS,0,"MANUEL RODRIGUEZ & LOS CASTA??ªOS, CHIGUAYANTE",CHILE,GEOMETRIC_CENTER,34860,2021,1361234,1,2021/06/29 00:00:00+00,1899/12/30 00:00:00+00,8,REGION BIO BIO,8103,CHIGUAYANTE,53,CHOQUE POSTERIOR,40,CHOQUE,1,URBANA,1,TRAMO DE VIA RECTA,13,CAUSAS NO DETERMINADAS,97,CAUSAS NO DETERMINADAS,0,MANUEL RODRIGUEZ,0,LOS CASTAÑOS,LOS CASTAÑOS - MANUEL RODRIGUEZ,0, , , , ,2,2,3,BIDIRECCIONAL CON BANDEJON,1,CONCRETO,1,BUENO,1,SECO,1,DESPEJADO,0,0,0,0,1
-8128504.61200488,-4430591.49488904,1843,6177,1407796,-73.0195993,-36.9388845,94,CHIGUAYANTE,1,58007,2021,1407796,REGION BIO BIO,8103,CHIGUAYANTE,MANUEL RODRIGUEZ,BOLZHAUSER,0,"MANUEL RODRIGUEZ & BOLZHAUSER, CHIGUAYANTE",CHILE,GEOMETRIC_CENTER,78770,2021,1407796,1,2021/12/23 00:00:00+00,1899/12/30 00:00:00+00,8,REGION BIO BIO,8103,CHIGUAYANTE,34,COLISION PERPENDICULAR,30,COLISION,1,URBANA,15,CRUCE CON SEÑAL CEDA EL PASO,1,IMPRUDENCIA DEL CONDUCTOR,27,CONDUCCION NO ATENTO CONDICIONES TRANSITO MOMENTO,0,MANUEL RODRIGUEZ,0,BOLZHAUSER,BOLZHAUSER - MANUEL RODRIGUEZ,0, , , , ,1,1,2,BIDIRECCIONAL,1,CONCRETO,1,BUENO,1,SECO,1,DESPEJADO,0,0,0,1,1
-8129627.6252919,-4430587.95729866,1844,6178,1362687,-73.0296875,-36.9388591,94,CHIGUAYANTE,1,26929,2021,1362687,REGION BIO BIO,8103,CHIGUAYANTE,DOCTOR SANTA CRUZ,ARTURO FERNANDEZ VIAL,0,"DOCTOR SANTA CRUZ & ARTURO FERNANDEZ VIAL, CHIGUAYANTE",CHILE,GEOMETRIC_CENTER,37134,2021,1362687,1,2021/07/09 00:00:00+00,1899/12/30 00:00:00+00,8,REGION BIO BIO,8103,CHIGUAYANTE,10,ATROPELLO,10,ATROPELLO,1,URBANA,1,TRAMO DE VIA RECTA,14,OTRAS CAUSAS,98,OTRAS CAUSAS,0,DOCTOR SANTA CRUZ,0,ARTURO FERNANDEZ VIAL,ARTURO FERNANDEZ VIAL - DOCTOR SANTA CRUZ,0, , , , ,2,2,2,BIDIRECCIONAL,1,CONCRETO,1,BUENO,2,HUMEDO,2,NUBLADO,0,1,0,0,1
-8128384.50940626,-4430518.61240884,1845,6179,1389929,-73.0185204,-36.9383612,94,CHIGUAYANTE,1,45864,2021,1389929,REGION BIO BIO,8103,CHIGUAYANTE,LOS CASTA??ªOS, ,50,"LOS CASTA??ªOS 50, CHIGUAYANTE",CHILE,RANGE_INTERPOLATED,62649,2021,1389929,1,2021/10/22 00:00:00+00,1899/12/30 00:00:00+00,8,REGION BIO BIO,8103,CHIGUAYANTE,65,CHOQUE LADO/LADO,40,CHOQUE,1,URBANA,1,TRAMO DE VIA RECTA,1,IMPRUDENCIA DEL CONDUCTOR,11,ADELANTAMIENTO SIN EL ESPACIO O TIEMPO SUFICIENTE,0,LOS CASTAÑOS,0, ,- LOS CASTAÑOS,50, , , , ,1,1,2,BIDIRECCIONAL,1,CONCRETO,1,BUENO,1,SECO,1,DESPEJADO,0,0,0,0,2
-8128291.63555509,-4430471.05034929,1846,6180,1328143,-73.0176861,-36.9380197,94,CHIGUAYANTE,1,1588,2021,1328143,REGION BIO BIO,8103,CHIGUAYANTE,LOS CASTA??ªOS, ,153,"LOS CASTA??ªOS 153, CHIGUAYANTE",CHILE,RANGE_INTERPOLATED,2188,2021,1328143,1,2021/01/11 00:00:00+00,1899/12/30 00:00:00+00,8,REGION BIO BIO,8103,CHIGUAYANTE,67,CHOQUE POSTERIOR/FRENTE,40,CHOQUE,1,URBANA,1,TRAMO DE VIA RECTA,13,CAUSAS NO DETERMINADAS,97,CAUSAS NO DETERMINADAS,0,LOS CASTAÑOS,0, ,- LOS CASTAÑOS,153, , , , ,1,1,2,BIDIRECCIONAL,1,CONCRETO,1,BUENO,1,SECO,1,DESPEJADO,0,0,0,0,2
-8127572.27787364,-4430469.49048448,1847,6181,1335008,-73.011224,-36.9380085,94,CHIGUAYANTE,1,7868,2021,1335008,REGION BIO BIO,8103,CHIGUAYANTE,O'HIGGINS, ,5291,"O'HIGGINS 5291, CHIGUAYANTE",CHILE,RANGE_INTERPOLATED,11038,2021,1335008,1,2021/02/26 00:00:00+00,1899/12/30 00:00:00+00,8,REGION BIO BIO,8103,CHIGUAYANTE,62,CHOQUE FRENTE/LADO,40,CHOQUE,1,URBANA,1,TRAMO DE VIA RECTA,13,CAUSAS NO DETERMINADAS,97,CAUSAS NO DETERMINADAS,0,O'HIGGINS,0, ,- O'HIGGINS,5291, , , , ,1,1,2,BIDIRECCIONAL,1,CONCRETO,1,BUENO,1,SECO,1,DESPEJADO,0,0,0,0,3
-8128587.22219899,-4430345.39840209,1848,6182,1333423,-73.0203414,-36.9371175,94,CHIGUAYANTE,1,6919,2021,1333423,REGION BIO BIO,8103,CHIGUAYANTE,MANUEL RODRIGUEZ,BIO BIO,0,"MANUEL RODRIGUEZ & BIO BIO, CHIGUAYANTE",CHILE,GEOMETRIC_CENTER,9692,2021,1333423,1,2021/02/20 00:00:00+00,1899/12/30 00:00:00+00,8,REGION BIO BIO,8103,CHIGUAYANTE,32,COLISION LATERAL,30,COLISION,1,URBANA,11,CRUCE CON SEMAFORO FUNCIONANDO,13,CAUSAS NO DETERMINADAS,97,CAUSAS NO DETERMINADAS,0,MANUEL RODRIGUEZ,0,BIO BIO,BIO BIO - MANUEL RODRIGUEZ,0, , , , ,2,2,3,BIDIRECCIONAL CON BANDEJON,1,CONCRETO,1,BUENO,1,SECO,1,DESPEJADO,0,0,0,0,2
-8128587.22219899,-4430345.39840209,1849,6183,1338421,-73.0203414,-36.9371175,94,CHIGUAYANTE,1,9568,2021,1338421,REGION BIO BIO,8103,CHIGUAYANTE,MANUEL RODRIGUEZ,BIO BIO,0,"MANUEL RODRIGUEZ & BIO BIO, CHIGUAYANTE",CHILE,GEOMETRIC_CENTER,13334,2021,1338421,1,2021/03/09 00:00:00+00,1899/12/30 00:00:00+00,8,REGION BIO BIO,8103,CHIGUAYANTE,33,COLISION POR ALCANCE,30,COLISION,1,URBANA,11,CRUCE CON SEMAFORO FUNCIONANDO,13,CAUSAS NO DETERMINADAS,97,CAUSAS NO DETERMINADAS,0,MANUEL RODRIGUEZ,0,BIO BIO,BIO BIO - MANUEL RODRIGUEZ,0, , , , ,2,2,3,BIDIRECCIONAL CON BANDEJON,2,ASFALTO,1,BUENO,1,SECO,1,DESPEJADO,0,0,0,0,2
-8128587.22219899,-4430345.39840209,1850,6184,1352776,-73.0203414,-36.9371175,94,CHIGUAYANTE,1,20529,2021,1352776,REGION BIO BIO,8103,CHIGUAYANTE,MANUEL RODRIGUEZ,BIO BIO,0,"MANUEL RODRIGUEZ & BIO BIO, CHIGUAYANTE",CHILE,GEOMETRIC_CENTER,28280,2021,1352776,1,2021/05/30 00:00:00+00,1899/12/30 00:00:00+00,8,REGION BIO BIO,8103,CHIGUAYANTE,10,ATROPELLO,10,ATROPELLO,1,URBANA,11,CRUCE CON SEMAFORO FUNCIONANDO,5,ALCOHOL EN PEATON,54,EBRIEDAD DEL PEATON,0,MANUEL RODRIGUEZ,0,BIO BIO,BIO BIO - MANUEL RODRIGUEZ,0, , , , ,2,2,3,BIDIRECCIONAL CON BANDEJON,1,CONCRETO,1,BUENO,1,SECO,2,NUBLADO,0,0,0,1,1
-8128587.22219899,-4430345.39840209,1851,6185,1357628,-73.0203414,-36.9371175,94,CHIGUAYANTE,1,23655,2021,1357628,REGION BIO BIO,8103,CHIGUAYANTE,MANUEL RODRIGUEZ,BIO BIO,0,"MANUEL RODRIGUEZ & BIO BIO, CHIGUAYANTE",CHILE,GEOMETRIC_CENTER,32588,2021,1357628,1,2021/06/18 00:00:00+00,1899/12/30 00:00:00+00,8,REGION BIO BIO,8103,CHIGUAYANTE,32,COLISION LATERAL,30,COLISION,1,URBANA,1,TRAMO DE VIA RECTA,13,CAUSAS NO DETERMINADAS,97,CAUSAS NO DETERMINADAS,0,MANUEL RODRIGUEZ,0,BIO BIO,BIO BIO - MANUEL RODRIGUEZ,0, , , , ,2,2,3,BIDIRECCIONAL CON BANDEJON,2,ASFALTO,1,BUENO,1,SECO,2,NUBLADO,0,0,0,0,2
-8128587.22219899,-4430345.39840209,1852,6186,1375762,-73.0203414,-36.9371175,94,CHIGUAYANTE,1,35986,2021,1375762,REGION BIO BIO,8103,CHIGUAYANTE,MANUEL RODRIGUEZ,BIO BIO,0,"MANUEL RODRIGUEZ & BIO BIO, CHIGUAYANTE",CHILE,GEOMETRIC_CENTER,49549,2021,1375762,1,2021/08/29 00:00:00+00,1899/12/30 00:00:00+00,8,REGION BIO BIO,8103,CHIGUAYANTE,63,CHOQUE FRENTE/POSTERIOR,40,CHOQUE,1,URBANA,11,CRUCE CON SEMAFORO FUNCIONANDO,4,ALCOHOL EN CONDUCTOR,24,CONDUCCION EN ESTADO DE EBRIEDAD,0,MANUEL RODRIGUEZ,0,BIO BIO,BIO BIO - MANUEL RODRIGUEZ,0, , , , ,2,2,3,BIDIRECCIONAL CON BANDEJON,1,CONCRETO,1,BUENO,2,HUMEDO,2,NUBLADO,0,0,0,0,2
-8128587.22219899,-4430345.39840209,1853,6187,1381183,-73.0203414,-36.9371175,94,CHIGUAYANTE,1,37176,2021,1381183,REGION BIO BIO,8103,CHIGUAYANTE,MANUEL RODRIGUEZ,BIO BIO,0,"MANUEL RODRIGUEZ & BIO BIO, CHIGUAYANTE",CHILE,GEOMETRIC_CENTER,51118,2021,1381183,1,2021/09/05 00:00:00+00,1899/12/30 00:00:00+00,8,REGION BIO BIO,8103,CHIGUAYANTE,10,ATROPELLO,10,ATROPELLO,1,URBANA,1,TRAMO DE VIA RECTA,14,OTRAS CAUSAS,98,OTRAS CAUSAS,0,MANUEL RODRIGUEZ,0,BIO BIO,BIO BIO - MANUEL RODRIGUEZ,0, , , , ,2,2,3,BIDIRECCIONAL CON BANDEJON,1,CONCRETO,1,BUENO,3,MOJADO,3,LLUVIA,0,0,0,1,1
-8128587.22219899,-4430345.39840209,1854,6188,1385116,-73.0203414,-36.9371175,94,CHIGUAYANTE,1,42164,2021,1385116,REGION BIO BIO,8103,CHIGUAYANTE,MANUEL RODRIGUEZ,BIO BIO,0,"MANUEL RODRIGUEZ & BIO BIO, CHIGUAYANTE",CHILE,GEOMETRIC_CENTER,57746,2021,1385116,1,2021/10/02 00:00:00+00,1899/12/30 00:00:00+00,8,REGION BIO BIO,8103,CHIGUAYANTE,33,COLISION POR ALCANCE,30,COLISION,1,URBANA,1,TRAMO DE VIA RECTA,13,CAUSAS NO DETERMINADAS,97,CAUSAS NO DETERMINADAS,0,MANUEL RODRIGUEZ,0,BIO BIO,BIO BIO - MANUEL RODRIGUEZ,0, , , , ,2,2,3,BIDIRECCIONAL CON BANDEJON,1,CONCRETO,1,BUENO,1,SECO,1,DESPEJADO,0,0,0,0,2
-8128587.22219899,-4430345.39840209,1855,6189,1399226,-73.0203414,-36.9371175,94,CHIGUAYANTE,1,52740,2021,1399226,REGION BIO BIO,8103,CHIGUAYANTE,MANUEL RODRIGUEZ,BIO BIO,0,"MANUEL RODRIGUEZ & BIO BIO, CHIGUAYANTE",CHILE,GEOMETRIC_CENTER,71674,2021,1399226,1,2021/11/26 00:00:00+00,1899/12/30 00:00:00+00,8,REGION BIO BIO,8103,CHIGUAYANTE,34,COLISION PERPENDICULAR,30,COLISION,1,URBANA,11,CRUCE CON SEMAFORO FUNCIONANDO,10,DESOBEDIENCIA A SEÑALIZACION,62,SEÑALIZACION DESOBEDECER LUZ ROJA DE SEMAFORO,0,MANUEL RODRIGUEZ,0,BIO BIO,BIO BIO - MANUEL RODRIGUEZ,0, , , , ,1,1,2,BIDIRECCIONAL,1,CONCRETO,1,BUENO,1,SECO,1,DESPEJADO,0,0,0,1,1
-8129588.74139376,-4430345.27305729,1856,6190,1347836,-73.0293382,-36.9371166,94,CHIGUAYANTE,1,17224,2021,1347836,REGION BIO BIO,8103,CHIGUAYANTE,LIBERTAD, ,632,"LIBERTAD 632, CHIGUAYANTE",CHILE,RANGE_INTERPOLATED,23737,2021,1347836,1,2021/05/08 00:00:00+00,1899/12/30 00:00:00+00,8,REGION BIO BIO,8103,CHIGUAYANTE,51,CHOQUE FRONTAL,40,CHOQUE,1,URBANA,1,TRAMO DE VIA RECTA,13,CAUSAS NO DETERMINADAS,97,CAUSAS NO DETERMINADAS,0,LIBERTAD,0, ,- LIBERTAD,632, , , , ,1,1,2,BIDIRECCIONAL,1,CONCRETO,1,BUENO,1,SECO,2,NUBLADO,0,0,0,0,1
-8129588.74139376,-4430345.27305729,1857,6191,1373411,-73.0293382,-36.9371166,94,CHIGUAYANTE,1,34600,2021,1373411,REGION BIO BIO,8103,CHIGUAYANTE,LIBERTAD, ,632,"LIBERTAD 632, CHIGUAYANTE",CHILE,RANGE_INTERPOLATED,47701,2021,1373411,1,2021/08/21 00:00:00+00,1899/12/30 00:00:00+00,8,REGION BIO BIO,8103,CHIGUAYANTE,51,CHOQUE FRONTAL,40,CHOQUE,1,URBANA,1,TRAMO DE VIA RECTA,13,CAUSAS NO DETERMINADAS,97,CAUSAS NO DETERMINADAS,0,LIBERTAD,0, ,- LIBERTAD,632, , , , ,1,1,2,BIDIRECCIONAL,1,CONCRETO,1,BUENO,3,MOJADO,3,LLUVIA,0,0,0,0,1
-8128216.49489881,-4430321.27651814,1858,6192,1347810,-73.0170111,-36.9369443,94,CHIGUAYANTE,1,16913,2021,1347810,REGION BIO BIO,8103,CHIGUAYANTE,CIENTO CINCO,LOS CASTA??ªOS,0,"CIENTO CINCO & LOS CASTA??ªOS, CHIGUAYANTE",CHILE,GEOMETRIC_CENTER,23321,2021,1347810,1,2021/05/06 00:00:00+00,1899/12/30 00:00:00+00,8,REGION BIO BIO,8103,CHIGUAYANTE,51,CHOQUE FRONTAL,40,CHOQUE,1,URBANA,1,TRAMO DE VIA RECTA,13,CAUSAS NO DETERMINADAS,97,CAUSAS NO DETERMINADAS,0,CIENTO CINCO,0,LOS CASTAÑOS,CIENTO CINCO - LOS CASTAÑOS,0, , , , ,1,1,2,BIDIRECCIONAL,1,CONCRETO,1,BUENO,1,SECO,1,DESPEJADO,0,0,0,0,1
-8128588.90312331,-4430215.72302989,1859,6193,1354703,-73.0203565,-36.9361864,94,CHIGUAYANTE,1,21469,2021,1354703,REGION BIO BIO,8103,CHIGUAYANTE,MANUEL RODRIGUEZ, ,1607,"MANUEL RODRIGUEZ 1607, CHIGUAYANTE",CHILE,RANGE_INTERPOLATED,29593,2021,1354703,1,2021/06/05 00:00:00+00,1899/12/30 00:00:00+00,8,REGION BIO BIO,8103,CHIGUAYANTE,51,CHOQUE FRONTAL,40,CHOQUE,1,URBANA,1,TRAMO DE VIA RECTA,1,IMPRUDENCIA DEL CONDUCTOR,27,CONDUCCION NO ATENTO CONDICIONES TRANSITO MOMENTO,0,MANUEL RODRIGUEZ,0, ,- MANUEL RODRIGUEZ,1607, , , , ,2,2,3,BIDIRECCIONAL CON BANDEJON,1,CONCRETO,1,BUENO,2,HUMEDO,2,NUBLADO,0,0,0,0,1
-8128655.67255388,-4430184.28976882,1860,6194,1392985,-73.0209563,-36.9359607,94,CHIGUAYANTE,1,46486,2021,1392985,REGION BIO BIO,8103,CHIGUAYANTE,MANUEL RODRIGUEZ, ,1562,"MANUEL RODRIGUEZ 1562, CHIGUAYANTE",CHILE,RANGE_INTERPOLATED,63482,2021,1392985,1,2021/10/26 00:00:00+00,1899/12/30 00:00:00+00,8,REGION BIO BIO,8103,CHIGUAYANTE,62,CHOQUE FRENTE/LADO,40,CHOQUE,1,URBANA,26,OTROS NO CONSIDERADOS,1,IMPRUDENCIA DEL CONDUCTOR,27,CONDUCCION NO ATENTO CONDICIONES TRANSITO MOMENTO,0,MANUEL RODRIGUEZ,0, ,- MANUEL RODRIGUEZ,1562, , , , ,2,0,1,UNIDIRECCIONAL,1,CONCRETO,1,BUENO,1,SECO,1,DESPEJADO,0,0,0,0,2
-8128655.67255388,-4430184.28976882,1861,6195,1397033,-73.0209563,-36.9359607,94,CHIGUAYANTE,1,50252,2021,1397033,REGION BIO BIO,8103,CHIGUAYANTE,MANUEL RODRIGUEZ, ,1562,"MANUEL RODRIGUEZ 1562, CHIGUAYANTE",CHILE,RANGE_INTERPOLATED,68446,2021,1397033,1,2021/11/14 00:00:00+00,1899/12/30 00:00:00+00,8,REGION BIO BIO,8103,CHIGUAYANTE,67,CHOQUE POSTERIOR/FRENTE,40,CHOQUE,1,URBANA,14,CRUCE CON SEÑAL PARE,13,CAUSAS NO DETERMINADAS,97,CAUSAS NO DETERMINADAS,0,MANUEL RODRIGUEZ,0, ,- MANUEL RODRIGUEZ,1562, , , , ,1,0,1,UNIDIRECCIONAL,1,CONCRETO,1,BUENO,1,SECO,1,DESPEJADO,0,0,0,0,2