X,Y,FID,FID_1,LABELID,POINT_X,POINT_Y,FID_2,COMUNAREAL,VAL_COM,OBJECTID,A_O,IDACCIDENT,REGION,COD_COMUN,COMUNA,CALLE_UNO,CALLE_DOS,NUMERO,DIR_GEOCOD,PAIS,TIPO,OBJECTID_1,Año,Idaccide_1,Claseaccid,Fecha,Hora,Cód_Regi,Región,Cód_Comun,Comuna_1,Cód_Tipo_,Tipo_Accid,Cód_Tipo1,Tipo__CONA,Cód_Zona,Zona,Cód_Ubica,Ubicación,Cód_Causa,Causa__CON,Cód_Cau_1,Causa,Cód_Calle,Calle_Un_1,Cód_Cal_1,Calle_Do_1,Intersecci,Número,Ruta,Cód_Ruta,Ubicaci_1,Km_Vía_Fe,Pistas_de_,Pistas_de1,Cód_Calza,Calzada,Cód__Tipo,Tipo_Calza,Cód_Estad,Estado_Cal,Cód_Condi,Condición,Cód_Est_1,Estado_Atm,Fallecidos,Graves,Menos_Grav,Leves,Ilesos
-8128655.67255388,-4430184.28976882,1862,6196,1402037,-73.0209563,-36.9359607,94,CHIGUAYANTE,1,53816,2021,1402037,REGION BIO BIO,8103,CHIGUAYANTE,MANUEL RODRIGUEZ, ,1562,"MANUEL RODRIGUEZ 1562, CHIGUAYANTE",CHILE,RANGE_INTERPOLATED,73134,2021,1402037,1,2021/12/02 00:00:00+00,1899/12/30 00:00:00+00,8,REGION BIO BIO,8103,CHIGUAYANTE,34,COLISION PERPENDICULAR,30,COLISION,1,URBANA,26,OTROS NO CONSIDERADOS,1,IMPRUDENCIA DEL CONDUCTOR,27,CONDUCCION NO ATENTO CONDICIONES TRANSITO MOMENTO,0,MANUEL RODRIGUEZ,0, ,- MANUEL RODRIGUEZ,1562, , , , ,1,0,1,UNIDIRECCIONAL,1,CONCRETO,1,BUENO,1,SECO,1,DESPEJADO,0,0,0,1,1
-8129306.22365808,-4430158.26025801,1863,6197,1368911,-73.0268003,-36.9357738,94,CHIGUAYANTE,1,30188,2021,1368911,REGION BIO BIO,8103,CHIGUAYANTE,LA MARINA,LIBERTAD,0,"LA MARINA & LIBERTAD, CHIGUAYANTE",CHILE,GEOMETRIC_CENTER,41732,2021,1368911,1,2021/07/28 00:00:00+00,1899/12/30 00:00:00+00,8,REGION BIO BIO,8103,CHIGUAYANTE,65,CHOQUE LADO/LADO,40,CHOQUE,1,URBANA,1,TRAMO DE VIA RECTA,14,OTRAS CAUSAS,98,OTRAS CAUSAS,0,LA MARINA,0,LIBERTAD,LA MARINA - LIBERTAD,0, , , , ,2,0,1,UNIDIRECCIONAL,1,CONCRETO,1,BUENO,1,SECO,1,DESPEJADO,0,0,0,0,2
-8128670.511442,-4430158.19062324,1864,6198,1332580,-73.0210896,-36.9357733,94,CHIGUAYANTE,1,5560,2021,1332580,REGION BIO BIO,8103,CHIGUAYANTE,MANUEL RODRIGUEZ, ,1500,"MANUEL RODRIGUEZ 1500, CHIGUAYANTE",CHILE,RANGE_INTERPOLATED,7762,2021,1332580,1,2021/02/10 00:00:00+00,1899/12/30 00:00:00+00,8,REGION BIO BIO,8103,CHIGUAYANTE,34,COLISION PERPENDICULAR,30,COLISION,1,URBANA,15,CRUCE CON SEÑAL CEDA EL PASO,14,OTRAS CAUSAS,98,OTRAS CAUSAS,0,MANUEL RODRIGUEZ,0, ,- MANUEL RODRIGUEZ,1500, , , , ,2,2,3,BIDIRECCIONAL CON BANDEJON,1,CONCRETO,1,BUENO,1,SECO,1,DESPEJADO,0,0,0,1,1
-8128670.511442,-4430158.19062324,1865,6199,1342199,-73.0210896,-36.9357733,94,CHIGUAYANTE,1,12721,2021,1342199,REGION BIO BIO,8103,CHIGUAYANTE,MANUEL RODRIGUEZ, ,1500,"MANUEL RODRIGUEZ 1500, CHIGUAYANTE",CHILE,RANGE_INTERPOLATED,17573,2021,1342199,1,2021/04/03 00:00:00+00,1899/12/30 00:00:00+00,8,REGION BIO BIO,8103,CHIGUAYANTE,33,COLISION POR ALCANCE,30,COLISION,1,URBANA,16,CRUCE SIN SEÑALIZACION,1,IMPRUDENCIA DEL CONDUCTOR,28,CONDUCCION SIN MANTENER DISTANCIA RAZONABLE NI PRUDENTE,0,MANUEL RODRIGUEZ,0, ,- MANUEL RODRIGUEZ,1500, , , , ,2,2,3,BIDIRECCIONAL CON BANDEJON,1,CONCRETO,1,BUENO,1,SECO,1,DESPEJADO,0,0,0,1,1
-8128654.92671329,-4430084.02984743,1866,6200,1327845,-73.0209496,-36.9352408,94,CHIGUAYANTE,1,213,2021,1327845,REGION BIO BIO,8103,CHIGUAYANTE,MANUEL RODRIGUEZ,PROGRESO,0,"MANUEL RODRIGUEZ & PROGRESO, CHIGUAYANTE",CHILE,GEOMETRIC_CENTER,328,2021,1327845,1,2021/01/02 00:00:00+00,1899/12/30 00:00:00+00,8,REGION BIO BIO,8103,CHIGUAYANTE,63,CHOQUE FRENTE/POSTERIOR,40,CHOQUE,1,URBANA,11,CRUCE CON SEMAFORO FUNCIONANDO,13,CAUSAS NO DETERMINADAS,97,CAUSAS NO DETERMINADAS,0,MANUEL RODRIGUEZ,0,PROGRESO,MANUEL RODRIGUEZ - PROGRESO,0, , , , ,2,2,3,BIDIRECCIONAL CON BANDEJON,1,CONCRETO,1,BUENO,1,SECO,1,DESPEJADO,0,0,0,0,2
-8128654.92671329,-4430084.02984743,1867,6201,1354651,-73.0209496,-36.9352408,94,CHIGUAYANTE,1,20757,2021,1354651,REGION BIO BIO,8103,CHIGUAYANTE,MANUEL RODRIGUEZ,PROGRESO,0,"MANUEL RODRIGUEZ & PROGRESO, CHIGUAYANTE",CHILE,GEOMETRIC_CENTER,28612,2021,1354651,1,2021/06/01 00:00:00+00,1899/12/30 00:00:00+00,8,REGION BIO BIO,8103,CHIGUAYANTE,32,COLISION LATERAL,30,COLISION,1,URBANA,1,TRAMO DE VIA RECTA,13,CAUSAS NO DETERMINADAS,97,CAUSAS NO DETERMINADAS,0,MANUEL RODRIGUEZ,0,PROGRESO,MANUEL RODRIGUEZ - PROGRESO,0, , , , ,2,2,3,BIDIRECCIONAL CON BANDEJON,2,ASFALTO,1,BUENO,3,MOJADO,4,LLOVIZNA,0,0,0,0,2
-8128716.5086556,-4430019.27015715,1868,6202,1402947,-73.0215028,-36.9347758,94,CHIGUAYANTE,1,55706,2021,1402947,REGION BIO BIO,8103,CHIGUAYANTE,MANUEL RODRIGUEZ, ,1438,"MANUEL RODRIGUEZ 1438, CHIGUAYANTE",CHILE,RANGE_INTERPOLATED,75720,2021,1402947,1,2021/12/12 00:00:00+00,1899/12/30 00:00:00+00,8,REGION BIO BIO,8103,CHIGUAYANTE,10,ATROPELLO,10,ATROPELLO,1,URBANA,1,TRAMO DE VIA RECTA,2,IMPRUDENCIA DEL PEATON,55,PEATON CRUZA CALZADA FUERA PASO PEATONES,0,MANUEL RODRIGUEZ,0, ,- MANUEL RODRIGUEZ,1438, , , , ,2,2,3,BIDIRECCIONAL CON BANDEJON,1,CONCRETO,1,BUENO,1,SECO,1,DESPEJADO,0,0,1,0,1
-8128770.25370575,-4429896.75704537,1869,6203,1328261,-73.0219856,-36.9338961,94,CHIGUAYANTE,1,1573,2021,1328261,REGION BIO BIO,8103,CHIGUAYANTE,MANUEL RODRIGUEZ,CONDELL,0,"MANUEL RODRIGUEZ & CONDELL, CHIGUAYANTE",CHILE,GEOMETRIC_CENTER,2164,2021,1328261,1,2021/01/11 00:00:00+00,1899/12/30 00:00:00+00,8,REGION BIO BIO,8103,CHIGUAYANTE,34,COLISION PERPENDICULAR,30,COLISION,1,URBANA,15,CRUCE CON SEÑAL CEDA EL PASO,14,OTRAS CAUSAS,98,OTRAS CAUSAS,0,MANUEL RODRIGUEZ,0,CONDELL,CONDELL - MANUEL RODRIGUEZ,0, , , , ,1,1,2,BIDIRECCIONAL,1,CONCRETO,1,BUENO,1,SECO,1,DESPEJADO,0,0,0,1,1
-8128754.82482433,-4429852.49836508,1870,6204,1327905,-73.021847,-36.9335783,94,CHIGUAYANTE,1,1038,2021,1327905,REGION BIO BIO,8103,CHIGUAYANTE,MANUEL RODRIGUEZ,LIBERTAD,0,"MANUEL RODRIGUEZ & LIBERTAD, CHIGUAYANTE",CHILE,GEOMETRIC_CENTER,1403,2021,1327905,1,2021/01/07 00:00:00+00,1899/12/30 00:00:00+00,8,REGION BIO BIO,8103,CHIGUAYANTE,32,COLISION LATERAL,30,COLISION,1,URBANA,11,CRUCE CON SEMAFORO FUNCIONANDO,14,OTRAS CAUSAS,98,OTRAS CAUSAS,0,MANUEL RODRIGUEZ,0,LIBERTAD,LIBERTAD - MANUEL RODRIGUEZ,0, , , , ,2,2,3,BIDIRECCIONAL CON BANDEJON,1,CONCRETO,1,BUENO,1,SECO,1,DESPEJADO,0,0,0,2,2
-8128754.82482433,-4429852.49836508,1871,6205,1339491,-73.021847,-36.9335783,94,CHIGUAYANTE,1,11248,2021,1339491,REGION BIO BIO,8103,CHIGUAYANTE,MANUEL RODRIGUEZ,LIBERTAD,0,"MANUEL RODRIGUEZ & LIBERTAD, CHIGUAYANTE",CHILE,GEOMETRIC_CENTER,15592,2021,1339491,1,2021/03/21 00:00:00+00,1899/12/30 00:00:00+00,8,REGION BIO BIO,8103,CHIGUAYANTE,33,COLISION POR ALCANCE,30,COLISION,1,URBANA,11,CRUCE CON SEMAFORO FUNCIONANDO,4,ALCOHOL EN CONDUCTOR,24,CONDUCCION EN ESTADO DE EBRIEDAD,0,MANUEL RODRIGUEZ,0,LIBERTAD,LIBERTAD - MANUEL RODRIGUEZ,0, , , , ,2,2,3,BIDIRECCIONAL CON BANDEJON,1,CONCRETO,1,BUENO,1,SECO,1,DESPEJADO,0,0,0,3,0
-8128754.82482433,-4429852.49836508,1872,6206,1347652,-73.021847,-36.9335783,94,CHIGUAYANTE,1,16299,2021,1347652,REGION BIO BIO,8103,CHIGUAYANTE,MANUEL RODRIGUEZ,LIBERTAD,0,"MANUEL RODRIGUEZ & LIBERTAD, CHIGUAYANTE",CHILE,GEOMETRIC_CENTER,22470,2021,1347652,1,2021/05/02 00:00:00+00,1899/12/30 00:00:00+00,8,REGION BIO BIO,8103,CHIGUAYANTE,34,COLISION PERPENDICULAR,30,COLISION,1,URBANA,11,CRUCE CON SEMAFORO FUNCIONANDO,13,CAUSAS NO DETERMINADAS,97,CAUSAS NO DETERMINADAS,0,MANUEL RODRIGUEZ,0,LIBERTAD,LIBERTAD - MANUEL RODRIGUEZ,0, , , , ,2,2,3,BIDIRECCIONAL CON BANDEJON,1,CONCRETO,1,BUENO,2,HUMEDO,2,NUBLADO,0,0,0,0,2
-8128754.82482433,-4429852.49836508,1873,6207,1352897,-73.021847,-36.9335783,94,CHIGUAYANTE,1,20710,2021,1352897,REGION BIO BIO,8103,CHIGUAYANTE,MANUEL RODRIGUEZ,LIBERTAD,0,"MANUEL RODRIGUEZ & LIBERTAD, CHIGUAYANTE",CHILE,GEOMETRIC_CENTER,28546,2021,1352897,1,2021/05/31 00:00:00+00,1899/12/30 00:00:00+00,8,REGION BIO BIO,8103,CHIGUAYANTE,63,CHOQUE FRENTE/POSTERIOR,40,CHOQUE,1,URBANA,11,CRUCE CON SEMAFORO FUNCIONANDO,13,CAUSAS NO DETERMINADAS,97,CAUSAS NO DETERMINADAS,0,MANUEL RODRIGUEZ,0,LIBERTAD,LIBERTAD - MANUEL RODRIGUEZ,0, , , , ,2,2,3,BIDIRECCIONAL CON BANDEJON,1,CONCRETO,1,BUENO,3,MOJADO,3,LLUVIA,0,0,0,0,2
-8128754.82482433,-4429852.49836508,1874,6208,1365032,-73.021847,-36.9335783,94,CHIGUAYANTE,1,26621,2021,1365032,REGION BIO BIO,8103,CHIGUAYANTE,MANUEL RODRIGUEZ,LIBERTAD,0,"MANUEL RODRIGUEZ & LIBERTAD, CHIGUAYANTE",CHILE,GEOMETRIC_CENTER,36715,2021,1365032,1,2021/07/07 00:00:00+00,1899/12/30 00:00:00+00,8,REGION BIO BIO,8103,CHIGUAYANTE,33,COLISION POR ALCANCE,30,COLISION,1,URBANA,1,TRAMO DE VIA RECTA,4,ALCOHOL EN CONDUCTOR,24,CONDUCCION EN ESTADO DE EBRIEDAD,0,MANUEL RODRIGUEZ,0,LIBERTAD,LIBERTAD - MANUEL RODRIGUEZ,0, , , , ,2,2,3,BIDIRECCIONAL CON BANDEJON,1,CONCRETO,1,BUENO,1,SECO,2,NUBLADO,0,0,0,0,2
-8128754.82482433,-4429852.49836508,1875,6209,1368610,-73.021847,-36.9335783,94,CHIGUAYANTE,1,27905,2021,1368610,REGION BIO BIO,8103,CHIGUAYANTE,MANUEL RODRIGUEZ,LIBERTAD,0,"MANUEL RODRIGUEZ & LIBERTAD, CHIGUAYANTE",CHILE,GEOMETRIC_CENTER,38545,2021,1368610,1,2021/07/15 00:00:00+00,1899/12/30 00:00:00+00,8,REGION BIO BIO,8103,CHIGUAYANTE,34,COLISION PERPENDICULAR,30,COLISION,1,URBANA,11,CRUCE CON SEMAFORO FUNCIONANDO,10,DESOBEDIENCIA A SEÑALIZACION,62,SEÑALIZACION DESOBEDECER LUZ ROJA DE SEMAFORO,0,MANUEL RODRIGUEZ,0,LIBERTAD,LIBERTAD - MANUEL RODRIGUEZ,0, , , , ,2,2,3,BIDIRECCIONAL CON BANDEJON,1,CONCRETO,1,BUENO,1,SECO,2,NUBLADO,0,1,0,1,3
-8128754.82482433,-4429852.49836508,1876,6210,1382385,-73.021847,-36.9335783,94,CHIGUAYANTE,1,41044,2021,1382385,REGION BIO BIO,8103,CHIGUAYANTE,MANUEL RODRIGUEZ,LIBERTAD,0,"MANUEL RODRIGUEZ & LIBERTAD, CHIGUAYANTE",CHILE,GEOMETRIC_CENTER,56312,2021,1382385,1,2021/09/27 00:00:00+00,1899/12/30 00:00:00+00,8,REGION BIO BIO,8103,CHIGUAYANTE,10,ATROPELLO,10,ATROPELLO,1,URBANA,1,TRAMO DE VIA RECTA,2,IMPRUDENCIA DEL PEATON,52,PEATON CRUZA CALZADA FORMA SORPRESIVA O DESCUIDADA,0,MANUEL RODRIGUEZ,0,LIBERTAD,LIBERTAD - MANUEL RODRIGUEZ,0, , , , ,2,2,3,BIDIRECCIONAL CON BANDEJON,1,CONCRETO,1,BUENO,1,SECO,1,DESPEJADO,0,0,0,1,1
-8129804.47856692,-4429711.85502987,1877,6211,1402907,-73.0312762,-36.9325684,94,CHIGUAYANTE,1,55697,2021,1402907,REGION BIO BIO,8103,CHIGUAYANTE,CALLE CUATRO,FRAGATA ESMERALDA,0,"CALLE CUATRO & FRAGATA ESMERALDA, CHIGUAYANTE",CHILE,GEOMETRIC_CENTER,75702,2021,1402907,1,2021/12/12 00:00:00+00,1899/12/30 00:00:00+00,8,REGION BIO BIO,8103,CHIGUAYANTE,51,CHOQUE FRONTAL,40,CHOQUE,1,URBANA,1,TRAMO DE VIA RECTA,13,CAUSAS NO DETERMINADAS,97,CAUSAS NO DETERMINADAS,0,CALLE CUATRO,0,FRAGATA ESMERALDA,CALLE CUATRO - FRAGATA ESMERALDA,0, , , , ,1,1,2,BIDIRECCIONAL,1,CONCRETO,1,BUENO,1,SECO,2,NUBLADO,0,0,0,0,1
-8128841.15308944,-4429648.21171301,1878,6212,1393946,-73.0226225,-36.9321114,94,CHIGUAYANTE,1,48010,2021,1393946,REGION BIO BIO,8103,CHIGUAYANTE,BERGANTIN ARAUCANO,DOS,0,"BERGANTIN ARAUCANO & DOS, CHIGUAYANTE",CHILE,GEOMETRIC_CENTER,65494,2021,1393946,1,2021/11/03 00:00:00+00,1899/12/30 00:00:00+00,8,REGION BIO BIO,8103,CHIGUAYANTE,63,CHOQUE FRENTE/POSTERIOR,40,CHOQUE,1,URBANA,1,TRAMO DE VIA RECTA,1,IMPRUDENCIA DEL CONDUCTOR,93,CONDUCIR VEHICULO EN RETROCESO,0,BERGANTIN ARAUCANO,0,DOS,BERGANTIN ARAUCANO - DOS,0, , , , ,1,1,2,BIDIRECCIONAL,1,CONCRETO,1,BUENO,1,SECO,2,NUBLADO,0,0,0,0,1
-8128854.66727562,-4429587.01978962,1879,6213,1356569,-73.0227439,-36.931672,94,CHIGUAYANTE,1,21529,2021,1356569,REGION BIO BIO,8103,CHIGUAYANTE,PINARES,MANUEL RODRIGUEZ,0,"PINARES & MANUEL RODRIGUEZ, CHIGUAYANTE",CHILE,GEOMETRIC_CENTER,29682,2021,1356569,1,2021/06/05 00:00:00+00,1899/12/30 00:00:00+00,8,REGION BIO BIO,8103,CHIGUAYANTE,63,CHOQUE FRENTE/POSTERIOR,40,CHOQUE,1,URBANA,12,CRUCE CON SEMAFORO APAGADO,13,CAUSAS NO DETERMINADAS,97,CAUSAS NO DETERMINADAS,0,PINARES,0,MANUEL RODRIGUEZ,MANUEL RODRIGUEZ - PINARES,0, , , , ,2,2,3,BIDIRECCIONAL CON BANDEJON,1,CONCRETO,1,BUENO,1,SECO,1,DESPEJADO,0,0,0,0,2
-8128854.66727562,-4429587.01978962,1880,6214,1355863,-73.0227439,-36.931672,94,CHIGUAYANTE,1,22417,2021,1355863,REGION BIO BIO,8103,CHIGUAYANTE,MANUEL RODRIGUEZ,PINARES,0,"MANUEL RODRIGUEZ & PINARES, CHIGUAYANTE",CHILE,GEOMETRIC_CENTER,30880,2021,1355863,1,2021/06/10 00:00:00+00,1899/12/30 00:00:00+00,8,REGION BIO BIO,8103,CHIGUAYANTE,34,COLISION PERPENDICULAR,30,COLISION,1,URBANA,11,CRUCE CON SEMAFORO FUNCIONANDO,10,DESOBEDIENCIA A SEÑALIZACION,62,SEÑALIZACION DESOBEDECER LUZ ROJA DE SEMAFORO,0,MANUEL RODRIGUEZ,0,PINARES,MANUEL RODRIGUEZ - PINARES,0, , , , ,2,2,3,BIDIRECCIONAL CON BANDEJON,1,CONCRETO,1,BUENO,1,SECO,2,NUBLADO,0,0,0,1,2
-8128854.66727562,-4429587.01978962,1881,6215,1358141,-73.0227439,-36.931672,94,CHIGUAYANTE,1,23671,2021,1358141,REGION BIO BIO,8103,CHIGUAYANTE,PINARES,MANUEL RODRIGUEZ,0,"PINARES & MANUEL RODRIGUEZ, CHIGUAYANTE",CHILE,GEOMETRIC_CENTER,32610,2021,1358141,1,2021/06/18 00:00:00+00,1899/12/30 00:00:00+00,8,REGION BIO BIO,8103,CHIGUAYANTE,10,ATROPELLO,10,ATROPELLO,1,URBANA,11,CRUCE CON SEMAFORO FUNCIONANDO,1,IMPRUDENCIA DEL CONDUCTOR,31,NO RESPETAR DERECHO PREFERENTE DE PASO A PEATON,0,PINARES,0,MANUEL RODRIGUEZ,MANUEL RODRIGUEZ - PINARES,0, , , , ,2,2,3,BIDIRECCIONAL CON BANDEJON,1,CONCRETO,1,BUENO,1,SECO,1,DESPEJADO,0,0,1,0,1
-8128854.66727562,-4429587.01978962,1882,6216,1368451,-73.0227439,-36.931672,94,CHIGUAYANTE,1,27047,2021,1368451,REGION BIO BIO,8103,CHIGUAYANTE,MANUEL RODRIGUEZ,PINARES,0,"MANUEL RODRIGUEZ & PINARES, CHIGUAYANTE",CHILE,GEOMETRIC_CENTER,37291,2021,1368451,1,2021/07/10 00:00:00+00,1899/12/30 00:00:00+00,8,REGION BIO BIO,8103,CHIGUAYANTE,63,CHOQUE FRENTE/POSTERIOR,40,CHOQUE,1,URBANA,11,CRUCE CON SEMAFORO FUNCIONANDO,4,ALCOHOL EN CONDUCTOR,24,CONDUCCION EN ESTADO DE EBRIEDAD,0,MANUEL RODRIGUEZ,0,PINARES,MANUEL RODRIGUEZ - PINARES,0, , , , ,2,2,3,BIDIRECCIONAL CON BANDEJON,1,CONCRETO,2,REGULAR,2,HUMEDO,2,NUBLADO,0,0,0,1,2
-8128854.66727562,-4429587.01978962,1883,6217,1384764,-73.0227439,-36.931672,94,CHIGUAYANTE,1,41483,2021,1384764,REGION BIO BIO,8103,CHIGUAYANTE,MANUEL RODRIGUEZ,PINARES,0,"MANUEL RODRIGUEZ & PINARES, CHIGUAYANTE",CHILE,GEOMETRIC_CENTER,56856,2021,1384764,1,2021/09/29 00:00:00+00,1899/12/30 00:00:00+00,8,REGION BIO BIO,8103,CHIGUAYANTE,34,COLISION PERPENDICULAR,30,COLISION,1,URBANA,26,OTROS NO CONSIDERADOS,14,OTRAS CAUSAS,98,OTRAS CAUSAS,0,MANUEL RODRIGUEZ,0,PINARES,MANUEL RODRIGUEZ - PINARES,0, , , , ,2,2,3,BIDIRECCIONAL CON BANDEJON,1,CONCRETO,1,BUENO,1,SECO,1,DESPEJADO,0,0,0,1,1
-8128854.66727562,-4429587.01978962,1884,6218,1385195,-73.0227439,-36.931672,94,CHIGUAYANTE,1,42810,2021,1385195,REGION BIO BIO,8103,CHIGUAYANTE,MANUEL RODRIGUEZ,PINARES,0,"MANUEL RODRIGUEZ & PINARES, CHIGUAYANTE",CHILE,GEOMETRIC_CENTER,58615,2021,1385195,1,2021/10/06 00:00:00+00,1899/12/30 00:00:00+00,8,REGION BIO BIO,8103,CHIGUAYANTE,63,CHOQUE FRENTE/POSTERIOR,40,CHOQUE,1,URBANA,11,CRUCE CON SEMAFORO FUNCIONANDO,1,IMPRUDENCIA DEL CONDUCTOR,27,CONDUCCION NO ATENTO CONDICIONES TRANSITO MOMENTO,0,MANUEL RODRIGUEZ,0,PINARES,MANUEL RODRIGUEZ - PINARES,0, , , , ,1,1,2,BIDIRECCIONAL,1,CONCRETO,1,BUENO,1,SECO,1,DESPEJADO,0,0,0,0,2
-8128854.66727562,-4429587.01978962,1885,6219,1389931,-73.0227439,-36.931672,94,CHIGUAYANTE,1,46044,2021,1389931,REGION BIO BIO,8103,CHIGUAYANTE,MANUEL RODRIGUEZ,PINARES,0,"MANUEL RODRIGUEZ & PINARES, CHIGUAYANTE",CHILE,GEOMETRIC_CENTER,62887,2021,1389931,1,2021/10/23 00:00:00+00,1899/12/30 00:00:00+00,8,REGION BIO BIO,8103,CHIGUAYANTE,10,ATROPELLO,10,ATROPELLO,1,URBANA,11,CRUCE CON SEMAFORO FUNCIONANDO,13,CAUSAS NO DETERMINADAS,97,CAUSAS NO DETERMINADAS,0,MANUEL RODRIGUEZ,0,PINARES,MANUEL RODRIGUEZ - PINARES,0, , , , ,2,2,3,BIDIRECCIONAL CON BANDEJON,1,CONCRETO,1,BUENO,1,SECO,1,DESPEJADO,0,0,0,1,1
-8128854.66727562,-4429587.01978962,1886,6220,1394013,-73.0227439,-36.931672,94,CHIGUAYANTE,1,48610,2021,1394013,REGION BIO BIO,8103,CHIGUAYANTE,MANUEL RODRIGUEZ,PINARES,0,"MANUEL RODRIGUEZ & PINARES, CHIGUAYANTE",CHILE,GEOMETRIC_CENTER,66277,2021,1394013,1,2021/11/06 00:00:00+00,1899/12/30 00:00:00+00,8,REGION BIO BIO,8103,CHIGUAYANTE,65,CHOQUE LADO/LADO,40,CHOQUE,1,URBANA,11,CRUCE CON SEMAFORO FUNCIONANDO,14,OTRAS CAUSAS,98,OTRAS CAUSAS,0,MANUEL RODRIGUEZ,0,PINARES,MANUEL RODRIGUEZ - PINARES,0, , , , ,2,2,3,BIDIRECCIONAL CON BANDEJON,1,CONCRETO,1,BUENO,1,SECO,1,DESPEJADO,0,0,0,0,3
-8129880.69902227,-4429524.08745347,1887,6221,1361209,-73.0319609,-36.9312201,94,CHIGUAYANTE,1,24928,2021,1361209,REGION BIO BIO,8103,CHIGUAYANTE,CALLE CUATRO, ,806,"CALLE CUATRO 806, CHIGUAYANTE",CHILE,RANGE_INTERPOLATED,34376,2021,1361209,1,2021/06/27 00:00:00+00,1899/12/30 00:00:00+00,8,REGION BIO BIO,8103,CHIGUAYANTE,61,CHOQUE FRENTE/FRENTE,40,CHOQUE,1,URBANA,1,TRAMO DE VIA RECTA,4,ALCOHOL EN CONDUCTOR,24,CONDUCCION EN ESTADO DE EBRIEDAD,0,CALLE CUATRO,0, ,- CALLE CUATRO,806, , , , ,1,1,2,BIDIRECCIONAL,2,ASFALTO,1,BUENO,2,HUMEDO,5,NEBLINA,0,0,1,1,2
-8129967.71746822,-4429519.6589473,1888,6222,1330753,-73.0327426,-36.9311883,94,CHIGUAYANTE,1,4427,2021,1330753,REGION BIO BIO,8103,CHIGUAYANTE,LA MARINA,LOS HEROES,0,"LA MARINA & LOS HEROES, CHIGUAYANTE",CHILE,GEOMETRIC_CENTER,6217,2021,1330753,1,2021/02/01 00:00:00+00,1899/12/30 00:00:00+00,8,REGION BIO BIO,8103,CHIGUAYANTE,34,COLISION PERPENDICULAR,30,COLISION,1,URBANA,15,CRUCE CON SEÑAL CEDA EL PASO,13,CAUSAS NO DETERMINADAS,97,CAUSAS NO DETERMINADAS,0,LA MARINA,0,LOS HEROES,LA MARINA - LOS HEROES,0, , , , ,1,1,2,BIDIRECCIONAL,2,ASFALTO,2,REGULAR,3,MOJADO,3,LLUVIA,0,0,0,1,1
-8129967.71746822,-4429519.6589473,1889,6223,1395488,-73.0327426,-36.9311883,94,CHIGUAYANTE,1,49779,2021,1395488,REGION BIO BIO,8103,CHIGUAYANTE,LOS HEROES, ,68,"LOS HEROES 68, CHIGUAYANTE",CHILE,RANGE_INTERPOLATED,67797,2021,1395488,1,2021/11/12 00:00:00+00,1899/12/30 00:00:00+00,8,REGION BIO BIO,8103,CHIGUAYANTE,32,COLISION LATERAL,30,COLISION,1,URBANA,1,TRAMO DE VIA RECTA,14,OTRAS CAUSAS,98,OTRAS CAUSAS,0,LOS HEROES,0, ,- LOS HEROES,68, , , , ,1,1,2,BIDIRECCIONAL,2,ASFALTO,1,BUENO,1,SECO,2,NUBLADO,0,0,0,0,2
-8128703.61785857,-4429507.08367097,1890,6224,1367478,-73.021387,-36.931098,94,CHIGUAYANTE,1,28499,2021,1367478,REGION BIO BIO,8103,CHIGUAYANTE,PINARES,PASAJE UNO,0,"PINARES & PASAJE UNO, CHIGUAYANTE",CHILE,GEOMETRIC_CENTER,39379,2021,1367478,1,2021/07/18 00:00:00+00,1899/12/30 00:00:00+00,8,REGION BIO BIO,8103,CHIGUAYANTE,32,COLISION LATERAL,30,COLISION,1,URBANA,1,TRAMO DE VIA RECTA,1,IMPRUDENCIA DEL CONDUCTOR,27,CONDUCCION NO ATENTO CONDICIONES TRANSITO MOMENTO,0,PINARES,0,PASAJE UNO,PASAJE UNO - PINARES,0, , , , ,1,1,2,BIDIRECCIONAL,1,CONCRETO,1,BUENO,1,SECO,1,DESPEJADO,0,0,0,0,2
-8129101.71862154,-4429483.15865703,1891,6225,1333434,-73.0249632,-36.9309262,94,CHIGUAYANTE,1,7287,2021,1333434,REGION BIO BIO,8103,CHIGUAYANTE,FRAGATA ESMERALDA, ,156,"FRAGATA ESMERALDA 156, CHIGUAYANTE",CHILE,RANGE_INTERPOLATED,10251,2021,1333434,1,2021/02/23 00:00:00+00,1899/12/30 00:00:00+00,8,REGION BIO BIO,8103,CHIGUAYANTE,67,CHOQUE POSTERIOR/FRENTE,40,CHOQUE,1,URBANA,1,TRAMO DE VIA RECTA,14,OTRAS CAUSAS,98,OTRAS CAUSAS,0,FRAGATA ESMERALDA,0, ,- FRAGATA ESMERALDA,156, , , , ,1,1,2,BIDIRECCIONAL,1,CONCRETO,1,BUENO,1,SECO,1,DESPEJADO,0,0,0,0,2
-8128733.23997507,-4429479.94173552,1892,6226,1360912,-73.0216531,-36.9309031,94,CHIGUAYANTE,1,24855,2021,1360912,REGION BIO BIO,8103,CHIGUAYANTE,MANUEL RODRIGUEZ, ,1057,"MANUEL RODRIGUEZ 1057, CHIGUAYANTE",CHILE,RANGE_INTERPOLATED,34269,2021,1360912,1,2021/06/26 00:00:00+00,1899/12/30 00:00:00+00,8,REGION BIO BIO,8103,CHIGUAYANTE,10,ATROPELLO,10,ATROPELLO,1,URBANA,14,CRUCE CON SEÑAL PARE,14,OTRAS CAUSAS,98,OTRAS CAUSAS,0,MANUEL RODRIGUEZ,0, ,- MANUEL RODRIGUEZ,1057, , , , ,1,1,2,BIDIRECCIONAL,1,CONCRETO,1,BUENO,1,SECO,1,DESPEJADO,0,0,0,1,1