X,Y,FID,FID_1,LABELID,POINT_X,POINT_Y,FID_2,COMUNAREAL,VAL_COM,OBJECTID,A_O,IDACCIDENT,REGION,COD_COMUN,COMUNA,CALLE_UNO,CALLE_DOS,NUMERO,DIR_GEOCOD,PAIS,TIPO,OBJECTID_1,Año,Idaccide_1,Claseaccid,Fecha,Hora,Cód_Regi,Región,Cód_Comun,Comuna_1,Cód_Tipo_,Tipo_Accid,Cód_Tipo1,Tipo__CONA,Cód_Zona,Zona,Cód_Ubica,Ubicación,Cód_Causa,Causa__CON,Cód_Cau_1,Causa,Cód_Calle,Calle_Un_1,Cód_Cal_1,Calle_Do_1,Intersecci,Número,Ruta,Cód_Ruta,Ubicaci_1,Km_Vía_Fe,Pistas_de_,Pistas_de1,Cód_Calza,Calzada,Cód__Tipo,Tipo_Calza,Cód_Estad,Estado_Cal,Cód_Condi,Condición,Cód_Est_1,Estado_Atm,Fallecidos,Graves,Menos_Grav,Leves,Ilesos
-8129445.26170208,-4429459.49829174,1893,6227,1393066,-73.0280493,-36.9307563,94,CHIGUAYANTE,1,46735,2021,1393066,REGION BIO BIO,8103,CHIGUAYANTE,LOS HEROES, ,360,"LOS HEROES 360, CHIGUAYANTE",CHILE,RANGE_INTERPOLATED,63782,2021,1393066,1,2021/10/27 00:00:00+00,1899/12/30 00:00:00+00,8,REGION BIO BIO,8103,CHIGUAYANTE,68,CHOQUE POSTERIOR/LADO,40,CHOQUE,1,URBANA,26,OTROS NO CONSIDERADOS,1,IMPRUDENCIA DEL CONDUCTOR,27,CONDUCCION NO ATENTO CONDICIONES TRANSITO MOMENTO,0,LOS HEROES,0, ,- LOS HEROES,360, , , , ,1,1,2,BIDIRECCIONAL,1,CONCRETO,1,BUENO,1,SECO,1,DESPEJADO,0,0,0,0,2
-8129445.26170208,-4429459.49829174,1894,6228,1400578,-73.0280493,-36.9307563,94,CHIGUAYANTE,1,53342,2021,1400578,REGION BIO BIO,8103,CHIGUAYANTE,LOS HEROES, ,360,"LOS HEROES 360, CHIGUAYANTE",CHILE,RANGE_INTERPOLATED,72513,2021,1400578,1,2021/11/30 00:00:00+00,1899/12/30 00:00:00+00,8,REGION BIO BIO,8103,CHIGUAYANTE,65,CHOQUE LADO/LADO,40,CHOQUE,1,URBANA,1,TRAMO DE VIA RECTA,13,CAUSAS NO DETERMINADAS,97,CAUSAS NO DETERMINADAS,0,LOS HEROES,0, ,- LOS HEROES,360, , , , ,1,1,2,BIDIRECCIONAL,1,CONCRETO,1,BUENO,1,SECO,1,DESPEJADO,0,0,0,0,2
-8128707.40272125,-4429425.75555478,1895,6229,1330811,-73.021421,-36.930514,94,CHIGUAYANTE,1,4823,2021,1330811,REGION BIO BIO,8103,CHIGUAYANTE,MANUEL RODRIGUEZ, ,1045,"MANUEL RODRIGUEZ 1045, CHIGUAYANTE",CHILE,RANGE_INTERPOLATED,6744,2021,1330811,1,2021/02/04 00:00:00+00,1899/12/30 00:00:00+00,8,REGION BIO BIO,8103,CHIGUAYANTE,33,COLISION POR ALCANCE,30,COLISION,1,URBANA,1,TRAMO DE VIA RECTA,13,CAUSAS NO DETERMINADAS,97,CAUSAS NO DETERMINADAS,0,MANUEL RODRIGUEZ,0, ,- MANUEL RODRIGUEZ,1045, , , , ,2,2,3,BIDIRECCIONAL CON BANDEJON,1,CONCRETO,1,BUENO,1,SECO,1,DESPEJADO,0,0,0,1,1
-8128707.40272125,-4429425.75555478,1896,6230,1343362,-73.021421,-36.930514,94,CHIGUAYANTE,1,13897,2021,1343362,REGION BIO BIO,8103,CHIGUAYANTE,MANUEL RODRIGUEZ, ,1045,"MANUEL RODRIGUEZ 1045, CHIGUAYANTE",CHILE,RANGE_INTERPOLATED,19207,2021,1343362,1,2021/04/14 00:00:00+00,1899/12/30 00:00:00+00,8,REGION BIO BIO,8103,CHIGUAYANTE,62,CHOQUE FRENTE/LADO,40,CHOQUE,1,URBANA,1,TRAMO DE VIA RECTA,13,CAUSAS NO DETERMINADAS,97,CAUSAS NO DETERMINADAS,0,MANUEL RODRIGUEZ,0, ,- MANUEL RODRIGUEZ,1045, , , , ,2,2,3,BIDIRECCIONAL CON BANDEJON,1,CONCRETO,1,BUENO,1,SECO,1,DESPEJADO,0,0,0,3,0
-8129061.26511859,-4429389.70121768,1897,6231,1365847,-73.0245998,-36.9302551,94,CHIGUAYANTE,1,27541,2021,1365847,REGION BIO BIO,8103,CHIGUAYANTE,BLINDADO BLANCO,NAVIO SAN MARTIN,0,"BLINDADO BLANCO & NAVIO SAN MARTIN, CHIGUAYANTE",CHILE,GEOMETRIC_CENTER,38004,2021,1365847,1,2021/07/13 00:00:00+00,1899/12/30 00:00:00+00,8,REGION BIO BIO,8103,CHIGUAYANTE,34,COLISION PERPENDICULAR,30,COLISION,1,URBANA,15,CRUCE CON SEÑAL CEDA EL PASO,13,CAUSAS NO DETERMINADAS,97,CAUSAS NO DETERMINADAS,0,BLINDADO BLANCO,0,NAVIO SAN MARTIN,BLINDADO BLANCO - NAVIO SAN MARTIN,0, , , , ,1,1,2,BIDIRECCIONAL,1,CONCRETO,2,REGULAR,2,HUMEDO,2,NUBLADO,0,0,0,0,2
-8128902.31201768,-4429375.81705795,1898,6232,1381194,-73.0231719,-36.9301554,94,CHIGUAYANTE,1,37982,2021,1381194,REGION BIO BIO,8103,CHIGUAYANTE,MANUEL RODRIGUEZ,CENTRAL,0,"MANUEL RODRIGUEZ & CENTRAL, CHIGUAYANTE",CHILE,GEOMETRIC_CENTER,52192,2021,1381194,1,2021/09/09 00:00:00+00,1899/12/30 00:00:00+00,8,REGION BIO BIO,8103,CHIGUAYANTE,10,ATROPELLO,10,ATROPELLO,1,URBANA,11,CRUCE CON SEMAFORO FUNCIONANDO,10,DESOBEDIENCIA A SEÑALIZACION,62,SEÑALIZACION DESOBEDECER LUZ ROJA DE SEMAFORO,0,MANUEL RODRIGUEZ,0,CENTRAL,CENTRAL - MANUEL RODRIGUEZ,0, , , , ,1,1,2,BIDIRECCIONAL,1,CONCRETO,1,BUENO,1,SECO,1,DESPEJADO,0,0,0,1,1
-8128947.57452264,-4429251.23643322,1899,6233,1361178,-73.0235785,-36.9292608,94,CHIGUAYANTE,1,24880,2021,1361178,REGION BIO BIO,8103,CHIGUAYANTE,SANTA ELENA,MANUEL RODRIGUEZ,0,"SANTA ELENA & MANUEL RODRIGUEZ, CHIGUAYANTE",CHILE,GEOMETRIC_CENTER,34300,2021,1361178,1,2021/06/26 00:00:00+00,1899/12/30 00:00:00+00,8,REGION BIO BIO,8103,CHIGUAYANTE,10,ATROPELLO,10,ATROPELLO,1,URBANA,11,CRUCE CON SEMAFORO FUNCIONANDO,14,OTRAS CAUSAS,98,OTRAS CAUSAS,0,SANTA ELENA,0,MANUEL RODRIGUEZ,MANUEL RODRIGUEZ - SANTA ELENA,0, , , , ,1,1,2,BIDIRECCIONAL,1,CONCRETO,1,BUENO,1,SECO,1,DESPEJADO,0,1,0,0,1
-8128975.25968,-4429239.06532158,1900,6234,1363728,-73.0238272,-36.9291734,94,CHIGUAYANTE,1,26242,2021,1363728,REGION BIO BIO,8103,CHIGUAYANTE,LOS HEROES,MANUEL RODRIGUEZ,0,"LOS HEROES & MANUEL RODRIGUEZ, CHIGUAYANTE",CHILE,GEOMETRIC_CENTER,36209,2021,1363728,1,2021/07/05 00:00:00+00,1899/12/30 00:00:00+00,8,REGION BIO BIO,8103,CHIGUAYANTE,32,COLISION LATERAL,30,COLISION,1,URBANA,11,CRUCE CON SEMAFORO FUNCIONANDO,1,IMPRUDENCIA DEL CONDUCTOR,27,CONDUCCION NO ATENTO CONDICIONES TRANSITO MOMENTO,0,LOS HEROES,0,MANUEL RODRIGUEZ,LOS HEROES - MANUEL RODRIGUEZ,0, , , , ,1,1,2,BIDIRECCIONAL,1,CONCRETO,1,BUENO,1,SECO,2,NUBLADO,0,0,0,0,2
-8129948.31448097,-4429222.95324217,1901,6235,1368413,-73.0325683,-36.9290577,94,CHIGUAYANTE,1,29350,2021,1368413,REGION BIO BIO,8103,CHIGUAYANTE,CALLE TRES,LAS CONDES,0,"CALLE TRES & LAS CONDES, CHIGUAYANTE",CHILE,GEOMETRIC_CENTER,40572,2021,1368413,1,2021/07/23 00:00:00+00,1899/12/30 00:00:00+00,8,REGION BIO BIO,8103,CHIGUAYANTE,34,COLISION PERPENDICULAR,30,COLISION,1,URBANA,15,CRUCE CON SEÑAL CEDA EL PASO,13,CAUSAS NO DETERMINADAS,97,CAUSAS NO DETERMINADAS,0,CALLE TRES,0,LAS CONDES,CALLE TRES - LAS CONDES,0, , , , ,1,1,2,BIDIRECCIONAL,1,CONCRETO,1,BUENO,1,SECO,1,DESPEJADO,0,0,0,1,2
-8128930.04170284,-4429215.21054028,1902,6236,1342789,-73.023421,-36.9290021,94,CHIGUAYANTE,1,13274,2021,1342789,REGION BIO BIO,8103,CHIGUAYANTE,MANUEL RODRIGUEZ,LOS HEROES,0,"MANUEL RODRIGUEZ & LOS HEROES, CHIGUAYANTE",CHILE,GEOMETRIC_CENTER,18346,2021,1342789,1,2021/04/08 00:00:00+00,1899/12/30 00:00:00+00,8,REGION BIO BIO,8103,CHIGUAYANTE,34,COLISION PERPENDICULAR,30,COLISION,1,URBANA,11,CRUCE CON SEMAFORO FUNCIONANDO,13,CAUSAS NO DETERMINADAS,97,CAUSAS NO DETERMINADAS,0,MANUEL RODRIGUEZ,0,LOS HEROES,LOS HEROES - MANUEL RODRIGUEZ,0, , , , ,2,2,3,BIDIRECCIONAL CON BANDEJON,1,CONCRETO,2,REGULAR,2,HUMEDO,2,NUBLADO,0,0,0,0,2
-8128930.04170284,-4429215.21054028,1903,6237,1355936,-73.023421,-36.9290021,94,CHIGUAYANTE,1,22687,2021,1355936,REGION BIO BIO,8103,CHIGUAYANTE,MANUEL RODRIGUEZ,LOS HEROES,0,"MANUEL RODRIGUEZ & LOS HEROES, CHIGUAYANTE",CHILE,GEOMETRIC_CENTER,31244,2021,1355936,1,2021/06/12 00:00:00+00,1899/12/30 00:00:00+00,8,REGION BIO BIO,8103,CHIGUAYANTE,63,CHOQUE FRENTE/POSTERIOR,40,CHOQUE,1,URBANA,11,CRUCE CON SEMAFORO FUNCIONANDO,14,OTRAS CAUSAS,98,OTRAS CAUSAS,0,MANUEL RODRIGUEZ,0,LOS HEROES,LOS HEROES - MANUEL RODRIGUEZ,0, , , , ,2,2,3,BIDIRECCIONAL CON BANDEJON,1,CONCRETO,1,BUENO,1,SECO,2,NUBLADO,0,0,0,1,4
-8128930.04170284,-4429215.21054028,1904,6238,1365831,-73.023421,-36.9290021,94,CHIGUAYANTE,1,27073,2021,1365831,REGION BIO BIO,8103,CHIGUAYANTE,MANUEL RODRIGUEZ,LOS HEROES,0,"MANUEL RODRIGUEZ & LOS HEROES, CHIGUAYANTE",CHILE,GEOMETRIC_CENTER,37335,2021,1365831,1,2021/07/10 00:00:00+00,1899/12/30 00:00:00+00,8,REGION BIO BIO,8103,CHIGUAYANTE,99,OTRO TIPO,99,OTRO TIPO,1,URBANA,11,CRUCE CON SEMAFORO FUNCIONANDO,14,OTRAS CAUSAS,98,OTRAS CAUSAS,0,MANUEL RODRIGUEZ,0,LOS HEROES,LOS HEROES - MANUEL RODRIGUEZ,0, , , , ,2,2,3,BIDIRECCIONAL CON BANDEJON,1,CONCRETO,1,BUENO,1,SECO,1,DESPEJADO,0,0,0,1,1
-8128930.04170284,-4429215.21054028,1905,6239,1384760,-73.023421,-36.9290021,94,CHIGUAYANTE,1,41221,2021,1384760,REGION BIO BIO,8103,CHIGUAYANTE,MANUEL RODRIGUEZ,LOS HEROES,0,"MANUEL RODRIGUEZ & LOS HEROES, CHIGUAYANTE",CHILE,GEOMETRIC_CENTER,56536,2021,1384760,1,2021/09/28 00:00:00+00,1899/12/30 00:00:00+00,8,REGION BIO BIO,8103,CHIGUAYANTE,32,COLISION LATERAL,30,COLISION,1,URBANA,11,CRUCE CON SEMAFORO FUNCIONANDO,1,IMPRUDENCIA DEL CONDUCTOR,27,CONDUCCION NO ATENTO CONDICIONES TRANSITO MOMENTO,0,MANUEL RODRIGUEZ,0,LOS HEROES,LOS HEROES - MANUEL RODRIGUEZ,0, , , , ,3,3,3,BIDIRECCIONAL CON BANDEJON,1,CONCRETO,1,BUENO,1,SECO,1,DESPEJADO,0,0,0,0,2
-8128936.24219848,-4429197.98444141,1906,6240,1385272,-73.0234767,-36.9288784,94,CHIGUAYANTE,1,42276,2021,1385272,REGION BIO BIO,8103,CHIGUAYANTE,MANUEL RODRIGUEZ,5 DE ABRIL,0,"MANUEL RODRIGUEZ & 5 DE ABRIL, CHIGUAYANTE",CHILE,GEOMETRIC_CENTER,57905,2021,1385272,1,2021/10/03 00:00:00+00,1899/12/30 00:00:00+00,8,REGION BIO BIO,8103,CHIGUAYANTE,34,COLISION PERPENDICULAR,30,COLISION,1,URBANA,15,CRUCE CON SEÑAL CEDA EL PASO,1,IMPRUDENCIA DEL CONDUCTOR,27,CONDUCCION NO ATENTO CONDICIONES TRANSITO MOMENTO,0,MANUEL RODRIGUEZ,0,5 DE ABRIL,5 DE ABRIL - MANUEL RODRIGUEZ,0, , , , ,2,2,3,BIDIRECCIONAL CON BANDEJON,1,CONCRETO,1,BUENO,1,SECO,1,DESPEJADO,0,0,0,1,1
-8128998.29168264,-4429172.62578084,1907,6241,1329850,-73.0240341,-36.9286963,94,CHIGUAYANTE,1,3590,2021,1329850,REGION BIO BIO,8103,CHIGUAYANTE,CORBETA CHACABUCO,MANUEL RODRIGUEZ,0,"CORBETA CHACABUCO & MANUEL RODRIGUEZ, CHIGUAYANTE",CHILE,GEOMETRIC_CENTER,4947,2021,1329850,1,2021/01/26 00:00:00+00,1899/12/30 00:00:00+00,8,REGION BIO BIO,8103,CHIGUAYANTE,34,COLISION PERPENDICULAR,30,COLISION,1,URBANA,11,CRUCE CON SEMAFORO FUNCIONANDO,14,OTRAS CAUSAS,98,OTRAS CAUSAS,0,CORBETA CHACABUCO,0,MANUEL RODRIGUEZ,CORBETA CHACABUCO - MANUEL RODRIGUEZ,0, , , , ,1,1,2,BIDIRECCIONAL,2,ASFALTO,1,BUENO,1,SECO,1,DESPEJADO,0,0,0,1,1
-8128977.61965321,-4429170.07738502,1908,6242,1330769,-73.0238484,-36.928678,94,CHIGUAYANTE,1,4401,2021,1330769,REGION BIO BIO,8103,CHIGUAYANTE,SANTA JUSTINA,MANUEL RODRIGUEZ,0,"SANTA JUSTINA & MANUEL RODRIGUEZ, CHIGUAYANTE",CHILE,GEOMETRIC_CENTER,6179,2021,1330769,1,2021/02/01 00:00:00+00,1899/12/30 00:00:00+00,8,REGION BIO BIO,8103,CHIGUAYANTE,62,CHOQUE FRENTE/LADO,40,CHOQUE,1,URBANA,1,TRAMO DE VIA RECTA,14,OTRAS CAUSAS,98,OTRAS CAUSAS,0,SANTA JUSTINA,0,MANUEL RODRIGUEZ,MANUEL RODRIGUEZ - SANTA JUSTINA,0, , , , ,1,1,2,BIDIRECCIONAL,1,CONCRETO,1,BUENO,1,SECO,1,DESPEJADO,0,0,0,0,2
-8128977.61965321,-4429170.07738502,1909,6243,1338526,-73.0238484,-36.928678,94,CHIGUAYANTE,1,9627,2021,1338526,REGION BIO BIO,8103,CHIGUAYANTE,MANUEL RODRIGUEZ,SANTA JUSTINA,0,"MANUEL RODRIGUEZ & SANTA JUSTINA, CHIGUAYANTE",CHILE,GEOMETRIC_CENTER,13412,2021,1338526,1,2021/03/10 00:00:00+00,1899/12/30 00:00:00+00,8,REGION BIO BIO,8103,CHIGUAYANTE,63,CHOQUE FRENTE/POSTERIOR,40,CHOQUE,1,URBANA,11,CRUCE CON SEMAFORO FUNCIONANDO,13,CAUSAS NO DETERMINADAS,97,CAUSAS NO DETERMINADAS,0,MANUEL RODRIGUEZ,0,SANTA JUSTINA,MANUEL RODRIGUEZ - SANTA JUSTINA,0, , , , ,2,2,3,BIDIRECCIONAL CON BANDEJON,2,ASFALTO,1,BUENO,3,MOJADO,3,LLUVIA,0,0,0,0,4
-8128977.61965321,-4429170.07738502,1910,6244,1349150,-73.0238484,-36.928678,94,CHIGUAYANTE,1,17729,2021,1349150,REGION BIO BIO,8103,CHIGUAYANTE,MANUEL RODRIGUEZ,SANTA JUSTINA,0,"MANUEL RODRIGUEZ & SANTA JUSTINA, CHIGUAYANTE",CHILE,GEOMETRIC_CENTER,24407,2021,1349150,1,2021/05/12 00:00:00+00,1899/12/30 00:00:00+00,8,REGION BIO BIO,8103,CHIGUAYANTE,63,CHOQUE FRENTE/POSTERIOR,40,CHOQUE,1,URBANA,11,CRUCE CON SEMAFORO FUNCIONANDO,13,CAUSAS NO DETERMINADAS,97,CAUSAS NO DETERMINADAS,0,MANUEL RODRIGUEZ,0,SANTA JUSTINA,MANUEL RODRIGUEZ - SANTA JUSTINA,0, , , , ,2,2,3,BIDIRECCIONAL CON BANDEJON,1,CONCRETO,1,BUENO,1,SECO,1,DESPEJADO,0,0,0,2,3
-8129480.12696659,-4429161.03963648,1911,6245,1367043,-73.0283625,-36.9286131,94,CHIGUAYANTE,1,28286,2021,1367043,REGION BIO BIO,8103,CHIGUAYANTE,BERGANTIN AQUILES,CALLE DOS,0,"BERGANTIN AQUILES & CALLE DOS, CHIGUAYANTE",CHILE,GEOMETRIC_CENTER,39074,2021,1367043,1,2021/07/17 00:00:00+00,1899/12/30 00:00:00+00,8,REGION BIO BIO,8103,CHIGUAYANTE,65,CHOQUE LADO/LADO,40,CHOQUE,1,URBANA,1,TRAMO DE VIA RECTA,13,CAUSAS NO DETERMINADAS,97,CAUSAS NO DETERMINADAS,0,BERGANTIN AQUILES,0,CALLE DOS,BERGANTIN AQUILES - CALLE DOS,0, , , , ,1,1,2,BIDIRECCIONAL,2,ASFALTO,1,BUENO,1,SECO,1,DESPEJADO,0,0,0,0,2
-8128780.51736281,-4429157.90636644,1912,6246,1402736,-73.0220778,-36.9285906,94,CHIGUAYANTE,1,53350,2021,1402736,REGION BIO BIO,8103,CHIGUAYANTE,21 DE MAYO, ,3235,"21 DE MAYO 3235, CHIGUAYANTE",CHILE,RANGE_INTERPOLATED,72523,2021,1402736,1,2021/11/30 00:00:00+00,1899/12/30 00:00:00+00,8,REGION BIO BIO,8103,CHIGUAYANTE,50,CHOQUE,40,CHOQUE,1,URBANA,1,TRAMO DE VIA RECTA,13,CAUSAS NO DETERMINADAS,97,CAUSAS NO DETERMINADAS,0,21 DE MAYO,0, ,- 21 DE MAYO,3235, , , , ,2,2,2,BIDIRECCIONAL,1,CONCRETO,1,BUENO,1,SECO,1,DESPEJADO,0,0,0,0,2
-8129305.35536605,-4429151.41701898,1913,6247,1349077,-73.0267925,-36.928544,94,CHIGUAYANTE,1,17582,2021,1349077,REGION BIO BIO,8103,CHIGUAYANTE,RAIMUNDO MORRIS,FRAGATA MARIA ISABEL,0,"RAIMUNDO MORRIS & FRAGATA MARIA ISABEL, CHIGUAYANTE",CHILE,GEOMETRIC_CENTER,24216,2021,1349077,1,2021/05/11 00:00:00+00,1899/12/30 00:00:00+00,8,REGION BIO BIO,8103,CHIGUAYANTE,10,ATROPELLO,10,ATROPELLO,1,URBANA,1,TRAMO DE VIA RECTA,13,CAUSAS NO DETERMINADAS,97,CAUSAS NO DETERMINADAS,0,RAIMUNDO MORRIS,0,FRAGATA MARIA ISABEL,FRAGATA MARIA ISABEL - RAIMUNDO MORRIS,0, , , , ,1,1,2,BIDIRECCIONAL,1,CONCRETO,1,BUENO,1,SECO,1,DESPEJADO,0,0,0,1,1
-8128979.24491777,-4429150.85999363,1914,6248,1369938,-73.023863,-36.92854,94,CHIGUAYANTE,1,31513,2021,1369938,REGION BIO BIO,8103,CHIGUAYANTE,MANUEL RODRIGUEZ, ,785,"MANUEL RODRIGUEZ 785, CHIGUAYANTE",CHILE,RANGE_INTERPOLATED,43503,2021,1369938,1,2021/08/05 00:00:00+00,1899/12/30 00:00:00+00,8,REGION BIO BIO,8103,CHIGUAYANTE,10,ATROPELLO,10,ATROPELLO,1,URBANA,11,CRUCE CON SEMAFORO FUNCIONANDO,1,IMPRUDENCIA DEL CONDUCTOR,27,CONDUCCION NO ATENTO CONDICIONES TRANSITO MOMENTO,0,MANUEL RODRIGUEZ,0, ,- MANUEL RODRIGUEZ,785, , , , ,2,2,3,BIDIRECCIONAL CON BANDEJON,2,ASFALTO,1,BUENO,1,SECO,2,NUBLADO,0,0,0,1,1
-8129643.28794425,-4429149.6484636,1915,6249,1409647,-73.0298282,-36.9285313,94,CHIGUAYANTE,1,59087,2021,1409647,REGION BIO BIO,8103,CHIGUAYANTE,LA MARINA,LAS CONDES,0,"LA MARINA & LAS CONDES, CHIGUAYANTE",CHILE,GEOMETRIC_CENTER,80287,2021,1409647,1,2021/12/30 00:00:00+00,1899/12/30 00:00:00+00,8,REGION BIO BIO,8103,CHIGUAYANTE,34,COLISION PERPENDICULAR,30,COLISION,1,URBANA,15,CRUCE CON SEÑAL CEDA EL PASO,10,DESOBEDIENCIA A SEÑALIZACION,64,SEÑALIZACION DESOBEDECER SEÑAL CEDA EL PASO,0,LA MARINA,0,LAS CONDES,LA MARINA - LAS CONDES,0, , , , ,1,1,2,BIDIRECCIONAL,1,CONCRETO,1,BUENO,1,SECO,2,NUBLADO,0,1,0,2,0
-8128131.3243564,-4429139.45490607,1916,6250,1402829,-73.016246,-36.9284581,94,CHIGUAYANTE,1,54968,2021,1402829,REGION BIO BIO,8103,CHIGUAYANTE,MAGALLANES, ,255,"MAGALLANES 255, CHIGUAYANTE",CHILE,RANGE_INTERPOLATED,74684,2021,1402829,1,2021/12/08 00:00:00+00,1899/12/30 00:00:00+00,8,REGION BIO BIO,8103,CHIGUAYANTE,50,CHOQUE,40,CHOQUE,1,URBANA,1,TRAMO DE VIA RECTA,13,CAUSAS NO DETERMINADAS,97,CAUSAS NO DETERMINADAS,0,MAGALLANES,0, ,- MAGALLANES,255, , , , ,2,2,2,BIDIRECCIONAL,1,CONCRETO,1,BUENO,1,SECO,1,DESPEJADO,0,0,0,0,2
-8128971.56387291,-4429041.12657016,1917,6251,1346749,-73.023794,-36.927752,94,CHIGUAYANTE,1,16042,2021,1346749,REGION BIO BIO,8103,CHIGUAYANTE,MANUEL RODRIGUEZ, ,725,"MANUEL RODRIGUEZ 725, CHIGUAYANTE",CHILE,RANGE_INTERPOLATED,22072,2021,1346749,1,2021/04/30 00:00:00+00,1899/12/30 00:00:00+00,8,REGION BIO BIO,8103,CHIGUAYANTE,34,COLISION PERPENDICULAR,30,COLISION,1,URBANA,14,CRUCE CON SEÑAL PARE,13,CAUSAS NO DETERMINADAS,97,CAUSAS NO DETERMINADAS,0,MANUEL RODRIGUEZ,0, ,- MANUEL RODRIGUEZ,725, , , , ,1,0,1,UNIDIRECCIONAL,1,CONCRETO,1,BUENO,1,SECO,2,NUBLADO,0,0,1,0,1
-8128971.56387291,-4429041.12657016,1918,6252,1409573,-73.023794,-36.927752,94,CHIGUAYANTE,1,59205,2021,1409573,REGION BIO BIO,8103,CHIGUAYANTE,MANUEL RODRIGUEZ, ,725,"MANUEL RODRIGUEZ 725, CHIGUAYANTE",CHILE,RANGE_INTERPOLATED,80442,2021,1409573,1,2021/12/30 00:00:00+00,1899/12/30 00:00:00+00,8,REGION BIO BIO,8103,CHIGUAYANTE,51,CHOQUE FRONTAL,40,CHOQUE,1,URBANA,1,TRAMO DE VIA RECTA,1,IMPRUDENCIA DEL CONDUCTOR,27,CONDUCCION NO ATENTO CONDICIONES TRANSITO MOMENTO,0,MANUEL RODRIGUEZ,0, ,- MANUEL RODRIGUEZ,725, , , , ,2,2,3,BIDIRECCIONAL CON BANDEJON,1,CONCRETO,1,BUENO,1,SECO,1,DESPEJADO,0,0,0,1,1
-8128531.52905775,-4429018.74833231,1919,6253,1365899,-73.0198411,-36.9275913,94,CHIGUAYANTE,1,27944,2021,1365899,REGION BIO BIO,8103,CHIGUAYANTE,SANTA ELENA, ,325,"SANTA ELENA 325, CHIGUAYANTE",CHILE,RANGE_INTERPOLATED,38604,2021,1365899,1,2021/07/15 00:00:00+00,1899/12/30 00:00:00+00,8,REGION BIO BIO,8103,CHIGUAYANTE,68,CHOQUE POSTERIOR/LADO,40,CHOQUE,1,URBANA,1,TRAMO DE VIA RECTA,1,IMPRUDENCIA DEL CONDUCTOR,27,CONDUCCION NO ATENTO CONDICIONES TRANSITO MOMENTO,0,SANTA ELENA,0, ,- SANTA ELENA,325, , , , ,1,1,2,BIDIRECCIONAL,1,CONCRETO,1,BUENO,1,SECO,2,NUBLADO,0,0,0,0,2
-8130037.14743463,-4429009.54360722,1920,6254,1327946,-73.0333663,-36.9275252,94,CHIGUAYANTE,1,1169,2021,1327946,REGION BIO BIO,8103,CHIGUAYANTE,CALLE CUATRO,LAS CONDES,0,"CALLE CUATRO & LAS CONDES, CHIGUAYANTE",CHILE,GEOMETRIC_CENTER,1579,2021,1327946,1,2021/01/08 00:00:00+00,1899/12/30 00:00:00+00,8,REGION BIO BIO,8103,CHIGUAYANTE,34,COLISION PERPENDICULAR,30,COLISION,1,URBANA,14,CRUCE CON SEÑAL PARE,13,CAUSAS NO DETERMINADAS,97,CAUSAS NO DETERMINADAS,0,CALLE CUATRO,0,LAS CONDES,CALLE CUATRO - LAS CONDES,0, , , , ,1,1,2,BIDIRECCIONAL,2,ASFALTO,1,BUENO,1,SECO,1,DESPEJADO,0,0,0,2,1
-8129287.70009481,-4428992.12288612,1921,6255,1349680,-73.0266339,-36.9274001,94,CHIGUAYANTE,1,18220,2021,1349680,REGION BIO BIO,8103,CHIGUAYANTE,ENRIQUE MOLINA, ,160,"ENRIQUE MOLINA 160, CHIGUAYANTE",CHILE,RANGE_INTERPOLATED,25055,2021,1349680,1,2021/05/15 00:00:00+00,1899/12/30 00:00:00+00,8,REGION BIO BIO,8103,CHIGUAYANTE,10,ATROPELLO,10,ATROPELLO,1,URBANA,1,TRAMO DE VIA RECTA,14,OTRAS CAUSAS,98,OTRAS CAUSAS,0,ENRIQUE MOLINA,0, ,- ENRIQUE MOLINA,160, , , , ,1,1,2,BIDIRECCIONAL,1,CONCRETO,1,BUENO,1,SECO,1,DESPEJADO,0,0,0,1,1
-8128919.46635121,-4428981.69274784,1922,6256,1389312,-73.023326,-36.9273252,94,CHIGUAYANTE,1,33960,2021,1389312,REGION BIO BIO,8103,CHIGUAYANTE,DOS, ,829,"DOS 829, CHIGUAYANTE",CHILE,RANGE_INTERPOLATED,46829,2021,1389312,1,2021/08/18 00:00:00+00,1899/12/30 00:00:00+00,8,REGION BIO BIO,8103,CHIGUAYANTE,65,CHOQUE LADO/LADO,40,CHOQUE,1,URBANA,1,TRAMO DE VIA RECTA,13,CAUSAS NO DETERMINADAS,97,CAUSAS NO DETERMINADAS,0,DOS,0, ,- DOS,829, , , , ,1,1,2,BIDIRECCIONAL,1,CONCRETO,1,BUENO,1,SECO,1,DESPEJADO,0,0,0,0,2
-8129100.23807231,-4428869.55200196,1923,6257,1336679,-73.0249499,-36.9265199,94,CHIGUAYANTE,1,8537,2021,1336679,REGION BIO BIO,8103,CHIGUAYANTE,MANUEL RODRIGUEZ,LAS CONDES,0,"MANUEL RODRIGUEZ & LAS CONDES, CHIGUAYANTE",CHILE,GEOMETRIC_CENTER,11973,2021,1336679,1,2021/03/03 00:00:00+00,1899/12/30 00:00:00+00,8,REGION BIO BIO,8103,CHIGUAYANTE,10,ATROPELLO,10,ATROPELLO,1,URBANA,11,CRUCE CON SEMAFORO FUNCIONANDO,1,IMPRUDENCIA DEL CONDUCTOR,31,NO RESPETAR DERECHO PREFERENTE DE PASO A PEATON,0,MANUEL RODRIGUEZ,0,LAS CONDES,LAS CONDES - MANUEL RODRIGUEZ,0, , , , ,2,2,3,BIDIRECCIONAL CON BANDEJON,2,ASFALTO,1,BUENO,1,SECO,1,DESPEJADO,0,0,0,2,0