X,Y,FID,FID_1,LABELID,POINT_X,POINT_Y,FID_2,COMUNAREAL,VAL_COM,OBJECTID,A_O,IDACCIDENT,REGION,COD_COMUN,COMUNA,CALLE_UNO,CALLE_DOS,NUMERO,DIR_GEOCOD,PAIS,TIPO,OBJECTID_1,Año,Idaccide_1,Claseaccid,Fecha,Hora,Cód_Regi,Región,Cód_Comun,Comuna_1,Cód_Tipo_,Tipo_Accid,Cód_Tipo1,Tipo__CONA,Cód_Zona,Zona,Cód_Ubica,Ubicación,Cód_Causa,Causa__CON,Cód_Cau_1,Causa,Cód_Calle,Calle_Un_1,Cód_Cal_1,Calle_Do_1,Intersecci,Número,Ruta,Cód_Ruta,Ubicaci_1,Km_Vía_Fe,Pistas_de_,Pistas_de1,Cód_Calza,Calzada,Cód__Tipo,Tipo_Calza,Cód_Estad,Estado_Cal,Cód_Condi,Condición,Cód_Est_1,Estado_Atm,Fallecidos,Graves,Menos_Grav,Leves,Ilesos
-8129100.23807231,-4428869.55200196,1924,6258,1393981,-73.0249499,-36.9265199,94,CHIGUAYANTE,1,48105,2021,1393981,REGION BIO BIO,8103,CHIGUAYANTE,MANUEL RODRIGUEZ,LAS CONDES,0,"MANUEL RODRIGUEZ & LAS CONDES, CHIGUAYANTE",CHILE,GEOMETRIC_CENTER,65619,2021,1393981,1,2021/11/03 00:00:00+00,1899/12/30 00:00:00+00,8,REGION BIO BIO,8103,CHIGUAYANTE,34,COLISION PERPENDICULAR,30,COLISION,1,URBANA,16,CRUCE SIN SEÑALIZACION,13,CAUSAS NO DETERMINADAS,97,CAUSAS NO DETERMINADAS,0,MANUEL RODRIGUEZ,0,LAS CONDES,LAS CONDES - MANUEL RODRIGUEZ,0, , , , ,2,2,3,BIDIRECCIONAL CON BANDEJON,1,CONCRETO,1,BUENO,1,SECO,1,DESPEJADO,0,0,0,1,1
-8128960.68795866,-4428831.46647234,1925,6259,1332611,-73.0236963,-36.9262464,94,CHIGUAYANTE,1,5993,2021,1332611,REGION BIO BIO,8103,CHIGUAYANTE,LOS HEROES,PEDRO ANGULO NOVOA,0,"LOS HEROES & PEDRO ANGULO NOVOA, CHIGUAYANTE",CHILE,GEOMETRIC_CENTER,8364,2021,1332611,1,2021/02/13 00:00:00+00,1899/12/30 00:00:00+00,8,REGION BIO BIO,8103,CHIGUAYANTE,34,COLISION PERPENDICULAR,30,COLISION,1,URBANA,15,CRUCE CON SEÑAL CEDA EL PASO,10,DESOBEDIENCIA A SEÑALIZACION,64,SEÑALIZACION DESOBEDECER SEÑAL CEDA EL PASO,0,LOS HEROES,0,PEDRO ANGULO NOVOA,LOS HEROES - PEDRO ANGULO NOVOA,0, , , , ,1,1,2,BIDIRECCIONAL,2,ASFALTO,1,BUENO,1,SECO,1,DESPEJADO,0,0,0,2,0
-8129161.02964624,-4428797.85105808,1926,6260,1365069,-73.025496,-36.926005,94,CHIGUAYANTE,1,26766,2021,1365069,REGION BIO BIO,8103,CHIGUAYANTE,MANUEL RODRIGUEZ, ,586,"MANUEL RODRIGUEZ 586, CHIGUAYANTE",CHILE,RANGE_INTERPOLATED,36904,2021,1365069,1,2021/07/08 00:00:00+00,1899/12/30 00:00:00+00,8,REGION BIO BIO,8103,CHIGUAYANTE,10,ATROPELLO,10,ATROPELLO,1,URBANA,11,CRUCE CON SEMAFORO FUNCIONANDO,14,OTRAS CAUSAS,98,OTRAS CAUSAS,0,MANUEL RODRIGUEZ,0, ,- MANUEL RODRIGUEZ,586, , , , ,2,2,3,BIDIRECCIONAL CON BANDEJON,1,CONCRETO,1,BUENO,3,MOJADO,3,LLUVIA,0,1,0,0,1
-8129616.74937765,-4428752.05127183,1927,6261,1352981,-73.0295898,-36.9256761,94,CHIGUAYANTE,1,20289,2021,1352981,REGION BIO BIO,8103,CHIGUAYANTE,LA MARINA, ,83,"LA MARINA 83, CHIGUAYANTE",CHILE,RANGE_INTERPOLATED,27951,2021,1352981,1,2021/05/28 00:00:00+00,1899/12/30 00:00:00+00,8,REGION BIO BIO,8103,CHIGUAYANTE,65,CHOQUE LADO/LADO,40,CHOQUE,1,URBANA,1,TRAMO DE VIA RECTA,13,CAUSAS NO DETERMINADAS,97,CAUSAS NO DETERMINADAS,0,LA MARINA,0, ,- LA MARINA,83, , , , ,1,1,2,BIDIRECCIONAL,2,ASFALTO,1,BUENO,2,HUMEDO,2,NUBLADO,0,0,0,0,2
-8129117.93787135,-4428751.36894146,1928,6262,1363743,-73.0251089,-36.9256712,94,CHIGUAYANTE,1,26370,2021,1363743,REGION BIO BIO,8103,CHIGUAYANTE,MANUEL RODRIGUEZ,LOS CIPRESES,0,"MANUEL RODRIGUEZ & LOS CIPRESES, CHIGUAYANTE",CHILE,GEOMETRIC_CENTER,36376,2021,1363743,1,2021/07/06 00:00:00+00,1899/12/30 00:00:00+00,8,REGION BIO BIO,8103,CHIGUAYANTE,32,COLISION LATERAL,30,COLISION,1,URBANA,1,TRAMO DE VIA RECTA,13,CAUSAS NO DETERMINADAS,97,CAUSAS NO DETERMINADAS,0,MANUEL RODRIGUEZ,0,LOS CIPRESES,LOS CIPRESES - MANUEL RODRIGUEZ,0, , , , ,2,2,3,BIDIRECCIONAL CON BANDEJON,1,CONCRETO,1,BUENO,2,HUMEDO,4,LLOVIZNA,0,0,0,0,2
-8130162.81600778,-4428743.22275564,1929,6263,1349816,-73.0344952,-36.9256127,94,CHIGUAYANTE,1,18554,2021,1349816,REGION BIO BIO,8103,CHIGUAYANTE,RAMON VIDELA,LUIS ACEVEDO,0,"RAMON VIDELA & LUIS ACEVEDO, CHIGUAYANTE",CHILE,GEOMETRIC_CENTER,25514,2021,1349816,1,2021/05/17 00:00:00+00,1899/12/30 00:00:00+00,8,REGION BIO BIO,8103,CHIGUAYANTE,32,COLISION LATERAL,30,COLISION,1,URBANA,1,TRAMO DE VIA RECTA,13,CAUSAS NO DETERMINADAS,97,CAUSAS NO DETERMINADAS,0,RAMON VIDELA,0,LUIS ACEVEDO,LUIS ACEVEDO - RAMON VIDELA,0, , , , ,1,1,2,BIDIRECCIONAL,1,CONCRETO,1,BUENO,1,SECO,1,DESPEJADO,0,0,0,0,2
-8129602.25557994,-4428708.29866574,1930,6264,1381220,-73.0294596,-36.9253619,94,CHIGUAYANTE,1,38367,2021,1381220,REGION BIO BIO,8103,CHIGUAYANTE,LA MARINA,BRASIL,0,"LA MARINA & BRASIL, CHIGUAYANTE",CHILE,GEOMETRIC_CENTER,52698,2021,1381220,1,2021/09/11 00:00:00+00,1899/12/30 00:00:00+00,8,REGION BIO BIO,8103,CHIGUAYANTE,34,COLISION PERPENDICULAR,30,COLISION,1,URBANA,14,CRUCE CON SEÑAL PARE,10,DESOBEDIENCIA A SEÑALIZACION,65,SEÑALIZACION DESOBEDECER SEÑAL PARE,0,LA MARINA,0,BRASIL,BRASIL - LA MARINA,0, , , , ,1,1,2,BIDIRECCIONAL,1,CONCRETO,1,BUENO,3,MOJADO,3,LLUVIA,0,0,0,3,1
-8128752.74314985,-4428671.75939003,1931,6265,1405462,-73.0218283,-36.9250995,94,CHIGUAYANTE,1,56625,2021,1405462,REGION BIO BIO,8103,CHIGUAYANTE,O'HIGGINS,LOS ENCINOS,0,"O'HIGGINS & LOS ENCINOS, CHIGUAYANTE",CHILE,GEOMETRIC_CENTER,76950,2021,1405462,1,2021/12/17 00:00:00+00,1899/12/30 00:00:00+00,8,REGION BIO BIO,8103,CHIGUAYANTE,32,COLISION LATERAL,30,COLISION,1,URBANA,1,TRAMO DE VIA RECTA,1,IMPRUDENCIA DEL CONDUCTOR,27,CONDUCCION NO ATENTO CONDICIONES TRANSITO MOMENTO,0,O'HIGGINS,0,LOS ENCINOS,LOS ENCINOS - O'HIGGINS,0, , , , ,1,1,2,BIDIRECCIONAL,1,CONCRETO,1,BUENO,1,SECO,1,DESPEJADO,0,1,0,0,1
-8129174.28779759,-4428658.72559346,1932,6266,1355796,-73.0256151,-36.9250059,94,CHIGUAYANTE,1,22267,2021,1355796,REGION BIO BIO,8103,CHIGUAYANTE,MANUEL RODRIGUEZ,CHIGUAY,0,"MANUEL RODRIGUEZ & CHIGUAY, CHIGUAYANTE",CHILE,GEOMETRIC_CENTER,30688,2021,1355796,1,2021/06/10 00:00:00+00,1899/12/30 00:00:00+00,8,REGION BIO BIO,8103,CHIGUAYANTE,63,CHOQUE FRENTE/POSTERIOR,40,CHOQUE,1,URBANA,11,CRUCE CON SEMAFORO FUNCIONANDO,13,CAUSAS NO DETERMINADAS,97,CAUSAS NO DETERMINADAS,0,MANUEL RODRIGUEZ,0,CHIGUAY,CHIGUAY - MANUEL RODRIGUEZ,0, , , , ,2,2,3,BIDIRECCIONAL CON BANDEJON,1,CONCRETO,1,BUENO,2,HUMEDO,4,LLOVIZNA,0,0,0,2,0
-8129174.28779759,-4428658.72559346,1933,6267,1367529,-73.0256151,-36.9250059,94,CHIGUAYANTE,1,28548,2021,1367529,REGION BIO BIO,8103,CHIGUAYANTE,MANUEL RODRIGUEZ,CHIGUAY,0,"MANUEL RODRIGUEZ & CHIGUAY, CHIGUAYANTE",CHILE,GEOMETRIC_CENTER,39448,2021,1367529,1,2021/07/19 00:00:00+00,1899/12/30 00:00:00+00,8,REGION BIO BIO,8103,CHIGUAYANTE,34,COLISION PERPENDICULAR,30,COLISION,1,URBANA,11,CRUCE CON SEMAFORO FUNCIONANDO,13,CAUSAS NO DETERMINADAS,97,CAUSAS NO DETERMINADAS,0,MANUEL RODRIGUEZ,0,CHIGUAY,CHIGUAY - MANUEL RODRIGUEZ,0, , , , ,2,2,3,BIDIRECCIONAL CON BANDEJON,1,CONCRETO,1,BUENO,1,SECO,1,DESPEJADO,0,0,0,1,1
-8129174.28779759,-4428658.72559346,1934,6268,1399190,-73.0256151,-36.9250059,94,CHIGUAYANTE,1,52453,2021,1399190,REGION BIO BIO,8103,CHIGUAYANTE,MANUEL RODRIGUEZ,CHIGUAY,0,"MANUEL RODRIGUEZ & CHIGUAY, CHIGUAYANTE",CHILE,GEOMETRIC_CENTER,71305,2021,1399190,1,2021/11/25 00:00:00+00,1899/12/30 00:00:00+00,8,REGION BIO BIO,8103,CHIGUAYANTE,34,COLISION PERPENDICULAR,30,COLISION,1,URBANA,11,CRUCE CON SEMAFORO FUNCIONANDO,1,IMPRUDENCIA DEL CONDUCTOR,27,CONDUCCION NO ATENTO CONDICIONES TRANSITO MOMENTO,0,MANUEL RODRIGUEZ,0,CHIGUAY,CHIGUAY - MANUEL RODRIGUEZ,0, , , , ,2,2,3,BIDIRECCIONAL CON BANDEJON,1,CONCRETO,1,BUENO,1,SECO,1,DESPEJADO,0,0,0,3,1
-8128645.35323709,-4428635.84686317,1935,6269,1340456,-73.0208636,-36.9248416,94,CHIGUAYANTE,0,11092,2021,1340456,REGION BIO BIO,8101,CONCEPCION,CALLE NUEVA, ,18,"CALLE NUEVA 18, CONCEPCION",CHILE,RANGE_INTERPOLATED,15377,2021,1340456,1,2021/03/19 00:00:00+00,1899/12/30 00:00:00+00,8,REGION BIO BIO,8101,CONCEPCION,50,CHOQUE,40,CHOQUE,1,URBANA,1,TRAMO DE VIA RECTA,1,IMPRUDENCIA DEL CONDUCTOR,27,CONDUCCION NO ATENTO CONDICIONES TRANSITO MOMENTO,0,CALLE NUEVA,0, ,- CALLE NUEVA,18, , , , ,1,1,2,BIDIRECCIONAL,2,ASFALTO,1,BUENO,1,SECO,1,DESPEJADO,0,0,0,0,2
-8130163.33920939,-4428580.81557263,1936,6270,1345176,-73.0344999,-36.9244464,94,CHIGUAYANTE,1,15131,2021,1345176,REGION BIO BIO,8103,CHIGUAYANTE,LOS CARRERA PONIENTE,CARDENAL,0,"LOS CARRERA PONIENTE & CARDENAL, CHIGUAYANTE",CHILE,GEOMETRIC_CENTER,20852,2021,1345176,1,2021/04/23 00:00:00+00,1899/12/30 00:00:00+00,8,REGION BIO BIO,8103,CHIGUAYANTE,30,COLISION,30,COLISION,1,URBANA,1,TRAMO DE VIA RECTA,13,CAUSAS NO DETERMINADAS,97,CAUSAS NO DETERMINADAS,0,LOS CARRERA PONIENTE,0,CARDENAL,CARDENAL - LOS CARRERA PONIENTE,0, , , , ,2,2,2,BIDIRECCIONAL,1,CONCRETO,1,BUENO,1,SECO,1,DESPEJADO,0,0,0,0,1
-8130163.33920939,-4428580.81557263,1937,6271,1355643,-73.0344999,-36.9244464,94,CHIGUAYANTE,1,16271,2021,1355643,REGION BIO BIO,8103,CHIGUAYANTE,LOS CARRERA,ZA??ªARTU,0,"LOS CARRERA & ZA??ªARTU, CHIGUAYANTE",CHILE,GEOMETRIC_CENTER,22429,2021,1355643,1,2021/05/02 00:00:00+00,1899/12/30 00:00:00+00,8,REGION BIO BIO,8103,CHIGUAYANTE,10,ATROPELLO,10,ATROPELLO,1,URBANA,1,TRAMO DE VIA RECTA,2,IMPRUDENCIA DEL PEATON,55,PEATON CRUZA CALZADA FUERA PASO PEATONES,0,LOS CARRERA,0,ZAÑARTU,LOS CARRERA - ZAÑARTU,0, , , , ,3,3,2,BIDIRECCIONAL,1,CONCRETO,1,BUENO,1,SECO,1,DESPEJADO,0,0,0,1,1
-8130102.44744793,-4428523.57052224,1938,6272,1398110,-73.0339529,-36.9240353,94,CHIGUAYANTE,1,51695,2021,1398110,REGION BIO BIO,8103,CHIGUAYANTE,GRANDON,VIDELA,0,"GRANDON & VIDELA, CHIGUAYANTE",CHILE,GEOMETRIC_CENTER,70314,2021,1398110,1,2021/11/21 00:00:00+00,1899/12/30 00:00:00+00,8,REGION BIO BIO,8103,CHIGUAYANTE,10,ATROPELLO,10,ATROPELLO,1,URBANA,16,CRUCE SIN SEÑALIZACION,1,IMPRUDENCIA DEL CONDUCTOR,27,CONDUCCION NO ATENTO CONDICIONES TRANSITO MOMENTO,0,GRANDON,0,VIDELA,GRANDON - VIDELA,0, , , , ,1,1,2,BIDIRECCIONAL,1,CONCRETO,1,BUENO,1,SECO,1,DESPEJADO,0,0,0,1,1
-8129189.79460266,-4428509.3811498,1939,6273,1355808,-73.0257544,-36.9239334,94,CHIGUAYANTE,1,22277,2021,1355808,REGION BIO BIO,8103,CHIGUAYANTE,MANUEL RODRIGUEZ,FERNANDO URRA,0,"MANUEL RODRIGUEZ & FERNANDO URRA, CHIGUAYANTE",CHILE,GEOMETRIC_CENTER,30704,2021,1355808,1,2021/06/10 00:00:00+00,1899/12/30 00:00:00+00,8,REGION BIO BIO,8103,CHIGUAYANTE,32,COLISION LATERAL,30,COLISION,1,URBANA,1,TRAMO DE VIA RECTA,1,IMPRUDENCIA DEL CONDUCTOR,27,CONDUCCION NO ATENTO CONDICIONES TRANSITO MOMENTO,0,MANUEL RODRIGUEZ,0,FERNANDO URRA,FERNANDO URRA - MANUEL RODRIGUEZ,0, , , , ,2,2,3,BIDIRECCIONAL CON BANDEJON,1,CONCRETO,1,BUENO,2,HUMEDO,2,NUBLADO,0,0,0,1,1
-8129178.59586188,-4428490.65232119,1940,6274,1368641,-73.0256538,-36.9237989,94,CHIGUAYANTE,1,28345,2021,1368641,REGION BIO BIO,8103,CHIGUAYANTE,MANUEL RODRIGUEZ, ,397,"MANUEL RODRIGUEZ 397, CHIGUAYANTE",CHILE,RANGE_INTERPOLATED,39157,2021,1368641,1,2021/07/17 00:00:00+00,1899/12/30 00:00:00+00,8,REGION BIO BIO,8103,CHIGUAYANTE,33,COLISION POR ALCANCE,30,COLISION,1,URBANA,1,TRAMO DE VIA RECTA,4,ALCOHOL EN CONDUCTOR,24,CONDUCCION EN ESTADO DE EBRIEDAD,0,MANUEL RODRIGUEZ,0, ,- MANUEL RODRIGUEZ,397, , , , ,2,2,3,BIDIRECCIONAL CON BANDEJON,1,CONCRETO,1,BUENO,1,SECO,1,DESPEJADO,0,0,0,0,2
-8128869.4059762,-4428488.88387589,1941,6275,1339465,-73.0228763,-36.9237862,94,CHIGUAYANTE,1,11110,2021,1339465,REGION BIO BIO,8103,CHIGUAYANTE,O'HIGGINS,SAN PABLO,0,"O'HIGGINS & SAN PABLO, CHIGUAYANTE",CHILE,GEOMETRIC_CENTER,15399,2021,1339465,1,2021/03/19 00:00:00+00,1899/12/30 00:00:00+00,8,REGION BIO BIO,8103,CHIGUAYANTE,51,CHOQUE FRONTAL,40,CHOQUE,1,URBANA,1,TRAMO DE VIA RECTA,4,ALCOHOL EN CONDUCTOR,24,CONDUCCION EN ESTADO DE EBRIEDAD,0,O'HIGGINS,0,SAN PABLO,O'HIGGINS - SAN PABLO,0, , , , ,1,1,2,BIDIRECCIONAL,1,CONCRETO,1,BUENO,3,MOJADO,2,NUBLADO,0,0,0,0,1
-8129258.95740229,-4428452.35928004,1942,6276,1342001,-73.0263757,-36.9235239,94,CHIGUAYANTE,1,11976,2021,1342001,REGION BIO BIO,8103,CHIGUAYANTE,MANUEL RODRIGUEZ, ,390,"MANUEL RODRIGUEZ 390, CHIGUAYANTE",CHILE,RANGE_INTERPOLATED,16563,2021,1342001,1,2021/03/26 00:00:00+00,1899/12/30 00:00:00+00,8,REGION BIO BIO,8103,CHIGUAYANTE,10,ATROPELLO,10,ATROPELLO,1,URBANA,1,TRAMO DE VIA RECTA,2,IMPRUDENCIA DEL PEATON,52,PEATON CRUZA CALZADA FORMA SORPRESIVA O DESCUIDADA,0,MANUEL RODRIGUEZ,0, ,- MANUEL RODRIGUEZ,390, , , , ,2,2,3,BIDIRECCIONAL CON BANDEJON,1,CONCRETO,1,BUENO,1,SECO,1,DESPEJADO,0,0,0,1,1
-8129267.52900308,-4428396.73018086,1943,6277,1332593,-73.0264527,-36.9231244,94,CHIGUAYANTE,1,5690,2021,1332593,REGION BIO BIO,8103,CHIGUAYANTE,MANUEL RODRIGUEZ,LOS CARRERA,0,"MANUEL RODRIGUEZ & LOS CARRERA, CHIGUAYANTE",CHILE,GEOMETRIC_CENTER,7945,2021,1332593,1,2021/02/11 00:00:00+00,1899/12/30 00:00:00+00,8,REGION BIO BIO,8103,CHIGUAYANTE,34,COLISION PERPENDICULAR,30,COLISION,1,URBANA,11,CRUCE CON SEMAFORO FUNCIONANDO,14,OTRAS CAUSAS,98,OTRAS CAUSAS,0,MANUEL RODRIGUEZ,0,LOS CARRERA,LOS CARRERA - MANUEL RODRIGUEZ,0, , , , ,1,1,2,BIDIRECCIONAL,1,CONCRETO,1,BUENO,1,SECO,1,DESPEJADO,0,0,0,1,1
-8129267.52900308,-4428396.73018086,1944,6278,1338542,-73.0264527,-36.9231244,94,CHIGUAYANTE,1,10442,2021,1338542,REGION BIO BIO,8103,CHIGUAYANTE,MANUEL RODRIGUEZ,LOS CARRERA,0,"MANUEL RODRIGUEZ & LOS CARRERA, CHIGUAYANTE",CHILE,GEOMETRIC_CENTER,14538,2021,1338542,1,2021/03/15 00:00:00+00,1899/12/30 00:00:00+00,8,REGION BIO BIO,8103,CHIGUAYANTE,63,CHOQUE FRENTE/POSTERIOR,40,CHOQUE,1,URBANA,1,TRAMO DE VIA RECTA,14,OTRAS CAUSAS,98,OTRAS CAUSAS,0,MANUEL RODRIGUEZ,0,LOS CARRERA,LOS CARRERA - MANUEL RODRIGUEZ,0, , , , ,2,2,3,BIDIRECCIONAL CON BANDEJON,2,ASFALTO,1,BUENO,1,SECO,1,DESPEJADO,0,0,0,0,2
-8129267.52900308,-4428396.73018086,1945,6279,1351631,-73.0264527,-36.9231244,94,CHIGUAYANTE,1,19625,2021,1351631,REGION BIO BIO,8103,CHIGUAYANTE,MANUEL RODRIGUEZ,LOS CARRERA,0,"MANUEL RODRIGUEZ & LOS CARRERA, CHIGUAYANTE",CHILE,GEOMETRIC_CENTER,27015,2021,1351631,1,2021/05/24 00:00:00+00,1899/12/30 00:00:00+00,8,REGION BIO BIO,8103,CHIGUAYANTE,34,COLISION PERPENDICULAR,30,COLISION,1,URBANA,11,CRUCE CON SEMAFORO FUNCIONANDO,13,CAUSAS NO DETERMINADAS,97,CAUSAS NO DETERMINADAS,0,MANUEL RODRIGUEZ,0,LOS CARRERA,LOS CARRERA - MANUEL RODRIGUEZ,0, , , , ,2,2,3,BIDIRECCIONAL CON BANDEJON,1,CONCRETO,1,BUENO,1,SECO,1,DESPEJADO,0,0,0,1,1
-8129267.52900308,-4428396.73018086,1946,6280,1368897,-73.0264527,-36.9231244,94,CHIGUAYANTE,1,30114,2021,1368897,REGION BIO BIO,8103,CHIGUAYANTE,MANUEL RODRIGUEZ,LOS CARRERA,0,"MANUEL RODRIGUEZ & LOS CARRERA, CHIGUAYANTE",CHILE,GEOMETRIC_CENTER,41636,2021,1368897,1,2021/07/28 00:00:00+00,1899/12/30 00:00:00+00,8,REGION BIO BIO,8103,CHIGUAYANTE,20,CAIDA,20,CAIDA,1,URBANA,26,OTROS NO CONSIDERADOS,1,IMPRUDENCIA DEL CONDUCTOR,27,CONDUCCION NO ATENTO CONDICIONES TRANSITO MOMENTO,0,MANUEL RODRIGUEZ,0,LOS CARRERA,LOS CARRERA - MANUEL RODRIGUEZ,0, , , , ,2,2,3,BIDIRECCIONAL CON BANDEJON,1,CONCRETO,1,BUENO,1,SECO,1,DESPEJADO,0,0,0,2,1
-8129267.52900308,-4428396.73018086,1947,6281,1369912,-73.0264527,-36.9231244,94,CHIGUAYANTE,1,31032,2021,1369912,REGION BIO BIO,8103,CHIGUAYANTE,MANUEL RODRIGUEZ,LOS CARRERA,0,"MANUEL RODRIGUEZ & LOS CARRERA, CHIGUAYANTE",CHILE,GEOMETRIC_CENTER,42897,2021,1369912,1,2021/08/02 00:00:00+00,1899/12/30 00:00:00+00,8,REGION BIO BIO,8103,CHIGUAYANTE,99,OTRO TIPO,99,OTRO TIPO,1,URBANA,1,TRAMO DE VIA RECTA,7,VELOCIDAD IMPRUDENTE,72,VELOCIDAD NO RAZONABLE NI PRUDENTE,0,MANUEL RODRIGUEZ,0,LOS CARRERA,LOS CARRERA - MANUEL RODRIGUEZ,0, , , , ,2,2,3,BIDIRECCIONAL CON BANDEJON,1,CONCRETO,1,BUENO,1,SECO,1,DESPEJADO,0,0,0,1,1
-8129255.88498434,-4428330.93644104,1948,6282,1336684,-73.0263481,-36.9226519,94,CHIGUAYANTE,1,8780,2021,1336684,REGION BIO BIO,8103,CHIGUAYANTE,SAN IGNACIO,MANUEL RODRIGUEZ,0,"SAN IGNACIO & MANUEL RODRIGUEZ, CHIGUAYANTE",CHILE,GEOMETRIC_CENTER,12280,2021,1336684,1,2021/03/05 00:00:00+00,1899/12/30 00:00:00+00,8,REGION BIO BIO,8103,CHIGUAYANTE,33,COLISION POR ALCANCE,30,COLISION,1,URBANA,1,TRAMO DE VIA RECTA,13,CAUSAS NO DETERMINADAS,97,CAUSAS NO DETERMINADAS,0,SAN IGNACIO,0,MANUEL RODRIGUEZ,MANUEL RODRIGUEZ - SAN IGNACIO,0, , , , ,2,2,3,BIDIRECCIONAL CON BANDEJON,1,CONCRETO,1,BUENO,1,SECO,1,DESPEJADO,0,0,0,2,0
-8129268.59767019,-4428319.51830973,1949,6283,1336689,-73.0264623,-36.9225699,94,CHIGUAYANTE,1,8812,2021,1336689,REGION BIO BIO,8103,CHIGUAYANTE,MANUEL RODRIGUEZ,SANTA SOFIA,0,"MANUEL RODRIGUEZ & SANTA SOFIA, CHIGUAYANTE",CHILE,GEOMETRIC_CENTER,12328,2021,1336689,1,2021/03/05 00:00:00+00,1899/12/30 00:00:00+00,8,REGION BIO BIO,8103,CHIGUAYANTE,32,COLISION LATERAL,30,COLISION,1,URBANA,11,CRUCE CON SEMAFORO FUNCIONANDO,13,CAUSAS NO DETERMINADAS,97,CAUSAS NO DETERMINADAS,0,MANUEL RODRIGUEZ,0,SANTA SOFIA,MANUEL RODRIGUEZ - SANTA SOFIA,0, , , , ,3,2,3,BIDIRECCIONAL CON BANDEJON,2,ASFALTO,1,BUENO,1,SECO,1,DESPEJADO,0,0,0,0,2
-8129268.59767019,-4428319.51830973,1950,6284,1377446,-73.0264623,-36.9225699,94,CHIGUAYANTE,1,37306,2021,1377446,REGION BIO BIO,8103,CHIGUAYANTE,MANUEL RODRIGUEZ,SANTA SOFIA,0,"MANUEL RODRIGUEZ & SANTA SOFIA, CHIGUAYANTE",CHILE,GEOMETRIC_CENTER,51300,2021,1377446,1,2021/09/06 00:00:00+00,1899/12/30 00:00:00+00,8,REGION BIO BIO,8103,CHIGUAYANTE,63,CHOQUE FRENTE/POSTERIOR,40,CHOQUE,1,URBANA,11,CRUCE CON SEMAFORO FUNCIONANDO,1,IMPRUDENCIA DEL CONDUCTOR,27,CONDUCCION NO ATENTO CONDICIONES TRANSITO MOMENTO,0,MANUEL RODRIGUEZ,0,SANTA SOFIA,MANUEL RODRIGUEZ - SANTA SOFIA,0, , , , ,2,2,3,BIDIRECCIONAL CON BANDEJON,1,CONCRETO,1,BUENO,3,MOJADO,3,LLUVIA,0,0,0,0,2
-8129268.59767019,-4428319.51830973,1951,6285,1400821,-73.0264623,-36.9225699,94,CHIGUAYANTE,1,53718,2021,1400821,REGION BIO BIO,8103,CHIGUAYANTE,MANUEL RODRIGUEZ,SANTA SOFIA,0,"MANUEL RODRIGUEZ & SANTA SOFIA, CHIGUAYANTE",CHILE,GEOMETRIC_CENTER,73006,2021,1400821,1,2021/12/02 00:00:00+00,1899/12/30 00:00:00+00,8,REGION BIO BIO,8103,CHIGUAYANTE,99,OTRO TIPO,99,OTRO TIPO,1,URBANA,11,CRUCE CON SEMAFORO FUNCIONANDO,1,IMPRUDENCIA DEL CONDUCTOR,27,CONDUCCION NO ATENTO CONDICIONES TRANSITO MOMENTO,0,MANUEL RODRIGUEZ,0,SANTA SOFIA,MANUEL RODRIGUEZ - SANTA SOFIA,0, , , , ,2,2,3,BIDIRECCIONAL CON BANDEJON,1,CONCRETO,1,BUENO,1,SECO,1,DESPEJADO,0,1,0,0,1
-8130025.4366242,-4428258.79355179,1952,6286,1336702,-73.0332611,-36.9221338,94,CHIGUAYANTE,1,9119,2021,1336702,REGION BIO BIO,8103,CHIGUAYANTE,SENDA DOCE, ,360,"SENDA DOCE 360, CHIGUAYANTE",CHILE,RANGE_INTERPOLATED,12732,2021,1336702,1,2021/03/06 00:00:00+00,1899/12/30 00:00:00+00,8,REGION BIO BIO,8103,CHIGUAYANTE,65,CHOQUE LADO/LADO,40,CHOQUE,1,URBANA,1,TRAMO DE VIA RECTA,14,OTRAS CAUSAS,98,OTRAS CAUSAS,0,SENDA DOCE,0, ,- SENDA DOCE,360, , , , ,1,1,2,BIDIRECCIONAL,1,CONCRETO,1,BUENO,1,SECO,1,DESPEJADO,0,0,0,0,2
-8129335.90143432,-4428171.76601309,1953,6287,1329747,-73.0270669,-36.9215088,94,CHIGUAYANTE,1,2557,2021,1329747,REGION BIO BIO,8103,CHIGUAYANTE,MANUEL RODRIGUEZ,COCHRANE,0,"MANUEL RODRIGUEZ & COCHRANE, CHIGUAYANTE",CHILE,GEOMETRIC_CENTER,3516,2021,1329747,1,2021/01/18 00:00:00+00,1899/12/30 00:00:00+00,8,REGION BIO BIO,8103,CHIGUAYANTE,32,COLISION LATERAL,30,COLISION,1,URBANA,1,TRAMO DE VIA RECTA,13,CAUSAS NO DETERMINADAS,97,CAUSAS NO DETERMINADAS,0,MANUEL RODRIGUEZ,0,COCHRANE,COCHRANE - MANUEL RODRIGUEZ,0, , , , ,3,3,3,BIDIRECCIONAL CON BANDEJON,1,CONCRETO,1,BUENO,1,SECO,1,DESPEJADO,0,0,0,0,2
-8129335.90143432,-4428171.76601309,1954,6288,1338602,-73.0270669,-36.9215088,94,CHIGUAYANTE,1,10765,2021,1338602,REGION BIO BIO,8103,CHIGUAYANTE,MANUEL RODRIGUEZ,COCHRANE,0,"MANUEL RODRIGUEZ & COCHRANE, CHIGUAYANTE",CHILE,GEOMETRIC_CENTER,14944,2021,1338602,1,2021/03/17 00:00:00+00,1899/12/30 00:00:00+00,8,REGION BIO BIO,8103,CHIGUAYANTE,34,COLISION PERPENDICULAR,30,COLISION,1,URBANA,11,CRUCE CON SEMAFORO FUNCIONANDO,13,CAUSAS NO DETERMINADAS,97,CAUSAS NO DETERMINADAS,0,MANUEL RODRIGUEZ,0,COCHRANE,COCHRANE - MANUEL RODRIGUEZ,0, , , , ,1,1,2,BIDIRECCIONAL,1,CONCRETO,1,BUENO,1,SECO,1,DESPEJADO,0,1,0,0,1