X,Y,FID,FID_1,LABELID,POINT_X,POINT_Y,FID_2,COMUNAREAL,VAL_COM,OBJECTID,A_O,IDACCIDENT,REGION,COD_COMUN,COMUNA,CALLE_UNO,CALLE_DOS,NUMERO,DIR_GEOCOD,PAIS,TIPO,OBJECTID_1,Año,Idaccide_1,Claseaccid,Fecha,Hora,Cód_Regi,Región,Cód_Comun,Comuna_1,Cód_Tipo_,Tipo_Accid,Cód_Tipo1,Tipo__CONA,Cód_Zona,Zona,Cód_Ubica,Ubicación,Cód_Causa,Causa__CON,Cód_Cau_1,Causa,Cód_Calle,Calle_Un_1,Cód_Cal_1,Calle_Do_1,Intersecci,Número,Ruta,Cód_Ruta,Ubicaci_1,Km_Vía_Fe,Pistas_de_,Pistas_de1,Cód_Calza,Calzada,Cód__Tipo,Tipo_Calza,Cód_Estad,Estado_Cal,Cód_Condi,Condición,Cód_Est_1,Estado_Atm,Fallecidos,Graves,Menos_Grav,Leves,Ilesos
-8129335.90143432,-4428171.76601309,1955,6289,1368655,-73.0270669,-36.9215088,94,CHIGUAYANTE,1,28998,2021,1368655,REGION BIO BIO,8103,CHIGUAYANTE,MANUEL RODRIGUEZ,COCHRANE,0,"MANUEL RODRIGUEZ & COCHRANE, CHIGUAYANTE",CHILE,GEOMETRIC_CENTER,40087,2021,1368655,1,2021/07/22 00:00:00+00,1899/12/30 00:00:00+00,8,REGION BIO BIO,8103,CHIGUAYANTE,10,ATROPELLO,10,ATROPELLO,1,URBANA,11,CRUCE CON SEMAFORO FUNCIONANDO,1,IMPRUDENCIA DEL CONDUCTOR,27,CONDUCCION NO ATENTO CONDICIONES TRANSITO MOMENTO,0,MANUEL RODRIGUEZ,0,COCHRANE,COCHRANE - MANUEL RODRIGUEZ,0, , , , ,2,2,3,BIDIRECCIONAL CON BANDEJON,1,CONCRETO,1,BUENO,1,SECO,2,NUBLADO,0,1,0,0,1
-8129335.90143432,-4428171.76601309,1956,6290,1373438,-73.0270669,-36.9215088,94,CHIGUAYANTE,1,34837,2021,1373438,REGION BIO BIO,8103,CHIGUAYANTE,MANUEL RODRIGUEZ,COCHRANE,0,"MANUEL RODRIGUEZ & COCHRANE, CHIGUAYANTE",CHILE,GEOMETRIC_CENTER,48040,2021,1373438,1,2021/08/23 00:00:00+00,1899/12/30 00:00:00+00,8,REGION BIO BIO,8103,CHIGUAYANTE,63,CHOQUE FRENTE/POSTERIOR,40,CHOQUE,1,URBANA,11,CRUCE CON SEMAFORO FUNCIONANDO,1,IMPRUDENCIA DEL CONDUCTOR,28,CONDUCCION SIN MANTENER DISTANCIA RAZONABLE NI PRUDENTE,0,MANUEL RODRIGUEZ,0,COCHRANE,COCHRANE - MANUEL RODRIGUEZ,0, , , , ,2,2,3,BIDIRECCIONAL CON BANDEJON,1,CONCRETO,1,BUENO,1,SECO,2,NUBLADO,0,0,0,0,2
-8129335.90143432,-4428171.76601309,1957,6291,1389923,-73.0270669,-36.9215088,94,CHIGUAYANTE,1,45883,2021,1389923,REGION BIO BIO,8103,CHIGUAYANTE,MANUEL RODRIGUEZ,COCHRANE,0,"MANUEL RODRIGUEZ & COCHRANE, CHIGUAYANTE",CHILE,GEOMETRIC_CENTER,62680,2021,1389923,1,2021/10/22 00:00:00+00,1899/12/30 00:00:00+00,8,REGION BIO BIO,8103,CHIGUAYANTE,63,CHOQUE FRENTE/POSTERIOR,40,CHOQUE,1,URBANA,11,CRUCE CON SEMAFORO FUNCIONANDO,1,IMPRUDENCIA DEL CONDUCTOR,27,CONDUCCION NO ATENTO CONDICIONES TRANSITO MOMENTO,0,MANUEL RODRIGUEZ,0,COCHRANE,COCHRANE - MANUEL RODRIGUEZ,0, , , , ,2,2,3,BIDIRECCIONAL CON BANDEJON,1,CONCRETO,1,BUENO,1,SECO,1,DESPEJADO,0,0,0,2,1
-8129356.36195673,-4428162.38100592,1958,6292,1362289,-73.0272507,-36.9214414,94,CHIGUAYANTE,1,27283,2021,1362289,REGION BIO BIO,8103,CHIGUAYANTE,COSTANERA,LAS PALMAS,0,"COSTANERA & LAS PALMAS, CHIGUAYANTE",CHILE,GEOMETRIC_CENTER,37632,2021,1362289,1,2021/07/11 00:00:00+00,1899/12/30 00:00:00+00,8,REGION BIO BIO,8103,CHIGUAYANTE,31,COLISION FRONTAL,30,COLISION,1,URBANA,1,TRAMO DE VIA RECTA,1,IMPRUDENCIA DEL CONDUCTOR,29,CONDUCCION CAMBIAR SORPRESIVAMENTE PISTA CIRCULACION,0,COSTANERA,0,LAS PALMAS,COSTANERA - LAS PALMAS,0, , , , ,1,1,2,BIDIRECCIONAL,2,ASFALTO,1,BUENO,1,SECO,1,DESPEJADO,1,2,0,1,5
-8129077.99643805,-4428111.27881278,1959,6293,1361260,-73.0247501,-36.9210744,94,CHIGUAYANTE,1,24517,2021,1361260,REGION BIO BIO,8103,CHIGUAYANTE,O'HIGGINS,COCHRANE,0,"O'HIGGINS & COCHRANE, CHIGUAYANTE",CHILE,GEOMETRIC_CENTER,33805,2021,1361260,1,2021/06/24 00:00:00+00,1899/12/30 00:00:00+00,8,REGION BIO BIO,8103,CHIGUAYANTE,33,COLISION POR ALCANCE,30,COLISION,1,URBANA,1,TRAMO DE VIA RECTA,14,OTRAS CAUSAS,98,OTRAS CAUSAS,0,O'HIGGINS,0,COCHRANE,COCHRANE - O'HIGGINS,0, , , , ,1,1,2,BIDIRECCIONAL,2,ASFALTO,1,BUENO,1,SECO,1,DESPEJADO,0,0,0,0,2
-8129583.10862753,-4428099.23432623,1960,6294,1385162,-73.0292876,-36.9209879,94,CHIGUAYANTE,1,42481,2021,1385162,REGION BIO BIO,8103,CHIGUAYANTE,EMILIO ROJAS,PADRES NORBENTINOS,0,"EMILIO ROJAS & PADRES NORBENTINOS, CHIGUAYANTE",CHILE,GEOMETRIC_CENTER,58198,2021,1385162,1,2021/10/04 00:00:00+00,1899/12/30 00:00:00+00,8,REGION BIO BIO,8103,CHIGUAYANTE,65,CHOQUE LADO/LADO,40,CHOQUE,1,URBANA,14,CRUCE CON SEÑAL PARE,14,OTRAS CAUSAS,98,OTRAS CAUSAS,0,EMILIO ROJAS,0,PADRES NORBENTINOS,EMILIO ROJAS - PADRES NORBENTINOS,0, , , , ,1,1,2,BIDIRECCIONAL,1,CONCRETO,1,BUENO,1,SECO,1,DESPEJADO,0,0,0,0,2
-8129722.77006068,-4428040.22350175,1961,6295,1368631,-73.0305422,-36.9205641,94,CHIGUAYANTE,1,28197,2021,1368631,REGION BIO BIO,8103,CHIGUAYANTE,SIETE SUR,JOSE ABELARDO NU??ªEZ,0,"SIETE SUR & JOSE ABELARDO NU??ªEZ, CHIGUAYANTE",CHILE,GEOMETRIC_CENTER,38954,2021,1368631,1,2021/07/16 00:00:00+00,1899/12/30 00:00:00+00,8,REGION BIO BIO,8103,CHIGUAYANTE,10,ATROPELLO,10,ATROPELLO,1,URBANA,1,TRAMO DE VIA RECTA,7,VELOCIDAD IMPRUDENTE,72,VELOCIDAD NO RAZONABLE NI PRUDENTE,0,SIETE SUR,0,JOSE ABELARDO NUÑEZ,JOSE ABELARDO NUÑEZ - SIETE SUR,0, , , , ,1,1,2,BIDIRECCIONAL,1,CONCRETO,1,BUENO,1,SECO,1,DESPEJADO,0,1,0,1,0
-8129385.7057745,-4427983.31554442,1962,6296,1357655,-73.0275143,-36.9201554,94,CHIGUAYANTE,1,23778,2021,1357655,REGION BIO BIO,8103,CHIGUAYANTE,MANUEL RODRIGUEZ,ELOISA DIAZ,0,"MANUEL RODRIGUEZ & ELOISA DIAZ, CHIGUAYANTE",CHILE,GEOMETRIC_CENTER,32765,2021,1357655,1,2021/06/19 00:00:00+00,1899/12/30 00:00:00+00,8,REGION BIO BIO,8103,CHIGUAYANTE,33,COLISION POR ALCANCE,30,COLISION,1,URBANA,1,TRAMO DE VIA RECTA,1,IMPRUDENCIA DEL CONDUCTOR,27,CONDUCCION NO ATENTO CONDICIONES TRANSITO MOMENTO,0,MANUEL RODRIGUEZ,0,ELOISA DIAZ,ELOISA DIAZ - MANUEL RODRIGUEZ,0, , , , ,2,2,3,BIDIRECCIONAL CON BANDEJON,2,ASFALTO,1,BUENO,1,SECO,2,NUBLADO,0,0,0,2,1
-8129325.22589516,-4427936.89268987,1963,6297,1388364,-73.026971,-36.919822,94,CHIGUAYANTE,1,44293,2021,1388364,REGION BIO BIO,8103,CHIGUAYANTE,MANUEL RODRIGUEZ, ,217,"MANUEL RODRIGUEZ 217, CHIGUAYANTE",CHILE,RANGE_INTERPOLATED,60565,2021,1388364,1,2021/10/14 00:00:00+00,1899/12/30 00:00:00+00,8,REGION BIO BIO,8103,CHIGUAYANTE,63,CHOQUE FRENTE/POSTERIOR,40,CHOQUE,1,URBANA,1,TRAMO DE VIA RECTA,1,IMPRUDENCIA DEL CONDUCTOR,27,CONDUCCION NO ATENTO CONDICIONES TRANSITO MOMENTO,0,MANUEL RODRIGUEZ,0, ,- MANUEL RODRIGUEZ,217, , , , ,2,2,3,BIDIRECCIONAL CON BANDEJON,1,CONCRETO,1,BUENO,3,MOJADO,1,DESPEJADO,0,0,0,1,3
-8129367.69428089,-4427925.80915893,1964,6298,1350789,-73.0273525,-36.9197424,94,CHIGUAYANTE,1,18911,2021,1350789,REGION BIO BIO,8103,CHIGUAYANTE,MANUEL RODRIGUEZ,EMILIO ROJAS,0,"MANUEL RODRIGUEZ & EMILIO ROJAS, CHIGUAYANTE",CHILE,GEOMETRIC_CENTER,25999,2021,1350789,1,2021/05/19 00:00:00+00,1899/12/30 00:00:00+00,8,REGION BIO BIO,8103,CHIGUAYANTE,34,COLISION PERPENDICULAR,30,COLISION,1,URBANA,11,CRUCE CON SEMAFORO FUNCIONANDO,1,IMPRUDENCIA DEL CONDUCTOR,27,CONDUCCION NO ATENTO CONDICIONES TRANSITO MOMENTO,0,MANUEL RODRIGUEZ,0,EMILIO ROJAS,EMILIO ROJAS - MANUEL RODRIGUEZ,0, , , , ,2,2,3,BIDIRECCIONAL CON BANDEJON,1,CONCRETO,1,BUENO,3,MOJADO,3,LLUVIA,0,0,0,0,2
-8129367.69428089,-4427925.80915893,1965,6299,1361867,-73.0273525,-36.9197424,94,CHIGUAYANTE,1,25806,2021,1361867,REGION BIO BIO,8103,CHIGUAYANTE,MANUEL RODRIGUEZ,EMILIO ROJAS,0,"MANUEL RODRIGUEZ & EMILIO ROJAS, CHIGUAYANTE",CHILE,GEOMETRIC_CENTER,35617,2021,1361867,1,2021/07/03 00:00:00+00,1899/12/30 00:00:00+00,8,REGION BIO BIO,8103,CHIGUAYANTE,34,COLISION PERPENDICULAR,30,COLISION,1,URBANA,11,CRUCE CON SEMAFORO FUNCIONANDO,13,CAUSAS NO DETERMINADAS,97,CAUSAS NO DETERMINADAS,0,MANUEL RODRIGUEZ,0,EMILIO ROJAS,EMILIO ROJAS - MANUEL RODRIGUEZ,0, , , , ,2,2,3,BIDIRECCIONAL CON BANDEJON,2,ASFALTO,1,BUENO,1,SECO,1,DESPEJADO,0,0,0,1,1
-8129367.69428089,-4427925.80915893,1966,6300,1362046,-73.0273525,-36.9197424,94,CHIGUAYANTE,1,26790,2021,1362046,REGION BIO BIO,8103,CHIGUAYANTE,MANUEL RODRIGUEZ,EMILIO ROJAS,0,"MANUEL RODRIGUEZ & EMILIO ROJAS, CHIGUAYANTE",CHILE,GEOMETRIC_CENTER,36938,2021,1362046,1,2021/07/08 00:00:00+00,1899/12/30 00:00:00+00,8,REGION BIO BIO,8103,CHIGUAYANTE,10,ATROPELLO,10,ATROPELLO,1,URBANA,11,CRUCE CON SEMAFORO FUNCIONANDO,1,IMPRUDENCIA DEL CONDUCTOR,31,NO RESPETAR DERECHO PREFERENTE DE PASO A PEATON,0,MANUEL RODRIGUEZ,0,EMILIO ROJAS,EMILIO ROJAS - MANUEL RODRIGUEZ,0, , , , ,1,1,2,BIDIRECCIONAL,1,CONCRETO,1,BUENO,3,MOJADO,3,LLUVIA,0,0,0,0,2
-8129367.69428089,-4427925.80915893,1967,6301,1377303,-73.0273525,-36.9197424,94,CHIGUAYANTE,1,36657,2021,1377303,REGION BIO BIO,8103,CHIGUAYANTE,MANUEL RODRIGUEZ,EMILIO ROJAS,0,"MANUEL RODRIGUEZ & EMILIO ROJAS, CHIGUAYANTE",CHILE,GEOMETRIC_CENTER,50413,2021,1377303,1,2021/09/02 00:00:00+00,1899/12/30 00:00:00+00,8,REGION BIO BIO,8103,CHIGUAYANTE,34,COLISION PERPENDICULAR,30,COLISION,1,URBANA,11,CRUCE CON SEMAFORO FUNCIONANDO,1,IMPRUDENCIA DEL CONDUCTOR,27,CONDUCCION NO ATENTO CONDICIONES TRANSITO MOMENTO,0,MANUEL RODRIGUEZ,0,EMILIO ROJAS,EMILIO ROJAS - MANUEL RODRIGUEZ,0, , , , ,2,0,1,UNIDIRECCIONAL,1,CONCRETO,1,BUENO,1,SECO,1,DESPEJADO,0,0,0,1,1
-8129147.79375878,-4427826.00220553,1968,6302,1399207,-73.0253771,-36.9190256,94,CHIGUAYANTE,1,52548,2021,1399207,REGION BIO BIO,8103,CHIGUAYANTE,O'HIGGINS, ,3225,"O'HIGGINS 3225, CHIGUAYANTE",CHILE,RANGE_INTERPOLATED,71425,2021,1399207,1,2021/11/26 00:00:00+00,1899/12/30 00:00:00+00,8,REGION BIO BIO,8103,CHIGUAYANTE,51,CHOQUE FRONTAL,40,CHOQUE,1,URBANA,1,TRAMO DE VIA RECTA,14,OTRAS CAUSAS,98,OTRAS CAUSAS,0,O'HIGGINS,0, ,- O'HIGGINS,3225, , , , ,1,1,2,BIDIRECCIONAL,1,CONCRETO,2,REGULAR,1,SECO,1,DESPEJADO,0,0,0,0,1
-8129428.59717431,-4427767.64731903,1969,6303,1351581,-73.0278996,-36.9186065,94,CHIGUAYANTE,1,19425,2021,1351581,REGION BIO BIO,8103,CHIGUAYANTE,MANUEL RODRIGUEZ,QUINTANILLA,0,"MANUEL RODRIGUEZ & QUINTANILLA, CHIGUAYANTE",CHILE,GEOMETRIC_CENTER,26740,2021,1351581,1,2021/05/23 00:00:00+00,1899/12/30 00:00:00+00,8,REGION BIO BIO,8103,CHIGUAYANTE,33,COLISION POR ALCANCE,30,COLISION,1,URBANA,1,TRAMO DE VIA RECTA,1,IMPRUDENCIA DEL CONDUCTOR,27,CONDUCCION NO ATENTO CONDICIONES TRANSITO MOMENTO,0,MANUEL RODRIGUEZ,0,QUINTANILLA,MANUEL RODRIGUEZ - QUINTANILLA,0, , , , ,2,2,3,BIDIRECCIONAL CON BANDEJON,1,CONCRETO,1,BUENO,1,SECO,1,DESPEJADO,0,0,0,0,2
-8129428.59717431,-4427767.64731903,1970,6304,1381176,-73.0278996,-36.9186065,94,CHIGUAYANTE,1,37612,2021,1381176,REGION BIO BIO,8103,CHIGUAYANTE,MANUEL RODRIGUEZ,QUINTANILLA,0,"MANUEL RODRIGUEZ & QUINTANILLA, CHIGUAYANTE",CHILE,GEOMETRIC_CENTER,51695,2021,1381176,1,2021/09/07 00:00:00+00,1899/12/30 00:00:00+00,8,REGION BIO BIO,8103,CHIGUAYANTE,34,COLISION PERPENDICULAR,30,COLISION,1,URBANA,16,CRUCE SIN SEÑALIZACION,1,IMPRUDENCIA DEL CONDUCTOR,27,CONDUCCION NO ATENTO CONDICIONES TRANSITO MOMENTO,0,MANUEL RODRIGUEZ,0,QUINTANILLA,MANUEL RODRIGUEZ - QUINTANILLA,0, , , , ,2,2,3,BIDIRECCIONAL CON BANDEJON,1,CONCRETO,1,BUENO,1,SECO,1,DESPEJADO,0,0,0,1,1
-8130108.65907551,-4427657.34339649,1971,6305,1336674,-73.0340087,-36.9178143,94,CHIGUAYANTE,1,8136,2021,1336674,REGION BIO BIO,8103,CHIGUAYANTE,OCHO ORIENTE,OROZIMBO BARBOSA,0,"OCHO ORIENTE & OROZIMBO BARBOSA, CHIGUAYANTE",CHILE,GEOMETRIC_CENTER,11431,2021,1336674,1,2021/03/01 00:00:00+00,1899/12/30 00:00:00+00,8,REGION BIO BIO,8103,CHIGUAYANTE,33,COLISION POR ALCANCE,30,COLISION,1,URBANA,2,TRAMO DE VIA CURVA HORIZONTAL,13,CAUSAS NO DETERMINADAS,97,CAUSAS NO DETERMINADAS,0,OCHO ORIENTE,0,OROZIMBO BARBOSA,OCHO ORIENTE - OROZIMBO BARBOSA,0, , , , ,2,2,3,BIDIRECCIONAL CON BANDEJON,1,CONCRETO,1,BUENO,1,SECO,1,DESPEJADO,0,0,0,0,3
-8130108.65907551,-4427657.34339649,1972,6306,1394151,-73.0340087,-36.9178143,94,CHIGUAYANTE,1,48937,2021,1394151,REGION BIO BIO,8103,CHIGUAYANTE,MANUEL RODRIGUEZ,OROZIMBO BARBOSA,0,"MANUEL RODRIGUEZ & OROZIMBO BARBOSA, CHIGUAYANTE",CHILE,GEOMETRIC_CENTER,66731,2021,1394151,1,2021/11/08 00:00:00+00,1899/12/30 00:00:00+00,8,REGION BIO BIO,8103,CHIGUAYANTE,32,COLISION LATERAL,30,COLISION,1,URBANA,1,TRAMO DE VIA RECTA,13,CAUSAS NO DETERMINADAS,97,CAUSAS NO DETERMINADAS,0,MANUEL RODRIGUEZ,0,OROZIMBO BARBOSA,MANUEL RODRIGUEZ - OROZIMBO BARBOSA,0, , , , ,2,2,3,BIDIRECCIONAL CON BANDEJON,1,CONCRETO,1,BUENO,1,SECO,1,DESPEJADO,0,0,0,1,1
-8129552.96330942,-4427626.37718949,1973,6307,1353242,-73.0290168,-36.9175919,94,CHIGUAYANTE,1,20575,2021,1353242,REGION BIO BIO,8103,CHIGUAYANTE,FERNANDO URRA, ,5,"FERNANDO URRA 5, CHIGUAYANTE",CHILE,RANGE_INTERPOLATED,28346,2021,1353242,1,2021/05/30 00:00:00+00,1899/12/30 00:00:00+00,8,REGION BIO BIO,8103,CHIGUAYANTE,51,CHOQUE FRONTAL,40,CHOQUE,1,URBANA,1,TRAMO DE VIA RECTA,4,ALCOHOL EN CONDUCTOR,24,CONDUCCION EN ESTADO DE EBRIEDAD,0,FERNANDO URRA,0, ,- FERNANDO URRA,5, , , , ,2,0,1,UNIDIRECCIONAL,1,CONCRETO,1,BUENO,2,HUMEDO,4,LLOVIZNA,0,0,0,0,1
-8129359.27852739,-4427592.11118169,1974,6308,1342039,-73.0272769,-36.9173458,94,CHIGUAYANTE,1,11685,2021,1342039,REGION BIO BIO,8103,CHIGUAYANTE,O'HIGGINS,SANTA SOFIA,0,"O'HIGGINS & SANTA SOFIA, CHIGUAYANTE",CHILE,GEOMETRIC_CENTER,16178,2021,1342039,1,2021/03/24 00:00:00+00,1899/12/30 00:00:00+00,8,REGION BIO BIO,8103,CHIGUAYANTE,67,CHOQUE POSTERIOR/FRENTE,40,CHOQUE,1,URBANA,15,CRUCE CON SEÑAL CEDA EL PASO,1,IMPRUDENCIA DEL CONDUCTOR,93,CONDUCIR VEHICULO EN RETROCESO,0,O'HIGGINS,0,SANTA SOFIA,O'HIGGINS - SANTA SOFIA,0, , , , ,1,1,2,BIDIRECCIONAL,1,CONCRETO,1,BUENO,1,SECO,1,DESPEJADO,0,0,0,0,2
-8129359.27852739,-4427592.11118169,1975,6309,1360889,-73.0272769,-36.9173458,94,CHIGUAYANTE,1,24956,2021,1360889,REGION BIO BIO,8103,CHIGUAYANTE,O'HIGGINS,SANTA SOFIA,0,"O'HIGGINS & SANTA SOFIA, CHIGUAYANTE",CHILE,GEOMETRIC_CENTER,34438,2021,1360889,1,2021/06/27 00:00:00+00,1899/12/30 00:00:00+00,8,REGION BIO BIO,8103,CHIGUAYANTE,51,CHOQUE FRONTAL,40,CHOQUE,1,URBANA,26,OTROS NO CONSIDERADOS,1,IMPRUDENCIA DEL CONDUCTOR,27,CONDUCCION NO ATENTO CONDICIONES TRANSITO MOMENTO,0,O'HIGGINS,0,SANTA SOFIA,O'HIGGINS - SANTA SOFIA,0, , , , ,2,2,3,BIDIRECCIONAL CON BANDEJON,1,CONCRETO,1,BUENO,1,SECO,1,DESPEJADO,0,0,0,0,1
-8129729.43809818,-4427559.57180407,1976,6310,1382347,-73.0306021,-36.9171121,94,CHIGUAYANTE,1,40848,2021,1382347,REGION BIO BIO,8103,CHIGUAYANTE,LIBERTAD,CIENTO UNO,0,"LIBERTAD & CIENTO UNO, CHIGUAYANTE",CHILE,GEOMETRIC_CENTER,56052,2021,1382347,1,2021/09/25 00:00:00+00,1899/12/30 00:00:00+00,8,REGION BIO BIO,8103,CHIGUAYANTE,32,COLISION LATERAL,30,COLISION,1,URBANA,1,TRAMO DE VIA RECTA,1,IMPRUDENCIA DEL CONDUCTOR,27,CONDUCCION NO ATENTO CONDICIONES TRANSITO MOMENTO,0,LIBERTAD,0,CIENTO UNO,CIENTO UNO - LIBERTAD,0, , , , ,1,1,2,BIDIRECCIONAL,1,CONCRETO,1,BUENO,1,SECO,1,DESPEJADO,0,0,0,2,0
-8129704.76969902,-4427359.58979135,1977,6311,1393059,-73.0303805,-36.9156758,94,CHIGUAYANTE,1,46529,2021,1393059,REGION BIO BIO,8103,CHIGUAYANTE,UNO, ,91,"UNO 91, CHIGUAYANTE",CHILE,RANGE_INTERPOLATED,63537,2021,1393059,1,2021/10/26 00:00:00+00,1899/12/30 00:00:00+00,8,REGION BIO BIO,8103,CHIGUAYANTE,69,CHOQUE POSTERIOR/POSTERIOR,40,CHOQUE,1,URBANA,1,TRAMO DE VIA RECTA,1,IMPRUDENCIA DEL CONDUCTOR,93,CONDUCIR VEHICULO EN RETROCESO,0,UNO,0, ,- UNO,91, , , , ,1,1,2,BIDIRECCIONAL,1,CONCRETO,1,BUENO,1,SECO,1,DESPEJADO,0,0,0,0,2
-8129533.04825252,-4427271.20515167,1978,6312,1354801,-73.0288379,-36.915041,94,CHIGUAYANTE,1,20942,2021,1354801,REGION BIO BIO,8103,CHIGUAYANTE,O'HIGGINS, ,2741,"O'HIGGINS 2741, CHIGUAYANTE",CHILE,RANGE_INTERPOLATED,28881,2021,1354801,1,2021/06/02 00:00:00+00,1899/12/30 00:00:00+00,8,REGION BIO BIO,8103,CHIGUAYANTE,10,ATROPELLO,10,ATROPELLO,1,URBANA,26,OTROS NO CONSIDERADOS,2,IMPRUDENCIA DEL PEATON,52,PEATON CRUZA CALZADA FORMA SORPRESIVA O DESCUIDADA,0,O'HIGGINS,0, ,- O'HIGGINS,2741, , , , ,1,1,2,BIDIRECCIONAL,1,CONCRETO,1,BUENO,1,SECO,2,NUBLADO,0,1,0,0,1
-8129762.88960516,-4427249.86095624,1979,6313,1343346,-73.0309026,-36.9148877,94,CHIGUAYANTE,1,13918,2021,1343346,REGION BIO BIO,8103,CHIGUAYANTE,EF,MIGUEL GRAU,0,"EF & MIGUEL GRAU, CHIGUAYANTE",CHILE,GEOMETRIC_CENTER,19234,2021,1343346,1,2021/04/14 00:00:00+00,1899/12/30 00:00:00+00,8,REGION BIO BIO,8103,CHIGUAYANTE,33,COLISION POR ALCANCE,30,COLISION,1,URBANA,1,TRAMO DE VIA RECTA,14,OTRAS CAUSAS,98,OTRAS CAUSAS,0,EF,0,MIGUEL GRAU,EF - MIGUEL GRAU,0, , , , ,2,0,1,UNIDIRECCIONAL,1,CONCRETO,1,BUENO,1,SECO,1,DESPEJADO,0,0,0,0,2
-8129531.75694643,-4427245.58655305,1980,6314,1351439,-73.0288263,-36.914857,94,CHIGUAYANTE,1,19328,2021,1351439,REGION BIO BIO,8103,CHIGUAYANTE,O'HIGGINS,PORTALES,0,"O'HIGGINS & PORTALES, CHIGUAYANTE",CHILE,GEOMETRIC_CENTER,26592,2021,1351439,1,2021/05/22 00:00:00+00,1899/12/30 00:00:00+00,8,REGION BIO BIO,8103,CHIGUAYANTE,34,COLISION PERPENDICULAR,30,COLISION,1,URBANA,1,TRAMO DE VIA RECTA,1,IMPRUDENCIA DEL CONDUCTOR,27,CONDUCCION NO ATENTO CONDICIONES TRANSITO MOMENTO,0,O'HIGGINS,0,PORTALES,O'HIGGINS - PORTALES,0, , , , ,1,1,2,BIDIRECCIONAL,1,CONCRETO,1,BUENO,1,SECO,1,DESPEJADO,0,1,0,1,0
-8129535.14105895,-4427237.0238287,1981,6315,1395503,-73.0288567,-36.9147955,94,CHIGUAYANTE,1,49796,2021,1395503,REGION BIO BIO,8103,CHIGUAYANTE,O'HIGGINS, ,2680,"O'HIGGINS 2680, CHIGUAYANTE",CHILE,RANGE_INTERPOLATED,67817,2021,1395503,1,2021/11/12 00:00:00+00,1899/12/30 00:00:00+00,8,REGION BIO BIO,8103,CHIGUAYANTE,34,COLISION PERPENDICULAR,30,COLISION,1,URBANA,26,OTROS NO CONSIDERADOS,1,IMPRUDENCIA DEL CONDUCTOR,27,CONDUCCION NO ATENTO CONDICIONES TRANSITO MOMENTO,0,O'HIGGINS,0, ,- O'HIGGINS,2680, , , , ,1,1,2,BIDIRECCIONAL,1,CONCRETO,1,BUENO,1,SECO,1,DESPEJADO,0,0,0,0,2
-8129515.20373814,-4427208.42577174,1982,6316,1397157,-73.0286776,-36.9145901,94,CHIGUAYANTE,1,51352,2021,1397157,REGION BIO BIO,8103,CHIGUAYANTE,O'HIGGINS,PASAJE SIETE,0,"O'HIGGINS & PASAJE SIETE, CHIGUAYANTE",CHILE,GEOMETRIC_CENTER,69853,2021,1397157,1,2021/11/19 00:00:00+00,1899/12/30 00:00:00+00,8,REGION BIO BIO,8103,CHIGUAYANTE,33,COLISION POR ALCANCE,30,COLISION,1,URBANA,1,TRAMO DE VIA RECTA,1,IMPRUDENCIA DEL CONDUCTOR,27,CONDUCCION NO ATENTO CONDICIONES TRANSITO MOMENTO,0,O'HIGGINS,0,PASAJE SIETE,O'HIGGINS - PASAJE SIETE,0, , , , ,1,1,2,BIDIRECCIONAL,1,CONCRETO,1,BUENO,1,SECO,1,DESPEJADO,0,0,0,1,3
-8129551.9836979,-4427160.46084911,1983,6317,1369961,-73.029008,-36.9142456,94,CHIGUAYANTE,1,31921,2021,1369961,REGION BIO BIO,8103,CHIGUAYANTE,O'HIGGINS,SANTA ELISA,0,"O'HIGGINS & SANTA ELISA, CHIGUAYANTE",CHILE,GEOMETRIC_CENTER,44054,2021,1369961,1,2021/08/07 00:00:00+00,1899/12/30 00:00:00+00,8,REGION BIO BIO,8103,CHIGUAYANTE,51,CHOQUE FRONTAL,40,CHOQUE,1,URBANA,1,TRAMO DE VIA RECTA,13,CAUSAS NO DETERMINADAS,97,CAUSAS NO DETERMINADAS,0,O'HIGGINS,0,SANTA ELISA,O'HIGGINS - SANTA ELISA,0, , , , ,1,1,2,BIDIRECCIONAL,1,CONCRETO,1,BUENO,1,SECO,1,DESPEJADO,0,0,0,0,1
-8129567.47937102,-4427100.6894795,1984,6318,1405347,-73.0291472,-36.9138163,94,CHIGUAYANTE,1,56267,2021,1405347,REGION BIO BIO,8103,CHIGUAYANTE,O'HIGGINS,ANGAMOS,0,"O'HIGGINS & ANGAMOS, CHIGUAYANTE",CHILE,GEOMETRIC_CENTER,76472,2021,1405347,1,2021/12/15 00:00:00+00,1899/12/30 00:00:00+00,8,REGION BIO BIO,8103,CHIGUAYANTE,34,COLISION PERPENDICULAR,30,COLISION,1,URBANA,15,CRUCE CON SEÑAL CEDA EL PASO,10,DESOBEDIENCIA A SEÑALIZACION,64,SEÑALIZACION DESOBEDECER SEÑAL CEDA EL PASO,0,O'HIGGINS,0,ANGAMOS,ANGAMOS - O'HIGGINS,0, , , , ,1,1,2,BIDIRECCIONAL,1,CONCRETO,1,BUENO,1,SECO,1,DESPEJADO,0,0,0,0,2
-8129740.30288048,-4426987.32946918,1985,6319,1342274,-73.0306997,-36.9130021,94,CHIGUAYANTE,1,12963,2021,1342274,REGION BIO BIO,8103,CHIGUAYANTE,LAS ARAUCARIAS,OCHO ORIENTE,0,"LAS ARAUCARIAS & OCHO ORIENTE, CHIGUAYANTE",CHILE,GEOMETRIC_CENTER,17906,2021,1342274,1,2021/04/06 00:00:00+00,1899/12/30 00:00:00+00,8,REGION BIO BIO,8103,CHIGUAYANTE,33,COLISION POR ALCANCE,30,COLISION,1,URBANA,11,CRUCE CON SEMAFORO FUNCIONANDO,14,OTRAS CAUSAS,98,OTRAS CAUSAS,0,LAS ARAUCARIAS,0,OCHO ORIENTE,LAS ARAUCARIAS - OCHO ORIENTE,0, , , , ,1,1,2,BIDIRECCIONAL,1,CONCRETO,1,BUENO,2,HUMEDO,3,LLUVIA,0,0,0,0,2