X,Y,FID,FID_1,LABELID,POINT_X,POINT_Y,FID_2,COMUNAREAL,VAL_COM,OBJECTID,A_O,IDACCIDENT,REGION,COD_COMUN,COMUNA,CALLE_UNO,CALLE_DOS,NUMERO,DIR_GEOCOD,PAIS,TIPO,OBJECTID_1,Año,Idaccide_1,Claseaccid,Fecha,Hora,Cód_Regi,Región,Cód_Comun,Comuna_1,Cód_Tipo_,Tipo_Accid,Cód_Tipo1,Tipo__CONA,Cód_Zona,Zona,Cód_Ubica,Ubicación,Cód_Causa,Causa__CON,Cód_Cau_1,Causa,Cód_Calle,Calle_Un_1,Cód_Cal_1,Calle_Do_1,Intersecci,Número,Ruta,Cód_Ruta,Ubicaci_1,Km_Vía_Fe,Pistas_de_,Pistas_de1,Cód_Calza,Calzada,Cód__Tipo,Tipo_Calza,Cód_Estad,Estado_Cal,Cód_Condi,Condición,Cód_Est_1,Estado_Atm,Fallecidos,Graves,Menos_Grav,Leves,Ilesos
-8129740.30288048,-4426987.32946918,1986,6320,1395220,-73.0306997,-36.9130021,94,CHIGUAYANTE,1,50034,2021,1395220,REGION BIO BIO,8103,CHIGUAYANTE,OCHO ORIENTE,LAS ARAUCARIAS,0,"OCHO ORIENTE & LAS ARAUCARIAS, CHIGUAYANTE",CHILE,GEOMETRIC_CENTER,68137,2021,1395220,1,2021/11/13 00:00:00+00,1899/12/30 00:00:00+00,8,REGION BIO BIO,8103,CHIGUAYANTE,34,COLISION PERPENDICULAR,30,COLISION,1,URBANA,11,CRUCE CON SEMAFORO FUNCIONANDO,14,OTRAS CAUSAS,98,OTRAS CAUSAS,0,OCHO ORIENTE,0,LAS ARAUCARIAS,LAS ARAUCARIAS - OCHO ORIENTE,0, , , , ,2,2,3,BIDIRECCIONAL CON BANDEJON,1,CONCRETO,1,BUENO,1,SECO,1,DESPEJADO,0,1,0,1,1
-8129950.81916952,-4426965.31755146,1987,6321,1345305,-73.0325908,-36.912844,94,CHIGUAYANTE,1,15202,2021,1345305,REGION BIO BIO,8103,CHIGUAYANTE,LAS DELICIAS,CENTRAL,0,"LAS DELICIAS & CENTRAL, CHIGUAYANTE",CHILE,GEOMETRIC_CENTER,20952,2021,1345305,1,2021/04/23 00:00:00+00,1899/12/30 00:00:00+00,8,REGION BIO BIO,8103,CHIGUAYANTE,31,COLISION FRONTAL,30,COLISION,1,URBANA,16,CRUCE SIN SEÑALIZACION,13,CAUSAS NO DETERMINADAS,97,CAUSAS NO DETERMINADAS,0,LAS DELICIAS,0,CENTRAL,CENTRAL - LAS DELICIAS,0, , , , ,1,1,2,BIDIRECCIONAL,1,CONCRETO,1,BUENO,1,SECO,1,DESPEJADO,0,0,0,1,1
-8129592.35927721,-4426918.48146598,1988,6322,1342191,-73.0293707,-36.9125076,94,CHIGUAYANTE,1,12637,2021,1342191,REGION BIO BIO,8103,CHIGUAYANTE,O'HIGGINS,ARTURO PRAT,0,"O'HIGGINS & ARTURO PRAT, CHIGUAYANTE",CHILE,GEOMETRIC_CENTER,17466,2021,1342191,1,2021/04/02 00:00:00+00,1899/12/30 00:00:00+00,8,REGION BIO BIO,8103,CHIGUAYANTE,67,CHOQUE POSTERIOR/FRENTE,40,CHOQUE,1,URBANA,1,TRAMO DE VIA RECTA,14,OTRAS CAUSAS,98,OTRAS CAUSAS,0,O'HIGGINS,0,ARTURO PRAT,ARTURO PRAT - O'HIGGINS,0, , , , ,1,1,2,BIDIRECCIONAL,1,CONCRETO,1,BUENO,1,SECO,1,DESPEJADO,0,0,0,0,2
-8129592.35927721,-4426918.48146598,1989,6323,1405325,-73.0293707,-36.9125076,94,CHIGUAYANTE,1,56106,2021,1405325,REGION BIO BIO,8103,CHIGUAYANTE,O'HIGGINS,ARTURO PRAT,0,"O'HIGGINS & ARTURO PRAT, CHIGUAYANTE",CHILE,GEOMETRIC_CENTER,76273,2021,1405325,1,2021/12/14 00:00:00+00,1899/12/30 00:00:00+00,8,REGION BIO BIO,8103,CHIGUAYANTE,63,CHOQUE FRENTE/POSTERIOR,40,CHOQUE,1,URBANA,11,CRUCE CON SEMAFORO FUNCIONANDO,1,IMPRUDENCIA DEL CONDUCTOR,27,CONDUCCION NO ATENTO CONDICIONES TRANSITO MOMENTO,0,O'HIGGINS,0,ARTURO PRAT,ARTURO PRAT - O'HIGGINS,0, , , , ,1,1,2,BIDIRECCIONAL,1,CONCRETO,1,BUENO,1,SECO,1,DESPEJADO,0,0,0,0,2
-8129608.34475609,-4426894.08891349,1990,6324,1365861,-73.0295143,-36.9123324,94,CHIGUAYANTE,1,27665,2021,1365861,REGION BIO BIO,8103,CHIGUAYANTE,O'HIGGINS, ,2334,"O'HIGGINS 2334, CHIGUAYANTE",CHILE,RANGE_INTERPOLATED,38176,2021,1365861,1,2021/07/13 00:00:00+00,1899/12/30 00:00:00+00,8,REGION BIO BIO,8103,CHIGUAYANTE,34,COLISION PERPENDICULAR,30,COLISION,1,URBANA,1,TRAMO DE VIA RECTA,1,IMPRUDENCIA DEL CONDUCTOR,27,CONDUCCION NO ATENTO CONDICIONES TRANSITO MOMENTO,0,O'HIGGINS,0, ,- O'HIGGINS,2334, , , , ,1,1,2,BIDIRECCIONAL,1,CONCRETO,1,BUENO,1,SECO,1,DESPEJADO,0,0,0,1,1
-8129558.52928396,-4426884.39873695,1991,6325,1394100,-73.0290668,-36.9122628,94,CHIGUAYANTE,1,48822,2021,1394100,REGION BIO BIO,8103,CHIGUAYANTE,O'HIGGINS, ,2363,"O'HIGGINS 2363, CHIGUAYANTE",CHILE,RANGE_INTERPOLATED,66555,2021,1394100,1,2021/11/07 00:00:00+00,1899/12/30 00:00:00+00,8,REGION BIO BIO,8103,CHIGUAYANTE,51,CHOQUE FRONTAL,40,CHOQUE,1,URBANA,1,TRAMO DE VIA RECTA,14,OTRAS CAUSAS,98,OTRAS CAUSAS,0,O'HIGGINS,0, ,- O'HIGGINS,2363, , , , ,1,1,2,BIDIRECCIONAL,2,ASFALTO,1,BUENO,1,SECO,1,DESPEJADO,0,0,0,1,0
-8129867.06238464,-4426695.05223417,1992,6326,1397937,-73.0318384,-36.9109028,94,CHIGUAYANTE,1,48947,2021,1397937,REGION BIO BIO,8103,CHIGUAYANTE,OCHO ORIENTE,BILBAO,0,"OCHO ORIENTE & BILBAO, CHIGUAYANTE",CHILE,GEOMETRIC_CENTER,66741,2021,1397937,1,2021/11/08 00:00:00+00,1899/12/30 00:00:00+00,8,REGION BIO BIO,8103,CHIGUAYANTE,32,COLISION LATERAL,30,COLISION,1,URBANA,1,TRAMO DE VIA RECTA,1,IMPRUDENCIA DEL CONDUCTOR,32,NO RESPETAR DERECHO PREFERENTE DE PASO A VEHICULO,0,OCHO ORIENTE,0,BILBAO,BILBAO - OCHO ORIENTE,0, , , , ,2,2,3,BIDIRECCIONAL CON BANDEJON,1,CONCRETO,1,BUENO,1,SECO,1,DESPEJADO,0,0,0,0,2
-8129867.06238464,-4426695.05223417,1993,6327,1394158,-73.0318384,-36.9109028,94,CHIGUAYANTE,1,48951,2021,1394158,REGION BIO BIO,8103,CHIGUAYANTE,OCHO ORIENTE,BILBAO,0,"OCHO ORIENTE & BILBAO, CHIGUAYANTE",CHILE,GEOMETRIC_CENTER,66747,2021,1394158,1,2021/11/08 00:00:00+00,1899/12/30 00:00:00+00,8,REGION BIO BIO,8103,CHIGUAYANTE,63,CHOQUE FRENTE/POSTERIOR,40,CHOQUE,1,URBANA,26,OTROS NO CONSIDERADOS,13,CAUSAS NO DETERMINADAS,97,CAUSAS NO DETERMINADAS,0,OCHO ORIENTE,0,BILBAO,BILBAO - OCHO ORIENTE,0, , , , ,2,2,3,BIDIRECCIONAL CON BANDEJON,1,CONCRETO,1,BUENO,1,SECO,1,DESPEJADO,0,0,0,0,2
-8129806.72722063,-4426679.33384169,1994,6328,1363760,-73.0312964,-36.9107899,94,CHIGUAYANTE,1,26500,2021,1363760,REGION BIO BIO,8103,CHIGUAYANTE,OBISPO SAN MIGUEL,PEDRO AGUIRRE CERDA,0,"OBISPO SAN MIGUEL & PEDRO AGUIRRE CERDA, CHIGUAYANTE",CHILE,GEOMETRIC_CENTER,36553,2021,1363760,1,2021/07/07 00:00:00+00,1899/12/30 00:00:00+00,8,REGION BIO BIO,8103,CHIGUAYANTE,32,COLISION LATERAL,30,COLISION,1,URBANA,1,TRAMO DE VIA RECTA,1,IMPRUDENCIA DEL CONDUCTOR,27,CONDUCCION NO ATENTO CONDICIONES TRANSITO MOMENTO,0,OBISPO SAN MIGUEL,0,PEDRO AGUIRRE CERDA,OBISPO SAN MIGUEL - PEDRO AGUIRRE CERDA,0, , , , ,1,1,2,BIDIRECCIONAL,1,CONCRETO,1,BUENO,2,HUMEDO,2,NUBLADO,0,0,0,1,1
-8129604.39291417,-4426647.54906775,1995,6329,1353264,-73.0294788,-36.9105616,94,CHIGUAYANTE,1,17512,2021,1353264,REGION BIO BIO,8103,CHIGUAYANTE,O'HIGGINS, ,2160,"O'HIGGINS 2160, CHIGUAYANTE",CHILE,RANGE_INTERPOLATED,24126,2021,1353264,1,2021/05/11 00:00:00+00,1899/12/30 00:00:00+00,8,REGION BIO BIO,8103,CHIGUAYANTE,10,ATROPELLO,10,ATROPELLO,1,URBANA,1,TRAMO DE VIA RECTA,13,CAUSAS NO DETERMINADAS,97,CAUSAS NO DETERMINADAS,0,O'HIGGINS,0, ,- O'HIGGINS,2160, , , , ,1,1,2,BIDIRECCIONAL,1,CONCRETO,1,BUENO,2,HUMEDO,1,DESPEJADO,0,0,1,0,1
-8129179.16359129,-4426609.26267266,1996,6330,1358176,-73.0256589,-36.9102866,94,CHIGUAYANTE,1,24232,2021,1358176,REGION BIO BIO,8103,CHIGUAYANTE,PASAJE DOS, ,404,"PASAJE DOS 404, CHIGUAYANTE",CHILE,RANGE_INTERPOLATED,33397,2021,1358176,1,2021/06/23 00:00:00+00,1899/12/30 00:00:00+00,8,REGION BIO BIO,8103,CHIGUAYANTE,51,CHOQUE FRONTAL,40,CHOQUE,1,URBANA,1,TRAMO DE VIA RECTA,13,CAUSAS NO DETERMINADAS,97,CAUSAS NO DETERMINADAS,0,PASAJE DOS,0, ,- PASAJE DOS,404, , , , ,1,1,2,BIDIRECCIONAL,1,CONCRETO,1,BUENO,3,MOJADO,3,LLUVIA,0,0,0,0,1
-8129614.51185588,-4426544.06474005,1997,6331,1351923,-73.0295697,-36.9098183,94,CHIGUAYANTE,1,19949,2021,1351923,REGION BIO BIO,8103,CHIGUAYANTE,O'HIGGINS,B,0,"O'HIGGINS & B, CHIGUAYANTE",CHILE,GEOMETRIC_CENTER,27460,2021,1351923,1,2021/05/26 00:00:00+00,1899/12/30 00:00:00+00,8,REGION BIO BIO,8103,CHIGUAYANTE,34,COLISION PERPENDICULAR,30,COLISION,1,URBANA,1,TRAMO DE VIA RECTA,13,CAUSAS NO DETERMINADAS,97,CAUSAS NO DETERMINADAS,0,O'HIGGINS,0,B,B - O'HIGGINS,0, , , , ,1,1,2,BIDIRECCIONAL,1,CONCRETO,2,REGULAR,3,MOJADO,5,NEBLINA,0,0,0,1,1
-8129633.89257923,-4426280.5065596,1998,6332,1373261,-73.0297438,-36.9079252,94,CHIGUAYANTE,0,34117,2021,1373261,REGION BIO BIO,8202,ARAUCO,O'HIGGINS,LORD COCHRANE,0,"O'HIGGINS & LORD COCHRANE, ARAUCO",CHILE,GEOMETRIC_CENTER,47038,2021,1373261,1,2021/08/19 00:00:00+00,1899/12/30 00:00:00+00,8,REGION BIO BIO,8202,ARAUCO,52,CHOQUE LATERAL,40,CHOQUE,1,URBANA,14,CRUCE CON SEÑAL PARE,10,DESOBEDIENCIA A SEÑALIZACION,65,SEÑALIZACION DESOBEDECER SEÑAL PARE,0,O'HIGGINS,0,LORD COCHRANE,LORD COCHRANE - O'HIGGINS,0, , , , ,2,0,1,UNIDIRECCIONAL,1,CONCRETO,1,BUENO,1,SECO,1,DESPEJADO,0,0,0,0,2
-8129837.74083077,-4426251.84146912,1999,6333,1381190,-73.031575,-36.9077193,94,CHIGUAYANTE,1,37824,2021,1381190,REGION BIO BIO,8103,CHIGUAYANTE,OCHO ORIENTE,CALLE TRES,0,"OCHO ORIENTE & CALLE TRES, CHIGUAYANTE",CHILE,GEOMETRIC_CENTER,51974,2021,1381190,1,2021/09/08 00:00:00+00,1899/12/30 00:00:00+00,8,REGION BIO BIO,8103,CHIGUAYANTE,33,COLISION POR ALCANCE,30,COLISION,1,URBANA,1,TRAMO DE VIA RECTA,14,OTRAS CAUSAS,98,OTRAS CAUSAS,0,OCHO ORIENTE,0,CALLE TRES,CALLE TRES - OCHO ORIENTE,0, , , , ,2,2,3,BIDIRECCIONAL CON BANDEJON,1,CONCRETO,1,BUENO,1,SECO,1,DESPEJADO,0,0,0,0,2
-8129846.36809131,-4426160.62601845,2000,6334,1400557,-73.0316525,-36.9070641,94,CHIGUAYANTE,1,53103,2021,1400557,REGION BIO BIO,8103,CHIGUAYANTE,OCHO ORIENTE,CALLE DOS,0,"OCHO ORIENTE & CALLE DOS, CHIGUAYANTE",CHILE,GEOMETRIC_CENTER,72205,2021,1400557,1,2021/11/29 00:00:00+00,1899/12/30 00:00:00+00,8,REGION BIO BIO,8103,CHIGUAYANTE,40,IMPACTO CON ANIMAL,99,OTRO TIPO,1,URBANA,1,TRAMO DE VIA RECTA,1,IMPRUDENCIA DEL CONDUCTOR,27,CONDUCCION NO ATENTO CONDICIONES TRANSITO MOMENTO,0,OCHO ORIENTE,0,CALLE DOS,CALLE DOS - OCHO ORIENTE,0, , , , ,2,2,3,BIDIRECCIONAL CON BANDEJON,1,CONCRETO,1,BUENO,1,SECO,1,DESPEJADO,0,0,0,0,1
-8163923.91362701,-4505981.39971278,2001,11264,1366965,-73.3377763,-37.4782601,65,CURANILAHUE,0,28919,2021,1366965,REGION BIO BIO,8203,CANETE,SARGENTO ALDEA,SERRANO,0,"SARGENTO ALDEA & SERRANO, CA??ªETE",CHILE,GEOMETRIC_CENTER,39968,2021,1366965,1,2021/07/21 00:00:00+00,1899/12/30 00:00:00+00,8,REGION BIO BIO,8203,CAÑETE,34,COLISION PERPENDICULAR,30,COLISION,1,URBANA,16,CRUCE SIN SEÑALIZACION,1,IMPRUDENCIA DEL CONDUCTOR,27,CONDUCCION NO ATENTO CONDICIONES TRANSITO MOMENTO,0,SARGENTO ALDEA,0,SERRANO,SARGENTO ALDEA - SERRANO,0, , , , ,2,0,1,UNIDIRECCIONAL,2,ASFALTO,2,REGULAR,2,HUMEDO,2,NUBLADO,0,0,0,0,2
-8165488.05266019,-4505946.10675412,2002,11265,1335158,-73.3518272,-37.4780085,65,CURANILAHUE,1,6370,2021,1335158,REGION BIO BIO,8205,CURANILAHUE,LIBERTAD, ,10,"LIBERTAD 10, CURANILAHUE",CHILE,RANGE_INTERPOLATED,8901,2021,1335158,1,2021/02/16 00:00:00+00,1899/12/30 00:00:00+00,8,REGION BIO BIO,8205,CURANILAHUE,53,CHOQUE POSTERIOR,40,CHOQUE,1,URBANA,1,TRAMO DE VIA RECTA,1,IMPRUDENCIA DEL CONDUCTOR,27,CONDUCCION NO ATENTO CONDICIONES TRANSITO MOMENTO,0,LIBERTAD,0, ,- LIBERTAD,10, , , , ,1,0,1,UNIDIRECCIONAL,1,CONCRETO,1,BUENO,1,SECO,1,DESPEJADO,0,0,0,0,2
-8164523.22436959,-4505939.49985813,2003,11266,1370170,-73.34316,-37.4779614,65,CURANILAHUE,1,31099,2021,1370170,REGION BIO BIO,8205,CURANILAHUE,ARTURO PRAT,CAUPOLICAN,0,"ARTURO PRAT & CAUPOLICAN, CURANILAHUE",CHILE,GEOMETRIC_CENTER,42974,2021,1370170,1,2021/08/02 00:00:00+00,1899/12/30 00:00:00+00,8,REGION BIO BIO,8205,CURANILAHUE,64,CHOQUE LADO/FRENTE,40,CHOQUE,1,URBANA,11,CRUCE CON SEMAFORO FUNCIONANDO,1,IMPRUDENCIA DEL CONDUCTOR,27,CONDUCCION NO ATENTO CONDICIONES TRANSITO MOMENTO,0,ARTURO PRAT,0,CAUPOLICAN,ARTURO PRAT - CAUPOLICAN,0, , , , ,2,2,3,BIDIRECCIONAL CON BANDEJON,1,CONCRETO,1,BUENO,1,SECO,1,DESPEJADO,0,0,0,0,2
-8164523.22436959,-4505939.49985813,2004,11267,1391367,-73.34316,-37.4779614,65,CURANILAHUE,1,47414,2021,1391367,REGION BIO BIO,8205,CURANILAHUE,ARTURO PRAT,CAUPOLICAN,0,"ARTURO PRAT & CAUPOLICAN, CURANILAHUE",CHILE,GEOMETRIC_CENTER,64678,2021,1391367,1,2021/10/30 00:00:00+00,1899/12/30 00:00:00+00,8,REGION BIO BIO,8205,CURANILAHUE,63,CHOQUE FRENTE/POSTERIOR,40,CHOQUE,1,URBANA,11,CRUCE CON SEMAFORO FUNCIONANDO,1,IMPRUDENCIA DEL CONDUCTOR,27,CONDUCCION NO ATENTO CONDICIONES TRANSITO MOMENTO,0,ARTURO PRAT,0,CAUPOLICAN,ARTURO PRAT - CAUPOLICAN,0, , , , ,1,1,2,BIDIRECCIONAL,1,CONCRETO,1,BUENO,1,SECO,1,DESPEJADO,0,0,0,0,2
-8164523.22436959,-4505939.49985813,2005,11268,1395721,-73.34316,-37.4779614,65,CURANILAHUE,1,48677,2021,1395721,REGION BIO BIO,8205,CURANILAHUE,ARTURO PRAT,CAUPOLICAN,0,"ARTURO PRAT & CAUPOLICAN, CURANILAHUE",CHILE,GEOMETRIC_CENTER,66358,2021,1395721,1,2021/11/06 00:00:00+00,1899/12/30 00:00:00+00,8,REGION BIO BIO,8205,CURANILAHUE,63,CHOQUE FRENTE/POSTERIOR,40,CHOQUE,1,URBANA,11,CRUCE CON SEMAFORO FUNCIONANDO,1,IMPRUDENCIA DEL CONDUCTOR,27,CONDUCCION NO ATENTO CONDICIONES TRANSITO MOMENTO,0,ARTURO PRAT,0,CAUPOLICAN,ARTURO PRAT - CAUPOLICAN,0, , , , ,2,2,3,BIDIRECCIONAL CON BANDEJON,1,CONCRETO,1,BUENO,1,SECO,1,DESPEJADO,0,0,0,0,2
-8163115.50035292,-4505938.53196926,2006,11269,1403719,-73.3305142,-37.4779545,65,CURANILAHUE,1,55961,2021,1403719,REGION BIO BIO,8205,CURANILAHUE,JULIO MONTT SALAMANCA,ALAMEDA,0,"JULIO MONTT SALAMANCA & ALAMEDA, CURANILAHUE",CHILE,GEOMETRIC_CENTER,76081,2021,1403719,1,2021/12/13 00:00:00+00,1899/12/30 00:00:00+00,8,REGION BIO BIO,8205,CURANILAHUE,10,ATROPELLO,10,ATROPELLO,1,URBANA,16,CRUCE SIN SEÑALIZACION,1,IMPRUDENCIA DEL CONDUCTOR,27,CONDUCCION NO ATENTO CONDICIONES TRANSITO MOMENTO,0,JULIO MONTT SALAMANCA,0,ALAMEDA,ALAMEDA - JULIO MONTT SALAMANCA,0, , , , ,1,1,2,BIDIRECCIONAL,4,MIXTO,1,BUENO,1,SECO,1,DESPEJADO,0,0,0,1,1
-8164894.2744963,-4505831.15296897,2007,11270,1371143,-73.3464932,-37.477189,65,CURANILAHUE,1,32198,2021,1371143,REGION BIO BIO,8205,CURANILAHUE,ERNESTO RIQUELME,SARGENTO ALDEA,0,"ERNESTO RIQUELME & SARGENTO ALDEA, CURANILAHUE",CHILE,GEOMETRIC_CENTER,44427,2021,1371143,1,2021/08/08 00:00:00+00,1899/12/30 00:00:00+00,8,REGION BIO BIO,8205,CURANILAHUE,30,COLISION,30,COLISION,1,URBANA,16,CRUCE SIN SEÑALIZACION,1,IMPRUDENCIA DEL CONDUCTOR,23,CONDUCCION CONTRA SENTIDO DEL TRANSITO,0,ERNESTO RIQUELME,0,SARGENTO ALDEA,ERNESTO RIQUELME - SARGENTO ALDEA,0, , , , ,1,1,2,BIDIRECCIONAL,1,CONCRETO,1,BUENO,1,SECO,1,DESPEJADO,0,0,0,1,2
-8164684.82687438,-4505830.85839713,2008,11271,1382275,-73.3446117,-37.4771869,65,CURANILAHUE,1,40483,2021,1382275,REGION BIO BIO,8205,CURANILAHUE,ARTURO PRAT,COLO COLO,0,"ARTURO PRAT & COLO COLO, CURANILAHUE",CHILE,GEOMETRIC_CENTER,55563,2021,1382275,1,2021/09/23 00:00:00+00,1899/12/30 00:00:00+00,8,REGION BIO BIO,8205,CURANILAHUE,53,CHOQUE POSTERIOR,40,CHOQUE,1,URBANA,11,CRUCE CON SEMAFORO FUNCIONANDO,13,CAUSAS NO DETERMINADAS,97,CAUSAS NO DETERMINADAS,0,ARTURO PRAT,0,COLO COLO,ARTURO PRAT - COLO COLO,0, , , , ,1,1,2,BIDIRECCIONAL,1,CONCRETO,1,BUENO,1,SECO,1,DESPEJADO,0,0,0,0,2
-8163997.56260212,-4505799.83020981,2009,11272,1352276,-73.3384379,-37.4769657,65,CURANILAHUE,1,19484,2021,1352276,REGION BIO BIO,8205,CURANILAHUE,ALAMEDA, ,216,"ALAMEDA 216, CURANILAHUE",CHILE,RANGE_INTERPOLATED,26816,2021,1352276,1,2021/05/23 00:00:00+00,1899/12/30 00:00:00+00,8,REGION BIO BIO,8205,CURANILAHUE,30,COLISION,30,COLISION,1,URBANA,1,TRAMO DE VIA RECTA,13,CAUSAS NO DETERMINADAS,97,CAUSAS NO DETERMINADAS,0,ALAMEDA,0, ,- ALAMEDA,216, , , , ,1,1,2,BIDIRECCIONAL,2,ASFALTO,1,BUENO,2,HUMEDO,4,LLOVIZNA,0,0,1,2,1
-8165160.31694735,-4505783.39035755,2010,11273,1359143,-73.3488831,-37.4768485,65,CURANILAHUE,1,24776,2021,1359143,REGION BIO BIO,8205,CURANILAHUE,ARTURO PRAT,EUGENIO MATTE,0,"ARTURO PRAT & EUGENIO MATTE, CURANILAHUE",CHILE,GEOMETRIC_CENTER,34150,2021,1359143,1,2021/06/25 00:00:00+00,1899/12/30 00:00:00+00,8,REGION BIO BIO,8205,CURANILAHUE,32,COLISION LATERAL,30,COLISION,1,URBANA,15,CRUCE CON SEÑAL CEDA EL PASO,13,CAUSAS NO DETERMINADAS,97,CAUSAS NO DETERMINADAS,0,ARTURO PRAT,0,EUGENIO MATTE,ARTURO PRAT - EUGENIO MATTE,0, , , , ,2,2,3,BIDIRECCIONAL CON BANDEJON,1,CONCRETO,2,REGULAR,1,SECO,1,DESPEJADO,0,0,0,0,2
-8164945.55938571,-4505773.01025933,2011,11274,1397486,-73.3469539,-37.4767745,65,CURANILAHUE,1,51821,2021,1397486,REGION BIO BIO,8205,CURANILAHUE,SARGENTO ALDEA, ,1202,"SARGENTO ALDEA 1202, CURANILAHUE",CHILE,RANGE_INTERPOLATED,70481,2021,1397486,1,2021/11/22 00:00:00+00,1899/12/30 00:00:00+00,8,REGION BIO BIO,8205,CURANILAHUE,52,CHOQUE LATERAL,40,CHOQUE,1,URBANA,1,TRAMO DE VIA RECTA,9,PERDIDA CONTROL VEHICULO,95,PERDIDA CONTROL VEHICULO,0,SARGENTO ALDEA,0, ,- SARGENTO ALDEA,1202, , , , ,1,1,2,BIDIRECCIONAL,1,CONCRETO,1,BUENO,1,SECO,1,DESPEJADO,0,0,0,1,1
-8165089.43982756,-4505752.58674474,2012,11275,1380712,-73.3482464,-37.4766289,65,CURANILAHUE,1,39452,2021,1380712,REGION BIO BIO,8205,CURANILAHUE,ARTURO PRAT, ,1325,"ARTURO PRAT 1325, CURANILAHUE",CHILE,RANGE_INTERPOLATED,54177,2021,1380712,1,2021/09/17 00:00:00+00,1899/12/30 00:00:00+00,8,REGION BIO BIO,8205,CURANILAHUE,32,COLISION LATERAL,30,COLISION,1,URBANA,1,TRAMO DE VIA RECTA,1,IMPRUDENCIA DEL CONDUCTOR,27,CONDUCCION NO ATENTO CONDICIONES TRANSITO MOMENTO,0,ARTURO PRAT,0, ,- ARTURO PRAT,1325, , , , ,2,2,2,BIDIRECCIONAL,1,CONCRETO,1,BUENO,1,SECO,1,DESPEJADO,0,0,0,0,2
-8164838.7260704,-4505744.92793703,2013,11276,1346549,-73.3459942,-37.4765743,65,CURANILAHUE,1,14209,2021,1346549,REGION BIO BIO,8205,CURANILAHUE,SALVADOR ALLENDE,ARTURO PRAT,0,"SALVADOR ALLENDE & ARTURO PRAT, CURANILAHUE",CHILE,GEOMETRIC_CENTER,19604,2021,1346549,1,2021/04/16 00:00:00+00,1899/12/30 00:00:00+00,8,REGION BIO BIO,8205,CURANILAHUE,10,ATROPELLO,10,ATROPELLO,1,URBANA,11,CRUCE CON SEMAFORO FUNCIONANDO,1,IMPRUDENCIA DEL CONDUCTOR,27,CONDUCCION NO ATENTO CONDICIONES TRANSITO MOMENTO,0,SALVADOR ALLENDE,0,ARTURO PRAT,ARTURO PRAT - SALVADOR ALLENDE,0, , , , ,2,2,3,BIDIRECCIONAL CON BANDEJON,1,CONCRETO,2,REGULAR,1,SECO,1,DESPEJADO,0,0,1,0,1
-8164838.7260704,-4505744.92793703,2014,11277,1346582,-73.3459942,-37.4765743,65,CURANILAHUE,1,15165,2021,1346582,REGION BIO BIO,8205,CURANILAHUE,ARTURO PRAT,SALVADOR ALLENDE,0,"ARTURO PRAT & SALVADOR ALLENDE, CURANILAHUE",CHILE,GEOMETRIC_CENTER,20901,2021,1346582,1,2021/04/23 00:00:00+00,1899/12/30 00:00:00+00,8,REGION BIO BIO,8205,CURANILAHUE,61,CHOQUE FRENTE/FRENTE,40,CHOQUE,1,URBANA,11,CRUCE CON SEMAFORO FUNCIONANDO,13,CAUSAS NO DETERMINADAS,97,CAUSAS NO DETERMINADAS,0,ARTURO PRAT,0,SALVADOR ALLENDE,ARTURO PRAT - SALVADOR ALLENDE,0, , , , ,2,2,2,BIDIRECCIONAL,1,CONCRETO,2,REGULAR,1,SECO,1,DESPEJADO,0,0,0,0,2
-8164926.05621092,-4505724.33615209,2015,11278,1325799,-73.3467787,-37.4764275,65,CURANILAHUE,1,657,2021,1325799,REGION BIO BIO,8205,CURANILAHUE,ALELIES,LAS ROSAS,0,"ALELIES & LAS ROSAS, CURANILAHUE",CHILE,GEOMETRIC_CENTER,909,2021,1325799,1,2021/01/05 00:00:00+00,1899/12/30 00:00:00+00,8,REGION BIO BIO,8205,CURANILAHUE,10,ATROPELLO,10,ATROPELLO,1,URBANA,1,TRAMO DE VIA RECTA,13,CAUSAS NO DETERMINADAS,97,CAUSAS NO DETERMINADAS,0,ALELIES,0,LAS ROSAS,ALELIES - LAS ROSAS,0, , , , ,1,1,2,BIDIRECCIONAL,2,ASFALTO,1,BUENO,1,SECO,1,DESPEJADO,0,0,0,1,1
-8164990.75509897,-4505707.29325441,2016,11279,1340068,-73.3473599,-37.476306,65,CURANILAHUE,1,11811,2021,1340068,REGION BIO BIO,8205,CURANILAHUE,ARTURO PRAT, ,1280,"ARTURO PRAT 1280, CURANILAHUE",CHILE,RANGE_INTERPOLATED,16342,2021,1340068,1,2021/03/25 00:00:00+00,1899/12/30 00:00:00+00,8,REGION BIO BIO,8205,CURANILAHUE,67,CHOQUE POSTERIOR/FRENTE,40,CHOQUE,1,URBANA,1,TRAMO DE VIA RECTA,1,IMPRUDENCIA DEL CONDUCTOR,27,CONDUCCION NO ATENTO CONDICIONES TRANSITO MOMENTO,0,ARTURO PRAT,0, ,- ARTURO PRAT,1280, , , , ,2,2,3,BIDIRECCIONAL CON BANDEJON,4,MIXTO,2,REGULAR,1,SECO,1,DESPEJADO,0,0,0,1,2
-8164406.00494579,-4505699.01728941,2017,11280,1393179,-73.342107,-37.476247,65,CURANILAHUE,1,48427,2021,1393179,REGION BIO BIO,8205,CURANILAHUE,LOS LEONES, ,770,"LOS LEONES 770, CURANILAHUE",CHILE,RANGE_INTERPOLATED,66027,2021,1393179,1,2021/11/05 00:00:00+00,1899/12/30 00:00:00+00,8,REGION BIO BIO,8205,CURANILAHUE,65,CHOQUE LADO/LADO,40,CHOQUE,1,URBANA,1,TRAMO DE VIA RECTA,14,OTRAS CAUSAS,98,OTRAS CAUSAS,0,LOS LEONES,0, ,- LOS LEONES,770, , , , ,2,0,1,UNIDIRECCIONAL,1,CONCRETO,1,BUENO,1,SECO,1,DESPEJADO,0,0,0,0,2