X,Y,FID,FID_1,LABELID,POINT_X,POINT_Y,FID_2,COMUNAREAL,VAL_COM,OBJECTID,A_O,IDACCIDENT,REGION,COD_COMUN,COMUNA,CALLE_UNO,CALLE_DOS,NUMERO,DIR_GEOCOD,PAIS,TIPO,OBJECTID_1,Año,Idaccide_1,Claseaccid,Fecha,Hora,Cód_Regi,Región,Cód_Comun,Comuna_1,Cód_Tipo_,Tipo_Accid,Cód_Tipo1,Tipo__CONA,Cód_Zona,Zona,Cód_Ubica,Ubicación,Cód_Causa,Causa__CON,Cód_Cau_1,Causa,Cód_Calle,Calle_Un_1,Cód_Cal_1,Calle_Do_1,Intersecci,Número,Ruta,Cód_Ruta,Ubicaci_1,Km_Vía_Fe,Pistas_de_,Pistas_de1,Cód_Calza,Calzada,Cód__Tipo,Tipo_Calza,Cód_Estad,Estado_Cal,Cód_Condi,Condición,Cód_Est_1,Estado_Atm,Fallecidos,Graves,Menos_Grav,Leves,Ilesos
-8164511.0460173,-4505665.45060341,2018,11281,1351071,-73.3430506,-37.4760077,65,CURANILAHUE,1,16573,2021,1351071,REGION BIO BIO,8205,CURANILAHUE,CAUPOLICAN, ,799,"CAUPOLICAN 799, CURANILAHUE",CHILE,RANGE_INTERPOLATED,22862,2021,1351071,1,2021/05/04 00:00:00+00,1899/12/30 00:00:00+00,8,REGION BIO BIO,8205,CURANILAHUE,10,ATROPELLO,10,ATROPELLO,1,URBANA,26,OTROS NO CONSIDERADOS,1,IMPRUDENCIA DEL CONDUCTOR,31,NO RESPETAR DERECHO PREFERENTE DE PASO A PEATON,0,CAUPOLICAN,0, ,- CAUPOLICAN,799, , , , ,2,0,1,UNIDIRECCIONAL,1,CONCRETO,2,REGULAR,1,SECO,1,DESPEJADO,0,0,0,1,1
-8164555.23985514,-4505658.82985731,2019,11282,1356829,-73.3434476,-37.4759605,65,CURANILAHUE,1,23012,2021,1356829,REGION BIO BIO,8205,CURANILAHUE,COLO COLO,BALMACEDA,0,"COLO COLO & BALMACEDA, CURANILAHUE",CHILE,GEOMETRIC_CENTER,31702,2021,1356829,1,2021/06/14 00:00:00+00,1899/12/30 00:00:00+00,8,REGION BIO BIO,8205,CURANILAHUE,66,CHOQUE LADO/POSTERIOR,40,CHOQUE,1,URBANA,16,CRUCE SIN SEÑALIZACION,13,CAUSAS NO DETERMINADAS,97,CAUSAS NO DETERMINADAS,0,COLO COLO,0,BALMACEDA,BALMACEDA - COLO COLO,0, , , , ,2,0,1,UNIDIRECCIONAL,1,CONCRETO,1,BUENO,1,SECO,1,DESPEJADO,0,0,0,0,2
-8165071.76229242,-4505626.89042691,2020,11283,1395448,-73.3480876,-37.4757328,65,CURANILAHUE,1,49923,2021,1395448,REGION BIO BIO,8205,CURANILAHUE,RAMON FREIRE, ,1353,"RAMON FREIRE 1353, CURANILAHUE",CHILE,RANGE_INTERPOLATED,67986,2021,1395448,1,2021/11/13 00:00:00+00,1899/12/30 00:00:00+00,8,REGION BIO BIO,8205,CURANILAHUE,62,CHOQUE FRENTE/LADO,40,CHOQUE,1,URBANA,4,ACERA O BERMA,14,OTRAS CAUSAS,99,HECHO DELICTUAL,0,RAMON FREIRE,0, ,- RAMON FREIRE,1353, , , , ,1,1,2,BIDIRECCIONAL,2,ASFALTO,1,BUENO,2,HUMEDO,2,NUBLADO,0,0,0,0,2
-8164521.06477147,-4505585.6933343,2021,11284,1331045,-73.3431406,-37.4754391,65,CURANILAHUE,1,5055,2021,1331045,REGION BIO BIO,8205,CURANILAHUE,CAUPOLICAN,GALVARINO,0,"CAUPOLICAN & GALVARINO, CURANILAHUE",CHILE,GEOMETRIC_CENTER,7062,2021,1331045,1,2021/02/06 00:00:00+00,1899/12/30 00:00:00+00,8,REGION BIO BIO,8205,CURANILAHUE,53,CHOQUE POSTERIOR,40,CHOQUE,1,URBANA,11,CRUCE CON SEMAFORO FUNCIONANDO,1,IMPRUDENCIA DEL CONDUCTOR,27,CONDUCCION NO ATENTO CONDICIONES TRANSITO MOMENTO,0,CAUPOLICAN,0,GALVARINO,CAUPOLICAN - GALVARINO,0, , , , ,1,1,2,BIDIRECCIONAL,1,CONCRETO,1,BUENO,1,SECO,2,NUBLADO,0,0,0,2,1
-8164625.79414841,-4505487.94030889,2022,11285,1358387,-73.3440814,-37.4747422,65,CURANILAHUE,1,23819,2021,1358387,REGION BIO BIO,8205,CURANILAHUE,ERNESTO RIQUELME, ,878,"ERNESTO RIQUELME 878, CURANILAHUE",CHILE,RANGE_INTERPOLATED,32824,2021,1358387,1,2021/06/19 00:00:00+00,1899/12/30 00:00:00+00,8,REGION BIO BIO,8205,CURANILAHUE,64,CHOQUE LADO/FRENTE,40,CHOQUE,1,URBANA,26,OTROS NO CONSIDERADOS,1,IMPRUDENCIA DEL CONDUCTOR,29,CONDUCCION CAMBIAR SORPRESIVAMENTE PISTA CIRCULACION,0,ERNESTO RIQUELME,0, ,- ERNESTO RIQUELME,878, , , , ,2,0,1,UNIDIRECCIONAL,1,CONCRETO,1,BUENO,1,SECO,1,DESPEJADO,0,0,0,0,2
-8164914.69049091,-4505432.89940254,2023,11286,1329510,-73.3466766,-37.4743498,65,CURANILAHUE,1,4025,2021,1329510,REGION BIO BIO,8205,CURANILAHUE,RAMON ZAMORA,SALVADOR ALLENDE,0,"RAMON ZAMORA & SALVADOR ALLENDE, CURANILAHUE",CHILE,GEOMETRIC_CENTER,5615,2021,1329510,1,2021/01/29 00:00:00+00,1899/12/30 00:00:00+00,8,REGION BIO BIO,8205,CURANILAHUE,53,CHOQUE POSTERIOR,40,CHOQUE,1,URBANA,11,CRUCE CON SEMAFORO FUNCIONANDO,1,IMPRUDENCIA DEL CONDUCTOR,27,CONDUCCION NO ATENTO CONDICIONES TRANSITO MOMENTO,0,RAMON ZAMORA,0,SALVADOR ALLENDE,RAMON ZAMORA - SALVADOR ALLENDE,0, , , , ,1,1,2,BIDIRECCIONAL,4,MIXTO,1,BUENO,1,SECO,1,DESPEJADO,0,0,0,0,3
-8164548.85011637,-4505329.25664541,2024,11287,1364624,-73.3433902,-37.4736109,65,CURANILAHUE,1,27814,2021,1364624,REGION BIO BIO,8205,CURANILAHUE,CAUPOLICAN,RAMON ZAMORA,0,"CAUPOLICAN & RAMON ZAMORA, CURANILAHUE",CHILE,GEOMETRIC_CENTER,38400,2021,1364624,1,2021/07/14 00:00:00+00,1899/12/30 00:00:00+00,8,REGION BIO BIO,8205,CURANILAHUE,67,CHOQUE POSTERIOR/FRENTE,40,CHOQUE,1,URBANA,11,CRUCE CON SEMAFORO FUNCIONANDO,1,IMPRUDENCIA DEL CONDUCTOR,93,CONDUCIR VEHICULO EN RETROCESO,0,CAUPOLICAN,0,RAMON ZAMORA,CAUPOLICAN - RAMON ZAMORA,0, , , , ,1,1,2,BIDIRECCIONAL,1,CONCRETO,1,BUENO,1,SECO,1,DESPEJADO,0,0,0,0,2
-8165064.92727569,-4505314.48668913,2025,11288,1329487,-73.3480262,-37.4735056,65,CURANILAHUE,1,3455,2021,1329487,REGION BIO BIO,8205,CURANILAHUE,BERNARDO O'HIGGINS, ,1900,"BERNARDO O'HIGGINS 1900, CURANILAHUE",CHILE,RANGE_INTERPOLATED,4758,2021,1329487,1,2021/01/25 00:00:00+00,1899/12/30 00:00:00+00,8,REGION BIO BIO,8205,CURANILAHUE,32,COLISION LATERAL,30,COLISION,1,URBANA,1,TRAMO DE VIA RECTA,9,PERDIDA CONTROL VEHICULO,95,PERDIDA CONTROL VEHICULO,0,BERNARDO O'HIGGINS,0, ,- BERNARDO O'HIGGINS,1900, , , , ,1,1,2,BIDIRECCIONAL,2,ASFALTO,2,REGULAR,1,SECO,1,DESPEJADO,0,0,0,1,4
-8165085.52138149,-4505311.61124897,2026,11289,1353530,-73.3482112,-37.4734851,65,CURANILAHUE,1,20466,2021,1353530,REGION BIO BIO,8205,CURANILAHUE,BERNARDO O'HIGGINS, ,111,"BERNARDO O'HIGGINS 111, CURANILAHUE",CHILE,RANGE_INTERPOLATED,28197,2021,1353530,1,2021/05/29 00:00:00+00,1899/12/30 00:00:00+00,8,REGION BIO BIO,8205,CURANILAHUE,31,COLISION FRONTAL,30,COLISION,1,URBANA,1,TRAMO DE VIA RECTA,4,ALCOHOL EN CONDUCTOR,24,CONDUCCION EN ESTADO DE EBRIEDAD,0,BERNARDO O'HIGGINS,0, ,- BERNARDO O'HIGGINS,111, , , , ,1,1,2,BIDIRECCIONAL,1,CONCRETO,1,BUENO,2,HUMEDO,4,LLOVIZNA,0,1,0,1,0
-8165085.52138149,-4505311.61124897,2027,11290,1359399,-73.3482112,-37.4734851,65,CURANILAHUE,1,24782,2021,1359399,REGION BIO BIO,8205,CURANILAHUE,BERNARDO O'HIGGINS, ,111,"BERNARDO O'HIGGINS 111, CURANILAHUE",CHILE,RANGE_INTERPOLATED,34156,2021,1359399,1,2021/06/25 00:00:00+00,1899/12/30 00:00:00+00,8,REGION BIO BIO,8205,CURANILAHUE,51,CHOQUE FRONTAL,40,CHOQUE,1,URBANA,1,TRAMO DE VIA RECTA,7,VELOCIDAD IMPRUDENTE,72,VELOCIDAD NO RAZONABLE NI PRUDENTE,0,BERNARDO O'HIGGINS,0, ,- BERNARDO O'HIGGINS,111, , , , ,1,1,2,BIDIRECCIONAL,1,CONCRETO,1,BUENO,2,HUMEDO,2,NUBLADO,0,0,0,0,1
-8165085.52138149,-4505311.61124897,2028,11291,1360414,-73.3482112,-37.4734851,65,CURANILAHUE,1,25968,2021,1360414,REGION BIO BIO,8205,CURANILAHUE,BERNARDO O'HIGGINS, ,111,"BERNARDO O'HIGGINS 111, CURANILAHUE",CHILE,RANGE_INTERPOLATED,35842,2021,1360414,1,2021/07/04 00:00:00+00,1899/12/30 00:00:00+00,8,REGION BIO BIO,8205,CURANILAHUE,50,CHOQUE,40,CHOQUE,1,URBANA,1,TRAMO DE VIA RECTA,4,ALCOHOL EN CONDUCTOR,24,CONDUCCION EN ESTADO DE EBRIEDAD,0,BERNARDO O'HIGGINS,0, ,- BERNARDO O'HIGGINS,111, , , , ,1,1,2,BIDIRECCIONAL,1,CONCRETO,1,BUENO,1,SECO,1,DESPEJADO,0,0,0,0,1
-8165085.52138149,-4505311.61124897,2029,11292,1385441,-73.3482112,-37.4734851,65,CURANILAHUE,1,42730,2021,1385441,REGION BIO BIO,8205,CURANILAHUE,BERNARDO O'HIGGINS, ,111,"BERNARDO O'HIGGINS 111, CURANILAHUE",CHILE,RANGE_INTERPOLATED,58503,2021,1385441,1,2021/10/06 00:00:00+00,1899/12/30 00:00:00+00,8,REGION BIO BIO,8205,CURANILAHUE,70,VOLCADURA,70,VOLCADURA,1,URBANA,1,TRAMO DE VIA RECTA,4,ALCOHOL EN CONDUCTOR,24,CONDUCCION EN ESTADO DE EBRIEDAD,0,BERNARDO O'HIGGINS,0, ,- BERNARDO O'HIGGINS,111, , , , ,1,1,2,BIDIRECCIONAL,1,CONCRETO,1,BUENO,1,SECO,1,DESPEJADO,0,0,0,1,0
-8165085.52138149,-4505311.61124897,2030,11293,1397355,-73.3482112,-37.4734851,65,CURANILAHUE,1,51064,2021,1397355,REGION BIO BIO,8205,CURANILAHUE,BERNARDO O'HIGGINS, ,111,"BERNARDO O'HIGGINS 111, CURANILAHUE",CHILE,RANGE_INTERPOLATED,69484,2021,1397355,1,2021/11/18 00:00:00+00,1899/12/30 00:00:00+00,8,REGION BIO BIO,8205,CURANILAHUE,52,CHOQUE LATERAL,40,CHOQUE,1,URBANA,4,ACERA O BERMA,13,CAUSAS NO DETERMINADAS,97,CAUSAS NO DETERMINADAS,0,BERNARDO O'HIGGINS,0, ,- BERNARDO O'HIGGINS,111, , , , ,1,1,2,BIDIRECCIONAL,2,ASFALTO,1,BUENO,1,SECO,1,DESPEJADO,0,0,0,0,2
-8164931.94501199,-4505299.14166638,2031,11294,1340485,-73.3468316,-37.4733962,65,CURANILAHUE,1,11902,2021,1340485,REGION BIO BIO,8205,CURANILAHUE,BERNARDO O'HIGGINS,SALVADOR ALLENDE,0,"BERNARDO O'HIGGINS & SALVADOR ALLENDE, CURANILAHUE",CHILE,GEOMETRIC_CENTER,16472,2021,1340485,1,2021/03/26 00:00:00+00,1899/12/30 00:00:00+00,8,REGION BIO BIO,8205,CURANILAHUE,33,COLISION POR ALCANCE,30,COLISION,1,URBANA,11,CRUCE CON SEMAFORO FUNCIONANDO,13,CAUSAS NO DETERMINADAS,97,CAUSAS NO DETERMINADAS,0,BERNARDO O'HIGGINS,0,SALVADOR ALLENDE,BERNARDO O'HIGGINS - SALVADOR ALLENDE,0, , , , ,2,0,2,BIDIRECCIONAL,1,CONCRETO,1,BUENO,1,SECO,1,DESPEJADO,0,0,0,0,2
-8164931.94501199,-4505299.14166638,2032,11295,1402824,-73.3468316,-37.4733962,65,CURANILAHUE,1,55505,2021,1402824,REGION BIO BIO,8205,CURANILAHUE,BERNARDO O'HIGGINS,SALVADOR ALLENDE,0,"BERNARDO O'HIGGINS & SALVADOR ALLENDE, CURANILAHUE",CHILE,GEOMETRIC_CENTER,75402,2021,1402824,1,2021/12/11 00:00:00+00,1899/12/30 00:00:00+00,8,REGION BIO BIO,8205,CURANILAHUE,51,CHOQUE FRONTAL,40,CHOQUE,1,URBANA,11,CRUCE CON SEMAFORO FUNCIONANDO,11,DEFICIENCIAS VIALES,92,ANIMALES SUELTOS VIA PUBLICA,0,BERNARDO O'HIGGINS,0,SALVADOR ALLENDE,BERNARDO O'HIGGINS - SALVADOR ALLENDE,0, , , , ,1,1,3,BIDIRECCIONAL CON BANDEJON,2,ASFALTO,1,BUENO,3,MOJADO,3,LLUVIA,0,0,0,0,2
-8164991.54546736,-4505237.39711264,2033,11296,1337004,-73.347367,-37.472956,65,CURANILAHUE,1,9306,2021,1337004,REGION BIO BIO,8205,CURANILAHUE,BERNARDO O'HIGGINS, ,101,"BERNARDO O'HIGGINS 101, CURANILAHUE",CHILE,RANGE_INTERPOLATED,13004,2021,1337004,1,2021/03/08 00:00:00+00,1899/12/30 00:00:00+00,8,REGION BIO BIO,8205,CURANILAHUE,32,COLISION LATERAL,30,COLISION,1,URBANA,26,OTROS NO CONSIDERADOS,13,CAUSAS NO DETERMINADAS,97,CAUSAS NO DETERMINADAS,0,BERNARDO O'HIGGINS,0, ,- BERNARDO O'HIGGINS,101, , , , ,1,1,2,BIDIRECCIONAL,1,CONCRETO,1,BUENO,1,SECO,1,DESPEJADO,0,0,0,0,2
-8164991.54546736,-4505237.39711264,2034,11297,1403196,-73.347367,-37.472956,65,CURANILAHUE,1,55574,2021,1403196,REGION BIO BIO,8205,CURANILAHUE,BERNARDO O'HIGGINS, ,101,"BERNARDO O'HIGGINS 101, CURANILAHUE",CHILE,RANGE_INTERPOLATED,75515,2021,1403196,1,2021/12/11 00:00:00+00,1899/12/30 00:00:00+00,8,REGION BIO BIO,8205,CURANILAHUE,31,COLISION FRONTAL,30,COLISION,1,URBANA,1,TRAMO DE VIA RECTA,1,IMPRUDENCIA DEL CONDUCTOR,29,CONDUCCION CAMBIAR SORPRESIVAMENTE PISTA CIRCULACION,0,BERNARDO O'HIGGINS,0, ,- BERNARDO O'HIGGINS,101, , , , ,1,1,2,BIDIRECCIONAL,1,CONCRETO,1,BUENO,1,SECO,1,DESPEJADO,0,0,0,2,0
-8164544.77582301,-4505231.4499054,2035,11298,1352009,-73.3433536,-37.4729136,65,CURANILAHUE,1,19396,2021,1352009,REGION BIO BIO,8205,CURANILAHUE,CAUPOLICAN,CAMILO HENRIQUEZ,0,"CAUPOLICAN & CAMILO HENRIQUEZ, CURANILAHUE",CHILE,GEOMETRIC_CENTER,26694,2021,1352009,1,2021/05/23 00:00:00+00,1899/12/30 00:00:00+00,8,REGION BIO BIO,8205,CURANILAHUE,51,CHOQUE FRONTAL,40,CHOQUE,1,URBANA,14,CRUCE CON SEÑAL PARE,4,ALCOHOL EN CONDUCTOR,24,CONDUCCION EN ESTADO DE EBRIEDAD,0,CAUPOLICAN,0,CAMILO HENRIQUEZ,CAMILO HENRIQUEZ - CAUPOLICAN,0, , , , ,1,1,2,BIDIRECCIONAL,1,CONCRETO,2,REGULAR,2,HUMEDO,1,DESPEJADO,0,0,0,0,1
-8165337.88266711,-4505165.07705732,2036,11299,1397397,-73.3504782,-37.4724404,65,CURANILAHUE,1,51489,2021,1397397,REGION BIO BIO,8205,CURANILAHUE,BERNARDO O'HIGGINS,MARTA BRUNET,0,"BERNARDO O'HIGGINS & MARTA BRUNET, CURANILAHUE",CHILE,GEOMETRIC_CENTER,70038,2021,1397397,1,2021/11/20 00:00:00+00,1899/12/30 00:00:00+00,8,REGION BIO BIO,8205,CURANILAHUE,52,CHOQUE LATERAL,40,CHOQUE,1,URBANA,11,CRUCE CON SEMAFORO FUNCIONANDO,13,CAUSAS NO DETERMINADAS,97,CAUSAS NO DETERMINADAS,0,BERNARDO O'HIGGINS,0,MARTA BRUNET,BERNARDO O'HIGGINS - MARTA BRUNET,0, , , , ,1,1,2,BIDIRECCIONAL,1,CONCRETO,1,BUENO,1,SECO,1,DESPEJADO,0,0,0,0,1
-8165352.65476354,-4505161.20578836,2037,11300,1405227,-73.3506109,-37.4724128,65,CURANILAHUE,1,56948,2021,1405227,REGION BIO BIO,8205,CURANILAHUE,BERNARDO O'HIGGINS, ,107,"BERNARDO O'HIGGINS 107, CURANILAHUE",CHILE,RANGE_INTERPOLATED,77365,2021,1405227,1,2021/12/18 00:00:00+00,1899/12/30 00:00:00+00,8,REGION BIO BIO,8205,CURANILAHUE,63,CHOQUE FRENTE/POSTERIOR,40,CHOQUE,1,URBANA,11,CRUCE CON SEMAFORO FUNCIONANDO,1,IMPRUDENCIA DEL CONDUCTOR,27,CONDUCCION NO ATENTO CONDICIONES TRANSITO MOMENTO,0,BERNARDO O'HIGGINS,0, ,- BERNARDO O'HIGGINS,107, , , , ,1,1,2,BIDIRECCIONAL,1,CONCRETO,1,BUENO,1,SECO,1,DESPEJADO,0,0,0,0,2
-8165357.28565436,-4505159.99952369,2038,11301,1374219,-73.3506525,-37.4724042,65,CURANILAHUE,1,34903,2021,1374219,REGION BIO BIO,8205,CURANILAHUE,BERNARDO O'HIGGINS,PEDRO VIRA OPORTUS,0,"BERNARDO O'HIGGINS & PEDRO VIRA OPORTUS, CURANILAHUE",CHILE,GEOMETRIC_CENTER,48119,2021,1374219,1,2021/08/23 00:00:00+00,1899/12/30 00:00:00+00,8,REGION BIO BIO,8205,CURANILAHUE,10,ATROPELLO,10,ATROPELLO,1,URBANA,11,CRUCE CON SEMAFORO FUNCIONANDO,1,IMPRUDENCIA DEL CONDUCTOR,27,CONDUCCION NO ATENTO CONDICIONES TRANSITO MOMENTO,0,BERNARDO O'HIGGINS,0,PEDRO VIRA OPORTUS,BERNARDO O'HIGGINS - PEDRO VIRA OPORTUS,0, , , , ,1,1,2,BIDIRECCIONAL,2,ASFALTO,1,BUENO,1,SECO,1,DESPEJADO,0,0,0,1,1
-8165405.09737566,-4505156.32462519,2039,11302,1378640,-73.351082,-37.472378,65,CURANILAHUE,1,38493,2021,1378640,REGION BIO BIO,8205,CURANILAHUE,BERNARDO O'HIGGINS, ,420,"BERNARDO O'HIGGINS 420, CURANILAHUE",CHILE,RANGE_INTERPOLATED,52888,2021,1378640,1,2021/09/12 00:00:00+00,1899/12/30 00:00:00+00,8,REGION BIO BIO,8205,CURANILAHUE,33,COLISION POR ALCANCE,30,COLISION,1,URBANA,1,TRAMO DE VIA RECTA,1,IMPRUDENCIA DEL CONDUCTOR,28,CONDUCCION SIN MANTENER DISTANCIA RAZONABLE NI PRUDENTE,0,BERNARDO O'HIGGINS,0, ,- BERNARDO O'HIGGINS,420, , , , ,1,1,2,BIDIRECCIONAL,2,ASFALTO,1,BUENO,3,MOJADO,3,LLUVIA,0,0,0,1,2
-8165507.2664043,-4505120.27702503,2040,11303,1366771,-73.3519998,-37.472121,65,CURANILAHUE,1,29853,2021,1366771,REGION BIO BIO,8205,CURANILAHUE,BERNARDO O'HIGGINS,PASAJE SIETE,0,"BERNARDO O'HIGGINS & PASAJE SIETE, CURANILAHUE",CHILE,GEOMETRIC_CENTER,41287,2021,1366771,1,2021/07/26 00:00:00+00,1899/12/30 00:00:00+00,8,REGION BIO BIO,8205,CURANILAHUE,30,COLISION,30,COLISION,1,URBANA,1,TRAMO DE VIA RECTA,1,IMPRUDENCIA DEL CONDUCTOR,27,CONDUCCION NO ATENTO CONDICIONES TRANSITO MOMENTO,0,BERNARDO O'HIGGINS,0,PASAJE SIETE,BERNARDO O'HIGGINS - PASAJE SIETE,0, , , , ,1,1,2,BIDIRECCIONAL,2,ASFALTO,2,REGULAR,1,SECO,1,DESPEJADO,0,0,0,1,1
-8165504.17172246,-4505115.77459029,2041,11304,1364092,-73.351972,-37.4720889,65,CURANILAHUE,1,27337,2021,1364092,REGION BIO BIO,8205,CURANILAHUE,BERNARDO O'HIGGINS, ,688,"BERNARDO O'HIGGINS 688, CURANILAHUE",CHILE,RANGE_INTERPOLATED,37712,2021,1364092,1,2021/07/11 00:00:00+00,1899/12/30 00:00:00+00,8,REGION BIO BIO,8205,CURANILAHUE,51,CHOQUE FRONTAL,40,CHOQUE,1,URBANA,2,TRAMO DE VIA CURVA HORIZONTAL,9,PERDIDA CONTROL VEHICULO,95,PERDIDA CONTROL VEHICULO,0,BERNARDO O'HIGGINS,0, ,- BERNARDO O'HIGGINS,688, , , , ,1,1,2,BIDIRECCIONAL,2,ASFALTO,1,BUENO,2,HUMEDO,2,NUBLADO,0,0,0,1,1
-8165526.30203723,-4505114.65248848,2042,11305,1336636,-73.3521708,-37.4720809,65,CURANILAHUE,1,8754,2021,1336636,REGION BIO BIO,8205,CURANILAHUE,BERNARDO O'HIGGINS, ,701,"BERNARDO O'HIGGINS 701, CURANILAHUE",CHILE,RANGE_INTERPOLATED,12245,2021,1336636,1,2021/03/04 00:00:00+00,1899/12/30 00:00:00+00,8,REGION BIO BIO,8205,CURANILAHUE,53,CHOQUE POSTERIOR,40,CHOQUE,1,URBANA,1,TRAMO DE VIA RECTA,13,CAUSAS NO DETERMINADAS,97,CAUSAS NO DETERMINADAS,0,BERNARDO O'HIGGINS,0, ,- BERNARDO O'HIGGINS,701, , , , ,1,1,2,BIDIRECCIONAL,2,ASFALTO,1,BUENO,1,SECO,1,DESPEJADO,0,0,0,1,1
-8166212.36405899,-4505093.66920668,2043,11306,1395588,-73.3583338,-37.4719313,65,CURANILAHUE,1,50026,2021,1395588,REGION BIO BIO,8205,CURANILAHUE,EDUARDO FREI, ,853,"EDUARDO FREI 853, CURANILAHUE",CHILE,RANGE_INTERPOLATED,68123,2021,1395588,1,2021/11/13 00:00:00+00,1899/12/30 00:00:00+00,8,REGION BIO BIO,8205,CURANILAHUE,50,CHOQUE,40,CHOQUE,1,URBANA,1,TRAMO DE VIA RECTA,1,IMPRUDENCIA DEL CONDUCTOR,28,CONDUCCION SIN MANTENER DISTANCIA RAZONABLE NI PRUDENTE,0,EDUARDO FREI,0, ,- EDUARDO FREI,853, , , , ,1,1,2,BIDIRECCIONAL,1,CONCRETO,1,BUENO,1,SECO,2,NUBLADO,0,0,0,1,1
-8166249.55590086,-4505031.53313055,2044,11307,1385594,-73.3586679,-37.4714883,65,CURANILAHUE,1,42989,2021,1385594,REGION BIO BIO,8205,CURANILAHUE,EDUARDO FREI, ,926,"EDUARDO FREI 926, CURANILAHUE",CHILE,RANGE_INTERPOLATED,58829,2021,1385594,1,2021/10/07 00:00:00+00,1899/12/30 00:00:00+00,8,REGION BIO BIO,8205,CURANILAHUE,31,COLISION FRONTAL,30,COLISION,1,URBANA,1,TRAMO DE VIA RECTA,1,IMPRUDENCIA DEL CONDUCTOR,11,ADELANTAMIENTO SIN EL ESPACIO O TIEMPO SUFICIENTE,0,EDUARDO FREI,0, ,- EDUARDO FREI,926, , , , ,1,1,2,BIDIRECCIONAL,1,CONCRETO,1,BUENO,1,SECO,1,DESPEJADO,0,1,0,3,0
-8166010.92030845,-4504703.84505865,2045,11308,1361697,-73.3565242,-37.469152,65,CURANILAHUE,1,26614,2021,1361697,REGION BIO BIO,8205,CURANILAHUE,BERNARDO O'HIGGINS, ,5,"BERNARDO O'HIGGINS 5, CURANILAHUE",CHILE,RANGE_INTERPOLATED,36707,2021,1361697,1,2021/07/07 00:00:00+00,1899/12/30 00:00:00+00,8,REGION BIO BIO,8205,CURANILAHUE,62,CHOQUE FRENTE/LADO,40,CHOQUE,1,URBANA,26,OTROS NO CONSIDERADOS,4,ALCOHOL EN CONDUCTOR,24,CONDUCCION EN ESTADO DE EBRIEDAD,0,BERNARDO O'HIGGINS,0, ,- BERNARDO O'HIGGINS,5, , , , ,1,1,2,BIDIRECCIONAL,2,ASFALTO,2,REGULAR,3,MOJADO,4,LLOVIZNA,0,0,0,0,1
-8165958.75599506,-4504663.75962083,2046,11309,1340758,-73.3560556,-37.4688662,65,CURANILAHUE,1,12279,2021,1340758,REGION BIO BIO,8205,CURANILAHUE,ESTACIONAMIENTO SUPERMERCADO, ,823,"ESTACIONAMIENTO SUPERMERCADO 823, CURANILAHUE",CHILE,RANGE_INTERPOLATED,16997,2021,1340758,1,2021/03/30 00:00:00+00,1899/12/30 00:00:00+00,8,REGION BIO BIO,8205,CURANILAHUE,64,CHOQUE LADO/FRENTE,40,CHOQUE,1,URBANA,26,OTROS NO CONSIDERADOS,13,CAUSAS NO DETERMINADAS,97,CAUSAS NO DETERMINADAS,0,ESTACIONAMIENTO SUPERMERCADO,0, ,- ESTACIONAMIENTO SUPERMERCADO,823, , , , ,1,1,2,BIDIRECCIONAL,1,CONCRETO,1,BUENO,1,SECO,1,DESPEJADO,0,0,0,0,2
-8165958.75599506,-4504663.75962083,2047,11310,1343104,-73.3560556,-37.4688662,65,CURANILAHUE,1,13642,2021,1343104,REGION BIO BIO,8205,CURANILAHUE,BERNARDO O'HIGGINS, ,859,"BERNARDO O'HIGGINS 859, CURANILAHUE",CHILE,RANGE_INTERPOLATED,18857,2021,1343104,1,2021/04/12 00:00:00+00,1899/12/30 00:00:00+00,8,REGION BIO BIO,8205,CURANILAHUE,70,VOLCADURA,70,VOLCADURA,1,URBANA,1,TRAMO DE VIA RECTA,13,CAUSAS NO DETERMINADAS,97,CAUSAS NO DETERMINADAS,0,BERNARDO O'HIGGINS,0, ,- BERNARDO O'HIGGINS,859, , , , ,1,1,2,BIDIRECCIONAL,1,CONCRETO,2,REGULAR,1,SECO,1,DESPEJADO,0,0,0,1,1
-8166029.32142028,-4504617.67137473,2048,11311,1406572,-73.3566895,-37.4685376,65,CURANILAHUE,1,57493,2021,1406572,REGION BIO BIO,8205,CURANILAHUE,SERVICENTRO COPEC, ,879,"SERVICENTRO COPEC 879, CURANILAHUE",CHILE,RANGE_INTERPOLATED,78072,2021,1406572,1,2021/12/21 00:00:00+00,1899/12/30 00:00:00+00,8,REGION BIO BIO,8205,CURANILAHUE,50,CHOQUE,40,CHOQUE,1,URBANA,26,OTROS NO CONSIDERADOS,1,IMPRUDENCIA DEL CONDUCTOR,27,CONDUCCION NO ATENTO CONDICIONES TRANSITO MOMENTO,0,SERVICENTRO COPEC,0, ,- SERVICENTRO COPEC,879, , , , ,1,1,2,BIDIRECCIONAL,1,CONCRETO,1,BUENO,1,SECO,1,DESPEJADO,0,0,0,0,1
-8165809.81051638,-4504597.47452001,2049,11312,1347153,-73.3547176,-37.4683936,65,CURANILAHUE,1,16283,2021,1347153,REGION BIO BIO,8205,CURANILAHUE,EL PINO, ,288,"EL PINO 288, CURANILAHUE",CHILE,RANGE_INTERPOLATED,22446,2021,1347153,1,2021/05/02 00:00:00+00,1899/12/30 00:00:00+00,8,REGION BIO BIO,8205,CURANILAHUE,68,CHOQUE POSTERIOR/LADO,40,CHOQUE,1,URBANA,1,TRAMO DE VIA RECTA,1,IMPRUDENCIA DEL CONDUCTOR,27,CONDUCCION NO ATENTO CONDICIONES TRANSITO MOMENTO,0,EL PINO,0, ,- EL PINO,288, , , , ,1,0,1,UNIDIRECCIONAL,1,CONCRETO,1,BUENO,2,HUMEDO,2,NUBLADO,0,0,0,0,2