X,Y,FID,FID_1,LABELID,POINT_X,POINT_Y,FID_2,COMUNAREAL,VAL_COM,OBJECTID,A_O,IDACCIDENT,REGION,COD_COMUN,COMUNA,CALLE_UNO,CALLE_DOS,NUMERO,DIR_GEOCOD,PAIS,TIPO,OBJECTID_1,Año,Idaccide_1,Claseaccid,Fecha,Hora,Cód_Regi,Región,Cód_Comun,Comuna_1,Cód_Tipo_,Tipo_Accid,Cód_Tipo1,Tipo__CONA,Cód_Zona,Zona,Cód_Ubica,Ubicación,Cód_Causa,Causa__CON,Cód_Cau_1,Causa,Cód_Calle,Calle_Un_1,Cód_Cal_1,Calle_Do_1,Intersecci,Número,Ruta,Cód_Ruta,Ubicaci_1,Km_Vía_Fe,Pistas_de_,Pistas_de1,Cód_Calza,Calzada,Cód__Tipo,Tipo_Calza,Cód_Estad,Estado_Cal,Cód_Condi,Condición,Cód_Est_1,Estado_Atm,Fallecidos,Graves,Menos_Grav,Leves,Ilesos
-8166034.60909609,-4504551.80733084,2050,11313,1394902,-73.356737,-37.468068,65,CURANILAHUE,1,49677,2021,1394902,REGION BIO BIO,8205,CURANILAHUE,BERNARDO O'HIGGINS, ,905,"BERNARDO O'HIGGINS 905, CURANILAHUE",CHILE,RANGE_INTERPOLATED,67667,2021,1394902,1,2021/11/11 00:00:00+00,1899/12/30 00:00:00+00,8,REGION BIO BIO,8205,CURANILAHUE,63,CHOQUE FRENTE/POSTERIOR,40,CHOQUE,1,URBANA,1,TRAMO DE VIA RECTA,1,IMPRUDENCIA DEL CONDUCTOR,27,CONDUCCION NO ATENTO CONDICIONES TRANSITO MOMENTO,0,BERNARDO O'HIGGINS,0, ,- BERNARDO O'HIGGINS,905, , , , ,1,1,2,BIDIRECCIONAL,1,CONCRETO,1,BUENO,1,SECO,2,NUBLADO,0,0,0,0,2
-8166054.25698622,-4504542.62061994,2051,11314,1359586,-73.3569135,-37.4680025,65,CURANILAHUE,1,25154,2021,1359586,REGION BIO BIO,8205,CURANILAHUE,BERNARDO O'HIGGINS,CARLOS MARTINEZ,0,"BERNARDO O'HIGGINS & CARLOS MARTINEZ, CURANILAHUE",CHILE,GEOMETRIC_CENTER,34781,2021,1359586,1,2021/06/29 00:00:00+00,1899/12/30 00:00:00+00,8,REGION BIO BIO,8205,CURANILAHUE,32,COLISION LATERAL,30,COLISION,1,URBANA,16,CRUCE SIN SEÑALIZACION,1,IMPRUDENCIA DEL CONDUCTOR,32,NO RESPETAR DERECHO PREFERENTE DE PASO A VEHICULO,0,BERNARDO O'HIGGINS,0,CARLOS MARTINEZ,BERNARDO O'HIGGINS - CARLOS MARTINEZ,0, , , , ,1,1,2,BIDIRECCIONAL,1,CONCRETO,2,REGULAR,1,SECO,2,NUBLADO,0,0,0,0,2
-8166054.25698622,-4504542.62061994,2052,11315,1382323,-73.3569135,-37.4680025,65,CURANILAHUE,1,41018,2021,1382323,REGION BIO BIO,8205,CURANILAHUE,BERNARDO O'HIGGINS,CARLOS MARTINEZ,0,"BERNARDO O'HIGGINS & CARLOS MARTINEZ, CURANILAHUE",CHILE,GEOMETRIC_CENTER,56280,2021,1382323,1,2021/09/27 00:00:00+00,1899/12/30 00:00:00+00,8,REGION BIO BIO,8205,CURANILAHUE,32,COLISION LATERAL,30,COLISION,1,URBANA,1,TRAMO DE VIA RECTA,1,IMPRUDENCIA DEL CONDUCTOR,27,CONDUCCION NO ATENTO CONDICIONES TRANSITO MOMENTO,0,BERNARDO O'HIGGINS,0,CARLOS MARTINEZ,BERNARDO O'HIGGINS - CARLOS MARTINEZ,0, , , , ,1,1,2,BIDIRECCIONAL,1,CONCRETO,1,BUENO,1,SECO,1,DESPEJADO,0,0,0,0,2
-8166628.68782261,-4504369.81377635,2053,11316,1381186,-73.3620737,-37.4667704,65,CURANILAHUE,1,39909,2021,1381186,REGION BIO BIO,8205,CURANILAHUE,LOS PINOS, ,146,"LOS PINOS 146, CURANILAHUE",CHILE,RANGE_INTERPOLATED,54826,2021,1381186,1,2021/09/20 00:00:00+00,1899/12/30 00:00:00+00,8,REGION BIO BIO,8205,CURANILAHUE,31,COLISION FRONTAL,30,COLISION,1,URBANA,1,TRAMO DE VIA RECTA,1,IMPRUDENCIA DEL CONDUCTOR,27,CONDUCCION NO ATENTO CONDICIONES TRANSITO MOMENTO,0,LOS PINOS,0, ,- LOS PINOS,146, , , , ,1,1,2,BIDIRECCIONAL,1,CONCRETO,1,BUENO,1,SECO,1,DESPEJADO,0,0,0,0,2
-8167022.19109061,-4504213.09651899,2054,11317,1400203,-73.3656086,-37.465653,65,CURANILAHUE,1,53088,2021,1400203,REGION BIO BIO,8205,CURANILAHUE,EDUARDO FREI, ,1904,"EDUARDO FREI 1904, CURANILAHUE",CHILE,RANGE_INTERPOLATED,72182,2021,1400203,1,2021/11/28 00:00:00+00,1899/12/30 00:00:00+00,8,REGION BIO BIO,8205,CURANILAHUE,31,COLISION FRONTAL,30,COLISION,1,URBANA,1,TRAMO DE VIA RECTA,4,ALCOHOL EN CONDUCTOR,24,CONDUCCION EN ESTADO DE EBRIEDAD,0,EDUARDO FREI,0, ,- EDUARDO FREI,1904, , , , ,1,1,2,BIDIRECCIONAL,1,CONCRETO,1,BUENO,1,SECO,1,DESPEJADO,0,0,0,4,1
-8164155.56948735,-4490419.2579384,2055,11318,1375074,-73.3398573,-37.367237,65,CURANILAHUE,1,35233,2021,1375074,REGION BIO BIO,8205,CURANILAHUE,ACCESO SAN JOSE DE COLICO, ,550,"ACCESO SAN JOSE DE COLICO 550, CURANILAHUE",CHILE,RANGE_INTERPOLATED,48533,2021,1375074,1,2021/08/25 00:00:00+00,1899/12/30 00:00:00+00,8,REGION BIO BIO,8205,CURANILAHUE,31,COLISION FRONTAL,30,COLISION,2,RURAL,1,TRAMO DE VIA RECTA,1,IMPRUDENCIA DEL CONDUCTOR,29,CONDUCCION CAMBIAR SORPRESIVAMENTE PISTA CIRCULACION,0,ACCESO SAN JOSE DE COLICO,0, ,- ACCESO SAN JOSE DE COLICO,550, , , , ,1,1,2,BIDIRECCIONAL,2,ASFALTO,1,BUENO,2,HUMEDO,1,DESPEJADO,0,1,0,2,0
-8094195.41060883,-4479082.95497432,2056,18700,1326234,-72.7113945,-37.2862582,76,LAJA,1,1176,2021,1326234,REGION BIO BIO,8304,LAJA,LOS RIOS,CELULOSA,0,"LOS RIOS & CELULOSA, LAJA",CHILE,GEOMETRIC_CENTER,1591,2021,1326234,1,2021/01/08 00:00:00+00,1899/12/30 00:00:00+00,8,REGION BIO BIO,8304,LAJA,33,COLISION POR ALCANCE,30,COLISION,1,URBANA,11,CRUCE CON SEMAFORO FUNCIONANDO,1,IMPRUDENCIA DEL CONDUCTOR,27,CONDUCCION NO ATENTO CONDICIONES TRANSITO MOMENTO,0,LOS RIOS,0,CELULOSA,CELULOSA - LOS RIOS,0, , , , ,1,1,2,BIDIRECCIONAL,2,ASFALTO,1,BUENO,1,SECO,1,DESPEJADO,0,0,0,1,1
-8094195.41060883,-4479082.95497432,2057,18701,1352405,-72.7113945,-37.2862582,76,LAJA,1,19887,2021,1352405,REGION BIO BIO,8304,LAJA,LOS RIOS,CELULOSA,0,"LOS RIOS & CELULOSA, LAJA",CHILE,GEOMETRIC_CENTER,27370,2021,1352405,1,2021/05/26 00:00:00+00,1899/12/30 00:00:00+00,8,REGION BIO BIO,8304,LAJA,32,COLISION LATERAL,30,COLISION,1,URBANA,1,TRAMO DE VIA RECTA,10,DESOBEDIENCIA A SEÑALIZACION,62,SEÑALIZACION DESOBEDECER LUZ ROJA DE SEMAFORO,0,LOS RIOS,0,CELULOSA,CELULOSA - LOS RIOS,0, , , , ,2,0,1,UNIDIRECCIONAL,1,CONCRETO,1,BUENO,1,SECO,1,DESPEJADO,0,0,0,2,0
-8094156.53784265,-4478638.49443204,2058,18702,1395439,-72.7110453,-37.2830815,76,LAJA,1,49772,2021,1395439,REGION BIO BIO,8304,LAJA,ALESSANDRI, ,54,"ALESSANDRI 54, LAJA",CHILE,RANGE_INTERPOLATED,67789,2021,1395439,1,2021/11/12 00:00:00+00,1899/12/30 00:00:00+00,8,REGION BIO BIO,8304,LAJA,30,COLISION,30,COLISION,1,URBANA,1,TRAMO DE VIA RECTA,1,IMPRUDENCIA DEL CONDUCTOR,91,VIRAJES INDEBIDOS,0,ALESSANDRI,0, ,- ALESSANDRI,54, , , , ,1,1,2,BIDIRECCIONAL,2,ASFALTO,1,BUENO,1,SECO,1,DESPEJADO,0,0,0,1,2
-8094583.63733297,-4478605.08404737,2059,18703,1362608,-72.714882,-37.2828427,76,LAJA,1,27046,2021,1362608,REGION BIO BIO,8304,LAJA,FELIX EICHER, ,970,"FELIX EICHER 970, LAJA",CHILE,RANGE_INTERPOLATED,37290,2021,1362608,1,2021/07/10 00:00:00+00,1899/12/30 00:00:00+00,8,REGION BIO BIO,8304,LAJA,51,CHOQUE FRONTAL,40,CHOQUE,1,URBANA,2,TRAMO DE VIA CURVA HORIZONTAL,7,VELOCIDAD IMPRUDENTE,72,VELOCIDAD NO RAZONABLE NI PRUDENTE,0,FELIX EICHER,0, ,- FELIX EICHER,970, , , , ,1,1,2,BIDIRECCIONAL,1,CONCRETO,1,BUENO,2,HUMEDO,2,NUBLADO,1,0,1,0,0
-8094514.06265123,-4478571.18408787,2060,18704,1392939,-72.714257,-37.2826004,76,LAJA,1,46003,2021,1392939,REGION BIO BIO,8304,LAJA,FELIX EICHER, ,550,"FELIX EICHER 550, LAJA",CHILE,RANGE_INTERPOLATED,62834,2021,1392939,1,2021/10/23 00:00:00+00,1899/12/30 00:00:00+00,8,REGION BIO BIO,8304,LAJA,51,CHOQUE FRONTAL,40,CHOQUE,1,URBANA,2,TRAMO DE VIA CURVA HORIZONTAL,4,ALCOHOL EN CONDUCTOR,24,CONDUCCION EN ESTADO DE EBRIEDAD,0,FELIX EICHER,0, ,- FELIX EICHER,550, , , , ,1,1,2,BIDIRECCIONAL,1,CONCRETO,1,BUENO,1,SECO,1,DESPEJADO,0,0,0,1,0
-8094471.27143897,-4478550.33769566,2061,18705,1394744,-72.7138726,-37.2824514,76,LAJA,1,49273,2021,1394744,REGION BIO BIO,8304,LAJA,MANUEL RODRIGUEZ,FELIX EICHER,0,"MANUEL RODRIGUEZ & FELIX EICHER, LAJA",CHILE,GEOMETRIC_CENTER,67163,2021,1394744,1,2021/11/09 00:00:00+00,1899/12/30 00:00:00+00,8,REGION BIO BIO,8304,LAJA,10,ATROPELLO,10,ATROPELLO,1,URBANA,1,TRAMO DE VIA RECTA,1,IMPRUDENCIA DEL CONDUCTOR,27,CONDUCCION NO ATENTO CONDICIONES TRANSITO MOMENTO,0,MANUEL RODRIGUEZ,0,FELIX EICHER,FELIX EICHER - MANUEL RODRIGUEZ,0, , , , ,2,0,1,UNIDIRECCIONAL,1,CONCRETO,1,BUENO,1,SECO,1,DESPEJADO,0,0,0,1,1
-8093534.27302106,-4478444.37150514,2062,18706,1366725,-72.7054554,-37.281694,76,LAJA,1,29300,2021,1366725,REGION BIO BIO,8304,LAJA,LAUTARO,LIENTUR,0,"LAUTARO & LIENTUR, LAJA",CHILE,GEOMETRIC_CENTER,40503,2021,1366725,1,2021/07/23 00:00:00+00,1899/12/30 00:00:00+00,8,REGION BIO BIO,8304,LAJA,30,COLISION,30,COLISION,1,URBANA,14,CRUCE CON SEÑAL PARE,1,IMPRUDENCIA DEL CONDUCTOR,27,CONDUCCION NO ATENTO CONDICIONES TRANSITO MOMENTO,0,LAUTARO,0,LIENTUR,LAUTARO - LIENTUR,0, , , , ,1,1,2,BIDIRECCIONAL,2,ASFALTO,1,BUENO,1,SECO,1,DESPEJADO,0,0,0,0,2
-8093913.63871374,-4478427.65261685,2063,18707,1343112,-72.7088633,-37.2815745,76,LAJA,1,13787,2021,1343112,REGION BIO BIO,8304,LAJA,MANUEL RODRIGUEZ, ,315,"MANUEL RODRIGUEZ 315, LAJA",CHILE,RANGE_INTERPOLATED,19063,2021,1343112,1,2021/04/13 00:00:00+00,1899/12/30 00:00:00+00,8,REGION BIO BIO,8304,LAJA,10,ATROPELLO,10,ATROPELLO,1,URBANA,1,TRAMO DE VIA RECTA,2,IMPRUDENCIA DEL PEATON,52,PEATON CRUZA CALZADA FORMA SORPRESIVA O DESCUIDADA,0,MANUEL RODRIGUEZ,0, ,- MANUEL RODRIGUEZ,315, , , , ,1,1,2,BIDIRECCIONAL,2,ASFALTO,1,BUENO,1,SECO,1,DESPEJADO,0,0,0,1,1
-8094532.17433238,-4478391.38880979,2064,18708,1331818,-72.7144197,-37.2813153,76,LAJA,1,5375,2021,1331818,REGION BIO BIO,8304,LAJA,BALMACEDA,O'HIGGINS,0,"BALMACEDA & O'HIGGINS, LAJA",CHILE,GEOMETRIC_CENTER,7514,2021,1331818,1,2021/02/09 00:00:00+00,1899/12/30 00:00:00+00,8,REGION BIO BIO,8304,LAJA,53,CHOQUE POSTERIOR,40,CHOQUE,1,URBANA,26,OTROS NO CONSIDERADOS,1,IMPRUDENCIA DEL CONDUCTOR,27,CONDUCCION NO ATENTO CONDICIONES TRANSITO MOMENTO,0,BALMACEDA,0,O'HIGGINS,BALMACEDA - O'HIGGINS,0, , , , ,2,0,1,UNIDIRECCIONAL,1,CONCRETO,1,BUENO,1,SECO,1,DESPEJADO,0,0,0,0,2
-8094532.17433238,-4478391.38880979,2065,18709,1355569,-72.7144197,-37.2813153,76,LAJA,1,21963,2021,1355569,REGION BIO BIO,8304,LAJA,O'HIGGINS,BALMACEDA,0,"O'HIGGINS & BALMACEDA, LAJA",CHILE,GEOMETRIC_CENTER,30272,2021,1355569,1,2021/06/08 00:00:00+00,1899/12/30 00:00:00+00,8,REGION BIO BIO,8304,LAJA,32,COLISION LATERAL,30,COLISION,1,URBANA,1,TRAMO DE VIA RECTA,1,IMPRUDENCIA DEL CONDUCTOR,27,CONDUCCION NO ATENTO CONDICIONES TRANSITO MOMENTO,0,O'HIGGINS,0,BALMACEDA,BALMACEDA - O'HIGGINS,0, , , , ,2,0,1,UNIDIRECCIONAL,2,ASFALTO,1,BUENO,1,SECO,1,DESPEJADO,0,0,0,0,2
-8093559.36443429,-4478366.76530828,2066,18710,1336892,-72.7056808,-37.2811393,76,LAJA,1,9435,2021,1336892,REGION BIO BIO,8304,LAJA,CAUPOLICAN,FREIRE,0,"CAUPOLICAN & FREIRE, LAJA",CHILE,GEOMETRIC_CENTER,13164,2021,1336892,1,2021/03/08 00:00:00+00,1899/12/30 00:00:00+00,8,REGION BIO BIO,8304,LAJA,32,COLISION LATERAL,30,COLISION,1,URBANA,14,CRUCE CON SEÑAL PARE,10,DESOBEDIENCIA A SEÑALIZACION,65,SEÑALIZACION DESOBEDECER SEÑAL PARE,0,CAUPOLICAN,0,FREIRE,CAUPOLICAN - FREIRE,0, , , , ,1,1,2,BIDIRECCIONAL,1,CONCRETO,1,BUENO,1,SECO,1,DESPEJADO,0,0,0,0,2
-8093724.16180846,-4478326.90613727,2067,18711,1400802,-72.7071612,-37.2808544,76,LAJA,1,53032,2021,1400802,REGION BIO BIO,8304,LAJA,FRESIA,MANUEL RODRIGUEZ,0,"FRESIA & MANUEL RODRIGUEZ, LAJA",CHILE,GEOMETRIC_CENTER,72087,2021,1400802,1,2021/11/28 00:00:00+00,1899/12/30 00:00:00+00,8,REGION BIO BIO,8304,LAJA,67,CHOQUE POSTERIOR/FRENTE,40,CHOQUE,1,URBANA,14,CRUCE CON SEÑAL PARE,1,IMPRUDENCIA DEL CONDUCTOR,27,CONDUCCION NO ATENTO CONDICIONES TRANSITO MOMENTO,0,FRESIA,0,MANUEL RODRIGUEZ,FRESIA - MANUEL RODRIGUEZ,0, , , , ,1,1,2,BIDIRECCIONAL,1,CONCRETO,1,BUENO,1,SECO,1,DESPEJADO,0,0,0,1,1
-8093975.81064934,-4478118.01520962,2068,18712,1335447,-72.7094218,-37.2793613,76,LAJA,1,7990,2021,1335447,REGION BIO BIO,8304,LAJA,GABRIELA MISTRAL,COSTANERA NORTE,0,"GABRIELA MISTRAL & COSTANERA NORTE, LAJA",CHILE,GEOMETRIC_CENTER,11226,2021,1335447,1,2021/02/28 00:00:00+00,1899/12/30 00:00:00+00,8,REGION BIO BIO,8304,LAJA,70,VOLCADURA,70,VOLCADURA,1,URBANA,14,CRUCE CON SEÑAL PARE,4,ALCOHOL EN CONDUCTOR,24,CONDUCCION EN ESTADO DE EBRIEDAD,0,GABRIELA MISTRAL,0,COSTANERA NORTE,COSTANERA NORTE - GABRIELA MISTRAL,0, , , , ,1,1,2,BIDIRECCIONAL,2,ASFALTO,1,BUENO,1,SECO,1,DESPEJADO,0,1,0,0,0
-8094162.03702549,-4478021.88844138,2069,18713,1332589,-72.7110947,-37.2786742,76,LAJA,1,6380,2021,1332589,REGION BIO BIO,8304,LAJA,LAS VI??ªAS,GABRIELA MISTRAL,0,"LAS VI??ªAS & GABRIELA MISTRAL, LAJA",CHILE,GEOMETRIC_CENTER,8912,2021,1332589,1,2021/02/16 00:00:00+00,1899/12/30 00:00:00+00,8,REGION BIO BIO,8304,LAJA,32,COLISION LATERAL,30,COLISION,1,URBANA,14,CRUCE CON SEÑAL PARE,10,DESOBEDIENCIA A SEÑALIZACION,65,SEÑALIZACION DESOBEDECER SEÑAL PARE,0,LAS VIÑAS,0,GABRIELA MISTRAL,GABRIELA MISTRAL - LAS VIÑAS,0, , , , ,1,1,2,BIDIRECCIONAL,1,CONCRETO,1,BUENO,1,SECO,1,DESPEJADO,0,0,0,4,0
-8094162.03702549,-4478021.88844138,2070,18714,1343081,-72.7110947,-37.2786742,76,LAJA,1,13689,2021,1343081,REGION BIO BIO,8304,LAJA,LAS VI??ªAS,GABRIELA MISTRAL,0,"LAS VI??ªAS & GABRIELA MISTRAL, LAJA",CHILE,GEOMETRIC_CENTER,18913,2021,1343081,1,2021/04/12 00:00:00+00,1899/12/30 00:00:00+00,8,REGION BIO BIO,8304,LAJA,32,COLISION LATERAL,30,COLISION,1,URBANA,14,CRUCE CON SEÑAL PARE,10,DESOBEDIENCIA A SEÑALIZACION,65,SEÑALIZACION DESOBEDECER SEÑAL PARE,0,LAS VIÑAS,0,GABRIELA MISTRAL,GABRIELA MISTRAL - LAS VIÑAS,0, , , , ,1,1,2,BIDIRECCIONAL,2,ASFALTO,1,BUENO,1,SECO,1,DESPEJADO,0,0,0,0,2
-8094838.33632791,-4478010.10874059,2071,18715,1341828,-72.71717,-37.27859,76,LAJA,1,12613,2021,1341828,REGION BIO BIO,8304,LAJA,ARTURO PRAT, ,435,"ARTURO PRAT 435, LAJA",CHILE,RANGE_INTERPOLATED,17437,2021,1341828,1,2021/04/02 00:00:00+00,1899/12/30 00:00:00+00,8,REGION BIO BIO,8304,LAJA,32,COLISION LATERAL,30,COLISION,1,URBANA,1,TRAMO DE VIA RECTA,1,IMPRUDENCIA DEL CONDUCTOR,27,CONDUCCION NO ATENTO CONDICIONES TRANSITO MOMENTO,0,ARTURO PRAT,0, ,- ARTURO PRAT,435, , , , ,1,1,2,BIDIRECCIONAL,2,ASFALTO,1,BUENO,1,SECO,1,DESPEJADO,0,0,0,0,2
-8094841.36421806,-4477779.91756478,2072,18716,1372593,-72.7171972,-37.2769446,76,LAJA,1,33996,2021,1372593,REGION BIO BIO,8304,LAJA,BALMACEDA,SAN MARTIN,0,"BALMACEDA & SAN MARTIN, LAJA",CHILE,GEOMETRIC_CENTER,46878,2021,1372593,1,2021/08/18 00:00:00+00,1899/12/30 00:00:00+00,8,REGION BIO BIO,8304,LAJA,10,ATROPELLO,10,ATROPELLO,1,URBANA,14,CRUCE CON SEÑAL PARE,1,IMPRUDENCIA DEL CONDUCTOR,27,CONDUCCION NO ATENTO CONDICIONES TRANSITO MOMENTO,0,BALMACEDA,0,SAN MARTIN,BALMACEDA - SAN MARTIN,0, , , , ,1,1,2,BIDIRECCIONAL,2,ASFALTO,1,BUENO,3,MOJADO,3,LLUVIA,0,0,0,1,1
-8094914.03358165,-4477721.91589007,2073,18717,1395449,-72.71785,-37.27653,76,LAJA,1,49994,2021,1395449,REGION BIO BIO,8304,LAJA,BALMACEDA, ,646,"BALMACEDA 646, LAJA",CHILE,RANGE_INTERPOLATED,68083,2021,1395449,1,2021/11/13 00:00:00+00,1899/12/30 00:00:00+00,8,REGION BIO BIO,8304,LAJA,65,CHOQUE LADO/LADO,40,CHOQUE,1,URBANA,1,TRAMO DE VIA RECTA,1,IMPRUDENCIA DEL CONDUCTOR,27,CONDUCCION NO ATENTO CONDICIONES TRANSITO MOMENTO,0,BALMACEDA,0, ,- BALMACEDA,646, , , , ,1,1,2,BIDIRECCIONAL,2,ASFALTO,1,BUENO,1,SECO,1,DESPEJADO,0,0,0,0,2
-8094730.92415124,-4477703.86912446,2074,18718,1387930,-72.7162051,-37.276401,76,LAJA,1,43521,2021,1387930,REGION BIO BIO,8304,LAJA,EL PINO,SAN MARTIN,0,"EL PINO & SAN MARTIN, LAJA",CHILE,GEOMETRIC_CENTER,59524,2021,1387930,1,2021/10/09 00:00:00+00,1899/12/30 00:00:00+00,8,REGION BIO BIO,8304,LAJA,10,ATROPELLO,10,ATROPELLO,2,RURAL,16,CRUCE SIN SEÑALIZACION,1,IMPRUDENCIA DEL CONDUCTOR,27,CONDUCCION NO ATENTO CONDICIONES TRANSITO MOMENTO,0,EL PINO,0,SAN MARTIN,EL PINO - SAN MARTIN,0, , , , ,1,1,2,BIDIRECCIONAL,2,ASFALTO,1,BUENO,1,SECO,1,DESPEJADO,0,1,0,0,1
-8094640.7553637,-4477662.59950537,2075,18719,1362621,-72.7153951,-37.276106,76,LAJA,1,27290,2021,1362621,REGION BIO BIO,8304,LAJA,SAN MARTIN,YUNGAY,0,"SAN MARTIN & YUNGAY, LAJA",CHILE,GEOMETRIC_CENTER,37641,2021,1362621,1,2021/07/11 00:00:00+00,1899/12/30 00:00:00+00,8,REGION BIO BIO,8304,LAJA,65,CHOQUE LADO/LADO,40,CHOQUE,1,URBANA,1,TRAMO DE VIA RECTA,1,IMPRUDENCIA DEL CONDUCTOR,29,CONDUCCION CAMBIAR SORPRESIVAMENTE PISTA CIRCULACION,0,SAN MARTIN,0,YUNGAY,SAN MARTIN - YUNGAY,0, , , , ,1,1,2,BIDIRECCIONAL,2,ASFALTO,1,BUENO,1,SECO,1,DESPEJADO,0,0,0,0,2
-8094495.26078923,-4477570.25407237,2076,18720,1408325,-72.7140881,-37.2754459,76,LAJA,1,57626,2021,1408325,REGION BIO BIO,8304,LAJA,SAN MARTIN,GABRIELA MISTRAL,0,"SAN MARTIN & GABRIELA MISTRAL, LAJA",CHILE,GEOMETRIC_CENTER,78247,2021,1408325,1,2021/12/21 00:00:00+00,1899/12/30 00:00:00+00,8,REGION BIO BIO,8304,LAJA,10,ATROPELLO,10,ATROPELLO,1,URBANA,15,CRUCE CON SEÑAL CEDA EL PASO,1,IMPRUDENCIA DEL CONDUCTOR,27,CONDUCCION NO ATENTO CONDICIONES TRANSITO MOMENTO,0,SAN MARTIN,0,GABRIELA MISTRAL,GABRIELA MISTRAL - SAN MARTIN,0, , , , ,1,1,2,BIDIRECCIONAL,2,ASFALTO,1,BUENO,1,SECO,1,DESPEJADO,0,0,0,1,1
-8094333.78073589,-4477248.66717721,2077,18721,1406048,-72.7126375,-37.2731471,76,LAJA,1,56837,2021,1406048,REGION BIO BIO,8304,LAJA,SAN MARTIN, ,604,"SAN MARTIN 604, LAJA",CHILE,RANGE_INTERPOLATED,77222,2021,1406048,1,2021/12/18 00:00:00+00,1899/12/30 00:00:00+00,8,REGION BIO BIO,8304,LAJA,31,COLISION FRONTAL,30,COLISION,1,URBANA,2,TRAMO DE VIA CURVA HORIZONTAL,4,ALCOHOL EN CONDUCTOR,24,CONDUCCION EN ESTADO DE EBRIEDAD,0,SAN MARTIN,0, ,- SAN MARTIN,604, , , , ,1,1,2,BIDIRECCIONAL,2,ASFALTO,1,BUENO,1,SECO,1,DESPEJADO,0,0,0,1,1
-8093152.29132035,-4477143.59539008,2078,18722,1324576,-72.702024,-37.272396,76,LAJA,1,529,2021,1324576,REGION BIO BIO,8304,LAJA,CAMINO VECINAL QUELEN QUELEN, ,1,"CAMINO VECINAL QUELEN QUELEN 1, LAJA",CHILE,RANGE_INTERPOLATED,735,2021,1324576,1,2021/01/04 00:00:00+00,1899/12/30 00:00:00+00,8,REGION BIO BIO,8304,LAJA,62,CHOQUE FRENTE/LADO,40,CHOQUE,2,RURAL,1,TRAMO DE VIA RECTA,1,IMPRUDENCIA DEL CONDUCTOR,27,CONDUCCION NO ATENTO CONDICIONES TRANSITO MOMENTO,0,CAMINO VECINAL QUELEN QUELEN,0, , ,1, , , , ,1,1,2,BIDIRECCIONAL,5,RIPIO,2,REGULAR,0, ,1,DESPEJADO,0,0,0,1,1
-8094501.51694462,-4477109.07063279,2079,18723,1376366,-72.7141443,-37.2721492,76,LAJA,1,36488,2021,1376366,REGION BIO BIO,8304,LAJA,LOS RIOS, ,468,"LOS RIOS 468, LAJA",CHILE,RANGE_INTERPOLATED,50205,2021,1376366,1,2021/09/01 00:00:00+00,1899/12/30 00:00:00+00,8,REGION BIO BIO,8304,LAJA,32,COLISION LATERAL,30,COLISION,1,URBANA,1,TRAMO DE VIA RECTA,1,IMPRUDENCIA DEL CONDUCTOR,27,CONDUCCION NO ATENTO CONDICIONES TRANSITO MOMENTO,0,LOS RIOS,0, ,- LOS RIOS,468, , , , ,1,1,2,BIDIRECCIONAL,2,ASFALTO,1,BUENO,1,SECO,1,DESPEJADO,0,0,0,1,1
-8094409.08837141,-4477005.52501755,2080,18724,1337741,-72.713314,-37.271409,76,LAJA,1,9522,2021,1337741,REGION BIO BIO,8304,LAJA,LAVANDEROS,LOS RIOS,0,"LAVANDEROS & LOS RIOS, LAJA",CHILE,GEOMETRIC_CENTER,13274,2021,1337741,1,2021/03/09 00:00:00+00,1899/12/30 00:00:00+00,8,REGION BIO BIO,8304,LAJA,32,COLISION LATERAL,30,COLISION,1,URBANA,14,CRUCE CON SEÑAL PARE,10,DESOBEDIENCIA A SEÑALIZACION,65,SEÑALIZACION DESOBEDECER SEÑAL PARE,0,LAVANDEROS,0,LOS RIOS,LAVANDEROS - LOS RIOS,0, , , , ,1,1,2,BIDIRECCIONAL,2,ASFALTO,1,BUENO,1,SECO,1,DESPEJADO,0,0,0,3,0
-8094409.08837141,-4477005.52501755,2081,18725,1390169,-72.713314,-37.271409,76,LAJA,1,45359,2021,1390169,REGION BIO BIO,8304,LAJA,LAVANDEROS,LOS RIOS,0,"LAVANDEROS & LOS RIOS, LAJA",CHILE,GEOMETRIC_CENTER,62005,2021,1390169,1,2021/10/19 00:00:00+00,1899/12/30 00:00:00+00,8,REGION BIO BIO,8304,LAJA,32,COLISION LATERAL,30,COLISION,1,URBANA,2,TRAMO DE VIA CURVA HORIZONTAL,1,IMPRUDENCIA DEL CONDUCTOR,27,CONDUCCION NO ATENTO CONDICIONES TRANSITO MOMENTO,0,LAVANDEROS,0,LOS RIOS,LAVANDEROS - LOS RIOS,0, , , , ,1,1,2,BIDIRECCIONAL,1,CONCRETO,1,BUENO,1,SECO,1,DESPEJADO,0,0,0,0,2