X,Y,FID,FID_1,LABELID,POINT_X,POINT_Y,FID_2,COMUNAREAL,VAL_COM,OBJECTID,A_O,IDACCIDENT,REGION,COD_COMUN,COMUNA,CALLE_UNO,CALLE_DOS,NUMERO,DIR_GEOCOD,PAIS,TIPO,OBJECTID_1,Año,Idaccide_1,Claseaccid,Fecha,Hora,Cód_Regi,Región,Cód_Comun,Comuna_1,Cód_Tipo_,Tipo_Accid,Cód_Tipo1,Tipo__CONA,Cód_Zona,Zona,Cód_Ubica,Ubicación,Cód_Causa,Causa__CON,Cód_Cau_1,Causa,Cód_Calle,Calle_Un_1,Cód_Cal_1,Calle_Do_1,Intersecci,Número,Ruta,Cód_Ruta,Ubicaci_1,Km_Vía_Fe,Pistas_de_,Pistas_de1,Cód_Calza,Calzada,Cód__Tipo,Tipo_Calza,Cód_Estad,Estado_Cal,Cód_Condi,Condición,Cód_Est_1,Estado_Atm,Fallecidos,Graves,Menos_Grav,Leves,Ilesos
-8094409.08837141,-4477005.52501755,2082,18726,1392950,-72.713314,-37.271409,76,LAJA,1,46165,2021,1392950,REGION BIO BIO,8304,LAJA,EL PINO,LOS RIOS,0,"EL PINO & LOS RIOS, LAJA",CHILE,GEOMETRIC_CENTER,63061,2021,1392950,1,2021/10/24 00:00:00+00,1899/12/30 00:00:00+00,8,REGION BIO BIO,8304,LAJA,32,COLISION LATERAL,30,COLISION,2,RURAL,1,TRAMO DE VIA RECTA,1,IMPRUDENCIA DEL CONDUCTOR,27,CONDUCCION NO ATENTO CONDICIONES TRANSITO MOMENTO,0,EL PINO,0,LOS RIOS,EL PINO - LOS RIOS,0, , , , ,1,1,2,BIDIRECCIONAL,1,CONCRETO,1,BUENO,1,SECO,1,DESPEJADO,0,0,1,0,1
-8094190.42349564,-4476903.30934345,2083,18727,1346217,-72.7113497,-37.2706783,76,LAJA,1,14823,2021,1346217,REGION BIO BIO,8304,LAJA,SAN MARTIN, ,755,"SAN MARTIN 755, LAJA",CHILE,RANGE_INTERPOLATED,20436,2021,1346217,1,2021/04/21 00:00:00+00,1899/12/30 00:00:00+00,8,REGION BIO BIO,8304,LAJA,30,COLISION,30,COLISION,1,URBANA,1,TRAMO DE VIA RECTA,1,IMPRUDENCIA DEL CONDUCTOR,11,ADELANTAMIENTO SIN EL ESPACIO O TIEMPO SUFICIENTE,0,SAN MARTIN,0, ,- SAN MARTIN,755, , , , ,1,1,2,BIDIRECCIONAL,2,ASFALTO,1,BUENO,3,MOJADO,3,LLUVIA,0,0,0,0,2
-8094242.10913522,-4476752.19087522,2084,18728,1395795,-72.711814,-37.269598,76,LAJA,1,50357,2021,1395795,REGION BIO BIO,8304,LAJA,LOS RIOS, ,801,"LOS RIOS 801, LAJA",CHILE,RANGE_INTERPOLATED,68602,2021,1395795,1,2021/11/15 00:00:00+00,1899/12/30 00:00:00+00,8,REGION BIO BIO,8304,LAJA,67,CHOQUE POSTERIOR/FRENTE,40,CHOQUE,1,URBANA,1,TRAMO DE VIA RECTA,1,IMPRUDENCIA DEL CONDUCTOR,27,CONDUCCION NO ATENTO CONDICIONES TRANSITO MOMENTO,0,LOS RIOS,0, ,- LOS RIOS,801, , , , ,1,1,2,BIDIRECCIONAL,2,ASFALTO,1,BUENO,3,MOJADO,4,LLOVIZNA,0,0,0,0,2
-8094196.80210247,-4476615.80422747,2085,18729,1380843,-72.711407,-37.268623,76,LAJA,1,39770,2021,1380843,REGION BIO BIO,8304,LAJA,LOS RIOS, ,860,"LOS RIOS 860, LAJA",CHILE,RANGE_INTERPOLATED,54623,2021,1380843,1,2021/09/19 00:00:00+00,1899/12/30 00:00:00+00,8,REGION BIO BIO,8304,LAJA,30,COLISION,30,COLISION,1,URBANA,1,TRAMO DE VIA RECTA,7,VELOCIDAD IMPRUDENTE,72,VELOCIDAD NO RAZONABLE NI PRUDENTE,0,LOS RIOS,0, ,- LOS RIOS,860, , , , ,1,1,2,BIDIRECCIONAL,2,ASFALTO,1,BUENO,1,SECO,1,DESPEJADO,2,0,0,1,0
-8094085.2154449,-4476456.0032883,2086,18730,1398228,-72.7104046,-37.2674806,76,LAJA,1,50869,2021,1398228,REGION BIO BIO,8304,LAJA,LOS RIOS, ,745,"LOS RIOS 745, LAJA",CHILE,RANGE_INTERPOLATED,69246,2021,1398228,1,2021/11/17 00:00:00+00,1899/12/30 00:00:00+00,8,REGION BIO BIO,8304,LAJA,65,CHOQUE LADO/LADO,40,CHOQUE,1,URBANA,26,OTROS NO CONSIDERADOS,1,IMPRUDENCIA DEL CONDUCTOR,27,CONDUCCION NO ATENTO CONDICIONES TRANSITO MOMENTO,0,LOS RIOS,0, ,- LOS RIOS,745, , , , ,1,1,2,BIDIRECCIONAL,1,CONCRETO,1,BUENO,1,SECO,1,DESPEJADO,0,0,0,0,2
-8093580.09212347,-4476200.59819025,2087,18731,1338064,-72.705867,-37.2656547,76,LAJA,1,10268,2021,1338064,REGION BIO BIO,8304,LAJA,RUCAHUE, ,1009,"RUCAHUE 1009, LAJA",CHILE,RANGE_INTERPOLATED,14277,2021,1338064,1,2021/03/14 00:00:00+00,1899/12/30 00:00:00+00,8,REGION BIO BIO,8304,LAJA,10,ATROPELLO,10,ATROPELLO,1,URBANA,1,TRAMO DE VIA RECTA,2,IMPRUDENCIA DEL PEATON,53,IMPRUDENCIA DEL PEATON,0,RUCAHUE,0, ,- RUCAHUE,1009, , , , ,1,1,2,BIDIRECCIONAL,1,CONCRETO,1,BUENO,1,SECO,1,DESPEJADO,0,0,0,1,1
-8093903.92052219,-4475957.70402165,2088,18732,1333556,-72.708776,-37.2639182,76,LAJA,1,6670,2021,1333556,REGION BIO BIO,8304,LAJA,LOS RIOS, ,800,"LOS RIOS 800, LAJA",CHILE,RANGE_INTERPOLATED,9355,2021,1333556,1,2021/02/18 00:00:00+00,1899/12/30 00:00:00+00,8,REGION BIO BIO,8304,LAJA,67,CHOQUE POSTERIOR/FRENTE,40,CHOQUE,1,URBANA,1,TRAMO DE VIA RECTA,1,IMPRUDENCIA DEL CONDUCTOR,27,CONDUCCION NO ATENTO CONDICIONES TRANSITO MOMENTO,0,LOS RIOS,0, ,- LOS RIOS,800, , , , ,1,1,2,BIDIRECCIONAL,2,ASFALTO,1,BUENO,1,SECO,1,DESPEJADO,0,0,0,0,2
-8093903.92052219,-4475957.70402165,2089,18733,1404460,-72.708776,-37.2639182,76,LAJA,1,55213,2021,1404460,REGION BIO BIO,8304,LAJA,LOS RIOS, ,800,"LOS RIOS 800, LAJA",CHILE,RANGE_INTERPOLATED,75017,2021,1404460,1,2021/12/09 00:00:00+00,1899/12/30 00:00:00+00,8,REGION BIO BIO,8304,LAJA,10,ATROPELLO,10,ATROPELLO,1,URBANA,1,TRAMO DE VIA RECTA,14,OTRAS CAUSAS,98,OTRAS CAUSAS,0,LOS RIOS,0, ,- LOS RIOS,800, , , , ,1,1,2,BIDIRECCIONAL,2,ASFALTO,1,BUENO,1,SECO,1,DESPEJADO,0,0,0,2,0
-8196085.36129548,-4530580.40525391,2090,19655,1386905,-73.6266875,-37.6534178,66,LEBU,1,44027,2021,1386905,REGION BIO BIO,8201,LEBU,SANTA ROSA,LOS PEHUENCHES,0,"SANTA ROSA & LOS PEHUENCHES, LEBU",CHILE,GEOMETRIC_CENTER,60228,2021,1386905,1,2021/10/12 00:00:00+00,1899/12/30 00:00:00+00,8,REGION BIO BIO,8201,LEBU,31,COLISION FRONTAL,30,COLISION,1,URBANA,1,TRAMO DE VIA RECTA,1,IMPRUDENCIA DEL CONDUCTOR,29,CONDUCCION CAMBIAR SORPRESIVAMENTE PISTA CIRCULACION,0,SANTA ROSA,0,LOS PEHUENCHES,LOS PEHUENCHES - SANTA ROSA,0, , , , ,1,1,2,BIDIRECCIONAL,1,CONCRETO,1,BUENO,1,SECO,1,DESPEJADO,0,0,0,0,2
-8196085.36129548,-4530580.40525391,2091,19656,1401303,-73.6266875,-37.6534178,66,LEBU,1,53725,2021,1401303,REGION BIO BIO,8201,LEBU,LOS PEHUENCHES,SIN NUMERO,0,"LOS PEHUENCHES & SIN NUMERO, LEBU",CHILE,GEOMETRIC_CENTER,73013,2021,1401303,1,2021/12/02 00:00:00+00,1899/12/30 00:00:00+00,8,REGION BIO BIO,8201,LEBU,53,CHOQUE POSTERIOR,40,CHOQUE,2,RURAL,26,OTROS NO CONSIDERADOS,1,IMPRUDENCIA DEL CONDUCTOR,27,CONDUCCION NO ATENTO CONDICIONES TRANSITO MOMENTO,0,LOS PEHUENCHES,0,SIN NUMERO,LOS PEHUENCHES - SIN NUMERO,0, , , , ,1,1,2,BIDIRECCIONAL,2,ASFALTO,1,BUENO,1,SECO,1,DESPEJADO,0,0,0,0,1
-8197804.63517104,-4525021.14421687,2092,19657,1393838,-73.642132,-37.613869,66,LEBU,1,48566,2021,1393838,REGION BIO BIO,8201,LEBU,LUIS URIBE, ,624,"LUIS URIBE 624, LEBU",CHILE,RANGE_INTERPOLATED,66214,2021,1393838,1,2021/11/06 00:00:00+00,1899/12/30 00:00:00+00,8,REGION BIO BIO,8201,LEBU,63,CHOQUE FRENTE/POSTERIOR,40,CHOQUE,1,URBANA,1,TRAMO DE VIA RECTA,4,ALCOHOL EN CONDUCTOR,24,CONDUCCION EN ESTADO DE EBRIEDAD,0,LUIS URIBE,0, ,- LUIS URIBE,624, , , , ,1,0,1,UNIDIRECCIONAL,2,ASFALTO,1,BUENO,1,SECO,1,DESPEJADO,0,0,0,0,2
-8199192.90054072,-4524666.20025444,2093,19658,1381885,-73.654603,-37.6113432,66,LEBU,1,40579,2021,1381885,REGION BIO BIO,8201,LEBU,ANDRES BELLO,RIOSECO,0,"ANDRES BELLO & RIOSECO, LEBU",CHILE,GEOMETRIC_CENTER,55699,2021,1381885,1,2021/09/24 00:00:00+00,1899/12/30 00:00:00+00,8,REGION BIO BIO,8201,LEBU,33,COLISION POR ALCANCE,30,COLISION,1,URBANA,14,CRUCE CON SEÑAL PARE,14,OTRAS CAUSAS,98,OTRAS CAUSAS,0,ANDRES BELLO,0,RIOSECO,ANDRES BELLO - RIOSECO,0, , , , ,2,0,1,UNIDIRECCIONAL,2,ASFALTO,1,BUENO,1,SECO,1,DESPEJADO,0,0,0,0,3
-8199225.56167932,-4524652.3023455,2094,19659,1370055,-73.6548964,-37.6112443,66,LEBU,1,32020,2021,1370055,REGION BIO BIO,8201,LEBU,ANDRES BELLO, ,130,"ANDRES BELLO 130, LEBU",CHILE,RANGE_INTERPOLATED,44190,2021,1370055,1,2021/08/07 00:00:00+00,1899/12/30 00:00:00+00,8,REGION BIO BIO,8201,LEBU,63,CHOQUE FRENTE/POSTERIOR,40,CHOQUE,1,URBANA,1,TRAMO DE VIA RECTA,9,PERDIDA CONTROL VEHICULO,95,PERDIDA CONTROL VEHICULO,0,ANDRES BELLO,0, ,- ANDRES BELLO,130, , , , ,1,0,1,UNIDIRECCIONAL,2,ASFALTO,1,BUENO,1,SECO,1,DESPEJADO,0,0,1,1,2
-8198057.05211641,-4524613.43326653,2095,19660,1352100,-73.6443995,-37.6109677,66,LEBU,1,20138,2021,1352100,REGION BIO BIO,8201,LEBU,CARLOS CONDELL, ,577,"CARLOS CONDELL 577, LEBU",CHILE,RANGE_INTERPOLATED,27734,2021,1352100,1,2021/05/27 00:00:00+00,1899/12/30 00:00:00+00,8,REGION BIO BIO,8201,LEBU,63,CHOQUE FRENTE/POSTERIOR,40,CHOQUE,1,URBANA,1,TRAMO DE VIA RECTA,14,OTRAS CAUSAS,98,OTRAS CAUSAS,0,CARLOS CONDELL,0, ,- CARLOS CONDELL,577, , , , ,1,0,1,UNIDIRECCIONAL,2,ASFALTO,1,BUENO,3,MOJADO,3,LLUVIA,0,0,0,0,1
-8199138.72134455,-4524539.01189037,2096,19661,1339507,-73.6541163,-37.6104381,66,LEBU,1,11210,2021,1339507,REGION BIO BIO,8201,LEBU,RIOSECO,FREIRE,0,"RIOSECO & FREIRE, LEBU",CHILE,GEOMETRIC_CENTER,15536,2021,1339507,1,2021/03/20 00:00:00+00,1899/12/30 00:00:00+00,8,REGION BIO BIO,8201,LEBU,32,COLISION LATERAL,30,COLISION,1,URBANA,15,CRUCE CON SEÑAL CEDA EL PASO,10,DESOBEDIENCIA A SEÑALIZACION,64,SEÑALIZACION DESOBEDECER SEÑAL CEDA EL PASO,0,RIOSECO,0,FREIRE,FREIRE - RIOSECO,0, , , , ,1,0,1,UNIDIRECCIONAL,2,ASFALTO,1,BUENO,1,SECO,1,DESPEJADO,0,1,1,1,0
-8199682.73969606,-4524538.66058226,2097,19662,1397950,-73.6590033,-37.6104356,66,LEBU,1,51604,2021,1397950,REGION BIO BIO,8201,LEBU,DOCTOR ORELLANA, ,54,"DOCTOR ORELLANA 54, LEBU",CHILE,RANGE_INTERPOLATED,70189,2021,1397950,1,2021/11/20 00:00:00+00,1899/12/30 00:00:00+00,8,REGION BIO BIO,8201,LEBU,33,COLISION POR ALCANCE,30,COLISION,1,URBANA,1,TRAMO DE VIA RECTA,13,CAUSAS NO DETERMINADAS,97,CAUSAS NO DETERMINADAS,0,DOCTOR ORELLANA,0, ,- DOCTOR ORELLANA,54, , , , ,1,0,1,UNIDIRECCIONAL,2,ASFALTO,2,REGULAR,1,SECO,1,DESPEJADO,0,0,0,0,2
-8199265.52537651,-4524480.25928628,2098,19663,1329775,-73.6552554,-37.61002,66,LEBU,1,4417,2021,1329775,REGION BIO BIO,8201,LEBU,FREIRE,SAAVEDRA,0,"FREIRE & SAAVEDRA, LEBU",CHILE,GEOMETRIC_CENTER,6199,2021,1329775,1,2021/02/01 00:00:00+00,1899/12/30 00:00:00+00,8,REGION BIO BIO,8201,LEBU,61,CHOQUE FRENTE/FRENTE,40,CHOQUE,1,URBANA,14,CRUCE CON SEÑAL PARE,10,DESOBEDIENCIA A SEÑALIZACION,65,SEÑALIZACION DESOBEDECER SEÑAL PARE,0,FREIRE,0,SAAVEDRA,FREIRE - SAAVEDRA,0, , , , ,2,0,1,UNIDIRECCIONAL,1,CONCRETO,1,BUENO,1,SECO,1,DESPEJADO,0,0,0,0,2
-8199669.72644758,-4524432.27097766,2099,19664,1374849,-73.6588864,-37.6096785,66,LEBU,1,34946,2021,1374849,REGION BIO BIO,8201,LEBU,JUAN ANTONIO RIOS,ANDRES BELLO,0,"JUAN ANTONIO RIOS & ANDRES BELLO, LEBU",CHILE,GEOMETRIC_CENTER,48179,2021,1374849,1,2021/08/24 00:00:00+00,1899/12/30 00:00:00+00,8,REGION BIO BIO,8201,LEBU,10,ATROPELLO,10,ATROPELLO,1,URBANA,26,OTROS NO CONSIDERADOS,1,IMPRUDENCIA DEL CONDUCTOR,27,CONDUCCION NO ATENTO CONDICIONES TRANSITO MOMENTO,0,JUAN ANTONIO RIOS,0,ANDRES BELLO,ANDRES BELLO - JUAN ANTONIO RIOS,0, , , , ,1,0,1,UNIDIRECCIONAL,1,CONCRETO,1,BUENO,1,SECO,1,DESPEJADO,0,0,1,0,1
-8199399.42046004,-4524426.52363717,2100,19665,1391633,-73.6564582,-37.6096376,66,LEBU,1,46789,2021,1391633,REGION BIO BIO,8201,LEBU,BLANCO ENCALADA,JOSE JOAQUIN PEREZ,0,"BLANCO ENCALADA & JOSE JOAQUIN PEREZ, LEBU",CHILE,GEOMETRIC_CENTER,63844,2021,1391633,1,2021/10/27 00:00:00+00,1899/12/30 00:00:00+00,8,REGION BIO BIO,8201,LEBU,51,CHOQUE FRONTAL,40,CHOQUE,1,URBANA,26,OTROS NO CONSIDERADOS,1,IMPRUDENCIA DEL CONDUCTOR,27,CONDUCCION NO ATENTO CONDICIONES TRANSITO MOMENTO,0,BLANCO ENCALADA,0,JOSE JOAQUIN PEREZ,BLANCO ENCALADA - JOSE JOAQUIN PEREZ,0, , , , ,1,1,2,BIDIRECCIONAL,1,CONCRETO,1,BUENO,1,SECO,1,DESPEJADO,0,0,0,1,0
-8199399.42046004,-4524426.52363717,2101,19666,1391699,-73.6564582,-37.6096376,66,LEBU,1,47052,2021,1391699,REGION BIO BIO,8201,LEBU,JOSE JOAQUIN PEREZ, ,205,"JOSE JOAQUIN PEREZ 205, LEBU",CHILE,RANGE_INTERPOLATED,64183,2021,1391699,1,2021/10/29 00:00:00+00,1899/12/30 00:00:00+00,8,REGION BIO BIO,8201,LEBU,32,COLISION LATERAL,30,COLISION,1,URBANA,1,TRAMO DE VIA RECTA,1,IMPRUDENCIA DEL CONDUCTOR,27,CONDUCCION NO ATENTO CONDICIONES TRANSITO MOMENTO,0,JOSE JOAQUIN PEREZ,0, ,- JOSE JOAQUIN PEREZ,205, , , , ,1,1,2,BIDIRECCIONAL,1,CONCRETO,1,BUENO,1,SECO,1,DESPEJADO,0,0,0,0,2
-8199399.42046004,-4524426.52363717,2102,19667,1405757,-73.6564582,-37.6096376,66,LEBU,1,56739,2021,1405757,REGION BIO BIO,8201,LEBU,JOSE JOAQUIN PEREZ, ,487,"JOSE JOAQUIN PEREZ 487, LEBU",CHILE,RANGE_INTERPOLATED,77096,2021,1405757,1,2021/12/17 00:00:00+00,1899/12/30 00:00:00+00,8,REGION BIO BIO,8201,LEBU,10,ATROPELLO,10,ATROPELLO,1,URBANA,1,TRAMO DE VIA RECTA,1,IMPRUDENCIA DEL CONDUCTOR,27,CONDUCCION NO ATENTO CONDICIONES TRANSITO MOMENTO,0,JOSE JOAQUIN PEREZ,0, ,- JOSE JOAQUIN PEREZ,487, , , , ,2,0,1,UNIDIRECCIONAL,2,ASFALTO,1,BUENO,1,SECO,1,DESPEJADO,0,0,0,1,1
-8200184.51230081,-4524334.62282738,2103,19668,1374818,-73.6635108,-37.6089836,66,LEBU,1,34745,2021,1374818,REGION BIO BIO,8201,LEBU,PIQUE ANITA, ,52,"PIQUE ANITA 52, LEBU",CHILE,RANGE_INTERPOLATED,47922,2021,1374818,1,2021/08/23 00:00:00+00,1899/12/30 00:00:00+00,8,REGION BIO BIO,8201,LEBU,10,ATROPELLO,10,ATROPELLO,1,URBANA,1,TRAMO DE VIA RECTA,1,IMPRUDENCIA DEL CONDUCTOR,27,CONDUCCION NO ATENTO CONDICIONES TRANSITO MOMENTO,0,PIQUE ANITA,0, ,- PIQUE ANITA,52, , , , ,1,1,2,BIDIRECCIONAL,2,ASFALTO,1,BUENO,1,SECO,1,DESPEJADO,0,0,0,1,0
-8198946.36126446,-4524302.26100678,2104,19669,1373031,-73.6523883,-37.6087533,66,LEBU,1,34433,2021,1373031,REGION BIO BIO,8201,LEBU,IGNACIO CARRERA PINTO,BLANCO ENCALADA,0,"IGNACIO CARRERA PINTO & BLANCO ENCALADA, LEBU",CHILE,GEOMETRIC_CENTER,47465,2021,1373031,1,2021/08/20 00:00:00+00,1899/12/30 00:00:00+00,8,REGION BIO BIO,8201,LEBU,32,COLISION LATERAL,30,COLISION,1,URBANA,14,CRUCE CON SEÑAL PARE,10,DESOBEDIENCIA A SEÑALIZACION,65,SEÑALIZACION DESOBEDECER SEÑAL PARE,0,IGNACIO CARRERA PINTO,0,BLANCO ENCALADA,BLANCO ENCALADA - IGNACIO CARRERA PINTO,0, , , , ,1,1,2,BIDIRECCIONAL,2,ASFALTO,1,BUENO,3,MOJADO,3,LLUVIA,0,0,0,0,1
-8199032.16632796,-4524282.18070907,2105,19670,1354662,-73.6531591,-37.6086104,66,LEBU,1,21769,2021,1354662,REGION BIO BIO,8201,LEBU,CARRERA,RIOSECO,0,"CARRERA & RIOSECO, LEBU",CHILE,GEOMETRIC_CENTER,30007,2021,1354662,1,2021/06/07 00:00:00+00,1899/12/30 00:00:00+00,8,REGION BIO BIO,8201,LEBU,33,COLISION POR ALCANCE,30,COLISION,1,URBANA,1,TRAMO DE VIA RECTA,1,IMPRUDENCIA DEL CONDUCTOR,27,CONDUCCION NO ATENTO CONDICIONES TRANSITO MOMENTO,0,CARRERA,0,RIOSECO,CARRERA - RIOSECO,0, , , , ,2,0,1,UNIDIRECCIONAL,1,CONCRETO,1,BUENO,1,SECO,1,DESPEJADO,0,0,0,0,1
-8198712.05600024,-4524275.30929345,2106,19671,1329757,-73.6502835,-37.6085615,66,LEBU,1,4181,2021,1329757,REGION BIO BIO,8201,LEBU,PEDRO AGUIRRE CERDA,BULNES,0,"PEDRO AGUIRRE CERDA & BULNES, LEBU",CHILE,GEOMETRIC_CENTER,5866,2021,1329757,1,2021/01/30 00:00:00+00,1899/12/30 00:00:00+00,8,REGION BIO BIO,8201,LEBU,68,CHOQUE POSTERIOR/LADO,40,CHOQUE,1,URBANA,1,TRAMO DE VIA RECTA,1,IMPRUDENCIA DEL CONDUCTOR,27,CONDUCCION NO ATENTO CONDICIONES TRANSITO MOMENTO,0,PEDRO AGUIRRE CERDA,0,BULNES,BULNES - PEDRO AGUIRRE CERDA,0, , , , ,2,0,1,UNIDIRECCIONAL,1,CONCRETO,1,BUENO,1,SECO,1,DESPEJADO,0,0,0,0,1
-8199471.789261,-4524245.84235378,2107,19672,1323562,-73.6571083,-37.6083518,66,LEBU,1,669,2021,1323562,REGION BIO BIO,8201,LEBU,MACKAY,O'HIGGINS,0,"MACKAY & O'HIGGINS, LEBU",CHILE,GEOMETRIC_CENTER,925,2021,1323562,1,2021/01/05 00:00:00+00,1899/12/30 00:00:00+00,8,REGION BIO BIO,8201,LEBU,32,COLISION LATERAL,30,COLISION,1,URBANA,15,CRUCE CON SEÑAL CEDA EL PASO,10,DESOBEDIENCIA A SEÑALIZACION,64,SEÑALIZACION DESOBEDECER SEÑAL CEDA EL PASO,0,MACKAY,0,O'HIGGINS,MACKAY - O'HIGGINS,0, , , , ,1,0,1,UNIDIRECCIONAL,2,ASFALTO,1,BUENO,1,SECO,1,DESPEJADO,0,0,0,2,1
-8199162.22088906,-4524223.65437917,2108,19673,1333658,-73.6543274,-37.6081939,66,LEBU,1,7125,2021,1333658,REGION BIO BIO,8201,LEBU,SAAVEDRA,CARRERA,0,"SAAVEDRA & CARRERA, LEBU",CHILE,GEOMETRIC_CENTER,10004,2021,1333658,1,2021/02/22 00:00:00+00,1899/12/30 00:00:00+00,8,REGION BIO BIO,8201,LEBU,32,COLISION LATERAL,30,COLISION,1,URBANA,15,CRUCE CON SEÑAL CEDA EL PASO,10,DESOBEDIENCIA A SEÑALIZACION,64,SEÑALIZACION DESOBEDECER SEÑAL CEDA EL PASO,0,SAAVEDRA,0,CARRERA,CARRERA - SAAVEDRA,0, , , , ,1,0,1,UNIDIRECCIONAL,2,ASFALTO,1,BUENO,1,SECO,1,DESPEJADO,0,0,0,0,2
-8199162.22088906,-4524223.65437917,2109,19674,1363519,-73.6543274,-37.6081939,66,LEBU,1,28135,2021,1363519,REGION BIO BIO,8201,LEBU,CARRERA,SAAVEDRA,0,"CARRERA & SAAVEDRA, LEBU",CHILE,GEOMETRIC_CENTER,38865,2021,1363519,1,2021/07/16 00:00:00+00,1899/12/30 00:00:00+00,8,REGION BIO BIO,8201,LEBU,10,ATROPELLO,10,ATROPELLO,1,URBANA,15,CRUCE CON SEÑAL CEDA EL PASO,1,IMPRUDENCIA DEL CONDUCTOR,31,NO RESPETAR DERECHO PREFERENTE DE PASO A PEATON,0,CARRERA,0,SAAVEDRA,CARRERA - SAAVEDRA,0, , , , ,1,0,1,UNIDIRECCIONAL,2,ASFALTO,1,BUENO,1,SECO,1,DESPEJADO,0,0,1,0,1
-8199095.28447924,-4524215.12487898,2110,19675,1366353,-73.6537261,-37.6081332,66,LEBU,1,29565,2021,1366353,REGION BIO BIO,8201,LEBU,YENECO, ,1,"YENECO 1, LEBU",CHILE,RANGE_INTERPOLATED,40883,2021,1366353,1,2021/07/25 00:00:00+00,1899/12/30 00:00:00+00,8,REGION BIO BIO,8201,LEBU,69,CHOQUE POSTERIOR/POSTERIOR,40,CHOQUE,1,URBANA,26,OTROS NO CONSIDERADOS,4,ALCOHOL EN CONDUCTOR,24,CONDUCCION EN ESTADO DE EBRIEDAD,0,YENECO,0, ,- YENECO,1, , , , ,2,0,1,UNIDIRECCIONAL,2,ASFALTO,2,REGULAR,1,SECO,1,DESPEJADO,0,0,0,1,0
-8198542.22698509,-4524190.74487975,2111,19676,1383294,-73.6487579,-37.6079597,66,LEBU,0,40816,2021,1383294,REGION BIO BIO,8304,LAJA,LOS MANZANOS,LAS LILAS,0,"LOS MANZANOS & LAS LILAS, LAJA",CHILE,GEOMETRIC_CENTER,56013,2021,1383294,1,2021/09/25 00:00:00+00,1899/12/30 00:00:00+00,8,REGION BIO BIO,8304,LAJA,30,COLISION,30,COLISION,1,URBANA,15,CRUCE CON SEÑAL CEDA EL PASO,1,IMPRUDENCIA DEL CONDUCTOR,27,CONDUCCION NO ATENTO CONDICIONES TRANSITO MOMENTO,0,LOS MANZANOS,0,LAS LILAS,LAS LILAS - LOS MANZANOS,0, , , , ,1,1,2,BIDIRECCIONAL,2,ASFALTO,1,BUENO,1,SECO,2,NUBLADO,0,0,0,2,0
-8198904.42721228,-4524180.24814832,2112,19677,1379967,-73.6520116,-37.607885,66,LEBU,1,38312,2021,1379967,REGION BIO BIO,8201,LEBU,BULNES, ,130,"BULNES 130, LEBU",CHILE,RANGE_INTERPOLATED,52611,2021,1379967,1,2021/09/11 00:00:00+00,1899/12/30 00:00:00+00,8,REGION BIO BIO,8201,LEBU,69,CHOQUE POSTERIOR/POSTERIOR,40,CHOQUE,1,URBANA,26,OTROS NO CONSIDERADOS,1,IMPRUDENCIA DEL CONDUCTOR,27,CONDUCCION NO ATENTO CONDICIONES TRANSITO MOMENTO,0,BULNES,0, ,- BULNES,130, , , , ,1,1,2,BIDIRECCIONAL,2,ASFALTO,1,BUENO,3,MOJADO,3,LLUVIA,0,0,0,0,2
-8198904.42721228,-4524180.24814832,2113,19678,1380005,-73.6520116,-37.607885,66,LEBU,1,39397,2021,1380005,REGION BIO BIO,8201,LEBU,BULNES, ,130,"BULNES 130, LEBU",CHILE,RANGE_INTERPOLATED,54106,2021,1380005,1,2021/09/17 00:00:00+00,1899/12/30 00:00:00+00,8,REGION BIO BIO,8201,LEBU,62,CHOQUE FRENTE/LADO,40,CHOQUE,1,URBANA,26,OTROS NO CONSIDERADOS,1,IMPRUDENCIA DEL CONDUCTOR,27,CONDUCCION NO ATENTO CONDICIONES TRANSITO MOMENTO,0,BULNES,0, ,- BULNES,130, , , , ,1,1,2,BIDIRECCIONAL,2,ASFALTO,1,BUENO,1,SECO,1,DESPEJADO,0,0,0,0,1
-8199427.6733468,-4524161.41869666,2114,19679,1348674,-73.656712,-37.607751,66,LEBU,1,17435,2021,1348674,REGION BIO BIO,8201,LEBU,ARTURO PRAT,MACKAY,0,"ARTURO PRAT & MACKAY, LEBU",CHILE,GEOMETRIC_CENTER,24030,2021,1348674,1,2021/05/10 00:00:00+00,1899/12/30 00:00:00+00,8,REGION BIO BIO,8201,LEBU,32,COLISION LATERAL,30,COLISION,1,URBANA,14,CRUCE CON SEÑAL PARE,10,DESOBEDIENCIA A SEÑALIZACION,65,SEÑALIZACION DESOBEDECER SEÑAL PARE,0,ARTURO PRAT,0,MACKAY,ARTURO PRAT - MACKAY,0, , , , ,1,0,1,UNIDIRECCIONAL,2,ASFALTO,1,BUENO,1,SECO,1,DESPEJADO,0,0,0,2,0
-8199427.6733468,-4524161.41869666,2115,19680,1382568,-73.656712,-37.607751,66,LEBU,1,41073,2021,1382568,REGION BIO BIO,8201,LEBU,BLANCO ENCALADA,MACKAY,0,"BLANCO ENCALADA & MACKAY, LEBU",CHILE,GEOMETRIC_CENTER,56351,2021,1382568,1,2021/09/27 00:00:00+00,1899/12/30 00:00:00+00,8,REGION BIO BIO,8201,LEBU,32,COLISION LATERAL,30,COLISION,1,URBANA,26,OTROS NO CONSIDERADOS,1,IMPRUDENCIA DEL CONDUCTOR,27,CONDUCCION NO ATENTO CONDICIONES TRANSITO MOMENTO,0,BLANCO ENCALADA,0,MACKAY,BLANCO ENCALADA - MACKAY,0, , , , ,1,1,2,BIDIRECCIONAL,2,ASFALTO,1,BUENO,1,SECO,1,DESPEJADO,0,0,0,0,2