X,Y,FID,FID_1,LABELID,POINT_X,POINT_Y,FID_2,COMUNAREAL,VAL_COM,OBJECTID,A_O,IDACCIDENT,REGION,COD_COMUN,COMUNA,CALLE_UNO,CALLE_DOS,NUMERO,DIR_GEOCOD,PAIS,TIPO,OBJECTID_1,Año,Idaccide_1,Claseaccid,Fecha,Hora,Cód_Regi,Región,Cód_Comun,Comuna_1,Cód_Tipo_,Tipo_Accid,Cód_Tipo1,Tipo__CONA,Cód_Zona,Zona,Cód_Ubica,Ubicación,Cód_Causa,Causa__CON,Cód_Cau_1,Causa,Cód_Calle,Calle_Un_1,Cód_Cal_1,Calle_Do_1,Intersecci,Número,Ruta,Cód_Ruta,Ubicaci_1,Km_Vía_Fe,Pistas_de_,Pistas_de1,Cód_Calza,Calzada,Cód__Tipo,Tipo_Calza,Cód_Estad,Estado_Cal,Cód_Condi,Condición,Cód_Est_1,Estado_Atm,Fallecidos,Graves,Menos_Grav,Leves,Ilesos
-8199427.6733468,-4524161.41869666,2116,19681,1382578,-73.656712,-37.607751,66,LEBU,1,41138,2021,1382578,REGION BIO BIO,8201,LEBU,BLANCO ENCALADA,MACKAY,0,"BLANCO ENCALADA & MACKAY, LEBU",CHILE,GEOMETRIC_CENTER,56436,2021,1382578,1,2021/09/27 00:00:00+00,1899/12/30 00:00:00+00,8,REGION BIO BIO,8201,LEBU,32,COLISION LATERAL,30,COLISION,1,URBANA,15,CRUCE CON SEÑAL CEDA EL PASO,1,IMPRUDENCIA DEL CONDUCTOR,27,CONDUCCION NO ATENTO CONDICIONES TRANSITO MOMENTO,0,BLANCO ENCALADA,0,MACKAY,BLANCO ENCALADA - MACKAY,0, , , , ,1,1,2,BIDIRECCIONAL,2,ASFALTO,1,BUENO,1,SECO,1,DESPEJADO,0,1,0,0,2
-8198978.66618069,-4524149.32008928,2117,19682,1343016,-73.6526785,-37.6076649,66,LEBU,1,13291,2021,1343016,REGION BIO BIO,8201,LEBU,RIOSECO,BULNES,0,"RIOSECO & BULNES, LEBU",CHILE,GEOMETRIC_CENTER,18369,2021,1343016,1,2021/04/08 00:00:00+00,1899/12/30 00:00:00+00,8,REGION BIO BIO,8201,LEBU,10,ATROPELLO,10,ATROPELLO,1,URBANA,26,OTROS NO CONSIDERADOS,1,IMPRUDENCIA DEL CONDUCTOR,27,CONDUCCION NO ATENTO CONDICIONES TRANSITO MOMENTO,0,RIOSECO,0,BULNES,BULNES - RIOSECO,0, , , , ,1,0,1,UNIDIRECCIONAL,1,CONCRETO,1,BUENO,2,HUMEDO,1,DESPEJADO,0,1,0,0,1
-8198353.81874692,-4524124.84188118,2118,19683,1366361,-73.6470654,-37.6074907,66,LEBU,1,29902,2021,1366361,REGION BIO BIO,8201,LEBU,CARLOS CONDELL, ,181,"CARLOS CONDELL 181, LEBU",CHILE,RANGE_INTERPOLATED,41356,2021,1366361,1,2021/07/27 00:00:00+00,1899/12/30 00:00:00+00,8,REGION BIO BIO,8201,LEBU,10,ATROPELLO,10,ATROPELLO,1,URBANA,26,OTROS NO CONSIDERADOS,2,IMPRUDENCIA DEL PEATON,51,PEATON PERMANECE SOBRE LA CALZADA,0,CARLOS CONDELL,0, ,- CARLOS CONDELL,181, , , , ,2,0,1,UNIDIRECCIONAL,2,ASFALTO,1,BUENO,1,SECO,2,NUBLADO,0,0,0,1,1
-8198762.99579923,-4524065.68410633,2119,19684,1361114,-73.6507411,-37.6070697,66,LEBU,1,25853,2021,1361114,REGION BIO BIO,8201,LEBU,LATORRE,ARTURO PRAT,0,"LATORRE & ARTURO PRAT, LEBU",CHILE,GEOMETRIC_CENTER,35684,2021,1361114,1,2021/07/03 00:00:00+00,1899/12/30 00:00:00+00,8,REGION BIO BIO,8201,LEBU,33,COLISION POR ALCANCE,30,COLISION,2,RURAL,26,OTROS NO CONSIDERADOS,1,IMPRUDENCIA DEL CONDUCTOR,27,CONDUCCION NO ATENTO CONDICIONES TRANSITO MOMENTO,0,LATORRE,0,ARTURO PRAT,ARTURO PRAT - LATORRE,0, , , , ,2,0,1,UNIDIRECCIONAL,1,CONCRETO,1,BUENO,1,SECO,1,DESPEJADO,0,0,0,0,1
-8198703.98533716,-4524022.09586035,2120,19685,1377160,-73.650211,-37.6067595,66,LEBU,1,37246,2021,1377160,REGION BIO BIO,8201,LEBU,LATORRE, ,34,"LATORRE 34, LEBU",CHILE,RANGE_INTERPOLATED,51221,2021,1377160,1,2021/09/05 00:00:00+00,1899/12/30 00:00:00+00,8,REGION BIO BIO,8201,LEBU,32,COLISION LATERAL,30,COLISION,1,URBANA,26,OTROS NO CONSIDERADOS,1,IMPRUDENCIA DEL CONDUCTOR,27,CONDUCCION NO ATENTO CONDICIONES TRANSITO MOMENTO,0,LATORRE,0, ,- LATORRE,34, , , , ,1,1,3,BIDIRECCIONAL CON BANDEJON,1,CONCRETO,1,BUENO,1,SECO,1,DESPEJADO,0,0,0,0,1
-8198679.01637537,-4524011.1496466,2121,19686,1381869,-73.6499867,-37.6066816,66,LEBU,1,39820,2021,1381869,REGION BIO BIO,8201,LEBU,LATORRE,LUIS HIRIART,0,"LATORRE & LUIS HIRIART, LEBU",CHILE,GEOMETRIC_CENTER,54709,2021,1381869,1,2021/09/20 00:00:00+00,1899/12/30 00:00:00+00,8,REGION BIO BIO,8201,LEBU,51,CHOQUE FRONTAL,40,CHOQUE,1,URBANA,1,TRAMO DE VIA RECTA,14,OTRAS CAUSAS,98,OTRAS CAUSAS,0,LATORRE,0,LUIS HIRIART,LATORRE - LUIS HIRIART,0, , , , ,1,1,2,BIDIRECCIONAL,2,ASFALTO,1,BUENO,1,SECO,1,DESPEJADO,0,0,0,0,1
-8198684.6936694,-4523879.61330713,2122,19687,1377140,-73.6500377,-37.6057455,66,LEBU,1,37180,2021,1377140,REGION BIO BIO,8201,LEBU,BLANCO ENCALADA, ,1,"BLANCO ENCALADA 1, LEBU",CHILE,RANGE_INTERPOLATED,51123,2021,1377140,1,2021/09/05 00:00:00+00,1899/12/30 00:00:00+00,8,REGION BIO BIO,8201,LEBU,51,CHOQUE FRONTAL,40,CHOQUE,1,URBANA,1,TRAMO DE VIA RECTA,13,CAUSAS NO DETERMINADAS,97,CAUSAS NO DETERMINADAS,0,BLANCO ENCALADA,0, ,- BLANCO ENCALADA,1, , , , ,1,1,2,BIDIRECCIONAL,1,CONCRETO,1,BUENO,1,SECO,1,DESPEJADO,0,0,0,1,0
-8198684.6936694,-4523879.61330713,2123,19688,1408207,-73.6500377,-37.6057455,66,LEBU,1,58828,2021,1408207,REGION BIO BIO,8201,LEBU,BLANCO ENCALADA,LATORRE,0,"BLANCO ENCALADA & LATORRE, LEBU",CHILE,GEOMETRIC_CENTER,79942,2021,1408207,1,2021/12/28 00:00:00+00,1899/12/30 00:00:00+00,8,REGION BIO BIO,8201,LEBU,32,COLISION LATERAL,30,COLISION,1,URBANA,14,CRUCE CON SEÑAL PARE,1,IMPRUDENCIA DEL CONDUCTOR,27,CONDUCCION NO ATENTO CONDICIONES TRANSITO MOMENTO,0,BLANCO ENCALADA,0,LATORRE,BLANCO ENCALADA - LATORRE,0, , , , ,1,1,2,BIDIRECCIONAL,2,ASFALTO,1,BUENO,1,SECO,1,DESPEJADO,0,0,0,1,1
-8198684.6936694,-4523879.61330713,2124,19689,1409641,-73.6500377,-37.6057455,66,LEBU,1,58867,2021,1409641,REGION BIO BIO,8201,LEBU,EL ROSAL,SIN NUMERO,0,"EL ROSAL & SIN NUMERO, LEBU",CHILE,GEOMETRIC_CENTER,79996,2021,1409641,1,2021/12/28 00:00:00+00,1899/12/30 00:00:00+00,8,REGION BIO BIO,8201,LEBU,31,COLISION FRONTAL,30,COLISION,2,RURAL,2,TRAMO DE VIA CURVA HORIZONTAL,9,PERDIDA CONTROL VEHICULO,95,PERDIDA CONTROL VEHICULO,0,EL ROSAL,0,SIN NUMERO,EL ROSAL - SIN NUMERO,0, , , , ,1,1,2,BIDIRECCIONAL,2,ASFALTO,1,BUENO,1,SECO,1,DESPEJADO,0,1,0,3,0
-8199664.59461906,-4523805.77326088,2125,19690,1405690,-73.6588403,-37.60522,66,LEBU,1,56675,2021,1405690,REGION BIO BIO,8201,LEBU,CARLOS IBA??ªEZ DEL CAMPO,SIN NUMERO,0,"CARLOS IBA??ªEZ DEL CAMPO & SIN NUMERO, LEBU",CHILE,GEOMETRIC_CENTER,77014,2021,1405690,1,2021/12/17 00:00:00+00,1899/12/30 00:00:00+00,8,REGION BIO BIO,8201,LEBU,63,CHOQUE FRENTE/POSTERIOR,40,CHOQUE,1,URBANA,1,TRAMO DE VIA RECTA,13,CAUSAS NO DETERMINADAS,97,CAUSAS NO DETERMINADAS,0,CARLOS IBAÑEZ DEL CAMPO,0,SIN NUMERO,CARLOS IBAÑEZ DEL CAMPO - SIN NUMERO,0, , , , ,1,1,2,BIDIRECCIONAL,2,ASFALTO,1,BUENO,1,SECO,1,DESPEJADO,0,0,0,0,2
-8199466.76875197,-4523782.86960372,2126,19691,1361106,-73.6570632,-37.605057,66,LEBU,1,25247,2021,1361106,REGION BIO BIO,8201,LEBU,JUAN ANTONIO RIOS,ALCAZAR,0,"JUAN ANTONIO RIOS & ALCAZAR, LEBU",CHILE,GEOMETRIC_CENTER,34904,2021,1361106,1,2021/06/29 00:00:00+00,1899/12/30 00:00:00+00,8,REGION BIO BIO,8201,LEBU,32,COLISION LATERAL,30,COLISION,1,URBANA,14,CRUCE CON SEÑAL PARE,10,DESOBEDIENCIA A SEÑALIZACION,65,SEÑALIZACION DESOBEDECER SEÑAL PARE,0,JUAN ANTONIO RIOS,0,ALCAZAR,ALCAZAR - JUAN ANTONIO RIOS,0, , , , ,2,0,1,UNIDIRECCIONAL,2,ASFALTO,1,BUENO,1,SECO,1,DESPEJADO,0,0,0,0,1
-8199773.66545614,-4523662.15551362,2127,19692,1343041,-73.6598201,-37.6041979,66,LEBU,1,13530,2021,1343041,REGION BIO BIO,8201,LEBU,MANUEL BAQUEDANO,CAMILO HENRIQUEZ,0,"MANUEL BAQUEDANO & CAMILO HENRIQUEZ, LEBU",CHILE,GEOMETRIC_CENTER,18688,2021,1343041,1,2021/04/10 00:00:00+00,1899/12/30 00:00:00+00,8,REGION BIO BIO,8201,LEBU,10,ATROPELLO,10,ATROPELLO,1,URBANA,26,OTROS NO CONSIDERADOS,2,IMPRUDENCIA DEL PEATON,52,PEATON CRUZA CALZADA FORMA SORPRESIVA O DESCUIDADA,0,MANUEL BAQUEDANO,0,CAMILO HENRIQUEZ,CAMILO HENRIQUEZ - MANUEL BAQUEDANO,0, , , , ,2,0,1,UNIDIRECCIONAL,1,CONCRETO,1,BUENO,1,SECO,1,DESPEJADO,0,1,0,0,1
-8198217.49689849,-4523570.65485306,2128,19693,1380022,-73.6458408,-37.6035467,66,LEBU,1,39463,2021,1380022,REGION BIO BIO,8201,LEBU,IGNACIO CARRERA PINTO,CHACABUCO,0,"IGNACIO CARRERA PINTO & CHACABUCO, LEBU",CHILE,GEOMETRIC_CENTER,54190,2021,1380022,1,2021/09/17 00:00:00+00,1899/12/30 00:00:00+00,8,REGION BIO BIO,8201,LEBU,33,COLISION POR ALCANCE,30,COLISION,1,URBANA,1,TRAMO DE VIA RECTA,1,IMPRUDENCIA DEL CONDUCTOR,27,CONDUCCION NO ATENTO CONDICIONES TRANSITO MOMENTO,0,IGNACIO CARRERA PINTO,0,CHACABUCO,CHACABUCO - IGNACIO CARRERA PINTO,0, , , , ,1,1,2,BIDIRECCIONAL,2,ASFALTO,1,BUENO,1,SECO,1,DESPEJADO,0,0,0,0,2
-8198097.93976538,-4523365.17471624,2129,19694,1403699,-73.6447668,-37.6020843,66,LEBU,1,55880,2021,1403699,REGION BIO BIO,8201,LEBU,IGNACIO CARRERA PINTO,ESPIGON,0,"IGNACIO CARRERA PINTO & ESPIGON, LEBU",CHILE,GEOMETRIC_CENTER,75971,2021,1403699,1,2021/12/13 00:00:00+00,1899/12/30 00:00:00+00,8,REGION BIO BIO,8201,LEBU,33,COLISION POR ALCANCE,30,COLISION,1,URBANA,1,TRAMO DE VIA RECTA,1,IMPRUDENCIA DEL CONDUCTOR,28,CONDUCCION SIN MANTENER DISTANCIA RAZONABLE NI PRUDENTE,0,IGNACIO CARRERA PINTO,0,ESPIGON,ESPIGON - IGNACIO CARRERA PINTO,0, , , , ,1,1,2,BIDIRECCIONAL,2,ASFALTO,1,BUENO,1,SECO,1,DESPEJADO,0,0,0,0,2
-8198378.87676429,-4523222.33580298,2130,19695,1337068,-73.6472905,-37.6010677,66,LEBU,1,9639,2021,1337068,REGION BIO BIO,8201,LEBU,CHACABUCO,SIN NUMERO,0,"CHACABUCO & SIN NUMERO, LEBU",CHILE,GEOMETRIC_CENTER,13436,2021,1337068,1,2021/03/10 00:00:00+00,1899/12/30 00:00:00+00,8,REGION BIO BIO,8201,LEBU,31,COLISION FRONTAL,30,COLISION,1,URBANA,3,TRAMO DE VIA CURVA VERTICAL,9,PERDIDA CONTROL VEHICULO,95,PERDIDA CONTROL VEHICULO,0,CHACABUCO,0,SIN NUMERO,CHACABUCO - SIN NUMERO,0, , , , ,1,1,2,BIDIRECCIONAL,2,ASFALTO,1,BUENO,3,MOJADO,1,DESPEJADO,0,0,1,1,1
-8198378.87676429,-4523222.33580298,2131,19696,1391279,-73.6472905,-37.6010677,66,LEBU,1,45203,2021,1391279,REGION BIO BIO,8201,LEBU,CHACABUCO,SIN NUMERO,0,"CHACABUCO & SIN NUMERO, LEBU",CHILE,GEOMETRIC_CENTER,61796,2021,1391279,1,2021/10/18 00:00:00+00,1899/12/30 00:00:00+00,8,REGION BIO BIO,8201,LEBU,32,COLISION LATERAL,30,COLISION,2,RURAL,1,TRAMO DE VIA RECTA,4,ALCOHOL EN CONDUCTOR,24,CONDUCCION EN ESTADO DE EBRIEDAD,0,CHACABUCO,0,SIN NUMERO,CHACABUCO - SIN NUMERO,0, , , , ,1,1,2,BIDIRECCIONAL,2,ASFALTO,1,BUENO,1,SECO,1,DESPEJADO,0,0,0,1,2
-8198378.87676429,-4523222.33580298,2132,19697,1408122,-73.6472905,-37.6010677,66,LEBU,1,58662,2021,1408122,REGION BIO BIO,8201,LEBU,CHACABUCO,SIN NUMERO,0,"CHACABUCO & SIN NUMERO, LEBU",CHILE,GEOMETRIC_CENTER,79721,2021,1408122,1,2021/12/27 00:00:00+00,1899/12/30 00:00:00+00,8,REGION BIO BIO,8201,LEBU,10,ATROPELLO,10,ATROPELLO,1,URBANA,1,TRAMO DE VIA RECTA,7,VELOCIDAD IMPRUDENTE,74,VELOCIDAD EXCESO EN ZONA RESTRINGIDA,0,CHACABUCO,0,SIN NUMERO,CHACABUCO - SIN NUMERO,0, , , , ,1,1,2,BIDIRECCIONAL,2,ASFALTO,1,BUENO,1,SECO,1,DESPEJADO,0,0,0,1,1
-8142698.31462288,-4443214.23400542,2133,11037,1342984,-73.1471035,-37.0294622,96,CORONEL,1,13029,2021,1342984,REGION BIO BIO,8102,CORONEL,CARLOS PRATS, ,44,"CARLOS PRATS 44, CORONEL",CHILE,RANGE_INTERPOLATED,17988,2021,1342984,1,2021/04/06 00:00:00+00,1899/12/30 00:00:00+00,8,REGION BIO BIO,8102,CORONEL,32,COLISION LATERAL,30,COLISION,1,URBANA,1,TRAMO DE VIA RECTA,1,IMPRUDENCIA DEL CONDUCTOR,91,VIRAJES INDEBIDOS,0,CARLOS PRATS,0, ,- CARLOS PRATS,44, , , , ,2,2,2,BIDIRECCIONAL,1,CONCRETO,1,BUENO,1,SECO,1,DESPEJADO,0,1,0,0,1
-8142698.31462288,-4443214.23400542,2134,11038,1391419,-73.1471035,-37.0294622,96,CORONEL,1,46927,2021,1391419,REGION BIO BIO,8102,CORONEL,CARLOS PRATS, ,40,"CARLOS PRATS 40, CORONEL",CHILE,RANGE_INTERPOLATED,64016,2021,1391419,1,2021/10/28 00:00:00+00,1899/12/30 00:00:00+00,8,REGION BIO BIO,8102,CORONEL,70,VOLCADURA,70,VOLCADURA,1,URBANA,24,ROTONDA,9,PERDIDA CONTROL VEHICULO,95,PERDIDA CONTROL VEHICULO,0,CARLOS PRATS,0, ,- CARLOS PRATS,40, , , , ,1,1,2,BIDIRECCIONAL,2,ASFALTO,1,BUENO,1,SECO,1,DESPEJADO,0,0,0,1,0
-8142752.14872863,-4443107.95249118,2135,11039,1379496,-73.1475871,-37.0287,96,CORONEL,1,38181,2021,1379496,REGION BIO BIO,8102,CORONEL,CARLOS PRATS,COCHARANE,0,"CARLOS PRATS & COCHARANE, CORONEL",CHILE,GEOMETRIC_CENTER,52439,2021,1379496,1,2021/09/10 00:00:00+00,1899/12/30 00:00:00+00,8,REGION BIO BIO,8102,CORONEL,30,COLISION,30,COLISION,1,URBANA,15,CRUCE CON SEÑAL CEDA EL PASO,1,IMPRUDENCIA DEL CONDUCTOR,27,CONDUCCION NO ATENTO CONDICIONES TRANSITO MOMENTO,0,CARLOS PRATS,0,COCHARANE,CARLOS PRATS - COCHARANE,0, , , , ,1,0,1,UNIDIRECCIONAL,2,ASFALTO,1,BUENO,1,SECO,2,NUBLADO,0,0,1,0,1
-8147138.25911732,-4439161.87317719,2136,11076,1373348,-73.1869882,-37.0003952,96,CORONEL,3,33405,2021,1373348,REGION BIO BIO,8108,SAN PEDRO DE LA PAZ,DOS NORTE,COSTANERA,0,"DOS NORTE & COSTANERA, SAN PEDRO DE LA PAZ",CHILE,GEOMETRIC_CENTER,46045,2021,1373348,1,2021/08/15 00:00:00+00,1899/12/30 00:00:00+00,8,REGION BIO BIO,8108,SAN PEDRO DE LA PAZ,51,CHOQUE FRONTAL,40,CHOQUE,1,URBANA,1,TRAMO DE VIA RECTA,1,IMPRUDENCIA DEL CONDUCTOR,27,CONDUCCION NO ATENTO CONDICIONES TRANSITO MOMENTO,0,DOS NORTE,0,COSTANERA,COSTANERA - DOS NORTE,0, , , , ,1,1,2,BIDIRECCIONAL,1,CONCRETO,1,BUENO,1,SECO,1,DESPEJADO,0,0,0,1,0
-8135301.69105712,-4411945.31985798,2137,13547,1375174,-73.0806585,-36.8048869,175,HUALPEN,1,35851,2021,1375174,REGION BIO BIO,8112,HUALPEN,CRISTOBAL COLON, ,9836,"CRISTOBAL COLON 9836, HUALPEN",CHILE,RANGE_INTERPOLATED,49362,2021,1375174,1,2021/08/29 00:00:00+00,1899/12/30 00:00:00+00,8,REGION BIO BIO,8112,HUALPEN,51,CHOQUE FRONTAL,40,CHOQUE,1,URBANA,1,TRAMO DE VIA RECTA,4,ALCOHOL EN CONDUCTOR,24,CONDUCCION EN ESTADO DE EBRIEDAD,0,CRISTOBAL COLON,0, ,- CRISTOBAL COLON,9836, , , , ,2,2,3,BIDIRECCIONAL CON BANDEJON,1,CONCRETO,1,BUENO,1,SECO,1,DESPEJADO,0,0,0,0,1
-8135221.78592663,-4409331.36870963,2138,13830,1328482,-73.0799407,-36.7860834,175,HUALPEN,1,3868,2021,1328482,REGION BIO BIO,8112,HUALPEN,SANTA MARIA, ,7437,"SANTA MARIA 7437, HUALPEN",CHILE,RANGE_INTERPOLATED,5362,2021,1328482,1,2021/01/28 00:00:00+00,1899/12/30 00:00:00+00,8,REGION BIO BIO,8112,HUALPEN,50,CHOQUE,40,CHOQUE,1,URBANA,1,TRAMO DE VIA RECTA,13,CAUSAS NO DETERMINADAS,97,CAUSAS NO DETERMINADAS,0,SANTA MARIA,0, ,- SANTA MARIA,7437, , , , ,1,1,2,BIDIRECCIONAL,1,CONCRETO,1,BUENO,1,SECO,1,DESPEJADO,0,0,0,0,1
-8135227.71925549,-4409314.91147576,2139,13831,1337367,-73.079994,-36.785965,175,HUALPEN,1,9799,2021,1337367,REGION BIO BIO,8112,HUALPEN,O'HIGGINS,SANTA MARIA,0,"O'HIGGINS & SANTA MARIA, HUALPEN",CHILE,GEOMETRIC_CENTER,13654,2021,1337367,1,2021/03/11 00:00:00+00,1899/12/30 00:00:00+00,8,REGION BIO BIO,8112,HUALPEN,50,CHOQUE,40,CHOQUE,1,URBANA,14,CRUCE CON SEÑAL PARE,14,OTRAS CAUSAS,98,OTRAS CAUSAS,0,O'HIGGINS,0,SANTA MARIA,O'HIGGINS - SANTA MARIA,0, , , , ,2,2,3,BIDIRECCIONAL CON BANDEJON,1,CONCRETO,1,BUENO,1,SECO,1,DESPEJADO,0,0,0,0,2
-8135944.70583179,-4409147.85253165,2140,13841,1328840,-73.0864348,-36.7847631,175,HUALPEN,1,4019,2021,1328840,REGION BIO BIO,8112,HUALPEN,CRISTOBAL COLON, ,7655,"CRISTOBAL COLON 7655, HUALPEN",CHILE,RANGE_INTERPOLATED,5609,2021,1328840,1,2021/01/29 00:00:00+00,1899/12/30 00:00:00+00,8,REGION BIO BIO,8112,HUALPEN,30,COLISION,30,COLISION,1,URBANA,1,TRAMO DE VIA RECTA,1,IMPRUDENCIA DEL CONDUCTOR,29,CONDUCCION CAMBIAR SORPRESIVAMENTE PISTA CIRCULACION,0,CRISTOBAL COLON,0, ,- CRISTOBAL COLON,7655, , , , ,2,2,3,BIDIRECCIONAL CON BANDEJON,1,CONCRETO,1,BUENO,3,MOJADO,3,LLUVIA,0,0,0,0,2
-8135946.84316601,-4409113.13173212,2141,13844,1332663,-73.086454,-36.7845133,175,HUALPEN,1,6608,2021,1332663,REGION BIO BIO,8112,HUALPEN,CRISTOBAL COLON, ,7601,"CRISTOBAL COLON 7601, HUALPEN",CHILE,RANGE_INTERPOLATED,9258,2021,1332663,1,2021/02/18 00:00:00+00,1899/12/30 00:00:00+00,8,REGION BIO BIO,8112,HUALPEN,63,CHOQUE FRENTE/POSTERIOR,40,CHOQUE,1,URBANA,1,TRAMO DE VIA RECTA,1,IMPRUDENCIA DEL CONDUCTOR,27,CONDUCCION NO ATENTO CONDICIONES TRANSITO MOMENTO,0,CRISTOBAL COLON,0, ,- CRISTOBAL COLON,7601, , , , ,2,2,2,BIDIRECCIONAL,1,CONCRETO,1,BUENO,1,SECO,1,DESPEJADO,0,0,0,2,2
-8135946.84316601,-4409113.13173212,2142,13845,1340701,-73.086454,-36.7845133,175,HUALPEN,1,12262,2021,1340701,REGION BIO BIO,8112,HUALPEN,CRISTOBAL COLON, ,7601,"CRISTOBAL COLON 7601, HUALPEN",CHILE,RANGE_INTERPOLATED,16976,2021,1340701,1,2021/03/30 00:00:00+00,1899/12/30 00:00:00+00,8,REGION BIO BIO,8112,HUALPEN,62,CHOQUE FRENTE/LADO,40,CHOQUE,1,URBANA,1,TRAMO DE VIA RECTA,10,DESOBEDIENCIA A SEÑALIZACION,65,SEÑALIZACION DESOBEDECER SEÑAL PARE,0,CRISTOBAL COLON,0, ,- CRISTOBAL COLON,7601, , , , ,1,1,2,BIDIRECCIONAL,1,CONCRETO,1,BUENO,1,SECO,1,DESPEJADO,0,0,0,2,0
-8135946.84316601,-4409113.13173212,2143,13846,1379469,-73.086454,-36.7845133,175,HUALPEN,1,38519,2021,1379469,REGION BIO BIO,8112,HUALPEN,CRISTOBAL COLON, ,7601,"CRISTOBAL COLON 7601, HUALPEN",CHILE,RANGE_INTERPOLATED,52930,2021,1379469,1,2021/09/12 00:00:00+00,1899/12/30 00:00:00+00,8,REGION BIO BIO,8112,HUALPEN,50,CHOQUE,40,CHOQUE,1,URBANA,1,TRAMO DE VIA RECTA,4,ALCOHOL EN CONDUCTOR,24,CONDUCCION EN ESTADO DE EBRIEDAD,0,CRISTOBAL COLON,0, ,- CRISTOBAL COLON,7601, , , , ,2,2,2,BIDIRECCIONAL,1,CONCRETO,1,BUENO,2,HUMEDO,2,NUBLADO,0,0,0,0,1
-8135946.84316601,-4409113.13173212,2144,13847,1386828,-73.086454,-36.7845133,175,HUALPEN,1,44031,2021,1386828,REGION BIO BIO,8112,HUALPEN,CRISTOBAL COLON, ,7601,"CRISTOBAL COLON 7601, HUALPEN",CHILE,RANGE_INTERPOLATED,60232,2021,1386828,1,2021/10/12 00:00:00+00,1899/12/30 00:00:00+00,8,REGION BIO BIO,8112,HUALPEN,50,CHOQUE,40,CHOQUE,1,URBANA,1,TRAMO DE VIA RECTA,1,IMPRUDENCIA DEL CONDUCTOR,27,CONDUCCION NO ATENTO CONDICIONES TRANSITO MOMENTO,0,CRISTOBAL COLON,0, ,- CRISTOBAL COLON,7601, , , , ,2,2,2,BIDIRECCIONAL,1,CONCRETO,1,BUENO,1,SECO,1,DESPEJADO,0,0,0,1,1
-8136082.54162529,-4409005.84267488,2145,13857,1332566,-73.087673,-36.7837414,175,HUALPEN,1,6501,2021,1332566,REGION BIO BIO,8112,HUALPEN,CRISTOBAL COLON, ,7510,"CRISTOBAL COLON 7510, HUALPEN",CHILE,RANGE_INTERPOLATED,9093,2021,1332566,1,2021/02/17 00:00:00+00,1899/12/30 00:00:00+00,8,REGION BIO BIO,8112,HUALPEN,30,COLISION,30,COLISION,1,URBANA,1,TRAMO DE VIA RECTA,1,IMPRUDENCIA DEL CONDUCTOR,32,NO RESPETAR DERECHO PREFERENTE DE PASO A VEHICULO,0,CRISTOBAL COLON,0, ,- CRISTOBAL COLON,7510, , , , ,2,2,2,BIDIRECCIONAL,1,CONCRETO,1,BUENO,1,SECO,1,DESPEJADO,0,0,0,0,2
-8136082.54162529,-4409005.84267488,2146,13858,1346098,-73.087673,-36.7837414,175,HUALPEN,1,15635,2021,1346098,REGION BIO BIO,8112,HUALPEN,CRISTOBAL COLON, ,7510,"CRISTOBAL COLON 7510, HUALPEN",CHILE,RANGE_INTERPOLATED,21531,2021,1346098,1,2021/04/27 00:00:00+00,1899/12/30 00:00:00+00,8,REGION BIO BIO,8112,HUALPEN,63,CHOQUE FRENTE/POSTERIOR,40,CHOQUE,1,URBANA,1,TRAMO DE VIA RECTA,1,IMPRUDENCIA DEL CONDUCTOR,28,CONDUCCION SIN MANTENER DISTANCIA RAZONABLE NI PRUDENTE,0,CRISTOBAL COLON,0, ,- CRISTOBAL COLON,7510, , , , ,2,2,2,BIDIRECCIONAL,1,CONCRETO,1,BUENO,1,SECO,1,DESPEJADO,0,0,0,1,1
-8136082.54162529,-4409005.84267488,2147,13859,1398674,-73.087673,-36.7837414,175,HUALPEN,1,52542,2021,1398674,REGION BIO BIO,8112,HUALPEN,CRISTOBAL COLON, ,7510,"CRISTOBAL COLON 7510, HUALPEN",CHILE,RANGE_INTERPOLATED,71418,2021,1398674,1,2021/11/25 00:00:00+00,1899/12/30 00:00:00+00,8,REGION BIO BIO,8112,HUALPEN,30,COLISION,30,COLISION,1,URBANA,1,TRAMO DE VIA RECTA,4,ALCOHOL EN CONDUCTOR,24,CONDUCCION EN ESTADO DE EBRIEDAD,0,CRISTOBAL COLON,0, ,- CRISTOBAL COLON,7510, , , , ,2,2,2,BIDIRECCIONAL,1,CONCRETO,1,BUENO,1,SECO,1,DESPEJADO,0,0,0,2,0
-8137632.56534704,-4408573.41715554,2148,13881,1396645,-73.1015971,-36.7806302,175,HUALPEN,1,51114,2021,1396645,REGION BIO BIO,8112,HUALPEN,LAS GOLONDRINAS,CRISTOBAL COLON,0,"LAS GOLONDRINAS & CRISTOBAL COLON, HUALPEN",CHILE,GEOMETRIC_CENTER,69550,2021,1396645,1,2021/11/18 00:00:00+00,1899/12/30 00:00:00+00,8,REGION BIO BIO,8112,HUALPEN,63,CHOQUE FRENTE/POSTERIOR,40,CHOQUE,1,URBANA,14,CRUCE CON SEÑAL PARE,1,IMPRUDENCIA DEL CONDUCTOR,27,CONDUCCION NO ATENTO CONDICIONES TRANSITO MOMENTO,0,LAS GOLONDRINAS,0,CRISTOBAL COLON,CRISTOBAL COLON - LAS GOLONDRINAS,0, , , , ,1,1,2,BIDIRECCIONAL,1,CONCRETO,1,BUENO,1,SECO,1,DESPEJADO,0,0,0,0,2