X,Y,FID,FID_1,LABELID,POINT_X,POINT_Y,FID_2,COMUNAREAL,VAL_COM,OBJECTID,A_O,IDACCIDENT,REGION,COD_COMUN,COMUNA,CALLE_UNO,CALLE_DOS,NUMERO,DIR_GEOCOD,PAIS,TIPO,OBJECTID_1,Año,Idaccide_1,Claseaccid,Fecha,Hora,Cód_Regi,Región,Cód_Comun,Comuna_1,Cód_Tipo_,Tipo_Accid,Cód_Tipo1,Tipo__CONA,Cód_Zona,Zona,Cód_Ubica,Ubicación,Cód_Causa,Causa__CON,Cód_Cau_1,Causa,Cód_Calle,Calle_Un_1,Cód_Cal_1,Calle_Do_1,Intersecci,Número,Ruta,Cód_Ruta,Ubicaci_1,Km_Vía_Fe,Pistas_de_,Pistas_de1,Cód_Calza,Calzada,Cód__Tipo,Tipo_Calza,Cód_Estad,Estado_Cal,Cód_Condi,Condición,Cód_Est_1,Estado_Atm,Fallecidos,Graves,Menos_Grav,Leves,Ilesos
-8137919.60265405,-4408517.08582286,2149,13884,1331640,-73.1041756,-36.7802249,175,HUALPEN,1,6085,2021,1331640,REGION BIO BIO,8112,HUALPEN,YUGOSLAVIA, ,1285,"YUGOSLAVIA 1285, HUALPEN",CHILE,RANGE_INTERPOLATED,8487,2021,1331640,1,2021/02/14 00:00:00+00,1899/12/30 00:00:00+00,8,REGION BIO BIO,8112,HUALPEN,50,CHOQUE,40,CHOQUE,1,URBANA,1,TRAMO DE VIA RECTA,1,IMPRUDENCIA DEL CONDUCTOR,93,CONDUCIR VEHICULO EN RETROCESO,0,YUGOSLAVIA,0, ,- YUGOSLAVIA,1285, , , , ,1,1,2,BIDIRECCIONAL,1,CONCRETO,1,BUENO,1,SECO,1,DESPEJADO,0,0,0,0,2
-8138499.58833304,-4408398.23922401,2150,13888,1327250,-73.1093857,-36.7793698,175,HUALPEN,1,2011,2021,1327250,REGION BIO BIO,8112,HUALPEN,SUIZA, ,2445,"SUIZA 2445, HUALPEN",CHILE,RANGE_INTERPOLATED,2754,2021,1327250,1,2021/01/14 00:00:00+00,1899/12/30 00:00:00+00,8,REGION BIO BIO,8112,HUALPEN,50,CHOQUE,40,CHOQUE,1,URBANA,1,TRAMO DE VIA RECTA,13,CAUSAS NO DETERMINADAS,97,CAUSAS NO DETERMINADAS,0,SUIZA,0, ,- SUIZA,2445, , , , ,1,1,2,BIDIRECCIONAL,1,CONCRETO,1,BUENO,1,SECO,1,DESPEJADO,0,0,0,0,1
-8138541.42219768,-4408333.55587628,2151,13889,1324806,-73.1097615,-36.7789044,175,HUALPEN,1,1335,2021,1324806,REGION BIO BIO,8112,HUALPEN,SUIZA,DINAMARCA,0,"SUIZA & DINAMARCA, HUALPEN",CHILE,GEOMETRIC_CENTER,1815,2021,1324806,1,2021/01/09 00:00:00+00,1899/12/30 00:00:00+00,8,REGION BIO BIO,8112,HUALPEN,30,COLISION,30,COLISION,1,URBANA,1,TRAMO DE VIA RECTA,4,ALCOHOL EN CONDUCTOR,24,CONDUCCION EN ESTADO DE EBRIEDAD,0,SUIZA,0,DINAMARCA,DINAMARCA - SUIZA,0, , , , ,1,1,2,BIDIRECCIONAL,1,CONCRETO,1,BUENO,1,SECO,1,DESPEJADO,0,0,0,0,2
-8138541.42219768,-4408333.55587628,2152,13890,1343348,-73.1097615,-36.7789044,175,HUALPEN,1,13992,2021,1343348,REGION BIO BIO,8112,HUALPEN,SUIZA,DINAMARCA,0,"SUIZA & DINAMARCA, HUALPEN",CHILE,GEOMETRIC_CENTER,19326,2021,1343348,1,2021/04/14 00:00:00+00,1899/12/30 00:00:00+00,8,REGION BIO BIO,8112,HUALPEN,30,COLISION,30,COLISION,1,URBANA,14,CRUCE CON SEÑAL PARE,10,DESOBEDIENCIA A SEÑALIZACION,65,SEÑALIZACION DESOBEDECER SEÑAL PARE,0,SUIZA,0,DINAMARCA,DINAMARCA - SUIZA,0, , , , ,1,1,2,BIDIRECCIONAL,1,CONCRETO,1,BUENO,1,SECO,1,DESPEJADO,0,0,0,0,2
-8138541.42219768,-4408333.55587628,2153,13891,1364702,-73.1097615,-36.7789044,175,HUALPEN,1,28206,2021,1364702,REGION BIO BIO,8112,HUALPEN,SUIZA,DINAMARCA,0,"SUIZA & DINAMARCA, HUALPEN",CHILE,GEOMETRIC_CENTER,38965,2021,1364702,1,2021/07/16 00:00:00+00,1899/12/30 00:00:00+00,8,REGION BIO BIO,8112,HUALPEN,30,COLISION,30,COLISION,1,URBANA,14,CRUCE CON SEÑAL PARE,10,DESOBEDIENCIA A SEÑALIZACION,65,SEÑALIZACION DESOBEDECER SEÑAL PARE,0,SUIZA,0,DINAMARCA,DINAMARCA - SUIZA,0, , , , ,1,1,2,BIDIRECCIONAL,1,CONCRETO,1,BUENO,1,SECO,1,DESPEJADO,0,0,0,0,1
-8138854.47486969,-4408280.14446084,2154,13892,1341944,-73.1125737,-36.7785201,175,HUALPEN,1,12862,2021,1341944,REGION BIO BIO,8112,HUALPEN,GRAN BRETA??ªA,MANCHESTER,0,"GRAN BRETA??ªA & MANCHESTER, HUALPEN",CHILE,GEOMETRIC_CENTER,17758,2021,1341944,1,2021/04/05 00:00:00+00,1899/12/30 00:00:00+00,8,REGION BIO BIO,8112,HUALPEN,30,COLISION,30,COLISION,1,URBANA,16,CRUCE SIN SEÑALIZACION,1,IMPRUDENCIA DEL CONDUCTOR,11,ADELANTAMIENTO SIN EL ESPACIO O TIEMPO SUFICIENTE,0,GRAN BRETAÑA,0,MANCHESTER,GRAN BRETAÑA - MANCHESTER,0, , , , ,1,1,2,BIDIRECCIONAL,1,CONCRETO,1,BUENO,1,SECO,1,DESPEJADO,0,0,0,0,2
-8138854.47486969,-4408280.14446084,2155,13893,1368618,-73.1125737,-36.7785201,175,HUALPEN,1,31218,2021,1368618,REGION BIO BIO,8112,HUALPEN,MANCHESTER,GRAN BRETA??ªA,0,"MANCHESTER & GRAN BRETA??ªA, HUALPEN",CHILE,GEOMETRIC_CENTER,43128,2021,1368618,1,2021/08/03 00:00:00+00,1899/12/30 00:00:00+00,8,REGION BIO BIO,8112,HUALPEN,65,CHOQUE LADO/LADO,40,CHOQUE,1,URBANA,16,CRUCE SIN SEÑALIZACION,1,IMPRUDENCIA DEL CONDUCTOR,28,CONDUCCION SIN MANTENER DISTANCIA RAZONABLE NI PRUDENTE,0,MANCHESTER,0,GRAN BRETAÑA,GRAN BRETAÑA - MANCHESTER,0, , , , ,1,1,2,BIDIRECCIONAL,1,CONCRETO,1,BUENO,1,SECO,1,DESPEJADO,0,0,0,0,2
-8143646.6119691,-4452578.5714421,2156,22548,1349585,-73.1556222,-37.0965887,99,LOTA,1,17352,2021,1349585,REGION BIO BIO,8106,LOTA,COUSI??ªO,SOTOMAYOR,0,"COUSI??ªO & SOTOMAYOR, LOTA",CHILE,GEOMETRIC_CENTER,23914,2021,1349585,1,2021/05/09 00:00:00+00,1899/12/30 00:00:00+00,8,REGION BIO BIO,8106,LOTA,32,COLISION LATERAL,30,COLISION,1,URBANA,15,CRUCE CON SEÑAL CEDA EL PASO,4,ALCOHOL EN CONDUCTOR,24,CONDUCCION EN ESTADO DE EBRIEDAD,0,COUSIÑO,0,SOTOMAYOR,COUSIÑO - SOTOMAYOR,0, , , , ,2,0,1,UNIDIRECCIONAL,1,CONCRETO,2,REGULAR,1,SECO,1,DESPEJADO,0,0,0,7,0
-8144859.82743951,-4450518.49162344,2157,22651,1380827,-73.1665207,-37.0818265,99,LOTA,1,38706,2021,1380827,REGION BIO BIO,8106,LOTA,LIBERTAD, ,1149,"LIBERTAD 1149, LOTA",CHILE,RANGE_INTERPOLATED,53179,2021,1380827,1,2021/09/13 00:00:00+00,1899/12/30 00:00:00+00,8,REGION BIO BIO,8106,LOTA,31,COLISION FRONTAL,30,COLISION,1,URBANA,1,TRAMO DE VIA RECTA,1,IMPRUDENCIA DEL CONDUCTOR,27,CONDUCCION NO ATENTO CONDICIONES TRANSITO MOMENTO,0,LIBERTAD,0, ,- LIBERTAD,1149, , , , ,1,1,2,BIDIRECCIONAL,2,ASFALTO,1,BUENO,1,SECO,1,DESPEJADO,0,0,0,2,2
-8142956.72055686,-4449448.11241446,2158,22666,1381861,-73.1494248,-37.0741552,99,LOTA,1,40502,2021,1381861,REGION BIO BIO,8106,LOTA,PLAYA BLANCA, ,28,"PLAYA BLANCA 28, LOTA",CHILE,RANGE_INTERPOLATED,55589,2021,1381861,1,2021/09/23 00:00:00+00,1899/12/30 00:00:00+00,8,REGION BIO BIO,8106,LOTA,63,CHOQUE FRENTE/POSTERIOR,40,CHOQUE,1,URBANA,1,TRAMO DE VIA RECTA,4,ALCOHOL EN CONDUCTOR,24,CONDUCCION EN ESTADO DE EBRIEDAD,0,PLAYA BLANCA,0, ,- PLAYA BLANCA,28, , , , ,1,1,2,BIDIRECCIONAL,1,CONCRETO,1,BUENO,1,SECO,1,DESPEJADO,0,0,0,1,1
-8051182.06030402,-4511109.38585556,2159,21493,1330448,-72.324999,-37.514808,77,LOS ANGELES,1,4468,2021,1330448,REGION BIO BIO,8301,LOS ANGELES,LAS INDUSTRIAS, ,503,"LAS INDUSTRIAS 503, LOS ANGELES",CHILE,RANGE_INTERPOLATED,6281,2021,1330448,1,2021/02/02 00:00:00+00,1899/12/30 00:00:00+00,8,REGION BIO BIO,8301,LOS ANGELES,33,COLISION POR ALCANCE,30,COLISION,1,URBANA,1,TRAMO DE VIA RECTA,1,IMPRUDENCIA DEL CONDUCTOR,27,CONDUCCION NO ATENTO CONDICIONES TRANSITO MOMENTO,0,LAS INDUSTRIAS,0, ,- LAS INDUSTRIAS,503, , , , ,1,1,2,BIDIRECCIONAL,2,ASFALTO,1,BUENO,1,SECO,1,DESPEJADO,0,0,0,0,2
-8051182.06030402,-4511109.38585556,2160,21494,1333564,-72.324999,-37.514808,77,LOS ANGELES,1,6797,2021,1333564,REGION BIO BIO,8301,LOS ANGELES,LAS INDUSTRIAS, ,503,"LAS INDUSTRIAS 503, LOS ANGELES",CHILE,RANGE_INTERPOLATED,9521,2021,1333564,1,2021/02/19 00:00:00+00,1899/12/30 00:00:00+00,8,REGION BIO BIO,8301,LOS ANGELES,63,CHOQUE FRENTE/POSTERIOR,40,CHOQUE,1,URBANA,1,TRAMO DE VIA RECTA,1,IMPRUDENCIA DEL CONDUCTOR,27,CONDUCCION NO ATENTO CONDICIONES TRANSITO MOMENTO,0,LAS INDUSTRIAS,0, ,- LAS INDUSTRIAS,503, , , , ,1,1,2,BIDIRECCIONAL,1,CONCRETO,1,BUENO,1,SECO,1,DESPEJADO,0,0,0,0,2
-8051182.06030402,-4511109.38585556,2161,21495,1360289,-72.324999,-37.514808,77,LOS ANGELES,1,25754,2021,1360289,REGION BIO BIO,8301,LOS ANGELES,LAS INDUSTRIAS, ,503,"LAS INDUSTRIAS 503, LOS ANGELES",CHILE,RANGE_INTERPOLATED,35548,2021,1360289,1,2021/07/02 00:00:00+00,1899/12/30 00:00:00+00,8,REGION BIO BIO,8301,LOS ANGELES,33,COLISION POR ALCANCE,30,COLISION,2,RURAL,1,TRAMO DE VIA RECTA,4,ALCOHOL EN CONDUCTOR,24,CONDUCCION EN ESTADO DE EBRIEDAD,0,LAS INDUSTRIAS,0, ,- LAS INDUSTRIAS,503, , , , ,1,1,2,BIDIRECCIONAL,2,ASFALTO,1,BUENO,1,SECO,1,DESPEJADO,0,0,0,0,2
-8051182.06030402,-4511109.38585556,2162,21496,1374699,-72.324999,-37.514808,77,LOS ANGELES,1,35166,2021,1374699,REGION BIO BIO,8301,LOS ANGELES,LAS INDUSTRIAS, ,503,"LAS INDUSTRIAS 503, LOS ANGELES",CHILE,RANGE_INTERPOLATED,48452,2021,1374699,1,2021/08/25 00:00:00+00,1899/12/30 00:00:00+00,8,REGION BIO BIO,8301,LOS ANGELES,70,VOLCADURA,70,VOLCADURA,1,URBANA,1,TRAMO DE VIA RECTA,12,FALLAS MECANICAS,7,FALLAS MECANICAS CARROCERIA,0,LAS INDUSTRIAS,0, ,- LAS INDUSTRIAS,503, , , , ,2,0,1,UNIDIRECCIONAL,2,ASFALTO,1,BUENO,2,HUMEDO,3,LLUVIA,0,0,0,0,1
-8036113.69818296,-4510864.46214358,2163,21497,1337003,-72.1896376,-37.5130628,77,LOS ANGELES,1,9577,2021,1337003,REGION BIO BIO,8301,LOS ANGELES,CAMINO LA PERLA, ,1,"CAMINO LA PERLA 1, LOS ANGELES",CHILE,RANGE_INTERPOLATED,13343,2021,1337003,1,2021/03/09 00:00:00+00,1899/12/30 00:00:00+00,8,REGION BIO BIO,8301,LOS ANGELES,70,VOLCADURA,70,VOLCADURA,2,RURAL,1,TRAMO DE VIA RECTA,9,PERDIDA CONTROL VEHICULO,95,PERDIDA CONTROL VEHICULO,0,CAMINO LA PERLA,0, ,- CAMINO LA PERLA,1, , , , ,1,1,2,BIDIRECCIONAL,2,ASFALTO,1,BUENO,1,SECO,1,DESPEJADO,0,0,0,1,0
-8036113.69818296,-4510864.46214358,2164,21498,1348370,-72.1896376,-37.5130628,77,LOS ANGELES,1,17441,2021,1348370,REGION BIO BIO,8301,LOS ANGELES,CAMINO LA PERLA, ,2600,"CAMINO LA PERLA 2600, LOS ANGELES",CHILE,RANGE_INTERPOLATED,24036,2021,1348370,1,2021/05/10 00:00:00+00,1899/12/30 00:00:00+00,8,REGION BIO BIO,8301,LOS ANGELES,34,COLISION PERPENDICULAR,30,COLISION,2,RURAL,2,TRAMO DE VIA CURVA HORIZONTAL,1,IMPRUDENCIA DEL CONDUCTOR,27,CONDUCCION NO ATENTO CONDICIONES TRANSITO MOMENTO,0,CAMINO LA PERLA,0, ,- CAMINO LA PERLA,2600, , , , ,2,2,2,BIDIRECCIONAL,2,ASFALTO,1,BUENO,1,SECO,1,DESPEJADO,0,0,0,0,2
-8051196.96598384,-4510808.21414195,2165,21499,1398192,-72.3251329,-37.512662,77,LOS ANGELES,1,51647,2021,1398192,REGION BIO BIO,8301,LOS ANGELES,LAS INDUSTRIAS, ,500,"LAS INDUSTRIAS 500, LOS ANGELES",CHILE,RANGE_INTERPOLATED,70252,2021,1398192,1,2021/11/21 00:00:00+00,1899/12/30 00:00:00+00,8,REGION BIO BIO,8301,LOS ANGELES,70,VOLCADURA,70,VOLCADURA,1,URBANA,1,TRAMO DE VIA RECTA,12,FALLAS MECANICAS,2,FALLAS MECANICAS DIRECCION,0,LAS INDUSTRIAS,0, ,- LAS INDUSTRIAS,500, , , , ,1,1,2,BIDIRECCIONAL,2,ASFALTO,1,BUENO,1,SECO,1,DESPEJADO,0,1,0,1,0
-8055300.07996304,-4510401.21103074,2166,21500,1337916,-72.3619918,-37.5097618,77,LOS ANGELES,1,10274,2021,1337916,REGION BIO BIO,8301,LOS ANGELES,CAMINO SANTA JULIA, ,1,"CAMINO SANTA JULIA 1, LOS ANGELES",CHILE,RANGE_INTERPOLATED,14284,2021,1337916,1,2021/03/14 00:00:00+00,1899/12/30 00:00:00+00,8,REGION BIO BIO,8301,LOS ANGELES,10,ATROPELLO,10,ATROPELLO,1,URBANA,2,TRAMO DE VIA CURVA HORIZONTAL,4,ALCOHOL EN CONDUCTOR,24,CONDUCCION EN ESTADO DE EBRIEDAD,0,CAMINO SANTA JULIA,0, ,- CAMINO SANTA JULIA,1, , , , ,1,1,2,BIDIRECCIONAL,2,ASFALTO,1,BUENO,1,SECO,1,DESPEJADO,0,0,1,2,1
-8051225.8088639,-4509832.39868321,2167,21501,1354312,-72.325392,-37.5057084,77,LOS ANGELES,1,20816,2021,1354312,REGION BIO BIO,8301,LOS ANGELES,LAS INDUSTRIAS, ,1,"LAS INDUSTRIAS 1, LOS ANGELES",CHILE,RANGE_INTERPOLATED,28700,2021,1354312,1,2021/06/01 00:00:00+00,1899/12/30 00:00:00+00,8,REGION BIO BIO,8301,LOS ANGELES,30,COLISION,30,COLISION,1,URBANA,1,TRAMO DE VIA RECTA,1,IMPRUDENCIA DEL CONDUCTOR,27,CONDUCCION NO ATENTO CONDICIONES TRANSITO MOMENTO,0,LAS INDUSTRIAS,0, ,- LAS INDUSTRIAS,1, , , , ,1,1,2,BIDIRECCIONAL,2,ASFALTO,1,BUENO,1,SECO,1,DESPEJADO,0,0,0,0,2
-8051225.8088639,-4509832.39868321,2168,21502,1405763,-72.325392,-37.5057084,77,LOS ANGELES,1,57440,2021,1405763,REGION BIO BIO,8301,LOS ANGELES,LAS INDUSTRIAS, ,1,"LAS INDUSTRIAS 1, LOS ANGELES",CHILE,RANGE_INTERPOLATED,77998,2021,1405763,1,2021/12/20 00:00:00+00,1899/12/30 00:00:00+00,8,REGION BIO BIO,8301,LOS ANGELES,67,CHOQUE POSTERIOR/FRENTE,40,CHOQUE,1,URBANA,1,TRAMO DE VIA RECTA,14,OTRAS CAUSAS,98,OTRAS CAUSAS,0,LAS INDUSTRIAS,0, ,- LAS INDUSTRIAS,1, , , , ,2,2,2,BIDIRECCIONAL,2,ASFALTO,3,MALO,1,SECO,1,DESPEJADO,0,0,0,2,2
-8055316.04317802,-4509775.4686301,2169,21503,1359553,-72.3621352,-37.5053027,77,LOS ANGELES,1,24918,2021,1359553,REGION BIO BIO,8301,LOS ANGELES,CAMINO CANTARANA, ,1,"CAMINO CANTARANA 1, LOS ANGELES",CHILE,RANGE_INTERPOLATED,34362,2021,1359553,1,2021/06/27 00:00:00+00,1899/12/30 00:00:00+00,8,REGION BIO BIO,8301,LOS ANGELES,51,CHOQUE FRONTAL,40,CHOQUE,1,URBANA,1,TRAMO DE VIA RECTA,4,ALCOHOL EN CONDUCTOR,24,CONDUCCION EN ESTADO DE EBRIEDAD,0,CAMINO CANTARANA,0, ,- CAMINO CANTARANA,1, , , , ,1,1,2,BIDIRECCIONAL,2,ASFALTO,1,BUENO,1,SECO,1,DESPEJADO,0,1,0,0,0
-8051180.24579632,-4509755.82313267,2170,21504,1381279,-72.3249827,-37.5051627,77,LOS ANGELES,1,40022,2021,1381279,REGION BIO BIO,8301,LOS ANGELES,LAS INDUSTRIAS, ,12301,"LAS INDUSTRIAS 12301, LOS ANGELES",CHILE,RANGE_INTERPOLATED,54974,2021,1381279,1,2021/09/21 00:00:00+00,1899/12/30 00:00:00+00,8,REGION BIO BIO,8301,LOS ANGELES,32,COLISION LATERAL,30,COLISION,1,URBANA,11,CRUCE CON SEMAFORO FUNCIONANDO,1,IMPRUDENCIA DEL CONDUCTOR,27,CONDUCCION NO ATENTO CONDICIONES TRANSITO MOMENTO,0,LAS INDUSTRIAS,0, ,- LAS INDUSTRIAS,12301, , , , ,2,0,1,UNIDIRECCIONAL,1,CONCRETO,2,REGULAR,1,SECO,1,DESPEJADO,0,1,0,0,1
-8054270.74202752,-4508836.98824367,2171,21505,1336461,-72.3527451,-37.4986145,77,LOS ANGELES,1,9206,2021,1336461,REGION BIO BIO,8301,LOS ANGELES,RIVOTORTO, ,324,"RIVOTORTO 324, LOS ANGELES",CHILE,RANGE_INTERPOLATED,12862,2021,1336461,1,2021/03/07 00:00:00+00,1899/12/30 00:00:00+00,8,REGION BIO BIO,8301,LOS ANGELES,33,COLISION POR ALCANCE,30,COLISION,1,URBANA,11,CRUCE CON SEMAFORO FUNCIONANDO,1,IMPRUDENCIA DEL CONDUCTOR,27,CONDUCCION NO ATENTO CONDICIONES TRANSITO MOMENTO,0,RIVOTORTO,0, ,- RIVOTORTO,324, , , , ,1,1,2,BIDIRECCIONAL,2,ASFALTO,2,REGULAR,1,SECO,1,DESPEJADO,0,0,0,1,1
-8051734.90629115,-4508619.84280101,2172,21506,1332132,-72.3299653,-37.4970669,77,LOS ANGELES,1,6131,2021,1332132,REGION BIO BIO,8301,LOS ANGELES,NUEVO DIA, ,2551,"NUEVO DIA 2551, LOS ANGELES",CHILE,RANGE_INTERPOLATED,8550,2021,1332132,1,2021/02/14 00:00:00+00,1899/12/30 00:00:00+00,8,REGION BIO BIO,8301,LOS ANGELES,10,ATROPELLO,10,ATROPELLO,1,URBANA,1,TRAMO DE VIA RECTA,1,IMPRUDENCIA DEL CONDUCTOR,27,CONDUCCION NO ATENTO CONDICIONES TRANSITO MOMENTO,0,NUEVO DIA,0, ,- NUEVO DIA,2551, , , , ,1,1,2,BIDIRECCIONAL,1,CONCRETO,2,REGULAR,1,SECO,1,DESPEJADO,0,0,0,0,2
-8052147.12236555,-4508394.33958072,2173,21507,1378856,-72.3336683,-37.4954597,77,LOS ANGELES,1,38407,2021,1378856,REGION BIO BIO,8301,LOS ANGELES,LA FRONTERA, ,692,"LA FRONTERA 692, LOS ANGELES",CHILE,RANGE_INTERPOLATED,52759,2021,1378856,1,2021/09/12 00:00:00+00,1899/12/30 00:00:00+00,8,REGION BIO BIO,8301,LOS ANGELES,67,CHOQUE POSTERIOR/FRENTE,40,CHOQUE,1,URBANA,1,TRAMO DE VIA RECTA,1,IMPRUDENCIA DEL CONDUCTOR,27,CONDUCCION NO ATENTO CONDICIONES TRANSITO MOMENTO,0,LA FRONTERA,0, ,- LA FRONTERA,692, , , , ,1,0,1,UNIDIRECCIONAL,2,ASFALTO,1,BUENO,3,MOJADO,3,LLUVIA,0,0,0,0,2
-8051770.42834066,-4508372.24131195,2174,21508,1334996,-72.3302844,-37.4953022,77,LOS ANGELES,1,7922,2021,1334996,REGION BIO BIO,8301,LOS ANGELES,LA FRONTERA,ORIENTE,0,"LA FRONTERA & ORIENTE, LOS ANGELES",CHILE,GEOMETRIC_CENTER,11120,2021,1334996,1,2021/02/27 00:00:00+00,1899/12/30 00:00:00+00,8,REGION BIO BIO,8301,LOS ANGELES,51,CHOQUE FRONTAL,40,CHOQUE,1,URBANA,14,CRUCE CON SEÑAL PARE,4,ALCOHOL EN CONDUCTOR,24,CONDUCCION EN ESTADO DE EBRIEDAD,0,LA FRONTERA,0,ORIENTE,LA FRONTERA - ORIENTE,0, , , , ,1,1,2,BIDIRECCIONAL,2,ASFALTO,1,BUENO,1,SECO,1,DESPEJADO,0,0,0,0,1
-8051264.72615788,-4508289.50300145,2175,21509,1323867,-72.3257416,-37.4947125,77,LOS ANGELES,1,378,2021,1323867,REGION BIO BIO,8301,LOS ANGELES,LAS INDUSTRIAS,LA FRONTERA,0,"LAS INDUSTRIAS & LA FRONTERA, LOS ANGELES",CHILE,GEOMETRIC_CENTER,545,2021,1323867,1,2021/01/03 00:00:00+00,1899/12/30 00:00:00+00,8,REGION BIO BIO,8301,LOS ANGELES,32,COLISION LATERAL,30,COLISION,1,URBANA,1,TRAMO DE VIA RECTA,4,ALCOHOL EN CONDUCTOR,24,CONDUCCION EN ESTADO DE EBRIEDAD,0,LAS INDUSTRIAS,0,LA FRONTERA,LA FRONTERA - LAS INDUSTRIAS,0, , ,"0,5", ,1,1,2,BIDIRECCIONAL,2,ASFALTO,1,BUENO,1,SECO,1,DESPEJADO,0,0,1,4,2
-8051264.72615788,-4508289.50300145,2176,21510,1329099,-72.3257416,-37.4947125,77,LOS ANGELES,1,3980,2021,1329099,REGION BIO BIO,8301,LOS ANGELES,LAS INDUSTRIAS,LA FRONTERA,0,"LAS INDUSTRIAS & LA FRONTERA, LOS ANGELES",CHILE,GEOMETRIC_CENTER,5529,2021,1329099,1,2021/01/29 00:00:00+00,1899/12/30 00:00:00+00,8,REGION BIO BIO,8301,LOS ANGELES,31,COLISION FRONTAL,30,COLISION,1,URBANA,1,TRAMO DE VIA RECTA,1,IMPRUDENCIA DEL CONDUCTOR,27,CONDUCCION NO ATENTO CONDICIONES TRANSITO MOMENTO,0,LAS INDUSTRIAS,0,LA FRONTERA,LA FRONTERA - LAS INDUSTRIAS,0, , , , ,1,1,2,BIDIRECCIONAL,2,ASFALTO,1,BUENO,3,MOJADO,3,LLUVIA,0,0,0,0,2
-8051264.72615788,-4508289.50300145,2177,21511,1358919,-72.3257416,-37.4947125,77,LOS ANGELES,1,23930,2021,1358919,REGION BIO BIO,8301,LOS ANGELES,LAS INDUSTRIAS,LA FRONTERA,0,"LAS INDUSTRIAS & LA FRONTERA, LOS ANGELES",CHILE,GEOMETRIC_CENTER,32977,2021,1358919,1,2021/06/20 00:00:00+00,1899/12/30 00:00:00+00,8,REGION BIO BIO,8301,LOS ANGELES,70,VOLCADURA,70,VOLCADURA,1,URBANA,1,TRAMO DE VIA RECTA,9,PERDIDA CONTROL VEHICULO,95,PERDIDA CONTROL VEHICULO,0,LAS INDUSTRIAS,0,LA FRONTERA,LA FRONTERA - LAS INDUSTRIAS,0, , , , ,2,2,2,BIDIRECCIONAL,2,ASFALTO,1,BUENO,1,SECO,1,DESPEJADO,0,1,0,1,0
-8051973.67546695,-4508141.32771413,2178,21512,1347337,-72.3321102,-37.4936564,77,LOS ANGELES,1,16473,2021,1347337,REGION BIO BIO,8301,LOS ANGELES,LOS CARRERA,PARQUE LAUQUEN,0,"LOS CARRERA & PARQUE LAUQUEN, LOS ANGELES",CHILE,GEOMETRIC_CENTER,22728,2021,1347337,1,2021/05/03 00:00:00+00,1899/12/30 00:00:00+00,8,REGION BIO BIO,8301,LOS ANGELES,30,COLISION,30,COLISION,1,URBANA,14,CRUCE CON SEÑAL PARE,1,IMPRUDENCIA DEL CONDUCTOR,27,CONDUCCION NO ATENTO CONDICIONES TRANSITO MOMENTO,0,LOS CARRERA,0,PARQUE LAUQUEN,LOS CARRERA - PARQUE LAUQUEN,0, , , , ,1,1,2,BIDIRECCIONAL,2,ASFALTO,2,REGULAR,2,HUMEDO,1,DESPEJADO,0,0,0,4,0
-8052185.72796496,-4508124.21073423,2179,21513,1345786,-72.3340151,-37.4935344,77,LOS ANGELES,1,15370,2021,1345786,REGION BIO BIO,8301,LOS ANGELES,LAUQUEN, ,633,"LAUQUEN 633, LOS ANGELES",CHILE,RANGE_INTERPOLATED,21182,2021,1345786,1,2021/04/25 00:00:00+00,1899/12/30 00:00:00+00,8,REGION BIO BIO,8301,LOS ANGELES,33,COLISION POR ALCANCE,30,COLISION,1,URBANA,1,TRAMO DE VIA RECTA,1,IMPRUDENCIA DEL CONDUCTOR,27,CONDUCCION NO ATENTO CONDICIONES TRANSITO MOMENTO,0,LAUQUEN,0, ,- LAUQUEN,633, , , , ,1,1,2,BIDIRECCIONAL,1,CONCRETO,1,BUENO,1,SECO,1,DESPEJADO,0,0,0,1,1
-8052078.37144804,-4508115.63822447,2180,21514,1333772,-72.3330507,-37.4934733,77,LOS ANGELES,1,6905,2021,1333772,REGION BIO BIO,8301,LOS ANGELES,LAUQUEN,ORIENTE,0,"LAUQUEN & ORIENTE, LOS ANGELES",CHILE,GEOMETRIC_CENTER,9675,2021,1333772,1,2021/02/20 00:00:00+00,1899/12/30 00:00:00+00,8,REGION BIO BIO,8301,LOS ANGELES,33,COLISION POR ALCANCE,30,COLISION,1,URBANA,1,TRAMO DE VIA RECTA,1,IMPRUDENCIA DEL CONDUCTOR,28,CONDUCCION SIN MANTENER DISTANCIA RAZONABLE NI PRUDENTE,0,LAUQUEN,0,ORIENTE,LAUQUEN - ORIENTE,0, , , , ,1,1,2,BIDIRECCIONAL,1,CONCRETO,1,BUENO,1,SECO,1,DESPEJADO,0,0,0,2,1
-8052078.37144804,-4508115.63822447,2181,21515,1369694,-72.3330507,-37.4934733,77,LOS ANGELES,1,32082,2021,1369694,REGION BIO BIO,8301,LOS ANGELES,LAUQUEN,ORIENTE,0,"LAUQUEN & ORIENTE, LOS ANGELES",CHILE,GEOMETRIC_CENTER,44267,2021,1369694,1,2021/08/07 00:00:00+00,1899/12/30 00:00:00+00,8,REGION BIO BIO,8301,LOS ANGELES,30,COLISION,30,COLISION,1,URBANA,1,TRAMO DE VIA RECTA,1,IMPRUDENCIA DEL CONDUCTOR,29,CONDUCCION CAMBIAR SORPRESIVAMENTE PISTA CIRCULACION,0,LAUQUEN,0,ORIENTE,LAUQUEN - ORIENTE,0, , , , ,2,2,2,BIDIRECCIONAL,1,CONCRETO,1,BUENO,1,SECO,1,DESPEJADO,0,0,0,0,2