X,Y,FID,FID_1,LABELID,POINT_X,POINT_Y,FID_2,COMUNAREAL,VAL_COM,OBJECTID,A_O,IDACCIDENT,REGION,COD_COMUN,COMUNA,CALLE_UNO,CALLE_DOS,NUMERO,DIR_GEOCOD,PAIS,TIPO,OBJECTID_1,Año,Idaccide_1,Claseaccid,Fecha,Hora,Cód_Regi,Región,Cód_Comun,Comuna_1,Cód_Tipo_,Tipo_Accid,Cód_Tipo1,Tipo__CONA,Cód_Zona,Zona,Cód_Ubica,Ubicación,Cód_Causa,Causa__CON,Cód_Cau_1,Causa,Cód_Calle,Calle_Un_1,Cód_Cal_1,Calle_Do_1,Intersecci,Número,Ruta,Cód_Ruta,Ubicaci_1,Km_Vía_Fe,Pistas_de_,Pistas_de1,Cód_Calza,Calzada,Cód__Tipo,Tipo_Calza,Cód_Estad,Estado_Cal,Cód_Condi,Condición,Cód_Est_1,Estado_Atm,Fallecidos,Graves,Menos_Grav,Leves,Ilesos
-8052078.37144804,-4508115.63822447,2182,21516,1388182,-72.3330507,-37.4934733,77,LOS ANGELES,1,44549,2021,1388182,REGION BIO BIO,8301,LOS ANGELES,ORIENTE,LAUQUEN,0,"ORIENTE & LAUQUEN, LOS ANGELES",CHILE,GEOMETRIC_CENTER,60894,2021,1388182,1,2021/10/15 00:00:00+00,1899/12/30 00:00:00+00,8,REGION BIO BIO,8301,LOS ANGELES,32,COLISION LATERAL,30,COLISION,1,URBANA,14,CRUCE CON SEÑAL PARE,1,IMPRUDENCIA DEL CONDUCTOR,27,CONDUCCION NO ATENTO CONDICIONES TRANSITO MOMENTO,0,ORIENTE,0,LAUQUEN,LAUQUEN - ORIENTE,0, , , , ,1,1,2,BIDIRECCIONAL,1,CONCRETO,1,BUENO,1,SECO,1,DESPEJADO,0,1,0,0,1
-8052735.23436736,-4508095.32238648,2183,21517,1336382,-72.3389514,-37.4933285,77,LOS ANGELES,1,8882,2021,1336382,REGION BIO BIO,8301,LOS ANGELES,LOS CARRERA,LAUQUEN,0,"LOS CARRERA & LAUQUEN, LOS ANGELES",CHILE,GEOMETRIC_CENTER,12413,2021,1336382,1,2021/03/05 00:00:00+00,1899/12/30 00:00:00+00,8,REGION BIO BIO,8301,LOS ANGELES,31,COLISION FRONTAL,30,COLISION,1,URBANA,14,CRUCE CON SEÑAL PARE,1,IMPRUDENCIA DEL CONDUCTOR,27,CONDUCCION NO ATENTO CONDICIONES TRANSITO MOMENTO,0,LOS CARRERA,0,LAUQUEN,LAUQUEN - LOS CARRERA,0, , , , ,1,1,2,BIDIRECCIONAL,2,ASFALTO,1,BUENO,1,SECO,1,DESPEJADO,0,0,0,2,1
-8052735.23436736,-4508095.32238648,2184,21518,1394271,-72.3389514,-37.4933285,77,LOS ANGELES,1,48877,2021,1394271,REGION BIO BIO,8301,LOS ANGELES,LOS CARRERA,LAUQUEN,0,"LOS CARRERA & LAUQUEN, LOS ANGELES",CHILE,GEOMETRIC_CENTER,66644,2021,1394271,1,2021/11/07 00:00:00+00,1899/12/30 00:00:00+00,8,REGION BIO BIO,8301,LOS ANGELES,61,CHOQUE FRENTE/FRENTE,40,CHOQUE,1,URBANA,1,TRAMO DE VIA RECTA,10,DESOBEDIENCIA A SEÑALIZACION,65,SEÑALIZACION DESOBEDECER SEÑAL PARE,0,LOS CARRERA,0,LAUQUEN,LAUQUEN - LOS CARRERA,0, , , , ,2,0,1,UNIDIRECCIONAL,2,ASFALTO,1,BUENO,1,SECO,1,DESPEJADO,0,0,0,0,2
-8052238.5156675,-4508092.75484898,2185,21519,1335062,-72.3344893,-37.4933102,77,LOS ANGELES,1,8181,2021,1335062,REGION BIO BIO,8301,LOS ANGELES,LAUQUEN,PETROHUE 2,0,"LAUQUEN & PETROHUE 2, LOS ANGELES",CHILE,GEOMETRIC_CENTER,11485,2021,1335062,1,2021/03/01 00:00:00+00,1899/12/30 00:00:00+00,8,REGION BIO BIO,8301,LOS ANGELES,31,COLISION FRONTAL,30,COLISION,1,URBANA,14,CRUCE CON SEÑAL PARE,1,IMPRUDENCIA DEL CONDUCTOR,32,NO RESPETAR DERECHO PREFERENTE DE PASO A VEHICULO,0,LAUQUEN,0,PETROHUE 2,LAUQUEN - PETROHUE 2,0, , , , ,1,1,2,BIDIRECCIONAL,2,ASFALTO,1,BUENO,1,SECO,1,DESPEJADO,0,0,0,1,1
-8052293.44070425,-4507829.97141497,2186,21520,1331140,-72.3349827,-37.4914372,77,LOS ANGELES,1,5236,2021,1331140,REGION BIO BIO,8301,LOS ANGELES,LA LLANURA,PASAJE DOS ORIENTE,0,"LA LLANURA & PASAJE DOS ORIENTE, LOS ANGELES",CHILE,GEOMETRIC_CENTER,7327,2021,1331140,1,2021/02/08 00:00:00+00,1899/12/30 00:00:00+00,8,REGION BIO BIO,8301,LOS ANGELES,33,COLISION POR ALCANCE,30,COLISION,1,URBANA,15,CRUCE CON SEÑAL CEDA EL PASO,1,IMPRUDENCIA DEL CONDUCTOR,27,CONDUCCION NO ATENTO CONDICIONES TRANSITO MOMENTO,0,LA LLANURA,0,PASAJE DOS ORIENTE,LA LLANURA - PASAJE DOS ORIENTE,0, , , , ,2,0,1,UNIDIRECCIONAL,2,ASFALTO,1,BUENO,1,SECO,1,DESPEJADO,0,0,0,0,2
-8051381.42238008,-4507646.5039404,2187,21521,1329261,-72.3267899,-37.4901295,77,LOS ANGELES,1,4221,2021,1329261,REGION BIO BIO,8301,LOS ANGELES,ORIENTE,FRIAS VALENZUELA,0,"ORIENTE & FRIAS VALENZUELA, LOS ANGELES",CHILE,GEOMETRIC_CENTER,5926,2021,1329261,1,2021/01/30 00:00:00+00,1899/12/30 00:00:00+00,8,REGION BIO BIO,8301,LOS ANGELES,31,COLISION FRONTAL,30,COLISION,1,URBANA,1,TRAMO DE VIA RECTA,1,IMPRUDENCIA DEL CONDUCTOR,27,CONDUCCION NO ATENTO CONDICIONES TRANSITO MOMENTO,0,ORIENTE,0,FRIAS VALENZUELA,FRIAS VALENZUELA - ORIENTE,0, , , , ,1,1,2,BIDIRECCIONAL,2,ASFALTO,2,REGULAR,2,HUMEDO,3,LLUVIA,0,1,0,0,1
-8052417.88476301,-4507636.75333099,2188,21522,1402769,-72.3361006,-37.49006,77,LOS ANGELES,1,55219,2021,1402769,REGION BIO BIO,8301,LOS ANGELES,FERROCARRIL,TOLPAN,0,"FERROCARRIL & TOLPAN, LOS ANGELES",CHILE,GEOMETRIC_CENTER,75026,2021,1402769,1,2021/12/09 00:00:00+00,1899/12/30 00:00:00+00,8,REGION BIO BIO,8301,LOS ANGELES,31,COLISION FRONTAL,30,COLISION,1,URBANA,1,TRAMO DE VIA RECTA,1,IMPRUDENCIA DEL CONDUCTOR,27,CONDUCCION NO ATENTO CONDICIONES TRANSITO MOMENTO,0,FERROCARRIL,0,TOLPAN,FERROCARRIL - TOLPAN,0, , , , ,1,1,2,BIDIRECCIONAL,1,CONCRETO,1,BUENO,1,SECO,1,DESPEJADO,0,0,1,1,1
-8052417.62872818,-4507636.02378935,2189,21523,1327573,-72.3360983,-37.4900548,77,LOS ANGELES,1,2805,2021,1327573,REGION BIO BIO,8301,LOS ANGELES,CAMINO TOLPAN, ,5,"CAMINO TOLPAN 5, LOS ANGELES",CHILE,RANGE_INTERPOLATED,3847,2021,1327573,1,2021/01/20 00:00:00+00,1899/12/30 00:00:00+00,8,REGION BIO BIO,8301,LOS ANGELES,32,COLISION LATERAL,30,COLISION,2,RURAL,1,TRAMO DE VIA RECTA,4,ALCOHOL EN CONDUCTOR,24,CONDUCCION EN ESTADO DE EBRIEDAD,0,CAMINO TOLPAN,0, , ,5, , , , ,1,1,2,BIDIRECCIONAL,6,TIERRA,2,REGULAR,0, ,1,DESPEJADO,0,0,0,0,2
-8052360.97823932,-4507600.43063705,2190,21524,1390743,-72.3355894,-37.4898011,77,LOS ANGELES,1,46319,2021,1390743,REGION BIO BIO,8301,LOS ANGELES,TOLPAN, ,560,"TOLPAN 560, LOS ANGELES",CHILE,RANGE_INTERPOLATED,63276,2021,1390743,1,2021/10/25 00:00:00+00,1899/12/30 00:00:00+00,8,REGION BIO BIO,8301,LOS ANGELES,63,CHOQUE FRENTE/POSTERIOR,40,CHOQUE,1,URBANA,1,TRAMO DE VIA RECTA,4,ALCOHOL EN CONDUCTOR,24,CONDUCCION EN ESTADO DE EBRIEDAD,0,TOLPAN,0, ,- TOLPAN,560, , , , ,1,1,2,BIDIRECCIONAL,1,CONCRETO,1,BUENO,1,SECO,1,DESPEJADO,0,0,0,0,2
-8051927.84523259,-4507595.25371642,2191,21525,1368069,-72.3316985,-37.4897642,77,LOS ANGELES,1,30685,2021,1368069,REGION BIO BIO,8301,LOS ANGELES,LOS ATAVALOS,RIO YAQUI,0,"LOS ATAVALOS & RIO YAQUI, LOS ANGELES",CHILE,GEOMETRIC_CENTER,42426,2021,1368069,1,2021/07/31 00:00:00+00,1899/12/30 00:00:00+00,8,REGION BIO BIO,8301,LOS ANGELES,31,COLISION FRONTAL,30,COLISION,1,URBANA,14,CRUCE CON SEÑAL PARE,1,IMPRUDENCIA DEL CONDUCTOR,27,CONDUCCION NO ATENTO CONDICIONES TRANSITO MOMENTO,0,LOS ATAVALOS,0,RIO YAQUI,LOS ATAVALOS - RIO YAQUI,0, , , , ,2,0,1,UNIDIRECCIONAL,2,ASFALTO,1,BUENO,1,SECO,1,DESPEJADO,0,0,0,1,1
-8053050.51342919,-4507576.97317431,2192,21526,1335065,-72.3417836,-37.4896339,77,LOS ANGELES,1,8180,2021,1335065,REGION BIO BIO,8301,LOS ANGELES,LOS CARRERA,FERROCARRIL,0,"LOS CARRERA & FERROCARRIL, LOS ANGELES",CHILE,GEOMETRIC_CENTER,11484,2021,1335065,1,2021/03/01 00:00:00+00,1899/12/30 00:00:00+00,8,REGION BIO BIO,8301,LOS ANGELES,32,COLISION LATERAL,30,COLISION,1,URBANA,1,TRAMO DE VIA RECTA,1,IMPRUDENCIA DEL CONDUCTOR,32,NO RESPETAR DERECHO PREFERENTE DE PASO A VEHICULO,0,LOS CARRERA,0,FERROCARRIL,FERROCARRIL - LOS CARRERA,0, , , , ,1,1,2,BIDIRECCIONAL,2,ASFALTO,1,BUENO,1,SECO,1,DESPEJADO,0,0,0,0,2
-8053050.51342919,-4507576.97317431,2193,21527,1349261,-72.3417836,-37.4896339,77,LOS ANGELES,1,18256,2021,1349261,REGION BIO BIO,8301,LOS ANGELES,LOS CARRERA,FERROCARRIL,0,"LOS CARRERA & FERROCARRIL, LOS ANGELES",CHILE,GEOMETRIC_CENTER,25098,2021,1349261,1,2021/05/15 00:00:00+00,1899/12/30 00:00:00+00,8,REGION BIO BIO,8301,LOS ANGELES,32,COLISION LATERAL,30,COLISION,1,URBANA,1,TRAMO DE VIA RECTA,1,IMPRUDENCIA DEL CONDUCTOR,27,CONDUCCION NO ATENTO CONDICIONES TRANSITO MOMENTO,0,LOS CARRERA,0,FERROCARRIL,FERROCARRIL - LOS CARRERA,0, , , , ,2,0,1,UNIDIRECCIONAL,2,ASFALTO,1,BUENO,1,SECO,2,NUBLADO,0,0,0,0,2
-8053050.51342919,-4507576.97317431,2194,21528,1390482,-72.3417836,-37.4896339,77,LOS ANGELES,1,46115,2021,1390482,REGION BIO BIO,8301,LOS ANGELES,LOS CARRERA,FERROCARRIL,0,"LOS CARRERA & FERROCARRIL, LOS ANGELES",CHILE,GEOMETRIC_CENTER,62989,2021,1390482,1,2021/10/24 00:00:00+00,1899/12/30 00:00:00+00,8,REGION BIO BIO,8301,LOS ANGELES,31,COLISION FRONTAL,30,COLISION,1,URBANA,1,TRAMO DE VIA RECTA,4,ALCOHOL EN CONDUCTOR,24,CONDUCCION EN ESTADO DE EBRIEDAD,0,LOS CARRERA,0,FERROCARRIL,FERROCARRIL - LOS CARRERA,0, , , , ,1,1,2,BIDIRECCIONAL,1,CONCRETO,1,BUENO,1,SECO,1,DESPEJADO,0,1,0,2,0
-8053050.51342919,-4507576.97317431,2195,21529,1390882,-72.3417836,-37.4896339,77,LOS ANGELES,1,46482,2021,1390882,REGION BIO BIO,8301,LOS ANGELES,LOS CARRERA,FERROCARRIL,0,"LOS CARRERA & FERROCARRIL, LOS ANGELES",CHILE,GEOMETRIC_CENTER,63476,2021,1390882,1,2021/10/26 00:00:00+00,1899/12/30 00:00:00+00,8,REGION BIO BIO,8301,LOS ANGELES,33,COLISION POR ALCANCE,30,COLISION,1,URBANA,1,TRAMO DE VIA RECTA,1,IMPRUDENCIA DEL CONDUCTOR,27,CONDUCCION NO ATENTO CONDICIONES TRANSITO MOMENTO,0,LOS CARRERA,0,FERROCARRIL,FERROCARRIL - LOS CARRERA,0, , , , ,2,2,2,BIDIRECCIONAL,1,CONCRETO,1,BUENO,1,SECO,1,DESPEJADO,0,0,0,0,3
-8053050.51342919,-4507576.97317431,2196,21530,1396781,-72.3417836,-37.4896339,77,LOS ANGELES,1,50710,2021,1396781,REGION BIO BIO,8301,LOS ANGELES,LOS CARRERA,FERROCARRIL,0,"LOS CARRERA & FERROCARRIL, LOS ANGELES",CHILE,GEOMETRIC_CENTER,69046,2021,1396781,1,2021/11/16 00:00:00+00,1899/12/30 00:00:00+00,8,REGION BIO BIO,8301,LOS ANGELES,63,CHOQUE FRENTE/POSTERIOR,40,CHOQUE,1,URBANA,1,TRAMO DE VIA RECTA,1,IMPRUDENCIA DEL CONDUCTOR,27,CONDUCCION NO ATENTO CONDICIONES TRANSITO MOMENTO,0,LOS CARRERA,0,FERROCARRIL,FERROCARRIL - LOS CARRERA,0, , , , ,1,1,2,BIDIRECCIONAL,1,CONCRETO,1,BUENO,1,SECO,1,DESPEJADO,0,0,0,0,3
-8053050.51342919,-4507576.97317431,2197,21531,1398030,-72.3417836,-37.4896339,77,LOS ANGELES,1,51436,2021,1398030,REGION BIO BIO,8301,LOS ANGELES,FERROCARRIL,LOS CARRERA,0,"FERROCARRIL & LOS CARRERA, LOS ANGELES",CHILE,GEOMETRIC_CENTER,69967,2021,1398030,1,2021/11/20 00:00:00+00,1899/12/30 00:00:00+00,8,REGION BIO BIO,8301,LOS ANGELES,32,COLISION LATERAL,30,COLISION,1,URBANA,1,TRAMO DE VIA RECTA,1,IMPRUDENCIA DEL CONDUCTOR,27,CONDUCCION NO ATENTO CONDICIONES TRANSITO MOMENTO,0,FERROCARRIL,0,LOS CARRERA,FERROCARRIL - LOS CARRERA,0, , , , ,2,0,1,UNIDIRECCIONAL,2,ASFALTO,1,BUENO,1,SECO,1,DESPEJADO,0,0,0,1,1
-8053050.51342919,-4507576.97317431,2198,21532,1404104,-72.3417836,-37.4896339,77,LOS ANGELES,1,55854,2021,1404104,REGION BIO BIO,8301,LOS ANGELES,LOS CARRERA,FERROCARRIL,0,"LOS CARRERA & FERROCARRIL, LOS ANGELES",CHILE,GEOMETRIC_CENTER,75934,2021,1404104,1,2021/12/13 00:00:00+00,1899/12/30 00:00:00+00,8,REGION BIO BIO,8301,LOS ANGELES,32,COLISION LATERAL,30,COLISION,1,URBANA,15,CRUCE CON SEÑAL CEDA EL PASO,1,IMPRUDENCIA DEL CONDUCTOR,27,CONDUCCION NO ATENTO CONDICIONES TRANSITO MOMENTO,0,LOS CARRERA,0,FERROCARRIL,FERROCARRIL - LOS CARRERA,0, , , , ,2,2,2,BIDIRECCIONAL,2,ASFALTO,1,BUENO,1,SECO,1,DESPEJADO,0,0,0,0,2
-8052120.88436157,-4507576.36990293,2199,21533,1401606,-72.3334326,-37.4896296,77,LOS ANGELES,1,54330,2021,1401606,REGION BIO BIO,8301,LOS ANGELES,LOS APACHES,ISLA BONAIRE,0,"LOS APACHES & ISLA BONAIRE, LOS ANGELES",CHILE,GEOMETRIC_CENTER,73825,2021,1401606,1,2021/12/05 00:00:00+00,1899/12/30 00:00:00+00,8,REGION BIO BIO,8301,LOS ANGELES,61,CHOQUE FRENTE/FRENTE,40,CHOQUE,1,URBANA,1,TRAMO DE VIA RECTA,1,IMPRUDENCIA DEL CONDUCTOR,27,CONDUCCION NO ATENTO CONDICIONES TRANSITO MOMENTO,0,LOS APACHES,0,ISLA BONAIRE,ISLA BONAIRE - LOS APACHES,0, , , , ,1,1,2,BIDIRECCIONAL,2,ASFALTO,1,BUENO,1,SECO,1,DESPEJADO,0,0,0,0,2
-8052257.66261991,-4507576.28572553,2200,21534,1340077,-72.3346613,-37.489629,77,LOS ANGELES,1,11127,2021,1340077,REGION BIO BIO,8301,LOS ANGELES,TOLPAN, ,605,"TOLPAN 605, LOS ANGELES",CHILE,RANGE_INTERPOLATED,15423,2021,1340077,1,2021/03/20 00:00:00+00,1899/12/30 00:00:00+00,8,REGION BIO BIO,8301,LOS ANGELES,66,CHOQUE LADO/POSTERIOR,40,CHOQUE,1,URBANA,14,CRUCE CON SEÑAL PARE,1,IMPRUDENCIA DEL CONDUCTOR,27,CONDUCCION NO ATENTO CONDICIONES TRANSITO MOMENTO,0,TOLPAN,0, ,- TOLPAN,605, , , , ,1,1,2,BIDIRECCIONAL,1,CONCRETO,1,BUENO,1,SECO,1,DESPEJADO,0,0,0,1,1
-8051886.42325007,-4507576.00513421,2201,21535,1355513,-72.3313264,-37.489627,77,LOS ANGELES,1,22235,2021,1355513,REGION BIO BIO,8301,LOS ANGELES,RIO CAUCA,LOS ATAVALOS,0,"RIO CAUCA & LOS ATAVALOS, LOS ANGELES",CHILE,GEOMETRIC_CENTER,30644,2021,1355513,1,2021/06/09 00:00:00+00,1899/12/30 00:00:00+00,8,REGION BIO BIO,8301,LOS ANGELES,62,CHOQUE FRENTE/LADO,40,CHOQUE,1,URBANA,16,CRUCE SIN SEÑALIZACION,1,IMPRUDENCIA DEL CONDUCTOR,27,CONDUCCION NO ATENTO CONDICIONES TRANSITO MOMENTO,0,RIO CAUCA,0,LOS ATAVALOS,LOS ATAVALOS - RIO CAUCA,0, , , , ,2,0,1,UNIDIRECCIONAL,2,ASFALTO,1,BUENO,3,MOJADO,3,LLUVIA,0,0,0,0,2
-8051415.85349858,-4507537.53613489,2202,21536,1397956,-72.3270992,-37.4893528,77,LOS ANGELES,1,51372,2021,1397956,REGION BIO BIO,8301,LOS ANGELES,ORIENTE, ,2040,"ORIENTE 2040, LOS ANGELES",CHILE,RANGE_INTERPOLATED,69883,2021,1397956,1,2021/11/19 00:00:00+00,1899/12/30 00:00:00+00,8,REGION BIO BIO,8301,LOS ANGELES,33,COLISION POR ALCANCE,30,COLISION,1,URBANA,1,TRAMO DE VIA RECTA,1,IMPRUDENCIA DEL CONDUCTOR,27,CONDUCCION NO ATENTO CONDICIONES TRANSITO MOMENTO,0,ORIENTE,0, ,- ORIENTE,2040, , , , ,2,0,1,UNIDIRECCIONAL,2,ASFALTO,1,BUENO,1,SECO,1,DESPEJADO,0,0,0,1,1
-8052295.86746915,-4507536.87674773,2203,21537,1347831,-72.3350045,-37.4893481,77,LOS ANGELES,1,17186,2021,1347831,REGION BIO BIO,8301,LOS ANGELES,TOLPAN,LOS MAYAS,0,"TOLPAN & LOS MAYAS, LOS ANGELES",CHILE,GEOMETRIC_CENTER,23683,2021,1347831,1,2021/05/08 00:00:00+00,1899/12/30 00:00:00+00,8,REGION BIO BIO,8301,LOS ANGELES,31,COLISION FRONTAL,30,COLISION,1,URBANA,1,TRAMO DE VIA RECTA,4,ALCOHOL EN CONDUCTOR,21,CONDUCCION BAJO LA INFLUENCIA DEL ALCOHOL,0,TOLPAN,0,LOS MAYAS,LOS MAYAS - TOLPAN,0, , , , ,1,1,2,BIDIRECCIONAL,1,CONCRETO,1,BUENO,1,SECO,1,DESPEJADO,0,0,0,0,2
-8052154.33586856,-4507504.73518136,2204,21538,1390703,-72.3337331,-37.489119,77,LOS ANGELES,1,46261,2021,1390703,REGION BIO BIO,8301,LOS ANGELES,LOS APACHES,TOLPAN,0,"LOS APACHES & TOLPAN, LOS ANGELES",CHILE,GEOMETRIC_CENTER,63201,2021,1390703,1,2021/10/25 00:00:00+00,1899/12/30 00:00:00+00,8,REGION BIO BIO,8301,LOS ANGELES,10,ATROPELLO,10,ATROPELLO,1,URBANA,1,TRAMO DE VIA RECTA,1,IMPRUDENCIA DEL CONDUCTOR,27,CONDUCCION NO ATENTO CONDICIONES TRANSITO MOMENTO,0,LOS APACHES,0,TOLPAN,LOS APACHES - TOLPAN,0, , , , ,1,1,2,BIDIRECCIONAL,1,CONCRETO,1,BUENO,1,SECO,1,DESPEJADO,0,1,0,0,2
-8051627.78354516,-4507474.93662823,2205,21539,1353619,-72.329003,-37.4889066,77,LOS ANGELES,1,20840,2021,1353619,REGION BIO BIO,8301,LOS ANGELES,LOS ATAVALOS,CALI,0,"LOS ATAVALOS & CALI, LOS ANGELES",CHILE,GEOMETRIC_CENTER,28733,2021,1353619,1,2021/06/01 00:00:00+00,1899/12/30 00:00:00+00,8,REGION BIO BIO,8301,LOS ANGELES,32,COLISION LATERAL,30,COLISION,1,URBANA,14,CRUCE CON SEÑAL PARE,10,DESOBEDIENCIA A SEÑALIZACION,65,SEÑALIZACION DESOBEDECER SEÑAL PARE,0,LOS ATAVALOS,0,CALI,CALI - LOS ATAVALOS,0, , , , ,1,1,2,BIDIRECCIONAL,1,CONCRETO,1,BUENO,1,SECO,1,DESPEJADO,0,0,0,3,0
-8051627.78354516,-4507474.93662823,2206,21540,1375564,-72.329003,-37.4889066,77,LOS ANGELES,1,35961,2021,1375564,REGION BIO BIO,8301,LOS ANGELES,LOS ATAVALOS,CALI,0,"LOS ATAVALOS & CALI, LOS ANGELES",CHILE,GEOMETRIC_CENTER,49516,2021,1375564,1,2021/08/29 00:00:00+00,1899/12/30 00:00:00+00,8,REGION BIO BIO,8301,LOS ANGELES,30,COLISION,30,COLISION,1,URBANA,14,CRUCE CON SEÑAL PARE,10,DESOBEDIENCIA A SEÑALIZACION,65,SEÑALIZACION DESOBEDECER SEÑAL PARE,0,LOS ATAVALOS,0,CALI,CALI - LOS ATAVALOS,0, , , , ,1,1,2,BIDIRECCIONAL,1,CONCRETO,1,BUENO,1,SECO,1,DESPEJADO,0,0,0,1,2
-8053085.11152693,-4507389.87653521,2207,21541,1342057,-72.3420944,-37.4883003,77,LOS ANGELES,1,12992,2021,1342057,REGION BIO BIO,8301,LOS ANGELES,LOS CARRERA, ,1420,"LOS CARRERA 1420, LOS ANGELES",CHILE,RANGE_INTERPOLATED,17944,2021,1342057,1,2021/04/06 00:00:00+00,1899/12/30 00:00:00+00,8,REGION BIO BIO,8301,LOS ANGELES,32,COLISION LATERAL,30,COLISION,1,URBANA,1,TRAMO DE VIA RECTA,1,IMPRUDENCIA DEL CONDUCTOR,27,CONDUCCION NO ATENTO CONDICIONES TRANSITO MOMENTO,0,LOS CARRERA,0, ,- LOS CARRERA,1420, , , , ,2,2,3,BIDIRECCIONAL CON BANDEJON,2,ASFALTO,1,BUENO,3,MOJADO,3,LLUVIA,0,0,0,1,1
-8053085.11152693,-4507389.87653521,2208,21542,1354996,-72.3420944,-37.4883003,77,LOS ANGELES,1,21528,2021,1354996,REGION BIO BIO,8301,LOS ANGELES,LOS CARRERA, ,1420,"LOS CARRERA 1420, LOS ANGELES",CHILE,RANGE_INTERPOLATED,29681,2021,1354996,1,2021/06/05 00:00:00+00,1899/12/30 00:00:00+00,8,REGION BIO BIO,8301,LOS ANGELES,69,CHOQUE POSTERIOR/POSTERIOR,40,CHOQUE,1,URBANA,26,OTROS NO CONSIDERADOS,1,IMPRUDENCIA DEL CONDUCTOR,27,CONDUCCION NO ATENTO CONDICIONES TRANSITO MOMENTO,0,LOS CARRERA,0, ,- LOS CARRERA,1420, , , , ,1,1,2,BIDIRECCIONAL,2,ASFALTO,1,BUENO,1,SECO,2,NUBLADO,0,0,0,0,2
-8053085.11152693,-4507389.87653521,2209,21543,1383685,-72.3420944,-37.4883003,77,LOS ANGELES,1,42090,2021,1383685,REGION BIO BIO,8301,LOS ANGELES,LOS CARRERA, ,1420,"LOS CARRERA 1420, LOS ANGELES",CHILE,RANGE_INTERPOLATED,57645,2021,1383685,1,2021/10/02 00:00:00+00,1899/12/30 00:00:00+00,8,REGION BIO BIO,8301,LOS ANGELES,30,COLISION,30,COLISION,1,URBANA,1,TRAMO DE VIA RECTA,1,IMPRUDENCIA DEL CONDUCTOR,93,CONDUCIR VEHICULO EN RETROCESO,0,LOS CARRERA,0, ,- LOS CARRERA,1420, , , , ,1,0,1,UNIDIRECCIONAL,2,ASFALTO,1,BUENO,1,SECO,1,DESPEJADO,0,0,0,0,2
-8053085.11152693,-4507389.87653521,2210,21544,1385778,-72.3420944,-37.4883003,77,LOS ANGELES,1,42995,2021,1385778,REGION BIO BIO,8301,LOS ANGELES,LOS CARRERA, ,1420,"LOS CARRERA 1420, LOS ANGELES",CHILE,RANGE_INTERPOLATED,58835,2021,1385778,1,2021/10/07 00:00:00+00,1899/12/30 00:00:00+00,8,REGION BIO BIO,8301,LOS ANGELES,33,COLISION POR ALCANCE,30,COLISION,1,URBANA,1,TRAMO DE VIA RECTA,1,IMPRUDENCIA DEL CONDUCTOR,27,CONDUCCION NO ATENTO CONDICIONES TRANSITO MOMENTO,0,LOS CARRERA,0, ,- LOS CARRERA,1420, , , , ,1,1,3,BIDIRECCIONAL CON BANDEJON,1,CONCRETO,1,BUENO,1,SECO,1,DESPEJADO,0,1,0,0,1
-8051773.38943911,-4507387.47752231,2211,21545,1388985,-72.330311,-37.4882832,77,LOS ANGELES,1,45188,2021,1388985,REGION BIO BIO,8301,LOS ANGELES,LOS ATAVALOS,BOGOTA,0,"LOS ATAVALOS & BOGOTA, LOS ANGELES",CHILE,GEOMETRIC_CENTER,61770,2021,1388985,1,2021/10/18 00:00:00+00,1899/12/30 00:00:00+00,8,REGION BIO BIO,8301,LOS ANGELES,32,COLISION LATERAL,30,COLISION,1,URBANA,14,CRUCE CON SEÑAL PARE,10,DESOBEDIENCIA A SEÑALIZACION,65,SEÑALIZACION DESOBEDECER SEÑAL PARE,0,LOS ATAVALOS,0,BOGOTA,BOGOTA - LOS ATAVALOS,0, , , , ,1,1,2,BIDIRECCIONAL,2,ASFALTO,1,BUENO,1,SECO,1,DESPEJADO,0,0,0,1,2
-8052370.2734168,-4507376.15587235,2212,21546,1349259,-72.3356729,-37.4882025,77,LOS ANGELES,1,18255,2021,1349259,REGION BIO BIO,8301,LOS ANGELES,LOS MAYAS,LOS TOLTECAS,0,"LOS MAYAS & LOS TOLTECAS, LOS ANGELES",CHILE,GEOMETRIC_CENTER,25097,2021,1349259,1,2021/05/15 00:00:00+00,1899/12/30 00:00:00+00,8,REGION BIO BIO,8301,LOS ANGELES,10,ATROPELLO,10,ATROPELLO,1,URBANA,16,CRUCE SIN SEÑALIZACION,1,IMPRUDENCIA DEL CONDUCTOR,27,CONDUCCION NO ATENTO CONDICIONES TRANSITO MOMENTO,0,LOS MAYAS,0,LOS TOLTECAS,LOS MAYAS - LOS TOLTECAS,0, , , , ,1,1,2,BIDIRECCIONAL,2,ASFALTO,2,REGULAR,1,SECO,1,DESPEJADO,0,0,0,1,1
-8053182.36023408,-4507371.89096649,2213,21547,1364613,-72.342968,-37.4881721,77,LOS ANGELES,1,28377,2021,1364613,REGION BIO BIO,8301,LOS ANGELES,LOS CARRERA, ,1585,"LOS CARRERA 1585, LOS ANGELES",CHILE,RANGE_INTERPOLATED,39194,2021,1364613,1,2021/07/17 00:00:00+00,1899/12/30 00:00:00+00,8,REGION BIO BIO,8301,LOS ANGELES,52,CHOQUE LATERAL,40,CHOQUE,1,URBANA,1,TRAMO DE VIA RECTA,9,PERDIDA CONTROL VEHICULO,95,PERDIDA CONTROL VEHICULO,0,LOS CARRERA,0, ,- LOS CARRERA,1585, , , , ,2,2,3,BIDIRECCIONAL CON BANDEJON,2,ASFALTO,1,BUENO,1,SECO,2,NUBLADO,0,1,0,2,0