X,Y,FID,FID_1,LABELID,POINT_X,POINT_Y,FID_2,COMUNAREAL,VAL_COM,OBJECTID,A_O,IDACCIDENT,REGION,COD_COMUN,COMUNA,CALLE_UNO,CALLE_DOS,NUMERO,DIR_GEOCOD,PAIS,TIPO,OBJECTID_1,Año,Idaccide_1,Claseaccid,Fecha,Hora,Cód_Regi,Región,Cód_Comun,Comuna_1,Cód_Tipo_,Tipo_Accid,Cód_Tipo1,Tipo__CONA,Cód_Zona,Zona,Cód_Ubica,Ubicación,Cód_Causa,Causa__CON,Cód_Cau_1,Causa,Cód_Calle,Calle_Un_1,Cód_Cal_1,Calle_Do_1,Intersecci,Número,Ruta,Cód_Ruta,Ubicaci_1,Km_Vía_Fe,Pistas_de_,Pistas_de1,Cód_Calza,Calzada,Cód__Tipo,Tipo_Calza,Cód_Estad,Estado_Cal,Cód_Condi,Condición,Cód_Est_1,Estado_Atm,Fallecidos,Graves,Menos_Grav,Leves,Ilesos
-8054083.84773443,-4507361.97226122,2214,21548,1352729,-72.3510662,-37.4881014,77,LOS ANGELES,1,19849,2021,1352729,REGION BIO BIO,8301,LOS ANGELES,LOS CARRERA,CAMINO SANTA BARBARA,0,"LOS CARRERA & CAMINO SANTA BARBARA, LOS ANGELES",CHILE,GEOMETRIC_CENTER,27320,2021,1352729,1,2021/05/26 00:00:00+00,1899/12/30 00:00:00+00,8,REGION BIO BIO,8301,LOS ANGELES,32,COLISION LATERAL,30,COLISION,1,URBANA,1,TRAMO DE VIA RECTA,1,IMPRUDENCIA DEL CONDUCTOR,32,NO RESPETAR DERECHO PREFERENTE DE PASO A VEHICULO,0,LOS CARRERA,0,CAMINO SANTA BARBARA,CAMINO SANTA BARBARA - LOS CARRERA,0, , , , ,2,2,2,BIDIRECCIONAL,2,ASFALTO,1,BUENO,1,SECO,1,DESPEJADO,0,0,1,4,1
-8051796.78879608,-4507342.82231226,2215,21549,1351814,-72.3305212,-37.4879649,77,LOS ANGELES,1,19267,2021,1351814,REGION BIO BIO,8301,LOS ANGELES,TOLPAN,BOGOTA,0,"TOLPAN & BOGOTA, LOS ANGELES",CHILE,GEOMETRIC_CENTER,26508,2021,1351814,1,2021/05/22 00:00:00+00,1899/12/30 00:00:00+00,8,REGION BIO BIO,8301,LOS ANGELES,32,COLISION LATERAL,30,COLISION,1,URBANA,14,CRUCE CON SEÑAL PARE,4,ALCOHOL EN CONDUCTOR,21,CONDUCCION BAJO LA INFLUENCIA DEL ALCOHOL,0,TOLPAN,0,BOGOTA,BOGOTA - TOLPAN,0, , , , ,1,1,2,BIDIRECCIONAL,1,CONCRETO,1,BUENO,1,SECO,1,DESPEJADO,0,0,0,1,1
-8054584.99695003,-4507334.46088032,2216,21550,1342212,-72.3555681,-37.4879053,77,LOS ANGELES,1,12937,2021,1342212,REGION BIO BIO,8301,LOS ANGELES,MANUEL RODRIGUEZ,SAN PABLO,0,"MANUEL RODRIGUEZ & SAN PABLO, LOS ANGELES",CHILE,GEOMETRIC_CENTER,17868,2021,1342212,1,2021/04/06 00:00:00+00,1899/12/30 00:00:00+00,8,REGION BIO BIO,8301,LOS ANGELES,99,OTRO TIPO,99,OTRO TIPO,1,URBANA,1,TRAMO DE VIA RECTA,4,ALCOHOL EN CONDUCTOR,24,CONDUCCION EN ESTADO DE EBRIEDAD,0,MANUEL RODRIGUEZ,0,SAN PABLO,MANUEL RODRIGUEZ - SAN PABLO,0, , , , ,2,0,1,UNIDIRECCIONAL,2,ASFALTO,1,BUENO,1,SECO,2,NUBLADO,0,0,0,1,0
-8053176.90557904,-4507305.23800866,2217,21551,1329251,-72.342919,-37.487697,77,LOS ANGELES,1,4236,2021,1329251,REGION BIO BIO,8301,LOS ANGELES,LOS CARRERA,FRANCISCO ENCINA,0,"LOS CARRERA & FRANCISCO ENCINA, LOS ANGELES",CHILE,GEOMETRIC_CENTER,5946,2021,1329251,1,2021/01/30 00:00:00+00,1899/12/30 00:00:00+00,8,REGION BIO BIO,8301,LOS ANGELES,30,COLISION,30,COLISION,1,URBANA,1,TRAMO DE VIA RECTA,4,ALCOHOL EN CONDUCTOR,24,CONDUCCION EN ESTADO DE EBRIEDAD,0,LOS CARRERA,0,FRANCISCO ENCINA,FRANCISCO ENCINA - LOS CARRERA,0, , , , ,1,1,2,BIDIRECCIONAL,1,CONCRETO,1,BUENO,3,MOJADO,3,LLUVIA,0,1,0,3,1
-8053176.90557904,-4507305.23800866,2218,21552,1333980,-72.342919,-37.487697,77,LOS ANGELES,1,7098,2021,1333980,REGION BIO BIO,8301,LOS ANGELES,LOS CARRERA,FRANCISCO ENCINA,0,"LOS CARRERA & FRANCISCO ENCINA, LOS ANGELES",CHILE,GEOMETRIC_CENTER,9956,2021,1333980,1,2021/02/21 00:00:00+00,1899/12/30 00:00:00+00,8,REGION BIO BIO,8301,LOS ANGELES,32,COLISION LATERAL,30,COLISION,1,URBANA,1,TRAMO DE VIA RECTA,1,IMPRUDENCIA DEL CONDUCTOR,27,CONDUCCION NO ATENTO CONDICIONES TRANSITO MOMENTO,0,LOS CARRERA,0,FRANCISCO ENCINA,FRANCISCO ENCINA - LOS CARRERA,0, , , , ,1,1,2,BIDIRECCIONAL,1,CONCRETO,1,BUENO,1,SECO,1,DESPEJADO,0,0,0,1,1
-8053176.90557904,-4507305.23800866,2219,21553,1337814,-72.342919,-37.487697,77,LOS ANGELES,1,9807,2021,1337814,REGION BIO BIO,8301,LOS ANGELES,LOS CARRERA,FRANCISCO ENCINA,0,"LOS CARRERA & FRANCISCO ENCINA, LOS ANGELES",CHILE,GEOMETRIC_CENTER,13663,2021,1337814,1,2021/03/11 00:00:00+00,1899/12/30 00:00:00+00,8,REGION BIO BIO,8301,LOS ANGELES,32,COLISION LATERAL,30,COLISION,1,URBANA,1,TRAMO DE VIA RECTA,1,IMPRUDENCIA DEL CONDUCTOR,27,CONDUCCION NO ATENTO CONDICIONES TRANSITO MOMENTO,0,LOS CARRERA,0,FRANCISCO ENCINA,FRANCISCO ENCINA - LOS CARRERA,0, , , , ,1,1,2,BIDIRECCIONAL,1,CONCRETO,1,BUENO,1,SECO,1,DESPEJADO,0,0,0,0,2
-8053176.90557904,-4507305.23800866,2220,21554,1337584,-72.342919,-37.487697,77,LOS ANGELES,1,9914,2021,1337584,REGION BIO BIO,8301,LOS ANGELES,FRANCISCO ENCINA,LOS CARRERA,0,"FRANCISCO ENCINA & LOS CARRERA, LOS ANGELES",CHILE,GEOMETRIC_CENTER,13797,2021,1337584,1,2021/03/11 00:00:00+00,1899/12/30 00:00:00+00,8,REGION BIO BIO,8301,LOS ANGELES,32,COLISION LATERAL,30,COLISION,1,URBANA,11,CRUCE CON SEMAFORO FUNCIONANDO,1,IMPRUDENCIA DEL CONDUCTOR,27,CONDUCCION NO ATENTO CONDICIONES TRANSITO MOMENTO,0,FRANCISCO ENCINA,0,LOS CARRERA,FRANCISCO ENCINA - LOS CARRERA,0, , , , ,2,0,1,UNIDIRECCIONAL,2,ASFALTO,1,BUENO,1,SECO,1,DESPEJADO,0,0,0,0,1
-8053176.90557904,-4507305.23800866,2221,21555,1340939,-72.342919,-37.487697,77,LOS ANGELES,1,11875,2021,1340939,REGION BIO BIO,8301,LOS ANGELES,LOS CARRERA,FRANCISCO ENCINA,0,"LOS CARRERA & FRANCISCO ENCINA, LOS ANGELES",CHILE,GEOMETRIC_CENTER,16436,2021,1340939,1,2021/03/26 00:00:00+00,1899/12/30 00:00:00+00,8,REGION BIO BIO,8301,LOS ANGELES,30,COLISION,30,COLISION,1,URBANA,1,TRAMO DE VIA RECTA,1,IMPRUDENCIA DEL CONDUCTOR,27,CONDUCCION NO ATENTO CONDICIONES TRANSITO MOMENTO,0,LOS CARRERA,0,FRANCISCO ENCINA,FRANCISCO ENCINA - LOS CARRERA,0, , , , ,1,1,2,BIDIRECCIONAL,1,CONCRETO,1,BUENO,1,SECO,1,DESPEJADO,0,0,0,0,2
-8053176.90557904,-4507305.23800866,2222,21556,1348363,-72.342919,-37.487697,77,LOS ANGELES,1,17376,2021,1348363,REGION BIO BIO,8301,LOS ANGELES,LOS CARRERA,FRANCISCO ENCINA,0,"LOS CARRERA & FRANCISCO ENCINA, LOS ANGELES",CHILE,GEOMETRIC_CENTER,23951,2021,1348363,1,2021/05/10 00:00:00+00,1899/12/30 00:00:00+00,8,REGION BIO BIO,8301,LOS ANGELES,31,COLISION FRONTAL,30,COLISION,1,URBANA,11,CRUCE CON SEMAFORO FUNCIONANDO,1,IMPRUDENCIA DEL CONDUCTOR,29,CONDUCCION CAMBIAR SORPRESIVAMENTE PISTA CIRCULACION,0,LOS CARRERA,0,FRANCISCO ENCINA,FRANCISCO ENCINA - LOS CARRERA,0, , , , ,2,2,3,BIDIRECCIONAL CON BANDEJON,2,ASFALTO,1,BUENO,1,SECO,1,DESPEJADO,0,0,0,3,2
-8053176.90557904,-4507305.23800866,2223,21557,1359672,-72.342919,-37.487697,77,LOS ANGELES,1,20415,2021,1359672,REGION BIO BIO,8301,LOS ANGELES,FRANCISCO ENCINA,LOS CARRERA,0,"FRANCISCO ENCINA & LOS CARRERA, LOS ANGELES",CHILE,GEOMETRIC_CENTER,28130,2021,1359672,1,2021/05/29 00:00:00+00,1899/12/30 00:00:00+00,8,REGION BIO BIO,8301,LOS ANGELES,32,COLISION LATERAL,30,COLISION,1,URBANA,1,TRAMO DE VIA RECTA,10,DESOBEDIENCIA A SEÑALIZACION,65,SEÑALIZACION DESOBEDECER SEÑAL PARE,0,FRANCISCO ENCINA,0,LOS CARRERA,FRANCISCO ENCINA - LOS CARRERA,0, , , , ,2,0,1,UNIDIRECCIONAL,2,ASFALTO,1,BUENO,1,SECO,1,DESPEJADO,0,0,0,1,1
-8053176.90557904,-4507305.23800866,2224,21558,1357978,-72.342919,-37.487697,77,LOS ANGELES,1,23550,2021,1357978,REGION BIO BIO,8301,LOS ANGELES,FRANCISCO ENCINA,LOS CARRERA,0,"FRANCISCO ENCINA & LOS CARRERA, LOS ANGELES",CHILE,GEOMETRIC_CENTER,32458,2021,1357978,1,2021/06/18 00:00:00+00,1899/12/30 00:00:00+00,8,REGION BIO BIO,8301,LOS ANGELES,63,CHOQUE FRENTE/POSTERIOR,40,CHOQUE,1,URBANA,11,CRUCE CON SEMAFORO FUNCIONANDO,1,IMPRUDENCIA DEL CONDUCTOR,27,CONDUCCION NO ATENTO CONDICIONES TRANSITO MOMENTO,0,FRANCISCO ENCINA,0,LOS CARRERA,FRANCISCO ENCINA - LOS CARRERA,0, , , , ,2,2,3,BIDIRECCIONAL CON BANDEJON,2,ASFALTO,1,BUENO,2,HUMEDO,1,DESPEJADO,0,0,0,0,2
-8053176.90557904,-4507305.23800866,2225,21559,1380841,-72.342919,-37.487697,77,LOS ANGELES,1,39961,2021,1380841,REGION BIO BIO,8301,LOS ANGELES,LOS CARRERA,FRANCISCO ENCINA,0,"LOS CARRERA & FRANCISCO ENCINA, LOS ANGELES",CHILE,GEOMETRIC_CENTER,54894,2021,1380841,1,2021/09/20 00:00:00+00,1899/12/30 00:00:00+00,8,REGION BIO BIO,8301,LOS ANGELES,32,COLISION LATERAL,30,COLISION,1,URBANA,1,TRAMO DE VIA RECTA,1,IMPRUDENCIA DEL CONDUCTOR,27,CONDUCCION NO ATENTO CONDICIONES TRANSITO MOMENTO,0,LOS CARRERA,0,FRANCISCO ENCINA,FRANCISCO ENCINA - LOS CARRERA,0, , , , ,2,0,1,UNIDIRECCIONAL,1,CONCRETO,1,BUENO,1,SECO,1,DESPEJADO,0,0,0,1,1
-8053176.90557904,-4507305.23800866,2226,21560,1398062,-72.342919,-37.487697,77,LOS ANGELES,1,51607,2021,1398062,REGION BIO BIO,8301,LOS ANGELES,LOS CARRERA,FRANCISCO ENCINA,0,"LOS CARRERA & FRANCISCO ENCINA, LOS ANGELES",CHILE,GEOMETRIC_CENTER,70193,2021,1398062,1,2021/11/20 00:00:00+00,1899/12/30 00:00:00+00,8,REGION BIO BIO,8301,LOS ANGELES,31,COLISION FRONTAL,30,COLISION,1,URBANA,11,CRUCE CON SEMAFORO FUNCIONANDO,1,IMPRUDENCIA DEL CONDUCTOR,27,CONDUCCION NO ATENTO CONDICIONES TRANSITO MOMENTO,0,LOS CARRERA,0,FRANCISCO ENCINA,FRANCISCO ENCINA - LOS CARRERA,0, , , , ,1,1,2,BIDIRECCIONAL,2,ASFALTO,1,BUENO,1,SECO,1,DESPEJADO,0,0,0,0,2
-8054432.9790534,-4507301.95517556,2227,21561,1335034,-72.3542025,-37.4876736,77,LOS ANGELES,1,7955,2021,1335034,REGION BIO BIO,8301,LOS ANGELES,SAN AGUSTIN, ,1271,"SAN AGUSTIN 1271, LOS ANGELES",CHILE,RANGE_INTERPOLATED,11169,2021,1335034,1,2021/02/27 00:00:00+00,1899/12/30 00:00:00+00,8,REGION BIO BIO,8301,LOS ANGELES,62,CHOQUE FRENTE/LADO,40,CHOQUE,1,URBANA,1,TRAMO DE VIA RECTA,1,IMPRUDENCIA DEL CONDUCTOR,32,NO RESPETAR DERECHO PREFERENTE DE PASO A VEHICULO,0,SAN AGUSTIN,0, ,- SAN AGUSTIN,1271, , , , ,1,1,2,BIDIRECCIONAL,1,CONCRETO,1,BUENO,1,SECO,1,DESPEJADO,0,0,0,0,2
-8041277.89841645,-4507249.26163615,2228,21562,1340947,-72.2360284,-37.487298,77,LOS ANGELES,1,12060,2021,1340947,REGION BIO BIO,8301,LOS ANGELES,CAMINO LA PERLA,CAMINO LA RANCHA,0,"CAMINO LA PERLA & CAMINO LA RANCHA, LOS ANGELES",CHILE,GEOMETRIC_CENTER,16684,2021,1340947,1,2021/03/28 00:00:00+00,1899/12/30 00:00:00+00,8,REGION BIO BIO,8301,LOS ANGELES,31,COLISION FRONTAL,30,COLISION,2,RURAL,2,TRAMO DE VIA CURVA HORIZONTAL,1,IMPRUDENCIA DEL CONDUCTOR,27,CONDUCCION NO ATENTO CONDICIONES TRANSITO MOMENTO,0,CAMINO LA PERLA,0,CAMINO LA RANCHA,CAMINO LA PERLA - CAMINO LA RANCHA,0, , , , ,1,1,2,BIDIRECCIONAL,6,TIERRA,2,REGULAR,0, ,1,DESPEJADO,0,0,0,0,2
-8051286.92326435,-4507248.98105358,2229,21563,1333655,-72.325941,-37.487296,77,LOS ANGELES,1,6885,2021,1333655,REGION BIO BIO,8301,LOS ANGELES,LAS INDUSTRIAS, ,2120,"LAS INDUSTRIAS 2120, LOS ANGELES",CHILE,RANGE_INTERPOLATED,9640,2021,1333655,1,2021/02/19 00:00:00+00,1899/12/30 00:00:00+00,8,REGION BIO BIO,8301,LOS ANGELES,32,COLISION LATERAL,30,COLISION,1,URBANA,1,TRAMO DE VIA RECTA,1,IMPRUDENCIA DEL CONDUCTOR,27,CONDUCCION NO ATENTO CONDICIONES TRANSITO MOMENTO,0,LAS INDUSTRIAS,0, ,- LAS INDUSTRIAS,2120, , , , ,2,0,1,UNIDIRECCIONAL,2,ASFALTO,1,BUENO,1,SECO,1,DESPEJADO,0,0,0,2,1
-8053029.52970518,-4507222.97108217,2230,21564,1359073,-72.3415951,-37.4871106,77,LOS ANGELES,1,24407,2021,1359073,REGION BIO BIO,8301,LOS ANGELES,FRANCISCO ENCINA,BALBINO SANHUEZA,0,"FRANCISCO ENCINA & BALBINO SANHUEZA, LOS ANGELES",CHILE,GEOMETRIC_CENTER,33655,2021,1359073,1,2021/06/23 00:00:00+00,1899/12/30 00:00:00+00,8,REGION BIO BIO,8301,LOS ANGELES,53,CHOQUE POSTERIOR,40,CHOQUE,1,URBANA,1,TRAMO DE VIA RECTA,1,IMPRUDENCIA DEL CONDUCTOR,27,CONDUCCION NO ATENTO CONDICIONES TRANSITO MOMENTO,0,FRANCISCO ENCINA,0,BALBINO SANHUEZA,BALBINO SANHUEZA - FRANCISCO ENCINA,0, , , , ,2,0,1,UNIDIRECCIONAL,2,ASFALTO,1,BUENO,2,HUMEDO,2,NUBLADO,0,0,0,0,2
-8053029.52970518,-4507222.97108217,2231,21565,1397520,-72.3415951,-37.4871106,77,LOS ANGELES,1,50870,2021,1397520,REGION BIO BIO,8301,LOS ANGELES,FRANCISCO ENCINA,LOS AZTECAS,0,"FRANCISCO ENCINA & LOS AZTECAS, LOS ANGELES",CHILE,GEOMETRIC_CENTER,69247,2021,1397520,1,2021/11/17 00:00:00+00,1899/12/30 00:00:00+00,8,REGION BIO BIO,8301,LOS ANGELES,31,COLISION FRONTAL,30,COLISION,1,URBANA,11,CRUCE CON SEMAFORO FUNCIONANDO,1,IMPRUDENCIA DEL CONDUCTOR,27,CONDUCCION NO ATENTO CONDICIONES TRANSITO MOMENTO,0,FRANCISCO ENCINA,0,LOS AZTECAS,FRANCISCO ENCINA - LOS AZTECAS,0, , , , ,1,1,2,BIDIRECCIONAL,2,ASFALTO,1,BUENO,1,SECO,1,DESPEJADO,0,0,0,0,3
-8054289.86671604,-4507214.1046989,2232,21566,1363869,-72.3529169,-37.4870474,77,LOS ANGELES,1,27381,2021,1363869,REGION BIO BIO,8301,LOS ANGELES,CAMINO SANTA LAURA, ,21,"CAMINO SANTA LAURA 21, LOS ANGELES",CHILE,RANGE_INTERPOLATED,37779,2021,1363869,1,2021/07/12 00:00:00+00,1899/12/30 00:00:00+00,8,REGION BIO BIO,8301,LOS ANGELES,32,COLISION LATERAL,30,COLISION,2,RURAL,1,TRAMO DE VIA RECTA,1,IMPRUDENCIA DEL CONDUCTOR,27,CONDUCCION NO ATENTO CONDICIONES TRANSITO MOMENTO,0,CAMINO SANTA LAURA,0, ,- CAMINO SANTA LAURA,21, , , , ,2,0,1,UNIDIRECCIONAL,2,ASFALTO,1,BUENO,2,HUMEDO,5,NEBLINA,0,0,0,1,1
-8053178.06330174,-4507207.45491637,2233,21567,1351335,-72.3429294,-37.487,77,LOS ANGELES,1,18808,2021,1351335,REGION BIO BIO,8301,LOS ANGELES,LOS CARRERA, ,1380,"LOS CARRERA 1380, LOS ANGELES",CHILE,RANGE_INTERPOLATED,25863,2021,1351335,1,2021/05/19 00:00:00+00,1899/12/30 00:00:00+00,8,REGION BIO BIO,8301,LOS ANGELES,32,COLISION LATERAL,30,COLISION,1,URBANA,1,TRAMO DE VIA RECTA,1,IMPRUDENCIA DEL CONDUCTOR,27,CONDUCCION NO ATENTO CONDICIONES TRANSITO MOMENTO,0,LOS CARRERA,0, ,- LOS CARRERA,1380, , , , ,2,2,2,BIDIRECCIONAL,1,CONCRETO,1,BUENO,3,MOJADO,2,NUBLADO,0,0,0,0,2
-8054575.86875178,-4507198.09752912,2234,21568,1342814,-72.3554861,-37.4869333,77,LOS ANGELES,1,13345,2021,1342814,REGION BIO BIO,8301,LOS ANGELES,MANUEL RODRIGUEZ,SAN PEDRO,0,"MANUEL RODRIGUEZ & SAN PEDRO, LOS ANGELES",CHILE,GEOMETRIC_CENTER,18445,2021,1342814,1,2021/04/09 00:00:00+00,1899/12/30 00:00:00+00,8,REGION BIO BIO,8301,LOS ANGELES,32,COLISION LATERAL,30,COLISION,1,URBANA,1,TRAMO DE VIA RECTA,1,IMPRUDENCIA DEL CONDUCTOR,27,CONDUCCION NO ATENTO CONDICIONES TRANSITO MOMENTO,0,MANUEL RODRIGUEZ,0,SAN PEDRO,MANUEL RODRIGUEZ - SAN PEDRO,0, , , , ,1,1,2,BIDIRECCIONAL,1,CONCRETO,2,REGULAR,1,SECO,1,DESPEJADO,0,0,0,0,2
-8052282.90988042,-4507182.24470321,2235,21569,1404533,-72.3348881,-37.4868203,77,LOS ANGELES,1,56359,2021,1404533,REGION BIO BIO,8301,LOS ANGELES,LOS APACHES, ,1637,"LOS APACHES 1637, LOS ANGELES",CHILE,RANGE_INTERPOLATED,76594,2021,1404533,1,2021/12/15 00:00:00+00,1899/12/30 00:00:00+00,8,REGION BIO BIO,8301,LOS ANGELES,64,CHOQUE LADO/FRENTE,40,CHOQUE,1,URBANA,1,TRAMO DE VIA RECTA,4,ALCOHOL EN CONDUCTOR,24,CONDUCCION EN ESTADO DE EBRIEDAD,0,LOS APACHES,0, ,- LOS APACHES,1637, , , , ,2,0,1,UNIDIRECCIONAL,2,ASFALTO,1,BUENO,1,SECO,1,DESPEJADO,0,0,0,1,2
-8053270.52527079,-4507172.90136749,2236,21570,1380266,-72.34376,-37.4867537,77,LOS ANGELES,1,38705,2021,1380266,REGION BIO BIO,8301,LOS ANGELES,LOS CARRERA,RENE SEPULVEDA,0,"LOS CARRERA & RENE SEPULVEDA, LOS ANGELES",CHILE,GEOMETRIC_CENTER,53177,2021,1380266,1,2021/09/13 00:00:00+00,1899/12/30 00:00:00+00,8,REGION BIO BIO,8301,LOS ANGELES,30,COLISION,30,COLISION,1,URBANA,1,TRAMO DE VIA RECTA,1,IMPRUDENCIA DEL CONDUCTOR,27,CONDUCCION NO ATENTO CONDICIONES TRANSITO MOMENTO,0,LOS CARRERA,0,RENE SEPULVEDA,LOS CARRERA - RENE SEPULVEDA,0, , , , ,2,0,1,UNIDIRECCIONAL,1,CONCRETO,1,BUENO,1,SECO,1,DESPEJADO,0,0,0,0,2
-8053270.52527079,-4507172.90136749,2237,21571,1404106,-72.34376,-37.4867537,77,LOS ANGELES,1,55939,2021,1404106,REGION BIO BIO,8301,LOS ANGELES,LOS CARRERA,RENE SEPULVEDA,0,"LOS CARRERA & RENE SEPULVEDA, LOS ANGELES",CHILE,GEOMETRIC_CENTER,76053,2021,1404106,1,2021/12/13 00:00:00+00,1899/12/30 00:00:00+00,8,REGION BIO BIO,8301,LOS ANGELES,32,COLISION LATERAL,30,COLISION,1,URBANA,16,CRUCE SIN SEÑALIZACION,1,IMPRUDENCIA DEL CONDUCTOR,27,CONDUCCION NO ATENTO CONDICIONES TRANSITO MOMENTO,0,LOS CARRERA,0,RENE SEPULVEDA,LOS CARRERA - RENE SEPULVEDA,0, , , , ,2,2,2,BIDIRECCIONAL,1,CONCRETO,1,BUENO,1,SECO,1,DESPEJADO,0,0,0,0,2
-8053230.82874038,-4507159.60185893,2238,21572,1388589,-72.3434034,-37.4866589,77,LOS ANGELES,1,44907,2021,1388589,REGION BIO BIO,8301,LOS ANGELES,LOS CARRERA, ,1302,"LOS CARRERA 1302, LOS ANGELES",CHILE,RANGE_INTERPOLATED,61378,2021,1388589,1,2021/10/17 00:00:00+00,1899/12/30 00:00:00+00,8,REGION BIO BIO,8301,LOS ANGELES,50,CHOQUE,40,CHOQUE,1,URBANA,1,TRAMO DE VIA RECTA,8,DROGAS Y/O FATIGA EN CONDUCTOR,25,"CONDICIONES FISICAS DEFICIENTES (CANSANCIO, SUEÑO)",0,LOS CARRERA,0, ,- LOS CARRERA,1302, , , , ,2,2,2,BIDIRECCIONAL,1,CONCRETO,1,BUENO,1,SECO,1,DESPEJADO,0,0,0,0,1
-8052773.02733449,-4507141.91129407,2239,21573,1369676,-72.3392909,-37.4865328,77,LOS ANGELES,1,31823,2021,1369676,REGION BIO BIO,8301,LOS ANGELES,FRANCISCO ENCINA,LOS GUARANIES,0,"FRANCISCO ENCINA & LOS GUARANIES, LOS ANGELES",CHILE,GEOMETRIC_CENTER,43909,2021,1369676,1,2021/08/06 00:00:00+00,1899/12/30 00:00:00+00,8,REGION BIO BIO,8301,LOS ANGELES,30,COLISION,30,COLISION,1,URBANA,15,CRUCE CON SEÑAL CEDA EL PASO,1,IMPRUDENCIA DEL CONDUCTOR,27,CONDUCCION NO ATENTO CONDICIONES TRANSITO MOMENTO,0,FRANCISCO ENCINA,0,LOS GUARANIES,FRANCISCO ENCINA - LOS GUARANIES,0, , , , ,2,0,1,UNIDIRECCIONAL,2,ASFALTO,1,BUENO,1,SECO,3,LLUVIA,0,0,1,1,0
-8052801.66983947,-4507129.91651887,2240,21574,1335066,-72.3395482,-37.4864473,77,LOS ANGELES,1,8176,2021,1335066,REGION BIO BIO,8301,LOS ANGELES,FRANCISCO ENCINA,RENE SCHNEIDER,0,"FRANCISCO ENCINA & RENE SCHNEIDER, LOS ANGELES",CHILE,GEOMETRIC_CENTER,11479,2021,1335066,1,2021/03/01 00:00:00+00,1899/12/30 00:00:00+00,8,REGION BIO BIO,8301,LOS ANGELES,32,COLISION LATERAL,30,COLISION,1,URBANA,1,TRAMO DE VIA RECTA,1,IMPRUDENCIA DEL CONDUCTOR,32,NO RESPETAR DERECHO PREFERENTE DE PASO A VEHICULO,0,FRANCISCO ENCINA,0,RENE SCHNEIDER,FRANCISCO ENCINA - RENE SCHNEIDER,0, , , , ,1,1,2,BIDIRECCIONAL,2,ASFALTO,1,BUENO,1,SECO,1,DESPEJADO,0,0,0,1,1
-8052011.24579509,-4507128.85031729,2241,21575,1376997,-72.3324477,-37.4864397,77,LOS ANGELES,1,37251,2021,1376997,REGION BIO BIO,8301,LOS ANGELES,LOS QUIMBAYAS, ,850,"LOS QUIMBAYAS 850, LOS ANGELES",CHILE,RANGE_INTERPOLATED,51228,2021,1376997,1,2021/09/05 00:00:00+00,1899/12/30 00:00:00+00,8,REGION BIO BIO,8301,LOS ANGELES,65,CHOQUE LADO/LADO,40,CHOQUE,1,URBANA,1,TRAMO DE VIA RECTA,1,IMPRUDENCIA DEL CONDUCTOR,27,CONDUCCION NO ATENTO CONDICIONES TRANSITO MOMENTO,0,LOS QUIMBAYAS,0, ,- LOS QUIMBAYAS,850, , , , ,2,0,1,UNIDIRECCIONAL,1,CONCRETO,1,BUENO,3,MOJADO,3,LLUVIA,0,0,0,1,1
-8053345.07593378,-4507059.07046577,2242,21576,1405410,-72.3444297,-37.4859423,77,LOS ANGELES,1,57215,2021,1405410,REGION BIO BIO,8301,LOS ANGELES,LOS CARRERA, ,1238,"LOS CARRERA 1238, LOS ANGELES",CHILE,RANGE_INTERPOLATED,77712,2021,1405410,1,2021/12/19 00:00:00+00,1899/12/30 00:00:00+00,8,REGION BIO BIO,8301,LOS ANGELES,10,ATROPELLO,10,ATROPELLO,1,URBANA,15,CRUCE CON SEÑAL CEDA EL PASO,1,IMPRUDENCIA DEL CONDUCTOR,27,CONDUCCION NO ATENTO CONDICIONES TRANSITO MOMENTO,0,LOS CARRERA,0, ,- LOS CARRERA,1238, , , , ,2,0,1,UNIDIRECCIONAL,1,CONCRETO,1,BUENO,1,SECO,1,DESPEJADO,0,1,0,1,1
-8051762.59144851,-4507052.21034863,2243,21577,1328009,-72.330214,-37.4858934,77,LOS ANGELES,1,3152,2021,1328009,REGION BIO BIO,8301,LOS ANGELES,LIMA,CALI,0,"LIMA & CALI, LOS ANGELES",CHILE,GEOMETRIC_CENTER,4331,2021,1328009,1,2021/01/22 00:00:00+00,1899/12/30 00:00:00+00,8,REGION BIO BIO,8301,LOS ANGELES,32,COLISION LATERAL,30,COLISION,1,URBANA,1,TRAMO DE VIA RECTA,1,IMPRUDENCIA DEL CONDUCTOR,26,CONDUCCION POR IZQUIERDA EJE CALZADA,0,LIMA,0,CALI,CALI - LIMA,0, , , , ,1,1,2,BIDIRECCIONAL,2,ASFALTO,1,BUENO,1,SECO,1,DESPEJADO,0,0,0,0,2