X,Y,FID,FID_1,LABELID,POINT_X,POINT_Y,FID_2,COMUNAREAL,VAL_COM,OBJECTID,A_O,IDACCIDENT,REGION,COD_COMUN,COMUNA,CALLE_UNO,CALLE_DOS,NUMERO,DIR_GEOCOD,PAIS,TIPO,OBJECTID_1,Año,Idaccide_1,Claseaccid,Fecha,Hora,Cód_Regi,Región,Cód_Comun,Comuna_1,Cód_Tipo_,Tipo_Accid,Cód_Tipo1,Tipo__CONA,Cód_Zona,Zona,Cód_Ubica,Ubicación,Cód_Causa,Causa__CON,Cód_Cau_1,Causa,Cód_Calle,Calle_Un_1,Cód_Cal_1,Calle_Do_1,Intersecci,Número,Ruta,Cód_Ruta,Ubicaci_1,Km_Vía_Fe,Pistas_de_,Pistas_de1,Cód_Calza,Calzada,Cód__Tipo,Tipo_Calza,Cód_Estad,Estado_Cal,Cód_Condi,Condición,Cód_Est_1,Estado_Atm,Fallecidos,Graves,Menos_Grav,Leves,Ilesos
-8051733.28102658,-4507039.33185865,2244,21578,1369457,-72.3299507,-37.4858016,77,LOS ANGELES,1,31423,2021,1369457,REGION BIO BIO,8301,LOS ANGELES,LIMA,LIMA,0,"LIMA & LIMA, LOS ANGELES",CHILE,GEOMETRIC_CENTER,43387,2021,1369457,1,2021/08/04 00:00:00+00,1899/12/30 00:00:00+00,8,REGION BIO BIO,8301,LOS ANGELES,34,COLISION PERPENDICULAR,30,COLISION,1,URBANA,14,CRUCE CON SEÑAL PARE,10,DESOBEDIENCIA A SEÑALIZACION,65,SEÑALIZACION DESOBEDECER SEÑAL PARE,0,LIMA,0,LIMA,LIMA - LIMA,0, , , , ,1,1,2,BIDIRECCIONAL,1,CONCRETO,1,BUENO,1,SECO,1,DESPEJADO,0,0,0,4,0
-8052536.60699994,-4507023.17063871,2245,21579,1360638,-72.3371671,-37.4856864,77,LOS ANGELES,1,20979,2021,1360638,REGION BIO BIO,8301,LOS ANGELES,LOS MAYAS,FRANCISCO ENCINA,0,"LOS MAYAS & FRANCISCO ENCINA, LOS ANGELES",CHILE,GEOMETRIC_CENTER,28925,2021,1360638,1,2021/06/02 00:00:00+00,1899/12/30 00:00:00+00,8,REGION BIO BIO,8301,LOS ANGELES,31,COLISION FRONTAL,30,COLISION,1,URBANA,11,CRUCE CON SEMAFORO FUNCIONANDO,10,DESOBEDIENCIA A SEÑALIZACION,62,SEÑALIZACION DESOBEDECER LUZ ROJA DE SEMAFORO,0,LOS MAYAS,0,FRANCISCO ENCINA,FRANCISCO ENCINA - LOS MAYAS,0, , , , ,1,1,2,BIDIRECCIONAL,2,ASFALTO,1,BUENO,1,SECO,1,DESPEJADO,0,0,0,0,2
-8053411.05499597,-4507020.16847039,2246,21580,1385204,-72.3450224,-37.485665,77,LOS ANGELES,1,42424,2021,1385204,REGION BIO BIO,8301,LOS ANGELES,LOS CARRERA,RIO BIO BIO,0,"LOS CARRERA & RIO BIO BIO, LOS ANGELES",CHILE,GEOMETRIC_CENTER,58124,2021,1385204,1,2021/10/04 00:00:00+00,1899/12/30 00:00:00+00,8,REGION BIO BIO,8301,LOS ANGELES,32,COLISION LATERAL,30,COLISION,1,URBANA,1,TRAMO DE VIA RECTA,1,IMPRUDENCIA DEL CONDUCTOR,91,VIRAJES INDEBIDOS,0,LOS CARRERA,0,RIO BIO BIO,LOS CARRERA - RIO BIO BIO,0, , , , ,2,2,3,BIDIRECCIONAL CON BANDEJON,1,CONCRETO,1,BUENO,1,SECO,1,DESPEJADO,0,0,0,1,1
-8053411.05499597,-4507020.16847039,2247,21581,1395383,-72.3450224,-37.485665,77,LOS ANGELES,1,50274,2021,1395383,REGION BIO BIO,8301,LOS ANGELES,LOS CARRERA,RIO BIO BIO,0,"LOS CARRERA & RIO BIO BIO, LOS ANGELES",CHILE,GEOMETRIC_CENTER,68478,2021,1395383,1,2021/11/14 00:00:00+00,1899/12/30 00:00:00+00,8,REGION BIO BIO,8301,LOS ANGELES,34,COLISION PERPENDICULAR,30,COLISION,1,URBANA,1,TRAMO DE VIA RECTA,1,IMPRUDENCIA DEL CONDUCTOR,11,ADELANTAMIENTO SIN EL ESPACIO O TIEMPO SUFICIENTE,0,LOS CARRERA,0,RIO BIO BIO,LOS CARRERA - RIO BIO BIO,0, , , , ,2,0,1,UNIDIRECCIONAL,1,CONCRETO,1,BUENO,1,SECO,1,DESPEJADO,0,0,0,0,2
-8052149.69384579,-4507015.27241269,2248,21582,1341757,-72.3336914,-37.4856301,77,LOS ANGELES,1,12925,2021,1341757,REGION BIO BIO,8301,LOS ANGELES,LOS QUIMBAYAS, ,842,"LOS QUIMBAYAS 842, LOS ANGELES",CHILE,RANGE_INTERPOLATED,17850,2021,1341757,1,2021/04/05 00:00:00+00,1899/12/30 00:00:00+00,8,REGION BIO BIO,8301,LOS ANGELES,65,CHOQUE LADO/LADO,40,CHOQUE,1,URBANA,1,TRAMO DE VIA RECTA,1,IMPRUDENCIA DEL CONDUCTOR,27,CONDUCCION NO ATENTO CONDICIONES TRANSITO MOMENTO,0,LOS QUIMBAYAS,0, ,- LOS QUIMBAYAS,842, , , , ,2,2,2,BIDIRECCIONAL,1,CONCRETO,2,REGULAR,1,SECO,2,NUBLADO,0,0,0,1,1
-8051607.20057131,-4507007.58462469,2249,21583,1333809,-72.3288181,-37.4855753,77,LOS ANGELES,1,7109,2021,1333809,REGION BIO BIO,8301,LOS ANGELES,PUERTO ALEGRE,LIMA,0,"PUERTO ALEGRE & LIMA, LOS ANGELES",CHILE,GEOMETRIC_CENTER,9975,2021,1333809,1,2021/02/21 00:00:00+00,1899/12/30 00:00:00+00,8,REGION BIO BIO,8301,LOS ANGELES,69,CHOQUE POSTERIOR/POSTERIOR,40,CHOQUE,1,URBANA,14,CRUCE CON SEÑAL PARE,10,DESOBEDIENCIA A SEÑALIZACION,65,SEÑALIZACION DESOBEDECER SEÑAL PARE,0,PUERTO ALEGRE,0,LIMA,LIMA - PUERTO ALEGRE,0, , , , ,1,1,2,BIDIRECCIONAL,2,ASFALTO,1,BUENO,1,SECO,1,DESPEJADO,0,1,0,1,1
-8053855.49806296,-4506972.23209552,2250,21584,1405699,-72.3490149,-37.4853233,77,LOS ANGELES,1,57395,2021,1405699,REGION BIO BIO,8301,LOS ANGELES,LOS MANZANOS, ,170,"LOS MANZANOS 170, LOS ANGELES",CHILE,RANGE_INTERPOLATED,77944,2021,1405699,1,2021/12/20 00:00:00+00,1899/12/30 00:00:00+00,8,REGION BIO BIO,8301,LOS ANGELES,68,CHOQUE POSTERIOR/LADO,40,CHOQUE,1,URBANA,1,TRAMO DE VIA RECTA,1,IMPRUDENCIA DEL CONDUCTOR,27,CONDUCCION NO ATENTO CONDICIONES TRANSITO MOMENTO,0,LOS MANZANOS,0, ,- LOS MANZANOS,170, , , , ,1,1,2,BIDIRECCIONAL,2,ASFALTO,1,BUENO,1,SECO,1,DESPEJADO,0,0,0,0,2
-8052405.63961902,-4506960.34974445,2251,21585,1360304,-72.3359906,-37.4852386,77,LOS ANGELES,1,25566,2021,1360304,REGION BIO BIO,8301,LOS ANGELES,FRANCISCO ENCINA,LOS APACHES,0,"FRANCISCO ENCINA & LOS APACHES, LOS ANGELES",CHILE,GEOMETRIC_CENTER,35304,2021,1360304,1,2021/07/01 00:00:00+00,1899/12/30 00:00:00+00,8,REGION BIO BIO,8301,LOS ANGELES,32,COLISION LATERAL,30,COLISION,1,URBANA,14,CRUCE CON SEÑAL PARE,10,DESOBEDIENCIA A SEÑALIZACION,65,SEÑALIZACION DESOBEDECER SEÑAL PARE,0,FRANCISCO ENCINA,0,LOS APACHES,FRANCISCO ENCINA - LOS APACHES,0, , , , ,1,1,2,BIDIRECCIONAL,1,CONCRETO,1,BUENO,3,MOJADO,3,LLUVIA,0,0,0,1,1
-8052405.63961902,-4506960.34974445,2252,21586,1381644,-72.3359906,-37.4852386,77,LOS ANGELES,1,40355,2021,1381644,REGION BIO BIO,8301,LOS ANGELES,FRANCISCO ENCINA,LOS APACHES,0,"FRANCISCO ENCINA & LOS APACHES, LOS ANGELES",CHILE,GEOMETRIC_CENTER,55405,2021,1381644,1,2021/09/23 00:00:00+00,1899/12/30 00:00:00+00,8,REGION BIO BIO,8301,LOS ANGELES,34,COLISION PERPENDICULAR,30,COLISION,1,URBANA,14,CRUCE CON SEÑAL PARE,10,DESOBEDIENCIA A SEÑALIZACION,65,SEÑALIZACION DESOBEDECER SEÑAL PARE,0,FRANCISCO ENCINA,0,LOS APACHES,FRANCISCO ENCINA - LOS APACHES,0, , , , ,2,2,2,BIDIRECCIONAL,2,ASFALTO,1,BUENO,1,SECO,1,DESPEJADO,0,0,0,0,2
-8053508.67105745,-4506916.03304264,2253,21587,1336324,-72.3458993,-37.4849227,77,LOS ANGELES,1,8514,2021,1336324,REGION BIO BIO,8301,LOS ANGELES,LOS CARRERA,BIO BIO,0,"LOS CARRERA & BIO BIO, LOS ANGELES",CHILE,GEOMETRIC_CENTER,11941,2021,1336324,1,2021/03/03 00:00:00+00,1899/12/30 00:00:00+00,8,REGION BIO BIO,8301,LOS ANGELES,30,COLISION,30,COLISION,1,URBANA,15,CRUCE CON SEÑAL CEDA EL PASO,10,DESOBEDIENCIA A SEÑALIZACION,64,SEÑALIZACION DESOBEDECER SEÑAL CEDA EL PASO,0,LOS CARRERA,0,BIO BIO,BIO BIO - LOS CARRERA,0, , , , ,1,1,2,BIDIRECCIONAL,2,ASFALTO,1,BUENO,1,SECO,2,NUBLADO,0,0,0,1,1
-8053508.67105745,-4506916.03304264,2254,21588,1351969,-72.3458993,-37.4849227,77,LOS ANGELES,1,19434,2021,1351969,REGION BIO BIO,8301,LOS ANGELES,LOS CARRERA,BIO BIO,0,"LOS CARRERA & BIO BIO, LOS ANGELES",CHILE,GEOMETRIC_CENTER,26752,2021,1351969,1,2021/05/23 00:00:00+00,1899/12/30 00:00:00+00,8,REGION BIO BIO,8301,LOS ANGELES,32,COLISION LATERAL,30,COLISION,1,URBANA,15,CRUCE CON SEÑAL CEDA EL PASO,1,IMPRUDENCIA DEL CONDUCTOR,32,NO RESPETAR DERECHO PREFERENTE DE PASO A VEHICULO,0,LOS CARRERA,0,BIO BIO,BIO BIO - LOS CARRERA,0, , , , ,2,2,2,BIDIRECCIONAL,2,ASFALTO,2,REGULAR,1,SECO,1,DESPEJADO,0,1,0,0,1
-8039029.13338293,-4506907.43346378,2255,21589,1352372,-72.2158274,-37.4848614,77,LOS ANGELES,1,19689,2021,1352372,REGION BIO BIO,8301,LOS ANGELES,EL PERAL, ,2,"EL PERAL 2, LOS ANGELES",CHILE,RANGE_INTERPOLATED,27101,2021,1352372,1,2021/05/25 00:00:00+00,1899/12/30 00:00:00+00,8,REGION BIO BIO,8301,LOS ANGELES,32,COLISION LATERAL,30,COLISION,1,URBANA,1,TRAMO DE VIA RECTA,1,IMPRUDENCIA DEL CONDUCTOR,27,CONDUCCION NO ATENTO CONDICIONES TRANSITO MOMENTO,0,EL PERAL,0, ,- EL PERAL,2, , , , ,1,1,2,BIDIRECCIONAL,2,ASFALTO,2,REGULAR,1,SECO,5,NEBLINA,0,0,0,1,1
-8039029.13338293,-4506907.43346378,2256,21590,1381621,-72.2158274,-37.4848614,77,LOS ANGELES,1,40191,2021,1381621,REGION BIO BIO,8301,LOS ANGELES,LAS INDUSTRIAS,CRUCE EL PERAL,0,"LAS INDUSTRIAS & CRUCE EL PERAL, LOS ANGELES",CHILE,GEOMETRIC_CENTER,55189,2021,1381621,1,2021/09/22 00:00:00+00,1899/12/30 00:00:00+00,8,REGION BIO BIO,8301,LOS ANGELES,32,COLISION LATERAL,30,COLISION,1,URBANA,1,TRAMO DE VIA RECTA,1,IMPRUDENCIA DEL CONDUCTOR,27,CONDUCCION NO ATENTO CONDICIONES TRANSITO MOMENTO,0,LAS INDUSTRIAS,0,CRUCE EL PERAL,CRUCE EL PERAL - LAS INDUSTRIAS,0, , , , ,2,2,3,BIDIRECCIONAL CON BANDEJON,1,CONCRETO,1,BUENO,1,SECO,1,DESPEJADO,0,0,0,1,2
-8052287.57416709,-4506891.74942132,2257,21591,1375443,-72.33493,-37.4847496,77,LOS ANGELES,1,35721,2021,1375443,REGION BIO BIO,8301,LOS ANGELES,FRANCISCO ENCINA,LOS CARIBES,0,"FRANCISCO ENCINA & LOS CARIBES, LOS ANGELES",CHILE,GEOMETRIC_CENTER,49177,2021,1375443,1,2021/08/28 00:00:00+00,1899/12/30 00:00:00+00,8,REGION BIO BIO,8301,LOS ANGELES,33,COLISION POR ALCANCE,30,COLISION,1,URBANA,1,TRAMO DE VIA RECTA,1,IMPRUDENCIA DEL CONDUCTOR,27,CONDUCCION NO ATENTO CONDICIONES TRANSITO MOMENTO,0,FRANCISCO ENCINA,0,LOS CARIBES,FRANCISCO ENCINA - LOS CARIBES,0, , , , ,2,2,3,BIDIRECCIONAL CON BANDEJON,2,ASFALTO,1,BUENO,3,MOJADO,2,NUBLADO,0,0,0,0,2
-8052486.58002078,-4506878.23984005,2258,21592,1398784,-72.3367177,-37.4846533,77,LOS ANGELES,1,52538,2021,1398784,REGION BIO BIO,8301,LOS ANGELES,ANDRES BELLO, ,1479,"ANDRES BELLO 1479, LOS ANGELES",CHILE,RANGE_INTERPOLATED,71413,2021,1398784,1,2021/11/25 00:00:00+00,1899/12/30 00:00:00+00,8,REGION BIO BIO,8301,LOS ANGELES,70,VOLCADURA,70,VOLCADURA,1,URBANA,1,TRAMO DE VIA RECTA,1,IMPRUDENCIA DEL CONDUCTOR,15,"ADELANTAMIENTO EN CRUCE, CURVA, CUESTA, PUENTE",0,ANDRES BELLO,0, ,- ANDRES BELLO,1479, , , , ,1,1,2,BIDIRECCIONAL,2,ASFALTO,1,BUENO,1,SECO,1,DESPEJADO,0,0,0,1,0
-8052958.26296717,-4506875.25174187,2259,21593,1391116,-72.3409549,-37.484632,77,LOS ANGELES,1,46985,2021,1391116,REGION BIO BIO,8301,LOS ANGELES,RENE SEPULVEDA,MIGUEL ARTECHE,0,"RENE SEPULVEDA & MIGUEL ARTECHE, LOS ANGELES",CHILE,GEOMETRIC_CENTER,64093,2021,1391116,1,2021/10/28 00:00:00+00,1899/12/30 00:00:00+00,8,REGION BIO BIO,8301,LOS ANGELES,10,ATROPELLO,10,ATROPELLO,1,URBANA,16,CRUCE SIN SEÑALIZACION,2,IMPRUDENCIA DEL PEATON,53,IMPRUDENCIA DEL PEATON,0,RENE SEPULVEDA,0,MIGUEL ARTECHE,MIGUEL ARTECHE - RENE SEPULVEDA,0, , , , ,2,0,1,UNIDIRECCIONAL,1,CONCRETO,2,REGULAR,1,SECO,1,DESPEJADO,0,1,0,0,1
-8051628.98579566,-4506833.17997111,2260,21594,1376719,-72.3290138,-37.4843321,77,LOS ANGELES,1,36794,2021,1376719,REGION BIO BIO,8301,LOS ANGELES,FRANCISCO ENCINA,CARTIER,0,"FRANCISCO ENCINA & CARTIER, LOS ANGELES",CHILE,GEOMETRIC_CENTER,50593,2021,1376719,1,2021/09/03 00:00:00+00,1899/12/30 00:00:00+00,8,REGION BIO BIO,8301,LOS ANGELES,32,COLISION LATERAL,30,COLISION,1,URBANA,1,TRAMO DE VIA RECTA,1,IMPRUDENCIA DEL CONDUCTOR,27,CONDUCCION NO ATENTO CONDICIONES TRANSITO MOMENTO,0,FRANCISCO ENCINA,0,CARTIER,CARTIER - FRANCISCO ENCINA,0, , , , ,1,1,2,BIDIRECCIONAL,2,ASFALTO,1,BUENO,1,SECO,1,DESPEJADO,0,0,0,0,2
-8051628.98579566,-4506833.17997111,2261,21595,1385291,-72.3290138,-37.4843321,77,LOS ANGELES,1,42670,2021,1385291,REGION BIO BIO,8301,LOS ANGELES,FRANCISCO ENCINA,CARTIER,0,"FRANCISCO ENCINA & CARTIER, LOS ANGELES",CHILE,GEOMETRIC_CENTER,58434,2021,1385291,1,2021/10/05 00:00:00+00,1899/12/30 00:00:00+00,8,REGION BIO BIO,8301,LOS ANGELES,30,COLISION,30,COLISION,1,URBANA,1,TRAMO DE VIA RECTA,10,DESOBEDIENCIA A SEÑALIZACION,65,SEÑALIZACION DESOBEDECER SEÑAL PARE,0,FRANCISCO ENCINA,0,CARTIER,CARTIER - FRANCISCO ENCINA,0, , , , ,1,1,2,BIDIRECCIONAL,2,ASFALTO,1,BUENO,1,SECO,1,DESPEJADO,0,0,0,1,1
-8051628.98579566,-4506833.17997111,2262,21596,1399229,-72.3290138,-37.4843321,77,LOS ANGELES,1,52894,2021,1399229,REGION BIO BIO,8301,LOS ANGELES,CARTIER,FRANCISCO ENCINA,0,"CARTIER & FRANCISCO ENCINA, LOS ANGELES",CHILE,GEOMETRIC_CENTER,71891,2021,1399229,1,2021/11/27 00:00:00+00,1899/12/30 00:00:00+00,8,REGION BIO BIO,8301,LOS ANGELES,34,COLISION PERPENDICULAR,30,COLISION,1,URBANA,14,CRUCE CON SEÑAL PARE,1,IMPRUDENCIA DEL CONDUCTOR,27,CONDUCCION NO ATENTO CONDICIONES TRANSITO MOMENTO,0,CARTIER,0,FRANCISCO ENCINA,CARTIER - FRANCISCO ENCINA,0, , , , ,1,1,2,BIDIRECCIONAL,2,ASFALTO,1,BUENO,1,SECO,1,DESPEJADO,0,0,1,0,1
-8052033.88817952,-4506827.18977273,2263,21597,1358932,-72.3326511,-37.4842894,77,LOS ANGELES,1,24071,2021,1358932,REGION BIO BIO,8301,LOS ANGELES,FRANCISCO ENCINA,MONTREAL,0,"FRANCISCO ENCINA & MONTREAL, LOS ANGELES",CHILE,GEOMETRIC_CENTER,33189,2021,1358932,1,2021/06/21 00:00:00+00,1899/12/30 00:00:00+00,8,REGION BIO BIO,8301,LOS ANGELES,32,COLISION LATERAL,30,COLISION,1,URBANA,14,CRUCE CON SEÑAL PARE,1,IMPRUDENCIA DEL CONDUCTOR,27,CONDUCCION NO ATENTO CONDICIONES TRANSITO MOMENTO,0,FRANCISCO ENCINA,0,MONTREAL,FRANCISCO ENCINA - MONTREAL,0, , , , ,1,1,2,BIDIRECCIONAL,2,ASFALTO,1,BUENO,1,SECO,1,DESPEJADO,0,0,0,0,2
-8052033.88817952,-4506827.18977273,2264,21598,1360951,-72.3326511,-37.4842894,77,LOS ANGELES,1,25899,2021,1360951,REGION BIO BIO,8301,LOS ANGELES,FRANCISCO ENCINA,MONTREAL,0,"FRANCISCO ENCINA & MONTREAL, LOS ANGELES",CHILE,GEOMETRIC_CENTER,35747,2021,1360951,1,2021/07/03 00:00:00+00,1899/12/30 00:00:00+00,8,REGION BIO BIO,8301,LOS ANGELES,31,COLISION FRONTAL,30,COLISION,1,URBANA,14,CRUCE CON SEÑAL PARE,1,IMPRUDENCIA DEL CONDUCTOR,91,VIRAJES INDEBIDOS,0,FRANCISCO ENCINA,0,MONTREAL,FRANCISCO ENCINA - MONTREAL,0, , , , ,2,2,3,BIDIRECCIONAL CON BANDEJON,2,ASFALTO,1,BUENO,1,SECO,1,DESPEJADO,0,0,0,0,2
-8052033.88817952,-4506827.18977273,2265,21599,1404736,-72.3326511,-37.4842894,77,LOS ANGELES,1,56531,2021,1404736,REGION BIO BIO,8301,LOS ANGELES,FRANCISCO ENCINA,MONTREAL,0,"FRANCISCO ENCINA & MONTREAL, LOS ANGELES",CHILE,GEOMETRIC_CENTER,76816,2021,1404736,1,2021/12/16 00:00:00+00,1899/12/30 00:00:00+00,8,REGION BIO BIO,8301,LOS ANGELES,52,CHOQUE LATERAL,40,CHOQUE,1,URBANA,2,TRAMO DE VIA CURVA HORIZONTAL,1,IMPRUDENCIA DEL CONDUCTOR,27,CONDUCCION NO ATENTO CONDICIONES TRANSITO MOMENTO,0,FRANCISCO ENCINA,0,MONTREAL,FRANCISCO ENCINA - MONTREAL,0, , , , ,1,1,2,BIDIRECCIONAL,2,ASFALTO,1,BUENO,1,SECO,1,DESPEJADO,0,0,0,0,1
-8053629.54176055,-4506799.76396675,2266,21600,1340944,-72.3469851,-37.4840939,77,LOS ANGELES,1,12032,2021,1340944,REGION BIO BIO,8301,LOS ANGELES,LOS CARRERA,LAS QUINTAS,0,"LOS CARRERA & LAS QUINTAS, LOS ANGELES",CHILE,GEOMETRIC_CENTER,16639,2021,1340944,1,2021/03/27 00:00:00+00,1899/12/30 00:00:00+00,8,REGION BIO BIO,8301,LOS ANGELES,33,COLISION POR ALCANCE,30,COLISION,1,URBANA,1,TRAMO DE VIA RECTA,1,IMPRUDENCIA DEL CONDUCTOR,27,CONDUCCION NO ATENTO CONDICIONES TRANSITO MOMENTO,0,LOS CARRERA,0,LAS QUINTAS,LAS QUINTAS - LOS CARRERA,0, , , , ,1,1,2,BIDIRECCIONAL,4,MIXTO,1,BUENO,1,SECO,1,DESPEJADO,0,0,0,0,2
-8053629.54176055,-4506799.76396675,2267,21601,1351534,-72.3469851,-37.4840939,77,LOS ANGELES,1,19066,2021,1351534,REGION BIO BIO,8301,LOS ANGELES,LOS CARRERA,LAS QUINTAS,0,"LOS CARRERA & LAS QUINTAS, LOS ANGELES",CHILE,GEOMETRIC_CENTER,26221,2021,1351534,1,2021/05/20 00:00:00+00,1899/12/30 00:00:00+00,8,REGION BIO BIO,8301,LOS ANGELES,63,CHOQUE FRENTE/POSTERIOR,40,CHOQUE,1,URBANA,1,TRAMO DE VIA RECTA,1,IMPRUDENCIA DEL CONDUCTOR,28,CONDUCCION SIN MANTENER DISTANCIA RAZONABLE NI PRUDENTE,0,LOS CARRERA,0,LAS QUINTAS,LAS QUINTAS - LOS CARRERA,0, , , , ,2,2,2,BIDIRECCIONAL,2,ASFALTO,1,BUENO,1,SECO,2,NUBLADO,0,0,0,2,2
-8053629.54176055,-4506799.76396675,2268,21602,1402261,-72.3469851,-37.4840939,77,LOS ANGELES,1,55014,2021,1402261,REGION BIO BIO,8301,LOS ANGELES,LOS CARRERA,LAS QUINTAS,0,"LOS CARRERA & LAS QUINTAS, LOS ANGELES",CHILE,GEOMETRIC_CENTER,74752,2021,1402261,1,2021/12/08 00:00:00+00,1899/12/30 00:00:00+00,8,REGION BIO BIO,8301,LOS ANGELES,51,CHOQUE FRONTAL,40,CHOQUE,1,URBANA,1,TRAMO DE VIA RECTA,9,PERDIDA CONTROL VEHICULO,95,PERDIDA CONTROL VEHICULO,0,LOS CARRERA,0,LAS QUINTAS,LAS QUINTAS - LOS CARRERA,0, , , , ,2,0,1,UNIDIRECCIONAL,1,CONCRETO,1,BUENO,1,SECO,1,DESPEJADO,0,1,0,0,0
-8052694.12407941,-4506773.75511014,2269,21603,1347798,-72.3385821,-37.4839085,77,LOS ANGELES,1,16882,2021,1347798,REGION BIO BIO,8301,LOS ANGELES,FRANCISCO COLOANE, ,1322,"FRANCISCO COLOANE 1322, LOS ANGELES",CHILE,RANGE_INTERPOLATED,23278,2021,1347798,1,2021/05/06 00:00:00+00,1899/12/30 00:00:00+00,8,REGION BIO BIO,8301,LOS ANGELES,65,CHOQUE LADO/LADO,40,CHOQUE,1,URBANA,1,TRAMO DE VIA RECTA,1,IMPRUDENCIA DEL CONDUCTOR,27,CONDUCCION NO ATENTO CONDICIONES TRANSITO MOMENTO,0,FRANCISCO COLOANE,0, ,- FRANCISCO COLOANE,1322, , , , ,1,1,2,BIDIRECCIONAL,2,ASFALTO,1,BUENO,1,SECO,1,DESPEJADO,0,0,0,0,2
-8054076.61196752,-4506773.4885688,2270,21604,1366924,-72.3510012,-37.4839066,77,LOS ANGELES,1,29292,2021,1366924,REGION BIO BIO,8301,LOS ANGELES,LAS QUINTAS,BERNARDO O'HIGGINS,0,"LAS QUINTAS & BERNARDO O'HIGGINS, LOS ANGELES",CHILE,GEOMETRIC_CENTER,40492,2021,1366924,1,2021/07/23 00:00:00+00,1899/12/30 00:00:00+00,8,REGION BIO BIO,8301,LOS ANGELES,31,COLISION FRONTAL,30,COLISION,1,URBANA,15,CRUCE CON SEÑAL CEDA EL PASO,1,IMPRUDENCIA DEL CONDUCTOR,27,CONDUCCION NO ATENTO CONDICIONES TRANSITO MOMENTO,0,LAS QUINTAS,0,BERNARDO O'HIGGINS,BERNARDO O'HIGGINS - LAS QUINTAS,0, , , , ,2,2,2,BIDIRECCIONAL,1,CONCRETO,1,BUENO,1,SECO,2,NUBLADO,0,0,0,2,0
-8054076.61196752,-4506773.4885688,2271,21605,1409445,-72.3510012,-37.4839066,77,LOS ANGELES,1,59160,2021,1409445,REGION BIO BIO,8301,LOS ANGELES,LAS QUINTAS,O'HIGGINS,0,"LAS QUINTAS & O'HIGGINS, LOS ANGELES",CHILE,GEOMETRIC_CENTER,80384,2021,1409445,1,2021/12/30 00:00:00+00,1899/12/30 00:00:00+00,8,REGION BIO BIO,8301,LOS ANGELES,32,COLISION LATERAL,30,COLISION,1,URBANA,14,CRUCE CON SEÑAL PARE,1,IMPRUDENCIA DEL CONDUCTOR,27,CONDUCCION NO ATENTO CONDICIONES TRANSITO MOMENTO,0,LAS QUINTAS,0,O'HIGGINS,LAS QUINTAS - O'HIGGINS,0, , , , ,2,0,1,UNIDIRECCIONAL,1,CONCRETO,1,BUENO,1,SECO,1,DESPEJADO,0,0,0,1,1
-8053867.91018619,-4506763.14957549,2272,21606,1334230,-72.3491264,-37.4838329,77,LOS ANGELES,1,7498,2021,1334230,REGION BIO BIO,8301,LOS ANGELES,LAS QUINTAS, ,139,"LAS QUINTAS 139, LOS ANGELES",CHILE,RANGE_INTERPOLATED,10535,2021,1334230,1,2021/02/24 00:00:00+00,1899/12/30 00:00:00+00,8,REGION BIO BIO,8301,LOS ANGELES,10,ATROPELLO,10,ATROPELLO,1,URBANA,1,TRAMO DE VIA RECTA,2,IMPRUDENCIA DEL PEATON,52,PEATON CRUZA CALZADA FORMA SORPRESIVA O DESCUIDADA,0,LAS QUINTAS,0, ,- LAS QUINTAS,139, , , , ,1,1,2,BIDIRECCIONAL,1,CONCRETO,2,REGULAR,1,SECO,1,DESPEJADO,0,1,0,0,1
-8054357.80500127,-4506750.94480682,2273,21607,1398405,-72.3535272,-37.4837459,77,LOS ANGELES,1,52008,2021,1398405,REGION BIO BIO,8301,LOS ANGELES,LAS QUINTAS,SAN MARTIN,0,"LAS QUINTAS & SAN MARTIN, LOS ANGELES",CHILE,GEOMETRIC_CENTER,70726,2021,1398405,1,2021/11/23 00:00:00+00,1899/12/30 00:00:00+00,8,REGION BIO BIO,8301,LOS ANGELES,51,CHOQUE FRONTAL,40,CHOQUE,1,URBANA,14,CRUCE CON SEÑAL PARE,13,CAUSAS NO DETERMINADAS,97,CAUSAS NO DETERMINADAS,0,LAS QUINTAS,0,SAN MARTIN,LAS QUINTAS - SAN MARTIN,0, , , , ,2,0,1,UNIDIRECCIONAL,2,ASFALTO,1,BUENO,1,SECO,1,DESPEJADO,0,0,0,0,1
-8051284.36291606,-4506748.4337125,2274,21608,1337597,-72.325918,-37.483728,77,LOS ANGELES,1,9667,2021,1337597,REGION BIO BIO,8301,LOS ANGELES,LAS INDUSTRIAS,FRANCISCO ENCINA,0,"LAS INDUSTRIAS & FRANCISCO ENCINA, LOS ANGELES",CHILE,GEOMETRIC_CENTER,13479,2021,1337597,1,2021/03/10 00:00:00+00,1899/12/30 00:00:00+00,8,REGION BIO BIO,8301,LOS ANGELES,30,COLISION,30,COLISION,1,URBANA,1,TRAMO DE VIA RECTA,1,IMPRUDENCIA DEL CONDUCTOR,27,CONDUCCION NO ATENTO CONDICIONES TRANSITO MOMENTO,0,LAS INDUSTRIAS,0,FRANCISCO ENCINA,FRANCISCO ENCINA - LAS INDUSTRIAS,0, , , , ,1,1,2,BIDIRECCIONAL,2,ASFALTO,1,BUENO,3,MOJADO,3,LLUVIA,0,0,0,1,2