X,Y,FID,FID_1,LABELID,POINT_X,POINT_Y,FID_2,COMUNAREAL,VAL_COM,OBJECTID,A_O,IDACCIDENT,REGION,COD_COMUN,COMUNA,CALLE_UNO,CALLE_DOS,NUMERO,DIR_GEOCOD,PAIS,TIPO,OBJECTID_1,Año,Idaccide_1,Claseaccid,Fecha,Hora,Cód_Regi,Región,Cód_Comun,Comuna_1,Cód_Tipo_,Tipo_Accid,Cód_Tipo1,Tipo__CONA,Cód_Zona,Zona,Cód_Ubica,Ubicación,Cód_Causa,Causa__CON,Cód_Cau_1,Causa,Cód_Calle,Calle_Un_1,Cód_Cal_1,Calle_Do_1,Intersecci,Número,Ruta,Cód_Ruta,Ubicaci_1,Km_Vía_Fe,Pistas_de_,Pistas_de1,Cód_Calza,Calzada,Cód__Tipo,Tipo_Calza,Cód_Estad,Estado_Cal,Cód_Condi,Condición,Cód_Est_1,Estado_Atm,Fallecidos,Graves,Menos_Grav,Leves,Ilesos
-8051284.36291606,-4506748.4337125,2275,21609,1349206,-72.325918,-37.483728,77,LOS ANGELES,1,18106,2021,1349206,REGION BIO BIO,8301,LOS ANGELES,FRANCISCO ENCINA,LAS INDUSTRIAS,0,"FRANCISCO ENCINA & LAS INDUSTRIAS, LOS ANGELES",CHILE,GEOMETRIC_CENTER,24897,2021,1349206,1,2021/05/14 00:00:00+00,1899/12/30 00:00:00+00,8,REGION BIO BIO,8301,LOS ANGELES,67,CHOQUE POSTERIOR/FRENTE,40,CHOQUE,1,URBANA,11,CRUCE CON SEMAFORO FUNCIONANDO,1,IMPRUDENCIA DEL CONDUCTOR,28,CONDUCCION SIN MANTENER DISTANCIA RAZONABLE NI PRUDENTE,0,FRANCISCO ENCINA,0,LAS INDUSTRIAS,FRANCISCO ENCINA - LAS INDUSTRIAS,0, , , , ,1,1,2,BIDIRECCIONAL,1,CONCRETO,1,BUENO,1,SECO,2,NUBLADO,0,0,0,1,1
-8051284.36291606,-4506748.4337125,2276,21610,1373257,-72.325918,-37.483728,77,LOS ANGELES,1,34227,2021,1373257,REGION BIO BIO,8301,LOS ANGELES,LAS INDUSTRIAS,FRANCISCO ENCINA,0,"LAS INDUSTRIAS & FRANCISCO ENCINA, LOS ANGELES",CHILE,GEOMETRIC_CENTER,47184,2021,1373257,1,2021/08/19 00:00:00+00,1899/12/30 00:00:00+00,8,REGION BIO BIO,8301,LOS ANGELES,32,COLISION LATERAL,30,COLISION,1,URBANA,11,CRUCE CON SEMAFORO FUNCIONANDO,10,DESOBEDIENCIA A SEÑALIZACION,62,SEÑALIZACION DESOBEDECER LUZ ROJA DE SEMAFORO,0,LAS INDUSTRIAS,0,FRANCISCO ENCINA,FRANCISCO ENCINA - LAS INDUSTRIAS,0, , , , ,2,2,3,BIDIRECCIONAL CON BANDEJON,1,CONCRETO,1,BUENO,1,SECO,1,DESPEJADO,1,0,0,3,1
-8051284.36291606,-4506748.4337125,2277,21611,1398407,-72.325918,-37.483728,77,LOS ANGELES,1,52064,2021,1398407,REGION BIO BIO,8301,LOS ANGELES,LAS INDUSTRIAS,FRANCISCO ENCINA,0,"LAS INDUSTRIAS & FRANCISCO ENCINA, LOS ANGELES",CHILE,GEOMETRIC_CENTER,70796,2021,1398407,1,2021/11/23 00:00:00+00,1899/12/30 00:00:00+00,8,REGION BIO BIO,8301,LOS ANGELES,63,CHOQUE FRENTE/POSTERIOR,40,CHOQUE,1,URBANA,11,CRUCE CON SEMAFORO FUNCIONANDO,1,IMPRUDENCIA DEL CONDUCTOR,27,CONDUCCION NO ATENTO CONDICIONES TRANSITO MOMENTO,0,LAS INDUSTRIAS,0,FRANCISCO ENCINA,FRANCISCO ENCINA - LAS INDUSTRIAS,0, , , , ,2,2,2,BIDIRECCIONAL,1,CONCRETO,1,BUENO,1,SECO,1,DESPEJADO,0,0,0,3,1
-8051284.36291606,-4506748.4337125,2278,21612,1398850,-72.325918,-37.483728,77,LOS ANGELES,1,52551,2021,1398850,REGION BIO BIO,8301,LOS ANGELES,FRANCISCO ENCINA,LAS INDUSTRIAS,0,"FRANCISCO ENCINA & LAS INDUSTRIAS, LOS ANGELES",CHILE,GEOMETRIC_CENTER,71431,2021,1398850,1,2021/11/26 00:00:00+00,1899/12/30 00:00:00+00,8,REGION BIO BIO,8301,LOS ANGELES,34,COLISION PERPENDICULAR,30,COLISION,1,URBANA,1,TRAMO DE VIA RECTA,4,ALCOHOL EN CONDUCTOR,24,CONDUCCION EN ESTADO DE EBRIEDAD,0,FRANCISCO ENCINA,0,LAS INDUSTRIAS,FRANCISCO ENCINA - LAS INDUSTRIAS,0, , , , ,1,1,2,BIDIRECCIONAL,2,ASFALTO,1,BUENO,1,SECO,2,NUBLADO,0,1,0,0,1
-8051301.75102052,-4506740.38138059,2279,21613,1380695,-72.3260742,-37.4836706,77,LOS ANGELES,1,39502,2021,1380695,REGION BIO BIO,8301,LOS ANGELES,LAS INDUSTRIAS, ,1491,"LAS INDUSTRIAS 1491, LOS ANGELES",CHILE,RANGE_INTERPOLATED,54237,2021,1380695,1,2021/09/17 00:00:00+00,1899/12/30 00:00:00+00,8,REGION BIO BIO,8301,LOS ANGELES,31,COLISION FRONTAL,30,COLISION,1,URBANA,1,TRAMO DE VIA RECTA,4,ALCOHOL EN CONDUCTOR,24,CONDUCCION EN ESTADO DE EBRIEDAD,0,LAS INDUSTRIAS,0, ,- LAS INDUSTRIAS,1491, , , , ,1,1,2,BIDIRECCIONAL,1,CONCRETO,1,BUENO,1,SECO,1,DESPEJADO,0,3,1,1,0
-8054839.97424369,-4506714.94783627,2280,21614,1362758,-72.3578586,-37.4834893,77,LOS ANGELES,1,26799,2021,1362758,REGION BIO BIO,8301,LOS ANGELES,ORIENTE,FERROCARRIL,0,"ORIENTE & FERROCARRIL, LOS ANGELES",CHILE,GEOMETRIC_CENTER,36953,2021,1362758,1,2021/07/08 00:00:00+00,1899/12/30 00:00:00+00,8,REGION BIO BIO,8301,LOS ANGELES,51,CHOQUE FRONTAL,40,CHOQUE,1,URBANA,1,TRAMO DE VIA RECTA,1,IMPRUDENCIA DEL CONDUCTOR,27,CONDUCCION NO ATENTO CONDICIONES TRANSITO MOMENTO,0,ORIENTE,0,FERROCARRIL,FERROCARRIL - ORIENTE,0, , , , ,2,0,1,UNIDIRECCIONAL,2,ASFALTO,1,BUENO,3,MOJADO,2,NUBLADO,0,0,0,0,2
-8056414.27674639,-4506700.65289278,2281,21615,1385366,-72.3720008,-37.4833874,77,LOS ANGELES,1,42914,2021,1385366,REGION BIO BIO,8301,LOS ANGELES,RUCAPEQUEN,NUEVA ALDEA,0,"RUCAPEQUEN & NUEVA ALDEA, LOS ANGELES",CHILE,GEOMETRIC_CENTER,58737,2021,1385366,1,2021/10/06 00:00:00+00,1899/12/30 00:00:00+00,8,REGION BIO BIO,8301,LOS ANGELES,65,CHOQUE LADO/LADO,40,CHOQUE,1,URBANA,1,TRAMO DE VIA RECTA,1,IMPRUDENCIA DEL CONDUCTOR,27,CONDUCCION NO ATENTO CONDICIONES TRANSITO MOMENTO,0,RUCAPEQUEN,0,NUEVA ALDEA,NUEVA ALDEA - RUCAPEQUEN,0, , , , ,2,0,1,UNIDIRECCIONAL,1,CONCRETO,1,BUENO,1,SECO,1,DESPEJADO,0,0,0,0,2
-8052678.88444112,-4506700.24606935,2282,21616,1378849,-72.3384452,-37.4833845,77,LOS ANGELES,1,38353,2021,1378849,REGION BIO BIO,8301,LOS ANGELES,SALVADOR REYES,JORGE INOSTROZA,0,"SALVADOR REYES & JORGE INOSTROZA, LOS ANGELES",CHILE,GEOMETRIC_CENTER,52674,2021,1378849,1,2021/09/11 00:00:00+00,1899/12/30 00:00:00+00,8,REGION BIO BIO,8301,LOS ANGELES,32,COLISION LATERAL,30,COLISION,1,URBANA,14,CRUCE CON SEÑAL PARE,10,DESOBEDIENCIA A SEÑALIZACION,65,SEÑALIZACION DESOBEDECER SEÑAL PARE,0,SALVADOR REYES,0,JORGE INOSTROZA,JORGE INOSTROZA - SALVADOR REYES,0, , , , ,1,1,2,BIDIRECCIONAL,1,CONCRETO,2,REGULAR,3,MOJADO,3,LLUVIA,0,0,0,1,1
-8056191.35946607,-4506657.37538587,2283,21617,1363075,-72.3699983,-37.4830789,77,LOS ANGELES,1,27294,2021,1363075,REGION BIO BIO,8301,LOS ANGELES,SALTO DEL LAJA, ,761,"SALTO DEL LAJA 761, LOS ANGELES",CHILE,RANGE_INTERPOLATED,37645,2021,1363075,1,2021/07/11 00:00:00+00,1899/12/30 00:00:00+00,8,REGION BIO BIO,8301,LOS ANGELES,67,CHOQUE POSTERIOR/FRENTE,40,CHOQUE,1,URBANA,1,TRAMO DE VIA RECTA,1,IMPRUDENCIA DEL CONDUCTOR,27,CONDUCCION NO ATENTO CONDICIONES TRANSITO MOMENTO,0,SALTO DEL LAJA,0, ,- SALTO DEL LAJA,761, , , , ,1,0,1,UNIDIRECCIONAL,5,RIPIO,2,REGULAR,0, ,1,DESPEJADO,0,0,0,0,2
-8054170.16486759,-4506588.03354879,2284,21618,1406671,-72.3518416,-37.4825846,77,LOS ANGELES,1,57708,2021,1406671,REGION BIO BIO,8301,LOS ANGELES,BERNARDO O'HIGGINS,5 DE ABRIL,0,"BERNARDO O'HIGGINS & 5 DE ABRIL, LOS ANGELES",CHILE,GEOMETRIC_CENTER,78358,2021,1406671,1,2021/12/22 00:00:00+00,1899/12/30 00:00:00+00,8,REGION BIO BIO,8301,LOS ANGELES,32,COLISION LATERAL,30,COLISION,1,URBANA,1,TRAMO DE VIA RECTA,1,IMPRUDENCIA DEL CONDUCTOR,27,CONDUCCION NO ATENTO CONDICIONES TRANSITO MOMENTO,0,BERNARDO O'HIGGINS,0,5 DE ABRIL,5 DE ABRIL - BERNARDO O'HIGGINS,0, , , , ,2,0,1,UNIDIRECCIONAL,1,CONCRETO,1,BUENO,1,SECO,1,DESPEJADO,0,0,0,0,2
-8054354.96635425,-4506579.1957591,2285,21619,1377483,-72.3535017,-37.4825216,77,LOS ANGELES,1,37499,2021,1377483,REGION BIO BIO,8301,LOS ANGELES,SAN MARTIN,5 DE ABRIL,0,"SAN MARTIN & 5 DE ABRIL, LOS ANGELES",CHILE,GEOMETRIC_CENTER,51563,2021,1377483,1,2021/09/07 00:00:00+00,1899/12/30 00:00:00+00,8,REGION BIO BIO,8301,LOS ANGELES,32,COLISION LATERAL,30,COLISION,1,URBANA,15,CRUCE CON SEÑAL CEDA EL PASO,10,DESOBEDIENCIA A SEÑALIZACION,64,SEÑALIZACION DESOBEDECER SEÑAL CEDA EL PASO,0,SAN MARTIN,0,5 DE ABRIL,5 DE ABRIL - SAN MARTIN,0, , , , ,2,0,1,UNIDIRECCIONAL,1,CONCRETO,1,BUENO,1,SECO,1,DESPEJADO,0,0,0,1,1
-8053708.32256419,-4506573.59849615,2286,21620,1390553,-72.3476928,-37.4824817,77,LOS ANGELES,1,46444,2021,1390553,REGION BIO BIO,8301,LOS ANGELES,LOS CARRERA, ,804,"LOS CARRERA 804, LOS ANGELES",CHILE,RANGE_INTERPOLATED,63427,2021,1390553,1,2021/10/25 00:00:00+00,1899/12/30 00:00:00+00,8,REGION BIO BIO,8301,LOS ANGELES,33,COLISION POR ALCANCE,30,COLISION,1,URBANA,1,TRAMO DE VIA RECTA,1,IMPRUDENCIA DEL CONDUCTOR,27,CONDUCCION NO ATENTO CONDICIONES TRANSITO MOMENTO,0,LOS CARRERA,0, ,- LOS CARRERA,804, , , , ,2,2,3,BIDIRECCIONAL CON BANDEJON,1,CONCRETO,1,BUENO,1,SECO,1,DESPEJADO,0,0,0,0,2
-8053780.39080252,-4506570.55437194,2287,21621,1401330,-72.3483402,-37.48246,77,LOS ANGELES,1,54037,2021,1401330,REGION BIO BIO,8301,LOS ANGELES,LOS CARRERA, ,831,"LOS CARRERA 831, LOS ANGELES",CHILE,RANGE_INTERPOLATED,73429,2021,1401330,1,2021/12/03 00:00:00+00,1899/12/30 00:00:00+00,8,REGION BIO BIO,8301,LOS ANGELES,10,ATROPELLO,10,ATROPELLO,1,URBANA,11,CRUCE CON SEMAFORO FUNCIONANDO,1,IMPRUDENCIA DEL CONDUCTOR,31,NO RESPETAR DERECHO PREFERENTE DE PASO A PEATON,0,LOS CARRERA,0, ,- LOS CARRERA,831, , , , ,2,2,3,BIDIRECCIONAL CON BANDEJON,2,ASFALTO,1,BUENO,1,SECO,1,DESPEJADO,0,0,0,2,0
-8054890.12367429,-4506547.88479273,2288,21622,1355512,-72.3583091,-37.4822984,77,LOS ANGELES,1,22196,2021,1355512,REGION BIO BIO,8301,LOS ANGELES,BLANCO ENCALADA,5 DE ABRIL,0,"BLANCO ENCALADA & 5 DE ABRIL, LOS ANGELES",CHILE,GEOMETRIC_CENTER,30589,2021,1355512,1,2021/06/09 00:00:00+00,1899/12/30 00:00:00+00,8,REGION BIO BIO,8301,LOS ANGELES,30,COLISION,30,COLISION,1,URBANA,15,CRUCE CON SEÑAL CEDA EL PASO,1,IMPRUDENCIA DEL CONDUCTOR,27,CONDUCCION NO ATENTO CONDICIONES TRANSITO MOMENTO,0,BLANCO ENCALADA,0,5 DE ABRIL,5 DE ABRIL - BLANCO ENCALADA,0, , , , ,1,0,1,UNIDIRECCIONAL,2,ASFALTO,1,BUENO,3,MOJADO,3,LLUVIA,0,0,0,0,2
-8051900.62761709,-4506519.75830996,2289,21623,1391542,-72.331454,-37.4820979,77,LOS ANGELES,1,47269,2021,1391542,REGION BIO BIO,8301,LOS ANGELES,TORONTO,MARINA DEL REY,0,"TORONTO & MARINA DEL REY, LOS ANGELES",CHILE,GEOMETRIC_CENTER,64476,2021,1391542,1,2021/10/30 00:00:00+00,1899/12/30 00:00:00+00,8,REGION BIO BIO,8301,LOS ANGELES,32,COLISION LATERAL,30,COLISION,1,URBANA,14,CRUCE CON SEÑAL PARE,1,IMPRUDENCIA DEL CONDUCTOR,27,CONDUCCION NO ATENTO CONDICIONES TRANSITO MOMENTO,0,TORONTO,0,MARINA DEL REY,MARINA DEL REY - TORONTO,0, , , , ,2,0,1,UNIDIRECCIONAL,2,ASFALTO,1,BUENO,1,SECO,1,DESPEJADO,0,0,0,1,1
-8055018.71995006,-4506506.59991151,2290,21624,1363299,-72.3594643,-37.4820041,77,LOS ANGELES,1,27505,2021,1363299,REGION BIO BIO,8301,LOS ANGELES,VICU??ªA MACKENA,SANTA MARIA,0,"VICU??ªA MACKENA & SANTA MARIA, LOS ANGELES",CHILE,GEOMETRIC_CENTER,37954,2021,1363299,1,2021/07/12 00:00:00+00,1899/12/30 00:00:00+00,8,REGION BIO BIO,8301,LOS ANGELES,32,COLISION LATERAL,30,COLISION,1,URBANA,1,TRAMO DE VIA RECTA,1,IMPRUDENCIA DEL CONDUCTOR,27,CONDUCCION NO ATENTO CONDICIONES TRANSITO MOMENTO,0,VICUÑA MACKENA,0,SANTA MARIA,SANTA MARIA - VICUÑA MACKENA,0, , , , ,1,1,2,BIDIRECCIONAL,2,ASFALTO,1,BUENO,1,SECO,1,DESPEJADO,0,1,0,0,1
-8052071.42511181,-4506498.99666535,2291,21625,1335014,-72.3329883,-37.4819499,77,LOS ANGELES,1,7920,2021,1335014,REGION BIO BIO,8301,LOS ANGELES,MONTREAL,DALLAS,0,"MONTREAL & DALLAS, LOS ANGELES",CHILE,GEOMETRIC_CENTER,11118,2021,1335014,1,2021/02/27 00:00:00+00,1899/12/30 00:00:00+00,8,REGION BIO BIO,8301,LOS ANGELES,31,COLISION FRONTAL,30,COLISION,1,URBANA,1,TRAMO DE VIA RECTA,1,IMPRUDENCIA DEL CONDUCTOR,27,CONDUCCION NO ATENTO CONDICIONES TRANSITO MOMENTO,0,MONTREAL,0,DALLAS,DALLAS - MONTREAL,0, , , , ,1,1,2,BIDIRECCIONAL,2,ASFALTO,1,BUENO,1,SECO,1,DESPEJADO,0,0,0,0,2
-8051305.72512634,-4506489.94852905,2292,21626,1327726,-72.3261099,-37.4818854,77,LOS ANGELES,1,2751,2021,1327726,REGION BIO BIO,8301,LOS ANGELES,LAS INDUSTRIAS, ,1313,"LAS INDUSTRIAS 1313, LOS ANGELES",CHILE,RANGE_INTERPOLATED,3779,2021,1327726,1,2021/01/20 00:00:00+00,1899/12/30 00:00:00+00,8,REGION BIO BIO,8301,LOS ANGELES,70,VOLCADURA,70,VOLCADURA,1,URBANA,1,TRAMO DE VIA RECTA,9,PERDIDA CONTROL VEHICULO,95,PERDIDA CONTROL VEHICULO,0,LAS INDUSTRIAS,0, ,- LAS INDUSTRIAS,1313, , , , ,1,1,2,BIDIRECCIONAL,2,ASFALTO,1,BUENO,1,SECO,1,DESPEJADO,0,1,0,0,0
-8052647.42555303,-4506476.43946567,2293,21627,1340333,-72.3381626,-37.4817891,77,LOS ANGELES,1,11565,2021,1340333,REGION BIO BIO,8301,LOS ANGELES,ANDRES BELLO,JULIO BARRENECHEA,0,"ANDRES BELLO & JULIO BARRENECHEA, LOS ANGELES",CHILE,GEOMETRIC_CENTER,16023,2021,1340333,1,2021/03/23 00:00:00+00,1899/12/30 00:00:00+00,8,REGION BIO BIO,8301,LOS ANGELES,51,CHOQUE FRONTAL,40,CHOQUE,1,URBANA,14,CRUCE CON SEÑAL PARE,9,PERDIDA CONTROL VEHICULO,95,PERDIDA CONTROL VEHICULO,0,ANDRES BELLO,0,JULIO BARRENECHEA,ANDRES BELLO - JULIO BARRENECHEA,0, , , , ,1,1,2,BIDIRECCIONAL,1,CONCRETO,1,BUENO,1,SECO,1,DESPEJADO,0,0,0,1,0
-8053794.14989159,-4506440.44343786,2294,21628,1362538,-72.3484638,-37.4815325,77,LOS ANGELES,1,26022,2021,1362538,REGION BIO BIO,8301,LOS ANGELES,VICU??ªA MACKENA,LOS CARRERA,0,"VICU??ªA MACKENA & LOS CARRERA, LOS ANGELES",CHILE,GEOMETRIC_CENTER,35913,2021,1362538,1,2021/07/04 00:00:00+00,1899/12/30 00:00:00+00,8,REGION BIO BIO,8301,LOS ANGELES,30,COLISION,30,COLISION,1,URBANA,1,TRAMO DE VIA RECTA,1,IMPRUDENCIA DEL CONDUCTOR,27,CONDUCCION NO ATENTO CONDICIONES TRANSITO MOMENTO,0,VICUÑA MACKENA,0,LOS CARRERA,LOS CARRERA - VICUÑA MACKENA,0, , , , ,2,0,1,UNIDIRECCIONAL,1,CONCRETO,2,REGULAR,1,SECO,1,DESPEJADO,0,0,0,0,2
-8053794.14989159,-4506440.44343786,2295,21629,1369666,-72.3484638,-37.4815325,77,LOS ANGELES,1,31729,2021,1369666,REGION BIO BIO,8301,LOS ANGELES,VICU??ªA MACKENA,LOS CARRERA,0,"VICU??ªA MACKENA & LOS CARRERA, LOS ANGELES",CHILE,GEOMETRIC_CENTER,43783,2021,1369666,1,2021/08/06 00:00:00+00,1899/12/30 00:00:00+00,8,REGION BIO BIO,8301,LOS ANGELES,32,COLISION LATERAL,30,COLISION,1,URBANA,1,TRAMO DE VIA RECTA,1,IMPRUDENCIA DEL CONDUCTOR,27,CONDUCCION NO ATENTO CONDICIONES TRANSITO MOMENTO,0,VICUÑA MACKENA,0,LOS CARRERA,LOS CARRERA - VICUÑA MACKENA,0, , , , ,2,0,1,UNIDIRECCIONAL,1,CONCRETO,1,BUENO,1,SECO,1,DESPEJADO,0,0,0,0,2
-8053794.14989159,-4506440.44343786,2296,21630,1378701,-72.3484638,-37.4815325,77,LOS ANGELES,1,38190,2021,1378701,REGION BIO BIO,8301,LOS ANGELES,LOS CARRERA,VICU??ªA MACKENA,0,"LOS CARRERA & VICU??ªA MACKENA, LOS ANGELES",CHILE,GEOMETRIC_CENTER,52451,2021,1378701,1,2021/09/10 00:00:00+00,1899/12/30 00:00:00+00,8,REGION BIO BIO,8301,LOS ANGELES,33,COLISION POR ALCANCE,30,COLISION,1,URBANA,1,TRAMO DE VIA RECTA,1,IMPRUDENCIA DEL CONDUCTOR,27,CONDUCCION NO ATENTO CONDICIONES TRANSITO MOMENTO,0,LOS CARRERA,0,VICUÑA MACKENA,LOS CARRERA - VICUÑA MACKENA,0, , , , ,2,2,2,BIDIRECCIONAL,2,ASFALTO,2,REGULAR,1,SECO,2,NUBLADO,0,0,0,0,2
-8053794.14989159,-4506440.44343786,2297,21631,1383686,-72.3484638,-37.4815325,77,LOS ANGELES,1,42071,2021,1383686,REGION BIO BIO,8301,LOS ANGELES,VICU??ªA MACKENA,LOS CARRERA,0,"VICU??ªA MACKENA & LOS CARRERA, LOS ANGELES",CHILE,GEOMETRIC_CENTER,57621,2021,1383686,1,2021/10/02 00:00:00+00,1899/12/30 00:00:00+00,8,REGION BIO BIO,8301,LOS ANGELES,32,COLISION LATERAL,30,COLISION,1,URBANA,1,TRAMO DE VIA RECTA,1,IMPRUDENCIA DEL CONDUCTOR,27,CONDUCCION NO ATENTO CONDICIONES TRANSITO MOMENTO,0,VICUÑA MACKENA,0,LOS CARRERA,LOS CARRERA - VICUÑA MACKENA,0, , , , ,2,0,1,UNIDIRECCIONAL,2,ASFALTO,1,BUENO,1,SECO,1,DESPEJADO,0,0,0,0,2
-8053794.14989159,-4506440.44343786,2298,21632,1390542,-72.3484638,-37.4815325,77,LOS ANGELES,1,46303,2021,1390542,REGION BIO BIO,8301,LOS ANGELES,LOS CARRERA,VICU??ªA MACKENNA,0,"LOS CARRERA & VICU??ªA MACKENNA, LOS ANGELES",CHILE,GEOMETRIC_CENTER,63254,2021,1390542,1,2021/10/25 00:00:00+00,1899/12/30 00:00:00+00,8,REGION BIO BIO,8301,LOS ANGELES,32,COLISION LATERAL,30,COLISION,1,URBANA,11,CRUCE CON SEMAFORO FUNCIONANDO,1,IMPRUDENCIA DEL CONDUCTOR,27,CONDUCCION NO ATENTO CONDICIONES TRANSITO MOMENTO,0,LOS CARRERA,0,VICUÑA MACKENNA,LOS CARRERA - VICUÑA MACKENNA,0, , , , ,2,0,1,UNIDIRECCIONAL,1,CONCRETO,1,BUENO,1,SECO,1,DESPEJADO,0,0,0,0,2
-8053794.14989159,-4506440.44343786,2299,21633,1402622,-72.3484638,-37.4815325,77,LOS ANGELES,1,55206,2021,1402622,REGION BIO BIO,8301,LOS ANGELES,VICU??ªA MACKENA,LOS CARRERA,0,"VICU??ªA MACKENA & LOS CARRERA, LOS ANGELES",CHILE,GEOMETRIC_CENTER,75008,2021,1402622,1,2021/12/09 00:00:00+00,1899/12/30 00:00:00+00,8,REGION BIO BIO,8301,LOS ANGELES,32,COLISION LATERAL,30,COLISION,1,URBANA,11,CRUCE CON SEMAFORO FUNCIONANDO,1,IMPRUDENCIA DEL CONDUCTOR,27,CONDUCCION NO ATENTO CONDICIONES TRANSITO MOMENTO,0,VICUÑA MACKENA,0,LOS CARRERA,LOS CARRERA - VICUÑA MACKENA,0, , , , ,2,2,3,BIDIRECCIONAL CON BANDEJON,1,CONCRETO,1,BUENO,1,SECO,1,DESPEJADO,0,0,0,0,2
-8052614.35253231,-4506437.94644597,2300,21634,1352379,-72.3378655,-37.4815147,77,LOS ANGELES,1,19782,2021,1352379,REGION BIO BIO,8301,LOS ANGELES,FRANCISCO BILBAO, ,1615,"FRANCISCO BILBAO 1615, LOS ANGELES",CHILE,RANGE_INTERPOLATED,27222,2021,1352379,1,2021/05/25 00:00:00+00,1899/12/30 00:00:00+00,8,REGION BIO BIO,8301,LOS ANGELES,62,CHOQUE FRENTE/LADO,40,CHOQUE,1,URBANA,1,TRAMO DE VIA RECTA,1,IMPRUDENCIA DEL CONDUCTOR,27,CONDUCCION NO ATENTO CONDICIONES TRANSITO MOMENTO,0,FRANCISCO BILBAO,0, ,- FRANCISCO BILBAO,1615, , , , ,1,0,1,UNIDIRECCIONAL,1,CONCRETO,1,BUENO,1,SECO,2,NUBLADO,0,0,0,0,2
-8054053.24600641,-4506430.75006256,2301,21635,1324653,-72.3507913,-37.4814634,77,LOS ANGELES,1,1217,2021,1324653,REGION BIO BIO,8301,LOS ANGELES,VICU??ªA MACKENNA, ,250,"VICU??ªA MACKENNA 250, LOS ANGELES",CHILE,RANGE_INTERPOLATED,1652,2021,1324653,1,2021/01/09 00:00:00+00,1899/12/30 00:00:00+00,8,REGION BIO BIO,8301,LOS ANGELES,51,CHOQUE FRONTAL,40,CHOQUE,1,URBANA,1,TRAMO DE VIA RECTA,1,IMPRUDENCIA DEL CONDUCTOR,27,CONDUCCION NO ATENTO CONDICIONES TRANSITO MOMENTO,0,VICUÑA MACKENNA,0, ,- VICUÑA MACKENNA,250, , , , ,1,1,3,BIDIRECCIONAL CON BANDEJON,1,CONCRETO,1,BUENO,1,SECO,1,DESPEJADO,0,0,0,1,0
-8057324.013021,-4506423.48354398,2302,21636,1380312,-72.3801731,-37.4814116,77,LOS ANGELES,1,38871,2021,1380312,REGION BIO BIO,8301,LOS ANGELES,COMPA??ªIA DE MARIA, ,555,"COMPA??ªIA DE MARIA 555, LOS ANGELES",CHILE,RANGE_INTERPOLATED,53387,2021,1380312,1,2021/09/14 00:00:00+00,1899/12/30 00:00:00+00,8,REGION BIO BIO,8301,LOS ANGELES,63,CHOQUE FRENTE/POSTERIOR,40,CHOQUE,1,URBANA,1,TRAMO DE VIA RECTA,1,IMPRUDENCIA DEL CONDUCTOR,27,CONDUCCION NO ATENTO CONDICIONES TRANSITO MOMENTO,0,COMPAÑIA DE MARIA,0, ,- COMPAÑIA DE MARIA,555, , , , ,2,0,1,UNIDIRECCIONAL,1,CONCRETO,1,BUENO,1,SECO,1,DESPEJADO,0,0,0,0,2
-8054161.96062112,-4506404.50364565,2303,21637,1338581,-72.3517679,-37.4812763,77,LOS ANGELES,1,10694,2021,1338581,REGION BIO BIO,8301,LOS ANGELES,VICU??ªA MACKENA,BERNARDO O'HIGGINS,0,"VICU??ªA MACKENA & BERNARDO O'HIGGINS, LOS ANGELES",CHILE,GEOMETRIC_CENTER,14860,2021,1338581,1,2021/03/17 00:00:00+00,1899/12/30 00:00:00+00,8,REGION BIO BIO,8301,LOS ANGELES,30,COLISION,30,COLISION,1,URBANA,11,CRUCE CON SEMAFORO FUNCIONANDO,1,IMPRUDENCIA DEL CONDUCTOR,27,CONDUCCION NO ATENTO CONDICIONES TRANSITO MOMENTO,0,VICUÑA MACKENA,0,BERNARDO O'HIGGINS,BERNARDO O'HIGGINS - VICUÑA MACKENA,0, , , , ,1,1,2,BIDIRECCIONAL,1,CONCRETO,1,BUENO,1,SECO,1,DESPEJADO,0,0,0,0,2
-8054161.96062112,-4506404.50364565,2304,21638,1355933,-72.3517679,-37.4812763,77,LOS ANGELES,1,22806,2021,1355933,REGION BIO BIO,8301,LOS ANGELES,BERNARDO O'HIGGINS,VICU??ªA MACKENA,0,"BERNARDO O'HIGGINS & VICU??ªA MACKENA, LOS ANGELES",CHILE,GEOMETRIC_CENTER,31426,2021,1355933,1,2021/06/13 00:00:00+00,1899/12/30 00:00:00+00,8,REGION BIO BIO,8301,LOS ANGELES,32,COLISION LATERAL,30,COLISION,1,URBANA,11,CRUCE CON SEMAFORO FUNCIONANDO,10,DESOBEDIENCIA A SEÑALIZACION,62,SEÑALIZACION DESOBEDECER LUZ ROJA DE SEMAFORO,0,BERNARDO O'HIGGINS,0,VICUÑA MACKENA,BERNARDO O'HIGGINS - VICUÑA MACKENA,0, , , , ,2,0,1,UNIDIRECCIONAL,1,CONCRETO,1,BUENO,2,HUMEDO,3,LLUVIA,0,0,0,1,3