X,Y,FID,FID_1,LABELID,POINT_X,POINT_Y,FID_2,COMUNAREAL,VAL_COM,OBJECTID,A_O,IDACCIDENT,REGION,COD_COMUN,COMUNA,CALLE_UNO,CALLE_DOS,NUMERO,DIR_GEOCOD,PAIS,TIPO,OBJECTID_1,Año,Idaccide_1,Claseaccid,Fecha,Hora,Cód_Regi,Región,Cód_Comun,Comuna_1,Cód_Tipo_,Tipo_Accid,Cód_Tipo1,Tipo__CONA,Cód_Zona,Zona,Cód_Ubica,Ubicación,Cód_Causa,Causa__CON,Cód_Cau_1,Causa,Cód_Calle,Calle_Un_1,Cód_Cal_1,Calle_Do_1,Intersecci,Número,Ruta,Cód_Ruta,Ubicaci_1,Km_Vía_Fe,Pistas_de_,Pistas_de1,Cód_Calza,Calzada,Cód__Tipo,Tipo_Calza,Cód_Estad,Estado_Cal,Cód_Condi,Condición,Cód_Est_1,Estado_Atm,Fallecidos,Graves,Menos_Grav,Leves,Ilesos
-8054161.96062112,-4506404.50364565,2305,21639,1382351,-72.3517679,-37.4812763,77,LOS ANGELES,1,40931,2021,1382351,REGION BIO BIO,8301,LOS ANGELES,VICU??ªA MACKENA,O'HIGGINS,0,"VICU??ªA MACKENA & O'HIGGINS, LOS ANGELES",CHILE,GEOMETRIC_CENTER,56153,2021,1382351,1,2021/09/26 00:00:00+00,1899/12/30 00:00:00+00,8,REGION BIO BIO,8301,LOS ANGELES,33,COLISION POR ALCANCE,30,COLISION,1,URBANA,1,TRAMO DE VIA RECTA,1,IMPRUDENCIA DEL CONDUCTOR,28,CONDUCCION SIN MANTENER DISTANCIA RAZONABLE NI PRUDENTE,0,VICUÑA MACKENA,0,O'HIGGINS,O'HIGGINS - VICUÑA MACKENA,0, , , , ,2,0,1,UNIDIRECCIONAL,1,CONCRETO,1,BUENO,1,SECO,1,DESPEJADO,0,0,0,0,4
-8054161.96062112,-4506404.50364565,2306,21640,1389308,-72.3517679,-37.4812763,77,LOS ANGELES,1,45341,2021,1389308,REGION BIO BIO,8301,LOS ANGELES,BERNARDO O'HIGGINS,VICU??ªA MACKENNA,0,"BERNARDO O'HIGGINS & VICU??ªA MACKENNA, LOS ANGELES",CHILE,GEOMETRIC_CENTER,61983,2021,1389308,1,2021/10/19 00:00:00+00,1899/12/30 00:00:00+00,8,REGION BIO BIO,8301,LOS ANGELES,10,ATROPELLO,10,ATROPELLO,1,URBANA,11,CRUCE CON SEMAFORO FUNCIONANDO,13,CAUSAS NO DETERMINADAS,97,CAUSAS NO DETERMINADAS,0,BERNARDO O'HIGGINS,0,VICUÑA MACKENNA,BERNARDO O'HIGGINS - VICUÑA MACKENNA,0, , , , ,2,0,1,UNIDIRECCIONAL,2,ASFALTO,1,BUENO,1,SECO,1,DESPEJADO,0,0,0,1,1
-8054161.96062112,-4506404.50364565,2307,21641,1397544,-72.3517679,-37.4812763,77,LOS ANGELES,1,51062,2021,1397544,REGION BIO BIO,8301,LOS ANGELES,VICU??ªA MACKENA,O'HIGGINS,0,"VICU??ªA MACKENA & O'HIGGINS, LOS ANGELES",CHILE,GEOMETRIC_CENTER,69481,2021,1397544,1,2021/11/18 00:00:00+00,1899/12/30 00:00:00+00,8,REGION BIO BIO,8301,LOS ANGELES,63,CHOQUE FRENTE/POSTERIOR,40,CHOQUE,1,URBANA,11,CRUCE CON SEMAFORO FUNCIONANDO,1,IMPRUDENCIA DEL CONDUCTOR,27,CONDUCCION NO ATENTO CONDICIONES TRANSITO MOMENTO,0,VICUÑA MACKENA,0,O'HIGGINS,O'HIGGINS - VICUÑA MACKENA,0, , , , ,2,0,1,UNIDIRECCIONAL,1,CONCRETO,1,BUENO,1,SECO,1,DESPEJADO,0,0,0,0,2
-8054161.96062112,-4506404.50364565,2308,21642,1404726,-72.3517679,-37.4812763,77,LOS ANGELES,1,56584,2021,1404726,REGION BIO BIO,8301,LOS ANGELES,VICU??ªA MACKENA,O'HIGGINS,0,"VICU??ªA MACKENA & O'HIGGINS, LOS ANGELES",CHILE,GEOMETRIC_CENTER,76883,2021,1404726,1,2021/12/16 00:00:00+00,1899/12/30 00:00:00+00,8,REGION BIO BIO,8301,LOS ANGELES,33,COLISION POR ALCANCE,30,COLISION,1,URBANA,1,TRAMO DE VIA RECTA,1,IMPRUDENCIA DEL CONDUCTOR,27,CONDUCCION NO ATENTO CONDICIONES TRANSITO MOMENTO,0,VICUÑA MACKENA,0,O'HIGGINS,O'HIGGINS - VICUÑA MACKENA,0, , , , ,2,0,1,UNIDIRECCIONAL,1,CONCRETO,1,BUENO,1,SECO,1,DESPEJADO,0,0,0,1,1
-8054341.78612654,-4506392.90249782,2309,21643,1328972,-72.3533833,-37.4811936,77,LOS ANGELES,1,4102,2021,1328972,REGION BIO BIO,8301,LOS ANGELES,VICU??ªA MACKENNA,SAN MARTIN,0,"VICU??ªA MACKENNA & SAN MARTIN, LOS ANGELES",CHILE,GEOMETRIC_CENTER,5747,2021,1328972,1,2021/01/29 00:00:00+00,1899/12/30 00:00:00+00,8,REGION BIO BIO,8301,LOS ANGELES,33,COLISION POR ALCANCE,30,COLISION,1,URBANA,11,CRUCE CON SEMAFORO FUNCIONANDO,1,IMPRUDENCIA DEL CONDUCTOR,28,CONDUCCION SIN MANTENER DISTANCIA RAZONABLE NI PRUDENTE,0,VICUÑA MACKENNA,0,SAN MARTIN,SAN MARTIN - VICUÑA MACKENNA,0, , , , ,1,0,1,UNIDIRECCIONAL,1,CONCRETO,1,BUENO,1,SECO,2,NUBLADO,0,0,0,0,2
-8054341.78612654,-4506392.90249782,2310,21644,1353044,-72.3533833,-37.4811936,77,LOS ANGELES,1,20416,2021,1353044,REGION BIO BIO,8301,LOS ANGELES,VICU??ªA MACKENA,SAN MARTIN,0,"VICU??ªA MACKENA & SAN MARTIN, LOS ANGELES",CHILE,GEOMETRIC_CENTER,28131,2021,1353044,1,2021/05/29 00:00:00+00,1899/12/30 00:00:00+00,8,REGION BIO BIO,8301,LOS ANGELES,32,COLISION LATERAL,30,COLISION,1,URBANA,14,CRUCE CON SEÑAL PARE,1,IMPRUDENCIA DEL CONDUCTOR,27,CONDUCCION NO ATENTO CONDICIONES TRANSITO MOMENTO,0,VICUÑA MACKENA,0,SAN MARTIN,SAN MARTIN - VICUÑA MACKENA,0, , , , ,1,0,1,UNIDIRECCIONAL,1,CONCRETO,1,BUENO,1,SECO,1,DESPEJADO,0,0,0,2,0
-8054341.78612654,-4506392.90249782,2311,21645,1364600,-72.3533833,-37.4811936,77,LOS ANGELES,1,28083,2021,1364600,REGION BIO BIO,8301,LOS ANGELES,VICU??ªA MACKENA,SAN MARTIN,0,"VICU??ªA MACKENA & SAN MARTIN, LOS ANGELES",CHILE,GEOMETRIC_CENTER,38786,2021,1364600,1,2021/07/16 00:00:00+00,1899/12/30 00:00:00+00,8,REGION BIO BIO,8301,LOS ANGELES,31,COLISION FRONTAL,30,COLISION,1,URBANA,15,CRUCE CON SEÑAL CEDA EL PASO,10,DESOBEDIENCIA A SEÑALIZACION,64,SEÑALIZACION DESOBEDECER SEÑAL CEDA EL PASO,0,VICUÑA MACKENA,0,SAN MARTIN,SAN MARTIN - VICUÑA MACKENA,0, , , , ,2,0,1,UNIDIRECCIONAL,1,CONCRETO,1,BUENO,1,SECO,1,DESPEJADO,0,1,0,2,1
-8054341.78612654,-4506392.90249782,2312,21646,1366329,-72.3533833,-37.4811936,77,LOS ANGELES,1,28683,2021,1366329,REGION BIO BIO,8301,LOS ANGELES,VICU??ªA MACKENA,SAN MARTIN,0,"VICU??ªA MACKENA & SAN MARTIN, LOS ANGELES",CHILE,GEOMETRIC_CENTER,39636,2021,1366329,1,2021/07/19 00:00:00+00,1899/12/30 00:00:00+00,8,REGION BIO BIO,8301,LOS ANGELES,32,COLISION LATERAL,30,COLISION,1,URBANA,12,CRUCE CON SEMAFORO APAGADO,11,DEFICIENCIAS VIALES,67,SEÑALIZACION SEMAFORO MAL ESTADO O DEFICIENTE,0,VICUÑA MACKENA,0,SAN MARTIN,SAN MARTIN - VICUÑA MACKENA,0, , , , ,2,0,1,UNIDIRECCIONAL,2,ASFALTO,1,BUENO,1,SECO,1,DESPEJADO,0,0,0,0,2
-8054341.78612654,-4506392.90249782,2313,21647,1377426,-72.3533833,-37.4811936,77,LOS ANGELES,1,37503,2021,1377426,REGION BIO BIO,8301,LOS ANGELES,VICU??ªA MACKENA,SAN MARTIN,0,"VICU??ªA MACKENA & SAN MARTIN, LOS ANGELES",CHILE,GEOMETRIC_CENTER,51568,2021,1377426,1,2021/09/07 00:00:00+00,1899/12/30 00:00:00+00,8,REGION BIO BIO,8301,LOS ANGELES,70,VOLCADURA,70,VOLCADURA,1,URBANA,1,TRAMO DE VIA RECTA,14,OTRAS CAUSAS,98,OTRAS CAUSAS,0,VICUÑA MACKENA,0,SAN MARTIN,SAN MARTIN - VICUÑA MACKENA,0, , , , ,3,0,1,UNIDIRECCIONAL,1,CONCRETO,2,REGULAR,3,MOJADO,1,DESPEJADO,0,0,0,1,0
-8054341.78612654,-4506392.90249782,2314,21648,1390523,-72.3533833,-37.4811936,77,LOS ANGELES,1,46217,2021,1390523,REGION BIO BIO,8301,LOS ANGELES,VICU??ªA MACKENNA,SAN MARTIN,0,"VICU??ªA MACKENNA & SAN MARTIN, LOS ANGELES",CHILE,GEOMETRIC_CENTER,63133,2021,1390523,1,2021/10/24 00:00:00+00,1899/12/30 00:00:00+00,8,REGION BIO BIO,8301,LOS ANGELES,31,COLISION FRONTAL,30,COLISION,1,URBANA,1,TRAMO DE VIA RECTA,1,IMPRUDENCIA DEL CONDUCTOR,12,ADELANTAMIENTO SIN EFECTUAR LA SEÑAL RESPECTIVA,0,VICUÑA MACKENNA,0,SAN MARTIN,SAN MARTIN - VICUÑA MACKENNA,0, , , , ,1,1,2,BIDIRECCIONAL,2,ASFALTO,1,BUENO,1,SECO,1,DESPEJADO,0,0,0,0,2
-8054983.95487308,-4506384.68210338,2315,21649,1328170,-72.359152,-37.481135,77,LOS ANGELES,1,3377,2021,1328170,REGION BIO BIO,8301,LOS ANGELES,VICU??ªA MACKENNA, ,780,"VICU??ªA MACKENNA 780, LOS ANGELES",CHILE,RANGE_INTERPOLATED,4643,2021,1328170,1,2021/01/24 00:00:00+00,1899/12/30 00:00:00+00,8,REGION BIO BIO,8301,LOS ANGELES,32,COLISION LATERAL,30,COLISION,1,URBANA,1,TRAMO DE VIA RECTA,1,IMPRUDENCIA DEL CONDUCTOR,27,CONDUCCION NO ATENTO CONDICIONES TRANSITO MOMENTO,0,VICUÑA MACKENNA,0, ,- VICUÑA MACKENNA,780, , , , ,2,0,1,UNIDIRECCIONAL,1,CONCRETO,1,BUENO,1,SECO,1,DESPEJADO,0,0,0,0,2
-8054983.95487308,-4506384.68210338,2316,21650,1351757,-72.359152,-37.481135,77,LOS ANGELES,1,19371,2021,1351757,REGION BIO BIO,8301,LOS ANGELES,VICU??ªA MACKENA, ,780,"VICU??ªA MACKENA 780, LOS ANGELES",CHILE,RANGE_INTERPOLATED,26657,2021,1351757,1,2021/05/22 00:00:00+00,1899/12/30 00:00:00+00,8,REGION BIO BIO,8301,LOS ANGELES,30,COLISION,30,COLISION,1,URBANA,1,TRAMO DE VIA RECTA,1,IMPRUDENCIA DEL CONDUCTOR,11,ADELANTAMIENTO SIN EL ESPACIO O TIEMPO SUFICIENTE,0,VICUÑA MACKENA,0, ,- VICUÑA MACKENA,780, , , , ,2,0,1,UNIDIRECCIONAL,1,CONCRETO,1,BUENO,1,SECO,1,DESPEJADO,0,1,0,0,1
-8054983.95487308,-4506384.68210338,2317,21651,1359297,-72.359152,-37.481135,77,LOS ANGELES,1,24664,2021,1359297,REGION BIO BIO,8301,LOS ANGELES,VICU??ªA MACKENA, ,780,"VICU??ªA MACKENA 780, LOS ANGELES",CHILE,RANGE_INTERPOLATED,33994,2021,1359297,1,2021/06/25 00:00:00+00,1899/12/30 00:00:00+00,8,REGION BIO BIO,8301,LOS ANGELES,10,ATROPELLO,10,ATROPELLO,1,URBANA,1,TRAMO DE VIA RECTA,1,IMPRUDENCIA DEL CONDUCTOR,27,CONDUCCION NO ATENTO CONDICIONES TRANSITO MOMENTO,0,VICUÑA MACKENA,0, ,- VICUÑA MACKENA,780, , , , ,2,0,1,UNIDIRECCIONAL,2,ASFALTO,1,BUENO,2,HUMEDO,1,DESPEJADO,0,0,0,1,1
-8054522.31294476,-4506382.29734852,2318,21652,1351469,-72.355005,-37.481118,77,LOS ANGELES,1,18953,2021,1351469,REGION BIO BIO,8301,LOS ANGELES,VICU??ªA MACKENA, ,530,"VICU??ªA MACKENA 530, LOS ANGELES",CHILE,RANGE_INTERPOLATED,26064,2021,1351469,1,2021/05/20 00:00:00+00,1899/12/30 00:00:00+00,8,REGION BIO BIO,8301,LOS ANGELES,52,CHOQUE LATERAL,40,CHOQUE,1,URBANA,1,TRAMO DE VIA RECTA,1,IMPRUDENCIA DEL CONDUCTOR,27,CONDUCCION NO ATENTO CONDICIONES TRANSITO MOMENTO,0,VICUÑA MACKENA,0, ,- VICUÑA MACKENA,530, , , , ,2,2,3,BIDIRECCIONAL CON BANDEJON,1,CONCRETO,1,BUENO,2,HUMEDO,2,NUBLADO,0,0,0,0,1
-8054522.61350739,-4506376.92463809,2319,21653,1328152,-72.3550077,-37.4810797,77,LOS ANGELES,1,3228,2021,1328152,REGION BIO BIO,8301,LOS ANGELES,MANUEL RODRIGUEZ,VICU??ªA MACKENNA,0,"MANUEL RODRIGUEZ & VICU??ªA MACKENNA, LOS ANGELES",CHILE,GEOMETRIC_CENTER,4437,2021,1328152,1,2021/01/23 00:00:00+00,1899/12/30 00:00:00+00,8,REGION BIO BIO,8301,LOS ANGELES,32,COLISION LATERAL,30,COLISION,1,URBANA,11,CRUCE CON SEMAFORO FUNCIONANDO,4,ALCOHOL EN CONDUCTOR,21,CONDUCCION BAJO LA INFLUENCIA DEL ALCOHOL,0,MANUEL RODRIGUEZ,0,VICUÑA MACKENNA,MANUEL RODRIGUEZ - VICUÑA MACKENNA,0, , , , ,1,1,2,BIDIRECCIONAL,1,CONCRETO,1,BUENO,1,SECO,1,DESPEJADO,0,0,0,0,2
-8054522.61350739,-4506376.92463809,2320,21654,1363064,-72.3550077,-37.4810797,77,LOS ANGELES,1,27282,2021,1363064,REGION BIO BIO,8301,LOS ANGELES,VICU??ªA MACKENA,MANUEL RODRIGUEZ,0,"VICU??ªA MACKENA & MANUEL RODRIGUEZ, LOS ANGELES",CHILE,GEOMETRIC_CENTER,37631,2021,1363064,1,2021/07/11 00:00:00+00,1899/12/30 00:00:00+00,8,REGION BIO BIO,8301,LOS ANGELES,68,CHOQUE POSTERIOR/LADO,40,CHOQUE,1,URBANA,11,CRUCE CON SEMAFORO FUNCIONANDO,12,FALLAS MECANICAS,1,FALLAS MECANICAS FRENOS,0,VICUÑA MACKENA,0,MANUEL RODRIGUEZ,MANUEL RODRIGUEZ - VICUÑA MACKENA,0, , , , ,2,0,1,UNIDIRECCIONAL,1,CONCRETO,1,BUENO,1,SECO,1,DESPEJADO,0,0,0,0,2
-8054522.61350739,-4506376.92463809,2321,21655,1367084,-72.3550077,-37.4810797,77,LOS ANGELES,1,29553,2021,1367084,REGION BIO BIO,8301,LOS ANGELES,MANUEL RODRIGUEZ,VICU??ªA MACKENNA,0,"MANUEL RODRIGUEZ & VICU??ªA MACKENNA, LOS ANGELES",CHILE,GEOMETRIC_CENTER,40867,2021,1367084,1,2021/07/25 00:00:00+00,1899/12/30 00:00:00+00,8,REGION BIO BIO,8301,LOS ANGELES,30,COLISION,30,COLISION,1,URBANA,11,CRUCE CON SEMAFORO FUNCIONANDO,1,IMPRUDENCIA DEL CONDUCTOR,27,CONDUCCION NO ATENTO CONDICIONES TRANSITO MOMENTO,0,MANUEL RODRIGUEZ,0,VICUÑA MACKENNA,MANUEL RODRIGUEZ - VICUÑA MACKENNA,0, , , , ,2,0,1,UNIDIRECCIONAL,1,CONCRETO,1,BUENO,3,MOJADO,3,LLUVIA,0,0,0,2,0
-8054522.61350739,-4506376.92463809,2322,21656,1369433,-72.3550077,-37.4810797,77,LOS ANGELES,1,31116,2021,1369433,REGION BIO BIO,8301,LOS ANGELES,VICU??ªA MACKENA,MANUEL RODRIGUEZ,0,"VICU??ªA MACKENA & MANUEL RODRIGUEZ, LOS ANGELES",CHILE,GEOMETRIC_CENTER,42996,2021,1369433,1,2021/08/02 00:00:00+00,1899/12/30 00:00:00+00,8,REGION BIO BIO,8301,LOS ANGELES,53,CHOQUE POSTERIOR,40,CHOQUE,1,URBANA,11,CRUCE CON SEMAFORO FUNCIONANDO,1,IMPRUDENCIA DEL CONDUCTOR,28,CONDUCCION SIN MANTENER DISTANCIA RAZONABLE NI PRUDENTE,0,VICUÑA MACKENA,0,MANUEL RODRIGUEZ,MANUEL RODRIGUEZ - VICUÑA MACKENA,0, , , , ,2,2,3,BIDIRECCIONAL CON BANDEJON,4,MIXTO,1,BUENO,1,SECO,1,DESPEJADO,0,0,0,0,2
-8054522.61350739,-4506376.92463809,2323,21657,1373021,-72.3550077,-37.4810797,77,LOS ANGELES,1,34006,2021,1373021,REGION BIO BIO,8301,LOS ANGELES,VICU??ªA MACKENNA,MANUEL RODRIGUEZ,0,"VICU??ªA MACKENNA & MANUEL RODRIGUEZ, LOS ANGELES",CHILE,GEOMETRIC_CENTER,46888,2021,1373021,1,2021/08/18 00:00:00+00,1899/12/30 00:00:00+00,8,REGION BIO BIO,8301,LOS ANGELES,63,CHOQUE FRENTE/POSTERIOR,40,CHOQUE,1,URBANA,1,TRAMO DE VIA RECTA,1,IMPRUDENCIA DEL CONDUCTOR,27,CONDUCCION NO ATENTO CONDICIONES TRANSITO MOMENTO,0,VICUÑA MACKENNA,0,MANUEL RODRIGUEZ,MANUEL RODRIGUEZ - VICUÑA MACKENNA,0, , , , ,2,0,1,UNIDIRECCIONAL,1,CONCRETO,2,REGULAR,3,MOJADO,3,LLUVIA,0,0,0,4,1
-8054522.61350739,-4506376.92463809,2324,21658,1375921,-72.3550077,-37.4810797,77,LOS ANGELES,1,36377,2021,1375921,REGION BIO BIO,8301,LOS ANGELES,MANUEL RODRIGUEZ,VICU??ªA MACKENNA,0,"MANUEL RODRIGUEZ & VICU??ªA MACKENNA, LOS ANGELES",CHILE,GEOMETRIC_CENTER,50062,2021,1375921,1,2021/09/01 00:00:00+00,1899/12/30 00:00:00+00,8,REGION BIO BIO,8301,LOS ANGELES,63,CHOQUE FRENTE/POSTERIOR,40,CHOQUE,1,URBANA,11,CRUCE CON SEMAFORO FUNCIONANDO,4,ALCOHOL EN CONDUCTOR,24,CONDUCCION EN ESTADO DE EBRIEDAD,0,MANUEL RODRIGUEZ,0,VICUÑA MACKENNA,MANUEL RODRIGUEZ - VICUÑA MACKENNA,0, , , , ,2,0,1,UNIDIRECCIONAL,2,ASFALTO,1,BUENO,1,SECO,1,DESPEJADO,0,0,0,2,0
-8054522.61350739,-4506376.92463809,2325,21659,1379150,-72.3550077,-37.4810797,77,LOS ANGELES,1,38590,2021,1379150,REGION BIO BIO,8301,LOS ANGELES,VICU??ªA MACKENA,MANUEL RODRIGUEZ,0,"VICU??ªA MACKENA & MANUEL RODRIGUEZ, LOS ANGELES",CHILE,GEOMETRIC_CENTER,53026,2021,1379150,1,2021/09/13 00:00:00+00,1899/12/30 00:00:00+00,8,REGION BIO BIO,8301,LOS ANGELES,67,CHOQUE POSTERIOR/FRENTE,40,CHOQUE,1,URBANA,11,CRUCE CON SEMAFORO FUNCIONANDO,4,ALCOHOL EN CONDUCTOR,24,CONDUCCION EN ESTADO DE EBRIEDAD,0,VICUÑA MACKENA,0,MANUEL RODRIGUEZ,MANUEL RODRIGUEZ - VICUÑA MACKENA,0, , , , ,2,0,1,UNIDIRECCIONAL,1,CONCRETO,1,BUENO,3,MOJADO,3,LLUVIA,0,0,0,0,3
-8054522.61350739,-4506376.92463809,2326,21660,1380701,-72.3550077,-37.4810797,77,LOS ANGELES,1,39528,2021,1380701,REGION BIO BIO,8301,LOS ANGELES,MANUEL RODRIGUEZ,VICU??ªA MACKENA,0,"MANUEL RODRIGUEZ & VICU??ªA MACKENA, LOS ANGELES",CHILE,GEOMETRIC_CENTER,54269,2021,1380701,1,2021/09/18 00:00:00+00,1899/12/30 00:00:00+00,8,REGION BIO BIO,8301,LOS ANGELES,32,COLISION LATERAL,30,COLISION,1,URBANA,11,CRUCE CON SEMAFORO FUNCIONANDO,10,DESOBEDIENCIA A SEÑALIZACION,62,SEÑALIZACION DESOBEDECER LUZ ROJA DE SEMAFORO,0,MANUEL RODRIGUEZ,0,VICUÑA MACKENA,MANUEL RODRIGUEZ - VICUÑA MACKENA,0, , , , ,2,0,1,UNIDIRECCIONAL,2,ASFALTO,1,BUENO,1,SECO,1,DESPEJADO,0,0,0,0,2
-8054522.61350739,-4506376.92463809,2327,21661,1384207,-72.3550077,-37.4810797,77,LOS ANGELES,1,42126,2021,1384207,REGION BIO BIO,8301,LOS ANGELES,VICU??ªA MACKENA,MANUEL RODRIGUEZ,0,"VICU??ªA MACKENA & MANUEL RODRIGUEZ, LOS ANGELES",CHILE,GEOMETRIC_CENTER,57691,2021,1384207,1,2021/10/02 00:00:00+00,1899/12/30 00:00:00+00,8,REGION BIO BIO,8301,LOS ANGELES,30,COLISION,30,COLISION,1,URBANA,11,CRUCE CON SEMAFORO FUNCIONANDO,1,IMPRUDENCIA DEL CONDUCTOR,27,CONDUCCION NO ATENTO CONDICIONES TRANSITO MOMENTO,0,VICUÑA MACKENA,0,MANUEL RODRIGUEZ,MANUEL RODRIGUEZ - VICUÑA MACKENA,0, , , , ,3,0,1,UNIDIRECCIONAL,2,ASFALTO,1,BUENO,1,SECO,1,DESPEJADO,0,0,0,2,2
-8054522.61350739,-4506376.92463809,2328,21662,1387866,-72.3550077,-37.4810797,77,LOS ANGELES,1,44628,2021,1387866,REGION BIO BIO,8301,LOS ANGELES,VICU??ªA MACKENNA,MANUEL RODRIGUEZ,0,"VICU??ªA MACKENNA & MANUEL RODRIGUEZ, LOS ANGELES",CHILE,GEOMETRIC_CENTER,61000,2021,1387866,1,2021/10/15 00:00:00+00,1899/12/30 00:00:00+00,8,REGION BIO BIO,8301,LOS ANGELES,63,CHOQUE FRENTE/POSTERIOR,40,CHOQUE,1,URBANA,1,TRAMO DE VIA RECTA,4,ALCOHOL EN CONDUCTOR,21,CONDUCCION BAJO LA INFLUENCIA DEL ALCOHOL,0,VICUÑA MACKENNA,0,MANUEL RODRIGUEZ,MANUEL RODRIGUEZ - VICUÑA MACKENNA,0, , , , ,2,0,1,UNIDIRECCIONAL,1,CONCRETO,1,BUENO,1,SECO,1,DESPEJADO,0,0,0,0,4
-8054878.05664149,-4506355.27951664,2329,21663,1336657,-72.3582007,-37.4809254,77,LOS ANGELES,1,9319,2021,1336657,REGION BIO BIO,8301,LOS ANGELES,VICU??ªA MACKENA,BLANCO ENCALADA,0,"VICU??ªA MACKENA & BLANCO ENCALADA, LOS ANGELES",CHILE,GEOMETRIC_CENTER,13019,2021,1336657,1,2021/03/08 00:00:00+00,1899/12/30 00:00:00+00,8,REGION BIO BIO,8301,LOS ANGELES,32,COLISION LATERAL,30,COLISION,1,URBANA,15,CRUCE CON SEÑAL CEDA EL PASO,1,IMPRUDENCIA DEL CONDUCTOR,27,CONDUCCION NO ATENTO CONDICIONES TRANSITO MOMENTO,0,VICUÑA MACKENA,0,BLANCO ENCALADA,BLANCO ENCALADA - VICUÑA MACKENA,0, , , , ,2,0,1,UNIDIRECCIONAL,1,CONCRETO,1,BUENO,1,SECO,1,DESPEJADO,0,0,0,1,1
-8054878.05664149,-4506355.27951664,2330,21664,1339708,-72.3582007,-37.4809254,77,LOS ANGELES,1,10912,2021,1339708,REGION BIO BIO,8301,LOS ANGELES,VICU??ªA MACKENA,BLANCO ENCALADA,0,"VICU??ªA MACKENA & BLANCO ENCALADA, LOS ANGELES",CHILE,GEOMETRIC_CENTER,15144,2021,1339708,1,2021/03/18 00:00:00+00,1899/12/30 00:00:00+00,8,REGION BIO BIO,8301,LOS ANGELES,32,COLISION LATERAL,30,COLISION,1,URBANA,1,TRAMO DE VIA RECTA,1,IMPRUDENCIA DEL CONDUCTOR,32,NO RESPETAR DERECHO PREFERENTE DE PASO A VEHICULO,0,VICUÑA MACKENA,0,BLANCO ENCALADA,BLANCO ENCALADA - VICUÑA MACKENA,0, , , , ,1,1,2,BIDIRECCIONAL,1,CONCRETO,1,BUENO,1,SECO,1,DESPEJADO,0,0,0,0,2
-8054878.05664149,-4506355.27951664,2331,21665,1343319,-72.3582007,-37.4809254,77,LOS ANGELES,1,13708,2021,1343319,REGION BIO BIO,8301,LOS ANGELES,VICU??ªA MACKENA,BLANCO ENCALADA,0,"VICU??ªA MACKENA & BLANCO ENCALADA, LOS ANGELES",CHILE,GEOMETRIC_CENTER,18935,2021,1343319,1,2021/04/12 00:00:00+00,1899/12/30 00:00:00+00,8,REGION BIO BIO,8301,LOS ANGELES,32,COLISION LATERAL,30,COLISION,1,URBANA,1,TRAMO DE VIA RECTA,1,IMPRUDENCIA DEL CONDUCTOR,27,CONDUCCION NO ATENTO CONDICIONES TRANSITO MOMENTO,0,VICUÑA MACKENA,0,BLANCO ENCALADA,BLANCO ENCALADA - VICUÑA MACKENA,0, , , , ,2,2,3,BIDIRECCIONAL CON BANDEJON,1,CONCRETO,1,BUENO,1,SECO,1,DESPEJADO,0,1,0,0,1
-8054878.05664149,-4506355.27951664,2332,21666,1355884,-72.3582007,-37.4809254,77,LOS ANGELES,1,22652,2021,1355884,REGION BIO BIO,8301,LOS ANGELES,BLANCO ENCALADA,VICU??ªA MACKENA,0,"BLANCO ENCALADA & VICU??ªA MACKENA, LOS ANGELES",CHILE,GEOMETRIC_CENTER,31200,2021,1355884,1,2021/06/12 00:00:00+00,1899/12/30 00:00:00+00,8,REGION BIO BIO,8301,LOS ANGELES,32,COLISION LATERAL,30,COLISION,1,URBANA,15,CRUCE CON SEÑAL CEDA EL PASO,1,IMPRUDENCIA DEL CONDUCTOR,27,CONDUCCION NO ATENTO CONDICIONES TRANSITO MOMENTO,0,BLANCO ENCALADA,0,VICUÑA MACKENA,BLANCO ENCALADA - VICUÑA MACKENA,0, , , , ,1,1,2,BIDIRECCIONAL,1,CONCRETO,1,BUENO,1,SECO,1,DESPEJADO,0,0,0,0,2
-8054878.05664149,-4506355.27951664,2333,21667,1362533,-72.3582007,-37.4809254,77,LOS ANGELES,1,26042,2021,1362533,REGION BIO BIO,8301,LOS ANGELES,VICU??ªA MACKENA,BLANCO ENCALADA,0,"VICU??ªA MACKENA & BLANCO ENCALADA, LOS ANGELES",CHILE,GEOMETRIC_CENTER,35939,2021,1362533,1,2021/07/04 00:00:00+00,1899/12/30 00:00:00+00,8,REGION BIO BIO,8301,LOS ANGELES,31,COLISION FRONTAL,30,COLISION,1,URBANA,1,TRAMO DE VIA RECTA,4,ALCOHOL EN CONDUCTOR,21,CONDUCCION BAJO LA INFLUENCIA DEL ALCOHOL,0,VICUÑA MACKENA,0,BLANCO ENCALADA,BLANCO ENCALADA - VICUÑA MACKENA,0, , , , ,2,0,1,UNIDIRECCIONAL,1,CONCRETO,1,BUENO,1,SECO,1,DESPEJADO,0,0,0,2,0
-8054878.05664149,-4506355.27951664,2334,21668,1374677,-72.3582007,-37.4809254,77,LOS ANGELES,1,35239,2021,1374677,REGION BIO BIO,8301,LOS ANGELES,VICU??ªA MACKENA,BLANCO ENCALADA,0,"VICU??ªA MACKENA & BLANCO ENCALADA, LOS ANGELES",CHILE,GEOMETRIC_CENTER,48540,2021,1374677,1,2021/08/25 00:00:00+00,1899/12/30 00:00:00+00,8,REGION BIO BIO,8301,LOS ANGELES,10,ATROPELLO,10,ATROPELLO,1,URBANA,15,CRUCE CON SEÑAL CEDA EL PASO,1,IMPRUDENCIA DEL CONDUCTOR,27,CONDUCCION NO ATENTO CONDICIONES TRANSITO MOMENTO,0,VICUÑA MACKENA,0,BLANCO ENCALADA,BLANCO ENCALADA - VICUÑA MACKENA,0, , , , ,2,2,2,BIDIRECCIONAL,1,CONCRETO,2,REGULAR,3,MOJADO,4,LLOVIZNA,0,0,0,1,1