X,Y,FID,FID_1,LABELID,POINT_X,POINT_Y,FID_2,COMUNAREAL,VAL_COM,OBJECTID,A_O,IDACCIDENT,REGION,COD_COMUN,COMUNA,CALLE_UNO,CALLE_DOS,NUMERO,DIR_GEOCOD,PAIS,TIPO,OBJECTID_1,Año,Idaccide_1,Claseaccid,Fecha,Hora,Cód_Regi,Región,Cód_Comun,Comuna_1,Cód_Tipo_,Tipo_Accid,Cód_Tipo1,Tipo__CONA,Cód_Zona,Zona,Cód_Ubica,Ubicación,Cód_Causa,Causa__CON,Cód_Cau_1,Causa,Cód_Calle,Calle_Un_1,Cód_Cal_1,Calle_Do_1,Intersecci,Número,Ruta,Cód_Ruta,Ubicaci_1,Km_Vía_Fe,Pistas_de_,Pistas_de1,Cód_Calza,Calzada,Cód__Tipo,Tipo_Calza,Cód_Estad,Estado_Cal,Cód_Condi,Condición,Cód_Est_1,Estado_Atm,Fallecidos,Graves,Menos_Grav,Leves,Ilesos
-8054878.05664149,-4506355.27951664,2335,21669,1378850,-72.3582007,-37.4809254,77,LOS ANGELES,1,38302,2021,1378850,REGION BIO BIO,8301,LOS ANGELES,VICU??ªA MACKENA,BLANCO ENCALADA,0,"VICU??ªA MACKENA & BLANCO ENCALADA, LOS ANGELES",CHILE,GEOMETRIC_CENTER,52594,2021,1378850,1,2021/09/11 00:00:00+00,1899/12/30 00:00:00+00,8,REGION BIO BIO,8301,LOS ANGELES,51,CHOQUE FRONTAL,40,CHOQUE,1,URBANA,15,CRUCE CON SEÑAL CEDA EL PASO,9,PERDIDA CONTROL VEHICULO,95,PERDIDA CONTROL VEHICULO,0,VICUÑA MACKENA,0,BLANCO ENCALADA,BLANCO ENCALADA - VICUÑA MACKENA,0, , , , ,2,2,3,BIDIRECCIONAL CON BANDEJON,1,CONCRETO,2,REGULAR,2,HUMEDO,4,LLOVIZNA,0,1,0,0,0
-8053975.42255039,-4506345.68441554,2336,21670,1349646,-72.3500922,-37.480857,77,LOS ANGELES,1,18300,2021,1349646,REGION BIO BIO,8301,LOS ANGELES,VICU??ªA MACKENA,FREIRE,0,"VICU??ªA MACKENA & FREIRE, LOS ANGELES",CHILE,GEOMETRIC_CENTER,25169,2021,1349646,1,2021/05/16 00:00:00+00,1899/12/30 00:00:00+00,8,REGION BIO BIO,8301,LOS ANGELES,70,VOLCADURA,70,VOLCADURA,1,URBANA,14,CRUCE CON SEÑAL PARE,4,ALCOHOL EN CONDUCTOR,24,CONDUCCION EN ESTADO DE EBRIEDAD,0,VICUÑA MACKENA,0,FREIRE,FREIRE - VICUÑA MACKENA,0, , , , ,1,1,2,BIDIRECCIONAL,1,CONCRETO,1,BUENO,1,SECO,1,DESPEJADO,0,0,0,3,1
-8053975.42255039,-4506345.68441554,2337,21671,1396917,-72.3500922,-37.480857,77,LOS ANGELES,1,50780,2021,1396917,REGION BIO BIO,8301,LOS ANGELES,VICU??ªA MACKENA,FREIRE,0,"VICU??ªA MACKENA & FREIRE, LOS ANGELES",CHILE,GEOMETRIC_CENTER,69143,2021,1396917,1,2021/11/17 00:00:00+00,1899/12/30 00:00:00+00,8,REGION BIO BIO,8301,LOS ANGELES,32,COLISION LATERAL,30,COLISION,1,URBANA,11,CRUCE CON SEMAFORO FUNCIONANDO,1,IMPRUDENCIA DEL CONDUCTOR,27,CONDUCCION NO ATENTO CONDICIONES TRANSITO MOMENTO,0,VICUÑA MACKENA,0,FREIRE,FREIRE - VICUÑA MACKENA,0, , , , ,2,0,1,UNIDIRECCIONAL,1,CONCRETO,1,BUENO,1,SECO,1,DESPEJADO,0,0,0,0,2
-8054944.85946792,-4506344.75857292,2338,21672,1394883,-72.3588008,-37.4808504,77,LOS ANGELES,1,49374,2021,1394883,REGION BIO BIO,8301,LOS ANGELES,VICU??ªA MACKENNA, ,1020,"VICU??ªA MACKENNA 1020, LOS ANGELES",CHILE,RANGE_INTERPOLATED,67290,2021,1394883,1,2021/11/10 00:00:00+00,1899/12/30 00:00:00+00,8,REGION BIO BIO,8301,LOS ANGELES,64,CHOQUE LADO/FRENTE,40,CHOQUE,1,URBANA,26,OTROS NO CONSIDERADOS,1,IMPRUDENCIA DEL CONDUCTOR,27,CONDUCCION NO ATENTO CONDICIONES TRANSITO MOMENTO,0,VICUÑA MACKENNA,0, ,- VICUÑA MACKENNA,1020, , , , ,2,0,1,UNIDIRECCIONAL,1,CONCRETO,1,BUENO,1,SECO,1,DESPEJADO,0,0,0,0,2
-8055245.41096111,-4506324.75478104,2339,21673,1337807,-72.3615007,-37.4807078,77,LOS ANGELES,1,9688,2021,1337807,REGION BIO BIO,8301,LOS ANGELES,VICU??ªA MACKENA,CAMILO HENRIQUEZ,0,"VICU??ªA MACKENA & CAMILO HENRIQUEZ, LOS ANGELES",CHILE,GEOMETRIC_CENTER,13513,2021,1337807,1,2021/03/10 00:00:00+00,1899/12/30 00:00:00+00,8,REGION BIO BIO,8301,LOS ANGELES,65,CHOQUE LADO/LADO,40,CHOQUE,1,URBANA,1,TRAMO DE VIA RECTA,9,PERDIDA CONTROL VEHICULO,95,PERDIDA CONTROL VEHICULO,0,VICUÑA MACKENA,0,CAMILO HENRIQUEZ,CAMILO HENRIQUEZ - VICUÑA MACKENA,0, , , , ,1,1,3,BIDIRECCIONAL CON BANDEJON,1,CONCRETO,1,BUENO,3,MOJADO,3,LLUVIA,0,0,0,2,0
-8055245.41096111,-4506324.75478104,2340,21674,1363873,-72.3615007,-37.4807078,77,LOS ANGELES,1,27666,2021,1363873,REGION BIO BIO,8301,LOS ANGELES,VICU??ªA MACKENA,CAMILO HENRIQUEZ,0,"VICU??ªA MACKENA & CAMILO HENRIQUEZ, LOS ANGELES",CHILE,GEOMETRIC_CENTER,38177,2021,1363873,1,2021/07/13 00:00:00+00,1899/12/30 00:00:00+00,8,REGION BIO BIO,8301,LOS ANGELES,30,COLISION,30,COLISION,1,URBANA,1,TRAMO DE VIA RECTA,1,IMPRUDENCIA DEL CONDUCTOR,27,CONDUCCION NO ATENTO CONDICIONES TRANSITO MOMENTO,0,VICUÑA MACKENA,0,CAMILO HENRIQUEZ,CAMILO HENRIQUEZ - VICUÑA MACKENA,0, , , , ,2,2,2,BIDIRECCIONAL,1,CONCRETO,1,BUENO,1,SECO,1,DESPEJADO,0,0,0,0,2
-8055245.41096111,-4506324.75478104,2341,21675,1378832,-72.3615007,-37.4807078,77,LOS ANGELES,1,38371,2021,1378832,REGION BIO BIO,8301,LOS ANGELES,VICU??ªA MACKENA,CAMILO HENRIQUEZ,0,"VICU??ªA MACKENA & CAMILO HENRIQUEZ, LOS ANGELES",CHILE,GEOMETRIC_CENTER,52703,2021,1378832,1,2021/09/11 00:00:00+00,1899/12/30 00:00:00+00,8,REGION BIO BIO,8301,LOS ANGELES,63,CHOQUE FRENTE/POSTERIOR,40,CHOQUE,1,URBANA,1,TRAMO DE VIA RECTA,1,IMPRUDENCIA DEL CONDUCTOR,27,CONDUCCION NO ATENTO CONDICIONES TRANSITO MOMENTO,0,VICUÑA MACKENA,0,CAMILO HENRIQUEZ,CAMILO HENRIQUEZ - VICUÑA MACKENA,0, , , , ,2,0,1,UNIDIRECCIONAL,2,ASFALTO,2,REGULAR,3,MOJADO,2,NUBLADO,0,0,0,1,1
-8055245.41096111,-4506324.75478104,2342,21676,1380687,-72.3615007,-37.4807078,77,LOS ANGELES,1,39290,2021,1380687,REGION BIO BIO,8301,LOS ANGELES,VICU??ªA MACKENA,CAMILO HENRIQUEZ,0,"VICU??ªA MACKENA & CAMILO HENRIQUEZ, LOS ANGELES",CHILE,GEOMETRIC_CENTER,53953,2021,1380687,1,2021/09/16 00:00:00+00,1899/12/30 00:00:00+00,8,REGION BIO BIO,8301,LOS ANGELES,63,CHOQUE FRENTE/POSTERIOR,40,CHOQUE,1,URBANA,1,TRAMO DE VIA RECTA,1,IMPRUDENCIA DEL CONDUCTOR,27,CONDUCCION NO ATENTO CONDICIONES TRANSITO MOMENTO,0,VICUÑA MACKENA,0,CAMILO HENRIQUEZ,CAMILO HENRIQUEZ - VICUÑA MACKENA,0, , , , ,2,0,1,UNIDIRECCIONAL,1,CONCRETO,1,BUENO,1,SECO,1,DESPEJADO,0,0,0,0,2
-8053814.13174018,-4506308.38424484,2343,21677,1378827,-72.3486433,-37.4805911,77,LOS ANGELES,1,38328,2021,1378827,REGION BIO BIO,8301,LOS ANGELES,LOS CARRERA, ,691,"LOS CARRERA 691, LOS ANGELES",CHILE,RANGE_INTERPOLATED,52637,2021,1378827,1,2021/09/11 00:00:00+00,1899/12/30 00:00:00+00,8,REGION BIO BIO,8301,LOS ANGELES,63,CHOQUE FRENTE/POSTERIOR,40,CHOQUE,1,URBANA,1,TRAMO DE VIA RECTA,8,DROGAS Y/O FATIGA EN CONDUCTOR,25,"CONDICIONES FISICAS DEFICIENTES (CANSANCIO, SUEÑO)",0,LOS CARRERA,0, ,- LOS CARRERA,691, , , , ,2,2,2,BIDIRECCIONAL,1,CONCRETO,1,BUENO,3,MOJADO,4,LLOVIZNA,0,0,0,6,2
-8051266.74104067,-4505909.29896198,2344,21735,1382114,-72.3257597,-37.4777461,77,LOS ANGELES,1,40545,2021,1382114,REGION BIO BIO,8301,LOS ANGELES,LAS INDUSTRIAS, ,10445,"LAS INDUSTRIAS 10445, LOS ANGELES",CHILE,RANGE_INTERPOLATED,55659,2021,1382114,1,2021/09/24 00:00:00+00,1899/12/30 00:00:00+00,8,REGION BIO BIO,8301,LOS ANGELES,70,VOLCADURA,70,VOLCADURA,1,URBANA,1,TRAMO DE VIA RECTA,9,PERDIDA CONTROL VEHICULO,95,PERDIDA CONTROL VEHICULO,0,LAS INDUSTRIAS,0, ,- LAS INDUSTRIAS,10445, , , , ,1,1,2,BIDIRECCIONAL,2,ASFALTO,1,BUENO,1,SECO,1,DESPEJADO,0,0,0,1,0
-8054701.57072079,-4506294.7772205,2345,21678,1344648,-72.3566153,-37.4804941,77,LOS ANGELES,1,14114,2021,1344648,REGION BIO BIO,8301,LOS ANGELES,VICU??ªA MACKENNA,LORD COCHRANE,0,"VICU??ªA MACKENNA & LORD COCHRANE, LOS ANGELES",CHILE,GEOMETRIC_CENTER,19483,2021,1344648,1,2021/04/15 00:00:00+00,1899/12/30 00:00:00+00,8,REGION BIO BIO,8301,LOS ANGELES,10,ATROPELLO,10,ATROPELLO,1,URBANA,1,TRAMO DE VIA RECTA,2,IMPRUDENCIA DEL PEATON,55,PEATON CRUZA CALZADA FUERA PASO PEATONES,0,VICUÑA MACKENNA,0,LORD COCHRANE,LORD COCHRANE - VICUÑA MACKENNA,0, , , , ,2,1,3,BIDIRECCIONAL CON BANDEJON,2,ASFALTO,1,BUENO,1,SECO,1,DESPEJADO,1,0,0,0,1
-8054701.57072079,-4506294.7772205,2346,21679,1377172,-72.3566153,-37.4804941,77,LOS ANGELES,1,37320,2021,1377172,REGION BIO BIO,8301,LOS ANGELES,VICU??ªA MACKENA,LORD COCHRANE,0,"VICU??ªA MACKENA & LORD COCHRANE, LOS ANGELES",CHILE,GEOMETRIC_CENTER,51317,2021,1377172,1,2021/09/06 00:00:00+00,1899/12/30 00:00:00+00,8,REGION BIO BIO,8301,LOS ANGELES,32,COLISION LATERAL,30,COLISION,1,URBANA,15,CRUCE CON SEÑAL CEDA EL PASO,10,DESOBEDIENCIA A SEÑALIZACION,64,SEÑALIZACION DESOBEDECER SEÑAL CEDA EL PASO,0,VICUÑA MACKENA,0,LORD COCHRANE,LORD COCHRANE - VICUÑA MACKENA,0, , , , ,2,0,1,UNIDIRECCIONAL,2,ASFALTO,1,BUENO,2,HUMEDO,3,LLUVIA,0,0,0,0,2
-8054701.57072079,-4506294.7772205,2347,21680,1378758,-72.3566153,-37.4804941,77,LOS ANGELES,1,38169,2021,1378758,REGION BIO BIO,8301,LOS ANGELES,VICU??ªA MACKENA,LORD COCHRANE,0,"VICU??ªA MACKENA & LORD COCHRANE, LOS ANGELES",CHILE,GEOMETRIC_CENTER,52425,2021,1378758,1,2021/09/10 00:00:00+00,1899/12/30 00:00:00+00,8,REGION BIO BIO,8301,LOS ANGELES,32,COLISION LATERAL,30,COLISION,1,URBANA,1,TRAMO DE VIA RECTA,10,DESOBEDIENCIA A SEÑALIZACION,64,SEÑALIZACION DESOBEDECER SEÑAL CEDA EL PASO,0,VICUÑA MACKENA,0,LORD COCHRANE,LORD COCHRANE - VICUÑA MACKENA,0, , , , ,2,2,2,BIDIRECCIONAL,2,ASFALTO,1,BUENO,1,SECO,2,NUBLADO,0,0,0,0,2
-8054701.57072079,-4506294.7772205,2348,21681,1386083,-72.3566153,-37.4804941,77,LOS ANGELES,1,43538,2021,1386083,REGION BIO BIO,8301,LOS ANGELES,VICU??ªA MACKENNA,LORD COCHRANE,0,"VICU??ªA MACKENNA & LORD COCHRANE, LOS ANGELES",CHILE,GEOMETRIC_CENTER,59547,2021,1386083,1,2021/10/09 00:00:00+00,1899/12/30 00:00:00+00,8,REGION BIO BIO,8301,LOS ANGELES,32,COLISION LATERAL,30,COLISION,1,URBANA,14,CRUCE CON SEÑAL PARE,1,IMPRUDENCIA DEL CONDUCTOR,27,CONDUCCION NO ATENTO CONDICIONES TRANSITO MOMENTO,0,VICUÑA MACKENNA,0,LORD COCHRANE,LORD COCHRANE - VICUÑA MACKENNA,0, , , , ,1,0,1,UNIDIRECCIONAL,1,CONCRETO,1,BUENO,1,SECO,1,DESPEJADO,0,0,0,3,0
-8054701.57072079,-4506294.7772205,2349,21682,1399710,-72.3566153,-37.4804941,77,LOS ANGELES,1,53256,2021,1399710,REGION BIO BIO,8301,LOS ANGELES,VICU??ªA MACKENA,LORD COCHRANE,0,"VICU??ªA MACKENA & LORD COCHRANE, LOS ANGELES",CHILE,GEOMETRIC_CENTER,72402,2021,1399710,1,2021/11/29 00:00:00+00,1899/12/30 00:00:00+00,8,REGION BIO BIO,8301,LOS ANGELES,30,COLISION,30,COLISION,1,URBANA,1,TRAMO DE VIA RECTA,1,IMPRUDENCIA DEL CONDUCTOR,27,CONDUCCION NO ATENTO CONDICIONES TRANSITO MOMENTO,0,VICUÑA MACKENA,0,LORD COCHRANE,LORD COCHRANE - VICUÑA MACKENA,0, , , , ,2,2,2,BIDIRECCIONAL,2,ASFALTO,1,BUENO,1,SECO,1,DESPEJADO,0,0,0,1,1
-8054701.57072079,-4506294.7772205,2350,21683,1401981,-72.3566153,-37.4804941,77,LOS ANGELES,1,54903,2021,1401981,REGION BIO BIO,8301,LOS ANGELES,VICU??ªA MACKENA,LORD COCHRANE,0,"VICU??ªA MACKENA & LORD COCHRANE, LOS ANGELES",CHILE,GEOMETRIC_CENTER,74602,2021,1401981,1,2021/12/08 00:00:00+00,1899/12/30 00:00:00+00,8,REGION BIO BIO,8301,LOS ANGELES,32,COLISION LATERAL,30,COLISION,1,URBANA,15,CRUCE CON SEÑAL CEDA EL PASO,10,DESOBEDIENCIA A SEÑALIZACION,64,SEÑALIZACION DESOBEDECER SEÑAL CEDA EL PASO,0,VICUÑA MACKENA,0,LORD COCHRANE,LORD COCHRANE - VICUÑA MACKENA,0, , , , ,2,2,2,BIDIRECCIONAL,1,CONCRETO,1,BUENO,1,SECO,1,DESPEJADO,0,1,0,1,1
-8056167.63728259,-4506285.93967807,2351,21684,1386243,-72.3697852,-37.4804311,77,LOS ANGELES,1,43588,2021,1386243,REGION BIO BIO,8301,LOS ANGELES,VICU??ªA MACKENNA, ,1455,"VICU??ªA MACKENNA 1455, LOS ANGELES",CHILE,RANGE_INTERPOLATED,59614,2021,1386243,1,2021/10/10 00:00:00+00,1899/12/30 00:00:00+00,8,REGION BIO BIO,8301,LOS ANGELES,51,CHOQUE FRONTAL,40,CHOQUE,1,URBANA,1,TRAMO DE VIA RECTA,4,ALCOHOL EN CONDUCTOR,24,CONDUCCION EN ESTADO DE EBRIEDAD,0,VICUÑA MACKENNA,0, ,- VICUÑA MACKENNA,1455, , , , ,2,0,1,UNIDIRECCIONAL,1,CONCRETO,1,BUENO,1,SECO,2,NUBLADO,1,0,0,0,0
-8053783.31850513,-4506285.30842533,2352,21685,1331191,-72.3483665,-37.4804266,77,LOS ANGELES,1,5368,2021,1331191,REGION BIO BIO,8301,LOS ANGELES,LOS CARRERA,LAS INDUSTRIAS,0,"LOS CARRERA & LAS INDUSTRIAS, LOS ANGELES",CHILE,GEOMETRIC_CENTER,7504,2021,1331191,1,2021/02/09 00:00:00+00,1899/12/30 00:00:00+00,8,REGION BIO BIO,8301,LOS ANGELES,31,COLISION FRONTAL,30,COLISION,1,URBANA,1,TRAMO DE VIA RECTA,1,IMPRUDENCIA DEL CONDUCTOR,27,CONDUCCION NO ATENTO CONDICIONES TRANSITO MOMENTO,0,LOS CARRERA,0,LAS INDUSTRIAS,LAS INDUSTRIAS - LOS CARRERA,0, , , , ,1,1,2,BIDIRECCIONAL,2,ASFALTO,1,BUENO,1,SECO,1,DESPEJADO,0,0,0,1,1
-8053783.31850513,-4506285.30842533,2353,21686,1370686,-72.3483665,-37.4804266,77,LOS ANGELES,1,31453,2021,1370686,REGION BIO BIO,8301,LOS ANGELES,LOS CARRERA,LAS INDUSTRIAS,0,"LOS CARRERA & LAS INDUSTRIAS, LOS ANGELES",CHILE,GEOMETRIC_CENTER,43428,2021,1370686,1,2021/08/04 00:00:00+00,1899/12/30 00:00:00+00,8,REGION BIO BIO,8301,LOS ANGELES,30,COLISION,30,COLISION,1,URBANA,14,CRUCE CON SEÑAL PARE,10,DESOBEDIENCIA A SEÑALIZACION,65,SEÑALIZACION DESOBEDECER SEÑAL PARE,0,LOS CARRERA,0,LAS INDUSTRIAS,LAS INDUSTRIAS - LOS CARRERA,0, , , , ,2,0,1,UNIDIRECCIONAL,2,ASFALTO,2,REGULAR,1,SECO,1,DESPEJADO,0,0,0,0,2
-8053783.31850513,-4506285.30842533,2354,21687,1376269,-72.3483665,-37.4804266,77,LOS ANGELES,1,36452,2021,1376269,REGION BIO BIO,8301,LOS ANGELES,LOS CARRERA,LAS INDUSTRIAS,0,"LOS CARRERA & LAS INDUSTRIAS, LOS ANGELES",CHILE,GEOMETRIC_CENTER,50160,2021,1376269,1,2021/09/01 00:00:00+00,1899/12/30 00:00:00+00,8,REGION BIO BIO,8301,LOS ANGELES,32,COLISION LATERAL,30,COLISION,1,URBANA,14,CRUCE CON SEÑAL PARE,10,DESOBEDIENCIA A SEÑALIZACION,65,SEÑALIZACION DESOBEDECER SEÑAL PARE,0,LOS CARRERA,0,LAS INDUSTRIAS,LAS INDUSTRIAS - LOS CARRERA,0, , , , ,2,0,1,UNIDIRECCIONAL,1,CONCRETO,1,BUENO,1,SECO,1,DESPEJADO,0,0,0,1,1
-8055813.81941305,-4506278.47687027,2355,21688,1338580,-72.3666068,-37.4803779,77,LOS ANGELES,1,10789,2021,1338580,REGION BIO BIO,8301,LOS ANGELES,VICU??ªA MACKENA, ,1310,"VICU??ªA MACKENA 1310, LOS ANGELES",CHILE,RANGE_INTERPOLATED,14974,2021,1338580,1,2021/03/17 00:00:00+00,1899/12/30 00:00:00+00,8,REGION BIO BIO,8301,LOS ANGELES,32,COLISION LATERAL,30,COLISION,1,URBANA,1,TRAMO DE VIA RECTA,1,IMPRUDENCIA DEL CONDUCTOR,27,CONDUCCION NO ATENTO CONDICIONES TRANSITO MOMENTO,0,VICUÑA MACKENA,0, ,- VICUÑA MACKENA,1310, , , , ,1,1,2,BIDIRECCIONAL,1,CONCRETO,1,BUENO,1,SECO,1,DESPEJADO,0,0,0,0,2
-8055064.1605662,-4506273.90379894,2356,21689,1356952,-72.3598725,-37.4803453,77,LOS ANGELES,1,23348,2021,1356952,REGION BIO BIO,8301,LOS ANGELES,VICU??ªA MACKENA,MIGUEL INFANTE,0,"VICU??ªA MACKENA & MIGUEL INFANTE, LOS ANGELES",CHILE,GEOMETRIC_CENTER,32180,2021,1356952,1,2021/06/17 00:00:00+00,1899/12/30 00:00:00+00,8,REGION BIO BIO,8301,LOS ANGELES,32,COLISION LATERAL,30,COLISION,1,URBANA,14,CRUCE CON SEÑAL PARE,10,DESOBEDIENCIA A SEÑALIZACION,65,SEÑALIZACION DESOBEDECER SEÑAL PARE,0,VICUÑA MACKENA,0,MIGUEL INFANTE,MIGUEL INFANTE - VICUÑA MACKENA,0, , , , ,2,2,2,BIDIRECCIONAL,2,ASFALTO,1,BUENO,1,SECO,1,DESPEJADO,0,1,0,1,1
-8055064.1605662,-4506273.90379894,2357,21690,1380316,-72.3598725,-37.4803453,77,LOS ANGELES,1,38914,2021,1380316,REGION BIO BIO,8301,LOS ANGELES,VICU??ªA MACKENA,JOSE MIGUEL INFANTE,0,"VICU??ªA MACKENA & JOSE MIGUEL INFANTE, LOS ANGELES",CHILE,GEOMETRIC_CENTER,53444,2021,1380316,1,2021/09/14 00:00:00+00,1899/12/30 00:00:00+00,8,REGION BIO BIO,8301,LOS ANGELES,30,COLISION,30,COLISION,1,URBANA,14,CRUCE CON SEÑAL PARE,1,IMPRUDENCIA DEL CONDUCTOR,27,CONDUCCION NO ATENTO CONDICIONES TRANSITO MOMENTO,0,VICUÑA MACKENA,0,JOSE MIGUEL INFANTE,JOSE MIGUEL INFANTE - VICUÑA MACKENA,0, , , , ,2,2,3,BIDIRECCIONAL CON BANDEJON,1,CONCRETO,1,BUENO,1,SECO,1,DESPEJADO,0,0,0,0,4
-8055064.1605662,-4506273.90379894,2358,21691,1383373,-72.3598725,-37.4803453,77,LOS ANGELES,1,41499,2021,1383373,REGION BIO BIO,8301,LOS ANGELES,VICU??ªA MACKENA,JOSE MIGUEL INFANTE,0,"VICU??ªA MACKENA & JOSE MIGUEL INFANTE, LOS ANGELES",CHILE,GEOMETRIC_CENTER,56878,2021,1383373,1,2021/09/29 00:00:00+00,1899/12/30 00:00:00+00,8,REGION BIO BIO,8301,LOS ANGELES,52,CHOQUE LATERAL,40,CHOQUE,1,URBANA,1,TRAMO DE VIA RECTA,9,PERDIDA CONTROL VEHICULO,95,PERDIDA CONTROL VEHICULO,0,VICUÑA MACKENA,0,JOSE MIGUEL INFANTE,JOSE MIGUEL INFANTE - VICUÑA MACKENA,0, , , , ,2,0,1,UNIDIRECCIONAL,1,CONCRETO,1,BUENO,1,SECO,1,DESPEJADO,0,0,0,1,0
-8055064.1605662,-4506273.90379894,2359,21692,1384797,-72.3598725,-37.4803453,77,LOS ANGELES,1,42288,2021,1384797,REGION BIO BIO,8301,LOS ANGELES,VICU??ªA MACKENA,JOSE MIGUEL INFANTE,0,"VICU??ªA MACKENA & JOSE MIGUEL INFANTE, LOS ANGELES",CHILE,GEOMETRIC_CENTER,57919,2021,1384797,1,2021/10/03 00:00:00+00,1899/12/30 00:00:00+00,8,REGION BIO BIO,8301,LOS ANGELES,63,CHOQUE FRENTE/POSTERIOR,40,CHOQUE,1,URBANA,15,CRUCE CON SEÑAL CEDA EL PASO,1,IMPRUDENCIA DEL CONDUCTOR,27,CONDUCCION NO ATENTO CONDICIONES TRANSITO MOMENTO,0,VICUÑA MACKENA,0,JOSE MIGUEL INFANTE,JOSE MIGUEL INFANTE - VICUÑA MACKENA,0, , , , ,2,0,1,UNIDIRECCIONAL,2,ASFALTO,1,BUENO,1,SECO,1,DESPEJADO,0,0,0,0,2
-8055408.83910554,-4506269.87781448,2360,21693,1328936,-72.3629688,-37.4803166,77,LOS ANGELES,1,3887,2021,1328936,REGION BIO BIO,8301,LOS ANGELES,VICU??ªA MACKENNA,ALCAZAR,0,"VICU??ªA MACKENNA & ALCAZAR, LOS ANGELES",CHILE,GEOMETRIC_CENTER,5391,2021,1328936,1,2021/01/28 00:00:00+00,1899/12/30 00:00:00+00,8,REGION BIO BIO,8301,LOS ANGELES,63,CHOQUE FRENTE/POSTERIOR,40,CHOQUE,1,URBANA,1,TRAMO DE VIA RECTA,1,IMPRUDENCIA DEL CONDUCTOR,27,CONDUCCION NO ATENTO CONDICIONES TRANSITO MOMENTO,0,VICUÑA MACKENNA,0,ALCAZAR,ALCAZAR - VICUÑA MACKENNA,0, , , , ,1,1,3,BIDIRECCIONAL CON BANDEJON,1,CONCRETO,1,BUENO,3,MOJADO,3,LLUVIA,0,0,0,0,2
-8055408.83910554,-4506269.87781448,2361,21694,1369734,-72.3629688,-37.4803166,77,LOS ANGELES,1,32222,2021,1369734,REGION BIO BIO,8301,LOS ANGELES,VICU??ªA MACKENA,ALCAZAR,0,"VICU??ªA MACKENA & ALCAZAR, LOS ANGELES",CHILE,GEOMETRIC_CENTER,44466,2021,1369734,1,2021/08/08 00:00:00+00,1899/12/30 00:00:00+00,8,REGION BIO BIO,8301,LOS ANGELES,32,COLISION LATERAL,30,COLISION,1,URBANA,11,CRUCE CON SEMAFORO FUNCIONANDO,1,IMPRUDENCIA DEL CONDUCTOR,27,CONDUCCION NO ATENTO CONDICIONES TRANSITO MOMENTO,0,VICUÑA MACKENA,0,ALCAZAR,ALCAZAR - VICUÑA MACKENA,0, , , , ,2,2,2,BIDIRECCIONAL,1,CONCRETO,1,BUENO,1,SECO,2,NUBLADO,0,0,0,2,0
-8055408.83910554,-4506269.87781448,2362,21695,1371551,-72.3629688,-37.4803166,77,LOS ANGELES,1,33426,2021,1371551,REGION BIO BIO,8301,LOS ANGELES,VICU??ªA MACKENA,ALCAZAR,0,"VICU??ªA MACKENA & ALCAZAR, LOS ANGELES",CHILE,GEOMETRIC_CENTER,46080,2021,1371551,1,2021/08/15 00:00:00+00,1899/12/30 00:00:00+00,8,REGION BIO BIO,8301,LOS ANGELES,63,CHOQUE FRENTE/POSTERIOR,40,CHOQUE,1,URBANA,11,CRUCE CON SEMAFORO FUNCIONANDO,4,ALCOHOL EN CONDUCTOR,24,CONDUCCION EN ESTADO DE EBRIEDAD,0,VICUÑA MACKENA,0,ALCAZAR,ALCAZAR - VICUÑA MACKENA,0, , , , ,2,2,3,BIDIRECCIONAL CON BANDEJON,1,CONCRETO,1,BUENO,1,SECO,1,DESPEJADO,0,0,0,1,1
-8056009.75284879,-4506248.99041471,2363,21696,1325642,-72.3683669,-37.4801677,77,LOS ANGELES,1,1439,2021,1325642,REGION BIO BIO,8301,LOS ANGELES,VICU??ªA MACKENNA,PADRE HURTADO,0,"VICU??ªA MACKENNA & PADRE HURTADO, LOS ANGELES",CHILE,GEOMETRIC_CENTER,1993,2021,1325642,1,2021/01/11 00:00:00+00,1899/12/30 00:00:00+00,8,REGION BIO BIO,8301,LOS ANGELES,53,CHOQUE POSTERIOR,40,CHOQUE,1,URBANA,11,CRUCE CON SEMAFORO FUNCIONANDO,14,OTRAS CAUSAS,98,OTRAS CAUSAS,0,VICUÑA MACKENNA,0,PADRE HURTADO,PADRE HURTADO - VICUÑA MACKENNA,0, , , , ,1,1,2,BIDIRECCIONAL,2,ASFALTO,1,BUENO,1,SECO,2,NUBLADO,0,0,0,0,1
-8056009.75284879,-4506248.99041471,2364,21697,1327409,-72.3683669,-37.4801677,77,LOS ANGELES,1,2502,2021,1327409,REGION BIO BIO,8301,LOS ANGELES,PADRE HURTADO,VICU??ªA MACKENNA,0,"PADRE HURTADO & VICU??ªA MACKENNA, LOS ANGELES",CHILE,GEOMETRIC_CENTER,3442,2021,1327409,1,2021/01/18 00:00:00+00,1899/12/30 00:00:00+00,8,REGION BIO BIO,8301,LOS ANGELES,32,COLISION LATERAL,30,COLISION,1,URBANA,1,TRAMO DE VIA RECTA,1,IMPRUDENCIA DEL CONDUCTOR,11,ADELANTAMIENTO SIN EL ESPACIO O TIEMPO SUFICIENTE,0,PADRE HURTADO,0,VICUÑA MACKENNA,PADRE HURTADO - VICUÑA MACKENNA,0, , , , ,1,1,2,BIDIRECCIONAL,2,ASFALTO,1,BUENO,1,SECO,1,DESPEJADO,0,0,0,0,2