X,Y,FID,FID_1,LABELID,POINT_X,POINT_Y,FID_2,COMUNAREAL,VAL_COM,OBJECTID,A_O,IDACCIDENT,REGION,COD_COMUN,COMUNA,CALLE_UNO,CALLE_DOS,NUMERO,DIR_GEOCOD,PAIS,TIPO,OBJECTID_1,Año,Idaccide_1,Claseaccid,Fecha,Hora,Cód_Regi,Región,Cód_Comun,Comuna_1,Cód_Tipo_,Tipo_Accid,Cód_Tipo1,Tipo__CONA,Cód_Zona,Zona,Cód_Ubica,Ubicación,Cód_Causa,Causa__CON,Cód_Cau_1,Causa,Cód_Calle,Calle_Un_1,Cód_Cal_1,Calle_Do_1,Intersecci,Número,Ruta,Cód_Ruta,Ubicaci_1,Km_Vía_Fe,Pistas_de_,Pistas_de1,Cód_Calza,Calzada,Cód__Tipo,Tipo_Calza,Cód_Estad,Estado_Cal,Cód_Condi,Condición,Cód_Est_1,Estado_Atm,Fallecidos,Graves,Menos_Grav,Leves,Ilesos
-8056009.75284879,-4506248.99041471,2365,21698,1352383,-72.3683669,-37.4801677,77,LOS ANGELES,1,18910,2021,1352383,REGION BIO BIO,8301,LOS ANGELES,VICU??ªA MACKENNA,PADRE HURTADO,0,"VICU??ªA MACKENNA & PADRE HURTADO, LOS ANGELES",CHILE,GEOMETRIC_CENTER,25997,2021,1352383,1,2021/05/19 00:00:00+00,1899/12/30 00:00:00+00,8,REGION BIO BIO,8301,LOS ANGELES,50,CHOQUE,40,CHOQUE,1,URBANA,16,CRUCE SIN SEÑALIZACION,1,IMPRUDENCIA DEL CONDUCTOR,11,ADELANTAMIENTO SIN EL ESPACIO O TIEMPO SUFICIENTE,0,VICUÑA MACKENNA,0,PADRE HURTADO,PADRE HURTADO - VICUÑA MACKENNA,0, , , , ,1,1,2,BIDIRECCIONAL,1,CONCRETO,1,BUENO,3,MOJADO,1,DESPEJADO,0,0,0,0,2
-8056009.75284879,-4506248.99041471,2366,21699,1370882,-72.3683669,-37.4801677,77,LOS ANGELES,1,32695,2021,1370882,REGION BIO BIO,8301,LOS ANGELES,PADRE HURTADO,VICU??ªA MACKENA,0,"PADRE HURTADO & VICU??ªA MACKENA, LOS ANGELES",CHILE,GEOMETRIC_CENTER,45109,2021,1370882,1,2021/08/11 00:00:00+00,1899/12/30 00:00:00+00,8,REGION BIO BIO,8301,LOS ANGELES,63,CHOQUE FRENTE/POSTERIOR,40,CHOQUE,1,URBANA,11,CRUCE CON SEMAFORO FUNCIONANDO,1,IMPRUDENCIA DEL CONDUCTOR,27,CONDUCCION NO ATENTO CONDICIONES TRANSITO MOMENTO,0,PADRE HURTADO,0,VICUÑA MACKENA,PADRE HURTADO - VICUÑA MACKENA,0, , , , ,2,0,1,UNIDIRECCIONAL,1,CONCRETO,1,BUENO,1,SECO,1,DESPEJADO,0,0,1,0,0
-8056009.75284879,-4506248.99041471,2367,21700,1401951,-72.3683669,-37.4801677,77,LOS ANGELES,1,54810,2021,1401951,REGION BIO BIO,8301,LOS ANGELES,VICU??ªA MACKENA,PADRE HURTADO,0,"VICU??ªA MACKENA & PADRE HURTADO, LOS ANGELES",CHILE,GEOMETRIC_CENTER,74476,2021,1401951,1,2021/12/07 00:00:00+00,1899/12/30 00:00:00+00,8,REGION BIO BIO,8301,LOS ANGELES,63,CHOQUE FRENTE/POSTERIOR,40,CHOQUE,1,URBANA,11,CRUCE CON SEMAFORO FUNCIONANDO,10,DESOBEDIENCIA A SEÑALIZACION,63,SEÑALIZACION DESOBEDECER INDICACION CARABINERO SERVICIO,0,VICUÑA MACKENA,0,PADRE HURTADO,PADRE HURTADO - VICUÑA MACKENA,0, , , , ,2,2,2,BIDIRECCIONAL,1,CONCRETO,1,BUENO,1,SECO,1,DESPEJADO,0,0,0,0,2
-8056056.49590298,-4506241.58374433,2368,21701,1363879,-72.3687868,-37.4801149,77,LOS ANGELES,1,27519,2021,1363879,REGION BIO BIO,8301,LOS ANGELES,OCTAVIO JARA WOLF,PADRE HURTADO,0,"OCTAVIO JARA WOLF & PADRE HURTADO, LOS ANGELES",CHILE,GEOMETRIC_CENTER,37971,2021,1363879,1,2021/07/13 00:00:00+00,1899/12/30 00:00:00+00,8,REGION BIO BIO,8301,LOS ANGELES,51,CHOQUE FRONTAL,40,CHOQUE,1,URBANA,1,TRAMO DE VIA RECTA,4,ALCOHOL EN CONDUCTOR,24,CONDUCCION EN ESTADO DE EBRIEDAD,0,OCTAVIO JARA WOLF,0,PADRE HURTADO,OCTAVIO JARA WOLF - PADRE HURTADO,0, , , , ,2,0,1,UNIDIRECCIONAL,2,ASFALTO,1,BUENO,1,SECO,1,DESPEJADO,0,2,0,0,0
-8056056.49590298,-4506241.58374433,2369,21702,1370976,-72.3687868,-37.4801149,77,LOS ANGELES,1,32711,2021,1370976,REGION BIO BIO,8301,LOS ANGELES,OCTAVIO JARA WOLF, ,1701,"OCTAVIO JARA WOLF 1701, LOS ANGELES",CHILE,RANGE_INTERPOLATED,45126,2021,1370976,1,2021/08/11 00:00:00+00,1899/12/30 00:00:00+00,8,REGION BIO BIO,8301,LOS ANGELES,32,COLISION LATERAL,30,COLISION,1,URBANA,1,TRAMO DE VIA RECTA,1,IMPRUDENCIA DEL CONDUCTOR,27,CONDUCCION NO ATENTO CONDICIONES TRANSITO MOMENTO,0,OCTAVIO JARA WOLF,0, ,- OCTAVIO JARA WOLF,1701, , , , ,1,1,2,BIDIRECCIONAL,2,ASFALTO,1,BUENO,1,SECO,1,DESPEJADO,0,1,0,0,2
-8055654.95536774,-4506235.60791182,2370,21703,1344634,-72.3651797,-37.4800723,77,LOS ANGELES,1,14017,2021,1344634,REGION BIO BIO,8301,LOS ANGELES,VICU??ªA MACKENNA,LOS CIRUELOS,0,"VICU??ªA MACKENNA & LOS CIRUELOS, LOS ANGELES",CHILE,GEOMETRIC_CENTER,19365,2021,1344634,1,2021/04/15 00:00:00+00,1899/12/30 00:00:00+00,8,REGION BIO BIO,8301,LOS ANGELES,63,CHOQUE FRENTE/POSTERIOR,40,CHOQUE,1,URBANA,1,TRAMO DE VIA RECTA,1,IMPRUDENCIA DEL CONDUCTOR,27,CONDUCCION NO ATENTO CONDICIONES TRANSITO MOMENTO,0,VICUÑA MACKENNA,0,LOS CIRUELOS,LOS CIRUELOS - VICUÑA MACKENNA,0, , , , ,1,1,2,BIDIRECCIONAL,2,ASFALTO,1,BUENO,1,SECO,1,DESPEJADO,0,0,0,1,1
-8055654.95536774,-4506235.60791182,2371,21704,1405589,-72.3651797,-37.4800723,77,LOS ANGELES,1,57430,2021,1405589,REGION BIO BIO,8301,LOS ANGELES,VICU??ªA MACKENA,LOS CIRUELOS,0,"VICU??ªA MACKENA & LOS CIRUELOS, LOS ANGELES",CHILE,GEOMETRIC_CENTER,77986,2021,1405589,1,2021/12/20 00:00:00+00,1899/12/30 00:00:00+00,8,REGION BIO BIO,8301,LOS ANGELES,34,COLISION PERPENDICULAR,30,COLISION,1,URBANA,1,TRAMO DE VIA RECTA,1,IMPRUDENCIA DEL CONDUCTOR,27,CONDUCCION NO ATENTO CONDICIONES TRANSITO MOMENTO,0,VICUÑA MACKENA,0,LOS CIRUELOS,LOS CIRUELOS - VICUÑA MACKENA,0, , , , ,2,0,1,UNIDIRECCIONAL,2,ASFALTO,1,BUENO,1,SECO,1,DESPEJADO,0,0,0,0,2
-8055201.91843606,-4506231.07694249,2372,21705,1380685,-72.36111,-37.48004,77,LOS ANGELES,1,39293,2021,1380685,REGION BIO BIO,8301,LOS ANGELES,VICU??ªA MACKENA, ,897,"VICU??ªA MACKENA 897, LOS ANGELES",CHILE,RANGE_INTERPOLATED,53957,2021,1380685,1,2021/09/16 00:00:00+00,1899/12/30 00:00:00+00,8,REGION BIO BIO,8301,LOS ANGELES,33,COLISION POR ALCANCE,30,COLISION,1,URBANA,1,TRAMO DE VIA RECTA,1,IMPRUDENCIA DEL CONDUCTOR,27,CONDUCCION NO ATENTO CONDICIONES TRANSITO MOMENTO,0,VICUÑA MACKENA,0, ,- VICUÑA MACKENA,897, , , , ,2,0,1,UNIDIRECCIONAL,1,CONCRETO,1,BUENO,1,SECO,1,DESPEJADO,0,0,0,0,2
-8055810.45756443,-4506225.4237544,2373,21706,1330077,-72.3665766,-37.4799997,77,LOS ANGELES,1,2500,2021,1330077,REGION BIO BIO,8301,LOS ANGELES,VICU??ªA MACKENNA, ,1300,"VICU??ªA MACKENNA 1300, LOS ANGELES",CHILE,RANGE_INTERPOLATED,3440,2021,1330077,1,2021/01/18 00:00:00+00,1899/12/30 00:00:00+00,8,REGION BIO BIO,8301,LOS ANGELES,52,CHOQUE LATERAL,40,CHOQUE,1,URBANA,1,TRAMO DE VIA RECTA,1,IMPRUDENCIA DEL CONDUCTOR,27,CONDUCCION NO ATENTO CONDICIONES TRANSITO MOMENTO,0,VICUÑA MACKENNA,0, ,- VICUÑA MACKENNA,1300, , , , ,1,1,2,BIDIRECCIONAL,2,ASFALTO,1,BUENO,1,SECO,1,DESPEJADO,0,0,0,0,2
-8055669.68293637,-4506199.59868332,2374,21707,1329879,-72.365312,-37.4798156,77,LOS ANGELES,1,4441,2021,1329879,REGION BIO BIO,8301,LOS ANGELES,VICU??ªA MACKENNA, ,1241,"VICU??ªA MACKENNA 1241, LOS ANGELES",CHILE,RANGE_INTERPOLATED,6234,2021,1329879,1,2021/02/01 00:00:00+00,1899/12/30 00:00:00+00,8,REGION BIO BIO,8301,LOS ANGELES,65,CHOQUE LADO/LADO,40,CHOQUE,1,URBANA,26,OTROS NO CONSIDERADOS,1,IMPRUDENCIA DEL CONDUCTOR,27,CONDUCCION NO ATENTO CONDICIONES TRANSITO MOMENTO,0,VICUÑA MACKENNA,0, ,- VICUÑA MACKENNA,1241, , , , ,2,0,1,UNIDIRECCIONAL,1,CONCRETO,1,BUENO,1,SECO,1,DESPEJADO,0,0,0,0,2
-8055669.68293637,-4506199.59868332,2375,21708,1346353,-72.365312,-37.4798156,77,LOS ANGELES,1,16110,2021,1346353,REGION BIO BIO,8301,LOS ANGELES,VICU??ªA MACKENA, ,1241,"VICU??ªA MACKENA 1241, LOS ANGELES",CHILE,RANGE_INTERPOLATED,22169,2021,1346353,1,2021/04/30 00:00:00+00,1899/12/30 00:00:00+00,8,REGION BIO BIO,8301,LOS ANGELES,32,COLISION LATERAL,30,COLISION,1,URBANA,1,TRAMO DE VIA RECTA,1,IMPRUDENCIA DEL CONDUCTOR,27,CONDUCCION NO ATENTO CONDICIONES TRANSITO MOMENTO,0,VICUÑA MACKENA,0, ,- VICUÑA MACKENA,1241, , , , ,2,0,1,UNIDIRECCIONAL,1,CONCRETO,1,BUENO,3,MOJADO,2,NUBLADO,0,0,0,0,2
-8055669.68293637,-4506199.59868332,2376,21709,1392492,-72.365312,-37.4798156,77,LOS ANGELES,1,47915,2021,1392492,REGION BIO BIO,8301,LOS ANGELES,VICU??ªA MACKENNA, ,1241,"VICU??ªA MACKENNA 1241, LOS ANGELES",CHILE,RANGE_INTERPOLATED,65368,2021,1392492,1,2021/11/02 00:00:00+00,1899/12/30 00:00:00+00,8,REGION BIO BIO,8301,LOS ANGELES,31,COLISION FRONTAL,30,COLISION,1,URBANA,26,OTROS NO CONSIDERADOS,1,IMPRUDENCIA DEL CONDUCTOR,27,CONDUCCION NO ATENTO CONDICIONES TRANSITO MOMENTO,0,VICUÑA MACKENNA,0, ,- VICUÑA MACKENNA,1241, , , , ,1,1,2,BIDIRECCIONAL,1,CONCRETO,2,REGULAR,1,SECO,1,DESPEJADO,0,1,0,1,1
-8055669.68293637,-4506199.59868332,2377,21710,1398805,-72.365312,-37.4798156,77,LOS ANGELES,1,52738,2021,1398805,REGION BIO BIO,8301,LOS ANGELES,VICU??ªA MACKENNA, ,1241,"VICU??ªA MACKENNA 1241, LOS ANGELES",CHILE,RANGE_INTERPOLATED,71672,2021,1398805,1,2021/11/26 00:00:00+00,1899/12/30 00:00:00+00,8,REGION BIO BIO,8301,LOS ANGELES,63,CHOQUE FRENTE/POSTERIOR,40,CHOQUE,1,URBANA,1,TRAMO DE VIA RECTA,1,IMPRUDENCIA DEL CONDUCTOR,27,CONDUCCION NO ATENTO CONDICIONES TRANSITO MOMENTO,0,VICUÑA MACKENNA,0, ,- VICUÑA MACKENNA,1241, , , , ,2,2,3,BIDIRECCIONAL CON BANDEJON,1,CONCRETO,1,BUENO,1,SECO,1,DESPEJADO,0,0,0,0,2
-8055669.68293637,-4506199.59868332,2378,21711,1399217,-72.365312,-37.4798156,77,LOS ANGELES,1,52926,2021,1399217,REGION BIO BIO,8301,LOS ANGELES,VICU??ªA MACKENA, ,1241,"VICU??ªA MACKENA 1241, LOS ANGELES",CHILE,RANGE_INTERPOLATED,71936,2021,1399217,1,2021/11/27 00:00:00+00,1899/12/30 00:00:00+00,8,REGION BIO BIO,8301,LOS ANGELES,66,CHOQUE LADO/POSTERIOR,40,CHOQUE,1,URBANA,26,OTROS NO CONSIDERADOS,4,ALCOHOL EN CONDUCTOR,24,CONDUCCION EN ESTADO DE EBRIEDAD,0,VICUÑA MACKENA,0, ,- VICUÑA MACKENA,1241, , , , ,1,1,2,BIDIRECCIONAL,1,CONCRETO,1,BUENO,1,SECO,1,DESPEJADO,0,0,0,0,2
-8055669.68293637,-4506199.59868332,2379,21712,1404393,-72.365312,-37.4798156,77,LOS ANGELES,1,56248,2021,1404393,REGION BIO BIO,8301,LOS ANGELES,VICU??ªA MACKENA, ,1241,"VICU??ªA MACKENA 1241, LOS ANGELES",CHILE,RANGE_INTERPOLATED,76450,2021,1404393,1,2021/12/15 00:00:00+00,1899/12/30 00:00:00+00,8,REGION BIO BIO,8301,LOS ANGELES,33,COLISION POR ALCANCE,30,COLISION,1,URBANA,1,TRAMO DE VIA RECTA,1,IMPRUDENCIA DEL CONDUCTOR,27,CONDUCCION NO ATENTO CONDICIONES TRANSITO MOMENTO,0,VICUÑA MACKENA,0, ,- VICUÑA MACKENA,1241, , , , ,2,2,2,BIDIRECCIONAL,1,CONCRETO,1,BUENO,1,SECO,1,DESPEJADO,0,0,0,0,2
-8052392.0252453,-4506185.80944003,2380,21713,1366849,-72.3358683,-37.4797173,77,LOS ANGELES,1,28902,2021,1366849,REGION BIO BIO,8301,LOS ANGELES,MONTEAGUILA,MICHIGAN,0,"MONTEAGUILA & MICHIGAN, LOS ANGELES",CHILE,GEOMETRIC_CENTER,39948,2021,1366849,1,2021/07/21 00:00:00+00,1899/12/30 00:00:00+00,8,REGION BIO BIO,8301,LOS ANGELES,32,COLISION LATERAL,30,COLISION,1,URBANA,1,TRAMO DE VIA RECTA,1,IMPRUDENCIA DEL CONDUCTOR,27,CONDUCCION NO ATENTO CONDICIONES TRANSITO MOMENTO,0,MONTEAGUILA,0,MICHIGAN,MICHIGAN - MONTEAGUILA,0, , , , ,1,1,2,BIDIRECCIONAL,1,CONCRETO,1,BUENO,1,SECO,1,DESPEJADO,0,0,0,0,2
-8054323.31822302,-4506140.37380132,2381,21714,1390759,-72.3532174,-37.4793934,77,LOS ANGELES,1,46537,2021,1390759,REGION BIO BIO,8301,LOS ANGELES,SAN MARTIN,ELEUTERIO RAMIREZ,0,"SAN MARTIN & ELEUTERIO RAMIREZ, LOS ANGELES",CHILE,GEOMETRIC_CENTER,63546,2021,1390759,1,2021/10/26 00:00:00+00,1899/12/30 00:00:00+00,8,REGION BIO BIO,8301,LOS ANGELES,33,COLISION POR ALCANCE,30,COLISION,1,URBANA,1,TRAMO DE VIA RECTA,1,IMPRUDENCIA DEL CONDUCTOR,27,CONDUCCION NO ATENTO CONDICIONES TRANSITO MOMENTO,0,SAN MARTIN,0,ELEUTERIO RAMIREZ,ELEUTERIO RAMIREZ - SAN MARTIN,0, , , , ,2,0,1,UNIDIRECCIONAL,1,CONCRETO,1,BUENO,1,SECO,1,DESPEJADO,0,0,0,5,0
-8053991.46368902,-4506124.15785693,2382,21715,1402784,-72.3502363,-37.4792778,77,LOS ANGELES,1,55329,2021,1402784,REGION BIO BIO,8301,LOS ANGELES,FREIRE, ,575,"FREIRE 575, LOS ANGELES",CHILE,RANGE_INTERPOLATED,75175,2021,1402784,1,2021/12/10 00:00:00+00,1899/12/30 00:00:00+00,8,REGION BIO BIO,8301,LOS ANGELES,66,CHOQUE LADO/POSTERIOR,40,CHOQUE,1,URBANA,1,TRAMO DE VIA RECTA,1,IMPRUDENCIA DEL CONDUCTOR,27,CONDUCCION NO ATENTO CONDICIONES TRANSITO MOMENTO,0,FREIRE,0, ,- FREIRE,575, , , , ,2,0,1,UNIDIRECCIONAL,1,CONCRETO,1,BUENO,1,SECO,1,DESPEJADO,0,0,0,0,2
-8056086.30726261,-4506098.17873188,2383,21716,1355565,-72.3690546,-37.4790926,77,LOS ANGELES,1,22274,2021,1355565,REGION BIO BIO,8301,LOS ANGELES,PADRE HURTADO,LA CONSTITUCION,0,"PADRE HURTADO & LA CONSTITUCION, LOS ANGELES",CHILE,GEOMETRIC_CENTER,30701,2021,1355565,1,2021/06/10 00:00:00+00,1899/12/30 00:00:00+00,8,REGION BIO BIO,8301,LOS ANGELES,67,CHOQUE POSTERIOR/FRENTE,40,CHOQUE,1,URBANA,1,TRAMO DE VIA RECTA,1,IMPRUDENCIA DEL CONDUCTOR,27,CONDUCCION NO ATENTO CONDICIONES TRANSITO MOMENTO,0,PADRE HURTADO,0,LA CONSTITUCION,LA CONSTITUCION - PADRE HURTADO,0, , , , ,2,0,1,UNIDIRECCIONAL,2,ASFALTO,2,REGULAR,2,HUMEDO,1,DESPEJADO,0,0,0,0,2
-8056086.30726261,-4506098.17873188,2384,21717,1385377,-72.3690546,-37.4790926,77,LOS ANGELES,1,42922,2021,1385377,REGION BIO BIO,8301,LOS ANGELES,PADRE HURTADO,DE LA CONSTITUCION,0,"PADRE HURTADO & DE LA CONSTITUCION, LOS ANGELES",CHILE,GEOMETRIC_CENTER,58745,2021,1385377,1,2021/10/06 00:00:00+00,1899/12/30 00:00:00+00,8,REGION BIO BIO,8301,LOS ANGELES,33,COLISION POR ALCANCE,30,COLISION,1,URBANA,1,TRAMO DE VIA RECTA,1,IMPRUDENCIA DEL CONDUCTOR,27,CONDUCCION NO ATENTO CONDICIONES TRANSITO MOMENTO,0,PADRE HURTADO,0,DE LA CONSTITUCION,DE LA CONSTITUCION - PADRE HURTADO,0, , , , ,2,2,3,BIDIRECCIONAL CON BANDEJON,1,CONCRETO,1,BUENO,1,SECO,1,DESPEJADO,0,0,0,0,2
-8054130.46833717,-4506094.4053114,2385,21718,1404728,-72.351485,-37.4790657,77,LOS ANGELES,1,56575,2021,1404728,REGION BIO BIO,8301,LOS ANGELES,BERNARDO O'HIGGINS, ,580,"BERNARDO O'HIGGINS 580, LOS ANGELES",CHILE,RANGE_INTERPOLATED,76872,2021,1404728,1,2021/12/16 00:00:00+00,1899/12/30 00:00:00+00,8,REGION BIO BIO,8301,LOS ANGELES,64,CHOQUE LADO/FRENTE,40,CHOQUE,1,URBANA,1,TRAMO DE VIA RECTA,1,IMPRUDENCIA DEL CONDUCTOR,27,CONDUCCION NO ATENTO CONDICIONES TRANSITO MOMENTO,0,BERNARDO O'HIGGINS,0, ,- BERNARDO O'HIGGINS,580, , , , ,2,0,1,UNIDIRECCIONAL,1,CONCRETO,1,BUENO,1,SECO,1,DESPEJADO,0,0,0,0,2
-8055039.42537535,-4506092.32922934,2386,21719,1391958,-72.3596503,-37.4790509,77,LOS ANGELES,1,47608,2021,1391958,REGION BIO BIO,8301,LOS ANGELES,JOSE MIGUEL INFANTE,ELEUTERIO RAMIREZ,0,"JOSE MIGUEL INFANTE & ELEUTERIO RAMIREZ, LOS ANGELES",CHILE,GEOMETRIC_CENTER,64962,2021,1391958,1,2021/11/01 00:00:00+00,1899/12/30 00:00:00+00,8,REGION BIO BIO,8301,LOS ANGELES,10,ATROPELLO,10,ATROPELLO,1,URBANA,14,CRUCE CON SEÑAL PARE,13,CAUSAS NO DETERMINADAS,97,CAUSAS NO DETERMINADAS,0,JOSE MIGUEL INFANTE,0,ELEUTERIO RAMIREZ,ELEUTERIO RAMIREZ - JOSE MIGUEL INFANTE,0, , , , ,2,0,1,UNIDIRECCIONAL,1,CONCRETO,1,BUENO,1,SECO,1,DESPEJADO,0,0,0,1,1
-8054222.89691038,-4506090.15495465,2387,21720,1351841,-72.3523153,-37.4790354,77,LOS ANGELES,1,19419,2021,1351841,REGION BIO BIO,8301,LOS ANGELES,LAUQUEN,LA ENSENADA,0,"LAUQUEN & LA ENSENADA, LOS ANGELES",CHILE,GEOMETRIC_CENTER,26727,2021,1351841,1,2021/05/23 00:00:00+00,1899/12/30 00:00:00+00,8,REGION BIO BIO,8301,LOS ANGELES,32,COLISION LATERAL,30,COLISION,1,URBANA,1,TRAMO DE VIA RECTA,1,IMPRUDENCIA DEL CONDUCTOR,27,CONDUCCION NO ATENTO CONDICIONES TRANSITO MOMENTO,0,LAUQUEN,0,LA ENSENADA,LA ENSENADA - LAUQUEN,0, , , , ,1,1,2,BIDIRECCIONAL,1,CONCRETO,1,BUENO,1,SECO,1,DESPEJADO,0,0,0,0,2
-8055229.06925986,-4506073.05535198,2388,21721,1406952,-72.3613539,-37.4789135,77,LOS ANGELES,1,58262,2021,1406952,REGION BIO BIO,8301,LOS ANGELES,CAMILO HENRIQUEZ,ELEUTERIO RAMIREZ,0,"CAMILO HENRIQUEZ & ELEUTERIO RAMIREZ, LOS ANGELES",CHILE,GEOMETRIC_CENTER,79108,2021,1406952,1,2021/12/24 00:00:00+00,1899/12/30 00:00:00+00,8,REGION BIO BIO,8301,LOS ANGELES,63,CHOQUE FRENTE/POSTERIOR,40,CHOQUE,1,URBANA,14,CRUCE CON SEÑAL PARE,4,ALCOHOL EN CONDUCTOR,24,CONDUCCION EN ESTADO DE EBRIEDAD,0,CAMILO HENRIQUEZ,0,ELEUTERIO RAMIREZ,CAMILO HENRIQUEZ - ELEUTERIO RAMIREZ,0, , , , ,2,0,1,UNIDIRECCIONAL,1,CONCRETO,1,BUENO,1,SECO,1,DESPEJADO,0,0,0,1,1
-8055154.90821509,-4506054.69329946,2389,21722,1340749,-72.3606877,-37.4787826,77,LOS ANGELES,1,11950,2021,1340749,REGION BIO BIO,8301,LOS ANGELES,ELEUTERIO RAMIREZ, ,889,"ELEUTERIO RAMIREZ 889, LOS ANGELES",CHILE,RANGE_INTERPOLATED,16532,2021,1340749,1,2021/03/26 00:00:00+00,1899/12/30 00:00:00+00,8,REGION BIO BIO,8301,LOS ANGELES,31,COLISION FRONTAL,30,COLISION,1,URBANA,1,TRAMO DE VIA RECTA,1,IMPRUDENCIA DEL CONDUCTOR,27,CONDUCCION NO ATENTO CONDICIONES TRANSITO MOMENTO,0,ELEUTERIO RAMIREZ,0, ,- ELEUTERIO RAMIREZ,889, , , , ,1,1,2,BIDIRECCIONAL,1,CONCRETO,1,BUENO,1,SECO,1,DESPEJADO,0,0,0,1,1
-8056438.31062445,-4506053.57109714,2390,21723,1385736,-72.3722167,-37.4787746,77,LOS ANGELES,1,43157,2021,1385736,REGION BIO BIO,8301,LOS ANGELES,VALLE MONASTERIO,LOS MISIONEROS,0,"VALLE MONASTERIO & LOS MISIONEROS, LOS ANGELES",CHILE,GEOMETRIC_CENTER,59031,2021,1385736,1,2021/10/07 00:00:00+00,1899/12/30 00:00:00+00,8,REGION BIO BIO,8301,LOS ANGELES,32,COLISION LATERAL,30,COLISION,1,URBANA,15,CRUCE CON SEÑAL CEDA EL PASO,1,IMPRUDENCIA DEL CONDUCTOR,26,CONDUCCION POR IZQUIERDA EJE CALZADA,0,VALLE MONASTERIO,0,LOS MISIONEROS,LOS MISIONEROS - VALLE MONASTERIO,0, , , , ,2,0,1,UNIDIRECCIONAL,2,ASFALTO,1,BUENO,1,SECO,1,DESPEJADO,0,0,0,1,1
-8055481.00753142,-4506051.04614236,2391,21724,1342259,-72.3636171,-37.4787566,77,LOS ANGELES,1,13228,2021,1342259,REGION BIO BIO,8301,LOS ANGELES,ELEUTERIO RAMIREZ,PEDRO PRADO,0,"ELEUTERIO RAMIREZ & PEDRO PRADO, LOS ANGELES",CHILE,GEOMETRIC_CENTER,18279,2021,1342259,1,2021/04/08 00:00:00+00,1899/12/30 00:00:00+00,8,REGION BIO BIO,8301,LOS ANGELES,63,CHOQUE FRENTE/POSTERIOR,40,CHOQUE,1,URBANA,1,TRAMO DE VIA RECTA,1,IMPRUDENCIA DEL CONDUCTOR,27,CONDUCCION NO ATENTO CONDICIONES TRANSITO MOMENTO,0,ELEUTERIO RAMIREZ,0,PEDRO PRADO,ELEUTERIO RAMIREZ - PEDRO PRADO,0, , , , ,2,0,1,UNIDIRECCIONAL,1,CONCRETO,1,BUENO,3,MOJADO,3,LLUVIA,0,0,0,0,2
-8054156.32785488,-4506047.2306563,2392,21725,1397536,-72.3517173,-37.4787294,77,LOS ANGELES,1,50784,2021,1397536,REGION BIO BIO,8301,LOS ANGELES,LOS CARRERA,RIO BUENO,0,"LOS CARRERA & RIO BUENO, LOS ANGELES",CHILE,GEOMETRIC_CENTER,69148,2021,1397536,1,2021/11/17 00:00:00+00,1899/12/30 00:00:00+00,8,REGION BIO BIO,8301,LOS ANGELES,31,COLISION FRONTAL,30,COLISION,1,URBANA,1,TRAMO DE VIA RECTA,1,IMPRUDENCIA DEL CONDUCTOR,27,CONDUCCION NO ATENTO CONDICIONES TRANSITO MOMENTO,0,LOS CARRERA,0,RIO BUENO,LOS CARRERA - RIO BUENO,0, , , , ,2,2,2,BIDIRECCIONAL,1,CONCRETO,1,BUENO,1,SECO,1,DESPEJADO,0,1,0,0,1
-8051852.41514563,-4506029.79446374,2393,21726,1395073,-72.3310209,-37.4786051,77,LOS ANGELES,1,49880,2021,1395073,REGION BIO BIO,8301,LOS ANGELES,VICTORIA,NUEVA VICTORIA,0,"VICTORIA & NUEVA VICTORIA, LOS ANGELES",CHILE,GEOMETRIC_CENTER,67930,2021,1395073,1,2021/11/12 00:00:00+00,1899/12/30 00:00:00+00,8,REGION BIO BIO,8301,LOS ANGELES,67,CHOQUE POSTERIOR/FRENTE,40,CHOQUE,1,URBANA,14,CRUCE CON SEÑAL PARE,10,DESOBEDIENCIA A SEÑALIZACION,65,SEÑALIZACION DESOBEDECER SEÑAL PARE,0,VICTORIA,0,NUEVA VICTORIA,NUEVA VICTORIA - VICTORIA,0, , , , ,2,0,1,UNIDIRECCIONAL,1,CONCRETO,1,BUENO,1,SECO,2,NUBLADO,0,0,0,0,2
-8055376.26702254,-4506012.52662986,2394,21727,1327502,-72.3626762,-37.478482,77,LOS ANGELES,1,2884,2021,1327502,REGION BIO BIO,8301,LOS ANGELES,ALCAZAR, ,560,"ALCAZAR 560, LOS ANGELES",CHILE,RANGE_INTERPOLATED,3961,2021,1327502,1,2021/01/20 00:00:00+00,1899/12/30 00:00:00+00,8,REGION BIO BIO,8301,LOS ANGELES,51,CHOQUE FRONTAL,40,CHOQUE,1,URBANA,1,TRAMO DE VIA RECTA,1,IMPRUDENCIA DEL CONDUCTOR,27,CONDUCCION NO ATENTO CONDICIONES TRANSITO MOMENTO,0,ALCAZAR,0, ,- ALCAZAR,560, , , , ,2,0,1,UNIDIRECCIONAL,1,CONCRETO,1,BUENO,1,SECO,1,DESPEJADO,0,0,0,0,1