X,Y,FID,FID_1,LABELID,POINT_X,POINT_Y,FID_2,COMUNAREAL,VAL_COM,OBJECTID,A_O,IDACCIDENT,REGION,COD_COMUN,COMUNA,CALLE_UNO,CALLE_DOS,NUMERO,DIR_GEOCOD,PAIS,TIPO,OBJECTID_1,Año,Idaccide_1,Claseaccid,Fecha,Hora,Cód_Regi,Región,Cód_Comun,Comuna_1,Cód_Tipo_,Tipo_Accid,Cód_Tipo1,Tipo__CONA,Cód_Zona,Zona,Cód_Ubica,Ubicación,Cód_Causa,Causa__CON,Cód_Cau_1,Causa,Cód_Calle,Calle_Un_1,Cód_Cal_1,Calle_Do_1,Intersecci,Número,Ruta,Cód_Ruta,Ubicaci_1,Km_Vía_Fe,Pistas_de_,Pistas_de1,Cód_Calza,Calzada,Cód__Tipo,Tipo_Calza,Cód_Estad,Estado_Cal,Cód_Condi,Condición,Cód_Est_1,Estado_Atm,Fallecidos,Graves,Menos_Grav,Leves,Ilesos
-8053778.34252389,-4505996.3529656,2395,21728,1364606,-72.3483218,-37.4783667,77,LOS ANGELES,1,28268,2021,1364606,REGION BIO BIO,8301,LOS ANGELES,LOS CARRERA,CARLOS CONDELL,0,"LOS CARRERA & CARLOS CONDELL, LOS ANGELES",CHILE,GEOMETRIC_CENTER,39047,2021,1364606,1,2021/07/17 00:00:00+00,1899/12/30 00:00:00+00,8,REGION BIO BIO,8301,LOS ANGELES,33,COLISION POR ALCANCE,30,COLISION,1,URBANA,1,TRAMO DE VIA RECTA,1,IMPRUDENCIA DEL CONDUCTOR,27,CONDUCCION NO ATENTO CONDICIONES TRANSITO MOMENTO,0,LOS CARRERA,0,CARLOS CONDELL,CARLOS CONDELL - LOS CARRERA,0, , , , ,2,0,1,UNIDIRECCIONAL,1,CONCRETO,1,BUENO,1,SECO,1,DESPEJADO,0,0,0,0,2
-8056104.19630478,-4505985.50975106,2396,21729,1355597,-72.3692153,-37.4782894,77,LOS ANGELES,1,22702,2021,1355597,REGION BIO BIO,8301,LOS ANGELES,PADRE HURTADO,MISIONEROS,0,"PADRE HURTADO & MISIONEROS, LOS ANGELES",CHILE,GEOMETRIC_CENTER,31268,2021,1355597,1,2021/06/12 00:00:00+00,1899/12/30 00:00:00+00,8,REGION BIO BIO,8301,LOS ANGELES,31,COLISION FRONTAL,30,COLISION,1,URBANA,1,TRAMO DE VIA RECTA,1,IMPRUDENCIA DEL CONDUCTOR,27,CONDUCCION NO ATENTO CONDICIONES TRANSITO MOMENTO,0,PADRE HURTADO,0,MISIONEROS,MISIONEROS - PADRE HURTADO,0, , , , ,2,2,3,BIDIRECCIONAL CON BANDEJON,1,CONCRETO,1,BUENO,1,SECO,2,NUBLADO,0,1,0,0,1
-8056107.23532688,-4505971.38413135,2397,21730,1383677,-72.3692426,-37.4781887,77,LOS ANGELES,1,4358,2021,1383677,REGION BIO BIO,8301,LOS ANGELES,PADRE HURTADO, ,496,"PADRE HURTADO 496, LOS ANGELES",CHILE,RANGE_INTERPOLATED,6120,2021,1383677,1,2021/02/01 00:00:00+00,1899/12/30 00:00:00+00,8,REGION BIO BIO,8301,LOS ANGELES,63,CHOQUE FRENTE/POSTERIOR,40,CHOQUE,1,URBANA,1,TRAMO DE VIA RECTA,1,IMPRUDENCIA DEL CONDUCTOR,93,CONDUCIR VEHICULO EN RETROCESO,0,PADRE HURTADO,0, ,- PADRE HURTADO,496, , , , ,2,0,1,UNIDIRECCIONAL,1,CONCRETO,1,BUENO,1,SECO,1,DESPEJADO,0,0,0,0,2
-8054314.90246952,-4505955.36483194,2398,21731,1378661,-72.3531418,-37.4780745,77,LOS ANGELES,1,38142,2021,1378661,REGION BIO BIO,8301,LOS ANGELES,SAN MARTIN,CONDELL,0,"SAN MARTIN & CONDELL, LOS ANGELES",CHILE,GEOMETRIC_CENTER,52395,2021,1378661,1,2021/09/10 00:00:00+00,1899/12/30 00:00:00+00,8,REGION BIO BIO,8301,LOS ANGELES,33,COLISION POR ALCANCE,30,COLISION,1,URBANA,1,TRAMO DE VIA RECTA,1,IMPRUDENCIA DEL CONDUCTOR,27,CONDUCCION NO ATENTO CONDICIONES TRANSITO MOMENTO,0,SAN MARTIN,0,CONDELL,CONDELL - SAN MARTIN,0, , , , ,2,0,1,UNIDIRECCIONAL,2,ASFALTO,1,BUENO,1,SECO,2,NUBLADO,0,0,0,0,2
-8054848.73508762,-4505918.37465177,2399,21732,1390923,-72.3579373,-37.4778108,77,LOS ANGELES,1,46621,2021,1390923,REGION BIO BIO,8301,LOS ANGELES,BLANCO ENCALADA,CARLOS CONDELL,0,"BLANCO ENCALADA & CARLOS CONDELL, LOS ANGELES",CHILE,GEOMETRIC_CENTER,63642,2021,1390923,1,2021/10/26 00:00:00+00,1899/12/30 00:00:00+00,8,REGION BIO BIO,8301,LOS ANGELES,31,COLISION FRONTAL,30,COLISION,1,URBANA,1,TRAMO DE VIA RECTA,1,IMPRUDENCIA DEL CONDUCTOR,27,CONDUCCION NO ATENTO CONDICIONES TRANSITO MOMENTO,0,BLANCO ENCALADA,0,CARLOS CONDELL,BLANCO ENCALADA - CARLOS CONDELL,0, , , , ,1,0,1,UNIDIRECCIONAL,1,CONCRETO,3,MALO,1,SECO,1,DESPEJADO,0,0,0,0,1
-8051266.74104067,-4505909.29896198,2400,21733,1353751,-72.3257597,-37.4777461,77,LOS ANGELES,1,20966,2021,1353751,REGION BIO BIO,8301,LOS ANGELES,LAS INDUSTRIAS, ,10445,"LAS INDUSTRIAS 10445, LOS ANGELES",CHILE,RANGE_INTERPOLATED,28909,2021,1353751,1,2021/06/02 00:00:00+00,1899/12/30 00:00:00+00,8,REGION BIO BIO,8301,LOS ANGELES,33,COLISION POR ALCANCE,30,COLISION,1,URBANA,1,TRAMO DE VIA RECTA,1,IMPRUDENCIA DEL CONDUCTOR,28,CONDUCCION SIN MANTENER DISTANCIA RAZONABLE NI PRUDENTE,0,LAS INDUSTRIAS,0, ,- LAS INDUSTRIAS,10445, , , , ,2,2,2,BIDIRECCIONAL,2,ASFALTO,1,BUENO,2,HUMEDO,2,NUBLADO,0,0,0,1,1
-8051266.74104067,-4505909.29896198,2401,21734,1376338,-72.3257597,-37.4777461,77,LOS ANGELES,1,36593,2021,1376338,REGION BIO BIO,8301,LOS ANGELES,LAS INDUSTRIAS, ,10445,"LAS INDUSTRIAS 10445, LOS ANGELES",CHILE,RANGE_INTERPOLATED,50338,2021,1376338,1,2021/09/02 00:00:00+00,1899/12/30 00:00:00+00,8,REGION BIO BIO,8301,LOS ANGELES,63,CHOQUE FRENTE/POSTERIOR,40,CHOQUE,1,URBANA,1,TRAMO DE VIA RECTA,1,IMPRUDENCIA DEL CONDUCTOR,27,CONDUCCION NO ATENTO CONDICIONES TRANSITO MOMENTO,0,LAS INDUSTRIAS,0, ,- LAS INDUSTRIAS,10445, , , , ,1,1,2,BIDIRECCIONAL,2,ASFALTO,1,BUENO,1,SECO,1,DESPEJADO,0,1,0,0,3
-8051266.74104067,-4505909.29896198,2402,21736,1404735,-72.3257597,-37.4777461,77,LOS ANGELES,1,56572,2021,1404735,REGION BIO BIO,8301,LOS ANGELES,LAS INDUSTRIAS, ,10445,"LAS INDUSTRIAS 10445, LOS ANGELES",CHILE,RANGE_INTERPOLATED,76868,2021,1404735,1,2021/12/16 00:00:00+00,1899/12/30 00:00:00+00,8,REGION BIO BIO,8301,LOS ANGELES,33,COLISION POR ALCANCE,30,COLISION,1,URBANA,1,TRAMO DE VIA RECTA,1,IMPRUDENCIA DEL CONDUCTOR,27,CONDUCCION NO ATENTO CONDICIONES TRANSITO MOMENTO,0,LAS INDUSTRIAS,0, ,- LAS INDUSTRIAS,10445, , , , ,1,1,2,BIDIRECCIONAL,2,ASFALTO,1,BUENO,1,SECO,1,DESPEJADO,0,0,0,0,2
-8055026.87966873,-4505907.68581856,2403,21737,1347551,-72.3595376,-37.4777346,77,LOS ANGELES,1,16511,2021,1347551,REGION BIO BIO,8301,LOS ANGELES,JOSE MIGUEL INFANTE,CONDELL,0,"JOSE MIGUEL INFANTE & CONDELL, LOS ANGELES",CHILE,GEOMETRIC_CENTER,22789,2021,1347551,1,2021/05/04 00:00:00+00,1899/12/30 00:00:00+00,8,REGION BIO BIO,8301,LOS ANGELES,31,COLISION FRONTAL,30,COLISION,1,URBANA,15,CRUCE CON SEÑAL CEDA EL PASO,1,IMPRUDENCIA DEL CONDUCTOR,27,CONDUCCION NO ATENTO CONDICIONES TRANSITO MOMENTO,0,JOSE MIGUEL INFANTE,0,CONDELL,CONDELL - JOSE MIGUEL INFANTE,0, , , , ,1,1,2,BIDIRECCIONAL,1,CONCRETO,1,BUENO,1,SECO,1,DESPEJADO,0,0,0,3,0
-8055218.09315807,-4505893.98112316,2404,21738,1329860,-72.3612553,-37.4776369,77,LOS ANGELES,1,4375,2021,1329860,REGION BIO BIO,8301,LOS ANGELES,CAMILO HENRIQUEZ,CONDELL,0,"CAMILO HENRIQUEZ & CONDELL, LOS ANGELES",CHILE,GEOMETRIC_CENTER,6146,2021,1329860,1,2021/02/01 00:00:00+00,1899/12/30 00:00:00+00,8,REGION BIO BIO,8301,LOS ANGELES,32,COLISION LATERAL,30,COLISION,1,URBANA,14,CRUCE CON SEÑAL PARE,1,IMPRUDENCIA DEL CONDUCTOR,27,CONDUCCION NO ATENTO CONDICIONES TRANSITO MOMENTO,0,CAMILO HENRIQUEZ,0,CONDELL,CAMILO HENRIQUEZ - CONDELL,0, , , , ,2,0,1,UNIDIRECCIONAL,1,CONCRETO,1,BUENO,1,SECO,1,DESPEJADO,0,0,0,1,1
-8055415.09526092,-4505848.84132169,2405,21739,1376735,-72.363025,-37.4773151,77,LOS ANGELES,1,37045,2021,1376735,REGION BIO BIO,8301,LOS ANGELES,ALCAZAR, ,481,"ALCAZAR 481, LOS ANGELES",CHILE,RANGE_INTERPOLATED,50954,2021,1376735,1,2021/09/04 00:00:00+00,1899/12/30 00:00:00+00,8,REGION BIO BIO,8301,LOS ANGELES,65,CHOQUE LADO/LADO,40,CHOQUE,1,URBANA,1,TRAMO DE VIA RECTA,4,ALCOHOL EN CONDUCTOR,21,CONDUCCION BAJO LA INFLUENCIA DEL ALCOHOL,0,ALCAZAR,0, ,- ALCAZAR,481, , , , ,1,1,2,BIDIRECCIONAL,2,ASFALTO,1,BUENO,1,SECO,2,NUBLADO,0,0,0,1,1
-8055242.41646681,-4505816.64882255,2406,21740,1386012,-72.3614738,-37.4770856,77,LOS ANGELES,1,43546,2021,1386012,REGION BIO BIO,8301,LOS ANGELES,CAMILO HENRIQUEZ, ,453,"CAMILO HENRIQUEZ 453, LOS ANGELES",CHILE,RANGE_INTERPOLATED,59559,2021,1386012,1,2021/10/09 00:00:00+00,1899/12/30 00:00:00+00,8,REGION BIO BIO,8301,LOS ANGELES,61,CHOQUE FRENTE/FRENTE,40,CHOQUE,1,URBANA,1,TRAMO DE VIA RECTA,9,PERDIDA CONTROL VEHICULO,95,PERDIDA CONTROL VEHICULO,0,CAMILO HENRIQUEZ,0, ,- CAMILO HENRIQUEZ,453, , , , ,2,0,1,UNIDIRECCIONAL,1,CONCRETO,1,BUENO,1,SECO,1,DESPEJADO,0,0,0,1,0
-8053767.01019973,-4505815.44248246,2407,21741,1346349,-72.34822,-37.477077,77,LOS ANGELES,1,16021,2021,1346349,REGION BIO BIO,8301,LOS ANGELES,LOS CARRERA,GABRIELA MISTRAL,0,"LOS CARRERA & GABRIELA MISTRAL, LOS ANGELES",CHILE,GEOMETRIC_CENTER,22043,2021,1346349,1,2021/04/30 00:00:00+00,1899/12/30 00:00:00+00,8,REGION BIO BIO,8301,LOS ANGELES,30,COLISION,30,COLISION,1,URBANA,11,CRUCE CON SEMAFORO FUNCIONANDO,1,IMPRUDENCIA DEL CONDUCTOR,27,CONDUCCION NO ATENTO CONDICIONES TRANSITO MOMENTO,0,LOS CARRERA,0,GABRIELA MISTRAL,GABRIELA MISTRAL - LOS CARRERA,0, , , , ,2,0,1,UNIDIRECCIONAL,1,CONCRETO,1,BUENO,1,SECO,2,NUBLADO,0,0,0,1,2
-8053767.01019973,-4505815.44248246,2408,21742,1347111,-72.34822,-37.477077,77,LOS ANGELES,1,16476,2021,1347111,REGION BIO BIO,8301,LOS ANGELES,GABRIELA MISTRAL,PATRICIO LYNCH,0,"GABRIELA MISTRAL & PATRICIO LYNCH, LOS ANGELES",CHILE,GEOMETRIC_CENTER,22731,2021,1347111,1,2021/05/03 00:00:00+00,1899/12/30 00:00:00+00,8,REGION BIO BIO,8301,LOS ANGELES,30,COLISION,30,COLISION,1,URBANA,11,CRUCE CON SEMAFORO FUNCIONANDO,1,IMPRUDENCIA DEL CONDUCTOR,27,CONDUCCION NO ATENTO CONDICIONES TRANSITO MOMENTO,0,GABRIELA MISTRAL,0,PATRICIO LYNCH,GABRIELA MISTRAL - PATRICIO LYNCH,0, , , , ,2,2,2,BIDIRECCIONAL,1,CONCRETO,1,BUENO,1,SECO,1,DESPEJADO,0,0,0,2,0
-8053767.01019973,-4505815.44248246,2409,21743,1352323,-72.34822,-37.477077,77,LOS ANGELES,1,19706,2021,1352323,REGION BIO BIO,8301,LOS ANGELES,LOS CARRERA,GABRIELA MISTRAL,0,"LOS CARRERA & GABRIELA MISTRAL, LOS ANGELES",CHILE,GEOMETRIC_CENTER,27122,2021,1352323,1,2021/05/25 00:00:00+00,1899/12/30 00:00:00+00,8,REGION BIO BIO,8301,LOS ANGELES,30,COLISION,30,COLISION,1,URBANA,11,CRUCE CON SEMAFORO FUNCIONANDO,1,IMPRUDENCIA DEL CONDUCTOR,27,CONDUCCION NO ATENTO CONDICIONES TRANSITO MOMENTO,0,LOS CARRERA,0,GABRIELA MISTRAL,GABRIELA MISTRAL - LOS CARRERA,0, , , , ,2,2,2,BIDIRECCIONAL,1,CONCRETO,1,BUENO,2,HUMEDO,5,NEBLINA,0,0,0,0,2
-8053767.01019973,-4505815.44248246,2410,21744,1370771,-72.34822,-37.477077,77,LOS ANGELES,1,32502,2021,1370771,REGION BIO BIO,8301,LOS ANGELES,LOS CARRERA,PATRICIO LYNCH,0,"LOS CARRERA & PATRICIO LYNCH, LOS ANGELES",CHILE,GEOMETRIC_CENTER,44847,2021,1370771,1,2021/08/10 00:00:00+00,1899/12/30 00:00:00+00,8,REGION BIO BIO,8301,LOS ANGELES,33,COLISION POR ALCANCE,30,COLISION,1,URBANA,1,TRAMO DE VIA RECTA,1,IMPRUDENCIA DEL CONDUCTOR,28,CONDUCCION SIN MANTENER DISTANCIA RAZONABLE NI PRUDENTE,0,LOS CARRERA,0,PATRICIO LYNCH,LOS CARRERA - PATRICIO LYNCH,0, , , , ,2,0,1,UNIDIRECCIONAL,1,CONCRETO,1,BUENO,1,SECO,1,DESPEJADO,0,0,0,1,2
-8053767.01019973,-4505815.44248246,2411,21745,1402962,-72.34822,-37.477077,77,LOS ANGELES,1,55527,2021,1402962,REGION BIO BIO,8301,LOS ANGELES,LOS CARRERA,GABRIELA MISTRAL,0,"LOS CARRERA & GABRIELA MISTRAL, LOS ANGELES",CHILE,GEOMETRIC_CENTER,75439,2021,1402962,1,2021/12/11 00:00:00+00,1899/12/30 00:00:00+00,8,REGION BIO BIO,8301,LOS ANGELES,32,COLISION LATERAL,30,COLISION,1,URBANA,11,CRUCE CON SEMAFORO FUNCIONANDO,1,IMPRUDENCIA DEL CONDUCTOR,27,CONDUCCION NO ATENTO CONDICIONES TRANSITO MOMENTO,0,LOS CARRERA,0,GABRIELA MISTRAL,GABRIELA MISTRAL - LOS CARRERA,0, , , , ,2,0,1,UNIDIRECCIONAL,1,CONCRETO,1,BUENO,1,SECO,1,DESPEJADO,0,0,0,0,2
-8053767.01019973,-4505815.44248246,2412,21746,1403733,-72.34822,-37.477077,77,LOS ANGELES,1,55702,2021,1403733,REGION BIO BIO,8301,LOS ANGELES,GABRIELA MISTRAL,LOS CARRERA,0,"GABRIELA MISTRAL & LOS CARRERA, LOS ANGELES",CHILE,GEOMETRIC_CENTER,75712,2021,1403733,1,2021/12/12 00:00:00+00,1899/12/30 00:00:00+00,8,REGION BIO BIO,8301,LOS ANGELES,32,COLISION LATERAL,30,COLISION,1,URBANA,11,CRUCE CON SEMAFORO FUNCIONANDO,1,IMPRUDENCIA DEL CONDUCTOR,27,CONDUCCION NO ATENTO CONDICIONES TRANSITO MOMENTO,0,GABRIELA MISTRAL,0,LOS CARRERA,GABRIELA MISTRAL - LOS CARRERA,0, , , , ,2,0,1,UNIDIRECCIONAL,1,CONCRETO,1,BUENO,2,HUMEDO,2,NUBLADO,0,0,0,1,1
-8053943.99705814,-4505800.23699829,2413,21747,1376298,-72.3498099,-37.4769686,77,LOS ANGELES,1,36634,2021,1376298,REGION BIO BIO,8301,LOS ANGELES,FREIRE,LYNCH,0,"FREIRE & LYNCH, LOS ANGELES",CHILE,GEOMETRIC_CENTER,50385,2021,1376298,1,2021/09/02 00:00:00+00,1899/12/30 00:00:00+00,8,REGION BIO BIO,8301,LOS ANGELES,33,COLISION POR ALCANCE,30,COLISION,1,URBANA,11,CRUCE CON SEMAFORO FUNCIONANDO,1,IMPRUDENCIA DEL CONDUCTOR,27,CONDUCCION NO ATENTO CONDICIONES TRANSITO MOMENTO,0,FREIRE,0,LYNCH,FREIRE - LYNCH,0, , , , ,2,0,1,UNIDIRECCIONAL,1,CONCRETO,1,BUENO,1,SECO,1,DESPEJADO,0,0,0,0,2
-8056142.87982783,-4505788.63651921,2414,21748,1367027,-72.3695628,-37.4768859,77,LOS ANGELES,1,29387,2021,1367027,REGION BIO BIO,8301,LOS ANGELES,PADRE HURTADO,LYNCH,0,"PADRE HURTADO & LYNCH, LOS ANGELES",CHILE,GEOMETRIC_CENTER,40624,2021,1367027,1,2021/07/24 00:00:00+00,1899/12/30 00:00:00+00,8,REGION BIO BIO,8301,LOS ANGELES,34,COLISION PERPENDICULAR,30,COLISION,1,URBANA,14,CRUCE CON SEÑAL PARE,1,IMPRUDENCIA DEL CONDUCTOR,27,CONDUCCION NO ATENTO CONDICIONES TRANSITO MOMENTO,0,PADRE HURTADO,0,LYNCH,LYNCH - PADRE HURTADO,0, , , , ,2,0,1,UNIDIRECCIONAL,1,CONCRETO,1,BUENO,1,SECO,2,NUBLADO,0,0,0,0,2
-8056142.87982783,-4505788.63651921,2415,21749,1370306,-72.3695628,-37.4768859,77,LOS ANGELES,1,32469,2021,1370306,REGION BIO BIO,8301,LOS ANGELES,PADRE HURTADO,PATRICIO LYNCH,0,"PADRE HURTADO & PATRICIO LYNCH, LOS ANGELES",CHILE,GEOMETRIC_CENTER,44807,2021,1370306,1,2021/08/10 00:00:00+00,1899/12/30 00:00:00+00,8,REGION BIO BIO,8301,LOS ANGELES,10,ATROPELLO,10,ATROPELLO,1,URBANA,1,TRAMO DE VIA RECTA,13,CAUSAS NO DETERMINADAS,97,CAUSAS NO DETERMINADAS,0,PADRE HURTADO,0,PATRICIO LYNCH,PADRE HURTADO - PATRICIO LYNCH,0, , , , ,2,2,3,BIDIRECCIONAL CON BANDEJON,1,CONCRETO,1,BUENO,1,SECO,1,DESPEJADO,0,1,0,0,1
-8056142.87982783,-4505788.63651921,2416,21750,1386344,-72.3695628,-37.4768859,77,LOS ANGELES,1,43707,2021,1386344,REGION BIO BIO,8301,LOS ANGELES,PADRE HURTADO,PATRICIO LYNCH,0,"PADRE HURTADO & PATRICIO LYNCH, LOS ANGELES",CHILE,GEOMETRIC_CENTER,59788,2021,1386344,1,2021/10/10 00:00:00+00,1899/12/30 00:00:00+00,8,REGION BIO BIO,8301,LOS ANGELES,32,COLISION LATERAL,30,COLISION,1,URBANA,14,CRUCE CON SEÑAL PARE,1,IMPRUDENCIA DEL CONDUCTOR,27,CONDUCCION NO ATENTO CONDICIONES TRANSITO MOMENTO,0,PADRE HURTADO,0,PATRICIO LYNCH,PADRE HURTADO - PATRICIO LYNCH,0, , , , ,2,0,1,UNIDIRECCIONAL,1,CONCRETO,1,BUENO,1,SECO,1,DESPEJADO,0,0,0,0,2
-8056142.87982783,-4505788.63651921,2417,21751,1387113,-72.3695628,-37.4768859,77,LOS ANGELES,1,44302,2021,1387113,REGION BIO BIO,8301,LOS ANGELES,PADRE HURTADO,PATRICIO LYNCH,0,"PADRE HURTADO & PATRICIO LYNCH, LOS ANGELES",CHILE,GEOMETRIC_CENTER,60578,2021,1387113,1,2021/10/14 00:00:00+00,1899/12/30 00:00:00+00,8,REGION BIO BIO,8301,LOS ANGELES,63,CHOQUE FRENTE/POSTERIOR,40,CHOQUE,1,URBANA,14,CRUCE CON SEÑAL PARE,4,ALCOHOL EN CONDUCTOR,24,CONDUCCION EN ESTADO DE EBRIEDAD,0,PADRE HURTADO,0,PATRICIO LYNCH,PADRE HURTADO - PATRICIO LYNCH,0, , , , ,2,0,1,UNIDIRECCIONAL,2,ASFALTO,1,BUENO,1,SECO,1,DESPEJADO,0,1,0,0,1
-8057199.51330249,-4505770.27496489,2418,21752,1346020,-72.3790547,-37.476755,77,LOS ANGELES,1,15763,2021,1346020,REGION BIO BIO,8301,LOS ANGELES,VALLE DEL MONASTERIO,BAQUEDANO,0,"VALLE DEL MONASTERIO & BAQUEDANO, LOS ANGELES",CHILE,GEOMETRIC_CENTER,21717,2021,1346020,1,2021/04/28 00:00:00+00,1899/12/30 00:00:00+00,8,REGION BIO BIO,8301,LOS ANGELES,32,COLISION LATERAL,30,COLISION,1,URBANA,14,CRUCE CON SEÑAL PARE,1,IMPRUDENCIA DEL CONDUCTOR,27,CONDUCCION NO ATENTO CONDICIONES TRANSITO MOMENTO,0,VALLE DEL MONASTERIO,0,BAQUEDANO,BAQUEDANO - VALLE DEL MONASTERIO,0, , , , ,1,1,2,BIDIRECCIONAL,1,CONCRETO,1,BUENO,1,SECO,1,DESPEJADO,0,1,0,0,1
-8054303.70372874,-4505765.19713813,2419,21753,1325732,-72.3530412,-37.4767188,77,LOS ANGELES,1,1858,2021,1325732,REGION BIO BIO,8301,LOS ANGELES,PATRICIO LYNCH,SAN MARTIN,0,"PATRICIO LYNCH & SAN MARTIN, LOS ANGELES",CHILE,GEOMETRIC_CENTER,2550,2021,1325732,1,2021/01/13 00:00:00+00,1899/12/30 00:00:00+00,8,REGION BIO BIO,8301,LOS ANGELES,32,COLISION LATERAL,30,COLISION,1,URBANA,11,CRUCE CON SEMAFORO FUNCIONANDO,1,IMPRUDENCIA DEL CONDUCTOR,27,CONDUCCION NO ATENTO CONDICIONES TRANSITO MOMENTO,0,PATRICIO LYNCH,0,SAN MARTIN,PATRICIO LYNCH - SAN MARTIN,0, , , , ,2,0,1,UNIDIRECCIONAL,1,CONCRETO,1,BUENO,1,SECO,1,DESPEJADO,0,0,0,1,1
-8054303.70372874,-4505765.19713813,2420,21754,1359589,-72.3530412,-37.4767188,77,LOS ANGELES,1,25075,2021,1359589,REGION BIO BIO,8301,LOS ANGELES,PATRICIO LYNCH,SAN MARTIN,0,"PATRICIO LYNCH & SAN MARTIN, LOS ANGELES",CHILE,GEOMETRIC_CENTER,34645,2021,1359589,1,2021/06/28 00:00:00+00,1899/12/30 00:00:00+00,8,REGION BIO BIO,8301,LOS ANGELES,31,COLISION FRONTAL,30,COLISION,1,URBANA,11,CRUCE CON SEMAFORO FUNCIONANDO,1,IMPRUDENCIA DEL CONDUCTOR,27,CONDUCCION NO ATENTO CONDICIONES TRANSITO MOMENTO,0,PATRICIO LYNCH,0,SAN MARTIN,PATRICIO LYNCH - SAN MARTIN,0, , , , ,2,0,1,UNIDIRECCIONAL,1,CONCRETO,1,BUENO,1,SECO,1,DESPEJADO,0,0,0,4,1
-8054482.72773384,-4505757.08945298,2421,21755,1408068,-72.3546494,-37.476661,77,LOS ANGELES,1,58789,2021,1408068,REGION BIO BIO,8301,LOS ANGELES,MANUEL RODRIGUEZ,LYNCH,0,"MANUEL RODRIGUEZ & LYNCH, LOS ANGELES",CHILE,GEOMETRIC_CENTER,79897,2021,1408068,1,2021/12/28 00:00:00+00,1899/12/30 00:00:00+00,8,REGION BIO BIO,8301,LOS ANGELES,32,COLISION LATERAL,30,COLISION,1,URBANA,15,CRUCE CON SEÑAL CEDA EL PASO,10,DESOBEDIENCIA A SEÑALIZACION,64,SEÑALIZACION DESOBEDECER SEÑAL CEDA EL PASO,0,MANUEL RODRIGUEZ,0,LYNCH,LYNCH - MANUEL RODRIGUEZ,0, , , , ,1,0,1,UNIDIRECCIONAL,1,CONCRETO,1,BUENO,1,SECO,1,DESPEJADO,0,0,0,1,2
-8055190.94233426,-4505755.68673993,2422,21756,1338713,-72.3610114,-37.476651,77,LOS ANGELES,1,10902,2021,1338713,REGION BIO BIO,8301,LOS ANGELES,CAMILO HENRIQUEZ, ,424,"CAMILO HENRIQUEZ 424, LOS ANGELES",CHILE,RANGE_INTERPOLATED,15131,2021,1338713,1,2021/03/18 00:00:00+00,1899/12/30 00:00:00+00,8,REGION BIO BIO,8301,LOS ANGELES,32,COLISION LATERAL,30,COLISION,1,URBANA,1,TRAMO DE VIA RECTA,1,IMPRUDENCIA DEL CONDUCTOR,27,CONDUCCION NO ATENTO CONDICIONES TRANSITO MOMENTO,0,CAMILO HENRIQUEZ,0, ,- CAMILO HENRIQUEZ,424, , , , ,2,0,1,UNIDIRECCIONAL,1,CONCRETO,1,BUENO,1,SECO,1,DESPEJADO,0,0,0,1,1
-8057076.104515,-4505743.96006612,2423,21757,1372451,-72.3779461,-37.4765674,77,LOS ANGELES,1,33721,2021,1372451,REGION BIO BIO,8301,LOS ANGELES,BAQUEDANO,LOS LUTERANOS,0,"BAQUEDANO & LOS LUTERANOS, LOS ANGELES",CHILE,GEOMETRIC_CENTER,46506,2021,1372451,1,2021/08/17 00:00:00+00,1899/12/30 00:00:00+00,8,REGION BIO BIO,8301,LOS ANGELES,30,COLISION,30,COLISION,1,URBANA,14,CRUCE CON SEÑAL PARE,1,IMPRUDENCIA DEL CONDUCTOR,27,CONDUCCION NO ATENTO CONDICIONES TRANSITO MOMENTO,0,BAQUEDANO,0,LOS LUTERANOS,BAQUEDANO - LOS LUTERANOS,0, , , , ,1,0,1,UNIDIRECCIONAL,1,CONCRETO,1,BUENO,2,HUMEDO,2,NUBLADO,0,0,0,0,2
-8053573.64824422,-4505739.27501111,2424,21758,1351811,-72.346483,-37.476534,77,LOS ANGELES,1,19358,2021,1351811,REGION BIO BIO,8301,LOS ANGELES,GABRIELA MISTRAL, ,1625,"GABRIELA MISTRAL 1625, LOS ANGELES",CHILE,RANGE_INTERPOLATED,26636,2021,1351811,1,2021/05/22 00:00:00+00,1899/12/30 00:00:00+00,8,REGION BIO BIO,8301,LOS ANGELES,32,COLISION LATERAL,30,COLISION,1,URBANA,1,TRAMO DE VIA RECTA,1,IMPRUDENCIA DEL CONDUCTOR,28,CONDUCCION SIN MANTENER DISTANCIA RAZONABLE NI PRUDENTE,0,GABRIELA MISTRAL,0, ,- GABRIELA MISTRAL,1625, , , , ,2,0,1,UNIDIRECCIONAL,1,CONCRETO,1,BUENO,1,SECO,2,NUBLADO,0,0,0,1,1
-8053573.64824422,-4505739.27501111,2425,21759,1382355,-72.346483,-37.476534,77,LOS ANGELES,1,41023,2021,1382355,REGION BIO BIO,8301,LOS ANGELES,GABRIELA MISTRAL, ,1625,"GABRIELA MISTRAL 1625, LOS ANGELES",CHILE,RANGE_INTERPOLATED,56287,2021,1382355,1,2021/09/27 00:00:00+00,1899/12/30 00:00:00+00,8,REGION BIO BIO,8301,LOS ANGELES,31,COLISION FRONTAL,30,COLISION,1,URBANA,1,TRAMO DE VIA RECTA,1,IMPRUDENCIA DEL CONDUCTOR,27,CONDUCCION NO ATENTO CONDICIONES TRANSITO MOMENTO,0,GABRIELA MISTRAL,0, ,- GABRIELA MISTRAL,1625, , , , ,2,0,1,UNIDIRECCIONAL,1,CONCRETO,2,REGULAR,1,SECO,1,DESPEJADO,0,1,0,0,1