X,Y,FID,FID_1,LABELID,POINT_X,POINT_Y,FID_2,COMUNAREAL,VAL_COM,OBJECTID,A_O,IDACCIDENT,REGION,COD_COMUN,COMUNA,CALLE_UNO,CALLE_DOS,NUMERO,DIR_GEOCOD,PAIS,TIPO,OBJECTID_1,Año,Idaccide_1,Claseaccid,Fecha,Hora,Cód_Regi,Región,Cód_Comun,Comuna_1,Cód_Tipo_,Tipo_Accid,Cód_Tipo1,Tipo__CONA,Cód_Zona,Zona,Cód_Ubica,Ubicación,Cód_Causa,Causa__CON,Cód_Cau_1,Causa,Cód_Calle,Calle_Un_1,Cód_Cal_1,Calle_Do_1,Intersecci,Número,Ruta,Cód_Ruta,Ubicaci_1,Km_Vía_Fe,Pistas_de_,Pistas_de1,Cód_Calza,Calzada,Cód__Tipo,Tipo_Calza,Cód_Estad,Estado_Cal,Cód_Condi,Condición,Cód_Est_1,Estado_Atm,Fallecidos,Graves,Menos_Grav,Leves,Ilesos
-8054837.53634684,-4505738.12478834,2426,21760,1385364,-72.3578367,-37.4765258,77,LOS ANGELES,1,42846,2021,1385364,REGION BIO BIO,8301,LOS ANGELES,PATRICIO LYNCH,BLANCO ENCALADA,0,"PATRICIO LYNCH & BLANCO ENCALADA, LOS ANGELES",CHILE,GEOMETRIC_CENTER,58657,2021,1385364,1,2021/10/06 00:00:00+00,1899/12/30 00:00:00+00,8,REGION BIO BIO,8301,LOS ANGELES,32,COLISION LATERAL,30,COLISION,1,URBANA,15,CRUCE CON SEÑAL CEDA EL PASO,1,IMPRUDENCIA DEL CONDUCTOR,27,CONDUCCION NO ATENTO CONDICIONES TRANSITO MOMENTO,0,PATRICIO LYNCH,0,BLANCO ENCALADA,BLANCO ENCALADA - PATRICIO LYNCH,0, , , , ,2,0,1,UNIDIRECCIONAL,1,CONCRETO,1,BUENO,1,SECO,1,DESPEJADO,0,0,0,1,1
-8055023.76272299,-4505724.6728022,2427,21761,1328664,-72.3595096,-37.4764299,77,LOS ANGELES,1,3775,2021,1328664,REGION BIO BIO,8301,LOS ANGELES,JOSE MIGUEL INFANTE,PATRICIO LYNCH,0,"JOSE MIGUEL INFANTE & PATRICIO LYNCH, LOS ANGELES",CHILE,GEOMETRIC_CENTER,5218,2021,1328664,1,2021/01/27 00:00:00+00,1899/12/30 00:00:00+00,8,REGION BIO BIO,8301,LOS ANGELES,32,COLISION LATERAL,30,COLISION,1,URBANA,14,CRUCE CON SEÑAL PARE,10,DESOBEDIENCIA A SEÑALIZACION,65,SEÑALIZACION DESOBEDECER SEÑAL PARE,0,JOSE MIGUEL INFANTE,0,PATRICIO LYNCH,JOSE MIGUEL INFANTE - PATRICIO LYNCH,0, , , , ,2,0,1,UNIDIRECCIONAL,1,CONCRETO,1,BUENO,1,SECO,1,DESPEJADO,0,0,0,0,3
-8055023.76272299,-4505724.6728022,2428,21762,1409637,-72.3595096,-37.4764299,77,LOS ANGELES,1,59402,2021,1409637,REGION BIO BIO,8301,LOS ANGELES,JOSE MIGUEL INFANTE,PATRICIO LYNCH,0,"JOSE MIGUEL INFANTE & PATRICIO LYNCH, LOS ANGELES",CHILE,GEOMETRIC_CENTER,80713,2021,1409637,1,2021/12/31 00:00:00+00,1899/12/30 00:00:00+00,8,REGION BIO BIO,8301,LOS ANGELES,32,COLISION LATERAL,30,COLISION,1,URBANA,1,TRAMO DE VIA RECTA,1,IMPRUDENCIA DEL CONDUCTOR,27,CONDUCCION NO ATENTO CONDICIONES TRANSITO MOMENTO,0,JOSE MIGUEL INFANTE,0,PATRICIO LYNCH,JOSE MIGUEL INFANTE - PATRICIO LYNCH,0, , , , ,1,0,1,UNIDIRECCIONAL,1,CONCRETO,1,BUENO,1,SECO,1,DESPEJADO,0,1,0,0,1
-8056354.3312006,-4505714.37692457,2429,21763,1322746,-72.3714623,-37.4763565,77,LOS ANGELES,1,184,2021,1322746,REGION BIO BIO,8301,LOS ANGELES,SAN CRISTIAN, ,348,"SAN CRISTIAN 348, LOS ANGELES",CHILE,RANGE_INTERPOLATED,287,2021,1322746,1,2021/01/02 00:00:00+00,1899/12/30 00:00:00+00,8,REGION BIO BIO,8301,LOS ANGELES,53,CHOQUE POSTERIOR,40,CHOQUE,1,URBANA,26,OTROS NO CONSIDERADOS,1,IMPRUDENCIA DEL CONDUCTOR,27,CONDUCCION NO ATENTO CONDICIONES TRANSITO MOMENTO,0,SAN CRISTIAN,0, ,- SAN CRISTIAN,348, , , , ,1,1,2,BIDIRECCIONAL,1,CONCRETO,1,BUENO,1,SECO,1,DESPEJADO,0,0,0,0,1
-8055378.19284973,-4505701.55618645,2430,21764,1375615,-72.3626935,-37.4762651,77,LOS ANGELES,1,36105,2021,1375615,REGION BIO BIO,8301,LOS ANGELES,PATRICIO LYNCH,ALCAZAR,0,"PATRICIO LYNCH & ALCAZAR, LOS ANGELES",CHILE,GEOMETRIC_CENTER,49711,2021,1375615,1,2021/08/30 00:00:00+00,1899/12/30 00:00:00+00,8,REGION BIO BIO,8301,LOS ANGELES,67,CHOQUE POSTERIOR/FRENTE,40,CHOQUE,1,URBANA,14,CRUCE CON SEÑAL PARE,1,IMPRUDENCIA DEL CONDUCTOR,27,CONDUCCION NO ATENTO CONDICIONES TRANSITO MOMENTO,0,PATRICIO LYNCH,0,ALCAZAR,ALCAZAR - PATRICIO LYNCH,0, , , , ,1,0,1,UNIDIRECCIONAL,1,CONCRETO,1,BUENO,1,SECO,2,NUBLADO,0,0,0,0,2
-8053197.55534458,-4505670.28992259,2431,21765,1367064,-72.3431045,-37.4760422,77,LOS ANGELES,1,29517,2021,1367064,REGION BIO BIO,8301,LOS ANGELES,GABRIELA MISTRAL, ,551,"GABRIELA MISTRAL 551, LOS ANGELES",CHILE,RANGE_INTERPOLATED,40818,2021,1367064,1,2021/07/24 00:00:00+00,1899/12/30 00:00:00+00,8,REGION BIO BIO,8301,LOS ANGELES,30,COLISION,30,COLISION,1,URBANA,1,TRAMO DE VIA RECTA,1,IMPRUDENCIA DEL CONDUCTOR,27,CONDUCCION NO ATENTO CONDICIONES TRANSITO MOMENTO,0,GABRIELA MISTRAL,0, ,- GABRIELA MISTRAL,551, , , , ,1,1,2,BIDIRECCIONAL,1,CONCRETO,1,BUENO,1,SECO,3,LLUVIA,0,1,0,1,1
-8053188.7833687,-4505667.94741129,2432,21766,1398182,-72.3430257,-37.4760255,77,LOS ANGELES,1,51649,2021,1398182,REGION BIO BIO,8301,LOS ANGELES,GABRIELA MISTRAL,ANTONIO VARAS,0,"GABRIELA MISTRAL & ANTONIO VARAS, LOS ANGELES",CHILE,GEOMETRIC_CENTER,70255,2021,1398182,1,2021/11/21 00:00:00+00,1899/12/30 00:00:00+00,8,REGION BIO BIO,8301,LOS ANGELES,31,COLISION FRONTAL,30,COLISION,1,URBANA,14,CRUCE CON SEÑAL PARE,4,ALCOHOL EN CONDUCTOR,24,CONDUCCION EN ESTADO DE EBRIEDAD,0,GABRIELA MISTRAL,0,ANTONIO VARAS,ANTONIO VARAS - GABRIELA MISTRAL,0, , , , ,2,0,1,UNIDIRECCIONAL,2,ASFALTO,1,BUENO,1,SECO,1,DESPEJADO,0,0,0,1,1
-8052983.55475548,-4505648.56209831,2433,21767,1334769,-72.3411821,-37.4758873,77,LOS ANGELES,1,7722,2021,1334769,REGION BIO BIO,8301,LOS ANGELES,LOS CARRERA,LAS CUMBRES,0,"LOS CARRERA & LAS CUMBRES, LOS ANGELES",CHILE,GEOMETRIC_CENTER,10840,2021,1334769,1,2021/02/26 00:00:00+00,1899/12/30 00:00:00+00,8,REGION BIO BIO,8301,LOS ANGELES,32,COLISION LATERAL,30,COLISION,1,URBANA,1,TRAMO DE VIA RECTA,4,ALCOHOL EN CONDUCTOR,24,CONDUCCION EN ESTADO DE EBRIEDAD,0,LOS CARRERA,0,LAS CUMBRES,LAS CUMBRES - LOS CARRERA,0, , , , ,1,1,2,BIDIRECCIONAL,1,CONCRETO,1,BUENO,1,SECO,1,DESPEJADO,0,0,0,2,0
-8054440.17029251,-4505636.62513978,2434,21768,1359215,-72.3542671,-37.4758022,77,LOS ANGELES,1,24585,2021,1359215,REGION BIO BIO,8301,LOS ANGELES,MANUEL RODRIGUEZ, ,330,"MANUEL RODRIGUEZ 330, LOS ANGELES",CHILE,RANGE_INTERPOLATED,33887,2021,1359215,1,2021/06/24 00:00:00+00,1899/12/30 00:00:00+00,8,REGION BIO BIO,8301,LOS ANGELES,63,CHOQUE FRENTE/POSTERIOR,40,CHOQUE,1,URBANA,1,TRAMO DE VIA RECTA,4,ALCOHOL EN CONDUCTOR,24,CONDUCCION EN ESTADO DE EBRIEDAD,0,MANUEL RODRIGUEZ,0, ,- MANUEL RODRIGUEZ,330, , , , ,2,0,1,UNIDIRECCIONAL,2,ASFALTO,1,BUENO,2,HUMEDO,3,LLUVIA,0,0,0,0,2
-8055634.95125524,-4505623.9728202,2435,21769,1366650,-72.365,-37.475712,77,LOS ANGELES,1,28656,2021,1366650,REGION BIO BIO,8301,LOS ANGELES,FRANCISCO ENCINA, ,1115,"FRANCISCO ENCINA 1115, LOS ANGELES",CHILE,RANGE_INTERPOLATED,39595,2021,1366650,1,2021/07/19 00:00:00+00,1899/12/30 00:00:00+00,8,REGION BIO BIO,8301,LOS ANGELES,32,COLISION LATERAL,30,COLISION,1,URBANA,1,TRAMO DE VIA RECTA,1,IMPRUDENCIA DEL CONDUCTOR,27,CONDUCCION NO ATENTO CONDICIONES TRANSITO MOMENTO,0,FRANCISCO ENCINA,0, ,- FRANCISCO ENCINA,1115, , , , ,2,0,1,UNIDIRECCIONAL,1,CONCRETO,2,REGULAR,1,SECO,1,DESPEJADO,0,0,0,0,2
-8054112.04496145,-4505611.18024652,2436,21770,1324208,-72.3513195,-37.4756208,77,LOS ANGELES,1,905,2021,1324208,REGION BIO BIO,8301,LOS ANGELES,BERNARDO O'HIGGINS,BAQUEDANO,0,"BERNARDO O'HIGGINS & BAQUEDANO, LOS ANGELES",CHILE,GEOMETRIC_CENTER,1237,2021,1324208,1,2021/01/07 00:00:00+00,1899/12/30 00:00:00+00,8,REGION BIO BIO,8301,LOS ANGELES,32,COLISION LATERAL,30,COLISION,1,URBANA,1,TRAMO DE VIA RECTA,1,IMPRUDENCIA DEL CONDUCTOR,27,CONDUCCION NO ATENTO CONDICIONES TRANSITO MOMENTO,0,BERNARDO O'HIGGINS,0,BAQUEDANO,BAQUEDANO - BERNARDO O'HIGGINS,0, , , , ,2,0,1,UNIDIRECCIONAL,1,CONCRETO,1,BUENO,1,SECO,1,DESPEJADO,0,0,0,0,2
-8054112.04496145,-4505611.18024652,2437,21771,1356170,-72.3513195,-37.4756208,77,LOS ANGELES,1,22929,2021,1356170,REGION BIO BIO,8301,LOS ANGELES,BERNARDO O'HIGGINS,BAQUEDANO,0,"BERNARDO O'HIGGINS & BAQUEDANO, LOS ANGELES",CHILE,GEOMETRIC_CENTER,31596,2021,1356170,1,2021/06/14 00:00:00+00,1899/12/30 00:00:00+00,8,REGION BIO BIO,8301,LOS ANGELES,32,COLISION LATERAL,30,COLISION,1,URBANA,15,CRUCE CON SEÑAL CEDA EL PASO,1,IMPRUDENCIA DEL CONDUCTOR,27,CONDUCCION NO ATENTO CONDICIONES TRANSITO MOMENTO,0,BERNARDO O'HIGGINS,0,BAQUEDANO,BAQUEDANO - BERNARDO O'HIGGINS,0, , , , ,2,0,1,UNIDIRECCIONAL,1,CONCRETO,1,BUENO,1,SECO,1,DESPEJADO,0,1,0,2,1
-8054112.04496145,-4505611.18024652,2438,21772,1360246,-72.3513195,-37.4756208,77,LOS ANGELES,1,25466,2021,1360246,REGION BIO BIO,8301,LOS ANGELES,BERNARDO O'HIGGINS,BAQUEDANO,0,"BERNARDO O'HIGGINS & BAQUEDANO, LOS ANGELES",CHILE,GEOMETRIC_CENTER,35186,2021,1360246,1,2021/07/01 00:00:00+00,1899/12/30 00:00:00+00,8,REGION BIO BIO,8301,LOS ANGELES,30,COLISION,30,COLISION,1,URBANA,1,TRAMO DE VIA RECTA,1,IMPRUDENCIA DEL CONDUCTOR,27,CONDUCCION NO ATENTO CONDICIONES TRANSITO MOMENTO,0,BERNARDO O'HIGGINS,0,BAQUEDANO,BAQUEDANO - BERNARDO O'HIGGINS,0, , , , ,2,0,1,UNIDIRECCIONAL,1,CONCRETO,1,BUENO,2,HUMEDO,2,NUBLADO,0,0,0,0,2
-8057307.60452806,-4505611.02595022,2439,21773,1346456,-72.3800257,-37.4756197,77,LOS ANGELES,1,16010,2021,1346456,REGION BIO BIO,8301,LOS ANGELES,TEATINOS, ,128,"TEATINOS 128, LOS ANGELES",CHILE,RANGE_INTERPOLATED,22032,2021,1346456,1,2021/04/30 00:00:00+00,1899/12/30 00:00:00+00,8,REGION BIO BIO,8301,LOS ANGELES,10,ATROPELLO,10,ATROPELLO,1,URBANA,1,TRAMO DE VIA RECTA,1,IMPRUDENCIA DEL CONDUCTOR,27,CONDUCCION NO ATENTO CONDICIONES TRANSITO MOMENTO,0,TEATINOS,0, ,- TEATINOS,128, , , , ,1,0,1,UNIDIRECCIONAL,1,CONCRETO,1,BUENO,1,SECO,1,DESPEJADO,0,1,0,0,1
-8054290.93538315,-4505597.18137347,2440,21774,1330458,-72.3529265,-37.475521,77,LOS ANGELES,1,4688,2021,1330458,REGION BIO BIO,8301,LOS ANGELES,SAN MARTIN,BAQUEDANO,0,"SAN MARTIN & BAQUEDANO, LOS ANGELES",CHILE,GEOMETRIC_CENTER,6564,2021,1330458,1,2021/02/03 00:00:00+00,1899/12/30 00:00:00+00,8,REGION BIO BIO,8301,LOS ANGELES,33,COLISION POR ALCANCE,30,COLISION,1,URBANA,1,TRAMO DE VIA RECTA,1,IMPRUDENCIA DEL CONDUCTOR,27,CONDUCCION NO ATENTO CONDICIONES TRANSITO MOMENTO,0,SAN MARTIN,0,BAQUEDANO,BAQUEDANO - SAN MARTIN,0, , , , ,2,0,1,UNIDIRECCIONAL,1,CONCRETO,1,BUENO,1,SECO,1,DESPEJADO,0,0,0,0,3
-8054392.33630731,-4505582.28479763,2441,21775,1347556,-72.3538374,-37.4754148,77,LOS ANGELES,1,16869,2021,1347556,REGION BIO BIO,8301,LOS ANGELES,BAQUEDANO, ,453,"BAQUEDANO 453, LOS ANGELES",CHILE,RANGE_INTERPOLATED,23262,2021,1347556,1,2021/05/06 00:00:00+00,1899/12/30 00:00:00+00,8,REGION BIO BIO,8301,LOS ANGELES,51,CHOQUE FRONTAL,40,CHOQUE,1,URBANA,1,TRAMO DE VIA RECTA,9,PERDIDA CONTROL VEHICULO,95,PERDIDA CONTROL VEHICULO,0,BAQUEDANO,0, ,- BAQUEDANO,453, , , , ,2,0,1,UNIDIRECCIONAL,1,CONCRETO,1,BUENO,1,SECO,1,DESPEJADO,0,0,0,0,1
-8056878.66826613,-4505571.45603828,2442,21776,1404092,-72.3761725,-37.4753376,77,LOS ANGELES,1,55884,2021,1404092,REGION BIO BIO,8301,LOS ANGELES,TOMAS DE AQUINO,SEMINARIO,0,"TOMAS DE AQUINO & SEMINARIO, LOS ANGELES",CHILE,GEOMETRIC_CENTER,75977,2021,1404092,1,2021/12/13 00:00:00+00,1899/12/30 00:00:00+00,8,REGION BIO BIO,8301,LOS ANGELES,32,COLISION LATERAL,30,COLISION,1,URBANA,14,CRUCE CON SEÑAL PARE,10,DESOBEDIENCIA A SEÑALIZACION,65,SEÑALIZACION DESOBEDECER SEÑAL PARE,0,TOMAS DE AQUINO,0,SEMINARIO,SEMINARIO - TOMAS DE AQUINO,0, , , , ,2,0,1,UNIDIRECCIONAL,1,CONCRETO,1,BUENO,1,SECO,1,DESPEJADO,0,0,0,1,1
-8056188.60987465,-4505567.24797419,2443,21777,1343350,-72.3699736,-37.4753076,77,LOS ANGELES,1,13818,2021,1343350,REGION BIO BIO,8301,LOS ANGELES,BAQUEDANO,PADRE HURTADO,0,"BAQUEDANO & PADRE HURTADO, LOS ANGELES",CHILE,GEOMETRIC_CENTER,19105,2021,1343350,1,2021/04/13 00:00:00+00,1899/12/30 00:00:00+00,8,REGION BIO BIO,8301,LOS ANGELES,31,COLISION FRONTAL,30,COLISION,1,URBANA,15,CRUCE CON SEÑAL CEDA EL PASO,1,IMPRUDENCIA DEL CONDUCTOR,27,CONDUCCION NO ATENTO CONDICIONES TRANSITO MOMENTO,0,BAQUEDANO,0,PADRE HURTADO,BAQUEDANO - PADRE HURTADO,0, , , , ,1,1,2,BIDIRECCIONAL,1,CONCRETO,1,BUENO,1,SECO,1,DESPEJADO,0,0,0,2,2
-8056188.60987465,-4505567.24797419,2444,21778,1363886,-72.3699736,-37.4753076,77,LOS ANGELES,1,27583,2021,1363886,REGION BIO BIO,8301,LOS ANGELES,PADRE HURTADO,BAQUEDANO,0,"PADRE HURTADO & BAQUEDANO, LOS ANGELES",CHILE,GEOMETRIC_CENTER,38065,2021,1363886,1,2021/07/13 00:00:00+00,1899/12/30 00:00:00+00,8,REGION BIO BIO,8301,LOS ANGELES,30,COLISION,30,COLISION,1,URBANA,1,TRAMO DE VIA RECTA,1,IMPRUDENCIA DEL CONDUCTOR,27,CONDUCCION NO ATENTO CONDICIONES TRANSITO MOMENTO,0,PADRE HURTADO,0,BAQUEDANO,BAQUEDANO - PADRE HURTADO,0, , , , ,2,0,1,UNIDIRECCIONAL,1,CONCRETO,1,BUENO,1,SECO,1,DESPEJADO,0,1,0,0,1
-8056188.60987465,-4505567.24797419,2445,21779,1370431,-72.3699736,-37.4753076,77,LOS ANGELES,1,32447,2021,1370431,REGION BIO BIO,8301,LOS ANGELES,PADRE HURTADO,BAQUEDANO,0,"PADRE HURTADO & BAQUEDANO, LOS ANGELES",CHILE,GEOMETRIC_CENTER,44775,2021,1370431,1,2021/08/10 00:00:00+00,1899/12/30 00:00:00+00,8,REGION BIO BIO,8301,LOS ANGELES,67,CHOQUE POSTERIOR/FRENTE,40,CHOQUE,1,URBANA,15,CRUCE CON SEÑAL CEDA EL PASO,1,IMPRUDENCIA DEL CONDUCTOR,27,CONDUCCION NO ATENTO CONDICIONES TRANSITO MOMENTO,0,PADRE HURTADO,0,BAQUEDANO,BAQUEDANO - PADRE HURTADO,0, , , , ,2,0,1,UNIDIRECCIONAL,1,CONCRETO,1,BUENO,1,SECO,1,DESPEJADO,0,0,0,0,2
-8055196.28566982,-4505536.89385526,2446,21780,1370269,-72.3610594,-37.4750912,77,LOS ANGELES,1,32268,2021,1370269,REGION BIO BIO,8301,LOS ANGELES,CAMILO HENRIQUEZ,BAQUEDANO,0,"CAMILO HENRIQUEZ & BAQUEDANO, LOS ANGELES",CHILE,GEOMETRIC_CENTER,44525,2021,1370269,1,2021/08/09 00:00:00+00,1899/12/30 00:00:00+00,8,REGION BIO BIO,8301,LOS ANGELES,32,COLISION LATERAL,30,COLISION,1,URBANA,14,CRUCE CON SEÑAL PARE,10,DESOBEDIENCIA A SEÑALIZACION,65,SEÑALIZACION DESOBEDECER SEÑAL PARE,0,CAMILO HENRIQUEZ,0,BAQUEDANO,BAQUEDANO - CAMILO HENRIQUEZ,0, , , , ,2,0,1,UNIDIRECCIONAL,2,ASFALTO,1,BUENO,1,SECO,1,DESPEJADO,0,0,0,0,2
-8055369.82162402,-4505523.16159096,2447,21781,1328161,-72.3626183,-37.4749933,77,LOS ANGELES,1,3289,2021,1328161,REGION BIO BIO,8301,LOS ANGELES,ALCAZAR,BAQUEDANO,0,"ALCAZAR & BAQUEDANO, LOS ANGELES",CHILE,GEOMETRIC_CENTER,4522,2021,1328161,1,2021/01/23 00:00:00+00,1899/12/30 00:00:00+00,8,REGION BIO BIO,8301,LOS ANGELES,32,COLISION LATERAL,30,COLISION,1,URBANA,1,TRAMO DE VIA RECTA,1,IMPRUDENCIA DEL CONDUCTOR,27,CONDUCCION NO ATENTO CONDICIONES TRANSITO MOMENTO,0,ALCAZAR,0,BAQUEDANO,ALCAZAR - BAQUEDANO,0, , , , ,1,1,2,BIDIRECCIONAL,1,CONCRETO,1,BUENO,1,SECO,1,DESPEJADO,0,0,0,1,1
-8055369.82162402,-4505523.16159096,2448,21782,1405683,-72.3626183,-37.4749933,77,LOS ANGELES,1,57351,2021,1405683,REGION BIO BIO,8301,LOS ANGELES,BAQUEDANO,ALCAZAR,0,"BAQUEDANO & ALCAZAR, LOS ANGELES",CHILE,GEOMETRIC_CENTER,77887,2021,1405683,1,2021/12/20 00:00:00+00,1899/12/30 00:00:00+00,8,REGION BIO BIO,8301,LOS ANGELES,30,COLISION,30,COLISION,1,URBANA,11,CRUCE CON SEMAFORO FUNCIONANDO,1,IMPRUDENCIA DEL CONDUCTOR,27,CONDUCCION NO ATENTO CONDICIONES TRANSITO MOMENTO,0,BAQUEDANO,0,ALCAZAR,ALCAZAR - BAQUEDANO,0, , , , ,2,0,1,UNIDIRECCIONAL,1,CONCRETO,1,BUENO,1,SECO,1,DESPEJADO,0,0,0,3,0
-8055588.78706241,-4505511.30893604,2449,21783,1326254,-72.3645853,-37.4749088,77,LOS ANGELES,1,2282,2021,1326254,REGION BIO BIO,8301,LOS ANGELES,BAQUEDANO,DANIEL DE LA VEGA,0,"BAQUEDANO & DANIEL DE LA VEGA, LOS ANGELES",CHILE,GEOMETRIC_CENTER,3132,2021,1326254,1,2021/01/16 00:00:00+00,1899/12/30 00:00:00+00,8,REGION BIO BIO,8301,LOS ANGELES,32,COLISION LATERAL,30,COLISION,1,URBANA,14,CRUCE CON SEÑAL PARE,1,IMPRUDENCIA DEL CONDUCTOR,27,CONDUCCION NO ATENTO CONDICIONES TRANSITO MOMENTO,0,BAQUEDANO,0,DANIEL DE LA VEGA,BAQUEDANO - DANIEL DE LA VEGA,0, , , , ,1,1,2,BIDIRECCIONAL,1,CONCRETO,1,BUENO,1,SECO,1,DESPEJADO,0,0,0,0,2
-8055401.16919263,-4505509.23296945,2450,21784,1331976,-72.3628999,-37.474894,77,LOS ANGELES,1,5890,2021,1331976,REGION BIO BIO,8301,LOS ANGELES,ALCAZAR, ,299,"ALCAZAR 299, LOS ANGELES",CHILE,RANGE_INTERPOLATED,8213,2021,1331976,1,2021/02/12 00:00:00+00,1899/12/30 00:00:00+00,8,REGION BIO BIO,8301,LOS ANGELES,68,CHOQUE POSTERIOR/LADO,40,CHOQUE,1,URBANA,1,TRAMO DE VIA RECTA,1,IMPRUDENCIA DEL CONDUCTOR,27,CONDUCCION NO ATENTO CONDICIONES TRANSITO MOMENTO,0,ALCAZAR,0, ,- ALCAZAR,299, , , , ,2,0,1,UNIDIRECCIONAL,1,CONCRETO,1,BUENO,1,SECO,1,DESPEJADO,0,0,0,0,2
-8052442.90938454,-4505479.00525934,2451,21785,1331334,-72.3363254,-37.4746785,77,LOS ANGELES,1,5635,2021,1331334,REGION BIO BIO,8301,LOS ANGELES,MARCONI,GABRIELA MISTRAL,0,"MARCONI & GABRIELA MISTRAL, LOS ANGELES",CHILE,GEOMETRIC_CENTER,7859,2021,1331334,1,2021/02/10 00:00:00+00,1899/12/30 00:00:00+00,8,REGION BIO BIO,8301,LOS ANGELES,53,CHOQUE POSTERIOR,40,CHOQUE,1,URBANA,11,CRUCE CON SEMAFORO FUNCIONANDO,1,IMPRUDENCIA DEL CONDUCTOR,27,CONDUCCION NO ATENTO CONDICIONES TRANSITO MOMENTO,0,MARCONI,0,GABRIELA MISTRAL,GABRIELA MISTRAL - MARCONI,0, , , , ,1,1,2,BIDIRECCIONAL,2,ASFALTO,1,BUENO,1,SECO,1,DESPEJADO,0,0,0,0,2
-8055340.22177142,-4505472.93167427,2452,21786,1386035,-72.3623524,-37.4746352,77,LOS ANGELES,1,43447,2021,1386035,REGION BIO BIO,8301,LOS ANGELES,ALCAZAR, ,274,"ALCAZAR 274, LOS ANGELES",CHILE,RANGE_INTERPOLATED,59422,2021,1386035,1,2021/10/09 00:00:00+00,1899/12/30 00:00:00+00,8,REGION BIO BIO,8301,LOS ANGELES,53,CHOQUE POSTERIOR,40,CHOQUE,1,URBANA,11,CRUCE CON SEMAFORO FUNCIONANDO,4,ALCOHOL EN CONDUCTOR,24,CONDUCCION EN ESTADO DE EBRIEDAD,0,ALCAZAR,0, ,- ALCAZAR,274, , , , ,2,0,1,UNIDIRECCIONAL,1,CONCRETO,1,BUENO,1,SECO,1,DESPEJADO,0,0,0,0,2
-8054121.68522935,-4505463.05684602,2453,21787,1386085,-72.3514061,-37.4745648,77,LOS ANGELES,1,43742,2021,1386085,REGION BIO BIO,8301,LOS ANGELES,BERNARDO O'HIGGINS, ,215,"BERNARDO O'HIGGINS 215, LOS ANGELES",CHILE,RANGE_INTERPOLATED,59838,2021,1386085,1,2021/10/10 00:00:00+00,1899/12/30 00:00:00+00,8,REGION BIO BIO,8301,LOS ANGELES,34,COLISION PERPENDICULAR,30,COLISION,1,URBANA,1,TRAMO DE VIA RECTA,1,IMPRUDENCIA DEL CONDUCTOR,11,ADELANTAMIENTO SIN EL ESPACIO O TIEMPO SUFICIENTE,0,BERNARDO O'HIGGINS,0, ,- BERNARDO O'HIGGINS,215, , , , ,2,0,1,UNIDIRECCIONAL,2,ASFALTO,1,BUENO,1,SECO,1,DESPEJADO,0,0,0,0,2
-8054166.50245634,-4505449.7875602,2454,21788,1343334,-72.3518087,-37.4744702,77,LOS ANGELES,1,13856,2021,1343334,REGION BIO BIO,8301,LOS ANGELES,ANIBAL PINTO, ,220,"ANIBAL PINTO 220, LOS ANGELES",CHILE,RANGE_INTERPOLATED,19154,2021,1343334,1,2021/04/13 00:00:00+00,1899/12/30 00:00:00+00,8,REGION BIO BIO,8301,LOS ANGELES,51,CHOQUE FRONTAL,40,CHOQUE,1,URBANA,1,TRAMO DE VIA RECTA,1,IMPRUDENCIA DEL CONDUCTOR,27,CONDUCCION NO ATENTO CONDICIONES TRANSITO MOMENTO,0,ANIBAL PINTO,0, ,- ANIBAL PINTO,220, , , , ,2,0,1,UNIDIRECCIONAL,1,CONCRETO,1,BUENO,1,SECO,1,DESPEJADO,0,0,0,0,1
-8053922.61258396,-4505440.3896618,2455,21789,1349250,-72.3496178,-37.4744032,77,LOS ANGELES,1,18073,2021,1349250,REGION BIO BIO,8301,LOS ANGELES,BULNES,FREIRE,0,"BULNES & FREIRE, LOS ANGELES",CHILE,GEOMETRIC_CENTER,24857,2021,1349250,1,2021/05/14 00:00:00+00,1899/12/30 00:00:00+00,8,REGION BIO BIO,8301,LOS ANGELES,10,ATROPELLO,10,ATROPELLO,1,URBANA,1,TRAMO DE VIA RECTA,1,IMPRUDENCIA DEL CONDUCTOR,27,CONDUCCION NO ATENTO CONDICIONES TRANSITO MOMENTO,0,BULNES,0,FREIRE,BULNES - FREIRE,0, , , , ,2,0,1,UNIDIRECCIONAL,1,CONCRETO,1,BUENO,1,SECO,1,DESPEJADO,0,1,0,0,1
-8053922.61258396,-4505440.3896618,2456,21790,1394299,-72.3496178,-37.4744032,77,LOS ANGELES,1,49034,2021,1394299,REGION BIO BIO,8301,LOS ANGELES,BULNES,FREIRE,0,"BULNES & FREIRE, LOS ANGELES",CHILE,GEOMETRIC_CENTER,66837,2021,1394299,1,2021/11/08 00:00:00+00,1899/12/30 00:00:00+00,8,REGION BIO BIO,8301,LOS ANGELES,32,COLISION LATERAL,30,COLISION,1,URBANA,14,CRUCE CON SEÑAL PARE,10,DESOBEDIENCIA A SEÑALIZACION,65,SEÑALIZACION DESOBEDECER SEÑAL PARE,0,BULNES,0,FREIRE,BULNES - FREIRE,0, , , , ,2,0,1,UNIDIRECCIONAL,1,CONCRETO,1,BUENO,1,SECO,1,DESPEJADO,0,0,1,0,1