X,Y,FID,FID_1,LABELID,POINT_X,POINT_Y,FID_2,COMUNAREAL,VAL_COM,OBJECTID,A_O,IDACCIDENT,REGION,COD_COMUN,COMUNA,CALLE_UNO,CALLE_DOS,NUMERO,DIR_GEOCOD,PAIS,TIPO,OBJECTID_1,Año,Idaccide_1,Claseaccid,Fecha,Hora,Cód_Regi,Región,Cód_Comun,Comuna_1,Cód_Tipo_,Tipo_Accid,Cód_Tipo1,Tipo__CONA,Cód_Zona,Zona,Cód_Ubica,Ubicación,Cód_Causa,Causa__CON,Cód_Cau_1,Causa,Cód_Calle,Calle_Un_1,Cód_Cal_1,Calle_Do_1,Intersecci,Número,Ruta,Cód_Ruta,Ubicaci_1,Km_Vía_Fe,Pistas_de_,Pistas_de1,Cód_Calza,Calzada,Cód__Tipo,Tipo_Calza,Cód_Estad,Estado_Cal,Cód_Condi,Condición,Cód_Est_1,Estado_Atm,Fallecidos,Graves,Menos_Grav,Leves,Ilesos
-8053729.98533709,-4505438.08928199,2457,21791,1349207,-72.3478874,-37.4743868,77,LOS ANGELES,1,18017,2021,1349207,REGION BIO BIO,8301,LOS ANGELES,LOS CARRERA,LAS CAMELIAS ALTAS,0,"LOS CARRERA & LAS CAMELIAS ALTAS, LOS ANGELES",CHILE,GEOMETRIC_CENTER,24792,2021,1349207,1,2021/05/14 00:00:00+00,1899/12/30 00:00:00+00,8,REGION BIO BIO,8301,LOS ANGELES,30,COLISION,30,COLISION,1,URBANA,1,TRAMO DE VIA RECTA,1,IMPRUDENCIA DEL CONDUCTOR,27,CONDUCCION NO ATENTO CONDICIONES TRANSITO MOMENTO,0,LOS CARRERA,0,LAS CAMELIAS ALTAS,LAS CAMELIAS ALTAS - LOS CARRERA,0, , , , ,1,1,2,BIDIRECCIONAL,2,ASFALTO,1,BUENO,1,SECO,1,DESPEJADO,0,0,0,0,2
-8053729.98533709,-4505438.08928199,2458,21792,1349657,-72.3478874,-37.4743868,77,LOS ANGELES,1,18532,2021,1349657,REGION BIO BIO,8301,LOS ANGELES,LOS CARRERA,LAS CAMELIAS ALTAS,0,"LOS CARRERA & LAS CAMELIAS ALTAS, LOS ANGELES",CHILE,GEOMETRIC_CENTER,25483,2021,1349657,1,2021/05/17 00:00:00+00,1899/12/30 00:00:00+00,8,REGION BIO BIO,8301,LOS ANGELES,40,IMPACTO CON ANIMAL,99,OTRO TIPO,1,URBANA,1,TRAMO DE VIA RECTA,11,DEFICIENCIAS VIALES,92,ANIMALES SUELTOS VIA PUBLICA,0,LOS CARRERA,0,LAS CAMELIAS ALTAS,LAS CAMELIAS ALTAS - LOS CARRERA,0, , , , ,2,0,1,UNIDIRECCIONAL,2,ASFALTO,2,REGULAR,1,SECO,2,NUBLADO,0,0,0,1,0
-8054101.1245194,-4505428.07421964,2459,21793,1326267,-72.3512214,-37.4743154,77,LOS ANGELES,1,2476,2021,1326267,REGION BIO BIO,8301,LOS ANGELES,BERNARDO O'HIGGINS,BULNES,0,"BERNARDO O'HIGGINS & BULNES, LOS ANGELES",CHILE,GEOMETRIC_CENTER,3408,2021,1326267,1,2021/01/18 00:00:00+00,1899/12/30 00:00:00+00,8,REGION BIO BIO,8301,LOS ANGELES,32,COLISION LATERAL,30,COLISION,1,URBANA,15,CRUCE CON SEÑAL CEDA EL PASO,1,IMPRUDENCIA DEL CONDUCTOR,32,NO RESPETAR DERECHO PREFERENTE DE PASO A VEHICULO,0,BERNARDO O'HIGGINS,0,BULNES,BERNARDO O'HIGGINS - BULNES,0, , , , ,2,0,1,UNIDIRECCIONAL,1,CONCRETO,1,BUENO,1,SECO,1,DESPEJADO,0,0,0,1,1
-8054101.1245194,-4505428.07421964,2460,21794,1401824,-72.3512214,-37.4743154,77,LOS ANGELES,1,54617,2021,1401824,REGION BIO BIO,8301,LOS ANGELES,BERNARDO O'HIGGINS,BULNES,0,"BERNARDO O'HIGGINS & BULNES, LOS ANGELES",CHILE,GEOMETRIC_CENTER,74229,2021,1401824,1,2021/12/06 00:00:00+00,1899/12/30 00:00:00+00,8,REGION BIO BIO,8301,LOS ANGELES,32,COLISION LATERAL,30,COLISION,1,URBANA,15,CRUCE CON SEÑAL CEDA EL PASO,10,DESOBEDIENCIA A SEÑALIZACION,64,SEÑALIZACION DESOBEDECER SEÑAL CEDA EL PASO,0,BERNARDO O'HIGGINS,0,BULNES,BERNARDO O'HIGGINS - BULNES,0, , , , ,2,0,1,UNIDIRECCIONAL,1,CONCRETO,1,BUENO,1,SECO,1,DESPEJADO,0,1,0,2,0
-8054279.21344077,-4505415.0714849,2461,21795,1399784,-72.3528212,-37.4742227,77,LOS ANGELES,1,53374,2021,1399784,REGION BIO BIO,8301,LOS ANGELES,BULNES,SAN MARTIN,0,"BULNES & SAN MARTIN, LOS ANGELES",CHILE,GEOMETRIC_CENTER,72552,2021,1399784,1,2021/11/30 00:00:00+00,1899/12/30 00:00:00+00,8,REGION BIO BIO,8301,LOS ANGELES,32,COLISION LATERAL,30,COLISION,1,URBANA,15,CRUCE CON SEÑAL CEDA EL PASO,10,DESOBEDIENCIA A SEÑALIZACION,64,SEÑALIZACION DESOBEDECER SEÑAL CEDA EL PASO,0,BULNES,0,SAN MARTIN,BULNES - SAN MARTIN,0, , , , ,2,0,1,UNIDIRECCIONAL,2,ASFALTO,1,BUENO,1,SECO,1,DESPEJADO,0,0,0,1,1
-8056725.18095222,-4505405.6455643,2462,21796,1402974,-72.3747937,-37.4741555,77,LOS ANGELES,1,55580,2021,1402974,REGION BIO BIO,8301,LOS ANGELES,RICARDO VICU??ªA,PONIENTE,0,"RICARDO VICU??ªA & PONIENTE, LOS ANGELES",CHILE,GEOMETRIC_CENTER,75521,2021,1402974,1,2021/12/11 00:00:00+00,1899/12/30 00:00:00+00,8,REGION BIO BIO,8301,LOS ANGELES,32,COLISION LATERAL,30,COLISION,1,URBANA,1,TRAMO DE VIA RECTA,1,IMPRUDENCIA DEL CONDUCTOR,27,CONDUCCION NO ATENTO CONDICIONES TRANSITO MOMENTO,0,RICARDO VICUÑA,0,PONIENTE,PONIENTE - RICARDO VICUÑA,0, , , , ,1,1,2,BIDIRECCIONAL,2,ASFALTO,1,BUENO,1,SECO,1,DESPEJADO,0,0,0,0,2
-8056180.19412115,-4505381.99664009,2463,21797,1401339,-72.369898,-37.4739869,77,LOS ANGELES,1,54227,2021,1401339,REGION BIO BIO,8301,LOS ANGELES,PADRE HURTADO, ,250,"PADRE HURTADO 250, LOS ANGELES",CHILE,RANGE_INTERPOLATED,73674,2021,1401339,1,2021/12/04 00:00:00+00,1899/12/30 00:00:00+00,8,REGION BIO BIO,8301,LOS ANGELES,63,CHOQUE FRENTE/POSTERIOR,40,CHOQUE,1,URBANA,1,TRAMO DE VIA RECTA,1,IMPRUDENCIA DEL CONDUCTOR,27,CONDUCCION NO ATENTO CONDICIONES TRANSITO MOMENTO,0,PADRE HURTADO,0, ,- PADRE HURTADO,250, , , , ,2,0,1,UNIDIRECCIONAL,1,CONCRETO,1,BUENO,1,SECO,1,DESPEJADO,0,0,0,0,2
-8055900.39258104,-4505380.69216362,2464,21798,1334416,-72.3673845,-37.4739776,77,LOS ANGELES,1,7518,2021,1334416,REGION BIO BIO,8301,LOS ANGELES,TOMAS DE AQUINO,COMPA??ªIA DE JESUS,0,"TOMAS DE AQUINO & COMPA??ªIA DE JESUS, LOS ANGELES",CHILE,GEOMETRIC_CENTER,10564,2021,1334416,1,2021/02/24 00:00:00+00,1899/12/30 00:00:00+00,8,REGION BIO BIO,8301,LOS ANGELES,32,COLISION LATERAL,30,COLISION,1,URBANA,14,CRUCE CON SEÑAL PARE,1,IMPRUDENCIA DEL CONDUCTOR,27,CONDUCCION NO ATENTO CONDICIONES TRANSITO MOMENTO,0,TOMAS DE AQUINO,0,COMPAÑIA DE JESUS,COMPAÑIA DE JESUS - TOMAS DE AQUINO,0, , , , ,1,1,2,BIDIRECCIONAL,1,CONCRETO,1,BUENO,1,SECO,1,DESPEJADO,0,0,0,0,2
-8054818.54524171,-4505379.75237959,2465,21799,1362764,-72.3576661,-37.4739709,77,LOS ANGELES,1,26819,2021,1362764,REGION BIO BIO,8301,LOS ANGELES,BULNES,BLANCO ENCALADA,0,"BULNES & BLANCO ENCALADA, LOS ANGELES",CHILE,GEOMETRIC_CENTER,36982,2021,1362764,1,2021/07/09 00:00:00+00,1899/12/30 00:00:00+00,8,REGION BIO BIO,8301,LOS ANGELES,32,COLISION LATERAL,30,COLISION,1,URBANA,1,TRAMO DE VIA RECTA,1,IMPRUDENCIA DEL CONDUCTOR,27,CONDUCCION NO ATENTO CONDICIONES TRANSITO MOMENTO,0,BULNES,0,BLANCO ENCALADA,BLANCO ENCALADA - BULNES,0, , , , ,2,0,1,UNIDIRECCIONAL,2,ASFALTO,2,REGULAR,2,HUMEDO,1,DESPEJADO,0,0,0,0,2
-8054818.54524171,-4505379.75237959,2466,21800,1393194,-72.3576661,-37.4739709,77,LOS ANGELES,1,48220,2021,1393194,REGION BIO BIO,8301,LOS ANGELES,BLANCO ENCALADA,BULNES,0,"BLANCO ENCALADA & BULNES, LOS ANGELES",CHILE,GEOMETRIC_CENTER,65775,2021,1393194,1,2021/11/04 00:00:00+00,1899/12/30 00:00:00+00,8,REGION BIO BIO,8301,LOS ANGELES,33,COLISION POR ALCANCE,30,COLISION,1,URBANA,15,CRUCE CON SEÑAL CEDA EL PASO,1,IMPRUDENCIA DEL CONDUCTOR,27,CONDUCCION NO ATENTO CONDICIONES TRANSITO MOMENTO,0,BLANCO ENCALADA,0,BULNES,BLANCO ENCALADA - BULNES,0, , , , ,2,2,2,BIDIRECCIONAL,1,CONCRETO,1,BUENO,1,SECO,1,DESPEJADO,0,0,0,1,2
-8055252.98068648,-4505367.8858602,2467,21801,1386342,-72.3615687,-37.4738863,77,LOS ANGELES,1,43725,2021,1386342,REGION BIO BIO,8301,LOS ANGELES,BULNES, ,956,"BULNES 956, LOS ANGELES",CHILE,RANGE_INTERPOLATED,59813,2021,1386342,1,2021/10/10 00:00:00+00,1899/12/30 00:00:00+00,8,REGION BIO BIO,8301,LOS ANGELES,62,CHOQUE FRENTE/LADO,40,CHOQUE,1,URBANA,26,OTROS NO CONSIDERADOS,1,IMPRUDENCIA DEL CONDUCTOR,27,CONDUCCION NO ATENTO CONDICIONES TRANSITO MOMENTO,0,BULNES,0, ,- BULNES,956, , , , ,1,1,2,BIDIRECCIONAL,2,ASFALTO,1,BUENO,1,SECO,1,DESPEJADO,0,0,0,0,2
-8054997.090573,-4505365.90810827,2468,21802,1348229,-72.35927,-37.4738722,77,LOS ANGELES,1,17442,2021,1348229,REGION BIO BIO,8301,LOS ANGELES,BULNES,JOSE MIGUEL INFANTE,0,"BULNES & JOSE MIGUEL INFANTE, LOS ANGELES",CHILE,GEOMETRIC_CENTER,24037,2021,1348229,1,2021/05/10 00:00:00+00,1899/12/30 00:00:00+00,8,REGION BIO BIO,8301,LOS ANGELES,32,COLISION LATERAL,30,COLISION,1,URBANA,15,CRUCE CON SEÑAL CEDA EL PASO,1,IMPRUDENCIA DEL CONDUCTOR,27,CONDUCCION NO ATENTO CONDICIONES TRANSITO MOMENTO,0,BULNES,0,JOSE MIGUEL INFANTE,BULNES - JOSE MIGUEL INFANTE,0, , , , ,2,0,1,UNIDIRECCIONAL,2,ASFALTO,1,BUENO,1,SECO,1,DESPEJADO,0,1,0,0,1
-8054997.090573,-4505365.90810827,2469,21803,1396505,-72.35927,-37.4738722,77,LOS ANGELES,1,50604,2021,1396505,REGION BIO BIO,8301,LOS ANGELES,JOSE MIGUEL INFANTE,BULNES,0,"JOSE MIGUEL INFANTE & BULNES, LOS ANGELES",CHILE,GEOMETRIC_CENTER,68915,2021,1396505,1,2021/11/16 00:00:00+00,1899/12/30 00:00:00+00,8,REGION BIO BIO,8301,LOS ANGELES,10,ATROPELLO,10,ATROPELLO,1,URBANA,11,CRUCE CON SEMAFORO FUNCIONANDO,1,IMPRUDENCIA DEL CONDUCTOR,27,CONDUCCION NO ATENTO CONDICIONES TRANSITO MOMENTO,0,JOSE MIGUEL INFANTE,0,BULNES,BULNES - JOSE MIGUEL INFANTE,0, , , , ,2,0,1,UNIDIRECCIONAL,2,ASFALTO,1,BUENO,1,SECO,1,DESPEJADO,0,1,0,0,1
-8051982.93724858,-4505365.12261825,2470,21804,1368049,-72.3321934,-37.4738666,77,LOS ANGELES,1,30424,2021,1368049,REGION BIO BIO,8301,LOS ANGELES,CORDILLERA,GABRIELA MISTRAL,0,"CORDILLERA & GABRIELA MISTRAL, LOS ANGELES",CHILE,GEOMETRIC_CENTER,42041,2021,1368049,1,2021/07/30 00:00:00+00,1899/12/30 00:00:00+00,8,REGION BIO BIO,8301,LOS ANGELES,30,COLISION,30,COLISION,1,URBANA,1,TRAMO DE VIA RECTA,1,IMPRUDENCIA DEL CONDUCTOR,27,CONDUCCION NO ATENTO CONDICIONES TRANSITO MOMENTO,0,CORDILLERA,0,GABRIELA MISTRAL,CORDILLERA - GABRIELA MISTRAL,0, , , , ,2,0,1,UNIDIRECCIONAL,2,ASFALTO,1,BUENO,1,SECO,1,DESPEJADO,0,0,1,0,1
-8056091.14966046,-4505360.95671679,2471,21805,1330452,-72.3690981,-37.4738369,77,LOS ANGELES,1,4622,2021,1330452,REGION BIO BIO,8301,LOS ANGELES,CAMINO SAN ANTONIO, ,2,"CAMINO SAN ANTONIO 2, LOS ANGELES",CHILE,RANGE_INTERPOLATED,6483,2021,1330452,1,2021/02/03 00:00:00+00,1899/12/30 00:00:00+00,8,REGION BIO BIO,8301,LOS ANGELES,53,CHOQUE POSTERIOR,40,CHOQUE,1,URBANA,1,TRAMO DE VIA RECTA,1,IMPRUDENCIA DEL CONDUCTOR,27,CONDUCCION NO ATENTO CONDICIONES TRANSITO MOMENTO,0,CAMINO SAN ANTONIO,0, ,- CAMINO SAN ANTONIO,2, , , , ,1,1,2,BIDIRECCIONAL,1,CONCRETO,1,BUENO,1,SECO,1,DESPEJADO,0,0,0,0,1
-8053860.19574547,-4505359.32963114,2472,21806,1333990,-72.3490571,-37.4738253,77,LOS ANGELES,1,7205,2021,1333990,REGION BIO BIO,8301,LOS ANGELES,RICARDO VICU??ªA, ,284,"RICARDO VICU??ªA 284, LOS ANGELES",CHILE,RANGE_INTERPOLATED,10123,2021,1333990,1,2021/02/22 00:00:00+00,1899/12/30 00:00:00+00,8,REGION BIO BIO,8301,LOS ANGELES,66,CHOQUE LADO/POSTERIOR,40,CHOQUE,1,URBANA,1,TRAMO DE VIA RECTA,1,IMPRUDENCIA DEL CONDUCTOR,27,CONDUCCION NO ATENTO CONDICIONES TRANSITO MOMENTO,0,RICARDO VICUÑA,0, ,- RICARDO VICUÑA,284, , , , ,2,0,1,UNIDIRECCIONAL,1,CONCRETO,1,BUENO,1,SECO,1,DESPEJADO,0,0,0,0,2
-8053860.19574547,-4505359.32963114,2473,21807,1406710,-72.3490571,-37.4738253,77,LOS ANGELES,1,57791,2021,1406710,REGION BIO BIO,8301,LOS ANGELES,RICARDO VICU??ªA, ,284,"RICARDO VICU??ªA 284, LOS ANGELES",CHILE,RANGE_INTERPOLATED,78461,2021,1406710,1,2021/12/22 00:00:00+00,1899/12/30 00:00:00+00,8,REGION BIO BIO,8301,LOS ANGELES,63,CHOQUE FRENTE/POSTERIOR,40,CHOQUE,1,URBANA,1,TRAMO DE VIA RECTA,1,IMPRUDENCIA DEL CONDUCTOR,27,CONDUCCION NO ATENTO CONDICIONES TRANSITO MOMENTO,0,RICARDO VICUÑA,0, ,- RICARDO VICUÑA,284, , , , ,1,0,1,UNIDIRECCIONAL,1,CONCRETO,1,BUENO,1,SECO,1,DESPEJADO,0,0,0,0,2
-8055182.52658076,-4505354.81306715,2474,21808,1406682,-72.3609358,-37.4737931,77,LOS ANGELES,1,57724,2021,1406682,REGION BIO BIO,8301,LOS ANGELES,CAMILO HENRIQUEZ,BULNES,0,"CAMILO HENRIQUEZ & BULNES, LOS ANGELES",CHILE,GEOMETRIC_CENTER,78377,2021,1406682,1,2021/12/22 00:00:00+00,1899/12/30 00:00:00+00,8,REGION BIO BIO,8301,LOS ANGELES,70,VOLCADURA,70,VOLCADURA,1,URBANA,14,CRUCE CON SEÑAL PARE,9,PERDIDA CONTROL VEHICULO,95,PERDIDA CONTROL VEHICULO,0,CAMILO HENRIQUEZ,0,BULNES,BULNES - CAMILO HENRIQUEZ,0, , , , ,2,0,1,UNIDIRECCIONAL,1,CONCRETO,1,BUENO,1,SECO,1,DESPEJADO,0,0,0,1,0
-8055084.0756231,-4505342.5678584,2475,21809,1350951,-72.3600514,-37.4737058,77,LOS ANGELES,1,18686,2021,1350951,REGION BIO BIO,8301,LOS ANGELES,BULNES, ,855,"BULNES 855, LOS ANGELES",CHILE,RANGE_INTERPOLATED,25685,2021,1350951,1,2021/05/18 00:00:00+00,1899/12/30 00:00:00+00,8,REGION BIO BIO,8301,LOS ANGELES,30,COLISION,30,COLISION,1,URBANA,1,TRAMO DE VIA RECTA,1,IMPRUDENCIA DEL CONDUCTOR,27,CONDUCCION NO ATENTO CONDICIONES TRANSITO MOMENTO,0,BULNES,0, ,- BULNES,855, , , , ,2,0,1,UNIDIRECCIONAL,1,CONCRETO,1,BUENO,1,SECO,1,DESPEJADO,0,0,0,1,1
-8055358.86778613,-4505339.73449025,2476,21810,1362723,-72.3625199,-37.4736856,77,LOS ANGELES,1,26699,2021,1362723,REGION BIO BIO,8301,LOS ANGELES,BULNES,ALCAZAR,0,"BULNES & ALCAZAR, LOS ANGELES",CHILE,GEOMETRIC_CENTER,36822,2021,1362723,1,2021/07/08 00:00:00+00,1899/12/30 00:00:00+00,8,REGION BIO BIO,8301,LOS ANGELES,10,ATROPELLO,10,ATROPELLO,1,URBANA,14,CRUCE CON SEÑAL PARE,1,IMPRUDENCIA DEL CONDUCTOR,27,CONDUCCION NO ATENTO CONDICIONES TRANSITO MOMENTO,0,BULNES,0,ALCAZAR,ALCAZAR - BULNES,0, , , , ,2,0,1,UNIDIRECCIONAL,1,CONCRETO,1,BUENO,1,SECO,2,NUBLADO,0,0,0,1,1
-8055358.86778613,-4505339.73449025,2477,21811,1395011,-72.3625199,-37.4736856,77,LOS ANGELES,1,49577,2021,1395011,REGION BIO BIO,8301,LOS ANGELES,BULNES,ALCAZAR,0,"BULNES & ALCAZAR, LOS ANGELES",CHILE,GEOMETRIC_CENTER,67545,2021,1395011,1,2021/11/11 00:00:00+00,1899/12/30 00:00:00+00,8,REGION BIO BIO,8301,LOS ANGELES,10,ATROPELLO,10,ATROPELLO,1,URBANA,26,OTROS NO CONSIDERADOS,1,IMPRUDENCIA DEL CONDUCTOR,27,CONDUCCION NO ATENTO CONDICIONES TRANSITO MOMENTO,0,BULNES,0,ALCAZAR,ALCAZAR - BULNES,0, , , , ,2,0,1,UNIDIRECCIONAL,1,CONCRETO,1,BUENO,1,SECO,1,DESPEJADO,0,0,0,1,1
-8054803.36126317,-4505333.24018893,2478,21812,1391128,-72.3575297,-37.4736393,77,LOS ANGELES,1,47100,2021,1391128,REGION BIO BIO,8301,LOS ANGELES,BLANCO ENCALADA,BALMACEDA,0,"BLANCO ENCALADA & BALMACEDA, LOS ANGELES",CHILE,GEOMETRIC_CENTER,64254,2021,1391128,1,2021/10/29 00:00:00+00,1899/12/30 00:00:00+00,8,REGION BIO BIO,8301,LOS ANGELES,33,COLISION POR ALCANCE,30,COLISION,1,URBANA,1,TRAMO DE VIA RECTA,14,OTRAS CAUSAS,98,OTRAS CAUSAS,0,BLANCO ENCALADA,0,BALMACEDA,BALMACEDA - BLANCO ENCALADA,0, , , , ,2,0,1,UNIDIRECCIONAL,1,CONCRETO,1,BUENO,1,SECO,2,NUBLADO,0,0,0,0,2
-8052910.31766248,-4505332.37054198,2479,21813,1378229,-72.3405242,-37.4736331,77,LOS ANGELES,1,37723,2021,1378229,REGION BIO BIO,8301,LOS ANGELES,BALMACEDA, ,220,"BALMACEDA 220, LOS ANGELES",CHILE,RANGE_INTERPOLATED,51851,2021,1378229,1,2021/09/08 00:00:00+00,1899/12/30 00:00:00+00,8,REGION BIO BIO,8301,LOS ANGELES,63,CHOQUE FRENTE/POSTERIOR,40,CHOQUE,1,URBANA,1,TRAMO DE VIA RECTA,1,IMPRUDENCIA DEL CONDUCTOR,27,CONDUCCION NO ATENTO CONDICIONES TRANSITO MOMENTO,0,BALMACEDA,0, ,- BALMACEDA,220, , , , ,1,1,2,BIDIRECCIONAL,1,CONCRETO,1,BUENO,1,SECO,1,DESPEJADO,0,0,0,0,2
-8056180.03827386,-4505326.85810408,2480,21814,1403227,-72.3698966,-37.4735938,77,LOS ANGELES,1,55690,2021,1403227,REGION BIO BIO,8301,LOS ANGELES,ORIENTE,ANGOSTURA,0,"ORIENTE & ANGOSTURA, LOS ANGELES",CHILE,GEOMETRIC_CENTER,75681,2021,1403227,1,2021/12/12 00:00:00+00,1899/12/30 00:00:00+00,8,REGION BIO BIO,8301,LOS ANGELES,31,COLISION FRONTAL,30,COLISION,1,URBANA,16,CRUCE SIN SEÑALIZACION,1,IMPRUDENCIA DEL CONDUCTOR,27,CONDUCCION NO ATENTO CONDICIONES TRANSITO MOMENTO,0,ORIENTE,0,ANGOSTURA,ANGOSTURA - ORIENTE,0, , , , ,2,2,3,BIDIRECCIONAL CON BANDEJON,1,CONCRETO,1,BUENO,1,SECO,1,DESPEJADO,0,0,0,0,2
-8053629.40817716,-4505326.31106842,2481,21815,1334762,-72.3469839,-37.4735899,77,LOS ANGELES,1,7687,2021,1334762,REGION BIO BIO,8301,LOS ANGELES,RICARDO VICU??ªA, ,147,"RICARDO VICU??ªA 147, LOS ANGELES",CHILE,RANGE_INTERPOLATED,10788,2021,1334762,1,2021/02/25 00:00:00+00,1899/12/30 00:00:00+00,8,REGION BIO BIO,8301,LOS ANGELES,69,CHOQUE POSTERIOR/POSTERIOR,40,CHOQUE,1,URBANA,4,ACERA O BERMA,1,IMPRUDENCIA DEL CONDUCTOR,27,CONDUCCION NO ATENTO CONDICIONES TRANSITO MOMENTO,0,RICARDO VICUÑA,0, ,- RICARDO VICUÑA,147, , , , ,2,0,1,UNIDIRECCIONAL,1,CONCRETO,2,REGULAR,1,SECO,1,DESPEJADO,0,0,0,0,2
-8053629.40817716,-4505326.31106842,2482,21816,1334926,-72.3469839,-37.4735899,77,LOS ANGELES,1,7734,2021,1334926,REGION BIO BIO,8301,LOS ANGELES,RICARDO VICU??ªA, ,147,"RICARDO VICU??ªA 147, LOS ANGELES",CHILE,RANGE_INTERPOLATED,10856,2021,1334926,1,2021/02/26 00:00:00+00,1899/12/30 00:00:00+00,8,REGION BIO BIO,8301,LOS ANGELES,33,COLISION POR ALCANCE,30,COLISION,1,URBANA,1,TRAMO DE VIA RECTA,1,IMPRUDENCIA DEL CONDUCTOR,27,CONDUCCION NO ATENTO CONDICIONES TRANSITO MOMENTO,0,RICARDO VICUÑA,0, ,- RICARDO VICUÑA,147, , , , ,1,1,3,BIDIRECCIONAL CON BANDEJON,1,CONCRETO,1,BUENO,1,SECO,1,DESPEJADO,0,0,0,0,2
-8053629.40817716,-4505326.31106842,2483,21817,1361238,-72.3469839,-37.4735899,77,LOS ANGELES,1,25813,2021,1361238,REGION BIO BIO,8301,LOS ANGELES,RICARDO VICU??ªA, ,147,"RICARDO VICU??ªA 147, LOS ANGELES",CHILE,RANGE_INTERPOLATED,35624,2021,1361238,1,2021/07/03 00:00:00+00,1899/12/30 00:00:00+00,8,REGION BIO BIO,8301,LOS ANGELES,51,CHOQUE FRONTAL,40,CHOQUE,1,URBANA,1,TRAMO DE VIA RECTA,4,ALCOHOL EN CONDUCTOR,24,CONDUCCION EN ESTADO DE EBRIEDAD,0,RICARDO VICUÑA,0, ,- RICARDO VICUÑA,147, , , , ,1,1,2,BIDIRECCIONAL,1,CONCRETO,1,BUENO,1,SECO,1,DESPEJADO,0,0,0,1,0
-8056240.68513244,-4505306.71598925,2484,21818,1347815,-72.3704414,-37.4734502,77,LOS ANGELES,1,17068,2021,1347815,REGION BIO BIO,8301,LOS ANGELES,RICARDO VICU??ªA,PADRE HURTADO,0,"RICARDO VICU??ªA & PADRE HURTADO, LOS ANGELES",CHILE,GEOMETRIC_CENTER,23521,2021,1347815,1,2021/05/07 00:00:00+00,1899/12/30 00:00:00+00,8,REGION BIO BIO,8301,LOS ANGELES,32,COLISION LATERAL,30,COLISION,1,URBANA,14,CRUCE CON SEÑAL PARE,1,IMPRUDENCIA DEL CONDUCTOR,27,CONDUCCION NO ATENTO CONDICIONES TRANSITO MOMENTO,0,RICARDO VICUÑA,0,PADRE HURTADO,PADRE HURTADO - RICARDO VICUÑA,0, , , , ,2,2,3,BIDIRECCIONAL CON BANDEJON,2,ASFALTO,1,BUENO,1,SECO,2,NUBLADO,0,0,0,2,2
-8056240.68513244,-4505306.71598925,2485,21819,1367918,-72.3704414,-37.4734502,77,LOS ANGELES,1,30544,2021,1367918,REGION BIO BIO,8301,LOS ANGELES,RICARDO VICU??ªA,PADRE HURTADO,0,"RICARDO VICU??ªA & PADRE HURTADO, LOS ANGELES",CHILE,GEOMETRIC_CENTER,42210,2021,1367918,1,2021/07/30 00:00:00+00,1899/12/30 00:00:00+00,8,REGION BIO BIO,8301,LOS ANGELES,32,COLISION LATERAL,30,COLISION,1,URBANA,15,CRUCE CON SEÑAL CEDA EL PASO,1,IMPRUDENCIA DEL CONDUCTOR,27,CONDUCCION NO ATENTO CONDICIONES TRANSITO MOMENTO,0,RICARDO VICUÑA,0,PADRE HURTADO,PADRE HURTADO - RICARDO VICUÑA,0, , , , ,2,0,1,UNIDIRECCIONAL,1,CONCRETO,1,BUENO,2,HUMEDO,2,NUBLADO,0,0,0,0,3
-8056240.68513244,-4505306.71598925,2486,21820,1382748,-72.3704414,-37.4734502,77,LOS ANGELES,1,41113,2021,1382748,REGION BIO BIO,8301,LOS ANGELES,PADRE HURTADO,RICARDO VICU??ªA,0,"PADRE HURTADO & RICARDO VICU??ªA, LOS ANGELES",CHILE,GEOMETRIC_CENTER,56404,2021,1382748,1,2021/09/27 00:00:00+00,1899/12/30 00:00:00+00,8,REGION BIO BIO,8301,LOS ANGELES,30,COLISION,30,COLISION,1,URBANA,1,TRAMO DE VIA RECTA,1,IMPRUDENCIA DEL CONDUCTOR,23,CONDUCCION CONTRA SENTIDO DEL TRANSITO,0,PADRE HURTADO,0,RICARDO VICUÑA,PADRE HURTADO - RICARDO VICUÑA,0, , , , ,2,0,1,UNIDIRECCIONAL,1,CONCRETO,1,BUENO,1,SECO,1,DESPEJADO,0,0,1,0,2
-8056240.68513244,-4505306.71598925,2487,21821,1389291,-72.3704414,-37.4734502,77,LOS ANGELES,1,45217,2021,1389291,REGION BIO BIO,8301,LOS ANGELES,PADRE HURTADO,RICARDO VICU??ªA,0,"PADRE HURTADO & RICARDO VICU??ªA, LOS ANGELES",CHILE,GEOMETRIC_CENTER,61825,2021,1389291,1,2021/10/19 00:00:00+00,1899/12/30 00:00:00+00,8,REGION BIO BIO,8301,LOS ANGELES,10,ATROPELLO,10,ATROPELLO,1,URBANA,15,CRUCE CON SEÑAL CEDA EL PASO,1,IMPRUDENCIA DEL CONDUCTOR,27,CONDUCCION NO ATENTO CONDICIONES TRANSITO MOMENTO,0,PADRE HURTADO,0,RICARDO VICUÑA,PADRE HURTADO - RICARDO VICUÑA,0, , , , ,2,0,1,UNIDIRECCIONAL,1,CONCRETO,1,BUENO,1,SECO,1,DESPEJADO,0,0,0,1,1