X,Y,FID,FID_1,LABELID,POINT_X,POINT_Y,FID_2,COMUNAREAL,VAL_COM,OBJECTID,A_O,IDACCIDENT,REGION,COD_COMUN,COMUNA,CALLE_UNO,CALLE_DOS,NUMERO,DIR_GEOCOD,PAIS,TIPO,OBJECTID_1,Año,Idaccide_1,Claseaccid,Fecha,Hora,Cód_Regi,Región,Cód_Comun,Comuna_1,Cód_Tipo_,Tipo_Accid,Cód_Tipo1,Tipo__CONA,Cód_Zona,Zona,Cód_Ubica,Ubicación,Cód_Causa,Causa__CON,Cód_Cau_1,Causa,Cód_Calle,Calle_Un_1,Cód_Cal_1,Calle_Do_1,Intersecci,Número,Ruta,Cód_Ruta,Ubicaci_1,Km_Vía_Fe,Pistas_de_,Pistas_de1,Cód_Calza,Calzada,Cód__Tipo,Tipo_Calza,Cód_Estad,Estado_Cal,Cód_Condi,Condición,Cód_Est_1,Estado_Atm,Fallecidos,Graves,Menos_Grav,Leves,Ilesos
-8056240.68513244,-4505306.71598925,2488,21822,1390866,-72.3704414,-37.4734502,77,LOS ANGELES,1,46471,2021,1390866,REGION BIO BIO,8301,LOS ANGELES,RICARDO VICU??ªA,PADRE HURTADO,0,"RICARDO VICU??ªA & PADRE HURTADO, LOS ANGELES",CHILE,GEOMETRIC_CENTER,63463,2021,1390866,1,2021/10/26 00:00:00+00,1899/12/30 00:00:00+00,8,REGION BIO BIO,8301,LOS ANGELES,30,COLISION,30,COLISION,1,URBANA,1,TRAMO DE VIA RECTA,12,FALLAS MECANICAS,1,FALLAS MECANICAS FRENOS,0,RICARDO VICUÑA,0,PADRE HURTADO,PADRE HURTADO - RICARDO VICUÑA,0, , , , ,2,2,3,BIDIRECCIONAL CON BANDEJON,1,CONCRETO,1,BUENO,1,SECO,1,DESPEJADO,0,1,0,1,0
-8054163.9309761,-4505299.14166638,2489,21823,1383518,-72.3517856,-37.4733962,77,LOS ANGELES,1,41641,2021,1383518,REGION BIO BIO,8301,LOS ANGELES,RICARDO VICU??ªA, ,410,"RICARDO VICU??ªA 410, LOS ANGELES",CHILE,RANGE_INTERPOLATED,57059,2021,1383518,1,2021/09/30 00:00:00+00,1899/12/30 00:00:00+00,8,REGION BIO BIO,8301,LOS ANGELES,31,COLISION FRONTAL,30,COLISION,1,URBANA,1,TRAMO DE VIA RECTA,1,IMPRUDENCIA DEL CONDUCTOR,27,CONDUCCION NO ATENTO CONDICIONES TRANSITO MOMENTO,0,RICARDO VICUÑA,0, ,- RICARDO VICUÑA,410, , , , ,2,0,1,UNIDIRECCIONAL,2,ASFALTO,1,BUENO,1,SECO,2,NUBLADO,0,0,0,2,1
-8054163.9309761,-4505299.14166638,2490,21824,1402783,-72.3517856,-37.4733962,77,LOS ANGELES,1,55302,2021,1402783,REGION BIO BIO,8301,LOS ANGELES,RICARDO VICU??ªA, ,410,"RICARDO VICU??ªA 410, LOS ANGELES",CHILE,RANGE_INTERPOLATED,75141,2021,1402783,1,2021/12/10 00:00:00+00,1899/12/30 00:00:00+00,8,REGION BIO BIO,8301,LOS ANGELES,10,ATROPELLO,10,ATROPELLO,1,URBANA,11,CRUCE CON SEMAFORO FUNCIONANDO,2,IMPRUDENCIA DEL PEATON,55,PEATON CRUZA CALZADA FUERA PASO PEATONES,0,RICARDO VICUÑA,0, ,- RICARDO VICUÑA,410, , , , ,2,0,1,UNIDIRECCIONAL,1,CONCRETO,1,BUENO,1,SECO,1,DESPEJADO,0,0,0,1,1
-8053683.22001901,-4505278.43854514,2491,21825,1346552,-72.3474673,-37.4732486,77,LOS ANGELES,1,16169,2021,1346552,REGION BIO BIO,8301,LOS ANGELES,RICARDO VICU??ªA, ,10,"RICARDO VICU??ªA 10, LOS ANGELES",CHILE,RANGE_INTERPOLATED,22267,2021,1346552,1,2021/05/01 00:00:00+00,1899/12/30 00:00:00+00,8,REGION BIO BIO,8301,LOS ANGELES,51,CHOQUE FRONTAL,40,CHOQUE,1,URBANA,1,TRAMO DE VIA RECTA,1,IMPRUDENCIA DEL CONDUCTOR,27,CONDUCCION NO ATENTO CONDICIONES TRANSITO MOMENTO,0,RICARDO VICUÑA,0, ,- RICARDO VICUÑA,10, , , , ,2,2,2,BIDIRECCIONAL,1,CONCRETO,1,BUENO,3,MOJADO,3,LLUVIA,0,0,0,1,0
-8053737.20997205,-4505276.47483657,2492,21826,1351977,-72.3479523,-37.4732346,77,LOS ANGELES,1,19511,2021,1351977,REGION BIO BIO,8301,LOS ANGELES,LOS CARRERA, ,100,"LOS CARRERA 100, LOS ANGELES",CHILE,RANGE_INTERPOLATED,26868,2021,1351977,1,2021/05/24 00:00:00+00,1899/12/30 00:00:00+00,8,REGION BIO BIO,8301,LOS ANGELES,65,CHOQUE LADO/LADO,40,CHOQUE,1,URBANA,1,TRAMO DE VIA RECTA,1,IMPRUDENCIA DEL CONDUCTOR,27,CONDUCCION NO ATENTO CONDICIONES TRANSITO MOMENTO,0,LOS CARRERA,0, ,- LOS CARRERA,100, , , , ,2,0,1,UNIDIRECCIONAL,1,CONCRETO,1,BUENO,1,SECO,1,DESPEJADO,0,0,0,0,2
-8053962.07534345,-4505274.04825436,2493,21827,1338579,-72.3499723,-37.4732173,77,LOS ANGELES,1,10699,2021,1338579,REGION BIO BIO,8301,LOS ANGELES,RICARDO VICU??ªA, ,320,"RICARDO VICU??ªA 320, LOS ANGELES",CHILE,RANGE_INTERPOLATED,14865,2021,1338579,1,2021/03/17 00:00:00+00,1899/12/30 00:00:00+00,8,REGION BIO BIO,8301,LOS ANGELES,32,COLISION LATERAL,30,COLISION,1,URBANA,1,TRAMO DE VIA RECTA,1,IMPRUDENCIA DEL CONDUCTOR,27,CONDUCCION NO ATENTO CONDICIONES TRANSITO MOMENTO,0,RICARDO VICUÑA,0, ,- RICARDO VICUÑA,320, , , , ,1,1,2,BIDIRECCIONAL,1,CONCRETO,1,BUENO,1,SECO,1,DESPEJADO,0,0,0,0,2
-8053962.07534345,-4505274.04825436,2494,21828,1402772,-72.3499723,-37.4732173,77,LOS ANGELES,1,55252,2021,1402772,REGION BIO BIO,8301,LOS ANGELES,RICARDO VICU??ªA, ,320,"RICARDO VICU??ªA 320, LOS ANGELES",CHILE,RANGE_INTERPOLATED,75072,2021,1402772,1,2021/12/10 00:00:00+00,1899/12/30 00:00:00+00,8,REGION BIO BIO,8301,LOS ANGELES,51,CHOQUE FRONTAL,40,CHOQUE,1,URBANA,1,TRAMO DE VIA RECTA,9,PERDIDA CONTROL VEHICULO,95,PERDIDA CONTROL VEHICULO,0,RICARDO VICUÑA,0, ,- RICARDO VICUÑA,320, , , , ,1,1,2,BIDIRECCIONAL,1,CONCRETO,1,BUENO,1,SECO,1,DESPEJADO,0,0,0,0,1
-8055963.25469749,-4505268.59195304,2495,21829,1400851,-72.3679492,-37.4731784,77,LOS ANGELES,1,53652,2021,1400851,REGION BIO BIO,8301,LOS ANGELES,BAQUEDANO, ,1406,"BAQUEDANO 1406, LOS ANGELES",CHILE,RANGE_INTERPOLATED,72909,2021,1400851,1,2021/12/01 00:00:00+00,1899/12/30 00:00:00+00,8,REGION BIO BIO,8301,LOS ANGELES,65,CHOQUE LADO/LADO,40,CHOQUE,1,URBANA,1,TRAMO DE VIA RECTA,1,IMPRUDENCIA DEL CONDUCTOR,27,CONDUCCION NO ATENTO CONDICIONES TRANSITO MOMENTO,0,BAQUEDANO,0, ,- BAQUEDANO,1406, , , , ,2,0,1,UNIDIRECCIONAL,1,CONCRETO,1,BUENO,1,SECO,1,DESPEJADO,0,0,0,0,2
-8053914.58644868,-4505261.49455763,2496,21830,1407999,-72.3495457,-37.4731278,77,LOS ANGELES,1,58718,2021,1407999,REGION BIO BIO,8301,LOS ANGELES,RICARDO VICU??ªA,FREIRE,0,"RICARDO VICU??ªA & FREIRE, LOS ANGELES",CHILE,GEOMETRIC_CENTER,79794,2021,1407999,1,2021/12/27 00:00:00+00,1899/12/30 00:00:00+00,8,REGION BIO BIO,8301,LOS ANGELES,10,ATROPELLO,10,ATROPELLO,1,URBANA,4,ACERA O BERMA,10,DESOBEDIENCIA A SEÑALIZACION,63,SEÑALIZACION DESOBEDECER INDICACION CARABINERO SERVICIO,0,RICARDO VICUÑA,0,FREIRE,FREIRE - RICARDO VICUÑA,0, , , , ,2,0,1,UNIDIRECCIONAL,1,CONCRETO,1,BUENO,1,SECO,1,DESPEJADO,0,0,0,2,0
-8054268.52676965,-4505239.23457594,2497,21831,1343359,-72.3527252,-37.4729691,77,LOS ANGELES,1,13830,2021,1343359,REGION BIO BIO,8301,LOS ANGELES,RICARDO VICU??ªA,VALDIVIA,0,"RICARDO VICU??ªA & VALDIVIA, LOS ANGELES",CHILE,GEOMETRIC_CENTER,19119,2021,1343359,1,2021/04/13 00:00:00+00,1899/12/30 00:00:00+00,8,REGION BIO BIO,8301,LOS ANGELES,32,COLISION LATERAL,30,COLISION,1,URBANA,1,TRAMO DE VIA RECTA,1,IMPRUDENCIA DEL CONDUCTOR,27,CONDUCCION NO ATENTO CONDICIONES TRANSITO MOMENTO,0,RICARDO VICUÑA,0,VALDIVIA,RICARDO VICUÑA - VALDIVIA,0, , , , ,2,0,1,UNIDIRECCIONAL,1,CONCRETO,1,BUENO,1,SECO,1,DESPEJADO,0,0,0,0,3
-8054268.52676965,-4505239.23457594,2498,21832,1351291,-72.3527252,-37.4729691,77,LOS ANGELES,1,18841,2021,1351291,REGION BIO BIO,8301,LOS ANGELES,SAN MARTIN,RICARDO VICU??ªA,0,"SAN MARTIN & RICARDO VICU??ªA, LOS ANGELES",CHILE,GEOMETRIC_CENTER,25904,2021,1351291,1,2021/05/19 00:00:00+00,1899/12/30 00:00:00+00,8,REGION BIO BIO,8301,LOS ANGELES,31,COLISION FRONTAL,30,COLISION,1,URBANA,11,CRUCE CON SEMAFORO FUNCIONANDO,1,IMPRUDENCIA DEL CONDUCTOR,11,ADELANTAMIENTO SIN EL ESPACIO O TIEMPO SUFICIENTE,0,SAN MARTIN,0,RICARDO VICUÑA,RICARDO VICUÑA - SAN MARTIN,0, , , , ,2,0,1,UNIDIRECCIONAL,1,CONCRETO,1,BUENO,3,MOJADO,3,LLUVIA,0,0,0,0,2
-8054268.52676965,-4505239.23457594,2499,21833,1356937,-72.3527252,-37.4729691,77,LOS ANGELES,1,23378,2021,1356937,REGION BIO BIO,8301,LOS ANGELES,RICARDO VICU??ªA,VALDIVIA,0,"RICARDO VICU??ªA & VALDIVIA, LOS ANGELES",CHILE,GEOMETRIC_CENTER,32230,2021,1356937,1,2021/06/17 00:00:00+00,1899/12/30 00:00:00+00,8,REGION BIO BIO,8301,LOS ANGELES,32,COLISION LATERAL,30,COLISION,1,URBANA,11,CRUCE CON SEMAFORO FUNCIONANDO,1,IMPRUDENCIA DEL CONDUCTOR,27,CONDUCCION NO ATENTO CONDICIONES TRANSITO MOMENTO,0,RICARDO VICUÑA,0,VALDIVIA,RICARDO VICUÑA - VALDIVIA,0, , , , ,2,0,1,UNIDIRECCIONAL,1,CONCRETO,3,MALO,1,SECO,1,DESPEJADO,0,0,0,3,1
-8054268.52676965,-4505239.23457594,2500,21834,1384778,-72.3527252,-37.4729691,77,LOS ANGELES,1,42310,2021,1384778,REGION BIO BIO,8301,LOS ANGELES,RICARDO VICU??ªA,VALDIVIA,0,"RICARDO VICU??ªA & VALDIVIA, LOS ANGELES",CHILE,GEOMETRIC_CENTER,57955,2021,1384778,1,2021/10/03 00:00:00+00,1899/12/30 00:00:00+00,8,REGION BIO BIO,8301,LOS ANGELES,30,COLISION,30,COLISION,1,URBANA,11,CRUCE CON SEMAFORO FUNCIONANDO,1,IMPRUDENCIA DEL CONDUCTOR,27,CONDUCCION NO ATENTO CONDICIONES TRANSITO MOMENTO,0,RICARDO VICUÑA,0,VALDIVIA,RICARDO VICUÑA - VALDIVIA,0, , , , ,2,0,1,UNIDIRECCIONAL,1,CONCRETO,1,BUENO,1,SECO,1,DESPEJADO,0,0,0,0,2
-8054268.52676965,-4505239.23457594,2501,21835,1390755,-72.3527252,-37.4729691,77,LOS ANGELES,1,46513,2021,1390755,REGION BIO BIO,8301,LOS ANGELES,RICARDO VICU??ªA,VALDIVIA,0,"RICARDO VICU??ªA & VALDIVIA, LOS ANGELES",CHILE,GEOMETRIC_CENTER,63515,2021,1390755,1,2021/10/26 00:00:00+00,1899/12/30 00:00:00+00,8,REGION BIO BIO,8301,LOS ANGELES,33,COLISION POR ALCANCE,30,COLISION,1,URBANA,11,CRUCE CON SEMAFORO FUNCIONANDO,10,DESOBEDIENCIA A SEÑALIZACION,62,SEÑALIZACION DESOBEDECER LUZ ROJA DE SEMAFORO,0,RICARDO VICUÑA,0,VALDIVIA,RICARDO VICUÑA - VALDIVIA,0, , , , ,1,0,1,UNIDIRECCIONAL,2,ASFALTO,1,BUENO,1,SECO,1,DESPEJADO,0,0,0,0,2
-8053420.71752777,-4505232.6561783,2502,21836,1363202,-72.3451092,-37.4729222,77,LOS ANGELES,1,27422,2021,1363202,REGION BIO BIO,8301,LOS ANGELES,RICARDO VICU??ªA,SANTA MARIA,0,"RICARDO VICU??ªA & SANTA MARIA, LOS ANGELES",CHILE,GEOMETRIC_CENTER,37843,2021,1363202,1,2021/07/12 00:00:00+00,1899/12/30 00:00:00+00,8,REGION BIO BIO,8301,LOS ANGELES,30,COLISION,30,COLISION,1,URBANA,14,CRUCE CON SEÑAL PARE,10,DESOBEDIENCIA A SEÑALIZACION,65,SEÑALIZACION DESOBEDECER SEÑAL PARE,0,RICARDO VICUÑA,0,SANTA MARIA,RICARDO VICUÑA - SANTA MARIA,0, , , , ,2,0,1,UNIDIRECCIONAL,1,CONCRETO,1,BUENO,1,SECO,1,DESPEJADO,0,0,0,1,1
-8053676.08443965,-4505229.27580926,2503,21837,1326252,-72.3474032,-37.4728981,77,LOS ANGELES,1,2102,2021,1326252,REGION BIO BIO,8301,LOS ANGELES,RICARDO VICU??ªA,JOSE MANSO DE VELASCO,0,"RICARDO VICU??ªA & JOSE MANSO DE VELASCO, LOS ANGELES",CHILE,GEOMETRIC_CENTER,2886,2021,1326252,1,2021/01/15 00:00:00+00,1899/12/30 00:00:00+00,8,REGION BIO BIO,8301,LOS ANGELES,31,COLISION FRONTAL,30,COLISION,1,URBANA,11,CRUCE CON SEMAFORO FUNCIONANDO,1,IMPRUDENCIA DEL CONDUCTOR,27,CONDUCCION NO ATENTO CONDICIONES TRANSITO MOMENTO,0,RICARDO VICUÑA,0,JOSE MANSO DE VELASCO,JOSE MANSO DE VELASCO - RICARDO VICUÑA,0, , , , ,2,0,1,UNIDIRECCIONAL,1,CONCRETO,1,BUENO,1,SECO,1,DESPEJADO,0,1,0,1,0
-8054460.75326635,-4505225.6149129,2504,21838,1375546,-72.354452,-37.472872,77,LOS ANGELES,1,35969,2021,1375546,REGION BIO BIO,8301,LOS ANGELES,FERROCARRIL,LOS APACHES,0,"FERROCARRIL & LOS APACHES, LOS ANGELES",CHILE,GEOMETRIC_CENTER,49528,2021,1375546,1,2021/08/29 00:00:00+00,1899/12/30 00:00:00+00,8,REGION BIO BIO,8301,LOS ANGELES,30,COLISION,30,COLISION,1,URBANA,1,TRAMO DE VIA RECTA,1,IMPRUDENCIA DEL CONDUCTOR,27,CONDUCCION NO ATENTO CONDICIONES TRANSITO MOMENTO,0,FERROCARRIL,0,LOS APACHES,FERROCARRIL - LOS APACHES,0, , , , ,2,0,1,UNIDIRECCIONAL,2,ASFALTO,2,REGULAR,1,SECO,1,DESPEJADO,0,0,0,1,1
-8056862.66052335,-4505219.07860304,2505,21839,1351543,-72.3760287,-37.4728254,77,LOS ANGELES,1,19236,2021,1351543,REGION BIO BIO,8301,LOS ANGELES,VI??ªA DEL MAR, ,1786,"VI??ªA DEL MAR 1786, LOS ANGELES",CHILE,RANGE_INTERPOLATED,26459,2021,1351543,1,2021/05/21 00:00:00+00,1899/12/30 00:00:00+00,8,REGION BIO BIO,8301,LOS ANGELES,63,CHOQUE FRENTE/POSTERIOR,40,CHOQUE,1,URBANA,1,TRAMO DE VIA RECTA,1,IMPRUDENCIA DEL CONDUCTOR,27,CONDUCCION NO ATENTO CONDICIONES TRANSITO MOMENTO,0,VIÑA DEL MAR,0, ,- VIÑA DEL MAR,1786, , , , ,1,1,2,BIDIRECCIONAL,1,CONCRETO,1,BUENO,3,MOJADO,2,NUBLADO,0,0,0,0,3
-8053542.70142578,-4505204.51919787,2506,21840,1364614,-72.346205,-37.4727216,77,LOS ANGELES,1,28276,2021,1364614,REGION BIO BIO,8301,LOS ANGELES,LINARES,DIEGO PORTALES,0,"LINARES & DIEGO PORTALES, LOS ANGELES",CHILE,GEOMETRIC_CENTER,39056,2021,1364614,1,2021/07/17 00:00:00+00,1899/12/30 00:00:00+00,8,REGION BIO BIO,8301,LOS ANGELES,68,CHOQUE POSTERIOR/LADO,40,CHOQUE,1,URBANA,1,TRAMO DE VIA RECTA,4,ALCOHOL EN CONDUCTOR,24,CONDUCCION EN ESTADO DE EBRIEDAD,0,LINARES,0,DIEGO PORTALES,DIEGO PORTALES - LINARES,0, , , , ,1,1,2,BIDIRECCIONAL,2,ASFALTO,1,BUENO,1,SECO,1,DESPEJADO,0,0,0,0,2
-8053773.74502892,-4505200.78817822,2507,21841,1324621,-72.3482805,-37.472695,77,LOS ANGELES,1,978,2021,1324621,REGION BIO BIO,8301,LOS ANGELES,VILLAGRAN,RICARDO VICU??ªA,0,"VILLAGRAN & RICARDO VICU??ªA, LOS ANGELES",CHILE,GEOMETRIC_CENTER,1333,2021,1324621,1,2021/01/07 00:00:00+00,1899/12/30 00:00:00+00,8,REGION BIO BIO,8301,LOS ANGELES,31,COLISION FRONTAL,30,COLISION,1,URBANA,11,CRUCE CON SEMAFORO FUNCIONANDO,1,IMPRUDENCIA DEL CONDUCTOR,27,CONDUCCION NO ATENTO CONDICIONES TRANSITO MOMENTO,0,VILLAGRAN,0,RICARDO VICUÑA,RICARDO VICUÑA - VILLAGRAN,0, , , , ,1,1,2,BIDIRECCIONAL,1,CONCRETO,1,BUENO,1,SECO,1,DESPEJADO,0,0,0,1,1
-8053773.74502892,-4505200.78817822,2508,21842,1334850,-72.3482805,-37.472695,77,LOS ANGELES,1,7818,2021,1334850,REGION BIO BIO,8301,LOS ANGELES,RICARDO VICU??ªA,LOS CARRERA,0,"RICARDO VICU??ªA & LOS CARRERA, LOS ANGELES",CHILE,GEOMETRIC_CENTER,10969,2021,1334850,1,2021/02/26 00:00:00+00,1899/12/30 00:00:00+00,8,REGION BIO BIO,8301,LOS ANGELES,31,COLISION FRONTAL,30,COLISION,1,URBANA,1,TRAMO DE VIA RECTA,1,IMPRUDENCIA DEL CONDUCTOR,27,CONDUCCION NO ATENTO CONDICIONES TRANSITO MOMENTO,0,RICARDO VICUÑA,0,LOS CARRERA,LOS CARRERA - RICARDO VICUÑA,0, , , , ,2,0,1,UNIDIRECCIONAL,1,CONCRETO,1,BUENO,1,SECO,1,DESPEJADO,0,0,0,0,2
-8053773.74502892,-4505200.78817822,2509,21843,1344692,-72.3482805,-37.472695,77,LOS ANGELES,1,14514,2021,1344692,REGION BIO BIO,8301,LOS ANGELES,RICARDO VICU??ªA,LOS CARRERA,0,"RICARDO VICU??ªA & LOS CARRERA, LOS ANGELES",CHILE,GEOMETRIC_CENTER,20010,2021,1344692,1,2021/04/19 00:00:00+00,1899/12/30 00:00:00+00,8,REGION BIO BIO,8301,LOS ANGELES,33,COLISION POR ALCANCE,30,COLISION,1,URBANA,11,CRUCE CON SEMAFORO FUNCIONANDO,1,IMPRUDENCIA DEL CONDUCTOR,27,CONDUCCION NO ATENTO CONDICIONES TRANSITO MOMENTO,0,RICARDO VICUÑA,0,LOS CARRERA,LOS CARRERA - RICARDO VICUÑA,0, , , , ,2,0,1,UNIDIRECCIONAL,1,CONCRETO,1,BUENO,1,SECO,2,NUBLADO,0,0,0,0,2
-8053773.74502892,-4505200.78817822,2510,21844,1349246,-72.3482805,-37.472695,77,LOS ANGELES,1,18127,2021,1349246,REGION BIO BIO,8301,LOS ANGELES,RICARDO VICU??ªA,LOS CARRERA,0,"RICARDO VICU??ªA & LOS CARRERA, LOS ANGELES",CHILE,GEOMETRIC_CENTER,24922,2021,1349246,1,2021/05/14 00:00:00+00,1899/12/30 00:00:00+00,8,REGION BIO BIO,8301,LOS ANGELES,32,COLISION LATERAL,30,COLISION,1,URBANA,1,TRAMO DE VIA RECTA,1,IMPRUDENCIA DEL CONDUCTOR,27,CONDUCCION NO ATENTO CONDICIONES TRANSITO MOMENTO,0,RICARDO VICUÑA,0,LOS CARRERA,LOS CARRERA - RICARDO VICUÑA,0, , , , ,2,0,1,UNIDIRECCIONAL,2,ASFALTO,1,BUENO,1,SECO,1,DESPEJADO,0,0,0,1,1
-8053773.74502892,-4505200.78817822,2511,21845,1367093,-72.3482805,-37.472695,77,LOS ANGELES,1,29886,2021,1367093,REGION BIO BIO,8301,LOS ANGELES,VILLAGRAN,RICARDO VICU??ªA,0,"VILLAGRAN & RICARDO VICU??ªA, LOS ANGELES",CHILE,GEOMETRIC_CENTER,41332,2021,1367093,1,2021/07/26 00:00:00+00,1899/12/30 00:00:00+00,8,REGION BIO BIO,8301,LOS ANGELES,32,COLISION LATERAL,30,COLISION,1,URBANA,1,TRAMO DE VIA RECTA,1,IMPRUDENCIA DEL CONDUCTOR,27,CONDUCCION NO ATENTO CONDICIONES TRANSITO MOMENTO,0,VILLAGRAN,0,RICARDO VICUÑA,RICARDO VICUÑA - VILLAGRAN,0, , , , ,2,0,1,UNIDIRECCIONAL,1,CONCRETO,1,BUENO,1,SECO,1,DESPEJADO,0,0,0,0,2
-8053773.74502892,-4505200.78817822,2512,21846,1369510,-72.3482805,-37.472695,77,LOS ANGELES,1,31534,2021,1369510,REGION BIO BIO,8301,LOS ANGELES,RICARDO VICU??ªA,VILLAGRAN,0,"RICARDO VICU??ªA & VILLAGRAN, LOS ANGELES",CHILE,GEOMETRIC_CENTER,43542,2021,1369510,1,2021/08/05 00:00:00+00,1899/12/30 00:00:00+00,8,REGION BIO BIO,8301,LOS ANGELES,10,ATROPELLO,10,ATROPELLO,1,URBANA,11,CRUCE CON SEMAFORO FUNCIONANDO,1,IMPRUDENCIA DEL CONDUCTOR,31,NO RESPETAR DERECHO PREFERENTE DE PASO A PEATON,0,RICARDO VICUÑA,0,VILLAGRAN,RICARDO VICUÑA - VILLAGRAN,0, , , , ,2,0,1,UNIDIRECCIONAL,1,CONCRETO,1,BUENO,1,SECO,1,DESPEJADO,0,1,0,0,1
-8053773.74502892,-4505200.78817822,2513,21847,1380234,-72.3482805,-37.472695,77,LOS ANGELES,1,38721,2021,1380234,REGION BIO BIO,8301,LOS ANGELES,RICARDO VICU??ªA,VILLAGRAN,0,"RICARDO VICU??ªA & VILLAGRAN, LOS ANGELES",CHILE,GEOMETRIC_CENTER,53197,2021,1380234,1,2021/09/13 00:00:00+00,1899/12/30 00:00:00+00,8,REGION BIO BIO,8301,LOS ANGELES,32,COLISION LATERAL,30,COLISION,1,URBANA,11,CRUCE CON SEMAFORO FUNCIONANDO,1,IMPRUDENCIA DEL CONDUCTOR,27,CONDUCCION NO ATENTO CONDICIONES TRANSITO MOMENTO,0,RICARDO VICUÑA,0,VILLAGRAN,RICARDO VICUÑA - VILLAGRAN,0, , , , ,2,0,1,UNIDIRECCIONAL,2,ASFALTO,1,BUENO,1,SECO,1,DESPEJADO,0,0,0,0,2
-8053773.74502892,-4505200.78817822,2514,21848,1394964,-72.3482805,-37.472695,77,LOS ANGELES,1,49515,2021,1394964,REGION BIO BIO,8301,LOS ANGELES,RICARDO VICU??ªA,VILLAGRAN,0,"RICARDO VICU??ªA & VILLAGRAN, LOS ANGELES",CHILE,GEOMETRIC_CENTER,67467,2021,1394964,1,2021/11/11 00:00:00+00,1899/12/30 00:00:00+00,8,REGION BIO BIO,8301,LOS ANGELES,10,ATROPELLO,10,ATROPELLO,1,URBANA,11,CRUCE CON SEMAFORO FUNCIONANDO,1,IMPRUDENCIA DEL CONDUCTOR,27,CONDUCCION NO ATENTO CONDICIONES TRANSITO MOMENTO,0,RICARDO VICUÑA,0,VILLAGRAN,RICARDO VICUÑA - VILLAGRAN,0, , , , ,2,0,1,UNIDIRECCIONAL,1,CONCRETO,1,BUENO,1,SECO,1,DESPEJADO,0,0,0,1,1
-8053773.74502892,-4505200.78817822,2515,21849,1398195,-72.3482805,-37.472695,77,LOS ANGELES,1,51672,2021,1398195,REGION BIO BIO,8301,LOS ANGELES,LOS CARRERA,RICARDO VICU??ªA,0,"LOS CARRERA & RICARDO VICU??ªA, LOS ANGELES",CHILE,GEOMETRIC_CENTER,70282,2021,1398195,1,2021/11/21 00:00:00+00,1899/12/30 00:00:00+00,8,REGION BIO BIO,8301,LOS ANGELES,32,COLISION LATERAL,30,COLISION,1,URBANA,1,TRAMO DE VIA RECTA,1,IMPRUDENCIA DEL CONDUCTOR,27,CONDUCCION NO ATENTO CONDICIONES TRANSITO MOMENTO,0,LOS CARRERA,0,RICARDO VICUÑA,LOS CARRERA - RICARDO VICUÑA,0, , , , ,2,2,3,BIDIRECCIONAL CON BANDEJON,1,CONCRETO,1,BUENO,1,SECO,1,DESPEJADO,0,0,0,0,2
-8053773.74502892,-4505200.78817822,2516,21850,1405864,-72.3482805,-37.472695,77,LOS ANGELES,1,57523,2021,1405864,REGION BIO BIO,8301,LOS ANGELES,LOS CARRERA,RICARDO VICU??ªA,0,"LOS CARRERA & RICARDO VICU??ªA, LOS ANGELES",CHILE,GEOMETRIC_CENTER,78108,2021,1405864,1,2021/12/21 00:00:00+00,1899/12/30 00:00:00+00,8,REGION BIO BIO,8301,LOS ANGELES,32,COLISION LATERAL,30,COLISION,1,URBANA,11,CRUCE CON SEMAFORO FUNCIONANDO,1,IMPRUDENCIA DEL CONDUCTOR,27,CONDUCCION NO ATENTO CONDICIONES TRANSITO MOMENTO,0,LOS CARRERA,0,RICARDO VICUÑA,LOS CARRERA - RICARDO VICUÑA,0, , , , ,2,0,1,UNIDIRECCIONAL,2,ASFALTO,1,BUENO,1,SECO,1,DESPEJADO,0,0,0,0,2
-8051336.03742368,-4505198.83851058,2517,21851,1333981,-72.3263822,-37.4726811,77,LOS ANGELES,1,7094,2021,1333981,REGION BIO BIO,8301,LOS ANGELES,LAS INDUSTRIAS,GABRIELA MISTRAL,0,"LAS INDUSTRIAS & GABRIELA MISTRAL, LOS ANGELES",CHILE,GEOMETRIC_CENTER,9949,2021,1333981,1,2021/02/21 00:00:00+00,1899/12/30 00:00:00+00,8,REGION BIO BIO,8301,LOS ANGELES,32,COLISION LATERAL,30,COLISION,1,URBANA,1,TRAMO DE VIA RECTA,4,ALCOHOL EN CONDUCTOR,24,CONDUCCION EN ESTADO DE EBRIEDAD,0,LAS INDUSTRIAS,0,GABRIELA MISTRAL,GABRIELA MISTRAL - LAS INDUSTRIAS,0, , , , ,1,1,2,BIDIRECCIONAL,2,ASFALTO,1,BUENO,1,SECO,1,DESPEJADO,0,0,0,0,2