X,Y,FID,FID_1,LABELID,POINT_X,POINT_Y,FID_2,COMUNAREAL,VAL_COM,OBJECTID,A_O,IDACCIDENT,REGION,COD_COMUN,COMUNA,CALLE_UNO,CALLE_DOS,NUMERO,DIR_GEOCOD,PAIS,TIPO,OBJECTID_1,Año,Idaccide_1,Claseaccid,Fecha,Hora,Cód_Regi,Región,Cód_Comun,Comuna_1,Cód_Tipo_,Tipo_Accid,Cód_Tipo1,Tipo__CONA,Cód_Zona,Zona,Cód_Ubica,Ubicación,Cód_Causa,Causa__CON,Cód_Cau_1,Causa,Cód_Calle,Calle_Un_1,Cód_Cal_1,Calle_Do_1,Intersecci,Número,Ruta,Cód_Ruta,Ubicaci_1,Km_Vía_Fe,Pistas_de_,Pistas_de1,Cód_Calza,Calzada,Cód__Tipo,Tipo_Calza,Cód_Estad,Estado_Cal,Cód_Condi,Condición,Cód_Est_1,Estado_Atm,Fallecidos,Graves,Menos_Grav,Leves,Ilesos
-8051336.03742368,-4505198.83851058,2518,21852,1353258,-72.3263822,-37.4726811,77,LOS ANGELES,1,20672,2021,1353258,REGION BIO BIO,8301,LOS ANGELES,GABRIELA MISTRAL,LAS INDUSTRIAS,0,"GABRIELA MISTRAL & LAS INDUSTRIAS, LOS ANGELES",CHILE,GEOMETRIC_CENTER,28488,2021,1353258,1,2021/05/31 00:00:00+00,1899/12/30 00:00:00+00,8,REGION BIO BIO,8301,LOS ANGELES,33,COLISION POR ALCANCE,30,COLISION,1,URBANA,1,TRAMO DE VIA RECTA,14,OTRAS CAUSAS,98,OTRAS CAUSAS,0,GABRIELA MISTRAL,0,LAS INDUSTRIAS,GABRIELA MISTRAL - LAS INDUSTRIAS,0, , , , ,1,1,2,BIDIRECCIONAL,1,CONCRETO,1,BUENO,3,MOJADO,3,LLUVIA,0,0,0,2,0
-8051336.03742368,-4505198.83851058,2519,21853,1367978,-72.3263822,-37.4726811,77,LOS ANGELES,1,30556,2021,1367978,REGION BIO BIO,8301,LOS ANGELES,LAS INDUSTRIAS,GABRIELA MISTRAL,0,"LAS INDUSTRIAS & GABRIELA MISTRAL, LOS ANGELES",CHILE,GEOMETRIC_CENTER,42226,2021,1367978,1,2021/07/30 00:00:00+00,1899/12/30 00:00:00+00,8,REGION BIO BIO,8301,LOS ANGELES,30,COLISION,30,COLISION,1,URBANA,11,CRUCE CON SEMAFORO FUNCIONANDO,1,IMPRUDENCIA DEL CONDUCTOR,27,CONDUCCION NO ATENTO CONDICIONES TRANSITO MOMENTO,0,LAS INDUSTRIAS,0,GABRIELA MISTRAL,GABRIELA MISTRAL - LAS INDUSTRIAS,0, , , , ,1,1,2,BIDIRECCIONAL,2,ASFALTO,1,BUENO,1,SECO,1,DESPEJADO,0,0,0,1,2
-8051336.03742368,-4505198.83851058,2520,21854,1374130,-72.3263822,-37.4726811,77,LOS ANGELES,1,34426,2021,1374130,REGION BIO BIO,8301,LOS ANGELES,GABRIELA MISTRAL,LAS INDUSTRIAS,0,"GABRIELA MISTRAL & LAS INDUSTRIAS, LOS ANGELES",CHILE,GEOMETRIC_CENTER,47454,2021,1374130,1,2021/08/20 00:00:00+00,1899/12/30 00:00:00+00,8,REGION BIO BIO,8301,LOS ANGELES,63,CHOQUE FRENTE/POSTERIOR,40,CHOQUE,1,URBANA,1,TRAMO DE VIA RECTA,1,IMPRUDENCIA DEL CONDUCTOR,27,CONDUCCION NO ATENTO CONDICIONES TRANSITO MOMENTO,0,GABRIELA MISTRAL,0,LAS INDUSTRIAS,GABRIELA MISTRAL - LAS INDUSTRIAS,0, , , , ,2,2,3,BIDIRECCIONAL CON BANDEJON,1,CONCRETO,1,BUENO,3,MOJADO,3,LLUVIA,0,0,0,0,2
-8051336.03742368,-4505198.83851058,2521,21855,1388211,-72.3263822,-37.4726811,77,LOS ANGELES,1,44754,2021,1388211,REGION BIO BIO,8301,LOS ANGELES,LAS INDUSTRIAS,GABRIELA MISTRAL,0,"LAS INDUSTRIAS & GABRIELA MISTRAL, LOS ANGELES",CHILE,GEOMETRIC_CENTER,61172,2021,1388211,1,2021/10/16 00:00:00+00,1899/12/30 00:00:00+00,8,REGION BIO BIO,8301,LOS ANGELES,32,COLISION LATERAL,30,COLISION,1,URBANA,1,TRAMO DE VIA RECTA,1,IMPRUDENCIA DEL CONDUCTOR,11,ADELANTAMIENTO SIN EL ESPACIO O TIEMPO SUFICIENTE,0,LAS INDUSTRIAS,0,GABRIELA MISTRAL,GABRIELA MISTRAL - LAS INDUSTRIAS,0, , , , ,2,2,3,BIDIRECCIONAL CON BANDEJON,1,CONCRETO,1,BUENO,1,SECO,1,DESPEJADO,0,0,0,0,2
-8051336.03742368,-4505198.83851058,2522,21856,1404113,-72.3263822,-37.4726811,77,LOS ANGELES,1,56051,2021,1404113,REGION BIO BIO,8301,LOS ANGELES,LAS INDUSTRIAS,GABRIELA MISTRAL,0,"LAS INDUSTRIAS & GABRIELA MISTRAL, LOS ANGELES",CHILE,GEOMETRIC_CENTER,76210,2021,1404113,1,2021/12/14 00:00:00+00,1899/12/30 00:00:00+00,8,REGION BIO BIO,8301,LOS ANGELES,68,CHOQUE POSTERIOR/LADO,40,CHOQUE,1,URBANA,1,TRAMO DE VIA RECTA,1,IMPRUDENCIA DEL CONDUCTOR,27,CONDUCCION NO ATENTO CONDICIONES TRANSITO MOMENTO,0,LAS INDUSTRIAS,0,GABRIELA MISTRAL,GABRIELA MISTRAL - LAS INDUSTRIAS,0, , , , ,2,0,1,UNIDIRECCIONAL,1,CONCRETO,2,REGULAR,1,SECO,1,DESPEJADO,0,0,0,0,2
-8051336.03742368,-4505198.83851058,2523,21857,1405998,-72.3263822,-37.4726811,77,LOS ANGELES,1,57601,2021,1405998,REGION BIO BIO,8301,LOS ANGELES,LAS INDUSTRIAS,GABRIELA MISTRAL,0,"LAS INDUSTRIAS & GABRIELA MISTRAL, LOS ANGELES",CHILE,GEOMETRIC_CENTER,78210,2021,1405998,1,2021/12/21 00:00:00+00,1899/12/30 00:00:00+00,8,REGION BIO BIO,8301,LOS ANGELES,32,COLISION LATERAL,30,COLISION,1,URBANA,1,TRAMO DE VIA RECTA,1,IMPRUDENCIA DEL CONDUCTOR,11,ADELANTAMIENTO SIN EL ESPACIO O TIEMPO SUFICIENTE,0,LAS INDUSTRIAS,0,GABRIELA MISTRAL,GABRIELA MISTRAL - LAS INDUSTRIAS,0, , , , ,1,1,2,BIDIRECCIONAL,2,ASFALTO,1,BUENO,1,SECO,1,DESPEJADO,0,0,0,0,2
-8055181.04603153,-4505193.71888147,2524,21858,1374629,-72.3609225,-37.4726446,77,LOS ANGELES,1,35143,2021,1374629,REGION BIO BIO,8301,LOS ANGELES,RICARDO VICU??ªA, ,1006,"RICARDO VICU??ªA 1006, LOS ANGELES",CHILE,RANGE_INTERPOLATED,48426,2021,1374629,1,2021/08/25 00:00:00+00,1899/12/30 00:00:00+00,8,REGION BIO BIO,8301,LOS ANGELES,32,COLISION LATERAL,30,COLISION,1,URBANA,1,TRAMO DE VIA RECTA,1,IMPRUDENCIA DEL CONDUCTOR,27,CONDUCCION NO ATENTO CONDICIONES TRANSITO MOMENTO,0,RICARDO VICUÑA,0, ,- RICARDO VICUÑA,1006, , , , ,2,0,1,UNIDIRECCIONAL,1,CONCRETO,1,BUENO,3,MOJADO,3,LLUVIA,0,0,0,0,2
-8053918.33791551,-4505189.28654705,2525,21859,1367087,-72.3495794,-37.472613,77,LOS ANGELES,1,29648,2021,1367087,REGION BIO BIO,8301,LOS ANGELES,RICARDO VICU??ªA,ALMAGRO,0,"RICARDO VICU??ªA & ALMAGRO, LOS ANGELES",CHILE,GEOMETRIC_CENTER,41012,2021,1367087,1,2021/07/25 00:00:00+00,1899/12/30 00:00:00+00,8,REGION BIO BIO,8301,LOS ANGELES,32,COLISION LATERAL,30,COLISION,1,URBANA,11,CRUCE CON SEMAFORO FUNCIONANDO,1,IMPRUDENCIA DEL CONDUCTOR,27,CONDUCCION NO ATENTO CONDICIONES TRANSITO MOMENTO,0,RICARDO VICUÑA,0,ALMAGRO,ALMAGRO - RICARDO VICUÑA,0, , , , ,2,0,1,UNIDIRECCIONAL,1,CONCRETO,1,BUENO,1,SECO,2,NUBLADO,0,0,0,0,2
-8054087.05373576,-4505175.56876443,2526,21860,1334225,-72.351095,-37.4725152,77,LOS ANGELES,1,7255,2021,1334225,REGION BIO BIO,8301,LOS ANGELES,RICARDO VICU??ªA,COLON,0,"RICARDO VICU??ªA & COLON, LOS ANGELES",CHILE,GEOMETRIC_CENTER,10206,2021,1334225,1,2021/02/23 00:00:00+00,1899/12/30 00:00:00+00,8,REGION BIO BIO,8301,LOS ANGELES,32,COLISION LATERAL,30,COLISION,1,URBANA,1,TRAMO DE VIA RECTA,1,IMPRUDENCIA DEL CONDUCTOR,27,CONDUCCION NO ATENTO CONDICIONES TRANSITO MOMENTO,0,RICARDO VICUÑA,0,COLON,COLON - RICARDO VICUÑA,0, , , , ,2,0,1,UNIDIRECCIONAL,1,CONCRETO,1,BUENO,1,SECO,1,DESPEJADO,0,0,0,2,2
-8054087.05373576,-4505175.56876443,2527,21861,1349258,-72.351095,-37.4725152,77,LOS ANGELES,1,18219,2021,1349258,REGION BIO BIO,8301,LOS ANGELES,RICARDO VICU??ªA,COLON,0,"RICARDO VICU??ªA & COLON, LOS ANGELES",CHILE,GEOMETRIC_CENTER,25054,2021,1349258,1,2021/05/15 00:00:00+00,1899/12/30 00:00:00+00,8,REGION BIO BIO,8301,LOS ANGELES,63,CHOQUE FRENTE/POSTERIOR,40,CHOQUE,1,URBANA,11,CRUCE CON SEMAFORO FUNCIONANDO,1,IMPRUDENCIA DEL CONDUCTOR,27,CONDUCCION NO ATENTO CONDICIONES TRANSITO MOMENTO,0,RICARDO VICUÑA,0,COLON,COLON - RICARDO VICUÑA,0, , , , ,2,0,1,UNIDIRECCIONAL,1,CONCRETO,2,REGULAR,1,SECO,1,DESPEJADO,0,0,0,1,3
-8054087.05373576,-4505175.56876443,2528,21862,1362598,-72.351095,-37.4725152,77,LOS ANGELES,1,26141,2021,1362598,REGION BIO BIO,8301,LOS ANGELES,BERNARDO O'HIGGINS,RICARDO VICU??ªA,0,"BERNARDO O'HIGGINS & RICARDO VICU??ªA, LOS ANGELES",CHILE,GEOMETRIC_CENTER,36086,2021,1362598,1,2021/07/05 00:00:00+00,1899/12/30 00:00:00+00,8,REGION BIO BIO,8301,LOS ANGELES,63,CHOQUE FRENTE/POSTERIOR,40,CHOQUE,1,URBANA,1,TRAMO DE VIA RECTA,1,IMPRUDENCIA DEL CONDUCTOR,27,CONDUCCION NO ATENTO CONDICIONES TRANSITO MOMENTO,0,BERNARDO O'HIGGINS,0,RICARDO VICUÑA,BERNARDO O'HIGGINS - RICARDO VICUÑA,0, , , , ,1,0,1,UNIDIRECCIONAL,1,CONCRETO,1,BUENO,1,SECO,2,NUBLADO,0,0,0,0,2
-8054087.05373576,-4505175.56876443,2529,21863,1375430,-72.351095,-37.4725152,77,LOS ANGELES,1,35501,2021,1375430,REGION BIO BIO,8301,LOS ANGELES,RICARDO VICU??ªA,O'HIGGINS,0,"RICARDO VICU??ªA & O'HIGGINS, LOS ANGELES",CHILE,GEOMETRIC_CENTER,48884,2021,1375430,1,2021/08/27 00:00:00+00,1899/12/30 00:00:00+00,8,REGION BIO BIO,8301,LOS ANGELES,32,COLISION LATERAL,30,COLISION,1,URBANA,1,TRAMO DE VIA RECTA,1,IMPRUDENCIA DEL CONDUCTOR,27,CONDUCCION NO ATENTO CONDICIONES TRANSITO MOMENTO,0,RICARDO VICUÑA,0,O'HIGGINS,O'HIGGINS - RICARDO VICUÑA,0, , , , ,2,0,1,UNIDIRECCIONAL,2,ASFALTO,1,BUENO,1,SECO,1,DESPEJADO,0,0,0,0,2
-8054087.05373576,-4505175.56876443,2530,21864,1375668,-72.351095,-37.4725152,77,LOS ANGELES,1,36249,2021,1375668,REGION BIO BIO,8301,LOS ANGELES,COLON,RICARDO VICU??ªA,0,"COLON & RICARDO VICU??ªA, LOS ANGELES",CHILE,GEOMETRIC_CENTER,49882,2021,1375668,1,2021/08/31 00:00:00+00,1899/12/30 00:00:00+00,8,REGION BIO BIO,8301,LOS ANGELES,32,COLISION LATERAL,30,COLISION,1,URBANA,11,CRUCE CON SEMAFORO FUNCIONANDO,1,IMPRUDENCIA DEL CONDUCTOR,27,CONDUCCION NO ATENTO CONDICIONES TRANSITO MOMENTO,0,COLON,0,RICARDO VICUÑA,COLON - RICARDO VICUÑA,0, , , , ,2,0,1,UNIDIRECCIONAL,2,ASFALTO,1,BUENO,1,SECO,1,DESPEJADO,0,0,0,4,1
-8054087.05373576,-4505175.56876443,2531,21865,1390325,-72.351095,-37.4725152,77,LOS ANGELES,1,46159,2021,1390325,REGION BIO BIO,8301,LOS ANGELES,BERNARDO O'HIGGINS,RICARDO VICU??ªA,0,"BERNARDO O'HIGGINS & RICARDO VICU??ªA, LOS ANGELES",CHILE,GEOMETRIC_CENTER,63053,2021,1390325,1,2021/10/24 00:00:00+00,1899/12/30 00:00:00+00,8,REGION BIO BIO,8301,LOS ANGELES,32,COLISION LATERAL,30,COLISION,1,URBANA,11,CRUCE CON SEMAFORO FUNCIONANDO,1,IMPRUDENCIA DEL CONDUCTOR,27,CONDUCCION NO ATENTO CONDICIONES TRANSITO MOMENTO,0,BERNARDO O'HIGGINS,0,RICARDO VICUÑA,BERNARDO O'HIGGINS - RICARDO VICUÑA,0, , , , ,2,0,1,UNIDIRECCIONAL,1,CONCRETO,1,BUENO,1,SECO,1,DESPEJADO,0,0,0,2,1
-8055168.40013738,-4505168.3451949,2532,21866,1342195,-72.3608089,-37.4724637,77,LOS ANGELES,1,13080,2021,1342195,REGION BIO BIO,8301,LOS ANGELES,CAMILO HENRIQUEZ,RICARDO VICU??ªA,0,"CAMILO HENRIQUEZ & RICARDO VICU??ªA, LOS ANGELES",CHILE,GEOMETRIC_CENTER,18056,2021,1342195,1,2021/04/06 00:00:00+00,1899/12/30 00:00:00+00,8,REGION BIO BIO,8301,LOS ANGELES,31,COLISION FRONTAL,30,COLISION,1,URBANA,1,TRAMO DE VIA RECTA,1,IMPRUDENCIA DEL CONDUCTOR,27,CONDUCCION NO ATENTO CONDICIONES TRANSITO MOMENTO,0,CAMILO HENRIQUEZ,0,RICARDO VICUÑA,CAMILO HENRIQUEZ - RICARDO VICUÑA,0, , , , ,2,2,2,BIDIRECCIONAL,2,ASFALTO,1,BUENO,3,MOJADO,1,DESPEJADO,0,1,0,0,1
-8055418.00069964,-4505165.70824261,2533,21867,1387299,-72.3630511,-37.4724449,77,LOS ANGELES,1,44583,2021,1387299,REGION BIO BIO,8301,LOS ANGELES,RICARDO VICU??ªA, ,1118,"RICARDO VICU??ªA 1118, LOS ANGELES",CHILE,RANGE_INTERPOLATED,60938,2021,1387299,1,2021/10/15 00:00:00+00,1899/12/30 00:00:00+00,8,REGION BIO BIO,8301,LOS ANGELES,62,CHOQUE FRENTE/LADO,40,CHOQUE,1,URBANA,1,TRAMO DE VIA RECTA,1,IMPRUDENCIA DEL CONDUCTOR,27,CONDUCCION NO ATENTO CONDICIONES TRANSITO MOMENTO,0,RICARDO VICUÑA,0, ,- RICARDO VICUÑA,1118, , , , ,2,0,1,UNIDIRECCIONAL,1,CONCRETO,2,REGULAR,2,HUMEDO,3,LLUVIA,0,0,0,0,2
-8055347.36848273,-4505154.95004517,2534,21868,1374723,-72.3624166,-37.4723682,77,LOS ANGELES,1,35219,2021,1374723,REGION BIO BIO,8301,LOS ANGELES,RICARDO VICU??ªA,ALCAZAR,0,"RICARDO VICU??ªA & ALCAZAR, LOS ANGELES",CHILE,GEOMETRIC_CENTER,48518,2021,1374723,1,2021/08/25 00:00:00+00,1899/12/30 00:00:00+00,8,REGION BIO BIO,8301,LOS ANGELES,32,COLISION LATERAL,30,COLISION,1,URBANA,15,CRUCE CON SEÑAL CEDA EL PASO,1,IMPRUDENCIA DEL CONDUCTOR,27,CONDUCCION NO ATENTO CONDICIONES TRANSITO MOMENTO,0,RICARDO VICUÑA,0,ALCAZAR,ALCAZAR - RICARDO VICUÑA,0, , , , ,2,0,1,UNIDIRECCIONAL,1,CONCRETO,2,REGULAR,3,MOJADO,3,LLUVIA,0,0,0,3,0
-8054050.67452617,-4505152.56557005,2535,21869,1404058,-72.3507682,-37.4723512,77,LOS ANGELES,1,55847,2021,1404058,REGION BIO BIO,8301,LOS ANGELES,RICARDO VICU??ªA, ,371,"RICARDO VICU??ªA 371, LOS ANGELES",CHILE,RANGE_INTERPOLATED,75926,2021,1404058,1,2021/12/13 00:00:00+00,1899/12/30 00:00:00+00,8,REGION BIO BIO,8301,LOS ANGELES,63,CHOQUE FRENTE/POSTERIOR,40,CHOQUE,1,URBANA,1,TRAMO DE VIA RECTA,1,IMPRUDENCIA DEL CONDUCTOR,27,CONDUCCION NO ATENTO CONDICIONES TRANSITO MOMENTO,0,RICARDO VICUÑA,0, ,- RICARDO VICUÑA,371, , , , ,2,0,1,UNIDIRECCIONAL,1,CONCRETO,1,BUENO,1,SECO,1,DESPEJADO,0,0,0,1,2
-8053260.7068917,-4505148.42780568,2536,21870,1395477,-72.3436718,-37.4723217,77,LOS ANGELES,1,50366,2021,1395477,REGION BIO BIO,8301,LOS ANGELES,DARIO BARRUETO,RICARDO VICU??ªA,0,"DARIO BARRUETO & RICARDO VICU??ªA, LOS ANGELES",CHILE,GEOMETRIC_CENTER,68616,2021,1395477,1,2021/11/15 00:00:00+00,1899/12/30 00:00:00+00,8,REGION BIO BIO,8301,LOS ANGELES,30,COLISION,30,COLISION,1,URBANA,15,CRUCE CON SEÑAL CEDA EL PASO,1,IMPRUDENCIA DEL CONDUCTOR,27,CONDUCCION NO ATENTO CONDICIONES TRANSITO MOMENTO,0,DARIO BARRUETO,0,RICARDO VICUÑA,DARIO BARRUETO - RICARDO VICUÑA,0, , , , ,2,0,1,UNIDIRECCIONAL,1,CONCRETO,2,REGULAR,3,MOJADO,3,LLUVIA,0,1,0,0,1
-8053260.7068917,-4505148.42780568,2537,21871,1401195,-72.3436718,-37.4723217,77,LOS ANGELES,1,53812,2021,1401195,REGION BIO BIO,8301,LOS ANGELES,DARIO BARRUETO,RICARDO VICU??ªA,0,"DARIO BARRUETO & RICARDO VICU??ªA, LOS ANGELES",CHILE,GEOMETRIC_CENTER,73130,2021,1401195,1,2021/12/02 00:00:00+00,1899/12/30 00:00:00+00,8,REGION BIO BIO,8301,LOS ANGELES,10,ATROPELLO,10,ATROPELLO,1,URBANA,15,CRUCE CON SEÑAL CEDA EL PASO,1,IMPRUDENCIA DEL CONDUCTOR,27,CONDUCCION NO ATENTO CONDICIONES TRANSITO MOMENTO,0,DARIO BARRUETO,0,RICARDO VICUÑA,DARIO BARRUETO - RICARDO VICUÑA,0, , , , ,1,1,2,BIDIRECCIONAL,1,CONCRETO,2,REGULAR,1,SECO,2,NUBLADO,0,0,0,1,1
-8053260.7068917,-4505148.42780568,2538,21872,1404115,-72.3436718,-37.4723217,77,LOS ANGELES,1,56021,2021,1404115,REGION BIO BIO,8301,LOS ANGELES,DARIO BARRUETO,RICARDO VICU??ªA,0,"DARIO BARRUETO & RICARDO VICU??ªA, LOS ANGELES",CHILE,GEOMETRIC_CENTER,76167,2021,1404115,1,2021/12/14 00:00:00+00,1899/12/30 00:00:00+00,8,REGION BIO BIO,8301,LOS ANGELES,32,COLISION LATERAL,30,COLISION,1,URBANA,1,TRAMO DE VIA RECTA,1,IMPRUDENCIA DEL CONDUCTOR,27,CONDUCCION NO ATENTO CONDICIONES TRANSITO MOMENTO,0,DARIO BARRUETO,0,RICARDO VICUÑA,DARIO BARRUETO - RICARDO VICUÑA,0, , , , ,2,0,1,UNIDIRECCIONAL,2,ASFALTO,1,BUENO,1,SECO,1,DESPEJADO,0,0,0,1,1
-8051556.33869597,-4505148.18935829,2539,21873,1331979,-72.3283612,-37.47232,77,LOS ANGELES,1,5908,2021,1331979,REGION BIO BIO,8301,LOS ANGELES,GABRIELA MISTRAL, ,1751,"GABRIELA MISTRAL 1751, LOS ANGELES",CHILE,RANGE_INTERPOLATED,8237,2021,1331979,1,2021/02/12 00:00:00+00,1899/12/30 00:00:00+00,8,REGION BIO BIO,8301,LOS ANGELES,63,CHOQUE FRENTE/POSTERIOR,40,CHOQUE,1,URBANA,1,TRAMO DE VIA RECTA,1,IMPRUDENCIA DEL CONDUCTOR,27,CONDUCCION NO ATENTO CONDICIONES TRANSITO MOMENTO,0,GABRIELA MISTRAL,0, ,- GABRIELA MISTRAL,1751, , , , ,1,0,1,UNIDIRECCIONAL,2,ASFALTO,2,REGULAR,2,HUMEDO,1,DESPEJADO,0,0,0,0,2
-8051565.96783192,-4505144.57056919,2540,21874,1338895,-72.3284477,-37.4722942,77,LOS ANGELES,1,10897,2021,1338895,REGION BIO BIO,8301,LOS ANGELES,ALEMANIA,CORDILLERA,0,"ALEMANIA & CORDILLERA, LOS ANGELES",CHILE,GEOMETRIC_CENTER,15126,2021,1338895,1,2021/03/18 00:00:00+00,1899/12/30 00:00:00+00,8,REGION BIO BIO,8301,LOS ANGELES,63,CHOQUE FRENTE/POSTERIOR,40,CHOQUE,1,URBANA,11,CRUCE CON SEMAFORO FUNCIONANDO,1,IMPRUDENCIA DEL CONDUCTOR,27,CONDUCCION NO ATENTO CONDICIONES TRANSITO MOMENTO,0,ALEMANIA,0,CORDILLERA,ALEMANIA - CORDILLERA,0, , , , ,1,1,2,BIDIRECCIONAL,1,CONCRETO,1,BUENO,1,SECO,1,DESPEJADO,0,0,0,0,2
-8051565.96783192,-4505144.57056919,2541,21875,1344731,-72.3284477,-37.4722942,77,LOS ANGELES,1,14621,2021,1344731,REGION BIO BIO,8301,LOS ANGELES,ALEMANIA,MARCO LA TAPIA,0,"ALEMANIA & MARCO LA TAPIA, LOS ANGELES",CHILE,GEOMETRIC_CENTER,20150,2021,1344731,1,2021/04/19 00:00:00+00,1899/12/30 00:00:00+00,8,REGION BIO BIO,8301,LOS ANGELES,32,COLISION LATERAL,30,COLISION,1,URBANA,1,TRAMO DE VIA RECTA,1,IMPRUDENCIA DEL CONDUCTOR,27,CONDUCCION NO ATENTO CONDICIONES TRANSITO MOMENTO,0,ALEMANIA,0,MARCO LA TAPIA,ALEMANIA - MARCO LA TAPIA,0, , , , ,2,1,3,BIDIRECCIONAL CON BANDEJON,1,CONCRETO,1,BUENO,1,SECO,1,DESPEJADO,0,1,0,0,1
-8051565.96783192,-4505144.57056919,2542,21876,1367089,-72.3284477,-37.4722942,77,LOS ANGELES,1,29691,2021,1367089,REGION BIO BIO,8301,LOS ANGELES,ALEMANIA,CORDILLERA,0,"ALEMANIA & CORDILLERA, LOS ANGELES",CHILE,GEOMETRIC_CENTER,41076,2021,1367089,1,2021/07/25 00:00:00+00,1899/12/30 00:00:00+00,8,REGION BIO BIO,8301,LOS ANGELES,52,CHOQUE LATERAL,40,CHOQUE,1,URBANA,11,CRUCE CON SEMAFORO FUNCIONANDO,4,ALCOHOL EN CONDUCTOR,24,CONDUCCION EN ESTADO DE EBRIEDAD,0,ALEMANIA,0,CORDILLERA,ALEMANIA - CORDILLERA,0, , , , ,2,0,1,UNIDIRECCIONAL,2,ASFALTO,1,BUENO,3,MOJADO,4,LLOVIZNA,0,0,0,2,0
-8051565.96783192,-4505144.57056919,2543,21877,1367092,-72.3284477,-37.4722942,77,LOS ANGELES,1,29765,2021,1367092,REGION BIO BIO,8301,LOS ANGELES,ALEMANIA,MARCO LA TAPIA,0,"ALEMANIA & MARCO LA TAPIA, LOS ANGELES",CHILE,GEOMETRIC_CENTER,41181,2021,1367092,1,2021/07/26 00:00:00+00,1899/12/30 00:00:00+00,8,REGION BIO BIO,8301,LOS ANGELES,32,COLISION LATERAL,30,COLISION,1,URBANA,11,CRUCE CON SEMAFORO FUNCIONANDO,1,IMPRUDENCIA DEL CONDUCTOR,27,CONDUCCION NO ATENTO CONDICIONES TRANSITO MOMENTO,0,ALEMANIA,0,MARCO LA TAPIA,ALEMANIA - MARCO LA TAPIA,0, , , , ,2,2,2,BIDIRECCIONAL,2,ASFALTO,1,BUENO,1,SECO,1,DESPEJADO,0,0,0,2,0
-8051565.96783192,-4505144.57056919,2544,21878,1396501,-72.3284477,-37.4722942,77,LOS ANGELES,1,50721,2021,1396501,REGION BIO BIO,8301,LOS ANGELES,ALEMANIA,CORDILLERA,0,"ALEMANIA & CORDILLERA, LOS ANGELES",CHILE,GEOMETRIC_CENTER,69060,2021,1396501,1,2021/11/16 00:00:00+00,1899/12/30 00:00:00+00,8,REGION BIO BIO,8301,LOS ANGELES,30,COLISION,30,COLISION,1,URBANA,11,CRUCE CON SEMAFORO FUNCIONANDO,1,IMPRUDENCIA DEL CONDUCTOR,27,CONDUCCION NO ATENTO CONDICIONES TRANSITO MOMENTO,0,ALEMANIA,0,CORDILLERA,ALEMANIA - CORDILLERA,0, , , , ,2,2,3,BIDIRECCIONAL CON BANDEJON,1,CONCRETO,1,BUENO,1,SECO,1,DESPEJADO,0,0,0,1,1
-8053097.50138625,-4505143.25209594,2545,21879,1386447,-72.3422057,-37.4722848,77,LOS ANGELES,1,43881,2021,1386447,REGION BIO BIO,8301,LOS ANGELES,RICARDO VICU??ªA, ,405,"RICARDO VICU??ªA 405, LOS ANGELES",CHILE,RANGE_INTERPOLATED,60054,2021,1386447,1,2021/10/12 00:00:00+00,1899/12/30 00:00:00+00,8,REGION BIO BIO,8301,LOS ANGELES,63,CHOQUE FRENTE/POSTERIOR,40,CHOQUE,1,URBANA,1,TRAMO DE VIA RECTA,1,IMPRUDENCIA DEL CONDUCTOR,27,CONDUCCION NO ATENTO CONDICIONES TRANSITO MOMENTO,0,RICARDO VICUÑA,0, ,- RICARDO VICUÑA,405, , , , ,2,0,1,UNIDIRECCIONAL,2,ASFALTO,1,BUENO,1,SECO,2,NUBLADO,0,0,0,0,2
-8054588.73728492,-4505139.33875613,2546,21880,1332474,-72.3556017,-37.4722569,77,LOS ANGELES,1,6385,2021,1332474,REGION BIO BIO,8301,LOS ANGELES,RICARDO VICU??ªA,ERCILLA,0,"RICARDO VICU??ªA & ERCILLA, LOS ANGELES",CHILE,GEOMETRIC_CENTER,8918,2021,1332474,1,2021/02/16 00:00:00+00,1899/12/30 00:00:00+00,8,REGION BIO BIO,8301,LOS ANGELES,31,COLISION FRONTAL,30,COLISION,1,URBANA,15,CRUCE CON SEÑAL CEDA EL PASO,1,IMPRUDENCIA DEL CONDUCTOR,27,CONDUCCION NO ATENTO CONDICIONES TRANSITO MOMENTO,0,RICARDO VICUÑA,0,ERCILLA,ERCILLA - RICARDO VICUÑA,0, , , , ,1,1,3,BIDIRECCIONAL CON BANDEJON,1,CONCRETO,1,BUENO,1,SECO,1,DESPEJADO,0,0,0,1,1
-8054588.73728492,-4505139.33875613,2547,21881,1367090,-72.3556017,-37.4722569,77,LOS ANGELES,1,29719,2021,1367090,REGION BIO BIO,8301,LOS ANGELES,ERCILLA,RICARDO VICU??ªA,0,"ERCILLA & RICARDO VICU??ªA, LOS ANGELES",CHILE,GEOMETRIC_CENTER,41121,2021,1367090,1,2021/07/26 00:00:00+00,1899/12/30 00:00:00+00,8,REGION BIO BIO,8301,LOS ANGELES,33,COLISION POR ALCANCE,30,COLISION,1,URBANA,1,TRAMO DE VIA RECTA,1,IMPRUDENCIA DEL CONDUCTOR,27,CONDUCCION NO ATENTO CONDICIONES TRANSITO MOMENTO,0,ERCILLA,0,RICARDO VICUÑA,ERCILLA - RICARDO VICUÑA,0, , , , ,2,0,1,UNIDIRECCIONAL,2,ASFALTO,2,REGULAR,2,HUMEDO,1,DESPEJADO,0,0,0,1,1