X,Y,FID,FID_1,LABELID,POINT_X,POINT_Y,FID_2,COMUNAREAL,VAL_COM,OBJECTID,A_O,IDACCIDENT,REGION,COD_COMUN,COMUNA,CALLE_UNO,CALLE_DOS,NUMERO,DIR_GEOCOD,PAIS,TIPO,OBJECTID_1,Año,Idaccide_1,Claseaccid,Fecha,Hora,Cód_Regi,Región,Cód_Comun,Comuna_1,Cód_Tipo_,Tipo_Accid,Cód_Tipo1,Tipo__CONA,Cód_Zona,Zona,Cód_Ubica,Ubicación,Cód_Causa,Causa__CON,Cód_Cau_1,Causa,Cód_Calle,Calle_Un_1,Cód_Cal_1,Calle_Do_1,Intersecci,Número,Ruta,Cód_Ruta,Ubicaci_1,Km_Vía_Fe,Pistas_de_,Pistas_de1,Cód_Calza,Calzada,Cód__Tipo,Tipo_Calza,Cód_Estad,Estado_Cal,Cód_Condi,Condición,Cód_Est_1,Estado_Atm,Fallecidos,Graves,Menos_Grav,Leves,Ilesos
-8054588.73728492,-4505139.33875613,2548,21882,1396787,-72.3556017,-37.4722569,77,LOS ANGELES,1,50777,2021,1396787,REGION BIO BIO,8301,LOS ANGELES,RICARDO VICU??ªA,ERCILLA,0,"RICARDO VICU??ªA & ERCILLA, LOS ANGELES",CHILE,GEOMETRIC_CENTER,69138,2021,1396787,1,2021/11/17 00:00:00+00,1899/12/30 00:00:00+00,8,REGION BIO BIO,8301,LOS ANGELES,32,COLISION LATERAL,30,COLISION,1,URBANA,11,CRUCE CON SEMAFORO FUNCIONANDO,1,IMPRUDENCIA DEL CONDUCTOR,91,VIRAJES INDEBIDOS,0,RICARDO VICUÑA,0,ERCILLA,ERCILLA - RICARDO VICUÑA,0, , , , ,2,0,1,UNIDIRECCIONAL,1,CONCRETO,1,BUENO,1,SECO,1,DESPEJADO,0,0,0,0,2
-8054588.73728492,-4505139.33875613,2549,21883,1408055,-72.3556017,-37.4722569,77,LOS ANGELES,1,58866,2021,1408055,REGION BIO BIO,8301,LOS ANGELES,RICARDO VICU??ªA,ERCILLA,0,"RICARDO VICU??ªA & ERCILLA, LOS ANGELES",CHILE,GEOMETRIC_CENTER,79993,2021,1408055,1,2021/12/28 00:00:00+00,1899/12/30 00:00:00+00,8,REGION BIO BIO,8301,LOS ANGELES,31,COLISION FRONTAL,30,COLISION,1,URBANA,15,CRUCE CON SEÑAL CEDA EL PASO,1,IMPRUDENCIA DEL CONDUCTOR,27,CONDUCCION NO ATENTO CONDICIONES TRANSITO MOMENTO,0,RICARDO VICUÑA,0,ERCILLA,ERCILLA - RICARDO VICUÑA,0, , , , ,2,0,1,UNIDIRECCIONAL,2,ASFALTO,2,REGULAR,1,SECO,1,DESPEJADO,0,0,0,1,1
-8054801.7805264,-4505122.423046,2550,21884,1353187,-72.3575155,-37.4721363,77,LOS ANGELES,1,20596,2021,1353187,REGION BIO BIO,8301,LOS ANGELES,RICARDO VICU??ªA,ARTURO PRAT,0,"RICARDO VICU??ªA & ARTURO PRAT, LOS ANGELES",CHILE,GEOMETRIC_CENTER,28387,2021,1353187,1,2021/05/31 00:00:00+00,1899/12/30 00:00:00+00,8,REGION BIO BIO,8301,LOS ANGELES,32,COLISION LATERAL,30,COLISION,1,URBANA,11,CRUCE CON SEMAFORO FUNCIONANDO,1,IMPRUDENCIA DEL CONDUCTOR,27,CONDUCCION NO ATENTO CONDICIONES TRANSITO MOMENTO,0,RICARDO VICUÑA,0,ARTURO PRAT,ARTURO PRAT - RICARDO VICUÑA,0, , , , ,1,1,2,BIDIRECCIONAL,1,CONCRETO,1,BUENO,2,HUMEDO,4,LLOVIZNA,0,0,0,0,2
-8054983.42053953,-4505109.49082168,2551,21885,1329881,-72.3591472,-37.4720441,77,LOS ANGELES,1,4341,2021,1329881,REGION BIO BIO,8301,LOS ANGELES,RICARDO VICU??ªA,URENDA,0,"RICARDO VICU??ªA & URENDA, LOS ANGELES",CHILE,GEOMETRIC_CENTER,6101,2021,1329881,1,2021/02/01 00:00:00+00,1899/12/30 00:00:00+00,8,REGION BIO BIO,8301,LOS ANGELES,63,CHOQUE FRENTE/POSTERIOR,40,CHOQUE,1,URBANA,15,CRUCE CON SEÑAL CEDA EL PASO,1,IMPRUDENCIA DEL CONDUCTOR,27,CONDUCCION NO ATENTO CONDICIONES TRANSITO MOMENTO,0,RICARDO VICUÑA,0,URENDA,RICARDO VICUÑA - URENDA,0, , , , ,1,1,2,BIDIRECCIONAL,1,CONCRETO,1,BUENO,1,SECO,1,DESPEJADO,0,0,0,0,2
-8054983.42053953,-4505109.49082168,2552,21886,1353792,-72.3591472,-37.4720441,77,LOS ANGELES,1,21026,2021,1353792,REGION BIO BIO,8301,LOS ANGELES,URENDA,RICARDO VICU??ªA,0,"URENDA & RICARDO VICU??ªA, LOS ANGELES",CHILE,GEOMETRIC_CENTER,28984,2021,1353792,1,2021/06/02 00:00:00+00,1899/12/30 00:00:00+00,8,REGION BIO BIO,8301,LOS ANGELES,32,COLISION LATERAL,30,COLISION,1,URBANA,15,CRUCE CON SEÑAL CEDA EL PASO,1,IMPRUDENCIA DEL CONDUCTOR,27,CONDUCCION NO ATENTO CONDICIONES TRANSITO MOMENTO,0,URENDA,0,RICARDO VICUÑA,RICARDO VICUÑA - URENDA,0, , , , ,1,1,2,BIDIRECCIONAL,1,CONCRETO,1,BUENO,2,HUMEDO,2,NUBLADO,0,0,0,1,1
-8054983.42053953,-4505109.49082168,2553,21887,1370871,-72.3591472,-37.4720441,77,LOS ANGELES,1,32733,2021,1370871,REGION BIO BIO,8301,LOS ANGELES,RICARDO VICU??ªA,URENDA,0,"RICARDO VICU??ªA & URENDA, LOS ANGELES",CHILE,GEOMETRIC_CENTER,45157,2021,1370871,1,2021/08/11 00:00:00+00,1899/12/30 00:00:00+00,8,REGION BIO BIO,8301,LOS ANGELES,32,COLISION LATERAL,30,COLISION,1,URBANA,1,TRAMO DE VIA RECTA,1,IMPRUDENCIA DEL CONDUCTOR,27,CONDUCCION NO ATENTO CONDICIONES TRANSITO MOMENTO,0,RICARDO VICUÑA,0,URENDA,RICARDO VICUÑA - URENDA,0, , , , ,2,2,3,BIDIRECCIONAL CON BANDEJON,1,CONCRETO,1,BUENO,1,SECO,1,DESPEJADO,0,0,0,0,2
-8055159.6281615,-4505093.99181029,2554,21888,1334897,-72.3607301,-37.4719336,77,LOS ANGELES,1,7749,2021,1334897,REGION BIO BIO,8301,LOS ANGELES,LOS ANGELES,RICARDO VICU??ªA,0,"LOS ANGELES & RICARDO VICU??ªA, LOS ANGELES",CHILE,GEOMETRIC_CENTER,10874,2021,1334897,1,2021/02/26 00:00:00+00,1899/12/30 00:00:00+00,8,REGION BIO BIO,8301,LOS ANGELES,32,COLISION LATERAL,30,COLISION,1,URBANA,11,CRUCE CON SEMAFORO FUNCIONANDO,1,IMPRUDENCIA DEL CONDUCTOR,27,CONDUCCION NO ATENTO CONDICIONES TRANSITO MOMENTO,0,LOS ANGELES,0,RICARDO VICUÑA,LOS ANGELES - RICARDO VICUÑA,0, , , , ,1,1,2,BIDIRECCIONAL,4,MIXTO,1,BUENO,1,SECO,1,DESPEJADO,0,0,0,0,2
-8055159.6281615,-4505093.99181029,2555,21889,1355205,-72.3607301,-37.4719336,77,LOS ANGELES,1,16760,2021,1355205,REGION BIO BIO,8301,LOS ANGELES,RICARDO VICU??ªA,LOS ANGELES,0,"RICARDO VICU??ªA & LOS ANGELES, LOS ANGELES",CHILE,GEOMETRIC_CENTER,23123,2021,1355205,1,2021/05/06 00:00:00+00,1899/12/30 00:00:00+00,8,REGION BIO BIO,8301,LOS ANGELES,51,CHOQUE FRONTAL,40,CHOQUE,1,URBANA,11,CRUCE CON SEMAFORO FUNCIONANDO,4,ALCOHOL EN CONDUCTOR,24,CONDUCCION EN ESTADO DE EBRIEDAD,0,RICARDO VICUÑA,0,LOS ANGELES,LOS ANGELES - RICARDO VICUÑA,0, , , , ,2,0,1,UNIDIRECCIONAL,1,CONCRETO,1,BUENO,1,SECO,2,NUBLADO,0,0,0,1,0
-8056635.00103273,-4505071.7882891,2556,21890,1391545,-72.3739836,-37.4717753,77,LOS ANGELES,1,47461,2021,1391545,REGION BIO BIO,8301,LOS ANGELES,COLO COLO, ,1598,"COLO COLO 1598, LOS ANGELES",CHILE,RANGE_INTERPOLATED,64747,2021,1391545,1,2021/10/31 00:00:00+00,1899/12/30 00:00:00+00,8,REGION BIO BIO,8301,LOS ANGELES,61,CHOQUE FRENTE/FRENTE,40,CHOQUE,1,URBANA,1,TRAMO DE VIA RECTA,1,IMPRUDENCIA DEL CONDUCTOR,27,CONDUCCION NO ATENTO CONDICIONES TRANSITO MOMENTO,0,COLO COLO,0, ,- COLO COLO,1598, , , , ,1,1,2,BIDIRECCIONAL,1,CONCRETO,1,BUENO,1,SECO,1,DESPEJADO,0,0,0,0,4
-8052979.50272601,-4505068.88486309,2557,21891,1330819,-72.3411457,-37.4717546,77,LOS ANGELES,1,4796,2021,1330819,REGION BIO BIO,8301,LOS ANGELES,RICARDO VICU??ªA,BALMACEDA,0,"RICARDO VICU??ªA & BALMACEDA, LOS ANGELES",CHILE,GEOMETRIC_CENTER,6713,2021,1330819,1,2021/02/04 00:00:00+00,1899/12/30 00:00:00+00,8,REGION BIO BIO,8301,LOS ANGELES,10,ATROPELLO,10,ATROPELLO,1,URBANA,11,CRUCE CON SEMAFORO FUNCIONANDO,1,IMPRUDENCIA DEL CONDUCTOR,27,CONDUCCION NO ATENTO CONDICIONES TRANSITO MOMENTO,0,RICARDO VICUÑA,0,BALMACEDA,BALMACEDA - RICARDO VICUÑA,0, , , , ,1,1,2,BIDIRECCIONAL,1,CONCRETO,1,BUENO,1,SECO,1,DESPEJADO,0,0,0,1,1
-8053533.28379686,-4505060.90395224,2558,21892,1390934,-72.3461204,-37.4716977,77,LOS ANGELES,1,46711,2021,1390934,REGION BIO BIO,8301,LOS ANGELES,JUAN ANTONIO COLOMA, ,201,"JUAN ANTONIO COLOMA 201, LOS ANGELES",CHILE,RANGE_INTERPOLATED,63753,2021,1390934,1,2021/10/27 00:00:00+00,1899/12/30 00:00:00+00,8,REGION BIO BIO,8301,LOS ANGELES,62,CHOQUE FRENTE/LADO,40,CHOQUE,1,URBANA,1,TRAMO DE VIA RECTA,13,CAUSAS NO DETERMINADAS,97,CAUSAS NO DETERMINADAS,0,JUAN ANTONIO COLOMA,0, ,- JUAN ANTONIO COLOMA,201, , , , ,2,0,1,UNIDIRECCIONAL,2,ASFALTO,1,BUENO,1,SECO,1,DESPEJADO,0,0,0,0,2
-8054590.66311211,-4505059.26288697,2559,21893,1373007,-72.355619,-37.471686,77,LOS ANGELES,1,33983,2021,1373007,REGION BIO BIO,8301,LOS ANGELES,ERCILLA, ,190,"ERCILLA 190, LOS ANGELES",CHILE,RANGE_INTERPOLATED,46861,2021,1373007,1,2021/08/18 00:00:00+00,1899/12/30 00:00:00+00,8,REGION BIO BIO,8301,LOS ANGELES,65,CHOQUE LADO/LADO,40,CHOQUE,1,URBANA,26,OTROS NO CONSIDERADOS,1,IMPRUDENCIA DEL CONDUCTOR,27,CONDUCCION NO ATENTO CONDICIONES TRANSITO MOMENTO,0,ERCILLA,0, ,- ERCILLA,190, , , , ,1,0,1,UNIDIRECCIONAL,1,CONCRETO,1,BUENO,1,SECO,4,LLOVIZNA,0,0,0,0,2
-8056509.58849441,-4505045.11046292,2560,21894,1322769,-72.372857,-37.4715851,77,LOS ANGELES,1,224,2021,1322769,REGION BIO BIO,8301,LOS ANGELES,COLO COLO,TEMUCO,0,"COLO COLO & TEMUCO, LOS ANGELES",CHILE,GEOMETRIC_CENTER,343,2021,1322769,1,2021/01/02 00:00:00+00,1899/12/30 00:00:00+00,8,REGION BIO BIO,8301,LOS ANGELES,33,COLISION POR ALCANCE,30,COLISION,1,URBANA,1,TRAMO DE VIA RECTA,1,IMPRUDENCIA DEL CONDUCTOR,27,CONDUCCION NO ATENTO CONDICIONES TRANSITO MOMENTO,0,COLO COLO,0,TEMUCO,COLO COLO - TEMUCO,0, , , , ,1,1,2,BIDIRECCIONAL,1,CONCRETO,1,BUENO,1,SECO,1,DESPEJADO,0,0,0,0,3
-8056451.81367868,-4505035.90929361,2561,21895,1351980,-72.372338,-37.4715195,77,LOS ANGELES,1,19674,2021,1351980,REGION BIO BIO,8301,LOS ANGELES,COLO COLO, ,1440,"COLO COLO 1440, LOS ANGELES",CHILE,RANGE_INTERPOLATED,27078,2021,1351980,1,2021/05/24 00:00:00+00,1899/12/30 00:00:00+00,8,REGION BIO BIO,8301,LOS ANGELES,32,COLISION LATERAL,30,COLISION,1,URBANA,1,TRAMO DE VIA RECTA,1,IMPRUDENCIA DEL CONDUCTOR,27,CONDUCCION NO ATENTO CONDICIONES TRANSITO MOMENTO,0,COLO COLO,0, ,- COLO COLO,1440, , , , ,2,0,1,UNIDIRECCIONAL,1,CONCRETO,1,BUENO,1,SECO,1,DESPEJADO,0,0,0,0,2
-8053770.59468734,-4505028.05464326,2562,21896,1374690,-72.3482522,-37.4714635,77,LOS ANGELES,1,35189,2021,1374690,REGION BIO BIO,8301,LOS ANGELES,CAUPOLICAN,VILLAGRAN,0,"CAUPOLICAN & VILLAGRAN, LOS ANGELES",CHILE,GEOMETRIC_CENTER,48483,2021,1374690,1,2021/08/25 00:00:00+00,1899/12/30 00:00:00+00,8,REGION BIO BIO,8301,LOS ANGELES,10,ATROPELLO,10,ATROPELLO,1,URBANA,11,CRUCE CON SEMAFORO FUNCIONANDO,1,IMPRUDENCIA DEL CONDUCTOR,27,CONDUCCION NO ATENTO CONDICIONES TRANSITO MOMENTO,0,CAUPOLICAN,0,VILLAGRAN,CAUPOLICAN - VILLAGRAN,0, , , , ,2,0,1,UNIDIRECCIONAL,1,CONCRETO,2,REGULAR,3,MOJADO,3,LLUVIA,0,1,0,0,1
-8053770.59468734,-4505028.05464326,2563,21897,1374850,-72.3482522,-37.4714635,77,LOS ANGELES,1,35191,2021,1374850,REGION BIO BIO,8301,LOS ANGELES,VILLAGRAN,CAUPOLICAN,0,"VILLAGRAN & CAUPOLICAN, LOS ANGELES",CHILE,GEOMETRIC_CENTER,48485,2021,1374850,1,2021/08/25 00:00:00+00,1899/12/30 00:00:00+00,8,REGION BIO BIO,8301,LOS ANGELES,32,COLISION LATERAL,30,COLISION,1,URBANA,1,TRAMO DE VIA RECTA,1,IMPRUDENCIA DEL CONDUCTOR,27,CONDUCCION NO ATENTO CONDICIONES TRANSITO MOMENTO,0,VILLAGRAN,0,CAUPOLICAN,CAUPOLICAN - VILLAGRAN,0, , , , ,2,0,1,UNIDIRECCIONAL,2,ASFALTO,1,BUENO,2,HUMEDO,2,NUBLADO,0,0,0,0,2
-8053770.59468734,-4505028.05464326,2564,21898,1378339,-72.3482522,-37.4714635,77,LOS ANGELES,1,37887,2021,1378339,REGION BIO BIO,8301,LOS ANGELES,CAUPOLICAN,VILLAGRAN,0,"CAUPOLICAN & VILLAGRAN, LOS ANGELES",CHILE,GEOMETRIC_CENTER,52067,2021,1378339,1,2021/09/09 00:00:00+00,1899/12/30 00:00:00+00,8,REGION BIO BIO,8301,LOS ANGELES,32,COLISION LATERAL,30,COLISION,1,URBANA,11,CRUCE CON SEMAFORO FUNCIONANDO,1,IMPRUDENCIA DEL CONDUCTOR,27,CONDUCCION NO ATENTO CONDICIONES TRANSITO MOMENTO,0,CAUPOLICAN,0,VILLAGRAN,CAUPOLICAN - VILLAGRAN,0, , , , ,2,0,1,UNIDIRECCIONAL,2,ASFALTO,1,BUENO,1,SECO,1,DESPEJADO,0,0,0,1,1
-8055426.883995,-4505024.89875863,2565,21899,1397193,-72.3631309,-37.471441,77,LOS ANGELES,1,50883,2021,1397193,REGION BIO BIO,8301,LOS ANGELES,LOS TILOS, ,14,"LOS TILOS 14, LOS ANGELES",CHILE,RANGE_INTERPOLATED,69262,2021,1397193,1,2021/11/17 00:00:00+00,1899/12/30 00:00:00+00,8,REGION BIO BIO,8301,LOS ANGELES,32,COLISION LATERAL,30,COLISION,2,RURAL,1,TRAMO DE VIA RECTA,1,IMPRUDENCIA DEL CONDUCTOR,27,CONDUCCION NO ATENTO CONDICIONES TRANSITO MOMENTO,0,LOS TILOS,0, ,- LOS TILOS,14, , , , ,1,1,2,BIDIRECCIONAL,6,TIERRA,3,MALO,0, ,1,DESPEJADO,0,0,0,2,1
-8053915.79983112,-4505020.48052172,2566,21900,1376613,-72.3495566,-37.4714095,77,LOS ANGELES,1,36570,2021,1376613,REGION BIO BIO,8301,LOS ANGELES,CAUPOLICAN,ALMAGRO,0,"CAUPOLICAN & ALMAGRO, LOS ANGELES",CHILE,GEOMETRIC_CENTER,50313,2021,1376613,1,2021/09/02 00:00:00+00,1899/12/30 00:00:00+00,8,REGION BIO BIO,8301,LOS ANGELES,30,COLISION,30,COLISION,1,URBANA,11,CRUCE CON SEMAFORO FUNCIONANDO,10,DESOBEDIENCIA A SEÑALIZACION,62,SEÑALIZACION DESOBEDECER LUZ ROJA DE SEMAFORO,0,CAUPOLICAN,0,ALMAGRO,ALMAGRO - CAUPOLICAN,0, , , , ,2,0,1,UNIDIRECCIONAL,1,CONCRETO,1,BUENO,1,SECO,1,DESPEJADO,0,0,0,0,2
-8054107.71463325,-4505020.00363277,2567,21901,1340334,-72.3512806,-37.4714061,77,LOS ANGELES,1,11619,2021,1340334,REGION BIO BIO,8301,LOS ANGELES,COLON, ,100,"COLON 100, LOS ANGELES",CHILE,RANGE_INTERPOLATED,16098,2021,1340334,1,2021/03/24 00:00:00+00,1899/12/30 00:00:00+00,8,REGION BIO BIO,8301,LOS ANGELES,32,COLISION LATERAL,30,COLISION,1,URBANA,1,TRAMO DE VIA RECTA,1,IMPRUDENCIA DEL CONDUCTOR,27,CONDUCCION NO ATENTO CONDICIONES TRANSITO MOMENTO,0,COLON,0, ,- COLON,100, , , , ,2,0,1,UNIDIRECCIONAL,1,CONCRETO,1,BUENO,1,SECO,1,DESPEJADO,0,0,0,0,2
-8056295.19828709,-4505011.06898202,2568,21902,1334921,-72.3709311,-37.4713424,77,LOS ANGELES,1,7858,2021,1334921,REGION BIO BIO,8301,LOS ANGELES,PADRE HURTADO,COLO COLO,0,"PADRE HURTADO & COLO COLO, LOS ANGELES",CHILE,GEOMETRIC_CENTER,11026,2021,1334921,1,2021/02/26 00:00:00+00,1899/12/30 00:00:00+00,8,REGION BIO BIO,8301,LOS ANGELES,67,CHOQUE POSTERIOR/FRENTE,40,CHOQUE,1,URBANA,1,TRAMO DE VIA RECTA,1,IMPRUDENCIA DEL CONDUCTOR,93,CONDUCIR VEHICULO EN RETROCESO,0,PADRE HURTADO,0,COLO COLO,COLO COLO - PADRE HURTADO,0, , , , ,2,0,1,UNIDIRECCIONAL,1,CONCRETO,1,BUENO,1,SECO,1,DESPEJADO,0,0,0,0,2
-8056295.19828709,-4505011.06898202,2569,21903,1344661,-72.3709311,-37.4713424,77,LOS ANGELES,1,14229,2021,1344661,REGION BIO BIO,8301,LOS ANGELES,PADRE HURTADO,COLO COLO,0,"PADRE HURTADO & COLO COLO, LOS ANGELES",CHILE,GEOMETRIC_CENTER,19626,2021,1344661,1,2021/04/16 00:00:00+00,1899/12/30 00:00:00+00,8,REGION BIO BIO,8301,LOS ANGELES,63,CHOQUE FRENTE/POSTERIOR,40,CHOQUE,1,URBANA,11,CRUCE CON SEMAFORO FUNCIONANDO,1,IMPRUDENCIA DEL CONDUCTOR,27,CONDUCCION NO ATENTO CONDICIONES TRANSITO MOMENTO,0,PADRE HURTADO,0,COLO COLO,COLO COLO - PADRE HURTADO,0, , , , ,2,1,3,BIDIRECCIONAL CON BANDEJON,1,CONCRETO,1,BUENO,1,SECO,1,DESPEJADO,0,0,0,0,3
-8056295.19828709,-4505011.06898202,2570,21904,1379113,-72.3709311,-37.4713424,77,LOS ANGELES,1,38614,2021,1379113,REGION BIO BIO,8301,LOS ANGELES,PADRE HURTADO,COLO COLO,0,"PADRE HURTADO & COLO COLO, LOS ANGELES",CHILE,GEOMETRIC_CENTER,53058,2021,1379113,1,2021/09/13 00:00:00+00,1899/12/30 00:00:00+00,8,REGION BIO BIO,8301,LOS ANGELES,63,CHOQUE FRENTE/POSTERIOR,40,CHOQUE,1,URBANA,1,TRAMO DE VIA RECTA,1,IMPRUDENCIA DEL CONDUCTOR,27,CONDUCCION NO ATENTO CONDICIONES TRANSITO MOMENTO,0,PADRE HURTADO,0,COLO COLO,COLO COLO - PADRE HURTADO,0, , , , ,2,0,1,UNIDIRECCIONAL,1,CONCRETO,1,BUENO,1,SECO,1,DESPEJADO,0,0,0,0,2
-8056295.19828709,-4505011.06898202,2571,21905,1395096,-72.3709311,-37.4713424,77,LOS ANGELES,1,49942,2021,1395096,REGION BIO BIO,8301,LOS ANGELES,PADRE HURTADO,COLO COLO,0,"PADRE HURTADO & COLO COLO, LOS ANGELES",CHILE,GEOMETRIC_CENTER,68009,2021,1395096,1,2021/11/13 00:00:00+00,1899/12/30 00:00:00+00,8,REGION BIO BIO,8301,LOS ANGELES,30,COLISION,30,COLISION,1,URBANA,11,CRUCE CON SEMAFORO FUNCIONANDO,10,DESOBEDIENCIA A SEÑALIZACION,62,SEÑALIZACION DESOBEDECER LUZ ROJA DE SEMAFORO,0,PADRE HURTADO,0,COLO COLO,COLO COLO - PADRE HURTADO,0, , , , ,2,2,3,BIDIRECCIONAL CON BANDEJON,1,CONCRETO,1,BUENO,1,SECO,1,DESPEJADO,0,0,1,2,1
-8056295.19828709,-4505011.06898202,2572,21906,1398817,-72.3709311,-37.4713424,77,LOS ANGELES,1,52756,2021,1398817,REGION BIO BIO,8301,LOS ANGELES,PADRE HURTADO,COLO COLO,0,"PADRE HURTADO & COLO COLO, LOS ANGELES",CHILE,GEOMETRIC_CENTER,71696,2021,1398817,1,2021/11/26 00:00:00+00,1899/12/30 00:00:00+00,8,REGION BIO BIO,8301,LOS ANGELES,32,COLISION LATERAL,30,COLISION,1,URBANA,11,CRUCE CON SEMAFORO FUNCIONANDO,1,IMPRUDENCIA DEL CONDUCTOR,27,CONDUCCION NO ATENTO CONDICIONES TRANSITO MOMENTO,0,PADRE HURTADO,0,COLO COLO,COLO COLO - PADRE HURTADO,0, , , , ,2,0,1,UNIDIRECCIONAL,2,ASFALTO,1,BUENO,1,SECO,1,DESPEJADO,0,0,0,0,2
-8056295.19828709,-4505011.06898202,2573,21907,1399811,-72.3709311,-37.4713424,77,LOS ANGELES,1,53429,2021,1399811,REGION BIO BIO,8301,LOS ANGELES,COLO COLO,PADRE HURTADO,0,"COLO COLO & PADRE HURTADO, LOS ANGELES",CHILE,GEOMETRIC_CENTER,72620,2021,1399811,1,2021/11/30 00:00:00+00,1899/12/30 00:00:00+00,8,REGION BIO BIO,8301,LOS ANGELES,33,COLISION POR ALCANCE,30,COLISION,1,URBANA,11,CRUCE CON SEMAFORO FUNCIONANDO,1,IMPRUDENCIA DEL CONDUCTOR,27,CONDUCCION NO ATENTO CONDICIONES TRANSITO MOMENTO,0,COLO COLO,0,PADRE HURTADO,COLO COLO - PADRE HURTADO,0, , , , ,1,1,2,BIDIRECCIONAL,1,CONCRETO,1,BUENO,1,SECO,1,DESPEJADO,0,0,0,1,2
-8056354.93232585,-4505009.73649944,2574,21908,1325660,-72.3714677,-37.4713329,77,LOS ANGELES,1,1539,2021,1325660,REGION BIO BIO,8301,LOS ANGELES,COLO COLO, ,1436,"COLO COLO 1436, LOS ANGELES",CHILE,RANGE_INTERPOLATED,2124,2021,1325660,1,2021/01/11 00:00:00+00,1899/12/30 00:00:00+00,8,REGION BIO BIO,8301,LOS ANGELES,33,COLISION POR ALCANCE,30,COLISION,1,URBANA,1,TRAMO DE VIA RECTA,1,IMPRUDENCIA DEL CONDUCTOR,27,CONDUCCION NO ATENTO CONDICIONES TRANSITO MOMENTO,0,COLO COLO,0, ,- COLO COLO,1436, , , , ,1,1,2,BIDIRECCIONAL,1,CONCRETO,1,BUENO,1,SECO,1,DESPEJADO,0,0,0,0,2
-8054237.89164579,-4504996.20129122,2575,21909,1398809,-72.35245,-37.4712364,77,LOS ANGELES,1,52558,2021,1398809,REGION BIO BIO,8301,LOS ANGELES,VALDIVIA,CAUPOLICAN,0,"VALDIVIA & CAUPOLICAN, LOS ANGELES",CHILE,GEOMETRIC_CENTER,71442,2021,1398809,1,2021/11/26 00:00:00+00,1899/12/30 00:00:00+00,8,REGION BIO BIO,8301,LOS ANGELES,52,CHOQUE LATERAL,40,CHOQUE,1,URBANA,11,CRUCE CON SEMAFORO FUNCIONANDO,4,ALCOHOL EN CONDUCTOR,24,CONDUCCION EN ESTADO DE EBRIEDAD,0,VALDIVIA,0,CAUPOLICAN,CAUPOLICAN - VALDIVIA,0, , , , ,2,0,1,UNIDIRECCIONAL,2,ASFALTO,1,BUENO,1,SECO,1,DESPEJADO,0,0,0,0,1
-8055566.17807383,-4504991.27812656,2576,21910,1341350,-72.3643822,-37.4712013,77,LOS ANGELES,1,12488,2021,1341350,REGION BIO BIO,8301,LOS ANGELES,LOS EUCALIPTUS, ,1040,"LOS EUCALIPTUS 1040, LOS ANGELES",CHILE,RANGE_INTERPOLATED,17268,2021,1341350,1,2021/04/01 00:00:00+00,1899/12/30 00:00:00+00,8,REGION BIO BIO,8301,LOS ANGELES,67,CHOQUE POSTERIOR/FRENTE,40,CHOQUE,1,URBANA,1,TRAMO DE VIA RECTA,1,IMPRUDENCIA DEL CONDUCTOR,27,CONDUCCION NO ATENTO CONDICIONES TRANSITO MOMENTO,0,LOS EUCALIPTUS,0, ,- LOS EUCALIPTUS,1040, , , , ,1,1,2,BIDIRECCIONAL,1,CONCRETO,1,BUENO,1,SECO,1,DESPEJADO,0,0,0,0,2
-8054395.23061407,-4504987.18250415,2577,21911,1385705,-72.3538634,-37.4711721,77,LOS ANGELES,1,43022,2021,1385705,REGION BIO BIO,8301,LOS ANGELES,CAUPOLICAN, ,600,"CAUPOLICAN 600, LOS ANGELES",CHILE,RANGE_INTERPOLATED,58864,2021,1385705,1,2021/10/07 00:00:00+00,1899/12/30 00:00:00+00,8,REGION BIO BIO,8301,LOS ANGELES,62,CHOQUE FRENTE/LADO,40,CHOQUE,1,URBANA,1,TRAMO DE VIA RECTA,1,IMPRUDENCIA DEL CONDUCTOR,27,CONDUCCION NO ATENTO CONDICIONES TRANSITO MOMENTO,0,CAUPOLICAN,0, ,- CAUPOLICAN,600, , , , ,2,0,1,UNIDIRECCIONAL,1,CONCRETO,1,BUENO,1,SECO,2,NUBLADO,0,0,0,0,2
-8053302.99716626,-4504973.4369338,2578,21912,1371861,-72.3440517,-37.4710741,77,LOS ANGELES,1,33514,2021,1371861,REGION BIO BIO,8301,LOS ANGELES,DARIO BARRUETO,JUAN ANTONIO COLOMA,0,"DARIO BARRUETO & JUAN ANTONIO COLOMA, LOS ANGELES",CHILE,GEOMETRIC_CENTER,46213,2021,1371861,1,2021/08/15 00:00:00+00,1899/12/30 00:00:00+00,8,REGION BIO BIO,8301,LOS ANGELES,31,COLISION FRONTAL,30,COLISION,1,URBANA,14,CRUCE CON SEÑAL PARE,10,DESOBEDIENCIA A SEÑALIZACION,65,SEÑALIZACION DESOBEDECER SEÑAL PARE,0,DARIO BARRUETO,0,JUAN ANTONIO COLOMA,DARIO BARRUETO - JUAN ANTONIO COLOMA,0, , , , ,1,0,1,UNIDIRECCIONAL,2,ASFALTO,1,BUENO,3,MOJADO,3,LLUVIA,0,0,0,0,2