X,Y,FID,FID_1,LABELID,POINT_X,POINT_Y,FID_2,COMUNAREAL,VAL_COM,OBJECTID,A_O,IDACCIDENT,REGION,COD_COMUN,COMUNA,CALLE_UNO,CALLE_DOS,NUMERO,DIR_GEOCOD,PAIS,TIPO,OBJECTID_1,Año,Idaccide_1,Claseaccid,Fecha,Hora,Cód_Regi,Región,Cód_Comun,Comuna_1,Cód_Tipo_,Tipo_Accid,Cód_Tipo1,Tipo__CONA,Cód_Zona,Zona,Cód_Ubica,Ubicación,Cód_Causa,Causa__CON,Cód_Cau_1,Causa,Cód_Calle,Calle_Un_1,Cód_Cal_1,Calle_Do_1,Intersecci,Número,Ruta,Cód_Ruta,Ubicaci_1,Km_Vía_Fe,Pistas_de_,Pistas_de1,Cód_Calza,Calzada,Cód__Tipo,Tipo_Calza,Cód_Estad,Estado_Cal,Cód_Condi,Condición,Cód_Est_1,Estado_Atm,Fallecidos,Graves,Menos_Grav,Leves,Ilesos
-8053653.31960378,-4504964.19374918,2579,21913,1333519,-72.3471987,-37.4710082,77,LOS ANGELES,1,6808,2021,1333519,REGION BIO BIO,8301,LOS ANGELES,ALEMANIA,JOSE MANSO DE VELASCO,0,"ALEMANIA & JOSE MANSO DE VELASCO, LOS ANGELES",CHILE,GEOMETRIC_CENTER,9536,2021,1333519,1,2021/02/19 00:00:00+00,1899/12/30 00:00:00+00,8,REGION BIO BIO,8301,LOS ANGELES,31,COLISION FRONTAL,30,COLISION,1,URBANA,1,TRAMO DE VIA RECTA,1,IMPRUDENCIA DEL CONDUCTOR,27,CONDUCCION NO ATENTO CONDICIONES TRANSITO MOMENTO,0,ALEMANIA,0,JOSE MANSO DE VELASCO,ALEMANIA - JOSE MANSO DE VELASCO,0, , , , ,1,1,2,BIDIRECCIONAL,1,CONCRETO,1,BUENO,1,SECO,1,DESPEJADO,0,0,0,0,2
-8054787.53163158,-4504946.29649833,2580,21914,1404733,-72.3573875,-37.4708806,77,LOS ANGELES,1,56323,2021,1404733,REGION BIO BIO,8301,LOS ANGELES,ARTURO PRAT,21 DE MAYO,0,"ARTURO PRAT & 21 DE MAYO, LOS ANGELES",CHILE,GEOMETRIC_CENTER,76551,2021,1404733,1,2021/12/15 00:00:00+00,1899/12/30 00:00:00+00,8,REGION BIO BIO,8301,LOS ANGELES,31,COLISION FRONTAL,30,COLISION,1,URBANA,15,CRUCE CON SEÑAL CEDA EL PASO,1,IMPRUDENCIA DEL CONDUCTOR,27,CONDUCCION NO ATENTO CONDICIONES TRANSITO MOMENTO,0,ARTURO PRAT,0,21 DE MAYO,21 DE MAYO - ARTURO PRAT,0, , , , ,1,0,1,UNIDIRECCIONAL,1,CONCRETO,1,BUENO,1,SECO,1,DESPEJADO,0,1,0,0,1
-8053748.50890036,-4504929.66162015,2581,21915,1398802,-72.3480538,-37.470762,77,LOS ANGELES,1,52644,2021,1398802,REGION BIO BIO,8301,LOS ANGELES,VILLAGRAN, ,251,"VILLAGRAN 251, LOS ANGELES",CHILE,RANGE_INTERPOLATED,71549,2021,1398802,1,2021/11/26 00:00:00+00,1899/12/30 00:00:00+00,8,REGION BIO BIO,8301,LOS ANGELES,32,COLISION LATERAL,30,COLISION,1,URBANA,1,TRAMO DE VIA RECTA,1,IMPRUDENCIA DEL CONDUCTOR,27,CONDUCCION NO ATENTO CONDICIONES TRANSITO MOMENTO,0,VILLAGRAN,0, ,- VILLAGRAN,251, , , , ,2,0,1,UNIDIRECCIONAL,1,CONCRETO,1,BUENO,1,SECO,1,DESPEJADO,0,0,0,0,2
-8051772.57680683,-4504929.47928184,2582,21916,1364415,-72.3303037,-37.4707607,77,LOS ANGELES,1,27816,2021,1364415,REGION BIO BIO,8301,LOS ANGELES,LAS INDUSTRIAS, ,250,"LAS INDUSTRIAS 250, LOS ANGELES",CHILE,RANGE_INTERPOLATED,38402,2021,1364415,1,2021/07/14 00:00:00+00,1899/12/30 00:00:00+00,8,REGION BIO BIO,8301,LOS ANGELES,63,CHOQUE FRENTE/POSTERIOR,40,CHOQUE,1,URBANA,1,TRAMO DE VIA RECTA,1,IMPRUDENCIA DEL CONDUCTOR,27,CONDUCCION NO ATENTO CONDICIONES TRANSITO MOMENTO,0,LAS INDUSTRIAS,0, ,- LAS INDUSTRIAS,250, , , , ,2,2,2,BIDIRECCIONAL,1,CONCRETO,1,BUENO,1,SECO,1,DESPEJADO,0,0,0,0,2
-8051772.57680683,-4504929.47928184,2583,21917,1366887,-72.3303037,-37.4707607,77,LOS ANGELES,1,29177,2021,1366887,REGION BIO BIO,8301,LOS ANGELES,LAS INDUSTRIAS, ,250,"LAS INDUSTRIAS 250, LOS ANGELES",CHILE,RANGE_INTERPOLATED,40337,2021,1366887,1,2021/07/22 00:00:00+00,1899/12/30 00:00:00+00,8,REGION BIO BIO,8301,LOS ANGELES,51,CHOQUE FRONTAL,40,CHOQUE,1,URBANA,11,CRUCE CON SEMAFORO FUNCIONANDO,9,PERDIDA CONTROL VEHICULO,95,PERDIDA CONTROL VEHICULO,0,LAS INDUSTRIAS,0, ,- LAS INDUSTRIAS,250, , , , ,2,0,1,UNIDIRECCIONAL,1,CONCRETO,1,BUENO,1,SECO,1,DESPEJADO,0,0,0,0,1
-8056241.08588261,-4504921.84912746,2584,21918,1375249,-72.370445,-37.4707063,77,LOS ANGELES,1,35332,2021,1375249,REGION BIO BIO,8301,LOS ANGELES,PADRE HURTADO, ,360,"PADRE HURTADO 360, LOS ANGELES",CHILE,RANGE_INTERPOLATED,48669,2021,1375249,1,2021/08/26 00:00:00+00,1899/12/30 00:00:00+00,8,REGION BIO BIO,8301,LOS ANGELES,32,COLISION LATERAL,30,COLISION,1,URBANA,1,TRAMO DE VIA RECTA,9,PERDIDA CONTROL VEHICULO,95,PERDIDA CONTROL VEHICULO,0,PADRE HURTADO,0, ,- PADRE HURTADO,360, , , , ,2,0,1,UNIDIRECCIONAL,1,CONCRETO,1,BUENO,3,MOJADO,3,LLUVIA,0,0,0,0,2
-8052987.58452104,-4504921.23198286,2585,21919,1404738,-72.3412183,-37.4707019,77,LOS ANGELES,1,56717,2021,1404738,REGION BIO BIO,8301,LOS ANGELES,BALMACEDA, ,411,"BALMACEDA 411, LOS ANGELES",CHILE,RANGE_INTERPOLATED,77070,2021,1404738,1,2021/12/17 00:00:00+00,1899/12/30 00:00:00+00,8,REGION BIO BIO,8301,LOS ANGELES,63,CHOQUE FRENTE/POSTERIOR,40,CHOQUE,1,URBANA,1,TRAMO DE VIA RECTA,8,DROGAS Y/O FATIGA EN CONDUCTOR,25,"CONDICIONES FISICAS DEFICIENTES (CANSANCIO, SUEÑO)",0,BALMACEDA,0, ,- BALMACEDA,411, , , , ,1,1,2,BIDIRECCIONAL,1,CONCRETO,1,BUENO,1,SECO,1,DESPEJADO,0,0,0,0,3
-8058038.76207553,-4504893.74103311,2586,21920,1348141,-72.3865938,-37.4705059,77,LOS ANGELES,1,17359,2021,1348141,REGION BIO BIO,8301,LOS ANGELES,LOS CARDOS,ERMINDA GOMEZ,0,"LOS CARDOS & ERMINDA GOMEZ, LOS ANGELES",CHILE,GEOMETRIC_CENTER,23924,2021,1348141,1,2021/05/09 00:00:00+00,1899/12/30 00:00:00+00,8,REGION BIO BIO,8301,LOS ANGELES,51,CHOQUE FRONTAL,40,CHOQUE,1,URBANA,1,TRAMO DE VIA RECTA,1,IMPRUDENCIA DEL CONDUCTOR,27,CONDUCCION NO ATENTO CONDICIONES TRANSITO MOMENTO,0,LOS CARDOS,0,ERMINDA GOMEZ,ERMINDA GOMEZ - LOS CARDOS,0, , , , ,1,0,1,UNIDIRECCIONAL,1,CONCRETO,1,BUENO,1,SECO,1,DESPEJADO,0,0,0,0,1
-8056316.40465008,-4504881.14571389,2587,21921,1337899,-72.3711216,-37.4704161,77,LOS ANGELES,1,10170,2021,1337899,REGION BIO BIO,8301,LOS ANGELES,PADRE HURTADO, ,326,"PADRE HURTADO 326, LOS ANGELES",CHILE,RANGE_INTERPOLATED,14135,2021,1337899,1,2021/03/13 00:00:00+00,1899/12/30 00:00:00+00,8,REGION BIO BIO,8301,LOS ANGELES,32,COLISION LATERAL,30,COLISION,1,URBANA,1,TRAMO DE VIA RECTA,1,IMPRUDENCIA DEL CONDUCTOR,27,CONDUCCION NO ATENTO CONDICIONES TRANSITO MOMENTO,0,PADRE HURTADO,0, ,- PADRE HURTADO,326, , , , ,2,0,1,UNIDIRECCIONAL,1,CONCRETO,1,BUENO,1,SECO,1,DESPEJADO,0,0,0,1,1
-8054231.52417091,-4504877.31662764,2588,21922,1390421,-72.3523928,-37.4703888,77,LOS ANGELES,1,46131,2021,1390421,REGION BIO BIO,8301,LOS ANGELES,LAUTARO,VALDIVIA,0,"LAUTARO & VALDIVIA, LOS ANGELES",CHILE,GEOMETRIC_CENTER,63015,2021,1390421,1,2021/10/24 00:00:00+00,1899/12/30 00:00:00+00,8,REGION BIO BIO,8301,LOS ANGELES,34,COLISION PERPENDICULAR,30,COLISION,1,URBANA,11,CRUCE CON SEMAFORO FUNCIONANDO,10,DESOBEDIENCIA A SEÑALIZACION,62,SEÑALIZACION DESOBEDECER LUZ ROJA DE SEMAFORO,0,LAUTARO,0,VALDIVIA,LAUTARO - VALDIVIA,0, , , , ,2,0,1,UNIDIRECCIONAL,1,CONCRETO,1,BUENO,1,SECO,1,DESPEJADO,0,0,1,2,0
-8056270.8638464,-4504869.37794045,2589,21923,1341377,-72.3707125,-37.4703322,77,LOS ANGELES,1,12564,2021,1341377,REGION BIO BIO,8301,LOS ANGELES,PADRE HURTADO,??ªUBLE,0,"PADRE HURTADO & ??ªUBLE, LOS ANGELES",CHILE,GEOMETRIC_CENTER,17365,2021,1341377,1,2021/04/01 00:00:00+00,1899/12/30 00:00:00+00,8,REGION BIO BIO,8301,LOS ANGELES,31,COLISION FRONTAL,30,COLISION,1,URBANA,1,TRAMO DE VIA RECTA,1,IMPRUDENCIA DEL CONDUCTOR,27,CONDUCCION NO ATENTO CONDICIONES TRANSITO MOMENTO,0,PADRE HURTADO,0,ÑUBLE,ÑUBLE - PADRE HURTADO,0, , , , ,2,0,1,UNIDIRECCIONAL,1,CONCRETO,1,BUENO,1,SECO,1,DESPEJADO,0,1,0,1,1
-8056270.8638464,-4504869.37794045,2590,21924,1343452,-72.3707125,-37.4703322,77,LOS ANGELES,1,13998,2021,1343452,REGION BIO BIO,8301,LOS ANGELES,PADRE HURTADO,??ªUBLE,0,"PADRE HURTADO & ??ªUBLE, LOS ANGELES",CHILE,GEOMETRIC_CENTER,19339,2021,1343452,1,2021/04/14 00:00:00+00,1899/12/30 00:00:00+00,8,REGION BIO BIO,8301,LOS ANGELES,32,COLISION LATERAL,30,COLISION,1,URBANA,15,CRUCE CON SEÑAL CEDA EL PASO,1,IMPRUDENCIA DEL CONDUCTOR,27,CONDUCCION NO ATENTO CONDICIONES TRANSITO MOMENTO,0,PADRE HURTADO,0,ÑUBLE,ÑUBLE - PADRE HURTADO,0, , , , ,2,0,1,UNIDIRECCIONAL,2,ASFALTO,2,REGULAR,1,SECO,2,NUBLADO,0,0,0,1,1
-8056270.8638464,-4504869.37794045,2591,21925,1346022,-72.3707125,-37.4703322,77,LOS ANGELES,1,15831,2021,1346022,REGION BIO BIO,8301,LOS ANGELES,PADRE HURTADO,??ªUBLE,0,"PADRE HURTADO & ??ªUBLE, LOS ANGELES",CHILE,GEOMETRIC_CENTER,21803,2021,1346022,1,2021/04/29 00:00:00+00,1899/12/30 00:00:00+00,8,REGION BIO BIO,8301,LOS ANGELES,10,ATROPELLO,10,ATROPELLO,1,URBANA,1,TRAMO DE VIA RECTA,1,IMPRUDENCIA DEL CONDUCTOR,27,CONDUCCION NO ATENTO CONDICIONES TRANSITO MOMENTO,0,PADRE HURTADO,0,ÑUBLE,ÑUBLE - PADRE HURTADO,0, , , , ,1,2,3,BIDIRECCIONAL CON BANDEJON,1,CONCRETO,1,BUENO,1,SECO,5,NEBLINA,0,0,0,1,1
-8055744.89038435,-4504866.71301147,2592,21926,1393827,-72.3659876,-37.4703132,77,LOS ANGELES,1,48819,2021,1393827,REGION BIO BIO,8301,LOS ANGELES,COLO COLO,LAS AZALEAS,0,"COLO COLO & LAS AZALEAS, LOS ANGELES",CHILE,GEOMETRIC_CENTER,66552,2021,1393827,1,2021/11/07 00:00:00+00,1899/12/30 00:00:00+00,8,REGION BIO BIO,8301,LOS ANGELES,32,COLISION LATERAL,30,COLISION,1,URBANA,11,CRUCE CON SEMAFORO FUNCIONANDO,12,FALLAS MECANICAS,1,FALLAS MECANICAS FRENOS,0,COLO COLO,0,LAS AZALEAS,COLO COLO - LAS AZALEAS,0, , , , ,1,0,1,UNIDIRECCIONAL,1,CONCRETO,1,BUENO,1,SECO,1,DESPEJADO,0,0,0,2,0
-8055744.89038435,-4504866.71301147,2593,21927,1404843,-72.3659876,-37.4703132,77,LOS ANGELES,1,57029,2021,1404843,REGION BIO BIO,8301,LOS ANGELES,COLO COLO,LAS AZALEAS,0,"COLO COLO & LAS AZALEAS, LOS ANGELES",CHILE,GEOMETRIC_CENTER,77488,2021,1404843,1,2021/12/19 00:00:00+00,1899/12/30 00:00:00+00,8,REGION BIO BIO,8301,LOS ANGELES,63,CHOQUE FRENTE/POSTERIOR,40,CHOQUE,1,URBANA,11,CRUCE CON SEMAFORO FUNCIONANDO,4,ALCOHOL EN CONDUCTOR,24,CONDUCCION EN ESTADO DE EBRIEDAD,0,COLO COLO,0,LAS AZALEAS,COLO COLO - LAS AZALEAS,0, , , , ,1,0,1,UNIDIRECCIONAL,1,CONCRETO,1,BUENO,1,SECO,1,DESPEJADO,0,0,0,0,3
-8055739.54704879,-4504865.61898819,2594,21928,1398403,-72.3659396,-37.4703054,77,LOS ANGELES,1,52090,2021,1398403,REGION BIO BIO,8301,LOS ANGELES,COLO COLO, ,1100,"COLO COLO 1100, LOS ANGELES",CHILE,RANGE_INTERPOLATED,70832,2021,1398403,1,2021/11/23 00:00:00+00,1899/12/30 00:00:00+00,8,REGION BIO BIO,8301,LOS ANGELES,66,CHOQUE LADO/POSTERIOR,40,CHOQUE,1,URBANA,1,TRAMO DE VIA RECTA,1,IMPRUDENCIA DEL CONDUCTOR,27,CONDUCCION NO ATENTO CONDICIONES TRANSITO MOMENTO,0,COLO COLO,0, ,- COLO COLO,1100, , , , ,2,0,1,UNIDIRECCIONAL,1,CONCRETO,1,BUENO,1,SECO,1,DESPEJADO,0,0,0,2,0
-8053915.04285859,-4504859.20913614,2595,21929,1385199,-72.3495498,-37.4702597,77,LOS ANGELES,1,42420,2021,1385199,REGION BIO BIO,8301,LOS ANGELES,ALMAGRO,LAUTARO,0,"ALMAGRO & LAUTARO, LOS ANGELES",CHILE,GEOMETRIC_CENTER,58119,2021,1385199,1,2021/10/04 00:00:00+00,1899/12/30 00:00:00+00,8,REGION BIO BIO,8301,LOS ANGELES,30,COLISION,30,COLISION,1,URBANA,1,TRAMO DE VIA RECTA,1,IMPRUDENCIA DEL CONDUCTOR,27,CONDUCCION NO ATENTO CONDICIONES TRANSITO MOMENTO,0,ALMAGRO,0,LAUTARO,ALMAGRO - LAUTARO,0, , , , ,2,0,1,UNIDIRECCIONAL,4,MIXTO,1,BUENO,1,SECO,1,DESPEJADO,0,0,0,0,2
-8054095.97042697,-4504855.30992827,2596,21930,1338573,-72.3511751,-37.4702319,77,LOS ANGELES,1,10508,2021,1338573,REGION BIO BIO,8301,LOS ANGELES,COLON,LAUTARO,0,"COLON & LAUTARO, LOS ANGELES",CHILE,GEOMETRIC_CENTER,14629,2021,1338573,1,2021/03/16 00:00:00+00,1899/12/30 00:00:00+00,8,REGION BIO BIO,8301,LOS ANGELES,32,COLISION LATERAL,30,COLISION,1,URBANA,1,TRAMO DE VIA RECTA,1,IMPRUDENCIA DEL CONDUCTOR,27,CONDUCCION NO ATENTO CONDICIONES TRANSITO MOMENTO,0,COLON,0,LAUTARO,COLON - LAUTARO,0, , , , ,1,0,1,UNIDIRECCIONAL,1,CONCRETO,1,BUENO,1,SECO,1,DESPEJADO,0,0,0,0,2
-8054095.97042697,-4504855.30992827,2597,21931,1366861,-72.3511751,-37.4702319,77,LOS ANGELES,1,29191,2021,1366861,REGION BIO BIO,8301,LOS ANGELES,LAUTARO,COLON,0,"LAUTARO & COLON, LOS ANGELES",CHILE,GEOMETRIC_CENTER,40357,2021,1366861,1,2021/07/23 00:00:00+00,1899/12/30 00:00:00+00,8,REGION BIO BIO,8301,LOS ANGELES,63,CHOQUE FRENTE/POSTERIOR,40,CHOQUE,1,URBANA,11,CRUCE CON SEMAFORO FUNCIONANDO,4,ALCOHOL EN CONDUCTOR,24,CONDUCCION EN ESTADO DE EBRIEDAD,0,LAUTARO,0,COLON,COLON - LAUTARO,0, , , , ,2,0,1,UNIDIRECCIONAL,1,CONCRETO,1,BUENO,1,SECO,1,DESPEJADO,0,0,0,2,3
-8054095.97042697,-4504855.30992827,2598,21932,1367096,-72.3511751,-37.4702319,77,LOS ANGELES,1,29777,2021,1367096,REGION BIO BIO,8301,LOS ANGELES,COLON,LAUTARO,0,"COLON & LAUTARO, LOS ANGELES",CHILE,GEOMETRIC_CENTER,41195,2021,1367096,1,2021/07/26 00:00:00+00,1899/12/30 00:00:00+00,8,REGION BIO BIO,8301,LOS ANGELES,30,COLISION,30,COLISION,1,URBANA,1,TRAMO DE VIA RECTA,1,IMPRUDENCIA DEL CONDUCTOR,27,CONDUCCION NO ATENTO CONDICIONES TRANSITO MOMENTO,0,COLON,0,LAUTARO,COLON - LAUTARO,0, , , , ,2,0,1,UNIDIRECCIONAL,2,ASFALTO,1,BUENO,1,SECO,1,DESPEJADO,0,0,0,0,2
-8054516.56885904,-4504854.60863205,2599,21933,1327488,-72.3549534,-37.4702269,77,LOS ANGELES,1,2586,2021,1327488,REGION BIO BIO,8301,LOS ANGELES,LAUTARO,RENGO,0,"LAUTARO & RENGO, LOS ANGELES",CHILE,GEOMETRIC_CENTER,3552,2021,1327488,1,2021/01/18 00:00:00+00,1899/12/30 00:00:00+00,8,REGION BIO BIO,8301,LOS ANGELES,32,COLISION LATERAL,30,COLISION,1,URBANA,1,TRAMO DE VIA RECTA,1,IMPRUDENCIA DEL CONDUCTOR,27,CONDUCCION NO ATENTO CONDICIONES TRANSITO MOMENTO,0,LAUTARO,0,RENGO,LAUTARO - RENGO,0, , , , ,1,0,1,UNIDIRECCIONAL,1,CONCRETO,1,BUENO,1,SECO,1,DESPEJADO,0,0,0,0,2
-8054391.64612647,-4504840.98946866,2600,21934,1366854,-72.3538312,-37.4701298,77,LOS ANGELES,1,29183,2021,1366854,REGION BIO BIO,8301,LOS ANGELES,MENDOZA,LAUTARO,0,"MENDOZA & LAUTARO, LOS ANGELES",CHILE,GEOMETRIC_CENTER,40345,2021,1366854,1,2021/07/22 00:00:00+00,1899/12/30 00:00:00+00,8,REGION BIO BIO,8301,LOS ANGELES,52,CHOQUE LATERAL,40,CHOQUE,1,URBANA,1,TRAMO DE VIA RECTA,4,ALCOHOL EN CONDUCTOR,24,CONDUCCION EN ESTADO DE EBRIEDAD,0,MENDOZA,0,LAUTARO,LAUTARO - MENDOZA,0, , , , ,2,0,1,UNIDIRECCIONAL,1,CONCRETO,1,BUENO,1,SECO,1,DESPEJADO,0,0,0,0,2
-8054391.64612647,-4504840.98946866,2601,21935,1380700,-72.3538312,-37.4701298,77,LOS ANGELES,1,39504,2021,1380700,REGION BIO BIO,8301,LOS ANGELES,BIO BIO,LAUTARO,0,"BIO BIO & LAUTARO, LOS ANGELES",CHILE,GEOMETRIC_CENTER,54240,2021,1380700,1,2021/09/17 00:00:00+00,1899/12/30 00:00:00+00,8,REGION BIO BIO,8301,LOS ANGELES,31,COLISION FRONTAL,30,COLISION,1,URBANA,1,TRAMO DE VIA RECTA,4,ALCOHOL EN CONDUCTOR,24,CONDUCCION EN ESTADO DE EBRIEDAD,0,BIO BIO,0,LAUTARO,BIO BIO - LAUTARO,0, , , , ,1,1,2,BIDIRECCIONAL,2,ASFALTO,3,MALO,1,SECO,1,DESPEJADO,0,0,0,0,4
-8054571.10427758,-4504837.65130361,2602,21936,1374589,-72.3554433,-37.470106,77,LOS ANGELES,1,34892,2021,1374589,REGION BIO BIO,8301,LOS ANGELES,LAUTARO,ERCILLA,0,"LAUTARO & ERCILLA, LOS ANGELES",CHILE,GEOMETRIC_CENTER,48106,2021,1374589,1,2021/08/23 00:00:00+00,1899/12/30 00:00:00+00,8,REGION BIO BIO,8301,LOS ANGELES,52,CHOQUE LATERAL,40,CHOQUE,1,URBANA,1,TRAMO DE VIA RECTA,1,IMPRUDENCIA DEL CONDUCTOR,27,CONDUCCION NO ATENTO CONDICIONES TRANSITO MOMENTO,0,LAUTARO,0,ERCILLA,ERCILLA - LAUTARO,0, , , , ,2,0,1,UNIDIRECCIONAL,1,CONCRETO,1,BUENO,1,SECO,1,DESPEJADO,0,0,0,0,2
-8054571.10427758,-4504837.65130361,2603,21937,1397903,-72.3554433,-37.470106,77,LOS ANGELES,1,51392,2021,1397903,REGION BIO BIO,8301,LOS ANGELES,ERCILLA,LAUTARO,0,"ERCILLA & LAUTARO, LOS ANGELES",CHILE,GEOMETRIC_CENTER,69905,2021,1397903,1,2021/11/19 00:00:00+00,1899/12/30 00:00:00+00,8,REGION BIO BIO,8301,LOS ANGELES,31,COLISION FRONTAL,30,COLISION,1,URBANA,11,CRUCE CON SEMAFORO FUNCIONANDO,10,DESOBEDIENCIA A SEÑALIZACION,62,SEÑALIZACION DESOBEDECER LUZ ROJA DE SEMAFORO,0,ERCILLA,0,LAUTARO,ERCILLA - LAUTARO,0, , , , ,2,0,1,UNIDIRECCIONAL,1,CONCRETO,1,BUENO,1,SECO,1,DESPEJADO,0,0,0,0,2
-8054256.20370202,-4504836.54325746,2604,21938,1353043,-72.3526145,-37.4700981,77,LOS ANGELES,1,20260,2021,1353043,REGION BIO BIO,8301,LOS ANGELES,LAUTARO, ,519,"LAUTARO 519, LOS ANGELES",CHILE,RANGE_INTERPOLATED,27910,2021,1353043,1,2021/05/28 00:00:00+00,1899/12/30 00:00:00+00,8,REGION BIO BIO,8301,LOS ANGELES,63,CHOQUE FRENTE/POSTERIOR,40,CHOQUE,1,URBANA,1,TRAMO DE VIA RECTA,1,IMPRUDENCIA DEL CONDUCTOR,27,CONDUCCION NO ATENTO CONDICIONES TRANSITO MOMENTO,0,LAUTARO,0, ,- LAUTARO,519, , , , ,2,0,1,UNIDIRECCIONAL,2,ASFALTO,1,BUENO,1,SECO,1,DESPEJADO,0,0,0,0,2
-8053800.97377637,-4504836.41702436,2605,21939,1351282,-72.3485251,-37.4700972,77,LOS ANGELES,1,18782,2021,1351282,REGION BIO BIO,8301,LOS ANGELES,LAUTARO, ,245,"LAUTARO 245, LOS ANGELES",CHILE,RANGE_INTERPOLATED,25830,2021,1351282,1,2021/05/19 00:00:00+00,1899/12/30 00:00:00+00,8,REGION BIO BIO,8301,LOS ANGELES,30,COLISION,30,COLISION,1,URBANA,1,TRAMO DE VIA RECTA,1,IMPRUDENCIA DEL CONDUCTOR,27,CONDUCCION NO ATENTO CONDICIONES TRANSITO MOMENTO,0,LAUTARO,0, ,- LAUTARO,245, , , , ,2,0,1,UNIDIRECCIONAL,1,CONCRETO,1,BUENO,3,MOJADO,2,NUBLADO,0,0,0,0,2
-8054780.22907298,-4504824.1583952,2606,21940,1332128,-72.3573219,-37.4700098,77,LOS ANGELES,1,6118,2021,1332128,REGION BIO BIO,8301,LOS ANGELES,ARTURO PRAT,LAUTARO,0,"ARTURO PRAT & LAUTARO, LOS ANGELES",CHILE,GEOMETRIC_CENTER,8534,2021,1332128,1,2021/02/14 00:00:00+00,1899/12/30 00:00:00+00,8,REGION BIO BIO,8301,LOS ANGELES,32,COLISION LATERAL,30,COLISION,1,URBANA,14,CRUCE CON SEÑAL PARE,10,DESOBEDIENCIA A SEÑALIZACION,65,SEÑALIZACION DESOBEDECER SEÑAL PARE,0,ARTURO PRAT,0,LAUTARO,ARTURO PRAT - LAUTARO,0, , , , ,2,0,1,UNIDIRECCIONAL,2,ASFALTO,1,BUENO,1,SECO,2,NUBLADO,0,0,0,0,2
-8054780.22907298,-4504824.1583952,2607,21941,1346565,-72.3573219,-37.4700098,77,LOS ANGELES,1,16217,2021,1346565,REGION BIO BIO,8301,LOS ANGELES,LAUTARO,ARTURO PRAT,0,"LAUTARO & ARTURO PRAT, LOS ANGELES",CHILE,GEOMETRIC_CENTER,22347,2021,1346565,1,2021/05/01 00:00:00+00,1899/12/30 00:00:00+00,8,REGION BIO BIO,8301,LOS ANGELES,32,COLISION LATERAL,30,COLISION,1,URBANA,14,CRUCE CON SEÑAL PARE,10,DESOBEDIENCIA A SEÑALIZACION,65,SEÑALIZACION DESOBEDECER SEÑAL PARE,0,LAUTARO,0,ARTURO PRAT,ARTURO PRAT - LAUTARO,0, , , , ,2,0,1,UNIDIRECCIONAL,1,CONCRETO,1,BUENO,3,MOJADO,3,LLUVIA,0,0,0,0,2
-8054780.22907298,-4504824.1583952,2608,21942,1393331,-72.3573219,-37.4700098,77,LOS ANGELES,1,48699,2021,1393331,REGION BIO BIO,8301,LOS ANGELES,LAUTARO,ARTURO PRAT,0,"LAUTARO & ARTURO PRAT, LOS ANGELES",CHILE,GEOMETRIC_CENTER,66391,2021,1393331,1,2021/11/06 00:00:00+00,1899/12/30 00:00:00+00,8,REGION BIO BIO,8301,LOS ANGELES,32,COLISION LATERAL,30,COLISION,1,URBANA,14,CRUCE CON SEÑAL PARE,1,IMPRUDENCIA DEL CONDUCTOR,27,CONDUCCION NO ATENTO CONDICIONES TRANSITO MOMENTO,0,LAUTARO,0,ARTURO PRAT,ARTURO PRAT - LAUTARO,0, , , , ,1,0,1,UNIDIRECCIONAL,1,CONCRETO,1,BUENO,1,SECO,1,DESPEJADO,0,1,0,0,1
-8054780.22907298,-4504824.1583952,2609,21943,1393315,-72.3573219,-37.4700098,77,LOS ANGELES,1,48715,2021,1393315,REGION BIO BIO,8301,LOS ANGELES,ARTURO PRAT,LAUTARO,0,"ARTURO PRAT & LAUTARO, LOS ANGELES",CHILE,GEOMETRIC_CENTER,66411,2021,1393315,1,2021/11/06 00:00:00+00,1899/12/30 00:00:00+00,8,REGION BIO BIO,8301,LOS ANGELES,32,COLISION LATERAL,30,COLISION,1,URBANA,14,CRUCE CON SEÑAL PARE,10,DESOBEDIENCIA A SEÑALIZACION,65,SEÑALIZACION DESOBEDECER SEÑAL PARE,0,ARTURO PRAT,0,LAUTARO,ARTURO PRAT - LAUTARO,0, , , , ,2,0,1,UNIDIRECCIONAL,1,CONCRETO,2,REGULAR,1,SECO,1,DESPEJADO,0,0,0,2,1
-8056793.2416889,-4504820.51166618,2610,21944,1381188,-72.3754051,-37.4699838,77,LOS ANGELES,1,14847,2021,1381188,REGION BIO BIO,8301,LOS ANGELES,PUNTA ARENAS,PONIENTE,0,"PUNTA ARENAS & PONIENTE, LOS ANGELES",CHILE,GEOMETRIC_CENTER,20474,2021,1381188,1,2021/04/21 00:00:00+00,1899/12/30 00:00:00+00,8,REGION BIO BIO,8301,LOS ANGELES,32,COLISION LATERAL,30,COLISION,1,URBANA,15,CRUCE CON SEÑAL CEDA EL PASO,1,IMPRUDENCIA DEL CONDUCTOR,27,CONDUCCION NO ATENTO CONDICIONES TRANSITO MOMENTO,0,PUNTA ARENAS,0,PONIENTE,PONIENTE - PUNTA ARENAS,0, , , , ,2,0,1,UNIDIRECCIONAL,1,CONCRETO,1,BUENO,1,SECO,1,DESPEJADO,0,0,0,2,0