X,Y,FID,FID_1,LABELID,POINT_X,POINT_Y,FID_2,COMUNAREAL,VAL_COM,OBJECTID,A_O,IDACCIDENT,REGION,COD_COMUN,COMUNA,CALLE_UNO,CALLE_DOS,NUMERO,DIR_GEOCOD,PAIS,TIPO,OBJECTID_1,Año,Idaccide_1,Claseaccid,Fecha,Hora,Cód_Regi,Región,Cód_Comun,Comuna_1,Cód_Tipo_,Tipo_Accid,Cód_Tipo1,Tipo__CONA,Cód_Zona,Zona,Cód_Ubica,Ubicación,Cód_Causa,Causa__CON,Cód_Cau_1,Causa,Cód_Calle,Calle_Un_1,Cód_Cal_1,Calle_Do_1,Intersecci,Número,Ruta,Cód_Ruta,Ubicaci_1,Km_Vía_Fe,Pistas_de_,Pistas_de1,Cód_Calza,Calzada,Cód__Tipo,Tipo_Calza,Cód_Estad,Estado_Cal,Cód_Condi,Condición,Cód_Est_1,Estado_Atm,Fallecidos,Graves,Menos_Grav,Leves,Ilesos
-8056793.2416889,-4504820.51166618,2611,21945,1380305,-72.3754051,-37.4699838,77,LOS ANGELES,1,38888,2021,1380305,REGION BIO BIO,8301,LOS ANGELES,PUNTA ARENAS,PONIENTE,0,"PUNTA ARENAS & PONIENTE, LOS ANGELES",CHILE,GEOMETRIC_CENTER,53408,2021,1380305,1,2021/09/14 00:00:00+00,1899/12/30 00:00:00+00,8,REGION BIO BIO,8301,LOS ANGELES,32,COLISION LATERAL,30,COLISION,1,URBANA,15,CRUCE CON SEÑAL CEDA EL PASO,10,DESOBEDIENCIA A SEÑALIZACION,64,SEÑALIZACION DESOBEDECER SEÑAL CEDA EL PASO,0,PUNTA ARENAS,0,PONIENTE,PONIENTE - PUNTA ARENAS,0, , , , ,2,0,1,UNIDIRECCIONAL,1,CONCRETO,1,BUENO,1,SECO,1,DESPEJADO,0,0,0,2,1
-8056793.2416889,-4504820.51166618,2612,21946,1391549,-72.3754051,-37.4699838,77,LOS ANGELES,1,47539,2021,1391549,REGION BIO BIO,8301,LOS ANGELES,PONIENTE,PUNTA ARENAS,0,"PONIENTE & PUNTA ARENAS, LOS ANGELES",CHILE,GEOMETRIC_CENTER,64859,2021,1391549,1,2021/10/31 00:00:00+00,1899/12/30 00:00:00+00,8,REGION BIO BIO,8301,LOS ANGELES,30,COLISION,30,COLISION,1,URBANA,14,CRUCE CON SEÑAL PARE,4,ALCOHOL EN CONDUCTOR,24,CONDUCCION EN ESTADO DE EBRIEDAD,0,PONIENTE,0,PUNTA ARENAS,PONIENTE - PUNTA ARENAS,0, , , , ,1,1,2,BIDIRECCIONAL,2,ASFALTO,1,BUENO,1,SECO,1,DESPEJADO,0,0,0,0,2
-8055568.44899144,-4504819.30544071,2613,21947,1346921,-72.3644026,-37.4699752,77,LOS ANGELES,1,16373,2021,1346921,REGION BIO BIO,8301,LOS ANGELES,COLO COLO,GABRIELA DECAP,0,"COLO COLO & GABRIELA DECAP, LOS ANGELES",CHILE,GEOMETRIC_CENTER,22598,2021,1346921,1,2021/05/03 00:00:00+00,1899/12/30 00:00:00+00,8,REGION BIO BIO,8301,LOS ANGELES,50,CHOQUE,40,CHOQUE,1,URBANA,1,TRAMO DE VIA RECTA,12,FALLAS MECANICAS,5,FALLAS MECANICAS NEUMATICOS,0,COLO COLO,0,GABRIELA DECAP,COLO COLO - GABRIELA DECAP,0, , , , ,2,0,1,UNIDIRECCIONAL,1,CONCRETO,1,BUENO,1,SECO,1,DESPEJADO,0,0,0,0,1
-8054252.51902688,-4504817.07532653,2614,21948,1375031,-72.3525814,-37.4699593,77,LOS ANGELES,1,35175,2021,1375031,REGION BIO BIO,8301,LOS ANGELES,LAUTARO, ,517,"LAUTARO 517, LOS ANGELES",CHILE,RANGE_INTERPOLATED,48464,2021,1375031,1,2021/08/25 00:00:00+00,1899/12/30 00:00:00+00,8,REGION BIO BIO,8301,LOS ANGELES,68,CHOQUE POSTERIOR/LADO,40,CHOQUE,1,URBANA,1,TRAMO DE VIA RECTA,1,IMPRUDENCIA DEL CONDUCTOR,27,CONDUCCION NO ATENTO CONDICIONES TRANSITO MOMENTO,0,LAUTARO,0, ,- LAUTARO,517, , , , ,2,0,1,UNIDIRECCIONAL,1,CONCRETO,1,BUENO,1,SECO,1,DESPEJADO,0,0,0,0,2
-8056918.09762977,-4504815.77092035,2615,21949,1350986,-72.3765267,-37.46995,77,LOS ANGELES,1,18698,2021,1350986,REGION BIO BIO,8301,LOS ANGELES,PUNTA ARENAS, ,1877,"PUNTA ARENAS 1877, LOS ANGELES",CHILE,RANGE_INTERPOLATED,25703,2021,1350986,1,2021/05/18 00:00:00+00,1899/12/30 00:00:00+00,8,REGION BIO BIO,8301,LOS ANGELES,69,CHOQUE POSTERIOR/POSTERIOR,40,CHOQUE,1,URBANA,1,TRAMO DE VIA RECTA,1,IMPRUDENCIA DEL CONDUCTOR,27,CONDUCCION NO ATENTO CONDICIONES TRANSITO MOMENTO,0,PUNTA ARENAS,0, ,- PUNTA ARENAS,1877, , , , ,2,0,1,UNIDIRECCIONAL,1,CONCRETO,1,BUENO,1,SECO,1,DESPEJADO,0,0,0,0,2
-8054503.68919395,-4504809.62759018,2616,21950,1334429,-72.3548377,-37.4699062,77,LOS ANGELES,1,7554,2021,1334429,REGION BIO BIO,8301,LOS ANGELES,LAUTARO, ,681,"LAUTARO 681, LOS ANGELES",CHILE,RANGE_INTERPOLATED,10609,2021,1334429,1,2021/02/25 00:00:00+00,1899/12/30 00:00:00+00,8,REGION BIO BIO,8301,LOS ANGELES,63,CHOQUE FRENTE/POSTERIOR,40,CHOQUE,1,URBANA,1,TRAMO DE VIA RECTA,4,ALCOHOL EN CONDUCTOR,24,CONDUCCION EN ESTADO DE EBRIEDAD,0,LAUTARO,0, ,- LAUTARO,681, , , , ,2,0,1,UNIDIRECCIONAL,1,CONCRETO,1,BUENO,1,SECO,1,DESPEJADO,0,0,0,1,1
-8053890.94218883,-4504800.69311871,2617,21951,1385907,-72.3493333,-37.4698425,77,LOS ANGELES,1,43174,2021,1385907,REGION BIO BIO,8301,LOS ANGELES,ALMAGRO, ,337,"ALMAGRO 337, LOS ANGELES",CHILE,RANGE_INTERPOLATED,59053,2021,1385907,1,2021/10/08 00:00:00+00,1899/12/30 00:00:00+00,8,REGION BIO BIO,8301,LOS ANGELES,70,VOLCADURA,70,VOLCADURA,1,URBANA,1,TRAMO DE VIA RECTA,1,IMPRUDENCIA DEL CONDUCTOR,27,CONDUCCION NO ATENTO CONDICIONES TRANSITO MOMENTO,0,ALMAGRO,0, ,- ALMAGRO,337, , , , ,2,0,1,UNIDIRECCIONAL,1,CONCRETO,1,BUENO,1,SECO,1,DESPEJADO,0,0,0,0,3
-8051405.80134857,-4504797.17263048,2618,21952,1395071,-72.3270089,-37.4698174,77,LOS ANGELES,1,49747,2021,1395071,REGION BIO BIO,8301,LOS ANGELES,LAS INDUSTRIAS, ,507,"LAS INDUSTRIAS 507, LOS ANGELES",CHILE,RANGE_INTERPOLATED,67755,2021,1395071,1,2021/11/12 00:00:00+00,1899/12/30 00:00:00+00,8,REGION BIO BIO,8301,LOS ANGELES,51,CHOQUE FRONTAL,40,CHOQUE,1,URBANA,1,TRAMO DE VIA RECTA,1,IMPRUDENCIA DEL CONDUCTOR,27,CONDUCCION NO ATENTO CONDICIONES TRANSITO MOMENTO,0,LAS INDUSTRIAS,0, ,- LAS INDUSTRIAS,507, , , , ,2,0,1,UNIDIRECCIONAL,1,CONCRETO,1,BUENO,1,SECO,1,DESPEJADO,0,1,0,1,0
-8051405.80134857,-4504797.17263048,2619,21953,1406892,-72.3270089,-37.4698174,77,LOS ANGELES,1,58108,2021,1406892,REGION BIO BIO,8301,LOS ANGELES,LAS INDUSTRIAS, ,507,"LAS INDUSTRIAS 507, LOS ANGELES",CHILE,RANGE_INTERPOLATED,78908,2021,1406892,1,2021/12/24 00:00:00+00,1899/12/30 00:00:00+00,8,REGION BIO BIO,8301,LOS ANGELES,69,CHOQUE POSTERIOR/POSTERIOR,40,CHOQUE,1,URBANA,1,TRAMO DE VIA RECTA,9,PERDIDA CONTROL VEHICULO,95,PERDIDA CONTROL VEHICULO,0,LAS INDUSTRIAS,0, ,- LAS INDUSTRIAS,507, , , , ,2,2,3,BIDIRECCIONAL CON BANDEJON,2,ASFALTO,1,BUENO,1,SECO,1,DESPEJADO,0,0,0,1,0
-8054794.97890551,-4504795.3492705,2620,21954,1390322,-72.3574544,-37.4698044,77,LOS ANGELES,1,45981,2021,1390322,REGION BIO BIO,8301,LOS ANGELES,ARTURO PRAT, ,202,"ARTURO PRAT 202, LOS ANGELES",CHILE,RANGE_INTERPOLATED,62809,2021,1390322,1,2021/10/23 00:00:00+00,1899/12/30 00:00:00+00,8,REGION BIO BIO,8301,LOS ANGELES,51,CHOQUE FRONTAL,40,CHOQUE,1,URBANA,1,TRAMO DE VIA RECTA,1,IMPRUDENCIA DEL CONDUCTOR,27,CONDUCCION NO ATENTO CONDICIONES TRANSITO MOMENTO,0,ARTURO PRAT,0, ,- ARTURO PRAT,202, , , , ,1,1,2,BIDIRECCIONAL,1,CONCRETO,1,BUENO,2,HUMEDO,1,DESPEJADO,0,0,0,0,1
-8051405.84587636,-4504795.11083114,2621,21955,1331972,-72.3270093,-37.4698027,77,LOS ANGELES,1,5901,2021,1331972,REGION BIO BIO,8301,LOS ANGELES,LAS INDUSTRIAS, ,505,"LAS INDUSTRIAS 505, LOS ANGELES",CHILE,RANGE_INTERPOLATED,8229,2021,1331972,1,2021/02/12 00:00:00+00,1899/12/30 00:00:00+00,8,REGION BIO BIO,8301,LOS ANGELES,32,COLISION LATERAL,30,COLISION,1,URBANA,1,TRAMO DE VIA RECTA,9,PERDIDA CONTROL VEHICULO,95,PERDIDA CONTROL VEHICULO,0,LAS INDUSTRIAS,0, ,- LAS INDUSTRIAS,505, , , , ,2,0,1,UNIDIRECCIONAL,2,ASFALTO,2,REGULAR,2,HUMEDO,1,DESPEJADO,0,0,0,2,1
-8051405.84587636,-4504795.11083114,2622,21956,1359412,-72.3270093,-37.4698027,77,LOS ANGELES,1,24906,2021,1359412,REGION BIO BIO,8301,LOS ANGELES,LAS INDUSTRIAS, ,505,"LAS INDUSTRIAS 505, LOS ANGELES",CHILE,RANGE_INTERPOLATED,34348,2021,1359412,1,2021/06/26 00:00:00+00,1899/12/30 00:00:00+00,8,REGION BIO BIO,8301,LOS ANGELES,63,CHOQUE FRENTE/POSTERIOR,40,CHOQUE,1,URBANA,1,TRAMO DE VIA RECTA,1,IMPRUDENCIA DEL CONDUCTOR,27,CONDUCCION NO ATENTO CONDICIONES TRANSITO MOMENTO,0,LAS INDUSTRIAS,0, ,- LAS INDUSTRIAS,505, , , , ,2,0,1,UNIDIRECCIONAL,2,ASFALTO,1,BUENO,1,SECO,1,DESPEJADO,0,0,0,0,2
-8051405.84587636,-4504795.11083114,2623,21957,1409430,-72.3270093,-37.4698027,77,LOS ANGELES,1,59065,2021,1409430,REGION BIO BIO,8301,LOS ANGELES,LAS INDUSTRIAS, ,505,"LAS INDUSTRIAS 505, LOS ANGELES",CHILE,RANGE_INTERPOLATED,80259,2021,1409430,1,2021/12/29 00:00:00+00,1899/12/30 00:00:00+00,8,REGION BIO BIO,8301,LOS ANGELES,31,COLISION FRONTAL,30,COLISION,1,URBANA,1,TRAMO DE VIA RECTA,1,IMPRUDENCIA DEL CONDUCTOR,27,CONDUCCION NO ATENTO CONDICIONES TRANSITO MOMENTO,0,LAS INDUSTRIAS,0, ,- LAS INDUSTRIAS,505, , , , ,1,1,2,BIDIRECCIONAL,2,ASFALTO,1,BUENO,2,HUMEDO,2,NUBLADO,0,0,0,0,2
-8051277.58355907,-4504791.40800887,2624,21958,1334425,-72.3258571,-37.4697763,77,LOS ANGELES,1,7451,2021,1334425,REGION BIO BIO,8301,LOS ANGELES,LAS INDUSTRIAS, ,514,"LAS INDUSTRIAS 514, LOS ANGELES",CHILE,RANGE_INTERPOLATED,10473,2021,1334425,1,2021/02/24 00:00:00+00,1899/12/30 00:00:00+00,8,REGION BIO BIO,8301,LOS ANGELES,32,COLISION LATERAL,30,COLISION,1,URBANA,1,TRAMO DE VIA RECTA,1,IMPRUDENCIA DEL CONDUCTOR,27,CONDUCCION NO ATENTO CONDICIONES TRANSITO MOMENTO,0,LAS INDUSTRIAS,0, ,- LAS INDUSTRIAS,514, , , , ,1,1,2,BIDIRECCIONAL,2,ASFALTO,1,BUENO,1,SECO,1,DESPEJADO,0,0,0,2,1
-8051405.91266805,-4504791.00125953,2625,21959,1351733,-72.3270099,-37.4697734,77,LOS ANGELES,1,19229,2021,1351733,REGION BIO BIO,8301,LOS ANGELES,LAS INDUSTRIAS, ,501,"LAS INDUSTRIAS 501, LOS ANGELES",CHILE,RANGE_INTERPOLATED,26447,2021,1351733,1,2021/05/21 00:00:00+00,1899/12/30 00:00:00+00,8,REGION BIO BIO,8301,LOS ANGELES,32,COLISION LATERAL,30,COLISION,1,URBANA,1,TRAMO DE VIA RECTA,1,IMPRUDENCIA DEL CONDUCTOR,29,CONDUCCION CAMBIAR SORPRESIVAMENTE PISTA CIRCULACION,0,LAS INDUSTRIAS,0, ,- LAS INDUSTRIAS,501, , , , ,2,2,2,BIDIRECCIONAL,2,ASFALTO,1,BUENO,3,MOJADO,3,LLUVIA,0,0,0,0,2
-8051405.91266805,-4504791.00125953,2626,21960,1376739,-72.3270099,-37.4697734,77,LOS ANGELES,1,36931,2021,1376739,REGION BIO BIO,8301,LOS ANGELES,LAS INDUSTRIAS, ,501,"LAS INDUSTRIAS 501, LOS ANGELES",CHILE,RANGE_INTERPOLATED,50795,2021,1376739,1,2021/09/04 00:00:00+00,1899/12/30 00:00:00+00,8,REGION BIO BIO,8301,LOS ANGELES,32,COLISION LATERAL,30,COLISION,1,URBANA,1,TRAMO DE VIA RECTA,1,IMPRUDENCIA DEL CONDUCTOR,27,CONDUCCION NO ATENTO CONDICIONES TRANSITO MOMENTO,0,LAS INDUSTRIAS,0, ,- LAS INDUSTRIAS,501, , , , ,2,0,1,UNIDIRECCIONAL,2,ASFALTO,1,BUENO,1,SECO,1,DESPEJADO,0,0,1,0,1
-8051405.91266805,-4504791.00125953,2627,21961,1391131,-72.3270099,-37.4697734,77,LOS ANGELES,1,47086,2021,1391131,REGION BIO BIO,8301,LOS ANGELES,LAS INDUSTRIAS, ,501,"LAS INDUSTRIAS 501, LOS ANGELES",CHILE,RANGE_INTERPOLATED,64233,2021,1391131,1,2021/10/29 00:00:00+00,1899/12/30 00:00:00+00,8,REGION BIO BIO,8301,LOS ANGELES,32,COLISION LATERAL,30,COLISION,1,URBANA,1,TRAMO DE VIA RECTA,14,OTRAS CAUSAS,98,OTRAS CAUSAS,0,LAS INDUSTRIAS,0, ,- LAS INDUSTRIAS,501, , , , ,1,1,2,BIDIRECCIONAL,1,CONCRETO,1,BUENO,1,SECO,1,DESPEJADO,0,0,0,1,2
-8055072.50952801,-4504789.76698578,2628,21962,1385583,-72.3599475,-37.4697646,77,LOS ANGELES,1,42731,2021,1385583,REGION BIO BIO,8301,LOS ANGELES,ESMERALDA,MIRAFLORES,0,"ESMERALDA & MIRAFLORES, LOS ANGELES",CHILE,GEOMETRIC_CENTER,58504,2021,1385583,1,2021/10/06 00:00:00+00,1899/12/30 00:00:00+00,8,REGION BIO BIO,8301,LOS ANGELES,32,COLISION LATERAL,30,COLISION,1,URBANA,1,TRAMO DE VIA RECTA,1,IMPRUDENCIA DEL CONDUCTOR,29,CONDUCCION CAMBIAR SORPRESIVAMENTE PISTA CIRCULACION,0,ESMERALDA,0,MIRAFLORES,ESMERALDA - MIRAFLORES,0, , , , ,2,0,1,UNIDIRECCIONAL,1,CONCRETO,1,BUENO,1,SECO,1,DESPEJADO,0,0,0,0,2
-8051277.65035077,-4504789.38828818,2629,21963,1336334,-72.3258577,-37.4697619,77,LOS ANGELES,1,8974,2021,1336334,REGION BIO BIO,8301,LOS ANGELES,LAS INDUSTRIAS, ,512,"LAS INDUSTRIAS 512, LOS ANGELES",CHILE,RANGE_INTERPOLATED,12536,2021,1336334,1,2021/03/05 00:00:00+00,1899/12/30 00:00:00+00,8,REGION BIO BIO,8301,LOS ANGELES,33,COLISION POR ALCANCE,30,COLISION,1,URBANA,1,TRAMO DE VIA RECTA,1,IMPRUDENCIA DEL CONDUCTOR,27,CONDUCCION NO ATENTO CONDICIONES TRANSITO MOMENTO,0,LAS INDUSTRIAS,0, ,- LAS INDUSTRIAS,512, , , , ,1,1,2,BIDIRECCIONAL,2,ASFALTO,1,BUENO,1,SECO,1,DESPEJADO,0,0,0,2,3
-8051277.89525364,-4504781.29538348,2630,21964,1328977,-72.3258599,-37.4697042,77,LOS ANGELES,1,3983,2021,1328977,REGION BIO BIO,8301,LOS ANGELES,LAS INDUSTRIAS, ,504,"LAS INDUSTRIAS 504, LOS ANGELES",CHILE,RANGE_INTERPOLATED,5536,2021,1328977,1,2021/01/29 00:00:00+00,1899/12/30 00:00:00+00,8,REGION BIO BIO,8301,LOS ANGELES,70,VOLCADURA,70,VOLCADURA,1,URBANA,1,TRAMO DE VIA RECTA,13,CAUSAS NO DETERMINADAS,97,CAUSAS NO DETERMINADAS,0,LAS INDUSTRIAS,0, ,- LAS INDUSTRIAS,504, , , , ,1,0,1,UNIDIRECCIONAL,1,CONCRETO,1,BUENO,2,HUMEDO,4,LLOVIZNA,0,1,0,1,0
-8051277.89525364,-4504781.29538348,2631,21965,1364500,-72.3258599,-37.4697042,77,LOS ANGELES,1,27876,2021,1364500,REGION BIO BIO,8301,LOS ANGELES,LAS INDUSTRIAS, ,504,"LAS INDUSTRIAS 504, LOS ANGELES",CHILE,RANGE_INTERPOLATED,38504,2021,1364500,1,2021/07/15 00:00:00+00,1899/12/30 00:00:00+00,8,REGION BIO BIO,8301,LOS ANGELES,63,CHOQUE FRENTE/POSTERIOR,40,CHOQUE,1,URBANA,1,TRAMO DE VIA RECTA,1,IMPRUDENCIA DEL CONDUCTOR,27,CONDUCCION NO ATENTO CONDICIONES TRANSITO MOMENTO,0,LAS INDUSTRIAS,0, ,- LAS INDUSTRIAS,504, , , , ,2,0,1,UNIDIRECCIONAL,1,CONCRETO,1,BUENO,1,SECO,1,DESPEJADO,0,0,0,0,2
-8051277.89525364,-4504781.29538348,2632,21966,1402680,-72.3258599,-37.4697042,77,LOS ANGELES,1,38631,2021,1402680,REGION BIO BIO,8301,LOS ANGELES,LAS INDUSTRIAS, ,504,"LAS INDUSTRIAS 504, LOS ANGELES",CHILE,RANGE_INTERPOLATED,53085,2021,1402680,1,2021/09/13 00:00:00+00,1899/12/30 00:00:00+00,8,REGION BIO BIO,8301,LOS ANGELES,63,CHOQUE FRENTE/POSTERIOR,40,CHOQUE,1,URBANA,1,TRAMO DE VIA RECTA,1,IMPRUDENCIA DEL CONDUCTOR,27,CONDUCCION NO ATENTO CONDICIONES TRANSITO MOMENTO,0,LAS INDUSTRIAS,0, ,- LAS INDUSTRIAS,504, , , , ,1,1,2,BIDIRECCIONAL,1,CONCRETO,1,BUENO,1,SECO,1,DESPEJADO,0,0,0,0,2
-8051277.95091339,-4504779.27566474,2633,21967,1325734,-72.3258604,-37.4696898,77,LOS ANGELES,1,1794,2021,1325734,REGION BIO BIO,8301,LOS ANGELES,LAS INDUSTRIAS, ,502,"LAS INDUSTRIAS 502, LOS ANGELES",CHILE,RANGE_INTERPOLATED,2472,2021,1325734,1,2021/01/13 00:00:00+00,1899/12/30 00:00:00+00,8,REGION BIO BIO,8301,LOS ANGELES,62,CHOQUE FRENTE/LADO,40,CHOQUE,2,RURAL,1,TRAMO DE VIA RECTA,1,IMPRUDENCIA DEL CONDUCTOR,27,CONDUCCION NO ATENTO CONDICIONES TRANSITO MOMENTO,0,LAS INDUSTRIAS,0, ,- LAS INDUSTRIAS,502, , , , ,1,1,2,BIDIRECCIONAL,2,ASFALTO,1,BUENO,1,SECO,1,DESPEJADO,0,2,0,0,0
-8051277.95091339,-4504779.27566474,2634,21968,1327396,-72.3258604,-37.4696898,77,LOS ANGELES,1,2269,2021,1327396,REGION BIO BIO,8301,LOS ANGELES,LAS INDUSTRIAS, ,502,"LAS INDUSTRIAS 502, LOS ANGELES",CHILE,RANGE_INTERPOLATED,3118,2021,1327396,1,2021/01/16 00:00:00+00,1899/12/30 00:00:00+00,8,REGION BIO BIO,8301,LOS ANGELES,51,CHOQUE FRONTAL,40,CHOQUE,1,URBANA,1,TRAMO DE VIA RECTA,1,IMPRUDENCIA DEL CONDUCTOR,27,CONDUCCION NO ATENTO CONDICIONES TRANSITO MOMENTO,0,LAS INDUSTRIAS,0, ,- LAS INDUSTRIAS,502, , , , ,1,1,2,BIDIRECCIONAL,2,ASFALTO,1,BUENO,1,SECO,1,DESPEJADO,0,1,0,0,1
-8051277.95091339,-4504779.27566474,2635,21969,1329161,-72.3258604,-37.4696898,77,LOS ANGELES,1,4217,2021,1329161,REGION BIO BIO,8301,LOS ANGELES,LAS INDUSTRIAS, ,502,"LAS INDUSTRIAS 502, LOS ANGELES",CHILE,RANGE_INTERPOLATED,5920,2021,1329161,1,2021/01/30 00:00:00+00,1899/12/30 00:00:00+00,8,REGION BIO BIO,8301,LOS ANGELES,32,COLISION LATERAL,30,COLISION,1,URBANA,1,TRAMO DE VIA RECTA,1,IMPRUDENCIA DEL CONDUCTOR,27,CONDUCCION NO ATENTO CONDICIONES TRANSITO MOMENTO,0,LAS INDUSTRIAS,0, ,- LAS INDUSTRIAS,502, , , , ,2,0,1,UNIDIRECCIONAL,1,CONCRETO,1,BUENO,2,HUMEDO,2,NUBLADO,0,0,0,2,1
-8051277.95091339,-4504779.27566474,2636,21970,1360251,-72.3258604,-37.4696898,77,LOS ANGELES,1,25567,2021,1360251,REGION BIO BIO,8301,LOS ANGELES,LAS INDUSTRIAS, ,502,"LAS INDUSTRIAS 502, LOS ANGELES",CHILE,RANGE_INTERPOLATED,35305,2021,1360251,1,2021/07/01 00:00:00+00,1899/12/30 00:00:00+00,8,REGION BIO BIO,8301,LOS ANGELES,32,COLISION LATERAL,30,COLISION,1,URBANA,1,TRAMO DE VIA RECTA,1,IMPRUDENCIA DEL CONDUCTOR,27,CONDUCCION NO ATENTO CONDICIONES TRANSITO MOMENTO,0,LAS INDUSTRIAS,0, ,- LAS INDUSTRIAS,502, , , , ,2,0,1,UNIDIRECCIONAL,1,CONCRETO,1,BUENO,3,MOJADO,4,LLOVIZNA,0,0,0,1,1
-8051277.95091339,-4504779.27566474,2637,21971,1388838,-72.3258604,-37.4696898,77,LOS ANGELES,1,45051,2021,1388838,REGION BIO BIO,8301,LOS ANGELES,LAS INDUSTRIAS, ,502,"LAS INDUSTRIAS 502, LOS ANGELES",CHILE,RANGE_INTERPOLATED,61602,2021,1388838,1,2021/10/18 00:00:00+00,1899/12/30 00:00:00+00,8,REGION BIO BIO,8301,LOS ANGELES,62,CHOQUE FRENTE/LADO,40,CHOQUE,1,URBANA,14,CRUCE CON SEÑAL PARE,7,VELOCIDAD IMPRUDENTE,72,VELOCIDAD NO RAZONABLE NI PRUDENTE,0,LAS INDUSTRIAS,0, ,- LAS INDUSTRIAS,502, , , , ,1,1,2,BIDIRECCIONAL,2,ASFALTO,1,BUENO,1,SECO,1,DESPEJADO,0,0,0,2,0
-8053678.16611413,-4504772.48716848,2638,21972,1385734,-72.3474219,-37.4696414,77,LOS ANGELES,1,43148,2021,1385734,REGION BIO BIO,8301,LOS ANGELES,JOSE MANSO DE VELASCO, ,366,"JOSE MANSO DE VELASCO 366, LOS ANGELES",CHILE,RANGE_INTERPOLATED,59017,2021,1385734,1,2021/10/07 00:00:00+00,1899/12/30 00:00:00+00,8,REGION BIO BIO,8301,LOS ANGELES,10,ATROPELLO,10,ATROPELLO,1,URBANA,1,TRAMO DE VIA RECTA,2,IMPRUDENCIA DEL PEATON,52,PEATON CRUZA CALZADA FORMA SORPRESIVA O DESCUIDADA,0,JOSE MANSO DE VELASCO,0, ,- JOSE MANSO DE VELASCO,366, , , , ,2,0,1,UNIDIRECCIONAL,1,CONCRETO,1,BUENO,1,SECO,1,DESPEJADO,0,0,0,1,1
-8057215.142559,-4504753.20169174,2639,21973,1384255,-72.3791951,-37.4695039,77,LOS ANGELES,1,42315,2021,1384255,REGION BIO BIO,8301,LOS ANGELES,COSTANERA QUILQUE NORTE,EL PINO,0,"COSTANERA QUILQUE NORTE & EL PINO, LOS ANGELES",CHILE,GEOMETRIC_CENTER,57962,2021,1384255,1,2021/10/03 00:00:00+00,1899/12/30 00:00:00+00,8,REGION BIO BIO,8301,LOS ANGELES,67,CHOQUE POSTERIOR/FRENTE,40,CHOQUE,1,URBANA,1,TRAMO DE VIA RECTA,1,IMPRUDENCIA DEL CONDUCTOR,27,CONDUCCION NO ATENTO CONDICIONES TRANSITO MOMENTO,0,COSTANERA QUILQUE NORTE,0,EL PINO,COSTANERA QUILQUE NORTE - EL PINO,0, , , , ,2,0,1,UNIDIRECCIONAL,2,ASFALTO,1,BUENO,1,SECO,1,DESPEJADO,0,0,0,0,2
-8053827.57913467,-4504736.28660462,2640,21974,1324612,-72.3487641,-37.4693833,77,LOS ANGELES,1,225,2021,1324612,REGION BIO BIO,8301,LOS ANGELES,COLO COLO,VALPARAISO,0,"COLO COLO & VALPARAISO, LOS ANGELES",CHILE,GEOMETRIC_CENTER,344,2021,1324612,1,2021/01/02 00:00:00+00,1899/12/30 00:00:00+00,8,REGION BIO BIO,8301,LOS ANGELES,33,COLISION POR ALCANCE,30,COLISION,1,URBANA,1,TRAMO DE VIA RECTA,1,IMPRUDENCIA DEL CONDUCTOR,27,CONDUCCION NO ATENTO CONDICIONES TRANSITO MOMENTO,0,COLO COLO,0,VALPARAISO,COLO COLO - VALPARAISO,0, , , , ,1,1,2,BIDIRECCIONAL,1,CONCRETO,1,BUENO,1,SECO,1,DESPEJADO,0,0,0,0,3
-8053058.14994626,-4504731.93861814,2641,21975,1355358,-72.3418522,-37.4693523,77,LOS ANGELES,1,21899,2021,1355358,REGION BIO BIO,8301,LOS ANGELES,BALMACEDA,ALEMANIA,0,"BALMACEDA & ALEMANIA, LOS ANGELES",CHILE,GEOMETRIC_CENTER,30189,2021,1355358,1,2021/06/08 00:00:00+00,1899/12/30 00:00:00+00,8,REGION BIO BIO,8301,LOS ANGELES,32,COLISION LATERAL,30,COLISION,1,URBANA,11,CRUCE CON SEMAFORO FUNCIONANDO,1,IMPRUDENCIA DEL CONDUCTOR,27,CONDUCCION NO ATENTO CONDICIONES TRANSITO MOMENTO,0,BALMACEDA,0,ALEMANIA,ALEMANIA - BALMACEDA,0, , , , ,2,0,1,UNIDIRECCIONAL,1,CONCRETO,1,BUENO,2,HUMEDO,2,NUBLADO,0,0,1,0,1
-8053058.14994626,-4504731.93861814,2642,21976,1360247,-72.3418522,-37.4693523,77,LOS ANGELES,1,25568,2021,1360247,REGION BIO BIO,8301,LOS ANGELES,BALMACEDA,ALEMANIA,0,"BALMACEDA & ALEMANIA, LOS ANGELES",CHILE,GEOMETRIC_CENTER,35306,2021,1360247,1,2021/07/01 00:00:00+00,1899/12/30 00:00:00+00,8,REGION BIO BIO,8301,LOS ANGELES,10,ATROPELLO,10,ATROPELLO,1,URBANA,15,CRUCE CON SEÑAL CEDA EL PASO,10,DESOBEDIENCIA A SEÑALIZACION,64,SEÑALIZACION DESOBEDECER SEÑAL CEDA EL PASO,0,BALMACEDA,0,ALEMANIA,ALEMANIA - BALMACEDA,0, , , , ,1,1,2,BIDIRECCIONAL,1,CONCRETO,1,BUENO,2,HUMEDO,1,DESPEJADO,0,0,0,1,1
-8053058.14994626,-4504731.93861814,2643,21977,1402780,-72.3418522,-37.4693523,77,LOS ANGELES,1,55419,2021,1402780,REGION BIO BIO,8301,LOS ANGELES,BALMACEDA,ALEMANIA,0,"BALMACEDA & ALEMANIA, LOS ANGELES",CHILE,GEOMETRIC_CENTER,75281,2021,1402780,1,2021/12/10 00:00:00+00,1899/12/30 00:00:00+00,8,REGION BIO BIO,8301,LOS ANGELES,33,COLISION POR ALCANCE,30,COLISION,1,URBANA,11,CRUCE CON SEMAFORO FUNCIONANDO,1,IMPRUDENCIA DEL CONDUCTOR,27,CONDUCCION NO ATENTO CONDICIONES TRANSITO MOMENTO,0,BALMACEDA,0,ALEMANIA,ALEMANIA - BALMACEDA,0, , , , ,1,1,2,BIDIRECCIONAL,1,CONCRETO,1,BUENO,1,SECO,1,DESPEJADO,0,0,0,0,2