X,Y,FID,FID_1,LABELID,POINT_X,POINT_Y,FID_2,COMUNAREAL,VAL_COM,OBJECTID,A_O,IDACCIDENT,REGION,COD_COMUN,COMUNA,CALLE_UNO,CALLE_DOS,NUMERO,DIR_GEOCOD,PAIS,TIPO,OBJECTID_1,Año,Idaccide_1,Claseaccid,Fecha,Hora,Cód_Regi,Región,Cód_Comun,Comuna_1,Cód_Tipo_,Tipo_Accid,Cód_Tipo1,Tipo__CONA,Cód_Zona,Zona,Cód_Ubica,Ubicación,Cód_Causa,Causa__CON,Cód_Cau_1,Causa,Cód_Calle,Calle_Un_1,Cód_Cal_1,Calle_Do_1,Intersecci,Número,Ruta,Cód_Ruta,Ubicaci_1,Km_Vía_Fe,Pistas_de_,Pistas_de1,Cód_Calza,Calzada,Cód__Tipo,Tipo_Calza,Cód_Estad,Estado_Cal,Cód_Condi,Condición,Cód_Est_1,Estado_Atm,Fallecidos,Graves,Menos_Grav,Leves,Ilesos
-8053664.0508027,-4504729.63839376,2644,21978,1367040,-72.3472951,-37.4693359,77,LOS ANGELES,1,29495,2021,1367040,REGION BIO BIO,8301,LOS ANGELES,JOSE MANSO DE VELASCO,COLO COLO,0,"JOSE MANSO DE VELASCO & COLO COLO, LOS ANGELES",CHILE,GEOMETRIC_CENTER,40787,2021,1367040,1,2021/07/24 00:00:00+00,1899/12/30 00:00:00+00,8,REGION BIO BIO,8301,LOS ANGELES,31,COLISION FRONTAL,30,COLISION,1,URBANA,14,CRUCE CON SEÑAL PARE,1,IMPRUDENCIA DEL CONDUCTOR,27,CONDUCCION NO ATENTO CONDICIONES TRANSITO MOMENTO,0,JOSE MANSO DE VELASCO,0,COLO COLO,COLO COLO - JOSE MANSO DE VELASCO,0, , , , ,2,0,1,UNIDIRECCIONAL,2,ASFALTO,1,BUENO,3,MOJADO,3,LLUVIA,0,0,0,1,2
-8054258.39669599,-4504720.47957854,2645,21979,1351457,-72.3526342,-37.4692706,77,LOS ANGELES,1,19024,2021,1351457,REGION BIO BIO,8301,LOS ANGELES,COLO COLO, ,520,"COLO COLO 520, LOS ANGELES",CHILE,RANGE_INTERPOLATED,26161,2021,1351457,1,2021/05/20 00:00:00+00,1899/12/30 00:00:00+00,8,REGION BIO BIO,8301,LOS ANGELES,68,CHOQUE POSTERIOR/LADO,40,CHOQUE,1,URBANA,1,TRAMO DE VIA RECTA,1,IMPRUDENCIA DEL CONDUCTOR,27,CONDUCCION NO ATENTO CONDICIONES TRANSITO MOMENTO,0,COLO COLO,0, ,- COLO COLO,520, , , , ,1,0,1,UNIDIRECCIONAL,5,RIPIO,1,BUENO,0, ,1,DESPEJADO,0,0,0,0,2
-8056154.7576175,-4504718.13727946,2646,21980,1333991,-72.3696695,-37.4692539,77,LOS ANGELES,1,7194,2021,1333991,REGION BIO BIO,8301,LOS ANGELES,CAMINO ANTUCO, ,6,"CAMINO ANTUCO 6, LOS ANGELES",CHILE,RANGE_INTERPOLATED,10105,2021,1333991,1,2021/02/22 00:00:00+00,1899/12/30 00:00:00+00,8,REGION BIO BIO,8301,LOS ANGELES,99,OTRO TIPO,99,OTRO TIPO,1,URBANA,1,TRAMO DE VIA RECTA,14,OTRAS CAUSAS,98,OTRAS CAUSAS,0,CAMINO ANTUCO,0, ,- CAMINO ANTUCO,6, , , , ,1,1,2,BIDIRECCIONAL,1,CONCRETO,1,BUENO,1,SECO,1,DESPEJADO,0,0,0,0,2
-8054189.3563478,-4504717.30976075,2647,21981,1384185,-72.352014,-37.469248,77,LOS ANGELES,1,40434,2021,1384185,REGION BIO BIO,8301,LOS ANGELES,COLO COLO, ,484,"COLO COLO 484, LOS ANGELES",CHILE,RANGE_INTERPOLATED,55496,2021,1384185,1,2021/09/23 00:00:00+00,1899/12/30 00:00:00+00,8,REGION BIO BIO,8301,LOS ANGELES,30,COLISION,30,COLISION,1,URBANA,1,TRAMO DE VIA RECTA,1,IMPRUDENCIA DEL CONDUCTOR,93,CONDUCIR VEHICULO EN RETROCESO,0,COLO COLO,0, ,- COLO COLO,484, , , , ,2,0,1,UNIDIRECCIONAL,2,ASFALTO,1,BUENO,1,SECO,1,DESPEJADO,0,0,0,0,2
-8053919.52903407,-4504717.0853489,2648,21982,1375553,-72.3495901,-37.4692464,77,LOS ANGELES,1,36073,2021,1375553,REGION BIO BIO,8301,LOS ANGELES,ALMAGRO,COLO COLO,0,"ALMAGRO & COLO COLO, LOS ANGELES",CHILE,GEOMETRIC_CENTER,49667,2021,1375553,1,2021/08/30 00:00:00+00,1899/12/30 00:00:00+00,8,REGION BIO BIO,8301,LOS ANGELES,33,COLISION POR ALCANCE,30,COLISION,1,URBANA,11,CRUCE CON SEMAFORO FUNCIONANDO,1,IMPRUDENCIA DEL CONDUCTOR,27,CONDUCCION NO ATENTO CONDICIONES TRANSITO MOMENTO,0,ALMAGRO,0,COLO COLO,ALMAGRO - COLO COLO,0, , , , ,2,0,1,UNIDIRECCIONAL,1,CONCRETO,1,BUENO,1,SECO,2,NUBLADO,0,0,0,0,2
-8053919.52903407,-4504717.0853489,2649,21983,1391547,-72.3495901,-37.4692464,77,LOS ANGELES,1,47484,2021,1391547,REGION BIO BIO,8301,LOS ANGELES,COLO COLO,ALMAGRO,0,"COLO COLO & ALMAGRO, LOS ANGELES",CHILE,GEOMETRIC_CENTER,64779,2021,1391547,1,2021/10/31 00:00:00+00,1899/12/30 00:00:00+00,8,REGION BIO BIO,8301,LOS ANGELES,66,CHOQUE LADO/POSTERIOR,40,CHOQUE,1,URBANA,1,TRAMO DE VIA RECTA,1,IMPRUDENCIA DEL CONDUCTOR,27,CONDUCCION NO ATENTO CONDICIONES TRANSITO MOMENTO,0,COLO COLO,0,ALMAGRO,ALMAGRO - COLO COLO,0, , , , ,2,0,1,UNIDIRECCIONAL,1,CONCRETO,1,BUENO,1,SECO,1,DESPEJADO,0,1,0,0,3
-8055204.90179841,-4504710.70363912,2650,21984,1326256,-72.3611368,-37.4692009,77,LOS ANGELES,1,2417,2021,1326256,REGION BIO BIO,8301,LOS ANGELES,LOS ANGELES,COLO COLO,0,"LOS ANGELES & COLO COLO, LOS ANGELES",CHILE,GEOMETRIC_CENTER,3325,2021,1326256,1,2021/01/17 00:00:00+00,1899/12/30 00:00:00+00,8,REGION BIO BIO,8301,LOS ANGELES,32,COLISION LATERAL,30,COLISION,1,URBANA,11,CRUCE CON SEMAFORO FUNCIONANDO,4,ALCOHOL EN CONDUCTOR,24,CONDUCCION EN ESTADO DE EBRIEDAD,0,LOS ANGELES,0,COLO COLO,COLO COLO - LOS ANGELES,0, , , , ,1,1,3,BIDIRECCIONAL CON BANDEJON,2,ASFALTO,1,BUENO,1,SECO,1,DESPEJADO,0,0,1,0,1
-8055204.90179841,-4504710.70363912,2651,21985,1343324,-72.3611368,-37.4692009,77,LOS ANGELES,1,13757,2021,1343324,REGION BIO BIO,8301,LOS ANGELES,COLO COLO,LOS ANGELES,0,"COLO COLO & LOS ANGELES, LOS ANGELES",CHILE,GEOMETRIC_CENTER,19019,2021,1343324,1,2021/04/13 00:00:00+00,1899/12/30 00:00:00+00,8,REGION BIO BIO,8301,LOS ANGELES,32,COLISION LATERAL,30,COLISION,1,URBANA,11,CRUCE CON SEMAFORO FUNCIONANDO,1,IMPRUDENCIA DEL CONDUCTOR,27,CONDUCCION NO ATENTO CONDICIONES TRANSITO MOMENTO,0,COLO COLO,0,LOS ANGELES,COLO COLO - LOS ANGELES,0, , , , ,1,1,2,BIDIRECCIONAL,1,CONCRETO,1,BUENO,1,SECO,1,DESPEJADO,0,0,0,0,2
-8055204.90179841,-4504710.70363912,2652,21986,1345829,-72.3611368,-37.4692009,77,LOS ANGELES,1,15676,2021,1345829,REGION BIO BIO,8301,LOS ANGELES,LOS ANGELES,COLO COLO,0,"LOS ANGELES & COLO COLO, LOS ANGELES",CHILE,GEOMETRIC_CENTER,21590,2021,1345829,1,2021/04/27 00:00:00+00,1899/12/30 00:00:00+00,8,REGION BIO BIO,8301,LOS ANGELES,63,CHOQUE FRENTE/POSTERIOR,40,CHOQUE,1,URBANA,11,CRUCE CON SEMAFORO FUNCIONANDO,1,IMPRUDENCIA DEL CONDUCTOR,27,CONDUCCION NO ATENTO CONDICIONES TRANSITO MOMENTO,0,LOS ANGELES,0,COLO COLO,COLO COLO - LOS ANGELES,0, , , , ,2,1,3,BIDIRECCIONAL CON BANDEJON,1,CONCRETO,1,BUENO,1,SECO,1,DESPEJADO,0,0,0,0,2
-8055204.90179841,-4504710.70363912,2653,21987,1369867,-72.3611368,-37.4692009,77,LOS ANGELES,1,32184,2021,1369867,REGION BIO BIO,8301,LOS ANGELES,LOS ANGELES,COLO COLO,0,"LOS ANGELES & COLO COLO, LOS ANGELES",CHILE,GEOMETRIC_CENTER,44408,2021,1369867,1,2021/08/08 00:00:00+00,1899/12/30 00:00:00+00,8,REGION BIO BIO,8301,LOS ANGELES,32,COLISION LATERAL,30,COLISION,1,URBANA,11,CRUCE CON SEMAFORO FUNCIONANDO,1,IMPRUDENCIA DEL CONDUCTOR,27,CONDUCCION NO ATENTO CONDICIONES TRANSITO MOMENTO,0,LOS ANGELES,0,COLO COLO,COLO COLO - LOS ANGELES,0, , , , ,1,1,2,BIDIRECCIONAL,1,CONCRETO,1,BUENO,1,SECO,1,DESPEJADO,0,0,0,3,0
-8055204.90179841,-4504710.70363912,2654,21988,1406860,-72.3611368,-37.4692009,77,LOS ANGELES,1,57855,2021,1406860,REGION BIO BIO,8301,LOS ANGELES,LOS ANGELES,COLO COLO,0,"LOS ANGELES & COLO COLO, LOS ANGELES",CHILE,GEOMETRIC_CENTER,78557,2021,1406860,1,2021/12/22 00:00:00+00,1899/12/30 00:00:00+00,8,REGION BIO BIO,8301,LOS ANGELES,32,COLISION LATERAL,30,COLISION,1,URBANA,11,CRUCE CON SEMAFORO FUNCIONANDO,1,IMPRUDENCIA DEL CONDUCTOR,27,CONDUCCION NO ATENTO CONDICIONES TRANSITO MOMENTO,0,LOS ANGELES,0,COLO COLO,COLO COLO - LOS ANGELES,0, , , , ,1,1,2,BIDIRECCIONAL,2,ASFALTO,1,BUENO,1,SECO,1,DESPEJADO,0,0,0,0,2
-8054058.81198095,-4504709.65170931,2655,21989,1331242,-72.3508413,-37.4691934,77,LOS ANGELES,1,5265,2021,1331242,REGION BIO BIO,8301,LOS ANGELES,COLO COLO,COLON,0,"COLO COLO & COLON, LOS ANGELES",CHILE,GEOMETRIC_CENTER,7368,2021,1331242,1,2021/02/08 00:00:00+00,1899/12/30 00:00:00+00,8,REGION BIO BIO,8301,LOS ANGELES,63,CHOQUE FRENTE/POSTERIOR,40,CHOQUE,1,URBANA,11,CRUCE CON SEMAFORO FUNCIONANDO,1,IMPRUDENCIA DEL CONDUCTOR,27,CONDUCCION NO ATENTO CONDICIONES TRANSITO MOMENTO,0,COLO COLO,0,COLON,COLO COLO - COLON,0, , , , ,1,1,2,BIDIRECCIONAL,1,CONCRETO,1,BUENO,1,SECO,1,DESPEJADO,0,0,0,0,2
-8054058.81198095,-4504709.65170931,2656,21990,1340952,-72.3508413,-37.4691934,77,LOS ANGELES,1,12007,2021,1340952,REGION BIO BIO,8301,LOS ANGELES,COLON,COLO COLO,0,"COLON & COLO COLO, LOS ANGELES",CHILE,GEOMETRIC_CENTER,16605,2021,1340952,1,2021/03/27 00:00:00+00,1899/12/30 00:00:00+00,8,REGION BIO BIO,8301,LOS ANGELES,32,COLISION LATERAL,30,COLISION,1,URBANA,1,TRAMO DE VIA RECTA,4,ALCOHOL EN CONDUCTOR,24,CONDUCCION EN ESTADO DE EBRIEDAD,0,COLON,0,COLO COLO,COLO COLO - COLON,0, , , , ,1,0,1,UNIDIRECCIONAL,1,CONCRETO,1,BUENO,1,SECO,1,DESPEJADO,0,0,0,0,2
-8054058.81198095,-4504709.65170931,2657,21991,1369723,-72.3508413,-37.4691934,77,LOS ANGELES,1,32165,2021,1369723,REGION BIO BIO,8301,LOS ANGELES,COLON,COLO COLO,0,"COLON & COLO COLO, LOS ANGELES",CHILE,GEOMETRIC_CENTER,44385,2021,1369723,1,2021/08/08 00:00:00+00,1899/12/30 00:00:00+00,8,REGION BIO BIO,8301,LOS ANGELES,30,COLISION,30,COLISION,1,URBANA,11,CRUCE CON SEMAFORO FUNCIONANDO,1,IMPRUDENCIA DEL CONDUCTOR,27,CONDUCCION NO ATENTO CONDICIONES TRANSITO MOMENTO,0,COLON,0,COLO COLO,COLO COLO - COLON,0, , , , ,1,0,1,UNIDIRECCIONAL,1,CONCRETO,1,BUENO,1,SECO,2,NUBLADO,0,0,0,0,3
-8057372.25888831,-4504708.38939368,2658,21992,1397573,-72.3806065,-37.4691844,77,LOS ANGELES,1,51022,2021,1397573,REGION BIO BIO,8301,LOS ANGELES,LOS CARDOS, ,2290,"LOS CARDOS 2290, LOS ANGELES",CHILE,RANGE_INTERPOLATED,69434,2021,1397573,1,2021/11/18 00:00:00+00,1899/12/30 00:00:00+00,8,REGION BIO BIO,8301,LOS ANGELES,51,CHOQUE FRONTAL,40,CHOQUE,1,URBANA,1,TRAMO DE VIA RECTA,12,FALLAS MECANICAS,1,FALLAS MECANICAS FRENOS,0,LOS CARDOS,0, ,- LOS CARDOS,2290, , , , ,1,1,2,BIDIRECCIONAL,2,ASFALTO,1,BUENO,1,SECO,1,DESPEJADO,0,0,0,0,1
-8054775.93214064,-4504701.90950915,2659,21993,1347561,-72.3572833,-37.4691382,77,LOS ANGELES,1,16927,2021,1347561,REGION BIO BIO,8301,LOS ANGELES,ARTURO PRAT,LIENTUR,0,"ARTURO PRAT & LIENTUR, LOS ANGELES",CHILE,GEOMETRIC_CENTER,23340,2021,1347561,1,2021/05/06 00:00:00+00,1899/12/30 00:00:00+00,8,REGION BIO BIO,8301,LOS ANGELES,70,VOLCADURA,70,VOLCADURA,1,URBANA,1,TRAMO DE VIA RECTA,4,ALCOHOL EN CONDUCTOR,24,CONDUCCION EN ESTADO DE EBRIEDAD,0,ARTURO PRAT,0,LIENTUR,ARTURO PRAT - LIENTUR,0, , , , ,1,1,2,BIDIRECCIONAL,6,TIERRA,3,MALO,0, ,1,DESPEJADO,0,0,0,0,1
-8054388.45125708,-4504695.19119154,2660,21994,1344732,-72.3538025,-37.4690903,77,LOS ANGELES,1,14685,2021,1344732,REGION BIO BIO,8301,LOS ANGELES,COLO COLO,MENDOZA,0,"COLO COLO & MENDOZA, LOS ANGELES",CHILE,GEOMETRIC_CENTER,20246,2021,1344732,1,2021/04/20 00:00:00+00,1899/12/30 00:00:00+00,8,REGION BIO BIO,8301,LOS ANGELES,10,ATROPELLO,10,ATROPELLO,1,URBANA,11,CRUCE CON SEMAFORO FUNCIONANDO,1,IMPRUDENCIA DEL CONDUCTOR,27,CONDUCCION NO ATENTO CONDICIONES TRANSITO MOMENTO,0,COLO COLO,0,MENDOZA,COLO COLO - MENDOZA,0, , , , ,2,0,1,UNIDIRECCIONAL,2,ASFALTO,1,BUENO,1,SECO,1,DESPEJADO,0,0,0,1,1
-8054388.45125708,-4504695.19119154,2661,21995,1351298,-72.3538025,-37.4690903,77,LOS ANGELES,1,18883,2021,1351298,REGION BIO BIO,8301,LOS ANGELES,MENDOZA,COLO COLO,0,"MENDOZA & COLO COLO, LOS ANGELES",CHILE,GEOMETRIC_CENTER,25961,2021,1351298,1,2021/05/19 00:00:00+00,1899/12/30 00:00:00+00,8,REGION BIO BIO,8301,LOS ANGELES,63,CHOQUE FRENTE/POSTERIOR,40,CHOQUE,1,URBANA,1,TRAMO DE VIA RECTA,1,IMPRUDENCIA DEL CONDUCTOR,27,CONDUCCION NO ATENTO CONDICIONES TRANSITO MOMENTO,0,MENDOZA,0,COLO COLO,COLO COLO - MENDOZA,0, , , , ,2,0,1,UNIDIRECCIONAL,1,CONCRETO,1,BUENO,3,MOJADO,4,LLOVIZNA,0,0,0,0,2
-8054388.45125708,-4504695.19119154,2662,21996,1353863,-72.3538025,-37.4690903,77,LOS ANGELES,1,21064,2021,1353863,REGION BIO BIO,8301,LOS ANGELES,MENDOZA,COLO COLO,0,"MENDOZA & COLO COLO, LOS ANGELES",CHILE,GEOMETRIC_CENTER,29038,2021,1353863,1,2021/06/02 00:00:00+00,1899/12/30 00:00:00+00,8,REGION BIO BIO,8301,LOS ANGELES,63,CHOQUE FRENTE/POSTERIOR,40,CHOQUE,1,URBANA,1,TRAMO DE VIA RECTA,1,IMPRUDENCIA DEL CONDUCTOR,27,CONDUCCION NO ATENTO CONDICIONES TRANSITO MOMENTO,0,MENDOZA,0,COLO COLO,COLO COLO - MENDOZA,0, , , , ,2,0,1,UNIDIRECCIONAL,2,ASFALTO,1,BUENO,2,HUMEDO,2,NUBLADO,0,0,0,0,2
-8053968.36489468,-4504695.14911441,2663,21997,1396892,-72.3500288,-37.46909,77,LOS ANGELES,1,50854,2021,1396892,REGION BIO BIO,8301,LOS ANGELES,COLO COLO, ,337,"COLO COLO 337, LOS ANGELES",CHILE,RANGE_INTERPOLATED,69228,2021,1396892,1,2021/11/17 00:00:00+00,1899/12/30 00:00:00+00,8,REGION BIO BIO,8301,LOS ANGELES,67,CHOQUE POSTERIOR/FRENTE,40,CHOQUE,1,URBANA,1,TRAMO DE VIA RECTA,1,IMPRUDENCIA DEL CONDUCTOR,27,CONDUCCION NO ATENTO CONDICIONES TRANSITO MOMENTO,0,COLO COLO,0, ,- COLO COLO,337, , , , ,1,0,1,UNIDIRECCIONAL,1,CONCRETO,1,BUENO,1,SECO,1,DESPEJADO,0,0,0,0,2
-8057963.52123171,-4504687.07030815,2664,21998,1382368,-72.3859179,-37.4690324,77,LOS ANGELES,1,41099,2021,1382368,REGION BIO BIO,8301,LOS ANGELES,GALVARINO,PROFESORA LAURA DEL PINO,0,"GALVARINO & PROFESORA LAURA DEL PINO, LOS ANGELES",CHILE,GEOMETRIC_CENTER,56386,2021,1382368,1,2021/09/27 00:00:00+00,1899/12/30 00:00:00+00,8,REGION BIO BIO,8301,LOS ANGELES,34,COLISION PERPENDICULAR,30,COLISION,1,URBANA,14,CRUCE CON SEÑAL PARE,1,IMPRUDENCIA DEL CONDUCTOR,27,CONDUCCION NO ATENTO CONDICIONES TRANSITO MOMENTO,0,GALVARINO,0,PROFESORA LAURA DEL PINO,GALVARINO - PROFESORA LAURA DEL PINO,0, , , , ,2,0,1,UNIDIRECCIONAL,1,CONCRETO,1,BUENO,1,SECO,1,DESPEJADO,0,0,0,0,2
-8054773.88386201,-4504684.75606793,2665,21999,1375518,-72.3572649,-37.4690159,77,LOS ANGELES,1,35716,2021,1375518,REGION BIO BIO,8301,LOS ANGELES,COLO COLO,ARTURO PRAT,0,"COLO COLO & ARTURO PRAT, LOS ANGELES",CHILE,GEOMETRIC_CENTER,49171,2021,1375518,1,2021/08/28 00:00:00+00,1899/12/30 00:00:00+00,8,REGION BIO BIO,8301,LOS ANGELES,33,COLISION POR ALCANCE,30,COLISION,1,URBANA,1,TRAMO DE VIA RECTA,4,ALCOHOL EN CONDUCTOR,24,CONDUCCION EN ESTADO DE EBRIEDAD,0,COLO COLO,0,ARTURO PRAT,ARTURO PRAT - COLO COLO,0, , , , ,1,1,2,BIDIRECCIONAL,1,CONCRETO,1,BUENO,3,MOJADO,3,LLUVIA,0,0,0,0,3
-8054773.88386201,-4504684.75606793,2666,22000,1390070,-72.3572649,-37.4690159,77,LOS ANGELES,1,45826,2021,1390070,REGION BIO BIO,8301,LOS ANGELES,COLO COLO,PONIENTE,0,"COLO COLO & PONIENTE, LOS ANGELES",CHILE,GEOMETRIC_CENTER,62604,2021,1390070,1,2021/10/22 00:00:00+00,1899/12/30 00:00:00+00,8,REGION BIO BIO,8301,LOS ANGELES,32,COLISION LATERAL,30,COLISION,1,URBANA,15,CRUCE CON SEÑAL CEDA EL PASO,10,DESOBEDIENCIA A SEÑALIZACION,65,SEÑALIZACION DESOBEDECER SEÑAL PARE,0,COLO COLO,0,PONIENTE,COLO COLO - PONIENTE,0, , , , ,1,0,1,UNIDIRECCIONAL,1,CONCRETO,1,BUENO,1,SECO,1,DESPEJADO,0,0,0,0,3
-8054773.88386201,-4504684.75606793,2667,22001,1398018,-72.3572649,-37.4690159,77,LOS ANGELES,1,51404,2021,1398018,REGION BIO BIO,8301,LOS ANGELES,ARTURO PRAT, ,12,"ARTURO PRAT 12, LOS ANGELES",CHILE,RANGE_INTERPOLATED,69921,2021,1398018,1,2021/11/20 00:00:00+00,1899/12/30 00:00:00+00,8,REGION BIO BIO,8301,LOS ANGELES,63,CHOQUE FRENTE/POSTERIOR,40,CHOQUE,1,URBANA,1,TRAMO DE VIA RECTA,4,ALCOHOL EN CONDUCTOR,24,CONDUCCION EN ESTADO DE EBRIEDAD,0,ARTURO PRAT,0, ,- ARTURO PRAT,12, , , , ,1,0,1,UNIDIRECCIONAL,6,TIERRA,2,REGULAR,0, ,1,DESPEJADO,0,0,0,0,3
-8054773.88386201,-4504684.75606793,2668,22002,1398189,-72.3572649,-37.4690159,77,LOS ANGELES,1,51720,2021,1398189,REGION BIO BIO,8301,LOS ANGELES,ARTURO PRAT,COLO COLO,0,"ARTURO PRAT & COLO COLO, LOS ANGELES",CHILE,GEOMETRIC_CENTER,70344,2021,1398189,1,2021/11/21 00:00:00+00,1899/12/30 00:00:00+00,8,REGION BIO BIO,8301,LOS ANGELES,31,COLISION FRONTAL,30,COLISION,1,URBANA,1,TRAMO DE VIA RECTA,1,IMPRUDENCIA DEL CONDUCTOR,27,CONDUCCION NO ATENTO CONDICIONES TRANSITO MOMENTO,0,ARTURO PRAT,0,COLO COLO,ARTURO PRAT - COLO COLO,0, , , , ,1,0,1,UNIDIRECCIONAL,1,CONCRETO,1,BUENO,1,SECO,1,DESPEJADO,0,0,1,0,1
-8054975.04931382,-4504677.70114481,2669,22003,1394296,-72.359072,-37.4689656,77,LOS ANGELES,1,49011,2021,1394296,REGION BIO BIO,8301,LOS ANGELES,URENDA,COLO COLO,0,"URENDA & COLO COLO, LOS ANGELES",CHILE,GEOMETRIC_CENTER,66813,2021,1394296,1,2021/11/08 00:00:00+00,1899/12/30 00:00:00+00,8,REGION BIO BIO,8301,LOS ANGELES,32,COLISION LATERAL,30,COLISION,1,URBANA,15,CRUCE CON SEÑAL CEDA EL PASO,1,IMPRUDENCIA DEL CONDUCTOR,27,CONDUCCION NO ATENTO CONDICIONES TRANSITO MOMENTO,0,URENDA,0,COLO COLO,COLO COLO - URENDA,0, , , , ,2,0,1,UNIDIRECCIONAL,1,CONCRETO,1,BUENO,1,SECO,1,DESPEJADO,0,0,0,2,0
-8053093.11539832,-4504672.55371881,2670,22004,1383679,-72.3421663,-37.4689289,77,LOS ANGELES,1,42085,2021,1383679,REGION BIO BIO,8301,LOS ANGELES,BALMACEDA, ,510,"BALMACEDA 510, LOS ANGELES",CHILE,RANGE_INTERPOLATED,57640,2021,1383679,1,2021/10/02 00:00:00+00,1899/12/30 00:00:00+00,8,REGION BIO BIO,8301,LOS ANGELES,32,COLISION LATERAL,30,COLISION,1,URBANA,1,TRAMO DE VIA RECTA,1,IMPRUDENCIA DEL CONDUCTOR,27,CONDUCCION NO ATENTO CONDICIONES TRANSITO MOMENTO,0,BALMACEDA,0, ,- BALMACEDA,510, , , , ,2,0,1,UNIDIRECCIONAL,1,CONCRETO,1,BUENO,1,SECO,2,NUBLADO,0,0,0,0,2
-8053751.39207517,-4504637.307243,2671,22005,1337784,-72.3480797,-37.4686776,77,LOS ANGELES,1,9691,2021,1337784,REGION BIO BIO,8301,LOS ANGELES,VILLAGRAN, ,471,"VILLAGRAN 471, LOS ANGELES",CHILE,RANGE_INTERPOLATED,13517,2021,1337784,1,2021/03/10 00:00:00+00,1899/12/30 00:00:00+00,8,REGION BIO BIO,8301,LOS ANGELES,52,CHOQUE LATERAL,40,CHOQUE,1,URBANA,1,TRAMO DE VIA RECTA,1,IMPRUDENCIA DEL CONDUCTOR,27,CONDUCCION NO ATENTO CONDICIONES TRANSITO MOMENTO,0,VILLAGRAN,0, ,- VILLAGRAN,471, , , , ,1,1,2,BIDIRECCIONAL,1,CONCRETO,1,BUENO,1,SECO,2,NUBLADO,0,0,0,0,1
-8057837.15134576,-4504626.92827948,2672,22006,1358888,-72.3847827,-37.4686036,77,LOS ANGELES,1,23972,2021,1358888,REGION BIO BIO,8301,LOS ANGELES,GALVARINO, ,2409,"GALVARINO 2409, LOS ANGELES",CHILE,RANGE_INTERPOLATED,33033,2021,1358888,1,2021/06/20 00:00:00+00,1899/12/30 00:00:00+00,8,REGION BIO BIO,8301,LOS ANGELES,62,CHOQUE FRENTE/LADO,40,CHOQUE,1,URBANA,1,TRAMO DE VIA RECTA,1,IMPRUDENCIA DEL CONDUCTOR,27,CONDUCCION NO ATENTO CONDICIONES TRANSITO MOMENTO,0,GALVARINO,0, ,- GALVARINO,2409, , , , ,2,0,1,UNIDIRECCIONAL,2,ASFALTO,1,BUENO,1,SECO,1,DESPEJADO,0,0,0,0,2
-8052675.35561327,-4504624.89456485,2673,22007,1355230,-72.3384135,-37.4685891,77,LOS ANGELES,1,21936,2021,1355230,REGION BIO BIO,8301,LOS ANGELES,ALEMANIA,MARCONI,0,"ALEMANIA & MARCONI, LOS ANGELES",CHILE,GEOMETRIC_CENTER,30243,2021,1355230,1,2021/06/08 00:00:00+00,1899/12/30 00:00:00+00,8,REGION BIO BIO,8301,LOS ANGELES,32,COLISION LATERAL,30,COLISION,1,URBANA,11,CRUCE CON SEMAFORO FUNCIONANDO,10,DESOBEDIENCIA A SEÑALIZACION,62,SEÑALIZACION DESOBEDECER LUZ ROJA DE SEMAFORO,0,ALEMANIA,0,MARCONI,ALEMANIA - MARCONI,0, , , , ,2,2,2,BIDIRECCIONAL,1,CONCRETO,1,BUENO,1,SECO,2,NUBLADO,0,0,0,0,4
-8052675.35561327,-4504624.89456485,2674,22008,1385741,-72.3384135,-37.4685891,77,LOS ANGELES,1,42949,2021,1385741,REGION BIO BIO,8301,LOS ANGELES,ALEMANIA,MARCONI,0,"ALEMANIA & MARCONI, LOS ANGELES",CHILE,GEOMETRIC_CENTER,58778,2021,1385741,1,2021/10/07 00:00:00+00,1899/12/30 00:00:00+00,8,REGION BIO BIO,8301,LOS ANGELES,31,COLISION FRONTAL,30,COLISION,1,URBANA,11,CRUCE CON SEMAFORO FUNCIONANDO,10,DESOBEDIENCIA A SEÑALIZACION,62,SEÑALIZACION DESOBEDECER LUZ ROJA DE SEMAFORO,0,ALEMANIA,0,MARCONI,ALEMANIA - MARCONI,0, , , , ,2,0,1,UNIDIRECCIONAL,1,CONCRETO,1,BUENO,1,SECO,1,DESPEJADO,0,1,0,0,1