X,Y,FID,FID_1,LABELID,POINT_X,POINT_Y,FID_2,COMUNAREAL,VAL_COM,OBJECTID,A_O,IDACCIDENT,REGION,COD_COMUN,COMUNA,CALLE_UNO,CALLE_DOS,NUMERO,DIR_GEOCOD,PAIS,TIPO,OBJECTID_1,Año,Idaccide_1,Claseaccid,Fecha,Hora,Cód_Regi,Región,Cód_Comun,Comuna_1,Cód_Tipo_,Tipo_Accid,Cód_Tipo1,Tipo__CONA,Cód_Zona,Zona,Cód_Ubica,Ubicación,Cód_Causa,Causa__CON,Cód_Cau_1,Causa,Cód_Calle,Calle_Un_1,Cód_Cal_1,Calle_Do_1,Intersecci,Número,Ruta,Cód_Ruta,Ubicaci_1,Km_Vía_Fe,Pistas_de_,Pistas_de1,Cód_Calza,Calzada,Cód__Tipo,Tipo_Calza,Cód_Estad,Estado_Cal,Cód_Condi,Condición,Cód_Est_1,Estado_Atm,Fallecidos,Graves,Menos_Grav,Leves,Ilesos
-8052675.35561327,-4504624.89456485,2675,22009,1387115,-72.3384135,-37.4685891,77,LOS ANGELES,1,44327,2021,1387115,REGION BIO BIO,8301,LOS ANGELES,ALEMANIA,MARCONI,0,"ALEMANIA & MARCONI, LOS ANGELES",CHILE,GEOMETRIC_CENTER,60607,2021,1387115,1,2021/10/14 00:00:00+00,1899/12/30 00:00:00+00,8,REGION BIO BIO,8301,LOS ANGELES,63,CHOQUE FRENTE/POSTERIOR,40,CHOQUE,1,URBANA,11,CRUCE CON SEMAFORO FUNCIONANDO,1,IMPRUDENCIA DEL CONDUCTOR,27,CONDUCCION NO ATENTO CONDICIONES TRANSITO MOMENTO,0,ALEMANIA,0,MARCONI,ALEMANIA - MARCONI,0, , , , ,2,2,2,BIDIRECCIONAL,1,CONCRETO,1,BUENO,1,SECO,1,DESPEJADO,0,0,0,0,2
-8057781.52499621,-4504618.38668071,2676,22010,1399698,-72.384283,-37.4685427,77,LOS ANGELES,1,53112,2021,1399698,REGION BIO BIO,8301,LOS ANGELES,GALVARINO, ,2393,"GALVARINO 2393, LOS ANGELES",CHILE,RANGE_INTERPOLATED,72219,2021,1399698,1,2021/11/29 00:00:00+00,1899/12/30 00:00:00+00,8,REGION BIO BIO,8301,LOS ANGELES,51,CHOQUE FRONTAL,40,CHOQUE,1,URBANA,1,TRAMO DE VIA RECTA,4,ALCOHOL EN CONDUCTOR,24,CONDUCCION EN ESTADO DE EBRIEDAD,0,GALVARINO,0, ,- GALVARINO,2393, , , , ,1,1,2,BIDIRECCIONAL,1,CONCRETO,1,BUENO,1,SECO,1,DESPEJADO,0,0,0,0,1
-8081423.50279114,-4504591.87831507,2677,22011,1377930,-72.5966625,-37.4683537,77,LOS ANGELES,0,37691,2021,1377930,REGION BIO BIO,8201,LEBU,CHACABUCO,MEDIA LUNA,0,"CHACABUCO & MEDIA LUNA, LEBU",CHILE,GEOMETRIC_CENTER,51807,2021,1377930,1,2021/09/08 00:00:00+00,1899/12/30 00:00:00+00,8,REGION BIO BIO,8201,LEBU,51,CHOQUE FRONTAL,40,CHOQUE,1,URBANA,1,TRAMO DE VIA RECTA,1,IMPRUDENCIA DEL CONDUCTOR,27,CONDUCCION NO ATENTO CONDICIONES TRANSITO MOMENTO,0,CHACABUCO,0,MEDIA LUNA,CHACABUCO - MEDIA LUNA,0, , , , ,1,1,2,BIDIRECCIONAL,1,CONCRETO,1,BUENO,1,SECO,1,DESPEJADO,0,1,0,0,1
-8053098.88174794,-4504590.48978347,2678,22012,1336735,-72.3422181,-37.4683438,77,LOS ANGELES,1,9411,2021,1336735,REGION BIO BIO,8301,LOS ANGELES,BALMACEDA,COLO COLO,0,"BALMACEDA & COLO COLO, LOS ANGELES",CHILE,GEOMETRIC_CENTER,13136,2021,1336735,1,2021/03/08 00:00:00+00,1899/12/30 00:00:00+00,8,REGION BIO BIO,8301,LOS ANGELES,32,COLISION LATERAL,30,COLISION,1,URBANA,1,TRAMO DE VIA RECTA,1,IMPRUDENCIA DEL CONDUCTOR,27,CONDUCCION NO ATENTO CONDICIONES TRANSITO MOMENTO,0,BALMACEDA,0,COLO COLO,BALMACEDA - COLO COLO,0, , , , ,2,0,1,UNIDIRECCIONAL,1,CONCRETO,1,BUENO,1,SECO,1,DESPEJADO,0,0,0,1,1
-8054277.83307908,-4504589.56409585,2679,22013,1385781,-72.3528088,-37.4683372,77,LOS ANGELES,1,43274,2021,1385781,REGION BIO BIO,8301,LOS ANGELES,VALDIVIA, ,440,"VALDIVIA 440, LOS ANGELES",CHILE,RANGE_INTERPOLATED,59185,2021,1385781,1,2021/10/08 00:00:00+00,1899/12/30 00:00:00+00,8,REGION BIO BIO,8301,LOS ANGELES,62,CHOQUE FRENTE/LADO,40,CHOQUE,1,URBANA,26,OTROS NO CONSIDERADOS,13,CAUSAS NO DETERMINADAS,97,CAUSAS NO DETERMINADAS,0,VALDIVIA,0, ,- VALDIVIA,440, , , , ,1,0,1,UNIDIRECCIONAL,1,CONCRETO,1,BUENO,1,SECO,1,DESPEJADO,0,0,0,0,1
-8056553.21460284,-4504581.9482144,2680,22014,1358866,-72.3732489,-37.4682829,77,LOS ANGELES,1,23862,2021,1358866,REGION BIO BIO,8301,LOS ANGELES,COSTANERA QUILQUE,EL ESQUIADOR,0,"COSTANERA QUILQUE & EL ESQUIADOR, LOS ANGELES",CHILE,GEOMETRIC_CENTER,32880,2021,1358866,1,2021/06/19 00:00:00+00,1899/12/30 00:00:00+00,8,REGION BIO BIO,8301,LOS ANGELES,40,IMPACTO CON ANIMAL,99,OTRO TIPO,1,URBANA,1,TRAMO DE VIA RECTA,11,DEFICIENCIAS VIALES,92,ANIMALES SUELTOS VIA PUBLICA,0,COSTANERA QUILQUE,0,EL ESQUIADOR,COSTANERA QUILQUE - EL ESQUIADOR,0, , , , ,2,0,1,UNIDIRECCIONAL,2,ASFALTO,1,BUENO,1,SECO,1,DESPEJADO,0,1,0,0,0
-8053657.58314028,-4504580.92434862,2681,22015,1401999,-72.347237,-37.4682756,77,LOS ANGELES,1,54910,2021,1401999,REGION BIO BIO,8301,LOS ANGELES,JOSE SANTOS CARO,JOSE MANSO DE VELAZCO,0,"JOSE SANTOS CARO & JOSE MANSO DE VELAZCO, LOS ANGELES",CHILE,GEOMETRIC_CENTER,74610,2021,1401999,1,2021/12/08 00:00:00+00,1899/12/30 00:00:00+00,8,REGION BIO BIO,8301,LOS ANGELES,32,COLISION LATERAL,30,COLISION,1,URBANA,1,TRAMO DE VIA RECTA,4,ALCOHOL EN CONDUCTOR,24,CONDUCCION EN ESTADO DE EBRIEDAD,0,JOSE SANTOS CARO,0,JOSE MANSO DE VELAZCO,JOSE MANSO DE VELAZCO - JOSE SANTOS CARO,0, , , , ,2,0,1,UNIDIRECCIONAL,1,CONCRETO,2,REGULAR,1,SECO,1,DESPEJADO,0,0,0,0,2
-8053767.25510261,-4504577.83872633,2682,22016,1393237,-72.3482222,-37.4682536,77,LOS ANGELES,1,48470,2021,1393237,REGION BIO BIO,8301,LOS ANGELES,VILLAGRAN,JOSE SANTOS CARO,0,"VILLAGRAN & JOSE SANTOS CARO, LOS ANGELES",CHILE,GEOMETRIC_CENTER,66086,2021,1393237,1,2021/11/05 00:00:00+00,1899/12/30 00:00:00+00,8,REGION BIO BIO,8301,LOS ANGELES,33,COLISION POR ALCANCE,30,COLISION,1,URBANA,15,CRUCE CON SEÑAL CEDA EL PASO,1,IMPRUDENCIA DEL CONDUCTOR,27,CONDUCCION NO ATENTO CONDICIONES TRANSITO MOMENTO,0,VILLAGRAN,0,JOSE SANTOS CARO,JOSE SANTOS CARO - VILLAGRAN,0, , , , ,2,0,1,UNIDIRECCIONAL,1,CONCRETO,1,BUENO,1,SECO,1,DESPEJADO,0,0,0,0,2
-8053933.35491482,-4504571.66748449,2683,22017,1332928,-72.3497143,-37.4682096,77,LOS ANGELES,1,6477,2021,1332928,REGION BIO BIO,8301,LOS ANGELES,ALMAGRO,GUACOLDA,0,"ALMAGRO & GUACOLDA, LOS ANGELES",CHILE,GEOMETRIC_CENTER,9058,2021,1332928,1,2021/02/17 00:00:00+00,1899/12/30 00:00:00+00,8,REGION BIO BIO,8301,LOS ANGELES,30,COLISION,30,COLISION,1,URBANA,1,TRAMO DE VIA RECTA,1,IMPRUDENCIA DEL CONDUCTOR,27,CONDUCCION NO ATENTO CONDICIONES TRANSITO MOMENTO,0,ALMAGRO,0,GUACOLDA,ALMAGRO - GUACOLDA,0, , , , ,1,1,2,BIDIRECCIONAL,1,CONCRETO,1,BUENO,1,SECO,1,DESPEJADO,0,0,0,1,1
-8053665.57587972,-4504570.85400288,2684,22018,1394884,-72.3473088,-37.4682038,77,LOS ANGELES,1,49574,2021,1394884,REGION BIO BIO,8301,LOS ANGELES,JOSE MANSO DE VELASCO, ,506,"JOSE MANSO DE VELASCO 506, LOS ANGELES",CHILE,RANGE_INTERPOLATED,67541,2021,1394884,1,2021/11/11 00:00:00+00,1899/12/30 00:00:00+00,8,REGION BIO BIO,8301,LOS ANGELES,32,COLISION LATERAL,30,COLISION,1,URBANA,1,TRAMO DE VIA RECTA,1,IMPRUDENCIA DEL CONDUCTOR,11,ADELANTAMIENTO SIN EL ESPACIO O TIEMPO SUFICIENTE,0,JOSE MANSO DE VELASCO,0, ,- JOSE MANSO DE VELASCO,506, , , , ,1,1,2,BIDIRECCIONAL,2,ASFALTO,1,BUENO,1,SECO,1,DESPEJADO,0,0,0,0,2
-8056292.79378608,-4504566.91282563,2685,22019,1331245,-72.3709095,-37.4681757,77,LOS ANGELES,1,5339,2021,1331245,REGION BIO BIO,8301,LOS ANGELES,COSTANERA QUILQUE,PADRE HURTADO,0,"COSTANERA QUILQUE & PADRE HURTADO, LOS ANGELES",CHILE,GEOMETRIC_CENTER,7458,2021,1331245,1,2021/02/08 00:00:00+00,1899/12/30 00:00:00+00,8,REGION BIO BIO,8301,LOS ANGELES,67,CHOQUE POSTERIOR/FRENTE,40,CHOQUE,1,URBANA,14,CRUCE CON SEÑAL PARE,9,PERDIDA CONTROL VEHICULO,95,PERDIDA CONTROL VEHICULO,0,COSTANERA QUILQUE,0,PADRE HURTADO,COSTANERA QUILQUE - PADRE HURTADO,0, , , , ,1,1,2,BIDIRECCIONAL,1,CONCRETO,1,BUENO,1,SECO,1,DESPEJADO,0,0,0,0,2
-8056292.79378608,-4504566.91282563,2686,22020,1358789,-72.3709095,-37.4681757,77,LOS ANGELES,1,23534,2021,1358789,REGION BIO BIO,8301,LOS ANGELES,COSTANERA QUILQUE,PADRE HURTADO,0,"COSTANERA QUILQUE & PADRE HURTADO, LOS ANGELES",CHILE,GEOMETRIC_CENTER,32435,2021,1358789,1,2021/06/18 00:00:00+00,1899/12/30 00:00:00+00,8,REGION BIO BIO,8301,LOS ANGELES,32,COLISION LATERAL,30,COLISION,1,URBANA,15,CRUCE CON SEÑAL CEDA EL PASO,10,DESOBEDIENCIA A SEÑALIZACION,64,SEÑALIZACION DESOBEDECER SEÑAL CEDA EL PASO,0,COSTANERA QUILQUE,0,PADRE HURTADO,COSTANERA QUILQUE - PADRE HURTADO,0, , , , ,1,1,2,BIDIRECCIONAL,2,ASFALTO,1,BUENO,2,HUMEDO,2,NUBLADO,0,0,1,0,1
-8056292.79378608,-4504566.91282563,2687,22021,1402757,-72.3709095,-37.4681757,77,LOS ANGELES,1,55210,2021,1402757,REGION BIO BIO,8301,LOS ANGELES,COSTANERA QUILQUE,PADRE HURTADO,0,"COSTANERA QUILQUE & PADRE HURTADO, LOS ANGELES",CHILE,GEOMETRIC_CENTER,75014,2021,1402757,1,2021/12/09 00:00:00+00,1899/12/30 00:00:00+00,8,REGION BIO BIO,8301,LOS ANGELES,51,CHOQUE FRONTAL,40,CHOQUE,1,URBANA,2,TRAMO DE VIA CURVA HORIZONTAL,14,OTRAS CAUSAS,98,OTRAS CAUSAS,0,COSTANERA QUILQUE,0,PADRE HURTADO,COSTANERA QUILQUE - PADRE HURTADO,0, , , , ,2,0,1,UNIDIRECCIONAL,1,CONCRETO,1,BUENO,1,SECO,1,DESPEJADO,0,0,0,0,1
-8056292.79378608,-4504566.91282563,2688,22022,1402786,-72.3709095,-37.4681757,77,LOS ANGELES,1,55399,2021,1402786,REGION BIO BIO,8301,LOS ANGELES,COSTANERA QUILQUE,PADRE HURTADO,0,"COSTANERA QUILQUE & PADRE HURTADO, LOS ANGELES",CHILE,GEOMETRIC_CENTER,75260,2021,1402786,1,2021/12/10 00:00:00+00,1899/12/30 00:00:00+00,8,REGION BIO BIO,8301,LOS ANGELES,32,COLISION LATERAL,30,COLISION,1,URBANA,15,CRUCE CON SEÑAL CEDA EL PASO,1,IMPRUDENCIA DEL CONDUCTOR,27,CONDUCCION NO ATENTO CONDICIONES TRANSITO MOMENTO,0,COSTANERA QUILQUE,0,PADRE HURTADO,COSTANERA QUILQUE - PADRE HURTADO,0, , , , ,2,0,1,UNIDIRECCIONAL,1,CONCRETO,1,BUENO,1,SECO,1,DESPEJADO,0,0,0,1,2
-8057461.28108509,-4504540.20823308,2689,22023,1359224,-72.3814062,-37.4679853,77,LOS ANGELES,1,24588,2021,1359224,REGION BIO BIO,8301,LOS ANGELES,NAHUELBUTA,GALVARINO,0,"NAHUELBUTA & GALVARINO, LOS ANGELES",CHILE,GEOMETRIC_CENTER,33892,2021,1359224,1,2021/06/24 00:00:00+00,1899/12/30 00:00:00+00,8,REGION BIO BIO,8301,LOS ANGELES,32,COLISION LATERAL,30,COLISION,1,URBANA,14,CRUCE CON SEÑAL PARE,10,DESOBEDIENCIA A SEÑALIZACION,65,SEÑALIZACION DESOBEDECER SEÑAL PARE,0,NAHUELBUTA,0,GALVARINO,GALVARINO - NAHUELBUTA,0, , , , ,1,1,2,BIDIRECCIONAL,2,ASFALTO,1,BUENO,3,MOJADO,3,LLUVIA,0,0,0,0,2
-8052300.26458904,-4504534.41570176,2690,22024,1338100,-72.335044,-37.467944,77,LOS ANGELES,1,10418,2021,1338100,REGION BIO BIO,8301,LOS ANGELES,ALEMANIA, ,850,"ALEMANIA 850, LOS ANGELES",CHILE,RANGE_INTERPOLATED,14512,2021,1338100,1,2021/03/15 00:00:00+00,1899/12/30 00:00:00+00,8,REGION BIO BIO,8301,LOS ANGELES,30,COLISION,30,COLISION,1,URBANA,1,TRAMO DE VIA RECTA,1,IMPRUDENCIA DEL CONDUCTOR,27,CONDUCCION NO ATENTO CONDICIONES TRANSITO MOMENTO,0,ALEMANIA,0, ,- ALEMANIA,850, , , , ,2,0,1,UNIDIRECCIONAL,2,ASFALTO,2,REGULAR,1,SECO,2,NUBLADO,0,0,0,0,2
-8052300.26458904,-4504534.41570176,2691,22025,1343391,-72.335044,-37.467944,77,LOS ANGELES,1,13901,2021,1343391,REGION BIO BIO,8301,LOS ANGELES,ALEMANIA, ,850,"ALEMANIA 850, LOS ANGELES",CHILE,RANGE_INTERPOLATED,19212,2021,1343391,1,2021/04/14 00:00:00+00,1899/12/30 00:00:00+00,8,REGION BIO BIO,8301,LOS ANGELES,62,CHOQUE FRENTE/LADO,40,CHOQUE,1,URBANA,1,TRAMO DE VIA RECTA,1,IMPRUDENCIA DEL CONDUCTOR,27,CONDUCCION NO ATENTO CONDICIONES TRANSITO MOMENTO,0,ALEMANIA,0, ,- ALEMANIA,850, , , , ,2,0,1,UNIDIRECCIONAL,1,CONCRETO,1,BUENO,1,SECO,1,DESPEJADO,0,0,0,0,2
-8052300.26458904,-4504534.41570176,2692,22026,1344756,-72.335044,-37.467944,77,LOS ANGELES,1,14831,2021,1344756,REGION BIO BIO,8301,LOS ANGELES,ALEMANIA, ,850,"ALEMANIA 850, LOS ANGELES",CHILE,RANGE_INTERPOLATED,20445,2021,1344756,1,2021/04/21 00:00:00+00,1899/12/30 00:00:00+00,8,REGION BIO BIO,8301,LOS ANGELES,33,COLISION POR ALCANCE,30,COLISION,1,URBANA,1,TRAMO DE VIA RECTA,1,IMPRUDENCIA DEL CONDUCTOR,27,CONDUCCION NO ATENTO CONDICIONES TRANSITO MOMENTO,0,ALEMANIA,0, ,- ALEMANIA,850, , , , ,1,1,2,BIDIRECCIONAL,2,ASFALTO,1,BUENO,2,HUMEDO,2,NUBLADO,0,0,0,0,2
-8054061.29440559,-4504528.41279132,2693,22027,1352343,-72.3508636,-37.4679012,77,LOS ANGELES,1,19513,2021,1352343,REGION BIO BIO,8301,LOS ANGELES,LAS INDUSTRIAS,EL PERAL,0,"LAS INDUSTRIAS & EL PERAL, LOS ANGELES",CHILE,GEOMETRIC_CENTER,26872,2021,1352343,1,2021/05/24 00:00:00+00,1899/12/30 00:00:00+00,8,REGION BIO BIO,8301,LOS ANGELES,30,COLISION,30,COLISION,1,URBANA,11,CRUCE CON SEMAFORO FUNCIONANDO,1,IMPRUDENCIA DEL CONDUCTOR,27,CONDUCCION NO ATENTO CONDICIONES TRANSITO MOMENTO,0,LAS INDUSTRIAS,0,EL PERAL,EL PERAL - LAS INDUSTRIAS,0, , , , ,1,1,2,BIDIRECCIONAL,2,ASFALTO,1,BUENO,1,SECO,1,DESPEJADO,0,0,0,0,2
-8054061.29440559,-4504528.41279132,2694,22028,1380781,-72.3508636,-37.4679012,77,LOS ANGELES,1,39845,2021,1380781,REGION BIO BIO,8301,LOS ANGELES,LAS INDUSTRIAS,EL PERAL,0,"LAS INDUSTRIAS & EL PERAL, LOS ANGELES",CHILE,GEOMETRIC_CENTER,54743,2021,1380781,1,2021/09/20 00:00:00+00,1899/12/30 00:00:00+00,8,REGION BIO BIO,8301,LOS ANGELES,34,COLISION PERPENDICULAR,30,COLISION,1,URBANA,1,TRAMO DE VIA RECTA,1,IMPRUDENCIA DEL CONDUCTOR,27,CONDUCCION NO ATENTO CONDICIONES TRANSITO MOMENTO,0,LAS INDUSTRIAS,0,EL PERAL,EL PERAL - LAS INDUSTRIAS,0, , , , ,1,1,2,BIDIRECCIONAL,2,ASFALTO,1,BUENO,1,SECO,1,DESPEJADO,0,0,0,0,2
-8054360.62138439,-4504509.98331673,2695,22029,1333953,-72.3535525,-37.4677698,77,LOS ANGELES,1,7056,2021,1333953,REGION BIO BIO,8301,LOS ANGELES,MENDOZA, ,489,"MENDOZA 489, LOS ANGELES",CHILE,RANGE_INTERPOLATED,9889,2021,1333953,1,2021/02/21 00:00:00+00,1899/12/30 00:00:00+00,8,REGION BIO BIO,8301,LOS ANGELES,34,COLISION PERPENDICULAR,30,COLISION,1,URBANA,1,TRAMO DE VIA RECTA,1,IMPRUDENCIA DEL CONDUCTOR,27,CONDUCCION NO ATENTO CONDICIONES TRANSITO MOMENTO,0,MENDOZA,0, ,- MENDOZA,489, , , , ,2,0,1,UNIDIRECCIONAL,1,CONCRETO,1,BUENO,1,SECO,1,DESPEJADO,0,0,0,1,1
-8056300.14087248,-4504500.89482064,2696,22030,1330849,-72.3709755,-37.467705,77,LOS ANGELES,1,4994,2021,1330849,REGION BIO BIO,8301,LOS ANGELES,PADRE HURTADO,COSTANERA QUILQUE NORTE,0,"PADRE HURTADO & COSTANERA QUILQUE NORTE, LOS ANGELES",CHILE,GEOMETRIC_CENTER,6983,2021,1330849,1,2021/02/05 00:00:00+00,1899/12/30 00:00:00+00,8,REGION BIO BIO,8301,LOS ANGELES,63,CHOQUE FRENTE/POSTERIOR,40,CHOQUE,1,URBANA,14,CRUCE CON SEÑAL PARE,9,PERDIDA CONTROL VEHICULO,95,PERDIDA CONTROL VEHICULO,0,PADRE HURTADO,0,COSTANERA QUILQUE NORTE,COSTANERA QUILQUE NORTE - PADRE HURTADO,0, , , , ,2,0,1,UNIDIRECCIONAL,1,CONCRETO,1,BUENO,1,SECO,1,DESPEJADO,0,0,0,0,2
-8052478.77652447,-4504490.01107642,2697,22031,1380699,-72.3366476,-37.4676274,77,LOS ANGELES,1,39507,2021,1380699,REGION BIO BIO,8301,LOS ANGELES,GENARO REYES,JORGE INOSTROZA,0,"GENARO REYES & JORGE INOSTROZA, LOS ANGELES",CHILE,GEOMETRIC_CENTER,54247,2021,1380699,1,2021/09/17 00:00:00+00,1899/12/30 00:00:00+00,8,REGION BIO BIO,8301,LOS ANGELES,70,VOLCADURA,70,VOLCADURA,1,URBANA,1,TRAMO DE VIA RECTA,11,DEFICIENCIAS VIALES,92,ANIMALES SUELTOS VIA PUBLICA,0,GENARO REYES,0,JORGE INOSTROZA,GENARO REYES - JORGE INOSTROZA,0, , , , ,2,0,1,UNIDIRECCIONAL,1,CONCRETO,1,BUENO,1,SECO,1,DESPEJADO,0,0,0,2,2
-8053769.39243683,-4504484.44297969,2698,22032,1337878,-72.3482414,-37.4675877,77,LOS ANGELES,1,9951,2021,1337878,REGION BIO BIO,8301,LOS ANGELES,VILLAGRAN,RENGO,0,"VILLAGRAN & RENGO, LOS ANGELES",CHILE,GEOMETRIC_CENTER,13853,2021,1337878,1,2021/03/12 00:00:00+00,1899/12/30 00:00:00+00,8,REGION BIO BIO,8301,LOS ANGELES,32,COLISION LATERAL,30,COLISION,1,URBANA,1,TRAMO DE VIA RECTA,1,IMPRUDENCIA DEL CONDUCTOR,27,CONDUCCION NO ATENTO CONDICIONES TRANSITO MOMENTO,0,VILLAGRAN,0,RENGO,RENGO - VILLAGRAN,0, , , , ,3,0,1,UNIDIRECCIONAL,1,CONCRETO,1,BUENO,1,SECO,1,DESPEJADO,0,0,0,0,2
-8053769.39243683,-4504484.44297969,2699,22033,1399377,-72.3482414,-37.4675877,77,LOS ANGELES,1,53226,2021,1399377,REGION BIO BIO,8301,LOS ANGELES,VILLAGRAN,RENGO,0,"VILLAGRAN & RENGO, LOS ANGELES",CHILE,GEOMETRIC_CENTER,72361,2021,1399377,1,2021/11/29 00:00:00+00,1899/12/30 00:00:00+00,8,REGION BIO BIO,8301,LOS ANGELES,10,ATROPELLO,10,ATROPELLO,1,URBANA,11,CRUCE CON SEMAFORO FUNCIONANDO,1,IMPRUDENCIA DEL CONDUCTOR,27,CONDUCCION NO ATENTO CONDICIONES TRANSITO MOMENTO,0,VILLAGRAN,0,RENGO,RENGO - VILLAGRAN,0, , , , ,2,0,1,UNIDIRECCIONAL,1,CONCRETO,1,BUENO,1,SECO,1,DESPEJADO,0,0,0,1,1
-8053918.23772797,-4504478.74865713,2700,22034,1362706,-72.3495785,-37.4675471,77,LOS ANGELES,1,26514,2021,1362706,REGION BIO BIO,8301,LOS ANGELES,RENGO,ALMAGRO,0,"RENGO & ALMAGRO, LOS ANGELES",CHILE,GEOMETRIC_CENTER,36570,2021,1362706,1,2021/07/07 00:00:00+00,1899/12/30 00:00:00+00,8,REGION BIO BIO,8301,LOS ANGELES,63,CHOQUE FRENTE/POSTERIOR,40,CHOQUE,1,URBANA,11,CRUCE CON SEMAFORO FUNCIONANDO,1,IMPRUDENCIA DEL CONDUCTOR,27,CONDUCCION NO ATENTO CONDICIONES TRANSITO MOMENTO,0,RENGO,0,ALMAGRO,ALMAGRO - RENGO,0, , , , ,2,0,1,UNIDIRECCIONAL,1,CONCRETO,1,BUENO,1,SECO,1,DESPEJADO,0,0,0,0,2
-8054205.6423893,-4504474.48492994,2701,22035,1326188,-72.3521603,-37.4675167,77,LOS ANGELES,1,2000,2021,1326188,REGION BIO BIO,8301,LOS ANGELES,RENGO,VALDIVIA,0,"RENGO & VALDIVIA, LOS ANGELES",CHILE,GEOMETRIC_CENTER,2740,2021,1326188,1,2021/01/14 00:00:00+00,1899/12/30 00:00:00+00,8,REGION BIO BIO,8301,LOS ANGELES,10,ATROPELLO,10,ATROPELLO,1,URBANA,11,CRUCE CON SEMAFORO FUNCIONANDO,1,IMPRUDENCIA DEL CONDUCTOR,27,CONDUCCION NO ATENTO CONDICIONES TRANSITO MOMENTO,0,RENGO,0,VALDIVIA,RENGO - VALDIVIA,0, , , , ,1,0,1,UNIDIRECCIONAL,1,CONCRETO,1,BUENO,1,SECO,1,DESPEJADO,0,0,0,2,0
-8054349.25566438,-4504473.76963378,2702,22036,1389532,-72.3534504,-37.4675116,77,LOS ANGELES,1,45405,2021,1389532,REGION BIO BIO,8301,LOS ANGELES,MENDOZA, ,535,"MENDOZA 535, LOS ANGELES",CHILE,RANGE_INTERPOLATED,62073,2021,1389532,1,2021/10/20 00:00:00+00,1899/12/30 00:00:00+00,8,REGION BIO BIO,8301,LOS ANGELES,62,CHOQUE FRENTE/LADO,40,CHOQUE,1,URBANA,26,OTROS NO CONSIDERADOS,1,IMPRUDENCIA DEL CONDUCTOR,27,CONDUCCION NO ATENTO CONDICIONES TRANSITO MOMENTO,0,MENDOZA,0, ,- MENDOZA,535, , , , ,1,1,2,BIDIRECCIONAL,1,CONCRETO,1,BUENO,1,SECO,1,DESPEJADO,0,0,0,0,2
-8052491.65618956,-4504468.56620626,2703,22037,1369541,-72.3367633,-37.4674745,77,LOS ANGELES,1,31785,2021,1369541,REGION BIO BIO,8301,LOS ANGELES,ALEMANIA,DOCTOR GENARO REYES,0,"ALEMANIA & DOCTOR GENARO REYES, LOS ANGELES",CHILE,GEOMETRIC_CENTER,43859,2021,1369541,1,2021/08/06 00:00:00+00,1899/12/30 00:00:00+00,8,REGION BIO BIO,8301,LOS ANGELES,30,COLISION,30,COLISION,1,URBANA,11,CRUCE CON SEMAFORO FUNCIONANDO,1,IMPRUDENCIA DEL CONDUCTOR,27,CONDUCCION NO ATENTO CONDICIONES TRANSITO MOMENTO,0,ALEMANIA,0,DOCTOR GENARO REYES,ALEMANIA - DOCTOR GENARO REYES,0, , , , ,2,0,1,UNIDIRECCIONAL,2,ASFALTO,1,BUENO,1,SECO,2,NUBLADO,0,0,0,1,2
-8052491.65618956,-4504468.56620626,2704,22038,1372467,-72.3367633,-37.4674745,77,LOS ANGELES,1,33835,2021,1372467,REGION BIO BIO,8301,LOS ANGELES,ALEMANIA,GENARO REYES,0,"ALEMANIA & GENARO REYES, LOS ANGELES",CHILE,GEOMETRIC_CENTER,46667,2021,1372467,1,2021/08/17 00:00:00+00,1899/12/30 00:00:00+00,8,REGION BIO BIO,8301,LOS ANGELES,32,COLISION LATERAL,30,COLISION,1,URBANA,1,TRAMO DE VIA RECTA,1,IMPRUDENCIA DEL CONDUCTOR,27,CONDUCCION NO ATENTO CONDICIONES TRANSITO MOMENTO,0,ALEMANIA,0,GENARO REYES,ALEMANIA - GENARO REYES,0, , , , ,2,2,2,BIDIRECCIONAL,2,ASFALTO,1,BUENO,3,MOJADO,4,LLOVIZNA,0,0,0,3,2
-8052491.65618956,-4504468.56620626,2705,22039,1391114,-72.3367633,-37.4674745,77,LOS ANGELES,1,46950,2021,1391114,REGION BIO BIO,8301,LOS ANGELES,ALEMANIA,GENARO REYES,0,"ALEMANIA & GENARO REYES, LOS ANGELES",CHILE,GEOMETRIC_CENTER,64050,2021,1391114,1,2021/10/28 00:00:00+00,1899/12/30 00:00:00+00,8,REGION BIO BIO,8301,LOS ANGELES,32,COLISION LATERAL,30,COLISION,1,URBANA,11,CRUCE CON SEMAFORO FUNCIONANDO,1,IMPRUDENCIA DEL CONDUCTOR,91,VIRAJES INDEBIDOS,0,ALEMANIA,0,GENARO REYES,ALEMANIA - GENARO REYES,0, , , , ,2,2,3,BIDIRECCIONAL CON BANDEJON,1,CONCRETO,1,BUENO,1,SECO,1,DESPEJADO,0,0,0,2,1
-8053117.03795689,-4504461.77791118,2706,22040,1367991,-72.3423812,-37.4674261,77,LOS ANGELES,1,30368,2021,1367991,REGION BIO BIO,8301,LOS ANGELES,BALMACEDA, ,595,"BALMACEDA 595, LOS ANGELES",CHILE,RANGE_INTERPOLATED,41965,2021,1367991,1,2021/07/29 00:00:00+00,1899/12/30 00:00:00+00,8,REGION BIO BIO,8301,LOS ANGELES,30,COLISION,30,COLISION,1,URBANA,1,TRAMO DE VIA RECTA,1,IMPRUDENCIA DEL CONDUCTOR,27,CONDUCCION NO ATENTO CONDICIONES TRANSITO MOMENTO,0,BALMACEDA,0, ,- BALMACEDA,595, , , , ,1,1,2,BIDIRECCIONAL,2,ASFALTO,1,BUENO,1,SECO,1,DESPEJADO,0,0,0,0,2