X,Y,FID,FID_1,LABELID,POINT_X,POINT_Y,FID_2,COMUNAREAL,VAL_COM,OBJECTID,A_O,IDACCIDENT,REGION,COD_COMUN,COMUNA,CALLE_UNO,CALLE_DOS,NUMERO,DIR_GEOCOD,PAIS,TIPO,OBJECTID_1,Año,Idaccide_1,Claseaccid,Fecha,Hora,Cód_Regi,Región,Cód_Comun,Comuna_1,Cód_Tipo_,Tipo_Accid,Cód_Tipo1,Tipo__CONA,Cód_Zona,Zona,Cód_Ubica,Ubicación,Cód_Causa,Causa__CON,Cód_Cau_1,Causa,Cód_Calle,Calle_Un_1,Cód_Cal_1,Calle_Do_1,Intersecci,Número,Ruta,Cód_Ruta,Ubicaci_1,Km_Vía_Fe,Pistas_de_,Pistas_de1,Cód_Calza,Calzada,Cód__Tipo,Tipo_Calza,Cód_Estad,Estado_Cal,Cód_Condi,Condición,Cód_Est_1,Estado_Atm,Fallecidos,Graves,Menos_Grav,Leves,Ilesos
-8052720.8407572,-4504446.99515155,2707,22041,1358960,-72.3388221,-37.4673207,77,LOS ANGELES,1,24392,2021,1358960,REGION BIO BIO,8301,LOS ANGELES,COLO COLO,MARCONI,0,"COLO COLO & MARCONI, LOS ANGELES",CHILE,GEOMETRIC_CENTER,33634,2021,1358960,1,2021/06/23 00:00:00+00,1899/12/30 00:00:00+00,8,REGION BIO BIO,8301,LOS ANGELES,31,COLISION FRONTAL,30,COLISION,1,URBANA,11,CRUCE CON SEMAFORO FUNCIONANDO,1,IMPRUDENCIA DEL CONDUCTOR,11,ADELANTAMIENTO SIN EL ESPACIO O TIEMPO SUFICIENTE,0,COLO COLO,0,MARCONI,COLO COLO - MARCONI,0, , , , ,1,1,2,BIDIRECCIONAL,1,CONCRETO,2,REGULAR,1,SECO,1,DESPEJADO,1,0,0,0,1
-8052720.8407572,-4504446.99515155,2708,22042,1367088,-72.3388221,-37.4673207,77,LOS ANGELES,1,29652,2021,1367088,REGION BIO BIO,8301,LOS ANGELES,MARCONI,COLO COLO,0,"MARCONI & COLO COLO, LOS ANGELES",CHILE,GEOMETRIC_CENTER,41017,2021,1367088,1,2021/07/25 00:00:00+00,1899/12/30 00:00:00+00,8,REGION BIO BIO,8301,LOS ANGELES,33,COLISION POR ALCANCE,30,COLISION,1,URBANA,1,TRAMO DE VIA RECTA,4,ALCOHOL EN CONDUCTOR,24,CONDUCCION EN ESTADO DE EBRIEDAD,0,MARCONI,0,COLO COLO,COLO COLO - MARCONI,0, , , , ,1,1,2,BIDIRECCIONAL,1,CONCRETO,1,BUENO,3,MOJADO,2,NUBLADO,0,0,0,1,1
-8052720.8407572,-4504446.99515155,2709,22043,1375332,-72.3388221,-37.4673207,77,LOS ANGELES,1,35369,2021,1375332,REGION BIO BIO,8301,LOS ANGELES,MARCONI,COLO COLO,0,"MARCONI & COLO COLO, LOS ANGELES",CHILE,GEOMETRIC_CENTER,48710,2021,1375332,1,2021/08/26 00:00:00+00,1899/12/30 00:00:00+00,8,REGION BIO BIO,8301,LOS ANGELES,30,COLISION,30,COLISION,1,URBANA,11,CRUCE CON SEMAFORO FUNCIONANDO,1,IMPRUDENCIA DEL CONDUCTOR,27,CONDUCCION NO ATENTO CONDICIONES TRANSITO MOMENTO,0,MARCONI,0,COLO COLO,COLO COLO - MARCONI,0, , , , ,1,1,2,BIDIRECCIONAL,1,CONCRETO,1,BUENO,1,SECO,1,DESPEJADO,0,0,0,0,1
-8052720.8407572,-4504446.99515155,2710,22044,1394870,-72.3388221,-37.4673207,77,LOS ANGELES,1,49326,2021,1394870,REGION BIO BIO,8301,LOS ANGELES,MARCONI,COLO COLO,0,"MARCONI & COLO COLO, LOS ANGELES",CHILE,GEOMETRIC_CENTER,67234,2021,1394870,1,2021/11/10 00:00:00+00,1899/12/30 00:00:00+00,8,REGION BIO BIO,8301,LOS ANGELES,32,COLISION LATERAL,30,COLISION,1,URBANA,11,CRUCE CON SEMAFORO FUNCIONANDO,1,IMPRUDENCIA DEL CONDUCTOR,27,CONDUCCION NO ATENTO CONDICIONES TRANSITO MOMENTO,0,MARCONI,0,COLO COLO,COLO COLO - MARCONI,0, , , , ,1,1,2,BIDIRECCIONAL,1,CONCRETO,2,REGULAR,1,SECO,2,NUBLADO,0,0,0,1,1
-8055804.82479819,-4504423.44656707,2711,22045,1374114,-72.366526,-37.4671528,77,LOS ANGELES,1,34163,2021,1374114,REGION BIO BIO,8301,LOS ANGELES,COSTANERA QUILQUE NORTE,LAS AZALEAS,0,"COSTANERA QUILQUE NORTE & LAS AZALEAS, LOS ANGELES",CHILE,GEOMETRIC_CENTER,47102,2021,1374114,1,2021/08/19 00:00:00+00,1899/12/30 00:00:00+00,8,REGION BIO BIO,8301,LOS ANGELES,30,COLISION,30,COLISION,1,URBANA,14,CRUCE CON SEÑAL PARE,1,IMPRUDENCIA DEL CONDUCTOR,32,NO RESPETAR DERECHO PREFERENTE DE PASO A VEHICULO,0,COSTANERA QUILQUE NORTE,0,LAS AZALEAS,COSTANERA QUILQUE NORTE - LAS AZALEAS,0, , , , ,1,1,2,BIDIRECCIONAL,1,CONCRETO,1,BUENO,2,HUMEDO,2,NUBLADO,0,0,0,0,2
-8055804.82479819,-4504423.44656707,2712,22046,1374854,-72.366526,-37.4671528,77,LOS ANGELES,1,35204,2021,1374854,REGION BIO BIO,8301,LOS ANGELES,COSTANERA QUILQUE,LAS AZALEAS,0,"COSTANERA QUILQUE & LAS AZALEAS, LOS ANGELES",CHILE,GEOMETRIC_CENTER,48499,2021,1374854,1,2021/08/25 00:00:00+00,1899/12/30 00:00:00+00,8,REGION BIO BIO,8301,LOS ANGELES,30,COLISION,30,COLISION,1,URBANA,14,CRUCE CON SEÑAL PARE,1,IMPRUDENCIA DEL CONDUCTOR,32,NO RESPETAR DERECHO PREFERENTE DE PASO A VEHICULO,0,COSTANERA QUILQUE,0,LAS AZALEAS,COSTANERA QUILQUE - LAS AZALEAS,0, , , , ,1,1,2,BIDIRECCIONAL,1,CONCRETO,1,BUENO,2,HUMEDO,2,NUBLADO,0,0,0,0,2
-8057021.60249231,-4504406.19540415,2713,22047,1333987,-72.3774565,-37.4670298,77,LOS ANGELES,1,7198,2021,1333987,REGION BIO BIO,8301,LOS ANGELES,GALVARINO,LAS MOSQUETAS,0,"GALVARINO & LAS MOSQUETAS, LOS ANGELES",CHILE,GEOMETRIC_CENTER,10111,2021,1333987,1,2021/02/22 00:00:00+00,1899/12/30 00:00:00+00,8,REGION BIO BIO,8301,LOS ANGELES,10,ATROPELLO,10,ATROPELLO,1,URBANA,1,TRAMO DE VIA RECTA,2,IMPRUDENCIA DEL PEATON,53,IMPRUDENCIA DEL PEATON,0,GALVARINO,0,LAS MOSQUETAS,GALVARINO - LAS MOSQUETAS,0, , , , ,1,1,2,BIDIRECCIONAL,1,CONCRETO,2,REGULAR,1,SECO,1,DESPEJADO,0,0,0,1,1
-8051338.78701511,-4504404.09160573,2714,22048,1398782,-72.3264069,-37.4670148,77,LOS ANGELES,1,52374,2021,1398782,REGION BIO BIO,8301,LOS ANGELES,LAS INDUSTRIAS, ,122,"LAS INDUSTRIAS 122, LOS ANGELES",CHILE,RANGE_INTERPOLATED,71205,2021,1398782,1,2021/11/25 00:00:00+00,1899/12/30 00:00:00+00,8,REGION BIO BIO,8301,LOS ANGELES,63,CHOQUE FRENTE/POSTERIOR,40,CHOQUE,1,URBANA,1,TRAMO DE VIA RECTA,1,IMPRUDENCIA DEL CONDUCTOR,27,CONDUCCION NO ATENTO CONDICIONES TRANSITO MOMENTO,0,LAS INDUSTRIAS,0, ,- LAS INDUSTRIAS,122, , , , ,1,1,2,BIDIRECCIONAL,2,ASFALTO,1,BUENO,1,SECO,2,NUBLADO,0,0,0,0,2
-8056986.31421373,-4504394.93307488,2715,22049,1393356,-72.3771395,-37.4669495,77,LOS ANGELES,1,48611,2021,1393356,REGION BIO BIO,8301,LOS ANGELES,GALVARINO,TALAR,0,"GALVARINO & TALAR, LOS ANGELES",CHILE,GEOMETRIC_CENTER,66278,2021,1393356,1,2021/11/06 00:00:00+00,1899/12/30 00:00:00+00,8,REGION BIO BIO,8301,LOS ANGELES,10,ATROPELLO,10,ATROPELLO,1,URBANA,1,TRAMO DE VIA RECTA,2,IMPRUDENCIA DEL PEATON,52,PEATON CRUZA CALZADA FORMA SORPRESIVA O DESCUIDADA,0,GALVARINO,0,TALAR,GALVARINO - TALAR,0, , , , ,1,1,2,BIDIRECCIONAL,1,CONCRETO,1,BUENO,1,SECO,1,DESPEJADO,0,0,0,0,2
-8051867.2206379,-4504393.32016446,2716,22050,1330862,-72.3311539,-37.466938,77,LOS ANGELES,1,4927,2021,1330862,REGION BIO BIO,8301,LOS ANGELES,LAS INDUSTRIAS,ALEMANIA,0,"LAS INDUSTRIAS & ALEMANIA, LOS ANGELES",CHILE,GEOMETRIC_CENTER,6882,2021,1330862,1,2021/02/05 00:00:00+00,1899/12/30 00:00:00+00,8,REGION BIO BIO,8301,LOS ANGELES,32,COLISION LATERAL,30,COLISION,1,URBANA,1,TRAMO DE VIA RECTA,1,IMPRUDENCIA DEL CONDUCTOR,11,ADELANTAMIENTO SIN EL ESPACIO O TIEMPO SUFICIENTE,0,LAS INDUSTRIAS,0,ALEMANIA,ALEMANIA - LAS INDUSTRIAS,0, , , , ,2,0,1,UNIDIRECCIONAL,1,CONCRETO,1,BUENO,1,SECO,1,DESPEJADO,0,0,0,0,2
-8051867.2206379,-4504393.32016446,2717,22051,1331969,-72.3311539,-37.466938,77,LOS ANGELES,1,5909,2021,1331969,REGION BIO BIO,8301,LOS ANGELES,ALEMANIA,LAS INDUSTRIAS,0,"ALEMANIA & LAS INDUSTRIAS, LOS ANGELES",CHILE,GEOMETRIC_CENTER,8240,2021,1331969,1,2021/02/12 00:00:00+00,1899/12/30 00:00:00+00,8,REGION BIO BIO,8301,LOS ANGELES,65,CHOQUE LADO/LADO,40,CHOQUE,1,URBANA,1,TRAMO DE VIA RECTA,1,IMPRUDENCIA DEL CONDUCTOR,27,CONDUCCION NO ATENTO CONDICIONES TRANSITO MOMENTO,0,ALEMANIA,0,LAS INDUSTRIAS,ALEMANIA - LAS INDUSTRIAS,0, , , , ,1,1,2,BIDIRECCIONAL,2,ASFALTO,1,BUENO,1,SECO,1,DESPEJADO,0,0,0,0,1
-8051867.2206379,-4504393.32016446,2718,22052,1340419,-72.3311539,-37.466938,77,LOS ANGELES,1,11816,2021,1340419,REGION BIO BIO,8301,LOS ANGELES,LAS INDUSTRIAS,ALEMANIA,0,"LAS INDUSTRIAS & ALEMANIA, LOS ANGELES",CHILE,GEOMETRIC_CENTER,16348,2021,1340419,1,2021/03/25 00:00:00+00,1899/12/30 00:00:00+00,8,REGION BIO BIO,8301,LOS ANGELES,30,COLISION,30,COLISION,1,URBANA,1,TRAMO DE VIA RECTA,1,IMPRUDENCIA DEL CONDUCTOR,27,CONDUCCION NO ATENTO CONDICIONES TRANSITO MOMENTO,0,LAS INDUSTRIAS,0,ALEMANIA,ALEMANIA - LAS INDUSTRIAS,0, , , , ,2,2,2,BIDIRECCIONAL,1,CONCRETO,1,BUENO,1,SECO,2,NUBLADO,0,0,0,0,2
-8051867.2206379,-4504393.32016446,2719,22053,1340974,-72.3311539,-37.466938,77,LOS ANGELES,1,12264,2021,1340974,REGION BIO BIO,8301,LOS ANGELES,ALEMANIA,LAS INDUSTRIAS,0,"ALEMANIA & LAS INDUSTRIAS, LOS ANGELES",CHILE,GEOMETRIC_CENTER,16978,2021,1340974,1,2021/03/30 00:00:00+00,1899/12/30 00:00:00+00,8,REGION BIO BIO,8301,LOS ANGELES,51,CHOQUE FRONTAL,40,CHOQUE,1,URBANA,11,CRUCE CON SEMAFORO FUNCIONANDO,9,PERDIDA CONTROL VEHICULO,95,PERDIDA CONTROL VEHICULO,0,ALEMANIA,0,LAS INDUSTRIAS,ALEMANIA - LAS INDUSTRIAS,0, , , , ,2,2,3,BIDIRECCIONAL CON BANDEJON,1,CONCRETO,1,BUENO,1,SECO,2,NUBLADO,0,0,0,0,1
-8051867.2206379,-4504393.32016446,2720,22054,1375532,-72.3311539,-37.466938,77,LOS ANGELES,1,35941,2021,1375532,REGION BIO BIO,8301,LOS ANGELES,LAS INDUSTRIAS,ALEMANIA,0,"LAS INDUSTRIAS & ALEMANIA, LOS ANGELES",CHILE,GEOMETRIC_CENTER,49488,2021,1375532,1,2021/08/29 00:00:00+00,1899/12/30 00:00:00+00,8,REGION BIO BIO,8301,LOS ANGELES,32,COLISION LATERAL,30,COLISION,1,URBANA,1,TRAMO DE VIA RECTA,1,IMPRUDENCIA DEL CONDUCTOR,27,CONDUCCION NO ATENTO CONDICIONES TRANSITO MOMENTO,0,LAS INDUSTRIAS,0,ALEMANIA,ALEMANIA - LAS INDUSTRIAS,0, , , , ,1,1,2,BIDIRECCIONAL,2,ASFALTO,1,BUENO,1,SECO,1,DESPEJADO,0,0,0,1,1
-8051867.2206379,-4504393.32016446,2721,22055,1397076,-72.3311539,-37.466938,77,LOS ANGELES,1,50928,2021,1397076,REGION BIO BIO,8301,LOS ANGELES,ALEMANIA,LAS INDUSTRIAS,0,"ALEMANIA & LAS INDUSTRIAS, LOS ANGELES",CHILE,GEOMETRIC_CENTER,69322,2021,1397076,1,2021/11/17 00:00:00+00,1899/12/30 00:00:00+00,8,REGION BIO BIO,8301,LOS ANGELES,30,COLISION,30,COLISION,1,URBANA,1,TRAMO DE VIA RECTA,13,CAUSAS NO DETERMINADAS,97,CAUSAS NO DETERMINADAS,0,ALEMANIA,0,LAS INDUSTRIAS,ALEMANIA - LAS INDUSTRIAS,0, , , , ,2,0,1,UNIDIRECCIONAL,1,CONCRETO,1,BUENO,1,SECO,1,DESPEJADO,0,0,0,1,1
-8057301.058942,-4504389.15464912,2722,22056,1390955,-72.3799669,-37.4669083,77,LOS ANGELES,1,46822,2021,1390955,REGION BIO BIO,8301,LOS ANGELES,EL PINO, ,845,"EL PINO 845, LOS ANGELES",CHILE,RANGE_INTERPOLATED,63883,2021,1390955,1,2021/10/27 00:00:00+00,1899/12/30 00:00:00+00,8,REGION BIO BIO,8301,LOS ANGELES,33,COLISION POR ALCANCE,30,COLISION,1,URBANA,16,CRUCE SIN SEÑALIZACION,1,IMPRUDENCIA DEL CONDUCTOR,27,CONDUCCION NO ATENTO CONDICIONES TRANSITO MOMENTO,0,EL PINO,0, ,- EL PINO,845, , , , ,1,0,1,UNIDIRECCIONAL,1,CONCRETO,1,BUENO,1,SECO,1,DESPEJADO,0,0,0,0,2
-8051352.61289586,-4504389.09854791,2723,22057,1355601,-72.3265311,-37.4669079,77,LOS ANGELES,1,22639,2021,1355601,REGION BIO BIO,8301,LOS ANGELES,LAS INDUSTRIAS, ,95,"LAS INDUSTRIAS 95, LOS ANGELES",CHILE,RANGE_INTERPOLATED,31178,2021,1355601,1,2021/06/12 00:00:00+00,1899/12/30 00:00:00+00,8,REGION BIO BIO,8301,LOS ANGELES,51,CHOQUE FRONTAL,40,CHOQUE,1,URBANA,1,TRAMO DE VIA RECTA,9,PERDIDA CONTROL VEHICULO,95,PERDIDA CONTROL VEHICULO,0,LAS INDUSTRIAS,0, ,- LAS INDUSTRIAS,95, , , , ,2,2,3,BIDIRECCIONAL CON BANDEJON,2,ASFALTO,1,BUENO,3,MOJADO,5,NEBLINA,0,1,0,0,0
-8051352.61289586,-4504389.09854791,2724,22058,1383687,-72.3265311,-37.4669079,77,LOS ANGELES,1,41968,2021,1383687,REGION BIO BIO,8301,LOS ANGELES,LAS INDUSTRIAS, ,95,"LAS INDUSTRIAS 95, LOS ANGELES",CHILE,RANGE_INTERPOLATED,57481,2021,1383687,1,2021/10/02 00:00:00+00,1899/12/30 00:00:00+00,8,REGION BIO BIO,8301,LOS ANGELES,33,COLISION POR ALCANCE,30,COLISION,1,URBANA,1,TRAMO DE VIA RECTA,4,ALCOHOL EN CONDUCTOR,24,CONDUCCION EN ESTADO DE EBRIEDAD,0,LAS INDUSTRIAS,0, ,- LAS INDUSTRIAS,95, , , , ,2,0,1,UNIDIRECCIONAL,1,CONCRETO,1,BUENO,3,MOJADO,3,LLUVIA,0,0,1,1,0
-8053579.23648266,-4504377.17704858,2725,22059,1404068,-72.3465332,-37.4668229,77,LOS ANGELES,1,55951,2021,1404068,REGION BIO BIO,8301,LOS ANGELES,JOSE MANSO DE VELASCO, ,266,"JOSE MANSO DE VELASCO 266, LOS ANGELES",CHILE,RANGE_INTERPOLATED,76069,2021,1404068,1,2021/12/13 00:00:00+00,1899/12/30 00:00:00+00,8,REGION BIO BIO,8301,LOS ANGELES,32,COLISION LATERAL,30,COLISION,1,URBANA,1,TRAMO DE VIA RECTA,1,IMPRUDENCIA DEL CONDUCTOR,27,CONDUCCION NO ATENTO CONDICIONES TRANSITO MOMENTO,0,JOSE MANSO DE VELASCO,0, ,- JOSE MANSO DE VELASCO,266, , , , ,2,0,1,UNIDIRECCIONAL,1,CONCRETO,1,BUENO,1,SECO,1,DESPEJADO,0,0,0,0,2
-8052725.28240489,-4504376.48980962,2726,22060,1327539,-72.338862,-37.466818,77,LOS ANGELES,1,2718,2021,1327539,REGION BIO BIO,8301,LOS ANGELES,MARCONI, ,440,"MARCONI 440, LOS ANGELES",CHILE,RANGE_INTERPOLATED,3737,2021,1327539,1,2021/01/19 00:00:00+00,1899/12/30 00:00:00+00,8,REGION BIO BIO,8301,LOS ANGELES,32,COLISION LATERAL,30,COLISION,1,URBANA,1,TRAMO DE VIA RECTA,1,IMPRUDENCIA DEL CONDUCTOR,27,CONDUCCION NO ATENTO CONDICIONES TRANSITO MOMENTO,0,MARCONI,0, ,- MARCONI,440, , , , ,1,1,2,BIDIRECCIONAL,1,CONCRETO,2,REGULAR,1,SECO,1,DESPEJADO,0,0,0,1,1
-8056385.57858166,-4504357.9764505,2727,22061,1367053,-72.371743,-37.466686,77,LOS ANGELES,1,29546,2021,1367053,REGION BIO BIO,8301,LOS ANGELES,PADRE HURTADO, ,624,"PADRE HURTADO 624, LOS ANGELES",CHILE,RANGE_INTERPOLATED,40858,2021,1367053,1,2021/07/24 00:00:00+00,1899/12/30 00:00:00+00,8,REGION BIO BIO,8301,LOS ANGELES,51,CHOQUE FRONTAL,40,CHOQUE,1,URBANA,1,TRAMO DE VIA RECTA,4,ALCOHOL EN CONDUCTOR,24,CONDUCCION EN ESTADO DE EBRIEDAD,0,PADRE HURTADO,0, ,- PADRE HURTADO,624, , , , ,2,0,1,UNIDIRECCIONAL,2,ASFALTO,1,BUENO,2,HUMEDO,4,LLOVIZNA,0,1,0,1,1
-8056847.27616973,-4504352.77308046,2728,22062,1329074,-72.3758905,-37.4666489,77,LOS ANGELES,1,4003,2021,1329074,REGION BIO BIO,8301,LOS ANGELES,GALVARINO,ESTANISLAO ANGUITA,0,"GALVARINO & ESTANISLAO ANGUITA, LOS ANGELES",CHILE,GEOMETRIC_CENTER,5587,2021,1329074,1,2021/01/29 00:00:00+00,1899/12/30 00:00:00+00,8,REGION BIO BIO,8301,LOS ANGELES,32,COLISION LATERAL,30,COLISION,1,URBANA,14,CRUCE CON SEÑAL PARE,4,ALCOHOL EN CONDUCTOR,24,CONDUCCION EN ESTADO DE EBRIEDAD,0,GALVARINO,0,ESTANISLAO ANGUITA,ESTANISLAO ANGUITA - GALVARINO,0, , , , ,1,1,2,BIDIRECCIONAL,1,CONCRETO,1,BUENO,3,MOJADO,4,LLOVIZNA,0,0,0,0,2
-8056847.27616973,-4504352.77308046,2729,22063,1333771,-72.3758905,-37.4666489,77,LOS ANGELES,1,6961,2021,1333771,REGION BIO BIO,8301,LOS ANGELES,GALVARINO,ESTANISLAO ANGUITA,0,"GALVARINO & ESTANISLAO ANGUITA, LOS ANGELES",CHILE,GEOMETRIC_CENTER,9749,2021,1333771,1,2021/02/20 00:00:00+00,1899/12/30 00:00:00+00,8,REGION BIO BIO,8301,LOS ANGELES,32,COLISION LATERAL,30,COLISION,1,URBANA,14,CRUCE CON SEÑAL PARE,1,IMPRUDENCIA DEL CONDUCTOR,27,CONDUCCION NO ATENTO CONDICIONES TRANSITO MOMENTO,0,GALVARINO,0,ESTANISLAO ANGUITA,ESTANISLAO ANGUITA - GALVARINO,0, , , , ,1,1,2,BIDIRECCIONAL,2,ASFALTO,1,BUENO,1,SECO,1,DESPEJADO,0,1,0,0,1
-8056847.27616973,-4504352.77308046,2730,22064,1357626,-72.3758905,-37.4666489,77,LOS ANGELES,1,23439,2021,1357626,REGION BIO BIO,8301,LOS ANGELES,GALVARINO,ESTANISLAO ANGUITA,0,"GALVARINO & ESTANISLAO ANGUITA, LOS ANGELES",CHILE,GEOMETRIC_CENTER,32302,2021,1357626,1,2021/06/17 00:00:00+00,1899/12/30 00:00:00+00,8,REGION BIO BIO,8301,LOS ANGELES,32,COLISION LATERAL,30,COLISION,1,URBANA,14,CRUCE CON SEÑAL PARE,1,IMPRUDENCIA DEL CONDUCTOR,27,CONDUCCION NO ATENTO CONDICIONES TRANSITO MOMENTO,0,GALVARINO,0,ESTANISLAO ANGUITA,ESTANISLAO ANGUITA - GALVARINO,0, , , , ,1,1,2,BIDIRECCIONAL,2,ASFALTO,2,REGULAR,1,SECO,1,DESPEJADO,0,0,1,0,1
-8056847.27616973,-4504352.77308046,2731,22065,1382162,-72.3758905,-37.4666489,77,LOS ANGELES,1,40763,2021,1382162,REGION BIO BIO,8301,LOS ANGELES,GALVARINO,ESTANISLAO ANGUITA,0,"GALVARINO & ESTANISLAO ANGUITA, LOS ANGELES",CHILE,GEOMETRIC_CENTER,55947,2021,1382162,1,2021/09/25 00:00:00+00,1899/12/30 00:00:00+00,8,REGION BIO BIO,8301,LOS ANGELES,30,COLISION,30,COLISION,1,URBANA,14,CRUCE CON SEÑAL PARE,1,IMPRUDENCIA DEL CONDUCTOR,27,CONDUCCION NO ATENTO CONDICIONES TRANSITO MOMENTO,0,GALVARINO,0,ESTANISLAO ANGUITA,ESTANISLAO ANGUITA - GALVARINO,0, , , , ,1,0,1,UNIDIRECCIONAL,2,ASFALTO,1,BUENO,1,SECO,1,DESPEJADO,0,0,0,1,1
-8054179.74947574,-4504350.94979776,2732,22066,1355509,-72.3519277,-37.4666359,77,LOS ANGELES,1,22159,2021,1355509,REGION BIO BIO,8301,LOS ANGELES,VALDIVIA, ,555,"VALDIVIA 555, LOS ANGELES",CHILE,RANGE_INTERPOLATED,30540,2021,1355509,1,2021/06/09 00:00:00+00,1899/12/30 00:00:00+00,8,REGION BIO BIO,8301,LOS ANGELES,63,CHOQUE FRENTE/POSTERIOR,40,CHOQUE,1,URBANA,1,TRAMO DE VIA RECTA,1,IMPRUDENCIA DEL CONDUCTOR,27,CONDUCCION NO ATENTO CONDICIONES TRANSITO MOMENTO,0,VALDIVIA,0, ,- VALDIVIA,555, , , , ,1,0,1,UNIDIRECCIONAL,2,ASFALTO,2,REGULAR,2,HUMEDO,3,LLUVIA,0,0,0,0,2
-8056870.95382542,-4504344.65246228,2733,22067,1328665,-72.3761032,-37.466591,77,LOS ANGELES,1,3814,2021,1328665,REGION BIO BIO,8301,LOS ANGELES,ESTANISLAO ANGUITA, ,802,"ESTANISLAO ANGUITA 802, LOS ANGELES",CHILE,RANGE_INTERPOLATED,5280,2021,1328665,1,2021/01/27 00:00:00+00,1899/12/30 00:00:00+00,8,REGION BIO BIO,8301,LOS ANGELES,67,CHOQUE POSTERIOR/FRENTE,40,CHOQUE,1,URBANA,14,CRUCE CON SEÑAL PARE,10,DESOBEDIENCIA A SEÑALIZACION,65,SEÑALIZACION DESOBEDECER SEÑAL PARE,0,ESTANISLAO ANGUITA,0, ,- ESTANISLAO ANGUITA,802, , , , ,1,1,2,BIDIRECCIONAL,1,CONCRETO,1,BUENO,1,SECO,1,DESPEJADO,0,0,0,0,2
-8057920.46285267,-4504335.45190766,2734,22068,1335019,-72.3855311,-37.4665254,77,LOS ANGELES,1,7911,2021,1335019,REGION BIO BIO,8301,LOS ANGELES,BOMBERO FRANCISCO RIOSECO, ,2413,"BOMBERO FRANCISCO RIOSECO 2413, LOS ANGELES",CHILE,RANGE_INTERPOLATED,11107,2021,1335019,1,2021/02/27 00:00:00+00,1899/12/30 00:00:00+00,8,REGION BIO BIO,8301,LOS ANGELES,68,CHOQUE POSTERIOR/LADO,40,CHOQUE,1,URBANA,1,TRAMO DE VIA RECTA,4,ALCOHOL EN CONDUCTOR,24,CONDUCCION EN ESTADO DE EBRIEDAD,0,BOMBERO FRANCISCO RIOSECO,0, ,- BOMBERO FRANCISCO RIOSECO,2413, , , , ,2,0,1,UNIDIRECCIONAL,2,ASFALTO,1,BUENO,1,SECO,1,DESPEJADO,0,0,0,0,2
-8054988.31859712,-4504326.7983446,2735,22069,1378835,-72.3591912,-37.4664637,77,LOS ANGELES,1,38282,2021,1378835,REGION BIO BIO,8301,LOS ANGELES,LIENTUR,BOMBERO EMILIO STOEBER,0,"LIENTUR & BOMBERO EMILIO STOEBER, LOS ANGELES",CHILE,GEOMETRIC_CENTER,52570,2021,1378835,1,2021/09/11 00:00:00+00,1899/12/30 00:00:00+00,8,REGION BIO BIO,8301,LOS ANGELES,32,COLISION LATERAL,30,COLISION,1,URBANA,1,TRAMO DE VIA RECTA,1,IMPRUDENCIA DEL CONDUCTOR,27,CONDUCCION NO ATENTO CONDICIONES TRANSITO MOMENTO,0,LIENTUR,0,BOMBERO EMILIO STOEBER,BOMBERO EMILIO STOEBER - LIENTUR,0, , , , ,2,0,1,UNIDIRECCIONAL,2,ASFALTO,2,REGULAR,2,HUMEDO,4,LLOVIZNA,0,0,0,0,2
-8054326.30158537,-4504315.80257947,2736,22070,1406251,-72.3532442,-37.4663853,77,LOS ANGELES,1,57639,2021,1406251,REGION BIO BIO,8301,LOS ANGELES,TUCAPEL,LLANQUIHUE,0,"TUCAPEL & LLANQUIHUE, LOS ANGELES",CHILE,GEOMETRIC_CENTER,78268,2021,1406251,1,2021/12/21 00:00:00+00,1899/12/30 00:00:00+00,8,REGION BIO BIO,8301,LOS ANGELES,10,ATROPELLO,10,ATROPELLO,1,URBANA,1,TRAMO DE VIA RECTA,1,IMPRUDENCIA DEL CONDUCTOR,27,CONDUCCION NO ATENTO CONDICIONES TRANSITO MOMENTO,0,TUCAPEL,0,LLANQUIHUE,LLANQUIHUE - TUCAPEL,0, , , , ,1,1,2,BIDIRECCIONAL,2,ASFALTO,1,BUENO,1,SECO,1,DESPEJADO,0,1,0,1,1
-8054694.50193312,-4504307.69601512,2737,22071,1340904,-72.3565518,-37.4663275,77,LOS ANGELES,1,11873,2021,1340904,REGION BIO BIO,8301,LOS ANGELES,TUCAPEL,ATLANTICO,0,"TUCAPEL & ATLANTICO, LOS ANGELES",CHILE,GEOMETRIC_CENTER,16434,2021,1340904,1,2021/03/26 00:00:00+00,1899/12/30 00:00:00+00,8,REGION BIO BIO,8301,LOS ANGELES,10,ATROPELLO,10,ATROPELLO,1,URBANA,14,CRUCE CON SEÑAL PARE,1,IMPRUDENCIA DEL CONDUCTOR,27,CONDUCCION NO ATENTO CONDICIONES TRANSITO MOMENTO,0,TUCAPEL,0,ATLANTICO,ATLANTICO - TUCAPEL,0, , , , ,1,1,2,BIDIRECCIONAL,2,ASFALTO,1,BUENO,1,SECO,1,DESPEJADO,0,0,0,1,1