X,Y,FID,FID_1,LABELID,POINT_X,POINT_Y,FID_2,COMUNAREAL,VAL_COM,OBJECTID,A_O,IDACCIDENT,REGION,COD_COMUN,COMUNA,CALLE_UNO,CALLE_DOS,NUMERO,DIR_GEOCOD,PAIS,TIPO,OBJECTID_1,Año,Idaccide_1,Claseaccid,Fecha,Hora,Cód_Regi,Región,Cód_Comun,Comuna_1,Cód_Tipo_,Tipo_Accid,Cód_Tipo1,Tipo__CONA,Cód_Zona,Zona,Cód_Ubica,Ubicación,Cód_Causa,Causa__CON,Cód_Cau_1,Causa,Cód_Calle,Calle_Un_1,Cód_Cal_1,Calle_Do_1,Intersecci,Número,Ruta,Cód_Ruta,Ubicaci_1,Km_Vía_Fe,Pistas_de_,Pistas_de1,Cód_Calza,Calzada,Cód__Tipo,Tipo_Calza,Cód_Estad,Estado_Cal,Cód_Condi,Condición,Cód_Est_1,Estado_Atm,Fallecidos,Graves,Menos_Grav,Leves,Ilesos
-8054743.49364102,-4504305.90079064,2738,22072,1377177,-72.3569919,-37.4663147,77,LOS ANGELES,1,31803,2021,1377177,REGION BIO BIO,8301,LOS ANGELES,TUCAPEL,ARTURO PRAT,0,"TUCAPEL & ARTURO PRAT, LOS ANGELES",CHILE,GEOMETRIC_CENTER,43881,2021,1377177,1,2021/08/06 00:00:00+00,1899/12/30 00:00:00+00,8,REGION BIO BIO,8301,LOS ANGELES,33,COLISION POR ALCANCE,30,COLISION,1,URBANA,1,TRAMO DE VIA RECTA,4,ALCOHOL EN CONDUCTOR,24,CONDUCCION EN ESTADO DE EBRIEDAD,0,TUCAPEL,0,ARTURO PRAT,ARTURO PRAT - TUCAPEL,0, , , , ,2,0,1,UNIDIRECCIONAL,1,CONCRETO,1,BUENO,3,MOJADO,3,LLUVIA,0,0,0,3,1
-8054290.62368858,-4504305.01720371,2739,22073,1330763,-72.3529237,-37.4663084,77,LOS ANGELES,1,4831,2021,1330763,REGION BIO BIO,8301,LOS ANGELES,TUCAPEL, ,450,"TUCAPEL 450, LOS ANGELES",CHILE,RANGE_INTERPOLATED,6754,2021,1330763,1,2021/02/04 00:00:00+00,1899/12/30 00:00:00+00,8,REGION BIO BIO,8301,LOS ANGELES,32,COLISION LATERAL,30,COLISION,1,URBANA,1,TRAMO DE VIA RECTA,1,IMPRUDENCIA DEL CONDUCTOR,27,CONDUCCION NO ATENTO CONDICIONES TRANSITO MOMENTO,0,TUCAPEL,0, ,- TUCAPEL,450, , , , ,1,0,1,UNIDIRECCIONAL,1,CONCRETO,1,BUENO,1,SECO,1,DESPEJADO,0,0,0,0,2
-8054199.13019909,-4504304.11959166,2740,22074,1398180,-72.3521018,-37.466302,77,LOS ANGELES,1,51799,2021,1398180,REGION BIO BIO,8301,LOS ANGELES,TUCAPEL,VALDIVIA,0,"TUCAPEL & VALDIVIA, LOS ANGELES",CHILE,GEOMETRIC_CENTER,70447,2021,1398180,1,2021/11/21 00:00:00+00,1899/12/30 00:00:00+00,8,REGION BIO BIO,8301,LOS ANGELES,32,COLISION LATERAL,30,COLISION,1,URBANA,11,CRUCE CON SEMAFORO FUNCIONANDO,1,IMPRUDENCIA DEL CONDUCTOR,27,CONDUCCION NO ATENTO CONDICIONES TRANSITO MOMENTO,0,TUCAPEL,0,VALDIVIA,TUCAPEL - VALDIVIA,0, , , , ,2,2,3,BIDIRECCIONAL CON BANDEJON,1,CONCRETO,1,BUENO,1,SECO,1,DESPEJADO,0,0,0,0,2
-8054039.06390328,-4504303.83908791,2741,22075,1386011,-72.3506639,-37.4663,77,LOS ANGELES,1,43376,2021,1386011,REGION BIO BIO,8301,LOS ANGELES,COLON,TUCAPEL,0,"COLON & TUCAPEL, LOS ANGELES",CHILE,GEOMETRIC_CENTER,59315,2021,1386011,1,2021/10/09 00:00:00+00,1899/12/30 00:00:00+00,8,REGION BIO BIO,8301,LOS ANGELES,53,CHOQUE POSTERIOR,40,CHOQUE,1,URBANA,11,CRUCE CON SEMAFORO FUNCIONANDO,1,IMPRUDENCIA DEL CONDUCTOR,27,CONDUCCION NO ATENTO CONDICIONES TRANSITO MOMENTO,0,COLON,0,TUCAPEL,COLON - TUCAPEL,0, , , , ,2,0,1,UNIDIRECCIONAL,1,CONCRETO,1,BUENO,1,SECO,1,DESPEJADO,0,0,0,0,2
-8053831.90946286,-4504298.90222316,2742,22076,1386427,-72.348803,-37.4662648,77,LOS ANGELES,1,43935,2021,1386427,REGION BIO BIO,8301,LOS ANGELES,TUCAPEL, ,152,"TUCAPEL 152, LOS ANGELES",CHILE,RANGE_INTERPOLATED,60122,2021,1386427,1,2021/10/12 00:00:00+00,1899/12/30 00:00:00+00,8,REGION BIO BIO,8301,LOS ANGELES,65,CHOQUE LADO/LADO,40,CHOQUE,1,URBANA,1,TRAMO DE VIA RECTA,1,IMPRUDENCIA DEL CONDUCTOR,27,CONDUCCION NO ATENTO CONDICIONES TRANSITO MOMENTO,0,TUCAPEL,0, ,- TUCAPEL,152, , , , ,2,2,2,BIDIRECCIONAL,1,CONCRETO,1,BUENO,1,SECO,2,NUBLADO,0,0,0,0,2
-8056569.44498461,-4504293.75498312,2743,22077,1398715,-72.3733947,-37.4662281,77,LOS ANGELES,1,52479,2021,1398715,REGION BIO BIO,8301,LOS ANGELES,GALVARINO,LAGO PUYEHUE,0,"GALVARINO & LAGO PUYEHUE, LOS ANGELES",CHILE,GEOMETRIC_CENTER,71339,2021,1398715,1,2021/11/25 00:00:00+00,1899/12/30 00:00:00+00,8,REGION BIO BIO,8301,LOS ANGELES,63,CHOQUE FRENTE/POSTERIOR,40,CHOQUE,1,URBANA,1,TRAMO DE VIA RECTA,1,IMPRUDENCIA DEL CONDUCTOR,27,CONDUCCION NO ATENTO CONDICIONES TRANSITO MOMENTO,0,GALVARINO,0,LAGO PUYEHUE,GALVARINO - LAGO PUYEHUE,0, , , , ,1,1,2,BIDIRECCIONAL,1,CONCRETO,2,REGULAR,1,SECO,1,DESPEJADO,0,0,0,0,2
-8053763.39231628,-4504292.61894411,2744,22078,1351234,-72.3481875,-37.46622,77,LOS ANGELES,1,18755,2021,1351234,REGION BIO BIO,8301,LOS ANGELES,TUCAPEL,VILLAGRAN,0,"TUCAPEL & VILLAGRAN, LOS ANGELES",CHILE,GEOMETRIC_CENTER,25797,2021,1351234,1,2021/05/19 00:00:00+00,1899/12/30 00:00:00+00,8,REGION BIO BIO,8301,LOS ANGELES,32,COLISION LATERAL,30,COLISION,1,URBANA,12,CRUCE CON SEMAFORO APAGADO,1,IMPRUDENCIA DEL CONDUCTOR,27,CONDUCCION NO ATENTO CONDICIONES TRANSITO MOMENTO,0,TUCAPEL,0,VILLAGRAN,TUCAPEL - VILLAGRAN,0, , , , ,2,0,1,UNIDIRECCIONAL,1,CONCRETO,1,BUENO,3,MOJADO,4,LLOVIZNA,0,0,0,0,2
-8053763.39231628,-4504292.61894411,2745,22079,1389319,-72.3481875,-37.46622,77,LOS ANGELES,1,45249,2021,1389319,REGION BIO BIO,8301,LOS ANGELES,VILLAGRAN,TUCAPEL,0,"VILLAGRAN & TUCAPEL, LOS ANGELES",CHILE,GEOMETRIC_CENTER,61862,2021,1389319,1,2021/10/19 00:00:00+00,1899/12/30 00:00:00+00,8,REGION BIO BIO,8301,LOS ANGELES,64,CHOQUE LADO/FRENTE,40,CHOQUE,1,URBANA,1,TRAMO DE VIA RECTA,1,IMPRUDENCIA DEL CONDUCTOR,27,CONDUCCION NO ATENTO CONDICIONES TRANSITO MOMENTO,0,VILLAGRAN,0,TUCAPEL,TUCAPEL - VILLAGRAN,0, , , , ,2,0,1,UNIDIRECCIONAL,1,CONCRETO,2,REGULAR,1,SECO,1,DESPEJADO,0,0,0,0,2
-8054546.17984359,-4504291.00604942,2746,22080,1374672,-72.3552194,-37.4662085,77,LOS ANGELES,1,35223,2021,1374672,REGION BIO BIO,8301,LOS ANGELES,TUCAPEL,ERCILLA,0,"TUCAPEL & ERCILLA, LOS ANGELES",CHILE,GEOMETRIC_CENTER,48523,2021,1374672,1,2021/08/25 00:00:00+00,1899/12/30 00:00:00+00,8,REGION BIO BIO,8301,LOS ANGELES,32,COLISION LATERAL,30,COLISION,1,URBANA,11,CRUCE CON SEMAFORO FUNCIONANDO,1,IMPRUDENCIA DEL CONDUCTOR,27,CONDUCCION NO ATENTO CONDICIONES TRANSITO MOMENTO,0,TUCAPEL,0,ERCILLA,ERCILLA - TUCAPEL,0, , , , ,2,2,2,BIDIRECCIONAL,1,CONCRETO,1,BUENO,3,MOJADO,3,LLUVIA,0,0,0,1,1
-8057666.799129,-4504275.11554374,2747,22081,1395455,-72.3832524,-37.4660952,77,LOS ANGELES,1,50317,2021,1395455,REGION BIO BIO,8301,LOS ANGELES,BOMBERO FRANCISCO RIOSECO,LAS TORCAZAS,0,"BOMBERO FRANCISCO RIOSECO & LAS TORCAZAS, LOS ANGELES",CHILE,GEOMETRIC_CENTER,68543,2021,1395455,1,2021/11/14 00:00:00+00,1899/12/30 00:00:00+00,8,REGION BIO BIO,8301,LOS ANGELES,61,CHOQUE FRENTE/FRENTE,40,CHOQUE,1,URBANA,1,TRAMO DE VIA RECTA,4,ALCOHOL EN CONDUCTOR,24,CONDUCCION EN ESTADO DE EBRIEDAD,0,BOMBERO FRANCISCO RIOSECO,0,LAS TORCAZAS,BOMBERO FRANCISCO RIOSECO - LAS TORCAZAS,0, , , , ,1,1,2,BIDIRECCIONAL,1,CONCRETO,1,BUENO,1,SECO,1,DESPEJADO,0,0,0,2,2
-8056401.71990783,-4504264.03568201,2748,22082,1360675,-72.371888,-37.4660162,77,LOS ANGELES,1,25883,2021,1360675,REGION BIO BIO,8301,LOS ANGELES,PADRE HURTADO,GALVARINO,0,"PADRE HURTADO & GALVARINO, LOS ANGELES",CHILE,GEOMETRIC_CENTER,35721,2021,1360675,1,2021/07/03 00:00:00+00,1899/12/30 00:00:00+00,8,REGION BIO BIO,8301,LOS ANGELES,10,ATROPELLO,10,ATROPELLO,1,URBANA,11,CRUCE CON SEMAFORO FUNCIONANDO,4,ALCOHOL EN CONDUCTOR,24,CONDUCCION EN ESTADO DE EBRIEDAD,0,PADRE HURTADO,0,GALVARINO,GALVARINO - PADRE HURTADO,0, , , , ,2,0,1,UNIDIRECCIONAL,1,CONCRETO,1,BUENO,1,SECO,1,DESPEJADO,0,0,0,2,2
-8056401.71990783,-4504264.03568201,2749,22083,1367066,-72.371888,-37.4660162,77,LOS ANGELES,1,29527,2021,1367066,REGION BIO BIO,8301,LOS ANGELES,PADRE HURTADO,GALVARINO,0,"PADRE HURTADO & GALVARINO, LOS ANGELES",CHILE,GEOMETRIC_CENTER,40829,2021,1367066,1,2021/07/24 00:00:00+00,1899/12/30 00:00:00+00,8,REGION BIO BIO,8301,LOS ANGELES,32,COLISION LATERAL,30,COLISION,1,URBANA,11,CRUCE CON SEMAFORO FUNCIONANDO,10,DESOBEDIENCIA A SEÑALIZACION,62,SEÑALIZACION DESOBEDECER LUZ ROJA DE SEMAFORO,0,PADRE HURTADO,0,GALVARINO,GALVARINO - PADRE HURTADO,0, , , , ,2,2,3,BIDIRECCIONAL CON BANDEJON,1,CONCRETO,1,BUENO,3,MOJADO,3,LLUVIA,0,0,0,0,2
-8056401.71990783,-4504264.03568201,2750,22084,1375436,-72.371888,-37.4660162,77,LOS ANGELES,1,35731,2021,1375436,REGION BIO BIO,8301,LOS ANGELES,PADRE HURTADO,GALVARINO,0,"PADRE HURTADO & GALVARINO, LOS ANGELES",CHILE,GEOMETRIC_CENTER,49191,2021,1375436,1,2021/08/28 00:00:00+00,1899/12/30 00:00:00+00,8,REGION BIO BIO,8301,LOS ANGELES,32,COLISION LATERAL,30,COLISION,1,URBANA,11,CRUCE CON SEMAFORO FUNCIONANDO,10,DESOBEDIENCIA A SEÑALIZACION,62,SEÑALIZACION DESOBEDECER LUZ ROJA DE SEMAFORO,0,PADRE HURTADO,0,GALVARINO,GALVARINO - PADRE HURTADO,0, , , , ,2,0,1,UNIDIRECCIONAL,2,ASFALTO,1,BUENO,3,MOJADO,3,LLUVIA,0,0,0,1,1
-8056401.71990783,-4504264.03568201,2751,22085,1382511,-72.371888,-37.4660162,77,LOS ANGELES,1,41020,2021,1382511,REGION BIO BIO,8301,LOS ANGELES,GALVARINO,PADRE HURTADO,0,"GALVARINO & PADRE HURTADO, LOS ANGELES",CHILE,GEOMETRIC_CENTER,56283,2021,1382511,1,2021/09/27 00:00:00+00,1899/12/30 00:00:00+00,8,REGION BIO BIO,8301,LOS ANGELES,69,CHOQUE POSTERIOR/POSTERIOR,40,CHOQUE,1,URBANA,1,TRAMO DE VIA RECTA,1,IMPRUDENCIA DEL CONDUCTOR,27,CONDUCCION NO ATENTO CONDICIONES TRANSITO MOMENTO,0,GALVARINO,0,PADRE HURTADO,GALVARINO - PADRE HURTADO,0, , , , ,2,0,1,UNIDIRECCIONAL,2,ASFALTO,1,BUENO,1,SECO,1,DESPEJADO,0,0,0,0,2
-8051340.77963399,-4504250.4874113,2752,22086,1342046,-72.3264248,-37.4659196,77,LOS ANGELES,1,13068,2021,1342046,REGION BIO BIO,8301,LOS ANGELES,LAS INDUSTRIAS, ,7030,"LAS INDUSTRIAS 7030, LOS ANGELES",CHILE,RANGE_INTERPOLATED,18036,2021,1342046,1,2021/04/06 00:00:00+00,1899/12/30 00:00:00+00,8,REGION BIO BIO,8301,LOS ANGELES,32,COLISION LATERAL,30,COLISION,1,URBANA,14,CRUCE CON SEÑAL PARE,1,IMPRUDENCIA DEL CONDUCTOR,27,CONDUCCION NO ATENTO CONDICIONES TRANSITO MOMENTO,0,LAS INDUSTRIAS,0, ,- LAS INDUSTRIAS,7030, , , , ,1,1,2,BIDIRECCIONAL,2,ASFALTO,1,BUENO,3,MOJADO,3,LLUVIA,0,0,0,0,2
-8051340.77963399,-4504250.4874113,2753,22087,1362763,-72.3264248,-37.4659196,77,LOS ANGELES,1,26994,2021,1362763,REGION BIO BIO,8301,LOS ANGELES,LAS INDUSTRIAS, ,9250,"LAS INDUSTRIAS 9250, LOS ANGELES",CHILE,RANGE_INTERPOLATED,37216,2021,1362763,1,2021/07/09 00:00:00+00,1899/12/30 00:00:00+00,8,REGION BIO BIO,8301,LOS ANGELES,32,COLISION LATERAL,30,COLISION,1,URBANA,1,TRAMO DE VIA RECTA,1,IMPRUDENCIA DEL CONDUCTOR,27,CONDUCCION NO ATENTO CONDICIONES TRANSITO MOMENTO,0,LAS INDUSTRIAS,0, ,- LAS INDUSTRIAS,9250, , , , ,1,1,2,BIDIRECCIONAL,2,ASFALTO,2,REGULAR,2,HUMEDO,1,DESPEJADO,0,0,0,0,2
-8051340.77963399,-4504250.4874113,2754,22088,1366501,-72.3264248,-37.4659196,77,LOS ANGELES,1,28597,2021,1366501,REGION BIO BIO,8301,LOS ANGELES,LAS INDUSTRIAS, ,7110,"LAS INDUSTRIAS 7110, LOS ANGELES",CHILE,RANGE_INTERPOLATED,39519,2021,1366501,1,2021/07/19 00:00:00+00,1899/12/30 00:00:00+00,8,REGION BIO BIO,8301,LOS ANGELES,70,VOLCADURA,70,VOLCADURA,1,URBANA,1,TRAMO DE VIA RECTA,9,PERDIDA CONTROL VEHICULO,95,PERDIDA CONTROL VEHICULO,0,LAS INDUSTRIAS,0, ,- LAS INDUSTRIAS,7110, , , , ,2,0,1,UNIDIRECCIONAL,1,CONCRETO,1,BUENO,1,SECO,1,DESPEJADO,0,0,0,0,1
-8051340.77963399,-4504250.4874113,2755,22089,1374601,-72.3264248,-37.4659196,77,LOS ANGELES,1,34864,2021,1374601,REGION BIO BIO,8301,LOS ANGELES,LAS INDUSTRIAS, ,4995,"LAS INDUSTRIAS 4995, LOS ANGELES",CHILE,RANGE_INTERPOLATED,48073,2021,1374601,1,2021/08/23 00:00:00+00,1899/12/30 00:00:00+00,8,REGION BIO BIO,8301,LOS ANGELES,70,VOLCADURA,70,VOLCADURA,1,URBANA,1,TRAMO DE VIA RECTA,9,PERDIDA CONTROL VEHICULO,95,PERDIDA CONTROL VEHICULO,0,LAS INDUSTRIAS,0, ,- LAS INDUSTRIAS,4995, , , , ,1,1,2,BIDIRECCIONAL,2,ASFALTO,1,BUENO,1,SECO,1,DESPEJADO,0,1,0,0,0
-8051340.77963399,-4504250.4874113,2756,22090,1387812,-72.3264248,-37.4659196,77,LOS ANGELES,1,44391,2021,1387812,REGION BIO BIO,8301,LOS ANGELES,LAS INDUSTRIAS, ,10460,"LAS INDUSTRIAS 10460, LOS ANGELES",CHILE,RANGE_INTERPOLATED,60687,2021,1387812,1,2021/10/14 00:00:00+00,1899/12/30 00:00:00+00,8,REGION BIO BIO,8301,LOS ANGELES,32,COLISION LATERAL,30,COLISION,1,URBANA,1,TRAMO DE VIA RECTA,13,CAUSAS NO DETERMINADAS,97,CAUSAS NO DETERMINADAS,0,LAS INDUSTRIAS,0, ,- LAS INDUSTRIAS,10460, , , , ,1,1,2,BIDIRECCIONAL,1,CONCRETO,1,BUENO,2,HUMEDO,2,NUBLADO,0,0,0,2,1
-8051340.77963399,-4504250.4874113,2757,22091,1390092,-72.3264248,-37.4659196,77,LOS ANGELES,1,45648,2021,1390092,REGION BIO BIO,8301,LOS ANGELES,LAS INDUSTRIAS, ,7570,"LAS INDUSTRIAS 7570, LOS ANGELES",CHILE,RANGE_INTERPOLATED,62378,2021,1390092,1,2021/10/21 00:00:00+00,1899/12/30 00:00:00+00,8,REGION BIO BIO,8301,LOS ANGELES,32,COLISION LATERAL,30,COLISION,1,URBANA,15,CRUCE CON SEÑAL CEDA EL PASO,10,DESOBEDIENCIA A SEÑALIZACION,64,SEÑALIZACION DESOBEDECER SEÑAL CEDA EL PASO,0,LAS INDUSTRIAS,0, ,- LAS INDUSTRIAS,7570, , , , ,2,2,3,BIDIRECCIONAL CON BANDEJON,2,ASFALTO,1,BUENO,1,SECO,1,DESPEJADO,0,0,0,1,1
-8051340.77963399,-4504250.4874113,2758,22092,1391111,-72.3264248,-37.4659196,77,LOS ANGELES,1,46933,2021,1391111,REGION BIO BIO,8301,LOS ANGELES,LAS INDUSTRIAS, ,8380,"LAS INDUSTRIAS 8380, LOS ANGELES",CHILE,RANGE_INTERPOLATED,64023,2021,1391111,1,2021/10/28 00:00:00+00,1899/12/30 00:00:00+00,8,REGION BIO BIO,8301,LOS ANGELES,32,COLISION LATERAL,30,COLISION,1,URBANA,14,CRUCE CON SEÑAL PARE,1,IMPRUDENCIA DEL CONDUCTOR,91,VIRAJES INDEBIDOS,0,LAS INDUSTRIAS,0, ,- LAS INDUSTRIAS,8380, , , , ,2,2,3,BIDIRECCIONAL CON BANDEJON,2,ASFALTO,1,BUENO,1,SECO,1,DESPEJADO,0,0,0,3,0
-8051340.77963399,-4504250.4874113,2759,22093,1400977,-72.3264248,-37.4659196,77,LOS ANGELES,1,53530,2021,1400977,REGION BIO BIO,8301,LOS ANGELES,LAS INDUSTRIAS, ,8325,"LAS INDUSTRIAS 8325, LOS ANGELES",CHILE,RANGE_INTERPOLATED,72758,2021,1400977,1,2021/12/01 00:00:00+00,1899/12/30 00:00:00+00,8,REGION BIO BIO,8301,LOS ANGELES,32,COLISION LATERAL,30,COLISION,1,URBANA,1,TRAMO DE VIA RECTA,1,IMPRUDENCIA DEL CONDUCTOR,27,CONDUCCION NO ATENTO CONDICIONES TRANSITO MOMENTO,0,LAS INDUSTRIAS,0, ,- LAS INDUSTRIAS,8325, , , , ,1,1,2,BIDIRECCIONAL,2,ASFALTO,1,BUENO,1,SECO,1,DESPEJADO,0,0,0,1,1
-8053844.74460015,-4504228.81862963,2760,22094,1366689,-72.3489183,-37.4657651,77,LOS ANGELES,1,28778,2021,1366689,REGION BIO BIO,8301,LOS ANGELES,TUCAPEL, ,139,"TUCAPEL 139, LOS ANGELES",CHILE,RANGE_INTERPOLATED,39763,2021,1366689,1,2021/07/20 00:00:00+00,1899/12/30 00:00:00+00,8,REGION BIO BIO,8301,LOS ANGELES,62,CHOQUE FRENTE/LADO,40,CHOQUE,1,URBANA,1,TRAMO DE VIA RECTA,1,IMPRUDENCIA DEL CONDUCTOR,11,ADELANTAMIENTO SIN EL ESPACIO O TIEMPO SUFICIENTE,0,TUCAPEL,0, ,- TUCAPEL,139, , , , ,2,0,1,UNIDIRECCIONAL,1,CONCRETO,2,REGULAR,1,SECO,1,DESPEJADO,0,0,0,0,2
-8054007.87218196,-4504222.00243961,2761,22095,1406858,-72.3503837,-37.4657165,77,LOS ANGELES,1,57788,2021,1406858,REGION BIO BIO,8301,LOS ANGELES,COLON, ,641,"COLON 641, LOS ANGELES",CHILE,RANGE_INTERPOLATED,78458,2021,1406858,1,2021/12/22 00:00:00+00,1899/12/30 00:00:00+00,8,REGION BIO BIO,8301,LOS ANGELES,67,CHOQUE POSTERIOR/FRENTE,40,CHOQUE,1,URBANA,1,TRAMO DE VIA RECTA,1,IMPRUDENCIA DEL CONDUCTOR,27,CONDUCCION NO ATENTO CONDICIONES TRANSITO MOMENTO,0,COLON,0, ,- COLON,641, , , , ,1,0,1,UNIDIRECCIONAL,1,CONCRETO,1,BUENO,1,SECO,1,DESPEJADO,0,0,0,0,2
-8055975.97851529,-4504221.79206344,2762,22096,1388847,-72.3680635,-37.465715,77,LOS ANGELES,1,45040,2021,1388847,REGION BIO BIO,8301,LOS ANGELES,GALVARINO, ,1310,"GALVARINO 1310, LOS ANGELES",CHILE,RANGE_INTERPOLATED,61588,2021,1388847,1,2021/10/18 00:00:00+00,1899/12/30 00:00:00+00,8,REGION BIO BIO,8301,LOS ANGELES,10,ATROPELLO,10,ATROPELLO,1,URBANA,1,TRAMO DE VIA RECTA,1,IMPRUDENCIA DEL CONDUCTOR,27,CONDUCCION NO ATENTO CONDICIONES TRANSITO MOMENTO,0,GALVARINO,0, ,- GALVARINO,1310, , , , ,1,1,2,BIDIRECCIONAL,2,ASFALTO,1,BUENO,1,SECO,1,DESPEJADO,0,0,0,1,1
-8053556.57183434,-4504210.01100495,2763,22097,1401825,-72.3463296,-37.465631,77,LOS ANGELES,1,54530,2021,1401825,REGION BIO BIO,8301,LOS ANGELES,COSTANERA QUILQUE,URUGUAY,0,"COSTANERA QUILQUE & URUGUAY, LOS ANGELES",CHILE,GEOMETRIC_CENTER,74119,2021,1401825,1,2021/12/06 00:00:00+00,1899/12/30 00:00:00+00,8,REGION BIO BIO,8301,LOS ANGELES,32,COLISION LATERAL,30,COLISION,1,URBANA,1,TRAMO DE VIA RECTA,1,IMPRUDENCIA DEL CONDUCTOR,27,CONDUCCION NO ATENTO CONDICIONES TRANSITO MOMENTO,0,COSTANERA QUILQUE,0,URUGUAY,COSTANERA QUILQUE - URUGUAY,0, , , , ,1,1,2,BIDIRECCIONAL,1,CONCRETO,1,BUENO,1,SECO,1,DESPEJADO,0,0,0,0,2
-8053504.69695163,-4504207.4303939,2764,22098,1334240,-72.3458636,-37.4656126,77,LOS ANGELES,1,7252,2021,1334240,REGION BIO BIO,8301,LOS ANGELES,COSTANERA QUILQUE,VOLCAN CALBUCO,0,"COSTANERA QUILQUE & VOLCAN CALBUCO, LOS ANGELES",CHILE,GEOMETRIC_CENTER,10199,2021,1334240,1,2021/02/23 00:00:00+00,1899/12/30 00:00:00+00,8,REGION BIO BIO,8301,LOS ANGELES,51,CHOQUE FRONTAL,40,CHOQUE,1,URBANA,1,TRAMO DE VIA RECTA,4,ALCOHOL EN CONDUCTOR,24,CONDUCCION EN ESTADO DE EBRIEDAD,0,COSTANERA QUILQUE,0,VOLCAN CALBUCO,COSTANERA QUILQUE - VOLCAN CALBUCO,0, , , , ,1,1,2,BIDIRECCIONAL,1,CONCRETO,1,BUENO,1,SECO,1,DESPEJADO,0,0,0,1,0
-8053504.69695163,-4504207.4303939,2765,22099,1391535,-72.3458636,-37.4656126,77,LOS ANGELES,1,47339,2021,1391535,REGION BIO BIO,8301,LOS ANGELES,COSTANERA QUILQUE,VOLCAN CALBUCO,0,"COSTANERA QUILQUE & VOLCAN CALBUCO, LOS ANGELES",CHILE,GEOMETRIC_CENTER,64578,2021,1391535,1,2021/10/30 00:00:00+00,1899/12/30 00:00:00+00,8,REGION BIO BIO,8301,LOS ANGELES,66,CHOQUE LADO/POSTERIOR,40,CHOQUE,1,URBANA,1,TRAMO DE VIA RECTA,13,CAUSAS NO DETERMINADAS,97,CAUSAS NO DETERMINADAS,0,COSTANERA QUILQUE,0,VOLCAN CALBUCO,COSTANERA QUILQUE - VOLCAN CALBUCO,0, , , , ,2,0,1,UNIDIRECCIONAL,1,CONCRETO,2,REGULAR,1,SECO,2,NUBLADO,0,0,0,0,2
-8053504.69695163,-4504207.4303939,2766,22100,1394876,-72.3458636,-37.4656126,77,LOS ANGELES,1,49403,2021,1394876,REGION BIO BIO,8301,LOS ANGELES,COSTANERA QUILQUE NORTE,VOLCAN CALBUCO,0,"COSTANERA QUILQUE NORTE & VOLCAN CALBUCO, LOS ANGELES",CHILE,GEOMETRIC_CENTER,67330,2021,1394876,1,2021/11/10 00:00:00+00,1899/12/30 00:00:00+00,8,REGION BIO BIO,8301,LOS ANGELES,33,COLISION POR ALCANCE,30,COLISION,1,URBANA,1,TRAMO DE VIA RECTA,1,IMPRUDENCIA DEL CONDUCTOR,27,CONDUCCION NO ATENTO CONDICIONES TRANSITO MOMENTO,0,COSTANERA QUILQUE NORTE,0,VOLCAN CALBUCO,COSTANERA QUILQUE NORTE - VOLCAN CALBUCO,0, , , , ,1,1,2,BIDIRECCIONAL,1,CONCRETO,1,BUENO,1,SECO,1,DESPEJADO,0,0,0,0,2
-8053504.69695163,-4504207.4303939,2767,22101,1395916,-72.3458636,-37.4656126,77,LOS ANGELES,1,50598,2021,1395916,REGION BIO BIO,8301,LOS ANGELES,COSTANERA QUILQUE,VOLCAN CALBUCO,0,"COSTANERA QUILQUE & VOLCAN CALBUCO, LOS ANGELES",CHILE,GEOMETRIC_CENTER,68907,2021,1395916,1,2021/11/16 00:00:00+00,1899/12/30 00:00:00+00,8,REGION BIO BIO,8301,LOS ANGELES,10,ATROPELLO,10,ATROPELLO,1,URBANA,1,TRAMO DE VIA RECTA,1,IMPRUDENCIA DEL CONDUCTOR,27,CONDUCCION NO ATENTO CONDICIONES TRANSITO MOMENTO,0,COSTANERA QUILQUE,0,VOLCAN CALBUCO,COSTANERA QUILQUE - VOLCAN CALBUCO,0, , , , ,2,0,1,UNIDIRECCIONAL,1,CONCRETO,1,BUENO,1,SECO,1,DESPEJADO,0,1,0,0,1
-8053899.46926183,-4504202.31124887,2768,22102,1326147,-72.3494099,-37.4655761,77,LOS ANGELES,1,1814,2021,1326147,REGION BIO BIO,8301,LOS ANGELES,ALMAGRO, ,667,"ALMAGRO 667, LOS ANGELES",CHILE,RANGE_INTERPOLATED,2499,2021,1326147,1,2021/01/13 00:00:00+00,1899/12/30 00:00:00+00,8,REGION BIO BIO,8301,LOS ANGELES,68,CHOQUE POSTERIOR/LADO,40,CHOQUE,1,URBANA,1,TRAMO DE VIA RECTA,1,IMPRUDENCIA DEL CONDUCTOR,27,CONDUCCION NO ATENTO CONDICIONES TRANSITO MOMENTO,0,ALMAGRO,0, ,- ALMAGRO,667, , , , ,2,0,1,UNIDIRECCIONAL,2,ASFALTO,1,BUENO,1,SECO,1,DESPEJADO,0,0,0,0,2
-8055839.41176398,-4504181.83469373,2769,22103,1341380,-72.3668367,-37.4654301,77,LOS ANGELES,1,12559,2021,1341380,REGION BIO BIO,8301,LOS ANGELES,GALVARINO,LAS AZALEAS,0,"GALVARINO & LAS AZALEAS, LOS ANGELES",CHILE,GEOMETRIC_CENTER,17358,2021,1341380,1,2021/04/01 00:00:00+00,1899/12/30 00:00:00+00,8,REGION BIO BIO,8301,LOS ANGELES,31,COLISION FRONTAL,30,COLISION,1,URBANA,11,CRUCE CON SEMAFORO FUNCIONANDO,4,ALCOHOL EN CONDUCTOR,24,CONDUCCION EN ESTADO DE EBRIEDAD,0,GALVARINO,0,LAS AZALEAS,GALVARINO - LAS AZALEAS,0, , , , ,1,1,2,BIDIRECCIONAL,2,ASFALTO,1,BUENO,1,SECO,1,DESPEJADO,0,0,0,2,0