X,Y,FID,FID_1,LABELID,POINT_X,POINT_Y,FID_2,COMUNAREAL,VAL_COM,OBJECTID,A_O,IDACCIDENT,REGION,COD_COMUN,COMUNA,CALLE_UNO,CALLE_DOS,NUMERO,DIR_GEOCOD,PAIS,TIPO,OBJECTID_1,Año,Idaccide_1,Claseaccid,Fecha,Hora,Cód_Regi,Región,Cód_Comun,Comuna_1,Cód_Tipo_,Tipo_Accid,Cód_Tipo1,Tipo__CONA,Cód_Zona,Zona,Cód_Ubica,Ubicación,Cód_Causa,Causa__CON,Cód_Cau_1,Causa,Cód_Calle,Calle_Un_1,Cód_Cal_1,Calle_Do_1,Intersecci,Número,Ruta,Cód_Ruta,Ubicaci_1,Km_Vía_Fe,Pistas_de_,Pistas_de1,Cód_Calza,Calzada,Cód__Tipo,Tipo_Calza,Cód_Estad,Estado_Cal,Cód_Condi,Condición,Cód_Est_1,Estado_Atm,Fallecidos,Graves,Menos_Grav,Leves,Ilesos
-8055839.41176398,-4504181.83469373,2770,22104,1351037,-72.3668367,-37.4654301,77,LOS ANGELES,1,18712,2021,1351037,REGION BIO BIO,8301,LOS ANGELES,LAS AZALEAS,GALVARINO,0,"LAS AZALEAS & GALVARINO, LOS ANGELES",CHILE,GEOMETRIC_CENTER,25721,2021,1351037,1,2021/05/18 00:00:00+00,1899/12/30 00:00:00+00,8,REGION BIO BIO,8301,LOS ANGELES,30,COLISION,30,COLISION,1,URBANA,1,TRAMO DE VIA RECTA,1,IMPRUDENCIA DEL CONDUCTOR,27,CONDUCCION NO ATENTO CONDICIONES TRANSITO MOMENTO,0,LAS AZALEAS,0,GALVARINO,GALVARINO - LAS AZALEAS,0, , , , ,1,0,1,UNIDIRECCIONAL,1,CONCRETO,1,BUENO,1,SECO,1,DESPEJADO,0,1,0,0,1
-8055839.41176398,-4504181.83469373,2771,22105,1367960,-72.3668367,-37.4654301,77,LOS ANGELES,1,30498,2021,1367960,REGION BIO BIO,8301,LOS ANGELES,LAS AZALEAS,GALVARINO,0,"LAS AZALEAS & GALVARINO, LOS ANGELES",CHILE,GEOMETRIC_CENTER,42142,2021,1367960,1,2021/07/30 00:00:00+00,1899/12/30 00:00:00+00,8,REGION BIO BIO,8301,LOS ANGELES,32,COLISION LATERAL,30,COLISION,1,URBANA,1,TRAMO DE VIA RECTA,1,IMPRUDENCIA DEL CONDUCTOR,27,CONDUCCION NO ATENTO CONDICIONES TRANSITO MOMENTO,0,LAS AZALEAS,0,GALVARINO,GALVARINO - LAS AZALEAS,0, , , , ,1,1,2,BIDIRECCIONAL,2,ASFALTO,1,BUENO,1,SECO,1,DESPEJADO,0,0,0,0,2
-8055839.41176398,-4504181.83469373,2772,22106,1386764,-72.3668367,-37.4654301,77,LOS ANGELES,1,44173,2021,1386764,REGION BIO BIO,8301,LOS ANGELES,GALVARINO,LAS AZALEAS,0,"GALVARINO & LAS AZALEAS, LOS ANGELES",CHILE,GEOMETRIC_CENTER,60408,2021,1386764,1,2021/10/13 00:00:00+00,1899/12/30 00:00:00+00,8,REGION BIO BIO,8301,LOS ANGELES,63,CHOQUE FRENTE/POSTERIOR,40,CHOQUE,1,URBANA,1,TRAMO DE VIA RECTA,1,IMPRUDENCIA DEL CONDUCTOR,27,CONDUCCION NO ATENTO CONDICIONES TRANSITO MOMENTO,0,GALVARINO,0,LAS AZALEAS,GALVARINO - LAS AZALEAS,0, , , , ,1,1,2,BIDIRECCIONAL,1,CONCRETO,1,BUENO,1,SECO,2,NUBLADO,0,0,0,0,2
-8055839.41176398,-4504181.83469373,2773,22107,1387881,-72.3668367,-37.4654301,77,LOS ANGELES,1,44576,2021,1387881,REGION BIO BIO,8301,LOS ANGELES,LAS AZALEAS,GALVARINO,0,"LAS AZALEAS & GALVARINO, LOS ANGELES",CHILE,GEOMETRIC_CENTER,60929,2021,1387881,1,2021/10/15 00:00:00+00,1899/12/30 00:00:00+00,8,REGION BIO BIO,8301,LOS ANGELES,32,COLISION LATERAL,30,COLISION,1,URBANA,11,CRUCE CON SEMAFORO FUNCIONANDO,1,IMPRUDENCIA DEL CONDUCTOR,27,CONDUCCION NO ATENTO CONDICIONES TRANSITO MOMENTO,0,LAS AZALEAS,0,GALVARINO,GALVARINO - LAS AZALEAS,0, , , , ,1,0,1,UNIDIRECCIONAL,1,CONCRETO,1,BUENO,1,SECO,1,DESPEJADO,0,0,0,0,2
-8055839.41176398,-4504181.83469373,2774,22108,1405369,-72.3668367,-37.4654301,77,LOS ANGELES,1,57154,2021,1405369,REGION BIO BIO,8301,LOS ANGELES,GALVARINO,LAS AZALEAS,0,"GALVARINO & LAS AZALEAS, LOS ANGELES",CHILE,GEOMETRIC_CENTER,77643,2021,1405369,1,2021/12/19 00:00:00+00,1899/12/30 00:00:00+00,8,REGION BIO BIO,8301,LOS ANGELES,68,CHOQUE POSTERIOR/LADO,40,CHOQUE,1,URBANA,1,TRAMO DE VIA RECTA,1,IMPRUDENCIA DEL CONDUCTOR,27,CONDUCCION NO ATENTO CONDICIONES TRANSITO MOMENTO,0,GALVARINO,0,LAS AZALEAS,GALVARINO - LAS AZALEAS,0, , , , ,2,0,1,UNIDIRECCIONAL,2,ASFALTO,1,BUENO,1,SECO,1,DESPEJADO,0,0,0,0,2
-8056899.88576108,-4504181.73651856,2775,22109,1386276,-72.3763631,-37.4654294,77,LOS ANGELES,1,43589,2021,1386276,REGION BIO BIO,8301,LOS ANGELES,ESTANISLAO ANGUITA,AGUAS CALIENTES,0,"ESTANISLAO ANGUITA & AGUAS CALIENTES, LOS ANGELES",CHILE,GEOMETRIC_CENTER,59615,2021,1386276,1,2021/10/10 00:00:00+00,1899/12/30 00:00:00+00,8,REGION BIO BIO,8301,LOS ANGELES,51,CHOQUE FRONTAL,40,CHOQUE,1,URBANA,14,CRUCE CON SEÑAL PARE,4,ALCOHOL EN CONDUCTOR,24,CONDUCCION EN ESTADO DE EBRIEDAD,0,ESTANISLAO ANGUITA,0,AGUAS CALIENTES,AGUAS CALIENTES - ESTANISLAO ANGUITA,0, , , , ,2,2,2,BIDIRECCIONAL,1,CONCRETO,1,BUENO,1,SECO,1,DESPEJADO,0,0,0,1,0
-8055653.80877698,-4504176.65946113,2776,22110,1326258,-72.3651694,-37.4653932,77,LOS ANGELES,1,2403,2021,1326258,REGION BIO BIO,8301,LOS ANGELES,GALVARINO,LAS PRIMULAS,0,"GALVARINO & LAS PRIMULAS, LOS ANGELES",CHILE,GEOMETRIC_CENTER,3303,2021,1326258,1,2021/01/17 00:00:00+00,1899/12/30 00:00:00+00,8,REGION BIO BIO,8301,LOS ANGELES,32,COLISION LATERAL,30,COLISION,1,URBANA,16,CRUCE SIN SEÑALIZACION,1,IMPRUDENCIA DEL CONDUCTOR,27,CONDUCCION NO ATENTO CONDICIONES TRANSITO MOMENTO,0,GALVARINO,0,LAS PRIMULAS,GALVARINO - LAS PRIMULAS,0, , , , ,1,1,2,BIDIRECCIONAL,1,CONCRETO,1,BUENO,1,SECO,1,DESPEJADO,0,0,0,1,1
-8055653.80877698,-4504176.65946113,2777,22111,1355498,-72.3651694,-37.4653932,77,LOS ANGELES,1,21986,2021,1355498,REGION BIO BIO,8301,LOS ANGELES,LAS PRIMULAS,GALVARINO,0,"LAS PRIMULAS & GALVARINO, LOS ANGELES",CHILE,GEOMETRIC_CENTER,30302,2021,1355498,1,2021/06/08 00:00:00+00,1899/12/30 00:00:00+00,8,REGION BIO BIO,8301,LOS ANGELES,32,COLISION LATERAL,30,COLISION,1,URBANA,14,CRUCE CON SEÑAL PARE,10,DESOBEDIENCIA A SEÑALIZACION,65,SEÑALIZACION DESOBEDECER SEÑAL PARE,0,LAS PRIMULAS,0,GALVARINO,GALVARINO - LAS PRIMULAS,0, , , , ,1,1,2,BIDIRECCIONAL,2,ASFALTO,1,BUENO,3,MOJADO,3,LLUVIA,0,0,0,2,3
-8055653.80877698,-4504176.65946113,2778,22112,1359220,-72.3651694,-37.4653932,77,LOS ANGELES,1,24536,2021,1359220,REGION BIO BIO,8301,LOS ANGELES,GALVARINO,LAS PRIMULAS,0,"GALVARINO & LAS PRIMULAS, LOS ANGELES",CHILE,GEOMETRIC_CENTER,33829,2021,1359220,1,2021/06/24 00:00:00+00,1899/12/30 00:00:00+00,8,REGION BIO BIO,8301,LOS ANGELES,33,COLISION POR ALCANCE,30,COLISION,1,URBANA,1,TRAMO DE VIA RECTA,1,IMPRUDENCIA DEL CONDUCTOR,27,CONDUCCION NO ATENTO CONDICIONES TRANSITO MOMENTO,0,GALVARINO,0,LAS PRIMULAS,GALVARINO - LAS PRIMULAS,0, , , , ,1,1,2,BIDIRECCIONAL,2,ASFALTO,2,REGULAR,3,MOJADO,3,LLUVIA,0,0,0,0,3
-8055474.41741757,-4504172.60623196,2779,22113,1343366,-72.3635579,-37.4653643,77,LOS ANGELES,1,13768,2021,1343366,REGION BIO BIO,8301,LOS ANGELES,GALVARINO,SAN LUIS,0,"GALVARINO & SAN LUIS, LOS ANGELES",CHILE,GEOMETRIC_CENTER,19034,2021,1343366,1,2021/04/13 00:00:00+00,1899/12/30 00:00:00+00,8,REGION BIO BIO,8301,LOS ANGELES,33,COLISION POR ALCANCE,30,COLISION,1,URBANA,15,CRUCE CON SEÑAL CEDA EL PASO,1,IMPRUDENCIA DEL CONDUCTOR,27,CONDUCCION NO ATENTO CONDICIONES TRANSITO MOMENTO,0,GALVARINO,0,SAN LUIS,GALVARINO - SAN LUIS,0, , , , ,1,1,2,BIDIRECCIONAL,1,CONCRETO,1,BUENO,1,SECO,1,DESPEJADO,0,0,0,0,2
-8055474.41741757,-4504172.60623196,2780,22114,1378262,-72.3635579,-37.4653643,77,LOS ANGELES,1,37683,2021,1378262,REGION BIO BIO,8301,LOS ANGELES,GALVARINO,SAN LUIS,0,"GALVARINO & SAN LUIS, LOS ANGELES",CHILE,GEOMETRIC_CENTER,51798,2021,1378262,1,2021/09/08 00:00:00+00,1899/12/30 00:00:00+00,8,REGION BIO BIO,8301,LOS ANGELES,63,CHOQUE FRENTE/POSTERIOR,40,CHOQUE,1,URBANA,1,TRAMO DE VIA RECTA,1,IMPRUDENCIA DEL CONDUCTOR,27,CONDUCCION NO ATENTO CONDICIONES TRANSITO MOMENTO,0,GALVARINO,0,SAN LUIS,GALVARINO - SAN LUIS,0, , , , ,1,1,2,BIDIRECCIONAL,2,ASFALTO,2,REGULAR,1,SECO,1,DESPEJADO,0,0,0,0,2
-8055340.08818803,-4504172.26963168,2781,22115,1355393,-72.3623512,-37.4653619,77,LOS ANGELES,1,22026,2021,1355393,REGION BIO BIO,8301,LOS ANGELES,GALVARINO,RUIZ ALDEA,0,"GALVARINO & RUIZ ALDEA, LOS ANGELES",CHILE,GEOMETRIC_CENTER,30356,2021,1355393,1,2021/06/08 00:00:00+00,1899/12/30 00:00:00+00,8,REGION BIO BIO,8301,LOS ANGELES,31,COLISION FRONTAL,30,COLISION,1,URBANA,14,CRUCE CON SEÑAL PARE,10,DESOBEDIENCIA A SEÑALIZACION,65,SEÑALIZACION DESOBEDECER SEÑAL PARE,0,GALVARINO,0,RUIZ ALDEA,GALVARINO - RUIZ ALDEA,0, , , , ,2,2,2,BIDIRECCIONAL,2,ASFALTO,2,REGULAR,3,MOJADO,3,LLUVIA,0,0,0,0,2
-8055213.92980911,-4504169.74512995,2782,22116,1392559,-72.3612179,-37.4653439,77,LOS ANGELES,1,48006,2021,1392559,REGION BIO BIO,8301,LOS ANGELES,LOS ANGELES,GALVARINO,0,"LOS ANGELES & GALVARINO, LOS ANGELES",CHILE,GEOMETRIC_CENTER,65489,2021,1392559,1,2021/11/03 00:00:00+00,1899/12/30 00:00:00+00,8,REGION BIO BIO,8301,LOS ANGELES,63,CHOQUE FRENTE/POSTERIOR,40,CHOQUE,1,URBANA,11,CRUCE CON SEMAFORO FUNCIONANDO,1,IMPRUDENCIA DEL CONDUCTOR,27,CONDUCCION NO ATENTO CONDICIONES TRANSITO MOMENTO,0,LOS ANGELES,0,GALVARINO,GALVARINO - LOS ANGELES,0, , , , ,1,1,2,BIDIRECCIONAL,2,ASFALTO,1,BUENO,1,SECO,2,NUBLADO,0,0,0,0,2
-8055213.92980911,-4504169.74512995,2783,22117,1394327,-72.3612179,-37.4653439,77,LOS ANGELES,1,49093,2021,1394327,REGION BIO BIO,8301,LOS ANGELES,LOS ANGELES,GALVARINO,0,"LOS ANGELES & GALVARINO, LOS ANGELES",CHILE,GEOMETRIC_CENTER,66922,2021,1394327,1,2021/11/08 00:00:00+00,1899/12/30 00:00:00+00,8,REGION BIO BIO,8301,LOS ANGELES,33,COLISION POR ALCANCE,30,COLISION,1,URBANA,1,TRAMO DE VIA RECTA,13,CAUSAS NO DETERMINADAS,97,CAUSAS NO DETERMINADAS,0,LOS ANGELES,0,GALVARINO,GALVARINO - LOS ANGELES,0, , , , ,2,2,3,BIDIRECCIONAL CON BANDEJON,1,CONCRETO,1,BUENO,1,SECO,1,DESPEJADO,0,0,0,0,2
-8055213.92980911,-4504169.74512995,2784,22118,1399726,-72.3612179,-37.4653439,77,LOS ANGELES,1,53271,2021,1399726,REGION BIO BIO,8301,LOS ANGELES,LOS ANGELES,GALVARINO,0,"LOS ANGELES & GALVARINO, LOS ANGELES",CHILE,GEOMETRIC_CENTER,72421,2021,1399726,1,2021/11/29 00:00:00+00,1899/12/30 00:00:00+00,8,REGION BIO BIO,8301,LOS ANGELES,10,ATROPELLO,10,ATROPELLO,1,URBANA,1,TRAMO DE VIA RECTA,1,IMPRUDENCIA DEL CONDUCTOR,27,CONDUCCION NO ATENTO CONDICIONES TRANSITO MOMENTO,0,LOS ANGELES,0,GALVARINO,GALVARINO - LOS ANGELES,0, , , , ,2,0,1,UNIDIRECCIONAL,2,ASFALTO,1,BUENO,1,SECO,1,DESPEJADO,0,0,1,0,1
-8053296.17328147,-4504157.3470303,2785,22119,1336422,-72.3439904,-37.4652555,77,LOS ANGELES,1,9105,2021,1336422,REGION BIO BIO,8301,LOS ANGELES,ALEMANIA,BALMACEDA,0,"ALEMANIA & BALMACEDA, LOS ANGELES",CHILE,GEOMETRIC_CENTER,12710,2021,1336422,1,2021/03/06 00:00:00+00,1899/12/30 00:00:00+00,8,REGION BIO BIO,8301,LOS ANGELES,30,COLISION,30,COLISION,1,URBANA,1,TRAMO DE VIA RECTA,1,IMPRUDENCIA DEL CONDUCTOR,27,CONDUCCION NO ATENTO CONDICIONES TRANSITO MOMENTO,0,ALEMANIA,0,BALMACEDA,ALEMANIA - BALMACEDA,0, , , , ,1,1,2,BIDIRECCIONAL,1,CONCRETO,1,BUENO,1,SECO,1,DESPEJADO,0,0,0,1,1
-8053296.17328147,-4504157.3470303,2786,22120,1370980,-72.3439904,-37.4652555,77,LOS ANGELES,1,27458,2021,1370980,REGION BIO BIO,8301,LOS ANGELES,ALEMANIA,BALMACEDA,0,"ALEMANIA & BALMACEDA, LOS ANGELES",CHILE,GEOMETRIC_CENTER,37890,2021,1370980,1,2021/07/12 00:00:00+00,1899/12/30 00:00:00+00,8,REGION BIO BIO,8301,LOS ANGELES,63,CHOQUE FRENTE/POSTERIOR,40,CHOQUE,1,URBANA,11,CRUCE CON SEMAFORO FUNCIONANDO,1,IMPRUDENCIA DEL CONDUCTOR,27,CONDUCCION NO ATENTO CONDICIONES TRANSITO MOMENTO,0,ALEMANIA,0,BALMACEDA,ALEMANIA - BALMACEDA,0, , , , ,2,0,1,UNIDIRECCIONAL,1,CONCRETO,1,BUENO,1,SECO,1,DESPEJADO,0,0,0,0,3
-8053296.17328147,-4504157.3470303,2787,22121,1367103,-72.3439904,-37.4652555,77,LOS ANGELES,1,30052,2021,1367103,REGION BIO BIO,8301,LOS ANGELES,ALEMANIA,BALMACEDA,0,"ALEMANIA & BALMACEDA, LOS ANGELES",CHILE,GEOMETRIC_CENTER,41553,2021,1367103,1,2021/07/27 00:00:00+00,1899/12/30 00:00:00+00,8,REGION BIO BIO,8301,LOS ANGELES,32,COLISION LATERAL,30,COLISION,1,URBANA,11,CRUCE CON SEMAFORO FUNCIONANDO,1,IMPRUDENCIA DEL CONDUCTOR,27,CONDUCCION NO ATENTO CONDICIONES TRANSITO MOMENTO,0,ALEMANIA,0,BALMACEDA,ALEMANIA - BALMACEDA,0, , , , ,2,0,1,UNIDIRECCIONAL,2,ASFALTO,1,BUENO,1,SECO,1,DESPEJADO,0,1,3,0,0
-8053296.17328147,-4504157.3470303,2788,22122,1369466,-72.3439904,-37.4652555,77,LOS ANGELES,1,31613,2021,1369466,REGION BIO BIO,8301,LOS ANGELES,ALEMANIA,BALMACEDA,0,"ALEMANIA & BALMACEDA, LOS ANGELES",CHILE,GEOMETRIC_CENTER,43638,2021,1369466,1,2021/08/05 00:00:00+00,1899/12/30 00:00:00+00,8,REGION BIO BIO,8301,LOS ANGELES,30,COLISION,30,COLISION,1,URBANA,11,CRUCE CON SEMAFORO FUNCIONANDO,1,IMPRUDENCIA DEL CONDUCTOR,27,CONDUCCION NO ATENTO CONDICIONES TRANSITO MOMENTO,0,ALEMANIA,0,BALMACEDA,ALEMANIA - BALMACEDA,0, , , , ,2,0,1,UNIDIRECCIONAL,2,ASFALTO,1,BUENO,1,SECO,2,NUBLADO,0,0,0,0,2
-8053296.17328147,-4504157.3470303,2789,22123,1383502,-72.3439904,-37.4652555,77,LOS ANGELES,1,41667,2021,1383502,REGION BIO BIO,8301,LOS ANGELES,ALEMANIA,BALMACEDA,0,"ALEMANIA & BALMACEDA, LOS ANGELES",CHILE,GEOMETRIC_CENTER,57093,2021,1383502,1,2021/09/30 00:00:00+00,1899/12/30 00:00:00+00,8,REGION BIO BIO,8301,LOS ANGELES,63,CHOQUE FRENTE/POSTERIOR,40,CHOQUE,1,URBANA,11,CRUCE CON SEMAFORO FUNCIONANDO,1,IMPRUDENCIA DEL CONDUCTOR,27,CONDUCCION NO ATENTO CONDICIONES TRANSITO MOMENTO,0,ALEMANIA,0,BALMACEDA,ALEMANIA - BALMACEDA,0, , , , ,2,0,1,UNIDIRECCIONAL,1,CONCRETO,1,BUENO,1,SECO,1,DESPEJADO,0,0,0,0,2
-8055906.48175719,-4504148.86191399,2790,22124,1336294,-72.3674392,-37.465195,77,LOS ANGELES,1,8731,2021,1336294,REGION BIO BIO,8301,LOS ANGELES,GALVARINO, ,1317,"GALVARINO 1317, LOS ANGELES",CHILE,RANGE_INTERPOLATED,12217,2021,1336294,1,2021/03/04 00:00:00+00,1899/12/30 00:00:00+00,8,REGION BIO BIO,8301,LOS ANGELES,31,COLISION FRONTAL,30,COLISION,1,URBANA,1,TRAMO DE VIA RECTA,1,IMPRUDENCIA DEL CONDUCTOR,27,CONDUCCION NO ATENTO CONDICIONES TRANSITO MOMENTO,0,GALVARINO,0, ,- GALVARINO,1317, , , , ,1,0,1,UNIDIRECCIONAL,2,ASFALTO,1,BUENO,1,SECO,1,DESPEJADO,0,0,0,1,2
-8054187.66429154,-4504141.38660233,2791,22125,1341695,-72.3519988,-37.4651417,77,LOS ANGELES,1,12866,2021,1341695,REGION BIO BIO,8301,LOS ANGELES,LIENTUR,VALDIVIA,0,"LIENTUR & VALDIVIA, LOS ANGELES",CHILE,GEOMETRIC_CENTER,17764,2021,1341695,1,2021/04/05 00:00:00+00,1899/12/30 00:00:00+00,8,REGION BIO BIO,8301,LOS ANGELES,32,COLISION LATERAL,30,COLISION,1,URBANA,1,TRAMO DE VIA RECTA,1,IMPRUDENCIA DEL CONDUCTOR,27,CONDUCCION NO ATENTO CONDICIONES TRANSITO MOMENTO,0,LIENTUR,0,VALDIVIA,LIENTUR - VALDIVIA,0, , , , ,2,0,1,UNIDIRECCIONAL,1,CONCRETO,1,BUENO,1,SECO,1,DESPEJADO,0,0,0,0,2
-8054187.66429154,-4504141.38660233,2792,22126,1401493,-72.3519988,-37.4651417,77,LOS ANGELES,1,54352,2021,1401493,REGION BIO BIO,8301,LOS ANGELES,VALDIVIA,LIENTUR,0,"VALDIVIA & LIENTUR, LOS ANGELES",CHILE,GEOMETRIC_CENTER,73862,2021,1401493,1,2021/12/05 00:00:00+00,1899/12/30 00:00:00+00,8,REGION BIO BIO,8301,LOS ANGELES,33,COLISION POR ALCANCE,30,COLISION,1,URBANA,1,TRAMO DE VIA RECTA,1,IMPRUDENCIA DEL CONDUCTOR,27,CONDUCCION NO ATENTO CONDICIONES TRANSITO MOMENTO,0,VALDIVIA,0,LIENTUR,LIENTUR - VALDIVIA,0, , , , ,2,0,1,UNIDIRECCIONAL,1,CONCRETO,1,BUENO,1,SECO,1,DESPEJADO,0,0,0,0,2
-8054372.88879227,-4504140.29265473,2793,22127,1362782,-72.3536627,-37.4651339,77,LOS ANGELES,1,27166,2021,1362782,REGION BIO BIO,8301,LOS ANGELES,MENDOZA,LIENTUR,0,"MENDOZA & LIENTUR, LOS ANGELES",CHILE,GEOMETRIC_CENTER,37446,2021,1362782,1,2021/07/10 00:00:00+00,1899/12/30 00:00:00+00,8,REGION BIO BIO,8301,LOS ANGELES,32,COLISION LATERAL,30,COLISION,1,URBANA,11,CRUCE CON SEMAFORO FUNCIONANDO,10,DESOBEDIENCIA A SEÑALIZACION,62,SEÑALIZACION DESOBEDECER LUZ ROJA DE SEMAFORO,0,MENDOZA,0,LIENTUR,LIENTUR - MENDOZA,0, , , , ,1,0,1,UNIDIRECCIONAL,1,CONCRETO,1,BUENO,1,SECO,1,DESPEJADO,0,1,0,2,1
-8054372.88879227,-4504140.29265473,2794,22128,1380698,-72.3536627,-37.4651339,77,LOS ANGELES,1,39461,2021,1380698,REGION BIO BIO,8301,LOS ANGELES,MENDOZA,LIENTUR,0,"MENDOZA & LIENTUR, LOS ANGELES",CHILE,GEOMETRIC_CENTER,54188,2021,1380698,1,2021/09/17 00:00:00+00,1899/12/30 00:00:00+00,8,REGION BIO BIO,8301,LOS ANGELES,30,COLISION,30,COLISION,1,URBANA,11,CRUCE CON SEMAFORO FUNCIONANDO,10,DESOBEDIENCIA A SEÑALIZACION,62,SEÑALIZACION DESOBEDECER LUZ ROJA DE SEMAFORO,0,MENDOZA,0,LIENTUR,LIENTUR - MENDOZA,0, , , , ,2,0,1,UNIDIRECCIONAL,1,CONCRETO,1,BUENO,1,SECO,1,DESPEJADO,0,0,0,0,2
-8054372.88879227,-4504140.29265473,2795,22129,1385785,-72.3536627,-37.4651339,77,LOS ANGELES,1,43300,2021,1385785,REGION BIO BIO,8301,LOS ANGELES,MENDOZA,LIENTUR,0,"MENDOZA & LIENTUR, LOS ANGELES",CHILE,GEOMETRIC_CENTER,59216,2021,1385785,1,2021/10/08 00:00:00+00,1899/12/30 00:00:00+00,8,REGION BIO BIO,8301,LOS ANGELES,32,COLISION LATERAL,30,COLISION,1,URBANA,11,CRUCE CON SEMAFORO FUNCIONANDO,10,DESOBEDIENCIA A SEÑALIZACION,62,SEÑALIZACION DESOBEDECER LUZ ROJA DE SEMAFORO,0,MENDOZA,0,LIENTUR,LIENTUR - MENDOZA,0, , , , ,2,0,1,UNIDIRECCIONAL,2,ASFALTO,1,BUENO,1,SECO,1,DESPEJADO,0,0,0,0,2
-8054372.88879227,-4504140.29265473,2796,22130,1397708,-72.3536627,-37.4651339,77,LOS ANGELES,1,50773,2021,1397708,REGION BIO BIO,8301,LOS ANGELES,LIENTUR,MENDOZA,0,"LIENTUR & MENDOZA, LOS ANGELES",CHILE,GEOMETRIC_CENTER,69132,2021,1397708,1,2021/11/17 00:00:00+00,1899/12/30 00:00:00+00,8,REGION BIO BIO,8301,LOS ANGELES,31,COLISION FRONTAL,30,COLISION,1,URBANA,11,CRUCE CON SEMAFORO FUNCIONANDO,10,DESOBEDIENCIA A SEÑALIZACION,62,SEÑALIZACION DESOBEDECER LUZ ROJA DE SEMAFORO,0,LIENTUR,0,MENDOZA,LIENTUR - MENDOZA,0, , , , ,1,0,1,UNIDIRECCIONAL,2,ASFALTO,1,BUENO,1,SECO,1,DESPEJADO,0,0,0,0,2
-8053904.72354179,-4504138.77795824,2797,22131,1336742,-72.3494571,-37.4651231,77,LOS ANGELES,1,9502,2021,1336742,REGION BIO BIO,8301,LOS ANGELES,LIENTUR,ALMAGRO,0,"LIENTUR & ALMAGRO, LOS ANGELES",CHILE,GEOMETRIC_CENTER,13251,2021,1336742,1,2021/03/09 00:00:00+00,1899/12/30 00:00:00+00,8,REGION BIO BIO,8301,LOS ANGELES,10,ATROPELLO,10,ATROPELLO,1,URBANA,11,CRUCE CON SEMAFORO FUNCIONANDO,1,IMPRUDENCIA DEL CONDUCTOR,27,CONDUCCION NO ATENTO CONDICIONES TRANSITO MOMENTO,0,LIENTUR,0,ALMAGRO,ALMAGRO - LIENTUR,0, , , , ,1,1,2,BIDIRECCIONAL,1,CONCRETO,1,BUENO,1,SECO,1,DESPEJADO,0,0,0,1,1
-8053904.72354179,-4504138.77795824,2798,22132,1383351,-72.3494571,-37.4651231,77,LOS ANGELES,1,41390,2021,1383351,REGION BIO BIO,8301,LOS ANGELES,LIENTUR,ALMAGRO,0,"LIENTUR & ALMAGRO, LOS ANGELES",CHILE,GEOMETRIC_CENTER,56746,2021,1383351,1,2021/09/29 00:00:00+00,1899/12/30 00:00:00+00,8,REGION BIO BIO,8301,LOS ANGELES,32,COLISION LATERAL,30,COLISION,1,URBANA,11,CRUCE CON SEMAFORO FUNCIONANDO,1,IMPRUDENCIA DEL CONDUCTOR,27,CONDUCCION NO ATENTO CONDICIONES TRANSITO MOMENTO,0,LIENTUR,0,ALMAGRO,ALMAGRO - LIENTUR,0, , , , ,2,0,1,UNIDIRECCIONAL,1,CONCRETO,1,BUENO,1,SECO,1,DESPEJADO,0,0,0,3,0
-8054033.83188721,-4504137.26326197,2799,22133,1347557,-72.3506169,-37.4651123,77,LOS ANGELES,1,16850,2021,1347557,REGION BIO BIO,8301,LOS ANGELES,LIENTUR,COLON,0,"LIENTUR & COLON, LOS ANGELES",CHILE,GEOMETRIC_CENTER,23241,2021,1347557,1,2021/05/06 00:00:00+00,1899/12/30 00:00:00+00,8,REGION BIO BIO,8301,LOS ANGELES,32,COLISION LATERAL,30,COLISION,1,URBANA,11,CRUCE CON SEMAFORO FUNCIONANDO,1,IMPRUDENCIA DEL CONDUCTOR,27,CONDUCCION NO ATENTO CONDICIONES TRANSITO MOMENTO,0,LIENTUR,0,COLON,COLON - LIENTUR,0, , , , ,2,0,1,UNIDIRECCIONAL,2,ASFALTO,1,BUENO,1,SECO,1,DESPEJADO,0,0,0,2,1
-8053353.80338186,-4504133.92532096,2800,22134,1353203,-72.3445081,-37.4650885,77,LOS ANGELES,1,20594,2021,1353203,REGION BIO BIO,8301,LOS ANGELES,COSTANERA QUILQUE, ,274,"COSTANERA QUILQUE 274, LOS ANGELES",CHILE,RANGE_INTERPOLATED,28384,2021,1353203,1,2021/05/31 00:00:00+00,1899/12/30 00:00:00+00,8,REGION BIO BIO,8301,LOS ANGELES,63,CHOQUE FRENTE/POSTERIOR,40,CHOQUE,1,URBANA,1,TRAMO DE VIA RECTA,1,IMPRUDENCIA DEL CONDUCTOR,27,CONDUCCION NO ATENTO CONDICIONES TRANSITO MOMENTO,0,COSTANERA QUILQUE,0, ,- COSTANERA QUILQUE,274, , , , ,1,1,2,BIDIRECCIONAL,1,CONCRETO,1,BUENO,3,MOJADO,2,NUBLADO,0,0,0,0,2