X,Y,FID,FID_1,LABELID,POINT_X,POINT_Y,FID_2,COMUNAREAL,VAL_COM,OBJECTID,A_O,IDACCIDENT,REGION,COD_COMUN,COMUNA,CALLE_UNO,CALLE_DOS,NUMERO,DIR_GEOCOD,PAIS,TIPO,OBJECTID_1,Año,Idaccide_1,Claseaccid,Fecha,Hora,Cód_Regi,Región,Cód_Comun,Comuna_1,Cód_Tipo_,Tipo_Accid,Cód_Tipo1,Tipo__CONA,Cód_Zona,Zona,Cód_Ubica,Ubicación,Cód_Causa,Causa__CON,Cód_Cau_1,Causa,Cód_Calle,Calle_Un_1,Cód_Cal_1,Calle_Do_1,Intersecci,Número,Ruta,Cód_Ruta,Ubicaci_1,Km_Vía_Fe,Pistas_de_,Pistas_de1,Cód_Calza,Calzada,Cód__Tipo,Tipo_Calza,Cód_Estad,Estado_Cal,Cód_Condi,Condición,Cód_Est_1,Estado_Atm,Fallecidos,Graves,Menos_Grav,Leves,Ilesos
-8088611.85872157,-4509993.24143677,2801,25001,1379677,-72.6612366,-37.5068546,79,NACIMIENTO,1,38352,2021,1379677,REGION BIO BIO,8306,NACIMIENTO,OCTAVIO JARA WOLF,ESTACION,0,"OCTAVIO JARA WOLF & ESTACION, NACIMIENTO",CHILE,GEOMETRIC_CENTER,52673,2021,1379677,1,2021/09/11 00:00:00+00,1899/12/30 00:00:00+00,8,REGION BIO BIO,8306,NACIMIENTO,30,COLISION,30,COLISION,1,URBANA,14,CRUCE CON SEÑAL PARE,4,ALCOHOL EN CONDUCTOR,24,CONDUCCION EN ESTADO DE EBRIEDAD,0,OCTAVIO JARA WOLF,0,ESTACION,ESTACION - OCTAVIO JARA WOLF,0, , , , ,1,1,2,BIDIRECCIONAL,2,ASFALTO,1,BUENO,3,MOJADO,1,DESPEJADO,0,0,0,0,2
-8090807.71360111,-4509942.80766408,2802,25002,1330057,-72.6809623,-37.5064952,79,NACIMIENTO,1,930,2021,1330057,REGION BIO BIO,8306,NACIMIENTO,JULIO HEMMELMANN, ,1090,"JULIO HEMMELMANN 1090, NACIMIENTO",CHILE,RANGE_INTERPOLATED,1273,2021,1330057,1,2021/01/07 00:00:00+00,1899/12/30 00:00:00+00,8,REGION BIO BIO,8306,NACIMIENTO,32,COLISION LATERAL,30,COLISION,1,URBANA,1,TRAMO DE VIA RECTA,1,IMPRUDENCIA DEL CONDUCTOR,32,NO RESPETAR DERECHO PREFERENTE DE PASO A VEHICULO,0,JULIO HEMMELMANN,0, ,- JULIO HEMMELMANN,1090, , , , ,1,1,2,BIDIRECCIONAL,2,ASFALTO,1,BUENO,1,SECO,1,DESPEJADO,0,0,0,1,1
-8090807.71360111,-4509942.80766408,2803,25003,1331282,-72.6809623,-37.5064952,79,NACIMIENTO,1,5474,2021,1331282,REGION BIO BIO,8306,NACIMIENTO,JULIO HEMMELMANN, ,1060,"JULIO HEMMELMANN 1060, NACIMIENTO",CHILE,RANGE_INTERPOLATED,7646,2021,1331282,1,2021/02/09 00:00:00+00,1899/12/30 00:00:00+00,8,REGION BIO BIO,8306,NACIMIENTO,30,COLISION,30,COLISION,1,URBANA,2,TRAMO DE VIA CURVA HORIZONTAL,1,IMPRUDENCIA DEL CONDUCTOR,27,CONDUCCION NO ATENTO CONDICIONES TRANSITO MOMENTO,0,JULIO HEMMELMANN,0, ,- JULIO HEMMELMANN,1060, , , , ,1,1,2,BIDIRECCIONAL,2,ASFALTO,1,BUENO,1,SECO,1,DESPEJADO,0,0,0,1,1
-8090807.71360111,-4509942.80766408,2804,25004,1341922,-72.6809623,-37.5064952,79,NACIMIENTO,1,12441,2021,1341922,REGION BIO BIO,8306,NACIMIENTO,JULIO HEMMELMANN, ,1115,"JULIO HEMMELMANN 1115, NACIMIENTO",CHILE,RANGE_INTERPOLATED,17207,2021,1341922,1,2021/04/01 00:00:00+00,1899/12/30 00:00:00+00,8,REGION BIO BIO,8306,NACIMIENTO,30,COLISION,30,COLISION,1,URBANA,1,TRAMO DE VIA RECTA,1,IMPRUDENCIA DEL CONDUCTOR,91,VIRAJES INDEBIDOS,0,JULIO HEMMELMANN,0, ,- JULIO HEMMELMANN,1115, , , , ,1,1,2,BIDIRECCIONAL,2,ASFALTO,1,BUENO,1,SECO,1,DESPEJADO,0,0,0,0,2
-8090807.71360111,-4509942.80766408,2805,25005,1359061,-72.6809623,-37.5064952,79,NACIMIENTO,1,24936,2021,1359061,REGION BIO BIO,8306,NACIMIENTO,JULIO HEMMELMANN, ,908,"JULIO HEMMELMANN 908, NACIMIENTO",CHILE,RANGE_INTERPOLATED,34398,2021,1359061,1,2021/06/27 00:00:00+00,1899/12/30 00:00:00+00,8,REGION BIO BIO,8306,NACIMIENTO,50,CHOQUE,40,CHOQUE,1,URBANA,3,TRAMO DE VIA CURVA VERTICAL,7,VELOCIDAD IMPRUDENTE,72,VELOCIDAD NO RAZONABLE NI PRUDENTE,0,JULIO HEMMELMANN,0, ,- JULIO HEMMELMANN,908, , , , ,1,1,2,BIDIRECCIONAL,2,ASFALTO,2,REGULAR,7,ESCARCHA,2,NUBLADO,0,0,0,1,0
-8090807.71360111,-4509942.80766408,2806,25006,1359058,-72.6809623,-37.5064952,79,NACIMIENTO,1,24937,2021,1359058,REGION BIO BIO,8306,NACIMIENTO,JULIO HEMMELMANN, ,908,"JULIO HEMMELMANN 908, NACIMIENTO",CHILE,RANGE_INTERPOLATED,34400,2021,1359058,1,2021/06/27 00:00:00+00,1899/12/30 00:00:00+00,8,REGION BIO BIO,8306,NACIMIENTO,50,CHOQUE,40,CHOQUE,1,URBANA,3,TRAMO DE VIA CURVA VERTICAL,7,VELOCIDAD IMPRUDENTE,72,VELOCIDAD NO RAZONABLE NI PRUDENTE,0,JULIO HEMMELMANN,0, ,- JULIO HEMMELMANN,908, , , , ,1,1,2,BIDIRECCIONAL,2,ASFALTO,2,REGULAR,7,ESCARCHA,2,NUBLADO,0,0,0,0,2
-8090807.71360111,-4509942.80766408,2807,25007,1391433,-72.6809623,-37.5064952,79,NACIMIENTO,1,47428,2021,1391433,REGION BIO BIO,8306,NACIMIENTO,JULIO HEMMELMANN, ,1036,"JULIO HEMMELMANN 1036, NACIMIENTO",CHILE,RANGE_INTERPOLATED,64698,2021,1391433,1,2021/10/31 00:00:00+00,1899/12/30 00:00:00+00,8,REGION BIO BIO,8306,NACIMIENTO,33,COLISION POR ALCANCE,30,COLISION,1,URBANA,1,TRAMO DE VIA RECTA,1,IMPRUDENCIA DEL CONDUCTOR,27,CONDUCCION NO ATENTO CONDICIONES TRANSITO MOMENTO,0,JULIO HEMMELMANN,0, ,- JULIO HEMMELMANN,1036, , , , ,1,1,2,BIDIRECCIONAL,2,ASFALTO,1,BUENO,1,SECO,1,DESPEJADO,0,0,0,0,2
-8091429.59993643,-4509937.91024055,2808,25008,1401705,-72.6865488,-37.5064603,79,NACIMIENTO,1,54400,2021,1401705,REGION BIO BIO,8306,NACIMIENTO,INGO YUNGUE,BARTOLOME SEPULVEDA,0,"INGO YUNGUE & BARTOLOME SEPULVEDA, NACIMIENTO",CHILE,GEOMETRIC_CENTER,73928,2021,1401705,1,2021/12/05 00:00:00+00,1899/12/30 00:00:00+00,8,REGION BIO BIO,8306,NACIMIENTO,31,COLISION FRONTAL,30,COLISION,1,URBANA,15,CRUCE CON SEÑAL CEDA EL PASO,10,DESOBEDIENCIA A SEÑALIZACION,64,SEÑALIZACION DESOBEDECER SEÑAL CEDA EL PASO,0,INGO YUNGUE,0,BARTOLOME SEPULVEDA,BARTOLOME SEPULVEDA - INGO YUNGUE,0, , , , ,1,1,2,BIDIRECCIONAL,1,CONCRETO,1,BUENO,1,SECO,1,DESPEJADO,0,0,0,0,2
-8090791.40529571,-4509918.55912525,2809,25009,1406427,-72.6808158,-37.5063224,79,NACIMIENTO,1,57655,2021,1406427,REGION BIO BIO,8306,NACIMIENTO,JULIO HEMMELMANN, ,955,"JULIO HEMMELMANN 955, NACIMIENTO",CHILE,RANGE_INTERPOLATED,78290,2021,1406427,1,2021/12/22 00:00:00+00,1899/12/30 00:00:00+00,8,REGION BIO BIO,8306,NACIMIENTO,70,VOLCADURA,70,VOLCADURA,1,URBANA,1,TRAMO DE VIA RECTA,14,OTRAS CAUSAS,98,OTRAS CAUSAS,0,JULIO HEMMELMANN,0, ,- JULIO HEMMELMANN,955, , , , ,1,1,2,BIDIRECCIONAL,2,ASFALTO,1,BUENO,1,SECO,1,DESPEJADO,0,0,0,1,0
-8087983.98339765,-4509802.57947705,2810,25010,1397970,-72.6555963,-37.5054959,79,NACIMIENTO,1,51424,2021,1397970,REGION BIO BIO,8306,NACIMIENTO,ESTADIO,COSTANERA,0,"ESTADIO & COSTANERA, NACIMIENTO",CHILE,GEOMETRIC_CENTER,69952,2021,1397970,1,2021/11/20 00:00:00+00,1899/12/30 00:00:00+00,8,REGION BIO BIO,8306,NACIMIENTO,50,CHOQUE,40,CHOQUE,1,URBANA,1,TRAMO DE VIA RECTA,13,CAUSAS NO DETERMINADAS,97,CAUSAS NO DETERMINADAS,0,ESTADIO,0,COSTANERA,COSTANERA - ESTADIO,0, , , , ,1,1,2,BIDIRECCIONAL,1,CONCRETO,1,BUENO,1,SECO,1,DESPEJADO,0,0,0,0,1
-8088609.15365795,-4509793.93543127,2811,25011,1381891,-72.6612123,-37.5054343,79,NACIMIENTO,1,40640,2021,1381891,REGION BIO BIO,8306,NACIMIENTO,ESTACION, ,315,"ESTACION 315, NACIMIENTO",CHILE,RANGE_INTERPOLATED,55769,2021,1381891,1,2021/09/24 00:00:00+00,1899/12/30 00:00:00+00,8,REGION BIO BIO,8306,NACIMIENTO,31,COLISION FRONTAL,30,COLISION,1,URBANA,1,TRAMO DE VIA RECTA,1,IMPRUDENCIA DEL CONDUCTOR,27,CONDUCCION NO ATENTO CONDICIONES TRANSITO MOMENTO,0,ESTACION,0, ,- ESTACION,315, , , , ,1,1,2,BIDIRECCIONAL,2,ASFALTO,2,REGULAR,1,SECO,2,NUBLADO,0,0,1,3,1
-8091411.90013739,-4509792.6725031,2812,25012,1331579,-72.6863898,-37.5054253,79,NACIMIENTO,1,6153,2021,1331579,REGION BIO BIO,8306,NACIMIENTO,BARTOLOME SEPULVEDA, ,814,"BARTOLOME SEPULVEDA 814, NACIMIENTO",CHILE,RANGE_INTERPOLATED,8578,2021,1331579,1,2021/02/14 00:00:00+00,1899/12/30 00:00:00+00,8,REGION BIO BIO,8306,NACIMIENTO,50,CHOQUE,40,CHOQUE,1,URBANA,1,TRAMO DE VIA RECTA,4,ALCOHOL EN CONDUCTOR,24,CONDUCCION EN ESTADO DE EBRIEDAD,0,BARTOLOME SEPULVEDA,0, ,- BARTOLOME SEPULVEDA,814, , , , ,1,1,2,BIDIRECCIONAL,1,CONCRETO,1,BUENO,1,SECO,1,DESPEJADO,0,0,0,0,1
-8091692.26940691,-4509739.26481346,2813,25013,1397954,-72.6889084,-37.5050447,79,NACIMIENTO,1,51160,2021,1397954,REGION BIO BIO,8306,NACIMIENTO,VICTOR TOLEDO, ,1,"VICTOR TOLEDO 1, NACIMIENTO",CHILE,RANGE_INTERPOLATED,69613,2021,1397954,1,2021/11/19 00:00:00+00,1899/12/30 00:00:00+00,8,REGION BIO BIO,8306,NACIMIENTO,70,VOLCADURA,70,VOLCADURA,1,URBANA,1,TRAMO DE VIA RECTA,7,VELOCIDAD IMPRUDENTE,72,VELOCIDAD NO RAZONABLE NI PRUDENTE,0,VICTOR TOLEDO,0, ,- VICTOR TOLEDO,1, , , , ,2,0,1,UNIDIRECCIONAL,1,CONCRETO,1,BUENO,1,SECO,1,DESPEJADO,0,0,0,1,0
-8089772.72063546,-4509709.22135363,2814,25014,1357605,-72.6716648,-37.5048306,79,NACIMIENTO,1,24084,2021,1357605,REGION BIO BIO,8306,NACIMIENTO,GENERAL PRIETO,SANTA MARGARITA,0,"GENERAL PRIETO & SANTA MARGARITA, NACIMIENTO",CHILE,GEOMETRIC_CENTER,33204,2021,1357605,1,2021/06/21 00:00:00+00,1899/12/30 00:00:00+00,8,REGION BIO BIO,8306,NACIMIENTO,30,COLISION,30,COLISION,1,URBANA,14,CRUCE CON SEÑAL PARE,10,DESOBEDIENCIA A SEÑALIZACION,65,SEÑALIZACION DESOBEDECER SEÑAL PARE,0,GENERAL PRIETO,0,SANTA MARGARITA,GENERAL PRIETO - SANTA MARGARITA,0, , , , ,1,1,2,BIDIRECCIONAL,1,CONCRETO,2,REGULAR,3,MOJADO,3,LLUVIA,0,0,0,2,2
-8090708.03812906,-4509693.58924654,2815,25015,1368909,-72.6800669,-37.5047192,79,NACIMIENTO,1,30888,2021,1368909,REGION BIO BIO,8306,NACIMIENTO,ARTURO ALESSANDRI, ,1140,"ARTURO ALESSANDRI 1140, NACIMIENTO",CHILE,RANGE_INTERPOLATED,42719,2021,1368909,1,2021/08/01 00:00:00+00,1899/12/30 00:00:00+00,8,REGION BIO BIO,8306,NACIMIENTO,50,CHOQUE,40,CHOQUE,1,URBANA,1,TRAMO DE VIA RECTA,4,ALCOHOL EN CONDUCTOR,21,CONDUCCION BAJO LA INFLUENCIA DEL ALCOHOL,0,ARTURO ALESSANDRI,0, ,- ARTURO ALESSANDRI,1140, , , , ,1,1,2,BIDIRECCIONAL,1,CONCRETO,1,BUENO,1,SECO,1,DESPEJADO,0,0,0,1,1
-8089970.91385687,-4509651.56228792,2816,25016,1377854,-72.6734452,-37.5044197,79,NACIMIENTO,1,37325,2021,1377854,REGION BIO BIO,8306,NACIMIENTO,ANIBAL PINTO,SANTA MARGARITA,0,"ANIBAL PINTO & SANTA MARGARITA, NACIMIENTO",CHILE,GEOMETRIC_CENTER,51322,2021,1377854,1,2021/09/06 00:00:00+00,1899/12/30 00:00:00+00,8,REGION BIO BIO,8306,NACIMIENTO,30,COLISION,30,COLISION,1,URBANA,14,CRUCE CON SEÑAL PARE,7,VELOCIDAD IMPRUDENTE,73,"VELOCIDAD NO REDUCIR CRUCE DE CALLES, CUMBRE, CURVA, ETC.",0,ANIBAL PINTO,0,SANTA MARGARITA,ANIBAL PINTO - SANTA MARGARITA,0, , , , ,2,0,1,UNIDIRECCIONAL,1,CONCRETO,1,BUENO,3,MOJADO,3,LLUVIA,0,0,0,0,2
-8089970.91385687,-4509651.56228792,2817,25017,1386865,-72.6734452,-37.5044197,79,NACIMIENTO,1,43499,2021,1386865,REGION BIO BIO,8306,NACIMIENTO,ANIBAL PINTO, ,107,"ANIBAL PINTO 107, NACIMIENTO",CHILE,RANGE_INTERPOLATED,59493,2021,1386865,1,2021/10/09 00:00:00+00,1899/12/30 00:00:00+00,8,REGION BIO BIO,8306,NACIMIENTO,50,CHOQUE,40,CHOQUE,1,URBANA,1,TRAMO DE VIA RECTA,9,PERDIDA CONTROL VEHICULO,95,PERDIDA CONTROL VEHICULO,0,ANIBAL PINTO,0, ,- ANIBAL PINTO,107, , , , ,1,1,2,BIDIRECCIONAL,1,CONCRETO,1,BUENO,1,SECO,1,DESPEJADO,0,0,0,1,0
-8090163.60789543,-4509608.94614177,2818,25018,1399060,-72.6751762,-37.504116,79,NACIMIENTO,1,52443,2021,1399060,REGION BIO BIO,8306,NACIMIENTO,ARTURO ALESSANDRI, ,1060,"ARTURO ALESSANDRI 1060, NACIMIENTO",CHILE,RANGE_INTERPOLATED,71291,2021,1399060,1,2021/11/25 00:00:00+00,1899/12/30 00:00:00+00,8,REGION BIO BIO,8306,NACIMIENTO,50,CHOQUE,40,CHOQUE,1,URBANA,1,TRAMO DE VIA RECTA,1,IMPRUDENCIA DEL CONDUCTOR,27,CONDUCCION NO ATENTO CONDICIONES TRANSITO MOMENTO,0,ARTURO ALESSANDRI,0, ,- ARTURO ALESSANDRI,1060, , , , ,1,1,2,BIDIRECCIONAL,1,CONCRETO,1,BUENO,1,SECO,1,DESPEJADO,0,0,0,0,1
-8091577.19844927,-4509593.01950669,2819,25019,1365111,-72.6878747,-37.5040025,79,NACIMIENTO,1,28536,2021,1365111,REGION BIO BIO,8306,NACIMIENTO,SANTIAGO ROMERO, ,1056,"SANTIAGO ROMERO 1056, NACIMIENTO",CHILE,RANGE_INTERPOLATED,39429,2021,1365111,1,2021/07/19 00:00:00+00,1899/12/30 00:00:00+00,8,REGION BIO BIO,8306,NACIMIENTO,50,CHOQUE,40,CHOQUE,1,URBANA,1,TRAMO DE VIA RECTA,1,IMPRUDENCIA DEL CONDUCTOR,27,CONDUCCION NO ATENTO CONDICIONES TRANSITO MOMENTO,0,SANTIAGO ROMERO,0, ,- SANTIAGO ROMERO,1056, , , , ,1,1,2,BIDIRECCIONAL,1,CONCRETO,1,BUENO,2,HUMEDO,1,DESPEJADO,0,0,0,0,2
-8090124.27871934,-4509560.71727801,2820,25020,1362676,-72.6748229,-37.5037723,79,NACIMIENTO,1,27501,2021,1362676,REGION BIO BIO,8306,NACIMIENTO,BAQUEDANO, ,667,"BAQUEDANO 667, NACIMIENTO",CHILE,RANGE_INTERPOLATED,37949,2021,1362676,1,2021/07/12 00:00:00+00,1899/12/30 00:00:00+00,8,REGION BIO BIO,8306,NACIMIENTO,40,IMPACTO CON ANIMAL,99,OTRO TIPO,1,URBANA,1,TRAMO DE VIA RECTA,11,DEFICIENCIAS VIALES,92,ANIMALES SUELTOS VIA PUBLICA,0,BAQUEDANO,0, ,- BAQUEDANO,667, , , , ,1,1,2,BIDIRECCIONAL,1,CONCRETO,1,BUENO,1,SECO,1,DESPEJADO,0,0,0,0,1
-8089906.88288577,-4509526.15596812,2821,25021,1385338,-72.67287,-37.503526,79,NACIMIENTO,1,42343,2021,1385338,REGION BIO BIO,8306,NACIMIENTO,ERRAZURIZ, ,485,"ERRAZURIZ 485, NACIMIENTO",CHILE,RANGE_INTERPOLATED,58012,2021,1385338,1,2021/10/03 00:00:00+00,1899/12/30 00:00:00+00,8,REGION BIO BIO,8306,NACIMIENTO,50,CHOQUE,40,CHOQUE,1,URBANA,1,TRAMO DE VIA RECTA,1,IMPRUDENCIA DEL CONDUCTOR,28,CONDUCCION SIN MANTENER DISTANCIA RAZONABLE NI PRUDENTE,0,ERRAZURIZ,0, ,- ERRAZURIZ,485, , , , ,2,0,1,UNIDIRECCIONAL,1,CONCRETO,1,BUENO,1,SECO,1,DESPEJADO,0,0,0,0,2
-8089682.44052843,-4509373.38876685,2822,25022,1330024,-72.6708538,-37.5024373,79,NACIMIENTO,1,2253,2021,1330024,REGION BIO BIO,8306,NACIMIENTO,PRIETO,FREIRE,0,"PRIETO & FREIRE, NACIMIENTO",CHILE,GEOMETRIC_CENTER,3090,2021,1330024,1,2021/01/16 00:00:00+00,1899/12/30 00:00:00+00,8,REGION BIO BIO,8306,NACIMIENTO,32,COLISION LATERAL,30,COLISION,1,URBANA,14,CRUCE CON SEÑAL PARE,10,DESOBEDIENCIA A SEÑALIZACION,65,SEÑALIZACION DESOBEDECER SEÑAL PARE,0,PRIETO,0,FREIRE,FREIRE - PRIETO,0, , , , ,2,0,1,UNIDIRECCIONAL,1,CONCRETO,1,BUENO,1,SECO,1,DESPEJADO,0,0,0,0,2
-8091204.11117588,-4509346.43338185,2823,25023,1386892,-72.6845232,-37.5022452,79,NACIMIENTO,1,44043,2021,1386892,REGION BIO BIO,8306,NACIMIENTO,MAURICIO GLEINSNER,JULIO HEMMELMANN,0,"MAURICIO GLEINSNER & JULIO HEMMELMANN, NACIMIENTO",CHILE,GEOMETRIC_CENTER,60250,2021,1386892,1,2021/10/12 00:00:00+00,1899/12/30 00:00:00+00,8,REGION BIO BIO,8306,NACIMIENTO,30,COLISION,30,COLISION,1,URBANA,14,CRUCE CON SEÑAL PARE,4,ALCOHOL EN CONDUCTOR,24,CONDUCCION EN ESTADO DE EBRIEDAD,0,MAURICIO GLEINSNER,0,JULIO HEMMELMANN,JULIO HEMMELMANN - MAURICIO GLEINSNER,0, , , , ,1,1,2,BIDIRECCIONAL,2,ASFALTO,1,BUENO,1,SECO,1,DESPEJADO,0,0,0,2,0
-8091204.11117588,-4509346.43338185,2824,25024,1397964,-72.6845232,-37.5022452,79,NACIMIENTO,1,51175,2021,1397964,REGION BIO BIO,8306,NACIMIENTO,JULIO HEMMELMANN,MAURICIO GLEISNER,0,"JULIO HEMMELMANN & MAURICIO GLEISNER, NACIMIENTO",CHILE,GEOMETRIC_CENTER,69637,2021,1397964,1,2021/11/19 00:00:00+00,1899/12/30 00:00:00+00,8,REGION BIO BIO,8306,NACIMIENTO,30,COLISION,30,COLISION,1,URBANA,14,CRUCE CON SEÑAL PARE,4,ALCOHOL EN CONDUCTOR,24,CONDUCCION EN ESTADO DE EBRIEDAD,0,JULIO HEMMELMANN,0,MAURICIO GLEISNER,JULIO HEMMELMANN - MAURICIO GLEISNER,0, , , , ,1,1,2,BIDIRECCIONAL,2,ASFALTO,1,BUENO,1,SECO,1,DESPEJADO,0,0,0,0,2
-8089875.72456029,-4509338.43518101,2825,25025,1404595,-72.6725901,-37.5021882,79,NACIMIENTO,1,56470,2021,1404595,REGION BIO BIO,8306,NACIMIENTO,ANIBAL PINTO,FREIRE,0,"ANIBAL PINTO & FREIRE, NACIMIENTO",CHILE,GEOMETRIC_CENTER,76745,2021,1404595,1,2021/12/16 00:00:00+00,1899/12/30 00:00:00+00,8,REGION BIO BIO,8306,NACIMIENTO,33,COLISION POR ALCANCE,30,COLISION,1,URBANA,14,CRUCE CON SEÑAL PARE,1,IMPRUDENCIA DEL CONDUCTOR,27,CONDUCCION NO ATENTO CONDICIONES TRANSITO MOMENTO,0,ANIBAL PINTO,0,FREIRE,ANIBAL PINTO - FREIRE,0, , , , ,1,1,2,BIDIRECCIONAL,1,CONCRETO,1,BUENO,1,SECO,1,DESPEJADO,0,0,0,1,1
-8090035.02275162,-4509310.72216392,2826,25026,1372052,-72.6740211,-37.5019907,79,NACIMIENTO,1,32847,2021,1372052,REGION BIO BIO,8306,NACIMIENTO,BAQUEDANO,FREIRE,0,"BAQUEDANO & FREIRE, NACIMIENTO",CHILE,GEOMETRIC_CENTER,45316,2021,1372052,1,2021/08/12 00:00:00+00,1899/12/30 00:00:00+00,8,REGION BIO BIO,8306,NACIMIENTO,30,COLISION,30,COLISION,1,URBANA,14,CRUCE CON SEÑAL PARE,12,FALLAS MECANICAS,5,FALLAS MECANICAS NEUMATICOS,0,BAQUEDANO,0,FREIRE,BAQUEDANO - FREIRE,0, , , , ,1,1,2,BIDIRECCIONAL,1,CONCRETO,2,REGULAR,1,SECO,1,DESPEJADO,0,0,0,1,2
-8091873.00773216,-4509272.44324112,2827,25027,1365578,-72.690532,-37.5017179,79,NACIMIENTO,1,29552,2021,1365578,REGION BIO BIO,8306,NACIMIENTO,MARTA HERNANDEZ, ,1140,"MARTA HERNANDEZ 1140, NACIMIENTO",CHILE,RANGE_INTERPOLATED,40866,2021,1365578,1,2021/07/25 00:00:00+00,1899/12/30 00:00:00+00,8,REGION BIO BIO,8306,NACIMIENTO,50,CHOQUE,40,CHOQUE,1,URBANA,1,TRAMO DE VIA RECTA,13,CAUSAS NO DETERMINADAS,97,CAUSAS NO DETERMINADAS,0,MARTA HERNANDEZ,0, ,- MARTA HERNANDEZ,1140, , , , ,1,1,2,BIDIRECCIONAL,1,CONCRETO,1,BUENO,2,HUMEDO,2,NUBLADO,0,0,0,0,2
-8089941.74815028,-4509222.57420911,2828,25028,1330236,-72.6731832,-37.5013625,79,NACIMIENTO,1,3157,2021,1330236,REGION BIO BIO,8306,NACIMIENTO,SAN MARTIN, ,560,"SAN MARTIN 560, NACIMIENTO",CHILE,RANGE_INTERPOLATED,4337,2021,1330236,1,2021/01/22 00:00:00+00,1899/12/30 00:00:00+00,8,REGION BIO BIO,8306,NACIMIENTO,30,COLISION,30,COLISION,1,URBANA,1,TRAMO DE VIA RECTA,1,IMPRUDENCIA DEL CONDUCTOR,93,CONDUCIR VEHICULO EN RETROCESO,0,SAN MARTIN,0, ,- SAN MARTIN,560, , , , ,2,0,1,UNIDIRECCIONAL,1,CONCRETO,1,BUENO,1,SECO,1,DESPEJADO,0,0,0,0,2
-8089941.74815028,-4509222.57420911,2829,25029,1337331,-72.6731832,-37.5013625,79,NACIMIENTO,1,8488,2021,1337331,REGION BIO BIO,8306,NACIMIENTO,SAN MARTIN, ,560,"SAN MARTIN 560, NACIMIENTO",CHILE,RANGE_INTERPOLATED,11905,2021,1337331,1,2021/03/03 00:00:00+00,1899/12/30 00:00:00+00,8,REGION BIO BIO,8306,NACIMIENTO,50,CHOQUE,40,CHOQUE,1,URBANA,26,OTROS NO CONSIDERADOS,14,OTRAS CAUSAS,98,OTRAS CAUSAS,0,SAN MARTIN,0, ,- SAN MARTIN,560, , , , ,1,0,1,UNIDIRECCIONAL,1,CONCRETO,1,BUENO,1,SECO,1,DESPEJADO,0,0,0,0,2
-8089755.43271854,-4509209.04759082,2830,25030,1389867,-72.6715095,-37.5012661,79,NACIMIENTO,1,45938,2021,1389867,REGION BIO BIO,8306,NACIMIENTO,SAN MARTIN, ,463,"SAN MARTIN 463, NACIMIENTO",CHILE,RANGE_INTERPOLATED,62754,2021,1389867,1,2021/10/23 00:00:00+00,1899/12/30 00:00:00+00,8,REGION BIO BIO,8306,NACIMIENTO,50,CHOQUE,40,CHOQUE,1,URBANA,1,TRAMO DE VIA RECTA,1,IMPRUDENCIA DEL CONDUCTOR,27,CONDUCCION NO ATENTO CONDICIONES TRANSITO MOMENTO,0,SAN MARTIN,0, ,- SAN MARTIN,463, , , , ,2,0,1,UNIDIRECCIONAL,1,CONCRETO,2,REGULAR,1,SECO,1,DESPEJADO,0,0,0,0,2
-8089320.24030124,-4509207.36378063,2831,25031,1379204,-72.6676001,-37.5012541,79,NACIMIENTO,1,38090,2021,1379204,REGION BIO BIO,8306,NACIMIENTO,O'HIGGINS,LASTRA,0,"O'HIGGINS & LASTRA, NACIMIENTO",CHILE,GEOMETRIC_CENTER,52322,2021,1379204,1,2021/09/10 00:00:00+00,1899/12/30 00:00:00+00,8,REGION BIO BIO,8306,NACIMIENTO,33,COLISION POR ALCANCE,30,COLISION,1,URBANA,1,TRAMO DE VIA RECTA,1,IMPRUDENCIA DEL CONDUCTOR,28,CONDUCCION SIN MANTENER DISTANCIA RAZONABLE NI PRUDENTE,0,O'HIGGINS,0,LASTRA,LASTRA - O'HIGGINS,0, , , , ,2,0,1,UNIDIRECCIONAL,1,CONCRETO,1,BUENO,1,SECO,1,DESPEJADO,0,0,0,1,3
-8089365.16884772,-4509195.59114866,2832,25032,1375648,-72.6680037,-37.5011702,79,NACIMIENTO,1,36263,2021,1375648,REGION BIO BIO,8306,NACIMIENTO,O'HIGGINS,BULNES,0,"O'HIGGINS & BULNES, NACIMIENTO",CHILE,GEOMETRIC_CENTER,49901,2021,1375648,1,2021/08/31 00:00:00+00,1899/12/30 00:00:00+00,8,REGION BIO BIO,8306,NACIMIENTO,30,COLISION,30,COLISION,1,URBANA,2,TRAMO DE VIA CURVA HORIZONTAL,9,PERDIDA CONTROL VEHICULO,95,PERDIDA CONTROL VEHICULO,0,O'HIGGINS,0,BULNES,BULNES - O'HIGGINS,0, , , , ,2,0,1,UNIDIRECCIONAL,1,CONCRETO,1,BUENO,1,SECO,1,DESPEJADO,0,0,0,0,2