X,Y,FID,FID_1,LABELID,POINT_X,POINT_Y,FID_2,COMUNAREAL,VAL_COM,OBJECTID,A_O,IDACCIDENT,REGION,COD_COMUN,COMUNA,CALLE_UNO,CALLE_DOS,NUMERO,DIR_GEOCOD,PAIS,TIPO,OBJECTID_1,Año,Idaccide_1,Claseaccid,Fecha,Hora,Cód_Regi,Región,Cód_Comun,Comuna_1,Cód_Tipo_,Tipo_Accid,Cód_Tipo1,Tipo__CONA,Cód_Zona,Zona,Cód_Ubica,Ubicación,Cód_Causa,Causa__CON,Cód_Cau_1,Causa,Cód_Calle,Calle_Un_1,Cód_Cal_1,Calle_Do_1,Intersecci,Número,Ruta,Cód_Ruta,Ubicaci_1,Km_Vía_Fe,Pistas_de_,Pistas_de1,Cód_Calza,Calzada,Cód__Tipo,Tipo_Calza,Cód_Estad,Estado_Cal,Cód_Condi,Condición,Cód_Est_1,Estado_Atm,Fallecidos,Graves,Menos_Grav,Leves,Ilesos
-8090718.69140433,-4509109.64712653,2833,25033,1345834,-72.6801626,-37.5005577,79,NACIMIENTO,1,14817,2021,1345834,REGION BIO BIO,8306,NACIMIENTO,FERNANDO VALENZUELA, ,1050,"FERNANDO VALENZUELA 1050, NACIMIENTO",CHILE,RANGE_INTERPOLATED,20427,2021,1345834,1,2021/04/21 00:00:00+00,1899/12/30 00:00:00+00,8,REGION BIO BIO,8306,NACIMIENTO,52,CHOQUE LATERAL,40,CHOQUE,1,URBANA,1,TRAMO DE VIA RECTA,9,PERDIDA CONTROL VEHICULO,95,PERDIDA CONTROL VEHICULO,0,FERNANDO VALENZUELA,0, ,- FERNANDO VALENZUELA,1050, , , , ,1,1,2,BIDIRECCIONAL,1,CONCRETO,1,BUENO,1,SECO,1,DESPEJADO,0,0,0,0,2
-8090225.23436554,-4509103.54337382,2834,25034,1376697,-72.6757298,-37.5005142,79,NACIMIENTO,1,36977,2021,1376697,REGION BIO BIO,8306,NACIMIENTO,SAN MARTIN,LA CRUZ,0,"SAN MARTIN & LA CRUZ, NACIMIENTO",CHILE,GEOMETRIC_CENTER,50858,2021,1376697,1,2021/09/04 00:00:00+00,1899/12/30 00:00:00+00,8,REGION BIO BIO,8306,NACIMIENTO,30,COLISION,30,COLISION,1,URBANA,14,CRUCE CON SEÑAL PARE,10,DESOBEDIENCIA A SEÑALIZACION,65,SEÑALIZACION DESOBEDECER SEÑAL PARE,0,SAN MARTIN,0,LA CRUZ,LA CRUZ - SAN MARTIN,0, , , , ,2,0,1,UNIDIRECCIONAL,1,CONCRETO,1,BUENO,1,SECO,1,DESPEJADO,0,0,0,0,2
-8090225.23436554,-4509103.54337382,2835,25035,1397947,-72.6757298,-37.5005142,79,NACIMIENTO,1,50636,2021,1397947,REGION BIO BIO,8306,NACIMIENTO,LA CRUZ,SAN MARTIN,0,"LA CRUZ & SAN MARTIN, NACIMIENTO",CHILE,GEOMETRIC_CENTER,68955,2021,1397947,1,2021/11/16 00:00:00+00,1899/12/30 00:00:00+00,8,REGION BIO BIO,8306,NACIMIENTO,50,CHOQUE,40,CHOQUE,1,URBANA,14,CRUCE CON SEÑAL PARE,13,CAUSAS NO DETERMINADAS,97,CAUSAS NO DETERMINADAS,0,LA CRUZ,0,SAN MARTIN,LA CRUZ - SAN MARTIN,0, , , , ,2,0,1,UNIDIRECCIONAL,1,CONCRETO,2,REGULAR,1,SECO,1,DESPEJADO,0,0,0,0,2
-8090650.40802867,-4509083.73075731,2836,25036,1343120,-72.6795492,-37.500373,79,NACIMIENTO,1,13572,2021,1343120,REGION BIO BIO,8306,NACIMIENTO,MONTRI, ,615,"MONTRI 615, NACIMIENTO",CHILE,RANGE_INTERPOLATED,18745,2021,1343120,1,2021/04/11 00:00:00+00,1899/12/30 00:00:00+00,8,REGION BIO BIO,8306,NACIMIENTO,50,CHOQUE,40,CHOQUE,1,URBANA,2,TRAMO DE VIA CURVA HORIZONTAL,13,CAUSAS NO DETERMINADAS,97,CAUSAS NO DETERMINADAS,0,MONTRI,0, ,- MONTRI,615, , , , ,2,0,1,UNIDIRECCIONAL,1,CONCRETO,1,BUENO,1,SECO,1,DESPEJADO,0,0,0,0,1
-8091216.5232991,-4508951.77856457,2837,25037,1346170,-72.6846347,-37.4994326,79,NACIMIENTO,1,15696,2021,1346170,REGION BIO BIO,8306,NACIMIENTO,PEDRO AGUIRRE CERDA, ,1535,"PEDRO AGUIRRE CERDA 1535, NACIMIENTO",CHILE,RANGE_INTERPOLATED,21623,2021,1346170,1,2021/04/28 00:00:00+00,1899/12/30 00:00:00+00,8,REGION BIO BIO,8306,NACIMIENTO,32,COLISION LATERAL,30,COLISION,1,URBANA,2,TRAMO DE VIA CURVA HORIZONTAL,7,VELOCIDAD IMPRUDENTE,74,VELOCIDAD EXCESO EN ZONA RESTRINGIDA,0,PEDRO AGUIRRE CERDA,0, ,- PEDRO AGUIRRE CERDA,1535, , , , ,1,1,2,BIDIRECCIONAL,1,CONCRETO,1,BUENO,1,SECO,1,DESPEJADO,0,1,0,1,0
-8091229.2693808,-4508902.92131545,2838,25038,1399348,-72.6847492,-37.4990844,79,NACIMIENTO,1,52701,2021,1399348,REGION BIO BIO,8306,NACIMIENTO,SAN MARTIN, ,1525,"SAN MARTIN 1525, NACIMIENTO",CHILE,RANGE_INTERPOLATED,71625,2021,1399348,1,2021/11/26 00:00:00+00,1899/12/30 00:00:00+00,8,REGION BIO BIO,8306,NACIMIENTO,50,CHOQUE,40,CHOQUE,1,URBANA,1,TRAMO DE VIA RECTA,9,PERDIDA CONTROL VEHICULO,95,PERDIDA CONTROL VEHICULO,0,SAN MARTIN,0, ,- SAN MARTIN,1525, , , , ,1,1,2,BIDIRECCIONAL,1,CONCRETO,1,BUENO,1,SECO,1,DESPEJADO,0,0,0,0,2
-8090183.75672327,-4508886.19596833,2839,25039,1330083,-72.6753572,-37.4989652,79,NACIMIENTO,1,2499,2021,1330083,REGION BIO BIO,8306,NACIMIENTO,VILLA ALEGRE, ,718,"VILLA ALEGRE 718, NACIMIENTO",CHILE,RANGE_INTERPOLATED,3439,2021,1330083,1,2021/01/18 00:00:00+00,1899/12/30 00:00:00+00,8,REGION BIO BIO,8306,NACIMIENTO,10,ATROPELLO,10,ATROPELLO,1,URBANA,1,TRAMO DE VIA RECTA,2,IMPRUDENCIA DEL PEATON,55,PEATON CRUZA CALZADA FUERA PASO PEATONES,0,VILLA ALEGRE,0, ,- VILLA ALEGRE,718, , , , ,1,1,2,BIDIRECCIONAL,1,CONCRETO,1,BUENO,1,SECO,1,DESPEJADO,0,0,1,0,1
-8090208.92606014,-4508855.5235471,2840,25040,1403056,-72.6755833,-37.4987466,79,NACIMIENTO,1,55365,2021,1403056,REGION BIO BIO,8306,NACIMIENTO,VILLA ALEGRE,LA CRUZ,0,"VILLA ALEGRE & LA CRUZ, NACIMIENTO",CHILE,GEOMETRIC_CENTER,75218,2021,1403056,1,2021/12/10 00:00:00+00,1899/12/30 00:00:00+00,8,REGION BIO BIO,8306,NACIMIENTO,33,COLISION POR ALCANCE,30,COLISION,1,URBANA,16,CRUCE SIN SEÑALIZACION,1,IMPRUDENCIA DEL CONDUCTOR,27,CONDUCCION NO ATENTO CONDICIONES TRANSITO MOMENTO,0,VILLA ALEGRE,0,LA CRUZ,LA CRUZ - VILLA ALEGRE,0, , , , ,1,1,2,BIDIRECCIONAL,1,CONCRETO,1,BUENO,1,SECO,1,DESPEJADO,0,0,0,1,4
-8091517.60912585,-4508817.09194385,2841,25041,1330229,-72.6873394,-37.4984727,79,NACIMIENTO,1,2603,2021,1330229,REGION BIO BIO,8306,NACIMIENTO,JULIO HEMMELMANN,SAN MARTIN,0,"JULIO HEMMELMANN & SAN MARTIN, NACIMIENTO",CHILE,GEOMETRIC_CENTER,3578,2021,1330229,1,2021/01/18 00:00:00+00,1899/12/30 00:00:00+00,8,REGION BIO BIO,8306,NACIMIENTO,30,COLISION,30,COLISION,1,URBANA,14,CRUCE CON SEÑAL PARE,1,IMPRUDENCIA DEL CONDUCTOR,32,NO RESPETAR DERECHO PREFERENTE DE PASO A VEHICULO,0,JULIO HEMMELMANN,0,SAN MARTIN,JULIO HEMMELMANN - SAN MARTIN,0, , , , ,1,1,2,BIDIRECCIONAL,2,ASFALTO,1,BUENO,1,SECO,1,DESPEJADO,0,0,0,2,0
-8091517.60912585,-4508817.09194385,2842,25042,1373883,-72.6873394,-37.4984727,79,NACIMIENTO,1,33819,2021,1373883,REGION BIO BIO,8306,NACIMIENTO,JULIO HEMMELMANN,SAN MARTIN,0,"JULIO HEMMELMANN & SAN MARTIN, NACIMIENTO",CHILE,GEOMETRIC_CENTER,46647,2021,1373883,1,2021/08/17 00:00:00+00,1899/12/30 00:00:00+00,8,REGION BIO BIO,8306,NACIMIENTO,33,COLISION POR ALCANCE,30,COLISION,1,URBANA,1,TRAMO DE VIA RECTA,1,IMPRUDENCIA DEL CONDUCTOR,27,CONDUCCION NO ATENTO CONDICIONES TRANSITO MOMENTO,0,JULIO HEMMELMANN,0,SAN MARTIN,JULIO HEMMELMANN - SAN MARTIN,0, , , , ,1,1,2,BIDIRECCIONAL,2,ASFALTO,1,BUENO,3,MOJADO,3,LLUVIA,0,0,0,1,3
-8091206.66039222,-4508747.17456932,2843,25043,1376304,-72.6845461,-37.4979744,79,NACIMIENTO,1,36449,2021,1376304,REGION BIO BIO,8306,NACIMIENTO,LOS CANELOS,RODOMIRO TOMIC,0,"LOS CANELOS & RODOMIRO TOMIC, NACIMIENTO",CHILE,GEOMETRIC_CENTER,50157,2021,1376304,1,2021/09/01 00:00:00+00,1899/12/30 00:00:00+00,8,REGION BIO BIO,8306,NACIMIENTO,50,CHOQUE,40,CHOQUE,1,URBANA,1,TRAMO DE VIA RECTA,13,CAUSAS NO DETERMINADAS,97,CAUSAS NO DETERMINADAS,0,LOS CANELOS,0,RODOMIRO TOMIC,LOS CANELOS - RODOMIRO TOMIC,0, , , , ,1,1,2,BIDIRECCIONAL,1,CONCRETO,1,BUENO,1,SECO,1,DESPEJADO,0,0,0,0,1
-8090499.74822983,-4508705.33381095,2844,25044,1346149,-72.6781958,-37.4976762,79,NACIMIENTO,1,15347,2021,1346149,REGION BIO BIO,8306,NACIMIENTO,VILLA ALEGRE, ,930,"VILLA ALEGRE 930, NACIMIENTO",CHILE,RANGE_INTERPOLATED,21152,2021,1346149,1,2021/04/25 00:00:00+00,1899/12/30 00:00:00+00,8,REGION BIO BIO,8306,NACIMIENTO,32,COLISION LATERAL,30,COLISION,1,URBANA,16,CRUCE SIN SEÑALIZACION,4,ALCOHOL EN CONDUCTOR,24,CONDUCCION EN ESTADO DE EBRIEDAD,0,VILLA ALEGRE,0, ,- VILLA ALEGRE,930, , , , ,1,1,2,BIDIRECCIONAL,1,CONCRETO,1,BUENO,1,SECO,1,DESPEJADO,0,0,0,0,2
-8091606.63132264,-4508690.41878557,2845,25045,1351353,-72.6881391,-37.4975699,79,NACIMIENTO,1,16432,2021,1351353,REGION BIO BIO,8306,NACIMIENTO,JULIO HEMMELMANN,JUAN ANTONIO RIOS,0,"JULIO HEMMELMANN & JUAN ANTONIO RIOS, NACIMIENTO",CHILE,GEOMETRIC_CENTER,22666,2021,1351353,1,2021/05/03 00:00:00+00,1899/12/30 00:00:00+00,8,REGION BIO BIO,8306,NACIMIENTO,30,COLISION,30,COLISION,1,URBANA,1,TRAMO DE VIA RECTA,1,IMPRUDENCIA DEL CONDUCTOR,11,ADELANTAMIENTO SIN EL ESPACIO O TIEMPO SUFICIENTE,0,JULIO HEMMELMANN,0,JUAN ANTONIO RIOS,JUAN ANTONIO RIOS - JULIO HEMMELMANN,0, , , , ,1,1,2,BIDIRECCIONAL,2,ASFALTO,1,BUENO,1,SECO,1,DESPEJADO,0,0,0,2,0
-8091606.63132264,-4508690.41878557,2846,25046,1357403,-72.6881391,-37.4975699,79,NACIMIENTO,1,23844,2021,1357403,REGION BIO BIO,8306,NACIMIENTO,JULIO HEMMELMANN,JUAN ANTONIO RIOS,0,"JULIO HEMMELMANN & JUAN ANTONIO RIOS, NACIMIENTO",CHILE,GEOMETRIC_CENTER,32857,2021,1357403,1,2021/06/19 00:00:00+00,1899/12/30 00:00:00+00,8,REGION BIO BIO,8306,NACIMIENTO,31,COLISION FRONTAL,30,COLISION,1,URBANA,1,TRAMO DE VIA RECTA,7,VELOCIDAD IMPRUDENTE,72,VELOCIDAD NO RAZONABLE NI PRUDENTE,0,JULIO HEMMELMANN,0,JUAN ANTONIO RIOS,JUAN ANTONIO RIOS - JULIO HEMMELMANN,0, , , , ,1,1,2,BIDIRECCIONAL,2,ASFALTO,1,BUENO,1,SECO,1,DESPEJADO,0,0,0,7,0
-8091077.65223434,-4508671.68733975,2847,25047,1374309,-72.6833872,-37.4974364,79,NACIMIENTO,1,35326,2021,1374309,REGION BIO BIO,8306,NACIMIENTO,JULIO HEMMELMANN,ARTURO ALESSANDRI,0,"JULIO HEMMELMANN & ARTURO ALESSANDRI, NACIMIENTO",CHILE,GEOMETRIC_CENTER,48663,2021,1374309,1,2021/08/26 00:00:00+00,1899/12/30 00:00:00+00,8,REGION BIO BIO,8306,NACIMIENTO,10,ATROPELLO,10,ATROPELLO,1,URBANA,1,TRAMO DE VIA RECTA,2,IMPRUDENCIA DEL PEATON,55,PEATON CRUZA CALZADA FUERA PASO PEATONES,0,JULIO HEMMELMANN,0,ARTURO ALESSANDRI,ARTURO ALESSANDRI - JULIO HEMMELMANN,0, , , , ,1,1,2,BIDIRECCIONAL,2,ASFALTO,3,MALO,3,MOJADO,4,LLOVIZNA,0,0,1,0,1
-8091077.65223434,-4508671.68733975,2848,25048,1397879,-72.6833872,-37.4974364,79,NACIMIENTO,1,50234,2021,1397879,REGION BIO BIO,8306,NACIMIENTO,JULIO HEMMELMANN,LOS LAGOS,0,"JULIO HEMMELMANN & LOS LAGOS, NACIMIENTO",CHILE,GEOMETRIC_CENTER,68421,2021,1397879,1,2021/11/14 00:00:00+00,1899/12/30 00:00:00+00,8,REGION BIO BIO,8306,NACIMIENTO,50,CHOQUE,40,CHOQUE,1,URBANA,1,TRAMO DE VIA RECTA,1,IMPRUDENCIA DEL CONDUCTOR,27,CONDUCCION NO ATENTO CONDICIONES TRANSITO MOMENTO,0,JULIO HEMMELMANN,0,LOS LAGOS,JULIO HEMMELMANN - LOS LAGOS,0, , , , ,1,1,2,BIDIRECCIONAL,2,ASFALTO,1,BUENO,1,SECO,1,DESPEJADO,0,0,0,0,2
-8090080.68600674,-4508588.4836443,2849,25049,1377874,-72.6744313,-37.4968434,79,NACIMIENTO,1,37611,2021,1377874,REGION BIO BIO,8306,NACIMIENTO,BAQUEDANO, ,22,"BAQUEDANO 22, NACIMIENTO",CHILE,RANGE_INTERPOLATED,51694,2021,1377874,1,2021/09/07 00:00:00+00,1899/12/30 00:00:00+00,8,REGION BIO BIO,8306,NACIMIENTO,40,IMPACTO CON ANIMAL,99,OTRO TIPO,1,URBANA,1,TRAMO DE VIA RECTA,11,DEFICIENCIAS VIALES,92,ANIMALES SUELTOS VIA PUBLICA,0,BAQUEDANO,0, ,- BAQUEDANO,22, , , , ,2,0,1,UNIDIRECCIONAL,1,CONCRETO,1,BUENO,3,MOJADO,1,DESPEJADO,0,0,0,0,1
-8091262.42032516,-4508583.53073015,2850,25050,1358605,-72.685047,-37.4968081,79,NACIMIENTO,1,24504,2021,1358605,REGION BIO BIO,8306,NACIMIENTO,TUCAPEL, ,1205,"TUCAPEL 1205, NACIMIENTO",CHILE,RANGE_INTERPOLATED,33787,2021,1358605,1,2021/06/24 00:00:00+00,1899/12/30 00:00:00+00,8,REGION BIO BIO,8306,NACIMIENTO,50,CHOQUE,40,CHOQUE,1,URBANA,1,TRAMO DE VIA RECTA,13,CAUSAS NO DETERMINADAS,97,CAUSAS NO DETERMINADAS,0,TUCAPEL,0, ,- TUCAPEL,1205, , , , ,1,1,2,BIDIRECCIONAL,1,CONCRETO,1,BUENO,1,SECO,1,DESPEJADO,0,0,0,0,2
-8090625.67283782,-4508577.20278941,2851,25051,1352417,-72.679327,-37.496763,79,NACIMIENTO,1,18958,2021,1352417,REGION BIO BIO,8306,NACIMIENTO,VILLA ALEGRE, ,1086,"VILLA ALEGRE 1086, NACIMIENTO",CHILE,RANGE_INTERPOLATED,26071,2021,1352417,1,2021/05/20 00:00:00+00,1899/12/30 00:00:00+00,8,REGION BIO BIO,8306,NACIMIENTO,30,COLISION,30,COLISION,1,URBANA,1,TRAMO DE VIA RECTA,4,ALCOHOL EN CONDUCTOR,24,CONDUCCION EN ESTADO DE EBRIEDAD,0,VILLA ALEGRE,0, ,- VILLA ALEGRE,1086, , , , ,1,1,2,BIDIRECCIONAL,1,CONCRETO,2,REGULAR,2,HUMEDO,1,DESPEJADO,0,0,0,1,1
-8091728.71540819,-4508513.26414359,2852,25052,1324992,-72.6892358,-37.4963073,79,NACIMIENTO,1,931,2021,1324992,REGION BIO BIO,8306,NACIMIENTO,JULIO HEMMELMANN, ,1910,"JULIO HEMMELMANN 1910, NACIMIENTO",CHILE,RANGE_INTERPOLATED,1274,2021,1324992,1,2021/01/07 00:00:00+00,1899/12/30 00:00:00+00,8,REGION BIO BIO,8306,NACIMIENTO,52,CHOQUE LATERAL,40,CHOQUE,1,URBANA,14,CRUCE CON SEÑAL PARE,10,DESOBEDIENCIA A SEÑALIZACION,65,SEÑALIZACION DESOBEDECER SEÑAL PARE,0,JULIO HEMMELMANN,0, ,- JULIO HEMMELMANN,1910, , , , ,1,1,2,BIDIRECCIONAL,2,ASFALTO,1,BUENO,1,SECO,1,DESPEJADO,0,0,0,1,1
-8091728.71540819,-4508513.26414359,2853,25053,1394007,-72.6892358,-37.4963073,79,NACIMIENTO,1,49038,2021,1394007,REGION BIO BIO,8306,NACIMIENTO,JULIO HEMMELMANN, ,1424,"JULIO HEMMELMANN 1424, NACIMIENTO",CHILE,RANGE_INTERPOLATED,66842,2021,1394007,1,2021/11/08 00:00:00+00,1899/12/30 00:00:00+00,8,REGION BIO BIO,8306,NACIMIENTO,33,COLISION POR ALCANCE,30,COLISION,1,URBANA,16,CRUCE SIN SEÑALIZACION,1,IMPRUDENCIA DEL CONDUCTOR,27,CONDUCCION NO ATENTO CONDICIONES TRANSITO MOMENTO,0,JULIO HEMMELMANN,0, ,- JULIO HEMMELMANN,1424, , , , ,1,1,2,BIDIRECCIONAL,2,ASFALTO,1,BUENO,1,SECO,1,DESPEJADO,0,0,0,1,1
-8090496.25279782,-4508393.83447691,2854,25054,1364694,-72.6781644,-37.4954561,79,NACIMIENTO,1,27277,2021,1364694,REGION BIO BIO,8306,NACIMIENTO,JULIO HEMMELMANN,ESTADIO,0,"JULIO HEMMELMANN & ESTADIO, NACIMIENTO",CHILE,GEOMETRIC_CENTER,37622,2021,1364694,1,2021/07/11 00:00:00+00,1899/12/30 00:00:00+00,8,REGION BIO BIO,8306,NACIMIENTO,50,CHOQUE,40,CHOQUE,1,URBANA,1,TRAMO DE VIA RECTA,4,ALCOHOL EN CONDUCTOR,24,CONDUCCION EN ESTADO DE EBRIEDAD,0,JULIO HEMMELMANN,0,ESTADIO,ESTADIO - JULIO HEMMELMANN,0, , , , ,1,1,2,BIDIRECCIONAL,2,ASFALTO,2,REGULAR,1,SECO,1,DESPEJADO,0,0,0,0,1
-8091188.55984301,-4508288.54892605,2855,25055,1403069,-72.6843835,-37.4947057,79,NACIMIENTO,1,55479,2021,1403069,REGION BIO BIO,8306,NACIMIENTO,PADRE ENRIQUE,TERESA DE LOS ANDES,0,"PADRE ENRIQUE & TERESA DE LOS ANDES, NACIMIENTO",CHILE,GEOMETRIC_CENTER,75361,2021,1403069,1,2021/12/10 00:00:00+00,1899/12/30 00:00:00+00,8,REGION BIO BIO,8306,NACIMIENTO,50,CHOQUE,40,CHOQUE,1,URBANA,1,TRAMO DE VIA RECTA,13,CAUSAS NO DETERMINADAS,97,CAUSAS NO DETERMINADAS,0,PADRE ENRIQUE,0,TERESA DE LOS ANDES,PADRE ENRIQUE - TERESA DE LOS ANDES,0, , , , ,1,1,2,BIDIRECCIONAL,2,ASFALTO,1,BUENO,1,SECO,1,DESPEJADO,0,0,0,0,1
-8090857.41775375,-4508281.94055323,2856,25056,1343864,-72.6814088,-37.4946586,79,NACIMIENTO,1,14293,2021,1343864,REGION BIO BIO,8306,NACIMIENTO,VILLA ALEGRE, ,1350,"VILLA ALEGRE 1350, NACIMIENTO",CHILE,RANGE_INTERPOLATED,19706,2021,1343864,1,2021/04/16 00:00:00+00,1899/12/30 00:00:00+00,8,REGION BIO BIO,8306,NACIMIENTO,32,COLISION LATERAL,30,COLISION,1,URBANA,16,CRUCE SIN SEÑALIZACION,7,VELOCIDAD IMPRUDENTE,74,VELOCIDAD EXCESO EN ZONA RESTRINGIDA,0,VILLA ALEGRE,0, ,- VILLA ALEGRE,1350, , , , ,1,1,2,BIDIRECCIONAL,1,CONCRETO,1,BUENO,1,SECO,1,DESPEJADO,0,0,0,1,1
-8091333.41989639,-4508060.31694311,2857,25057,1351621,-72.6856848,-37.493079,79,NACIMIENTO,1,18011,2021,1351621,REGION BIO BIO,8306,NACIMIENTO,CARLOS GONZALEZ, ,1378,"CARLOS GONZALEZ 1378, NACIMIENTO",CHILE,RANGE_INTERPOLATED,24780,2021,1351621,1,2021/05/14 00:00:00+00,1899/12/30 00:00:00+00,8,REGION BIO BIO,8306,NACIMIENTO,50,CHOQUE,40,CHOQUE,1,URBANA,1,TRAMO DE VIA RECTA,1,IMPRUDENCIA DEL CONDUCTOR,28,CONDUCCION SIN MANTENER DISTANCIA RAZONABLE NI PRUDENTE,0,CARLOS GONZALEZ,0, ,- CARLOS GONZALEZ,1378, , , , ,1,1,2,BIDIRECCIONAL,1,CONCRETO,1,BUENO,1,SECO,1,DESPEJADO,0,0,0,0,2
-8091169.31270306,-4508024.73637982,2858,25058,1355671,-72.6842106,-37.4928254,79,NACIMIENTO,1,22190,2021,1355671,REGION BIO BIO,8306,NACIMIENTO,SAN SEBASTIAN, ,1395,"SAN SEBASTIAN 1395, NACIMIENTO",CHILE,RANGE_INTERPOLATED,30581,2021,1355671,1,2021/06/09 00:00:00+00,1899/12/30 00:00:00+00,8,REGION BIO BIO,8306,NACIMIENTO,50,CHOQUE,40,CHOQUE,1,URBANA,1,TRAMO DE VIA RECTA,1,IMPRUDENCIA DEL CONDUCTOR,28,CONDUCCION SIN MANTENER DISTANCIA RAZONABLE NI PRUDENTE,0,SAN SEBASTIAN,0, ,- SAN SEBASTIAN,1395, , , , ,1,1,2,BIDIRECCIONAL,1,CONCRETO,1,BUENO,1,SECO,1,DESPEJADO,0,0,0,0,2
-8091741.41696209,-4508011.14115706,2859,25059,1404914,-72.6893499,-37.4927285,79,NACIMIENTO,1,56758,2021,1404914,REGION BIO BIO,8306,NACIMIENTO,LOS JAZMINES,CAMINO VECINAL,0,"LOS JAZMINES & CAMINO VECINAL, NACIMIENTO",CHILE,GEOMETRIC_CENTER,77120,2021,1404914,1,2021/12/17 00:00:00+00,1899/12/30 00:00:00+00,8,REGION BIO BIO,8306,NACIMIENTO,30,COLISION,30,COLISION,1,URBANA,16,CRUCE SIN SEÑALIZACION,1,IMPRUDENCIA DEL CONDUCTOR,23,CONDUCCION CONTRA SENTIDO DEL TRANSITO,0,LOS JAZMINES,0,CAMINO VECINAL,CAMINO VECINAL - LOS JAZMINES,0, , , , ,1,1,2,BIDIRECCIONAL,1,CONCRETO,1,BUENO,1,SECO,1,DESPEJADO,0,0,0,0,2
-8091141.87244858,-4507980.7939897,2860,25060,1403041,-72.6839641,-37.4925122,79,NACIMIENTO,1,55317,2021,1403041,REGION BIO BIO,8306,NACIMIENTO,VILLA ALEGRE, ,1397,"VILLA ALEGRE 1397, NACIMIENTO",CHILE,RANGE_INTERPOLATED,75158,2021,1403041,1,2021/12/10 00:00:00+00,1899/12/30 00:00:00+00,8,REGION BIO BIO,8306,NACIMIENTO,10,ATROPELLO,10,ATROPELLO,1,URBANA,1,TRAMO DE VIA RECTA,13,CAUSAS NO DETERMINADAS,97,CAUSAS NO DETERMINADAS,0,VILLA ALEGRE,0, ,- VILLA ALEGRE,1397, , , , ,1,1,2,BIDIRECCIONAL,1,CONCRETO,1,BUENO,1,SECO,1,DESPEJADO,1,0,0,0,1
-8091435.19930682,-4507884.88461088,2861,25061,1361812,-72.6865991,-37.4918286,79,NACIMIENTO,1,26595,2021,1361812,REGION BIO BIO,8306,NACIMIENTO,SAN JOSE, ,1370,"SAN JOSE 1370, NACIMIENTO",CHILE,RANGE_INTERPOLATED,36683,2021,1361812,1,2021/07/07 00:00:00+00,1899/12/30 00:00:00+00,8,REGION BIO BIO,8306,NACIMIENTO,50,CHOQUE,40,CHOQUE,1,URBANA,1,TRAMO DE VIA RECTA,4,ALCOHOL EN CONDUCTOR,24,CONDUCCION EN ESTADO DE EBRIEDAD,0,SAN JOSE,0, ,- SAN JOSE,1370, , , , ,1,1,2,BIDIRECCIONAL,1,CONCRETO,1,BUENO,1,SECO,1,DESPEJADO,0,0,0,0,2
-8091540.24037833,-4507687.80734191,2862,25062,1402295,-72.6875427,-37.4904239,79,NACIMIENTO,1,54847,2021,1402295,REGION BIO BIO,8306,NACIMIENTO,VILLA ALEGRE,ARTURO LABLEE,0,"VILLA ALEGRE & ARTURO LABLEE, NACIMIENTO",CHILE,GEOMETRIC_CENTER,74528,2021,1402295,1,2021/12/07 00:00:00+00,1899/12/30 00:00:00+00,8,REGION BIO BIO,8306,NACIMIENTO,30,COLISION,30,COLISION,1,URBANA,1,TRAMO DE VIA RECTA,1,IMPRUDENCIA DEL CONDUCTOR,27,CONDUCCION NO ATENTO CONDICIONES TRANSITO MOMENTO,0,VILLA ALEGRE,0,ARTURO LABLEE,ARTURO LABLEE - VILLA ALEGRE,0, , , , ,1,1,2,BIDIRECCIONAL,1,CONCRETO,1,BUENO,1,SECO,1,DESPEJADO,0,0,0,2,0
-8092435.58304278,-4507494.57784959,2863,25063,1391485,-72.6955857,-37.4890466,79,NACIMIENTO,1,47454,2021,1391485,REGION BIO BIO,8306,NACIMIENTO,JULIO HEMMELMANN, ,3850,"JULIO HEMMELMANN 3850, NACIMIENTO",CHILE,RANGE_INTERPOLATED,64739,2021,1391485,1,2021/10/31 00:00:00+00,1899/12/30 00:00:00+00,8,REGION BIO BIO,8306,NACIMIENTO,70,VOLCADURA,70,VOLCADURA,1,URBANA,1,TRAMO DE VIA RECTA,4,ALCOHOL EN CONDUCTOR,24,CONDUCCION EN ESTADO DE EBRIEDAD,0,JULIO HEMMELMANN,0, ,- JULIO HEMMELMANN,3850, , , , ,1,1,2,BIDIRECCIONAL,2,ASFALTO,1,BUENO,1,SECO,1,DESPEJADO,0,0,0,1,0
-8092435.58304278,-4507494.57784959,2864,25064,1404948,-72.6955857,-37.4890466,79,NACIMIENTO,1,57013,2021,1404948,REGION BIO BIO,8306,NACIMIENTO,JULIO HEMMELMANN, ,3850,"JULIO HEMMELMANN 3850, NACIMIENTO",CHILE,RANGE_INTERPOLATED,77465,2021,1404948,1,2021/12/19 00:00:00+00,1899/12/30 00:00:00+00,8,REGION BIO BIO,8306,NACIMIENTO,70,VOLCADURA,70,VOLCADURA,1,URBANA,1,TRAMO DE VIA RECTA,7,VELOCIDAD IMPRUDENTE,72,VELOCIDAD NO RAZONABLE NI PRUDENTE,0,JULIO HEMMELMANN,0, ,- JULIO HEMMELMANN,3850, , , , ,1,1,2,BIDIRECCIONAL,2,ASFALTO,1,BUENO,1,SECO,1,DESPEJADO,0,0,0,0,1
-8092938.12375202,-4506777.86545913,2865,25065,1397868,-72.7001001,-37.4839378,79,NACIMIENTO,1,50101,2021,1397868,REGION BIO BIO,8306,NACIMIENTO,JULIO HEMMELMANN,VILLA ALEGRE,0,"JULIO HEMMELMANN & VILLA ALEGRE, NACIMIENTO",CHILE,GEOMETRIC_CENTER,68235,2021,1397868,1,2021/11/13 00:00:00+00,1899/12/30 00:00:00+00,8,REGION BIO BIO,8306,NACIMIENTO,30,COLISION,30,COLISION,1,URBANA,1,TRAMO DE VIA RECTA,1,IMPRUDENCIA DEL CONDUCTOR,91,VIRAJES INDEBIDOS,0,JULIO HEMMELMANN,0,VILLA ALEGRE,JULIO HEMMELMANN - VILLA ALEGRE,0, , , , ,1,1,2,BIDIRECCIONAL,2,ASFALTO,1,BUENO,1,SECO,1,DESPEJADO,0,0,0,0,2