X,Y,FID,FID_1,LABELID,POINT_X,POINT_Y,FID_2,COMUNAREAL,VAL_COM,OBJECTID,A_O,IDACCIDENT,REGION,COD_COMUN,COMUNA,CALLE_UNO,CALLE_DOS,NUMERO,DIR_GEOCOD,PAIS,TIPO,OBJECTID_1,Año,Idaccide_1,Claseaccid,Fecha,Hora,Cód_Regi,Región,Cód_Comun,Comuna_1,Cód_Tipo_,Tipo_Accid,Cód_Tipo1,Tipo__CONA,Cód_Zona,Zona,Cód_Ubica,Ubicación,Cód_Causa,Causa__CON,Cód_Cau_1,Causa,Cód_Calle,Calle_Un_1,Cód_Cal_1,Calle_Do_1,Intersecci,Número,Ruta,Cód_Ruta,Ubicaci_1,Km_Vía_Fe,Pistas_de_,Pistas_de1,Cód_Calza,Calzada,Cód__Tipo,Tipo_Calza,Cód_Estad,Estado_Cal,Cód_Condi,Condición,Cód_Est_1,Estado_Atm,Fallecidos,Graves,Menos_Grav,Leves,Ilesos
-8143311.32879478,-4452778.70896646,2866,22543,1358428,-73.1526103,-37.0980227,99,LOTA,1,23982,2021,1358428,REGION BIO BIO,8106,LOTA,LAJA,LAGOS DE CHILE,0,"LAJA & LAGOS DE CHILE, LOTA",CHILE,GEOMETRIC_CENTER,33051,2021,1358428,1,2021/06/20 00:00:00+00,1899/12/30 00:00:00+00,8,REGION BIO BIO,8106,LOTA,32,COLISION LATERAL,30,COLISION,1,URBANA,2,TRAMO DE VIA CURVA HORIZONTAL,4,ALCOHOL EN CONDUCTOR,24,CONDUCCION EN ESTADO DE EBRIEDAD,0,LAJA,0,LAGOS DE CHILE,LAGOS DE CHILE - LAJA,0, , , , ,1,2,2,BIDIRECCIONAL,1,CONCRETO,1,BUENO,3,MOJADO,4,LLOVIZNA,0,0,0,0,2
-8143144.2827669,-4452776.8108522,2867,22544,1399560,-73.1511097,-37.0980091,99,LOTA,1,51724,2021,1399560,REGION BIO BIO,8106,LOTA,MANUEL RODRIGUEZ,RI??ªIHUE,0,"MANUEL RODRIGUEZ & RI??ªIHUE, LOTA",CHILE,GEOMETRIC_CENTER,70351,2021,1399560,1,2021/11/21 00:00:00+00,1899/12/30 00:00:00+00,8,REGION BIO BIO,8106,LOTA,32,COLISION LATERAL,30,COLISION,1,URBANA,16,CRUCE SIN SEÑALIZACION,1,IMPRUDENCIA DEL CONDUCTOR,27,CONDUCCION NO ATENTO CONDICIONES TRANSITO MOMENTO,0,MANUEL RODRIGUEZ,0,RIÑIHUE,MANUEL RODRIGUEZ - RIÑIHUE,0, , , , ,1,1,2,BIDIRECCIONAL,1,CONCRETO,1,BUENO,1,SECO,1,DESPEJADO,0,0,0,0,2
-8143102.89418022,-4452733.89402151,2868,22545,1339069,-73.1507379,-37.0977016,99,LOTA,1,10211,2021,1339069,REGION BIO BIO,8106,LOTA,LAJA, ,12,"LAJA 12, LOTA",CHILE,RANGE_INTERPOLATED,14194,2021,1339069,1,2021/03/14 00:00:00+00,1899/12/30 00:00:00+00,8,REGION BIO BIO,8106,LOTA,62,CHOQUE FRENTE/LADO,40,CHOQUE,1,URBANA,1,TRAMO DE VIA RECTA,13,CAUSAS NO DETERMINADAS,97,CAUSAS NO DETERMINADAS,0,LAJA,0, ,- LAJA,12, , , , ,1,1,2,BIDIRECCIONAL,1,CONCRETO,1,BUENO,1,SECO,1,DESPEJADO,0,0,0,0,2
-8143099.75497058,-4452733.65675822,2869,22546,1380972,-73.1507097,-37.0976999,99,LOTA,1,39066,2021,1380972,REGION BIO BIO,8106,LOTA,LAJA, ,22,"LAJA 22, LOTA",CHILE,RANGE_INTERPOLATED,53646,2021,1380972,1,2021/09/15 00:00:00+00,1899/12/30 00:00:00+00,8,REGION BIO BIO,8106,LOTA,63,CHOQUE FRENTE/POSTERIOR,40,CHOQUE,1,URBANA,1,TRAMO DE VIA RECTA,13,CAUSAS NO DETERMINADAS,97,CAUSAS NO DETERMINADAS,0,LAJA,0, ,- LAJA,22, , , , ,1,1,2,BIDIRECCIONAL,1,CONCRETO,1,BUENO,1,SECO,1,DESPEJADO,0,0,0,0,2
-8143016.00931765,-4452728.56257698,2870,22547,1390317,-73.1499574,-37.0976634,99,LOTA,1,39529,2021,1390317,REGION BIO BIO,8106,LOTA,LAJA, ,106,"LAJA 106, LOTA",CHILE,RANGE_INTERPOLATED,54270,2021,1390317,1,2021/09/18 00:00:00+00,1899/12/30 00:00:00+00,8,REGION BIO BIO,8106,LOTA,52,CHOQUE LATERAL,40,CHOQUE,1,URBANA,2,TRAMO DE VIA CURVA HORIZONTAL,9,PERDIDA CONTROL VEHICULO,95,PERDIDA CONTROL VEHICULO,0,LAJA,0, ,- LAJA,106, , , , ,1,1,2,BIDIRECCIONAL,1,CONCRETO,1,BUENO,1,SECO,1,DESPEJADO,0,0,0,0,1
-8143533.40004696,-4452476.75955957,2871,22549,1351826,-73.1546052,-37.0958592,99,LOTA,1,19518,2021,1351826,REGION BIO BIO,8106,LOTA,PEDRO AGUIRRE CERDA, ,189,"PEDRO AGUIRRE CERDA 189, LOTA",CHILE,RANGE_INTERPOLATED,26877,2021,1351826,1,2021/05/24 00:00:00+00,1899/12/30 00:00:00+00,8,REGION BIO BIO,8106,LOTA,33,COLISION POR ALCANCE,30,COLISION,1,URBANA,1,TRAMO DE VIA RECTA,1,IMPRUDENCIA DEL CONDUCTOR,27,CONDUCCION NO ATENTO CONDICIONES TRANSITO MOMENTO,0,PEDRO AGUIRRE CERDA,0, ,- PEDRO AGUIRRE CERDA,189, , , , ,2,0,1,UNIDIRECCIONAL,1,CONCRETO,1,BUENO,1,SECO,2,NUBLADO,0,0,0,0,2
-8143474.26713345,-4452359.69455167,2872,22550,1329972,-73.154074,-37.0950204,99,LOTA,1,3197,2021,1329972,REGION BIO BIO,8106,LOTA,SERRANO,CONDELL,0,"SERRANO & CONDELL, LOTA",CHILE,GEOMETRIC_CENTER,4396,2021,1329972,1,2021/01/22 00:00:00+00,1899/12/30 00:00:00+00,8,REGION BIO BIO,8106,LOTA,67,CHOQUE POSTERIOR/FRENTE,40,CHOQUE,1,URBANA,16,CRUCE SIN SEÑALIZACION,14,OTRAS CAUSAS,98,OTRAS CAUSAS,0,SERRANO,0,CONDELL,CONDELL - SERRANO,0, , , , ,1,1,2,BIDIRECCIONAL,1,CONCRETO,1,BUENO,1,SECO,1,DESPEJADO,0,0,0,0,2
-8143637.08302069,-4452313.4857714,2873,22551,1407345,-73.1555366,-37.0946893,99,LOTA,1,55730,2021,1407345,REGION BIO BIO,8106,LOTA,ARTURO PRAT, ,198,"ARTURO PRAT 198, LOTA",CHILE,RANGE_INTERPOLATED,75753,2021,1407345,1,2021/12/12 00:00:00+00,1899/12/30 00:00:00+00,8,REGION BIO BIO,8106,LOTA,63,CHOQUE FRENTE/POSTERIOR,40,CHOQUE,1,URBANA,1,TRAMO DE VIA RECTA,1,IMPRUDENCIA DEL CONDUCTOR,27,CONDUCCION NO ATENTO CONDICIONES TRANSITO MOMENTO,0,ARTURO PRAT,0, ,- ARTURO PRAT,198, , , , ,2,0,1,UNIDIRECCIONAL,1,CONCRETO,1,BUENO,1,SECO,1,DESPEJADO,0,0,0,0,2
-8143635.94756188,-4452312.94148313,2874,22552,1361143,-73.1555264,-37.0946854,99,LOTA,1,25461,2021,1361143,REGION BIO BIO,8106,LOTA,ARTURO PRAT,PEDRO AGUIRRE CERDA,0,"ARTURO PRAT & PEDRO AGUIRRE CERDA, LOTA",CHILE,GEOMETRIC_CENTER,35181,2021,1361143,1,2021/07/01 00:00:00+00,1899/12/30 00:00:00+00,8,REGION BIO BIO,8106,LOTA,52,CHOQUE LATERAL,40,CHOQUE,1,URBANA,15,CRUCE CON SEÑAL CEDA EL PASO,9,PERDIDA CONTROL VEHICULO,95,PERDIDA CONTROL VEHICULO,0,ARTURO PRAT,0,PEDRO AGUIRRE CERDA,ARTURO PRAT - PEDRO AGUIRRE CERDA,0, , , , ,2,0,1,UNIDIRECCIONAL,1,CONCRETO,1,BUENO,2,HUMEDO,1,DESPEJADO,0,0,0,0,1
-8143918.96623527,-4452306.10299193,2875,22553,1390319,-73.1580688,-37.0946364,99,LOTA,1,45604,2021,1390319,REGION BIO BIO,8106,LOTA,MATTA,GALVARINO,0,"MATTA & GALVARINO, LOTA",CHILE,GEOMETRIC_CENTER,62326,2021,1390319,1,2021/10/21 00:00:00+00,1899/12/30 00:00:00+00,8,REGION BIO BIO,8106,LOTA,32,COLISION LATERAL,30,COLISION,1,URBANA,15,CRUCE CON SEÑAL CEDA EL PASO,10,DESOBEDIENCIA A SEÑALIZACION,64,SEÑALIZACION DESOBEDECER SEÑAL CEDA EL PASO,0,MATTA,0,GALVARINO,GALVARINO - MATTA,0, , , , ,1,1,2,BIDIRECCIONAL,1,CONCRETO,1,BUENO,1,SECO,1,DESPEJADO,0,0,0,0,2
-8143646.07763554,-4452285.81084202,2876,22554,1351820,-73.1556174,-37.094491,99,LOTA,1,19388,2021,1351820,REGION BIO BIO,8106,LOTA,FERNANDO MAIRA,ELEUTERIO RAMIREZ,0,"FERNANDO MAIRA & ELEUTERIO RAMIREZ, LOTA",CHILE,GEOMETRIC_CENTER,26679,2021,1351820,1,2021/05/22 00:00:00+00,1899/12/30 00:00:00+00,8,REGION BIO BIO,8106,LOTA,32,COLISION LATERAL,30,COLISION,1,URBANA,14,CRUCE CON SEÑAL PARE,1,IMPRUDENCIA DEL CONDUCTOR,27,CONDUCCION NO ATENTO CONDICIONES TRANSITO MOMENTO,0,FERNANDO MAIRA,0,ELEUTERIO RAMIREZ,ELEUTERIO RAMIREZ - FERNANDO MAIRA,0, , , , ,1,1,2,BIDIRECCIONAL,2,ASFALTO,1,BUENO,2,HUMEDO,2,NUBLADO,0,0,1,0,1
-8143646.07763554,-4452285.81084202,2877,22555,1362176,-73.1556174,-37.094491,99,LOTA,1,26062,2021,1362176,REGION BIO BIO,8106,LOTA,ARNOLDO COURAD,DIEGO PORTALES,0,"ARNOLDO COURAD & DIEGO PORTALES, LOTA",CHILE,GEOMETRIC_CENTER,35963,2021,1362176,1,2021/07/04 00:00:00+00,1899/12/30 00:00:00+00,8,REGION BIO BIO,8106,LOTA,32,COLISION LATERAL,30,COLISION,1,URBANA,16,CRUCE SIN SEÑALIZACION,13,CAUSAS NO DETERMINADAS,97,CAUSAS NO DETERMINADAS,0,ARNOLDO COURAD,0,DIEGO PORTALES,ARNOLDO COURAD - DIEGO PORTALES,0, , , , ,1,1,2,BIDIRECCIONAL,2,ASFALTO,1,BUENO,1,SECO,1,DESPEJADO,0,0,0,0,2
-8143580.04291361,-4452285.48985234,2878,22556,1380957,-73.1550242,-37.0944887,99,LOTA,1,39439,2021,1380957,REGION BIO BIO,8106,LOTA,ARTURO PRAT, ,250,"ARTURO PRAT 250, LOTA",CHILE,RANGE_INTERPOLATED,54159,2021,1380957,1,2021/09/17 00:00:00+00,1899/12/30 00:00:00+00,8,REGION BIO BIO,8106,LOTA,64,CHOQUE LADO/FRENTE,40,CHOQUE,2,RURAL,26,OTROS NO CONSIDERADOS,1,IMPRUDENCIA DEL CONDUCTOR,29,CONDUCCION CAMBIAR SORPRESIVAMENTE PISTA CIRCULACION,0,ARTURO PRAT,0, ,- ARTURO PRAT,250, , , , ,1,1,2,BIDIRECCIONAL,2,ASFALTO,1,BUENO,1,SECO,1,DESPEJADO,0,0,0,0,2
-8142461.62712155,-4452278.97236836,2879,22557,1357190,-73.1449773,-37.094442,99,LOTA,1,21473,2021,1357190,REGION BIO BIO,8106,LOTA,LUIS CRUZ MARTINEZ,PEDRO LAGOS,0,"LUIS CRUZ MARTINEZ & PEDRO LAGOS, LOTA",CHILE,GEOMETRIC_CENTER,29598,2021,1357190,1,2021/06/05 00:00:00+00,1899/12/30 00:00:00+00,8,REGION BIO BIO,8106,LOTA,51,CHOQUE FRONTAL,40,CHOQUE,1,URBANA,16,CRUCE SIN SEÑALIZACION,1,IMPRUDENCIA DEL CONDUCTOR,27,CONDUCCION NO ATENTO CONDICIONES TRANSITO MOMENTO,0,LUIS CRUZ MARTINEZ,0,PEDRO LAGOS,LUIS CRUZ MARTINEZ - PEDRO LAGOS,0, , , , ,1,1,2,BIDIRECCIONAL,1,CONCRETO,1,BUENO,1,SECO,1,DESPEJADO,0,0,0,0,1
-8143523.93789024,-4452256.89389787,2880,22558,1340574,-73.1545202,-37.0942838,99,LOTA,1,10866,2021,1340574,REGION BIO BIO,8106,LOTA,ARTURO PRAT,SERRANO,0,"ARTURO PRAT & SERRANO, LOTA",CHILE,GEOMETRIC_CENTER,15088,2021,1340574,1,2021/03/18 00:00:00+00,1899/12/30 00:00:00+00,8,REGION BIO BIO,8106,LOTA,32,COLISION LATERAL,30,COLISION,1,URBANA,15,CRUCE CON SEÑAL CEDA EL PASO,1,IMPRUDENCIA DEL CONDUCTOR,27,CONDUCCION NO ATENTO CONDICIONES TRANSITO MOMENTO,0,ARTURO PRAT,0,SERRANO,ARTURO PRAT - SERRANO,0, , , , ,2,0,1,UNIDIRECCIONAL,1,CONCRETO,1,BUENO,1,SECO,1,DESPEJADO,0,0,0,0,2
-8143523.93789024,-4452256.89389787,2881,22559,1374835,-73.1545202,-37.0942838,99,LOTA,1,35914,2021,1374835,REGION BIO BIO,8106,LOTA,ARTURO PRAT,SERRANO,0,"ARTURO PRAT & SERRANO, LOTA",CHILE,GEOMETRIC_CENTER,49453,2021,1374835,1,2021/08/29 00:00:00+00,1899/12/30 00:00:00+00,8,REGION BIO BIO,8106,LOTA,32,COLISION LATERAL,30,COLISION,1,URBANA,15,CRUCE CON SEÑAL CEDA EL PASO,10,DESOBEDIENCIA A SEÑALIZACION,64,SEÑALIZACION DESOBEDECER SEÑAL CEDA EL PASO,0,ARTURO PRAT,0,SERRANO,ARTURO PRAT - SERRANO,0, , , , ,2,0,1,UNIDIRECCIONAL,1,CONCRETO,1,BUENO,1,SECO,1,DESPEJADO,0,0,0,2,2
-8143523.93789024,-4452256.89389787,2882,22560,1390307,-73.1545202,-37.0942838,99,LOTA,1,44532,2021,1390307,REGION BIO BIO,8106,LOTA,ARTURO PRAT,SERRANO,0,"ARTURO PRAT & SERRANO, LOTA",CHILE,GEOMETRIC_CENTER,60872,2021,1390307,1,2021/10/15 00:00:00+00,1899/12/30 00:00:00+00,8,REGION BIO BIO,8106,LOTA,32,COLISION LATERAL,30,COLISION,1,URBANA,15,CRUCE CON SEÑAL CEDA EL PASO,10,DESOBEDIENCIA A SEÑALIZACION,64,SEÑALIZACION DESOBEDECER SEÑAL CEDA EL PASO,0,ARTURO PRAT,0,SERRANO,ARTURO PRAT - SERRANO,0, , , , ,1,2,2,BIDIRECCIONAL,2,ASFALTO,1,BUENO,1,SECO,1,DESPEJADO,0,0,0,1,1
-8143494.03747502,-4452222.10155974,2883,22561,1373959,-73.1542516,-37.0940345,99,LOTA,1,35114,2021,1373959,REGION BIO BIO,8106,LOTA,ARTURO PRAT, ,333,"ARTURO PRAT 333, LOTA",CHILE,RANGE_INTERPOLATED,48392,2021,1373959,1,2021/08/25 00:00:00+00,1899/12/30 00:00:00+00,8,REGION BIO BIO,8106,LOTA,10,ATROPELLO,10,ATROPELLO,1,URBANA,1,TRAMO DE VIA RECTA,1,IMPRUDENCIA DEL CONDUCTOR,28,CONDUCCION SIN MANTENER DISTANCIA RAZONABLE NI PRUDENTE,0,ARTURO PRAT,0, ,- ARTURO PRAT,333, , , , ,2,0,1,UNIDIRECCIONAL,1,CONCRETO,1,BUENO,2,HUMEDO,2,NUBLADO,0,0,0,1,1
-8143768.05040161,-4452207.83854847,2884,22562,1350105,-73.1567131,-37.0939323,99,LOTA,1,12283,2021,1350105,REGION BIO BIO,8106,LOTA,FERNANDO MAIRA,LA PAZ,0,"FERNANDO MAIRA & LA PAZ, LOTA",CHILE,GEOMETRIC_CENTER,17001,2021,1350105,1,2021/03/30 00:00:00+00,1899/12/30 00:00:00+00,8,REGION BIO BIO,8106,LOTA,33,COLISION POR ALCANCE,30,COLISION,1,URBANA,11,CRUCE CON SEMAFORO FUNCIONANDO,14,OTRAS CAUSAS,98,OTRAS CAUSAS,0,FERNANDO MAIRA,0,LA PAZ,FERNANDO MAIRA - LA PAZ,0, , , , ,2,1,2,BIDIRECCIONAL,1,CONCRETO,1,BUENO,1,SECO,1,DESPEJADO,0,0,0,0,2
-8143768.05040161,-4452207.83854847,2885,22563,1345570,-73.1567131,-37.0939323,99,LOTA,1,14894,2021,1345570,REGION BIO BIO,8106,LOTA,FERNANDO MAIRA,RENE SCHNEIDER,0,"FERNANDO MAIRA & RENE SCHNEIDER, LOTA",CHILE,GEOMETRIC_CENTER,20539,2021,1345570,1,2021/04/21 00:00:00+00,1899/12/30 00:00:00+00,8,REGION BIO BIO,8106,LOTA,32,COLISION LATERAL,30,COLISION,1,URBANA,16,CRUCE SIN SEÑALIZACION,1,IMPRUDENCIA DEL CONDUCTOR,27,CONDUCCION NO ATENTO CONDICIONES TRANSITO MOMENTO,0,FERNANDO MAIRA,0,RENE SCHNEIDER,FERNANDO MAIRA - RENE SCHNEIDER,0, , , , ,1,2,2,BIDIRECCIONAL,1,CONCRETO,1,BUENO,1,SECO,2,NUBLADO,0,0,0,1,1
-8143768.05040161,-4452207.83854847,2886,22564,1347922,-73.1567131,-37.0939323,99,LOTA,1,17106,2021,1347922,REGION BIO BIO,8106,LOTA,DIEGO PORTALES,FERNANDO MAIRA,0,"DIEGO PORTALES & FERNANDO MAIRA, LOTA",CHILE,GEOMETRIC_CENTER,23571,2021,1347922,1,2021/05/07 00:00:00+00,1899/12/30 00:00:00+00,8,REGION BIO BIO,8106,LOTA,32,COLISION LATERAL,30,COLISION,1,URBANA,14,CRUCE CON SEÑAL PARE,10,DESOBEDIENCIA A SEÑALIZACION,65,SEÑALIZACION DESOBEDECER SEÑAL PARE,0,DIEGO PORTALES,0,FERNANDO MAIRA,DIEGO PORTALES - FERNANDO MAIRA,0, , , , ,1,1,2,BIDIRECCIONAL,1,CONCRETO,1,BUENO,1,SECO,1,DESPEJADO,0,0,1,1,1
-8143768.05040161,-4452207.83854847,2887,22565,1347925,-73.1567131,-37.0939323,99,LOTA,1,17133,2021,1347925,REGION BIO BIO,8106,LOTA,ALONSO DE ERCILLA,FERNANDO MAIRA,0,"ALONSO DE ERCILLA & FERNANDO MAIRA, LOTA",CHILE,GEOMETRIC_CENTER,23612,2021,1347925,1,2021/05/08 00:00:00+00,1899/12/30 00:00:00+00,8,REGION BIO BIO,8106,LOTA,70,VOLCADURA,70,VOLCADURA,1,URBANA,1,TRAMO DE VIA RECTA,4,ALCOHOL EN CONDUCTOR,24,CONDUCCION EN ESTADO DE EBRIEDAD,0,ALONSO DE ERCILLA,0,FERNANDO MAIRA,ALONSO DE ERCILLA - FERNANDO MAIRA,0, , , , ,1,1,2,BIDIRECCIONAL,2,ASFALTO,1,BUENO,2,HUMEDO,1,DESPEJADO,0,0,0,3,0
-8143768.05040161,-4452207.83854847,2888,22566,1351827,-73.1567131,-37.0939323,99,LOTA,1,19501,2021,1351827,REGION BIO BIO,8106,LOTA,FERNANDO MAIRA, ,85,"FERNANDO MAIRA 85, LOTA",CHILE,RANGE_INTERPOLATED,26849,2021,1351827,1,2021/05/24 00:00:00+00,1899/12/30 00:00:00+00,8,REGION BIO BIO,8106,LOTA,51,CHOQUE FRONTAL,40,CHOQUE,1,URBANA,2,TRAMO DE VIA CURVA HORIZONTAL,1,IMPRUDENCIA DEL CONDUCTOR,27,CONDUCCION NO ATENTO CONDICIONES TRANSITO MOMENTO,0,FERNANDO MAIRA,0, ,- FERNANDO MAIRA,85, , , , ,1,2,2,BIDIRECCIONAL,2,ASFALTO,1,BUENO,2,HUMEDO,2,NUBLADO,0,0,0,1,0
-8143768.05040161,-4452207.83854847,2889,22567,1352578,-73.1567131,-37.0939323,99,LOTA,1,20055,2021,1352578,REGION BIO BIO,8106,LOTA,FERNANDO MAIRA,LA PAZ,0,"FERNANDO MAIRA & LA PAZ, LOTA",CHILE,GEOMETRIC_CENTER,27613,2021,1352578,1,2021/05/27 00:00:00+00,1899/12/30 00:00:00+00,8,REGION BIO BIO,8106,LOTA,10,ATROPELLO,10,ATROPELLO,1,URBANA,11,CRUCE CON SEMAFORO FUNCIONANDO,1,IMPRUDENCIA DEL CONDUCTOR,31,NO RESPETAR DERECHO PREFERENTE DE PASO A PEATON,0,FERNANDO MAIRA,0,LA PAZ,FERNANDO MAIRA - LA PAZ,0, , , , ,1,2,2,BIDIRECCIONAL,1,CONCRETO,1,BUENO,2,HUMEDO,2,NUBLADO,0,0,0,1,1
-8143768.05040161,-4452207.83854847,2890,22568,1353541,-73.1567131,-37.0939323,99,LOTA,1,20716,2021,1353541,REGION BIO BIO,8106,LOTA,FERNANDO MAIRA,LOS HEROES,0,"FERNANDO MAIRA & LOS HEROES, LOTA",CHILE,GEOMETRIC_CENTER,28552,2021,1353541,1,2021/05/31 00:00:00+00,1899/12/30 00:00:00+00,8,REGION BIO BIO,8106,LOTA,32,COLISION LATERAL,30,COLISION,1,URBANA,11,CRUCE CON SEMAFORO FUNCIONANDO,10,DESOBEDIENCIA A SEÑALIZACION,68,SEÑALIZACION DESOBEDECER LUZ INTERMITENTE SEMAFORO,0,FERNANDO MAIRA,0,LOS HEROES,FERNANDO MAIRA - LOS HEROES,0, , , , ,1,1,2,BIDIRECCIONAL,1,CONCRETO,1,BUENO,3,MOJADO,3,LLUVIA,0,0,1,0,1
-8143768.05040161,-4452207.83854847,2891,22569,1358433,-73.1567131,-37.0939323,99,LOTA,1,24102,2021,1358433,REGION BIO BIO,8106,LOTA,FERNANDO MAIRA,LA PAZ,0,"FERNANDO MAIRA & LA PAZ, LOTA",CHILE,GEOMETRIC_CENTER,33234,2021,1358433,1,2021/06/22 00:00:00+00,1899/12/30 00:00:00+00,8,REGION BIO BIO,8106,LOTA,10,ATROPELLO,10,ATROPELLO,1,URBANA,11,CRUCE CON SEMAFORO FUNCIONANDO,1,IMPRUDENCIA DEL CONDUCTOR,31,NO RESPETAR DERECHO PREFERENTE DE PASO A PEATON,0,FERNANDO MAIRA,0,LA PAZ,FERNANDO MAIRA - LA PAZ,0, , , , ,1,2,2,BIDIRECCIONAL,2,ASFALTO,1,BUENO,3,MOJADO,3,LLUVIA,0,0,1,0,1
-8143768.05040161,-4452207.83854847,2892,22570,1362167,-73.1567131,-37.0939323,99,LOTA,1,25750,2021,1362167,REGION BIO BIO,8106,LOTA,FERNANDO MAIRA,LA PAZ,0,"FERNANDO MAIRA & LA PAZ, LOTA",CHILE,GEOMETRIC_CENTER,35541,2021,1362167,1,2021/07/02 00:00:00+00,1899/12/30 00:00:00+00,8,REGION BIO BIO,8106,LOTA,33,COLISION POR ALCANCE,30,COLISION,1,URBANA,11,CRUCE CON SEMAFORO FUNCIONANDO,1,IMPRUDENCIA DEL CONDUCTOR,28,CONDUCCION SIN MANTENER DISTANCIA RAZONABLE NI PRUDENTE,0,FERNANDO MAIRA,0,LA PAZ,FERNANDO MAIRA - LA PAZ,0, , , , ,2,1,2,BIDIRECCIONAL,1,CONCRETO,2,REGULAR,1,SECO,1,DESPEJADO,0,0,0,1,1
-8143768.05040161,-4452207.83854847,2893,22571,1371281,-73.1567131,-37.0939323,99,LOTA,1,31593,2021,1371281,REGION BIO BIO,8106,LOTA,LA PAZ,FERNANDO MAIRA,0,"LA PAZ & FERNANDO MAIRA, LOTA",CHILE,GEOMETRIC_CENTER,43611,2021,1371281,1,2021/08/05 00:00:00+00,1899/12/30 00:00:00+00,8,REGION BIO BIO,8106,LOTA,62,CHOQUE FRENTE/LADO,40,CHOQUE,1,URBANA,11,CRUCE CON SEMAFORO FUNCIONANDO,1,IMPRUDENCIA DEL CONDUCTOR,11,ADELANTAMIENTO SIN EL ESPACIO O TIEMPO SUFICIENTE,0,LA PAZ,0,FERNANDO MAIRA,FERNANDO MAIRA - LA PAZ,0, , , , ,2,2,2,BIDIRECCIONAL,1,CONCRETO,1,BUENO,1,SECO,1,DESPEJADO,0,0,0,0,2
-8143768.05040161,-4452207.83854847,2894,22572,1378230,-73.1567131,-37.0939323,99,LOTA,1,37837,2021,1378230,REGION BIO BIO,8106,LOTA,RENE SCHNEIDER,FERNANDO MAIRA,0,"RENE SCHNEIDER & FERNANDO MAIRA, LOTA",CHILE,GEOMETRIC_CENTER,51994,2021,1378230,1,2021/09/08 00:00:00+00,1899/12/30 00:00:00+00,8,REGION BIO BIO,8106,LOTA,32,COLISION LATERAL,30,COLISION,1,URBANA,14,CRUCE CON SEÑAL PARE,10,DESOBEDIENCIA A SEÑALIZACION,65,SEÑALIZACION DESOBEDECER SEÑAL PARE,0,RENE SCHNEIDER,0,FERNANDO MAIRA,FERNANDO MAIRA - RENE SCHNEIDER,0, , , , ,2,0,1,UNIDIRECCIONAL,2,ASFALTO,1,BUENO,1,SECO,1,DESPEJADO,0,0,0,2,1
-8143768.05040161,-4452207.83854847,2895,22573,1390266,-73.1567131,-37.0939323,99,LOTA,1,42492,2021,1390266,REGION BIO BIO,8106,LOTA,FERNANDO MAIRA,LA PAZ,0,"FERNANDO MAIRA & LA PAZ, LOTA",CHILE,GEOMETRIC_CENTER,58213,2021,1390266,1,2021/10/04 00:00:00+00,1899/12/30 00:00:00+00,8,REGION BIO BIO,8106,LOTA,32,COLISION LATERAL,30,COLISION,1,URBANA,11,CRUCE CON SEMAFORO FUNCIONANDO,1,IMPRUDENCIA DEL CONDUCTOR,27,CONDUCCION NO ATENTO CONDICIONES TRANSITO MOMENTO,0,FERNANDO MAIRA,0,LA PAZ,FERNANDO MAIRA - LA PAZ,0, , , , ,1,2,2,BIDIRECCIONAL,2,ASFALTO,1,BUENO,1,SECO,1,DESPEJADO,0,0,0,4,0
-8143768.05040161,-4452207.83854847,2896,22574,1396245,-73.1567131,-37.0939323,99,LOTA,1,50185,2021,1396245,REGION BIO BIO,8106,LOTA,FERNANDO MAIRA, ,1970,"FERNANDO MAIRA 1970, LOTA",CHILE,RANGE_INTERPOLATED,68354,2021,1396245,1,2021/11/14 00:00:00+00,1899/12/30 00:00:00+00,8,REGION BIO BIO,8106,LOTA,51,CHOQUE FRONTAL,40,CHOQUE,1,URBANA,1,TRAMO DE VIA RECTA,8,DROGAS Y/O FATIGA EN CONDUCTOR,25,"CONDICIONES FISICAS DEFICIENTES (CANSANCIO, SUEÑO)",0,FERNANDO MAIRA,0, ,- FERNANDO MAIRA,1970, , , , ,1,2,2,BIDIRECCIONAL,1,CONCRETO,1,BUENO,1,SECO,1,DESPEJADO,0,0,0,0,1
-8143768.05040161,-4452207.83854847,2897,22575,1399551,-73.1567131,-37.0939323,99,LOTA,1,51287,2021,1399551,REGION BIO BIO,8106,LOTA,FERNANDO MAIRA,RENE SCHNEIDER,0,"FERNANDO MAIRA & RENE SCHNEIDER, LOTA",CHILE,GEOMETRIC_CENTER,69766,2021,1399551,1,2021/11/19 00:00:00+00,1899/12/30 00:00:00+00,8,REGION BIO BIO,8106,LOTA,32,COLISION LATERAL,30,COLISION,1,URBANA,14,CRUCE CON SEÑAL PARE,10,DESOBEDIENCIA A SEÑALIZACION,65,SEÑALIZACION DESOBEDECER SEÑAL PARE,0,FERNANDO MAIRA,0,RENE SCHNEIDER,FERNANDO MAIRA - RENE SCHNEIDER,0, , , , ,1,2,2,BIDIRECCIONAL,1,CONCRETO,1,BUENO,1,SECO,1,DESPEJADO,0,0,0,0,2