X,Y,FID,FID_1,LABELID,POINT_X,POINT_Y,FID_2,COMUNAREAL,VAL_COM,OBJECTID,A_O,IDACCIDENT,REGION,COD_COMUN,COMUNA,CALLE_UNO,CALLE_DOS,NUMERO,DIR_GEOCOD,PAIS,TIPO,OBJECTID_1,Año,Idaccide_1,Claseaccid,Fecha,Hora,Cód_Regi,Región,Cód_Comun,Comuna_1,Cód_Tipo_,Tipo_Accid,Cód_Tipo1,Tipo__CONA,Cód_Zona,Zona,Cód_Ubica,Ubicación,Cód_Causa,Causa__CON,Cód_Cau_1,Causa,Cód_Calle,Calle_Un_1,Cód_Cal_1,Calle_Do_1,Intersecci,Número,Ruta,Cód_Ruta,Ubicaci_1,Km_Vía_Fe,Pistas_de_,Pistas_de1,Cód_Calza,Calzada,Cód__Tipo,Tipo_Calza,Cód_Estad,Estado_Cal,Cód_Condi,Condición,Cód_Est_1,Estado_Atm,Fallecidos,Graves,Menos_Grav,Leves,Ilesos
-8143768.05040161,-4452207.83854847,2898,22576,1400005,-73.1567131,-37.0939323,99,LOTA,1,52399,2021,1400005,REGION BIO BIO,8106,LOTA,FERNANDO MAIRA,MARIHUE??ªO,0,"FERNANDO MAIRA & MARIHUE??ªO, LOTA",CHILE,GEOMETRIC_CENTER,71235,2021,1400005,1,2021/11/25 00:00:00+00,1899/12/30 00:00:00+00,8,REGION BIO BIO,8106,LOTA,51,CHOQUE FRONTAL,40,CHOQUE,1,URBANA,1,TRAMO DE VIA RECTA,1,IMPRUDENCIA DEL CONDUCTOR,11,ADELANTAMIENTO SIN EL ESPACIO O TIEMPO SUFICIENTE,0,FERNANDO MAIRA,0,MARIHUEÑO,FERNANDO MAIRA - MARIHUEÑO,0, , , , ,1,2,2,BIDIRECCIONAL,2,ASFALTO,1,BUENO,1,SECO,1,DESPEJADO,0,0,0,0,2
-8143768.05040161,-4452207.83854847,2899,22577,1403963,-73.1567131,-37.0939323,99,LOTA,1,53804,2021,1403963,REGION BIO BIO,8106,LOTA,FERNANDO MAIRA,LA PAZ,0,"FERNANDO MAIRA & LA PAZ, LOTA",CHILE,GEOMETRIC_CENTER,73118,2021,1403963,1,2021/12/02 00:00:00+00,1899/12/30 00:00:00+00,8,REGION BIO BIO,8106,LOTA,31,COLISION FRONTAL,30,COLISION,1,URBANA,11,CRUCE CON SEMAFORO FUNCIONANDO,1,IMPRUDENCIA DEL CONDUCTOR,27,CONDUCCION NO ATENTO CONDICIONES TRANSITO MOMENTO,0,FERNANDO MAIRA,0,LA PAZ,FERNANDO MAIRA - LA PAZ,0, , , , ,1,2,2,BIDIRECCIONAL,2,ASFALTO,1,BUENO,2,HUMEDO,3,LLUVIA,0,0,0,1,2
-8143768.05040161,-4452207.83854847,2900,22578,1403981,-73.1567131,-37.0939323,99,LOTA,1,54064,2021,1403981,REGION BIO BIO,8106,LOTA,FERNANDO MAIRA,LAS SALVIAS,0,"FERNANDO MAIRA & LAS SALVIAS, LOTA",CHILE,GEOMETRIC_CENTER,73465,2021,1403981,1,2021/12/04 00:00:00+00,1899/12/30 00:00:00+00,8,REGION BIO BIO,8106,LOTA,52,CHOQUE LATERAL,40,CHOQUE,1,URBANA,2,TRAMO DE VIA CURVA HORIZONTAL,4,ALCOHOL EN CONDUCTOR,24,CONDUCCION EN ESTADO DE EBRIEDAD,0,FERNANDO MAIRA,0,LAS SALVIAS,FERNANDO MAIRA - LAS SALVIAS,0, , , , ,1,1,2,BIDIRECCIONAL,1,CONCRETO,1,BUENO,1,SECO,1,DESPEJADO,0,0,0,3,0
-8143768.05040161,-4452207.83854847,2901,22579,1407276,-73.1567131,-37.0939323,99,LOTA,1,55240,2021,1407276,REGION BIO BIO,8106,LOTA,FERNANDO MAIRA,RENE SCHNEIDER,0,"FERNANDO MAIRA & RENE SCHNEIDER, LOTA",CHILE,GEOMETRIC_CENTER,75056,2021,1407276,1,2021/12/09 00:00:00+00,1899/12/30 00:00:00+00,8,REGION BIO BIO,8106,LOTA,32,COLISION LATERAL,30,COLISION,1,URBANA,14,CRUCE CON SEÑAL PARE,10,DESOBEDIENCIA A SEÑALIZACION,65,SEÑALIZACION DESOBEDECER SEÑAL PARE,0,FERNANDO MAIRA,0,RENE SCHNEIDER,FERNANDO MAIRA - RENE SCHNEIDER,0, , , , ,2,0,1,UNIDIRECCIONAL,2,ASFALTO,1,BUENO,1,SECO,1,DESPEJADO,0,3,0,1,1
-8143768.05040161,-4452207.83854847,2902,22580,1409729,-73.1567131,-37.0939323,99,LOTA,1,58981,2021,1409729,REGION BIO BIO,8106,LOTA,FERNANDO MAIRA,RENE SCHNEIDER,0,"FERNANDO MAIRA & RENE SCHNEIDER, LOTA",CHILE,GEOMETRIC_CENTER,80150,2021,1409729,1,2021/12/29 00:00:00+00,1899/12/30 00:00:00+00,8,REGION BIO BIO,8106,LOTA,32,COLISION LATERAL,30,COLISION,1,URBANA,14,CRUCE CON SEÑAL PARE,10,DESOBEDIENCIA A SEÑALIZACION,65,SEÑALIZACION DESOBEDECER SEÑAL PARE,0,FERNANDO MAIRA,0,RENE SCHNEIDER,FERNANDO MAIRA - RENE SCHNEIDER,0, , , , ,1,2,2,BIDIRECCIONAL,2,ASFALTO,1,BUENO,1,SECO,2,NUBLADO,0,0,0,2,3
-8143690.29373729,-4452201.60023159,2903,22581,1384251,-73.1560146,-37.0938876,99,LOTA,1,42284,2021,1384251,REGION BIO BIO,8106,LOTA,GALVARINO,PEDRO AGUIRRE CERDA,0,"GALVARINO & PEDRO AGUIRRE CERDA, LOTA",CHILE,GEOMETRIC_CENTER,57914,2021,1384251,1,2021/10/03 00:00:00+00,1899/12/30 00:00:00+00,8,REGION BIO BIO,8106,LOTA,67,CHOQUE POSTERIOR/FRENTE,40,CHOQUE,1,URBANA,15,CRUCE CON SEÑAL CEDA EL PASO,1,IMPRUDENCIA DEL CONDUCTOR,27,CONDUCCION NO ATENTO CONDICIONES TRANSITO MOMENTO,0,GALVARINO,0,PEDRO AGUIRRE CERDA,GALVARINO - PEDRO AGUIRRE CERDA,0, , , , ,2,0,1,UNIDIRECCIONAL,1,CONCRETO,1,BUENO,1,SECO,1,DESPEJADO,0,0,0,0,2
-8143771.25640294,-4452190.25404051,2904,22582,1366208,-73.1567419,-37.0938063,99,LOTA,1,28753,2021,1366208,REGION BIO BIO,8106,LOTA,GALVARINO, ,111,"GALVARINO 111, LOTA",CHILE,RANGE_INTERPOLATED,39730,2021,1366208,1,2021/07/20 00:00:00+00,1899/12/30 00:00:00+00,8,REGION BIO BIO,8106,LOTA,32,COLISION LATERAL,30,COLISION,1,URBANA,1,TRAMO DE VIA RECTA,1,IMPRUDENCIA DEL CONDUCTOR,27,CONDUCCION NO ATENTO CONDICIONES TRANSITO MOMENTO,0,GALVARINO,0, ,- GALVARINO,111, , , , ,2,0,1,UNIDIRECCIONAL,1,CONCRETO,1,BUENO,1,SECO,1,DESPEJADO,0,0,0,0,2
-8144266.06040757,-4452150.61922502,2905,22583,1377247,-73.1611868,-37.0935223,99,LOTA,1,36091,2021,1377247,REGION BIO BIO,8106,LOTA,LAS AZUCENAS, ,123,"LAS AZUCENAS 123, LOTA",CHILE,RANGE_INTERPOLATED,49689,2021,1377247,1,2021/08/30 00:00:00+00,1899/12/30 00:00:00+00,8,REGION BIO BIO,8106,LOTA,67,CHOQUE POSTERIOR/FRENTE,40,CHOQUE,1,URBANA,1,TRAMO DE VIA RECTA,1,IMPRUDENCIA DEL CONDUCTOR,27,CONDUCCION NO ATENTO CONDICIONES TRANSITO MOMENTO,0,LAS AZUCENAS,0, ,- LAS AZUCENAS,123, , , , ,1,1,2,BIDIRECCIONAL,1,CONCRETO,1,BUENO,2,HUMEDO,2,NUBLADO,0,0,0,0,2
-8143585.86492298,-4452145.09269212,2906,22584,1362225,-73.1550765,-37.0934827,99,LOTA,1,26946,2021,1362225,REGION BIO BIO,8106,LOTA,GALVARINO,SERRANO,0,"GALVARINO & SERRANO, LOTA",CHILE,GEOMETRIC_CENTER,37154,2021,1362225,1,2021/07/09 00:00:00+00,1899/12/30 00:00:00+00,8,REGION BIO BIO,8106,LOTA,32,COLISION LATERAL,30,COLISION,1,URBANA,15,CRUCE CON SEÑAL CEDA EL PASO,10,DESOBEDIENCIA A SEÑALIZACION,64,SEÑALIZACION DESOBEDECER SEÑAL CEDA EL PASO,0,GALVARINO,0,SERRANO,GALVARINO - SERRANO,0, , , , ,2,0,1,UNIDIRECCIONAL,1,CONCRETO,1,BUENO,2,HUMEDO,1,DESPEJADO,0,0,0,2,0
-8143789.74657036,-4452100.19669733,2907,22585,1327093,-73.156908,-37.093161,99,LOTA,1,1354,2021,1327093,REGION BIO BIO,8106,LOTA,MONSALVES, ,40,"MONSALVES 40, LOTA",CHILE,RANGE_INTERPOLATED,1841,2021,1327093,1,2021/01/10 00:00:00+00,1899/12/30 00:00:00+00,8,REGION BIO BIO,8106,LOTA,10,ATROPELLO,10,ATROPELLO,1,URBANA,1,TRAMO DE VIA RECTA,1,IMPRUDENCIA DEL CONDUCTOR,27,CONDUCCION NO ATENTO CONDICIONES TRANSITO MOMENTO,0,MONSALVES,0, ,- MONSALVES,40, , , , ,2,0,1,UNIDIRECCIONAL,1,CONCRETO,1,BUENO,2,HUMEDO,2,NUBLADO,0,0,0,1,1
-8143754.98149339,-4452090.83234072,2908,22586,1341325,-73.1565957,-37.0930939,99,LOTA,1,12142,2021,1341325,REGION BIO BIO,8106,LOTA,SERRANO,MONSALVES,0,"SERRANO & MONSALVES, LOTA",CHILE,GEOMETRIC_CENTER,16801,2021,1341325,1,2021/03/29 00:00:00+00,1899/12/30 00:00:00+00,8,REGION BIO BIO,8106,LOTA,67,CHOQUE POSTERIOR/FRENTE,40,CHOQUE,1,URBANA,15,CRUCE CON SEÑAL CEDA EL PASO,14,OTRAS CAUSAS,98,OTRAS CAUSAS,0,SERRANO,0,MONSALVES,MONSALVES - SERRANO,0, , , , ,2,0,1,UNIDIRECCIONAL,1,CONCRETO,1,BUENO,1,SECO,1,DESPEJADO,0,0,0,0,2
-8143754.98149339,-4452090.83234072,2909,22587,1347901,-73.1565957,-37.0930939,99,LOTA,1,17015,2021,1347901,REGION BIO BIO,8106,LOTA,MONSALVES,SERRANO,0,"MONSALVES & SERRANO, LOTA",CHILE,GEOMETRIC_CENTER,23454,2021,1347901,1,2021/05/07 00:00:00+00,1899/12/30 00:00:00+00,8,REGION BIO BIO,8106,LOTA,63,CHOQUE FRENTE/POSTERIOR,40,CHOQUE,1,URBANA,15,CRUCE CON SEÑAL CEDA EL PASO,13,CAUSAS NO DETERMINADAS,97,CAUSAS NO DETERMINADAS,0,MONSALVES,0,SERRANO,MONSALVES - SERRANO,0, , , , ,2,0,1,UNIDIRECCIONAL,1,CONCRETO,1,BUENO,1,SECO,2,NUBLADO,0,0,0,0,2
-8144465.26663634,-4451991.45344267,2910,22588,1349579,-73.1629763,-37.0923818,99,LOTA,1,17254,2021,1349579,REGION BIO BIO,8106,LOTA,PASAJE UNO, ,211,"PASAJE UNO 211, LOTA",CHILE,RANGE_INTERPOLATED,23786,2021,1349579,1,2021/05/09 00:00:00+00,1899/12/30 00:00:00+00,8,REGION BIO BIO,8106,LOTA,62,CHOQUE FRENTE/LADO,40,CHOQUE,1,URBANA,1,TRAMO DE VIA RECTA,4,ALCOHOL EN CONDUCTOR,24,CONDUCCION EN ESTADO DE EBRIEDAD,0,PASAJE UNO,0, ,- PASAJE UNO,211, , , , ,1,1,2,BIDIRECCIONAL,1,CONCRETO,1,BUENO,1,SECO,1,DESPEJADO,0,0,0,0,2
-8143810.09577328,-4451983.06607946,2911,22589,1371429,-73.1570908,-37.0923217,99,LOTA,1,32681,2021,1371429,REGION BIO BIO,8106,LOTA,ANIBAL PINTO,PEDRO AGUIRRE CERDA,0,"ANIBAL PINTO & PEDRO AGUIRRE CERDA, LOTA",CHILE,GEOMETRIC_CENTER,45094,2021,1371429,1,2021/08/11 00:00:00+00,1899/12/30 00:00:00+00,8,REGION BIO BIO,8106,LOTA,68,CHOQUE POSTERIOR/LADO,40,CHOQUE,1,URBANA,26,OTROS NO CONSIDERADOS,1,IMPRUDENCIA DEL CONDUCTOR,93,CONDUCIR VEHICULO EN RETROCESO,0,ANIBAL PINTO,0,PEDRO AGUIRRE CERDA,ANIBAL PINTO - PEDRO AGUIRRE CERDA,0, , , , ,2,0,1,UNIDIRECCIONAL,2,ASFALTO,1,BUENO,1,SECO,1,DESPEJADO,0,0,0,0,2
-8143668.17455447,-4451954.79192237,2912,22590,1399706,-73.1558159,-37.0921191,99,LOTA,1,51782,2021,1399706,REGION BIO BIO,8106,LOTA,BALDOMERO LILLO,SUBSOLE,0,"BALDOMERO LILLO & SUBSOLE, LOTA",CHILE,GEOMETRIC_CENTER,70418,2021,1399706,1,2021/11/21 00:00:00+00,1899/12/30 00:00:00+00,8,REGION BIO BIO,8106,LOTA,99,OTRO TIPO,99,OTRO TIPO,1,URBANA,16,CRUCE SIN SEÑALIZACION,14,OTRAS CAUSAS,98,OTRAS CAUSAS,0,BALDOMERO LILLO,0,SUBSOLE,BALDOMERO LILLO - SUBSOLE,0, , , , ,1,1,2,BIDIRECCIONAL,1,CONCRETO,1,BUENO,1,SECO,1,DESPEJADO,0,0,0,0,1
-8143472.97582736,-4451912.26918383,2913,22591,1381852,-73.1540624,-37.0918144,99,LOTA,1,40323,2021,1381852,REGION BIO BIO,8106,LOTA,RENE SCHNEIDER,LOS GRANADOS,0,"RENE SCHNEIDER & LOS GRANADOS, LOTA",CHILE,GEOMETRIC_CENTER,55367,2021,1381852,1,2021/09/22 00:00:00+00,1899/12/30 00:00:00+00,8,REGION BIO BIO,8106,LOTA,32,COLISION LATERAL,30,COLISION,1,URBANA,1,TRAMO DE VIA RECTA,4,ALCOHOL EN CONDUCTOR,24,CONDUCCION EN ESTADO DE EBRIEDAD,0,RENE SCHNEIDER,0,LOS GRANADOS,LOS GRANADOS - RENE SCHNEIDER,0, , , , ,1,1,2,BIDIRECCIONAL,2,ASFALTO,1,BUENO,1,SECO,1,DESPEJADO,0,0,0,1,1
-8143059.47957881,-4451881.44135197,2914,22592,1344324,-73.1503479,-37.0915935,99,LOTA,1,14345,2021,1344324,REGION BIO BIO,8106,LOTA,LOS MOLLES, ,22,"LOS MOLLES 22, LOTA",CHILE,RANGE_INTERPOLATED,19774,2021,1344324,1,2021/04/17 00:00:00+00,1899/12/30 00:00:00+00,8,REGION BIO BIO,8106,LOTA,63,CHOQUE FRENTE/POSTERIOR,40,CHOQUE,1,URBANA,1,TRAMO DE VIA RECTA,1,IMPRUDENCIA DEL CONDUCTOR,27,CONDUCCION NO ATENTO CONDICIONES TRANSITO MOMENTO,0,LOS MOLLES,0, ,- LOS MOLLES,22, , , , ,1,1,2,BIDIRECCIONAL,1,CONCRETO,1,BUENO,1,SECO,2,NUBLADO,0,0,0,0,2
-8143586.56623577,-4451880.25513117,2915,22593,1369150,-73.1550828,-37.091585,99,LOTA,1,31538,2021,1369150,REGION BIO BIO,8106,LOTA,CARRERA,ANIBAL PINTO,0,"CARRERA & ANIBAL PINTO, LOTA",CHILE,GEOMETRIC_CENTER,43547,2021,1369150,1,2021/08/05 00:00:00+00,1899/12/30 00:00:00+00,8,REGION BIO BIO,8106,LOTA,32,COLISION LATERAL,30,COLISION,1,URBANA,2,TRAMO DE VIA CURVA HORIZONTAL,10,DESOBEDIENCIA A SEÑALIZACION,65,SEÑALIZACION DESOBEDECER SEÑAL PARE,0,CARRERA,0,ANIBAL PINTO,ANIBAL PINTO - CARRERA,0, , , , ,2,0,1,UNIDIRECCIONAL,1,CONCRETO,1,BUENO,1,SECO,1,DESPEJADO,0,0,0,1,2
-8143733.79739429,-4451860.32664166,2916,22594,1362162,-73.1564054,-37.0914422,99,LOTA,1,25486,2021,1362162,REGION BIO BIO,8106,LOTA,VISTA HERMOSA,ALEJANDRO FLORES,0,"VISTA HERMOSA & ALEJANDRO FLORES, LOTA",CHILE,GEOMETRIC_CENTER,35207,2021,1362162,1,2021/07/01 00:00:00+00,1899/12/30 00:00:00+00,8,REGION BIO BIO,8106,LOTA,63,CHOQUE FRENTE/POSTERIOR,40,CHOQUE,1,URBANA,16,CRUCE SIN SEÑALIZACION,1,IMPRUDENCIA DEL CONDUCTOR,27,CONDUCCION NO ATENTO CONDICIONES TRANSITO MOMENTO,0,VISTA HERMOSA,0,ALEJANDRO FLORES,ALEJANDRO FLORES - VISTA HERMOSA,0, , , , ,1,1,2,BIDIRECCIONAL,1,CONCRETO,1,BUENO,1,SECO,1,DESPEJADO,0,0,0,4,0
-8143751.28568629,-4451812.29187941,2917,22595,1367549,-73.1565625,-37.091098,99,LOTA,1,29950,2021,1367549,REGION BIO BIO,8106,LOTA,SERRANO,CAUPOLICAN,0,"SERRANO & CAUPOLICAN, LOTA",CHILE,GEOMETRIC_CENTER,41425,2021,1367549,1,2021/07/27 00:00:00+00,1899/12/30 00:00:00+00,8,REGION BIO BIO,8106,LOTA,10,ATROPELLO,10,ATROPELLO,1,URBANA,15,CRUCE CON SEÑAL CEDA EL PASO,1,IMPRUDENCIA DEL CONDUCTOR,31,NO RESPETAR DERECHO PREFERENTE DE PASO A PEATON,0,SERRANO,0,CAUPOLICAN,CAUPOLICAN - SERRANO,0, , , , ,2,0,1,UNIDIRECCIONAL,1,CONCRETO,1,BUENO,1,SECO,1,DESPEJADO,0,0,0,0,2
-8143920.85866662,-4451768.49977321,2918,22596,1333795,-73.1580858,-37.0907842,99,LOTA,1,4642,2021,1333795,REGION BIO BIO,8106,LOTA,PEDRO AGUIRRE CERDA,SQUELLA,0,"PEDRO AGUIRRE CERDA & SQUELLA, LOTA",CHILE,GEOMETRIC_CENTER,6509,2021,1333795,1,2021/02/03 00:00:00+00,1899/12/30 00:00:00+00,8,REGION BIO BIO,8106,LOTA,10,ATROPELLO,10,ATROPELLO,1,URBANA,16,CRUCE SIN SEÑALIZACION,1,IMPRUDENCIA DEL CONDUCTOR,27,CONDUCCION NO ATENTO CONDICIONES TRANSITO MOMENTO,0,PEDRO AGUIRRE CERDA,0,SQUELLA,PEDRO AGUIRRE CERDA - SQUELLA,0, , , , ,2,0,1,UNIDIRECCIONAL,1,CONCRETO,1,BUENO,1,SECO,1,DESPEJADO,0,1,0,0,1
-8142888.5039729,-4451762.8059754,2919,22597,1380171,-73.148812,-37.0907434,99,LOTA,1,38195,2021,1380171,REGION BIO BIO,8106,LOTA,ERNESTO RIQUELME, ,2,"ERNESTO RIQUELME 2, LOTA",CHILE,RANGE_INTERPOLATED,52457,2021,1380171,1,2021/09/10 00:00:00+00,1899/12/30 00:00:00+00,8,REGION BIO BIO,8106,LOTA,51,CHOQUE FRONTAL,40,CHOQUE,1,URBANA,1,TRAMO DE VIA RECTA,9,PERDIDA CONTROL VEHICULO,95,PERDIDA CONTROL VEHICULO,0,ERNESTO RIQUELME,0, ,- ERNESTO RIQUELME,2, , , , ,1,1,2,BIDIRECCIONAL,1,CONCRETO,1,BUENO,2,HUMEDO,2,NUBLADO,0,1,0,0,0
-8143647.56931672,-4451759.51250552,2920,22598,1366293,-73.1556308,-37.0907198,99,LOTA,1,29469,2021,1366293,REGION BIO BIO,8106,LOTA,CARLOS COUSI??ªO,HOSPITAL,0,"CARLOS COUSI??ªO & HOSPITAL, LOTA",CHILE,GEOMETRIC_CENTER,40744,2021,1366293,1,2021/07/24 00:00:00+00,1899/12/30 00:00:00+00,8,REGION BIO BIO,8106,LOTA,33,COLISION POR ALCANCE,30,COLISION,1,URBANA,26,OTROS NO CONSIDERADOS,1,IMPRUDENCIA DEL CONDUCTOR,28,CONDUCCION SIN MANTENER DISTANCIA RAZONABLE NI PRUDENTE,0,CARLOS COUSIÑO,0,HOSPITAL,CARLOS COUSIÑO - HOSPITAL,0, , , , ,1,1,2,BIDIRECCIONAL,1,CONCRETO,1,BUENO,1,SECO,1,DESPEJADO,0,0,0,1,2
-8143113.89254591,-4451753.28840845,2921,22599,1352585,-73.1508367,-37.0906752,99,LOTA,1,20532,2021,1352585,REGION BIO BIO,8106,LOTA,LEIVA, ,88,"LEIVA 88, LOTA",CHILE,RANGE_INTERPOLATED,28283,2021,1352585,1,2021/05/30 00:00:00+00,1899/12/30 00:00:00+00,8,REGION BIO BIO,8106,LOTA,63,CHOQUE FRENTE/POSTERIOR,40,CHOQUE,1,URBANA,1,TRAMO DE VIA RECTA,1,IMPRUDENCIA DEL CONDUCTOR,27,CONDUCCION NO ATENTO CONDICIONES TRANSITO MOMENTO,0,LEIVA,0, ,- LEIVA,88, , , , ,1,1,2,BIDIRECCIONAL,1,CONCRETO,1,BUENO,1,SECO,2,NUBLADO,0,0,0,0,2
-8143498.16742813,-4451700.2162677,2922,22600,1401815,-73.1542887,-37.0902949,99,LOTA,1,53709,2021,1401815,REGION BIO BIO,8106,LOTA,CALLE DOS, ,760,"CALLE DOS 760, LOTA",CHILE,RANGE_INTERPOLATED,72995,2021,1401815,1,2021/12/02 00:00:00+00,1899/12/30 00:00:00+00,8,REGION BIO BIO,8106,LOTA,67,CHOQUE POSTERIOR/FRENTE,40,CHOQUE,1,URBANA,4,ACERA O BERMA,14,OTRAS CAUSAS,98,OTRAS CAUSAS,0,CALLE DOS,0, ,- CALLE DOS,760, , , , ,2,0,1,UNIDIRECCIONAL,1,CONCRETO,1,BUENO,1,SECO,1,DESPEJADO,0,0,0,0,2
-8143177.4225793,-4451699.11379902,2923,22601,1390256,-73.1514074,-37.090287,99,LOTA,1,43394,2021,1390256,REGION BIO BIO,8106,LOTA,JULIO RIVAS, ,50,"JULIO RIVAS 50, LOTA",CHILE,RANGE_INTERPOLATED,59341,2021,1390256,1,2021/10/09 00:00:00+00,1899/12/30 00:00:00+00,8,REGION BIO BIO,8106,LOTA,63,CHOQUE FRENTE/POSTERIOR,40,CHOQUE,1,URBANA,1,TRAMO DE VIA RECTA,4,ALCOHOL EN CONDUCTOR,24,CONDUCCION EN ESTADO DE EBRIEDAD,0,JULIO RIVAS,0, ,- JULIO RIVAS,50, , , , ,1,1,2,BIDIRECCIONAL,1,CONCRETO,1,BUENO,1,SECO,1,DESPEJADO,0,0,0,0,2
-8143773.82788318,-4451689.93121627,2924,22602,1392372,-73.156765,-37.0902212,99,LOTA,1,47369,2021,1392372,REGION BIO BIO,8106,LOTA,SQUELLA, ,99,"SQUELLA 99, LOTA",CHILE,RANGE_INTERPOLATED,64618,2021,1392372,1,2021/10/30 00:00:00+00,1899/12/30 00:00:00+00,8,REGION BIO BIO,8106,LOTA,63,CHOQUE FRENTE/POSTERIOR,40,CHOQUE,1,URBANA,1,TRAMO DE VIA RECTA,1,IMPRUDENCIA DEL CONDUCTOR,27,CONDUCCION NO ATENTO CONDICIONES TRANSITO MOMENTO,0,SQUELLA,0, ,- SQUELLA,99, , , , ,2,0,1,UNIDIRECCIONAL,1,CONCRETO,1,BUENO,1,SECO,1,DESPEJADO,0,0,0,0,2
-8144724.93048057,-4451687.07038285,2925,22603,1345568,-73.1653089,-37.0902007,99,LOTA,1,14841,2021,1345568,REGION BIO BIO,8106,LOTA,COUSI??ªO,MONSALVES,0,"COUSI??ªO & MONSALVES, LOTA",CHILE,GEOMETRIC_CENTER,20464,2021,1345568,1,2021/04/21 00:00:00+00,1899/12/30 00:00:00+00,8,REGION BIO BIO,8106,LOTA,33,COLISION POR ALCANCE,30,COLISION,1,URBANA,16,CRUCE SIN SEÑALIZACION,14,OTRAS CAUSAS,98,OTRAS CAUSAS,0,COUSIÑO,0,MONSALVES,COUSIÑO - MONSALVES,0, , , , ,2,0,1,UNIDIRECCIONAL,1,CONCRETO,1,BUENO,1,SECO,2,NUBLADO,0,0,0,0,2
-8144724.93048057,-4451687.07038285,2926,22604,1381984,-73.1653089,-37.0902007,99,LOTA,1,40977,2021,1381984,REGION BIO BIO,8106,LOTA,??ªUBLE,LONQUEN,0,"??ªUBLE & LONQUEN, LOTA",CHILE,GEOMETRIC_CENTER,56217,2021,1381984,1,2021/09/26 00:00:00+00,1899/12/30 00:00:00+00,8,REGION BIO BIO,8106,LOTA,32,COLISION LATERAL,30,COLISION,1,URBANA,1,TRAMO DE VIA RECTA,1,IMPRUDENCIA DEL CONDUCTOR,27,CONDUCCION NO ATENTO CONDICIONES TRANSITO MOMENTO,0,ÑUBLE,0,LONQUEN,LONQUEN - ÑUBLE,0, , , , ,1,1,2,BIDIRECCIONAL,1,CONCRETO,1,BUENO,1,SECO,1,DESPEJADO,0,0,0,0,2
-8143973.55731356,-4451663.20687567,2927,22605,1340573,-73.1585592,-37.0900297,99,LOTA,1,10700,2021,1340573,REGION BIO BIO,8106,LOTA,PEDRO AGUIRRE CERDA,LAUTARO,0,"PEDRO AGUIRRE CERDA & LAUTARO, LOTA",CHILE,GEOMETRIC_CENTER,14866,2021,1340573,1,2021/03/17 00:00:00+00,1899/12/30 00:00:00+00,8,REGION BIO BIO,8106,LOTA,63,CHOQUE FRENTE/POSTERIOR,40,CHOQUE,1,URBANA,16,CRUCE SIN SEÑALIZACION,1,IMPRUDENCIA DEL CONDUCTOR,27,CONDUCCION NO ATENTO CONDICIONES TRANSITO MOMENTO,0,PEDRO AGUIRRE CERDA,0,LAUTARO,LAUTARO - PEDRO AGUIRRE CERDA,0, , , , ,1,1,2,BIDIRECCIONAL,1,CONCRETO,1,BUENO,1,SECO,1,DESPEJADO,0,0,0,1,1
-8143865.39929631,-4451603.63207434,2928,22606,1358431,-73.1575876,-37.0896028,99,LOTA,1,23979,2021,1358431,REGION BIO BIO,8106,LOTA,LAUTARO,SERRANO,0,"LAUTARO & SERRANO, LOTA",CHILE,GEOMETRIC_CENTER,33046,2021,1358431,1,2021/06/20 00:00:00+00,1899/12/30 00:00:00+00,8,REGION BIO BIO,8106,LOTA,32,COLISION LATERAL,30,COLISION,1,URBANA,14,CRUCE CON SEÑAL PARE,10,DESOBEDIENCIA A SEÑALIZACION,65,SEÑALIZACION DESOBEDECER SEÑAL PARE,0,LAUTARO,0,SERRANO,LAUTARO - SERRANO,0, , , , ,2,0,1,UNIDIRECCIONAL,2,ASFALTO,1,BUENO,3,MOJADO,4,LLOVIZNA,0,0,0,0,2
-8144045.99290622,-4451508.34658231,2929,22607,1333811,-73.1592099,-37.08892,99,LOTA,1,5998,2021,1333811,REGION BIO BIO,8106,LOTA,SQUELLA,SERRANO,0,"SQUELLA & SERRANO, LOTA",CHILE,GEOMETRIC_CENTER,8372,2021,1333811,1,2021/02/13 00:00:00+00,1899/12/30 00:00:00+00,8,REGION BIO BIO,8106,LOTA,32,COLISION LATERAL,30,COLISION,1,URBANA,1,TRAMO DE VIA RECTA,1,IMPRUDENCIA DEL CONDUCTOR,27,CONDUCCION NO ATENTO CONDICIONES TRANSITO MOMENTO,0,SQUELLA,0,SERRANO,SERRANO - SQUELLA,0, , , , ,2,0,1,UNIDIRECCIONAL,1,CONCRETO,1,BUENO,1,SECO,1,DESPEJADO,0,0,0,0,2
-8144045.99290622,-4451508.34658231,2930,22608,1335006,-73.1592099,-37.08892,99,LOTA,1,7598,2021,1335006,REGION BIO BIO,8106,LOTA,SQUELLA,SERRANO,0,"SQUELLA & SERRANO, LOTA",CHILE,GEOMETRIC_CENTER,10669,2021,1335006,1,2021/02/25 00:00:00+00,1899/12/30 00:00:00+00,8,REGION BIO BIO,8106,LOTA,32,COLISION LATERAL,30,COLISION,1,URBANA,2,TRAMO DE VIA CURVA HORIZONTAL,1,IMPRUDENCIA DEL CONDUCTOR,27,CONDUCCION NO ATENTO CONDICIONES TRANSITO MOMENTO,0,SQUELLA,0,SERRANO,SERRANO - SQUELLA,0, , , , ,2,0,1,UNIDIRECCIONAL,1,CONCRETO,1,BUENO,1,SECO,1,DESPEJADO,0,0,0,0,2
-8144045.99290622,-4451508.34658231,2931,22609,1338949,-73.1592099,-37.08892,99,LOTA,1,8766,2021,1338949,REGION BIO BIO,8106,LOTA,SERRANO,SQUELLA,0,"SERRANO & SQUELLA, LOTA",CHILE,GEOMETRIC_CENTER,12263,2021,1338949,1,2021/03/04 00:00:00+00,1899/12/30 00:00:00+00,8,REGION BIO BIO,8106,LOTA,32,COLISION LATERAL,30,COLISION,1,URBANA,2,TRAMO DE VIA CURVA HORIZONTAL,1,IMPRUDENCIA DEL CONDUCTOR,27,CONDUCCION NO ATENTO CONDICIONES TRANSITO MOMENTO,0,SERRANO,0,SQUELLA,SERRANO - SQUELLA,0, , , , ,1,0,1,UNIDIRECCIONAL,1,CONCRETO,1,BUENO,1,SECO,1,DESPEJADO,0,0,0,0,2