X,Y,FID,FID_1,LABELID,POINT_X,POINT_Y,FID_2,COMUNAREAL,VAL_COM,OBJECTID,A_O,IDACCIDENT,REGION,COD_COMUN,COMUNA,CALLE_UNO,CALLE_DOS,NUMERO,DIR_GEOCOD,PAIS,TIPO,OBJECTID_1,Año,Idaccide_1,Claseaccid,Fecha,Hora,Cód_Regi,Región,Cód_Comun,Comuna_1,Cód_Tipo_,Tipo_Accid,Cód_Tipo1,Tipo__CONA,Cód_Zona,Zona,Cód_Ubica,Ubicación,Cód_Causa,Causa__CON,Cód_Cau_1,Causa,Cód_Calle,Calle_Un_1,Cód_Cal_1,Calle_Do_1,Intersecci,Número,Ruta,Cód_Ruta,Ubicaci_1,Km_Vía_Fe,Pistas_de_,Pistas_de1,Cód_Calza,Calzada,Cód__Tipo,Tipo_Calza,Cód_Estad,Estado_Cal,Cód_Condi,Condición,Cód_Est_1,Estado_Atm,Fallecidos,Graves,Menos_Grav,Leves,Ilesos
-8143921.34847238,-4451490.51204693,2932,22610,1377284,-73.1580902,-37.0887922,99,LOTA,1,36933,2021,1377284,REGION BIO BIO,8106,LOTA,SERRANO,BANNEN,0,"SERRANO & BANNEN, LOTA",CHILE,GEOMETRIC_CENTER,50797,2021,1377284,1,2021/09/04 00:00:00+00,1899/12/30 00:00:00+00,8,REGION BIO BIO,8106,LOTA,64,CHOQUE LADO/FRENTE,40,CHOQUE,1,URBANA,26,OTROS NO CONSIDERADOS,1,IMPRUDENCIA DEL CONDUCTOR,11,ADELANTAMIENTO SIN EL ESPACIO O TIEMPO SUFICIENTE,0,SERRANO,0,BANNEN,BANNEN - SERRANO,0, , , , ,2,0,1,UNIDIRECCIONAL,1,CONCRETO,1,BUENO,2,HUMEDO,4,LLOVIZNA,0,0,0,0,2
-8143921.34847238,-4451490.51204693,2933,22611,1378238,-73.1580902,-37.0887922,99,LOTA,1,37960,2021,1378238,REGION BIO BIO,8106,LOTA,SERRANO,BANNEN,0,"SERRANO & BANNEN, LOTA",CHILE,GEOMETRIC_CENTER,52166,2021,1378238,1,2021/09/09 00:00:00+00,1899/12/30 00:00:00+00,8,REGION BIO BIO,8106,LOTA,33,COLISION POR ALCANCE,30,COLISION,1,URBANA,26,OTROS NO CONSIDERADOS,1,IMPRUDENCIA DEL CONDUCTOR,27,CONDUCCION NO ATENTO CONDICIONES TRANSITO MOMENTO,0,SERRANO,0,BANNEN,BANNEN - SERRANO,0, , , , ,2,0,1,UNIDIRECCIONAL,1,CONCRETO,1,BUENO,1,SECO,1,DESPEJADO,0,0,0,0,2
-8144315.95380334,-4451472.95664163,2934,22612,1334193,-73.161635,-37.0886664,99,LOTA,1,6658,2021,1334193,REGION BIO BIO,8106,LOTA,CARLOS COUSI??ªO,COVARRUBIAS,0,"CARLOS COUSI??ªO & COVARRUBIAS, LOTA",CHILE,GEOMETRIC_CENTER,9342,2021,1334193,1,2021/02/18 00:00:00+00,1899/12/30 00:00:00+00,8,REGION BIO BIO,8106,LOTA,32,COLISION LATERAL,30,COLISION,1,URBANA,1,TRAMO DE VIA RECTA,1,IMPRUDENCIA DEL CONDUCTOR,29,CONDUCCION CAMBIAR SORPRESIVAMENTE PISTA CIRCULACION,0,CARLOS COUSIÑO,0,COVARRUBIAS,CARLOS COUSIÑO - COVARRUBIAS,0, , , , ,1,1,2,BIDIRECCIONAL,1,CONCRETO,1,BUENO,2,HUMEDO,1,DESPEJADO,0,0,0,1,2
-8143826.96067613,-4451439.95311675,2935,22613,1329990,-73.1572423,-37.0884299,99,LOTA,1,3398,2021,1329990,REGION BIO BIO,8106,LOTA,BANNEN,LA PAZ,0,"BANNEN & LA PAZ, LOTA",CHILE,GEOMETRIC_CENTER,4678,2021,1329990,1,2021/01/24 00:00:00+00,1899/12/30 00:00:00+00,8,REGION BIO BIO,8106,LOTA,32,COLISION LATERAL,30,COLISION,1,URBANA,14,CRUCE CON SEÑAL PARE,1,IMPRUDENCIA DEL CONDUCTOR,27,CONDUCCION NO ATENTO CONDICIONES TRANSITO MOMENTO,0,BANNEN,0,LA PAZ,BANNEN - LA PAZ,0, , , , ,2,0,1,UNIDIRECCIONAL,2,ASFALTO,1,BUENO,1,SECO,1,DESPEJADO,0,0,0,1,1
-8144542.76726583,-4451421.28140072,2936,22614,1357430,-73.1636725,-37.0882961,99,LOTA,1,23720,2021,1357430,REGION BIO BIO,8106,LOTA,LOS COPIHUES, ,327,"LOS COPIHUES 327, LOTA",CHILE,RANGE_INTERPOLATED,32683,2021,1357430,1,2021/06/18 00:00:00+00,1899/12/30 00:00:00+00,8,REGION BIO BIO,8106,LOTA,62,CHOQUE FRENTE/LADO,40,CHOQUE,1,URBANA,1,TRAMO DE VIA RECTA,4,ALCOHOL EN CONDUCTOR,24,CONDUCCION EN ESTADO DE EBRIEDAD,0,LOS COPIHUES,0, ,- LOS COPIHUES,327, , , , ,1,1,2,BIDIRECCIONAL,2,ASFALTO,1,BUENO,2,HUMEDO,2,NUBLADO,0,0,0,1,1
-8144331.16004578,-4451370.05296795,2937,22615,1346532,-73.1617716,-37.087929,99,LOTA,1,15404,2021,1346532,REGION BIO BIO,8106,LOTA,BERNARDO O'HIGGINS,CARLOS SILVA,0,"BERNARDO O'HIGGINS & CARLOS SILVA, LOTA",CHILE,GEOMETRIC_CENTER,21221,2021,1346532,1,2021/04/25 00:00:00+00,1899/12/30 00:00:00+00,8,REGION BIO BIO,8106,LOTA,32,COLISION LATERAL,30,COLISION,1,URBANA,16,CRUCE SIN SEÑALIZACION,1,IMPRUDENCIA DEL CONDUCTOR,11,ADELANTAMIENTO SIN EL ESPACIO O TIEMPO SUFICIENTE,0,BERNARDO O'HIGGINS,0,CARLOS SILVA,BERNARDO O'HIGGINS - CARLOS SILVA,0, , , , ,1,1,2,BIDIRECCIONAL,1,CONCRETO,1,BUENO,1,SECO,2,NUBLADO,0,0,0,0,2
-8143232.05818539,-4451334.34252919,2938,22616,1339112,-73.1518982,-37.0876731,99,LOTA,1,10310,2021,1339112,REGION BIO BIO,8106,LOTA,LOS ACACIOS, ,15,"LOS ACACIOS 15, LOTA",CHILE,RANGE_INTERPOLATED,14345,2021,1339112,1,2021/03/15 00:00:00+00,1899/12/30 00:00:00+00,8,REGION BIO BIO,8106,LOTA,51,CHOQUE FRONTAL,40,CHOQUE,1,URBANA,1,TRAMO DE VIA RECTA,4,ALCOHOL EN CONDUCTOR,24,CONDUCCION EN ESTADO DE EBRIEDAD,0,LOS ACACIOS,0, ,- LOS ACACIOS,15, , , , ,1,1,2,BIDIRECCIONAL,1,CONCRETO,1,BUENO,1,SECO,1,DESPEJADO,0,0,0,0,1
-8142982.61347042,-4451334.04947802,2939,22617,1399557,-73.1496574,-37.087671,99,LOTA,1,51628,2021,1399557,REGION BIO BIO,8106,LOTA,LOS ARRAYANES, ,345,"LOS ARRAYANES 345, LOTA",CHILE,RANGE_INTERPOLATED,70224,2021,1399557,1,2021/11/21 00:00:00+00,1899/12/30 00:00:00+00,8,REGION BIO BIO,8106,LOTA,63,CHOQUE FRENTE/POSTERIOR,40,CHOQUE,1,URBANA,1,TRAMO DE VIA RECTA,13,CAUSAS NO DETERMINADAS,97,CAUSAS NO DETERMINADAS,0,LOS ARRAYANES,0, ,- LOS ARRAYANES,345, , , , ,1,1,2,BIDIRECCIONAL,1,CONCRETO,1,BUENO,1,SECO,1,DESPEJADO,0,0,0,0,2
-8144341.06748046,-4451315.69890919,2940,22618,1347885,-73.1618606,-37.0875395,99,LOTA,1,16344,2021,1347885,REGION BIO BIO,8106,LOTA,CARLOS COUSI??ªO, ,187,"CARLOS COUSI??ªO 187, LOTA",CHILE,RANGE_INTERPOLATED,22552,2021,1347885,1,2021/05/03 00:00:00+00,1899/12/30 00:00:00+00,8,REGION BIO BIO,8106,LOTA,51,CHOQUE FRONTAL,40,CHOQUE,1,URBANA,1,TRAMO DE VIA RECTA,13,CAUSAS NO DETERMINADAS,97,CAUSAS NO DETERMINADAS,0,CARLOS COUSIÑO,0, ,- CARLOS COUSIÑO,187, , , , ,1,1,2,BIDIRECCIONAL,1,CONCRETO,1,BUENO,1,SECO,2,NUBLADO,0,0,0,0,1
-8143252.61889534,-4451258.20531791,2941,22619,1390953,-73.1520829,-37.0871275,99,LOTA,1,46448,2021,1390953,REGION BIO BIO,8106,LOTA,LOS LITRES, ,74,"LOS LITRES 74, LOTA",CHILE,RANGE_INTERPOLATED,63431,2021,1390953,1,2021/10/25 00:00:00+00,1899/12/30 00:00:00+00,8,REGION BIO BIO,8106,LOTA,62,CHOQUE FRENTE/LADO,40,CHOQUE,1,URBANA,1,TRAMO DE VIA RECTA,13,CAUSAS NO DETERMINADAS,97,CAUSAS NO DETERMINADAS,0,LOS LITRES,0, ,- LOS LITRES,74, , , , ,1,1,2,BIDIRECCIONAL,1,CONCRETO,1,BUENO,1,SECO,1,DESPEJADO,0,0,0,0,2
-8143668.83133946,-4451125.21769869,2942,22620,1347893,-73.1558218,-37.0861745,99,LOTA,1,16893,2021,1347893,REGION BIO BIO,8106,LOTA,LA PAZ,COLON,0,"LA PAZ & COLON, LOTA",CHILE,GEOMETRIC_CENTER,23293,2021,1347893,1,2021/05/06 00:00:00+00,1899/12/30 00:00:00+00,8,REGION BIO BIO,8106,LOTA,10,ATROPELLO,10,ATROPELLO,1,URBANA,1,TRAMO DE VIA RECTA,1,IMPRUDENCIA DEL CONDUCTOR,31,NO RESPETAR DERECHO PREFERENTE DE PASO A PEATON,0,LA PAZ,0,COLON,COLON - LA PAZ,0, , , , ,1,1,2,BIDIRECCIONAL,1,CONCRETO,1,BUENO,1,SECO,1,DESPEJADO,0,1,0,0,1
-8144378.54875301,-4451054.90099639,2943,22621,1357418,-73.1621973,-37.0856706,99,LOTA,1,21715,2021,1357418,REGION BIO BIO,8106,LOTA,CARLOS COUSI??ªO, ,230,"CARLOS COUSI??ªO 230, LOTA",CHILE,RANGE_INTERPOLATED,29919,2021,1357418,1,2021/06/06 00:00:00+00,1899/12/30 00:00:00+00,8,REGION BIO BIO,8106,LOTA,63,CHOQUE FRENTE/POSTERIOR,40,CHOQUE,1,URBANA,26,OTROS NO CONSIDERADOS,1,IMPRUDENCIA DEL CONDUCTOR,27,CONDUCCION NO ATENTO CONDICIONES TRANSITO MOMENTO,0,CARLOS COUSIÑO,0, ,- CARLOS COUSIÑO,230, , , , ,1,1,2,BIDIRECCIONAL,1,CONCRETO,1,BUENO,2,HUMEDO,2,NUBLADO,0,0,0,0,3
-8144408.81652256,-4450932.71654656,2944,22622,1366177,-73.1624692,-37.084795,99,LOTA,1,28485,2021,1366177,REGION BIO BIO,8106,LOTA,CARLOS COUSI??ªO, ,411,"CARLOS COUSI??ªO 411, LOTA",CHILE,RANGE_INTERPOLATED,39356,2021,1366177,1,2021/07/18 00:00:00+00,1899/12/30 00:00:00+00,8,REGION BIO BIO,8106,LOTA,33,COLISION POR ALCANCE,30,COLISION,1,URBANA,1,TRAMO DE VIA RECTA,1,IMPRUDENCIA DEL CONDUCTOR,27,CONDUCCION NO ATENTO CONDICIONES TRANSITO MOMENTO,0,CARLOS COUSIÑO,0, ,- CARLOS COUSIÑO,411, , , , ,2,2,2,BIDIRECCIONAL,2,ASFALTO,2,REGULAR,1,SECO,1,DESPEJADO,0,0,0,0,2
-8143539.6450704,-4450890.36536783,2945,22623,1373955,-73.1546613,-37.0844915,99,LOTA,1,34958,2021,1373955,REGION BIO BIO,8106,LOTA,LA PAZ, ,235,"LA PAZ 235, LOTA",CHILE,RANGE_INTERPOLATED,48197,2021,1373955,1,2021/08/24 00:00:00+00,1899/12/30 00:00:00+00,8,REGION BIO BIO,8106,LOTA,33,COLISION POR ALCANCE,30,COLISION,1,URBANA,1,TRAMO DE VIA RECTA,4,ALCOHOL EN CONDUCTOR,24,CONDUCCION EN ESTADO DE EBRIEDAD,0,LA PAZ,0, ,- LA PAZ,235, , , , ,1,1,2,BIDIRECCIONAL,1,CONCRETO,1,BUENO,1,SECO,1,DESPEJADO,0,0,0,0,2
-8144358.38879323,-4450884.64413428,2946,22624,1334162,-73.1620162,-37.0844505,99,LOTA,1,6554,2021,1334162,REGION BIO BIO,8106,LOTA,CARLOS COUSI??ªO,LOS TILOS,0,"CARLOS COUSI??ªO & LOS TILOS, LOTA",CHILE,GEOMETRIC_CENTER,9171,2021,1334162,1,2021/02/17 00:00:00+00,1899/12/30 00:00:00+00,8,REGION BIO BIO,8106,LOTA,32,COLISION LATERAL,30,COLISION,1,URBANA,1,TRAMO DE VIA RECTA,4,ALCOHOL EN CONDUCTOR,24,CONDUCCION EN ESTADO DE EBRIEDAD,0,CARLOS COUSIÑO,0,LOS TILOS,CARLOS COUSIÑO - LOS TILOS,0, , , , ,1,1,2,BIDIRECCIONAL,1,CONCRETO,1,BUENO,1,SECO,1,DESPEJADO,0,0,0,2,0
-8144330.81495536,-4450837.08824443,2947,22625,1380167,-73.1617685,-37.0841097,99,LOTA,1,38189,2021,1380167,REGION BIO BIO,8106,LOTA,CARLOS COUSI??ªO, ,351,"CARLOS COUSI??ªO 351, LOTA",CHILE,RANGE_INTERPOLATED,52450,2021,1380167,1,2021/09/10 00:00:00+00,1899/12/30 00:00:00+00,8,REGION BIO BIO,8106,LOTA,31,COLISION FRONTAL,30,COLISION,1,URBANA,1,TRAMO DE VIA RECTA,1,IMPRUDENCIA DEL CONDUCTOR,27,CONDUCCION NO ATENTO CONDICIONES TRANSITO MOMENTO,0,CARLOS COUSIÑO,0, ,- CARLOS COUSIÑO,351, , , , ,1,1,2,BIDIRECCIONAL,1,CONCRETO,1,BUENO,1,SECO,1,DESPEJADO,0,0,0,1,1
-8144330.25835791,-4450835.21838694,2948,22626,1373949,-73.1617635,-37.0840963,99,LOTA,1,34888,2021,1373949,REGION BIO BIO,8106,LOTA,CARLOS COUSI??ªO,LORETO COUIS??ªO,0,"CARLOS COUSI??ªO & LORETO COUIS??ªO, LOTA",CHILE,GEOMETRIC_CENTER,48101,2021,1373949,1,2021/08/23 00:00:00+00,1899/12/30 00:00:00+00,8,REGION BIO BIO,8106,LOTA,10,ATROPELLO,10,ATROPELLO,1,URBANA,26,OTROS NO CONSIDERADOS,1,IMPRUDENCIA DEL CONDUCTOR,31,NO RESPETAR DERECHO PREFERENTE DE PASO A PEATON,0,CARLOS COUSIÑO,0,LORETO COUISÑO,CARLOS COUSIÑO - LORETO COUISÑO,0, , , , ,1,1,2,BIDIRECCIONAL,1,CONCRETO,1,BUENO,1,SECO,1,DESPEJADO,0,0,1,1,0
-8144330.14703842,-4450834.86953296,2949,22627,1380137,-73.1617625,-37.0840938,99,LOTA,1,38024,2021,1380137,REGION BIO BIO,8106,LOTA,CARLOS COUSI??ªO, ,353,"CARLOS COUSI??ªO 353, LOTA",CHILE,RANGE_INTERPOLATED,52242,2021,1380137,1,2021/09/10 00:00:00+00,1899/12/30 00:00:00+00,8,REGION BIO BIO,8106,LOTA,51,CHOQUE FRONTAL,40,CHOQUE,1,URBANA,1,TRAMO DE VIA RECTA,9,PERDIDA CONTROL VEHICULO,95,PERDIDA CONTROL VEHICULO,0,CARLOS COUSIÑO,0, ,- CARLOS COUSIÑO,353, , , , ,1,1,2,BIDIRECCIONAL,1,CONCRETO,1,BUENO,1,SECO,2,NUBLADO,0,0,0,0,1
-8144329.62383681,-4450833.23689652,2950,22628,1409662,-73.1617578,-37.0840821,99,LOTA,1,57069,2021,1409662,REGION BIO BIO,8106,LOTA,CARLOS COUSI??ªO, ,358,"CARLOS COUSI??ªO 358, LOTA",CHILE,RANGE_INTERPOLATED,77541,2021,1409662,1,2021/12/19 00:00:00+00,1899/12/30 00:00:00+00,8,REGION BIO BIO,8106,LOTA,51,CHOQUE FRONTAL,40,CHOQUE,1,URBANA,1,TRAMO DE VIA RECTA,9,PERDIDA CONTROL VEHICULO,95,PERDIDA CONTROL VEHICULO,0,CARLOS COUSIÑO,0, ,- CARLOS COUSIÑO,358, , , , ,1,1,2,BIDIRECCIONAL,1,CONCRETO,1,BUENO,1,SECO,1,DESPEJADO,0,0,0,3,0
-8144983.42547014,-4450830.92050678,2951,22629,1340586,-73.167631,-37.0840655,99,LOTA,1,11238,2021,1340586,REGION BIO BIO,8106,LOTA,EXEQUIEL, ,25,"EXEQUIEL 25, LOTA",CHILE,RANGE_INTERPOLATED,15578,2021,1340586,1,2021/03/21 00:00:00+00,1899/12/30 00:00:00+00,8,REGION BIO BIO,8106,LOTA,63,CHOQUE FRENTE/POSTERIOR,40,CHOQUE,1,URBANA,1,TRAMO DE VIA RECTA,13,CAUSAS NO DETERMINADAS,97,CAUSAS NO DETERMINADAS,0,EXEQUIEL,0, ,- EXEQUIEL,25, , , , ,1,1,2,BIDIRECCIONAL,1,CONCRETO,1,BUENO,1,SECO,1,DESPEJADO,0,0,0,0,2
-8143320.57944447,-4450804.08670359,2952,22630,1330028,-73.1526934,-37.0838732,99,LOTA,1,4159,2021,1330028,REGION BIO BIO,8106,LOTA,FERNANDO MAIRA,LOS BOLDOS,0,"FERNANDO MAIRA & LOS BOLDOS, LOTA",CHILE,GEOMETRIC_CENTER,5835,2021,1330028,1,2021/01/30 00:00:00+00,1899/12/30 00:00:00+00,8,REGION BIO BIO,8106,LOTA,51,CHOQUE FRONTAL,40,CHOQUE,2,RURAL,2,TRAMO DE VIA CURVA HORIZONTAL,9,PERDIDA CONTROL VEHICULO,95,PERDIDA CONTROL VEHICULO,0,FERNANDO MAIRA,0,LOS BOLDOS,FERNANDO MAIRA - LOS BOLDOS,0, , , , ,1,2,2,BIDIRECCIONAL,1,CONCRETO,1,BUENO,2,HUMEDO,2,NUBLADO,0,1,0,0,0
-8143320.57944447,-4450804.08670359,2953,22631,1333837,-73.1526934,-37.0838732,99,LOTA,1,6447,2021,1333837,REGION BIO BIO,8106,LOTA,VISTA HERMOSA,FERNANDO MAIRA,0,"VISTA HERMOSA & FERNANDO MAIRA, LOTA",CHILE,GEOMETRIC_CENTER,9022,2021,1333837,1,2021/02/17 00:00:00+00,1899/12/30 00:00:00+00,8,REGION BIO BIO,8106,LOTA,32,COLISION LATERAL,30,COLISION,1,URBANA,14,CRUCE CON SEÑAL PARE,10,DESOBEDIENCIA A SEÑALIZACION,65,SEÑALIZACION DESOBEDECER SEÑAL PARE,0,VISTA HERMOSA,0,FERNANDO MAIRA,FERNANDO MAIRA - VISTA HERMOSA,0, , , , ,1,2,2,BIDIRECCIONAL,2,ASFALTO,1,BUENO,1,SECO,2,NUBLADO,0,0,0,3,0
-8143320.57944447,-4450804.08670359,2954,22632,1334148,-73.1526934,-37.0838732,99,LOTA,1,6523,2021,1334148,REGION BIO BIO,8106,LOTA,FERNANDO MAIRA,VISTA HERMOSA,0,"FERNANDO MAIRA & VISTA HERMOSA, LOTA",CHILE,GEOMETRIC_CENTER,9124,2021,1334148,1,2021/02/17 00:00:00+00,1899/12/30 00:00:00+00,8,REGION BIO BIO,8106,LOTA,32,COLISION LATERAL,30,COLISION,1,URBANA,14,CRUCE CON SEÑAL PARE,10,DESOBEDIENCIA A SEÑALIZACION,65,SEÑALIZACION DESOBEDECER SEÑAL PARE,0,FERNANDO MAIRA,0,VISTA HERMOSA,FERNANDO MAIRA - VISTA HERMOSA,0, , , , ,1,2,2,BIDIRECCIONAL,1,CONCRETO,1,BUENO,1,SECO,1,DESPEJADO,0,0,0,2,3
-8143320.57944447,-4450804.08670359,2955,22633,1340563,-73.1526934,-37.0838732,99,LOTA,1,10573,2021,1340563,REGION BIO BIO,8106,LOTA,FERNANDO MAIRA,VISTA HERMOSA,0,"FERNANDO MAIRA & VISTA HERMOSA, LOTA",CHILE,GEOMETRIC_CENTER,14705,2021,1340563,1,2021/03/16 00:00:00+00,1899/12/30 00:00:00+00,8,REGION BIO BIO,8106,LOTA,32,COLISION LATERAL,30,COLISION,1,URBANA,14,CRUCE CON SEÑAL PARE,10,DESOBEDIENCIA A SEÑALIZACION,65,SEÑALIZACION DESOBEDECER SEÑAL PARE,0,FERNANDO MAIRA,0,VISTA HERMOSA,FERNANDO MAIRA - VISTA HERMOSA,0, , , , ,1,1,2,BIDIRECCIONAL,2,ASFALTO,1,BUENO,1,SECO,1,DESPEJADO,0,0,0,0,2
-8143320.57944447,-4450804.08670359,2956,22634,1346481,-73.1526934,-37.0838732,99,LOTA,1,15587,2021,1346481,REGION BIO BIO,8106,LOTA,FERNANDO MAIRA,MIRAMAR,0,"FERNANDO MAIRA & MIRAMAR, LOTA",CHILE,GEOMETRIC_CENTER,21468,2021,1346481,1,2021/04/27 00:00:00+00,1899/12/30 00:00:00+00,8,REGION BIO BIO,8106,LOTA,10,ATROPELLO,10,ATROPELLO,1,URBANA,11,CRUCE CON SEMAFORO FUNCIONANDO,1,IMPRUDENCIA DEL CONDUCTOR,27,CONDUCCION NO ATENTO CONDICIONES TRANSITO MOMENTO,0,FERNANDO MAIRA,0,MIRAMAR,FERNANDO MAIRA - MIRAMAR,0, , , , ,2,1,2,BIDIRECCIONAL,2,ASFALTO,1,BUENO,2,HUMEDO,1,DESPEJADO,0,1,0,0,1
-8143320.57944447,-4450804.08670359,2957,22635,1357411,-73.1526934,-37.0838732,99,LOTA,1,21560,2021,1357411,REGION BIO BIO,8106,LOTA,ERNESTO RIQUELME,INGENIERO CHAITT,0,"ERNESTO RIQUELME & INGENIERO CHAITT, LOTA",CHILE,GEOMETRIC_CENTER,29722,2021,1357411,1,2021/06/05 00:00:00+00,1899/12/30 00:00:00+00,8,REGION BIO BIO,8106,LOTA,32,COLISION LATERAL,30,COLISION,1,URBANA,16,CRUCE SIN SEÑALIZACION,1,IMPRUDENCIA DEL CONDUCTOR,27,CONDUCCION NO ATENTO CONDICIONES TRANSITO MOMENTO,0,ERNESTO RIQUELME,0,INGENIERO CHAITT,ERNESTO RIQUELME - INGENIERO CHAITT,0, , , , ,1,1,2,BIDIRECCIONAL,1,CONCRETO,1,BUENO,2,HUMEDO,2,NUBLADO,0,0,0,0,2
-8143320.57944447,-4450804.08670359,2958,22636,1362168,-73.1526934,-37.0838732,99,LOTA,1,25826,2021,1362168,REGION BIO BIO,8106,LOTA,FERNANDO MAIRA, ,53,"FERNANDO MAIRA 53, LOTA",CHILE,RANGE_INTERPOLATED,35644,2021,1362168,1,2021/07/03 00:00:00+00,1899/12/30 00:00:00+00,8,REGION BIO BIO,8106,LOTA,52,CHOQUE LATERAL,40,CHOQUE,1,URBANA,2,TRAMO DE VIA CURVA HORIZONTAL,9,PERDIDA CONTROL VEHICULO,95,PERDIDA CONTROL VEHICULO,0,FERNANDO MAIRA,0, ,- FERNANDO MAIRA,53, , , , ,1,2,2,BIDIRECCIONAL,2,ASFALTO,1,BUENO,2,HUMEDO,1,DESPEJADO,0,0,0,1,0
-8143320.57944447,-4450804.08670359,2959,22637,1362192,-73.1526934,-37.0838732,99,LOTA,1,26490,2021,1362192,REGION BIO BIO,8106,LOTA,FERNANDO MAIRA,CURVA PABLITO,0,"FERNANDO MAIRA & CURVA PABLITO, LOTA",CHILE,GEOMETRIC_CENTER,36540,2021,1362192,1,2021/07/07 00:00:00+00,1899/12/30 00:00:00+00,8,REGION BIO BIO,8106,LOTA,51,CHOQUE FRONTAL,40,CHOQUE,1,URBANA,2,TRAMO DE VIA CURVA HORIZONTAL,4,ALCOHOL EN CONDUCTOR,24,CONDUCCION EN ESTADO DE EBRIEDAD,0,FERNANDO MAIRA,0,CURVA PABLITO,CURVA PABLITO - FERNANDO MAIRA,0, , , , ,1,2,2,BIDIRECCIONAL,1,CONCRETO,1,BUENO,3,MOJADO,2,NUBLADO,0,0,1,0,0
-8143320.57944447,-4450804.08670359,2960,22638,1362236,-73.1526934,-37.0838732,99,LOTA,1,26830,2021,1362236,REGION BIO BIO,8106,LOTA,FERNANDO MAIRA,CURVA PABLITO,0,"FERNANDO MAIRA & CURVA PABLITO, LOTA",CHILE,GEOMETRIC_CENTER,36997,2021,1362236,1,2021/07/09 00:00:00+00,1899/12/30 00:00:00+00,8,REGION BIO BIO,8106,LOTA,70,VOLCADURA,70,VOLCADURA,2,RURAL,2,TRAMO DE VIA CURVA HORIZONTAL,9,PERDIDA CONTROL VEHICULO,95,PERDIDA CONTROL VEHICULO,0,FERNANDO MAIRA,0,CURVA PABLITO,CURVA PABLITO - FERNANDO MAIRA,0, , , , ,1,2,2,BIDIRECCIONAL,2,ASFALTO,1,BUENO,2,HUMEDO,1,DESPEJADO,0,0,0,2,0
-8143320.57944447,-4450804.08670359,2961,22639,1363636,-73.1526934,-37.0838732,99,LOTA,1,28075,2021,1363636,REGION BIO BIO,8106,LOTA,FERNANDO MAIRA,O'HIGGINS,0,"FERNANDO MAIRA & O'HIGGINS, LOTA",CHILE,GEOMETRIC_CENTER,38777,2021,1363636,1,2021/07/16 00:00:00+00,1899/12/30 00:00:00+00,8,REGION BIO BIO,8106,LOTA,31,COLISION FRONTAL,30,COLISION,1,URBANA,2,TRAMO DE VIA CURVA HORIZONTAL,9,PERDIDA CONTROL VEHICULO,95,PERDIDA CONTROL VEHICULO,0,FERNANDO MAIRA,0,O'HIGGINS,FERNANDO MAIRA - O'HIGGINS,0, , , , ,1,2,2,BIDIRECCIONAL,2,ASFALTO,1,BUENO,3,MOJADO,2,NUBLADO,0,1,0,4,0
-8143320.57944447,-4450804.08670359,2962,22640,1366193,-73.1526934,-37.0838732,99,LOTA,1,28699,2021,1366193,REGION BIO BIO,8106,LOTA,FERNANDO MAIRA, ,53,"FERNANDO MAIRA 53, LOTA",CHILE,RANGE_INTERPOLATED,39656,2021,1366193,1,2021/07/19 00:00:00+00,1899/12/30 00:00:00+00,8,REGION BIO BIO,8106,LOTA,51,CHOQUE FRONTAL,40,CHOQUE,1,URBANA,2,TRAMO DE VIA CURVA HORIZONTAL,9,PERDIDA CONTROL VEHICULO,95,PERDIDA CONTROL VEHICULO,0,FERNANDO MAIRA,0, ,- FERNANDO MAIRA,53, , , , ,1,2,2,BIDIRECCIONAL,2,ASFALTO,1,BUENO,1,SECO,1,DESPEJADO,0,0,0,0,1
-8143320.57944447,-4450804.08670359,2963,22641,1366268,-73.1526934,-37.0838732,99,LOTA,1,29135,2021,1366268,REGION BIO BIO,8106,LOTA,FERNANDO MAIRA,VISTA HERMOSA,0,"FERNANDO MAIRA & VISTA HERMOSA, LOTA",CHILE,GEOMETRIC_CENTER,40278,2021,1366268,1,2021/07/22 00:00:00+00,1899/12/30 00:00:00+00,8,REGION BIO BIO,8106,LOTA,32,COLISION LATERAL,30,COLISION,1,URBANA,14,CRUCE CON SEÑAL PARE,10,DESOBEDIENCIA A SEÑALIZACION,65,SEÑALIZACION DESOBEDECER SEÑAL PARE,0,FERNANDO MAIRA,0,VISTA HERMOSA,FERNANDO MAIRA - VISTA HERMOSA,0, , , , ,1,2,2,BIDIRECCIONAL,2,ASFALTO,1,BUENO,1,SECO,1,DESPEJADO,0,0,0,0,2
-8143320.57944447,-4450804.08670359,2964,22642,1373423,-73.1526934,-37.0838732,99,LOTA,1,33782,2021,1373423,REGION BIO BIO,8106,LOTA,FERNANDO MAIRA,CRUCE POLVORIN,0,"FERNANDO MAIRA & CRUCE POLVORIN, LOTA",CHILE,GEOMETRIC_CENTER,46596,2021,1373423,1,2021/08/17 00:00:00+00,1899/12/30 00:00:00+00,8,REGION BIO BIO,8106,LOTA,31,COLISION FRONTAL,30,COLISION,1,URBANA,15,CRUCE CON SEÑAL CEDA EL PASO,1,IMPRUDENCIA DEL CONDUCTOR,27,CONDUCCION NO ATENTO CONDICIONES TRANSITO MOMENTO,0,FERNANDO MAIRA,0,CRUCE POLVORIN,CRUCE POLVORIN - FERNANDO MAIRA,0, , , , ,1,2,2,BIDIRECCIONAL,1,CONCRETO,1,BUENO,3,MOJADO,3,LLUVIA,0,0,0,0,2