X,Y,FID,FID_1,LABELID,POINT_X,POINT_Y,FID_2,COMUNAREAL,VAL_COM,OBJECTID,A_O,IDACCIDENT,REGION,COD_COMUN,COMUNA,CALLE_UNO,CALLE_DOS,NUMERO,DIR_GEOCOD,PAIS,TIPO,OBJECTID_1,Año,Idaccide_1,Claseaccid,Fecha,Hora,Cód_Regi,Región,Cód_Comun,Comuna_1,Cód_Tipo_,Tipo_Accid,Cód_Tipo1,Tipo__CONA,Cód_Zona,Zona,Cód_Ubica,Ubicación,Cód_Causa,Causa__CON,Cód_Cau_1,Causa,Cód_Calle,Calle_Un_1,Cód_Cal_1,Calle_Do_1,Intersecci,Número,Ruta,Cód_Ruta,Ubicaci_1,Km_Vía_Fe,Pistas_de_,Pistas_de1,Cód_Calza,Calzada,Cód__Tipo,Tipo_Calza,Cód_Estad,Estado_Cal,Cód_Condi,Condición,Cód_Est_1,Estado_Atm,Fallecidos,Graves,Menos_Grav,Leves,Ilesos
-8143320.57944447,-4450804.08670359,2965,22643,1380839,-73.1526934,-37.0838732,99,LOTA,1,39003,2021,1380839,REGION BIO BIO,8106,LOTA,VISTA HERMOSA,FERNANDO MAIRA,0,"VISTA HERMOSA & FERNANDO MAIRA, LOTA",CHILE,GEOMETRIC_CENTER,53567,2021,1380839,1,2021/09/15 00:00:00+00,1899/12/30 00:00:00+00,8,REGION BIO BIO,8106,LOTA,32,COLISION LATERAL,30,COLISION,1,URBANA,14,CRUCE CON SEÑAL PARE,13,CAUSAS NO DETERMINADAS,97,CAUSAS NO DETERMINADAS,0,VISTA HERMOSA,0,FERNANDO MAIRA,FERNANDO MAIRA - VISTA HERMOSA,0, , , , ,1,1,2,BIDIRECCIONAL,1,CONCRETO,1,BUENO,1,SECO,1,DESPEJADO,0,0,0,0,2
-8143320.57944447,-4450804.08670359,2966,22644,1380916,-73.1526934,-37.0838732,99,LOTA,1,39074,2021,1380916,REGION BIO BIO,8106,LOTA,FERNANDO MAIRA,CRUCE POLVORIN,0,"FERNANDO MAIRA & CRUCE POLVORIN, LOTA",CHILE,GEOMETRIC_CENTER,53656,2021,1380916,1,2021/09/15 00:00:00+00,1899/12/30 00:00:00+00,8,REGION BIO BIO,8106,LOTA,32,COLISION LATERAL,30,COLISION,1,URBANA,14,CRUCE CON SEÑAL PARE,10,DESOBEDIENCIA A SEÑALIZACION,65,SEÑALIZACION DESOBEDECER SEÑAL PARE,0,FERNANDO MAIRA,0,CRUCE POLVORIN,CRUCE POLVORIN - FERNANDO MAIRA,0, , , , ,2,0,1,UNIDIRECCIONAL,2,ASFALTO,1,BUENO,1,SECO,1,DESPEJADO,0,0,0,1,1
-8143320.57944447,-4450804.08670359,2967,22645,1381847,-73.1526934,-37.0838732,99,LOTA,1,40312,2021,1381847,REGION BIO BIO,8106,LOTA,FERNANDO MAIRA,MIRAMAR,0,"FERNANDO MAIRA & MIRAMAR, LOTA",CHILE,GEOMETRIC_CENTER,55355,2021,1381847,1,2021/09/22 00:00:00+00,1899/12/30 00:00:00+00,8,REGION BIO BIO,8106,LOTA,10,ATROPELLO,10,ATROPELLO,1,URBANA,26,OTROS NO CONSIDERADOS,13,CAUSAS NO DETERMINADAS,97,CAUSAS NO DETERMINADAS,0,FERNANDO MAIRA,0,MIRAMAR,FERNANDO MAIRA - MIRAMAR,0, , , , ,1,2,2,BIDIRECCIONAL,2,ASFALTO,1,BUENO,1,SECO,1,DESPEJADO,0,0,0,1,1
-8143320.57944447,-4450804.08670359,2968,22646,1383025,-73.1526934,-37.0838732,99,LOTA,1,41291,2021,1383025,REGION BIO BIO,8106,LOTA,MIRAMAR,FERNANDO MAIRA,0,"MIRAMAR & FERNANDO MAIRA, LOTA",CHILE,GEOMETRIC_CENTER,56617,2021,1383025,1,2021/09/28 00:00:00+00,1899/12/30 00:00:00+00,8,REGION BIO BIO,8106,LOTA,52,CHOQUE LATERAL,40,CHOQUE,1,URBANA,14,CRUCE CON SEÑAL PARE,1,IMPRUDENCIA DEL CONDUCTOR,11,ADELANTAMIENTO SIN EL ESPACIO O TIEMPO SUFICIENTE,0,MIRAMAR,0,FERNANDO MAIRA,FERNANDO MAIRA - MIRAMAR,0, , , , ,1,1,2,BIDIRECCIONAL,1,CONCRETO,1,BUENO,1,SECO,1,DESPEJADO,0,0,0,0,2
-8143320.57944447,-4450804.08670359,2969,22647,1392397,-73.1526934,-37.0838732,99,LOTA,1,47507,2021,1392397,REGION BIO BIO,8106,LOTA,FERNANDO MAIRA,CRUCE POLVORIN,0,"FERNANDO MAIRA & CRUCE POLVORIN, LOTA",CHILE,GEOMETRIC_CENTER,64809,2021,1392397,1,2021/10/31 00:00:00+00,1899/12/30 00:00:00+00,8,REGION BIO BIO,8106,LOTA,32,COLISION LATERAL,30,COLISION,1,URBANA,14,CRUCE CON SEÑAL PARE,10,DESOBEDIENCIA A SEÑALIZACION,65,SEÑALIZACION DESOBEDECER SEÑAL PARE,0,FERNANDO MAIRA,0,CRUCE POLVORIN,CRUCE POLVORIN - FERNANDO MAIRA,0, , , , ,1,2,2,BIDIRECCIONAL,2,ASFALTO,1,BUENO,1,SECO,1,DESPEJADO,0,0,0,0,2
-8143320.57944447,-4450804.08670359,2970,22648,1409721,-73.1526934,-37.0838732,99,LOTA,1,58929,2021,1409721,REGION BIO BIO,8106,LOTA,FERNANDO MAIRA,BIFURCACION POLVORIN,0,"FERNANDO MAIRA & BIFURCACION POLVORIN, LOTA",CHILE,GEOMETRIC_CENTER,80076,2021,1409721,1,2021/12/29 00:00:00+00,1899/12/30 00:00:00+00,8,REGION BIO BIO,8106,LOTA,51,CHOQUE FRONTAL,40,CHOQUE,1,URBANA,14,CRUCE CON SEÑAL PARE,4,ALCOHOL EN CONDUCTOR,24,CONDUCCION EN ESTADO DE EBRIEDAD,0,FERNANDO MAIRA,0,BIFURCACION POLVORIN,BIFURCACION POLVORIN - FERNANDO MAIRA,0, , , , ,1,2,2,BIDIRECCIONAL,2,ASFALTO,1,BUENO,1,SECO,1,DESPEJADO,0,0,0,1,0
-8144690.94464003,-4450615.69383247,2971,22649,1394493,-73.1650036,-37.0825231,99,LOTA,1,48250,2021,1394493,REGION BIO BIO,8106,LOTA,LORETO COUSI??ªO, ,511,"LORETO COUSI??ªO 511, LOTA",CHILE,RANGE_INTERPOLATED,65812,2021,1394493,1,2021/11/04 00:00:00+00,1899/12/30 00:00:00+00,8,REGION BIO BIO,8106,LOTA,65,CHOQUE LADO/LADO,40,CHOQUE,1,URBANA,16,CRUCE SIN SEÑALIZACION,1,IMPRUDENCIA DEL CONDUCTOR,27,CONDUCCION NO ATENTO CONDICIONES TRANSITO MOMENTO,0,LORETO COUSIÑO,0, ,- LORETO COUSIÑO,511, , , , ,1,1,2,BIDIRECCIONAL,1,CONCRETO,1,BUENO,1,SECO,1,DESPEJADO,0,0,0,0,2
-8143320.37906938,-4450593.52115692,2972,22650,1357426,-73.1526916,-37.0823642,99,LOTA,1,23514,2021,1357426,REGION BIO BIO,8106,LOTA,LA PAZ, ,675,"LA PAZ 675, LOTA",CHILE,RANGE_INTERPOLATED,32404,2021,1357426,1,2021/06/18 00:00:00+00,1899/12/30 00:00:00+00,8,REGION BIO BIO,8106,LOTA,51,CHOQUE FRONTAL,40,CHOQUE,1,URBANA,1,TRAMO DE VIA RECTA,11,DEFICIENCIAS VIALES,92,ANIMALES SUELTOS VIA PUBLICA,0,LA PAZ,0, ,- LA PAZ,675, , , , ,1,2,2,BIDIRECCIONAL,2,ASFALTO,1,BUENO,2,HUMEDO,2,NUBLADO,0,0,0,0,1
-8143932.63626874,-4450363.41087854,2973,22652,1381867,-73.1581916,-37.0807151,99,LOTA,1,40749,2021,1381867,REGION BIO BIO,8106,LOTA,CARLOS COUSI??ªO, ,680,"CARLOS COUSI??ªO 680, LOTA",CHILE,RANGE_INTERPOLATED,55919,2021,1381867,1,2021/09/25 00:00:00+00,1899/12/30 00:00:00+00,8,REGION BIO BIO,8106,LOTA,31,COLISION FRONTAL,30,COLISION,1,URBANA,26,OTROS NO CONSIDERADOS,14,OTRAS CAUSAS,98,OTRAS CAUSAS,0,CARLOS COUSIÑO,0, ,- CARLOS COUSIÑO,680, , , , ,1,1,2,BIDIRECCIONAL,2,ASFALTO,1,BUENO,1,SECO,2,NUBLADO,0,0,0,2,1
-8143869.89660373,-4450320.78290947,2974,22653,1338983,-73.157628,-37.0804096,99,LOTA,1,8686,2021,1338983,REGION BIO BIO,8106,LOTA,CARLOS COUSI??ªO,PASAJE CINCO,0,"CARLOS COUSI??ªO & PASAJE CINCO, LOTA",CHILE,GEOMETRIC_CENTER,12160,2021,1338983,1,2021/03/04 00:00:00+00,1899/12/30 00:00:00+00,8,REGION BIO BIO,8106,LOTA,33,COLISION POR ALCANCE,30,COLISION,1,URBANA,26,OTROS NO CONSIDERADOS,1,IMPRUDENCIA DEL CONDUCTOR,27,CONDUCCION NO ATENTO CONDICIONES TRANSITO MOMENTO,0,CARLOS COUSIÑO,0,PASAJE CINCO,CARLOS COUSIÑO - PASAJE CINCO,0, , , , ,1,1,2,BIDIRECCIONAL,1,CONCRETO,1,BUENO,1,SECO,1,DESPEJADO,0,0,0,0,2
-8143811.39821132,-4450257.97847979,2975,22654,1334987,-73.1571025,-37.0799595,99,LOTA,1,7452,2021,1334987,REGION BIO BIO,8106,LOTA,CARLOS COUSI??ªO, ,783,"CARLOS COUSI??ªO 783, LOTA",CHILE,RANGE_INTERPOLATED,10474,2021,1334987,1,2021/02/24 00:00:00+00,1899/12/30 00:00:00+00,8,REGION BIO BIO,8106,LOTA,32,COLISION LATERAL,30,COLISION,1,URBANA,1,TRAMO DE VIA RECTA,1,IMPRUDENCIA DEL CONDUCTOR,27,CONDUCCION NO ATENTO CONDICIONES TRANSITO MOMENTO,0,CARLOS COUSIÑO,0, ,- CARLOS COUSIÑO,783, , , , ,1,1,2,BIDIRECCIONAL,1,CONCRETO,1,BUENO,1,SECO,1,DESPEJADO,0,0,0,1,1
-8143769.09680482,-4450255.34128794,2976,22655,1369146,-73.1567225,-37.0799406,99,LOTA,1,31589,2021,1369146,REGION BIO BIO,8106,LOTA,BALDOMERO LILLO,CARLOS COUSI??ªO,0,"BALDOMERO LILLO & CARLOS COUSI??ªO, LOTA",CHILE,GEOMETRIC_CENTER,43606,2021,1369146,1,2021/08/05 00:00:00+00,1899/12/30 00:00:00+00,8,REGION BIO BIO,8106,LOTA,67,CHOQUE POSTERIOR/FRENTE,40,CHOQUE,1,URBANA,15,CRUCE CON SEÑAL CEDA EL PASO,1,IMPRUDENCIA DEL CONDUCTOR,27,CONDUCCION NO ATENTO CONDICIONES TRANSITO MOMENTO,0,BALDOMERO LILLO,0,CARLOS COUSIÑO,BALDOMERO LILLO - CARLOS COUSIÑO,0, , , , ,1,1,2,BIDIRECCIONAL,1,CONCRETO,1,BUENO,1,SECO,1,DESPEJADO,0,0,0,0,2
-8143985.04548501,-4450209.63006709,2977,22656,1351819,-73.1586624,-37.079613,99,LOTA,1,18706,2021,1351819,REGION BIO BIO,8106,LOTA,CARLOS COUSI??ªO,NORMAN BULL,0,"CARLOS COUSI??ªO & NORMAN BULL, LOTA",CHILE,GEOMETRIC_CENTER,25713,2021,1351819,1,2021/05/18 00:00:00+00,1899/12/30 00:00:00+00,8,REGION BIO BIO,8106,LOTA,67,CHOQUE POSTERIOR/FRENTE,40,CHOQUE,1,URBANA,16,CRUCE SIN SEÑALIZACION,1,IMPRUDENCIA DEL CONDUCTOR,27,CONDUCCION NO ATENTO CONDICIONES TRANSITO MOMENTO,0,CARLOS COUSIÑO,0,NORMAN BULL,CARLOS COUSIÑO - NORMAN BULL,0, , , , ,1,1,2,BIDIRECCIONAL,1,CONCRETO,1,BUENO,1,SECO,1,DESPEJADO,0,0,0,0,2
-8143985.04548501,-4450209.63006709,2978,22657,1373545,-73.1586624,-37.079613,99,LOTA,1,34569,2021,1373545,REGION BIO BIO,8106,LOTA,CARLOS COUSI??ªO,NORMAN BULL,0,"CARLOS COUSI??ªO & NORMAN BULL, LOTA",CHILE,GEOMETRIC_CENTER,47651,2021,1373545,1,2021/08/21 00:00:00+00,1899/12/30 00:00:00+00,8,REGION BIO BIO,8106,LOTA,10,ATROPELLO,10,ATROPELLO,1,URBANA,1,TRAMO DE VIA RECTA,1,IMPRUDENCIA DEL CONDUCTOR,31,NO RESPETAR DERECHO PREFERENTE DE PASO A PEATON,0,CARLOS COUSIÑO,0,NORMAN BULL,CARLOS COUSIÑO - NORMAN BULL,0, , , , ,1,1,2,BIDIRECCIONAL,1,CONCRETO,1,BUENO,3,MOJADO,3,LLUVIA,0,0,0,1,1
-8143647.62497647,-4450119.65935224,2979,22658,1339098,-73.1556313,-37.0789682,99,LOTA,1,10258,2021,1339098,REGION BIO BIO,8106,LOTA,CARLOS COUSI??ªO, ,890,"CARLOS COUSI??ªO 890, LOTA",CHILE,RANGE_INTERPOLATED,14265,2021,1339098,1,2021/03/14 00:00:00+00,1899/12/30 00:00:00+00,8,REGION BIO BIO,8106,LOTA,10,ATROPELLO,10,ATROPELLO,1,URBANA,26,OTROS NO CONSIDERADOS,1,IMPRUDENCIA DEL CONDUCTOR,27,CONDUCCION NO ATENTO CONDICIONES TRANSITO MOMENTO,0,CARLOS COUSIÑO,0, ,- CARLOS COUSIÑO,890, , , , ,1,1,2,BIDIRECCIONAL,1,CONCRETO,1,BUENO,1,SECO,2,NUBLADO,0,0,0,1,1
-8144224.88332792,-4450106.65496357,2980,22659,1377265,-73.1608169,-37.078875,99,LOTA,1,36888,2021,1377265,REGION BIO BIO,8106,LOTA,EL CHIFLON, ,204,"EL CHIFLON 204, LOTA",CHILE,RANGE_INTERPOLATED,50724,2021,1377265,1,2021/09/03 00:00:00+00,1899/12/30 00:00:00+00,8,REGION BIO BIO,8106,LOTA,67,CHOQUE POSTERIOR/FRENTE,40,CHOQUE,1,URBANA,1,TRAMO DE VIA RECTA,1,IMPRUDENCIA DEL CONDUCTOR,27,CONDUCCION NO ATENTO CONDICIONES TRANSITO MOMENTO,0,EL CHIFLON,0, ,- EL CHIFLON,204, , , , ,1,1,2,BIDIRECCIONAL,1,CONCRETO,1,BUENO,1,SECO,1,DESPEJADO,0,0,0,0,2
-8143642.09239777,-4450105.74800573,2981,22660,1377613,-73.1555816,-37.0788685,99,LOTA,1,37666,2021,1377613,REGION BIO BIO,8106,LOTA,CARLOS COUSI??ªO, ,899,"CARLOS COUSI??ªO 899, LOTA",CHILE,RANGE_INTERPOLATED,51774,2021,1377613,1,2021/09/08 00:00:00+00,1899/12/30 00:00:00+00,8,REGION BIO BIO,8106,LOTA,10,ATROPELLO,10,ATROPELLO,1,URBANA,1,TRAMO DE VIA RECTA,1,IMPRUDENCIA DEL CONDUCTOR,31,NO RESPETAR DERECHO PREFERENTE DE PASO A PEATON,0,CARLOS COUSIÑO,0, ,- CARLOS COUSIÑO,899, , , , ,1,1,2,BIDIRECCIONAL,2,ASFALTO,1,BUENO,1,SECO,1,DESPEJADO,0,0,0,1,1
-8143627.39822499,-4450089.82741999,2982,22661,1399748,-73.1554496,-37.0787544,99,LOTA,1,48247,2021,1399748,REGION BIO BIO,8106,LOTA,EL MORRO,CARLOS COUSI??ªO,0,"EL MORRO & CARLOS COUSI??ªO, LOTA",CHILE,GEOMETRIC_CENTER,65809,2021,1399748,1,2021/11/04 00:00:00+00,1899/12/30 00:00:00+00,8,REGION BIO BIO,8106,LOTA,31,COLISION FRONTAL,30,COLISION,1,URBANA,1,TRAMO DE VIA RECTA,1,IMPRUDENCIA DEL CONDUCTOR,27,CONDUCCION NO ATENTO CONDICIONES TRANSITO MOMENTO,0,EL MORRO,0,CARLOS COUSIÑO,CARLOS COUSIÑO - EL MORRO,0, , , , ,1,1,2,BIDIRECCIONAL,2,ASFALTO,1,BUENO,1,SECO,1,DESPEJADO,0,0,0,0,2
-8143105.20962563,-4449929.81360831,2983,22662,1400024,-73.1507587,-37.0776076,99,LOTA,1,53083,2021,1400024,REGION BIO BIO,8106,LOTA,ERNESTO RIQUELME, ,341,"ERNESTO RIQUELME 341, LOTA",CHILE,RANGE_INTERPOLATED,72173,2021,1400024,1,2021/11/28 00:00:00+00,1899/12/30 00:00:00+00,8,REGION BIO BIO,8106,LOTA,62,CHOQUE FRENTE/LADO,40,CHOQUE,1,URBANA,1,TRAMO DE VIA RECTA,9,PERDIDA CONTROL VEHICULO,95,PERDIDA CONTROL VEHICULO,0,ERNESTO RIQUELME,0, ,- ERNESTO RIQUELME,341, , , , ,1,1,2,BIDIRECCIONAL,2,ASFALTO,1,BUENO,1,SECO,1,DESPEJADO,0,0,0,2,0
-8144117.58247075,-4449763.8304399,2984,22663,1362966,-73.159853,-37.076418,99,LOTA,1,27358,2021,1362966,REGION BIO BIO,8106,LOTA,EL MORRO,ANTONIO VARAS,0,"EL MORRO & ANTONIO VARAS, LOTA",CHILE,GEOMETRIC_CENTER,37741,2021,1362966,1,2021/07/12 00:00:00+00,1899/12/30 00:00:00+00,8,REGION BIO BIO,8106,LOTA,51,CHOQUE FRONTAL,40,CHOQUE,1,URBANA,16,CRUCE SIN SEÑALIZACION,13,CAUSAS NO DETERMINADAS,97,CAUSAS NO DETERMINADAS,0,EL MORRO,0,ANTONIO VARAS,ANTONIO VARAS - EL MORRO,0, , , , ,1,1,2,BIDIRECCIONAL,2,ASFALTO,1,BUENO,1,SECO,1,DESPEJADO,0,0,0,0,1
-8143617.31267912,-4449746.79415076,2985,22664,1335032,-73.155359,-37.0762959,99,LOTA,1,8004,2021,1335032,REGION BIO BIO,8106,LOTA,MIRAMAR, ,82,"MIRAMAR 82, LOTA",CHILE,RANGE_INTERPOLATED,11249,2021,1335032,1,2021/02/28 00:00:00+00,1899/12/30 00:00:00+00,8,REGION BIO BIO,8106,LOTA,52,CHOQUE LATERAL,40,CHOQUE,1,URBANA,1,TRAMO DE VIA RECTA,13,CAUSAS NO DETERMINADAS,97,CAUSAS NO DETERMINADAS,0,MIRAMAR,0, ,- MIRAMAR,82, , , , ,1,1,2,BIDIRECCIONAL,1,CONCRETO,1,BUENO,1,SECO,2,NUBLADO,0,0,0,0,1
-8143894.91009331,-4449596.60810076,2986,22665,1409691,-73.1578527,-37.0752195,99,LOTA,1,58403,2021,1409691,REGION BIO BIO,8106,LOTA,EL MORRO, ,160,"EL MORRO 160, LOTA",CHILE,RANGE_INTERPOLATED,79319,2021,1409691,1,2021/12/25 00:00:00+00,1899/12/30 00:00:00+00,8,REGION BIO BIO,8106,LOTA,61,CHOQUE FRENTE/FRENTE,40,CHOQUE,1,URBANA,1,TRAMO DE VIA RECTA,13,CAUSAS NO DETERMINADAS,97,CAUSAS NO DETERMINADAS,0,EL MORRO,0, ,- EL MORRO,160, , , , ,1,1,2,BIDIRECCIONAL,1,CONCRETO,1,BUENO,1,SECO,1,DESPEJADO,0,0,0,0,2
-8177636.88302402,-4527180.03034645,2987,21154,1403402,-73.460962,-37.6292299,67,LOS ALAMOS,1,55283,2021,1403402,REGION BIO BIO,8206,LOS ALAMOS,TRIHUECO,CAUPOLICAN,0,"TRIHUECO & CAUPOLICAN, LOS ALAMOS",CHILE,GEOMETRIC_CENTER,75117,2021,1403402,1,2021/12/10 00:00:00+00,1899/12/30 00:00:00+00,8,REGION BIO BIO,8206,LOS ALAMOS,32,COLISION LATERAL,30,COLISION,1,URBANA,14,CRUCE CON SEÑAL PARE,1,IMPRUDENCIA DEL CONDUCTOR,27,CONDUCCION NO ATENTO CONDICIONES TRANSITO MOMENTO,0,TRIHUECO,0,CAUPOLICAN,CAUPOLICAN - TRIHUECO,0, , , , ,1,1,2,BIDIRECCIONAL,1,CONCRETO,1,BUENO,1,SECO,1,DESPEJADO,0,0,0,1,1
-8177636.88302402,-4527180.03034645,2988,21155,1403437,-73.460962,-37.6292299,67,LOS ALAMOS,1,55351,2021,1403437,REGION BIO BIO,8206,LOS ALAMOS,TRIHUECO,CAUPOLICAN,0,"TRIHUECO & CAUPOLICAN, LOS ALAMOS",CHILE,GEOMETRIC_CENTER,75202,2021,1403437,1,2021/12/10 00:00:00+00,1899/12/30 00:00:00+00,8,REGION BIO BIO,8206,LOS ALAMOS,63,CHOQUE FRENTE/POSTERIOR,40,CHOQUE,1,URBANA,1,TRAMO DE VIA RECTA,1,IMPRUDENCIA DEL CONDUCTOR,27,CONDUCCION NO ATENTO CONDICIONES TRANSITO MOMENTO,0,TRIHUECO,0,CAUPOLICAN,CAUPOLICAN - TRIHUECO,0, , , , ,2,0,1,UNIDIRECCIONAL,2,ASFALTO,1,BUENO,1,SECO,1,DESPEJADO,0,0,0,1,1
-8177482.03761233,-4527121.02394181,2989,21156,1372351,-73.459571,-37.6288101,67,LOS ALAMOS,1,33580,2021,1372351,REGION BIO BIO,8206,LOS ALAMOS,JUAN ANTONIO RIOS,COLON,0,"JUAN ANTONIO RIOS & COLON, LOS ALAMOS",CHILE,GEOMETRIC_CENTER,46315,2021,1372351,1,2021/08/16 00:00:00+00,1899/12/30 00:00:00+00,8,REGION BIO BIO,8206,LOS ALAMOS,68,CHOQUE POSTERIOR/LADO,40,CHOQUE,1,URBANA,1,TRAMO DE VIA RECTA,14,OTRAS CAUSAS,98,OTRAS CAUSAS,0,JUAN ANTONIO RIOS,0,COLON,COLON - JUAN ANTONIO RIOS,0, , , , ,1,0,1,UNIDIRECCIONAL,2,ASFALTO,1,BUENO,1,SECO,2,NUBLADO,0,0,0,0,1
-8177331.75629975,-4527110.20098332,2990,21157,1327985,-73.458221,-37.6287331,67,LOS ALAMOS,1,2818,2021,1327985,REGION BIO BIO,8206,LOS ALAMOS,PEDRO DE VALDIVIA,JUAN ANTONIO RIOS,0,"PEDRO DE VALDIVIA & JUAN ANTONIO RIOS, LOS ALAMOS",CHILE,GEOMETRIC_CENTER,3866,2021,1327985,1,2021/01/20 00:00:00+00,1899/12/30 00:00:00+00,8,REGION BIO BIO,8206,LOS ALAMOS,32,COLISION LATERAL,30,COLISION,1,URBANA,26,OTROS NO CONSIDERADOS,1,IMPRUDENCIA DEL CONDUCTOR,27,CONDUCCION NO ATENTO CONDICIONES TRANSITO MOMENTO,0,PEDRO DE VALDIVIA,0,JUAN ANTONIO RIOS,JUAN ANTONIO RIOS - PEDRO DE VALDIVIA,0, , , , ,2,0,1,UNIDIRECCIONAL,1,CONCRETO,1,BUENO,1,SECO,1,DESPEJADO,0,0,0,0,2
-8177331.75629975,-4527110.20098332,2991,21158,1405774,-73.458221,-37.6287331,67,LOS ALAMOS,1,56774,2021,1405774,REGION BIO BIO,8206,LOS ALAMOS,JUAN ANTONIO RIOS,PEDRO DE VALDIVIA,0,"JUAN ANTONIO RIOS & PEDRO DE VALDIVIA, LOS ALAMOS",CHILE,GEOMETRIC_CENTER,77140,2021,1405774,1,2021/12/17 00:00:00+00,1899/12/30 00:00:00+00,8,REGION BIO BIO,8206,LOS ALAMOS,32,COLISION LATERAL,30,COLISION,1,URBANA,14,CRUCE CON SEÑAL PARE,10,DESOBEDIENCIA A SEÑALIZACION,65,SEÑALIZACION DESOBEDECER SEÑAL PARE,0,JUAN ANTONIO RIOS,0,PEDRO DE VALDIVIA,JUAN ANTONIO RIOS - PEDRO DE VALDIVIA,0, , , , ,1,0,1,UNIDIRECCIONAL,2,ASFALTO,1,BUENO,1,SECO,1,DESPEJADO,0,0,0,2,0
-8178196.54176398,-4526974.76033671,2992,21159,1370047,-73.4659895,-37.6277695,67,LOS ALAMOS,1,31052,2021,1370047,REGION BIO BIO,8206,LOS ALAMOS,DIEGO PORTALES,LOS GUINDOS,0,"DIEGO PORTALES & LOS GUINDOS, LOS ALAMOS",CHILE,GEOMETRIC_CENTER,42919,2021,1370047,1,2021/08/02 00:00:00+00,1899/12/30 00:00:00+00,8,REGION BIO BIO,8206,LOS ALAMOS,33,COLISION POR ALCANCE,30,COLISION,1,URBANA,1,TRAMO DE VIA RECTA,1,IMPRUDENCIA DEL CONDUCTOR,27,CONDUCCION NO ATENTO CONDICIONES TRANSITO MOMENTO,0,DIEGO PORTALES,0,LOS GUINDOS,DIEGO PORTALES - LOS GUINDOS,0, , , , ,2,0,1,UNIDIRECCIONAL,2,ASFALTO,1,BUENO,1,SECO,1,DESPEJADO,0,0,0,0,2
-8177455.89979589,-4526970.78260247,2993,21160,1372365,-73.4593362,-37.6277412,67,LOS ALAMOS,1,33774,2021,1372365,REGION BIO BIO,8206,LOS ALAMOS,IGNCAIO CARRERA PINTO, ,610,"IGNCAIO CARRERA PINTO 610, LOS ALAMOS",CHILE,RANGE_INTERPOLATED,46584,2021,1372365,1,2021/08/17 00:00:00+00,1899/12/30 00:00:00+00,8,REGION BIO BIO,8206,LOS ALAMOS,63,CHOQUE FRENTE/POSTERIOR,40,CHOQUE,1,URBANA,1,TRAMO DE VIA RECTA,1,IMPRUDENCIA DEL CONDUCTOR,84,CARGA SOBRESALE ESTRUCTURA VEHICULO,0,IGNCAIO CARRERA PINTO,0, ,- IGNCAIO CARRERA PINTO,610, , , , ,1,1,2,BIDIRECCIONAL,2,ASFALTO,1,BUENO,1,SECO,1,DESPEJADO,0,0,0,0,3
-8177232.014036,-4526952.42601103,2994,21161,1331329,-73.457325,-37.6276106,67,LOS ALAMOS,1,5402,2021,1331329,REGION BIO BIO,8206,LOS ALAMOS,IGNACIO CARRERA PINTO,INDEPENDENCIA,0,"IGNACIO CARRERA PINTO & INDEPENDENCIA, LOS ALAMOS",CHILE,GEOMETRIC_CENTER,7550,2021,1331329,1,2021/02/09 00:00:00+00,1899/12/30 00:00:00+00,8,REGION BIO BIO,8206,LOS ALAMOS,66,CHOQUE LADO/POSTERIOR,40,CHOQUE,1,URBANA,16,CRUCE SIN SEÑALIZACION,1,IMPRUDENCIA DEL CONDUCTOR,27,CONDUCCION NO ATENTO CONDICIONES TRANSITO MOMENTO,0,IGNACIO CARRERA PINTO,0,INDEPENDENCIA,IGNACIO CARRERA PINTO - INDEPENDENCIA,0, , , , ,1,0,1,UNIDIRECCIONAL,2,ASFALTO,1,BUENO,1,SECO,1,DESPEJADO,0,0,0,0,2
-8177232.014036,-4526952.42601103,2995,21162,1343614,-73.457325,-37.6276106,67,LOS ALAMOS,1,13758,2021,1343614,REGION BIO BIO,8206,LOS ALAMOS,IGNACIO CARRERA PINTO,GALVARINO,0,"IGNACIO CARRERA PINTO & GALVARINO, LOS ALAMOS",CHILE,GEOMETRIC_CENTER,19020,2021,1343614,1,2021/04/13 00:00:00+00,1899/12/30 00:00:00+00,8,REGION BIO BIO,8206,LOS ALAMOS,32,COLISION LATERAL,30,COLISION,1,URBANA,16,CRUCE SIN SEÑALIZACION,1,IMPRUDENCIA DEL CONDUCTOR,32,NO RESPETAR DERECHO PREFERENTE DE PASO A VEHICULO,0,IGNACIO CARRERA PINTO,0,GALVARINO,GALVARINO - IGNACIO CARRERA PINTO,0, , , , ,1,1,2,BIDIRECCIONAL,2,ASFALTO,1,BUENO,1,SECO,1,DESPEJADO,0,0,0,1,1
-8177232.014036,-4526952.42601103,2996,21163,1344312,-73.457325,-37.6276106,67,LOS ALAMOS,1,14640,2021,1344312,REGION BIO BIO,8206,LOS ALAMOS,IGNACIO CARRERA PINTO,LUIS SAEZ MORA,0,"IGNACIO CARRERA PINTO & LUIS SAEZ MORA, LOS ALAMOS",CHILE,GEOMETRIC_CENTER,20173,2021,1344312,1,2021/04/19 00:00:00+00,1899/12/30 00:00:00+00,8,REGION BIO BIO,8206,LOS ALAMOS,63,CHOQUE FRENTE/POSTERIOR,40,CHOQUE,1,URBANA,15,CRUCE CON SEÑAL CEDA EL PASO,1,IMPRUDENCIA DEL CONDUCTOR,28,CONDUCCION SIN MANTENER DISTANCIA RAZONABLE NI PRUDENTE,0,IGNACIO CARRERA PINTO,0,LUIS SAEZ MORA,IGNACIO CARRERA PINTO - LUIS SAEZ MORA,0, , , , ,2,0,1,UNIDIRECCIONAL,2,ASFALTO,1,BUENO,3,MOJADO,3,LLUVIA,0,0,0,0,2