X,Y,FID,FID_1,LABELID,POINT_X,POINT_Y,FID_2,COMUNAREAL,VAL_COM,OBJECTID,A_O,IDACCIDENT,REGION,COD_COMUN,COMUNA,CALLE_UNO,CALLE_DOS,NUMERO,DIR_GEOCOD,PAIS,TIPO,OBJECTID_1,Año,Idaccide_1,Claseaccid,Fecha,Hora,Cód_Regi,Región,Cód_Comun,Comuna_1,Cód_Tipo_,Tipo_Accid,Cód_Tipo1,Tipo__CONA,Cód_Zona,Zona,Cód_Ubica,Ubicación,Cód_Causa,Causa__CON,Cód_Cau_1,Causa,Cód_Calle,Calle_Un_1,Cód_Cal_1,Calle_Do_1,Intersecci,Número,Ruta,Cód_Ruta,Ubicaci_1,Km_Vía_Fe,Pistas_de_,Pistas_de1,Cód_Calza,Calzada,Cód__Tipo,Tipo_Calza,Cód_Estad,Estado_Cal,Cód_Condi,Condición,Cód_Est_1,Estado_Atm,Fallecidos,Graves,Menos_Grav,Leves,Ilesos
-8177232.014036,-4526952.42601103,2997,21164,1363229,-73.457325,-37.6276106,67,LOS ALAMOS,1,27789,2021,1363229,REGION BIO BIO,8206,LOS ALAMOS,IGNACIO CARRERA PINTO, ,951,"IGNACIO CARRERA PINTO 951, LOS ALAMOS",CHILE,RANGE_INTERPOLATED,38368,2021,1363229,1,2021/07/14 00:00:00+00,1899/12/30 00:00:00+00,8,REGION BIO BIO,8206,LOS ALAMOS,10,ATROPELLO,10,ATROPELLO,1,URBANA,1,TRAMO DE VIA RECTA,1,IMPRUDENCIA DEL CONDUCTOR,31,NO RESPETAR DERECHO PREFERENTE DE PASO A PEATON,0,IGNACIO CARRERA PINTO,0, ,- IGNACIO CARRERA PINTO,951, , , , ,2,0,1,UNIDIRECCIONAL,2,ASFALTO,1,BUENO,1,SECO,1,DESPEJADO,1,0,0,0,1
-8177232.014036,-4526952.42601103,2998,21165,1364074,-73.457325,-37.6276106,67,LOS ALAMOS,1,28346,2021,1364074,REGION BIO BIO,8206,LOS ALAMOS,18 DE SEPTIEMBRE,IGNACIO CARRERA PINTO,0,"18 DE SEPTIEMBRE & IGNACIO CARRERA PINTO, LOS ALAMOS",CHILE,GEOMETRIC_CENTER,39158,2021,1364074,1,2021/07/17 00:00:00+00,1899/12/30 00:00:00+00,8,REGION BIO BIO,8206,LOS ALAMOS,70,VOLCADURA,70,VOLCADURA,1,URBANA,1,TRAMO DE VIA RECTA,9,PERDIDA CONTROL VEHICULO,95,PERDIDA CONTROL VEHICULO,0,18 DE SEPTIEMBRE,0,IGNACIO CARRERA PINTO,18 DE SEPTIEMBRE - IGNACIO CARRERA PINTO,0, , , , ,1,0,1,UNIDIRECCIONAL,2,ASFALTO,1,BUENO,1,SECO,1,DESPEJADO,0,0,0,1,1
-8177232.014036,-4526952.42601103,2999,21166,1375519,-73.457325,-37.6276106,67,LOS ALAMOS,1,35912,2021,1375519,REGION BIO BIO,8206,LOS ALAMOS,IGNACIO CARRERA PINTO,CENTENARIO,0,"IGNACIO CARRERA PINTO & CENTENARIO, LOS ALAMOS",CHILE,GEOMETRIC_CENTER,49451,2021,1375519,1,2021/08/29 00:00:00+00,1899/12/30 00:00:00+00,8,REGION BIO BIO,8206,LOS ALAMOS,33,COLISION POR ALCANCE,30,COLISION,1,URBANA,14,CRUCE CON SEÑAL PARE,10,DESOBEDIENCIA A SEÑALIZACION,65,SEÑALIZACION DESOBEDECER SEÑAL PARE,0,IGNACIO CARRERA PINTO,0,CENTENARIO,CENTENARIO - IGNACIO CARRERA PINTO,0, , , , ,2,2,2,BIDIRECCIONAL,2,ASFALTO,1,BUENO,1,SECO,2,NUBLADO,0,0,0,0,1
-8177232.014036,-4526952.42601103,3000,21167,1380009,-73.457325,-37.6276106,67,LOS ALAMOS,1,39428,2021,1380009,REGION BIO BIO,8206,LOS ALAMOS,IGNACIO CARRERA PINTO,INDEPENDENCIA,0,"IGNACIO CARRERA PINTO & INDEPENDENCIA, LOS ALAMOS",CHILE,GEOMETRIC_CENTER,54147,2021,1380009,1,2021/09/17 00:00:00+00,1899/12/30 00:00:00+00,8,REGION BIO BIO,8206,LOS ALAMOS,32,COLISION LATERAL,30,COLISION,1,URBANA,14,CRUCE CON SEÑAL PARE,4,ALCOHOL EN CONDUCTOR,24,CONDUCCION EN ESTADO DE EBRIEDAD,0,IGNACIO CARRERA PINTO,0,INDEPENDENCIA,IGNACIO CARRERA PINTO - INDEPENDENCIA,0, , , , ,2,0,1,UNIDIRECCIONAL,2,ASFALTO,1,BUENO,1,SECO,1,DESPEJADO,0,0,1,0,2
-8177232.014036,-4526952.42601103,3001,21168,1381877,-73.457325,-37.6276106,67,LOS ALAMOS,1,40074,2021,1381877,REGION BIO BIO,8206,LOS ALAMOS,IGNCAIO CARRERA PINTO,PEDRO DE VALDIVIA,0,"IGNCAIO CARRERA PINTO & PEDRO DE VALDIVIA, LOS ALAMOS",CHILE,GEOMETRIC_CENTER,55044,2021,1381877,1,2021/09/21 00:00:00+00,1899/12/30 00:00:00+00,8,REGION BIO BIO,8206,LOS ALAMOS,33,COLISION POR ALCANCE,30,COLISION,1,URBANA,1,TRAMO DE VIA RECTA,1,IMPRUDENCIA DEL CONDUCTOR,93,CONDUCIR VEHICULO EN RETROCESO,0,IGNCAIO CARRERA PINTO,0,PEDRO DE VALDIVIA,IGNCAIO CARRERA PINTO - PEDRO DE VALDIVIA,0, , , , ,2,0,1,UNIDIRECCIONAL,2,ASFALTO,1,BUENO,1,SECO,1,DESPEJADO,0,0,0,0,2
-8177232.014036,-4526952.42601103,3002,21169,1396782,-73.457325,-37.6276106,67,LOS ALAMOS,1,50368,2021,1396782,REGION BIO BIO,8206,LOS ALAMOS,IGNACIO CARRERA PINTO,TRIHUECO,0,"IGNACIO CARRERA PINTO & TRIHUECO, LOS ALAMOS",CHILE,GEOMETRIC_CENTER,68618,2021,1396782,1,2021/11/15 00:00:00+00,1899/12/30 00:00:00+00,8,REGION BIO BIO,8206,LOS ALAMOS,33,COLISION POR ALCANCE,30,COLISION,1,URBANA,1,TRAMO DE VIA RECTA,1,IMPRUDENCIA DEL CONDUCTOR,27,CONDUCCION NO ATENTO CONDICIONES TRANSITO MOMENTO,0,IGNACIO CARRERA PINTO,0,TRIHUECO,IGNACIO CARRERA PINTO - TRIHUECO,0, , , , ,2,0,1,UNIDIRECCIONAL,2,ASFALTO,1,BUENO,2,HUMEDO,2,NUBLADO,0,0,0,0,2
-8177232.014036,-4526952.42601103,3003,21170,1401747,-73.457325,-37.6276106,67,LOS ALAMOS,1,53862,2021,1401747,REGION BIO BIO,8206,LOS ALAMOS,IGNACIO CARRERA PINTO,LUIS SAEZ MORA,0,"IGNACIO CARRERA PINTO & LUIS SAEZ MORA, LOS ALAMOS",CHILE,GEOMETRIC_CENTER,73205,2021,1401747,1,2021/12/03 00:00:00+00,1899/12/30 00:00:00+00,8,REGION BIO BIO,8206,LOS ALAMOS,32,COLISION LATERAL,30,COLISION,1,URBANA,1,TRAMO DE VIA RECTA,1,IMPRUDENCIA DEL CONDUCTOR,27,CONDUCCION NO ATENTO CONDICIONES TRANSITO MOMENTO,0,IGNACIO CARRERA PINTO,0,LUIS SAEZ MORA,IGNACIO CARRERA PINTO - LUIS SAEZ MORA,0, , , , ,2,0,1,UNIDIRECCIONAL,2,ASFALTO,1,BUENO,1,SECO,1,DESPEJADO,0,0,0,0,3
-8177232.014036,-4526952.42601103,3004,21171,1402773,-73.457325,-37.6276106,67,LOS ALAMOS,1,55158,2021,1402773,REGION BIO BIO,8206,LOS ALAMOS,IGNACIO CARRERA PINTO,PEDRO DE VALDIVIA,0,"IGNACIO CARRERA PINTO & PEDRO DE VALDIVIA, LOS ALAMOS",CHILE,GEOMETRIC_CENTER,74934,2021,1402773,1,2021/12/09 00:00:00+00,1899/12/30 00:00:00+00,8,REGION BIO BIO,8206,LOS ALAMOS,32,COLISION LATERAL,30,COLISION,1,URBANA,1,TRAMO DE VIA RECTA,1,IMPRUDENCIA DEL CONDUCTOR,29,CONDUCCION CAMBIAR SORPRESIVAMENTE PISTA CIRCULACION,0,IGNACIO CARRERA PINTO,0,PEDRO DE VALDIVIA,IGNACIO CARRERA PINTO - PEDRO DE VALDIVIA,0, , , , ,2,0,1,UNIDIRECCIONAL,2,ASFALTO,1,BUENO,1,SECO,1,DESPEJADO,0,0,0,0,2
-8177232.014036,-4526952.42601103,3005,21172,1405658,-73.457325,-37.6276106,67,LOS ALAMOS,1,56500,2021,1405658,REGION BIO BIO,8206,LOS ALAMOS,IGNACIO CARRERA PINTO,COLON,0,"IGNACIO CARRERA PINTO & COLON, LOS ALAMOS",CHILE,GEOMETRIC_CENTER,76779,2021,1405658,1,2021/12/16 00:00:00+00,1899/12/30 00:00:00+00,8,REGION BIO BIO,8206,LOS ALAMOS,33,COLISION POR ALCANCE,30,COLISION,1,URBANA,1,TRAMO DE VIA RECTA,4,ALCOHOL EN CONDUCTOR,24,CONDUCCION EN ESTADO DE EBRIEDAD,0,IGNACIO CARRERA PINTO,0,COLON,COLON - IGNACIO CARRERA PINTO,0, , , , ,2,0,1,UNIDIRECCIONAL,2,ASFALTO,1,BUENO,1,SECO,1,DESPEJADO,0,1,0,5,0
-8177232.014036,-4526952.42601103,3006,21173,1407499,-73.457325,-37.6276106,67,LOS ALAMOS,1,58297,2021,1407499,REGION BIO BIO,8206,LOS ALAMOS,IGNACIO CARRERA PINTO,LUIS SAEZ MORA,0,"IGNACIO CARRERA PINTO & LUIS SAEZ MORA, LOS ALAMOS",CHILE,GEOMETRIC_CENTER,79159,2021,1407499,1,2021/12/25 00:00:00+00,1899/12/30 00:00:00+00,8,REGION BIO BIO,8206,LOS ALAMOS,30,COLISION,30,COLISION,1,URBANA,1,TRAMO DE VIA RECTA,4,ALCOHOL EN CONDUCTOR,24,CONDUCCION EN ESTADO DE EBRIEDAD,0,IGNACIO CARRERA PINTO,0,LUIS SAEZ MORA,IGNACIO CARRERA PINTO - LUIS SAEZ MORA,0, , , , ,1,1,2,BIDIRECCIONAL,2,ASFALTO,1,BUENO,1,SECO,1,DESPEJADO,0,0,1,1,0
-8177232.014036,-4526952.42601103,3007,21174,1408111,-73.457325,-37.6276106,67,LOS ALAMOS,1,58641,2021,1408111,REGION BIO BIO,8206,LOS ALAMOS,IGNACIO CARRERA PINTO,18 DE SEPTIEMBRE,0,"IGNACIO CARRERA PINTO & 18 DE SEPTIEMBRE, LOS ALAMOS",CHILE,GEOMETRIC_CENTER,79693,2021,1408111,1,2021/12/27 00:00:00+00,1899/12/30 00:00:00+00,8,REGION BIO BIO,8206,LOS ALAMOS,67,CHOQUE POSTERIOR/FRENTE,40,CHOQUE,1,URBANA,1,TRAMO DE VIA RECTA,1,IMPRUDENCIA DEL CONDUCTOR,27,CONDUCCION NO ATENTO CONDICIONES TRANSITO MOMENTO,0,IGNACIO CARRERA PINTO,0,18 DE SEPTIEMBRE,18 DE SEPTIEMBRE - IGNACIO CARRERA PINTO,0, , , , ,2,0,1,UNIDIRECCIONAL,2,ASFALTO,1,BUENO,1,SECO,1,DESPEJADO,0,0,0,0,2
-8177232.014036,-4526952.42601103,3008,21175,1410105,-73.457325,-37.6276106,67,LOS ALAMOS,1,59265,2021,1410105,REGION BIO BIO,8206,LOS ALAMOS,IGNACIO CARRERA PINTO,SERRANO,0,"IGNACIO CARRERA PINTO & SERRANO, LOS ALAMOS",CHILE,GEOMETRIC_CENTER,80521,2021,1410105,1,2021/12/30 00:00:00+00,1899/12/30 00:00:00+00,8,REGION BIO BIO,8206,LOS ALAMOS,32,COLISION LATERAL,30,COLISION,1,URBANA,1,TRAMO DE VIA RECTA,1,IMPRUDENCIA DEL CONDUCTOR,27,CONDUCCION NO ATENTO CONDICIONES TRANSITO MOMENTO,0,IGNACIO CARRERA PINTO,0,SERRANO,IGNACIO CARRERA PINTO - SERRANO,0, , , , ,1,1,2,BIDIRECCIONAL,2,ASFALTO,1,BUENO,1,SECO,1,DESPEJADO,0,0,0,2,0
-8177498.27912603,-4526910.21721754,3009,21176,1365238,-73.4597169,-37.6273103,67,LOS ALAMOS,1,29003,2021,1365238,REGION BIO BIO,8206,LOS ALAMOS,DIEGO PORTALES,LOS CIRUELOS,0,"DIEGO PORTALES & LOS CIRUELOS, LOS ALAMOS",CHILE,GEOMETRIC_CENTER,40096,2021,1365238,1,2021/07/22 00:00:00+00,1899/12/30 00:00:00+00,8,REGION BIO BIO,8206,LOS ALAMOS,33,COLISION POR ALCANCE,30,COLISION,1,URBANA,1,TRAMO DE VIA RECTA,1,IMPRUDENCIA DEL CONDUCTOR,91,VIRAJES INDEBIDOS,0,DIEGO PORTALES,0,LOS CIRUELOS,DIEGO PORTALES - LOS CIRUELOS,0, , , , ,2,0,1,UNIDIRECCIONAL,2,ASFALTO,1,BUENO,2,HUMEDO,5,NEBLINA,0,0,0,1,1
-8172349.94191998,-4526894.81238568,3010,21177,1350025,-73.4134686,-37.6272007,67,LOS ALAMOS,1,18231,2021,1350025,REGION BIO BIO,8206,LOS ALAMOS,LOS BOLDOS, ,67,"LOS BOLDOS 67, LOS ALAMOS",CHILE,RANGE_INTERPOLATED,25067,2021,1350025,1,2021/05/15 00:00:00+00,1899/12/30 00:00:00+00,8,REGION BIO BIO,8206,LOS ALAMOS,10,ATROPELLO,10,ATROPELLO,1,URBANA,1,TRAMO DE VIA RECTA,2,IMPRUDENCIA DEL PEATON,53,IMPRUDENCIA DEL PEATON,0,LOS BOLDOS,0, ,- LOS BOLDOS,67, , , , ,1,0,1,UNIDIRECCIONAL,2,ASFALTO,1,BUENO,2,HUMEDO,1,DESPEJADO,0,0,0,1,1
-8178474.4397408,-4526872.07062249,3011,21178,1383672,-73.4684859,-37.6270389,67,LOS ALAMOS,1,41544,2021,1383672,REGION BIO BIO,8206,LOS ALAMOS,GALVARINO, ,20,"GALVARINO 20, LOS ALAMOS",CHILE,RANGE_INTERPOLATED,56934,2021,1383672,1,2021/09/29 00:00:00+00,1899/12/30 00:00:00+00,8,REGION BIO BIO,8206,LOS ALAMOS,63,CHOQUE FRENTE/POSTERIOR,40,CHOQUE,1,URBANA,1,TRAMO DE VIA RECTA,14,OTRAS CAUSAS,98,OTRAS CAUSAS,0,GALVARINO,0, ,- GALVARINO,20, , , , ,1,1,2,BIDIRECCIONAL,2,ASFALTO,2,REGULAR,3,MOJADO,3,LLUVIA,0,0,0,0,1
-8177628.54519416,-4526730.35035465,3012,21179,1346540,-73.4608871,-37.6260306,67,LOS ALAMOS,1,15851,2021,1346540,REGION BIO BIO,8206,LOS ALAMOS,LUIS SAEZ MORA,ANDALIO VIGUERAS,0,"LUIS SAEZ MORA & ANDALIO VIGUERAS, LOS ALAMOS",CHILE,GEOMETRIC_CENTER,21833,2021,1346540,1,2021/04/29 00:00:00+00,1899/12/30 00:00:00+00,8,REGION BIO BIO,8206,LOS ALAMOS,33,COLISION POR ALCANCE,30,COLISION,1,URBANA,14,CRUCE CON SEÑAL PARE,10,DESOBEDIENCIA A SEÑALIZACION,65,SEÑALIZACION DESOBEDECER SEÑAL PARE,0,LUIS SAEZ MORA,0,ANDALIO VIGUERAS,ANDALIO VIGUERAS - LUIS SAEZ MORA,0, , , , ,1,1,2,BIDIRECCIONAL,2,ASFALTO,1,BUENO,1,SECO,1,DESPEJADO,0,0,0,0,2
-8177628.54519416,-4526730.35035465,3013,21180,1379969,-73.4608871,-37.6260306,67,LOS ALAMOS,1,38708,2021,1379969,REGION BIO BIO,8206,LOS ALAMOS,LUIS SAEZ MORA,ANDALIO VIGUERAS,0,"LUIS SAEZ MORA & ANDALIO VIGUERAS, LOS ALAMOS",CHILE,GEOMETRIC_CENTER,53181,2021,1379969,1,2021/09/13 00:00:00+00,1899/12/30 00:00:00+00,8,REGION BIO BIO,8206,LOS ALAMOS,32,COLISION LATERAL,30,COLISION,1,URBANA,14,CRUCE CON SEÑAL PARE,10,DESOBEDIENCIA A SEÑALIZACION,65,SEÑALIZACION DESOBEDECER SEÑAL PARE,0,LUIS SAEZ MORA,0,ANDALIO VIGUERAS,ANDALIO VIGUERAS - LUIS SAEZ MORA,0, , , , ,1,0,1,UNIDIRECCIONAL,2,ASFALTO,1,BUENO,1,SECO,1,DESPEJADO,0,0,0,1,1
-8177628.54519416,-4526730.35035465,3014,21181,1395021,-73.4608871,-37.6260306,67,LOS ALAMOS,1,49703,2021,1395021,REGION BIO BIO,8206,LOS ALAMOS,ANDALIO VIGUERAS,LUIS SAEZ MORA,0,"ANDALIO VIGUERAS & LUIS SAEZ MORA, LOS ALAMOS",CHILE,GEOMETRIC_CENTER,67695,2021,1395021,1,2021/11/11 00:00:00+00,1899/12/30 00:00:00+00,8,REGION BIO BIO,8206,LOS ALAMOS,32,COLISION LATERAL,30,COLISION,1,URBANA,14,CRUCE CON SEÑAL PARE,10,DESOBEDIENCIA A SEÑALIZACION,65,SEÑALIZACION DESOBEDECER SEÑAL PARE,0,ANDALIO VIGUERAS,0,LUIS SAEZ MORA,ANDALIO VIGUERAS - LUIS SAEZ MORA,0, , , , ,1,0,1,UNIDIRECCIONAL,2,ASFALTO,1,BUENO,1,SECO,1,DESPEJADO,0,0,0,2,1
-8177628.54519416,-4526730.35035465,3015,21182,1408222,-73.4608871,-37.6260306,67,LOS ALAMOS,1,58844,2021,1408222,REGION BIO BIO,8206,LOS ALAMOS,LUIS SAEZ MORA,LIBERTAD,0,"LUIS SAEZ MORA & LIBERTAD, LOS ALAMOS",CHILE,GEOMETRIC_CENTER,79963,2021,1408222,1,2021/12/28 00:00:00+00,1899/12/30 00:00:00+00,8,REGION BIO BIO,8206,LOS ALAMOS,32,COLISION LATERAL,30,COLISION,1,URBANA,14,CRUCE CON SEÑAL PARE,10,DESOBEDIENCIA A SEÑALIZACION,65,SEÑALIZACION DESOBEDECER SEÑAL PARE,0,LUIS SAEZ MORA,0,LIBERTAD,LIBERTAD - LUIS SAEZ MORA,0, , , , ,2,0,1,UNIDIRECCIONAL,2,ASFALTO,1,BUENO,1,SECO,1,DESPEJADO,0,0,0,0,2
-8177546.55838919,-4526606.29926133,3016,21183,1362260,-73.4601506,-37.625148,67,LOS ALAMOS,1,26730,2021,1362260,REGION BIO BIO,8206,LOS ALAMOS,PEDRO EYHERAMENDI,COLON,0,"PEDRO EYHERAMENDI & COLON, LOS ALAMOS",CHILE,GEOMETRIC_CENTER,36858,2021,1362260,1,2021/07/08 00:00:00+00,1899/12/30 00:00:00+00,8,REGION BIO BIO,8206,LOS ALAMOS,33,COLISION POR ALCANCE,30,COLISION,1,URBANA,1,TRAMO DE VIA RECTA,1,IMPRUDENCIA DEL CONDUCTOR,27,CONDUCCION NO ATENTO CONDICIONES TRANSITO MOMENTO,0,PEDRO EYHERAMENDI,0,COLON,COLON - PEDRO EYHERAMENDI,0, , , , ,1,0,1,UNIDIRECCIONAL,2,ASFALTO,1,BUENO,3,MOJADO,3,LLUVIA,0,0,0,0,1
-8178436.2905513,-4526517.13405561,3017,21184,1329746,-73.4681432,-37.6245136,67,LOS ALAMOS,1,4223,2021,1329746,REGION BIO BIO,8206,LOS ALAMOS,SIMON CARVALLO,TOQUI ARAUCANO,0,"SIMON CARVALLO & TOQUI ARAUCANO, LOS ALAMOS",CHILE,GEOMETRIC_CENTER,5929,2021,1329746,1,2021/01/30 00:00:00+00,1899/12/30 00:00:00+00,8,REGION BIO BIO,8206,LOS ALAMOS,32,COLISION LATERAL,30,COLISION,1,URBANA,16,CRUCE SIN SEÑALIZACION,1,IMPRUDENCIA DEL CONDUCTOR,27,CONDUCCION NO ATENTO CONDICIONES TRANSITO MOMENTO,0,SIMON CARVALLO,0,TOQUI ARAUCANO,SIMON CARVALLO - TOQUI ARAUCANO,0, , , , ,1,1,2,BIDIRECCIONAL,1,CONCRETO,1,BUENO,1,SECO,1,DESPEJADO,0,0,0,0,2
-8178436.2905513,-4526517.13405561,3018,21185,1355579,-73.4681432,-37.6245136,67,LOS ALAMOS,1,22312,2021,1355579,REGION BIO BIO,8206,LOS ALAMOS,SIMON CARVALLO,LIBERTAD,0,"SIMON CARVALLO & LIBERTAD, LOS ALAMOS",CHILE,GEOMETRIC_CENTER,30746,2021,1355579,1,2021/06/10 00:00:00+00,1899/12/30 00:00:00+00,8,REGION BIO BIO,8206,LOS ALAMOS,63,CHOQUE FRENTE/POSTERIOR,40,CHOQUE,1,URBANA,1,TRAMO DE VIA RECTA,1,IMPRUDENCIA DEL CONDUCTOR,27,CONDUCCION NO ATENTO CONDICIONES TRANSITO MOMENTO,0,SIMON CARVALLO,0,LIBERTAD,LIBERTAD - SIMON CARVALLO,0, , , , ,1,0,1,UNIDIRECCIONAL,2,ASFALTO,1,BUENO,1,SECO,1,DESPEJADO,0,0,0,0,1
-8172177.81972331,-4524762.88187164,3019,21186,1357532,-73.4119224,-37.6120312,67,LOS ALAMOS,1,23405,2021,1357532,REGION BIO BIO,8206,LOS ALAMOS,DIEGO PORTALES,LOS FRUTILLARES,0,"DIEGO PORTALES & LOS FRUTILLARES, LOS ALAMOS",CHILE,GEOMETRIC_CENTER,32262,2021,1357532,1,2021/06/17 00:00:00+00,1899/12/30 00:00:00+00,8,REGION BIO BIO,8206,LOS ALAMOS,33,COLISION POR ALCANCE,30,COLISION,1,URBANA,1,TRAMO DE VIA RECTA,1,IMPRUDENCIA DEL CONDUCTOR,27,CONDUCCION NO ATENTO CONDICIONES TRANSITO MOMENTO,0,DIEGO PORTALES,0,LOS FRUTILLARES,DIEGO PORTALES - LOS FRUTILLARES,0, , , , ,1,0,1,UNIDIRECCIONAL,2,ASFALTO,1,BUENO,1,SECO,1,DESPEJADO,0,0,0,0,2
-8172177.81972331,-4524762.88187164,3020,21187,1372350,-73.4119224,-37.6120312,67,LOS ALAMOS,1,33455,2021,1372350,REGION BIO BIO,8206,LOS ALAMOS,DIEGO PORTALES,FRUTILLARES,0,"DIEGO PORTALES & FRUTILLARES, LOS ALAMOS",CHILE,GEOMETRIC_CENTER,46117,2021,1372350,1,2021/08/15 00:00:00+00,1899/12/30 00:00:00+00,8,REGION BIO BIO,8206,LOS ALAMOS,33,COLISION POR ALCANCE,30,COLISION,1,URBANA,1,TRAMO DE VIA RECTA,1,IMPRUDENCIA DEL CONDUCTOR,27,CONDUCCION NO ATENTO CONDICIONES TRANSITO MOMENTO,0,DIEGO PORTALES,0,FRUTILLARES,DIEGO PORTALES - FRUTILLARES,0, , , , ,2,0,1,UNIDIRECCIONAL,2,ASFALTO,1,BUENO,3,MOJADO,3,LLUVIA,0,0,0,0,2
-8172177.81972331,-4524762.88187164,3021,21188,1401283,-73.4119224,-37.6120312,67,LOS ALAMOS,1,53260,2021,1401283,REGION BIO BIO,8206,LOS ALAMOS,FRUTILLARES,DIEGO PORTALES,0,"FRUTILLARES & DIEGO PORTALES, LOS ALAMOS",CHILE,GEOMETRIC_CENTER,72407,2021,1401283,1,2021/11/29 00:00:00+00,1899/12/30 00:00:00+00,8,REGION BIO BIO,8206,LOS ALAMOS,10,ATROPELLO,10,ATROPELLO,1,URBANA,14,CRUCE CON SEÑAL PARE,2,IMPRUDENCIA DEL PEATON,55,PEATON CRUZA CALZADA FUERA PASO PEATONES,0,FRUTILLARES,0,DIEGO PORTALES,DIEGO PORTALES - FRUTILLARES,0, , , , ,2,0,1,UNIDIRECCIONAL,2,ASFALTO,1,BUENO,1,SECO,1,DESPEJADO,0,0,0,1,1
-8171619.54134504,-4523892.76546144,3022,21189,1366356,-73.4069073,-37.6058391,67,LOS ALAMOS,1,29619,2021,1366356,REGION BIO BIO,8206,LOS ALAMOS,DIEGO PORTALES,LOS MAITENES,0,"DIEGO PORTALES & LOS MAITENES, LOS ALAMOS",CHILE,GEOMETRIC_CENTER,40965,2021,1366356,1,2021/07/25 00:00:00+00,1899/12/30 00:00:00+00,8,REGION BIO BIO,8206,LOS ALAMOS,69,CHOQUE POSTERIOR/POSTERIOR,40,CHOQUE,1,URBANA,26,OTROS NO CONSIDERADOS,1,IMPRUDENCIA DEL CONDUCTOR,27,CONDUCCION NO ATENTO CONDICIONES TRANSITO MOMENTO,0,DIEGO PORTALES,0,LOS MAITENES,DIEGO PORTALES - LOS MAITENES,0, , , , ,2,0,1,UNIDIRECCIONAL,2,ASFALTO,1,BUENO,3,MOJADO,3,LLUVIA,0,0,1,0,0
-8128074.30651321,-4407600.62119426,3023,28781,1388240,-73.0157338,-36.7736307,177,PENCO,0,45045,2021,1388240,REGION BIO BIO,8101,CONCEPCION,CAMINO PENCO, ,4638,"CAMINO PENCO 4638, CONCEPCION",CHILE,RANGE_INTERPOLATED,61593,2021,1388240,1,2021/10/18 00:00:00+00,1899/12/30 00:00:00+00,8,REGION BIO BIO,8101,CONCEPCION,50,CHOQUE,40,CHOQUE,1,URBANA,1,TRAMO DE VIA RECTA,1,IMPRUDENCIA DEL CONDUCTOR,27,CONDUCCION NO ATENTO CONDICIONES TRANSITO MOMENTO,0,CAMINO PENCO,0, ,- CAMINO PENCO,4638, , , , ,3,3,2,BIDIRECCIONAL,1,CONCRETO,1,BUENO,1,SECO,1,DESPEJADO,0,0,0,1,2
-8128060.04648644,-4407588.07181029,3024,28782,1399559,-73.0156057,-36.7735404,177,PENCO,1,52755,2021,1399559,REGION BIO BIO,8107,PENCO,CAMINO PENCO, ,4866,"CAMINO PENCO 4866, PENCO",CHILE,RANGE_INTERPOLATED,71695,2021,1399559,1,2021/11/26 00:00:00+00,1899/12/30 00:00:00+00,8,REGION BIO BIO,8107,PENCO,53,CHOQUE POSTERIOR,40,CHOQUE,1,URBANA,11,CRUCE CON SEMAFORO FUNCIONANDO,1,IMPRUDENCIA DEL CONDUCTOR,28,CONDUCCION SIN MANTENER DISTANCIA RAZONABLE NI PRUDENTE,0,CAMINO PENCO,0, ,- CAMINO PENCO,4866, , , , ,2,2,3,BIDIRECCIONAL CON BANDEJON,1,CONCRETO,1,BUENO,1,SECO,1,DESPEJADO,0,0,0,0,2
-8128095.55740401,-4407436.3685772,3025,28783,1329557,-73.0159247,-36.7724488,177,PENCO,0,3953,2021,1329557,REGION BIO BIO,8101,CONCEPCION,RUTA 150,LOS CONQUISTADORES,0,"RUTA 150 & LOS CONQUISTADORES, CONCEPCION",CHILE,GEOMETRIC_CENTER,5491,2021,1329557,1,2021/01/28 00:00:00+00,1899/12/30 00:00:00+00,8,REGION BIO BIO,8101,CONCEPCION,30,COLISION,30,COLISION,1,URBANA,1,TRAMO DE VIA RECTA,1,IMPRUDENCIA DEL CONDUCTOR,27,CONDUCCION NO ATENTO CONDICIONES TRANSITO MOMENTO,0,RUTA 150,0,LOS CONQUISTADORES,LOS CONQUISTADORES - RUTA 150,0, , , , ,2,2,2,BIDIRECCIONAL,1,CONCRETO,1,BUENO,3,MOJADO,3,LLUVIA,0,0,0,1,1
-8128095.55740401,-4407436.3685772,3026,28784,1362708,-73.0159247,-36.7724488,177,PENCO,0,27209,2021,1362708,REGION BIO BIO,8101,CONCEPCION,RUTA 150,LOS CONQUISTADORES,0,"RUTA 150 & LOS CONQUISTADORES, CONCEPCION",CHILE,GEOMETRIC_CENTER,37511,2021,1362708,1,2021/07/10 00:00:00+00,1899/12/30 00:00:00+00,8,REGION BIO BIO,8101,CONCEPCION,30,COLISION,30,COLISION,1,URBANA,11,CRUCE CON SEMAFORO FUNCIONANDO,13,CAUSAS NO DETERMINADAS,97,CAUSAS NO DETERMINADAS,0,RUTA 150,0,LOS CONQUISTADORES,LOS CONQUISTADORES - RUTA 150,0, , , , ,2,2,2,BIDIRECCIONAL,1,CONCRETO,1,BUENO,1,SECO,1,DESPEJADO,0,0,0,0,2