X,Y,FID,FID_1,LABELID,POINT_X,POINT_Y,FID_2,COMUNAREAL,VAL_COM,OBJECTID,A_O,IDACCIDENT,REGION,COD_COMUN,COMUNA,CALLE_UNO,CALLE_DOS,NUMERO,DIR_GEOCOD,PAIS,TIPO,OBJECTID_1,Año,Idaccide_1,Claseaccid,Fecha,Hora,Cód_Regi,Región,Cód_Comun,Comuna_1,Cód_Tipo_,Tipo_Accid,Cód_Tipo1,Tipo__CONA,Cód_Zona,Zona,Cód_Ubica,Ubicación,Cód_Causa,Causa__CON,Cód_Cau_1,Causa,Cód_Calle,Calle_Un_1,Cód_Cal_1,Calle_Do_1,Intersecci,Número,Ruta,Cód_Ruta,Ubicaci_1,Km_Vía_Fe,Pistas_de_,Pistas_de1,Cód_Calza,Calzada,Cód__Tipo,Tipo_Calza,Cód_Estad,Estado_Cal,Cód_Condi,Condición,Cód_Est_1,Estado_Atm,Fallecidos,Graves,Menos_Grav,Leves,Ilesos
-8127791.78877753,-4407013.2202505,3027,28785,1399649,-73.0131959,-36.7694039,177,PENCO,1,53327,2021,1399649,REGION BIO BIO,8107,PENCO,CAMINO A PENCO,LOS AROMOS,0,"CAMINO A PENCO & LOS AROMOS, PENCO",CHILE,GEOMETRIC_CENTER,72496,2021,1399649,1,2021/11/30 00:00:00+00,1899/12/30 00:00:00+00,8,REGION BIO BIO,8107,PENCO,20,CAIDA,20,CAIDA,1,URBANA,1,TRAMO DE VIA RECTA,14,OTRAS CAUSAS,98,OTRAS CAUSAS,0,CAMINO A PENCO,0,LOS AROMOS,CAMINO A PENCO - LOS AROMOS,0, , , , ,2,2,3,BIDIRECCIONAL CON BANDEJON,1,CONCRETO,1,BUENO,1,SECO,1,DESPEJADO,0,0,0,1,1
-8127825.73009027,-4406364.07064522,3028,28786,1369895,-73.0135008,-36.7647325,177,PENCO,0,30551,2021,1369895,REGION BIO BIO,8101,CONCEPCION,JOAQUIN EDWARS,SANTA TERESA DE LOS ANDES,0,"JOAQUIN EDWARS & SANTA TERESA DE LOS ANDES, CONCEPCION",CHILE,GEOMETRIC_CENTER,42218,2021,1369895,1,2021/07/30 00:00:00+00,1899/12/30 00:00:00+00,8,REGION BIO BIO,8101,CONCEPCION,30,COLISION,30,COLISION,1,URBANA,1,TRAMO DE VIA RECTA,4,ALCOHOL EN CONDUCTOR,24,CONDUCCION EN ESTADO DE EBRIEDAD,0,JOAQUIN EDWARS,0,SANTA TERESA DE LOS ANDES,JOAQUIN EDWARS - SANTA TERESA DE LOS ANDES,0, , , , ,2,2,2,BIDIRECCIONAL,1,CONCRETO,1,BUENO,1,SECO,1,DESPEJADO,0,0,0,1,1
-8126929.474606,-4404745.14869828,3029,28787,1375152,-73.0054496,-36.7530812,177,PENCO,1,36097,2021,1375152,REGION BIO BIO,8107,PENCO,CAMINO A PENCO,LOS MANIOS,0,"CAMINO A PENCO & LOS MANIOS, PENCO",CHILE,GEOMETRIC_CENTER,49700,2021,1375152,1,2021/08/30 00:00:00+00,1899/12/30 00:00:00+00,8,REGION BIO BIO,8107,PENCO,30,COLISION,30,COLISION,1,URBANA,11,CRUCE CON SEMAFORO FUNCIONANDO,1,IMPRUDENCIA DEL CONDUCTOR,28,CONDUCCION SIN MANTENER DISTANCIA RAZONABLE NI PRUDENTE,0,CAMINO A PENCO,0,LOS MANIOS,CAMINO A PENCO - LOS MANIOS,0, , , , ,2,2,3,BIDIRECCIONAL CON BANDEJON,1,CONCRETO,1,BUENO,1,SECO,1,DESPEJADO,0,0,0,0,2
-8126956.39165887,-4404721.18205818,3030,28788,1337355,-73.0056914,-36.7529087,177,PENCO,1,6378,2021,1337355,REGION BIO BIO,8107,PENCO,LAS ARAUCARIAS, ,135,"LAS ARAUCARIAS 135, PENCO",CHILE,RANGE_INTERPOLATED,8910,2021,1337355,1,2021/02/16 00:00:00+00,1899/12/30 00:00:00+00,8,REGION BIO BIO,8107,PENCO,10,ATROPELLO,10,ATROPELLO,1,URBANA,1,TRAMO DE VIA RECTA,1,IMPRUDENCIA DEL CONDUCTOR,27,CONDUCCION NO ATENTO CONDICIONES TRANSITO MOMENTO,0,LAS ARAUCARIAS,0, ,- LAS ARAUCARIAS,135, , , , ,2,0,1,UNIDIRECCIONAL,2,ASFALTO,1,BUENO,1,SECO,1,DESPEJADO,0,0,0,1,2
-8126682.28967669,-4404442.39494475,3031,28789,1330768,-73.0032291,-36.7509021,177,PENCO,1,4415,2021,1330768,REGION BIO BIO,8107,PENCO,MONTAHUE, ,160,"MONTAHUE 160, PENCO",CHILE,RANGE_INTERPOLATED,6197,2021,1330768,1,2021/02/01 00:00:00+00,1899/12/30 00:00:00+00,8,REGION BIO BIO,8107,PENCO,33,COLISION POR ALCANCE,30,COLISION,1,URBANA,1,TRAMO DE VIA RECTA,1,IMPRUDENCIA DEL CONDUCTOR,27,CONDUCCION NO ATENTO CONDICIONES TRANSITO MOMENTO,0,MONTAHUE,0, ,- MONTAHUE,160, , , , ,2,0,1,UNIDIRECCIONAL,1,CONCRETO,1,BUENO,1,SECO,1,DESPEJADO,0,1,0,0,1
-8126366.50967716,-4404198.86162539,3032,28790,1325887,-73.0003924,-36.7491492,177,PENCO,0,1391,2021,1325887,REGION BIO BIO,8101,CONCEPCION,RUTA 150,VILLA CONCEPCION,0,"RUTA 150 & VILLA CONCEPCION, CONCEPCION",CHILE,GEOMETRIC_CENTER,1905,2021,1325887,1,2021/01/10 00:00:00+00,1899/12/30 00:00:00+00,8,REGION BIO BIO,8101,CONCEPCION,50,CHOQUE,40,CHOQUE,1,URBANA,1,TRAMO DE VIA RECTA,9,PERDIDA CONTROL VEHICULO,95,PERDIDA CONTROL VEHICULO,0,RUTA 150,0,VILLA CONCEPCION,RUTA 150 - VILLA CONCEPCION,0, , , , ,2,2,2,BIDIRECCIONAL,1,CONCRETO,1,BUENO,3,MOJADO,4,LLOVIZNA,0,0,0,2,0
-8126366.50967716,-4404198.86162539,3033,28791,1331965,-73.0003924,-36.7491492,177,PENCO,0,4383,2021,1331965,REGION BIO BIO,8101,CONCEPCION,RUTA 150,GRANDA,0,"RUTA 150 & GRANDA, CONCEPCION",CHILE,GEOMETRIC_CENTER,6158,2021,1331965,1,2021/02/01 00:00:00+00,1899/12/30 00:00:00+00,8,REGION BIO BIO,8101,CONCEPCION,30,COLISION,30,COLISION,1,URBANA,11,CRUCE CON SEMAFORO FUNCIONANDO,13,CAUSAS NO DETERMINADAS,97,CAUSAS NO DETERMINADAS,0,RUTA 150,0,GRANDA,GRANDA - RUTA 150,0, , , , ,2,2,2,BIDIRECCIONAL,1,CONCRETO,1,BUENO,1,SECO,1,DESPEJADO,0,0,0,0,2
-8125804.29058891,-4403866.97672305,3034,28792,1339805,-72.9953419,-36.7467603,177,PENCO,1,11417,2021,1339805,REGION BIO BIO,8107,PENCO,ROBERTO OVALLE, ,910,"ROBERTO OVALLE 910, PENCO",CHILE,RANGE_INTERPOLATED,15825,2021,1339805,1,2021/03/22 00:00:00+00,1899/12/30 00:00:00+00,8,REGION BIO BIO,8107,PENCO,51,CHOQUE FRONTAL,40,CHOQUE,1,URBANA,1,TRAMO DE VIA RECTA,1,IMPRUDENCIA DEL CONDUCTOR,27,CONDUCCION NO ATENTO CONDICIONES TRANSITO MOMENTO,0,ROBERTO OVALLE,0, ,- ROBERTO OVALLE,910, , , , ,2,0,1,UNIDIRECCIONAL,1,CONCRETO,1,BUENO,1,SECO,1,DESPEJADO,0,0,0,0,2
-8125802.96588697,-4403545.03503932,3035,28793,1348803,-72.99533,-36.7444429,177,PENCO,1,16784,2021,1348803,REGION BIO BIO,8107,PENCO,MEMBRILLAR, ,660,"MEMBRILLAR 660, PENCO",CHILE,RANGE_INTERPOLATED,23157,2021,1348803,1,2021/05/06 00:00:00+00,1899/12/30 00:00:00+00,8,REGION BIO BIO,8107,PENCO,99,OTRO TIPO,99,OTRO TIPO,1,URBANA,1,TRAMO DE VIA RECTA,14,OTRAS CAUSAS,98,OTRAS CAUSAS,0,MEMBRILLAR,0, ,- MEMBRILLAR,660, , , , ,2,2,2,BIDIRECCIONAL,2,ASFALTO,1,BUENO,1,SECO,1,DESPEJADO,0,0,0,0,1
-8126177.48918179,-4403509.13776868,3036,28794,1379645,-72.9986944,-36.7441845,177,PENCO,1,38486,2021,1379645,REGION BIO BIO,8107,PENCO,ROBERTO OVALLE,MAX GRISSARE,0,"ROBERTO OVALLE & MAX GRISSARE, PENCO",CHILE,GEOMETRIC_CENTER,52876,2021,1379645,1,2021/09/12 00:00:00+00,1899/12/30 00:00:00+00,8,REGION BIO BIO,8107,PENCO,20,CAIDA,20,CAIDA,1,URBANA,2,TRAMO DE VIA CURVA HORIZONTAL,3,IMPRUDENCIA DEL PASAJERO,43,IMPRUDENCIA DEL PASAJERO,0,ROBERTO OVALLE,0,MAX GRISSARE,MAX GRISSARE - ROBERTO OVALLE,0, , , , ,1,1,2,BIDIRECCIONAL,1,CONCRETO,1,BUENO,1,SECO,1,DESPEJADO,0,0,0,1,1
-8125335.29044225,-4403314.27493354,3037,28795,1397487,-72.9911288,-36.7427818,177,PENCO,1,50724,2021,1397487,REGION BIO BIO,8107,PENCO,MAIPU, ,799,"MAIPU 799, PENCO",CHILE,RANGE_INTERPOLATED,69064,2021,1397487,1,2021/11/16 00:00:00+00,1899/12/30 00:00:00+00,8,REGION BIO BIO,8107,PENCO,32,COLISION LATERAL,30,COLISION,1,URBANA,1,TRAMO DE VIA RECTA,1,IMPRUDENCIA DEL CONDUCTOR,27,CONDUCCION NO ATENTO CONDICIONES TRANSITO MOMENTO,0,MAIPU,0, ,- MAIPU,799, , , , ,2,0,1,UNIDIRECCIONAL,2,ASFALTO,1,BUENO,1,SECO,1,DESPEJADO,0,0,0,0,2
-8126200.54344834,-4403119.74905823,3038,28796,1397491,-72.9989015,-36.7413815,177,PENCO,1,50933,2021,1397491,REGION BIO BIO,8107,PENCO,O'HIGGINS, ,100,"O'HIGGINS 100, PENCO",CHILE,RANGE_INTERPOLATED,69328,2021,1397491,1,2021/11/17 00:00:00+00,1899/12/30 00:00:00+00,8,REGION BIO BIO,8107,PENCO,33,COLISION POR ALCANCE,30,COLISION,1,URBANA,1,TRAMO DE VIA RECTA,1,IMPRUDENCIA DEL CONDUCTOR,27,CONDUCCION NO ATENTO CONDICIONES TRANSITO MOMENTO,0,O'HIGGINS,0, ,- O'HIGGINS,100, , , , ,2,0,1,UNIDIRECCIONAL,2,ASFALTO,1,BUENO,1,SECO,1,DESPEJADO,0,0,0,0,2
-8126344.52407773,-4403101.39826797,3039,28797,1349979,-73.0001949,-36.7412494,177,PENCO,1,18189,2021,1349979,REGION BIO BIO,8107,PENCO,SAN VICENTE, ,330,"SAN VICENTE 330, PENCO",CHILE,RANGE_INTERPOLATED,25010,2021,1349979,1,2021/05/15 00:00:00+00,1899/12/30 00:00:00+00,8,REGION BIO BIO,8107,PENCO,52,CHOQUE LATERAL,40,CHOQUE,1,URBANA,1,TRAMO DE VIA RECTA,9,PERDIDA CONTROL VEHICULO,95,PERDIDA CONTROL VEHICULO,0,SAN VICENTE,0, ,- SAN VICENTE,330, , , , ,2,0,1,UNIDIRECCIONAL,2,ASFALTO,1,BUENO,1,SECO,1,DESPEJADO,0,0,0,1,0
-8125521.32757526,-4402984.0845376,3040,28798,1385105,-72.9928,-36.7404049,177,PENCO,1,41828,2021,1385105,REGION BIO BIO,8107,PENCO,CARRERA, ,340,"CARRERA 340, PENCO",CHILE,RANGE_INTERPOLATED,57304,2021,1385105,1,2021/10/01 00:00:00+00,1899/12/30 00:00:00+00,8,REGION BIO BIO,8107,PENCO,32,COLISION LATERAL,30,COLISION,1,URBANA,1,TRAMO DE VIA RECTA,10,DESOBEDIENCIA A SEÑALIZACION,65,SEÑALIZACION DESOBEDECER SEÑAL PARE,0,CARRERA,0, ,- CARRERA,340, , , , ,2,2,2,BIDIRECCIONAL,2,ASFALTO,1,BUENO,1,SECO,1,DESPEJADO,0,0,0,0,4
-8126166.4908161,-4402952.03706804,3041,28799,1407281,-72.9985956,-36.7401742,177,PENCO,1,58209,2021,1407281,REGION BIO BIO,8107,PENCO,TALCAHUANO, ,227,"TALCAHUANO 227, PENCO",CHILE,RANGE_INTERPOLATED,79042,2021,1407281,1,2021/12/24 00:00:00+00,1899/12/30 00:00:00+00,8,REGION BIO BIO,8107,PENCO,99,OTRO TIPO,99,OTRO TIPO,1,URBANA,1,TRAMO DE VIA RECTA,13,CAUSAS NO DETERMINADAS,97,CAUSAS NO DETERMINADAS,0,TALCAHUANO,0, ,- TALCAHUANO,227, , , , ,2,0,1,UNIDIRECCIONAL,2,ASFALTO,1,BUENO,1,SECO,1,DESPEJADO,0,0,0,0,1
-8125785.54438666,-4402944.74409428,3042,28800,1327462,-72.9951735,-36.7401217,177,PENCO,1,2539,2021,1327462,REGION BIO BIO,8107,PENCO,O'HIGGINS, ,300,"O'HIGGINS 300, PENCO",CHILE,RANGE_INTERPOLATED,3493,2021,1327462,1,2021/01/18 00:00:00+00,1899/12/30 00:00:00+00,8,REGION BIO BIO,8107,PENCO,32,COLISION LATERAL,30,COLISION,1,URBANA,1,TRAMO DE VIA RECTA,1,IMPRUDENCIA DEL CONDUCTOR,27,CONDUCCION NO ATENTO CONDICIONES TRANSITO MOMENTO,0,O'HIGGINS,0, ,- O'HIGGINS,300, , , , ,2,0,1,UNIDIRECCIONAL,1,CONCRETO,1,BUENO,1,SECO,1,DESPEJADO,0,0,0,0,2
-8126131.68121133,-4402926.86591113,3043,28801,1353235,-72.9982829,-36.739993,177,PENCO,1,20327,2021,1353235,REGION BIO BIO,8107,PENCO,LAS HERAS, ,100,"LAS HERAS 100, PENCO",CHILE,RANGE_INTERPOLATED,28011,2021,1353235,1,2021/05/28 00:00:00+00,1899/12/30 00:00:00+00,8,REGION BIO BIO,8107,PENCO,51,CHOQUE FRONTAL,40,CHOQUE,1,URBANA,1,TRAMO DE VIA RECTA,4,ALCOHOL EN CONDUCTOR,24,CONDUCCION EN ESTADO DE EBRIEDAD,0,LAS HERAS,0, ,- LAS HERAS,100, , , , ,2,0,1,UNIDIRECCIONAL,2,ASFALTO,1,BUENO,1,SECO,1,DESPEJADO,0,0,0,1,0
-8126131.68121133,-4402926.86591113,3044,28802,1372240,-72.9982829,-36.739993,177,PENCO,1,33833,2021,1372240,REGION BIO BIO,8107,PENCO,LAS HERAS, ,100,"LAS HERAS 100, PENCO",CHILE,RANGE_INTERPOLATED,46665,2021,1372240,1,2021/08/17 00:00:00+00,1899/12/30 00:00:00+00,8,REGION BIO BIO,8107,PENCO,10,ATROPELLO,10,ATROPELLO,1,URBANA,2,TRAMO DE VIA CURVA HORIZONTAL,1,IMPRUDENCIA DEL CONDUCTOR,27,CONDUCCION NO ATENTO CONDICIONES TRANSITO MOMENTO,0,LAS HERAS,0, ,- LAS HERAS,100, , , , ,2,0,1,UNIDIRECCIONAL,2,ASFALTO,1,BUENO,1,SECO,3,LLUVIA,0,0,0,1,1
-8126066.40346193,-4402901.55590045,3045,28803,1371979,-72.9976965,-36.7398108,177,PENCO,1,33179,2021,1371979,REGION BIO BIO,8107,PENCO,LAS HERAS, ,130,"LAS HERAS 130, PENCO",CHILE,RANGE_INTERPOLATED,45742,2021,1371979,1,2021/08/13 00:00:00+00,1899/12/30 00:00:00+00,8,REGION BIO BIO,8107,PENCO,32,COLISION LATERAL,30,COLISION,1,URBANA,1,TRAMO DE VIA RECTA,1,IMPRUDENCIA DEL CONDUCTOR,29,CONDUCCION CAMBIAR SORPRESIVAMENTE PISTA CIRCULACION,0,LAS HERAS,0, ,- LAS HERAS,130, , , , ,2,0,1,UNIDIRECCIONAL,2,ASFALTO,1,BUENO,1,SECO,1,DESPEJADO,0,1,0,0,1
-8125055.21060341,-4402884.24733279,3046,28804,1350936,-72.9886128,-36.7396862,177,PENCO,1,19326,2021,1350936,REGION BIO BIO,8107,PENCO,CRUZ, ,100,"CRUZ 100, PENCO",CHILE,RANGE_INTERPOLATED,26590,2021,1350936,1,2021/05/22 00:00:00+00,1899/12/30 00:00:00+00,8,REGION BIO BIO,8107,PENCO,32,COLISION LATERAL,30,COLISION,1,URBANA,1,TRAMO DE VIA RECTA,1,IMPRUDENCIA DEL CONDUCTOR,27,CONDUCCION NO ATENTO CONDICIONES TRANSITO MOMENTO,0,CRUZ,0, ,- CRUZ,100, , , , ,2,0,1,UNIDIRECCIONAL,2,ASFALTO,1,BUENO,1,SECO,1,DESPEJADO,0,0,0,0,1
-8126085.61720604,-4402858.18729516,3047,28805,1397517,-72.9978691,-36.7394986,177,PENCO,1,51222,2021,1397517,REGION BIO BIO,8107,PENCO,LAS HERAS, ,175,"LAS HERAS 175, PENCO",CHILE,RANGE_INTERPOLATED,69693,2021,1397517,1,2021/11/19 00:00:00+00,1899/12/30 00:00:00+00,8,REGION BIO BIO,8107,PENCO,32,COLISION LATERAL,30,COLISION,1,URBANA,1,TRAMO DE VIA RECTA,1,IMPRUDENCIA DEL CONDUCTOR,27,CONDUCCION NO ATENTO CONDICIONES TRANSITO MOMENTO,0,LAS HERAS,0, ,- LAS HERAS,175, , , , ,2,0,1,UNIDIRECCIONAL,2,ASFALTO,1,BUENO,1,SECO,1,DESPEJADO,0,0,0,1,1
-8126085.61720604,-4402858.18729516,3048,28806,1400963,-72.9978691,-36.7394986,177,PENCO,1,51301,2021,1400963,REGION BIO BIO,8107,PENCO,LS HERAS, ,175,"LS HERAS 175, PENCO",CHILE,RANGE_INTERPOLATED,69783,2021,1400963,1,2021/11/19 00:00:00+00,1899/12/30 00:00:00+00,8,REGION BIO BIO,8107,PENCO,32,COLISION LATERAL,30,COLISION,1,URBANA,1,TRAMO DE VIA RECTA,9,PERDIDA CONTROL VEHICULO,95,PERDIDA CONTROL VEHICULO,0,LS HERAS,0, ,- LS HERAS,175, , , , ,2,2,2,BIDIRECCIONAL,2,ASFALTO,1,BUENO,1,SECO,1,DESPEJADO,0,0,0,1,0
-8126011.02201526,-4402853.65874501,3049,28807,1349930,-72.997199,-36.739466,177,PENCO,1,17838,2021,1349930,REGION BIO BIO,8107,PENCO,LAS HERAS, ,200,"LAS HERAS 200, PENCO",CHILE,RANGE_INTERPOLATED,24566,2021,1349930,1,2021/05/13 00:00:00+00,1899/12/30 00:00:00+00,8,REGION BIO BIO,8107,PENCO,10,ATROPELLO,10,ATROPELLO,1,URBANA,1,TRAMO DE VIA RECTA,1,IMPRUDENCIA DEL CONDUCTOR,27,CONDUCCION NO ATENTO CONDICIONES TRANSITO MOMENTO,0,LAS HERAS,0, ,- LAS HERAS,200, , , , ,2,2,2,BIDIRECCIONAL,2,ASFALTO,1,BUENO,1,SECO,1,DESPEJADO,0,0,0,1,1
-8126414.58856523,-4402849.93588927,3050,28808,1327478,-73.0008243,-36.7394392,177,PENCO,1,2750,2021,1327478,REGION BIO BIO,8107,PENCO,FREIRE, ,50,"FREIRE 50, PENCO",CHILE,RANGE_INTERPOLATED,3776,2021,1327478,1,2021/01/20 00:00:00+00,1899/12/30 00:00:00+00,8,REGION BIO BIO,8107,PENCO,32,COLISION LATERAL,30,COLISION,1,URBANA,1,TRAMO DE VIA RECTA,1,IMPRUDENCIA DEL CONDUCTOR,27,CONDUCCION NO ATENTO CONDICIONES TRANSITO MOMENTO,0,FREIRE,0, ,- FREIRE,50, , , , ,2,0,1,UNIDIRECCIONAL,1,CONCRETO,1,BUENO,1,SECO,1,DESPEJADO,0,0,0,0,2
-8126409.22296578,-4402847.56048573,3051,28809,1353660,-73.0007761,-36.7394221,177,PENCO,1,20969,2021,1353660,REGION BIO BIO,8107,PENCO,FREIRE, ,60,"FREIRE 60, PENCO",CHILE,RANGE_INTERPOLATED,28913,2021,1353660,1,2021/06/02 00:00:00+00,1899/12/30 00:00:00+00,8,REGION BIO BIO,8107,PENCO,33,COLISION POR ALCANCE,30,COLISION,1,URBANA,1,TRAMO DE VIA RECTA,1,IMPRUDENCIA DEL CONDUCTOR,27,CONDUCCION NO ATENTO CONDICIONES TRANSITO MOMENTO,0,FREIRE,0, ,- FREIRE,60, , , , ,2,0,1,UNIDIRECCIONAL,2,ASFALTO,1,BUENO,1,SECO,1,DESPEJADO,0,0,0,0,2
-8125678.14334194,-4402836.55862359,3052,28810,1401197,-72.9942087,-36.7393429,177,PENCO,1,52819,2021,1401197,REGION BIO BIO,8107,PENCO,PENCO, ,278,"PENCO 278, PENCO",CHILE,RANGE_INTERPOLATED,71783,2021,1401197,1,2021/11/27 00:00:00+00,1899/12/30 00:00:00+00,8,REGION BIO BIO,8107,PENCO,33,COLISION POR ALCANCE,30,COLISION,1,URBANA,1,TRAMO DE VIA RECTA,1,IMPRUDENCIA DEL CONDUCTOR,27,CONDUCCION NO ATENTO CONDICIONES TRANSITO MOMENTO,0,PENCO,0, ,- PENCO,278, , , , ,2,2,2,BIDIRECCIONAL,2,ASFALTO,1,BUENO,1,SECO,1,DESPEJADO,0,0,0,0,2
-8126369.90492163,-4402831.89117036,3053,28811,1381443,-73.0004229,-36.7393093,177,PENCO,1,37760,2021,1381443,REGION BIO BIO,8107,PENCO,SAN VICENTE, ,100,"SAN VICENTE 100, PENCO",CHILE,RANGE_INTERPOLATED,51900,2021,1381443,1,2021/09/08 00:00:00+00,1899/12/30 00:00:00+00,8,REGION BIO BIO,8107,PENCO,32,COLISION LATERAL,30,COLISION,1,URBANA,1,TRAMO DE VIA RECTA,10,DESOBEDIENCIA A SEÑALIZACION,65,SEÑALIZACION DESOBEDECER SEÑAL PARE,0,SAN VICENTE,0, ,- SAN VICENTE,100, , , , ,2,0,1,UNIDIRECCIONAL,2,ASFALTO,1,BUENO,1,SECO,1,DESPEJADO,0,0,0,0,1
-8125737.25399155,-4402771.64508983,3054,28812,1407272,-72.9947397,-36.7388756,177,PENCO,1,57919,2021,1407272,REGION BIO BIO,8107,PENCO,PENCO, ,227,"PENCO 227, PENCO",CHILE,RANGE_INTERPOLATED,78655,2021,1407272,1,2021/12/23 00:00:00+00,1899/12/30 00:00:00+00,8,REGION BIO BIO,8107,PENCO,33,COLISION POR ALCANCE,30,COLISION,1,URBANA,1,TRAMO DE VIA RECTA,1,IMPRUDENCIA DEL CONDUCTOR,27,CONDUCCION NO ATENTO CONDICIONES TRANSITO MOMENTO,0,PENCO,0, ,- PENCO,227, , , , ,2,2,2,BIDIRECCIONAL,2,ASFALTO,1,BUENO,1,SECO,1,DESPEJADO,0,0,0,0,2
-8126321.65905432,-4402770.32543082,3055,28813,1381886,-72.9999895,-36.7388661,177,PENCO,1,38677,2021,1381886,REGION BIO BIO,8107,PENCO,FREIRE, ,145,"FREIRE 145, PENCO",CHILE,RANGE_INTERPOLATED,53143,2021,1381886,1,2021/09/13 00:00:00+00,1899/12/30 00:00:00+00,8,REGION BIO BIO,8107,PENCO,10,ATROPELLO,10,ATROPELLO,1,URBANA,1,TRAMO DE VIA RECTA,2,IMPRUDENCIA DEL PEATON,52,PEATON CRUZA CALZADA FORMA SORPRESIVA O DESCUIDADA,0,FREIRE,0, ,- FREIRE,145, , , , ,2,2,2,BIDIRECCIONAL,2,ASFALTO,1,BUENO,1,SECO,1,DESPEJADO,0,0,0,1,1
-8126210.07239675,-4402768.29732361,3056,28814,1356178,-72.9989871,-36.7388515,177,PENCO,1,21988,2021,1356178,REGION BIO BIO,8107,PENCO,FREIRE, ,200,"FREIRE 200, PENCO",CHILE,RANGE_INTERPOLATED,30304,2021,1356178,1,2021/06/08 00:00:00+00,1899/12/30 00:00:00+00,8,REGION BIO BIO,8107,PENCO,10,ATROPELLO,10,ATROPELLO,1,URBANA,2,TRAMO DE VIA CURVA HORIZONTAL,1,IMPRUDENCIA DEL CONDUCTOR,31,NO RESPETAR DERECHO PREFERENTE DE PASO A PEATON,0,FREIRE,0, ,- FREIRE,200, , , , ,2,0,1,UNIDIRECCIONAL,2,ASFALTO,1,BUENO,1,SECO,1,DESPEJADO,0,0,0,1,1
-8126210.07239675,-4402768.29732361,3057,28815,1356186,-72.9989871,-36.7388515,177,PENCO,1,21989,2021,1356186,REGION BIO BIO,8107,PENCO,FREIRE, ,200,"FREIRE 200, PENCO",CHILE,RANGE_INTERPOLATED,30305,2021,1356186,1,2021/06/08 00:00:00+00,1899/12/30 00:00:00+00,8,REGION BIO BIO,8107,PENCO,10,ATROPELLO,10,ATROPELLO,1,URBANA,1,TRAMO DE VIA RECTA,1,IMPRUDENCIA DEL CONDUCTOR,31,NO RESPETAR DERECHO PREFERENTE DE PASO A PEATON,0,FREIRE,0, ,- FREIRE,200, , , , ,2,0,1,UNIDIRECCIONAL,2,ASFALTO,1,BUENO,1,SECO,1,DESPEJADO,0,0,0,1,1
-8126286.28172014,-4402754.28116855,3058,28816,1374060,-72.9996717,-36.7387506,177,PENCO,1,35377,2021,1374060,REGION BIO BIO,8107,PENCO,FREIRE, ,175,"FREIRE 175, PENCO",CHILE,RANGE_INTERPOLATED,48721,2021,1374060,1,2021/08/26 00:00:00+00,1899/12/30 00:00:00+00,8,REGION BIO BIO,8107,PENCO,32,COLISION LATERAL,30,COLISION,1,URBANA,1,TRAMO DE VIA RECTA,1,IMPRUDENCIA DEL CONDUCTOR,27,CONDUCCION NO ATENTO CONDICIONES TRANSITO MOMENTO,0,FREIRE,0, ,- FREIRE,175, , , , ,2,2,2,BIDIRECCIONAL,2,ASFALTO,1,BUENO,1,SECO,1,DESPEJADO,0,0,0,0,2
-8126094.41144581,-4402745.34917845,3059,28817,1392481,-72.9979481,-36.7386863,177,PENCO,1,46628,2021,1392481,REGION BIO BIO,8107,PENCO,MEMBRILLAR, ,130,"MEMBRILLAR 130, PENCO",CHILE,RANGE_INTERPOLATED,63652,2021,1392481,1,2021/10/26 00:00:00+00,1899/12/30 00:00:00+00,8,REGION BIO BIO,8107,PENCO,32,COLISION LATERAL,30,COLISION,1,URBANA,1,TRAMO DE VIA RECTA,1,IMPRUDENCIA DEL CONDUCTOR,27,CONDUCCION NO ATENTO CONDICIONES TRANSITO MOMENTO,0,MEMBRILLAR,0, ,- MEMBRILLAR,130, , , , ,2,0,1,UNIDIRECCIONAL,2,ASFALTO,1,BUENO,1,SECO,1,DESPEJADO,0,0,0,0,2
-8126199.48591317,-4402733.9445799,3060,28818,1350908,-72.998892,-36.7386042,177,PENCO,1,19084,2021,1350908,REGION BIO BIO,8107,PENCO,FREIRE, ,215,"FREIRE 215, PENCO",CHILE,RANGE_INTERPOLATED,26250,2021,1350908,1,2021/05/20 00:00:00+00,1899/12/30 00:00:00+00,8,REGION BIO BIO,8107,PENCO,32,COLISION LATERAL,30,COLISION,1,URBANA,1,TRAMO DE VIA RECTA,10,DESOBEDIENCIA A SEÑALIZACION,65,SEÑALIZACION DESOBEDECER SEÑAL PARE,0,FREIRE,0, ,- FREIRE,215, , , , ,2,0,1,UNIDIRECCIONAL,2,ASFALTO,1,BUENO,1,SECO,1,DESPEJADO,0,1,0,0,1
-8126199.48591317,-4402733.9445799,3061,28819,1381888,-72.998892,-36.7386042,177,PENCO,1,39389,2021,1381888,REGION BIO BIO,8107,PENCO,FREIRE, ,215,"FREIRE 215, PENCO",CHILE,RANGE_INTERPOLATED,54086,2021,1381888,1,2021/09/17 00:00:00+00,1899/12/30 00:00:00+00,8,REGION BIO BIO,8107,PENCO,32,COLISION LATERAL,30,COLISION,1,URBANA,1,TRAMO DE VIA RECTA,4,ALCOHOL EN CONDUCTOR,24,CONDUCCION EN ESTADO DE EBRIEDAD,0,FREIRE,0, ,- FREIRE,215, , , , ,2,2,2,BIDIRECCIONAL,2,ASFALTO,1,BUENO,1,SECO,1,DESPEJADO,0,0,2,0,0