X,Y,FID,FID_1,LABELID,POINT_X,POINT_Y,FID_2,COMUNAREAL,VAL_COM,OBJECTID,A_O,IDACCIDENT,REGION,COD_COMUN,COMUNA,CALLE_UNO,CALLE_DOS,NUMERO,DIR_GEOCOD,PAIS,TIPO,OBJECTID_1,Año,Idaccide_1,Claseaccid,Fecha,Hora,Cód_Regi,Región,Cód_Comun,Comuna_1,Cód_Tipo_,Tipo_Accid,Cód_Tipo1,Tipo__CONA,Cód_Zona,Zona,Cód_Ubica,Ubicación,Cód_Causa,Causa__CON,Cód_Cau_1,Causa,Cód_Calle,Calle_Un_1,Cód_Cal_1,Calle_Do_1,Intersecci,Número,Ruta,Cód_Ruta,Ubicaci_1,Km_Vía_Fe,Pistas_de_,Pistas_de1,Cód_Calza,Calzada,Cód__Tipo,Tipo_Calza,Cód_Estad,Estado_Cal,Cód_Condi,Condición,Cód_Est_1,Estado_Atm,Fallecidos,Graves,Menos_Grav,Leves,Ilesos
-8125735.96268546,-4402721.81765717,3062,28820,1330775,-72.9947281,-36.7385169,177,PENCO,1,4683,2021,1330775,REGION BIO BIO,8107,PENCO,LAS HERAS, ,7895,"LAS HERAS 7895, PENCO",CHILE,RANGE_INTERPOLATED,6559,2021,1330775,1,2021/02/03 00:00:00+00,1899/12/30 00:00:00+00,8,REGION BIO BIO,8107,PENCO,33,COLISION POR ALCANCE,30,COLISION,1,URBANA,1,TRAMO DE VIA RECTA,1,IMPRUDENCIA DEL CONDUCTOR,27,CONDUCCION NO ATENTO CONDICIONES TRANSITO MOMENTO,0,LAS HERAS,0, ,- LAS HERAS,7895, , , , ,2,0,1,UNIDIRECCIONAL,1,CONCRETO,1,BUENO,1,SECO,1,DESPEJADO,0,0,0,3,1
-8125674.21376391,-4402679.78332159,3063,28823,1396240,-72.9941734,-36.7382143,177,PENCO,1,49718,2021,1396240,REGION BIO BIO,8107,PENCO,LAS HERAS, ,465,"LAS HERAS 465, PENCO",CHILE,RANGE_INTERPOLATED,67718,2021,1396240,1,2021/11/12 00:00:00+00,1899/12/30 00:00:00+00,8,REGION BIO BIO,8107,PENCO,20,CAIDA,20,CAIDA,1,URBANA,1,TRAMO DE VIA RECTA,13,CAUSAS NO DETERMINADAS,97,CAUSAS NO DETERMINADAS,0,LAS HERAS,0, ,- LAS HERAS,465, , , , ,2,0,1,UNIDIRECCIONAL,2,ASFALTO,1,BUENO,1,SECO,1,DESPEJADO,0,0,0,1,1
-8125577.81108489,-4402654.72393533,3064,28824,1350948,-72.9933074,-36.7380339,177,PENCO,1,19393,2021,1350948,REGION BIO BIO,8107,PENCO,LAS HERAS, ,418,"LAS HERAS 418, PENCO",CHILE,RANGE_INTERPOLATED,26686,2021,1350948,1,2021/05/22 00:00:00+00,1899/12/30 00:00:00+00,8,REGION BIO BIO,8107,PENCO,51,CHOQUE FRONTAL,40,CHOQUE,1,URBANA,1,TRAMO DE VIA RECTA,4,ALCOHOL EN CONDUCTOR,24,CONDUCCION EN ESTADO DE EBRIEDAD,0,LAS HERAS,0, ,- LAS HERAS,418, , , , ,2,0,1,UNIDIRECCIONAL,2,ASFALTO,1,BUENO,2,HUMEDO,1,DESPEJADO,0,0,0,2,0
-8125779.26596738,-4402654.57113438,3065,28825,1350929,-72.9951171,-36.7380328,177,PENCO,1,19331,2021,1350929,REGION BIO BIO,8107,PENCO,PENCO, ,150,"PENCO 150, PENCO",CHILE,RANGE_INTERPOLATED,26595,2021,1350929,1,2021/05/22 00:00:00+00,1899/12/30 00:00:00+00,8,REGION BIO BIO,8107,PENCO,32,COLISION LATERAL,30,COLISION,1,URBANA,1,TRAMO DE VIA RECTA,10,DESOBEDIENCIA A SEÑALIZACION,65,SEÑALIZACION DESOBEDECER SEÑAL PARE,0,PENCO,0, ,- PENCO,150, , , , ,2,2,2,BIDIRECCIONAL,2,ASFALTO,1,BUENO,1,SECO,1,DESPEJADO,0,0,0,0,2
-8125917.41345545,-4402644.56962208,3066,28826,1337530,-72.9963581,-36.7379608,177,PENCO,1,8536,2021,1337530,REGION BIO BIO,8107,PENCO,FREIRE, ,400,"FREIRE 400, PENCO",CHILE,RANGE_INTERPOLATED,11969,2021,1337530,1,2021/03/03 00:00:00+00,1899/12/30 00:00:00+00,8,REGION BIO BIO,8107,PENCO,51,CHOQUE FRONTAL,40,CHOQUE,1,URBANA,1,TRAMO DE VIA RECTA,1,IMPRUDENCIA DEL CONDUCTOR,27,CONDUCCION NO ATENTO CONDICIONES TRANSITO MOMENTO,0,FREIRE,0, ,- FREIRE,400, , , , ,2,0,1,UNIDIRECCIONAL,2,ASFALTO,1,BUENO,1,SECO,1,DESPEJADO,0,0,0,1,0
-8124311.00641161,-4402628.66445865,3067,28827,1396231,-72.9819275,-36.7378463,177,PENCO,1,49495,2021,1396231,REGION BIO BIO,8107,PENCO,LOS ARRAYANES, ,150,"LOS ARRAYANES 150, PENCO",CHILE,RANGE_INTERPOLATED,67438,2021,1396231,1,2021/11/11 00:00:00+00,1899/12/30 00:00:00+00,8,REGION BIO BIO,8107,PENCO,31,COLISION FRONTAL,30,COLISION,1,URBANA,1,TRAMO DE VIA RECTA,1,IMPRUDENCIA DEL CONDUCTOR,27,CONDUCCION NO ATENTO CONDICIONES TRANSITO MOMENTO,0,LOS ARRAYANES,0, ,- LOS ARRAYANES,150, , , , ,2,2,2,BIDIRECCIONAL,2,ASFALTO,1,BUENO,1,SECO,1,DESPEJADO,0,0,0,2,0
-8125395.62560625,-4402615.59307135,3068,28828,1348180,-72.9916708,-36.7377522,177,PENCO,1,15476,2021,1348180,REGION BIO BIO,8107,PENCO,EL ROBLE, ,319,"EL ROBLE 319, PENCO",CHILE,RANGE_INTERPOLATED,21317,2021,1348180,1,2021/04/26 00:00:00+00,1899/12/30 00:00:00+00,8,REGION BIO BIO,8107,PENCO,30,COLISION,30,COLISION,1,URBANA,1,TRAMO DE VIA RECTA,1,IMPRUDENCIA DEL CONDUCTOR,32,NO RESPETAR DERECHO PREFERENTE DE PASO A VEHICULO,0,EL ROBLE,0, ,- EL ROBLE,319, , , , ,2,0,1,UNIDIRECCIONAL,2,ASFALTO,1,BUENO,1,SECO,1,DESPEJADO,0,1,0,0,1
-8125798.99178114,-4402579.25442105,3069,28829,1374543,-72.9952943,-36.7374906,177,PENCO,1,35477,2021,1374543,REGION BIO BIO,8107,PENCO,PENCO, ,100,"PENCO 100, PENCO",CHILE,RANGE_INTERPOLATED,48852,2021,1374543,1,2021/08/27 00:00:00+00,1899/12/30 00:00:00+00,8,REGION BIO BIO,8107,PENCO,10,ATROPELLO,10,ATROPELLO,1,URBANA,1,TRAMO DE VIA RECTA,13,CAUSAS NO DETERMINADAS,97,CAUSAS NO DETERMINADAS,0,PENCO,0, ,- PENCO,100, , , , ,2,0,1,UNIDIRECCIONAL,2,ASFALTO,1,BUENO,1,SECO,1,DESPEJADO,0,0,0,1,1
-8125592.2380909,-4402559.83496375,3070,28830,1330759,-72.993437,-36.7373508,177,PENCO,1,4350,2021,1330759,REGION BIO BIO,8107,PENCO,MAIPU, ,157,"MAIPU 157, PENCO",CHILE,RANGE_INTERPOLATED,6110,2021,1330759,1,2021/02/01 00:00:00+00,1899/12/30 00:00:00+00,8,REGION BIO BIO,8107,PENCO,52,CHOQUE LATERAL,40,CHOQUE,1,URBANA,1,TRAMO DE VIA RECTA,1,IMPRUDENCIA DEL CONDUCTOR,27,CONDUCCION NO ATENTO CONDICIONES TRANSITO MOMENTO,0,MAIPU,0, ,- MAIPU,157, , , , ,2,0,1,UNIDIRECCIONAL,1,CONCRETO,1,BUENO,1,SECO,1,DESPEJADO,0,0,0,1,0
-8125595.90050214,-4402558.94594795,3071,28831,1401126,-72.9934699,-36.7373444,177,PENCO,1,51888,2021,1401126,REGION BIO BIO,8107,PENCO,MAIPU, ,155,"MAIPU 155, PENCO",CHILE,RANGE_INTERPOLATED,70571,2021,1401126,1,2021/11/22 00:00:00+00,1899/12/30 00:00:00+00,8,REGION BIO BIO,8107,PENCO,32,COLISION LATERAL,30,COLISION,1,URBANA,1,TRAMO DE VIA RECTA,1,IMPRUDENCIA DEL CONDUCTOR,27,CONDUCCION NO ATENTO CONDICIONES TRANSITO MOMENTO,0,MAIPU,0, ,- MAIPU,155, , , , ,2,0,1,UNIDIRECCIONAL,2,ASFALTO,1,BUENO,1,SECO,1,DESPEJADO,0,0,0,0,1
-8124966.44444145,-4402544.2494163,3072,28832,1337800,-72.9878154,-36.7372386,177,PENCO,1,10020,2021,1337800,REGION BIO BIO,8107,PENCO,O'HIGGINS, ,899,"O'HIGGINS 899, PENCO",CHILE,RANGE_INTERPOLATED,13935,2021,1337800,1,2021/03/12 00:00:00+00,1899/12/30 00:00:00+00,8,REGION BIO BIO,8107,PENCO,52,CHOQUE LATERAL,40,CHOQUE,1,URBANA,1,TRAMO DE VIA RECTA,9,PERDIDA CONTROL VEHICULO,95,PERDIDA CONTROL VEHICULO,0,O'HIGGINS,0, ,- O'HIGGINS,899, , , , ,2,2,2,BIDIRECCIONAL,1,CONCRETO,1,BUENO,1,SECO,1,DESPEJADO,0,1,0,2,0
-8124966.44444145,-4402544.2494163,3073,28833,1338504,-72.9878154,-36.7372386,177,PENCO,1,10021,2021,1338504,REGION BIO BIO,8107,PENCO,O'HIGGINS, ,899,"O'HIGGINS 899, PENCO",CHILE,RANGE_INTERPOLATED,13936,2021,1338504,1,2021/03/12 00:00:00+00,1899/12/30 00:00:00+00,8,REGION BIO BIO,8107,PENCO,52,CHOQUE LATERAL,40,CHOQUE,1,URBANA,1,TRAMO DE VIA RECTA,9,PERDIDA CONTROL VEHICULO,95,PERDIDA CONTROL VEHICULO,0,O'HIGGINS,0, ,- O'HIGGINS,899, , , , ,2,0,1,UNIDIRECCIONAL,1,CONCRETO,1,BUENO,1,SECO,1,DESPEJADO,0,1,0,2,0
-8125261.57467544,-4402528.30273002,3074,28834,1345720,-72.9904666,-36.7371238,177,PENCO,1,13711,2021,1345720,REGION BIO BIO,8107,PENCO,LAS HERAS, ,720,"LAS HERAS 720, PENCO",CHILE,RANGE_INTERPOLATED,18941,2021,1345720,1,2021/04/12 00:00:00+00,1899/12/30 00:00:00+00,8,REGION BIO BIO,8107,PENCO,33,COLISION POR ALCANCE,30,COLISION,1,URBANA,1,TRAMO DE VIA RECTA,1,IMPRUDENCIA DEL CONDUCTOR,27,CONDUCCION NO ATENTO CONDICIONES TRANSITO MOMENTO,0,LAS HERAS,0, ,- LAS HERAS,720, , , , ,2,0,1,UNIDIRECCIONAL,2,ASFALTO,1,BUENO,1,SECO,1,DESPEJADO,0,0,0,0,1
-8125327.74298077,-4402525.89961647,3075,28835,1337358,-72.991061,-36.7371065,177,PENCO,1,6754,2021,1337358,REGION BIO BIO,8107,PENCO,YERBAS BUENAS, ,300,"YERBAS BUENAS 300, PENCO",CHILE,RANGE_INTERPOLATED,9462,2021,1337358,1,2021/02/19 00:00:00+00,1899/12/30 00:00:00+00,8,REGION BIO BIO,8107,PENCO,32,COLISION LATERAL,30,COLISION,1,URBANA,1,TRAMO DE VIA RECTA,1,IMPRUDENCIA DEL CONDUCTOR,27,CONDUCCION NO ATENTO CONDICIONES TRANSITO MOMENTO,0,YERBAS BUENAS,0, ,- YERBAS BUENAS,300, , , , ,2,0,1,UNIDIRECCIONAL,1,CONCRETO,1,BUENO,1,SECO,1,DESPEJADO,0,0,0,0,2
-8125370.58985278,-4402370.30958498,3076,28837,1384971,-72.9914459,-36.7359864,177,PENCO,1,40472,2021,1384971,REGION BIO BIO,8107,PENCO,YERBAS BUENAS, ,200,"YERBAS BUENAS 200, PENCO",CHILE,RANGE_INTERPOLATED,55548,2021,1384971,1,2021/09/23 00:00:00+00,1899/12/30 00:00:00+00,8,REGION BIO BIO,8107,PENCO,32,COLISION LATERAL,30,COLISION,1,URBANA,1,TRAMO DE VIA RECTA,1,IMPRUDENCIA DEL CONDUCTOR,27,CONDUCCION NO ATENTO CONDICIONES TRANSITO MOMENTO,0,YERBAS BUENAS,0, ,- YERBAS BUENAS,200, , , , ,2,0,1,UNIDIRECCIONAL,2,ASFALTO,1,BUENO,1,SECO,1,DESPEJADO,0,0,0,1,2
-8125347.03464852,-4402343.82019503,3077,28840,1327451,-72.9912343,-36.7357957,177,PENCO,1,2002,2021,1327451,REGION BIO BIO,8107,PENCO,YERBAS BUENAS, ,175,"YERBAS BUENAS 175, PENCO",CHILE,RANGE_INTERPOLATED,2743,2021,1327451,1,2021/01/14 00:00:00+00,1899/12/30 00:00:00+00,8,REGION BIO BIO,8107,PENCO,32,COLISION LATERAL,30,COLISION,1,URBANA,1,TRAMO DE VIA RECTA,1,IMPRUDENCIA DEL CONDUCTOR,27,CONDUCCION NO ATENTO CONDICIONES TRANSITO MOMENTO,0,YERBAS BUENAS,0, ,- YERBAS BUENAS,175, , , , ,2,2,2,BIDIRECCIONAL,2,ASFALTO,1,BUENO,1,SECO,1,DESPEJADO,0,0,0,0,2
-8125061.44449489,-4402309.27435115,3078,28841,1385035,-72.9886688,-36.735547,177,PENCO,1,40930,2021,1385035,REGION BIO BIO,8107,PENCO,INFANTE, ,342,"INFANTE 342, PENCO",CHILE,RANGE_INTERPOLATED,56152,2021,1385035,1,2021/09/26 00:00:00+00,1899/12/30 00:00:00+00,8,REGION BIO BIO,8107,PENCO,33,COLISION POR ALCANCE,30,COLISION,1,URBANA,1,TRAMO DE VIA RECTA,1,IMPRUDENCIA DEL CONDUCTOR,27,CONDUCCION NO ATENTO CONDICIONES TRANSITO MOMENTO,0,INFANTE,0, ,- INFANTE,342, , , , ,2,0,1,UNIDIRECCIONAL,2,ASFALTO,1,BUENO,1,SECO,1,DESPEJADO,0,0,0,1,2
-8125090.09813182,-4402290.29988218,3079,28843,1372196,-72.9889262,-36.7354104,177,PENCO,1,33492,2021,1372196,REGION BIO BIO,8107,PENCO,FREIRE, ,1020,"FREIRE 1020, PENCO",CHILE,RANGE_INTERPOLATED,46176,2021,1372196,1,2021/08/15 00:00:00+00,1899/12/30 00:00:00+00,8,REGION BIO BIO,8107,PENCO,31,COLISION FRONTAL,30,COLISION,1,URBANA,1,TRAMO DE VIA RECTA,1,IMPRUDENCIA DEL CONDUCTOR,27,CONDUCCION NO ATENTO CONDICIONES TRANSITO MOMENTO,0,FREIRE,0, ,- FREIRE,1020, , , , ,2,0,1,UNIDIRECCIONAL,2,ASFALTO,1,BUENO,1,SECO,1,DESPEJADO,0,0,0,0,2
-8125268.83270624,-4402125.00395992,3080,28845,1330689,-72.9905318,-36.7342204,177,PENCO,1,3690,2021,1330689,REGION BIO BIO,8107,PENCO,ALCAZAR, ,157,"ALCAZAR 157, PENCO",CHILE,RANGE_INTERPOLATED,5091,2021,1330689,1,2021/01/26 00:00:00+00,1899/12/30 00:00:00+00,8,REGION BIO BIO,8107,PENCO,32,COLISION LATERAL,30,COLISION,1,URBANA,1,TRAMO DE VIA RECTA,1,IMPRUDENCIA DEL CONDUCTOR,27,CONDUCCION NO ATENTO CONDICIONES TRANSITO MOMENTO,0,ALCAZAR,0, ,- ALCAZAR,157, , , , ,2,0,1,UNIDIRECCIONAL,1,CONCRETO,1,BUENO,1,SECO,1,DESPEJADO,0,0,0,0,2
-8125269.3447759,-4402123.82328398,3081,28846,1350591,-72.9905364,-36.7342119,177,PENCO,1,18716,2021,1350591,REGION BIO BIO,8107,PENCO,ALCAZAR, ,155,"ALCAZAR 155, PENCO",CHILE,RANGE_INTERPOLATED,25726,2021,1350591,1,2021/05/18 00:00:00+00,1899/12/30 00:00:00+00,8,REGION BIO BIO,8107,PENCO,32,COLISION LATERAL,30,COLISION,1,URBANA,1,TRAMO DE VIA RECTA,1,IMPRUDENCIA DEL CONDUCTOR,27,CONDUCCION NO ATENTO CONDICIONES TRANSITO MOMENTO,0,ALCAZAR,0, ,- ALCAZAR,155, , , , ,2,0,1,UNIDIRECCIONAL,2,ASFALTO,1,BUENO,1,SECO,1,DESPEJADO,0,1,0,0,1
-8125143.620543,-4402104.55744912,3082,28848,1407235,-72.989407,-36.7340732,177,PENCO,1,56122,2021,1407235,REGION BIO BIO,8107,PENCO,INFANTE, ,200,"INFANTE 200, PENCO",CHILE,RANGE_INTERPOLATED,76291,2021,1407235,1,2021/12/14 00:00:00+00,1899/12/30 00:00:00+00,8,REGION BIO BIO,8107,PENCO,32,COLISION LATERAL,30,COLISION,1,URBANA,1,TRAMO DE VIA RECTA,1,IMPRUDENCIA DEL CONDUCTOR,27,CONDUCCION NO ATENTO CONDICIONES TRANSITO MOMENTO,0,INFANTE,0, ,- INFANTE,200, , , , ,2,2,2,BIDIRECCIONAL,2,ASFALTO,1,BUENO,1,SECO,1,DESPEJADO,0,0,0,1,1
-8125193.34695954,-4402057.73342023,3083,28850,1337491,-72.9898537,-36.7337361,177,PENCO,1,7432,2021,1337491,REGION BIO BIO,8107,PENCO,INFANTE, ,138,"INFANTE 138, PENCO",CHILE,RANGE_INTERPOLATED,10449,2021,1337491,1,2021/02/24 00:00:00+00,1899/12/30 00:00:00+00,8,REGION BIO BIO,8107,PENCO,33,COLISION POR ALCANCE,30,COLISION,1,URBANA,1,TRAMO DE VIA RECTA,1,IMPRUDENCIA DEL CONDUCTOR,27,CONDUCCION NO ATENTO CONDICIONES TRANSITO MOMENTO,0,INFANTE,0, ,- INFANTE,138, , , , ,2,0,1,UNIDIRECCIONAL,1,CONCRETO,1,BUENO,1,SECO,1,DESPEJADO,0,0,0,0,2
-8125199.20236475,-4402044.17657573,3084,28851,1368734,-72.9899063,-36.7336385,177,PENCO,1,28731,2021,1368734,REGION BIO BIO,8107,PENCO,INFANTE, ,130,"INFANTE 130, PENCO",CHILE,RANGE_INTERPOLATED,39700,2021,1368734,1,2021/07/20 00:00:00+00,1899/12/30 00:00:00+00,8,REGION BIO BIO,8107,PENCO,32,COLISION LATERAL,30,COLISION,1,URBANA,1,TRAMO DE VIA RECTA,1,IMPRUDENCIA DEL CONDUCTOR,27,CONDUCCION NO ATENTO CONDICIONES TRANSITO MOMENTO,0,INFANTE,0, ,- INFANTE,130, , , , ,2,0,1,UNIDIRECCIONAL,2,ASFALTO,1,BUENO,1,SECO,1,DESPEJADO,0,0,0,0,2
-8125196.33032189,-4401974.30909508,3085,28852,1338875,-72.9898805,-36.7331355,177,PENCO,1,11036,2021,1338875,REGION BIO BIO,8107,PENCO,BLANCO, ,200,"BLANCO 200, PENCO",CHILE,RANGE_INTERPOLATED,15305,2021,1338875,1,2021/03/19 00:00:00+00,1899/12/30 00:00:00+00,8,REGION BIO BIO,8107,PENCO,33,COLISION POR ALCANCE,30,COLISION,1,URBANA,1,TRAMO DE VIA RECTA,1,IMPRUDENCIA DEL CONDUCTOR,27,CONDUCCION NO ATENTO CONDICIONES TRANSITO MOMENTO,0,BLANCO,0, ,- BLANCO,200, , , , ,2,0,1,UNIDIRECCIONAL,1,CONCRETO,1,BUENO,1,SECO,1,DESPEJADO,0,1,0,0,0
-8125196.33032189,-4401974.30909508,3086,28853,1371954,-72.9898805,-36.7331355,177,PENCO,1,32641,2021,1371954,REGION BIO BIO,8107,PENCO,BLANCO, ,200,"BLANCO 200, PENCO",CHILE,RANGE_INTERPOLATED,45042,2021,1371954,1,2021/08/11 00:00:00+00,1899/12/30 00:00:00+00,8,REGION BIO BIO,8107,PENCO,51,CHOQUE FRONTAL,40,CHOQUE,1,URBANA,1,TRAMO DE VIA RECTA,1,IMPRUDENCIA DEL CONDUCTOR,27,CONDUCCION NO ATENTO CONDICIONES TRANSITO MOMENTO,0,BLANCO,0, ,- BLANCO,200, , , , ,2,0,1,UNIDIRECCIONAL,2,ASFALTO,1,BUENO,1,SECO,1,DESPEJADO,0,0,0,1,1
-8124956.41455533,-4401800.8230361,3087,28854,1401153,-72.9877253,-36.7318865,177,PENCO,1,52312,2021,1401153,REGION BIO BIO,8107,PENCO,CAMINO VIEJO LIRQUEN, ,10,"CAMINO VIEJO LIRQUEN 10, PENCO",CHILE,RANGE_INTERPOLATED,71119,2021,1401153,1,2021/11/24 00:00:00+00,1899/12/30 00:00:00+00,8,REGION BIO BIO,8107,PENCO,33,COLISION POR ALCANCE,30,COLISION,1,URBANA,1,TRAMO DE VIA RECTA,9,PERDIDA CONTROL VEHICULO,95,PERDIDA CONTROL VEHICULO,0,CAMINO VIEJO LIRQUEN,0, ,- CAMINO VIEJO LIRQUEN,10, , , , ,2,0,1,UNIDIRECCIONAL,2,ASFALTO,1,BUENO,1,SECO,1,DESPEJADO,0,0,0,1,3
-8124326.40189719,-4401521.40390545,3088,28855,1403191,-72.9820658,-36.7298748,177,PENCO,1,54574,2021,1403191,REGION BIO BIO,8107,PENCO,EL MANZANO, ,155,"EL MANZANO 155, PENCO",CHILE,RANGE_INTERPOLATED,74172,2021,1403191,1,2021/12/06 00:00:00+00,1899/12/30 00:00:00+00,8,REGION BIO BIO,8107,PENCO,52,CHOQUE LATERAL,40,CHOQUE,1,URBANA,1,TRAMO DE VIA RECTA,9,PERDIDA CONTROL VEHICULO,95,PERDIDA CONTROL VEHICULO,0,EL MANZANO,0, ,- EL MANZANO,155, , , , ,2,0,1,UNIDIRECCIONAL,2,ASFALTO,1,BUENO,1,SECO,1,DESPEJADO,0,0,0,0,1
-8124373.4232501,-4401400.46854201,3089,28856,1381326,-72.9824882,-36.7290041,177,PENCO,1,37129,2021,1381326,REGION BIO BIO,8107,PENCO,EL MANZANO, ,15,"EL MANZANO 15, PENCO",CHILE,RANGE_INTERPOLATED,51057,2021,1381326,1,2021/09/05 00:00:00+00,1899/12/30 00:00:00+00,8,REGION BIO BIO,8107,PENCO,52,CHOQUE LATERAL,40,CHOQUE,1,URBANA,1,TRAMO DE VIA RECTA,4,ALCOHOL EN CONDUCTOR,24,CONDUCCION EN ESTADO DE EBRIEDAD,0,EL MANZANO,0, ,- EL MANZANO,15, , , , ,2,0,1,UNIDIRECCIONAL,2,ASFALTO,1,BUENO,1,SECO,1,DESPEJADO,0,0,0,0,2
-8125071.64136025,-4401164.24088369,3090,28857,1407208,-72.9887604,-36.7273033,177,PENCO,1,54666,2021,1407208,REGION BIO BIO,8107,PENCO,ARTURO PRAT, ,155,"ARTURO PRAT 155, PENCO",CHILE,RANGE_INTERPOLATED,74297,2021,1407208,1,2021/12/07 00:00:00+00,1899/12/30 00:00:00+00,8,REGION BIO BIO,8107,PENCO,10,ATROPELLO,10,ATROPELLO,1,URBANA,1,TRAMO DE VIA RECTA,2,IMPRUDENCIA DEL PEATON,52,PEATON CRUZA CALZADA FORMA SORPRESIVA O DESCUIDADA,0,ARTURO PRAT,0, ,- ARTURO PRAT,155, , , , ,2,0,1,UNIDIRECCIONAL,1,CONCRETO,1,BUENO,1,SECO,1,DESPEJADO,0,0,0,1,1
-8124880.0382527,-4401054.62902727,3091,28858,1369635,-72.9870392,-36.7265141,177,PENCO,1,30175,2021,1369635,REGION BIO BIO,8107,PENCO,CAMINO VIEJO LIRQUEN, ,130,"CAMINO VIEJO LIRQUEN 130, PENCO",CHILE,RANGE_INTERPOLATED,41717,2021,1369635,1,2021/07/28 00:00:00+00,1899/12/30 00:00:00+00,8,REGION BIO BIO,8107,PENCO,67,CHOQUE POSTERIOR/FRENTE,40,CHOQUE,1,URBANA,1,TRAMO DE VIA RECTA,1,IMPRUDENCIA DEL CONDUCTOR,27,CONDUCCION NO ATENTO CONDICIONES TRANSITO MOMENTO,0,CAMINO VIEJO LIRQUEN,0, ,- CAMINO VIEJO LIRQUEN,130, , , , ,2,0,1,UNIDIRECCIONAL,2,ASFALTO,1,BUENO,5,CON NIEVE,1,DESPEJADO,0,0,0,0,2
-8124827.59564058,-4401051.99013433,3092,28859,1387571,-72.9865681,-36.7264951,177,PENCO,1,44090,2021,1387571,REGION BIO BIO,8107,PENCO,CAMINO VIEJO LIRQUEN, ,133,"CAMINO VIEJO LIRQUEN 133, PENCO",CHILE,RANGE_INTERPOLATED,60308,2021,1387571,1,2021/10/13 00:00:00+00,1899/12/30 00:00:00+00,8,REGION BIO BIO,8107,PENCO,32,COLISION LATERAL,30,COLISION,1,URBANA,1,TRAMO DE VIA RECTA,9,PERDIDA CONTROL VEHICULO,95,PERDIDA CONTROL VEHICULO,0,CAMINO VIEJO LIRQUEN,0, ,- CAMINO VIEJO LIRQUEN,133, , , , ,2,2,2,BIDIRECCIONAL,2,ASFALTO,1,BUENO,1,SECO,1,DESPEJADO,0,0,0,0,4
-8123606.59893777,-4400964.6292575,3093,28860,1347896,-72.9755997,-36.7258661,177,PENCO,1,15355,2021,1347896,REGION BIO BIO,8107,PENCO,LOS MA??ªIOS, ,400,"LOS MA??ªIOS 400, PENCO",CHILE,RANGE_INTERPOLATED,21164,2021,1347896,1,2021/04/25 00:00:00+00,1899/12/30 00:00:00+00,8,REGION BIO BIO,8107,PENCO,32,COLISION LATERAL,30,COLISION,1,URBANA,1,TRAMO DE VIA RECTA,1,IMPRUDENCIA DEL CONDUCTOR,27,CONDUCCION NO ATENTO CONDICIONES TRANSITO MOMENTO,0,LOS MAÑIOS,0, ,- LOS MAÑIOS,400, , , , ,2,0,1,UNIDIRECCIONAL,1,CONCRETO,1,BUENO,1,SECO,1,DESPEJADO,0,0,0,0,1
-8124705.82324961,-4400873.72748312,3094,28861,1381839,-72.9854742,-36.7252116,177,PENCO,1,37945,2021,1381839,REGION BIO BIO,8107,PENCO,MANUEL BULNES, ,100,"MANUEL BULNES 100, PENCO",CHILE,RANGE_INTERPOLATED,52144,2021,1381839,1,2021/09/09 00:00:00+00,1899/12/30 00:00:00+00,8,REGION BIO BIO,8107,PENCO,31,COLISION FRONTAL,30,COLISION,1,URBANA,1,TRAMO DE VIA RECTA,1,IMPRUDENCIA DEL CONDUCTOR,27,CONDUCCION NO ATENTO CONDICIONES TRANSITO MOMENTO,0,MANUEL BULNES,0, ,- MANUEL BULNES,100, , , , ,2,0,1,UNIDIRECCIONAL,2,ASFALTO,1,BUENO,1,SECO,1,DESPEJADO,0,0,0,1,1
-8123787.77140903,-4400585.9441018,3095,28863,1334133,-72.9772272,-36.7231395,177,PENCO,0,6513,2021,1334133,REGION BIO BIO,8101,CONCEPCION,LOS CIPRESES, ,115,"LOS CIPRESES 115, CONCEPCION",CHILE,RANGE_INTERPOLATED,9110,2021,1334133,1,2021/02/17 00:00:00+00,1899/12/30 00:00:00+00,8,REGION BIO BIO,8101,CONCEPCION,50,CHOQUE,40,CHOQUE,1,URBANA,1,TRAMO DE VIA RECTA,1,IMPRUDENCIA DEL CONDUCTOR,27,CONDUCCION NO ATENTO CONDICIONES TRANSITO MOMENTO,0,LOS CIPRESES,0, ,- LOS CIPRESES,115, , , , ,2,0,1,UNIDIRECCIONAL,1,CONCRETO,1,BUENO,1,SECO,1,DESPEJADO,0,0,0,0,2
-8115739.33882883,-4400580.73598994,3096,28864,1356158,-72.9049269,-36.723102,177,PENCO,1,21950,2021,1356158,REGION BIO BIO,8107,PENCO,PRIMERA AGUA, ,200,"PRIMERA AGUA 200, PENCO",CHILE,RANGE_INTERPOLATED,30257,2021,1356158,1,2021/06/08 00:00:00+00,1899/12/30 00:00:00+00,8,REGION BIO BIO,8107,PENCO,51,CHOQUE FRONTAL,40,CHOQUE,1,URBANA,1,TRAMO DE VIA RECTA,1,IMPRUDENCIA DEL CONDUCTOR,27,CONDUCCION NO ATENTO CONDICIONES TRANSITO MOMENTO,0,PRIMERA AGUA,0, ,- PRIMERA AGUA,200, , , , ,2,0,1,UNIDIRECCIONAL,2,ASFALTO,1,BUENO,1,SECO,1,DESPEJADO,0,0,0,1,0