X,Y,FID,FID_1,LABELID,POINT_X,POINT_Y,FID_2,COMUNAREAL,VAL_COM,OBJECTID,A_O,IDACCIDENT,REGION,COD_COMUN,COMUNA,CALLE_UNO,CALLE_DOS,NUMERO,DIR_GEOCOD,PAIS,TIPO,OBJECTID_1,Año,Idaccide_1,Claseaccid,Fecha,Hora,Cód_Regi,Región,Cód_Comun,Comuna_1,Cód_Tipo_,Tipo_Accid,Cód_Tipo1,Tipo__CONA,Cód_Zona,Zona,Cód_Ubica,Ubicación,Cód_Causa,Causa__CON,Cód_Cau_1,Causa,Cód_Calle,Calle_Un_1,Cód_Cal_1,Calle_Do_1,Intersecci,Número,Ruta,Cód_Ruta,Ubicaci_1,Km_Vía_Fe,Pistas_de_,Pistas_de1,Cód_Calza,Calzada,Cód__Tipo,Tipo_Calza,Cód_Estad,Estado_Cal,Cód_Condi,Condición,Cód_Est_1,Estado_Atm,Fallecidos,Graves,Menos_Grav,Leves,Ilesos
-8124229.08639834,-4400130.40364556,3097,28867,1378930,-72.9811916,-36.7198594,177,PENCO,1,36635,2021,1378930,REGION BIO BIO,8107,PENCO,ALCALDE RENE MENDOZA, ,138,"ALCALDE RENE MENDOZA 138, PENCO",CHILE,RANGE_INTERPOLATED,50386,2021,1378930,1,2021/09/02 00:00:00+00,1899/12/30 00:00:00+00,8,REGION BIO BIO,8107,PENCO,52,CHOQUE LATERAL,40,CHOQUE,1,URBANA,1,TRAMO DE VIA RECTA,12,FALLAS MECANICAS,5,FALLAS MECANICAS NEUMATICOS,0,ALCALDE RENE MENDOZA,0, ,- ALCALDE RENE MENDOZA,138, , , , ,2,0,1,UNIDIRECCIONAL,2,ASFALTO,1,BUENO,1,SECO,1,DESPEJADO,0,0,0,0,1
-8124265.26523284,-4400005.30390009,3098,28871,1371961,-72.9815166,-36.7189586,177,PENCO,1,32686,2021,1371961,REGION BIO BIO,8107,PENCO,ALCALDE RENE MENDOZA, ,200,"ALCALDE RENE MENDOZA 200, PENCO",CHILE,RANGE_INTERPOLATED,45100,2021,1371961,1,2021/08/11 00:00:00+00,1899/12/30 00:00:00+00,8,REGION BIO BIO,8107,PENCO,32,COLISION LATERAL,30,COLISION,1,URBANA,1,TRAMO DE VIA RECTA,1,IMPRUDENCIA DEL CONDUCTOR,27,CONDUCCION NO ATENTO CONDICIONES TRANSITO MOMENTO,0,ALCALDE RENE MENDOZA,0, ,- ALCALDE RENE MENDOZA,200, , , , ,2,0,1,UNIDIRECCIONAL,2,ASFALTO,1,BUENO,1,SECO,1,DESPEJADO,0,0,0,5,1
-8123252.5918251,-4399715.94692154,3099,28872,1348662,-72.9724196,-36.716875,177,PENCO,0,17153,2021,1348662,REGION BIO BIO,8206,LOS ALAMOS,PEDRO DE VALDIVIA,ARTURO PRAT,0,"PEDRO DE VALDIVIA & ARTURO PRAT, LOS ALAMOS",CHILE,GEOMETRIC_CENTER,23641,2021,1348662,1,2021/05/08 00:00:00+00,1899/12/30 00:00:00+00,8,REGION BIO BIO,8206,LOS ALAMOS,32,COLISION LATERAL,30,COLISION,1,URBANA,14,CRUCE CON SEÑAL PARE,10,DESOBEDIENCIA A SEÑALIZACION,65,SEÑALIZACION DESOBEDECER SEÑAL PARE,0,PEDRO DE VALDIVIA,0,ARTURO PRAT,ARTURO PRAT - PEDRO DE VALDIVIA,0, , , , ,1,1,2,BIDIRECCIONAL,2,ASFALTO,1,BUENO,2,HUMEDO,4,LLOVIZNA,0,0,0,3,1
-8124221.14931864,-4399506.86375314,3100,28873,1373697,-72.9811203,-36.7153694,177,PENCO,1,34238,2021,1373697,REGION BIO BIO,8107,PENCO,CAMINO NUEVO LIRQUEN, ,7,"CAMINO NUEVO LIRQUEN 7, PENCO",CHILE,RANGE_INTERPOLATED,47198,2021,1373697,1,2021/08/20 00:00:00+00,1899/12/30 00:00:00+00,8,REGION BIO BIO,8107,PENCO,63,CHOQUE FRENTE/POSTERIOR,40,CHOQUE,1,URBANA,1,TRAMO DE VIA RECTA,4,ALCOHOL EN CONDUCTOR,24,CONDUCCION EN ESTADO DE EBRIEDAD,0,CAMINO NUEVO LIRQUEN,0, ,- CAMINO NUEVO LIRQUEN,7, , , , ,2,2,2,BIDIRECCIONAL,2,ASFALTO,1,BUENO,1,SECO,1,DESPEJADO,0,0,0,1,0
-8124221.14931864,-4399506.86375314,3101,28874,1401206,-72.9811203,-36.7153694,177,PENCO,1,53451,2021,1401206,REGION BIO BIO,8107,PENCO,PUERTO LIRQUEN, ,113,"PUERTO LIRQUEN 113, PENCO",CHILE,RANGE_INTERPOLATED,72649,2021,1401206,1,2021/11/30 00:00:00+00,1899/12/30 00:00:00+00,8,REGION BIO BIO,8107,PENCO,33,COLISION POR ALCANCE,30,COLISION,1,URBANA,1,TRAMO DE VIA RECTA,1,IMPRUDENCIA DEL CONDUCTOR,27,CONDUCCION NO ATENTO CONDICIONES TRANSITO MOMENTO,0,PUERTO LIRQUEN,0, ,- PUERTO LIRQUEN,113, , , , ,2,0,1,UNIDIRECCIONAL,2,ASFALTO,1,BUENO,1,SECO,1,DESPEJADO,0,0,0,1,1
-8123619.03332489,-4399049.07813179,3102,28876,1392465,-72.9757114,-36.7120728,177,PENCO,1,45991,2021,1392465,REGION BIO BIO,8107,PENCO,BALMACEDA, ,130,"BALMACEDA 130, PENCO",CHILE,RANGE_INTERPOLATED,62820,2021,1392465,1,2021/10/23 00:00:00+00,1899/12/30 00:00:00+00,8,REGION BIO BIO,8107,PENCO,32,COLISION LATERAL,30,COLISION,1,URBANA,1,TRAMO DE VIA RECTA,1,IMPRUDENCIA DEL CONDUCTOR,29,CONDUCCION CAMBIAR SORPRESIVAMENTE PISTA CIRCULACION,0,BALMACEDA,0, ,- BALMACEDA,130, , , , ,2,2,2,BIDIRECCIONAL,2,ASFALTO,1,BUENO,1,SECO,1,DESPEJADO,0,0,0,0,1
-8123569.47388759,-4399028.04040644,3103,28877,1401774,-72.9752662,-36.7119213,177,PENCO,1,54265,2021,1401774,REGION BIO BIO,8107,PENCO,BALMACEDA, ,180,"BALMACEDA 180, PENCO",CHILE,RANGE_INTERPOLATED,73727,2021,1401774,1,2021/12/04 00:00:00+00,1899/12/30 00:00:00+00,8,REGION BIO BIO,8107,PENCO,20,CAIDA,20,CAIDA,1,URBANA,1,TRAMO DE VIA RECTA,14,OTRAS CAUSAS,98,OTRAS CAUSAS,0,BALMACEDA,0, ,- BALMACEDA,180, , , , ,2,0,1,UNIDIRECCIONAL,2,ASFALTO,1,BUENO,1,SECO,1,DESPEJADO,0,0,0,1,1
-8123570.43123521,-4399017.83400018,3104,28878,1362716,-72.9752748,-36.7118478,177,PENCO,1,26249,2021,1362716,REGION BIO BIO,8107,PENCO,MANUEL RODRIGUEZ, ,110,"MANUEL RODRIGUEZ 110, PENCO",CHILE,RANGE_INTERPOLATED,36222,2021,1362716,1,2021/07/05 00:00:00+00,1899/12/30 00:00:00+00,8,REGION BIO BIO,8107,PENCO,62,CHOQUE FRENTE/LADO,40,CHOQUE,1,URBANA,1,TRAMO DE VIA RECTA,4,ALCOHOL EN CONDUCTOR,21,CONDUCCION BAJO LA INFLUENCIA DEL ALCOHOL,0,MANUEL RODRIGUEZ,0, ,- MANUEL RODRIGUEZ,110, , , , ,2,0,1,UNIDIRECCIONAL,2,ASFALTO,1,BUENO,1,SECO,1,DESPEJADO,0,0,0,0,2
-8123576.75418229,-4398981.09101847,3105,28879,1395656,-72.9753316,-36.7115832,177,PENCO,1,48341,2021,1395656,REGION BIO BIO,8107,PENCO,BALMACEDA, ,175,"BALMACEDA 175, PENCO",CHILE,RANGE_INTERPOLATED,65929,2021,1395656,1,2021/11/05 00:00:00+00,1899/12/30 00:00:00+00,8,REGION BIO BIO,8107,PENCO,31,COLISION FRONTAL,30,COLISION,1,URBANA,1,TRAMO DE VIA RECTA,1,IMPRUDENCIA DEL CONDUCTOR,27,CONDUCCION NO ATENTO CONDICIONES TRANSITO MOMENTO,0,BALMACEDA,0, ,- BALMACEDA,175, , , , ,2,0,1,UNIDIRECCIONAL,2,ASFALTO,1,BUENO,1,SECO,1,DESPEJADO,0,0,0,0,2
-8123051.03675506,-4398962.02526566,3106,28880,1362797,-72.970609,-36.7114459,177,PENCO,1,26377,2021,1362797,REGION BIO BIO,8107,PENCO,BALMACEDA, ,10,"BALMACEDA 10, PENCO",CHILE,RANGE_INTERPOLATED,36386,2021,1362797,1,2021/07/06 00:00:00+00,1899/12/30 00:00:00+00,8,REGION BIO BIO,8107,PENCO,67,CHOQUE POSTERIOR/FRENTE,40,CHOQUE,1,URBANA,1,TRAMO DE VIA RECTA,1,IMPRUDENCIA DEL CONDUCTOR,27,CONDUCCION NO ATENTO CONDICIONES TRANSITO MOMENTO,0,BALMACEDA,0, ,- BALMACEDA,10, , , , ,2,0,1,UNIDIRECCIONAL,2,ASFALTO,1,BUENO,1,SECO,1,DESPEJADO,0,0,0,1,1
-8123037.26653405,-4397928.31809188,3107,28881,1395604,-72.9704853,-36.7040014,177,PENCO,1,48302,2021,1395604,REGION BIO BIO,8107,PENCO,RIO LAJA, ,58,"RIO LAJA 58, PENCO",CHILE,RANGE_INTERPOLATED,65876,2021,1395604,1,2021/11/04 00:00:00+00,1899/12/30 00:00:00+00,8,REGION BIO BIO,8107,PENCO,32,COLISION LATERAL,30,COLISION,1,URBANA,1,TRAMO DE VIA RECTA,1,IMPRUDENCIA DEL CONDUCTOR,27,CONDUCCION NO ATENTO CONDICIONES TRANSITO MOMENTO,0,RIO LAJA,0, ,- RIO LAJA,58, , , , ,2,0,1,UNIDIRECCIONAL,2,ASFALTO,1,BUENO,1,SECO,1,DESPEJADO,0,0,1,0,1
-8012757.85600716,-4504760.55120742,3108,34494,1409591,-71.9798285,-37.4695563,85,QUILLECO,1,59138,2021,1409591,REGION BIO BIO,8309,QUILLECO,LAUTARO, ,127,"LAUTARO 127, QUILLECO",CHILE,RANGE_INTERPOLATED,80354,2021,1409591,1,2021/12/30 00:00:00+00,1899/12/30 00:00:00+00,8,REGION BIO BIO,8309,QUILLECO,63,CHOQUE FRENTE/POSTERIOR,40,CHOQUE,1,URBANA,1,TRAMO DE VIA RECTA,1,IMPRUDENCIA DEL CONDUCTOR,27,CONDUCCION NO ATENTO CONDICIONES TRANSITO MOMENTO,0,LAUTARO,0, ,- LAUTARO,127, , , , ,1,1,2,BIDIRECCIONAL,2,ASFALTO,1,BUENO,1,SECO,1,DESPEJADO,0,0,0,1,1
-8012636.41757465,-4495524.08639036,3109,34495,1366947,-71.9787376,-37.4036739,85,QUILLECO,1,29284,2021,1366947,REGION BIO BIO,8309,QUILLECO,DUQUECO,QUILQUE,0,"DUQUECO & QUILQUE, QUILLECO",CHILE,GEOMETRIC_CENTER,40483,2021,1366947,1,2021/07/23 00:00:00+00,1899/12/30 00:00:00+00,8,REGION BIO BIO,8309,QUILLECO,32,COLISION LATERAL,30,COLISION,1,URBANA,1,TRAMO DE VIA RECTA,4,ALCOHOL EN CONDUCTOR,24,CONDUCCION EN ESTADO DE EBRIEDAD,0,DUQUECO,0,QUILQUE,DUQUECO - QUILQUE,0, , , , ,2,0,1,UNIDIRECCIONAL,2,ASFALTO,1,BUENO,1,SECO,1,DESPEJADO,0,0,0,2,0
-8012469.28249118,-4495423.7925599,3110,34496,1391564,-71.9772362,-37.4029582,85,QUILLECO,1,47549,2021,1391564,REGION BIO BIO,8309,QUILLECO,RUCUE, ,402,"RUCUE 402, QUILLECO",CHILE,RANGE_INTERPOLATED,64874,2021,1391564,1,2021/10/31 00:00:00+00,1899/12/30 00:00:00+00,8,REGION BIO BIO,8309,QUILLECO,70,VOLCADURA,70,VOLCADURA,1,URBANA,1,TRAMO DE VIA RECTA,4,ALCOHOL EN CONDUCTOR,24,CONDUCCION EN ESTADO DE EBRIEDAD,0,RUCUE,0, ,- RUCUE,402, , , , ,1,1,2,BIDIRECCIONAL,2,ASFALTO,1,BUENO,1,SECO,1,DESPEJADO,0,0,0,1,0
-8014946.95379361,-4534980.4830285,3111,34132,1398901,-71.9994935,-37.6847052,84,QUILACO,1,51979,2021,1398901,REGION BIO BIO,8308,QUILACO,ARTURO PRAT, ,1600,"ARTURO PRAT 1600, QUILACO",CHILE,RANGE_INTERPOLATED,70687,2021,1398901,1,2021/11/22 00:00:00+00,1899/12/30 00:00:00+00,8,REGION BIO BIO,8308,QUILACO,51,CHOQUE FRONTAL,40,CHOQUE,1,URBANA,1,TRAMO DE VIA RECTA,12,FALLAS MECANICAS,1,FALLAS MECANICAS FRENOS,0,ARTURO PRAT,0, ,- ARTURO PRAT,1600, , , , ,1,1,2,BIDIRECCIONAL,2,ASFALTO,1,BUENO,1,SECO,1,DESPEJADO,0,0,0,0,1
-8015057.33820068,-4534963.70184711,3112,34133,1408868,-72.0004851,-37.6845859,84,QUILACO,1,58564,2021,1408868,REGION BIO BIO,8308,QUILACO,JOSE MIGUEL CARRERA,Q-75,0,"JOSE MIGUEL CARRERA & Q-75, QUILACO",CHILE,GEOMETRIC_CENTER,79575,2021,1408868,1,2021/12/26 00:00:00+00,1899/12/30 00:00:00+00,8,REGION BIO BIO,8308,QUILACO,30,COLISION,30,COLISION,1,URBANA,14,CRUCE CON SEÑAL PARE,4,ALCOHOL EN CONDUCTOR,24,CONDUCCION EN ESTADO DE EBRIEDAD,0,JOSE MIGUEL CARRERA,0,Q-75,JOSE MIGUEL CARRERA - Q-75,23, , , , ,1,1,2,BIDIRECCIONAL,2,ASFALTO,1,BUENO,1,SECO,1,DESPEJADO,0,0,0,2,1
-8126622.72261717,-4402712.80234784,3113,28821,1348236,-73.002694,-36.738452,177,PENCO,1,16069,2021,1348236,REGION BIO BIO,8107,PENCO,BELLAVISTA NORTE, ,200,"BELLAVISTA NORTE 200, PENCO",CHILE,RANGE_INTERPOLATED,22114,2021,1348236,1,2021/04/30 00:00:00+00,1899/12/30 00:00:00+00,8,REGION BIO BIO,8107,PENCO,31,COLISION FRONTAL,30,COLISION,1,URBANA,1,TRAMO DE VIA RECTA,12,FALLAS MECANICAS,1,FALLAS MECANICAS FRENOS,0,BELLAVISTA NORTE,0, ,- BELLAVISTA NORTE,200, , , , ,2,0,1,UNIDIRECCIONAL,2,ASFALTO,1,BUENO,3,MOJADO,1,DESPEJADO,0,0,0,1,2
-8126763.39705768,-4402685.25638829,3114,28822,1392423,-73.0039577,-36.7382537,177,PENCO,1,45090,2021,1392423,REGION BIO BIO,8107,PENCO,PLAYA NEGRA, ,199,"PLAYA NEGRA 199, PENCO",CHILE,RANGE_INTERPOLATED,61659,2021,1392423,1,2021/10/18 00:00:00+00,1899/12/30 00:00:00+00,8,REGION BIO BIO,8107,PENCO,32,COLISION LATERAL,30,COLISION,1,URBANA,2,TRAMO DE VIA CURVA HORIZONTAL,1,IMPRUDENCIA DEL CONDUCTOR,27,CONDUCCION NO ATENTO CONDICIONES TRANSITO MOMENTO,0,PLAYA NEGRA,0, ,- PLAYA NEGRA,199, , , , ,2,0,1,UNIDIRECCIONAL,2,ASFALTO,1,BUENO,1,SECO,1,DESPEJADO,0,1,0,0,1
-8125534.39648348,-4402372.61542907,3115,28836,1387436,-72.9929174,-36.736003,177,PENCO,1,43480,2021,1387436,REGION BIO BIO,8107,PENCO,EL ROBLE, ,100,"EL ROBLE 100, PENCO",CHILE,RANGE_INTERPOLATED,59466,2021,1387436,1,2021/10/09 00:00:00+00,1899/12/30 00:00:00+00,8,REGION BIO BIO,8107,PENCO,32,COLISION LATERAL,30,COLISION,1,URBANA,1,TRAMO DE VIA RECTA,1,IMPRUDENCIA DEL CONDUCTOR,27,CONDUCCION NO ATENTO CONDICIONES TRANSITO MOMENTO,0,EL ROBLE,0, ,- EL ROBLE,100, , , , ,2,0,1,UNIDIRECCIONAL,2,ASFALTO,1,BUENO,1,SECO,1,DESPEJADO,0,0,0,1,0
-8125643.40052886,-4402356.03003151,3116,28838,1357235,-72.9938966,-36.7358836,177,PENCO,1,23548,2021,1357235,REGION BIO BIO,8107,PENCO,COCHRANE, ,100,"COCHRANE 100, PENCO",CHILE,RANGE_INTERPOLATED,32455,2021,1357235,1,2021/06/18 00:00:00+00,1899/12/30 00:00:00+00,8,REGION BIO BIO,8107,PENCO,32,COLISION LATERAL,30,COLISION,1,URBANA,1,TRAMO DE VIA RECTA,9,PERDIDA CONTROL VEHICULO,95,PERDIDA CONTROL VEHICULO,0,COCHRANE,0, ,- COCHRANE,100, , , , ,2,0,1,UNIDIRECCIONAL,2,ASFALTO,1,BUENO,3,MOJADO,1,DESPEJADO,0,0,0,1,1
-8125643.40052886,-4402356.03003151,3117,28839,1357244,-72.9938966,-36.7358836,177,PENCO,1,23549,2021,1357244,REGION BIO BIO,8107,PENCO,COCHRANE, ,100,"COCHRANE 100, PENCO",CHILE,RANGE_INTERPOLATED,32456,2021,1357244,1,2021/06/18 00:00:00+00,1899/12/30 00:00:00+00,8,REGION BIO BIO,8107,PENCO,62,CHOQUE FRENTE/LADO,40,CHOQUE,1,URBANA,1,TRAMO DE VIA RECTA,9,PERDIDA CONTROL VEHICULO,95,PERDIDA CONTROL VEHICULO,0,COCHRANE,0, ,- COCHRANE,100, , , , ,2,0,1,UNIDIRECCIONAL,2,ASFALTO,1,BUENO,3,MOJADO,1,DESPEJADO,0,0,0,1,1
-8125565.29877412,-4402306.6907099,3118,28842,1325673,-72.993195,-36.7355284,177,PENCO,1,999,2021,1325673,REGION BIO BIO,8107,PENCO,EL ROBLE,COCHRANE,0,"EL ROBLE & COCHRANE, PENCO",CHILE,GEOMETRIC_CENTER,1355,2021,1325673,1,2021/01/07 00:00:00+00,1899/12/30 00:00:00+00,8,REGION BIO BIO,8107,PENCO,32,COLISION LATERAL,30,COLISION,1,URBANA,1,TRAMO DE VIA RECTA,1,IMPRUDENCIA DEL CONDUCTOR,27,CONDUCCION NO ATENTO CONDICIONES TRANSITO MOMENTO,0,EL ROBLE,0,COCHRANE,COCHRANE - EL ROBLE,0, , , , ,2,0,1,UNIDIRECCIONAL,1,CONCRETO,1,BUENO,1,SECO,1,DESPEJADO,0,0,0,0,2
-8125459.81242465,-4402192.51106066,3119,28844,1379006,-72.9922474,-36.7347064,177,PENCO,1,36968,2021,1379006,REGION BIO BIO,8107,PENCO,YERBAS BUENAS, ,58,"YERBAS BUENAS 58, PENCO",CHILE,RANGE_INTERPOLATED,50849,2021,1379006,1,2021/09/04 00:00:00+00,1899/12/30 00:00:00+00,8,REGION BIO BIO,8107,PENCO,32,COLISION LATERAL,30,COLISION,1,URBANA,1,TRAMO DE VIA RECTA,1,IMPRUDENCIA DEL CONDUCTOR,27,CONDUCCION NO ATENTO CONDICIONES TRANSITO MOMENTO,0,YERBAS BUENAS,0, ,- YERBAS BUENAS,58, , , , ,2,0,1,UNIDIRECCIONAL,2,ASFALTO,1,BUENO,1,SECO,1,DESPEJADO,0,0,0,0,2
-8125439.38529809,-4402121.75362881,3120,28847,1337489,-72.9920639,-36.734197,177,PENCO,1,7397,2021,1337489,REGION BIO BIO,8107,PENCO,YERBAS BUENAS, ,11,"YERBAS BUENAS 11, PENCO",CHILE,RANGE_INTERPOLATED,10397,2021,1337489,1,2021/02/23 00:00:00+00,1899/12/30 00:00:00+00,8,REGION BIO BIO,8107,PENCO,32,COLISION LATERAL,30,COLISION,1,URBANA,1,TRAMO DE VIA RECTA,1,IMPRUDENCIA DEL CONDUCTOR,27,CONDUCCION NO ATENTO CONDICIONES TRANSITO MOMENTO,0,YERBAS BUENAS,0, ,- YERBAS BUENAS,11, , , , ,2,0,1,UNIDIRECCIONAL,1,CONCRETO,1,BUENO,1,SECO,1,DESPEJADO,0,0,0,0,2
-8125286.48797748,-4402084.63880713,3121,28849,1337345,-72.9906904,-36.7339298,177,PENCO,1,6109,2021,1337345,REGION BIO BIO,8107,PENCO,ALCAZAR, ,135,"ALCAZAR 135, PENCO",CHILE,RANGE_INTERPOLATED,8520,2021,1337345,1,2021/02/14 00:00:00+00,1899/12/30 00:00:00+00,8,REGION BIO BIO,8107,PENCO,33,COLISION POR ALCANCE,30,COLISION,1,URBANA,1,TRAMO DE VIA RECTA,1,IMPRUDENCIA DEL CONDUCTOR,27,CONDUCCION NO ATENTO CONDICIONES TRANSITO MOMENTO,0,ALCAZAR,0, ,- ALCAZAR,135, , , , ,2,0,1,UNIDIRECCIONAL,2,ASFALTO,1,BUENO,1,SECO,1,DESPEJADO,0,0,0,0,1
-8124991.246424,-4400628.44238961,3122,28862,1395456,-72.9880382,-36.7234455,177,PENCO,1,47482,2021,1395456,REGION BIO BIO,8107,PENCO,LOS NARDOS, ,300,"LOS NARDOS 300, PENCO",CHILE,RANGE_INTERPOLATED,64776,2021,1395456,1,2021/10/31 00:00:00+00,1899/12/30 00:00:00+00,8,REGION BIO BIO,8107,PENCO,51,CHOQUE FRONTAL,40,CHOQUE,1,URBANA,1,TRAMO DE VIA RECTA,4,ALCOHOL EN CONDUCTOR,21,CONDUCCION BAJO LA INFLUENCIA DEL ALCOHOL,0,LOS NARDOS,0, ,- LOS NARDOS,300, , , , ,2,0,1,UNIDIRECCIONAL,2,ASFALTO,1,BUENO,1,SECO,1,DESPEJADO,0,0,0,0,1
-8124660.02641109,-4400395.24553605,3123,28865,1366149,-72.9850628,-36.7217664,177,PENCO,1,26816,2021,1366149,REGION BIO BIO,8107,PENCO,CAMINO VIEJO LIRQUEN, ,148,"CAMINO VIEJO LIRQUEN 148, PENCO",CHILE,RANGE_INTERPOLATED,36979,2021,1366149,1,2021/07/08 00:00:00+00,1899/12/30 00:00:00+00,8,REGION BIO BIO,8107,PENCO,62,CHOQUE FRENTE/LADO,40,CHOQUE,1,URBANA,1,TRAMO DE VIA RECTA,9,PERDIDA CONTROL VEHICULO,95,PERDIDA CONTROL VEHICULO,0,CAMINO VIEJO LIRQUEN,0, ,- CAMINO VIEJO LIRQUEN,148, , , , ,2,2,2,BIDIRECCIONAL,2,ASFALTO,1,BUENO,1,SECO,1,DESPEJADO,0,0,0,0,1
-8124511.57073817,-4400245.89445539,3124,28866,1382289,-72.9837292,-36.720691,177,PENCO,1,39700,2021,1382289,REGION BIO BIO,8107,PENCO,RENE MENDOZA, ,5,"RENE MENDOZA 5, PENCO",CHILE,RANGE_INTERPOLATED,54508,2021,1382289,1,2021/09/19 00:00:00+00,1899/12/30 00:00:00+00,8,REGION BIO BIO,8107,PENCO,51,CHOQUE FRONTAL,40,CHOQUE,1,URBANA,1,TRAMO DE VIA RECTA,4,ALCOHOL EN CONDUCTOR,24,CONDUCCION EN ESTADO DE EBRIEDAD,0,RENE MENDOZA,0, ,- RENE MENDOZA,5, , , , ,2,0,1,UNIDIRECCIONAL,2,ASFALTO,1,BUENO,1,SECO,1,DESPEJADO,0,0,0,1,0
-8124376.17284152,-4400118.19635669,3125,28868,1387598,-72.9825129,-36.7197715,177,PENCO,1,44778,2021,1387598,REGION BIO BIO,8107,PENCO,GALVARINO, ,100,"GALVARINO 100, PENCO",CHILE,RANGE_INTERPOLATED,61208,2021,1387598,1,2021/10/16 00:00:00+00,1899/12/30 00:00:00+00,8,REGION BIO BIO,8107,PENCO,70,VOLCADURA,70,VOLCADURA,1,URBANA,2,TRAMO DE VIA CURVA HORIZONTAL,9,PERDIDA CONTROL VEHICULO,95,PERDIDA CONTROL VEHICULO,0,GALVARINO,0, ,- GALVARINO,100, , , , ,2,0,1,UNIDIRECCIONAL,2,ASFALTO,1,BUENO,1,SECO,1,DESPEJADO,0,1,0,0,0
-8124376.17284152,-4400118.19635669,3126,28869,1392418,-72.9825129,-36.7197715,177,PENCO,1,45184,2021,1392418,REGION BIO BIO,8107,PENCO,GALVARINO, ,100,"GALVARINO 100, PENCO",CHILE,RANGE_INTERPOLATED,61765,2021,1392418,1,2021/10/18 00:00:00+00,1899/12/30 00:00:00+00,8,REGION BIO BIO,8107,PENCO,32,COLISION LATERAL,30,COLISION,1,URBANA,1,TRAMO DE VIA RECTA,1,IMPRUDENCIA DEL CONDUCTOR,27,CONDUCCION NO ATENTO CONDICIONES TRANSITO MOMENTO,0,GALVARINO,0, ,- GALVARINO,100, , , , ,2,0,1,UNIDIRECCIONAL,2,ASFALTO,1,BUENO,1,SECO,1,DESPEJADO,0,0,0,0,2
-8124342.99963326,-4400115.19661549,3127,28870,1401142,-72.9822149,-36.7197499,177,PENCO,1,51902,2021,1401142,REGION BIO BIO,8107,PENCO,RENE MENDOZA, ,115,"RENE MENDOZA 115, PENCO",CHILE,RANGE_INTERPOLATED,70588,2021,1401142,1,2021/11/22 00:00:00+00,1899/12/30 00:00:00+00,8,REGION BIO BIO,8107,PENCO,32,COLISION LATERAL,30,COLISION,1,URBANA,1,TRAMO DE VIA RECTA,1,IMPRUDENCIA DEL CONDUCTOR,27,CONDUCCION NO ATENTO CONDICIONES TRANSITO MOMENTO,0,RENE MENDOZA,0, ,- RENE MENDOZA,115, , , , ,2,0,1,UNIDIRECCIONAL,2,ASFALTO,1,BUENO,1,SECO,1,DESPEJADO,0,0,1,0,1
-8123772.08649278,-4399094.19481928,3128,28875,1371947,-72.9770863,-36.7123977,177,PENCO,1,32354,2021,1371947,REGION BIO BIO,8107,PENCO,BALMACEDA, ,11,"BALMACEDA 11, PENCO",CHILE,RANGE_INTERPOLATED,44645,2021,1371947,1,2021/08/09 00:00:00+00,1899/12/30 00:00:00+00,8,REGION BIO BIO,8107,PENCO,99,OTRO TIPO,99,OTRO TIPO,1,URBANA,1,TRAMO DE VIA RECTA,1,IMPRUDENCIA DEL CONDUCTOR,27,CONDUCCION NO ATENTO CONDICIONES TRANSITO MOMENTO,0,BALMACEDA,0, ,- BALMACEDA,11, , , , ,2,0,1,UNIDIRECCIONAL,2,ASFALTO,1,BUENO,1,SECO,1,DESPEJADO,0,0,0,1,0
-8142704.83794504,-4425561.21576595,3129,41627,1346866,-73.1471621,-36.9027584,100,SAN PEDRO DE LA PAZ,1,16113,2021,1346866,REGION BIO BIO,8108,SAN PEDRO DE LA PAZ,??ªUBLE, ,366,"??ªUBLE 366, SAN PEDRO DE LA PAZ",CHILE,RANGE_INTERPOLATED,22172,2021,1346866,1,2021/04/30 00:00:00+00,1899/12/30 00:00:00+00,8,REGION BIO BIO,8108,SAN PEDRO DE LA PAZ,67,CHOQUE POSTERIOR/FRENTE,40,CHOQUE,1,URBANA,1,TRAMO DE VIA RECTA,13,CAUSAS NO DETERMINADAS,97,CAUSAS NO DETERMINADAS,0,ÑUBLE,0, ,- ÑUBLE,366, , , , ,1,1,2,BIDIRECCIONAL,1,CONCRETO,1,BUENO,3,MOJADO,3,LLUVIA,0,0,0,0,2
-8142934.15609607,-4425537.52237517,3130,41628,1333103,-73.1492221,-36.9025882,100,SAN PEDRO DE LA PAZ,1,5403,2021,1333103,REGION BIO BIO,8108,SAN PEDRO DE LA PAZ,LARQUI,??ªUBLE,0,"LARQUI & ??ªUBLE, SAN PEDRO DE LA PAZ",CHILE,GEOMETRIC_CENTER,7551,2021,1333103,1,2021/02/09 00:00:00+00,1899/12/30 00:00:00+00,8,REGION BIO BIO,8108,SAN PEDRO DE LA PAZ,63,CHOQUE FRENTE/POSTERIOR,40,CHOQUE,1,URBANA,14,CRUCE CON SEÑAL PARE,1,IMPRUDENCIA DEL CONDUCTOR,27,CONDUCCION NO ATENTO CONDICIONES TRANSITO MOMENTO,0,LARQUI,0,ÑUBLE,LARQUI - ÑUBLE,0, , , , ,1,1,2,BIDIRECCIONAL,2,ASFALTO,1,BUENO,1,SECO,1,DESPEJADO,0,0,0,0,2