X,Y,FID,FID_1,LABELID,POINT_X,POINT_Y,FID_2,COMUNAREAL,VAL_COM,OBJECTID,A_O,IDACCIDENT,REGION,COD_COMUN,COMUNA,CALLE_UNO,CALLE_DOS,NUMERO,DIR_GEOCOD,PAIS,TIPO,OBJECTID_1,Año,Idaccide_1,Claseaccid,Fecha,Hora,Cód_Regi,Región,Cód_Comun,Comuna_1,Cód_Tipo_,Tipo_Accid,Cód_Tipo1,Tipo__CONA,Cód_Zona,Zona,Cód_Ubica,Ubicación,Cód_Causa,Causa__CON,Cód_Cau_1,Causa,Cód_Calle,Calle_Un_1,Cód_Cal_1,Calle_Do_1,Intersecci,Número,Ruta,Cód_Ruta,Ubicaci_1,Km_Vía_Fe,Pistas_de_,Pistas_de1,Cód_Calza,Calzada,Cód__Tipo,Tipo_Calza,Cód_Estad,Estado_Cal,Cód_Condi,Condición,Cód_Est_1,Estado_Atm,Fallecidos,Graves,Menos_Grav,Leves,Ilesos
-8142668.21383257,-4425122.88267093,3131,41629,1404978,-73.1468331,-36.8996096,100,SAN PEDRO DE LA PAZ,1,55995,2021,1404978,REGION BIO BIO,8108,SAN PEDRO DE LA PAZ,VICENTE HUIDOBRO,LOS PARQUES,0,"VICENTE HUIDOBRO & LOS PARQUES, SAN PEDRO DE LA PAZ",CHILE,GEOMETRIC_CENTER,76136,2021,1404978,1,2021/12/14 00:00:00+00,1899/12/30 00:00:00+00,8,REGION BIO BIO,8108,SAN PEDRO DE LA PAZ,32,COLISION LATERAL,30,COLISION,1,URBANA,14,CRUCE CON SEÑAL PARE,1,IMPRUDENCIA DEL CONDUCTOR,27,CONDUCCION NO ATENTO CONDICIONES TRANSITO MOMENTO,0,VICENTE HUIDOBRO,0,LOS PARQUES,LOS PARQUES - VICENTE HUIDOBRO,0, , , , ,2,2,3,BIDIRECCIONAL CON BANDEJON,2,ASFALTO,1,BUENO,1,SECO,1,DESPEJADO,0,1,0,0,1
-8142623.29641803,-4425048.17240315,3132,41630,1404911,-73.1464296,-36.8990729,100,SAN PEDRO DE LA PAZ,1,54286,2021,1404911,REGION BIO BIO,8108,SAN PEDRO DE LA PAZ,MARCELA PAZ, ,394,"MARCELA PAZ 394, SAN PEDRO DE LA PAZ",CHILE,RANGE_INTERPOLATED,73759,2021,1404911,1,2021/12/04 00:00:00+00,1899/12/30 00:00:00+00,8,REGION BIO BIO,8108,SAN PEDRO DE LA PAZ,63,CHOQUE FRENTE/POSTERIOR,40,CHOQUE,1,URBANA,1,TRAMO DE VIA RECTA,10,DESOBEDIENCIA A SEÑALIZACION,64,SEÑALIZACION DESOBEDECER SEÑAL CEDA EL PASO,0,MARCELA PAZ,0, ,- MARCELA PAZ,394, , , , ,1,1,2,BIDIRECCIONAL,2,ASFALTO,1,BUENO,1,SECO,1,DESPEJADO,0,0,0,0,2
-8140891.10948155,-4424552.28883624,3133,41631,1350093,-73.1308691,-36.8955105,100,SAN PEDRO DE LA PAZ,1,18301,2021,1350093,REGION BIO BIO,8108,SAN PEDRO DE LA PAZ,JOSE SANTOS, ,585,"JOSE SANTOS 585, SAN PEDRO DE LA PAZ",CHILE,RANGE_INTERPOLATED,25170,2021,1350093,1,2021/05/16 00:00:00+00,1899/12/30 00:00:00+00,8,REGION BIO BIO,8108,SAN PEDRO DE LA PAZ,53,CHOQUE POSTERIOR,40,CHOQUE,1,URBANA,1,TRAMO DE VIA RECTA,1,IMPRUDENCIA DEL CONDUCTOR,27,CONDUCCION NO ATENTO CONDICIONES TRANSITO MOMENTO,0,JOSE SANTOS,0, ,- JOSE SANTOS,585, , , , ,1,1,2,BIDIRECCIONAL,1,CONCRETO,1,BUENO,1,SECO,1,DESPEJADO,0,0,0,0,1
-8141150.36144365,-4424439.87470434,3134,41632,1343501,-73.133198,-36.8947029,100,SAN PEDRO DE LA PAZ,1,13959,2021,1343501,REGION BIO BIO,8108,SAN PEDRO DE LA PAZ,BENJAMIN SUBERCASEUX,BRAULIO ARENAS CARVAJAL,0,"BENJAMIN SUBERCASEUX & BRAULIO ARENAS CARVAJAL, SAN PEDRO DE LA PAZ",CHILE,GEOMETRIC_CENTER,19282,2021,1343501,1,2021/04/14 00:00:00+00,1899/12/30 00:00:00+00,8,REGION BIO BIO,8108,SAN PEDRO DE LA PAZ,63,CHOQUE FRENTE/POSTERIOR,40,CHOQUE,1,URBANA,11,CRUCE CON SEMAFORO FUNCIONANDO,12,FALLAS MECANICAS,1,FALLAS MECANICAS FRENOS,0,BENJAMIN SUBERCASEUX,0,BRAULIO ARENAS CARVAJAL,BENJAMIN SUBERCASEUX - BRAULIO ARENAS CARVAJAL,0, , , , ,1,1,2,BIDIRECCIONAL,1,CONCRETO,1,BUENO,1,SECO,1,DESPEJADO,0,0,0,1,1
-8141615.98860974,-4424330.45441397,3135,41633,1330869,-73.1373808,-36.8939168,100,SAN PEDRO DE LA PAZ,1,4733,2021,1330869,REGION BIO BIO,8108,SAN PEDRO DE LA PAZ,BENJAMIN SUBERCASEUX, ,300,"BENJAMIN SUBERCASEUX 300, SAN PEDRO DE LA PAZ",CHILE,RANGE_INTERPOLATED,6621,2021,1330869,1,2021/02/03 00:00:00+00,1899/12/30 00:00:00+00,8,REGION BIO BIO,8108,SAN PEDRO DE LA PAZ,51,CHOQUE FRONTAL,40,CHOQUE,1,URBANA,1,TRAMO DE VIA RECTA,9,PERDIDA CONTROL VEHICULO,95,PERDIDA CONTROL VEHICULO,0,BENJAMIN SUBERCASEUX,0, ,- BENJAMIN SUBERCASEUX,300, , , , ,1,1,2,BIDIRECCIONAL,1,CONCRETO,1,BUENO,1,SECO,1,DESPEJADO,0,0,0,1,0
-8141953.68741701,-4424284.65996979,3136,41634,1345787,-73.1404144,-36.8935878,100,SAN PEDRO DE LA PAZ,1,15136,2021,1345787,REGION BIO BIO,8108,SAN PEDRO DE LA PAZ,MANUEL BLANCO ENCALADA,BENJAMIN SUBERCASEAUX,0,"MANUEL BLANCO ENCALADA & BENJAMIN SUBERCASEAUX, SAN PEDRO DE LA PAZ",CHILE,GEOMETRIC_CENTER,20861,2021,1345787,1,2021/04/23 00:00:00+00,1899/12/30 00:00:00+00,8,REGION BIO BIO,8108,SAN PEDRO DE LA PAZ,32,COLISION LATERAL,30,COLISION,1,URBANA,1,TRAMO DE VIA RECTA,1,IMPRUDENCIA DEL CONDUCTOR,27,CONDUCCION NO ATENTO CONDICIONES TRANSITO MOMENTO,0,MANUEL BLANCO ENCALADA,0,BENJAMIN SUBERCASEAUX,BENJAMIN SUBERCASEAUX - MANUEL BLANCO ENCALADA,0, , , , ,1,1,2,BIDIRECCIONAL,1,CONCRETO,1,BUENO,1,SECO,1,DESPEJADO,0,0,1,0,0
-8141953.68741701,-4424284.65996979,3137,41635,1349141,-73.1404144,-36.8935878,100,SAN PEDRO DE LA PAZ,1,16441,2021,1349141,REGION BIO BIO,8108,SAN PEDRO DE LA PAZ,MANUEL BLANCO ENCALADA,BENJAMIN SUBERCASEAUX,0,"MANUEL BLANCO ENCALADA & BENJAMIN SUBERCASEAUX, SAN PEDRO DE LA PAZ",CHILE,GEOMETRIC_CENTER,22679,2021,1349141,1,2021/05/03 00:00:00+00,1899/12/30 00:00:00+00,8,REGION BIO BIO,8108,SAN PEDRO DE LA PAZ,51,CHOQUE FRONTAL,40,CHOQUE,1,URBANA,1,TRAMO DE VIA RECTA,1,IMPRUDENCIA DEL CONDUCTOR,27,CONDUCCION NO ATENTO CONDICIONES TRANSITO MOMENTO,0,MANUEL BLANCO ENCALADA,0,BENJAMIN SUBERCASEAUX,BENJAMIN SUBERCASEAUX - MANUEL BLANCO ENCALADA,0, , , , ,1,1,2,BIDIRECCIONAL,2,ASFALTO,1,BUENO,1,SECO,1,DESPEJADO,0,0,0,0,1
-8141403.96950758,-4424250.9197518,3138,41636,1333108,-73.1354762,-36.8933454,100,SAN PEDRO DE LA PAZ,1,6237,2021,1333108,REGION BIO BIO,8108,SAN PEDRO DE LA PAZ,LAS TORRES,DANIEL BELMAR,0,"LAS TORRES & DANIEL BELMAR, SAN PEDRO DE LA PAZ",CHILE,GEOMETRIC_CENTER,8711,2021,1333108,1,2021/02/15 00:00:00+00,1899/12/30 00:00:00+00,8,REGION BIO BIO,8108,SAN PEDRO DE LA PAZ,62,CHOQUE FRENTE/LADO,40,CHOQUE,1,URBANA,11,CRUCE CON SEMAFORO FUNCIONANDO,1,IMPRUDENCIA DEL CONDUCTOR,27,CONDUCCION NO ATENTO CONDICIONES TRANSITO MOMENTO,0,LAS TORRES,0,DANIEL BELMAR,DANIEL BELMAR - LAS TORRES,0, , , , ,1,1,2,BIDIRECCIONAL,1,CONCRETO,1,BUENO,1,SECO,1,DESPEJADO,0,0,0,0,2
-8141403.96950758,-4424250.9197518,3139,41637,1345782,-73.1354762,-36.8933454,100,SAN PEDRO DE LA PAZ,1,14908,2021,1345782,REGION BIO BIO,8108,SAN PEDRO DE LA PAZ,DANIEL BELMAR,EL CERRO,0,"DANIEL BELMAR & EL CERRO, SAN PEDRO DE LA PAZ",CHILE,GEOMETRIC_CENTER,20559,2021,1345782,1,2021/04/21 00:00:00+00,1899/12/30 00:00:00+00,8,REGION BIO BIO,8108,SAN PEDRO DE LA PAZ,51,CHOQUE FRONTAL,40,CHOQUE,1,URBANA,1,TRAMO DE VIA RECTA,4,ALCOHOL EN CONDUCTOR,24,CONDUCCION EN ESTADO DE EBRIEDAD,0,DANIEL BELMAR,0,EL CERRO,DANIEL BELMAR - EL CERRO,0, , , , ,1,1,2,BIDIRECCIONAL,1,CONCRETO,1,BUENO,1,SECO,1,DESPEJADO,0,0,0,1,0
-8141403.96950758,-4424250.9197518,3140,41638,1405252,-73.1354762,-36.8933454,100,SAN PEDRO DE LA PAZ,1,56374,2021,1405252,REGION BIO BIO,8108,SAN PEDRO DE LA PAZ,LAS TORRES,DANIEL BELMAR,0,"LAS TORRES & DANIEL BELMAR, SAN PEDRO DE LA PAZ",CHILE,GEOMETRIC_CENTER,76613,2021,1405252,1,2021/12/15 00:00:00+00,1899/12/30 00:00:00+00,8,REGION BIO BIO,8108,SAN PEDRO DE LA PAZ,32,COLISION LATERAL,30,COLISION,1,URBANA,14,CRUCE CON SEÑAL PARE,10,DESOBEDIENCIA A SEÑALIZACION,65,SEÑALIZACION DESOBEDECER SEÑAL PARE,0,LAS TORRES,0,DANIEL BELMAR,DANIEL BELMAR - LAS TORRES,0, , , , ,2,2,3,BIDIRECCIONAL CON BANDEJON,1,CONCRETO,1,BUENO,1,SECO,1,DESPEJADO,0,0,0,2,1
-8141659.49226674,-4424052.32232332,3141,41639,1337433,-73.1377716,-36.8919186,100,SAN PEDRO DE LA PAZ,1,9814,2021,1337433,REGION BIO BIO,8108,SAN PEDRO DE LA PAZ,FRANCISCO ENCINA, ,7769,"FRANCISCO ENCINA 7769, SAN PEDRO DE LA PAZ",CHILE,RANGE_INTERPOLATED,13670,2021,1337433,1,2021/03/11 00:00:00+00,1899/12/30 00:00:00+00,8,REGION BIO BIO,8108,SAN PEDRO DE LA PAZ,51,CHOQUE FRONTAL,40,CHOQUE,1,URBANA,1,TRAMO DE VIA RECTA,1,IMPRUDENCIA DEL CONDUCTOR,27,CONDUCCION NO ATENTO CONDICIONES TRANSITO MOMENTO,0,FRANCISCO ENCINA,0, ,- FRANCISCO ENCINA,7769, , , , ,1,1,2,BIDIRECCIONAL,1,CONCRETO,1,BUENO,1,SECO,1,DESPEJADO,0,0,0,0,1
-8141800.08878362,-4424038.43122074,3142,41640,1381262,-73.1390346,-36.8918188,100,SAN PEDRO DE LA PAZ,1,37963,2021,1381262,REGION BIO BIO,8108,SAN PEDRO DE LA PAZ,JUAN GUZMAN,RAUL SILVA CASTRO,0,"JUAN GUZMAN & RAUL SILVA CASTRO, SAN PEDRO DE LA PAZ",CHILE,GEOMETRIC_CENTER,52169,2021,1381262,1,2021/09/09 00:00:00+00,1899/12/30 00:00:00+00,8,REGION BIO BIO,8108,SAN PEDRO DE LA PAZ,53,CHOQUE POSTERIOR,40,CHOQUE,1,URBANA,1,TRAMO DE VIA RECTA,1,IMPRUDENCIA DEL CONDUCTOR,27,CONDUCCION NO ATENTO CONDICIONES TRANSITO MOMENTO,0,JUAN GUZMAN,0,RAUL SILVA CASTRO,JUAN GUZMAN - RAUL SILVA CASTRO,0, , , , ,1,1,2,BIDIRECCIONAL,1,CONCRETO,1,BUENO,1,SECO,1,DESPEJADO,0,0,0,0,2
-8017236.85137897,-4532931.47948256,3143,42348,1399369,-72.020064,-37.6701371,285,SANTA BARBARA,0,52904,2021,1399369,REGION BIO BIO,8308,QUILACO,ARTURO PRAT, ,678,"ARTURO PRAT 678, QUILACO",CHILE,RANGE_INTERPOLATED,71905,2021,1399369,1,2021/11/27 00:00:00+00,1899/12/30 00:00:00+00,8,REGION BIO BIO,8308,QUILACO,30,COLISION,30,COLISION,1,URBANA,1,TRAMO DE VIA RECTA,9,PERDIDA CONTROL VEHICULO,95,PERDIDA CONTROL VEHICULO,0,ARTURO PRAT,0, ,- ARTURO PRAT,678, , , , ,1,1,2,BIDIRECCIONAL,2,ASFALTO,1,BUENO,1,SECO,1,DESPEJADO,0,0,0,0,1
-8018074.78658202,-4532840.58669437,3144,42349,1362387,-72.0275913,-37.6694908,285,SANTA BARBARA,1,26709,2021,1362387,REGION BIO BIO,8311,SANTA BARBARA,ARTURO PRAT, ,116,"ARTURO PRAT 116, SANTA BARBARA",CHILE,RANGE_INTERPOLATED,36835,2021,1362387,1,2021/07/08 00:00:00+00,1899/12/30 00:00:00+00,8,REGION BIO BIO,8311,SANTA BARBARA,51,CHOQUE FRONTAL,40,CHOQUE,1,URBANA,3,TRAMO DE VIA CURVA VERTICAL,1,IMPRUDENCIA DEL CONDUCTOR,27,CONDUCCION NO ATENTO CONDICIONES TRANSITO MOMENTO,0,ARTURO PRAT,0, ,- ARTURO PRAT,116, , , , ,1,1,2,BIDIRECCIONAL,1,CONCRETO,1,BUENO,2,HUMEDO,2,NUBLADO,0,0,0,2,1
-8017181.62577959,-4532776.24638591,3145,42350,1362403,-72.0195679,-37.6690333,285,SANTA BARBARA,1,26903,2021,1362403,REGION BIO BIO,8311,SANTA BARBARA,CARRERA,ZENTENO,0,"CARRERA & ZENTENO, SANTA BARBARA",CHILE,GEOMETRIC_CENTER,37105,2021,1362403,1,2021/07/09 00:00:00+00,1899/12/30 00:00:00+00,8,REGION BIO BIO,8311,SANTA BARBARA,10,ATROPELLO,10,ATROPELLO,1,URBANA,15,CRUCE CON SEÑAL CEDA EL PASO,1,IMPRUDENCIA DEL CONDUCTOR,27,CONDUCCION NO ATENTO CONDICIONES TRANSITO MOMENTO,0,CARRERA,0,ZENTENO,CARRERA - ZENTENO,0, , , , ,1,1,2,BIDIRECCIONAL,1,CONCRETO,1,BUENO,1,SECO,4,LLOVIZNA,0,0,0,1,1
-8017783.91988453,-4532770.36788133,3146,42351,1340089,-72.0249784,-37.6689915,285,SANTA BARBARA,1,11937,2021,1340089,REGION BIO BIO,8311,SANTA BARBARA,CARRERA,PORTALES,0,"CARRERA & PORTALES, SANTA BARBARA",CHILE,GEOMETRIC_CENTER,16517,2021,1340089,1,2021/03/26 00:00:00+00,1899/12/30 00:00:00+00,8,REGION BIO BIO,8311,SANTA BARBARA,10,ATROPELLO,10,ATROPELLO,1,URBANA,14,CRUCE CON SEÑAL PARE,13,CAUSAS NO DETERMINADAS,97,CAUSAS NO DETERMINADAS,0,CARRERA,0,PORTALES,CARRERA - PORTALES,0, , , , ,1,1,2,BIDIRECCIONAL,1,CONCRETO,1,BUENO,1,SECO,1,DESPEJADO,0,1,0,0,1
-8017290.52963743,-4532645.7809277,3147,42352,1339333,-72.0205462,-37.6681056,285,SANTA BARBARA,1,11149,2021,1339333,REGION BIO BIO,8311,SANTA BARBARA,MANUEL RODRIGUEZ,FREIRE,0,"MANUEL RODRIGUEZ & FREIRE, SANTA BARBARA",CHILE,GEOMETRIC_CENTER,15452,2021,1339333,1,2021/03/20 00:00:00+00,1899/12/30 00:00:00+00,8,REGION BIO BIO,8311,SANTA BARBARA,31,COLISION FRONTAL,30,COLISION,1,URBANA,1,TRAMO DE VIA RECTA,1,IMPRUDENCIA DEL CONDUCTOR,27,CONDUCCION NO ATENTO CONDICIONES TRANSITO MOMENTO,0,MANUEL RODRIGUEZ,0,FREIRE,FREIRE - MANUEL RODRIGUEZ,0, , , , ,1,1,2,BIDIRECCIONAL,2,ASFALTO,1,BUENO,1,SECO,1,DESPEJADO,0,0,0,0,2
-8016765.99219682,-4532483.3940018,3148,42353,1367011,-72.0158342,-37.6669509,285,SANTA BARBARA,1,30196,2021,1367011,REGION BIO BIO,8311,SANTA BARBARA,SALAMANCA,BAQUEDANO,0,"SALAMANCA & BAQUEDANO, SANTA BARBARA",CHILE,GEOMETRIC_CENTER,41742,2021,1367011,1,2021/07/28 00:00:00+00,1899/12/30 00:00:00+00,8,REGION BIO BIO,8311,SANTA BARBARA,10,ATROPELLO,10,ATROPELLO,1,URBANA,14,CRUCE CON SEÑAL PARE,4,ALCOHOL EN CONDUCTOR,21,CONDUCCION BAJO LA INFLUENCIA DEL ALCOHOL,0,SALAMANCA,0,BAQUEDANO,BAQUEDANO - SALAMANCA,0, , , , ,1,1,2,BIDIRECCIONAL,2,ASFALTO,1,BUENO,1,SECO,1,DESPEJADO,0,0,0,1,1
-8016916.91916243,-4532425.39827889,3149,42354,1338169,-72.01719,-37.6665385,285,SANTA BARBARA,1,10452,2021,1338169,REGION BIO BIO,8311,SANTA BARBARA,BAQUEDANO,CAMILO HENRIQUEZ,0,"BAQUEDANO & CAMILO HENRIQUEZ, SANTA BARBARA",CHILE,GEOMETRIC_CENTER,14551,2021,1338169,1,2021/03/15 00:00:00+00,1899/12/30 00:00:00+00,8,REGION BIO BIO,8311,SANTA BARBARA,10,ATROPELLO,10,ATROPELLO,1,URBANA,15,CRUCE CON SEÑAL CEDA EL PASO,2,IMPRUDENCIA DEL PEATON,52,PEATON CRUZA CALZADA FORMA SORPRESIVA O DESCUIDADA,0,BAQUEDANO,0,CAMILO HENRIQUEZ,BAQUEDANO - CAMILO HENRIQUEZ,0, , , , ,1,1,2,BIDIRECCIONAL,1,CONCRETO,1,BUENO,1,SECO,1,DESPEJADO,0,0,0,1,1
-8017087.31590699,-4532377.40157731,3150,42355,1391072,-72.0187207,-37.6661972,285,SANTA BARBARA,1,43974,2021,1391072,REGION BIO BIO,8311,SANTA BARBARA,CORDILLERA,BAQUEDANO,0,"CORDILLERA & BAQUEDANO, SANTA BARBARA",CHILE,GEOMETRIC_CENTER,60163,2021,1391072,1,2021/10/12 00:00:00+00,1899/12/30 00:00:00+00,8,REGION BIO BIO,8311,SANTA BARBARA,50,CHOQUE,40,CHOQUE,1,URBANA,15,CRUCE CON SEÑAL CEDA EL PASO,1,IMPRUDENCIA DEL CONDUCTOR,32,NO RESPETAR DERECHO PREFERENTE DE PASO A VEHICULO,0,CORDILLERA,0,BAQUEDANO,BAQUEDANO - CORDILLERA,0, , , , ,1,1,2,BIDIRECCIONAL,1,CONCRETO,1,BUENO,1,SECO,1,DESPEJADO,0,0,0,1,1
-8017741.25112371,-4532123.28852539,3151,42356,1356311,-72.0245951,-37.6643902,285,SANTA BARBARA,1,23139,2021,1356311,REGION BIO BIO,8311,SANTA BARBARA,ESTACION,LAS ARAUCARIAS,0,"ESTACION & LAS ARAUCARIAS, SANTA BARBARA",CHILE,GEOMETRIC_CENTER,31887,2021,1356311,1,2021/06/15 00:00:00+00,1899/12/30 00:00:00+00,8,REGION BIO BIO,8311,SANTA BARBARA,52,CHOQUE LATERAL,40,CHOQUE,1,URBANA,14,CRUCE CON SEÑAL PARE,1,IMPRUDENCIA DEL CONDUCTOR,27,CONDUCCION NO ATENTO CONDICIONES TRANSITO MOMENTO,0,ESTACION,0,LAS ARAUCARIAS,ESTACION - LAS ARAUCARIAS,0, , , , ,1,0,1,UNIDIRECCIONAL,1,CONCRETO,1,BUENO,1,SECO,1,DESPEJADO,0,0,0,0,2
-8017721.9260601,-4532112.50256868,3152,42357,1343639,-72.0244215,-37.6643135,285,SANTA BARBARA,1,13703,2021,1343639,REGION BIO BIO,8311,SANTA BARBARA,FEDERICO PUGA,CAMILO HENRIQUEZ,0,"FEDERICO PUGA & CAMILO HENRIQUEZ, SANTA BARBARA",CHILE,GEOMETRIC_CENTER,18930,2021,1343639,1,2021/04/12 00:00:00+00,1899/12/30 00:00:00+00,8,REGION BIO BIO,8311,SANTA BARBARA,50,CHOQUE,40,CHOQUE,1,URBANA,14,CRUCE CON SEÑAL PARE,1,IMPRUDENCIA DEL CONDUCTOR,27,CONDUCCION NO ATENTO CONDICIONES TRANSITO MOMENTO,0,FEDERICO PUGA,0,CAMILO HENRIQUEZ,CAMILO HENRIQUEZ - FEDERICO PUGA,0, , , , ,1,1,2,BIDIRECCIONAL,2,ASFALTO,1,BUENO,1,SECO,1,DESPEJADO,0,0,0,0,2
-8017721.9260601,-4532112.50256868,3153,42358,1361092,-72.0244215,-37.6643135,285,SANTA BARBARA,1,26041,2021,1361092,REGION BIO BIO,8311,SANTA BARBARA,FEDERICO PUGA,PEDRO BURGOS,0,"FEDERICO PUGA & PEDRO BURGOS, SANTA BARBARA",CHILE,GEOMETRIC_CENTER,35937,2021,1361092,1,2021/07/04 00:00:00+00,1899/12/30 00:00:00+00,8,REGION BIO BIO,8311,SANTA BARBARA,10,ATROPELLO,10,ATROPELLO,1,URBANA,15,CRUCE CON SEÑAL CEDA EL PASO,1,IMPRUDENCIA DEL CONDUCTOR,27,CONDUCCION NO ATENTO CONDICIONES TRANSITO MOMENTO,0,FEDERICO PUGA,0,PEDRO BURGOS,FEDERICO PUGA - PEDRO BURGOS,0, , , , ,1,1,2,BIDIRECCIONAL,1,CONCRETO,1,BUENO,1,SECO,1,DESPEJADO,0,0,0,2,0
-8017536.89080251,-4532085.47444451,3154,42359,1323101,-72.0227593,-37.6641213,285,SANTA BARBARA,1,377,2021,1323101,REGION BIO BIO,8311,SANTA BARBARA,FEDERICO PUGA,JUAN CARLOS ALVEAR,0,"FEDERICO PUGA & JUAN CARLOS ALVEAR, SANTA BARBARA",CHILE,GEOMETRIC_CENTER,544,2021,1323101,1,2021/01/03 00:00:00+00,1899/12/30 00:00:00+00,8,REGION BIO BIO,8311,SANTA BARBARA,50,CHOQUE,40,CHOQUE,1,URBANA,1,TRAMO DE VIA RECTA,1,IMPRUDENCIA DEL CONDUCTOR,27,CONDUCCION NO ATENTO CONDICIONES TRANSITO MOMENTO,0,FEDERICO PUGA,0,JUAN CARLOS ALVEAR,FEDERICO PUGA - JUAN CARLOS ALVEAR,0, , ,"109,5", ,1,1,2,BIDIRECCIONAL,2,ASFALTO,2,REGULAR,1,SECO,1,DESPEJADO,0,0,0,1,1
-8017536.89080251,-4532085.47444451,3155,42360,1347310,-72.0227593,-37.6641213,285,SANTA BARBARA,1,16594,2021,1347310,REGION BIO BIO,8311,SANTA BARBARA,FEDERICO PUGA,ARTURO PRAT,0,"FEDERICO PUGA & ARTURO PRAT, SANTA BARBARA",CHILE,GEOMETRIC_CENTER,22889,2021,1347310,1,2021/05/04 00:00:00+00,1899/12/30 00:00:00+00,8,REGION BIO BIO,8311,SANTA BARBARA,32,COLISION LATERAL,30,COLISION,1,URBANA,1,TRAMO DE VIA RECTA,1,IMPRUDENCIA DEL CONDUCTOR,27,CONDUCCION NO ATENTO CONDICIONES TRANSITO MOMENTO,0,FEDERICO PUGA,0,ARTURO PRAT,ARTURO PRAT - FEDERICO PUGA,0, , , , ,1,1,2,BIDIRECCIONAL,1,CONCRETO,1,BUENO,1,SECO,1,DESPEJADO,0,0,0,0,3
-8120303.88322932,-4463493.73347005,3156,42474,1391376,-72.9459309,-37.174757,101,SANTA JUANA,1,46082,2021,1391376,REGION BIO BIO,8109,SANTA JUANA,PEDRO AGUIRRE CERDA,CA??ªETE,0,"PEDRO AGUIRRE CERDA & CA??ªETE, SANTA JUANA",CHILE,GEOMETRIC_CENTER,62944,2021,1391376,1,2021/10/23 00:00:00+00,1899/12/30 00:00:00+00,8,REGION BIO BIO,8109,SANTA JUANA,30,COLISION,30,COLISION,1,URBANA,15,CRUCE CON SEÑAL CEDA EL PASO,10,DESOBEDIENCIA A SEÑALIZACION,64,SEÑALIZACION DESOBEDECER SEÑAL CEDA EL PASO,0,PEDRO AGUIRRE CERDA,0,CAÑETE,CAÑETE - PEDRO AGUIRRE CERDA,0, , , , ,2,0,1,UNIDIRECCIONAL,1,CONCRETO,1,BUENO,1,SECO,2,NUBLADO,0,0,0,3,0
-8120836.44680522,-4463089.66126649,3157,42475,1328203,-72.950715,-37.1718647,101,SANTA JUANA,1,754,2021,1328203,REGION BIO BIO,8109,SANTA JUANA,CURALI,PEDRO DE VALDIVIA,0,"CURALI & PEDRO DE VALDIVIA, SANTA JUANA",CHILE,GEOMETRIC_CENTER,1052,2021,1328203,1,2021/01/06 00:00:00+00,1899/12/30 00:00:00+00,8,REGION BIO BIO,8109,SANTA JUANA,30,COLISION,30,COLISION,1,URBANA,15,CRUCE CON SEÑAL CEDA EL PASO,1,IMPRUDENCIA DEL CONDUCTOR,27,CONDUCCION NO ATENTO CONDICIONES TRANSITO MOMENTO,0,CURALI,0,PEDRO DE VALDIVIA,CURALI - PEDRO DE VALDIVIA,0, , , , ,1,1,2,BIDIRECCIONAL,1,CONCRETO,1,BUENO,1,SECO,1,DESPEJADO,0,0,0,2,0
-8133326.63838757,-4410147.68776279,3158,45279,1332006,-73.0629163,-36.7919561,95,CONCEPCION,1,5855,2021,1332006,REGION BIO BIO,8101,CONCEPCION,JORGE ALESSANDRI,SAN ANDRES,0,"JORGE ALESSANDRI & SAN ANDRES, CONCEPCION",CHILE,GEOMETRIC_CENTER,8169,2021,1332006,1,2021/02/12 00:00:00+00,1899/12/30 00:00:00+00,8,REGION BIO BIO,8101,CONCEPCION,30,COLISION,30,COLISION,1,URBANA,21,ENLACE A NIVEL,1,IMPRUDENCIA DEL CONDUCTOR,27,CONDUCCION NO ATENTO CONDICIONES TRANSITO MOMENTO,0,JORGE ALESSANDRI,0,SAN ANDRES,JORGE ALESSANDRI - SAN ANDRES,0, , , , ,2,2,3,BIDIRECCIONAL CON BANDEJON,1,CONCRETO,1,BUENO,1,SECO,1,DESPEJADO,0,0,0,0,2
-8133263.79853501,-4410045.00329257,3159,45280,1342746,-73.0623518,-36.7912174,95,CONCEPCION,0,13185,2021,1342746,REGION BIO BIO,8110,TALCAHUANO,JORGE ALESSANDRI, ,450,"JORGE ALESSANDRI 450, TALCAHUANO",CHILE,RANGE_INTERPOLATED,18204,2021,1342746,1,2021/04/07 00:00:00+00,1899/12/30 00:00:00+00,8,REGION BIO BIO,8110,TALCAHUANO,32,COLISION LATERAL,30,COLISION,1,URBANA,1,TRAMO DE VIA RECTA,1,IMPRUDENCIA DEL CONDUCTOR,29,CONDUCCION CAMBIAR SORPRESIVAMENTE PISTA CIRCULACION,0,JORGE ALESSANDRI,0, ,- JORGE ALESSANDRI,450, , , , ,3,3,3,BIDIRECCIONAL CON BANDEJON,1,CONCRETO,1,BUENO,1,SECO,1,DESPEJADO,0,0,0,1,1
-8132910.3257559,-4408928.57687591,3160,45282,1358340,-73.0591765,-36.7831855,95,CONCEPCION,0,24379,2021,1358340,REGION BIO BIO,8112,HUALPEN,JORGE ALESSANDRI, ,8360,"JORGE ALESSANDRI 8360, HUALPEN",CHILE,RANGE_INTERPOLATED,33616,2021,1358340,1,2021/06/23 00:00:00+00,1899/12/30 00:00:00+00,8,REGION BIO BIO,8112,HUALPEN,30,COLISION,30,COLISION,1,URBANA,1,TRAMO DE VIA RECTA,13,CAUSAS NO DETERMINADAS,97,CAUSAS NO DETERMINADAS,0,JORGE ALESSANDRI,0, ,- JORGE ALESSANDRI,8360, , , , ,2,2,2,BIDIRECCIONAL,1,CONCRETO,1,BUENO,2,HUMEDO,2,NUBLADO,0,0,0,1,0