X,Y,FID,FID_1,LABELID,POINT_X,POINT_Y,FID_2,COMUNAREAL,VAL_COM,OBJECTID,A_O,IDACCIDENT,REGION,COD_COMUN,COMUNA,CALLE_UNO,CALLE_DOS,NUMERO,DIR_GEOCOD,PAIS,TIPO,OBJECTID_1,Año,Idaccide_1,Claseaccid,Fecha,Hora,Cód_Regi,Región,Cód_Comun,Comuna_1,Cód_Tipo_,Tipo_Accid,Cód_Tipo1,Tipo__CONA,Cód_Zona,Zona,Cód_Ubica,Ubicación,Cód_Causa,Causa__CON,Cód_Cau_1,Causa,Cód_Calle,Calle_Un_1,Cód_Cal_1,Calle_Do_1,Intersecci,Número,Ruta,Cód_Ruta,Ubicaci_1,Km_Vía_Fe,Pistas_de_,Pistas_de1,Cód_Calza,Calzada,Cód__Tipo,Tipo_Calza,Cód_Estad,Estado_Cal,Cód_Condi,Condición,Cód_Est_1,Estado_Atm,Fallecidos,Graves,Menos_Grav,Leves,Ilesos
-8132783.3324808,-4408726.90174305,3161,45283,1360950,-73.0580357,-36.7817345,95,CONCEPCION,0,25536,2021,1360950,REGION BIO BIO,8110,TALCAHUANO,ROTONDA AEROPUERTO, ,5001,"ROTONDA AEROPUERTO 5001, TALCAHUANO",CHILE,RANGE_INTERPOLATED,35267,2021,1360950,1,2021/07/01 00:00:00+00,1899/12/30 00:00:00+00,8,REGION BIO BIO,8110,TALCAHUANO,32,COLISION LATERAL,30,COLISION,1,URBANA,24,ROTONDA,10,DESOBEDIENCIA A SEÑALIZACION,64,SEÑALIZACION DESOBEDECER SEÑAL CEDA EL PASO,0,ROTONDA AEROPUERTO,0, ,- ROTONDA AEROPUERTO,5001, , , , ,1,0,1,UNIDIRECCIONAL,1,CONCRETO,1,BUENO,1,SECO,1,DESPEJADO,0,0,0,1,1
-8132464.0904451,-4408202.67545204,3162,45284,1364057,-73.0551679,-36.7779627,95,CONCEPCION,1,28363,2021,1364057,REGION BIO BIO,8101,CONCEPCION,TIERRA COLORADA, ,1480,"TIERRA COLORADA 1480, CONCEPCION",CHILE,RANGE_INTERPOLATED,39179,2021,1364057,1,2021/07/17 00:00:00+00,1899/12/30 00:00:00+00,8,REGION BIO BIO,8101,CONCEPCION,70,VOLCADURA,70,VOLCADURA,1,URBANA,1,TRAMO DE VIA RECTA,9,PERDIDA CONTROL VEHICULO,95,PERDIDA CONTROL VEHICULO,0,TIERRA COLORADA,0, ,- TIERRA COLORADA,1480, , , , ,3,3,2,BIDIRECCIONAL,1,CONCRETO,2,REGULAR,1,SECO,1,DESPEJADO,0,0,1,0,0
-8133471.67655212,-4410272.9483102,3163,45286,1393417,-73.0642192,-36.7928572,176,TALCAHUANO,0,47970,2021,1393417,REGION BIO BIO,8101,CONCEPCION,JORGE ALESSANDRI,S/N,0,"JORGE ALESSANDRI & S/N, CONCEPCION",CHILE,GEOMETRIC_CENTER,65450,2021,1393417,1,2021/11/03 00:00:00+00,1899/12/30 00:00:00+00,8,REGION BIO BIO,8101,CONCEPCION,30,COLISION,30,COLISION,1,URBANA,1,TRAMO DE VIA RECTA,13,CAUSAS NO DETERMINADAS,97,CAUSAS NO DETERMINADAS,0,JORGE ALESSANDRI,0,S/N,JORGE ALESSANDRI - S/N,0, , , , ,3,3,2,BIDIRECCIONAL,1,CONCRETO,1,BUENO,3,MOJADO,1,DESPEJADO,0,0,0,0,2
-8133721.51088531,-4410135.70530844,3164,45287,1330248,-73.0664635,-36.7918699,176,TALCAHUANO,1,4414,2021,1330248,REGION BIO BIO,8110,TALCAHUANO,SANTA MARIA, ,3177,"SANTA MARIA 3177, TALCAHUANO",CHILE,RANGE_INTERPOLATED,6196,2021,1330248,1,2021/02/01 00:00:00+00,1899/12/30 00:00:00+00,8,REGION BIO BIO,8110,TALCAHUANO,32,COLISION LATERAL,30,COLISION,1,URBANA,1,TRAMO DE VIA RECTA,1,IMPRUDENCIA DEL CONDUCTOR,91,VIRAJES INDEBIDOS,0,SANTA MARIA,0, ,- SANTA MARIA,3177, , , , ,1,1,2,BIDIRECCIONAL,1,CONCRETO,1,BUENO,1,SECO,1,DESPEJADO,0,1,0,0,1
-8133721.51088531,-4410135.70530844,3165,45288,1332876,-73.0664635,-36.7918699,176,TALCAHUANO,1,6265,2021,1332876,REGION BIO BIO,8110,TALCAHUANO,JORGE ALESSANDRI PALMA, ,3177,"JORGE ALESSANDRI PALMA 3177, TALCAHUANO",CHILE,RANGE_INTERPOLATED,8750,2021,1332876,1,2021/02/15 00:00:00+00,1899/12/30 00:00:00+00,8,REGION BIO BIO,8110,TALCAHUANO,68,CHOQUE POSTERIOR/LADO,40,CHOQUE,1,URBANA,26,OTROS NO CONSIDERADOS,1,IMPRUDENCIA DEL CONDUCTOR,27,CONDUCCION NO ATENTO CONDICIONES TRANSITO MOMENTO,0,JORGE ALESSANDRI PALMA,0, ,- JORGE ALESSANDRI PALMA,3177, , , , ,1,1,2,BIDIRECCIONAL,1,CONCRETO,1,BUENO,1,SECO,1,DESPEJADO,0,0,0,0,2
-8133721.51088531,-4410135.70530844,3166,45289,1340181,-73.0664635,-36.7918699,176,TALCAHUANO,0,11684,2021,1340181,REGION BIO BIO,8101,CONCEPCION,PAICAVI,ROTONDA TREBOL,0,"PAICAVI & ROTONDA TREBOL, CONCEPCION",CHILE,GEOMETRIC_CENTER,16176,2021,1340181,1,2021/03/24 00:00:00+00,1899/12/30 00:00:00+00,8,REGION BIO BIO,8101,CONCEPCION,30,COLISION,30,COLISION,1,URBANA,26,OTROS NO CONSIDERADOS,13,CAUSAS NO DETERMINADAS,97,CAUSAS NO DETERMINADAS,0,PAICAVI,0,ROTONDA TREBOL,PAICAVI - ROTONDA TREBOL,0, , , , ,2,2,2,BIDIRECCIONAL,1,CONCRETO,1,BUENO,1,SECO,1,DESPEJADO,0,0,0,0,2
-8133721.51088531,-4410135.70530844,3167,45290,1353801,-73.0664635,-36.7918699,176,TALCAHUANO,1,20034,2021,1353801,REGION BIO BIO,8110,TALCAHUANO,JORGE ALESSANDRI PALMA, ,3177,"JORGE ALESSANDRI PALMA 3177, TALCAHUANO",CHILE,RANGE_INTERPOLATED,27587,2021,1353801,1,2021/05/27 00:00:00+00,1899/12/30 00:00:00+00,8,REGION BIO BIO,8110,TALCAHUANO,68,CHOQUE POSTERIOR/LADO,40,CHOQUE,1,URBANA,26,OTROS NO CONSIDERADOS,1,IMPRUDENCIA DEL CONDUCTOR,27,CONDUCCION NO ATENTO CONDICIONES TRANSITO MOMENTO,0,JORGE ALESSANDRI PALMA,0, ,- JORGE ALESSANDRI PALMA,3177, , , , ,1,1,2,BIDIRECCIONAL,1,CONCRETO,1,BUENO,1,SECO,1,DESPEJADO,0,0,0,0,2
-8133721.51088531,-4410135.70530844,3168,45291,1363174,-73.0664635,-36.7918699,176,TALCAHUANO,1,27682,2021,1363174,REGION BIO BIO,8110,TALCAHUANO,JORGE ALESSANDRI PALMA, ,3177,"JORGE ALESSANDRI PALMA 3177, TALCAHUANO",CHILE,RANGE_INTERPOLATED,38196,2021,1363174,1,2021/07/13 00:00:00+00,1899/12/30 00:00:00+00,8,REGION BIO BIO,8110,TALCAHUANO,70,VOLCADURA,70,VOLCADURA,1,URBANA,1,TRAMO DE VIA RECTA,9,PERDIDA CONTROL VEHICULO,95,PERDIDA CONTROL VEHICULO,0,JORGE ALESSANDRI PALMA,0, ,- JORGE ALESSANDRI PALMA,3177, , , , ,1,1,2,BIDIRECCIONAL,1,CONCRETO,1,BUENO,1,SECO,1,DESPEJADO,0,1,0,0,0
-8133721.51088531,-4410135.70530844,3169,45292,1365849,-73.0664635,-36.7918699,176,TALCAHUANO,1,27933,2021,1365849,REGION BIO BIO,8110,TALCAHUANO,JORGE ALESSANDRI PALMA, ,3177,"JORGE ALESSANDRI PALMA 3177, TALCAHUANO",CHILE,RANGE_INTERPOLATED,38587,2021,1365849,1,2021/07/15 00:00:00+00,1899/12/30 00:00:00+00,8,REGION BIO BIO,8110,TALCAHUANO,63,CHOQUE FRENTE/POSTERIOR,40,CHOQUE,1,URBANA,1,TRAMO DE VIA RECTA,1,IMPRUDENCIA DEL CONDUCTOR,28,CONDUCCION SIN MANTENER DISTANCIA RAZONABLE NI PRUDENTE,0,JORGE ALESSANDRI PALMA,0, ,- JORGE ALESSANDRI PALMA,3177, , , , ,1,1,2,BIDIRECCIONAL,1,CONCRETO,1,BUENO,1,SECO,1,DESPEJADO,0,0,0,0,2
-8133721.51088531,-4410135.70530844,3170,45293,1368566,-73.0664635,-36.7918699,176,TALCAHUANO,1,31033,2021,1368566,REGION BIO BIO,8110,TALCAHUANO,ALESSANDRI PALMA, ,3177,"ALESSANDRI PALMA 3177, TALCAHUANO",CHILE,RANGE_INTERPOLATED,42899,2021,1368566,1,2021/08/02 00:00:00+00,1899/12/30 00:00:00+00,8,REGION BIO BIO,8110,TALCAHUANO,32,COLISION LATERAL,30,COLISION,1,URBANA,1,TRAMO DE VIA RECTA,1,IMPRUDENCIA DEL CONDUCTOR,91,VIRAJES INDEBIDOS,0,ALESSANDRI PALMA,0, ,- ALESSANDRI PALMA,3177, , , , ,1,1,2,BIDIRECCIONAL,1,CONCRETO,1,BUENO,1,SECO,1,DESPEJADO,0,0,0,0,2
-8133721.51088531,-4410135.70530844,3171,45294,1370413,-73.0664635,-36.7918699,176,TALCAHUANO,1,31813,2021,1370413,REGION BIO BIO,8110,TALCAHUANO,JORGE ALESSANDRI PALMA, ,3177,"JORGE ALESSANDRI PALMA 3177, TALCAHUANO",CHILE,RANGE_INTERPOLATED,43897,2021,1370413,1,2021/08/06 00:00:00+00,1899/12/30 00:00:00+00,8,REGION BIO BIO,8110,TALCAHUANO,10,ATROPELLO,10,ATROPELLO,1,URBANA,1,TRAMO DE VIA RECTA,2,IMPRUDENCIA DEL PEATON,52,PEATON CRUZA CALZADA FORMA SORPRESIVA O DESCUIDADA,0,JORGE ALESSANDRI PALMA,0, ,- JORGE ALESSANDRI PALMA,3177, , , , ,1,1,2,BIDIRECCIONAL,1,CONCRETO,1,BUENO,1,SECO,1,DESPEJADO,0,0,0,0,2
-8133721.51088531,-4410135.70530844,3172,45295,1375712,-73.0664635,-36.7918699,176,TALCAHUANO,1,33940,2021,1375712,REGION BIO BIO,8110,TALCAHUANO,JORGE ALESSANDRI PALMA, ,3177,"JORGE ALESSANDRI PALMA 3177, TALCAHUANO",CHILE,RANGE_INTERPOLATED,46802,2021,1375712,1,2021/08/18 00:00:00+00,1899/12/30 00:00:00+00,8,REGION BIO BIO,8110,TALCAHUANO,51,CHOQUE FRONTAL,40,CHOQUE,1,URBANA,1,TRAMO DE VIA RECTA,9,PERDIDA CONTROL VEHICULO,95,PERDIDA CONTROL VEHICULO,0,JORGE ALESSANDRI PALMA,0, ,- JORGE ALESSANDRI PALMA,3177, , , , ,1,1,2,BIDIRECCIONAL,1,CONCRETO,1,BUENO,1,SECO,1,DESPEJADO,0,1,0,0,0
-8133721.51088531,-4410135.70530844,3173,45296,1374303,-73.0664635,-36.7918699,176,TALCAHUANO,1,35312,2021,1374303,REGION BIO BIO,8110,TALCAHUANO,JORGE ALESSANDRI PALMA, ,3177,"JORGE ALESSANDRI PALMA 3177, TALCAHUANO",CHILE,RANGE_INTERPOLATED,48644,2021,1374303,1,2021/08/26 00:00:00+00,1899/12/30 00:00:00+00,8,REGION BIO BIO,8110,TALCAHUANO,99,OTRO TIPO,99,OTRO TIPO,1,URBANA,1,TRAMO DE VIA RECTA,14,OTRAS CAUSAS,98,OTRAS CAUSAS,0,JORGE ALESSANDRI PALMA,0, ,- JORGE ALESSANDRI PALMA,3177, , , , ,1,1,2,BIDIRECCIONAL,1,CONCRETO,1,BUENO,1,SECO,1,DESPEJADO,0,0,0,0,1
-8133721.51088531,-4410135.70530844,3174,45297,1374943,-73.0664635,-36.7918699,176,TALCAHUANO,1,35496,2021,1374943,REGION BIO BIO,8110,TALCAHUANO,JORGE ALESSANDRI PALMA, ,3177,"JORGE ALESSANDRI PALMA 3177, TALCAHUANO",CHILE,RANGE_INTERPOLATED,48878,2021,1374943,1,2021/08/27 00:00:00+00,1899/12/30 00:00:00+00,8,REGION BIO BIO,8110,TALCAHUANO,30,COLISION,30,COLISION,1,URBANA,15,CRUCE CON SEÑAL CEDA EL PASO,10,DESOBEDIENCIA A SEÑALIZACION,64,SEÑALIZACION DESOBEDECER SEÑAL CEDA EL PASO,0,JORGE ALESSANDRI PALMA,0, ,- JORGE ALESSANDRI PALMA,3177, , , , ,1,1,2,BIDIRECCIONAL,1,CONCRETO,1,BUENO,1,SECO,2,NUBLADO,0,0,0,0,2
-8133721.51088531,-4410135.70530844,3175,45298,1375763,-73.0664635,-36.7918699,176,TALCAHUANO,1,35497,2021,1375763,REGION BIO BIO,8110,TALCAHUANO,JORGE ALESSANDRI PALMA, ,3177,"JORGE ALESSANDRI PALMA 3177, TALCAHUANO",CHILE,RANGE_INTERPOLATED,48879,2021,1375763,1,2021/08/27 00:00:00+00,1899/12/30 00:00:00+00,8,REGION BIO BIO,8110,TALCAHUANO,51,CHOQUE FRONTAL,40,CHOQUE,1,URBANA,1,TRAMO DE VIA RECTA,10,DESOBEDIENCIA A SEÑALIZACION,64,SEÑALIZACION DESOBEDECER SEÑAL CEDA EL PASO,0,JORGE ALESSANDRI PALMA,0, ,- JORGE ALESSANDRI PALMA,3177, , , , ,1,1,2,BIDIRECCIONAL,1,CONCRETO,1,BUENO,1,SECO,1,DESPEJADO,0,0,0,0,2
-8133721.51088531,-4410135.70530844,3176,45299,1378770,-73.0664635,-36.7918699,176,TALCAHUANO,1,38099,2021,1378770,REGION BIO BIO,8110,TALCAHUANO,JORGE ALESSANDRI PALMA, ,3177,"JORGE ALESSANDRI PALMA 3177, TALCAHUANO",CHILE,RANGE_INTERPOLATED,52332,2021,1378770,1,2021/09/10 00:00:00+00,1899/12/30 00:00:00+00,8,REGION BIO BIO,8110,TALCAHUANO,67,CHOQUE POSTERIOR/FRENTE,40,CHOQUE,1,URBANA,26,OTROS NO CONSIDERADOS,1,IMPRUDENCIA DEL CONDUCTOR,27,CONDUCCION NO ATENTO CONDICIONES TRANSITO MOMENTO,0,JORGE ALESSANDRI PALMA,0, ,- JORGE ALESSANDRI PALMA,3177, , , , ,1,1,2,BIDIRECCIONAL,1,CONCRETO,1,BUENO,1,SECO,1,DESPEJADO,0,0,0,0,2
-8133721.51088531,-4410135.70530844,3177,45300,1380213,-73.0664635,-36.7918699,176,TALCAHUANO,1,39046,2021,1380213,REGION BIO BIO,8110,TALCAHUANO,SANTA MARIA, ,3177,"SANTA MARIA 3177, TALCAHUANO",CHILE,RANGE_INTERPOLATED,53620,2021,1380213,1,2021/09/15 00:00:00+00,1899/12/30 00:00:00+00,8,REGION BIO BIO,8110,TALCAHUANO,32,COLISION LATERAL,30,COLISION,1,URBANA,1,TRAMO DE VIA RECTA,1,IMPRUDENCIA DEL CONDUCTOR,29,CONDUCCION CAMBIAR SORPRESIVAMENTE PISTA CIRCULACION,0,SANTA MARIA,0, ,- SANTA MARIA,3177, , , , ,1,1,2,BIDIRECCIONAL,1,CONCRETO,1,BUENO,1,SECO,1,DESPEJADO,0,0,0,0,2
-8133721.51088531,-4410135.70530844,3178,45301,1380254,-73.0664635,-36.7918699,176,TALCAHUANO,1,39221,2021,1380254,REGION BIO BIO,8110,TALCAHUANO,JORGE ALESSANDRI PALMA, ,3177,"JORGE ALESSANDRI PALMA 3177, TALCAHUANO",CHILE,RANGE_INTERPOLATED,53860,2021,1380254,1,2021/09/16 00:00:00+00,1899/12/30 00:00:00+00,8,REGION BIO BIO,8110,TALCAHUANO,33,COLISION POR ALCANCE,30,COLISION,1,URBANA,1,TRAMO DE VIA RECTA,1,IMPRUDENCIA DEL CONDUCTOR,11,ADELANTAMIENTO SIN EL ESPACIO O TIEMPO SUFICIENTE,0,JORGE ALESSANDRI PALMA,0, ,- JORGE ALESSANDRI PALMA,3177, , , , ,1,1,2,BIDIRECCIONAL,1,CONCRETO,1,BUENO,1,SECO,1,DESPEJADO,0,0,0,0,2
-8133721.51088531,-4410135.70530844,3179,45302,1388528,-73.0664635,-36.7918699,176,TALCAHUANO,1,42256,2021,1388528,REGION BIO BIO,8110,TALCAHUANO,JORGE ALESSANDRI PALMA, ,3177,"JORGE ALESSANDRI PALMA 3177, TALCAHUANO",CHILE,RANGE_INTERPOLATED,57876,2021,1388528,1,2021/10/03 00:00:00+00,1899/12/30 00:00:00+00,8,REGION BIO BIO,8110,TALCAHUANO,32,COLISION LATERAL,30,COLISION,1,URBANA,1,TRAMO DE VIA RECTA,1,IMPRUDENCIA DEL CONDUCTOR,29,CONDUCCION CAMBIAR SORPRESIVAMENTE PISTA CIRCULACION,0,JORGE ALESSANDRI PALMA,0, ,- JORGE ALESSANDRI PALMA,3177, , , , ,1,1,3,BIDIRECCIONAL CON BANDEJON,1,CONCRETO,1,BUENO,1,SECO,1,DESPEJADO,0,0,0,1,1
-8133721.51088531,-4410135.70530844,3180,45303,1388119,-73.0664635,-36.7918699,176,TALCAHUANO,1,42824,2021,1388119,REGION BIO BIO,8110,TALCAHUANO,JORGE ALESSANDRI PALMA, ,3177,"JORGE ALESSANDRI PALMA 3177, TALCAHUANO",CHILE,RANGE_INTERPOLATED,58631,2021,1388119,1,2021/10/06 00:00:00+00,1899/12/30 00:00:00+00,8,REGION BIO BIO,8110,TALCAHUANO,32,COLISION LATERAL,30,COLISION,1,URBANA,26,OTROS NO CONSIDERADOS,1,IMPRUDENCIA DEL CONDUCTOR,32,NO RESPETAR DERECHO PREFERENTE DE PASO A VEHICULO,0,JORGE ALESSANDRI PALMA,0, ,- JORGE ALESSANDRI PALMA,3177, , , , ,1,1,2,BIDIRECCIONAL,1,CONCRETO,1,BUENO,1,SECO,1,DESPEJADO,0,0,0,0,2
-8133721.51088531,-4410135.70530844,3181,45304,1405260,-73.0664635,-36.7918699,176,TALCAHUANO,1,55640,2021,1405260,REGION BIO BIO,8110,TALCAHUANO,JORGE ALESSANDRI PALMA, ,3177,"JORGE ALESSANDRI PALMA 3177, TALCAHUANO",CHILE,RANGE_INTERPOLATED,75605,2021,1405260,1,2021/12/11 00:00:00+00,1899/12/30 00:00:00+00,8,REGION BIO BIO,8110,TALCAHUANO,63,CHOQUE FRENTE/POSTERIOR,40,CHOQUE,1,URBANA,26,OTROS NO CONSIDERADOS,1,IMPRUDENCIA DEL CONDUCTOR,28,CONDUCCION SIN MANTENER DISTANCIA RAZONABLE NI PRUDENTE,0,JORGE ALESSANDRI PALMA,0, ,- JORGE ALESSANDRI PALMA,3177, , , , ,1,1,2,BIDIRECCIONAL,1,CONCRETO,1,BUENO,1,SECO,1,DESPEJADO,0,0,0,0,2
-8133721.51088531,-4410135.70530844,3182,45305,1406405,-73.0664635,-36.7918699,176,TALCAHUANO,1,57321,2021,1406405,REGION BIO BIO,8110,TALCAHUANO,JORGE ALESSANDRI PALMA, ,3177,"JORGE ALESSANDRI PALMA 3177, TALCAHUANO",CHILE,RANGE_INTERPOLATED,77843,2021,1406405,1,2021/12/20 00:00:00+00,1899/12/30 00:00:00+00,8,REGION BIO BIO,8110,TALCAHUANO,63,CHOQUE FRENTE/POSTERIOR,40,CHOQUE,1,URBANA,1,TRAMO DE VIA RECTA,1,IMPRUDENCIA DEL CONDUCTOR,28,CONDUCCION SIN MANTENER DISTANCIA RAZONABLE NI PRUDENTE,0,JORGE ALESSANDRI PALMA,0, ,- JORGE ALESSANDRI PALMA,3177, , , , ,1,1,3,BIDIRECCIONAL CON BANDEJON,1,CONCRETO,1,BUENO,1,SECO,1,DESPEJADO,0,0,0,0,2
-8133721.51088531,-4410135.70530844,3183,45306,1407840,-73.0664635,-36.7918699,176,TALCAHUANO,1,57717,2021,1407840,REGION BIO BIO,8110,TALCAHUANO,JORGE ALESSANDRI PALMA, ,3177,"JORGE ALESSANDRI PALMA 3177, TALCAHUANO",CHILE,RANGE_INTERPOLATED,78369,2021,1407840,1,2021/12/22 00:00:00+00,1899/12/30 00:00:00+00,8,REGION BIO BIO,8110,TALCAHUANO,67,CHOQUE POSTERIOR/FRENTE,40,CHOQUE,1,URBANA,1,TRAMO DE VIA RECTA,1,IMPRUDENCIA DEL CONDUCTOR,27,CONDUCCION NO ATENTO CONDICIONES TRANSITO MOMENTO,0,JORGE ALESSANDRI PALMA,0, ,- JORGE ALESSANDRI PALMA,3177, , , , ,1,1,2,BIDIRECCIONAL,1,CONCRETO,1,BUENO,1,SECO,1,DESPEJADO,0,0,0,0,2
-8133766.3281123,-4410133.55069221,3184,45307,1364340,-73.0668661,-36.7918544,176,TALCAHUANO,1,28789,2021,1364340,REGION BIO BIO,8110,TALCAHUANO,JORGE ALESSANDRI, ,3177,"JORGE ALESSANDRI 3177, TALCAHUANO",CHILE,RANGE_INTERPOLATED,39776,2021,1364340,1,2021/07/20 00:00:00+00,1899/12/30 00:00:00+00,8,REGION BIO BIO,8110,TALCAHUANO,30,COLISION,30,COLISION,1,URBANA,1,TRAMO DE VIA RECTA,13,CAUSAS NO DETERMINADAS,97,CAUSAS NO DETERMINADAS,0,JORGE ALESSANDRI,0, ,- JORGE ALESSANDRI,3177, , , , ,3,3,2,BIDIRECCIONAL,1,CONCRETO,1,BUENO,1,SECO,1,DESPEJADO,0,0,0,0,2
-8133745.45570778,-4410130.50642873,3185,45308,1331287,-73.0666786,-36.7918325,176,TALCAHUANO,0,5693,2021,1331287,REGION BIO BIO,8112,HUALPEN,JORGE ALESSANDRI, ,3177,"JORGE ALESSANDRI 3177, HUALPEN",CHILE,RANGE_INTERPOLATED,7949,2021,1331287,1,2021/02/11 00:00:00+00,1899/12/30 00:00:00+00,8,REGION BIO BIO,8112,HUALPEN,30,COLISION,30,COLISION,1,URBANA,1,TRAMO DE VIA RECTA,1,IMPRUDENCIA DEL CONDUCTOR,93,CONDUCIR VEHICULO EN RETROCESO,0,JORGE ALESSANDRI,0, ,- JORGE ALESSANDRI,3177, , , , ,1,1,2,BIDIRECCIONAL,1,CONCRETO,1,BUENO,1,SECO,1,DESPEJADO,0,0,0,0,1
-8133745.45570778,-4410130.50642873,3186,45309,1363049,-73.0666786,-36.7918325,176,TALCAHUANO,0,27611,2021,1363049,REGION BIO BIO,8103,CHIGUAYANTE,JORGE ALESSANDRI, ,3177,"JORGE ALESSANDRI 3177, CHIGUAYANTE",CHILE,RANGE_INTERPOLATED,38097,2021,1363049,1,2021/07/13 00:00:00+00,1899/12/30 00:00:00+00,8,REGION BIO BIO,8103,CHIGUAYANTE,50,CHOQUE,40,CHOQUE,1,URBANA,1,TRAMO DE VIA RECTA,13,CAUSAS NO DETERMINADAS,97,CAUSAS NO DETERMINADAS,0,JORGE ALESSANDRI,0, ,- JORGE ALESSANDRI,3177, , , , ,3,3,2,BIDIRECCIONAL,1,CONCRETO,1,BUENO,1,SECO,1,DESPEJADO,0,0,0,0,2
-8133745.45570778,-4410130.50642873,3187,45310,1399670,-73.0666786,-36.7918325,176,TALCAHUANO,0,50513,2021,1399670,REGION BIO BIO,8101,CONCEPCION,JORGE ALESSANDRI, ,3177,"JORGE ALESSANDRI 3177, CONCEPCION",CHILE,RANGE_INTERPOLATED,68793,2021,1399670,1,2021/11/15 00:00:00+00,1899/12/30 00:00:00+00,8,REGION BIO BIO,8101,CONCEPCION,30,COLISION,30,COLISION,1,URBANA,1,TRAMO DE VIA RECTA,1,IMPRUDENCIA DEL CONDUCTOR,11,ADELANTAMIENTO SIN EL ESPACIO O TIEMPO SUFICIENTE,0,JORGE ALESSANDRI,0, ,- JORGE ALESSANDRI,3177, , , , ,3,3,2,BIDIRECCIONAL,1,CONCRETO,1,BUENO,1,SECO,1,DESPEJADO,0,0,0,0,2
-8133745.45570778,-4410130.50642873,3188,45311,1405734,-73.0666786,-36.7918325,176,TALCAHUANO,0,56526,2021,1405734,REGION BIO BIO,8101,CONCEPCION,JORGE ALESSANDRI, ,3177,"JORGE ALESSANDRI 3177, CONCEPCION",CHILE,RANGE_INTERPOLATED,76810,2021,1405734,1,2021/12/16 00:00:00+00,1899/12/30 00:00:00+00,8,REGION BIO BIO,8101,CONCEPCION,67,CHOQUE POSTERIOR/FRENTE,40,CHOQUE,1,URBANA,1,TRAMO DE VIA RECTA,13,CAUSAS NO DETERMINADAS,97,CAUSAS NO DETERMINADAS,0,JORGE ALESSANDRI,0, ,- JORGE ALESSANDRI,3177, , , , ,3,3,2,BIDIRECCIONAL,1,CONCRETO,1,BUENO,1,SECO,1,DESPEJADO,0,0,0,0,2
-8133745.45570778,-4410130.50642873,3189,45312,1405824,-73.0666786,-36.7918325,176,TALCAHUANO,0,57320,2021,1405824,REGION BIO BIO,8101,CONCEPCION,JORGE ALESSANDRI, ,3177,"JORGE ALESSANDRI 3177, CONCEPCION",CHILE,RANGE_INTERPOLATED,77842,2021,1405824,1,2021/12/20 00:00:00+00,1899/12/30 00:00:00+00,8,REGION BIO BIO,8101,CONCEPCION,50,CHOQUE,40,CHOQUE,1,URBANA,1,TRAMO DE VIA RECTA,13,CAUSAS NO DETERMINADAS,97,CAUSAS NO DETERMINADAS,0,JORGE ALESSANDRI,0, ,- JORGE ALESSANDRI,3177, , , , ,2,2,2,BIDIRECCIONAL,1,CONCRETO,1,BUENO,1,SECO,1,DESPEJADO,0,0,0,0,2
-8133245.49761073,-4409883.61816749,3190,45313,1353301,-73.0621874,-36.7900564,176,TALCAHUANO,1,19222,2021,1353301,REGION BIO BIO,8110,TALCAHUANO,SANTA MARIA, ,31,"SANTA MARIA 31, TALCAHUANO",CHILE,RANGE_INTERPOLATED,26440,2021,1353301,1,2021/05/21 00:00:00+00,1899/12/30 00:00:00+00,8,REGION BIO BIO,8110,TALCAHUANO,10,ATROPELLO,10,ATROPELLO,1,URBANA,1,TRAMO DE VIA RECTA,1,IMPRUDENCIA DEL CONDUCTOR,31,NO RESPETAR DERECHO PREFERENTE DE PASO A PEATON,0,SANTA MARIA,0, ,- SANTA MARIA,31, , , , ,1,1,2,BIDIRECCIONAL,1,CONCRETO,1,BUENO,1,SECO,1,DESPEJADO,0,1,0,0,1
-8133254.2695866,-4409878.86422414,3191,45314,1343982,-73.0622662,-36.7900222,176,TALCAHUANO,0,13937,2021,1343982,REGION BIO BIO,8101,CONCEPCION,RAMON CARRASCO,JORGE ALESSANDRI,0,"RAMON CARRASCO & JORGE ALESSANDRI, CONCEPCION",CHILE,GEOMETRIC_CENTER,19256,2021,1343982,1,2021/04/14 00:00:00+00,1899/12/30 00:00:00+00,8,REGION BIO BIO,8101,CONCEPCION,30,COLISION,30,COLISION,1,URBANA,1,TRAMO DE VIA RECTA,1,IMPRUDENCIA DEL CONDUCTOR,27,CONDUCCION NO ATENTO CONDICIONES TRANSITO MOMENTO,0,RAMON CARRASCO,0,JORGE ALESSANDRI,JORGE ALESSANDRI - RAMON CARRASCO,0, , , , ,3,3,2,BIDIRECCIONAL,1,CONCRETO,1,BUENO,1,SECO,1,DESPEJADO,0,0,0,0,3