X,Y,FID,FID_1,LABELID,POINT_X,POINT_Y,FID_2,COMUNAREAL,VAL_COM,OBJECTID,A_O,IDACCIDENT,REGION,COD_COMUN,COMUNA,CALLE_UNO,CALLE_DOS,NUMERO,DIR_GEOCOD,PAIS,TIPO,OBJECTID_1,Año,Idaccide_1,Claseaccid,Fecha,Hora,Cód_Regi,Región,Cód_Comun,Comuna_1,Cód_Tipo_,Tipo_Accid,Cód_Tipo1,Tipo__CONA,Cód_Zona,Zona,Cód_Ubica,Ubicación,Cód_Causa,Causa__CON,Cód_Cau_1,Causa,Cód_Calle,Calle_Un_1,Cód_Cal_1,Calle_Do_1,Intersecci,Número,Ruta,Cód_Ruta,Ubicaci_1,Km_Vía_Fe,Pistas_de_,Pistas_de1,Cód_Calza,Calzada,Cód__Tipo,Tipo_Calza,Cód_Estad,Estado_Cal,Cód_Condi,Condición,Cód_Est_1,Estado_Atm,Fallecidos,Graves,Menos_Grav,Leves,Ilesos
-8133241.72387999,-4409876.66795863,3192,45315,1346134,-73.0621535,-36.7900064,176,TALCAHUANO,0,15573,2021,1346134,REGION BIO BIO,8101,CONCEPCION,RAMON CARRASCO, ,80,"RAMON CARRASCO 80, CONCEPCION",CHILE,RANGE_INTERPOLATED,21449,2021,1346134,1,2021/04/27 00:00:00+00,1899/12/30 00:00:00+00,8,REGION BIO BIO,8101,CONCEPCION,50,CHOQUE,40,CHOQUE,1,URBANA,1,TRAMO DE VIA RECTA,13,CAUSAS NO DETERMINADAS,97,CAUSAS NO DETERMINADAS,0,RAMON CARRASCO,0, ,- RAMON CARRASCO,80, , , , ,2,2,2,BIDIRECCIONAL,1,CONCRETO,1,BUENO,1,SECO,1,DESPEJADO,0,0,0,0,2
-8135133.68768161,-4408835.35551118,3193,45316,1359987,-73.0791493,-36.7825148,176,TALCAHUANO,1,24715,2021,1359987,REGION BIO BIO,8110,TALCAHUANO,AMERICO VESPUCIO, ,730,"AMERICO VESPUCIO 730, TALCAHUANO",CHILE,RANGE_INTERPOLATED,34072,2021,1359987,1,2021/06/25 00:00:00+00,1899/12/30 00:00:00+00,8,REGION BIO BIO,8110,TALCAHUANO,67,CHOQUE POSTERIOR/FRENTE,40,CHOQUE,1,URBANA,26,OTROS NO CONSIDERADOS,1,IMPRUDENCIA DEL CONDUCTOR,27,CONDUCCION NO ATENTO CONDICIONES TRANSITO MOMENTO,0,AMERICO VESPUCIO,0, ,- AMERICO VESPUCIO,730, , , , ,1,1,2,BIDIRECCIONAL,1,CONCRETO,1,BUENO,1,SECO,1,DESPEJADO,0,0,0,0,2
-8132878.08763137,-4408811.76884225,3194,45317,1362877,-73.0588869,-36.7823451,176,TALCAHUANO,0,27371,2021,1362877,REGION BIO BIO,8101,CONCEPCION,JORGE ALESSANDRI, ,37,"JORGE ALESSANDRI 37, CONCEPCION",CHILE,RANGE_INTERPOLATED,37758,2021,1362877,1,2021/07/12 00:00:00+00,1899/12/30 00:00:00+00,8,REGION BIO BIO,8101,CONCEPCION,30,COLISION,30,COLISION,1,URBANA,1,TRAMO DE VIA RECTA,1,IMPRUDENCIA DEL CONDUCTOR,27,CONDUCCION NO ATENTO CONDICIONES TRANSITO MOMENTO,0,JORGE ALESSANDRI,0, ,- JORGE ALESSANDRI,37, , , , ,3,3,2,BIDIRECCIONAL,1,CONCRETO,1,BUENO,1,SECO,1,DESPEJADO,0,0,0,2,3
-8132915.55777197,-4408778.20275347,3195,45318,1383974,-73.0592235,-36.7821036,176,TALCAHUANO,0,41556,2021,1383974,REGION BIO BIO,8101,CONCEPCION,JORGE ALESSANDRI, ,277,"JORGE ALESSANDRI 277, CONCEPCION",CHILE,RANGE_INTERPOLATED,56948,2021,1383974,1,2021/09/29 00:00:00+00,1899/12/30 00:00:00+00,8,REGION BIO BIO,8101,CONCEPCION,30,COLISION,30,COLISION,1,URBANA,1,TRAMO DE VIA RECTA,1,IMPRUDENCIA DEL CONDUCTOR,28,CONDUCCION SIN MANTENER DISTANCIA RAZONABLE NI PRUDENTE,0,JORGE ALESSANDRI,0, ,- JORGE ALESSANDRI,277, , , , ,3,3,2,BIDIRECCIONAL,1,CONCRETO,1,BUENO,1,SECO,2,NUBLADO,0,0,0,0,2
-8132915.55777197,-4408778.20275347,3196,45319,1407305,-73.0592235,-36.7821036,176,TALCAHUANO,0,57868,2021,1407305,REGION BIO BIO,8112,HUALPEN,JORGE ALESSANDRI, ,277,"JORGE ALESSANDRI 277, HUALPEN",CHILE,RANGE_INTERPOLATED,78574,2021,1407305,1,2021/12/22 00:00:00+00,1899/12/30 00:00:00+00,8,REGION BIO BIO,8112,HUALPEN,30,COLISION,30,COLISION,1,URBANA,1,TRAMO DE VIA RECTA,1,IMPRUDENCIA DEL CONDUCTOR,27,CONDUCCION NO ATENTO CONDICIONES TRANSITO MOMENTO,0,JORGE ALESSANDRI,0, ,- JORGE ALESSANDRI,277, , , , ,2,2,3,BIDIRECCIONAL CON BANDEJON,1,CONCRETO,1,BUENO,1,SECO,1,DESPEJADO,0,0,0,0,2
-8132936.35225285,-4408776.22909854,3197,45320,1384948,-73.0594103,-36.7820894,176,TALCAHUANO,1,42583,2021,1384948,REGION BIO BIO,8110,TALCAHUANO,JORGE ALESSANDRI, ,239,"JORGE ALESSANDRI 239, TALCAHUANO",CHILE,RANGE_INTERPOLATED,58335,2021,1384948,1,2021/10/05 00:00:00+00,1899/12/30 00:00:00+00,8,REGION BIO BIO,8110,TALCAHUANO,32,COLISION LATERAL,30,COLISION,1,URBANA,1,TRAMO DE VIA RECTA,1,IMPRUDENCIA DEL CONDUCTOR,29,CONDUCCION CAMBIAR SORPRESIVAMENTE PISTA CIRCULACION,0,JORGE ALESSANDRI,0, ,- JORGE ALESSANDRI,239, , , , ,1,1,2,BIDIRECCIONAL,1,CONCRETO,1,BUENO,1,SECO,1,DESPEJADO,0,0,0,0,2
-8132898.96003589,-4408635.28050436,3198,45322,1350430,-73.0590744,-36.7810753,176,TALCAHUANO,0,18441,2021,1350430,REGION BIO BIO,8101,CONCEPCION,JORGE ALESSANDRI,CAMINO LOS CARROS,0,"JORGE ALESSANDRI & CAMINO LOS CARROS, CONCEPCION",CHILE,GEOMETRIC_CENTER,25375,2021,1350430,1,2021/05/17 00:00:00+00,1899/12/30 00:00:00+00,8,REGION BIO BIO,8101,CONCEPCION,33,COLISION POR ALCANCE,30,COLISION,1,URBANA,1,TRAMO DE VIA RECTA,1,IMPRUDENCIA DEL CONDUCTOR,28,CONDUCCION SIN MANTENER DISTANCIA RAZONABLE NI PRUDENTE,0,JORGE ALESSANDRI,0,CAMINO LOS CARROS,CAMINO LOS CARROS - JORGE ALESSANDRI,0, , , , ,2,2,2,BIDIRECCIONAL,1,CONCRETO,1,BUENO,1,SECO,1,DESPEJADO,0,1,0,1,2
-8134980.08904822,-4408619.18571401,3199,45323,1383999,-73.0777695,-36.7809595,176,TALCAHUANO,1,41327,2021,1383999,REGION BIO BIO,8110,TALCAHUANO,PEDRO DE CINTRA, ,477,"PEDRO DE CINTRA 477, TALCAHUANO",CHILE,RANGE_INTERPOLATED,56660,2021,1383999,1,2021/09/28 00:00:00+00,1899/12/30 00:00:00+00,8,REGION BIO BIO,8110,TALCAHUANO,63,CHOQUE FRENTE/POSTERIOR,40,CHOQUE,1,URBANA,14,CRUCE CON SEÑAL PARE,1,IMPRUDENCIA DEL CONDUCTOR,28,CONDUCCION SIN MANTENER DISTANCIA RAZONABLE NI PRUDENTE,0,PEDRO DE CINTRA,0, ,- PEDRO DE CINTRA,477, , , , ,1,1,2,BIDIRECCIONAL,1,CONCRETO,1,BUENO,1,SECO,1,DESPEJADO,0,0,0,0,2
-8132848.16495224,-4408617.10089839,3200,45324,1366702,-73.0586181,-36.7809445,176,TALCAHUANO,0,29939,2021,1366702,REGION BIO BIO,8112,HUALPEN,JORGE ALESSANDRI, ,2121,"JORGE ALESSANDRI 2121, HUALPEN",CHILE,RANGE_INTERPOLATED,41411,2021,1366702,1,2021/07/27 00:00:00+00,1899/12/30 00:00:00+00,8,REGION BIO BIO,8112,HUALPEN,63,CHOQUE FRENTE/POSTERIOR,40,CHOQUE,1,URBANA,1,TRAMO DE VIA RECTA,1,IMPRUDENCIA DEL CONDUCTOR,28,CONDUCCION SIN MANTENER DISTANCIA RAZONABLE NI PRUDENTE,0,JORGE ALESSANDRI,0, ,- JORGE ALESSANDRI,2121, , , , ,2,2,3,BIDIRECCIONAL CON BANDEJON,1,CONCRETO,1,BUENO,1,SECO,1,DESPEJADO,0,0,1,2,4
-8137051.4776051,-4410881.89597821,3201,13660,1371907,-73.0963771,-36.7972377,175,HUALPEN,1,33770,2021,1371907,REGION BIO BIO,8112,HUALPEN,RAMUNTCHO, ,816,"RAMUNTCHO 816, HUALPEN",CHILE,RANGE_INTERPOLATED,46579,2021,1371907,1,2021/08/17 00:00:00+00,1899/12/30 00:00:00+00,8,REGION BIO BIO,8112,HUALPEN,63,CHOQUE FRENTE/POSTERIOR,40,CHOQUE,1,URBANA,1,TRAMO DE VIA RECTA,1,IMPRUDENCIA DEL CONDUCTOR,82,CARGA OBSTRUYE VISUAL CONDUCTOR,0,RAMUNTCHO,0, ,- RAMUNTCHO,816, , , , ,1,1,2,BIDIRECCIONAL,1,CONCRETO,1,BUENO,2,HUMEDO,2,NUBLADO,0,0,0,0,2
-8135894.97941525,-4410864.0322761,3202,13661,1359391,-73.0859881,-36.7971092,175,HUALPEN,1,24523,2021,1359391,REGION BIO BIO,8112,HUALPEN,CRISTOBAL COLON,LOS ESCRITORES,0,"CRISTOBAL COLON & LOS ESCRITORES, HUALPEN",CHILE,GEOMETRIC_CENTER,33811,2021,1359391,1,2021/06/24 00:00:00+00,1899/12/30 00:00:00+00,8,REGION BIO BIO,8112,HUALPEN,30,COLISION,30,COLISION,1,URBANA,1,TRAMO DE VIA RECTA,1,IMPRUDENCIA DEL CONDUCTOR,29,CONDUCCION CAMBIAR SORPRESIVAMENTE PISTA CIRCULACION,0,CRISTOBAL COLON,0,LOS ESCRITORES,CRISTOBAL COLON - LOS ESCRITORES,0, , , , ,2,2,2,BIDIRECCIONAL,1,CONCRETO,1,BUENO,3,MOJADO,3,LLUVIA,0,0,0,0,2
-8135894.97941525,-4410864.0322761,3203,13662,1365936,-73.0859881,-36.7971092,175,HUALPEN,1,29645,2021,1365936,REGION BIO BIO,8112,HUALPEN,CRISTOBAL COLON,LOS ESCRITORES,0,"CRISTOBAL COLON & LOS ESCRITORES, HUALPEN",CHILE,GEOMETRIC_CENTER,41008,2021,1365936,1,2021/07/25 00:00:00+00,1899/12/30 00:00:00+00,8,REGION BIO BIO,8112,HUALPEN,30,COLISION,30,COLISION,1,URBANA,11,CRUCE CON SEMAFORO FUNCIONANDO,10,DESOBEDIENCIA A SEÑALIZACION,68,SEÑALIZACION DESOBEDECER LUZ INTERMITENTE SEMAFORO,0,CRISTOBAL COLON,0,LOS ESCRITORES,CRISTOBAL COLON - LOS ESCRITORES,0, , , , ,2,2,3,BIDIRECCIONAL CON BANDEJON,1,CONCRETO,1,BUENO,3,MOJADO,3,LLUVIA,0,0,0,2,0
-8135894.97941525,-4410864.0322761,3204,13663,1366709,-73.0859881,-36.7971092,175,HUALPEN,1,29981,2021,1366709,REGION BIO BIO,8112,HUALPEN,CRISTOBAL COLON,LOS ESCRITORES,0,"CRISTOBAL COLON & LOS ESCRITORES, HUALPEN",CHILE,GEOMETRIC_CENTER,41461,2021,1366709,1,2021/07/27 00:00:00+00,1899/12/30 00:00:00+00,8,REGION BIO BIO,8112,HUALPEN,30,COLISION,30,COLISION,1,URBANA,11,CRUCE CON SEMAFORO FUNCIONANDO,1,IMPRUDENCIA DEL CONDUCTOR,28,CONDUCCION SIN MANTENER DISTANCIA RAZONABLE NI PRUDENTE,0,CRISTOBAL COLON,0,LOS ESCRITORES,CRISTOBAL COLON - LOS ESCRITORES,0, , , , ,2,2,2,BIDIRECCIONAL,1,CONCRETO,1,BUENO,1,SECO,1,DESPEJADO,0,0,0,0,2
-8139074.56463493,-4410859.70884764,3205,13664,1380447,-73.1145508,-36.7970781,175,HUALPEN,1,39699,2021,1380447,REGION BIO BIO,8112,HUALPEN,PASAJE ONCE, ,692,"PASAJE ONCE 692, HUALPEN",CHILE,RANGE_INTERPOLATED,54507,2021,1380447,1,2021/09/19 00:00:00+00,1899/12/30 00:00:00+00,8,REGION BIO BIO,8112,HUALPEN,51,CHOQUE FRONTAL,40,CHOQUE,1,URBANA,1,TRAMO DE VIA RECTA,7,VELOCIDAD IMPRUDENTE,71,VELOCIDAD MAYOR QUE MAXIMA PERMITIDA,0,PASAJE ONCE,0, ,- PASAJE ONCE,692, , , , ,1,1,2,BIDIRECCIONAL,1,CONCRETO,1,BUENO,1,SECO,1,DESPEJADO,0,0,0,0,1
-8143325.66674519,-4410855.91368519,3206,13665,1348170,-73.1527391,-36.7970508,175,HUALPEN,0,16495,2021,1348170,REGION BIO BIO,8101,CONCEPCION,COSTANERA,ZA??ªARTU,0,"COSTANERA & ZA??ªARTU, CONCEPCION",CHILE,GEOMETRIC_CENTER,22766,2021,1348170,1,2021/05/04 00:00:00+00,1899/12/30 00:00:00+00,8,REGION BIO BIO,8101,CONCEPCION,30,COLISION,30,COLISION,1,URBANA,11,CRUCE CON SEMAFORO FUNCIONANDO,1,IMPRUDENCIA DEL CONDUCTOR,28,CONDUCCION SIN MANTENER DISTANCIA RAZONABLE NI PRUDENTE,0,COSTANERA,0,ZAÑARTU,COSTANERA - ZAÑARTU,0, , , , ,3,3,3,BIDIRECCIONAL CON BANDEJON,1,CONCRETO,1,BUENO,1,SECO,1,DESPEJADO,0,0,0,0,2
-8137462.02388715,-4410836.42353162,3207,13666,1369196,-73.1000651,-36.7969106,175,HUALPEN,1,31472,2021,1369196,REGION BIO BIO,8112,HUALPEN,POSTDAM,LA RECONQUISTA,0,"POSTDAM & LA RECONQUISTA, HUALPEN",CHILE,GEOMETRIC_CENTER,43450,2021,1369196,1,2021/08/04 00:00:00+00,1899/12/30 00:00:00+00,8,REGION BIO BIO,8112,HUALPEN,30,COLISION,30,COLISION,1,URBANA,14,CRUCE CON SEÑAL PARE,1,IMPRUDENCIA DEL CONDUCTOR,28,CONDUCCION SIN MANTENER DISTANCIA RAZONABLE NI PRUDENTE,0,POSTDAM,0,LA RECONQUISTA,LA RECONQUISTA - POSTDAM,0, , , , ,1,1,2,BIDIRECCIONAL,1,CONCRETO,1,BUENO,1,SECO,1,DESPEJADO,0,0,0,1,1
-8139296.00136602,-4410821.04830012,3208,13667,1394591,-73.11654,-36.7968,175,HUALPEN,1,49434,2021,1394591,REGION BIO BIO,8112,HUALPEN,LYON, ,994,"LYON 994, HUALPEN",CHILE,RANGE_INTERPOLATED,67365,2021,1394591,1,2021/11/10 00:00:00+00,1899/12/30 00:00:00+00,8,REGION BIO BIO,8112,HUALPEN,50,CHOQUE,40,CHOQUE,1,URBANA,1,TRAMO DE VIA RECTA,1,IMPRUDENCIA DEL CONDUCTOR,28,CONDUCCION SIN MANTENER DISTANCIA RAZONABLE NI PRUDENTE,0,LYON,0, ,- LYON,994, , , , ,2,0,1,UNIDIRECCIONAL,1,CONCRETO,1,BUENO,1,SECO,1,DESPEJADO,0,0,0,0,2
-8137596.65367932,-4410812.053939,3209,13668,1390019,-73.1012745,-36.7967353,175,HUALPEN,0,42466,2021,1390019,REGION BIO BIO,8106,LOTA,NUEVA JERUSALEN,SIRIA,0,"NUEVA JERUSALEN & SIRIA, LOTA",CHILE,GEOMETRIC_CENTER,58180,2021,1390019,1,2021/10/04 00:00:00+00,1899/12/30 00:00:00+00,8,REGION BIO BIO,8106,LOTA,62,CHOQUE FRENTE/LADO,40,CHOQUE,1,URBANA,16,CRUCE SIN SEÑALIZACION,9,PERDIDA CONTROL VEHICULO,95,PERDIDA CONTROL VEHICULO,0,NUEVA JERUSALEN,0,SIRIA,NUEVA JERUSALEN - SIRIA,0, , , , ,1,1,2,BIDIRECCIONAL,2,ASFALTO,1,BUENO,1,SECO,1,DESPEJADO,0,0,0,0,2
-8139050.8090556,-4410806.63230304,3210,13669,1361761,-73.1143374,-36.7966963,175,HUALPEN,1,26033,2021,1361761,REGION BIO BIO,8112,HUALPEN,ANDALUCIA, ,657,"ANDALUCIA 657, HUALPEN",CHILE,RANGE_INTERPOLATED,35926,2021,1361761,1,2021/07/04 00:00:00+00,1899/12/30 00:00:00+00,8,REGION BIO BIO,8112,HUALPEN,30,COLISION,30,COLISION,1,URBANA,15,CRUCE CON SEÑAL CEDA EL PASO,10,DESOBEDIENCIA A SEÑALIZACION,64,SEÑALIZACION DESOBEDECER SEÑAL CEDA EL PASO,0,ANDALUCIA,0, ,- ANDALUCIA,657, , , , ,2,2,2,BIDIRECCIONAL,1,CONCRETO,1,BUENO,1,SECO,1,DESPEJADO,0,0,0,0,2
-8135412.70998529,-4410788.01804061,3211,13670,1336256,-73.0816558,-36.7965624,175,HUALPEN,1,8728,2021,1336256,REGION BIO BIO,8112,HUALPEN,LOS JILGUEROS,ARTEAGA ALEMPARTE,0,"LOS JILGUEROS & ARTEAGA ALEMPARTE, HUALPEN",CHILE,GEOMETRIC_CENTER,12214,2021,1336256,1,2021/03/04 00:00:00+00,1899/12/30 00:00:00+00,8,REGION BIO BIO,8112,HUALPEN,30,COLISION,30,COLISION,1,URBANA,16,CRUCE SIN SEÑALIZACION,1,IMPRUDENCIA DEL CONDUCTOR,11,ADELANTAMIENTO SIN EL ESPACIO O TIEMPO SUFICIENTE,0,LOS JILGUEROS,0,ARTEAGA ALEMPARTE,ARTEAGA ALEMPARTE - LOS JILGUEROS,0, , , , ,1,1,2,BIDIRECCIONAL,1,CONCRETO,1,BUENO,1,SECO,1,DESPEJADO,0,0,0,0,2
-8135286.08406451,-4410774.63080552,3212,13671,1356216,-73.0805183,-36.7964661,175,HUALPEN,1,22584,2021,1356216,REGION BIO BIO,8112,HUALPEN,JORGE ALESSANDRI,ARTEAGA ALEMPARTE,0,"JORGE ALESSANDRI & ARTEAGA ALEMPARTE, HUALPEN",CHILE,GEOMETRIC_CENTER,31104,2021,1356216,1,2021/06/11 00:00:00+00,1899/12/30 00:00:00+00,8,REGION BIO BIO,8112,HUALPEN,32,COLISION LATERAL,30,COLISION,1,URBANA,15,CRUCE CON SEÑAL CEDA EL PASO,1,IMPRUDENCIA DEL CONDUCTOR,28,CONDUCCION SIN MANTENER DISTANCIA RAZONABLE NI PRUDENTE,0,JORGE ALESSANDRI,0,ARTEAGA ALEMPARTE,ARTEAGA ALEMPARTE - JORGE ALESSANDRI,0, , , , ,2,2,3,BIDIRECCIONAL CON BANDEJON,1,CONCRETO,1,BUENO,1,SECO,1,DESPEJADO,0,0,0,0,2
-8135286.08406451,-4410774.63080552,3213,13672,1400334,-73.0805183,-36.7964661,175,HUALPEN,1,53484,2021,1400334,REGION BIO BIO,8112,HUALPEN,JORGE ALESSANDRI,ARTEAGA ALEMPARTE,0,"JORGE ALESSANDRI & ARTEAGA ALEMPARTE, HUALPEN",CHILE,GEOMETRIC_CENTER,72699,2021,1400334,1,2021/12/01 00:00:00+00,1899/12/30 00:00:00+00,8,REGION BIO BIO,8112,HUALPEN,62,CHOQUE FRENTE/LADO,40,CHOQUE,1,URBANA,24,ROTONDA,10,DESOBEDIENCIA A SEÑALIZACION,64,SEÑALIZACION DESOBEDECER SEÑAL CEDA EL PASO,0,JORGE ALESSANDRI,0,ARTEAGA ALEMPARTE,ARTEAGA ALEMPARTE - JORGE ALESSANDRI,0, , , , ,1,1,2,BIDIRECCIONAL,1,CONCRETO,1,BUENO,1,SECO,1,DESPEJADO,0,0,0,0,2
-8135937.3587454,-4410733.89923839,3214,13673,1349129,-73.0863688,-36.7961731,175,HUALPEN,1,17784,2021,1349129,REGION BIO BIO,8112,HUALPEN,LOS CONQUISTADORES,CRISTOBAL COLON,0,"LOS CONQUISTADORES & CRISTOBAL COLON, HUALPEN",CHILE,GEOMETRIC_CENTER,24486,2021,1349129,1,2021/05/12 00:00:00+00,1899/12/30 00:00:00+00,8,REGION BIO BIO,8112,HUALPEN,63,CHOQUE FRENTE/POSTERIOR,40,CHOQUE,1,URBANA,14,CRUCE CON SEÑAL PARE,1,IMPRUDENCIA DEL CONDUCTOR,27,CONDUCCION NO ATENTO CONDICIONES TRANSITO MOMENTO,0,LOS CONQUISTADORES,0,CRISTOBAL COLON,CRISTOBAL COLON - LOS CONQUISTADORES,0, , , , ,2,2,2,BIDIRECCIONAL,1,CONCRETO,1,BUENO,1,SECO,1,DESPEJADO,0,0,0,1,1
-8137622.2126344,-4410725.55832236,3215,13674,1348050,-73.1015041,-36.7961131,175,HUALPEN,1,17211,2021,1348050,REGION BIO BIO,8112,HUALPEN,POSTDAM,ATENAS,0,"POSTDAM & ATENAS, HUALPEN",CHILE,GEOMETRIC_CENTER,23720,2021,1348050,1,2021/05/08 00:00:00+00,1899/12/30 00:00:00+00,8,REGION BIO BIO,8112,HUALPEN,10,ATROPELLO,10,ATROPELLO,1,URBANA,16,CRUCE SIN SEÑALIZACION,1,IMPRUDENCIA DEL CONDUCTOR,31,NO RESPETAR DERECHO PREFERENTE DE PASO A PEATON,0,POSTDAM,0,ATENAS,ATENAS - POSTDAM,0, , , , ,1,1,2,BIDIRECCIONAL,1,CONCRETO,1,BUENO,1,SECO,1,DESPEJADO,0,0,0,1,1
-8137622.2126344,-4410725.55832236,3216,13675,1390098,-73.1015041,-36.7961131,175,HUALPEN,1,46000,2021,1390098,REGION BIO BIO,8112,HUALPEN,POSTDAM,ATENAS,0,"POSTDAM & ATENAS, HUALPEN",CHILE,GEOMETRIC_CENTER,62831,2021,1390098,1,2021/10/23 00:00:00+00,1899/12/30 00:00:00+00,8,REGION BIO BIO,8112,HUALPEN,30,COLISION,30,COLISION,1,URBANA,16,CRUCE SIN SEÑALIZACION,1,IMPRUDENCIA DEL CONDUCTOR,11,ADELANTAMIENTO SIN EL ESPACIO O TIEMPO SUFICIENTE,0,POSTDAM,0,ATENAS,ATENAS - POSTDAM,0, , , , ,1,1,2,BIDIRECCIONAL,1,CONCRETO,1,BUENO,1,SECO,1,DESPEJADO,0,0,0,1,1
-8136501.73743177,-4410697.32437009,3217,13676,1327397,-73.0914387,-36.79591,175,HUALPEN,1,3024,2021,1327397,REGION BIO BIO,8112,HUALPEN,RAMUNTCHO,JAIME EYZAGUIRRE,0,"RAMUNTCHO & JAIME EYZAGUIRRE, HUALPEN",CHILE,GEOMETRIC_CENTER,4163,2021,1327397,1,2021/01/21 00:00:00+00,1899/12/30 00:00:00+00,8,REGION BIO BIO,8112,HUALPEN,30,COLISION,30,COLISION,1,URBANA,16,CRUCE SIN SEÑALIZACION,1,IMPRUDENCIA DEL CONDUCTOR,27,CONDUCCION NO ATENTO CONDICIONES TRANSITO MOMENTO,0,RAMUNTCHO,0,JAIME EYZAGUIRRE,JAIME EYZAGUIRRE - RAMUNTCHO,0, , , , ,1,1,2,BIDIRECCIONAL,1,CONCRETO,1,BUENO,1,SECO,1,DESPEJADO,0,0,0,0,2
-8137392.15977473,-4410684.22917983,3218,13677,1362259,-73.0994375,-36.7958158,175,HUALPEN,1,27252,2021,1362259,REGION BIO BIO,8112,HUALPEN,BREMEN, ,875,"BREMEN 875, HUALPEN",CHILE,RANGE_INTERPOLATED,37580,2021,1362259,1,2021/07/11 00:00:00+00,1899/12/30 00:00:00+00,8,REGION BIO BIO,8112,HUALPEN,33,COLISION POR ALCANCE,30,COLISION,1,URBANA,1,TRAMO DE VIA RECTA,1,IMPRUDENCIA DEL CONDUCTOR,32,NO RESPETAR DERECHO PREFERENTE DE PASO A VEHICULO,0,BREMEN,0, ,- BREMEN,875, , , , ,1,1,2,BIDIRECCIONAL,1,CONCRETO,1,BUENO,1,SECO,1,DESPEJADO,0,0,0,1,1
-8139285.67091727,-4410680.04483899,3219,13678,1327317,-73.1164472,-36.7957857,175,HUALPEN,1,2609,2021,1327317,REGION BIO BIO,8112,HUALPEN,TOULOUSE,AMSTERDAM,0,"TOULOUSE & AMSTERDAM, HUALPEN",CHILE,GEOMETRIC_CENTER,3587,2021,1327317,1,2021/01/18 00:00:00+00,1899/12/30 00:00:00+00,8,REGION BIO BIO,8112,HUALPEN,10,ATROPELLO,10,ATROPELLO,1,URBANA,1,TRAMO DE VIA RECTA,4,ALCOHOL EN CONDUCTOR,21,CONDUCCION BAJO LA INFLUENCIA DEL ALCOHOL,0,TOULOUSE,0,AMSTERDAM,AMSTERDAM - TOULOUSE,0, , , , ,1,1,2,BIDIRECCIONAL,1,CONCRETO,1,BUENO,1,SECO,1,DESPEJADO,0,0,0,1,1
-8137991.57070485,-4410676.97261636,3220,13679,1361778,-73.1048221,-36.7957636,175,HUALPEN,1,25953,2021,1361778,REGION BIO BIO,8112,HUALPEN,SAJONIA,ROSTOCK,0,"SAJONIA & ROSTOCK, HUALPEN",CHILE,GEOMETRIC_CENTER,35819,2021,1361778,1,2021/07/04 00:00:00+00,1899/12/30 00:00:00+00,8,REGION BIO BIO,8112,HUALPEN,50,CHOQUE,40,CHOQUE,1,URBANA,1,TRAMO DE VIA RECTA,1,IMPRUDENCIA DEL CONDUCTOR,27,CONDUCCION NO ATENTO CONDICIONES TRANSITO MOMENTO,0,SAJONIA,0,ROSTOCK,ROSTOCK - SAJONIA,0, , , , ,1,1,2,BIDIRECCIONAL,1,CONCRETO,1,BUENO,2,HUMEDO,5,NEBLINA,0,0,0,0,2
-8137370.92001588,-4410673.92819753,3221,13680,1379480,-73.0992467,-36.7957417,175,HUALPEN,1,38718,2021,1379480,REGION BIO BIO,8112,HUALPEN,LA RECONQUISTA,BREMEN,0,"LA RECONQUISTA & BREMEN, HUALPEN",CHILE,GEOMETRIC_CENTER,53194,2021,1379480,1,2021/09/13 00:00:00+00,1899/12/30 00:00:00+00,8,REGION BIO BIO,8112,HUALPEN,30,COLISION,30,COLISION,1,URBANA,24,ROTONDA,4,ALCOHOL EN CONDUCTOR,24,CONDUCCION EN ESTADO DE EBRIEDAD,0,LA RECONQUISTA,0,BREMEN,BREMEN - LA RECONQUISTA,0, , , , ,1,1,2,BIDIRECCIONAL,1,CONCRETO,1,BUENO,1,SECO,1,DESPEJADO,0,0,0,0,2
-8137370.92001588,-4410673.92819753,3222,13681,1379537,-73.0992467,-36.7957417,175,HUALPEN,1,38786,2021,1379537,REGION BIO BIO,8112,HUALPEN,BREMEN,LA RECONQUISTA,0,"BREMEN & LA RECONQUISTA, HUALPEN",CHILE,GEOMETRIC_CENTER,53282,2021,1379537,1,2021/09/14 00:00:00+00,1899/12/30 00:00:00+00,8,REGION BIO BIO,8112,HUALPEN,30,COLISION,30,COLISION,1,URBANA,24,ROTONDA,10,DESOBEDIENCIA A SEÑALIZACION,64,SEÑALIZACION DESOBEDECER SEÑAL CEDA EL PASO,0,BREMEN,0,LA RECONQUISTA,BREMEN - LA RECONQUISTA,0, , , , ,2,2,3,BIDIRECCIONAL CON BANDEJON,1,CONCRETO,1,BUENO,1,SECO,1,DESPEJADO,0,0,0,0,2
-8137784.49418808,-4410643.40064859,3223,13682,1390110,-73.1029619,-36.7955221,175,HUALPEN,1,45999,2021,1390110,REGION BIO BIO,8112,HUALPEN,POSTDAM, ,1147,"POSTDAM 1147, HUALPEN",CHILE,RANGE_INTERPOLATED,62830,2021,1390110,1,2021/10/23 00:00:00+00,1899/12/30 00:00:00+00,8,REGION BIO BIO,8112,HUALPEN,30,COLISION,30,COLISION,1,URBANA,1,TRAMO DE VIA RECTA,1,IMPRUDENCIA DEL CONDUCTOR,27,CONDUCCION NO ATENTO CONDICIONES TRANSITO MOMENTO,0,POSTDAM,0, ,- POSTDAM,1147, , , , ,1,1,2,BIDIRECCIONAL,1,CONCRETO,1,BUENO,1,SECO,1,DESPEJADO,0,1,0,1,0