X,Y,FID,FID_1,LABELID,POINT_X,POINT_Y,FID_2,COMUNAREAL,VAL_COM,OBJECTID,A_O,IDACCIDENT,REGION,COD_COMUN,COMUNA,CALLE_UNO,CALLE_DOS,NUMERO,DIR_GEOCOD,PAIS,TIPO,OBJECTID_1,Año,Idaccide_1,Claseaccid,Fecha,Hora,Cód_Regi,Región,Cód_Comun,Comuna_1,Cód_Tipo_,Tipo_Accid,Cód_Tipo1,Tipo__CONA,Cód_Zona,Zona,Cód_Ubica,Ubicación,Cód_Causa,Causa__CON,Cód_Cau_1,Causa,Cód_Calle,Calle_Un_1,Cód_Cal_1,Calle_Do_1,Intersecci,Número,Ruta,Cód_Ruta,Ubicaci_1,Km_Vía_Fe,Pistas_de_,Pistas_de1,Cód_Calza,Calzada,Cód__Tipo,Tipo_Calza,Cód_Estad,Estado_Cal,Cód_Condi,Condición,Cód_Est_1,Estado_Atm,Fallecidos,Graves,Menos_Grav,Leves,Ilesos
-8138263.32384578,-4410639.88359143,3224,13683,1348039,-73.1072633,-36.7954968,175,HUALPEN,1,17192,2021,1348039,REGION BIO BIO,8112,HUALPEN,GRAN BRETA??ªA, ,4131,"GRAN BRETA??ªA 4131, HUALPEN",CHILE,RANGE_INTERPOLATED,23691,2021,1348039,1,2021/05/08 00:00:00+00,1899/12/30 00:00:00+00,8,REGION BIO BIO,8112,HUALPEN,30,COLISION,30,COLISION,1,URBANA,1,TRAMO DE VIA RECTA,1,IMPRUDENCIA DEL CONDUCTOR,27,CONDUCCION NO ATENTO CONDICIONES TRANSITO MOMENTO,0,GRAN BRETAÑA,0, ,- GRAN BRETAÑA,4131, , , , ,2,2,2,BIDIRECCIONAL,1,CONCRETO,1,BUENO,1,SECO,1,DESPEJADO,0,0,0,2,2
-8137271.37812722,-4410593.10545146,3225,13684,1346675,-73.0983525,-36.7951603,175,HUALPEN,1,16052,2021,1346675,REGION BIO BIO,8112,HUALPEN,QUILLON,LA RECONQUISTA,0,"QUILLON & LA RECONQUISTA, HUALPEN",CHILE,GEOMETRIC_CENTER,22084,2021,1346675,1,2021/04/30 00:00:00+00,1899/12/30 00:00:00+00,8,REGION BIO BIO,8112,HUALPEN,30,COLISION,30,COLISION,1,URBANA,16,CRUCE SIN SEÑALIZACION,1,IMPRUDENCIA DEL CONDUCTOR,31,NO RESPETAR DERECHO PREFERENTE DE PASO A PEATON,0,QUILLON,0,LA RECONQUISTA,LA RECONQUISTA - QUILLON,0, , , , ,2,2,3,BIDIRECCIONAL CON BANDEJON,1,CONCRETO,1,BUENO,1,SECO,1,DESPEJADO,0,0,0,1,2
-8137522.69300963,-4410572.6148837,3226,13685,1369192,-73.1006101,-36.7950129,175,HUALPEN,1,31462,2021,1369192,REGION BIO BIO,8112,HUALPEN,BREMEN,ATENAS,0,"BREMEN & ATENAS, HUALPEN",CHILE,GEOMETRIC_CENTER,43439,2021,1369192,1,2021/08/04 00:00:00+00,1899/12/30 00:00:00+00,8,REGION BIO BIO,8112,HUALPEN,20,CAIDA,20,CAIDA,1,URBANA,16,CRUCE SIN SEÑALIZACION,3,IMPRUDENCIA DEL PASAJERO,41,PASAJERO SUBE O DESCIENDE DE VEHICULO MOVIMIENTO,0,BREMEN,0,ATENAS,ATENAS - BREMEN,0, , , , ,1,1,2,BIDIRECCIONAL,1,CONCRETO,1,BUENO,1,SECO,1,DESPEJADO,0,0,0,1,2
-8137643.66390028,-4410519.7343876,3227,13686,1330332,-73.1016968,-36.7946325,175,HUALPEN,1,5037,2021,1330332,REGION BIO BIO,8112,HUALPEN,BREMEN, ,1125,"BREMEN 1125, HUALPEN",CHILE,RANGE_INTERPOLATED,7036,2021,1330332,1,2021/02/06 00:00:00+00,1899/12/30 00:00:00+00,8,REGION BIO BIO,8112,HUALPEN,51,CHOQUE FRONTAL,40,CHOQUE,1,URBANA,1,TRAMO DE VIA RECTA,9,PERDIDA CONTROL VEHICULO,95,PERDIDA CONTROL VEHICULO,0,BREMEN,0, ,- BREMEN,1125, , , , ,1,1,2,BIDIRECCIONAL,1,CONCRETO,1,BUENO,1,SECO,2,NUBLADO,0,0,0,0,1
-8138903.88959165,-4410509.01652726,3228,13687,1395713,-73.1130176,-36.7945554,175,HUALPEN,1,50036,2021,1395713,REGION BIO BIO,8112,HUALPEN,SAN GREGORIO,ARAGON,0,"SAN GREGORIO & ARAGON, HUALPEN",CHILE,GEOMETRIC_CENTER,68140,2021,1395713,1,2021/11/13 00:00:00+00,1899/12/30 00:00:00+00,8,REGION BIO BIO,8112,HUALPEN,50,CHOQUE,40,CHOQUE,1,URBANA,15,CRUCE CON SEÑAL CEDA EL PASO,1,IMPRUDENCIA DEL CONDUCTOR,27,CONDUCCION NO ATENTO CONDICIONES TRANSITO MOMENTO,0,SAN GREGORIO,0,ARAGON,ARAGON - SAN GREGORIO,0, , , , ,2,2,3,BIDIRECCIONAL CON BANDEJON,1,CONCRETO,1,BUENO,1,SECO,1,DESPEJADO,0,0,0,1,1
-8138699.55153435,-4410482.13156577,3229,13688,1397661,-73.111182,-36.794362,175,HUALPEN,1,52092,2021,1397661,REGION BIO BIO,8112,HUALPEN,PASAJE DIECIOCHO,PASAJE NUEVE,0,"PASAJE DIECIOCHO & PASAJE NUEVE, HUALPEN",CHILE,GEOMETRIC_CENTER,70834,2021,1397661,1,2021/11/23 00:00:00+00,1899/12/30 00:00:00+00,8,REGION BIO BIO,8112,HUALPEN,30,COLISION,30,COLISION,1,URBANA,16,CRUCE SIN SEÑALIZACION,1,IMPRUDENCIA DEL CONDUCTOR,32,NO RESPETAR DERECHO PREFERENTE DE PASO A VEHICULO,0,PASAJE DIECIOCHO,0,PASAJE NUEVE,PASAJE DIECIOCHO - PASAJE NUEVE,0, , , , ,1,1,2,BIDIRECCIONAL,1,CONCRETO,1,BUENO,1,SECO,1,DESPEJADO,0,0,0,2,2
-8135376.23058815,-4410477.69708278,3230,13689,1408047,-73.0813281,-36.7943301,175,HUALPEN,1,58805,2021,1408047,REGION BIO BIO,8112,HUALPEN,LOS ZORZALEZ, ,8174,"LOS ZORZALEZ 8174, HUALPEN",CHILE,RANGE_INTERPOLATED,79916,2021,1408047,1,2021/12/28 00:00:00+00,1899/12/30 00:00:00+00,8,REGION BIO BIO,8112,HUALPEN,63,CHOQUE FRENTE/POSTERIOR,40,CHOQUE,1,URBANA,1,TRAMO DE VIA RECTA,1,IMPRUDENCIA DEL CONDUCTOR,27,CONDUCCION NO ATENTO CONDICIONES TRANSITO MOMENTO,0,LOS ZORZALEZ,0, ,- LOS ZORZALEZ,8174, , , , ,1,1,2,BIDIRECCIONAL,1,CONCRETO,1,BUENO,1,SECO,1,DESPEJADO,0,0,0,0,2
-8138584.03529875,-4410457.62377222,3231,13690,1405274,-73.1101443,-36.7941857,175,HUALPEN,1,56936,2021,1405274,REGION BIO BIO,8112,HUALPEN,AVENIDA UNO,PASAJE OCHO,0,"AVENIDA UNO & PASAJE OCHO, HUALPEN",CHILE,GEOMETRIC_CENTER,77345,2021,1405274,1,2021/12/18 00:00:00+00,1899/12/30 00:00:00+00,8,REGION BIO BIO,8112,HUALPEN,70,VOLCADURA,70,VOLCADURA,1,URBANA,16,CRUCE SIN SEÑALIZACION,7,VELOCIDAD IMPRUDENTE,71,VELOCIDAD MAYOR QUE MAXIMA PERMITIDA,0,AVENIDA UNO,0,PASAJE OCHO,AVENIDA UNO - PASAJE OCHO,0, , , , ,1,1,2,BIDIRECCIONAL,1,CONCRETO,1,BUENO,1,SECO,1,DESPEJADO,0,0,0,1,0
-8138522.14166187,-4410456.20585282,3232,13691,1361834,-73.1095883,-36.7941755,175,HUALPEN,1,26434,2021,1361834,REGION BIO BIO,8112,HUALPEN,POSTDAM,CALLE DOS,0,"POSTDAM & CALLE DOS, HUALPEN",CHILE,GEOMETRIC_CENTER,36461,2021,1361834,1,2021/07/06 00:00:00+00,1899/12/30 00:00:00+00,8,REGION BIO BIO,8112,HUALPEN,50,CHOQUE,40,CHOQUE,1,URBANA,1,TRAMO DE VIA RECTA,9,PERDIDA CONTROL VEHICULO,95,PERDIDA CONTROL VEHICULO,0,POSTDAM,0,CALLE DOS,CALLE DOS - POSTDAM,0, , , , ,2,2,2,BIDIRECCIONAL,1,CONCRETO,1,BUENO,2,HUMEDO,2,NUBLADO,0,0,0,0,1
-8138522.14166187,-4410456.20585282,3233,13692,1390982,-73.1095883,-36.7941755,175,HUALPEN,1,46672,2021,1390982,REGION BIO BIO,8112,HUALPEN,AVENIDA UNO,CALLE DOS,0,"AVENIDA UNO & CALLE DOS, HUALPEN",CHILE,GEOMETRIC_CENTER,63709,2021,1390982,1,2021/10/27 00:00:00+00,1899/12/30 00:00:00+00,8,REGION BIO BIO,8112,HUALPEN,30,COLISION,30,COLISION,1,URBANA,16,CRUCE SIN SEÑALIZACION,1,IMPRUDENCIA DEL CONDUCTOR,28,CONDUCCION SIN MANTENER DISTANCIA RAZONABLE NI PRUDENTE,0,AVENIDA UNO,0,CALLE DOS,AVENIDA UNO - CALLE DOS,0, , , , ,2,2,3,BIDIRECCIONAL CON BANDEJON,1,CONCRETO,1,BUENO,1,SECO,1,DESPEJADO,0,0,0,2,2
-8137716.62269454,-4410450.84000269,3234,13693,1397254,-73.1023522,-36.7941369,175,HUALPEN,1,51912,2021,1397254,REGION BIO BIO,8112,HUALPEN,BREMEN,FRANKFORT,0,"BREMEN & FRANKFORT, HUALPEN",CHILE,GEOMETRIC_CENTER,70601,2021,1397254,1,2021/11/22 00:00:00+00,1899/12/30 00:00:00+00,8,REGION BIO BIO,8112,HUALPEN,30,COLISION,30,COLISION,1,URBANA,16,CRUCE SIN SEÑALIZACION,1,IMPRUDENCIA DEL CONDUCTOR,15,"ADELANTAMIENTO EN CRUCE, CURVA, CUESTA, PUENTE",0,BREMEN,0,FRANKFORT,BREMEN - FRANKFORT,0, , , , ,1,1,2,BIDIRECCIONAL,1,CONCRETO,1,BUENO,1,SECO,1,DESPEJADO,0,0,0,0,2
-8138063.47196396,-4410446.62795124,3235,13694,1365759,-73.105468,-36.7941066,175,HUALPEN,1,29171,2021,1365759,REGION BIO BIO,8112,HUALPEN,ALEMANIA,POSTDAM,0,"ALEMANIA & POSTDAM, HUALPEN",CHILE,GEOMETRIC_CENTER,40329,2021,1365759,1,2021/07/22 00:00:00+00,1899/12/30 00:00:00+00,8,REGION BIO BIO,8112,HUALPEN,10,ATROPELLO,10,ATROPELLO,1,URBANA,15,CRUCE CON SEÑAL CEDA EL PASO,1,IMPRUDENCIA DEL CONDUCTOR,31,NO RESPETAR DERECHO PREFERENTE DE PASO A PEATON,0,ALEMANIA,0,POSTDAM,ALEMANIA - POSTDAM,0, , , , ,1,1,2,BIDIRECCIONAL,1,CONCRETO,1,BUENO,1,SECO,2,NUBLADO,0,0,0,1,0
-8138063.47196396,-4410446.62795124,3236,13695,1365814,-73.105468,-36.7941066,175,HUALPEN,1,29356,2021,1365814,REGION BIO BIO,8112,HUALPEN,ALEMANIA,POSTDAM,0,"ALEMANIA & POSTDAM, HUALPEN",CHILE,GEOMETRIC_CENTER,40581,2021,1365814,1,2021/07/23 00:00:00+00,1899/12/30 00:00:00+00,8,REGION BIO BIO,8112,HUALPEN,30,COLISION,30,COLISION,1,URBANA,15,CRUCE CON SEÑAL CEDA EL PASO,10,DESOBEDIENCIA A SEÑALIZACION,64,SEÑALIZACION DESOBEDECER SEÑAL CEDA EL PASO,0,ALEMANIA,0,POSTDAM,ALEMANIA - POSTDAM,0, , , , ,1,1,2,BIDIRECCIONAL,1,CONCRETO,1,BUENO,1,SECO,1,DESPEJADO,0,1,0,0,1
-8138333.61097226,-4410443.34727866,3237,13696,1385146,-73.1078947,-36.794083,175,HUALPEN,1,42717,2021,1385146,REGION BIO BIO,8112,HUALPEN,GRAN BRETA??ªA, ,4121,"GRAN BRETA??ªA 4121, HUALPEN",CHILE,RANGE_INTERPOLATED,58488,2021,1385146,1,2021/10/05 00:00:00+00,1899/12/30 00:00:00+00,8,REGION BIO BIO,8112,HUALPEN,50,CHOQUE,40,CHOQUE,1,URBANA,1,TRAMO DE VIA RECTA,1,IMPRUDENCIA DEL CONDUCTOR,93,CONDUCIR VEHICULO EN RETROCESO,0,GRAN BRETAÑA,0, ,- GRAN BRETAÑA,4121, , , , ,1,1,2,BIDIRECCIONAL,1,CONCRETO,1,BUENO,1,SECO,1,DESPEJADO,0,0,0,0,1
-8135559.58492144,-4410405.53621001,3238,13697,1383106,-73.0829752,-36.793811,175,HUALPEN,1,41491,2021,1383106,REGION BIO BIO,8112,HUALPEN,ARTEAGA ALEMPARTE, ,8147,"ARTEAGA ALEMPARTE 8147, HUALPEN",CHILE,RANGE_INTERPOLATED,56867,2021,1383106,1,2021/09/29 00:00:00+00,1899/12/30 00:00:00+00,8,REGION BIO BIO,8112,HUALPEN,30,COLISION,30,COLISION,1,URBANA,1,TRAMO DE VIA RECTA,1,IMPRUDENCIA DEL CONDUCTOR,27,CONDUCCION NO ATENTO CONDICIONES TRANSITO MOMENTO,0,ARTEAGA ALEMPARTE,0, ,- ARTEAGA ALEMPARTE,8147, , , , ,1,1,2,BIDIRECCIONAL,1,CONCRETO,1,BUENO,1,SECO,1,DESPEJADO,0,0,0,1,1
-8138342.68351076,-4410405.36939677,3239,13698,1355387,-73.1079762,-36.7938098,175,HUALPEN,1,22247,2021,1355387,REGION BIO BIO,8112,HUALPEN,GRAN BRETA??ªA,POSTDAM,0,"GRAN BRETA??ªA & POSTDAM, HUALPEN",CHILE,GEOMETRIC_CENTER,30658,2021,1355387,1,2021/06/09 00:00:00+00,1899/12/30 00:00:00+00,8,REGION BIO BIO,8112,HUALPEN,50,CHOQUE,40,CHOQUE,1,URBANA,11,CRUCE CON SEMAFORO FUNCIONANDO,1,IMPRUDENCIA DEL CONDUCTOR,28,CONDUCCION SIN MANTENER DISTANCIA RAZONABLE NI PRUDENTE,0,GRAN BRETAÑA,0,POSTDAM,GRAN BRETAÑA - POSTDAM,0, , , , ,1,1,2,BIDIRECCIONAL,1,CONCRETO,1,BUENO,3,MOJADO,3,LLUVIA,0,0,0,0,1
-8138342.68351076,-4410405.36939677,3240,13699,1359453,-73.1079762,-36.7938098,175,HUALPEN,1,24729,2021,1359453,REGION BIO BIO,8112,HUALPEN,GRAN BRETA??ªA,POSTDAM,0,"GRAN BRETA??ªA & POSTDAM, HUALPEN",CHILE,GEOMETRIC_CENTER,34087,2021,1359453,1,2021/06/25 00:00:00+00,1899/12/30 00:00:00+00,8,REGION BIO BIO,8112,HUALPEN,50,CHOQUE,40,CHOQUE,1,URBANA,11,CRUCE CON SEMAFORO FUNCIONANDO,4,ALCOHOL EN CONDUCTOR,24,CONDUCCION EN ESTADO DE EBRIEDAD,0,GRAN BRETAÑA,0,POSTDAM,GRAN BRETAÑA - POSTDAM,0, , , , ,1,1,2,BIDIRECCIONAL,1,CONCRETO,1,BUENO,1,SECO,2,NUBLADO,0,0,0,1,2
-8138342.68351076,-4410405.36939677,3241,13700,1393226,-73.1079762,-36.7938098,175,HUALPEN,1,48749,2021,1393226,REGION BIO BIO,8112,HUALPEN,GRAN BRETA??ªA,POSTDAM,0,"GRAN BRETA??ªA & POSTDAM, HUALPEN",CHILE,GEOMETRIC_CENTER,66459,2021,1393226,1,2021/11/07 00:00:00+00,1899/12/30 00:00:00+00,8,REGION BIO BIO,8112,HUALPEN,30,COLISION,30,COLISION,1,URBANA,11,CRUCE CON SEMAFORO FUNCIONANDO,4,ALCOHOL EN CONDUCTOR,24,CONDUCCION EN ESTADO DE EBRIEDAD,0,GRAN BRETAÑA,0,POSTDAM,GRAN BRETAÑA - POSTDAM,0, , , , ,1,1,2,BIDIRECCIONAL,1,CONCRETO,1,BUENO,1,SECO,1,DESPEJADO,0,0,0,0,2
-8138342.68351076,-4410405.36939677,3242,13701,1395813,-73.1079762,-36.7938098,175,HUALPEN,1,50556,2021,1395813,REGION BIO BIO,8112,HUALPEN,GRAN BRETA??ªA,POSTDAM,0,"GRAN BRETA??ªA & POSTDAM, HUALPEN",CHILE,GEOMETRIC_CENTER,68841,2021,1395813,1,2021/11/15 00:00:00+00,1899/12/30 00:00:00+00,8,REGION BIO BIO,8112,HUALPEN,30,COLISION,30,COLISION,1,URBANA,11,CRUCE CON SEMAFORO FUNCIONANDO,1,IMPRUDENCIA DEL CONDUCTOR,32,NO RESPETAR DERECHO PREFERENTE DE PASO A VEHICULO,0,GRAN BRETAÑA,0,POSTDAM,GRAN BRETAÑA - POSTDAM,0, , , , ,1,1,2,BIDIRECCIONAL,1,CONCRETO,1,BUENO,1,SECO,1,DESPEJADO,0,1,0,0,1
-8139511.07062223,-4410396.22247473,3243,13702,1376539,-73.118472,-36.793744,175,HUALPEN,1,37140,2021,1376539,REGION BIO BIO,8112,HUALPEN,COSTANERA, ,2387,"COSTANERA 2387, HUALPEN",CHILE,RANGE_INTERPOLATED,51071,2021,1376539,1,2021/09/05 00:00:00+00,1899/12/30 00:00:00+00,8,REGION BIO BIO,8112,HUALPEN,70,VOLCADURA,70,VOLCADURA,1,URBANA,1,TRAMO DE VIA RECTA,4,ALCOHOL EN CONDUCTOR,21,CONDUCCION BAJO LA INFLUENCIA DEL ALCOHOL,0,COSTANERA,0, ,- COSTANERA,2387, , , , ,2,2,3,BIDIRECCIONAL CON BANDEJON,1,CONCRETO,1,BUENO,2,HUMEDO,1,DESPEJADO,0,0,0,0,1
-8136700.79894521,-4410395.23549729,3244,13703,1363196,-73.0932269,-36.7937369,175,HUALPEN,1,27241,2021,1363196,REGION BIO BIO,8112,HUALPEN,MAFIL, ,449,"MAFIL 449, HUALPEN",CHILE,RANGE_INTERPOLATED,37554,2021,1363196,1,2021/07/11 00:00:00+00,1899/12/30 00:00:00+00,8,REGION BIO BIO,8112,HUALPEN,50,CHOQUE,40,CHOQUE,1,URBANA,1,TRAMO DE VIA RECTA,4,ALCOHOL EN CONDUCTOR,24,CONDUCCION EN ESTADO DE EBRIEDAD,0,MAFIL,0, ,- MAFIL,449, , , , ,1,1,2,BIDIRECCIONAL,1,CONCRETO,1,BUENO,1,SECO,1,DESPEJADO,0,0,0,0,1
-8137006.248496,-4410392.05214815,3245,13704,1347327,-73.0959708,-36.793714,175,HUALPEN,1,16430,2021,1347327,REGION BIO BIO,8112,HUALPEN,LA RECONQUISTA,TOSCANIA,0,"LA RECONQUISTA & TOSCANIA, HUALPEN",CHILE,GEOMETRIC_CENTER,22664,2021,1347327,1,2021/05/03 00:00:00+00,1899/12/30 00:00:00+00,8,REGION BIO BIO,8112,HUALPEN,30,COLISION,30,COLISION,1,URBANA,16,CRUCE SIN SEÑALIZACION,1,IMPRUDENCIA DEL CONDUCTOR,28,CONDUCCION SIN MANTENER DISTANCIA RAZONABLE NI PRUDENTE,0,LA RECONQUISTA,0,TOSCANIA,LA RECONQUISTA - TOSCANIA,0, , , , ,1,1,2,BIDIRECCIONAL,1,CONCRETO,1,BUENO,1,SECO,1,DESPEJADO,0,0,0,0,2
-8135988.86627379,-4410391.39879713,3246,13705,1336351,-73.0868315,-36.7937093,175,HUALPEN,1,8989,2021,1336351,REGION BIO BIO,8112,HUALPEN,CRISTOBAL COLON,MAFIL,0,"CRISTOBAL COLON & MAFIL, HUALPEN",CHILE,GEOMETRIC_CENTER,12561,2021,1336351,1,2021/03/05 00:00:00+00,1899/12/30 00:00:00+00,8,REGION BIO BIO,8112,HUALPEN,30,COLISION,30,COLISION,1,URBANA,16,CRUCE SIN SEÑALIZACION,1,IMPRUDENCIA DEL CONDUCTOR,27,CONDUCCION NO ATENTO CONDICIONES TRANSITO MOMENTO,0,CRISTOBAL COLON,0,MAFIL,CRISTOBAL COLON - MAFIL,0, , , , ,2,2,2,BIDIRECCIONAL,1,CONCRETO,1,BUENO,1,SECO,1,DESPEJADO,0,0,0,1,1
-8135988.86627379,-4410391.39879713,3247,13706,1402925,-73.0868315,-36.7937093,175,HUALPEN,1,55590,2021,1402925,REGION BIO BIO,8112,HUALPEN,CRISTOBAL COLON,MAFIL,0,"CRISTOBAL COLON & MAFIL, HUALPEN",CHILE,GEOMETRIC_CENTER,75538,2021,1402925,1,2021/12/11 00:00:00+00,1899/12/30 00:00:00+00,8,REGION BIO BIO,8112,HUALPEN,63,CHOQUE FRENTE/POSTERIOR,40,CHOQUE,1,URBANA,16,CRUCE SIN SEÑALIZACION,1,IMPRUDENCIA DEL CONDUCTOR,27,CONDUCCION NO ATENTO CONDICIONES TRANSITO MOMENTO,0,CRISTOBAL COLON,0,MAFIL,CRISTOBAL COLON - MAFIL,0, , , , ,2,2,2,BIDIRECCIONAL,1,CONCRETO,1,BUENO,1,SECO,1,DESPEJADO,0,0,0,2,1
-8138358.66898964,-4410341.16039427,3248,13707,1342738,-73.1081198,-36.7933479,175,HUALPEN,1,13333,2021,1342738,REGION BIO BIO,8112,HUALPEN,GRAN BRETA??ªA, ,3981,"GRAN BRETA??ªA 3981, HUALPEN",CHILE,RANGE_INTERPOLATED,18423,2021,1342738,1,2021/04/08 00:00:00+00,1899/12/30 00:00:00+00,8,REGION BIO BIO,8112,HUALPEN,30,COLISION,30,COLISION,1,URBANA,1,TRAMO DE VIA RECTA,9,PERDIDA CONTROL VEHICULO,95,PERDIDA CONTROL VEHICULO,0,GRAN BRETAÑA,0, ,- GRAN BRETAÑA,3981, , , , ,1,1,2,BIDIRECCIONAL,1,CONCRETO,1,BUENO,1,SECO,1,DESPEJADO,0,0,0,0,2
-8135999.11879889,-4410335.83630515,3249,13708,1391481,-73.0869236,-36.7933096,175,HUALPEN,1,47438,2021,1391481,REGION BIO BIO,8112,HUALPEN,CRISTOBAL COLON,LAS GOLONDRINAS,0,"CRISTOBAL COLON & LAS GOLONDRINAS, HUALPEN",CHILE,GEOMETRIC_CENTER,64711,2021,1391481,1,2021/10/31 00:00:00+00,1899/12/30 00:00:00+00,8,REGION BIO BIO,8112,HUALPEN,30,COLISION,30,COLISION,1,URBANA,15,CRUCE CON SEÑAL CEDA EL PASO,10,DESOBEDIENCIA A SEÑALIZACION,64,SEÑALIZACION DESOBEDECER SEÑAL CEDA EL PASO,0,CRISTOBAL COLON,0,LAS GOLONDRINAS,CRISTOBAL COLON - LAS GOLONDRINAS,0, , , , ,2,2,3,BIDIRECCIONAL CON BANDEJON,1,CONCRETO,1,BUENO,1,SECO,1,DESPEJADO,0,0,0,4,1
-8138636.98998052,-4410323.21419326,3250,13709,1344085,-73.11062,-36.7932188,175,HUALPEN,1,14142,2021,1344085,REGION BIO BIO,8112,HUALPEN,PASAJE VEINTE,PASAJE DIEZ,0,"PASAJE VEINTE & PASAJE DIEZ, HUALPEN",CHILE,GEOMETRIC_CENTER,19524,2021,1344085,1,2021/04/16 00:00:00+00,1899/12/30 00:00:00+00,8,REGION BIO BIO,8112,HUALPEN,30,COLISION,30,COLISION,1,URBANA,16,CRUCE SIN SEÑALIZACION,1,IMPRUDENCIA DEL CONDUCTOR,31,NO RESPETAR DERECHO PREFERENTE DE PASO A PEATON,0,PASAJE VEINTE,0,PASAJE DIEZ,PASAJE DIEZ - PASAJE VEINTE,0, , , , ,1,1,2,BIDIRECCIONAL,1,CONCRETO,1,BUENO,1,SECO,1,DESPEJADO,0,0,0,2,0
-8136930.21728378,-4410297.88660859,3251,13710,1359419,-73.0952878,-36.7930366,175,HUALPEN,1,24706,2021,1359419,REGION BIO BIO,8112,HUALPEN,CORRAL,LA RECONQUISTA,0,"CORRAL & LA RECONQUISTA, HUALPEN",CHILE,GEOMETRIC_CENTER,34058,2021,1359419,1,2021/06/25 00:00:00+00,1899/12/30 00:00:00+00,8,REGION BIO BIO,8112,HUALPEN,30,COLISION,30,COLISION,1,URBANA,24,ROTONDA,1,IMPRUDENCIA DEL CONDUCTOR,27,CONDUCCION NO ATENTO CONDICIONES TRANSITO MOMENTO,0,CORRAL,0,LA RECONQUISTA,CORRAL - LA RECONQUISTA,0, , , , ,1,1,2,BIDIRECCIONAL,1,CONCRETO,1,BUENO,1,SECO,1,DESPEJADO,0,0,0,1,2
-8136930.21728378,-4410297.88660859,3252,13711,1379501,-73.0952878,-36.7930366,175,HUALPEN,1,38846,2021,1379501,REGION BIO BIO,8112,HUALPEN,LA RECONQUISTA,CORRAL,0,"LA RECONQUISTA & CORRAL, HUALPEN",CHILE,GEOMETRIC_CENTER,53354,2021,1379501,1,2021/09/14 00:00:00+00,1899/12/30 00:00:00+00,8,REGION BIO BIO,8112,HUALPEN,30,COLISION,30,COLISION,1,URBANA,24,ROTONDA,10,DESOBEDIENCIA A SEÑALIZACION,64,SEÑALIZACION DESOBEDECER SEÑAL CEDA EL PASO,0,LA RECONQUISTA,0,CORRAL,CORRAL - LA RECONQUISTA,0, , , , ,2,2,2,BIDIRECCIONAL,1,CONCRETO,1,BUENO,1,SECO,1,DESPEJADO,0,0,0,0,1
-8137962.66103309,-4410292.39572963,3253,13712,1367392,-73.1045624,-36.7929971,175,HUALPEN,1,30489,2021,1367392,REGION BIO BIO,8112,HUALPEN,ALEMANIA,BREMEN,0,"ALEMANIA & BREMEN, HUALPEN",CHILE,GEOMETRIC_CENTER,42127,2021,1367392,1,2021/07/30 00:00:00+00,1899/12/30 00:00:00+00,8,REGION BIO BIO,8112,HUALPEN,30,COLISION,30,COLISION,1,URBANA,15,CRUCE CON SEÑAL CEDA EL PASO,10,DESOBEDIENCIA A SEÑALIZACION,64,SEÑALIZACION DESOBEDECER SEÑAL CEDA EL PASO,0,ALEMANIA,0,BREMEN,ALEMANIA - BREMEN,0, , , , ,1,1,2,BIDIRECCIONAL,1,CONCRETO,1,BUENO,1,SECO,1,DESPEJADO,0,0,0,2,0
-8137962.66103309,-4410292.39572963,3254,13713,1402973,-73.1045624,-36.7929971,175,HUALPEN,1,55736,2021,1402973,REGION BIO BIO,8112,HUALPEN,BREMEN,ALEMANIA,0,"BREMEN & ALEMANIA, HUALPEN",CHILE,GEOMETRIC_CENTER,75760,2021,1402973,1,2021/12/12 00:00:00+00,1899/12/30 00:00:00+00,8,REGION BIO BIO,8112,HUALPEN,30,COLISION,30,COLISION,1,URBANA,15,CRUCE CON SEÑAL CEDA EL PASO,10,DESOBEDIENCIA A SEÑALIZACION,64,SEÑALIZACION DESOBEDECER SEÑAL CEDA EL PASO,0,BREMEN,0,ALEMANIA,ALEMANIA - BREMEN,0, , , , ,1,1,2,BIDIRECCIONAL,1,CONCRETO,1,BUENO,1,SECO,1,DESPEJADO,0,0,0,0,2
-8135285.07105714,-4410279.95438144,3255,13714,1402033,-73.0805092,-36.7929076,175,HUALPEN,1,54796,2021,1402033,REGION BIO BIO,8112,HUALPEN,LOS ZORZALEZ,EL CHINCOL,0,"LOS ZORZALEZ & EL CHINCOL, HUALPEN",CHILE,GEOMETRIC_CENTER,74459,2021,1402033,1,2021/12/07 00:00:00+00,1899/12/30 00:00:00+00,8,REGION BIO BIO,8112,HUALPEN,99,OTRO TIPO,99,OTRO TIPO,1,URBANA,16,CRUCE SIN SEÑALIZACION,7,VELOCIDAD IMPRUDENTE,71,VELOCIDAD MAYOR QUE MAXIMA PERMITIDA,0,LOS ZORZALEZ,0,EL CHINCOL,EL CHINCOL - LOS ZORZALEZ,0, , , , ,1,1,2,BIDIRECCIONAL,1,CONCRETO,1,BUENO,1,SECO,1,DESPEJADO,0,0,0,1,1
-8136852.23798048,-4410271.34970332,3256,13715,1388139,-73.0945873,-36.7928457,175,HUALPEN,1,45257,2021,1388139,REGION BIO BIO,8112,HUALPEN,LA RECONQUISTA, ,3835,"LA RECONQUISTA 3835, HUALPEN",CHILE,RANGE_INTERPOLATED,61872,2021,1388139,1,2021/10/19 00:00:00+00,1899/12/30 00:00:00+00,8,REGION BIO BIO,8112,HUALPEN,50,CHOQUE,40,CHOQUE,1,URBANA,1,TRAMO DE VIA RECTA,9,PERDIDA CONTROL VEHICULO,95,PERDIDA CONTROL VEHICULO,0,LA RECONQUISTA,0, ,- LA RECONQUISTA,3835, , , , ,1,1,3,BIDIRECCIONAL CON BANDEJON,1,CONCRETO,1,BUENO,1,SECO,1,DESPEJADO,0,0,0,1,0