X,Y,FID,FID_1,LABELID,POINT_X,POINT_Y,FID_2,COMUNAREAL,VAL_COM,OBJECTID,A_O,IDACCIDENT,REGION,COD_COMUN,COMUNA,CALLE_UNO,CALLE_DOS,NUMERO,DIR_GEOCOD,PAIS,TIPO,OBJECTID_1,Año,Idaccide_1,Claseaccid,Fecha,Hora,Cód_Regi,Región,Cód_Comun,Comuna_1,Cód_Tipo_,Tipo_Accid,Cód_Tipo1,Tipo__CONA,Cód_Zona,Zona,Cód_Ubica,Ubicación,Cód_Causa,Causa__CON,Cód_Cau_1,Causa,Cód_Calle,Calle_Un_1,Cód_Cal_1,Calle_Do_1,Intersecci,Número,Ruta,Cód_Ruta,Ubicaci_1,Km_Vía_Fe,Pistas_de_,Pistas_de1,Cód_Calza,Calzada,Cód__Tipo,Tipo_Calza,Cód_Estad,Estado_Cal,Cód_Condi,Condición,Cód_Est_1,Estado_Atm,Fallecidos,Graves,Menos_Grav,Leves,Ilesos
-8136701.95666791,-4410253.55652991,3257,13716,1407201,-73.0932373,-36.7927177,175,HUALPEN,1,58247,2021,1407201,REGION BIO BIO,8112,HUALPEN,CORRAL,CARAMPANGUE,0,"CORRAL & CARAMPANGUE, HUALPEN",CHILE,GEOMETRIC_CENTER,79086,2021,1407201,1,2021/12/24 00:00:00+00,1899/12/30 00:00:00+00,8,REGION BIO BIO,8112,HUALPEN,51,CHOQUE FRONTAL,40,CHOQUE,1,URBANA,15,CRUCE CON SEÑAL CEDA EL PASO,7,VELOCIDAD IMPRUDENTE,71,VELOCIDAD MAYOR QUE MAXIMA PERMITIDA,0,CORRAL,0,CARAMPANGUE,CARAMPANGUE - CORRAL,0, , , , ,1,1,3,BIDIRECCIONAL CON BANDEJON,1,CONCRETO,1,BUENO,1,SECO,1,DESPEJADO,0,0,0,0,1
-8137289.85716269,-4410249.67817809,3258,13717,1359474,-73.0985185,-36.7926898,175,HUALPEN,1,24836,2021,1359474,REGION BIO BIO,8112,HUALPEN,NAPOLES,SABADELL,0,"NAPOLES & SABADELL, HUALPEN",CHILE,GEOMETRIC_CENTER,34247,2021,1359474,1,2021/06/26 00:00:00+00,1899/12/30 00:00:00+00,8,REGION BIO BIO,8112,HUALPEN,30,COLISION,30,COLISION,1,URBANA,15,CRUCE CON SEÑAL CEDA EL PASO,1,IMPRUDENCIA DEL CONDUCTOR,32,NO RESPETAR DERECHO PREFERENTE DE PASO A VEHICULO,0,NAPOLES,0,SABADELL,NAPOLES - SABADELL,0, , , , ,1,1,2,BIDIRECCIONAL,1,CONCRETO,1,BUENO,1,SECO,1,DESPEJADO,0,0,0,1,1
-8136562.90749196,-4410249.67817809,3259,13718,1386231,-73.0919882,-36.7926898,175,HUALPEN,1,43177,2021,1386231,REGION BIO BIO,8112,HUALPEN,CARAMPANGUE,QUEMCHI,0,"CARAMPANGUE & QUEMCHI, HUALPEN",CHILE,GEOMETRIC_CENTER,59056,2021,1386231,1,2021/10/08 00:00:00+00,1899/12/30 00:00:00+00,8,REGION BIO BIO,8112,HUALPEN,30,COLISION,30,COLISION,1,URBANA,16,CRUCE SIN SEÑALIZACION,1,IMPRUDENCIA DEL CONDUCTOR,27,CONDUCCION NO ATENTO CONDICIONES TRANSITO MOMENTO,0,CARAMPANGUE,0,QUEMCHI,CARAMPANGUE - QUEMCHI,0, , , , ,1,1,2,BIDIRECCIONAL,1,CONCRETO,1,BUENO,1,SECO,1,DESPEJADO,0,1,0,0,1
-8135989.14457251,-4410247.60694418,3260,13719,1402999,-73.086834,-36.7926749,175,HUALPEN,1,55767,2021,1402999,REGION BIO BIO,8112,HUALPEN,CARAMPANGUE,CRISTOBAL COLON,0,"CARAMPANGUE & CRISTOBAL COLON, HUALPEN",CHILE,GEOMETRIC_CENTER,75808,2021,1402999,1,2021/12/12 00:00:00+00,1899/12/30 00:00:00+00,8,REGION BIO BIO,8112,HUALPEN,63,CHOQUE FRENTE/POSTERIOR,40,CHOQUE,1,URBANA,14,CRUCE CON SEÑAL PARE,6,ALCOHOL EN PASAJERO,44,EBRIEDAD DEL PASAJERO,0,CARAMPANGUE,0,CRISTOBAL COLON,CARAMPANGUE - CRISTOBAL COLON,0, , , , ,1,1,2,BIDIRECCIONAL,1,CONCRETO,1,BUENO,1,SECO,1,DESPEJADO,0,0,0,0,2
-8138552.20905633,-4410228.24301178,3261,13720,1328850,-73.1098584,-36.7925356,175,HUALPEN,1,4154,2021,1328850,REGION BIO BIO,8112,HUALPEN,CROACIA, ,3796,"CROACIA 3796, HUALPEN",CHILE,RANGE_INTERPOLATED,5823,2021,1328850,1,2021/01/30 00:00:00+00,1899/12/30 00:00:00+00,8,REGION BIO BIO,8112,HUALPEN,51,CHOQUE FRONTAL,40,CHOQUE,1,URBANA,1,TRAMO DE VIA RECTA,9,PERDIDA CONTROL VEHICULO,95,PERDIDA CONTROL VEHICULO,0,CROACIA,0, ,- CROACIA,3796, , , , ,1,1,2,BIDIRECCIONAL,1,CONCRETO,1,BUENO,3,MOJADO,3,LLUVIA,0,0,0,0,1
-8138073.12336381,-4410221.58449614,3262,13721,1407824,-73.1055547,-36.7924877,175,HUALPEN,1,58594,2021,1407824,REGION BIO BIO,8112,HUALPEN,BREMEN,VALENCIA,0,"BREMEN & VALENCIA, HUALPEN",CHILE,GEOMETRIC_CENTER,79622,2021,1407824,1,2021/12/27 00:00:00+00,1899/12/30 00:00:00+00,8,REGION BIO BIO,8112,HUALPEN,30,COLISION,30,COLISION,1,URBANA,16,CRUCE SIN SEÑALIZACION,1,IMPRUDENCIA DEL CONDUCTOR,32,NO RESPETAR DERECHO PREFERENTE DE PASO A VEHICULO,0,BREMEN,0,VALENCIA,BREMEN - VALENCIA,0, , , , ,1,1,2,BIDIRECCIONAL,1,CONCRETO,1,BUENO,1,SECO,1,DESPEJADO,0,0,0,1,1
-8138979.03024793,-4410221.23697456,3263,13722,1370834,-73.1136926,-36.7924852,175,HUALPEN,1,32604,2021,1370834,REGION BIO BIO,8112,HUALPEN,AVENIDA UNO,CALLE TRES,0,"AVENIDA UNO & CALLE TRES, HUALPEN",CHILE,GEOMETRIC_CENTER,44980,2021,1370834,1,2021/08/10 00:00:00+00,1899/12/30 00:00:00+00,8,REGION BIO BIO,8112,HUALPEN,50,CHOQUE,40,CHOQUE,1,URBANA,15,CRUCE CON SEÑAL CEDA EL PASO,4,ALCOHOL EN CONDUCTOR,24,CONDUCCION EN ESTADO DE EBRIEDAD,0,AVENIDA UNO,0,CALLE TRES,AVENIDA UNO - CALLE TRES,0, , , , ,1,1,2,BIDIRECCIONAL,1,CONCRETO,1,BUENO,1,SECO,1,DESPEJADO,0,0,0,0,2
-8136686.24948776,-4410183.71861161,3264,13723,1344351,-73.0930962,-36.7922153,175,HUALPEN,1,14466,2021,1344351,REGION BIO BIO,8112,HUALPEN,CORRAL, ,8509,"CORRAL 8509, HUALPEN",CHILE,RANGE_INTERPOLATED,19942,2021,1344351,1,2021/04/18 00:00:00+00,1899/12/30 00:00:00+00,8,REGION BIO BIO,8112,HUALPEN,50,CHOQUE,40,CHOQUE,1,URBANA,1,TRAMO DE VIA RECTA,13,CAUSAS NO DETERMINADAS,97,CAUSAS NO DETERMINADAS,0,CORRAL,0, ,- CORRAL,8509, , , , ,1,1,2,BIDIRECCIONAL,1,CONCRETO,1,BUENO,1,SECO,1,DESPEJADO,0,0,0,0,2
-8139500.77356933,-4410183.03747175,3265,13724,1391032,-73.1183795,-36.7922104,175,HUALPEN,1,46854,2021,1391032,REGION BIO BIO,8112,HUALPEN,CALETERA ORIENTE, ,4319,"CALETERA ORIENTE 4319, HUALPEN",CHILE,RANGE_INTERPOLATED,63926,2021,1391032,1,2021/10/28 00:00:00+00,1899/12/30 00:00:00+00,8,REGION BIO BIO,8112,HUALPEN,30,COLISION,30,COLISION,1,URBANA,1,TRAMO DE VIA RECTA,1,IMPRUDENCIA DEL CONDUCTOR,27,CONDUCCION NO ATENTO CONDICIONES TRANSITO MOMENTO,0,CALETERA ORIENTE,0, ,- CALETERA ORIENTE,4319, , , , ,1,1,2,BIDIRECCIONAL,1,CONCRETO,1,BUENO,1,SECO,1,DESPEJADO,0,0,0,0,3
-8135949.84879227,-4410182.9957693,3266,13725,1324783,-73.086481,-36.7922101,175,HUALPEN,1,1083,2021,1324783,REGION BIO BIO,8112,HUALPEN,CRISTOBAL COLON, ,8455,"CRISTOBAL COLON 8455, HUALPEN",CHILE,RANGE_INTERPOLATED,1462,2021,1324783,1,2021/01/08 00:00:00+00,1899/12/30 00:00:00+00,8,REGION BIO BIO,8112,HUALPEN,30,COLISION,30,COLISION,1,URBANA,1,TRAMO DE VIA RECTA,13,CAUSAS NO DETERMINADAS,97,CAUSAS NO DETERMINADAS,0,CRISTOBAL COLON,0, ,- CRISTOBAL COLON,8455, , , , ,2,2,2,BIDIRECCIONAL,1,CONCRETO,1,BUENO,1,SECO,1,DESPEJADO,0,0,0,7,2
-8139020.77505698,-4410180.2712103,3267,13726,1330308,-73.1140676,-36.7921905,175,HUALPEN,1,4960,2021,1330308,REGION BIO BIO,8112,HUALPEN,POSTDAM,MONACO,0,"POSTDAM & MONACO, HUALPEN",CHILE,GEOMETRIC_CENTER,6928,2021,1330308,1,2021/02/05 00:00:00+00,1899/12/30 00:00:00+00,8,REGION BIO BIO,8112,HUALPEN,30,COLISION,30,COLISION,1,URBANA,16,CRUCE SIN SEÑALIZACION,1,IMPRUDENCIA DEL CONDUCTOR,29,CONDUCCION CAMBIAR SORPRESIVAMENTE PISTA CIRCULACION,0,POSTDAM,0,MONACO,MONACO - POSTDAM,0, , , , ,2,2,3,BIDIRECCIONAL CON BANDEJON,1,CONCRETO,1,BUENO,1,SECO,2,NUBLADO,0,0,0,1,1
-8138402.06132715,-4410156.43134877,3268,13727,1327392,-73.1085096,-36.792019,175,HUALPEN,1,3013,2021,1327392,REGION BIO BIO,8112,HUALPEN,BREMEN,GRAN BRETA??ªA,0,"BREMEN & GRAN BRETA??ªA, HUALPEN",CHILE,GEOMETRIC_CENTER,4145,2021,1327392,1,2021/01/21 00:00:00+00,1899/12/30 00:00:00+00,8,REGION BIO BIO,8112,HUALPEN,10,ATROPELLO,10,ATROPELLO,1,URBANA,14,CRUCE CON SEÑAL PARE,1,IMPRUDENCIA DEL CONDUCTOR,31,NO RESPETAR DERECHO PREFERENTE DE PASO A PEATON,0,BREMEN,0,GRAN BRETAÑA,BREMEN - GRAN BRETAÑA,0, , , , ,1,1,2,BIDIRECCIONAL,1,CONCRETO,1,BUENO,1,SECO,1,DESPEJADO,0,0,0,1,1
-8138402.06132715,-4410156.43134877,3269,13728,1337607,-73.1085096,-36.792019,175,HUALPEN,1,9915,2021,1337607,REGION BIO BIO,8112,HUALPEN,BREMEN,GRAN BRETA??ªA,0,"BREMEN & GRAN BRETA??ªA, HUALPEN",CHILE,GEOMETRIC_CENTER,13798,2021,1337607,1,2021/03/11 00:00:00+00,1899/12/30 00:00:00+00,8,REGION BIO BIO,8112,HUALPEN,70,VOLCADURA,70,VOLCADURA,1,URBANA,14,CRUCE CON SEÑAL PARE,9,PERDIDA CONTROL VEHICULO,95,PERDIDA CONTROL VEHICULO,0,BREMEN,0,GRAN BRETAÑA,BREMEN - GRAN BRETAÑA,0, , , , ,1,1,2,BIDIRECCIONAL,1,CONCRETO,1,BUENO,1,SECO,1,DESPEJADO,0,0,0,1,0
-8138402.06132715,-4410156.43134877,3270,13729,1375185,-73.1085096,-36.792019,175,HUALPEN,1,35913,2021,1375185,REGION BIO BIO,8112,HUALPEN,BREMEN,GRAN BRETA??ªA,0,"BREMEN & GRAN BRETA??ªA, HUALPEN",CHILE,GEOMETRIC_CENTER,49452,2021,1375185,1,2021/08/29 00:00:00+00,1899/12/30 00:00:00+00,8,REGION BIO BIO,8112,HUALPEN,30,COLISION,30,COLISION,1,URBANA,14,CRUCE CON SEÑAL PARE,10,DESOBEDIENCIA A SEÑALIZACION,65,SEÑALIZACION DESOBEDECER SEÑAL PARE,0,BREMEN,0,GRAN BRETAÑA,BREMEN - GRAN BRETAÑA,0, , , , ,1,1,2,BIDIRECCIONAL,1,CONCRETO,1,BUENO,1,SECO,1,DESPEJADO,0,0,0,1,1
-8138402.06132715,-4410156.43134877,3271,13730,1402904,-73.1085096,-36.792019,175,HUALPEN,1,55375,2021,1402904,REGION BIO BIO,8112,HUALPEN,GRAN BRETA??ªA,BREMEN,0,"GRAN BRETA??ªA & BREMEN, HUALPEN",CHILE,GEOMETRIC_CENTER,75229,2021,1402904,1,2021/12/10 00:00:00+00,1899/12/30 00:00:00+00,8,REGION BIO BIO,8112,HUALPEN,10,ATROPELLO,10,ATROPELLO,1,URBANA,15,CRUCE CON SEÑAL CEDA EL PASO,1,IMPRUDENCIA DEL CONDUCTOR,31,NO RESPETAR DERECHO PREFERENTE DE PASO A PEATON,0,GRAN BRETAÑA,0,BREMEN,BREMEN - GRAN BRETAÑA,0, , , , ,1,1,2,BIDIRECCIONAL,1,CONCRETO,1,BUENO,1,SECO,1,DESPEJADO,0,0,0,1,1
-8138987.77995991,-4410153.26197178,3272,13731,1344632,-73.1137712,-36.7919962,175,HUALPEN,1,14698,2021,1344632,REGION BIO BIO,8112,HUALPEN,POSTDAM,PASAJE UNO,0,"POSTDAM & PASAJE UNO, HUALPEN",CHILE,GEOMETRIC_CENTER,20262,2021,1344632,1,2021/04/20 00:00:00+00,1899/12/30 00:00:00+00,8,REGION BIO BIO,8112,HUALPEN,30,COLISION,30,COLISION,1,URBANA,16,CRUCE SIN SEÑALIZACION,1,IMPRUDENCIA DEL CONDUCTOR,32,NO RESPETAR DERECHO PREFERENTE DE PASO A VEHICULO,0,POSTDAM,0,PASAJE UNO,PASAJE UNO - POSTDAM,0, , , , ,1,1,2,BIDIRECCIONAL,1,CONCRETO,1,BUENO,2,HUMEDO,2,NUBLADO,0,0,0,0,2
-8135990.78096903,-4410129.85309376,3273,13732,1388574,-73.0868487,-36.7918278,175,HUALPEN,1,45408,2021,1388574,REGION BIO BIO,8112,HUALPEN,PATRIA NUEVA,CRISTOBAL COLON,0,"PATRIA NUEVA & CRISTOBAL COLON, HUALPEN",CHILE,GEOMETRIC_CENTER,62077,2021,1388574,1,2021/10/20 00:00:00+00,1899/12/30 00:00:00+00,8,REGION BIO BIO,8112,HUALPEN,50,CHOQUE,40,CHOQUE,1,URBANA,1,TRAMO DE VIA RECTA,1,IMPRUDENCIA DEL CONDUCTOR,93,CONDUCIR VEHICULO EN RETROCESO,0,PATRIA NUEVA,0,CRISTOBAL COLON,CRISTOBAL COLON - PATRIA NUEVA,0, , , , ,2,2,3,BIDIRECCIONAL CON BANDEJON,1,CONCRETO,1,BUENO,1,SECO,1,DESPEJADO,0,0,0,0,2
-8137171.94755804,-4410112.4910791,3274,13733,1387751,-73.0974593,-36.7917029,175,HUALPEN,1,44949,2021,1387751,REGION BIO BIO,8112,HUALPEN,TOSCANIA,GRAN BRETA??ªA,0,"TOSCANIA & GRAN BRETA??ªA, HUALPEN",CHILE,GEOMETRIC_CENTER,61443,2021,1387751,1,2021/10/17 00:00:00+00,1899/12/30 00:00:00+00,8,REGION BIO BIO,8112,HUALPEN,30,COLISION,30,COLISION,1,URBANA,15,CRUCE CON SEÑAL CEDA EL PASO,1,IMPRUDENCIA DEL CONDUCTOR,27,CONDUCCION NO ATENTO CONDICIONES TRANSITO MOMENTO,0,TOSCANIA,0,GRAN BRETAÑA,GRAN BRETAÑA - TOSCANIA,0, , , , ,1,1,2,BIDIRECCIONAL,1,CONCRETO,1,BUENO,1,SECO,1,DESPEJADO,0,0,0,1,1
-8137847.28951284,-4410098.57646649,3275,13734,1327292,-73.103526,-36.7916028,175,HUALPEN,1,2323,2021,1327292,REGION BIO BIO,8112,HUALPEN,PAMPLONA,ALEMANIA,0,"PAMPLONA & ALEMANIA, HUALPEN",CHILE,GEOMETRIC_CENTER,3186,2021,1327292,1,2021/01/16 00:00:00+00,1899/12/30 00:00:00+00,8,REGION BIO BIO,8112,HUALPEN,30,COLISION,30,COLISION,1,URBANA,1,TRAMO DE VIA RECTA,10,DESOBEDIENCIA A SEÑALIZACION,65,SEÑALIZACION DESOBEDECER SEÑAL PARE,0,PAMPLONA,0,ALEMANIA,ALEMANIA - PAMPLONA,0, , , , ,2,2,2,BIDIRECCIONAL,1,CONCRETO,1,BUENO,1,SECO,1,DESPEJADO,0,0,0,1,1
-8137847.28951284,-4410098.57646649,3276,13735,1336356,-73.103526,-36.7916028,175,HUALPEN,1,9176,2021,1336356,REGION BIO BIO,8112,HUALPEN,ALEMANIA,PAMPLONA,0,"ALEMANIA & PAMPLONA, HUALPEN",CHILE,GEOMETRIC_CENTER,12819,2021,1336356,1,2021/03/07 00:00:00+00,1899/12/30 00:00:00+00,8,REGION BIO BIO,8112,HUALPEN,30,COLISION,30,COLISION,1,URBANA,16,CRUCE SIN SEÑALIZACION,1,IMPRUDENCIA DEL CONDUCTOR,27,CONDUCCION NO ATENTO CONDICIONES TRANSITO MOMENTO,0,ALEMANIA,0,PAMPLONA,ALEMANIA - PAMPLONA,0, , , , ,1,1,2,BIDIRECCIONAL,1,CONCRETO,1,BUENO,1,SECO,1,DESPEJADO,0,1,0,0,1
-8138423.83541955,-4410069.6908452,3277,13736,1399113,-73.1087052,-36.791395,175,HUALPEN,1,53067,2021,1399113,REGION BIO BIO,8112,HUALPEN,GRAN BRETA??ªA,SILESIA,0,"GRAN BRETA??ªA & SILESIA, HUALPEN",CHILE,GEOMETRIC_CENTER,72146,2021,1399113,1,2021/11/28 00:00:00+00,1899/12/30 00:00:00+00,8,REGION BIO BIO,8112,HUALPEN,30,COLISION,30,COLISION,1,URBANA,16,CRUCE SIN SEÑALIZACION,1,IMPRUDENCIA DEL CONDUCTOR,27,CONDUCCION NO ATENTO CONDICIONES TRANSITO MOMENTO,0,GRAN BRETAÑA,0,SILESIA,GRAN BRETAÑA - SILESIA,0, , , , ,1,1,2,BIDIRECCIONAL,1,CONCRETO,1,BUENO,1,SECO,1,DESPEJADO,0,0,0,3,0
-8135995.82374196,-4410059.12634495,3278,13737,1358252,-73.086894,-36.791319,175,HUALPEN,1,23571,2021,1358252,REGION BIO BIO,8112,HUALPEN,CRISTOBAL COLON, ,8376,"CRISTOBAL COLON 8376, HUALPEN",CHILE,RANGE_INTERPOLATED,32487,2021,1358252,1,2021/06/18 00:00:00+00,1899/12/30 00:00:00+00,8,REGION BIO BIO,8112,HUALPEN,50,CHOQUE,40,CHOQUE,1,URBANA,15,CRUCE CON SEÑAL CEDA EL PASO,1,IMPRUDENCIA DEL CONDUCTOR,27,CONDUCCION NO ATENTO CONDICIONES TRANSITO MOMENTO,0,CRISTOBAL COLON,0, ,- CRISTOBAL COLON,8376, , , , ,2,2,3,BIDIRECCIONAL CON BANDEJON,1,CONCRETO,1,BUENO,1,SECO,1,DESPEJADO,0,0,0,1,2
-8135339.01648238,-4410048.99277496,3279,13738,1359395,-73.0809938,-36.7912461,175,HUALPEN,0,24651,2021,1359395,REGION BIO BIO,8101,CONCEPCION,LOS GORRIONES, ,621,"LOS GORRIONES 621, CONCEPCION",CHILE,RANGE_INTERPOLATED,33977,2021,1359395,1,2021/06/25 00:00:00+00,1899/12/30 00:00:00+00,8,REGION BIO BIO,8101,CONCEPCION,50,CHOQUE,40,CHOQUE,1,URBANA,1,TRAMO DE VIA RECTA,13,CAUSAS NO DETERMINADAS,97,CAUSAS NO DETERMINADAS,0,LOS GORRIONES,0, ,- LOS GORRIONES,621, , , , ,2,2,2,BIDIRECCIONAL,5,RIPIO,1,BUENO,0, ,2,NUBLADO,0,0,0,0,1
-8138430.4700612,-4410042.70968839,3280,13739,1345258,-73.1087648,-36.7912009,175,HUALPEN,0,14410,2021,1345258,REGION BIO BIO,8110,TALCAHUANO,GRAN BRETA??ªA, ,3795,"GRAN BRETA??ªA 3795, TALCAHUANO",CHILE,RANGE_INTERPOLATED,19866,2021,1345258,1,2021/04/18 00:00:00+00,1899/12/30 00:00:00+00,8,REGION BIO BIO,8110,TALCAHUANO,70,VOLCADURA,70,VOLCADURA,1,URBANA,1,TRAMO DE VIA RECTA,4,ALCOHOL EN CONDUCTOR,24,CONDUCCION EN ESTADO DE EBRIEDAD,0,GRAN BRETAÑA,0, ,- GRAN BRETAÑA,3795, , , , ,1,1,3,BIDIRECCIONAL CON BANDEJON,1,CONCRETO,1,BUENO,1,SECO,1,DESPEJADO,0,1,0,0,0
-8138430.4700612,-4410042.70968839,3281,13740,1361310,-73.1087648,-36.7912009,175,HUALPEN,0,25938,2021,1361310,REGION BIO BIO,8110,TALCAHUANO,GRAN BRETA??ªA, ,3796,"GRAN BRETA??ªA 3796, TALCAHUANO",CHILE,RANGE_INTERPOLATED,35796,2021,1361310,1,2021/07/03 00:00:00+00,1899/12/30 00:00:00+00,8,REGION BIO BIO,8110,TALCAHUANO,33,COLISION POR ALCANCE,30,COLISION,1,URBANA,1,TRAMO DE VIA RECTA,1,IMPRUDENCIA DEL CONDUCTOR,28,CONDUCCION SIN MANTENER DISTANCIA RAZONABLE NI PRUDENTE,0,GRAN BRETAÑA,0, ,- GRAN BRETAÑA,3796, , , , ,1,1,3,BIDIRECCIONAL CON BANDEJON,1,CONCRETO,1,BUENO,1,SECO,1,DESPEJADO,0,0,0,4,0
-8138430.4700612,-4410042.70968839,3282,13741,1362762,-73.1087648,-36.7912009,175,HUALPEN,0,27417,2021,1362762,REGION BIO BIO,8110,TALCAHUANO,GRAN BRETA??ªA, ,3795,"GRAN BRETA??ªA 3795, TALCAHUANO",CHILE,RANGE_INTERPOLATED,37834,2021,1362762,1,2021/07/12 00:00:00+00,1899/12/30 00:00:00+00,8,REGION BIO BIO,8110,TALCAHUANO,63,CHOQUE FRENTE/POSTERIOR,40,CHOQUE,1,URBANA,1,TRAMO DE VIA RECTA,1,IMPRUDENCIA DEL CONDUCTOR,28,CONDUCCION SIN MANTENER DISTANCIA RAZONABLE NI PRUDENTE,0,GRAN BRETAÑA,0, ,- GRAN BRETAÑA,3795, , , , ,1,1,3,BIDIRECCIONAL CON BANDEJON,1,CONCRETO,1,BUENO,1,SECO,1,DESPEJADO,0,0,0,0,2
-8138430.4700612,-4410042.70968839,3283,13742,1380478,-73.1087648,-36.7912009,175,HUALPEN,0,39547,2021,1380478,REGION BIO BIO,8110,TALCAHUANO,GRAN BRETA??ªA, ,3795,"GRAN BRETA??ªA 3795, TALCAHUANO",CHILE,RANGE_INTERPOLATED,54291,2021,1380478,1,2021/09/18 00:00:00+00,1899/12/30 00:00:00+00,8,REGION BIO BIO,8110,TALCAHUANO,70,VOLCADURA,70,VOLCADURA,1,URBANA,1,TRAMO DE VIA RECTA,9,PERDIDA CONTROL VEHICULO,95,PERDIDA CONTROL VEHICULO,0,GRAN BRETAÑA,0, ,- GRAN BRETAÑA,3795, , , , ,1,1,2,BIDIRECCIONAL,1,CONCRETO,1,BUENO,1,SECO,1,DESPEJADO,0,0,0,2,0
-8137332.92667368,-4410020.20459236,3284,13743,1347649,-73.0989054,-36.791039,175,HUALPEN,1,16898,2021,1347649,REGION BIO BIO,8112,HUALPEN,BADALONA, ,985,"BADALONA 985, HUALPEN",CHILE,RANGE_INTERPOLATED,23300,2021,1347649,1,2021/05/06 00:00:00+00,1899/12/30 00:00:00+00,8,REGION BIO BIO,8112,HUALPEN,50,CHOQUE,40,CHOQUE,1,URBANA,1,TRAMO DE VIA RECTA,13,CAUSAS NO DETERMINADAS,97,CAUSAS NO DETERMINADAS,0,BADALONA,0, ,- BADALONA,985, , , , ,1,1,2,BIDIRECCIONAL,1,CONCRETO,1,BUENO,1,SECO,1,DESPEJADO,0,0,0,0,2
-8136565.34538881,-4409918.85579618,3285,13744,1335864,-73.0920101,-36.7903099,175,HUALPEN,1,8483,2021,1335864,REGION BIO BIO,8112,HUALPEN,CURANILAHUE,PUERTO OCTAY,0,"CURANILAHUE & PUERTO OCTAY, HUALPEN",CHILE,GEOMETRIC_CENTER,11899,2021,1335864,1,2021/03/03 00:00:00+00,1899/12/30 00:00:00+00,8,REGION BIO BIO,8112,HUALPEN,30,COLISION,30,COLISION,1,URBANA,16,CRUCE SIN SEÑALIZACION,1,IMPRUDENCIA DEL CONDUCTOR,31,NO RESPETAR DERECHO PREFERENTE DE PASO A PEATON,0,CURANILAHUE,0,PUERTO OCTAY,CURANILAHUE - PUERTO OCTAY,0, , , , ,2,2,3,BIDIRECCIONAL CON BANDEJON,1,CONCRETO,1,BUENO,1,SECO,1,DESPEJADO,0,0,0,1,1
-8136565.34538881,-4409918.85579618,3286,13745,1402890,-73.0920101,-36.7903099,175,HUALPEN,1,55342,2021,1402890,REGION BIO BIO,8112,HUALPEN,CURANILAHUE,PUERTO OCTAY,0,"CURANILAHUE & PUERTO OCTAY, HUALPEN",CHILE,GEOMETRIC_CENTER,75191,2021,1402890,1,2021/12/10 00:00:00+00,1899/12/30 00:00:00+00,8,REGION BIO BIO,8112,HUALPEN,30,COLISION,30,COLISION,1,URBANA,16,CRUCE SIN SEÑALIZACION,1,IMPRUDENCIA DEL CONDUCTOR,32,NO RESPETAR DERECHO PREFERENTE DE PASO A VEHICULO,0,CURANILAHUE,0,PUERTO OCTAY,CURANILAHUE - PUERTO OCTAY,0, , , , ,2,2,3,BIDIRECCIONAL CON BANDEJON,1,CONCRETO,1,BUENO,1,SECO,1,DESPEJADO,0,0,0,1,1
-8135426.88095647,-4409917.46574945,3287,13746,1384172,-73.0817831,-36.7902999,175,HUALPEN,1,41735,2021,1384172,REGION BIO BIO,8112,HUALPEN,O'HIGGINS,SANTA MARIA,0,"O'HIGGINS & SANTA MARIA, HUALPEN",CHILE,GEOMETRIC_CENTER,57184,2021,1384172,1,2021/10/01 00:00:00+00,1899/12/30 00:00:00+00,8,REGION BIO BIO,8112,HUALPEN,50,CHOQUE,40,CHOQUE,1,URBANA,14,CRUCE CON SEÑAL PARE,1,IMPRUDENCIA DEL CONDUCTOR,28,CONDUCCION SIN MANTENER DISTANCIA RAZONABLE NI PRUDENTE,0,O'HIGGINS,0,SANTA MARIA,O'HIGGINS - SANTA MARIA,0, , , , ,1,1,2,BIDIRECCIONAL,1,CONCRETO,1,BUENO,1,SECO,1,DESPEJADO,0,0,0,0,2
-8139071.77051571,-4409908.58335511,3288,13747,1397966,-73.1145257,-36.790236,175,HUALPEN,1,52352,2021,1397966,REGION BIO BIO,8112,HUALPEN,SARAJEVO, ,3361,"SARAJEVO 3361, HUALPEN",CHILE,RANGE_INTERPOLATED,71169,2021,1397966,1,2021/11/24 00:00:00+00,1899/12/30 00:00:00+00,8,REGION BIO BIO,8112,HUALPEN,30,COLISION,30,COLISION,1,URBANA,1,TRAMO DE VIA RECTA,1,IMPRUDENCIA DEL CONDUCTOR,27,CONDUCCION NO ATENTO CONDICIONES TRANSITO MOMENTO,0,SARAJEVO,0, ,- SARAJEVO,3361, , , , ,1,1,2,BIDIRECCIONAL,1,CONCRETO,1,BUENO,1,SECO,1,DESPEJADO,0,0,0,0,2
-8138256.13260667,-4409907.80492967,3289,13748,1343342,-73.1071987,-36.7902304,175,HUALPEN,1,13859,2021,1343342,REGION BIO BIO,8112,HUALPEN,TARRASA,MADRID,0,"TARRASA & MADRID, HUALPEN",CHILE,GEOMETRIC_CENTER,19157,2021,1343342,1,2021/04/13 00:00:00+00,1899/12/30 00:00:00+00,8,REGION BIO BIO,8112,HUALPEN,70,VOLCADURA,70,VOLCADURA,1,URBANA,16,CRUCE SIN SEÑALIZACION,4,ALCOHOL EN CONDUCTOR,24,CONDUCCION EN ESTADO DE EBRIEDAD,0,TARRASA,0,MADRID,MADRID - TARRASA,0, , , , ,1,1,2,BIDIRECCIONAL,1,CONCRETO,1,BUENO,1,SECO,1,DESPEJADO,0,1,0,0,0