X,Y,FID,FID_1,LABELID,POINT_X,POINT_Y,FID_2,COMUNAREAL,VAL_COM,OBJECTID,A_O,IDACCIDENT,REGION,COD_COMUN,COMUNA,CALLE_UNO,CALLE_DOS,NUMERO,DIR_GEOCOD,PAIS,TIPO,OBJECTID_1,Año,Idaccide_1,Claseaccid,Fecha,Hora,Cód_Regi,Región,Cód_Comun,Comuna_1,Cód_Tipo_,Tipo_Accid,Cód_Tipo1,Tipo__CONA,Cód_Zona,Zona,Cód_Ubica,Ubicación,Cód_Causa,Causa__CON,Cód_Cau_1,Causa,Cód_Calle,Calle_Un_1,Cód_Cal_1,Calle_Do_1,Intersecci,Número,Ruta,Cód_Ruta,Ubicaci_1,Km_Vía_Fe,Pistas_de_,Pistas_de1,Cód_Calza,Calzada,Cód__Tipo,Tipo_Calza,Cód_Estad,Estado_Cal,Cód_Condi,Condición,Cód_Est_1,Estado_Atm,Fallecidos,Graves,Menos_Grav,Leves,Ilesos
-8135993.63074799,-4409873.95737841,3290,13749,1338021,-73.0868743,-36.7899869,175,HUALPEN,1,10283,2021,1338021,REGION BIO BIO,8112,HUALPEN,CRISTOBAL COLON,CURANILAHUE,0,"CRISTOBAL COLON & CURANILAHUE, HUALPEN",CHILE,GEOMETRIC_CENTER,14301,2021,1338021,1,2021/03/14 00:00:00+00,1899/12/30 00:00:00+00,8,REGION BIO BIO,8112,HUALPEN,50,CHOQUE,40,CHOQUE,1,URBANA,11,CRUCE CON SEMAFORO FUNCIONANDO,1,IMPRUDENCIA DEL CONDUCTOR,28,CONDUCCION SIN MANTENER DISTANCIA RAZONABLE NI PRUDENTE,0,CRISTOBAL COLON,0,CURANILAHUE,CRISTOBAL COLON - CURANILAHUE,0, , , , ,2,2,3,BIDIRECCIONAL CON BANDEJON,1,CONCRETO,1,BUENO,1,SECO,1,DESPEJADO,0,0,0,1,1
-8135993.63074799,-4409873.95737841,3291,13750,1343238,-73.0868743,-36.7899869,175,HUALPEN,1,13722,2021,1343238,REGION BIO BIO,8112,HUALPEN,CURANILAHUE,CRISTOBAL COLON,0,"CURANILAHUE & CRISTOBAL COLON, HUALPEN",CHILE,GEOMETRIC_CENTER,18959,2021,1343238,1,2021/04/12 00:00:00+00,1899/12/30 00:00:00+00,8,REGION BIO BIO,8112,HUALPEN,30,COLISION,30,COLISION,1,URBANA,1,TRAMO DE VIA RECTA,1,IMPRUDENCIA DEL CONDUCTOR,29,CONDUCCION CAMBIAR SORPRESIVAMENTE PISTA CIRCULACION,0,CURANILAHUE,0,CRISTOBAL COLON,CRISTOBAL COLON - CURANILAHUE,0, , , , ,2,2,2,BIDIRECCIONAL,1,CONCRETO,1,BUENO,1,SECO,1,DESPEJADO,0,0,0,1,1
-8135993.63074799,-4409873.95737841,3292,13751,1346685,-73.0868743,-36.7899869,175,HUALPEN,1,16001,2021,1346685,REGION BIO BIO,8112,HUALPEN,CRISTOBAL COLON,CURANILAHUE,0,"CRISTOBAL COLON & CURANILAHUE, HUALPEN",CHILE,GEOMETRIC_CENTER,22023,2021,1346685,1,2021/04/30 00:00:00+00,1899/12/30 00:00:00+00,8,REGION BIO BIO,8112,HUALPEN,30,COLISION,30,COLISION,1,URBANA,11,CRUCE CON SEMAFORO FUNCIONANDO,1,IMPRUDENCIA DEL CONDUCTOR,28,CONDUCCION SIN MANTENER DISTANCIA RAZONABLE NI PRUDENTE,0,CRISTOBAL COLON,0,CURANILAHUE,CRISTOBAL COLON - CURANILAHUE,0, , , , ,2,2,3,BIDIRECCIONAL CON BANDEJON,1,CONCRETO,1,BUENO,1,SECO,1,DESPEJADO,0,0,0,0,2
-8135993.63074799,-4409873.95737841,3293,13752,1347335,-73.0868743,-36.7899869,175,HUALPEN,1,16445,2021,1347335,REGION BIO BIO,8112,HUALPEN,CRISTOBAL COLON,CURANILAHUE,0,"CRISTOBAL COLON & CURANILAHUE, HUALPEN",CHILE,GEOMETRIC_CENTER,22683,2021,1347335,1,2021/05/03 00:00:00+00,1899/12/30 00:00:00+00,8,REGION BIO BIO,8112,HUALPEN,30,COLISION,30,COLISION,1,URBANA,11,CRUCE CON SEMAFORO FUNCIONANDO,1,IMPRUDENCIA DEL CONDUCTOR,29,CONDUCCION CAMBIAR SORPRESIVAMENTE PISTA CIRCULACION,0,CRISTOBAL COLON,0,CURANILAHUE,CRISTOBAL COLON - CURANILAHUE,0, , , , ,1,1,2,BIDIRECCIONAL,1,CONCRETO,1,BUENO,1,SECO,1,DESPEJADO,0,1,0,1,1
-8135993.63074799,-4409873.95737841,3294,13753,1349791,-73.0868743,-36.7899869,175,HUALPEN,1,18236,2021,1349791,REGION BIO BIO,8112,HUALPEN,CRISTOBAL COLON,CURANILAHUE,0,"CRISTOBAL COLON & CURANILAHUE, HUALPEN",CHILE,GEOMETRIC_CENTER,25073,2021,1349791,1,2021/05/15 00:00:00+00,1899/12/30 00:00:00+00,8,REGION BIO BIO,8112,HUALPEN,62,CHOQUE FRENTE/LADO,40,CHOQUE,1,URBANA,11,CRUCE CON SEMAFORO FUNCIONANDO,1,IMPRUDENCIA DEL CONDUCTOR,11,ADELANTAMIENTO SIN EL ESPACIO O TIEMPO SUFICIENTE,0,CRISTOBAL COLON,0,CURANILAHUE,CRISTOBAL COLON - CURANILAHUE,0, , , , ,2,2,2,BIDIRECCIONAL,1,CONCRETO,1,BUENO,1,SECO,1,DESPEJADO,0,0,0,0,2
-8135993.63074799,-4409873.95737841,3295,13754,1380896,-73.0868743,-36.7899869,175,HUALPEN,1,40000,2021,1380896,REGION BIO BIO,8112,HUALPEN,CRISTOBAL COLON,CURANILAHUE,0,"CRISTOBAL COLON & CURANILAHUE, HUALPEN",CHILE,GEOMETRIC_CENTER,54948,2021,1380896,1,2021/09/21 00:00:00+00,1899/12/30 00:00:00+00,8,REGION BIO BIO,8112,HUALPEN,70,VOLCADURA,70,VOLCADURA,1,URBANA,11,CRUCE CON SEMAFORO FUNCIONANDO,11,DEFICIENCIAS VIALES,92,ANIMALES SUELTOS VIA PUBLICA,0,CRISTOBAL COLON,0,CURANILAHUE,CRISTOBAL COLON - CURANILAHUE,0, , , , ,1,1,2,BIDIRECCIONAL,1,CONCRETO,1,BUENO,1,SECO,1,DESPEJADO,0,0,0,0,1
-8135993.63074799,-4409873.95737841,3296,13755,1381369,-73.0868743,-36.7899869,175,HUALPEN,1,40268,2021,1381369,REGION BIO BIO,8112,HUALPEN,CRISTOBAL COLON,CURANILAHUE,0,"CRISTOBAL COLON & CURANILAHUE, HUALPEN",CHILE,GEOMETRIC_CENTER,55296,2021,1381369,1,2021/09/22 00:00:00+00,1899/12/30 00:00:00+00,8,REGION BIO BIO,8112,HUALPEN,30,COLISION,30,COLISION,1,URBANA,11,CRUCE CON SEMAFORO FUNCIONANDO,10,DESOBEDIENCIA A SEÑALIZACION,62,SEÑALIZACION DESOBEDECER LUZ ROJA DE SEMAFORO,0,CRISTOBAL COLON,0,CURANILAHUE,CRISTOBAL COLON - CURANILAHUE,0, , , , ,2,2,3,BIDIRECCIONAL CON BANDEJON,1,CONCRETO,1,BUENO,1,SECO,1,DESPEJADO,0,0,0,1,1
-8136009.08189331,-4409854.4968227,3297,13756,1402143,-73.0870131,-36.7898469,175,HUALPEN,1,54713,2021,1402143,REGION BIO BIO,8112,HUALPEN,CRISTOBAL COLON, ,8224,"CRISTOBAL COLON 8224, HUALPEN",CHILE,RANGE_INTERPOLATED,74361,2021,1402143,1,2021/12/07 00:00:00+00,1899/12/30 00:00:00+00,8,REGION BIO BIO,8112,HUALPEN,30,COLISION,30,COLISION,1,URBANA,1,TRAMO DE VIA RECTA,1,IMPRUDENCIA DEL CONDUCTOR,27,CONDUCCION NO ATENTO CONDICIONES TRANSITO MOMENTO,0,CRISTOBAL COLON,0, ,- CRISTOBAL COLON,8224, , , , ,2,2,3,BIDIRECCIONAL CON BANDEJON,1,CONCRETO,1,BUENO,1,SECO,1,DESPEJADO,0,0,0,1,1
-8135980.60636757,-4409845.26697156,3298,13757,1327329,-73.0867573,-36.7897805,175,HUALPEN,1,2786,2021,1327329,REGION BIO BIO,8112,HUALPEN,CRISTOBAL COLON,AMSTERDAM,0,"CRISTOBAL COLON & AMSTERDAM, HUALPEN",CHILE,GEOMETRIC_CENTER,3822,2021,1327329,1,2021/01/20 00:00:00+00,1899/12/30 00:00:00+00,8,REGION BIO BIO,8112,HUALPEN,30,COLISION,30,COLISION,1,URBANA,1,TRAMO DE VIA RECTA,1,IMPRUDENCIA DEL CONDUCTOR,28,CONDUCCION SIN MANTENER DISTANCIA RAZONABLE NI PRUDENTE,0,CRISTOBAL COLON,0,AMSTERDAM,AMSTERDAM - CRISTOBAL COLON,0, , , , ,2,2,2,BIDIRECCIONAL,1,CONCRETO,1,BUENO,1,SECO,1,DESPEJADO,0,0,0,0,2
-8135487.5612109,-4409842.06988643,3299,13758,1408946,-73.0823282,-36.7897575,175,HUALPEN,1,59263,2021,1408946,REGION BIO BIO,8112,HUALPEN,SANTA TERESA DE LOS ANDES, ,460,"SANTA TERESA DE LOS ANDES 460, HUALPEN",CHILE,RANGE_INTERPOLATED,80519,2021,1408946,1,2021/12/30 00:00:00+00,1899/12/30 00:00:00+00,8,REGION BIO BIO,8112,HUALPEN,30,COLISION,30,COLISION,1,URBANA,1,TRAMO DE VIA RECTA,1,IMPRUDENCIA DEL CONDUCTOR,27,CONDUCCION NO ATENTO CONDICIONES TRANSITO MOMENTO,0,SANTA TERESA DE LOS ANDES,0, ,- SANTA TERESA DE LOS ANDES,460, , , , ,1,1,2,BIDIRECCIONAL,1,CONCRETO,1,BUENO,1,SECO,1,DESPEJADO,0,0,0,0,2
-8137467.92382016,-4409832.77054429,3300,13759,1340125,-73.1001181,-36.7896906,175,HUALPEN,1,11833,2021,1340125,REGION BIO BIO,8112,HUALPEN,PATRIA VIEJA, ,1080,"PATRIA VIEJA 1080, HUALPEN",CHILE,RANGE_INTERPOLATED,16373,2021,1340125,1,2021/03/25 00:00:00+00,1899/12/30 00:00:00+00,8,REGION BIO BIO,8112,HUALPEN,51,CHOQUE FRONTAL,40,CHOQUE,1,URBANA,1,TRAMO DE VIA RECTA,4,ALCOHOL EN CONDUCTOR,24,CONDUCCION EN ESTADO DE EBRIEDAD,0,PATRIA VIEJA,0, ,- PATRIA VIEJA,1080, , , , ,1,1,2,BIDIRECCIONAL,1,CONCRETO,1,BUENO,1,SECO,1,DESPEJADO,0,0,0,0,1
-8137167.07176434,-4409831.50561198,3301,13760,1379373,-73.0974155,-36.7896815,175,HUALPEN,1,38087,2021,1379373,REGION BIO BIO,8112,HUALPEN,PATRIA VIEJA,TOSCANIA,0,"PATRIA VIEJA & TOSCANIA, HUALPEN",CHILE,GEOMETRIC_CENTER,52318,2021,1379373,1,2021/09/10 00:00:00+00,1899/12/30 00:00:00+00,8,REGION BIO BIO,8112,HUALPEN,50,CHOQUE,40,CHOQUE,1,URBANA,11,CRUCE CON SEMAFORO FUNCIONANDO,1,IMPRUDENCIA DEL CONDUCTOR,27,CONDUCCION NO ATENTO CONDICIONES TRANSITO MOMENTO,0,PATRIA VIEJA,0,TOSCANIA,PATRIA VIEJA - TOSCANIA,0, , , , ,1,1,2,BIDIRECCIONAL,1,CONCRETO,1,BUENO,1,SECO,1,DESPEJADO,0,0,0,0,1
-8137167.07176434,-4409831.50561198,3302,13761,1384307,-73.0974155,-36.7896815,175,HUALPEN,1,42504,2021,1384307,REGION BIO BIO,8112,HUALPEN,PATRIA VIEJA,TOSCANIA,0,"PATRIA VIEJA & TOSCANIA, HUALPEN",CHILE,GEOMETRIC_CENTER,58230,2021,1384307,1,2021/10/04 00:00:00+00,1899/12/30 00:00:00+00,8,REGION BIO BIO,8112,HUALPEN,50,CHOQUE,40,CHOQUE,1,URBANA,14,CRUCE CON SEÑAL PARE,1,IMPRUDENCIA DEL CONDUCTOR,27,CONDUCCION NO ATENTO CONDICIONES TRANSITO MOMENTO,0,PATRIA VIEJA,0,TOSCANIA,PATRIA VIEJA - TOSCANIA,0, , , , ,1,1,2,BIDIRECCIONAL,1,CONCRETO,1,BUENO,1,SECO,1,DESPEJADO,0,0,0,0,2
-8138840.60446113,-4409829.4622601,3303,13762,1404966,-73.1124491,-36.7896668,175,HUALPEN,1,56930,2021,1404966,REGION BIO BIO,8112,HUALPEN,MONACO,SILESIA,0,"MONACO & SILESIA, HUALPEN",CHILE,GEOMETRIC_CENTER,77338,2021,1404966,1,2021/12/18 00:00:00+00,1899/12/30 00:00:00+00,8,REGION BIO BIO,8112,HUALPEN,30,COLISION,30,COLISION,1,URBANA,14,CRUCE CON SEÑAL PARE,10,DESOBEDIENCIA A SEÑALIZACION,65,SEÑALIZACION DESOBEDECER SEÑAL PARE,0,MONACO,0,SILESIA,MONACO - SILESIA,0, , , , ,1,1,2,BIDIRECCIONAL,1,CONCRETO,1,BUENO,1,SECO,1,DESPEJADO,0,0,0,0,2
-8136838.51228727,-4409828.07222504,3304,13763,1335140,-73.094464,-36.7896568,175,HUALPEN,1,8122,2021,1335140,REGION BIO BIO,8112,HUALPEN,LA RECONQUISTA,PATRIA VIEJA,0,"LA RECONQUISTA & PATRIA VIEJA, HUALPEN",CHILE,GEOMETRIC_CENTER,11412,2021,1335140,1,2021/03/01 00:00:00+00,1899/12/30 00:00:00+00,8,REGION BIO BIO,8112,HUALPEN,30,COLISION,30,COLISION,1,URBANA,14,CRUCE CON SEÑAL PARE,10,DESOBEDIENCIA A SEÑALIZACION,65,SEÑALIZACION DESOBEDECER SEÑAL PARE,0,LA RECONQUISTA,0,PATRIA VIEJA,LA RECONQUISTA - PATRIA VIEJA,0, , , , ,1,1,2,BIDIRECCIONAL,1,CONCRETO,1,BUENO,1,SECO,1,DESPEJADO,0,0,0,1,1
-8136838.51228727,-4409828.07222504,3305,13764,1380432,-73.094464,-36.7896568,175,HUALPEN,1,39400,2021,1380432,REGION BIO BIO,8112,HUALPEN,LA RECONQUISTA,PATRIA VIEJA,0,"LA RECONQUISTA & PATRIA VIEJA, HUALPEN",CHILE,GEOMETRIC_CENTER,54114,2021,1380432,1,2021/09/17 00:00:00+00,1899/12/30 00:00:00+00,8,REGION BIO BIO,8112,HUALPEN,30,COLISION,30,COLISION,1,URBANA,15,CRUCE CON SEÑAL CEDA EL PASO,10,DESOBEDIENCIA A SEÑALIZACION,65,SEÑALIZACION DESOBEDECER SEÑAL PARE,0,LA RECONQUISTA,0,PATRIA VIEJA,LA RECONQUISTA - PATRIA VIEJA,0, , , , ,1,1,2,BIDIRECCIONAL,1,CONCRETO,1,BUENO,1,SECO,1,DESPEJADO,0,0,0,1,2
-8136520.7730647,-4409787.78908765,3306,13765,1375165,-73.0916097,-36.789367,175,HUALPEN,1,35930,2021,1375165,REGION BIO BIO,8112,HUALPEN,PATRIA VIEJA,PUERTO OCTAY,0,"PATRIA VIEJA & PUERTO OCTAY, HUALPEN",CHILE,GEOMETRIC_CENTER,49476,2021,1375165,1,2021/08/29 00:00:00+00,1899/12/30 00:00:00+00,8,REGION BIO BIO,8112,HUALPEN,30,COLISION,30,COLISION,1,URBANA,15,CRUCE CON SEÑAL CEDA EL PASO,10,DESOBEDIENCIA A SEÑALIZACION,64,SEÑALIZACION DESOBEDECER SEÑAL CEDA EL PASO,0,PATRIA VIEJA,0,PUERTO OCTAY,PATRIA VIEJA - PUERTO OCTAY,0, , , , ,1,1,2,BIDIRECCIONAL,1,CONCRETO,1,BUENO,1,SECO,1,DESPEJADO,0,1,0,0,1
-8135949.84879227,-4409779.53231433,3307,13766,1380860,-73.086481,-36.7893076,175,HUALPEN,1,39935,2021,1380860,REGION BIO BIO,8112,HUALPEN,CRISTOBAL COLON, ,8185,"CRISTOBAL COLON 8185, HUALPEN",CHILE,RANGE_INTERPOLATED,54858,2021,1380860,1,2021/09/20 00:00:00+00,1899/12/30 00:00:00+00,8,REGION BIO BIO,8112,HUALPEN,70,VOLCADURA,70,VOLCADURA,1,URBANA,1,TRAMO DE VIA RECTA,1,IMPRUDENCIA DEL CONDUCTOR,28,CONDUCCION SIN MANTENER DISTANCIA RAZONABLE NI PRUDENTE,0,CRISTOBAL COLON,0, ,- CRISTOBAL COLON,8185, , , , ,2,2,2,BIDIRECCIONAL,1,CONCRETO,1,BUENO,1,SECO,1,DESPEJADO,0,1,0,0,1
-8138804.125064,-4409747.00569383,3308,13767,1382799,-73.1121214,-36.7890736,175,HUALPEN,1,41320,2021,1382799,REGION BIO BIO,8112,HUALPEN,TIRANA, ,3389,"TIRANA 3389, HUALPEN",CHILE,RANGE_INTERPOLATED,56652,2021,1382799,1,2021/09/28 00:00:00+00,1899/12/30 00:00:00+00,8,REGION BIO BIO,8112,HUALPEN,30,COLISION,30,COLISION,1,URBANA,1,TRAMO DE VIA RECTA,1,IMPRUDENCIA DEL CONDUCTOR,27,CONDUCCION NO ATENTO CONDICIONES TRANSITO MOMENTO,0,TIRANA,0, ,- TIRANA,3389, , , , ,1,1,2,BIDIRECCIONAL,1,CONCRETO,1,BUENO,1,SECO,1,DESPEJADO,0,0,0,0,2
-8135994.35432468,-4409735.55189897,3309,13768,1328085,-73.0868808,-36.7889912,175,HUALPEN,0,1792,2021,1328085,REGION BIO BIO,8110,TALCAHUANO,HUALPEN,CRISTOBAL COLON,0,"HUALPEN & CRISTOBAL COLON, TALCAHUANO",CHILE,GEOMETRIC_CENTER,2469,2021,1328085,1,2021/01/13 00:00:00+00,1899/12/30 00:00:00+00,8,REGION BIO BIO,8110,TALCAHUANO,32,COLISION LATERAL,30,COLISION,1,URBANA,11,CRUCE CON SEMAFORO FUNCIONANDO,10,DESOBEDIENCIA A SEÑALIZACION,62,SEÑALIZACION DESOBEDECER LUZ ROJA DE SEMAFORO,0,HUALPEN,0,CRISTOBAL COLON,CRISTOBAL COLON - HUALPEN,0, , , , ,1,1,3,BIDIRECCIONAL CON BANDEJON,1,CONCRETO,1,BUENO,1,SECO,1,DESPEJADO,0,0,0,0,2
-8135994.35432468,-4409735.55189897,3310,13769,1332917,-73.0868808,-36.7889912,175,HUALPEN,0,6911,2021,1332917,REGION BIO BIO,8110,TALCAHUANO,HUALPEN,CRISTOBAL COLON,0,"HUALPEN & CRISTOBAL COLON, TALCAHUANO",CHILE,GEOMETRIC_CENTER,9681,2021,1332917,1,2021/02/20 00:00:00+00,1899/12/30 00:00:00+00,8,REGION BIO BIO,8110,TALCAHUANO,32,COLISION LATERAL,30,COLISION,1,URBANA,11,CRUCE CON SEMAFORO FUNCIONANDO,10,DESOBEDIENCIA A SEÑALIZACION,62,SEÑALIZACION DESOBEDECER LUZ ROJA DE SEMAFORO,0,HUALPEN,0,CRISTOBAL COLON,CRISTOBAL COLON - HUALPEN,0, , , , ,1,1,3,BIDIRECCIONAL CON BANDEJON,1,CONCRETO,1,BUENO,1,SECO,1,DESPEJADO,0,0,0,1,1
-8135994.35432468,-4409735.55189897,3311,13770,1342818,-73.0868808,-36.7889912,175,HUALPEN,0,13197,2021,1342818,REGION BIO BIO,8110,TALCAHUANO,HUALPEN,CRISTOBAL COLON,0,"HUALPEN & CRISTOBAL COLON, TALCAHUANO",CHILE,GEOMETRIC_CENTER,18229,2021,1342818,1,2021/04/07 00:00:00+00,1899/12/30 00:00:00+00,8,REGION BIO BIO,8110,TALCAHUANO,32,COLISION LATERAL,30,COLISION,1,URBANA,11,CRUCE CON SEMAFORO FUNCIONANDO,10,DESOBEDIENCIA A SEÑALIZACION,62,SEÑALIZACION DESOBEDECER LUZ ROJA DE SEMAFORO,0,HUALPEN,0,CRISTOBAL COLON,CRISTOBAL COLON - HUALPEN,0, , , , ,1,1,3,BIDIRECCIONAL CON BANDEJON,1,CONCRETO,1,BUENO,1,SECO,1,DESPEJADO,0,0,0,2,1
-8135994.35432468,-4409735.55189897,3312,13771,1374315,-73.0868808,-36.7889912,175,HUALPEN,0,34527,2021,1374315,REGION BIO BIO,8110,TALCAHUANO,HUALPEN,CRISTOBAL COLON,0,"HUALPEN & CRISTOBAL COLON, TALCAHUANO",CHILE,GEOMETRIC_CENTER,47594,2021,1374315,1,2021/08/21 00:00:00+00,1899/12/30 00:00:00+00,8,REGION BIO BIO,8110,TALCAHUANO,32,COLISION LATERAL,30,COLISION,1,URBANA,11,CRUCE CON SEMAFORO FUNCIONANDO,10,DESOBEDIENCIA A SEÑALIZACION,62,SEÑALIZACION DESOBEDECER LUZ ROJA DE SEMAFORO,0,HUALPEN,0,CRISTOBAL COLON,CRISTOBAL COLON - HUALPEN,0, , , , ,1,1,2,BIDIRECCIONAL,1,CONCRETO,1,BUENO,1,SECO,1,DESPEJADO,0,0,0,0,2
-8135994.35432468,-4409735.55189897,3313,13772,1391642,-73.0868808,-36.7889912,175,HUALPEN,0,43044,2021,1391642,REGION BIO BIO,8110,TALCAHUANO,HUALPEN,CRISTOBAL COLON,0,"HUALPEN & CRISTOBAL COLON, TALCAHUANO",CHILE,GEOMETRIC_CENTER,58889,2021,1391642,1,2021/10/07 00:00:00+00,1899/12/30 00:00:00+00,8,REGION BIO BIO,8110,TALCAHUANO,32,COLISION LATERAL,30,COLISION,1,URBANA,1,TRAMO DE VIA RECTA,10,DESOBEDIENCIA A SEÑALIZACION,62,SEÑALIZACION DESOBEDECER LUZ ROJA DE SEMAFORO,0,HUALPEN,0,CRISTOBAL COLON,CRISTOBAL COLON - HUALPEN,0, , , , ,1,1,2,BIDIRECCIONAL,1,CONCRETO,1,BUENO,1,SECO,1,DESPEJADO,0,0,0,0,2
-8135994.35432468,-4409735.55189897,3314,13773,1393064,-73.0868808,-36.7889912,175,HUALPEN,0,47870,2021,1393064,REGION BIO BIO,8110,TALCAHUANO,HUALPEN,CRISTOBAL COLON,0,"HUALPEN & CRISTOBAL COLON, TALCAHUANO",CHILE,GEOMETRIC_CENTER,65310,2021,1393064,1,2021/11/02 00:00:00+00,1899/12/30 00:00:00+00,8,REGION BIO BIO,8110,TALCAHUANO,32,COLISION LATERAL,30,COLISION,1,URBANA,11,CRUCE CON SEMAFORO FUNCIONANDO,10,DESOBEDIENCIA A SEÑALIZACION,62,SEÑALIZACION DESOBEDECER LUZ ROJA DE SEMAFORO,0,HUALPEN,0,CRISTOBAL COLON,CRISTOBAL COLON - HUALPEN,0, , , , ,1,1,2,BIDIRECCIONAL,1,CONCRETO,1,BUENO,1,SECO,1,DESPEJADO,0,0,0,0,2
-8135994.35432468,-4409735.55189897,3315,13774,1406442,-73.0868808,-36.7889912,175,HUALPEN,1,57645,2021,1406442,REGION BIO BIO,8112,HUALPEN,CRISTOBAL COLON, ,1127,"CRISTOBAL COLON 1127, HUALPEN",CHILE,RANGE_INTERPOLATED,78276,2021,1406442,1,2021/12/21 00:00:00+00,1899/12/30 00:00:00+00,8,REGION BIO BIO,8112,HUALPEN,50,CHOQUE,40,CHOQUE,1,URBANA,1,TRAMO DE VIA RECTA,7,VELOCIDAD IMPRUDENTE,71,VELOCIDAD MAYOR QUE MAXIMA PERMITIDA,0,CRISTOBAL COLON,0, ,- CRISTOBAL COLON,1127, , , , ,1,1,2,BIDIRECCIONAL,1,CONCRETO,1,BUENO,1,SECO,1,DESPEJADO,0,0,0,0,1
-8139981.46226253,-4409707.20936977,3316,13775,1345470,-73.1226976,-36.7887873,175,HUALPEN,1,15429,2021,1345470,REGION BIO BIO,8112,HUALPEN,CAMINO RAMUNTCHO, ,1750,"CAMINO RAMUNTCHO 1750, HUALPEN",CHILE,RANGE_INTERPOLATED,21251,2021,1345470,1,2021/04/26 00:00:00+00,1899/12/30 00:00:00+00,8,REGION BIO BIO,8112,HUALPEN,99,OTRO TIPO,99,OTRO TIPO,1,URBANA,1,TRAMO DE VIA RECTA,11,DEFICIENCIAS VIALES,92,ANIMALES SUELTOS VIA PUBLICA,0,CAMINO RAMUNTCHO,0, ,- CAMINO RAMUNTCHO,1750, , , , ,1,1,2,BIDIRECCIONAL,1,CONCRETO,1,BUENO,1,SECO,1,DESPEJADO,0,0,0,0,1
-8138513.13591507,-4409700.77358281,3317,13776,1391566,-73.1095074,-36.788741,175,HUALPEN,1,45841,2021,1391566,REGION BIO BIO,8112,HUALPEN,GRAN BRETA??ªA, ,374,"GRAN BRETA??ªA 374, HUALPEN",CHILE,RANGE_INTERPOLATED,62623,2021,1391566,1,2021/10/22 00:00:00+00,1899/12/30 00:00:00+00,8,REGION BIO BIO,8112,HUALPEN,63,CHOQUE FRENTE/POSTERIOR,40,CHOQUE,1,URBANA,1,TRAMO DE VIA RECTA,1,IMPRUDENCIA DEL CONDUCTOR,28,CONDUCCION SIN MANTENER DISTANCIA RAZONABLE NI PRUDENTE,0,GRAN BRETAÑA,0, ,- GRAN BRETAÑA,374, , , , ,1,1,2,BIDIRECCIONAL,1,CONCRETO,1,BUENO,1,SECO,1,DESPEJADO,0,0,0,0,2
-8136192.00208059,-4409682.93966218,3318,13777,1366086,-73.0886563,-36.7886127,175,HUALPEN,1,29369,2021,1366086,REGION BIO BIO,8112,HUALPEN,CALLE NUEVE,POLESIA,0,"CALLE NUEVE & POLESIA, HUALPEN",CHILE,GEOMETRIC_CENTER,40601,2021,1366086,1,2021/07/23 00:00:00+00,1899/12/30 00:00:00+00,8,REGION BIO BIO,8112,HUALPEN,30,COLISION,30,COLISION,1,URBANA,14,CRUCE CON SEÑAL PARE,14,OTRAS CAUSAS,98,OTRAS CAUSAS,0,CALLE NUEVE,0,POLESIA,CALLE NUEVE - POLESIA,0, , , , ,2,2,2,BIDIRECCIONAL,1,CONCRETO,1,BUENO,1,SECO,1,DESPEJADO,0,0,0,0,1
-8136832.06688875,-4409681.95275084,3319,13778,1327359,-73.0944061,-36.7886056,175,HUALPEN,1,2607,2021,1327359,REGION BIO BIO,8112,HUALPEN,LA RECONQUISTA,QUILLECO,0,"LA RECONQUISTA & QUILLECO, HUALPEN",CHILE,GEOMETRIC_CENTER,3585,2021,1327359,1,2021/01/18 00:00:00+00,1899/12/30 00:00:00+00,8,REGION BIO BIO,8112,HUALPEN,30,COLISION,30,COLISION,1,URBANA,16,CRUCE SIN SEÑALIZACION,1,IMPRUDENCIA DEL CONDUCTOR,15,"ADELANTAMIENTO EN CRUCE, CURVA, CUESTA, PUENTE",0,LA RECONQUISTA,0,QUILLECO,LA RECONQUISTA - QUILLECO,0, , , , ,1,1,2,BIDIRECCIONAL,1,CONCRETO,1,BUENO,1,SECO,1,DESPEJADO,0,0,1,0,1
-8138090.90108649,-4409654.52777236,3320,13779,1376409,-73.1057144,-36.7884083,175,HUALPEN,1,36639,2021,1376409,REGION BIO BIO,8112,HUALPEN,LAS PLAMAS,MADRID,0,"LAS PLAMAS & MADRID, HUALPEN",CHILE,GEOMETRIC_CENTER,50390,2021,1376409,1,2021/09/02 00:00:00+00,1899/12/30 00:00:00+00,8,REGION BIO BIO,8112,HUALPEN,68,CHOQUE POSTERIOR/LADO,40,CHOQUE,1,URBANA,11,CRUCE CON SEMAFORO FUNCIONANDO,1,IMPRUDENCIA DEL CONDUCTOR,28,CONDUCCION SIN MANTENER DISTANCIA RAZONABLE NI PRUDENTE,0,LAS PLAMAS,0,MADRID,LAS PLAMAS - MADRID,0, , , , ,1,1,2,BIDIRECCIONAL,1,CONCRETO,1,BUENO,2,HUMEDO,1,DESPEJADO,0,0,0,0,2