X,Y,FID,FID_1,LABELID,POINT_X,POINT_Y,FID_2,COMUNAREAL,VAL_COM,OBJECTID,A_O,IDACCIDENT,REGION,COD_COMUN,COMUNA,CALLE_UNO,CALLE_DOS,NUMERO,DIR_GEOCOD,PAIS,TIPO,OBJECTID_1,Año,Idaccide_1,Claseaccid,Fecha,Hora,Cód_Regi,Región,Cód_Comun,Comuna_1,Cód_Tipo_,Tipo_Accid,Cód_Tipo1,Tipo__CONA,Cód_Zona,Zona,Cód_Ubica,Ubicación,Cód_Causa,Causa__CON,Cód_Cau_1,Causa,Cód_Calle,Calle_Un_1,Cód_Cal_1,Calle_Do_1,Intersecci,Número,Ruta,Cód_Ruta,Ubicaci_1,Km_Vía_Fe,Pistas_de_,Pistas_de1,Cód_Calza,Calzada,Cód__Tipo,Tipo_Calza,Cód_Estad,Estado_Cal,Cód_Condi,Condición,Cód_Est_1,Estado_Atm,Fallecidos,Graves,Menos_Grav,Leves,Ilesos
-8137906.92336405,-4409650.64963868,3321,13780,1324684,-73.1040617,-36.7883804,175,HUALPEN,1,1037,2021,1324684,REGION BIO BIO,8112,HUALPEN,LAS PALMAS,BULGARIA,0,"LAS PALMAS & BULGARIA, HUALPEN",CHILE,GEOMETRIC_CENTER,1402,2021,1324684,1,2021/01/07 00:00:00+00,1899/12/30 00:00:00+00,8,REGION BIO BIO,8112,HUALPEN,30,COLISION,30,COLISION,1,URBANA,14,CRUCE CON SEÑAL PARE,10,DESOBEDIENCIA A SEÑALIZACION,65,SEÑALIZACION DESOBEDECER SEÑAL PARE,0,LAS PALMAS,0,BULGARIA,BULGARIA - LAS PALMAS,0, , , , ,1,1,2,BIDIRECCIONAL,1,CONCRETO,1,BUENO,1,SECO,1,DESPEJADO,0,0,0,0,1
-8136522.38719731,-4409650.01023327,3322,13781,1402311,-73.0916242,-36.7883758,175,HUALPEN,1,54918,2021,1402311,REGION BIO BIO,8112,HUALPEN,CONTULMO, ,9304,"CONTULMO 9304, HUALPEN",CHILE,RANGE_INTERPOLATED,74620,2021,1402311,1,2021/12/08 00:00:00+00,1899/12/30 00:00:00+00,8,REGION BIO BIO,8112,HUALPEN,51,CHOQUE FRONTAL,40,CHOQUE,1,URBANA,1,TRAMO DE VIA RECTA,4,ALCOHOL EN CONDUCTOR,24,CONDUCCION EN ESTADO DE EBRIEDAD,0,CONTULMO,0, ,- CONTULMO,9304, , , , ,1,1,2,BIDIRECCIONAL,1,CONCRETO,1,BUENO,1,SECO,1,DESPEJADO,0,0,0,0,1
-8139555.74313389,-4409629.64658081,3323,13782,1380125,-73.1188733,-36.7882293,175,HUALPEN,1,38865,2021,1380125,REGION BIO BIO,8112,HUALPEN,COSTANERA,CAMINO A RAMUNTCHO,0,"COSTANERA & CAMINO A RAMUNTCHO, HUALPEN",CHILE,GEOMETRIC_CENTER,53378,2021,1380125,1,2021/09/14 00:00:00+00,1899/12/30 00:00:00+00,8,REGION BIO BIO,8112,HUALPEN,30,COLISION,30,COLISION,1,URBANA,14,CRUCE CON SEÑAL PARE,10,DESOBEDIENCIA A SEÑALIZACION,65,SEÑALIZACION DESOBEDECER SEÑAL PARE,0,COSTANERA,0,CAMINO A RAMUNTCHO,CAMINO A RAMUNTCHO - COSTANERA,0, , , , ,2,2,3,BIDIRECCIONAL CON BANDEJON,1,CONCRETO,1,BUENO,1,SECO,1,DESPEJADO,0,1,0,1,1
-8139555.74313389,-4409629.64658081,3324,13783,1390131,-73.1188733,-36.7882293,175,HUALPEN,1,46255,2021,1390131,REGION BIO BIO,8112,HUALPEN,COSTANERA,CAMINO A RAMUNTCHO,0,"COSTANERA & CAMINO A RAMUNTCHO, HUALPEN",CHILE,GEOMETRIC_CENTER,63190,2021,1390131,1,2021/10/25 00:00:00+00,1899/12/30 00:00:00+00,8,REGION BIO BIO,8112,HUALPEN,63,CHOQUE FRENTE/POSTERIOR,40,CHOQUE,1,URBANA,14,CRUCE CON SEÑAL PARE,1,IMPRUDENCIA DEL CONDUCTOR,27,CONDUCCION NO ATENTO CONDICIONES TRANSITO MOMENTO,0,COSTANERA,0,CAMINO A RAMUNTCHO,CAMINO A RAMUNTCHO - COSTANERA,0, , , , ,1,1,2,BIDIRECCIONAL,1,CONCRETO,1,BUENO,1,SECO,1,DESPEJADO,0,0,0,1,1
-8139555.74313389,-4409629.64658081,3325,13784,1401137,-73.1188733,-36.7882293,175,HUALPEN,1,54220,2021,1401137,REGION BIO BIO,8112,HUALPEN,COSTANERA,CAMINO A RAMUNTCHO,0,"COSTANERA & CAMINO A RAMUNTCHO, HUALPEN",CHILE,GEOMETRIC_CENTER,73667,2021,1401137,1,2021/12/04 00:00:00+00,1899/12/30 00:00:00+00,8,REGION BIO BIO,8112,HUALPEN,30,COLISION,30,COLISION,1,URBANA,14,CRUCE CON SEÑAL PARE,1,IMPRUDENCIA DEL CONDUCTOR,27,CONDUCCION NO ATENTO CONDICIONES TRANSITO MOMENTO,0,COSTANERA,0,CAMINO A RAMUNTCHO,CAMINO A RAMUNTCHO - COSTANERA,0, , , , ,2,2,3,BIDIRECCIONAL CON BANDEJON,1,CONCRETO,1,BUENO,1,SECO,1,DESPEJADO,0,0,0,2,2
-8139076.1898995,-4409621.61233137,3326,13785,1344090,-73.1145654,-36.7881715,175,HUALPEN,1,14264,2021,1344090,REGION BIO BIO,8112,HUALPEN,SILESIA, ,3133,"SILESIA 3133, HUALPEN",CHILE,RANGE_INTERPOLATED,19666,2021,1344090,1,2021/04/16 00:00:00+00,1899/12/30 00:00:00+00,8,REGION BIO BIO,8112,HUALPEN,63,CHOQUE FRENTE/POSTERIOR,40,CHOQUE,1,URBANA,1,TRAMO DE VIA RECTA,1,IMPRUDENCIA DEL CONDUCTOR,28,CONDUCCION SIN MANTENER DISTANCIA RAZONABLE NI PRUDENTE,0,SILESIA,0, ,- SILESIA,3133, , , , ,1,1,2,BIDIRECCIONAL,1,CONCRETO,1,BUENO,1,SECO,1,DESPEJADO,0,0,0,0,2
-8139076.1898995,-4409621.61233137,3327,13786,1364767,-73.1145654,-36.7881715,175,HUALPEN,1,27709,2021,1364767,REGION BIO BIO,8112,HUALPEN,SILESIA, ,3127,"SILESIA 3127, HUALPEN",CHILE,RANGE_INTERPOLATED,38249,2021,1364767,1,2021/07/14 00:00:00+00,1899/12/30 00:00:00+00,8,REGION BIO BIO,8112,HUALPEN,50,CHOQUE,40,CHOQUE,1,URBANA,1,TRAMO DE VIA RECTA,13,CAUSAS NO DETERMINADAS,97,CAUSAS NO DETERMINADAS,0,SILESIA,0, ,- SILESIA,3127, , , , ,1,1,2,BIDIRECCIONAL,1,CONCRETO,1,BUENO,1,SECO,1,DESPEJADO,0,0,0,0,1
-8139076.1898995,-4409621.61233137,3328,13787,1365838,-73.1145654,-36.7881715,175,HUALPEN,1,29410,2021,1365838,REGION BIO BIO,8112,HUALPEN,SILESIA, ,3181,"SILESIA 3181, HUALPEN",CHILE,RANGE_INTERPOLATED,40661,2021,1365838,1,2021/07/24 00:00:00+00,1899/12/30 00:00:00+00,8,REGION BIO BIO,8112,HUALPEN,50,CHOQUE,40,CHOQUE,1,URBANA,1,TRAMO DE VIA RECTA,1,IMPRUDENCIA DEL CONDUCTOR,93,CONDUCIR VEHICULO EN RETROCESO,0,SILESIA,0, ,- SILESIA,3181, , , , ,1,1,2,BIDIRECCIONAL,1,CONCRETO,1,BUENO,1,SECO,1,DESPEJADO,0,0,0,0,2
-8136332.38709043,-4409616.03840064,3329,13788,1363172,-73.0899174,-36.7881314,175,HUALPEN,1,27223,2021,1363172,REGION BIO BIO,8112,HUALPEN,CHAITEN, ,8024,"CHAITEN 8024, HUALPEN",CHILE,RANGE_INTERPOLATED,37529,2021,1363172,1,2021/07/11 00:00:00+00,1899/12/30 00:00:00+00,8,REGION BIO BIO,8112,HUALPEN,50,CHOQUE,40,CHOQUE,1,URBANA,1,TRAMO DE VIA RECTA,1,IMPRUDENCIA DEL CONDUCTOR,27,CONDUCCION NO ATENTO CONDICIONES TRANSITO MOMENTO,0,CHAITEN,0, ,- CHAITEN,8024, , , , ,1,1,2,BIDIRECCIONAL,2,ASFALTO,1,BUENO,1,SECO,1,DESPEJADO,0,0,0,0,2
-8135965.24427784,-4409611.86837955,3330,13789,1406294,-73.0866193,-36.7881014,175,HUALPEN,1,57527,2021,1406294,REGION BIO BIO,8112,HUALPEN,CRISTOBAL COLON, ,8015,"CRISTOBAL COLON 8015, HUALPEN",CHILE,RANGE_INTERPOLATED,78112,2021,1406294,1,2021/12/21 00:00:00+00,1899/12/30 00:00:00+00,8,REGION BIO BIO,8112,HUALPEN,20,CAIDA,20,CAIDA,1,URBANA,1,TRAMO DE VIA RECTA,3,IMPRUDENCIA DEL PASAJERO,41,PASAJERO SUBE O DESCIENDE DE VEHICULO MOVIMIENTO,0,CRISTOBAL COLON,0, ,- CRISTOBAL COLON,8015, , , , ,2,2,2,BIDIRECCIONAL,1,CONCRETO,1,BUENO,1,SECO,1,DESPEJADO,0,0,0,1,1
-8136116.42727829,-4409611.84057941,3331,13790,1370869,-73.0879774,-36.7881012,175,HUALPEN,1,32744,2021,1370869,REGION BIO BIO,8112,HUALPEN,CHAITEN,MIRADOR HUALPEN,0,"CHAITEN & MIRADOR HUALPEN, HUALPEN",CHILE,GEOMETRIC_CENTER,45177,2021,1370869,1,2021/08/11 00:00:00+00,1899/12/30 00:00:00+00,8,REGION BIO BIO,8112,HUALPEN,30,COLISION,30,COLISION,1,URBANA,15,CRUCE CON SEÑAL CEDA EL PASO,10,DESOBEDIENCIA A SEÑALIZACION,64,SEÑALIZACION DESOBEDECER SEÑAL CEDA EL PASO,0,CHAITEN,0,MIRADOR HUALPEN,CHAITEN - MIRADOR HUALPEN,0, , , , ,1,1,2,BIDIRECCIONAL,1,CONCRETO,1,BUENO,1,SECO,1,DESPEJADO,0,0,0,1,1
-8137917.209285,-4409607.89296096,3332,13791,1404934,-73.1041541,-36.7880728,175,HUALPEN,1,56711,2021,1404934,REGION BIO BIO,8112,HUALPEN,BULGARIA,GRAN BRETA??ªA,0,"BULGARIA & GRAN BRETA??ªA, HUALPEN",CHILE,GEOMETRIC_CENTER,77061,2021,1404934,1,2021/12/17 00:00:00+00,1899/12/30 00:00:00+00,8,REGION BIO BIO,8112,HUALPEN,63,CHOQUE FRENTE/POSTERIOR,40,CHOQUE,1,URBANA,11,CRUCE CON SEMAFORO FUNCIONANDO,1,IMPRUDENCIA DEL CONDUCTOR,28,CONDUCCION SIN MANTENER DISTANCIA RAZONABLE NI PRUDENTE,0,BULGARIA,0,GRAN BRETAÑA,BULGARIA - GRAN BRETAÑA,0, , , , ,1,1,2,BIDIRECCIONAL,1,CONCRETO,1,BUENO,1,SECO,1,DESPEJADO,0,0,0,0,2
-8137168.04024391,-4409594.11800805,3333,13792,1359578,-73.0974242,-36.7879737,175,HUALPEN,1,24961,2021,1359578,REGION BIO BIO,8112,HUALPEN,TOSCANIA,LA CORU??ªA,0,"TOSCANIA & LA CORU??ªA, HUALPEN",CHILE,GEOMETRIC_CENTER,34444,2021,1359578,1,2021/06/27 00:00:00+00,1899/12/30 00:00:00+00,8,REGION BIO BIO,8112,HUALPEN,50,CHOQUE,40,CHOQUE,1,URBANA,15,CRUCE CON SEÑAL CEDA EL PASO,1,IMPRUDENCIA DEL CONDUCTOR,27,CONDUCCION NO ATENTO CONDICIONES TRANSITO MOMENTO,0,TOSCANIA,0,LA CORUÑA,LA CORUÑA - TOSCANIA,0, , , , ,1,1,2,BIDIRECCIONAL,1,CONCRETO,1,BUENO,1,SECO,1,DESPEJADO,0,0,0,0,2
-8136523.110774,-4409577.78546839,3334,13793,1391009,-73.0916307,-36.7878562,175,HUALPEN,1,46813,2021,1391009,REGION BIO BIO,8112,HUALPEN,PUERTO OCTAY,LEBU,0,"PUERTO OCTAY & LEBU, HUALPEN",CHILE,GEOMETRIC_CENTER,63873,2021,1391009,1,2021/10/27 00:00:00+00,1899/12/30 00:00:00+00,8,REGION BIO BIO,8112,HUALPEN,30,COLISION,30,COLISION,1,URBANA,14,CRUCE CON SEÑAL PARE,10,DESOBEDIENCIA A SEÑALIZACION,65,SEÑALIZACION DESOBEDECER SEÑAL PARE,0,PUERTO OCTAY,0,LEBU,LEBU - PUERTO OCTAY,0, , , , ,1,1,2,BIDIRECCIONAL,1,CONCRETO,1,BUENO,1,SECO,1,DESPEJADO,0,0,0,0,2
-8137306.57735021,-4409574.6162636,3335,13794,1340517,-73.0986687,-36.7878334,175,HUALPEN,1,12147,2021,1340517,REGION BIO BIO,8112,HUALPEN,NAPOLES,LA CORU??ªA,0,"NAPOLES & LA CORU??ªA, HUALPEN",CHILE,GEOMETRIC_CENTER,16808,2021,1340517,1,2021/03/29 00:00:00+00,1899/12/30 00:00:00+00,8,REGION BIO BIO,8112,HUALPEN,30,COLISION,30,COLISION,1,URBANA,16,CRUCE SIN SEÑALIZACION,1,IMPRUDENCIA DEL CONDUCTOR,31,NO RESPETAR DERECHO PREFERENTE DE PASO A PEATON,0,NAPOLES,0,LA CORUÑA,LA CORUÑA - NAPOLES,0, , , , ,1,1,2,BIDIRECCIONAL,1,CONCRETO,1,BUENO,1,SECO,1,DESPEJADO,0,0,0,0,2
-8135953.77837029,-4409574.46336339,3336,13795,1386204,-73.0865163,-36.7878323,175,HUALPEN,1,43245,2021,1386204,REGION BIO BIO,8112,HUALPEN,CRISTOBAL COLON, ,7999,"CRISTOBAL COLON 7999, HUALPEN",CHILE,RANGE_INTERPOLATED,59147,2021,1386204,1,2021/10/08 00:00:00+00,1899/12/30 00:00:00+00,8,REGION BIO BIO,8112,HUALPEN,50,CHOQUE,40,CHOQUE,1,URBANA,1,TRAMO DE VIA RECTA,1,IMPRUDENCIA DEL CONDUCTOR,27,CONDUCCION NO ATENTO CONDICIONES TRANSITO MOMENTO,0,CRISTOBAL COLON,0, ,- CRISTOBAL COLON,7999, , , , ,2,2,2,BIDIRECCIONAL,1,CONCRETO,1,BUENO,1,SECO,1,DESPEJADO,0,0,0,0,2
-8135263.27470085,-4409573.15676171,3337,13796,1354693,-73.0803134,-36.7878229,175,HUALPEN,1,20995,2021,1354693,REGION BIO BIO,8112,HUALPEN,SAN MARTIN DE PORRES, ,513,"SAN MARTIN DE PORRES 513, HUALPEN",CHILE,RANGE_INTERPOLATED,28945,2021,1354693,1,2021/06/02 00:00:00+00,1899/12/30 00:00:00+00,8,REGION BIO BIO,8112,HUALPEN,50,CHOQUE,40,CHOQUE,1,URBANA,1,TRAMO DE VIA RECTA,13,CAUSAS NO DETERMINADAS,97,CAUSAS NO DETERMINADAS,0,SAN MARTIN DE PORRES,0, ,- SAN MARTIN DE PORRES,513, , , , ,1,1,2,BIDIRECCIONAL,1,CONCRETO,1,BUENO,3,MOJADO,3,LLUVIA,0,0,0,0,2
-8136833.20234756,-4409572.3922608,3338,13797,1342792,-73.0944163,-36.7878174,175,HUALPEN,1,13486,2021,1342792,REGION BIO BIO,8112,HUALPEN,LEBU,LA RECONQUISTA,0,"LEBU & LA RECONQUISTA, HUALPEN",CHILE,GEOMETRIC_CENTER,18628,2021,1342792,1,2021/04/10 00:00:00+00,1899/12/30 00:00:00+00,8,REGION BIO BIO,8112,HUALPEN,30,COLISION,30,COLISION,1,URBANA,14,CRUCE CON SEÑAL PARE,10,DESOBEDIENCIA A SEÑALIZACION,65,SEÑALIZACION DESOBEDECER SEÑAL PARE,0,LEBU,0,LA RECONQUISTA,LA RECONQUISTA - LEBU,0, , , , ,1,1,2,BIDIRECCIONAL,1,CONCRETO,1,BUENO,1,SECO,1,DESPEJADO,0,1,0,0,1
-8138232.15438835,-4409547.91436066,3339,13798,1345241,-73.1069833,-36.7876413,175,HUALPEN,1,15301,2021,1345241,REGION BIO BIO,8112,HUALPEN,GRECIA,IRLANDA,0,"GRECIA & IRLANDA, HUALPEN",CHILE,GEOMETRIC_CENTER,21088,2021,1345241,1,2021/04/24 00:00:00+00,1899/12/30 00:00:00+00,8,REGION BIO BIO,8112,HUALPEN,30,COLISION,30,COLISION,1,URBANA,15,CRUCE CON SEÑAL CEDA EL PASO,10,DESOBEDIENCIA A SEÑALIZACION,64,SEÑALIZACION DESOBEDECER SEÑAL CEDA EL PASO,0,GRECIA,0,IRLANDA,GRECIA - IRLANDA,0, , , , ,1,1,2,BIDIRECCIONAL,1,CONCRETO,1,BUENO,2,HUMEDO,1,DESPEJADO,0,1,0,0,1
-8136008.0800179,-4409541.0060708,3340,13799,1324664,-73.0870041,-36.7875916,175,HUALPEN,1,210,2021,1324664,REGION BIO BIO,8112,HUALPEN,CRISTOBAL COLON,CAMPANARIO,0,"CRISTOBAL COLON & CAMPANARIO, HUALPEN",CHILE,GEOMETRIC_CENTER,322,2021,1324664,1,2021/01/02 00:00:00+00,1899/12/30 00:00:00+00,8,REGION BIO BIO,8112,HUALPEN,20,CAIDA,20,CAIDA,1,URBANA,1,TRAMO DE VIA RECTA,14,OTRAS CAUSAS,98,OTRAS CAUSAS,0,CRISTOBAL COLON,0,CAMPANARIO,CAMPANARIO - CRISTOBAL COLON,0, , , , ,2,2,2,BIDIRECCIONAL,1,CONCRETO,1,BUENO,1,SECO,1,DESPEJADO,0,0,0,1,0
-8136008.0800179,-4409541.0060708,3341,13800,1377246,-73.0870041,-36.7875916,175,HUALPEN,1,37559,2021,1377246,REGION BIO BIO,8112,HUALPEN,CAMPANARIO,CRISTOBAL COLON,0,"CAMPANARIO & CRISTOBAL COLON, HUALPEN",CHILE,GEOMETRIC_CENTER,51633,2021,1377246,1,2021/09/07 00:00:00+00,1899/12/30 00:00:00+00,8,REGION BIO BIO,8112,HUALPEN,30,COLISION,30,COLISION,1,URBANA,11,CRUCE CON SEMAFORO FUNCIONANDO,1,IMPRUDENCIA DEL CONDUCTOR,27,CONDUCCION NO ATENTO CONDICIONES TRANSITO MOMENTO,0,CAMPANARIO,0,CRISTOBAL COLON,CAMPANARIO - CRISTOBAL COLON,0, , , , ,2,2,3,BIDIRECCIONAL CON BANDEJON,1,CONCRETO,1,BUENO,2,HUMEDO,1,DESPEJADO,0,0,0,0,2
-8136243.17565051,-4409514.23475242,3342,13801,1366415,-73.089116,-36.787399,175,HUALPEN,0,28394,2021,1366415,REGION BIO BIO,8110,TALCAHUANO,CRISTOBAL COLON, ,1120,"CRISTOBAL COLON 1120, TALCAHUANO",CHILE,RANGE_INTERPOLATED,39219,2021,1366415,1,2021/07/18 00:00:00+00,1899/12/30 00:00:00+00,8,REGION BIO BIO,8110,TALCAHUANO,51,CHOQUE FRONTAL,40,CHOQUE,1,URBANA,1,TRAMO DE VIA RECTA,4,ALCOHOL EN CONDUCTOR,24,CONDUCCION EN ESTADO DE EBRIEDAD,0,CRISTOBAL COLON,0, ,- CRISTOBAL COLON,1120, , , , ,1,1,2,BIDIRECCIONAL,1,CONCRETO,1,BUENO,1,SECO,1,DESPEJADO,0,0,0,0,1
-8136243.17565051,-4409514.23475242,3343,13802,1395549,-73.089116,-36.787399,175,HUALPEN,0,49603,2021,1395549,REGION BIO BIO,8110,TALCAHUANO,CRUZ,CRISTOBAL COLON,0,"CRUZ & CRISTOBAL COLON, TALCAHUANO",CHILE,GEOMETRIC_CENTER,67575,2021,1395549,1,2021/11/11 00:00:00+00,1899/12/30 00:00:00+00,8,REGION BIO BIO,8110,TALCAHUANO,32,COLISION LATERAL,30,COLISION,1,URBANA,15,CRUCE CON SEÑAL CEDA EL PASO,1,IMPRUDENCIA DEL CONDUCTOR,32,NO RESPETAR DERECHO PREFERENTE DE PASO A VEHICULO,0,CRUZ,0,CRISTOBAL COLON,CRISTOBAL COLON - CRUZ,0, , , , ,1,0,1,UNIDIRECCIONAL,1,CONCRETO,1,BUENO,1,SECO,1,DESPEJADO,0,0,0,1,1
-8137660.37295584,-4409493.2736633,3344,13803,1366914,-73.1018469,-36.7872482,175,HUALPEN,1,30390,2021,1366914,REGION BIO BIO,8112,HUALPEN,AVENIDA UNO,PASAJE UNO,0,"AVENIDA UNO & PASAJE UNO, HUALPEN",CHILE,GEOMETRIC_CENTER,41990,2021,1366914,1,2021/07/29 00:00:00+00,1899/12/30 00:00:00+00,8,REGION BIO BIO,8112,HUALPEN,30,COLISION,30,COLISION,1,URBANA,16,CRUCE SIN SEÑALIZACION,1,IMPRUDENCIA DEL CONDUCTOR,32,NO RESPETAR DERECHO PREFERENTE DE PASO A VEHICULO,0,AVENIDA UNO,0,PASAJE UNO,AVENIDA UNO - PASAJE UNO,0, , , , ,2,2,2,BIDIRECCIONAL,1,CONCRETO,1,BUENO,1,SECO,1,DESPEJADO,0,0,0,1,1
-8138214.78854779,-4409480.97224758,3345,13804,1328003,-73.1068273,-36.7871597,175,HUALPEN,1,3574,2021,1328003,REGION BIO BIO,8112,HUALPEN,CRISTOBAL COLON,O'HIGGINS,0,"CRISTOBAL COLON & O'HIGGINS, HUALPEN",CHILE,GEOMETRIC_CENTER,4914,2021,1328003,1,2021/01/25 00:00:00+00,1899/12/30 00:00:00+00,8,REGION BIO BIO,8112,HUALPEN,30,COLISION,30,COLISION,1,URBANA,15,CRUCE CON SEÑAL CEDA EL PASO,10,DESOBEDIENCIA A SEÑALIZACION,64,SEÑALIZACION DESOBEDECER SEÑAL CEDA EL PASO,0,CRISTOBAL COLON,0,O'HIGGINS,CRISTOBAL COLON - O'HIGGINS,0, , , , ,2,2,3,BIDIRECCIONAL CON BANDEJON,1,CONCRETO,1,BUENO,1,SECO,1,DESPEJADO,0,0,0,1,1
-8138214.78854779,-4409480.97224758,3346,13805,1340133,-73.1068273,-36.7871597,175,HUALPEN,1,11856,2021,1340133,REGION BIO BIO,8112,HUALPEN,CRISTOBAL COLON,O'HIGGINS,0,"CRISTOBAL COLON & O'HIGGINS, HUALPEN",CHILE,GEOMETRIC_CENTER,16412,2021,1340133,1,2021/03/26 00:00:00+00,1899/12/30 00:00:00+00,8,REGION BIO BIO,8112,HUALPEN,30,COLISION,30,COLISION,1,URBANA,15,CRUCE CON SEÑAL CEDA EL PASO,10,DESOBEDIENCIA A SEÑALIZACION,64,SEÑALIZACION DESOBEDECER SEÑAL CEDA EL PASO,0,CRISTOBAL COLON,0,O'HIGGINS,CRISTOBAL COLON - O'HIGGINS,0, , , , ,2,2,3,BIDIRECCIONAL CON BANDEJON,1,CONCRETO,1,BUENO,1,SECO,1,DESPEJADO,0,0,0,2,0
-8138214.78854779,-4409480.97224758,3347,13806,1341388,-73.1068273,-36.7871597,175,HUALPEN,1,12393,2021,1341388,REGION BIO BIO,8112,HUALPEN,O'HIGGINS,AUTOPISTA CONCEPCION TALCAHUANO,0,"O'HIGGINS & AUTOPISTA CONCEPCION TALCAHUANO, HUALPEN",CHILE,GEOMETRIC_CENTER,17142,2021,1341388,1,2021/03/31 00:00:00+00,1899/12/30 00:00:00+00,8,REGION BIO BIO,8112,HUALPEN,30,COLISION,30,COLISION,1,URBANA,21,ENLACE A NIVEL,1,IMPRUDENCIA DEL CONDUCTOR,31,NO RESPETAR DERECHO PREFERENTE DE PASO A PEATON,0,O'HIGGINS,0,AUTOPISTA CONCEPCION TALCAHUANO,AUTOPISTA CONCEPCION TALCAHUANO - O'HIGGINS,0, , , , ,2,2,3,BIDIRECCIONAL CON BANDEJON,1,CONCRETO,1,BUENO,1,SECO,1,DESPEJADO,0,0,0,0,2
-8138214.78854779,-4409480.97224758,3348,13807,1347340,-73.1068273,-36.7871597,175,HUALPEN,1,16508,2021,1347340,REGION BIO BIO,8112,HUALPEN,CRISTOBAL COLON,O'HIGGINS,0,"CRISTOBAL COLON & O'HIGGINS, HUALPEN",CHILE,GEOMETRIC_CENTER,22785,2021,1347340,1,2021/05/04 00:00:00+00,1899/12/30 00:00:00+00,8,REGION BIO BIO,8112,HUALPEN,30,COLISION,30,COLISION,1,URBANA,24,ROTONDA,1,IMPRUDENCIA DEL CONDUCTOR,28,CONDUCCION SIN MANTENER DISTANCIA RAZONABLE NI PRUDENTE,0,CRISTOBAL COLON,0,O'HIGGINS,CRISTOBAL COLON - O'HIGGINS,0, , , , ,2,2,3,BIDIRECCIONAL CON BANDEJON,1,CONCRETO,1,BUENO,1,SECO,1,DESPEJADO,0,0,0,0,2
-8138214.78854779,-4409480.97224758,3349,13808,1350857,-73.1068273,-36.7871597,175,HUALPEN,1,19284,2021,1350857,REGION BIO BIO,8112,HUALPEN,CRISTOBAL COLON,O'HIGGINS,0,"CRISTOBAL COLON & O'HIGGINS, HUALPEN",CHILE,GEOMETRIC_CENTER,26536,2021,1350857,1,2021/05/22 00:00:00+00,1899/12/30 00:00:00+00,8,REGION BIO BIO,8112,HUALPEN,30,COLISION,30,COLISION,1,URBANA,22,ENLACE A DESNIVEL,1,IMPRUDENCIA DEL CONDUCTOR,29,CONDUCCION CAMBIAR SORPRESIVAMENTE PISTA CIRCULACION,0,CRISTOBAL COLON,0,O'HIGGINS,CRISTOBAL COLON - O'HIGGINS,0, , , , ,2,2,3,BIDIRECCIONAL CON BANDEJON,1,CONCRETO,1,BUENO,1,SECO,1,DESPEJADO,0,0,0,0,2
-8136015.2935209,-4409463.2915936,3350,13809,1355878,-73.0870689,-36.7870325,175,HUALPEN,1,22593,2021,1355878,REGION BIO BIO,8112,HUALPEN,CRISTOBAL COLON, ,7948,"CRISTOBAL COLON 7948, HUALPEN",CHILE,RANGE_INTERPOLATED,31116,2021,1355878,1,2021/06/11 00:00:00+00,1899/12/30 00:00:00+00,8,REGION BIO BIO,8112,HUALPEN,50,CHOQUE,40,CHOQUE,1,URBANA,26,OTROS NO CONSIDERADOS,1,IMPRUDENCIA DEL CONDUCTOR,27,CONDUCCION NO ATENTO CONDICIONES TRANSITO MOMENTO,0,CRISTOBAL COLON,0, ,- CRISTOBAL COLON,7948, , , , ,1,1,2,BIDIRECCIONAL,1,CONCRETO,1,BUENO,1,SECO,1,DESPEJADO,0,0,0,0,1
-8135264.02054144,-4409457.59264692,3351,13810,1341959,-73.0803201,-36.7869915,175,HUALPEN,1,12929,2021,1341959,REGION BIO BIO,8112,HUALPEN,SANTA MARIA, ,7515,"SANTA MARIA 7515, HUALPEN",CHILE,RANGE_INTERPOLATED,17855,2021,1341959,1,2021/04/05 00:00:00+00,1899/12/30 00:00:00+00,8,REGION BIO BIO,8112,HUALPEN,30,COLISION,30,COLISION,1,URBANA,1,TRAMO DE VIA RECTA,4,ALCOHOL EN CONDUCTOR,24,CONDUCCION EN ESTADO DE EBRIEDAD,0,SANTA MARIA,0, ,- SANTA MARIA,7515, , , , ,1,1,3,BIDIRECCIONAL CON BANDEJON,1,CONCRETO,1,BUENO,1,SECO,1,DESPEJADO,0,1,0,0,1
-8135264.02054144,-4409457.59264692,3352,13811,1342197,-73.0803201,-36.7869915,175,HUALPEN,1,12998,2021,1342197,REGION BIO BIO,8112,HUALPEN,SANTA MARIA,CRISTOBAL COLON,0,"SANTA MARIA & CRISTOBAL COLON, HUALPEN",CHILE,GEOMETRIC_CENTER,17953,2021,1342197,1,2021/04/06 00:00:00+00,1899/12/30 00:00:00+00,8,REGION BIO BIO,8112,HUALPEN,63,CHOQUE FRENTE/POSTERIOR,40,CHOQUE,1,URBANA,22,ENLACE A DESNIVEL,1,IMPRUDENCIA DEL CONDUCTOR,28,CONDUCCION SIN MANTENER DISTANCIA RAZONABLE NI PRUDENTE,0,SANTA MARIA,0,CRISTOBAL COLON,CRISTOBAL COLON - SANTA MARIA,0, , , , ,1,1,3,BIDIRECCIONAL CON BANDEJON,1,CONCRETO,1,BUENO,1,SECO,3,LLUVIA,0,0,0,0,3
-8136890.03094761,-4409456.95325309,3353,13812,1368433,-73.0949268,-36.7869869,175,HUALPEN,1,30921,2021,1368433,REGION BIO BIO,8112,HUALPEN,GRECIA,LA RECONQUISTA,0,"GRECIA & LA RECONQUISTA, HUALPEN",CHILE,GEOMETRIC_CENTER,42762,2021,1368433,1,2021/08/02 00:00:00+00,1899/12/30 00:00:00+00,8,REGION BIO BIO,8112,HUALPEN,51,CHOQUE FRONTAL,40,CHOQUE,1,URBANA,16,CRUCE SIN SEÑALIZACION,4,ALCOHOL EN CONDUCTOR,24,CONDUCCION EN ESTADO DE EBRIEDAD,0,GRECIA,0,LA RECONQUISTA,GRECIA - LA RECONQUISTA,0, , , , ,1,1,2,BIDIRECCIONAL,1,CONCRETO,1,BUENO,2,HUMEDO,1,DESPEJADO,0,0,0,1,0