X,Y,FID,FID_1,LABELID,POINT_X,POINT_Y,FID_2,COMUNAREAL,VAL_COM,OBJECTID,A_O,IDACCIDENT,REGION,COD_COMUN,COMUNA,CALLE_UNO,CALLE_DOS,NUMERO,DIR_GEOCOD,PAIS,TIPO,OBJECTID_1,Año,Idaccide_1,Claseaccid,Fecha,Hora,Cód_Regi,Región,Cód_Comun,Comuna_1,Cód_Tipo_,Tipo_Accid,Cód_Tipo1,Tipo__CONA,Cód_Zona,Zona,Cód_Ubica,Ubicación,Cód_Causa,Causa__CON,Cód_Cau_1,Causa,Cód_Calle,Calle_Un_1,Cód_Cal_1,Calle_Do_1,Intersecci,Número,Ruta,Cód_Ruta,Ubicaci_1,Km_Vía_Fe,Pistas_de_,Pistas_de1,Cód_Calza,Calzada,Cód__Tipo,Tipo_Calza,Cód_Estad,Estado_Cal,Cód_Condi,Condición,Cód_Est_1,Estado_Atm,Fallecidos,Graves,Menos_Grav,Leves,Ilesos
-8139540.68160678,-4409431.85012577,3354,13813,1353544,-73.118738,-36.7868063,175,HUALPEN,1,20431,2021,1353544,REGION BIO BIO,8112,HUALPEN,COSTANERA,FINLANDIA,0,"COSTANERA & FINLANDIA, HUALPEN",CHILE,GEOMETRIC_CENTER,28153,2021,1353544,1,2021/05/29 00:00:00+00,1899/12/30 00:00:00+00,8,REGION BIO BIO,8112,HUALPEN,50,CHOQUE,40,CHOQUE,1,URBANA,1,TRAMO DE VIA RECTA,1,IMPRUDENCIA DEL CONDUCTOR,27,CONDUCCION NO ATENTO CONDICIONES TRANSITO MOMENTO,0,COSTANERA,0,FINLANDIA,COSTANERA - FINLANDIA,0, , , , ,1,1,2,BIDIRECCIONAL,1,CONCRETO,1,BUENO,1,SECO,2,NUBLADO,0,0,0,0,2
-8139540.68160678,-4409431.85012577,3355,13814,1369599,-73.118738,-36.7868063,175,HUALPEN,1,31713,2021,1369599,REGION BIO BIO,8112,HUALPEN,COSTANERA,FINLANDIA,0,"COSTANERA & FINLANDIA, HUALPEN",CHILE,GEOMETRIC_CENTER,43765,2021,1369599,1,2021/08/06 00:00:00+00,1899/12/30 00:00:00+00,8,REGION BIO BIO,8112,HUALPEN,30,COLISION,30,COLISION,1,URBANA,14,CRUCE CON SEÑAL PARE,1,IMPRUDENCIA DEL CONDUCTOR,29,CONDUCCION CAMBIAR SORPRESIVAMENTE PISTA CIRCULACION,0,COSTANERA,0,FINLANDIA,COSTANERA - FINLANDIA,0, , , , ,2,2,3,BIDIRECCIONAL CON BANDEJON,1,CONCRETO,1,BUENO,1,SECO,1,DESPEJADO,0,0,1,0,1
-8139540.68160678,-4409431.85012577,3356,13815,1369605,-73.118738,-36.7868063,175,HUALPEN,1,32003,2021,1369605,REGION BIO BIO,8112,HUALPEN,COSTANERA,FINLANDIA,0,"COSTANERA & FINLANDIA, HUALPEN",CHILE,GEOMETRIC_CENTER,44169,2021,1369605,1,2021/08/07 00:00:00+00,1899/12/30 00:00:00+00,8,REGION BIO BIO,8112,HUALPEN,30,COLISION,30,COLISION,1,URBANA,14,CRUCE CON SEÑAL PARE,1,IMPRUDENCIA DEL CONDUCTOR,27,CONDUCCION NO ATENTO CONDICIONES TRANSITO MOMENTO,0,COSTANERA,0,FINLANDIA,COSTANERA - FINLANDIA,0, , , , ,2,2,3,BIDIRECCIONAL CON BANDEJON,1,CONCRETO,1,BUENO,1,SECO,1,DESPEJADO,0,0,0,1,1
-8139540.68160678,-4409431.85012577,3357,13816,1381146,-73.118738,-36.7868063,175,HUALPEN,1,40223,2021,1381146,REGION BIO BIO,8112,HUALPEN,COSTANERA,FINLANDIA,0,"COSTANERA & FINLANDIA, HUALPEN",CHILE,GEOMETRIC_CENTER,55228,2021,1381146,1,2021/09/22 00:00:00+00,1899/12/30 00:00:00+00,8,REGION BIO BIO,8112,HUALPEN,63,CHOQUE FRENTE/POSTERIOR,40,CHOQUE,1,URBANA,11,CRUCE CON SEMAFORO FUNCIONANDO,1,IMPRUDENCIA DEL CONDUCTOR,27,CONDUCCION NO ATENTO CONDICIONES TRANSITO MOMENTO,0,COSTANERA,0,FINLANDIA,COSTANERA - FINLANDIA,0, , , , ,2,2,3,BIDIRECCIONAL CON BANDEJON,1,CONCRETO,1,BUENO,1,SECO,1,DESPEJADO,0,0,0,0,2
-8139540.68160678,-4409431.85012577,3358,13817,1382310,-73.118738,-36.7868063,175,HUALPEN,1,41176,2021,1382310,REGION BIO BIO,8112,HUALPEN,COSTANERA,FINLANDIA,0,"COSTANERA & FINLANDIA, HUALPEN",CHILE,GEOMETRIC_CENTER,56483,2021,1382310,1,2021/09/27 00:00:00+00,1899/12/30 00:00:00+00,8,REGION BIO BIO,8112,HUALPEN,30,COLISION,30,COLISION,1,URBANA,14,CRUCE CON SEÑAL PARE,1,IMPRUDENCIA DEL CONDUCTOR,23,CONDUCCION CONTRA SENTIDO DEL TRANSITO,0,COSTANERA,0,FINLANDIA,COSTANERA - FINLANDIA,0, , , , ,2,2,3,BIDIRECCIONAL CON BANDEJON,1,CONCRETO,1,BUENO,1,SECO,1,DESPEJADO,0,0,0,1,1
-8135272.28044765,-4409423.1488341,3359,13818,1345222,-73.0803943,-36.7867437,175,HUALPEN,1,15325,2021,1345222,REGION BIO BIO,8112,HUALPEN,SANTA MARIA, ,7490,"SANTA MARIA 7490, HUALPEN",CHILE,RANGE_INTERPOLATED,21120,2021,1345222,1,2021/04/24 00:00:00+00,1899/12/30 00:00:00+00,8,REGION BIO BIO,8112,HUALPEN,63,CHOQUE FRENTE/POSTERIOR,40,CHOQUE,1,URBANA,1,TRAMO DE VIA RECTA,7,VELOCIDAD IMPRUDENTE,71,VELOCIDAD MAYOR QUE MAXIMA PERMITIDA,0,SANTA MARIA,0, ,- SANTA MARIA,7490, , , , ,1,1,2,BIDIRECCIONAL,1,CONCRETO,1,BUENO,1,SECO,1,DESPEJADO,0,0,0,0,2
-8138582.43229808,-4409419.79897769,3360,13819,1340144,-73.1101299,-36.7867196,175,HUALPEN,1,11869,2021,1340144,REGION BIO BIO,8112,HUALPEN,GRAN BRETA??ªA,GRECIA,0,"GRAN BRETA??ªA & GRECIA, HUALPEN",CHILE,GEOMETRIC_CENTER,16428,2021,1340144,1,2021/03/26 00:00:00+00,1899/12/30 00:00:00+00,8,REGION BIO BIO,8112,HUALPEN,30,COLISION,30,COLISION,1,URBANA,14,CRUCE CON SEÑAL PARE,10,DESOBEDIENCIA A SEÑALIZACION,65,SEÑALIZACION DESOBEDECER SEÑAL PARE,0,GRAN BRETAÑA,0,GRECIA,GRAN BRETAÑA - GRECIA,0, , , , ,1,1,2,BIDIRECCIONAL,1,CONCRETO,1,BUENO,1,SECO,1,DESPEJADO,0,0,0,1,2
-8138423.60164862,-4409418.3255972,3361,13820,1339110,-73.1087031,-36.786709,175,HUALPEN,1,11170,2021,1339110,REGION BIO BIO,8112,HUALPEN,GRECIA,BRISTOL,0,"GRECIA & BRISTOL, HUALPEN",CHILE,GEOMETRIC_CENTER,15478,2021,1339110,1,2021/03/20 00:00:00+00,1899/12/30 00:00:00+00,8,REGION BIO BIO,8112,HUALPEN,30,COLISION,30,COLISION,1,URBANA,16,CRUCE SIN SEÑALIZACION,1,IMPRUDENCIA DEL CONDUCTOR,28,CONDUCCION SIN MANTENER DISTANCIA RAZONABLE NI PRUDENTE,0,GRECIA,0,BRISTOL,BRISTOL - GRECIA,0, , , , ,1,1,2,BIDIRECCIONAL,1,CONCRETO,1,BUENO,1,SECO,1,DESPEJADO,0,0,0,1,1
-8137490.04300298,-4409414.19735295,3362,13821,1351539,-73.1003168,-36.7866793,175,HUALPEN,1,19729,2021,1351539,REGION BIO BIO,8112,HUALPEN,GRECIA,FRANKFORT,0,"GRECIA & FRANKFORT, HUALPEN",CHILE,GEOMETRIC_CENTER,27152,2021,1351539,1,2021/05/25 00:00:00+00,1899/12/30 00:00:00+00,8,REGION BIO BIO,8112,HUALPEN,30,COLISION,30,COLISION,1,URBANA,16,CRUCE SIN SEÑALIZACION,1,IMPRUDENCIA DEL CONDUCTOR,11,ADELANTAMIENTO SIN EL ESPACIO O TIEMPO SUFICIENTE,0,GRECIA,0,FRANKFORT,FRANKFORT - GRECIA,0, , , , ,1,1,2,BIDIRECCIONAL,1,CONCRETO,1,BUENO,1,SECO,1,DESPEJADO,0,0,0,1,1
-8137628.11256741,-4409412.44597709,3363,13822,1339106,-73.1015571,-36.7866667,175,HUALPEN,1,11012,2021,1339106,REGION BIO BIO,8112,HUALPEN,ALEMANIA,GRECIA,0,"ALEMANIA & GRECIA, HUALPEN",CHILE,GEOMETRIC_CENTER,15277,2021,1339106,1,2021/03/19 00:00:00+00,1899/12/30 00:00:00+00,8,REGION BIO BIO,8112,HUALPEN,10,ATROPELLO,10,ATROPELLO,1,URBANA,11,CRUCE CON SEMAFORO FUNCIONANDO,1,IMPRUDENCIA DEL CONDUCTOR,31,NO RESPETAR DERECHO PREFERENTE DE PASO A PEATON,0,ALEMANIA,0,GRECIA,ALEMANIA - GRECIA,0, , , , ,1,1,2,BIDIRECCIONAL,1,CONCRETO,1,BUENO,1,SECO,1,DESPEJADO,0,0,0,1,1
-8135997.38221483,-4409412.36257824,3364,13823,1407161,-73.086908,-36.7866661,175,HUALPEN,1,58379,2021,1407161,REGION BIO BIO,8112,HUALPEN,CRISTOBAL COLON,LOS JINETES,0,"CRISTOBAL COLON & LOS JINETES, HUALPEN",CHILE,GEOMETRIC_CENTER,79275,2021,1407161,1,2021/12/25 00:00:00+00,1899/12/30 00:00:00+00,8,REGION BIO BIO,8112,HUALPEN,30,COLISION,30,COLISION,1,URBANA,16,CRUCE SIN SEÑALIZACION,1,IMPRUDENCIA DEL CONDUCTOR,27,CONDUCCION NO ATENTO CONDICIONES TRANSITO MOMENTO,0,CRISTOBAL COLON,0,LOS JINETES,CRISTOBAL COLON - LOS JINETES,0, , , , ,2,2,2,BIDIRECCIONAL,1,CONCRETO,2,REGULAR,1,SECO,1,DESPEJADO,0,2,0,1,1
-8137913.45781816,-4409412.14018133,3365,13824,1336871,-73.1041204,-36.7866645,175,HUALPEN,1,9530,2021,1336871,REGION BIO BIO,8112,HUALPEN,GRECIA,BULGARIA,0,"GRECIA & BULGARIA, HUALPEN",CHILE,GEOMETRIC_CENTER,13285,2021,1336871,1,2021/03/09 00:00:00+00,1899/12/30 00:00:00+00,8,REGION BIO BIO,8112,HUALPEN,30,COLISION,30,COLISION,1,URBANA,11,CRUCE CON SEMAFORO FUNCIONANDO,10,DESOBEDIENCIA A SEÑALIZACION,62,SEÑALIZACION DESOBEDECER LUZ ROJA DE SEMAFORO,0,GRECIA,0,BULGARIA,BULGARIA - GRECIA,0, , , , ,2,2,3,BIDIRECCIONAL CON BANDEJON,1,CONCRETO,1,BUENO,1,SECO,1,DESPEJADO,0,0,0,0,2
-8139181.45360999,-4409362.83768032,3366,13825,1362701,-73.115511,-36.7863098,175,HUALPEN,1,27001,2021,1362701,REGION BIO BIO,8112,HUALPEN,FINLANDIA,HUNGRIA,0,"FINLANDIA & HUNGRIA, HUALPEN",CHILE,GEOMETRIC_CENTER,37227,2021,1362701,1,2021/07/09 00:00:00+00,1899/12/30 00:00:00+00,8,REGION BIO BIO,8112,HUALPEN,30,COLISION,30,COLISION,1,URBANA,16,CRUCE SIN SEÑALIZACION,13,CAUSAS NO DETERMINADAS,97,CAUSAS NO DETERMINADAS,0,FINLANDIA,0,HUNGRIA,FINLANDIA - HUNGRIA,0, , , , ,1,1,2,BIDIRECCIONAL,1,CONCRETO,1,BUENO,1,SECO,2,NUBLADO,0,0,0,0,2
-8139170.13241778,-4409362.61528444,3367,13826,1371925,-73.1154093,-36.7863082,175,HUALPEN,1,33796,2021,1371925,REGION BIO BIO,8112,HUALPEN,HELSINKI,FINLANDIA,0,"HELSINKI & FINLANDIA, HUALPEN",CHILE,GEOMETRIC_CENTER,46614,2021,1371925,1,2021/08/17 00:00:00+00,1899/12/30 00:00:00+00,8,REGION BIO BIO,8112,HUALPEN,62,CHOQUE FRENTE/LADO,40,CHOQUE,1,URBANA,15,CRUCE CON SEÑAL CEDA EL PASO,10,DESOBEDIENCIA A SEÑALIZACION,64,SEÑALIZACION DESOBEDECER SEÑAL CEDA EL PASO,0,HELSINKI,0,FINLANDIA,FINLANDIA - HELSINKI,0, , , , ,1,1,2,BIDIRECCIONAL,1,CONCRETO,1,BUENO,2,HUMEDO,2,NUBLADO,0,0,0,0,2
-8135831.27127067,-4409362.6013847,3368,13827,1347399,-73.0854158,-36.7863081,175,HUALPEN,1,16515,2021,1347399,REGION BIO BIO,8112,HUALPEN,ARTEAGA ALEMPARTE, ,948,"ARTEAGA ALEMPARTE 948, HUALPEN",CHILE,RANGE_INTERPOLATED,22793,2021,1347399,1,2021/05/04 00:00:00+00,1899/12/30 00:00:00+00,8,REGION BIO BIO,8112,HUALPEN,30,COLISION,30,COLISION,1,URBANA,1,TRAMO DE VIA RECTA,1,IMPRUDENCIA DEL CONDUCTOR,27,CONDUCCION NO ATENTO CONDICIONES TRANSITO MOMENTO,0,ARTEAGA ALEMPARTE,0, ,- ARTEAGA ALEMPARTE,948, , , , ,1,1,2,BIDIRECCIONAL,1,CONCRETO,1,BUENO,1,SECO,1,DESPEJADO,0,0,0,0,2
-8137096.9070893,-4409351.75959125,3369,13828,1382789,-73.0967852,-36.7862301,175,HUALPEN,1,41376,2021,1382789,REGION BIO BIO,8112,HUALPEN,SUECIA, ,3186,"SUECIA 3186, HUALPEN",CHILE,RANGE_INTERPOLATED,56727,2021,1382789,1,2021/09/28 00:00:00+00,1899/12/30 00:00:00+00,8,REGION BIO BIO,8112,HUALPEN,63,CHOQUE FRENTE/POSTERIOR,40,CHOQUE,1,URBANA,1,TRAMO DE VIA RECTA,1,IMPRUDENCIA DEL CONDUCTOR,27,CONDUCCION NO ATENTO CONDICIONES TRANSITO MOMENTO,0,SUECIA,0, ,- SUECIA,3186, , , , ,1,1,2,BIDIRECCIONAL,1,CONCRETO,1,BUENO,1,SECO,1,DESPEJADO,0,0,0,0,2
-8137893.87671973,-4409333.52316358,3370,13829,1361707,-73.1039445,-36.7860989,175,HUALPEN,1,25525,2021,1361707,REGION BIO BIO,8112,HUALPEN,BULGARIA, ,3143,"BULGARIA 3143, HUALPEN",CHILE,RANGE_INTERPOLATED,35254,2021,1361707,1,2021/07/01 00:00:00+00,1899/12/30 00:00:00+00,8,REGION BIO BIO,8112,HUALPEN,50,CHOQUE,40,CHOQUE,1,URBANA,1,TRAMO DE VIA RECTA,4,ALCOHOL EN CONDUCTOR,24,CONDUCCION EN ESTADO DE EBRIEDAD,0,BULGARIA,0, ,- BULGARIA,3143, , , , ,1,1,2,BIDIRECCIONAL,1,CONCRETO,1,BUENO,2,HUMEDO,2,NUBLADO,0,0,0,0,2
-8139034.24471537,-4409289.73918498,3371,13832,1365778,-73.1141886,-36.7857839,175,HUALPEN,1,28413,2021,1365778,REGION BIO BIO,8112,HUALPEN,FINLANDIA,RUMANIA,0,"FINLANDIA & RUMANIA, HUALPEN",CHILE,GEOMETRIC_CENTER,39254,2021,1365778,1,2021/07/18 00:00:00+00,1899/12/30 00:00:00+00,8,REGION BIO BIO,8112,HUALPEN,30,COLISION,30,COLISION,1,URBANA,16,CRUCE SIN SEÑALIZACION,13,CAUSAS NO DETERMINADAS,97,CAUSAS NO DETERMINADAS,0,FINLANDIA,0,RUMANIA,FINLANDIA - RUMANIA,0, , , , ,1,1,2,BIDIRECCIONAL,1,CONCRETO,1,BUENO,1,SECO,1,DESPEJADO,0,0,0,0,2
-8138834.22585431,-4409277.78549512,3372,13833,1348820,-73.1123918,-36.7856979,175,HUALPEN,1,17664,2021,1348820,REGION BIO BIO,8112,HUALPEN,FINLANDIA, ,2007,"FINLANDIA 2007, HUALPEN",CHILE,RANGE_INTERPOLATED,24318,2021,1348820,1,2021/05/12 00:00:00+00,1899/12/30 00:00:00+00,8,REGION BIO BIO,8112,HUALPEN,50,CHOQUE,40,CHOQUE,1,URBANA,1,TRAMO DE VIA RECTA,7,VELOCIDAD IMPRUDENTE,72,VELOCIDAD NO RAZONABLE NI PRUDENTE,0,FINLANDIA,0, ,- FINLANDIA,2007, , , , ,1,1,2,BIDIRECCIONAL,1,CONCRETO,1,BUENO,1,SECO,1,DESPEJADO,0,0,0,0,1
-8135735.14689037,-4409267.80556432,3373,13834,1335287,-73.0845523,-36.7856261,175,HUALPEN,1,5586,2021,1335287,REGION BIO BIO,8112,HUALPEN,ARTEAGA ALEMPARTE, ,943,"ARTEAGA ALEMPARTE 943, HUALPEN",CHILE,RANGE_INTERPOLATED,7794,2021,1335287,1,2021/02/10 00:00:00+00,1899/12/30 00:00:00+00,8,REGION BIO BIO,8112,HUALPEN,63,CHOQUE FRENTE/POSTERIOR,40,CHOQUE,1,URBANA,1,TRAMO DE VIA RECTA,1,IMPRUDENCIA DEL CONDUCTOR,28,CONDUCCION SIN MANTENER DISTANCIA RAZONABLE NI PRUDENTE,0,ARTEAGA ALEMPARTE,0, ,- ARTEAGA ALEMPARTE,943, , , , ,1,1,2,BIDIRECCIONAL,1,CONCRETO,1,BUENO,1,SECO,1,DESPEJADO,0,0,0,0,2
-8135735.14689037,-4409267.80556432,3374,13835,1340027,-73.0845523,-36.7856261,175,HUALPEN,1,11669,2021,1340027,REGION BIO BIO,8112,HUALPEN,SANTA MARIA,O'HIGGINS,0,"SANTA MARIA & O'HIGGINS, HUALPEN",CHILE,GEOMETRIC_CENTER,16161,2021,1340027,1,2021/03/24 00:00:00+00,1899/12/30 00:00:00+00,8,REGION BIO BIO,8112,HUALPEN,30,COLISION,30,COLISION,1,URBANA,15,CRUCE CON SEÑAL CEDA EL PASO,10,DESOBEDIENCIA A SEÑALIZACION,64,SEÑALIZACION DESOBEDECER SEÑAL CEDA EL PASO,0,SANTA MARIA,0,O'HIGGINS,O'HIGGINS - SANTA MARIA,0, , , , ,2,2,3,BIDIRECCIONAL CON BANDEJON,1,CONCRETO,1,BUENO,1,SECO,1,DESPEJADO,0,0,0,0,2
-8135735.14689037,-4409267.80556432,3375,13836,1363190,-73.0845523,-36.7856261,175,HUALPEN,1,27263,2021,1363190,REGION BIO BIO,8112,HUALPEN,SANTA MARIA,O'HIGGINS,0,"SANTA MARIA & O'HIGGINS, HUALPEN",CHILE,GEOMETRIC_CENTER,37597,2021,1363190,1,2021/07/11 00:00:00+00,1899/12/30 00:00:00+00,8,REGION BIO BIO,8112,HUALPEN,30,COLISION,30,COLISION,1,URBANA,15,CRUCE CON SEÑAL CEDA EL PASO,10,DESOBEDIENCIA A SEÑALIZACION,64,SEÑALIZACION DESOBEDECER SEÑAL CEDA EL PASO,0,SANTA MARIA,0,O'HIGGINS,O'HIGGINS - SANTA MARIA,0, , , , ,2,2,2,BIDIRECCIONAL,1,CONCRETO,1,BUENO,1,SECO,1,DESPEJADO,0,0,0,2,0
-8135735.14689037,-4409267.80556432,3376,13837,1390288,-73.0845523,-36.7856261,175,HUALPEN,1,31559,2021,1390288,REGION BIO BIO,8112,HUALPEN,ARTEAGA ALEMPARTE, ,943,"ARTEAGA ALEMPARTE 943, HUALPEN",CHILE,RANGE_INTERPOLATED,43572,2021,1390288,1,2021/08/05 00:00:00+00,1899/12/30 00:00:00+00,8,REGION BIO BIO,8112,HUALPEN,50,CHOQUE,40,CHOQUE,1,URBANA,26,OTROS NO CONSIDERADOS,1,IMPRUDENCIA DEL CONDUCTOR,93,CONDUCIR VEHICULO EN RETROCESO,0,ARTEAGA ALEMPARTE,0, ,- ARTEAGA ALEMPARTE,943, , , , ,2,0,1,UNIDIRECCIONAL,1,CONCRETO,1,BUENO,1,SECO,1,DESPEJADO,0,0,0,0,2
-8135735.14689037,-4409267.80556432,3377,13838,1375139,-73.0845523,-36.7856261,175,HUALPEN,1,36035,2021,1375139,REGION BIO BIO,8112,HUALPEN,SANTA MARIA,O'HIGGINS,0,"SANTA MARIA & O'HIGGINS, HUALPEN",CHILE,GEOMETRIC_CENTER,49614,2021,1375139,1,2021/08/30 00:00:00+00,1899/12/30 00:00:00+00,8,REGION BIO BIO,8112,HUALPEN,70,VOLCADURA,70,VOLCADURA,1,URBANA,16,CRUCE SIN SEÑALIZACION,4,ALCOHOL EN CONDUCTOR,24,CONDUCCION EN ESTADO DE EBRIEDAD,0,SANTA MARIA,0,O'HIGGINS,O'HIGGINS - SANTA MARIA,0, , , , ,2,2,2,BIDIRECCIONAL,1,CONCRETO,1,BUENO,1,SECO,1,DESPEJADO,0,0,0,1,1
-8137996.52442219,-4409244.21793775,3378,13839,1391448,-73.1048666,-36.7854564,175,HUALPEN,1,47190,2021,1391448,REGION BIO BIO,8112,HUALPEN,ZARAGOZA, ,3086,"ZARAGOZA 3086, HUALPEN",CHILE,RANGE_INTERPOLATED,64366,2021,1391448,1,2021/10/29 00:00:00+00,1899/12/30 00:00:00+00,8,REGION BIO BIO,8112,HUALPEN,10,ATROPELLO,10,ATROPELLO,1,URBANA,1,TRAMO DE VIA RECTA,7,VELOCIDAD IMPRUDENTE,72,VELOCIDAD NO RAZONABLE NI PRUDENTE,0,ZARAGOZA,0, ,- ZARAGOZA,3086, , , , ,1,1,2,BIDIRECCIONAL,1,CONCRETO,1,BUENO,1,SECO,1,DESPEJADO,0,0,0,1,1
-8138638.05864763,-4409180.23832739,3379,13840,1365040,-73.1106296,-36.7849961,175,HUALPEN,1,28109,2021,1365040,REGION BIO BIO,8112,HUALPEN,GRAN BRETA??ªA,FINLANDIA,0,"GRAN BRETA??ªA & FINLANDIA, HUALPEN",CHILE,GEOMETRIC_CENTER,38830,2021,1365040,1,2021/07/16 00:00:00+00,1899/12/30 00:00:00+00,8,REGION BIO BIO,8112,HUALPEN,30,COLISION,30,COLISION,1,URBANA,11,CRUCE CON SEMAFORO FUNCIONANDO,10,DESOBEDIENCIA A SEÑALIZACION,62,SEÑALIZACION DESOBEDECER LUZ ROJA DE SEMAFORO,0,GRAN BRETAÑA,0,FINLANDIA,FINLANDIA - GRAN BRETAÑA,0, , , , ,1,1,2,BIDIRECCIONAL,2,ASFALTO,1,BUENO,1,SECO,1,DESPEJADO,0,0,0,1,1
-8137909.338997,-4409139.06807528,3380,13842,1384987,-73.1040834,-36.7846999,175,HUALPEN,1,42698,2021,1384987,REGION BIO BIO,8112,HUALPEN,FINLANDIA,BULGARIA,0,"FINLANDIA & BULGARIA, HUALPEN",CHILE,GEOMETRIC_CENTER,58465,2021,1384987,1,2021/10/05 00:00:00+00,1899/12/30 00:00:00+00,8,REGION BIO BIO,8112,HUALPEN,30,COLISION,30,COLISION,1,URBANA,11,CRUCE CON SEMAFORO FUNCIONANDO,4,ALCOHOL EN CONDUCTOR,24,CONDUCCION EN ESTADO DE EBRIEDAD,0,FINLANDIA,0,BULGARIA,BULGARIA - FINLANDIA,0, , , , ,1,1,2,BIDIRECCIONAL,1,CONCRETO,1,BUENO,1,SECO,1,DESPEJADO,0,0,0,2,1
-8138346.78006802,-4409118.81659507,3381,13843,1354680,-73.108013,-36.7845542,175,HUALPEN,1,20907,2021,1354680,REGION BIO BIO,8112,HUALPEN,FINLANDIA,SUIZA,0,"FINLANDIA & SUIZA, HUALPEN",CHILE,GEOMETRIC_CENTER,28816,2021,1354680,1,2021/06/01 00:00:00+00,1899/12/30 00:00:00+00,8,REGION BIO BIO,8112,HUALPEN,50,CHOQUE,40,CHOQUE,1,URBANA,1,TRAMO DE VIA RECTA,13,CAUSAS NO DETERMINADAS,97,CAUSAS NO DETERMINADAS,0,FINLANDIA,0,SUIZA,FINLANDIA - SUIZA,0, , , , ,1,1,2,BIDIRECCIONAL,1,CONCRETO,1,BUENO,3,MOJADO,3,LLUVIA,0,0,0,0,1
-8138672.66787732,-4409059.16043377,3382,13848,1371334,-73.1109405,-36.784125,175,HUALPEN,1,32296,2021,1371334,REGION BIO BIO,8112,HUALPEN,GRAN BRETA??ªA, ,2910,"GRAN BRETA??ªA 2910, HUALPEN",CHILE,RANGE_INTERPOLATED,44565,2021,1371334,1,2021/08/09 00:00:00+00,1899/12/30 00:00:00+00,8,REGION BIO BIO,8112,HUALPEN,53,CHOQUE POSTERIOR,40,CHOQUE,1,URBANA,15,CRUCE CON SEÑAL CEDA EL PASO,1,IMPRUDENCIA DEL CONDUCTOR,28,CONDUCCION SIN MANTENER DISTANCIA RAZONABLE NI PRUDENTE,0,GRAN BRETAÑA,0, ,- GRAN BRETAÑA,2910, , , , ,2,0,1,UNIDIRECCIONAL,1,CONCRETO,1,BUENO,1,SECO,1,DESPEJADO,0,0,0,0,2
-8138641.38710041,-4409056.64465239,3383,13849,1387392,-73.1106595,-36.7841069,175,HUALPEN,1,44643,2021,1387392,REGION BIO BIO,8112,HUALPEN,GRAN BRETA??ªA,COSTANERA,0,"GRAN BRETA??ªA & COSTANERA, HUALPEN",CHILE,GEOMETRIC_CENTER,61017,2021,1387392,1,2021/10/15 00:00:00+00,1899/12/30 00:00:00+00,8,REGION BIO BIO,8112,HUALPEN,30,COLISION,30,COLISION,1,URBANA,24,ROTONDA,8,DROGAS Y/O FATIGA EN CONDUCTOR,25,"CONDICIONES FISICAS DEFICIENTES (CANSANCIO, SUEÑO)",0,GRAN BRETAÑA,0,COSTANERA,COSTANERA - GRAN BRETAÑA,0, , , , ,1,1,2,BIDIRECCIONAL,1,CONCRETO,1,BUENO,1,SECO,1,DESPEJADO,0,0,0,0,2
-8138641.38710041,-4409056.64465239,3384,13850,1390120,-73.1106595,-36.7841069,175,HUALPEN,1,46195,2021,1390120,REGION BIO BIO,8112,HUALPEN,GRAN BRETA??ªA,COSTANERA,0,"GRAN BRETA??ªA & COSTANERA, HUALPEN",CHILE,GEOMETRIC_CENTER,63102,2021,1390120,1,2021/10/24 00:00:00+00,1899/12/30 00:00:00+00,8,REGION BIO BIO,8112,HUALPEN,63,CHOQUE FRENTE/POSTERIOR,40,CHOQUE,1,URBANA,24,ROTONDA,1,IMPRUDENCIA DEL CONDUCTOR,27,CONDUCCION NO ATENTO CONDICIONES TRANSITO MOMENTO,0,GRAN BRETAÑA,0,COSTANERA,COSTANERA - GRAN BRETAÑA,0, , , , ,1,1,2,BIDIRECCIONAL,1,CONCRETO,1,BUENO,1,SECO,1,DESPEJADO,0,0,0,0,2
-8138641.38710041,-4409056.64465239,3385,13851,1394235,-73.1106595,-36.7841069,175,HUALPEN,1,49252,2021,1394235,REGION BIO BIO,8112,HUALPEN,GRAN BRETA??ªA,COSTANERA,0,"GRAN BRETA??ªA & COSTANERA, HUALPEN",CHILE,GEOMETRIC_CENTER,67135,2021,1394235,1,2021/11/09 00:00:00+00,1899/12/30 00:00:00+00,8,REGION BIO BIO,8112,HUALPEN,50,CHOQUE,40,CHOQUE,1,URBANA,24,ROTONDA,1,IMPRUDENCIA DEL CONDUCTOR,27,CONDUCCION NO ATENTO CONDICIONES TRANSITO MOMENTO,0,GRAN BRETAÑA,0,COSTANERA,COSTANERA - GRAN BRETAÑA,0, , , , ,2,2,3,BIDIRECCIONAL CON BANDEJON,1,CONCRETO,1,BUENO,1,SECO,1,DESPEJADO,0,0,0,0,2