X,Y,FID,FID_1,LABELID,POINT_X,POINT_Y,FID_2,COMUNAREAL,VAL_COM,OBJECTID,A_O,IDACCIDENT,REGION,COD_COMUN,COMUNA,CALLE_UNO,CALLE_DOS,NUMERO,DIR_GEOCOD,PAIS,TIPO,OBJECTID_1,Año,Idaccide_1,Claseaccid,Fecha,Hora,Cód_Regi,Región,Cód_Comun,Comuna_1,Cód_Tipo_,Tipo_Accid,Cód_Tipo1,Tipo__CONA,Cód_Zona,Zona,Cód_Ubica,Ubicación,Cód_Causa,Causa__CON,Cód_Cau_1,Causa,Cód_Calle,Calle_Un_1,Cód_Cal_1,Calle_Do_1,Intersecci,Número,Ruta,Cód_Ruta,Ubicaci_1,Km_Vía_Fe,Pistas_de_,Pistas_de1,Cód_Calza,Calzada,Cód__Tipo,Tipo_Calza,Cód_Estad,Estado_Cal,Cód_Condi,Condición,Cód_Est_1,Estado_Atm,Fallecidos,Graves,Menos_Grav,Leves,Ilesos
-8138641.38710041,-4409056.64465239,3386,13852,1405112,-73.1106595,-36.7841069,175,HUALPEN,1,56937,2021,1405112,REGION BIO BIO,8112,HUALPEN,GRAN BRETA??ªA,COSTANERA,0,"GRAN BRETA??ªA & COSTANERA, HUALPEN",CHILE,GEOMETRIC_CENTER,77346,2021,1405112,1,2021/12/18 00:00:00+00,1899/12/30 00:00:00+00,8,REGION BIO BIO,8112,HUALPEN,30,COLISION,30,COLISION,1,URBANA,24,ROTONDA,10,DESOBEDIENCIA A SEÑALIZACION,64,SEÑALIZACION DESOBEDECER SEÑAL CEDA EL PASO,0,GRAN BRETAÑA,0,COSTANERA,COSTANERA - GRAN BRETAÑA,0, , , , ,1,1,2,BIDIRECCIONAL,1,CONCRETO,1,BUENO,1,SECO,1,DESPEJADO,0,0,0,0,2
-8138641.38710041,-4409056.64465239,3387,13853,1409928,-73.1106595,-36.7841069,175,HUALPEN,1,59192,2021,1409928,REGION BIO BIO,8112,HUALPEN,GRAN BRETA??ªA,COSTANERA,0,"GRAN BRETA??ªA & COSTANERA, HUALPEN",CHILE,GEOMETRIC_CENTER,80425,2021,1409928,1,2021/12/30 00:00:00+00,1899/12/30 00:00:00+00,8,REGION BIO BIO,8112,HUALPEN,50,CHOQUE,40,CHOQUE,1,URBANA,24,ROTONDA,1,IMPRUDENCIA DEL CONDUCTOR,28,CONDUCCION SIN MANTENER DISTANCIA RAZONABLE NI PRUDENTE,0,GRAN BRETAÑA,0,COSTANERA,COSTANERA - GRAN BRETAÑA,0, , , , ,2,2,2,BIDIRECCIONAL,1,CONCRETO,1,BUENO,1,SECO,1,DESPEJADO,0,0,0,1,1
-8138632.60399259,-4409040.71601723,3388,13854,1400876,-73.1105806,-36.7839923,175,HUALPEN,0,52104,2021,1400876,REGION BIO BIO,8110,TALCAHUANO,GRAN BRETA??ªA, ,2900,"GRAN BRETA??ªA 2900, TALCAHUANO",CHILE,RANGE_INTERPOLATED,70852,2021,1400876,1,2021/11/23 00:00:00+00,1899/12/30 00:00:00+00,8,REGION BIO BIO,8110,TALCAHUANO,63,CHOQUE FRENTE/POSTERIOR,40,CHOQUE,1,URBANA,1,TRAMO DE VIA RECTA,1,IMPRUDENCIA DEL CONDUCTOR,28,CONDUCCION SIN MANTENER DISTANCIA RAZONABLE NI PRUDENTE,0,GRAN BRETAÑA,0, ,- GRAN BRETAÑA,2900, , , , ,1,1,3,BIDIRECCIONAL CON BANDEJON,1,CONCRETO,1,BUENO,1,SECO,1,DESPEJADO,0,0,0,0,2
-8137628.2684147,-4409026.46922149,3389,13855,1383447,-73.1015585,-36.7838898,175,HUALPEN,1,41547,2021,1383447,REGION BIO BIO,8112,HUALPEN,ALEMANIA,VARSOVIA,0,"ALEMANIA & VARSOVIA, HUALPEN",CHILE,GEOMETRIC_CENTER,56937,2021,1383447,1,2021/09/29 00:00:00+00,1899/12/30 00:00:00+00,8,REGION BIO BIO,8112,HUALPEN,70,VOLCADURA,70,VOLCADURA,1,URBANA,15,CRUCE CON SEÑAL CEDA EL PASO,7,VELOCIDAD IMPRUDENTE,71,VELOCIDAD MAYOR QUE MAXIMA PERMITIDA,0,ALEMANIA,0,VARSOVIA,ALEMANIA - VARSOVIA,0, , , , ,1,1,2,BIDIRECCIONAL,1,CONCRETO,1,BUENO,1,SECO,1,DESPEJADO,0,0,0,1,0
-8137565.43969409,-4409024.37042685,3390,13856,1364934,-73.1009941,-36.7838747,175,HUALPEN,1,28735,2021,1364934,REGION BIO BIO,8112,HUALPEN,VARSOVIA, ,1156,"VARSOVIA 1156, HUALPEN",CHILE,RANGE_INTERPOLATED,39704,2021,1364934,1,2021/07/20 00:00:00+00,1899/12/30 00:00:00+00,8,REGION BIO BIO,8112,HUALPEN,50,CHOQUE,40,CHOQUE,1,URBANA,1,TRAMO DE VIA RECTA,9,PERDIDA CONTROL VEHICULO,95,PERDIDA CONTROL VEHICULO,0,VARSOVIA,0, ,- VARSOVIA,1156, , , , ,1,1,2,BIDIRECCIONAL,1,CONCRETO,1,BUENO,1,SECO,1,DESPEJADO,0,0,0,0,2
-8137631.17385341,-4408980.96299863,3391,13860,1337034,-73.1015846,-36.7835624,175,HUALPEN,1,9615,2021,1337034,REGION BIO BIO,8112,HUALPEN,ALEMANIA,HOLANDA,0,"ALEMANIA & HOLANDA, HUALPEN",CHILE,GEOMETRIC_CENTER,13396,2021,1337034,1,2021/03/10 00:00:00+00,1899/12/30 00:00:00+00,8,REGION BIO BIO,8112,HUALPEN,30,COLISION,30,COLISION,1,URBANA,15,CRUCE CON SEÑAL CEDA EL PASO,10,DESOBEDIENCIA A SEÑALIZACION,64,SEÑALIZACION DESOBEDECER SEÑAL CEDA EL PASO,0,ALEMANIA,0,HOLANDA,ALEMANIA - HOLANDA,0, , , , ,1,1,2,BIDIRECCIONAL,1,CONCRETO,1,BUENO,3,MOJADO,3,LLUVIA,0,0,0,1,1
-8137787.36623094,-4408926.29741131,3392,13861,1330431,-73.1029877,-36.7831691,175,HUALPEN,1,5246,2021,1330431,REGION BIO BIO,8112,HUALPEN,BULGARIA, ,2845,"BULGARIA 2845, HUALPEN",CHILE,RANGE_INTERPOLATED,7338,2021,1330431,1,2021/02/08 00:00:00+00,1899/12/30 00:00:00+00,8,REGION BIO BIO,8112,HUALPEN,30,COLISION,30,COLISION,1,URBANA,1,TRAMO DE VIA RECTA,1,IMPRUDENCIA DEL CONDUCTOR,11,ADELANTAMIENTO SIN EL ESPACIO O TIEMPO SUFICIENTE,0,BULGARIA,0, ,- BULGARIA,2845, , , , ,1,1,2,BIDIRECCIONAL,1,CONCRETO,1,BUENO,1,SECO,2,NUBLADO,0,0,0,0,2
-8137666.75156267,-4408878.79014425,3393,13862,1385318,-73.1019042,-36.7828273,175,HUALPEN,1,42930,2021,1385318,REGION BIO BIO,8112,HUALPEN,ALEMANIA, ,2485,"ALEMANIA 2485, HUALPEN",CHILE,RANGE_INTERPOLATED,58755,2021,1385318,1,2021/10/06 00:00:00+00,1899/12/30 00:00:00+00,8,REGION BIO BIO,8112,HUALPEN,69,CHOQUE POSTERIOR/POSTERIOR,40,CHOQUE,1,URBANA,1,TRAMO DE VIA RECTA,1,IMPRUDENCIA DEL CONDUCTOR,27,CONDUCCION NO ATENTO CONDICIONES TRANSITO MOMENTO,0,ALEMANIA,0, ,- ALEMANIA,2485, , , , ,1,1,2,BIDIRECCIONAL,1,CONCRETO,1,BUENO,1,SECO,1,DESPEJADO,0,0,0,0,2
-8137886.10661928,-4408867.79595319,3394,13863,1338659,-73.1038747,-36.7827482,175,HUALPEN,1,10339,2021,1338659,REGION BIO BIO,8112,HUALPEN,BULGARIA, ,2845,"BULGARIA 2845, HUALPEN",CHILE,RANGE_INTERPOLATED,14397,2021,1338659,1,2021/03/15 00:00:00+00,1899/12/30 00:00:00+00,8,REGION BIO BIO,8112,HUALPEN,50,CHOQUE,40,CHOQUE,1,URBANA,1,TRAMO DE VIA RECTA,1,IMPRUDENCIA DEL CONDUCTOR,11,ADELANTAMIENTO SIN EL ESPACIO O TIEMPO SUFICIENTE,0,BULGARIA,0, ,- BULGARIA,2845, , , , ,1,1,2,BIDIRECCIONAL,1,CONCRETO,1,BUENO,1,SECO,1,DESPEJADO,0,0,0,0,2
-8138968.02075029,-4408845.30723867,3395,13864,1338512,-73.1135937,-36.7825864,175,HUALPEN,1,8789,2021,1338512,REGION BIO BIO,8112,HUALPEN,GIBRALTAR, ,2684,"GIBRALTAR 2684, HUALPEN",CHILE,RANGE_INTERPOLATED,12292,2021,1338512,1,2021/03/05 00:00:00+00,1899/12/30 00:00:00+00,8,REGION BIO BIO,8112,HUALPEN,50,CHOQUE,40,CHOQUE,1,URBANA,1,TRAMO DE VIA RECTA,9,PERDIDA CONTROL VEHICULO,95,PERDIDA CONTROL VEHICULO,0,GIBRALTAR,0, ,- GIBRALTAR,2684, , , , ,1,1,2,BIDIRECCIONAL,1,CONCRETO,1,BUENO,1,SECO,1,DESPEJADO,0,1,0,0,0
-8138209.11125376,-4408810.07316152,3396,13865,1349809,-73.1067763,-36.7823329,175,HUALPEN,1,18442,2021,1349809,REGION BIO BIO,8112,HUALPEN,LISBOA,BELGICA,0,"LISBOA & BELGICA, HUALPEN",CHILE,GEOMETRIC_CENTER,25376,2021,1349809,1,2021/05/17 00:00:00+00,1899/12/30 00:00:00+00,8,REGION BIO BIO,8112,HUALPEN,63,CHOQUE FRENTE/POSTERIOR,40,CHOQUE,1,URBANA,16,CRUCE SIN SEÑALIZACION,1,IMPRUDENCIA DEL CONDUCTOR,91,VIRAJES INDEBIDOS,0,LISBOA,0,BELGICA,BELGICA - LISBOA,0, , , , ,1,1,2,BIDIRECCIONAL,1,CONCRETO,1,BUENO,1,SECO,1,DESPEJADO,0,0,0,0,2
-8137943.91483084,-4408804.17997814,3397,13866,1364673,-73.104394,-36.7822905,175,HUALPEN,1,25348,2021,1364673,REGION BIO BIO,8112,HUALPEN,BULGARIA, ,2818,"BULGARIA 2818, HUALPEN",CHILE,RANGE_INTERPOLATED,35038,2021,1364673,1,2021/06/30 00:00:00+00,1899/12/30 00:00:00+00,8,REGION BIO BIO,8112,HUALPEN,50,CHOQUE,40,CHOQUE,1,URBANA,26,OTROS NO CONSIDERADOS,1,IMPRUDENCIA DEL CONDUCTOR,93,CONDUCIR VEHICULO EN RETROCESO,0,BULGARIA,0, ,- BULGARIA,2818, , , , ,1,1,2,BIDIRECCIONAL,1,CONCRETO,1,BUENO,1,SECO,1,DESPEJADO,0,0,0,0,2
-8137961.46991454,-4408796.88299852,3398,13867,1373747,-73.1045517,-36.782238,175,HUALPEN,1,35109,2021,1373747,REGION BIO BIO,8112,HUALPEN,GRAN BRETA??ªA,BULGARIA,0,"GRAN BRETA??ªA & BULGARIA, HUALPEN",CHILE,GEOMETRIC_CENTER,48386,2021,1373747,1,2021/08/25 00:00:00+00,1899/12/30 00:00:00+00,8,REGION BIO BIO,8112,HUALPEN,30,COLISION,30,COLISION,1,URBANA,24,ROTONDA,9,PERDIDA CONTROL VEHICULO,95,PERDIDA CONTROL VEHICULO,0,GRAN BRETAÑA,0,BULGARIA,BULGARIA - GRAN BRETAÑA,0, , , , ,1,1,2,BIDIRECCIONAL,1,CONCRETO,1,BUENO,2,HUMEDO,3,LLUVIA,0,0,0,2,0
-8138398.12061718,-4408784.41559919,3399,13868,1349146,-73.1084742,-36.7821483,175,HUALPEN,1,17900,2021,1349146,REGION BIO BIO,8112,HUALPEN,SUIZA, ,2767,"SUIZA 2767, HUALPEN",CHILE,RANGE_INTERPOLATED,24638,2021,1349146,1,2021/05/13 00:00:00+00,1899/12/30 00:00:00+00,8,REGION BIO BIO,8112,HUALPEN,30,COLISION,30,COLISION,1,URBANA,1,TRAMO DE VIA RECTA,1,IMPRUDENCIA DEL CONDUCTOR,93,CONDUCIR VEHICULO EN RETROCESO,0,SUIZA,0, ,- SUIZA,2767, , , , ,1,1,2,BIDIRECCIONAL,1,CONCRETO,1,BUENO,1,SECO,1,DESPEJADO,0,0,0,0,2
-8138770.99638354,-4408772.29568874,3400,13869,1354582,-73.1118238,-36.7820611,175,HUALPEN,0,21061,2021,1354582,REGION BIO BIO,8110,TALCAHUANO,GRAN BRETA??ªA, ,2675,"GRAN BRETA??ªA 2675, TALCAHUANO",CHILE,RANGE_INTERPOLATED,29035,2021,1354582,1,2021/06/02 00:00:00+00,1899/12/30 00:00:00+00,8,REGION BIO BIO,8110,TALCAHUANO,51,CHOQUE FRONTAL,40,CHOQUE,1,URBANA,1,TRAMO DE VIA RECTA,9,PERDIDA CONTROL VEHICULO,95,PERDIDA CONTROL VEHICULO,0,GRAN BRETAÑA,0, ,- GRAN BRETAÑA,2675, , , , ,1,1,3,BIDIRECCIONAL CON BANDEJON,1,CONCRETO,1,BUENO,1,SECO,1,DESPEJADO,0,0,0,1,0
-8138770.99638354,-4408772.29568874,3401,13870,1391601,-73.1118238,-36.7820611,175,HUALPEN,0,44793,2021,1391601,REGION BIO BIO,8110,TALCAHUANO,GRAN BRETA??ªA, ,2675,"GRAN BRETA??ªA 2675, TALCAHUANO",CHILE,RANGE_INTERPOLATED,61228,2021,1391601,1,2021/10/16 00:00:00+00,1899/12/30 00:00:00+00,8,REGION BIO BIO,8110,TALCAHUANO,32,COLISION LATERAL,30,COLISION,1,URBANA,16,CRUCE SIN SEÑALIZACION,1,IMPRUDENCIA DEL CONDUCTOR,32,NO RESPETAR DERECHO PREFERENTE DE PASO A VEHICULO,0,GRAN BRETAÑA,0, ,- GRAN BRETAÑA,2675, , , , ,1,1,2,BIDIRECCIONAL,1,CONCRETO,1,BUENO,1,SECO,1,DESPEJADO,0,0,0,0,2
-8138992.21047564,-4408768.89044116,3402,13871,1375133,-73.113811,-36.7820366,175,HUALPEN,1,36081,2021,1375133,REGION BIO BIO,8112,HUALPEN,GIBRALTAR, ,2626,"GIBRALTAR 2626, HUALPEN",CHILE,RANGE_INTERPOLATED,49676,2021,1375133,1,2021/08/30 00:00:00+00,1899/12/30 00:00:00+00,8,REGION BIO BIO,8112,HUALPEN,10,ATROPELLO,10,ATROPELLO,1,URBANA,1,TRAMO DE VIA RECTA,2,IMPRUDENCIA DEL PEATON,55,PEATON CRUZA CALZADA FUERA PASO PEATONES,0,GIBRALTAR,0, ,- GIBRALTAR,2626, , , , ,1,1,2,BIDIRECCIONAL,1,CONCRETO,1,BUENO,1,SECO,1,DESPEJADO,1,0,0,0,1
-8139276.99912894,-4408768.66805768,3403,13872,1351552,-73.1163693,-36.782035,175,HUALPEN,1,19889,2021,1351552,REGION BIO BIO,8112,HUALPEN,YUGOSLAVIA, ,2185,"YUGOSLAVIA 2185, HUALPEN",CHILE,RANGE_INTERPOLATED,27372,2021,1351552,1,2021/05/26 00:00:00+00,1899/12/30 00:00:00+00,8,REGION BIO BIO,8112,HUALPEN,50,CHOQUE,40,CHOQUE,1,URBANA,1,TRAMO DE VIA RECTA,1,IMPRUDENCIA DEL CONDUCTOR,93,CONDUCIR VEHICULO EN RETROCESO,0,YUGOSLAVIA,0, ,- YUGOSLAVIA,2185, , , , ,1,1,2,BIDIRECCIONAL,1,CONCRETO,1,BUENO,1,SECO,2,NUBLADO,0,0,0,0,2
-8139398.00341543,-4408757.02072951,3404,13873,1406506,-73.1174563,-36.7819512,175,HUALPEN,1,57670,2021,1406506,REGION BIO BIO,8112,HUALPEN,COSTANERA,YUGOSLAVIA,0,"COSTANERA & YUGOSLAVIA, HUALPEN",CHILE,GEOMETRIC_CENTER,78311,2021,1406506,1,2021/12/22 00:00:00+00,1899/12/30 00:00:00+00,8,REGION BIO BIO,8112,HUALPEN,50,CHOQUE,40,CHOQUE,1,URBANA,14,CRUCE CON SEÑAL PARE,7,VELOCIDAD IMPRUDENTE,71,VELOCIDAD MAYOR QUE MAXIMA PERMITIDA,0,COSTANERA,0,YUGOSLAVIA,COSTANERA - YUGOSLAVIA,0, , , , ,2,2,3,BIDIRECCIONAL CON BANDEJON,1,CONCRETO,1,BUENO,1,SECO,1,DESPEJADO,0,0,0,0,1
-8139155.47164084,-4408738.07647474,3405,13874,1376410,-73.1152776,-36.7818149,175,HUALPEN,1,36709,2021,1376410,REGION BIO BIO,8112,HUALPEN,YUGOSLAVIA,RUMANIA,0,"YUGOSLAVIA & RUMANIA, HUALPEN",CHILE,GEOMETRIC_CENTER,50474,2021,1376410,1,2021/09/03 00:00:00+00,1899/12/30 00:00:00+00,8,REGION BIO BIO,8112,HUALPEN,30,COLISION,30,COLISION,1,URBANA,16,CRUCE SIN SEÑALIZACION,1,IMPRUDENCIA DEL CONDUCTOR,32,NO RESPETAR DERECHO PREFERENTE DE PASO A VEHICULO,0,YUGOSLAVIA,0,RUMANIA,RUMANIA - YUGOSLAVIA,0, , , , ,1,1,2,BIDIRECCIONAL,1,CONCRETO,1,BUENO,2,HUMEDO,1,DESPEJADO,0,0,0,0,2
-8138767.96849339,-4408649.22100304,3406,13875,1391705,-73.1117966,-36.7811756,175,HUALPEN,0,44409,2021,1391705,REGION BIO BIO,8110,TALCAHUANO,GRAN BRETA??ªA, ,2600,"GRAN BRETA??ªA 2600, TALCAHUANO",CHILE,RANGE_INTERPOLATED,60712,2021,1391705,1,2021/10/14 00:00:00+00,1899/12/30 00:00:00+00,8,REGION BIO BIO,8110,TALCAHUANO,62,CHOQUE FRENTE/LADO,40,CHOQUE,1,URBANA,1,TRAMO DE VIA RECTA,1,IMPRUDENCIA DEL CONDUCTOR,28,CONDUCCION SIN MANTENER DISTANCIA RAZONABLE NI PRUDENTE,0,GRAN BRETAÑA,0, ,- GRAN BRETAÑA,2600, , , , ,1,1,2,BIDIRECCIONAL,1,CONCRETO,1,BUENO,1,SECO,1,DESPEJADO,0,0,0,0,2
-8138719.19942447,-4408645.85749122,3407,13876,1324749,-73.1113585,-36.7811514,175,HUALPEN,1,1092,2021,1324749,REGION BIO BIO,8112,HUALPEN,GRAN BRETA??ªA,YUGOSLAVIA,0,"GRAN BRETA??ªA & YUGOSLAVIA, HUALPEN",CHILE,GEOMETRIC_CENTER,1477,2021,1324749,1,2021/01/08 00:00:00+00,1899/12/30 00:00:00+00,8,REGION BIO BIO,8112,HUALPEN,30,COLISION,30,COLISION,1,URBANA,14,CRUCE CON SEÑAL PARE,10,DESOBEDIENCIA A SEÑALIZACION,65,SEÑALIZACION DESOBEDECER SEÑAL PARE,0,GRAN BRETAÑA,0,YUGOSLAVIA,GRAN BRETAÑA - YUGOSLAVIA,0, , , , ,1,1,2,BIDIRECCIONAL,1,CONCRETO,1,BUENO,1,SECO,1,DESPEJADO,0,0,0,0,2
-8138719.19942447,-4408645.85749122,3408,13877,1353552,-73.1113585,-36.7811514,175,HUALPEN,1,20533,2021,1353552,REGION BIO BIO,8112,HUALPEN,GRAN BRETA??ªA,YUGOSLAVIA,0,"GRAN BRETA??ªA & YUGOSLAVIA, HUALPEN",CHILE,GEOMETRIC_CENTER,28284,2021,1353552,1,2021/05/30 00:00:00+00,1899/12/30 00:00:00+00,8,REGION BIO BIO,8112,HUALPEN,50,CHOQUE,40,CHOQUE,1,URBANA,24,ROTONDA,1,IMPRUDENCIA DEL CONDUCTOR,27,CONDUCCION NO ATENTO CONDICIONES TRANSITO MOMENTO,0,GRAN BRETAÑA,0,YUGOSLAVIA,GRAN BRETAÑA - YUGOSLAVIA,0, , , , ,1,1,2,BIDIRECCIONAL,1,CONCRETO,1,BUENO,1,SECO,1,DESPEJADO,0,0,0,0,2
-8138479.88478317,-4408593.23673796,3409,13878,1327295,-73.1092087,-36.7807728,175,HUALPEN,1,2180,2021,1327295,REGION BIO BIO,8112,HUALPEN,YUGOSLAVIA,SUIZA,0,"YUGOSLAVIA & SUIZA, HUALPEN",CHILE,GEOMETRIC_CENTER,2988,2021,1327295,1,2021/01/15 00:00:00+00,1899/12/30 00:00:00+00,8,REGION BIO BIO,8112,HUALPEN,10,ATROPELLO,10,ATROPELLO,1,URBANA,11,CRUCE CON SEMAFORO FUNCIONANDO,13,CAUSAS NO DETERMINADAS,97,CAUSAS NO DETERMINADAS,0,YUGOSLAVIA,0,SUIZA,SUIZA - YUGOSLAVIA,0, , , , ,1,1,2,BIDIRECCIONAL,1,CONCRETO,1,BUENO,1,SECO,1,DESPEJADO,0,0,0,1,1
-8138479.88478317,-4408593.23673796,3410,13879,1332012,-73.1092087,-36.7807728,175,HUALPEN,1,6137,2021,1332012,REGION BIO BIO,8112,HUALPEN,YUGOSLAVIA,SUIZA,0,"YUGOSLAVIA & SUIZA, HUALPEN",CHILE,GEOMETRIC_CENTER,8560,2021,1332012,1,2021/02/14 00:00:00+00,1899/12/30 00:00:00+00,8,REGION BIO BIO,8112,HUALPEN,30,COLISION,30,COLISION,1,URBANA,11,CRUCE CON SEMAFORO FUNCIONANDO,10,DESOBEDIENCIA A SEÑALIZACION,62,SEÑALIZACION DESOBEDECER LUZ ROJA DE SEMAFORO,0,YUGOSLAVIA,0,SUIZA,SUIZA - YUGOSLAVIA,0, , , , ,1,1,2,BIDIRECCIONAL,1,CONCRETO,1,BUENO,1,SECO,1,DESPEJADO,0,0,0,0,2
-8138479.88478317,-4408593.23673796,3411,13880,1353525,-73.1092087,-36.7807728,175,HUALPEN,1,20265,2021,1353525,REGION BIO BIO,8112,HUALPEN,YUGOSLAVIA,SUIZA,0,"YUGOSLAVIA & SUIZA, HUALPEN",CHILE,GEOMETRIC_CENTER,27916,2021,1353525,1,2021/05/28 00:00:00+00,1899/12/30 00:00:00+00,8,REGION BIO BIO,8112,HUALPEN,30,COLISION,30,COLISION,1,URBANA,11,CRUCE CON SEMAFORO FUNCIONANDO,1,IMPRUDENCIA DEL CONDUCTOR,27,CONDUCCION NO ATENTO CONDICIONES TRANSITO MOMENTO,0,YUGOSLAVIA,0,SUIZA,SUIZA - YUGOSLAVIA,0, , , , ,1,1,2,BIDIRECCIONAL,1,CONCRETO,1,BUENO,2,HUMEDO,4,LLOVIZNA,0,0,0,0,3
-8138631.93607564,-4408572.02728438,3412,13882,1325464,-73.1105746,-36.7806202,175,HUALPEN,1,1408,2021,1325464,REGION BIO BIO,8112,HUALPEN,LAS GOLONDRINAS,BRISTOL,0,"LAS GOLONDRINAS & BRISTOL, HUALPEN",CHILE,GEOMETRIC_CENTER,1938,2021,1325464,1,2021/01/10 00:00:00+00,1899/12/30 00:00:00+00,8,REGION BIO BIO,8112,HUALPEN,70,VOLCADURA,70,VOLCADURA,1,URBANA,1,TRAMO DE VIA RECTA,7,VELOCIDAD IMPRUDENTE,72,VELOCIDAD NO RAZONABLE NI PRUDENTE,0,LAS GOLONDRINAS,0,BRISTOL,BRISTOL - LAS GOLONDRINAS,0, , , , ,2,2,3,BIDIRECCIONAL CON BANDEJON,1,CONCRETO,1,BUENO,1,SECO,1,DESPEJADO,0,1,0,3,2
-8138319.3286816,-4408525.99485416,3413,13883,1340692,-73.1077664,-36.780289,175,HUALPEN,1,12148,2021,1340692,REGION BIO BIO,8112,HUALPEN,LISBOA, ,2588,"LISBOA 2588, HUALPEN",CHILE,RANGE_INTERPOLATED,16809,2021,1340692,1,2021/03/29 00:00:00+00,1899/12/30 00:00:00+00,8,REGION BIO BIO,8112,HUALPEN,50,CHOQUE,40,CHOQUE,1,URBANA,1,TRAMO DE VIA RECTA,9,PERDIDA CONTROL VEHICULO,95,PERDIDA CONTROL VEHICULO,0,LISBOA,0, ,- LISBOA,2588, , , , ,1,1,2,BIDIRECCIONAL,1,CONCRETO,1,BUENO,1,SECO,1,DESPEJADO,0,0,0,0,1
-8138993.9915875,-4408436.15435558,3414,13885,1351067,-73.113827,-36.7796426,175,HUALPEN,1,19587,2021,1351067,REGION BIO BIO,8112,HUALPEN,DINAMARCA,ROMA,0,"DINAMARCA & ROMA, HUALPEN",CHILE,GEOMETRIC_CENTER,26970,2021,1351067,1,2021/05/24 00:00:00+00,1899/12/30 00:00:00+00,8,REGION BIO BIO,8112,HUALPEN,30,COLISION,30,COLISION,1,URBANA,16,CRUCE SIN SEÑALIZACION,1,IMPRUDENCIA DEL CONDUCTOR,29,CONDUCCION CAMBIAR SORPRESIVAMENTE PISTA CIRCULACION,0,DINAMARCA,0,ROMA,DINAMARCA - ROMA,0, , , , ,1,1,2,BIDIRECCIONAL,1,CONCRETO,1,BUENO,1,SECO,1,DESPEJADO,0,0,0,0,2
-8138826.4891497,-4408399.78195584,3415,13886,1350837,-73.1123223,-36.7793809,175,HUALPEN,1,19212,2021,1350837,REGION BIO BIO,8112,HUALPEN,GRAN BRETA??ªA,DINAMARCA,0,"GRAN BRETA??ªA & DINAMARCA, HUALPEN",CHILE,GEOMETRIC_CENTER,26426,2021,1350837,1,2021/05/21 00:00:00+00,1899/12/30 00:00:00+00,8,REGION BIO BIO,8112,HUALPEN,63,CHOQUE FRENTE/POSTERIOR,40,CHOQUE,1,URBANA,16,CRUCE SIN SEÑALIZACION,1,IMPRUDENCIA DEL CONDUCTOR,27,CONDUCCION NO ATENTO CONDICIONES TRANSITO MOMENTO,0,GRAN BRETAÑA,0,DINAMARCA,DINAMARCA - GRAN BRETAÑA,0, , , , ,1,1,2,BIDIRECCIONAL,1,CONCRETO,1,BUENO,1,SECO,1,DESPEJADO,0,0,0,0,2
-8138826.4891497,-4408399.78195584,3416,13887,1355880,-73.1123223,-36.7793809,175,HUALPEN,1,22793,2021,1355880,REGION BIO BIO,8112,HUALPEN,GRAN BRETA??ªA,DINAMARCA,0,"GRAN BRETA??ªA & DINAMARCA, HUALPEN",CHILE,GEOMETRIC_CENTER,31408,2021,1355880,1,2021/06/13 00:00:00+00,1899/12/30 00:00:00+00,8,REGION BIO BIO,8112,HUALPEN,10,ATROPELLO,10,ATROPELLO,1,URBANA,1,TRAMO DE VIA RECTA,4,ALCOHOL EN CONDUCTOR,21,CONDUCCION BAJO LA INFLUENCIA DEL ALCOHOL,0,GRAN BRETAÑA,0,DINAMARCA,DINAMARCA - GRAN BRETAÑA,0, , , , ,1,1,2,BIDIRECCIONAL,1,CONCRETO,1,BUENO,3,MOJADO,3,LLUVIA,0,1,0,0,1
-8141961.94732323,-4444419.15778355,3417,11030,1328206,-73.1404886,-37.0381028,96,CORONEL,1,2345,2021,1328206,REGION BIO BIO,8102,CORONEL,TUCAPEL,SOTOMAYOR,0,"TUCAPEL & SOTOMAYOR, CORONEL",CHILE,GEOMETRIC_CENTER,3212,2021,1328206,1,2021/01/16 00:00:00+00,1899/12/30 00:00:00+00,8,REGION BIO BIO,8102,CORONEL,30,COLISION,30,COLISION,1,URBANA,14,CRUCE CON SEÑAL PARE,10,DESOBEDIENCIA A SEÑALIZACION,65,SEÑALIZACION DESOBEDECER SEÑAL PARE,0,TUCAPEL,0,SOTOMAYOR,SOTOMAYOR - TUCAPEL,0, , , , ,1,1,2,BIDIRECCIONAL,1,CONCRETO,1,BUENO,1,SECO,1,DESPEJADO,0,0,0,1,2
-8142131.04162975,-4443869.16752355,3418,11031,1395535,-73.1420076,-37.0341589,96,CORONEL,1,49081,2021,1395535,REGION BIO BIO,8102,CORONEL,CARVALLO,LOTA,0,"CARVALLO & LOTA, CORONEL",CHILE,GEOMETRIC_CENTER,66906,2021,1395535,1,2021/11/08 00:00:00+00,1899/12/30 00:00:00+00,8,REGION BIO BIO,8102,CORONEL,30,COLISION,30,COLISION,1,URBANA,15,CRUCE CON SEÑAL CEDA EL PASO,1,IMPRUDENCIA DEL CONDUCTOR,32,NO RESPETAR DERECHO PREFERENTE DE PASO A VEHICULO,0,CARVALLO,0,LOTA,CARVALLO - LOTA,0, , , , ,2,0,1,UNIDIRECCIONAL,1,CONCRETO,1,BUENO,1,SECO,1,DESPEJADO,0,0,0,1,1
-8142413.9378517,-4443669.11476227,3419,11032,1343018,-73.1445489,-37.0327243,96,CORONEL,1,13504,2021,1343018,REGION BIO BIO,8102,CORONEL,FRANCIA,MANUEL MONTT,0,"FRANCIA & MANUEL MONTT, CORONEL",CHILE,GEOMETRIC_CENTER,18652,2021,1343018,1,2021/04/10 00:00:00+00,1899/12/30 00:00:00+00,8,REGION BIO BIO,8102,CORONEL,33,COLISION POR ALCANCE,30,COLISION,2,RURAL,16,CRUCE SIN SEÑALIZACION,1,IMPRUDENCIA DEL CONDUCTOR,28,CONDUCCION SIN MANTENER DISTANCIA RAZONABLE NI PRUDENTE,0,FRANCIA,0,MANUEL MONTT,FRANCIA - MANUEL MONTT,0, , , , ,2,0,1,UNIDIRECCIONAL,1,CONCRETO,1,BUENO,1,SECO,1,DESPEJADO,0,1,0,1,0