X,Y,FID,FID_1,LABELID,POINT_X,POINT_Y,FID_2,COMUNAREAL,VAL_COM,OBJECTID,A_O,IDACCIDENT,REGION,COD_COMUN,COMUNA,CALLE_UNO,CALLE_DOS,NUMERO,DIR_GEOCOD,PAIS,TIPO,OBJECTID_1,Año,Idaccide_1,Claseaccid,Fecha,Hora,Cód_Regi,Región,Cód_Comun,Comuna_1,Cód_Tipo_,Tipo_Accid,Cód_Tipo1,Tipo__CONA,Cód_Zona,Zona,Cód_Ubica,Ubicación,Cód_Causa,Causa__CON,Cód_Cau_1,Causa,Cód_Calle,Calle_Un_1,Cód_Cal_1,Calle_Do_1,Intersecci,Número,Ruta,Cód_Ruta,Ubicaci_1,Km_Vía_Fe,Pistas_de_,Pistas_de1,Cód_Calza,Calzada,Cód__Tipo,Tipo_Calza,Cód_Estad,Estado_Cal,Cód_Condi,Condición,Cód_Est_1,Estado_Atm,Fallecidos,Graves,Menos_Grav,Leves,Ilesos
-8142413.9378517,-4443669.11476227,3420,11033,1407832,-73.1445489,-37.0327243,96,CORONEL,1,58114,2021,1407832,REGION BIO BIO,8102,CORONEL,MANUEL MONTT,FRANCIA,0,"MANUEL MONTT & FRANCIA, CORONEL",CHILE,GEOMETRIC_CENTER,78916,2021,1407832,1,2021/12/24 00:00:00+00,1899/12/30 00:00:00+00,8,REGION BIO BIO,8102,CORONEL,30,COLISION,30,COLISION,1,URBANA,14,CRUCE CON SEÑAL PARE,1,IMPRUDENCIA DEL CONDUCTOR,32,NO RESPETAR DERECHO PREFERENTE DE PASO A VEHICULO,0,MANUEL MONTT,0,FRANCIA,FRANCIA - MANUEL MONTT,0, , , , ,2,0,1,UNIDIRECCIONAL,1,CONCRETO,1,BUENO,1,SECO,1,DESPEJADO,0,0,0,0,2
-8142279.7088097,-4443625.77467883,3421,11034,1381124,-73.1433431,-37.0324135,96,CORONEL,1,39985,2021,1381124,REGION BIO BIO,8102,CORONEL,SOTOMAYOR,FRANCIA,0,"SOTOMAYOR & FRANCIA, CORONEL",CHILE,GEOMETRIC_CENTER,54928,2021,1381124,1,2021/09/20 00:00:00+00,1899/12/30 00:00:00+00,8,REGION BIO BIO,8102,CORONEL,33,COLISION POR ALCANCE,30,COLISION,1,URBANA,1,TRAMO DE VIA RECTA,1,IMPRUDENCIA DEL CONDUCTOR,27,CONDUCCION NO ATENTO CONDICIONES TRANSITO MOMENTO,0,SOTOMAYOR,0,FRANCIA,FRANCIA - SOTOMAYOR,0, , , , ,2,0,1,UNIDIRECCIONAL,2,ASFALTO,1,BUENO,2,HUMEDO,2,NUBLADO,0,1,0,0,1
-8142349.53952628,-4443419.45153987,3422,11035,1335760,-73.1439704,-37.0309339,96,CORONEL,1,8569,2021,1335760,REGION BIO BIO,8102,CORONEL,SOTOMAYOR,BILBAO,0,"SOTOMAYOR & BILBAO, CORONEL",CHILE,GEOMETRIC_CENTER,12012,2021,1335760,1,2021/03/03 00:00:00+00,1899/12/30 00:00:00+00,8,REGION BIO BIO,8102,CORONEL,30,COLISION,30,COLISION,1,URBANA,15,CRUCE CON SEÑAL CEDA EL PASO,1,IMPRUDENCIA DEL CONDUCTOR,32,NO RESPETAR DERECHO PREFERENTE DE PASO A VEHICULO,0,SOTOMAYOR,0,BILBAO,BILBAO - SOTOMAYOR,0, , , , ,1,1,2,BIDIRECCIONAL,1,CONCRETO,1,BUENO,1,SECO,1,DESPEJADO,0,0,0,0,2
-8142536.56740276,-4443293.75759406,3423,11036,1407475,-73.1456505,-37.0300325,96,CORONEL,1,56178,2021,1407475,REGION BIO BIO,8102,CORONEL,MANUEL MONTT, ,789,"MANUEL MONTT 789, CORONEL",CHILE,RANGE_INTERPOLATED,76367,2021,1407475,1,2021/12/15 00:00:00+00,1899/12/30 00:00:00+00,8,REGION BIO BIO,8102,CORONEL,50,CHOQUE,40,CHOQUE,1,URBANA,1,TRAMO DE VIA RECTA,4,ALCOHOL EN CONDUCTOR,24,CONDUCCION EN ESTADO DE EBRIEDAD,0,MANUEL MONTT,0, ,- MANUEL MONTT,789, , , , ,2,0,1,UNIDIRECCIONAL,1,CONCRETO,1,BUENO,1,SECO,2,NUBLADO,0,0,0,1,0
-8141554.66270226,-4443032.30669445,3424,11040,1394686,-73.1368299,-37.0281575,96,CORONEL,1,47954,2021,1394686,REGION BIO BIO,8102,CORONEL,LAUTARO, ,600,"LAUTARO 600, CORONEL",CHILE,RANGE_INTERPOLATED,65428,2021,1394686,1,2021/11/03 00:00:00+00,1899/12/30 00:00:00+00,8,REGION BIO BIO,8102,CORONEL,50,CHOQUE,40,CHOQUE,1,URBANA,1,TRAMO DE VIA RECTA,1,IMPRUDENCIA DEL CONDUCTOR,27,CONDUCCION NO ATENTO CONDICIONES TRANSITO MOMENTO,0,LAUTARO,0, ,- LAUTARO,600, , , , ,1,1,2,BIDIRECCIONAL,2,ASFALTO,2,REGULAR,3,MOJADO,3,LLUVIA,0,0,0,1,0
-8141789.45777225,-4443028.34663444,3425,11041,1390959,-73.1389391,-37.0281291,96,CORONEL,1,44728,2021,1390959,REGION BIO BIO,8102,CORONEL,LAUTARO,RIQUELME,0,"LAUTARO & RIQUELME, CORONEL",CHILE,GEOMETRIC_CENTER,61135,2021,1390959,1,2021/10/16 00:00:00+00,1899/12/30 00:00:00+00,8,REGION BIO BIO,8102,CORONEL,30,COLISION,30,COLISION,1,URBANA,16,CRUCE SIN SEÑALIZACION,1,IMPRUDENCIA DEL CONDUCTOR,27,CONDUCCION NO ATENTO CONDICIONES TRANSITO MOMENTO,0,LAUTARO,0,RIQUELME,LAUTARO - RIQUELME,0, , , , ,2,0,1,UNIDIRECCIONAL,2,ASFALTO,1,BUENO,1,SECO,1,DESPEJADO,0,0,0,1,1
-8141705.18891771,-4443020.41257501,3426,11042,1329463,-73.1381821,-37.0280722,96,CORONEL,1,3558,2021,1329463,REGION BIO BIO,8102,CORONEL,LAUTARO,GALVARINO RIVEROS,0,"LAUTARO & GALVARINO RIVEROS, CORONEL",CHILE,GEOMETRIC_CENTER,4895,2021,1329463,1,2021/01/25 00:00:00+00,1899/12/30 00:00:00+00,8,REGION BIO BIO,8102,CORONEL,30,COLISION,30,COLISION,1,URBANA,26,OTROS NO CONSIDERADOS,1,IMPRUDENCIA DEL CONDUCTOR,27,CONDUCCION NO ATENTO CONDICIONES TRANSITO MOMENTO,0,LAUTARO,0,GALVARINO RIVEROS,GALVARINO RIVEROS - LAUTARO,0, , , , ,1,1,2,BIDIRECCIONAL,1,CONCRETO,1,BUENO,1,SECO,1,DESPEJADO,0,0,1,0,1
-8141705.18891771,-4443020.41257501,3427,11043,1369762,-73.1381821,-37.0280722,96,CORONEL,1,7880,2021,1369762,REGION BIO BIO,8102,CORONEL,LAUTARO,GALVARINO RIVEROS,0,"LAUTARO & GALVARINO RIVEROS, CORONEL",CHILE,GEOMETRIC_CENTER,11064,2021,1369762,1,2021/02/27 00:00:00+00,1899/12/30 00:00:00+00,8,REGION BIO BIO,8102,CORONEL,50,CHOQUE,40,CHOQUE,1,URBANA,1,TRAMO DE VIA RECTA,1,IMPRUDENCIA DEL CONDUCTOR,27,CONDUCCION NO ATENTO CONDICIONES TRANSITO MOMENTO,0,LAUTARO,0,GALVARINO RIVEROS,GALVARINO RIVEROS - LAUTARO,0, , , , ,1,1,2,BIDIRECCIONAL,1,CONCRETO,1,BUENO,2,HUMEDO,1,DESPEJADO,0,1,0,0,0
-8141705.18891771,-4443020.41257501,3428,11044,1340463,-73.1381821,-37.0280722,96,CORONEL,1,11763,2021,1340463,REGION BIO BIO,8102,CORONEL,LAUTARO,GALVARINO RIVEROS,0,"LAUTARO & GALVARINO RIVEROS, CORONEL",CHILE,GEOMETRIC_CENTER,16286,2021,1340463,1,2021/03/25 00:00:00+00,1899/12/30 00:00:00+00,8,REGION BIO BIO,8102,CORONEL,32,COLISION LATERAL,30,COLISION,1,URBANA,16,CRUCE SIN SEÑALIZACION,1,IMPRUDENCIA DEL CONDUCTOR,27,CONDUCCION NO ATENTO CONDICIONES TRANSITO MOMENTO,0,LAUTARO,0,GALVARINO RIVEROS,GALVARINO RIVEROS - LAUTARO,0, , , , ,1,1,2,BIDIRECCIONAL,1,CONCRETO,1,BUENO,1,SECO,1,DESPEJADO,0,0,0,1,1
-8141731.87219966,-4443011.08413663,3429,11045,1370094,-73.1384218,-37.0280053,96,CORONEL,1,31732,2021,1370094,REGION BIO BIO,8102,CORONEL,ERATCHOU,LAUTARO,0,"ERATCHOU & LAUTARO, CORONEL",CHILE,GEOMETRIC_CENTER,43787,2021,1370094,1,2021/08/06 00:00:00+00,1899/12/30 00:00:00+00,8,REGION BIO BIO,8102,CORONEL,53,CHOQUE POSTERIOR,40,CHOQUE,1,URBANA,1,TRAMO DE VIA RECTA,4,ALCOHOL EN CONDUCTOR,24,CONDUCCION EN ESTADO DE EBRIEDAD,0,ERATCHOU,0,LAUTARO,ERATCHOU - LAUTARO,0, , , , ,2,0,1,UNIDIRECCIONAL,1,CONCRETO,1,BUENO,1,SECO,1,DESPEJADO,0,0,0,0,2
-8142810.95881561,-4442581.74781688,3430,11046,1407498,-73.1481154,-37.0249262,96,CORONEL,1,55223,2021,1407498,REGION BIO BIO,8102,CORONEL,SERRANO,SOTOMAYOR,0,"SERRANO & SOTOMAYOR, CORONEL",CHILE,GEOMETRIC_CENTER,75032,2021,1407498,1,2021/12/09 00:00:00+00,1899/12/30 00:00:00+00,8,REGION BIO BIO,8102,CORONEL,10,ATROPELLO,10,ATROPELLO,1,URBANA,1,TRAMO DE VIA RECTA,1,IMPRUDENCIA DEL CONDUCTOR,27,CONDUCCION NO ATENTO CONDICIONES TRANSITO MOMENTO,0,SERRANO,0,SOTOMAYOR,SERRANO - SOTOMAYOR,0, , , , ,2,0,1,UNIDIRECCIONAL,1,CONCRETO,1,BUENO,1,SECO,1,DESPEJADO,0,1,0,0,1
-8142931.4621644,-4442553.12229613,3431,11047,1407690,-73.1491979,-37.0247209,96,CORONEL,1,56270,2021,1407690,REGION BIO BIO,8102,CORONEL,CONDELL,MANUEL MONTT,0,"CONDELL & MANUEL MONTT, CORONEL",CHILE,GEOMETRIC_CENTER,76476,2021,1407690,1,2021/12/15 00:00:00+00,1899/12/30 00:00:00+00,8,REGION BIO BIO,8102,CORONEL,10,ATROPELLO,10,ATROPELLO,1,URBANA,14,CRUCE CON SEÑAL PARE,2,IMPRUDENCIA DEL PEATON,52,PEATON CRUZA CALZADA FORMA SORPRESIVA O DESCUIDADA,0,CONDELL,0,MANUEL MONTT,CONDELL - MANUEL MONTT,0, , , , ,1,0,1,UNIDIRECCIONAL,1,CONCRETO,2,REGULAR,1,SECO,1,DESPEJADO,0,0,0,1,1
-8143010.24296803,-4442488.7465294,3432,11048,1379467,-73.1499056,-37.0242592,96,CORONEL,1,38094,2021,1379467,REGION BIO BIO,8102,CORONEL,MANUEL MONTT,SARGENTO ALDEA,0,"MANUEL MONTT & SARGENTO ALDEA, CORONEL",CHILE,GEOMETRIC_CENTER,52326,2021,1379467,1,2021/09/10 00:00:00+00,1899/12/30 00:00:00+00,8,REGION BIO BIO,8102,CORONEL,10,ATROPELLO,10,ATROPELLO,1,URBANA,15,CRUCE CON SEÑAL CEDA EL PASO,10,DESOBEDIENCIA A SEÑALIZACION,64,SEÑALIZACION DESOBEDECER SEÑAL CEDA EL PASO,0,MANUEL MONTT,0,SARGENTO ALDEA,MANUEL MONTT - SARGENTO ALDEA,0, , , , ,2,0,1,UNIDIRECCIONAL,2,ASFALTO,2,REGULAR,2,HUMEDO,2,NUBLADO,0,0,0,1,1
-8145335.82958214,-4442370.77410707,3433,11049,1351264,-73.1707967,-37.0234131,96,CORONEL,1,18832,2021,1351264,REGION BIO BIO,8102,CORONEL,PEDRO AGUIRRE CERDA, ,1255,"PEDRO AGUIRRE CERDA 1255, CORONEL",CHILE,RANGE_INTERPOLATED,25889,2021,1351264,1,2021/05/19 00:00:00+00,1899/12/30 00:00:00+00,8,REGION BIO BIO,8102,CORONEL,64,CHOQUE LADO/FRENTE,40,CHOQUE,1,URBANA,1,TRAMO DE VIA RECTA,1,IMPRUDENCIA DEL CONDUCTOR,27,CONDUCCION NO ATENTO CONDICIONES TRANSITO MOMENTO,0,PEDRO AGUIRRE CERDA,0, ,- PEDRO AGUIRRE CERDA,1255, , , , ,1,1,2,BIDIRECCIONAL,1,CONCRETO,1,BUENO,1,SECO,1,DESPEJADO,0,0,0,1,1
-8143109.718065,-4441780.3043025,3434,11050,1398484,-73.1507992,-37.0191781,96,CORONEL,1,50119,2021,1398484,REGION BIO BIO,8102,CORONEL,CAMINO CORONEL,DIAGONAL BIO BIO,0,"CAMINO CORONEL & DIAGONAL BIO BIO, CORONEL",CHILE,GEOMETRIC_CENTER,68259,2021,1398484,1,2021/11/13 00:00:00+00,1899/12/30 00:00:00+00,8,REGION BIO BIO,8102,CORONEL,52,CHOQUE LATERAL,40,CHOQUE,1,URBANA,11,CRUCE CON SEMAFORO FUNCIONANDO,1,IMPRUDENCIA DEL CONDUCTOR,28,CONDUCCION SIN MANTENER DISTANCIA RAZONABLE NI PRUDENTE,0,CAMINO CORONEL,0,DIAGONAL BIO BIO,CAMINO CORONEL - DIAGONAL BIO BIO,0, , , , ,3,3,3,BIDIRECCIONAL CON BANDEJON,1,CONCRETO,1,BUENO,1,SECO,1,DESPEJADO,0,0,0,0,2
-8143682.11175471,-4441435.69986237,3435,11051,1327104,-73.1559411,-37.0167064,96,CORONEL,1,456,2021,1327104,REGION BIO BIO,8102,CORONEL,MANUEL MONTT,CRUZ MORA,0,"MANUEL MONTT & CRUZ MORA, CORONEL",CHILE,GEOMETRIC_CENTER,642,2021,1327104,1,2021/01/04 00:00:00+00,1899/12/30 00:00:00+00,8,REGION BIO BIO,8102,CORONEL,51,CHOQUE FRONTAL,40,CHOQUE,1,URBANA,2,TRAMO DE VIA CURVA HORIZONTAL,9,PERDIDA CONTROL VEHICULO,95,PERDIDA CONTROL VEHICULO,0,MANUEL MONTT,0,CRUZ MORA,CRUZ MORA - MANUEL MONTT,0, , , , ,2,0,1,UNIDIRECCIONAL,1,CONCRETO,2,REGULAR,1,SECO,1,DESPEJADO,0,0,0,1,1
-8143682.11175471,-4441435.69986237,3436,11052,1334013,-73.1559411,-37.0167064,96,CORONEL,1,5874,2021,1334013,REGION BIO BIO,8102,CORONEL,CRUZ MORA,MANUEL MONTT,0,"CRUZ MORA & MANUEL MONTT, CORONEL",CHILE,GEOMETRIC_CENTER,8194,2021,1334013,1,2021/02/12 00:00:00+00,1899/12/30 00:00:00+00,8,REGION BIO BIO,8102,CORONEL,30,COLISION,30,COLISION,1,URBANA,2,TRAMO DE VIA CURVA HORIZONTAL,1,IMPRUDENCIA DEL CONDUCTOR,27,CONDUCCION NO ATENTO CONDICIONES TRANSITO MOMENTO,0,CRUZ MORA,0,MANUEL MONTT,CRUZ MORA - MANUEL MONTT,0, , , , ,2,0,1,UNIDIRECCIONAL,1,CONCRETO,1,BUENO,1,SECO,1,DESPEJADO,0,0,1,1,1
-8143672.28224368,-4441414.81510506,3437,11053,1370105,-73.1558528,-37.0165566,96,CORONEL,1,31801,2021,1370105,REGION BIO BIO,8102,CORONEL,MANUEL MONTT, ,626,"MANUEL MONTT 626, CORONEL",CHILE,RANGE_INTERPOLATED,43879,2021,1370105,1,2021/08/06 00:00:00+00,1899/12/30 00:00:00+00,8,REGION BIO BIO,8102,CORONEL,33,COLISION POR ALCANCE,30,COLISION,1,URBANA,1,TRAMO DE VIA RECTA,1,IMPRUDENCIA DEL CONDUCTOR,27,CONDUCCION NO ATENTO CONDICIONES TRANSITO MOMENTO,0,MANUEL MONTT,0, ,- MANUEL MONTT,626, , , , ,2,0,1,UNIDIRECCIONAL,2,ASFALTO,2,REGULAR,1,SECO,1,DESPEJADO,0,0,0,1,0
-8143650.36343594,-4441288.89399614,3438,11054,1329635,-73.1556559,-37.0156534,96,CORONEL,1,4292,2021,1329635,REGION BIO BIO,8102,CORONEL,O'HIGGINS,MANUEL MONTT,0,"O'HIGGINS & MANUEL MONTT, CORONEL",CHILE,GEOMETRIC_CENTER,6029,2021,1329635,1,2021/01/31 00:00:00+00,1899/12/30 00:00:00+00,8,REGION BIO BIO,8102,CORONEL,30,COLISION,30,COLISION,1,URBANA,16,CRUCE SIN SEÑALIZACION,1,IMPRUDENCIA DEL CONDUCTOR,27,CONDUCCION NO ATENTO CONDICIONES TRANSITO MOMENTO,0,O'HIGGINS,0,MANUEL MONTT,MANUEL MONTT - O'HIGGINS,0, , , , ,2,0,1,UNIDIRECCIONAL,1,CONCRETO,1,BUENO,1,SECO,1,DESPEJADO,0,0,0,2,2
-8143591.16373073,-4441201.24363829,3439,11055,1390525,-73.1551241,-37.0150247,96,CORONEL,1,44380,2021,1390525,REGION BIO BIO,8102,CORONEL,MANUEL MONTT,SAN FRANCISCO,0,"MANUEL MONTT & SAN FRANCISCO, CORONEL",CHILE,GEOMETRIC_CENTER,60669,2021,1390525,1,2021/10/14 00:00:00+00,1899/12/30 00:00:00+00,8,REGION BIO BIO,8102,CORONEL,10,ATROPELLO,10,ATROPELLO,1,URBANA,1,TRAMO DE VIA RECTA,2,IMPRUDENCIA DEL PEATON,52,PEATON CRUZA CALZADA FORMA SORPRESIVA O DESCUIDADA,0,MANUEL MONTT,0,SAN FRANCISCO,MANUEL MONTT - SAN FRANCISCO,0, , , , ,2,2,2,BIDIRECCIONAL,2,ASFALTO,1,BUENO,1,SECO,1,DESPEJADO,0,1,0,0,1
-8143852.90924944,-4441199.72401863,3440,11056,1361168,-73.1574754,-37.0150138,96,CORONEL,1,22006,2021,1361168,REGION BIO BIO,8102,CORONEL,CARLOS PRATS,NUEVA ROSA MEDEL,0,"CARLOS PRATS & NUEVA ROSA MEDEL, CORONEL",CHILE,GEOMETRIC_CENTER,30327,2021,1361168,1,2021/06/08 00:00:00+00,1899/12/30 00:00:00+00,8,REGION BIO BIO,8102,CORONEL,53,CHOQUE POSTERIOR,40,CHOQUE,1,URBANA,1,TRAMO DE VIA RECTA,12,FALLAS MECANICAS,1,FALLAS MECANICAS FRENOS,0,CARLOS PRATS,0,NUEVA ROSA MEDEL,CARLOS PRATS - NUEVA ROSA MEDEL,0, , , , ,2,0,1,UNIDIRECCIONAL,1,CONCRETO,1,BUENO,3,MOJADO,3,LLUVIA,0,0,0,0,2
-8143641.7361754,-4440977.62488733,3441,11057,1390998,-73.1555784,-37.0134207,96,CORONEL,1,45287,2021,1390998,REGION BIO BIO,8102,CORONEL,MANUEL MONTT, ,800,"MANUEL MONTT 800, CORONEL",CHILE,RANGE_INTERPOLATED,61914,2021,1390998,1,2021/10/19 00:00:00+00,1899/12/30 00:00:00+00,8,REGION BIO BIO,8102,CORONEL,33,COLISION POR ALCANCE,30,COLISION,1,URBANA,15,CRUCE CON SEÑAL CEDA EL PASO,1,IMPRUDENCIA DEL CONDUCTOR,27,CONDUCCION NO ATENTO CONDICIONES TRANSITO MOMENTO,0,MANUEL MONTT,0, ,- MANUEL MONTT,800, , , , ,2,0,1,UNIDIRECCIONAL,2,ASFALTO,1,BUENO,1,SECO,1,DESPEJADO,0,0,0,1,3
-8143707.26995963,-4440868.10361,3442,11058,1334083,-73.1561671,-37.0126351,96,CORONEL,1,6104,2021,1334083,REGION BIO BIO,8102,CORONEL,MANUEL MONTT,RIQUELME,0,"MANUEL MONTT & RIQUELME, CORONEL",CHILE,GEOMETRIC_CENTER,8515,2021,1334083,1,2021/02/14 00:00:00+00,1899/12/30 00:00:00+00,8,REGION BIO BIO,8102,CORONEL,32,COLISION LATERAL,30,COLISION,1,URBANA,1,TRAMO DE VIA RECTA,1,IMPRUDENCIA DEL CONDUCTOR,29,CONDUCCION CAMBIAR SORPRESIVAMENTE PISTA CIRCULACION,0,MANUEL MONTT,0,RIQUELME,MANUEL MONTT - RIQUELME,0, , , , ,2,0,1,UNIDIRECCIONAL,1,CONCRETO,1,BUENO,1,SECO,1,DESPEJADO,0,0,0,1,1
-8143102.73833293,-4440854.23229682,3443,11059,1356964,-73.1507365,-37.0125356,96,CORONEL,1,21759,2021,1356964,REGION BIO BIO,8102,CORONEL,YOBILO,LEONSIO MEDEL,0,"YOBILO & LEONSIO MEDEL, CORONEL",CHILE,GEOMETRIC_CENTER,29995,2021,1356964,1,2021/06/07 00:00:00+00,1899/12/30 00:00:00+00,8,REGION BIO BIO,8102,CORONEL,50,CHOQUE,40,CHOQUE,1,URBANA,1,TRAMO DE VIA RECTA,1,IMPRUDENCIA DEL CONDUCTOR,27,CONDUCCION NO ATENTO CONDICIONES TRANSITO MOMENTO,0,YOBILO,0,LEONSIO MEDEL,LEONSIO MEDEL - YOBILO,0, , , , ,1,1,2,BIDIRECCIONAL,1,CONCRETO,2,REGULAR,1,SECO,1,DESPEJADO,0,0,0,1,1
-8143855.77016035,-4440784.72265321,3444,11060,1327109,-73.1575011,-37.012037,96,CORONEL,1,541,2021,1327109,REGION BIO BIO,8102,CORONEL,YOBILO,LOS CARRERAS,0,"YOBILO & LOS CARRERAS, CORONEL",CHILE,GEOMETRIC_CENTER,752,2021,1327109,1,2021/01/04 00:00:00+00,1899/12/30 00:00:00+00,8,REGION BIO BIO,8102,CORONEL,10,ATROPELLO,10,ATROPELLO,1,URBANA,14,CRUCE CON SEÑAL PARE,1,IMPRUDENCIA DEL CONDUCTOR,27,CONDUCCION NO ATENTO CONDICIONES TRANSITO MOMENTO,0,YOBILO,0,LOS CARRERAS,LOS CARRERAS - YOBILO,0, , , , ,1,1,2,BIDIRECCIONAL,1,CONCRETO,1,BUENO,1,SECO,1,DESPEJADO,0,0,0,1,1
-8143804.79696552,-4440753.45322097,3445,11061,1361504,-73.1570432,-37.0118127,96,CORONEL,1,26245,2021,1361504,REGION BIO BIO,8102,CORONEL,YOBILO, ,89,"YOBILO 89, CORONEL",CHILE,RANGE_INTERPOLATED,36212,2021,1361504,1,2021/07/05 00:00:00+00,1899/12/30 00:00:00+00,8,REGION BIO BIO,8102,CORONEL,33,COLISION POR ALCANCE,30,COLISION,1,URBANA,24,ROTONDA,1,IMPRUDENCIA DEL CONDUCTOR,27,CONDUCCION NO ATENTO CONDICIONES TRANSITO MOMENTO,0,YOBILO,0, ,- YOBILO,89, , , , ,1,1,2,BIDIRECCIONAL,1,CONCRETO,1,BUENO,1,SECO,2,NUBLADO,0,0,0,0,2
-8143748.89231724,-4440751.54332106,3446,11062,1341028,-73.156541,-37.011799,96,CORONEL,1,11305,2021,1341028,REGION BIO BIO,8102,CORONEL,MANUEL MONTT,YOBILO,0,"MANUEL MONTT & YOBILO, CORONEL",CHILE,GEOMETRIC_CENTER,15678,2021,1341028,1,2021/03/22 00:00:00+00,1899/12/30 00:00:00+00,8,REGION BIO BIO,8102,CORONEL,30,COLISION,30,COLISION,1,URBANA,11,CRUCE CON SEMAFORO FUNCIONANDO,4,ALCOHOL EN CONDUCTOR,24,CONDUCCION EN ESTADO DE EBRIEDAD,0,MANUEL MONTT,0,YOBILO,MANUEL MONTT - YOBILO,0, , , , ,2,0,1,UNIDIRECCIONAL,1,CONCRETO,1,BUENO,1,SECO,1,DESPEJADO,0,0,0,1,1
-8143561.40803085,-4440654.0134152,3447,11063,1371157,-73.1548568,-37.0110994,96,CORONEL,1,32926,2021,1371157,REGION BIO BIO,8102,CORONEL,YOBILO,CURANILAHUE,0,"YOBILO & CURANILAHUE, CORONEL",CHILE,GEOMETRIC_CENTER,45413,2021,1371157,1,2021/08/12 00:00:00+00,1899/12/30 00:00:00+00,8,REGION BIO BIO,8102,CORONEL,10,ATROPELLO,10,ATROPELLO,1,URBANA,15,CRUCE CON SEÑAL CEDA EL PASO,1,IMPRUDENCIA DEL CONDUCTOR,27,CONDUCCION NO ATENTO CONDICIONES TRANSITO MOMENTO,0,YOBILO,0,CURANILAHUE,CURANILAHUE - YOBILO,0, , , , ,1,1,2,BIDIRECCIONAL,1,CONCRETO,2,REGULAR,2,HUMEDO,2,NUBLADO,0,0,0,1,1
-8145993.62758519,-4440631.68036411,3448,11064,1352355,-73.1767058,-37.0109392,96,CORONEL,1,20355,2021,1352355,REGION BIO BIO,8102,CORONEL,ARENAS BLANCAS, ,2685,"ARENAS BLANCAS 2685, CORONEL",CHILE,RANGE_INTERPOLATED,28054,2021,1352355,1,2021/05/29 00:00:00+00,1899/12/30 00:00:00+00,8,REGION BIO BIO,8102,CORONEL,51,CHOQUE FRONTAL,40,CHOQUE,1,URBANA,1,TRAMO DE VIA RECTA,7,VELOCIDAD IMPRUDENTE,72,VELOCIDAD NO RAZONABLE NI PRUDENTE,0,ARENAS BLANCAS,0, ,- ARENAS BLANCAS,2685, , , , ,1,1,2,BIDIRECCIONAL,2,ASFALTO,2,REGULAR,1,SECO,1,DESPEJADO,1,1,0,1,0
-8143336.63171504,-4440609.96075034,3449,11065,1347343,-73.1528376,-37.0107834,96,CORONEL,1,16454,2021,1347343,REGION BIO BIO,8102,CORONEL,COSMITO,PUENTE ALTO,0,"COSMITO & PUENTE ALTO, CORONEL",CHILE,GEOMETRIC_CENTER,22697,2021,1347343,1,2021/05/03 00:00:00+00,1899/12/30 00:00:00+00,8,REGION BIO BIO,8102,CORONEL,10,ATROPELLO,10,ATROPELLO,1,URBANA,16,CRUCE SIN SEÑALIZACION,13,CAUSAS NO DETERMINADAS,97,CAUSAS NO DETERMINADAS,0,COSMITO,0,PUENTE ALTO,COSMITO - PUENTE ALTO,0, , , , ,1,0,1,UNIDIRECCIONAL,1,CONCRETO,1,BUENO,1,SECO,1,DESPEJADO,0,0,0,1,1
-8144137.95393756,-4440506.46558996,3450,11066,1369974,-73.160036,-37.010041,96,CORONEL,1,31049,2021,1369974,REGION BIO BIO,8102,CORONEL,FELIX PAZ,1 DE MAYO,0,"FELIX PAZ & 1 DE MAYO, CORONEL",CHILE,GEOMETRIC_CENTER,42915,2021,1369974,1,2021/08/02 00:00:00+00,1899/12/30 00:00:00+00,8,REGION BIO BIO,8102,CORONEL,30,COLISION,30,COLISION,1,URBANA,1,TRAMO DE VIA RECTA,1,IMPRUDENCIA DEL CONDUCTOR,27,CONDUCCION NO ATENTO CONDICIONES TRANSITO MOMENTO,0,FELIX PAZ,0,1 DE MAYO,1 DE MAYO - FELIX PAZ,0, , , , ,1,1,2,BIDIRECCIONAL,1,CONCRETO,1,BUENO,1,SECO,1,DESPEJADO,0,0,0,2,0
-8143276.35221077,-4440500.37357067,3451,11067,1361487,-73.1522961,-37.0099973,96,CORONEL,1,26035,2021,1361487,REGION BIO BIO,8102,CORONEL,YOBILO,SANTOS LEONCIO MEDEL,0,"YOBILO & SANTOS LEONCIO MEDEL, CORONEL",CHILE,GEOMETRIC_CENTER,35928,2021,1361487,1,2021/07/04 00:00:00+00,1899/12/30 00:00:00+00,8,REGION BIO BIO,8102,CORONEL,32,COLISION LATERAL,30,COLISION,1,URBANA,1,TRAMO DE VIA RECTA,1,IMPRUDENCIA DEL CONDUCTOR,29,CONDUCCION CAMBIAR SORPRESIVAMENTE PISTA CIRCULACION,0,YOBILO,0,SANTOS LEONCIO MEDEL,SANTOS LEONCIO MEDEL - YOBILO,0, , , , ,2,0,1,UNIDIRECCIONAL,1,CONCRETO,1,BUENO,1,SECO,1,DESPEJADO,0,0,0,2,1