X,Y,FID,FID_1,LABELID,POINT_X,POINT_Y,FID_2,COMUNAREAL,VAL_COM,OBJECTID,A_O,IDACCIDENT,REGION,COD_COMUN,COMUNA,CALLE_UNO,CALLE_DOS,NUMERO,DIR_GEOCOD,PAIS,TIPO,OBJECTID_1,Año,Idaccide_1,Claseaccid,Fecha,Hora,Cód_Regi,Región,Cód_Comun,Comuna_1,Cód_Tipo_,Tipo_Accid,Cód_Tipo1,Tipo__CONA,Cód_Zona,Zona,Cód_Ubica,Ubicación,Cód_Causa,Causa__CON,Cód_Cau_1,Causa,Cód_Calle,Calle_Un_1,Cód_Cal_1,Calle_Do_1,Intersecci,Número,Ruta,Cód_Ruta,Ubicaci_1,Km_Vía_Fe,Pistas_de_,Pistas_de1,Cód_Calza,Calzada,Cód__Tipo,Tipo_Calza,Cód_Estad,Estado_Cal,Cód_Condi,Condición,Cód_Est_1,Estado_Atm,Fallecidos,Graves,Menos_Grav,Leves,Ilesos
-8145386.22391562,-4440405.63406016,3452,11068,1406278,-73.1712494,-37.0093177,96,CORONEL,1,51400,2021,1406278,REGION BIO BIO,8102,CORONEL,ARENAS BLANCAS, ,761,"ARENAS BLANCAS 761, CORONEL",CHILE,RANGE_INTERPOLATED,69916,2021,1406278,1,2021/11/20 00:00:00+00,1899/12/30 00:00:00+00,8,REGION BIO BIO,8102,CORONEL,70,VOLCADURA,70,VOLCADURA,1,URBANA,1,TRAMO DE VIA RECTA,1,IMPRUDENCIA DEL CONDUCTOR,27,CONDUCCION NO ATENTO CONDICIONES TRANSITO MOMENTO,0,ARENAS BLANCAS,0, ,- ARENAS BLANCAS,761, , , , ,1,1,2,BIDIRECCIONAL,2,ASFALTO,1,BUENO,1,SECO,1,DESPEJADO,0,0,0,2,0
-8145290.55594524,-4440203.82053736,3453,11069,1379311,-73.17039,-37.00787,96,CORONEL,1,36999,2021,1379311,REGION BIO BIO,8102,CORONEL,LEMUN,DERICO SCWAGER,0,"LEMUN & DERICO SCWAGER, CORONEL",CHILE,GEOMETRIC_CENTER,50883,2021,1379311,1,2021/09/04 00:00:00+00,1899/12/30 00:00:00+00,8,REGION BIO BIO,8102,CORONEL,50,CHOQUE,40,CHOQUE,1,URBANA,16,CRUCE SIN SEÑALIZACION,8,DROGAS Y/O FATIGA EN CONDUCTOR,25,"CONDICIONES FISICAS DEFICIENTES (CANSANCIO, SUEÑO)",0,LEMUN,0,DERICO SCWAGER,DERICO SCWAGER - LEMUN,0, , , , ,2,0,1,UNIDIRECCIONAL,1,CONCRETO,1,BUENO,1,SECO,1,DESPEJADO,0,0,0,1,0
-8144007.29825122,-4440116.52765626,3454,11070,1390822,-73.1588623,-37.0072438,96,CORONEL,1,44814,2021,1390822,REGION BIO BIO,8102,CORONEL,MANUEL MONTT, ,1199,"MANUEL MONTT 1199, CORONEL",CHILE,RANGE_INTERPOLATED,61251,2021,1390822,1,2021/10/16 00:00:00+00,1899/12/30 00:00:00+00,8,REGION BIO BIO,8102,CORONEL,53,CHOQUE POSTERIOR,40,CHOQUE,1,URBANA,11,CRUCE CON SEMAFORO FUNCIONANDO,1,IMPRUDENCIA DEL CONDUCTOR,27,CONDUCCION NO ATENTO CONDICIONES TRANSITO MOMENTO,0,MANUEL MONTT,0, ,- MANUEL MONTT,1199, , , , ,2,0,1,UNIDIRECCIONAL,2,ASFALTO,1,BUENO,1,SECO,1,DESPEJADO,0,0,0,1,1
-8144153.40508289,-4440106.5744734,3455,11071,1361654,-73.1601748,-37.0071724,96,CORONEL,1,25416,2021,1361654,REGION BIO BIO,8102,CORONEL,CARLOS PRATS,HEROES DE LA CONCEPCION,0,"CARLOS PRATS & HEROES DE LA CONCEPCION, CORONEL",CHILE,GEOMETRIC_CENTER,35122,2021,1361654,1,2021/07/01 00:00:00+00,1899/12/30 00:00:00+00,8,REGION BIO BIO,8102,CORONEL,33,COLISION POR ALCANCE,30,COLISION,1,URBANA,1,TRAMO DE VIA RECTA,1,IMPRUDENCIA DEL CONDUCTOR,27,CONDUCCION NO ATENTO CONDICIONES TRANSITO MOMENTO,0,CARLOS PRATS,0,HEROES DE LA CONCEPCION,CARLOS PRATS - HEROES DE LA CONCEPCION,0, , , , ,2,0,1,UNIDIRECCIONAL,1,CONCRETO,2,REGULAR,2,HUMEDO,1,DESPEJADO,0,0,0,1,1
-8143979.30139929,-4440041.41899463,3456,11072,1368733,-73.1586108,-37.006705,96,CORONEL,1,28404,2021,1368733,REGION BIO BIO,8102,CORONEL,MANUEL MONTT,HEROES DE LA CONCEPCION,0,"MANUEL MONTT & HEROES DE LA CONCEPCION, CORONEL",CHILE,GEOMETRIC_CENTER,39244,2021,1368733,1,2021/07/18 00:00:00+00,1899/12/30 00:00:00+00,8,REGION BIO BIO,8102,CORONEL,32,COLISION LATERAL,30,COLISION,1,URBANA,11,CRUCE CON SEMAFORO FUNCIONANDO,1,IMPRUDENCIA DEL CONDUCTOR,23,CONDUCCION CONTRA SENTIDO DEL TRANSITO,0,MANUEL MONTT,0,HEROES DE LA CONCEPCION,HEROES DE LA CONCEPCION - MANUEL MONTT,0, , , , ,2,0,1,UNIDIRECCIONAL,2,ASFALTO,2,REGULAR,2,HUMEDO,1,DESPEJADO,0,0,0,1,1
-8142641.87564105,-4440034.1562885,3457,11073,1390962,-73.1465965,-37.0066529,96,CORONEL,1,45326,2021,1390962,REGION BIO BIO,8102,CORONEL,YOBILO,BIO BIO,0,"YOBILO & BIO BIO, CORONEL",CHILE,GEOMETRIC_CENTER,61964,2021,1390962,1,2021/10/19 00:00:00+00,1899/12/30 00:00:00+00,8,REGION BIO BIO,8102,CORONEL,33,COLISION POR ALCANCE,30,COLISION,1,URBANA,15,CRUCE CON SEÑAL CEDA EL PASO,1,IMPRUDENCIA DEL CONDUCTOR,27,CONDUCCION NO ATENTO CONDICIONES TRANSITO MOMENTO,0,YOBILO,0,BIO BIO,BIO BIO - YOBILO,0, , , , ,1,1,2,BIDIRECCIONAL,2,ASFALTO,1,BUENO,1,SECO,1,DESPEJADO,0,0,0,1,2
-8142404.80965345,-4439490.28992819,3458,11074,1351288,-73.1444669,-37.0027513,96,CORONEL,1,18906,2021,1351288,REGION BIO BIO,8102,CORONEL,YOBILO, ,1092,"YOBILO 1092, CORONEL",CHILE,RANGE_INTERPOLATED,25993,2021,1351288,1,2021/05/19 00:00:00+00,1899/12/30 00:00:00+00,8,REGION BIO BIO,8102,CORONEL,10,ATROPELLO,10,ATROPELLO,1,URBANA,15,CRUCE CON SEÑAL CEDA EL PASO,1,IMPRUDENCIA DEL CONDUCTOR,27,CONDUCCION NO ATENTO CONDICIONES TRANSITO MOMENTO,0,YOBILO,0, ,- YOBILO,1092, , , , ,2,0,1,UNIDIRECCIONAL,1,CONCRETO,1,BUENO,1,SECO,1,DESPEJADO,0,0,0,1,1
-8144759.49518246,-4439237.78406039,3459,11075,1329497,-73.1656194,-37.0009398,96,CORONEL,1,3902,2021,1329497,REGION BIO BIO,8102,CORONEL,GABRIELA MISTRAL,RAUL GUTIERREZ,0,"GABRIELA MISTRAL & RAUL GUTIERREZ, CORONEL",CHILE,GEOMETRIC_CENTER,5415,2021,1329497,1,2021/01/28 00:00:00+00,1899/12/30 00:00:00+00,8,REGION BIO BIO,8102,CORONEL,30,COLISION,30,COLISION,1,URBANA,15,CRUCE CON SEÑAL CEDA EL PASO,1,IMPRUDENCIA DEL CONDUCTOR,27,CONDUCCION NO ATENTO CONDICIONES TRANSITO MOMENTO,0,GABRIELA MISTRAL,0,RAUL GUTIERREZ,GABRIELA MISTRAL - RAUL GUTIERREZ,0, , , , ,1,1,2,BIDIRECCIONAL,1,CONCRETO,2,REGULAR,1,SECO,1,DESPEJADO,0,0,0,1,1
-8144441.80048768,-4439131.79332652,3460,11077,1337402,-73.1627655,-37.0001794,96,CORONEL,1,9304,2021,1337402,REGION BIO BIO,8102,CORONEL,JUAN ANTONIO RIOS, ,1688,"JUAN ANTONIO RIOS 1688, CORONEL",CHILE,RANGE_INTERPOLATED,13002,2021,1337402,1,2021/03/08 00:00:00+00,1899/12/30 00:00:00+00,8,REGION BIO BIO,8102,CORONEL,10,ATROPELLO,10,ATROPELLO,1,URBANA,1,TRAMO DE VIA RECTA,2,IMPRUDENCIA DEL PEATON,53,IMPRUDENCIA DEL PEATON,0,JUAN ANTONIO RIOS,0, ,- JUAN ANTONIO RIOS,1688, , , , ,2,0,1,UNIDIRECCIONAL,1,CONCRETO,1,BUENO,1,SECO,1,DESPEJADO,0,0,0,1,1
-8143543.16276631,-4439078.79835709,3461,11078,1410206,-73.1546929,-36.9997992,96,CORONEL,1,59241,2021,1410206,REGION BIO BIO,8102,CORONEL,IGNACIO O??ªATE,LOS CHIFLONES,0,"IGNACIO O??ªATE & LOS CHIFLONES, CORONEL",CHILE,GEOMETRIC_CENTER,80485,2021,1410206,1,2021/12/30 00:00:00+00,1899/12/30 00:00:00+00,8,REGION BIO BIO,8102,CORONEL,30,COLISION,30,COLISION,1,URBANA,15,CRUCE CON SEÑAL CEDA EL PASO,1,IMPRUDENCIA DEL CONDUCTOR,32,NO RESPETAR DERECHO PREFERENTE DE PASO A VEHICULO,0,IGNACIO OÑATE,0,LOS CHIFLONES,IGNACIO OÑATE - LOS CHIFLONES,0, , , , ,2,0,1,UNIDIRECCIONAL,2,ASFALTO,1,BUENO,1,SECO,1,DESPEJADO,0,1,0,1,0
-8144353.67997877,-4439069.18067668,3462,11079,1373675,-73.1619739,-36.9997302,96,CORONEL,1,34087,2021,1373675,REGION BIO BIO,8102,CORONEL,LOS CHIFLONES,MANUEL MONTT,0,"LOS CHIFLONES & MANUEL MONTT, CORONEL",CHILE,GEOMETRIC_CENTER,46989,2021,1373675,1,2021/08/19 00:00:00+00,1899/12/30 00:00:00+00,8,REGION BIO BIO,8102,CORONEL,51,CHOQUE FRONTAL,40,CHOQUE,1,URBANA,1,TRAMO DE VIA RECTA,8,DROGAS Y/O FATIGA EN CONDUCTOR,25,"CONDICIONES FISICAS DEFICIENTES (CANSANCIO, SUEÑO)",0,LOS CHIFLONES,0,MANUEL MONTT,LOS CHIFLONES - MANUEL MONTT,0, , , , ,2,0,1,UNIDIRECCIONAL,1,CONCRETO,1,BUENO,1,SECO,1,DESPEJADO,0,1,0,0,0
-8144353.67997877,-4439069.18067668,3463,11080,1394699,-73.1619739,-36.9997302,96,CORONEL,1,47949,2021,1394699,REGION BIO BIO,8102,CORONEL,LOS CHIFLONES,MANUEL MONTT,0,"LOS CHIFLONES & MANUEL MONTT, CORONEL",CHILE,GEOMETRIC_CENTER,65422,2021,1394699,1,2021/11/03 00:00:00+00,1899/12/30 00:00:00+00,8,REGION BIO BIO,8102,CORONEL,10,ATROPELLO,10,ATROPELLO,1,URBANA,14,CRUCE CON SEÑAL PARE,2,IMPRUDENCIA DEL PEATON,52,PEATON CRUZA CALZADA FORMA SORPRESIVA O DESCUIDADA,0,LOS CHIFLONES,0,MANUEL MONTT,LOS CHIFLONES - MANUEL MONTT,0, , , , ,2,0,1,UNIDIRECCIONAL,2,ASFALTO,1,BUENO,2,HUMEDO,3,LLUVIA,0,0,0,2,0
-8144353.67997877,-4439069.18067668,3464,11081,1395485,-73.1619739,-36.9997302,96,CORONEL,1,48888,2021,1395485,REGION BIO BIO,8102,CORONEL,MANUEL MONTT,LOS CHIFLONES,0,"MANUEL MONTT & LOS CHIFLONES, CORONEL",CHILE,GEOMETRIC_CENTER,66668,2021,1395485,1,2021/11/08 00:00:00+00,1899/12/30 00:00:00+00,8,REGION BIO BIO,8102,CORONEL,31,COLISION FRONTAL,30,COLISION,1,URBANA,1,TRAMO DE VIA RECTA,4,ALCOHOL EN CONDUCTOR,24,CONDUCCION EN ESTADO DE EBRIEDAD,0,MANUEL MONTT,0,LOS CHIFLONES,LOS CHIFLONES - MANUEL MONTT,0, , , , ,2,0,1,UNIDIRECCIONAL,1,CONCRETO,1,BUENO,1,SECO,1,DESPEJADO,0,0,1,0,1
-8144353.67997877,-4439069.18067668,3465,11082,1394736,-73.1619739,-36.9997302,96,CORONEL,1,48892,2021,1394736,REGION BIO BIO,8102,CORONEL,MANUEL MONTT,LOS CHIFLONES,0,"MANUEL MONTT & LOS CHIFLONES, CORONEL",CHILE,GEOMETRIC_CENTER,66672,2021,1394736,1,2021/11/08 00:00:00+00,1899/12/30 00:00:00+00,8,REGION BIO BIO,8102,CORONEL,30,COLISION,30,COLISION,1,URBANA,1,TRAMO DE VIA RECTA,4,ALCOHOL EN CONDUCTOR,24,CONDUCCION EN ESTADO DE EBRIEDAD,0,MANUEL MONTT,0,LOS CHIFLONES,LOS CHIFLONES - MANUEL MONTT,0, , , , ,2,2,2,BIDIRECCIONAL,2,ASFALTO,1,BUENO,1,SECO,1,DESPEJADO,0,0,1,0,1
-8143878.33462114,-4438994.83212008,3466,11083,1356791,-73.1577038,-36.9991968,96,CORONEL,1,21559,2021,1356791,REGION BIO BIO,8102,CORONEL,LOS CHIFLONES,LOS POLVOREROS,0,"LOS CHIFLONES & LOS POLVOREROS, CORONEL",CHILE,GEOMETRIC_CENTER,29721,2021,1356791,1,2021/06/05 00:00:00+00,1899/12/30 00:00:00+00,8,REGION BIO BIO,8102,CORONEL,10,ATROPELLO,10,ATROPELLO,1,URBANA,1,TRAMO DE VIA RECTA,1,IMPRUDENCIA DEL CONDUCTOR,27,CONDUCCION NO ATENTO CONDICIONES TRANSITO MOMENTO,0,LOS CHIFLONES,0,LOS POLVOREROS,LOS CHIFLONES - LOS POLVOREROS,0, , , , ,1,1,2,BIDIRECCIONAL,1,CONCRETO,1,BUENO,1,SECO,1,DESPEJADO,0,0,0,1,1
-8144433.1398313,-4438943.66377829,3467,11084,1393854,-73.1626877,-36.9988297,96,CORONEL,1,47613,2021,1393854,REGION BIO BIO,8102,CORONEL,MANUEL MONTT,CRISTO REDENTOR,0,"MANUEL MONTT & CRISTO REDENTOR, CORONEL",CHILE,GEOMETRIC_CENTER,64968,2021,1393854,1,2021/11/01 00:00:00+00,1899/12/30 00:00:00+00,8,REGION BIO BIO,8102,CORONEL,30,COLISION,30,COLISION,1,URBANA,1,TRAMO DE VIA RECTA,1,IMPRUDENCIA DEL CONDUCTOR,27,CONDUCCION NO ATENTO CONDICIONES TRANSITO MOMENTO,0,MANUEL MONTT,0,CRISTO REDENTOR,CRISTO REDENTOR - MANUEL MONTT,0, , , , ,2,2,2,BIDIRECCIONAL,1,CONCRETO,1,BUENO,1,SECO,1,DESPEJADO,0,0,0,2,0
-8142488.19908401,-4438900.70542114,3468,11085,1361184,-73.145216,-36.9985215,96,CORONEL,1,22357,2021,1361184,REGION BIO BIO,8102,CORONEL,MINERO ARMANDO CHAVEZ,MINERO JUAN LEAL SILVA,0,"MINERO ARMANDO CHAVEZ & MINERO JUAN LEAL SILVA, CORONEL",CHILE,GEOMETRIC_CENTER,30804,2021,1361184,1,2021/06/10 00:00:00+00,1899/12/30 00:00:00+00,8,REGION BIO BIO,8102,CORONEL,53,CHOQUE POSTERIOR,40,CHOQUE,1,URBANA,1,TRAMO DE VIA RECTA,1,IMPRUDENCIA DEL CONDUCTOR,27,CONDUCCION NO ATENTO CONDICIONES TRANSITO MOMENTO,0,MINERO ARMANDO CHAVEZ,0,MINERO JUAN LEAL SILVA,MINERO ARMANDO CHAVEZ - MINERO JUAN LEAL SILVA,0, , , , ,1,1,2,BIDIRECCIONAL,1,CONCRETO,1,BUENO,1,SECO,1,DESPEJADO,0,0,0,0,2
-8142888.4371812,-4438884.00718394,3469,11086,1361650,-73.1488114,-36.9984017,96,CORONEL,1,25469,2021,1361650,REGION BIO BIO,8102,CORONEL,ISMAEL ESCALONA AVILA,JUAN LEAL SILVA,0,"ISMAEL ESCALONA AVILA & JUAN LEAL SILVA, CORONEL",CHILE,GEOMETRIC_CENTER,35189,2021,1361650,1,2021/07/01 00:00:00+00,1899/12/30 00:00:00+00,8,REGION BIO BIO,8102,CORONEL,32,COLISION LATERAL,30,COLISION,1,URBANA,1,TRAMO DE VIA RECTA,1,IMPRUDENCIA DEL CONDUCTOR,27,CONDUCCION NO ATENTO CONDICIONES TRANSITO MOMENTO,0,ISMAEL ESCALONA AVILA,0,JUAN LEAL SILVA,ISMAEL ESCALONA AVILA - JUAN LEAL SILVA,0, , , , ,2,0,1,UNIDIRECCIONAL,1,CONCRETO,1,BUENO,1,SECO,1,DESPEJADO,0,0,0,2,0
-8144325.4716198,-4438782.04815112,3470,11087,1379299,-73.1617205,-36.9976702,96,CORONEL,1,36520,2021,1379299,REGION BIO BIO,8102,CORONEL,BUEN RETIRO,MANUEL MONTT,0,"BUEN RETIRO & MANUEL MONTT, CORONEL",CHILE,GEOMETRIC_CENTER,50249,2021,1379299,1,2021/09/02 00:00:00+00,1899/12/30 00:00:00+00,8,REGION BIO BIO,8102,CORONEL,30,COLISION,30,COLISION,1,URBANA,16,CRUCE SIN SEÑALIZACION,1,IMPRUDENCIA DEL CONDUCTOR,27,CONDUCCION NO ATENTO CONDICIONES TRANSITO MOMENTO,0,BUEN RETIRO,0,MANUEL MONTT,BUEN RETIRO - MANUEL MONTT,0, , , , ,2,0,1,UNIDIRECCIONAL,2,ASFALTO,1,BUENO,1,SECO,1,DESPEJADO,0,0,0,2,0
-8144438.24939593,-4438636.92373888,3471,11088,1369770,-73.1627336,-36.996629,96,CORONEL,1,30683,2021,1369770,REGION BIO BIO,8102,CORONEL,MANUEL MONTT, ,2320,"MANUEL MONTT 2320, CORONEL",CHILE,RANGE_INTERPOLATED,42423,2021,1369770,1,2021/07/31 00:00:00+00,1899/12/30 00:00:00+00,8,REGION BIO BIO,8102,CORONEL,10,ATROPELLO,10,ATROPELLO,1,URBANA,1,TRAMO DE VIA RECTA,2,IMPRUDENCIA DEL PEATON,52,PEATON CRUZA CALZADA FORMA SORPRESIVA O DESCUIDADA,0,MANUEL MONTT,0, ,- MANUEL MONTT,2320, , , , ,2,0,1,UNIDIRECCIONAL,2,ASFALTO,1,BUENO,1,SECO,1,DESPEJADO,0,1,0,0,1
-8143672.47148681,-4438579.26200722,3472,11089,1387293,-73.1558545,-36.9962153,96,CORONEL,1,44321,2021,1387293,REGION BIO BIO,8102,CORONEL,LOS PIRQUENES, ,680,"LOS PIRQUENES 680, CORONEL",CHILE,RANGE_INTERPOLATED,60601,2021,1387293,1,2021/10/14 00:00:00+00,1899/12/30 00:00:00+00,8,REGION BIO BIO,8102,CORONEL,10,ATROPELLO,10,ATROPELLO,1,URBANA,1,TRAMO DE VIA RECTA,4,ALCOHOL EN CONDUCTOR,24,CONDUCCION EN ESTADO DE EBRIEDAD,0,LOS PIRQUENES,0, ,- LOS PIRQUENES,680, , , , ,1,1,2,BIDIRECCIONAL,1,CONCRETO,1,BUENO,1,SECO,1,DESPEJADO,1,1,0,3,0
-8143303.97057644,-4438364.20059241,3473,11090,1369720,-73.1525442,-36.9946723,96,CORONEL,1,29692,2021,1369720,REGION BIO BIO,8102,CORONEL,ALCALDE SEBASTIAN CORREA, ,288,"ALCALDE SEBASTIAN CORREA 288, CORONEL",CHILE,RANGE_INTERPOLATED,41077,2021,1369720,1,2021/07/25 00:00:00+00,1899/12/30 00:00:00+00,8,REGION BIO BIO,8102,CORONEL,10,ATROPELLO,10,ATROPELLO,1,URBANA,1,TRAMO DE VIA RECTA,2,IMPRUDENCIA DEL PEATON,52,PEATON CRUZA CALZADA FORMA SORPRESIVA O DESCUIDADA,0,ALCALDE SEBASTIAN CORREA,0, ,- ALCALDE SEBASTIAN CORREA,288, , , , ,1,1,2,BIDIRECCIONAL,1,CONCRETO,1,BUENO,1,SECO,1,DESPEJADO,0,0,0,1,0
-8144460.9919679,-4438269.18748673,3474,11091,1346189,-73.1629379,-36.9939906,96,CORONEL,1,14576,2021,1346189,REGION BIO BIO,8102,CORONEL,SENDERO,MANUEL MONTT,0,"SENDERO & MANUEL MONTT, CORONEL",CHILE,GEOMETRIC_CENTER,20094,2021,1346189,1,2021/04/19 00:00:00+00,1899/12/30 00:00:00+00,8,REGION BIO BIO,8102,CORONEL,32,COLISION LATERAL,30,COLISION,1,URBANA,1,TRAMO DE VIA RECTA,1,IMPRUDENCIA DEL CONDUCTOR,27,CONDUCCION NO ATENTO CONDICIONES TRANSITO MOMENTO,0,SENDERO,0,MANUEL MONTT,MANUEL MONTT - SENDERO,0, , , , ,2,0,1,UNIDIRECCIONAL,1,CONCRETO,3,MALO,1,SECO,1,DESPEJADO,0,0,0,2,2
-8144436.82450644,-4438159.59663451,3475,11092,1340652,-73.1627208,-36.9932043,96,CORONEL,1,11050,2021,1340652,REGION BIO BIO,8102,CORONEL,MANUEL MONTT, ,2328,"MANUEL MONTT 2328, CORONEL",CHILE,RANGE_INTERPOLATED,15327,2021,1340652,1,2021/03/19 00:00:00+00,1899/12/30 00:00:00+00,8,REGION BIO BIO,8102,CORONEL,32,COLISION LATERAL,30,COLISION,1,URBANA,1,TRAMO DE VIA RECTA,1,IMPRUDENCIA DEL CONDUCTOR,27,CONDUCCION NO ATENTO CONDICIONES TRANSITO MOMENTO,0,MANUEL MONTT,0, ,- MANUEL MONTT,2328, , , , ,2,0,1,UNIDIRECCIONAL,1,CONCRETO,2,REGULAR,1,SECO,1,DESPEJADO,0,0,0,0,2
-8145225.94611278,-4438098.41134065,3476,11093,1394074,-73.1698096,-36.9927653,96,CORONEL,1,47614,2021,1394074,REGION BIO BIO,8102,CORONEL,LOS ONAS,LOS DIAGUITAS,0,"LOS ONAS & LOS DIAGUITAS, CORONEL",CHILE,GEOMETRIC_CENTER,64969,2021,1394074,1,2021/11/01 00:00:00+00,1899/12/30 00:00:00+00,8,REGION BIO BIO,8102,CORONEL,30,COLISION,30,COLISION,1,URBANA,15,CRUCE CON SEÑAL CEDA EL PASO,1,IMPRUDENCIA DEL CONDUCTOR,32,NO RESPETAR DERECHO PREFERENTE DE PASO A VEHICULO,0,LOS ONAS,0,LOS DIAGUITAS,LOS DIAGUITAS - LOS ONAS,0, , , , ,1,0,1,UNIDIRECCIONAL,2,ASFALTO,1,BUENO,1,SECO,1,DESPEJADO,0,0,0,0,2
-8144516.85208838,-4438081.64468054,3477,11094,1324504,-73.1634397,-36.992645,96,CORONEL,1,114,2021,1324504,REGION BIO BIO,8102,CORONEL,JUAN ANTONIO RIOS,LOS MOLINEROS,0,"JUAN ANTONIO RIOS & LOS MOLINEROS, CORONEL",CHILE,GEOMETRIC_CENTER,181,2021,1324504,1,2021/01/01 00:00:00+00,1899/12/30 00:00:00+00,8,REGION BIO BIO,8102,CORONEL,31,COLISION FRONTAL,30,COLISION,1,URBANA,11,CRUCE CON SEMAFORO FUNCIONANDO,1,IMPRUDENCIA DEL CONDUCTOR,27,CONDUCCION NO ATENTO CONDICIONES TRANSITO MOMENTO,0,JUAN ANTONIO RIOS,0,LOS MOLINEROS,JUAN ANTONIO RIOS - LOS MOLINEROS,0, , , , ,2,2,2,BIDIRECCIONAL,1,CONCRETO,1,BUENO,1,SECO,1,DESPEJADO,0,0,0,0,2
-8144516.85208838,-4438081.64468054,3478,11095,1370077,-73.1634397,-36.992645,96,CORONEL,1,31286,2021,1370077,REGION BIO BIO,8102,CORONEL,LOS MOLINEROS,JUAN ANTONIO RIOS,0,"LOS MOLINEROS & JUAN ANTONIO RIOS, CORONEL",CHILE,GEOMETRIC_CENTER,43212,2021,1370077,1,2021/08/03 00:00:00+00,1899/12/30 00:00:00+00,8,REGION BIO BIO,8102,CORONEL,32,COLISION LATERAL,30,COLISION,1,URBANA,11,CRUCE CON SEMAFORO FUNCIONANDO,1,IMPRUDENCIA DEL CONDUCTOR,27,CONDUCCION NO ATENTO CONDICIONES TRANSITO MOMENTO,0,LOS MOLINEROS,0,JUAN ANTONIO RIOS,JUAN ANTONIO RIOS - LOS MOLINEROS,0, , , , ,2,0,1,UNIDIRECCIONAL,2,ASFALTO,1,BUENO,2,HUMEDO,1,DESPEJADO,0,1,0,0,1
-8144516.85208838,-4438081.64468054,3479,11096,1382530,-73.1634397,-36.992645,96,CORONEL,1,40313,2021,1382530,REGION BIO BIO,8102,CORONEL,LOS MOLINEROS,JUAN ANTONIO RIOS,0,"LOS MOLINEROS & JUAN ANTONIO RIOS, CORONEL",CHILE,GEOMETRIC_CENTER,55356,2021,1382530,1,2021/09/22 00:00:00+00,1899/12/30 00:00:00+00,8,REGION BIO BIO,8102,CORONEL,10,ATROPELLO,10,ATROPELLO,1,URBANA,15,CRUCE CON SEÑAL CEDA EL PASO,1,IMPRUDENCIA DEL CONDUCTOR,27,CONDUCCION NO ATENTO CONDICIONES TRANSITO MOMENTO,0,LOS MOLINEROS,0,JUAN ANTONIO RIOS,JUAN ANTONIO RIOS - LOS MOLINEROS,0, , , , ,2,0,1,UNIDIRECCIONAL,1,CONCRETO,1,BUENO,2,HUMEDO,2,NUBLADO,0,0,0,1,1
-8144470.76581919,-4437991.51214175,3480,11097,1387393,-73.1630257,-36.9919983,96,CORONEL,1,40266,2021,1387393,REGION BIO BIO,8102,CORONEL,MANUEL MONTT,VICENTE PEREZ ROSALES,0,"MANUEL MONTT & VICENTE PEREZ ROSALES, CORONEL",CHILE,GEOMETRIC_CENTER,55294,2021,1387393,1,2021/09/22 00:00:00+00,1899/12/30 00:00:00+00,8,REGION BIO BIO,8102,CORONEL,30,COLISION,30,COLISION,1,URBANA,1,TRAMO DE VIA RECTA,1,IMPRUDENCIA DEL CONDUCTOR,27,CONDUCCION NO ATENTO CONDICIONES TRANSITO MOMENTO,0,MANUEL MONTT,0,VICENTE PEREZ ROSALES,MANUEL MONTT - VICENTE PEREZ ROSALES,0, , , , ,2,0,1,UNIDIRECCIONAL,2,ASFALTO,1,BUENO,1,SECO,1,DESPEJADO,0,0,0,1,1
-8143850.17078996,-4437740.21267775,3481,11098,1407605,-73.1574508,-36.9901952,96,CORONEL,1,56100,2021,1407605,REGION BIO BIO,8102,CORONEL,TODO LOS SANTOS,LLEU LLEU,0,"TODO LOS SANTOS & LLEU LLEU, CORONEL",CHILE,GEOMETRIC_CENTER,76267,2021,1407605,1,2021/12/14 00:00:00+00,1899/12/30 00:00:00+00,8,REGION BIO BIO,8102,CORONEL,10,ATROPELLO,10,ATROPELLO,1,URBANA,1,TRAMO DE VIA RECTA,1,IMPRUDENCIA DEL CONDUCTOR,27,CONDUCCION NO ATENTO CONDICIONES TRANSITO MOMENTO,0,TODO LOS SANTOS,0,LLEU LLEU,LLEU LLEU - TODO LOS SANTOS,0, , , , ,1,1,2,BIDIRECCIONAL,2,ASFALTO,1,BUENO,1,SECO,1,DESPEJADO,0,0,0,1,1
-8144426.96159956,-4437559.56394566,3482,11099,1381105,-73.1626322,-36.988899,96,CORONEL,1,39100,2021,1381105,REGION BIO BIO,8102,CORONEL,LOS ROBLES,LOS MOLLES,0,"LOS ROBLES & LOS MOLLES, CORONEL",CHILE,GEOMETRIC_CENTER,53689,2021,1381105,1,2021/09/15 00:00:00+00,1899/12/30 00:00:00+00,8,REGION BIO BIO,8102,CORONEL,30,COLISION,30,COLISION,1,URBANA,1,TRAMO DE VIA RECTA,1,IMPRUDENCIA DEL CONDUCTOR,27,CONDUCCION NO ATENTO CONDICIONES TRANSITO MOMENTO,0,LOS ROBLES,0,LOS MOLLES,LOS MOLLES - LOS ROBLES,0, , , , ,2,0,1,UNIDIRECCIONAL,2,ASFALTO,1,BUENO,1,SECO,1,DESPEJADO,0,0,0,0,2
-8145010.53176615,-4437388.47869299,3483,11100,1377018,-73.1678745,-36.9876714,96,CORONEL,1,35938,2021,1377018,REGION BIO BIO,8102,CORONEL,LOS DIAGUITAS,2 PONIENTE,0,"LOS DIAGUITAS & 2 PONIENTE, CORONEL",CHILE,GEOMETRIC_CENTER,49485,2021,1377018,1,2021/08/29 00:00:00+00,1899/12/30 00:00:00+00,8,REGION BIO BIO,8102,CORONEL,30,COLISION,30,COLISION,1,URBANA,1,TRAMO DE VIA RECTA,1,IMPRUDENCIA DEL CONDUCTOR,27,CONDUCCION NO ATENTO CONDICIONES TRANSITO MOMENTO,0,LOS DIAGUITAS,0,2 PONIENTE,2 PONIENTE - LOS DIAGUITAS,0, , , , ,1,1,2,BIDIRECCIONAL,2,ASFALTO,1,BUENO,1,SECO,1,DESPEJADO,0,0,0,3,0