X,Y,FID,FID_1,LABELID,POINT_X,POINT_Y,FID_2,COMUNAREAL,VAL_COM,OBJECTID,A_O,IDACCIDENT,REGION,COD_COMUN,COMUNA,CALLE_UNO,CALLE_DOS,NUMERO,DIR_GEOCOD,PAIS,TIPO,OBJECTID_1,Año,Idaccide_1,Claseaccid,Fecha,Hora,Cód_Regi,Región,Cód_Comun,Comuna_1,Cód_Tipo_,Tipo_Accid,Cód_Tipo1,Tipo__CONA,Cód_Zona,Zona,Cód_Ubica,Ubicación,Cód_Causa,Causa__CON,Cód_Cau_1,Causa,Cód_Calle,Calle_Un_1,Cód_Cal_1,Calle_Do_1,Intersecci,Número,Ruta,Cód_Ruta,Ubicaci_1,Km_Vía_Fe,Pistas_de_,Pistas_de1,Cód_Calza,Calzada,Cód__Tipo,Tipo_Calza,Cód_Estad,Estado_Cal,Cód_Condi,Condición,Cód_Est_1,Estado_Atm,Fallecidos,Graves,Menos_Grav,Leves,Ilesos
-8143825.91427292,-4437112.5266188,3484,11101,1377252,-73.1572329,-36.9856913,96,CORONEL,1,36669,2021,1377252,REGION BIO BIO,8102,CORONEL,ESCUADRON,LOS NOTROS,0,"ESCUADRON & LOS NOTROS, CORONEL",CHILE,GEOMETRIC_CENTER,50428,2021,1377252,1,2021/09/02 00:00:00+00,1899/12/30 00:00:00+00,8,REGION BIO BIO,8102,CORONEL,33,COLISION POR ALCANCE,30,COLISION,1,URBANA,11,CRUCE CON SEMAFORO FUNCIONANDO,1,IMPRUDENCIA DEL CONDUCTOR,32,NO RESPETAR DERECHO PREFERENTE DE PASO A VEHICULO,0,ESCUADRON,0,LOS NOTROS,ESCUADRON - LOS NOTROS,0, , , , ,1,1,2,BIDIRECCIONAL,1,CONCRETO,1,BUENO,1,SECO,2,NUBLADO,0,0,0,1,1
-8144352.01018641,-4437093.183346,3485,11102,1378322,-73.1619589,-36.9855525,96,CORONEL,1,35361,2021,1378322,REGION BIO BIO,8102,CORONEL,LOS PINOS,LOS NOTROS,0,"LOS PINOS & LOS NOTROS, CORONEL",CHILE,GEOMETRIC_CENTER,48700,2021,1378322,1,2021/08/26 00:00:00+00,1899/12/30 00:00:00+00,8,REGION BIO BIO,8102,CORONEL,10,ATROPELLO,10,ATROPELLO,1,URBANA,15,CRUCE CON SEÑAL CEDA EL PASO,1,IMPRUDENCIA DEL CONDUCTOR,31,NO RESPETAR DERECHO PREFERENTE DE PASO A PEATON,0,LOS PINOS,0,LOS NOTROS,LOS NOTROS - LOS PINOS,0, , , , ,2,0,1,UNIDIRECCIONAL,2,ASFALTO,1,BUENO,1,SECO,1,DESPEJADO,0,0,0,1,1
-8144447.39985807,-4437072.87852196,3486,11103,1376477,-73.1628158,-36.9854068,96,CORONEL,1,34077,2021,1376477,REGION BIO BIO,8102,CORONEL,MANUEL MONTT,LOS NOTROS,0,"MANUEL MONTT & LOS NOTROS, CORONEL",CHILE,GEOMETRIC_CENTER,46976,2021,1376477,1,2021/08/19 00:00:00+00,1899/12/30 00:00:00+00,8,REGION BIO BIO,8102,CORONEL,30,COLISION,30,COLISION,1,URBANA,11,CRUCE CON SEMAFORO FUNCIONANDO,10,DESOBEDIENCIA A SEÑALIZACION,62,SEÑALIZACION DESOBEDECER LUZ ROJA DE SEMAFORO,0,MANUEL MONTT,0,LOS NOTROS,LOS NOTROS - MANUEL MONTT,0, , , , ,1,1,2,BIDIRECCIONAL,1,CONCRETO,1,BUENO,2,HUMEDO,2,NUBLADO,0,0,0,0,2
-8144447.39985807,-4437072.87852196,3487,11104,1395338,-73.1628158,-36.9854068,96,CORONEL,1,49551,2021,1395338,REGION BIO BIO,8102,CORONEL,LOS NOTROS,MANUEL MONTT,0,"LOS NOTROS & MANUEL MONTT, CORONEL",CHILE,GEOMETRIC_CENTER,67514,2021,1395338,1,2021/11/11 00:00:00+00,1899/12/30 00:00:00+00,8,REGION BIO BIO,8102,CORONEL,10,ATROPELLO,10,ATROPELLO,1,URBANA,11,CRUCE CON SEMAFORO FUNCIONANDO,2,IMPRUDENCIA DEL PEATON,52,PEATON CRUZA CALZADA FORMA SORPRESIVA O DESCUIDADA,0,LOS NOTROS,0,MANUEL MONTT,LOS NOTROS - MANUEL MONTT,0, , , , ,1,1,2,BIDIRECCIONAL,2,ASFALTO,1,BUENO,1,SECO,1,DESPEJADO,1,0,0,0,1
-8144129.51592016,-4436950.40934409,3488,11105,1341062,-73.1599602,-36.984528,96,CORONEL,1,11824,2021,1341062,REGION BIO BIO,8102,CORONEL,LOS NOTROS,ESCUADRON,0,"LOS NOTROS & ESCUADRON, CORONEL",CHILE,GEOMETRIC_CENTER,16357,2021,1341062,1,2021/03/25 00:00:00+00,1899/12/30 00:00:00+00,8,REGION BIO BIO,8102,CORONEL,10,ATROPELLO,10,ATROPELLO,1,URBANA,11,CRUCE CON SEMAFORO FUNCIONANDO,2,IMPRUDENCIA DEL PEATON,52,PEATON CRUZA CALZADA FORMA SORPRESIVA O DESCUIDADA,0,LOS NOTROS,0,ESCUADRON,ESCUADRON - LOS NOTROS,0, , , , ,2,0,1,UNIDIRECCIONAL,1,CONCRETO,2,REGULAR,1,SECO,1,DESPEJADO,0,1,0,0,1
-8144129.51592016,-4436950.40934409,3489,11106,1368743,-73.1599602,-36.984528,96,CORONEL,1,28781,2021,1368743,REGION BIO BIO,8102,CORONEL,LOS NOTROS,JUAN ANTONIO RIOS,0,"LOS NOTROS & JUAN ANTONIO RIOS, CORONEL",CHILE,GEOMETRIC_CENTER,39767,2021,1368743,1,2021/07/20 00:00:00+00,1899/12/30 00:00:00+00,8,REGION BIO BIO,8102,CORONEL,10,ATROPELLO,10,ATROPELLO,1,URBANA,11,CRUCE CON SEMAFORO FUNCIONANDO,1,IMPRUDENCIA DEL CONDUCTOR,27,CONDUCCION NO ATENTO CONDICIONES TRANSITO MOMENTO,0,LOS NOTROS,0,JUAN ANTONIO RIOS,JUAN ANTONIO RIOS - LOS NOTROS,0, , , , ,2,0,1,UNIDIRECCIONAL,2,ASFALTO,1,BUENO,1,SECO,1,DESPEJADO,0,1,0,0,1
-8144129.51592016,-4436950.40934409,3490,11107,1410229,-73.1599602,-36.984528,96,CORONEL,1,59085,2021,1410229,REGION BIO BIO,8102,CORONEL,LOS NOTROS,1 ORIENTE,0,"LOS NOTROS & 1 ORIENTE, CORONEL",CHILE,GEOMETRIC_CENTER,80285,2021,1410229,1,2021/12/29 00:00:00+00,1899/12/30 00:00:00+00,8,REGION BIO BIO,8102,CORONEL,30,COLISION,30,COLISION,1,URBANA,16,CRUCE SIN SEÑALIZACION,1,IMPRUDENCIA DEL CONDUCTOR,27,CONDUCCION NO ATENTO CONDICIONES TRANSITO MOMENTO,0,LOS NOTROS,0,1 ORIENTE,1 ORIENTE - LOS NOTROS,0, , , , ,2,0,1,UNIDIRECCIONAL,2,ASFALTO,1,BUENO,1,SECO,2,NUBLADO,0,0,0,1,1
-8142939.13207731,-4436946.22858238,3491,11108,1407757,-73.1492668,-36.984498,96,CORONEL,1,56956,2021,1407757,REGION BIO BIO,8102,CORONEL,LAS ENCINAS,RACOMA,0,"LAS ENCINAS & RACOMA, CORONEL",CHILE,GEOMETRIC_CENTER,77376,2021,1407757,1,2021/12/18 00:00:00+00,1899/12/30 00:00:00+00,8,REGION BIO BIO,8102,CORONEL,30,COLISION,30,COLISION,1,URBANA,16,CRUCE SIN SEÑALIZACION,1,IMPRUDENCIA DEL CONDUCTOR,27,CONDUCCION NO ATENTO CONDICIONES TRANSITO MOMENTO,0,LAS ENCINAS,0,RACOMA,LAS ENCINAS - RACOMA,0, , , , ,1,1,2,BIDIRECCIONAL,2,ASFALTO,1,BUENO,1,SECO,1,DESPEJADO,0,0,0,2,0
-8144171.75053497,-4436878.17994941,3492,11109,1329355,-73.1603396,-36.9840097,96,CORONEL,1,2816,2021,1329355,REGION BIO BIO,8102,CORONEL,LOS ALAMOS,LOS SAUCES,0,"LOS ALAMOS & LOS SAUCES, CORONEL",CHILE,GEOMETRIC_CENTER,3863,2021,1329355,1,2021/01/20 00:00:00+00,1899/12/30 00:00:00+00,8,REGION BIO BIO,8102,CORONEL,30,COLISION,30,COLISION,1,URBANA,16,CRUCE SIN SEÑALIZACION,1,IMPRUDENCIA DEL CONDUCTOR,29,CONDUCCION CAMBIAR SORPRESIVAMENTE PISTA CIRCULACION,0,LOS ALAMOS,0,LOS SAUCES,LOS ALAMOS - LOS SAUCES,0, , , , ,2,0,1,UNIDIRECCIONAL,1,CONCRETO,1,BUENO,1,SECO,1,DESPEJADO,0,0,0,2,1
-8144733.53547721,-4436778.97159452,3493,11110,1380967,-73.1653862,-36.9832978,96,CORONEL,1,38311,2021,1380967,REGION BIO BIO,8102,CORONEL,VOLCAN OSORNO, ,2967,"VOLCAN OSORNO 2967, CORONEL",CHILE,RANGE_INTERPOLATED,52610,2021,1380967,1,2021/09/11 00:00:00+00,1899/12/30 00:00:00+00,8,REGION BIO BIO,8102,CORONEL,50,CHOQUE,40,CHOQUE,1,URBANA,1,TRAMO DE VIA RECTA,4,ALCOHOL EN CONDUCTOR,24,CONDUCCION EN ESTADO DE EBRIEDAD,0,VOLCAN OSORNO,0, ,- VOLCAN OSORNO,2967, , , , ,1,0,1,UNIDIRECCIONAL,2,ASFALTO,1,BUENO,1,SECO,1,DESPEJADO,0,0,0,0,1
-8143477.06125267,-4436689.3518096,3494,11111,1368771,-73.1540991,-36.9826547,96,CORONEL,1,28952,2021,1368771,REGION BIO BIO,8102,CORONEL,LAS ENCINAS,ESCUADRON,0,"LAS ENCINAS & ESCUADRON, CORONEL",CHILE,GEOMETRIC_CENTER,40018,2021,1368771,1,2021/07/21 00:00:00+00,1899/12/30 00:00:00+00,8,REGION BIO BIO,8102,CORONEL,10,ATROPELLO,10,ATROPELLO,1,URBANA,1,TRAMO DE VIA RECTA,1,IMPRUDENCIA DEL CONDUCTOR,27,CONDUCCION NO ATENTO CONDICIONES TRANSITO MOMENTO,0,LAS ENCINAS,0,ESCUADRON,ESCUADRON - LAS ENCINAS,0, , , , ,2,0,1,UNIDIRECCIONAL,2,ASFALTO,1,BUENO,2,HUMEDO,5,NEBLINA,0,1,0,1,1
-8143911.88631566,-4436590.49360664,3495,11112,1407517,-73.1580052,-36.9819453,96,CORONEL,1,55585,2021,1407517,REGION BIO BIO,8102,CORONEL,LOS NOGALES,LAS ENCINAS,0,"LOS NOGALES & LAS ENCINAS, CORONEL",CHILE,GEOMETRIC_CENTER,75533,2021,1407517,1,2021/12/11 00:00:00+00,1899/12/30 00:00:00+00,8,REGION BIO BIO,8102,CORONEL,30,COLISION,30,COLISION,1,URBANA,15,CRUCE CON SEÑAL CEDA EL PASO,1,IMPRUDENCIA DEL CONDUCTOR,32,NO RESPETAR DERECHO PREFERENTE DE PASO A VEHICULO,0,LOS NOGALES,0,LAS ENCINAS,LAS ENCINAS - LOS NOGALES,0, , , , ,2,0,1,UNIDIRECCIONAL,1,CONCRETO,1,BUENO,1,SECO,1,DESPEJADO,0,0,1,1,0
-8144472.02372943,-4436568.47569427,3496,11113,1406670,-73.163037,-36.9817873,96,CORONEL,1,53745,2021,1406670,REGION BIO BIO,8102,CORONEL,CERRO EL PLOMO,JUAN ANTONIO RIOS,0,"CERRO EL PLOMO & JUAN ANTONIO RIOS, CORONEL",CHILE,GEOMETRIC_CENTER,73039,2021,1406670,1,2021/12/02 00:00:00+00,1899/12/30 00:00:00+00,8,REGION BIO BIO,8102,CORONEL,30,COLISION,30,COLISION,1,URBANA,11,CRUCE CON SEMAFORO FUNCIONANDO,10,DESOBEDIENCIA A SEÑALIZACION,62,SEÑALIZACION DESOBEDECER LUZ ROJA DE SEMAFORO,0,CERRO EL PLOMO,0,JUAN ANTONIO RIOS,CERRO EL PLOMO - JUAN ANTONIO RIOS,0, , , , ,2,0,1,UNIDIRECCIONAL,1,CONCRETO,1,BUENO,1,SECO,2,NUBLADO,0,0,0,0,2
-8144397.10571213,-4436486.49421125,3497,11114,1379323,-73.162364,-36.981199,96,CORONEL,1,37127,2021,1379323,REGION BIO BIO,8102,CORONEL,MANUEL MONTT,CERRO SAN FRANCISCO,0,"MANUEL MONTT & CERRO SAN FRANCISCO, CORONEL",CHILE,GEOMETRIC_CENTER,51055,2021,1379323,1,2021/09/05 00:00:00+00,1899/12/30 00:00:00+00,8,REGION BIO BIO,8102,CORONEL,50,CHOQUE,40,CHOQUE,1,URBANA,1,TRAMO DE VIA RECTA,1,IMPRUDENCIA DEL CONDUCTOR,27,CONDUCCION NO ATENTO CONDICIONES TRANSITO MOMENTO,0,MANUEL MONTT,0,CERRO SAN FRANCISCO,CERRO SAN FRANCISCO - MANUEL MONTT,0, , , , ,2,0,1,UNIDIRECCIONAL,1,CONCRETO,2,REGULAR,3,MOJADO,3,LLUVIA,0,0,0,1,0
-8143944.51405841,-4436332.53851736,3498,11115,1371191,-73.1582983,-36.9800942,96,CORONEL,1,33501,2021,1371191,REGION BIO BIO,8102,CORONEL,LOS CANELOS, ,1795,"LOS CANELOS 1795, CORONEL",CHILE,RANGE_INTERPOLATED,46191,2021,1371191,1,2021/08/15 00:00:00+00,1899/12/30 00:00:00+00,8,REGION BIO BIO,8102,CORONEL,53,CHOQUE POSTERIOR,40,CHOQUE,1,URBANA,1,TRAMO DE VIA RECTA,4,ALCOHOL EN CONDUCTOR,24,CONDUCCION EN ESTADO DE EBRIEDAD,0,LOS CANELOS,0, ,- LOS CANELOS,1795, , , , ,1,1,2,BIDIRECCIONAL,1,CONCRETO,1,BUENO,2,HUMEDO,2,NUBLADO,0,0,0,0,2
-8144420.68318028,-4436307.97102973,3499,11116,1329329,-73.1625758,-36.9799179,96,CORONEL,1,2832,2021,1329329,REGION BIO BIO,8102,CORONEL,MANUEL MONTT, ,3850,"MANUEL MONTT 3850, CORONEL",CHILE,RANGE_INTERPOLATED,3892,2021,1329329,1,2021/01/20 00:00:00+00,1899/12/30 00:00:00+00,8,REGION BIO BIO,8102,CORONEL,30,COLISION,30,COLISION,1,URBANA,1,TRAMO DE VIA RECTA,14,OTRAS CAUSAS,98,OTRAS CAUSAS,0,MANUEL MONTT,0, ,- MANUEL MONTT,3850, , , , ,1,1,3,BIDIRECCIONAL CON BANDEJON,1,CONCRETO,1,BUENO,1,SECO,1,DESPEJADO,0,0,0,2,0
-8141979.50240693,-4435859.35614083,3500,11117,1379419,-73.1406463,-36.9766985,96,CORONEL,1,37479,2021,1379419,REGION BIO BIO,8102,CORONEL,LA MORA,CALETERA RUTA 160,0,"LA MORA & CALETERA RUTA 160, CORONEL",CHILE,GEOMETRIC_CENTER,51537,2021,1379419,1,2021/09/07 00:00:00+00,1899/12/30 00:00:00+00,8,REGION BIO BIO,8102,CORONEL,30,COLISION,30,COLISION,1,URBANA,1,TRAMO DE VIA RECTA,1,IMPRUDENCIA DEL CONDUCTOR,32,NO RESPETAR DERECHO PREFERENTE DE PASO A VEHICULO,0,LA MORA,0,CALETERA RUTA 160,CALETERA RUTA 160 - LA MORA,0, , , , ,2,0,1,UNIDIRECCIONAL,1,CONCRETO,1,BUENO,1,SECO,1,DESPEJADO,0,1,0,0,1
-8141979.50240693,-4435859.35614083,3501,11118,1397676,-73.1406463,-36.9766985,96,CORONEL,1,49482,2021,1397676,REGION BIO BIO,8102,CORONEL,LA MORA,RUTA 160,0,"LA MORA & RUTA 160, CORONEL",CHILE,GEOMETRIC_CENTER,67422,2021,1397676,1,2021/11/10 00:00:00+00,1899/12/30 00:00:00+00,8,REGION BIO BIO,8102,CORONEL,30,COLISION,30,COLISION,1,URBANA,5,PUENTE,1,IMPRUDENCIA DEL CONDUCTOR,27,CONDUCCION NO ATENTO CONDICIONES TRANSITO MOMENTO,0,LA MORA,0,RUTA 160,LA MORA - RUTA 160,0, , , , ,1,1,2,BIDIRECCIONAL,2,ASFALTO,1,BUENO,1,SECO,2,NUBLADO,0,0,0,2,1
-8143168.91777021,-4434007.33801027,3502,11119,1334020,-73.151331,-36.9634064,96,CORONEL,1,5884,2021,1334020,REGION BIO BIO,8102,CORONEL,MANGIN,WENMAPU,0,"MANGIN & WENMAPU, CORONEL",CHILE,GEOMETRIC_CENTER,8206,2021,1334020,1,2021/02/12 00:00:00+00,1899/12/30 00:00:00+00,8,REGION BIO BIO,8102,CORONEL,20,CAIDA,20,CAIDA,1,URBANA,1,TRAMO DE VIA RECTA,14,OTRAS CAUSAS,98,OTRAS CAUSAS,0,MANGIN,0,WENMAPU,MANGIN - WENMAPU,0, , , , ,1,1,2,BIDIRECCIONAL,1,CONCRETO,1,BUENO,1,SECO,1,DESPEJADO,0,1,0,0,1
-8143168.91777021,-4434007.33801027,3503,11120,1391389,-73.151331,-36.9634064,96,CORONEL,1,46592,2021,1391389,REGION BIO BIO,8102,CORONEL,WENMAPU,MANGIN,0,"WENMAPU & MANGIN, CORONEL",CHILE,GEOMETRIC_CENTER,63610,2021,1391389,1,2021/10/26 00:00:00+00,1899/12/30 00:00:00+00,8,REGION BIO BIO,8102,CORONEL,30,COLISION,30,COLISION,1,URBANA,14,CRUCE CON SEÑAL PARE,10,DESOBEDIENCIA A SEÑALIZACION,65,SEÑALIZACION DESOBEDECER SEÑAL PARE,0,WENMAPU,0,MANGIN,MANGIN - WENMAPU,0, , , , ,2,0,1,UNIDIRECCIONAL,1,CONCRETO,1,BUENO,1,SECO,1,DESPEJADO,0,0,0,3,0
-8142750.52346406,-4432756.17815525,3504,11121,1370042,-73.1475725,-36.9544254,96,CORONEL,1,31705,2021,1370042,REGION BIO BIO,8102,CORONEL,LA MORA, ,160,"LA MORA 160, CORONEL",CHILE,RANGE_INTERPOLATED,43755,2021,1370042,1,2021/08/06 00:00:00+00,1899/12/30 00:00:00+00,8,REGION BIO BIO,8102,CORONEL,10,ATROPELLO,10,ATROPELLO,1,URBANA,16,CRUCE SIN SEÑALIZACION,2,IMPRUDENCIA DEL PEATON,55,PEATON CRUZA CALZADA FUERA PASO PEATONES,0,LA MORA,0, ,- LA MORA,160, , , , ,2,0,1,UNIDIRECCIONAL,2,ASFALTO,1,BUENO,2,HUMEDO,5,NEBLINA,0,1,0,0,1
-8143507.30675832,-4431022.35157402,3505,11122,1369669,-73.1543708,-36.941978,96,CORONEL,1,29708,2021,1369669,REGION BIO BIO,8102,CORONEL,CENTRAL,CALLE B,0,"CENTRAL & CALLE B, CORONEL",CHILE,GEOMETRIC_CENTER,41099,2021,1369669,1,2021/07/25 00:00:00+00,1899/12/30 00:00:00+00,8,REGION BIO BIO,8102,CORONEL,50,CHOQUE,40,CHOQUE,1,URBANA,1,TRAMO DE VIA RECTA,1,IMPRUDENCIA DEL CONDUCTOR,27,CONDUCCION NO ATENTO CONDICIONES TRANSITO MOMENTO,0,CENTRAL,0,CALLE B,CALLE B - CENTRAL,0, , , , ,1,1,2,BIDIRECCIONAL,6,TIERRA,2,REGULAR,0, ,1,DESPEJADO,0,0,0,1,1
-8143039.87621648,-4430900.80183799,3506,11123,1332275,-73.1501718,-36.9411053,96,CORONEL,0,5969,2021,1332275,REGION BIO BIO,8101,CONCEPCION,JORGE ALESSANDRI,COLON,0,"JORGE ALESSANDRI & COLON, CONCEPCION",CHILE,GEOMETRIC_CENTER,8335,2021,1332275,1,2021/02/13 00:00:00+00,1899/12/30 00:00:00+00,8,REGION BIO BIO,8101,CONCEPCION,32,COLISION LATERAL,30,COLISION,1,URBANA,1,TRAMO DE VIA RECTA,1,IMPRUDENCIA DEL CONDUCTOR,11,ADELANTAMIENTO SIN EL ESPACIO O TIEMPO SUFICIENTE,0,JORGE ALESSANDRI,0,COLON,COLON - JORGE ALESSANDRI,0, , , , ,3,3,3,BIDIRECCIONAL CON BANDEJON,1,CONCRETO,1,BUENO,1,SECO,1,DESPEJADO,0,0,0,0,2
-8143039.87621648,-4430900.80183799,3507,11124,1337261,-73.1501718,-36.9411053,96,CORONEL,0,9608,2021,1337261,REGION BIO BIO,8103,CHIGUAYANTE,JORGE ALESSANDRI,COSTANERA,0,"JORGE ALESSANDRI & COSTANERA, CHIGUAYANTE",CHILE,GEOMETRIC_CENTER,13380,2021,1337261,1,2021/03/10 00:00:00+00,1899/12/30 00:00:00+00,8,REGION BIO BIO,8103,CHIGUAYANTE,30,COLISION,30,COLISION,1,URBANA,1,TRAMO DE VIA RECTA,4,ALCOHOL EN CONDUCTOR,21,CONDUCCION BAJO LA INFLUENCIA DEL ALCOHOL,0,JORGE ALESSANDRI,0,COSTANERA,COSTANERA - JORGE ALESSANDRI,0, , , , ,3,3,2,BIDIRECCIONAL,1,CONCRETO,1,BUENO,1,SECO,1,DESPEJADO,0,0,0,2,0
-8143039.87621648,-4430900.80183799,3508,11125,1359426,-73.1501718,-36.9411053,96,CORONEL,0,24834,2021,1359426,REGION BIO BIO,8103,CHIGUAYANTE,JORGE ALESSANDRI,PATIO CAMIONES,0,"JORGE ALESSANDRI & PATIO CAMIONES, CHIGUAYANTE",CHILE,GEOMETRIC_CENTER,34245,2021,1359426,1,2021/06/26 00:00:00+00,1899/12/30 00:00:00+00,8,REGION BIO BIO,8103,CHIGUAYANTE,50,CHOQUE,40,CHOQUE,1,URBANA,1,TRAMO DE VIA RECTA,9,PERDIDA CONTROL VEHICULO,95,PERDIDA CONTROL VEHICULO,0,JORGE ALESSANDRI,0,PATIO CAMIONES,JORGE ALESSANDRI - PATIO CAMIONES,0, , , , ,3,3,2,BIDIRECCIONAL,1,CONCRETO,1,BUENO,1,SECO,1,DESPEJADO,0,0,0,0,2
-8143039.87621648,-4430900.80183799,3509,11126,1362714,-73.1501718,-36.9411053,96,CORONEL,0,27118,2021,1362714,REGION BIO BIO,8103,CHIGUAYANTE,JORGE ALESSANDRI,COSTANERA,0,"JORGE ALESSANDRI & COSTANERA, CHIGUAYANTE",CHILE,GEOMETRIC_CENTER,37386,2021,1362714,1,2021/07/10 00:00:00+00,1899/12/30 00:00:00+00,8,REGION BIO BIO,8103,CHIGUAYANTE,50,CHOQUE,40,CHOQUE,1,URBANA,1,TRAMO DE VIA RECTA,13,CAUSAS NO DETERMINADAS,97,CAUSAS NO DETERMINADAS,0,JORGE ALESSANDRI,0,COSTANERA,COSTANERA - JORGE ALESSANDRI,0, , , , ,3,3,2,BIDIRECCIONAL,1,CONCRETO,1,BUENO,1,SECO,1,DESPEJADO,0,0,0,0,1
-8143039.87621648,-4430900.80183799,3510,11127,1368579,-73.1501718,-36.9411053,96,CORONEL,0,29508,2021,1368579,REGION BIO BIO,8108,SAN PEDRO DE LA PAZ,JORGE ALESSANDRI,PEDRO AGUIRRE CERDA,0,"JORGE ALESSANDRI & PEDRO AGUIRRE CERDA, SAN PEDRO DE LA PAZ",CHILE,GEOMETRIC_CENTER,40805,2021,1368579,1,2021/07/24 00:00:00+00,1899/12/30 00:00:00+00,8,REGION BIO BIO,8108,SAN PEDRO DE LA PAZ,32,COLISION LATERAL,30,COLISION,1,URBANA,14,CRUCE CON SEÑAL PARE,1,IMPRUDENCIA DEL CONDUCTOR,27,CONDUCCION NO ATENTO CONDICIONES TRANSITO MOMENTO,0,JORGE ALESSANDRI,0,PEDRO AGUIRRE CERDA,JORGE ALESSANDRI - PEDRO AGUIRRE CERDA,0, , , , ,2,2,2,BIDIRECCIONAL,1,CONCRETO,1,BUENO,1,SECO,1,DESPEJADO,0,0,0,0,2
-8143039.87621648,-4430900.80183799,3511,11128,1376101,-73.1501718,-36.9411053,96,CORONEL,0,34740,2021,1376101,REGION BIO BIO,8101,CONCEPCION,JORGE ALESSANDRI,COSMECHURRUSCA,0,"JORGE ALESSANDRI & COSMECHURRUSCA, CONCEPCION",CHILE,GEOMETRIC_CENTER,47913,2021,1376101,1,2021/08/22 00:00:00+00,1899/12/30 00:00:00+00,8,REGION BIO BIO,8101,CONCEPCION,30,COLISION,30,COLISION,1,URBANA,1,TRAMO DE VIA RECTA,4,ALCOHOL EN CONDUCTOR,24,CONDUCCION EN ESTADO DE EBRIEDAD,0,JORGE ALESSANDRI,0,COSMECHURRUSCA,COSMECHURRUSCA - JORGE ALESSANDRI,0, , , , ,3,3,2,BIDIRECCIONAL,1,CONCRETO,1,BUENO,1,SECO,1,DESPEJADO,0,0,0,0,2
-8143039.87621648,-4430900.80183799,3512,11129,1388981,-73.1501718,-36.9411053,96,CORONEL,0,45674,2021,1388981,REGION BIO BIO,8101,CONCEPCION,JORGE ALESSANDRI,PAICAVI,0,"JORGE ALESSANDRI & PAICAVI, CONCEPCION",CHILE,GEOMETRIC_CENTER,62410,2021,1388981,1,2021/10/21 00:00:00+00,1899/12/30 00:00:00+00,8,REGION BIO BIO,8101,CONCEPCION,32,COLISION LATERAL,30,COLISION,1,URBANA,1,TRAMO DE VIA RECTA,1,IMPRUDENCIA DEL CONDUCTOR,29,CONDUCCION CAMBIAR SORPRESIVAMENTE PISTA CIRCULACION,0,JORGE ALESSANDRI,0,PAICAVI,JORGE ALESSANDRI - PAICAVI,0, , , , ,2,2,3,BIDIRECCIONAL CON BANDEJON,1,CONCRETO,1,BUENO,1,SECO,1,DESPEJADO,0,0,0,0,2
-8143039.87621648,-4430900.80183799,3513,11130,1402661,-73.1501718,-36.9411053,96,CORONEL,0,51059,2021,1402661,REGION BIO BIO,8101,CONCEPCION,JORGE ALESSANDRI,PEDRO AGUIRRE CERDA,0,"JORGE ALESSANDRI & PEDRO AGUIRRE CERDA, CONCEPCION",CHILE,GEOMETRIC_CENTER,69478,2021,1402661,1,2021/11/18 00:00:00+00,1899/12/30 00:00:00+00,8,REGION BIO BIO,8101,CONCEPCION,50,CHOQUE,40,CHOQUE,1,URBANA,1,TRAMO DE VIA RECTA,13,CAUSAS NO DETERMINADAS,97,CAUSAS NO DETERMINADAS,0,JORGE ALESSANDRI,0,PEDRO AGUIRRE CERDA,JORGE ALESSANDRI - PEDRO AGUIRRE CERDA,0, , , , ,3,3,2,BIDIRECCIONAL,1,CONCRETO,1,BUENO,1,SECO,1,DESPEJADO,0,0,0,0,2
-8143039.87621648,-4430900.80183799,3514,11131,1402673,-73.1501718,-36.9411053,96,CORONEL,0,51837,2021,1402673,REGION BIO BIO,8101,CONCEPCION,JORGE ALESSANDRI,PAICAVI,0,"JORGE ALESSANDRI & PAICAVI, CONCEPCION",CHILE,GEOMETRIC_CENTER,70509,2021,1402673,1,2021/11/22 00:00:00+00,1899/12/30 00:00:00+00,8,REGION BIO BIO,8101,CONCEPCION,30,COLISION,30,COLISION,1,URBANA,1,TRAMO DE VIA RECTA,13,CAUSAS NO DETERMINADAS,97,CAUSAS NO DETERMINADAS,0,JORGE ALESSANDRI,0,PAICAVI,JORGE ALESSANDRI - PAICAVI,0, , , , ,3,3,2,BIDIRECCIONAL,1,CONCRETO,1,BUENO,1,SECO,1,DESPEJADO,0,0,0,0,2
-8143039.87621648,-4430900.80183799,3515,11132,1408009,-73.1501718,-36.9411053,96,CORONEL,0,58617,2021,1408009,REGION BIO BIO,8101,CONCEPCION,JORGE ALESSANDRI,PAICAVI,0,"JORGE ALESSANDRI & PAICAVI, CONCEPCION",CHILE,GEOMETRIC_CENTER,79659,2021,1408009,1,2021/12/27 00:00:00+00,1899/12/30 00:00:00+00,8,REGION BIO BIO,8101,CONCEPCION,50,CHOQUE,40,CHOQUE,1,URBANA,1,TRAMO DE VIA RECTA,13,CAUSAS NO DETERMINADAS,97,CAUSAS NO DETERMINADAS,0,JORGE ALESSANDRI,0,PAICAVI,JORGE ALESSANDRI - PAICAVI,0, , , , ,3,3,2,BIDIRECCIONAL,1,CONCRETO,1,BUENO,1,SECO,1,DESPEJADO,0,0,0,0,2