X,Y,FID,FID_1,LABELID,POINT_X,POINT_Y,FID_2,COMUNAREAL,VAL_COM,OBJECTID,A_O,IDACCIDENT,REGION,COD_COMUN,COMUNA,CALLE_UNO,CALLE_DOS,NUMERO,DIR_GEOCOD,PAIS,TIPO,OBJECTID_1,Año,Idaccide_1,Claseaccid,Fecha,Hora,Cód_Regi,Región,Cód_Comun,Comuna_1,Cód_Tipo_,Tipo_Accid,Cód_Tipo1,Tipo__CONA,Cód_Zona,Zona,Cód_Ubica,Ubicación,Cód_Causa,Causa__CON,Cód_Cau_1,Causa,Cód_Calle,Calle_Un_1,Cód_Cal_1,Calle_Do_1,Intersecci,Número,Ruta,Cód_Ruta,Ubicaci_1,Km_Vía_Fe,Pistas_de_,Pistas_de1,Cód_Calza,Calzada,Cód__Tipo,Tipo_Calza,Cód_Estad,Estado_Cal,Cód_Condi,Condición,Cód_Est_1,Estado_Atm,Fallecidos,Graves,Menos_Grav,Leves,Ilesos
-8143319.588701,-4430685.31110194,3516,11133,1378325,-73.1526845,-36.9395581,96,CORONEL,1,36326,2021,1378325,REGION BIO BIO,8102,CORONEL,LAS TORRES,CATRILEO,0,"LAS TORRES & CATRILEO, CORONEL",CHILE,GEOMETRIC_CENTER,49997,2021,1378325,1,2021/09/01 00:00:00+00,1899/12/30 00:00:00+00,8,REGION BIO BIO,8102,CORONEL,30,COLISION,30,COLISION,1,URBANA,15,CRUCE CON SEÑAL CEDA EL PASO,1,IMPRUDENCIA DEL CONDUCTOR,32,NO RESPETAR DERECHO PREFERENTE DE PASO A VEHICULO,0,LAS TORRES,0,CATRILEO,CATRILEO - LAS TORRES,0, , , , ,2,0,1,UNIDIRECCIONAL,1,CONCRETO,1,BUENO,1,SECO,1,DESPEJADO,0,0,0,1,2
-8088536.97410012,-4414787.77388147,3517,13282,1407229,-72.6605639,-36.8253289,97,FLORIDA,1,56005,2021,1407229,REGION BIO BIO,8104,FLORIDA,ELEUTERIO RAMIREZ, ,137,"ELEUTERIO RAMIREZ 137, FLORIDA",CHILE,RANGE_INTERPOLATED,76147,2021,1407229,1,2021/12/14 00:00:00+00,1899/12/30 00:00:00+00,8,REGION BIO BIO,8104,FLORIDA,33,COLISION POR ALCANCE,30,COLISION,1,URBANA,1,TRAMO DE VIA RECTA,1,IMPRUDENCIA DEL CONDUCTOR,27,CONDUCCION NO ATENTO CONDICIONES TRANSITO MOMENTO,0,ELEUTERIO RAMIREZ,0, ,- ELEUTERIO RAMIREZ,137, , , , ,2,2,2,BIDIRECCIONAL,2,ASFALTO,1,BUENO,1,SECO,1,DESPEJADO,0,0,0,2,0
-8088995.32097151,-4414417.24682659,3518,13283,1337480,-72.6646813,-36.8226645,97,FLORIDA,1,6819,2021,1337480,REGION BIO BIO,8104,FLORIDA,SARGENTO ALDEA, ,300,"SARGENTO ALDEA 300, FLORIDA",CHILE,RANGE_INTERPOLATED,9549,2021,1337480,1,2021/02/19 00:00:00+00,1899/12/30 00:00:00+00,8,REGION BIO BIO,8104,FLORIDA,32,COLISION LATERAL,30,COLISION,1,URBANA,1,TRAMO DE VIA RECTA,1,IMPRUDENCIA DEL CONDUCTOR,27,CONDUCCION NO ATENTO CONDICIONES TRANSITO MOMENTO,0,SARGENTO ALDEA,0, ,- SARGENTO ALDEA,300, , , , ,2,0,1,UNIDIRECCIONAL,1,CONCRETO,1,BUENO,1,SECO,1,DESPEJADO,0,0,0,0,2
-8088995.32097151,-4414417.24682659,3519,13284,1385121,-72.6646813,-36.8226645,97,FLORIDA,1,42259,2021,1385121,REGION BIO BIO,8104,FLORIDA,SARGENTO ALDEA, ,595,"SARGENTO ALDEA 595, FLORIDA",CHILE,RANGE_INTERPOLATED,57879,2021,1385121,1,2021/10/03 00:00:00+00,1899/12/30 00:00:00+00,8,REGION BIO BIO,8104,FLORIDA,10,ATROPELLO,10,ATROPELLO,1,URBANA,1,TRAMO DE VIA RECTA,2,IMPRUDENCIA DEL PEATON,53,IMPRUDENCIA DEL PEATON,0,SARGENTO ALDEA,0, ,- SARGENTO ALDEA,595, , , , ,2,0,1,UNIDIRECCIONAL,2,ASFALTO,1,BUENO,1,SECO,1,DESPEJADO,0,1,0,0,0
-8084464.12789046,-4397077.54439011,3520,13285,1382252,-72.6239769,-36.6978738,97,FLORIDA,0,40169,2021,1382252,REGION BIO BIO,8107,PENCO,CARRETERA DEL ITATA, ,152,"CARRETERA DEL ITATA 152, PENCO",CHILE,RANGE_INTERPOLATED,55158,2021,1382252,1,2021/09/22 00:00:00+00,1899/12/30 00:00:00+00,8,REGION BIO BIO,8107,PENCO,33,COLISION POR ALCANCE,30,COLISION,1,URBANA,25,PLAZA DE PEAJE,1,IMPRUDENCIA DEL CONDUCTOR,27,CONDUCCION NO ATENTO CONDICIONES TRANSITO MOMENTO,0,CARRETERA DEL ITATA,0, , ,152, , , , ,3,0,1,UNIDIRECCIONAL,2,ASFALTO,1,BUENO,1,SECO,1,DESPEJADO,0,0,0,0,1
-8121661.3464959,-4447000.29190486,3521,13894,1346843,-72.9581252,-37.056609,98,HUALQUI,1,14375,2021,1346843,REGION BIO BIO,8105,HUALQUI,SANTA ISABEL,SANTA MARIA,0,"SANTA ISABEL & SANTA MARIA, HUALQUI",CHILE,GEOMETRIC_CENTER,19813,2021,1346843,1,2021/04/17 00:00:00+00,1899/12/30 00:00:00+00,8,REGION BIO BIO,8105,HUALQUI,33,COLISION POR ALCANCE,30,COLISION,1,URBANA,1,TRAMO DE VIA RECTA,14,OTRAS CAUSAS,98,OTRAS CAUSAS,0,SANTA ISABEL,0,SANTA MARIA,SANTA ISABEL - SANTA MARIA,0, , , , ,2,0,1,UNIDIRECCIONAL,1,CONCRETO,1,BUENO,1,SECO,1,DESPEJADO,0,0,0,1,1
-8122249.44736576,-4446709.09444469,3522,13895,1393778,-72.9634082,-37.0545214,98,HUALQUI,1,43819,2021,1393778,REGION BIO BIO,8105,HUALQUI,BOLIVIA,URUGUAY,0,"BOLIVIA & URUGUAY, HUALQUI",CHILE,GEOMETRIC_CENTER,59954,2021,1393778,1,2021/10/11 00:00:00+00,1899/12/30 00:00:00+00,8,REGION BIO BIO,8105,HUALQUI,32,COLISION LATERAL,30,COLISION,1,URBANA,1,TRAMO DE VIA RECTA,1,IMPRUDENCIA DEL CONDUCTOR,27,CONDUCCION NO ATENTO CONDICIONES TRANSITO MOMENTO,0,BOLIVIA,0,URUGUAY,BOLIVIA - URUGUAY,0, , , , ,1,1,2,BIDIRECCIONAL,2,ASFALTO,1,BUENO,1,SECO,1,DESPEJADO,0,0,0,0,2
-8120397.99272684,-4438425.44317179,3523,13896,1333889,-72.9467763,-36.9951117,98,HUALQUI,1,7012,2021,1333889,REGION BIO BIO,8105,HUALQUI,LA ARAUCANA,TOTORITA,0,"LA ARAUCANA & TOTORITA, HUALQUI",CHILE,GEOMETRIC_CENTER,9823,2021,1333889,1,2021/02/20 00:00:00+00,1899/12/30 00:00:00+00,8,REGION BIO BIO,8105,HUALQUI,40,IMPACTO CON ANIMAL,99,OTRO TIPO,1,URBANA,1,TRAMO DE VIA RECTA,14,OTRAS CAUSAS,98,OTRAS CAUSAS,0,LA ARAUCANA,0,TOTORITA,LA ARAUCANA - TOTORITA,0, , , , ,1,1,2,BIDIRECCIONAL,1,CONCRETO,2,REGULAR,1,SECO,1,DESPEJADO,0,0,1,0,0
-8119703.60400717,-4436475.73619185,3524,13897,1406224,-72.9405385,-36.9811218,98,HUALQUI,1,28337,2021,1406224,REGION BIO BIO,8105,HUALQUI,PATRICIO LYNCH, ,157,"PATRICIO LYNCH 157, HUALQUI",CHILE,RANGE_INTERPOLATED,39146,2021,1406224,1,2021/07/17 00:00:00+00,1899/12/30 00:00:00+00,8,REGION BIO BIO,8105,HUALQUI,65,CHOQUE LADO/LADO,40,CHOQUE,1,URBANA,1,TRAMO DE VIA RECTA,14,OTRAS CAUSAS,98,OTRAS CAUSAS,0,PATRICIO LYNCH,0, ,- PATRICIO LYNCH,157, , , , ,1,1,2,BIDIRECCIONAL,2,ASFALTO,1,BUENO,1,SECO,1,DESPEJADO,0,0,0,0,2
-8119243.75432265,-4436000.06706139,3525,13898,1399448,-72.9364076,-36.9777083,98,HUALQUI,1,47958,2021,1399448,REGION BIO BIO,8105,HUALQUI,JOSE MIGUEL CARRERA,ERRAZURIZ,0,"JOSE MIGUEL CARRERA & ERRAZURIZ, HUALQUI",CHILE,GEOMETRIC_CENTER,65432,2021,1399448,1,2021/11/03 00:00:00+00,1899/12/30 00:00:00+00,8,REGION BIO BIO,8105,HUALQUI,65,CHOQUE LADO/LADO,40,CHOQUE,1,URBANA,1,TRAMO DE VIA RECTA,13,CAUSAS NO DETERMINADAS,97,CAUSAS NO DETERMINADAS,0,JOSE MIGUEL CARRERA,0,ERRAZURIZ,ERRAZURIZ - JOSE MIGUEL CARRERA,0, , , , ,2,0,1,UNIDIRECCIONAL,2,ASFALTO,1,BUENO,1,SECO,1,DESPEJADO,0,0,0,0,2
-8119250.37783235,-4435831.40368868,3526,13899,1408678,-72.9364671,-36.9764979,98,HUALQUI,1,58734,2021,1408678,REGION BIO BIO,8105,HUALQUI,JOSE MIGUEL CARRERA,IRARRAZABAL,0,"JOSE MIGUEL CARRERA & IRARRAZABAL, HUALQUI",CHILE,GEOMETRIC_CENTER,79820,2021,1408678,1,2021/12/27 00:00:00+00,1899/12/30 00:00:00+00,8,REGION BIO BIO,8105,HUALQUI,34,COLISION PERPENDICULAR,30,COLISION,1,URBANA,15,CRUCE CON SEÑAL CEDA EL PASO,10,DESOBEDIENCIA A SEÑALIZACION,64,SEÑALIZACION DESOBEDECER SEÑAL CEDA EL PASO,0,JOSE MIGUEL CARRERA,0,IRARRAZABAL,IRARRAZABAL - JOSE MIGUEL CARRERA,0, , , , ,2,0,1,UNIDIRECCIONAL,1,CONCRETO,1,BUENO,1,SECO,1,DESPEJADO,0,0,0,0,3
-8119542.69168323,-4435819.12748547,3527,13900,1399366,-72.939093,-36.9764098,98,HUALQUI,1,47766,2021,1399366,REGION BIO BIO,8105,HUALQUI,IRARRAZAVAL,LA CONCEPCION,0,"IRARRAZAVAL & LA CONCEPCION, HUALQUI",CHILE,GEOMETRIC_CENTER,65189,2021,1399366,1,2021/11/02 00:00:00+00,1899/12/30 00:00:00+00,8,REGION BIO BIO,8105,HUALQUI,34,COLISION PERPENDICULAR,30,COLISION,1,URBANA,14,CRUCE CON SEÑAL PARE,10,DESOBEDIENCIA A SEÑALIZACION,65,SEÑALIZACION DESOBEDECER SEÑAL PARE,0,IRARRAZAVAL,0,LA CONCEPCION,IRARRAZAVAL - LA CONCEPCION,0, , , , ,2,0,1,UNIDIRECCIONAL,2,ASFALTO,1,BUENO,1,SECO,1,DESPEJADO,0,0,0,2,2
-8119415.80972762,-4435692.40891534,3528,13901,1361486,-72.9379532,-36.9755004,98,HUALQUI,1,24487,2021,1361486,REGION BIO BIO,8105,HUALQUI,RAMON FREIRE,MANUEL BULNES,0,"RAMON FREIRE & MANUEL BULNES, HUALQUI",CHILE,GEOMETRIC_CENTER,33766,2021,1361486,1,2021/06/24 00:00:00+00,1899/12/30 00:00:00+00,8,REGION BIO BIO,8105,HUALQUI,34,COLISION PERPENDICULAR,30,COLISION,1,URBANA,14,CRUCE CON SEÑAL PARE,14,OTRAS CAUSAS,98,OTRAS CAUSAS,0,RAMON FREIRE,0,MANUEL BULNES,MANUEL BULNES - RAMON FREIRE,0, , , , ,2,0,1,UNIDIRECCIONAL,1,CONCRETO,2,REGULAR,2,HUMEDO,4,LLOVIZNA,0,0,0,1,1
-8119415.80972762,-4435692.40891534,3529,13902,1375819,-72.9379532,-36.9755004,98,HUALQUI,1,33697,2021,1375819,REGION BIO BIO,8105,HUALQUI,RAMON FREIRE,MANUEL BULNES,0,"RAMON FREIRE & MANUEL BULNES, HUALQUI",CHILE,GEOMETRIC_CENTER,46474,2021,1375819,1,2021/08/16 00:00:00+00,1899/12/30 00:00:00+00,8,REGION BIO BIO,8105,HUALQUI,34,COLISION PERPENDICULAR,30,COLISION,1,URBANA,14,CRUCE CON SEÑAL PARE,10,DESOBEDIENCIA A SEÑALIZACION,65,SEÑALIZACION DESOBEDECER SEÑAL PARE,0,RAMON FREIRE,0,MANUEL BULNES,MANUEL BULNES - RAMON FREIRE,0, , , , ,1,1,2,BIDIRECCIONAL,1,CONCRETO,1,BUENO,2,HUMEDO,1,DESPEJADO,0,0,0,0,2
-8119415.80972762,-4435692.40891534,3530,13903,1405515,-72.9379532,-36.9755004,98,HUALQUI,1,54969,2021,1405515,REGION BIO BIO,8105,HUALQUI,RAMON FREIRE,MANUEL BULNES,0,"RAMON FREIRE & MANUEL BULNES, HUALQUI",CHILE,GEOMETRIC_CENTER,74685,2021,1405515,1,2021/12/08 00:00:00+00,1899/12/30 00:00:00+00,8,REGION BIO BIO,8105,HUALQUI,52,CHOQUE LATERAL,40,CHOQUE,1,URBANA,1,TRAMO DE VIA RECTA,4,ALCOHOL EN CONDUCTOR,24,CONDUCCION EN ESTADO DE EBRIEDAD,0,RAMON FREIRE,0,MANUEL BULNES,MANUEL BULNES - RAMON FREIRE,0, , , , ,1,1,2,BIDIRECCIONAL,1,CONCRETO,1,BUENO,1,SECO,1,DESPEJADO,0,0,0,1,0
-8119106.13003618,-4435685.65081993,3531,13904,1343236,-72.9351713,-36.9754519,98,HUALQUI,1,11277,2021,1343236,REGION BIO BIO,8105,HUALQUI,RAMON FREIRE,SAN MARTIN,0,"RAMON FREIRE & SAN MARTIN, HUALQUI",CHILE,GEOMETRIC_CENTER,15630,2021,1343236,1,2021/03/21 00:00:00+00,1899/12/30 00:00:00+00,8,REGION BIO BIO,8105,HUALQUI,34,COLISION PERPENDICULAR,30,COLISION,1,URBANA,15,CRUCE CON SEÑAL CEDA EL PASO,1,IMPRUDENCIA DEL CONDUCTOR,32,NO RESPETAR DERECHO PREFERENTE DE PASO A VEHICULO,0,RAMON FREIRE,0,SAN MARTIN,RAMON FREIRE - SAN MARTIN,0, , , , ,2,0,1,UNIDIRECCIONAL,2,ASFALTO,1,BUENO,1,SECO,1,DESPEJADO,0,0,0,1,1
-8119106.13003618,-4435685.65081993,3532,13905,1361325,-72.9351713,-36.9754519,98,HUALQUI,1,22595,2021,1361325,REGION BIO BIO,8105,HUALQUI,RAMON FREIRE,SAN MARTIN,0,"RAMON FREIRE & SAN MARTIN, HUALQUI",CHILE,GEOMETRIC_CENTER,31118,2021,1361325,1,2021/06/11 00:00:00+00,1899/12/30 00:00:00+00,8,REGION BIO BIO,8105,HUALQUI,34,COLISION PERPENDICULAR,30,COLISION,1,URBANA,14,CRUCE CON SEÑAL PARE,10,DESOBEDIENCIA A SEÑALIZACION,65,SEÑALIZACION DESOBEDECER SEÑAL PARE,0,RAMON FREIRE,0,SAN MARTIN,RAMON FREIRE - SAN MARTIN,0, , , , ,2,0,1,UNIDIRECCIONAL,2,ASFALTO,1,BUENO,1,SECO,1,DESPEJADO,0,0,0,0,2
-8119106.13003618,-4435685.65081993,3533,13906,1384781,-72.9351713,-36.9754519,98,HUALQUI,1,36200,2021,1384781,REGION BIO BIO,8105,HUALQUI,SAN MARTIN,RAMON FREIRE,0,"SAN MARTIN & RAMON FREIRE, HUALQUI",CHILE,GEOMETRIC_CENTER,49826,2021,1384781,1,2021/08/31 00:00:00+00,1899/12/30 00:00:00+00,8,REGION BIO BIO,8105,HUALQUI,34,COLISION PERPENDICULAR,30,COLISION,1,URBANA,15,CRUCE CON SEÑAL CEDA EL PASO,10,DESOBEDIENCIA A SEÑALIZACION,64,SEÑALIZACION DESOBEDECER SEÑAL CEDA EL PASO,0,SAN MARTIN,0,RAMON FREIRE,RAMON FREIRE - SAN MARTIN,0, , , , ,2,0,1,UNIDIRECCIONAL,1,CONCRETO,1,BUENO,1,SECO,1,DESPEJADO,0,0,0,1,1
-8119255.55418867,-4435682.57135932,3534,13907,1393322,-72.9365136,-36.9754298,98,HUALQUI,1,44699,2021,1393322,REGION BIO BIO,8105,HUALQUI,RAMON FREIRE,LA ARAUCANA,0,"RAMON FREIRE & LA ARAUCANA, HUALQUI",CHILE,GEOMETRIC_CENTER,61092,2021,1393322,1,2021/10/16 00:00:00+00,1899/12/30 00:00:00+00,8,REGION BIO BIO,8105,HUALQUI,32,COLISION LATERAL,30,COLISION,1,URBANA,15,CRUCE CON SEÑAL CEDA EL PASO,4,ALCOHOL EN CONDUCTOR,24,CONDUCCION EN ESTADO DE EBRIEDAD,0,RAMON FREIRE,0,LA ARAUCANA,LA ARAUCANA - RAMON FREIRE,0, , , , ,1,1,2,BIDIRECCIONAL,2,ASFALTO,1,BUENO,1,SECO,1,DESPEJADO,0,0,0,0,2
-8119255.55418867,-4435682.57135932,3535,13908,1405679,-72.9365136,-36.9754298,98,HUALQUI,1,55315,2021,1405679,REGION BIO BIO,8105,HUALQUI,JOSE MIGUEL CARRERA,RAMON FREIRE,0,"JOSE MIGUEL CARRERA & RAMON FREIRE, HUALQUI",CHILE,GEOMETRIC_CENTER,75156,2021,1405679,1,2021/12/10 00:00:00+00,1899/12/30 00:00:00+00,8,REGION BIO BIO,8105,HUALQUI,34,COLISION PERPENDICULAR,30,COLISION,1,URBANA,14,CRUCE CON SEÑAL PARE,10,DESOBEDIENCIA A SEÑALIZACION,65,SEÑALIZACION DESOBEDECER SEÑAL PARE,0,JOSE MIGUEL CARRERA,0,RAMON FREIRE,JOSE MIGUEL CARRERA - RAMON FREIRE,0, , , , ,2,0,1,UNIDIRECCIONAL,1,CONCRETO,1,BUENO,1,SECO,1,DESPEJADO,0,0,0,0,2
-8119528.5095801,-4435676.98374304,3536,13909,1384794,-72.9389656,-36.9753897,98,HUALQUI,1,38255,2021,1384794,REGION BIO BIO,8105,HUALQUI,LA CONCEPCION,RAMON FREIRE,0,"LA CONCEPCION & RAMON FREIRE, HUALQUI",CHILE,GEOMETRIC_CENTER,52536,2021,1384794,1,2021/09/11 00:00:00+00,1899/12/30 00:00:00+00,8,REGION BIO BIO,8105,HUALQUI,33,COLISION POR ALCANCE,30,COLISION,1,URBANA,14,CRUCE CON SEÑAL PARE,10,DESOBEDIENCIA A SEÑALIZACION,65,SEÑALIZACION DESOBEDECER SEÑAL PARE,0,LA CONCEPCION,0,RAMON FREIRE,LA CONCEPCION - RAMON FREIRE,0, , , , ,2,0,1,UNIDIRECCIONAL,2,ASFALTO,1,BUENO,2,HUMEDO,2,NUBLADO,0,0,0,1,1
-8119528.5095801,-4435676.98374304,3537,13910,1407597,-72.9389656,-36.9753897,98,HUALQUI,1,57634,2021,1407597,REGION BIO BIO,8105,HUALQUI,RAMON FREIRE,LA CONCEPCION,0,"RAMON FREIRE & LA CONCEPCION, HUALQUI",CHILE,GEOMETRIC_CENTER,78261,2021,1407597,1,2021/12/21 00:00:00+00,1899/12/30 00:00:00+00,8,REGION BIO BIO,8105,HUALQUI,10,ATROPELLO,10,ATROPELLO,1,URBANA,16,CRUCE SIN SEÑALIZACION,1,IMPRUDENCIA DEL CONDUCTOR,27,CONDUCCION NO ATENTO CONDICIONES TRANSITO MOMENTO,0,RAMON FREIRE,0,LA CONCEPCION,LA CONCEPCION - RAMON FREIRE,0, , , , ,2,0,1,UNIDIRECCIONAL,2,ASFALTO,1,BUENO,1,SECO,1,DESPEJADO,0,0,1,0,1
-8119106.21909177,-4435546.92270361,3538,13911,1361328,-72.9351721,-36.9744563,98,HUALQUI,1,23143,2021,1361328,REGION BIO BIO,8105,HUALQUI,SAN MARTIN,PORTALES,0,"SAN MARTIN & PORTALES, HUALQUI",CHILE,GEOMETRIC_CENTER,31891,2021,1361328,1,2021/06/15 00:00:00+00,1899/12/30 00:00:00+00,8,REGION BIO BIO,8105,HUALQUI,33,COLISION POR ALCANCE,30,COLISION,1,URBANA,1,TRAMO DE VIA RECTA,14,OTRAS CAUSAS,98,OTRAS CAUSAS,0,SAN MARTIN,0,PORTALES,PORTALES - SAN MARTIN,0, , , , ,2,0,1,UNIDIRECCIONAL,2,ASFALTO,1,BUENO,1,SECO,1,DESPEJADO,0,0,0,1,1
-8119259.29452356,-4435540.70812777,3539,13912,1399758,-72.9365472,-36.9744117,98,HUALQUI,1,51136,2021,1399758,REGION BIO BIO,8105,HUALQUI,JOSE MIGUEL CARRERA,PORTALES,0,"JOSE MIGUEL CARRERA & PORTALES, HUALQUI",CHILE,GEOMETRIC_CENTER,69579,2021,1399758,1,2021/11/18 00:00:00+00,1899/12/30 00:00:00+00,8,REGION BIO BIO,8105,HUALQUI,34,COLISION PERPENDICULAR,30,COLISION,1,URBANA,14,CRUCE CON SEÑAL PARE,10,DESOBEDIENCIA A SEÑALIZACION,65,SEÑALIZACION DESOBEDECER SEÑAL PARE,0,JOSE MIGUEL CARRERA,0,PORTALES,JOSE MIGUEL CARRERA - PORTALES,0, , , , ,2,0,1,UNIDIRECCIONAL,1,CONCRETO,1,BUENO,1,SECO,1,DESPEJADO,0,0,0,2,5
-8119365.64916507,-4435531.17726069,3540,13913,1351883,-72.9375026,-36.9743433,98,HUALQUI,1,19707,2021,1351883,REGION BIO BIO,8105,HUALQUI,PORTALES,MANUEL BULNES,0,"PORTALES & MANUEL BULNES, HUALQUI",CHILE,GEOMETRIC_CENTER,27124,2021,1351883,1,2021/05/25 00:00:00+00,1899/12/30 00:00:00+00,8,REGION BIO BIO,8105,HUALQUI,33,COLISION POR ALCANCE,30,COLISION,1,URBANA,14,CRUCE CON SEÑAL PARE,14,OTRAS CAUSAS,98,OTRAS CAUSAS,0,PORTALES,0,MANUEL BULNES,MANUEL BULNES - PORTALES,0, , , , ,2,0,1,UNIDIRECCIONAL,1,CONCRETO,1,BUENO,1,SECO,1,DESPEJADO,0,0,0,0,2
-8117927.30115648,-4435482.19932887,3541,13914,1375892,-72.9245817,-36.9739918,98,HUALQUI,1,30571,2021,1375892,REGION BIO BIO,8105,HUALQUI,LA ARAUCANA, ,2202,"LA ARAUCANA 2202, HUALQUI",CHILE,RANGE_INTERPOLATED,42248,2021,1375892,1,2021/07/30 00:00:00+00,1899/12/30 00:00:00+00,8,REGION BIO BIO,8105,HUALQUI,51,CHOQUE FRONTAL,40,CHOQUE,1,URBANA,1,TRAMO DE VIA RECTA,13,CAUSAS NO DETERMINADAS,97,CAUSAS NO DETERMINADAS,0,LA ARAUCANA,0, ,- LA ARAUCANA,2202, , , , ,1,1,2,BIDIRECCIONAL,1,CONCRETO,1,BUENO,1,SECO,1,DESPEJADO,0,0,0,0,1
-8117927.30115648,-4435482.19932887,3542,13915,1399411,-72.9245817,-36.9739918,98,HUALQUI,1,48437,2021,1399411,REGION BIO BIO,8105,HUALQUI,LA ARAUCANA, ,1250,"LA ARAUCANA 1250, HUALQUI",CHILE,RANGE_INTERPOLATED,66039,2021,1399411,1,2021/11/05 00:00:00+00,1899/12/30 00:00:00+00,8,REGION BIO BIO,8105,HUALQUI,32,COLISION LATERAL,30,COLISION,1,URBANA,1,TRAMO DE VIA RECTA,1,IMPRUDENCIA DEL CONDUCTOR,27,CONDUCCION NO ATENTO CONDICIONES TRANSITO MOMENTO,0,LA ARAUCANA,0, ,- LA ARAUCANA,1250, , , , ,1,1,2,BIDIRECCIONAL,2,ASFALTO,2,REGULAR,1,SECO,1,DESPEJADO,0,0,0,0,3
-8117927.30115648,-4435482.19932887,3543,13916,1406124,-72.9245817,-36.9739918,98,HUALQUI,1,55633,2021,1406124,REGION BIO BIO,8105,HUALQUI,LA ARAUCANA, ,2202,"LA ARAUCANA 2202, HUALQUI",CHILE,RANGE_INTERPOLATED,75592,2021,1406124,1,2021/12/11 00:00:00+00,1899/12/30 00:00:00+00,8,REGION BIO BIO,8105,HUALQUI,51,CHOQUE FRONTAL,40,CHOQUE,2,RURAL,1,TRAMO DE VIA RECTA,9,PERDIDA CONTROL VEHICULO,95,PERDIDA CONTROL VEHICULO,0,LA ARAUCANA,0, ,- LA ARAUCANA,2202, , , , ,1,1,2,BIDIRECCIONAL,5,RIPIO,2,REGULAR,0, ,1,DESPEJADO,0,0,0,1,0
-8118370.41952153,-4435469.68665312,3544,13917,1369517,-72.9285623,-36.973902,98,HUALQUI,1,25990,2021,1369517,REGION BIO BIO,8105,HUALQUI,LA ARAUCANA,PORTALES,0,"LA ARAUCANA & PORTALES, HUALQUI",CHILE,GEOMETRIC_CENTER,35871,2021,1369517,1,2021/07/04 00:00:00+00,1899/12/30 00:00:00+00,8,REGION BIO BIO,8105,HUALQUI,32,COLISION LATERAL,30,COLISION,1,URBANA,14,CRUCE CON SEÑAL PARE,10,DESOBEDIENCIA A SEÑALIZACION,65,SEÑALIZACION DESOBEDECER SEÑAL PARE,0,LA ARAUCANA,0,PORTALES,LA ARAUCANA - PORTALES,0, , , , ,1,1,2,BIDIRECCIONAL,1,CONCRETO,1,BUENO,1,SECO,1,DESPEJADO,0,0,0,0,3
-8118649.76465173,-4435439.07385499,3545,13918,1393817,-72.9310717,-36.9736823,98,HUALQUI,1,46897,2021,1393817,REGION BIO BIO,8105,HUALQUI,LA ARAUCANA,SARGENTO ALDEA,0,"LA ARAUCANA & SARGENTO ALDEA, HUALQUI",CHILE,GEOMETRIC_CENTER,63982,2021,1393817,1,2021/10/28 00:00:00+00,1899/12/30 00:00:00+00,8,REGION BIO BIO,8105,HUALQUI,10,ATROPELLO,10,ATROPELLO,1,URBANA,1,TRAMO DE VIA RECTA,1,IMPRUDENCIA DEL CONDUCTOR,93,CONDUCIR VEHICULO EN RETROCESO,0,LA ARAUCANA,0,SARGENTO ALDEA,LA ARAUCANA - SARGENTO ALDEA,0, , , , ,1,1,2,BIDIRECCIONAL,1,CONCRETO,1,BUENO,1,SECO,1,DESPEJADO,0,1,0,0,1
-8119102.59007637,-4435409.966001,3546,13919,1406245,-72.9351395,-36.9734734,98,HUALQUI,1,30184,2021,1406245,REGION BIO BIO,8105,HUALQUI,SAN MARTIN,O'HIGGINS,0,"SAN MARTIN & O'HIGGINS, HUALQUI",CHILE,GEOMETRIC_CENTER,41728,2021,1406245,1,2021/07/28 00:00:00+00,1899/12/30 00:00:00+00,8,REGION BIO BIO,8105,HUALQUI,34,COLISION PERPENDICULAR,30,COLISION,1,URBANA,15,CRUCE CON SEÑAL CEDA EL PASO,10,DESOBEDIENCIA A SEÑALIZACION,64,SEÑALIZACION DESOBEDECER SEÑAL CEDA EL PASO,0,SAN MARTIN,0,O'HIGGINS,O'HIGGINS - SAN MARTIN,0, , , , ,2,0,1,UNIDIRECCIONAL,1,CONCRETO,1,BUENO,1,SECO,1,DESPEJADO,0,0,0,0,2
-8119101.22084664,-4435286.83327749,3547,13920,1333902,-72.9351272,-36.9725897,98,HUALQUI,1,6723,2021,1333902,REGION BIO BIO,8105,HUALQUI,LA ARAUCANA,SAN MARTIN,0,"LA ARAUCANA & SAN MARTIN, HUALQUI",CHILE,GEOMETRIC_CENTER,9426,2021,1333902,1,2021/02/19 00:00:00+00,1899/12/30 00:00:00+00,8,REGION BIO BIO,8105,HUALQUI,34,COLISION PERPENDICULAR,30,COLISION,1,URBANA,1,TRAMO DE VIA RECTA,13,CAUSAS NO DETERMINADAS,97,CAUSAS NO DETERMINADAS,0,LA ARAUCANA,0,SAN MARTIN,LA ARAUCANA - SAN MARTIN,0, , , , ,1,1,2,BIDIRECCIONAL,2,ASFALTO,1,BUENO,1,SECO,1,DESPEJADO,0,0,0,2,0