X,Y,FID,FID_1,LABELID,POINT_X,POINT_Y,FID_2,COMUNAREAL,VAL_COM,OBJECTID,A_O,IDACCIDENT,REGION,COD_COMUN,COMUNA,CALLE_UNO,CALLE_DOS,NUMERO,DIR_GEOCOD,PAIS,TIPO,OBJECTID_1,Año,Idaccide_1,Claseaccid,Fecha,Hora,Cód_Regi,Región,Cód_Comun,Comuna_1,Cód_Tipo_,Tipo_Accid,Cód_Tipo1,Tipo__CONA,Cód_Zona,Zona,Cód_Ubica,Ubicación,Cód_Causa,Causa__CON,Cód_Cau_1,Causa,Cód_Calle,Calle_Un_1,Cód_Cal_1,Calle_Do_1,Intersecci,Número,Ruta,Cód_Ruta,Ubicaci_1,Km_Vía_Fe,Pistas_de_,Pistas_de1,Cód_Calza,Calzada,Cód__Tipo,Tipo_Calza,Cód_Estad,Estado_Cal,Cód_Condi,Condición,Cód_Est_1,Estado_Atm,Fallecidos,Graves,Menos_Grav,Leves,Ilesos
-8118961.91563586,-4435228.32587926,3548,13921,1407267,-72.9338758,-36.9721698,98,HUALQUI,1,2777,2021,1407267,REGION BIO BIO,8105,HUALQUI,LA ARAUCANA,EL AGUILA,0,"LA ARAUCANA & EL AGUILA, HUALQUI",CHILE,GEOMETRIC_CENTER,3810,2021,1407267,1,2021/01/20 00:00:00+00,1899/12/30 00:00:00+00,8,REGION BIO BIO,8105,HUALQUI,32,COLISION LATERAL,30,COLISION,1,URBANA,11,CRUCE CON SEMAFORO FUNCIONANDO,1,IMPRUDENCIA DEL CONDUCTOR,27,CONDUCCION NO ATENTO CONDICIONES TRANSITO MOMENTO,0,LA ARAUCANA,0,EL AGUILA,EL AGUILA - LA ARAUCANA,0, , , , ,1,1,2,BIDIRECCIONAL,1,CONCRETO,1,BUENO,1,SECO,1,DESPEJADO,0,0,0,0,2
-8118961.91563586,-4435228.32587926,3549,13922,1333880,-72.9338758,-36.9721698,98,HUALQUI,1,6547,2021,1333880,REGION BIO BIO,8105,HUALQUI,LA ARAUCANA,EL AGUILA,0,"LA ARAUCANA & EL AGUILA, HUALQUI",CHILE,GEOMETRIC_CENTER,9162,2021,1333880,1,2021/02/17 00:00:00+00,1899/12/30 00:00:00+00,8,REGION BIO BIO,8105,HUALQUI,34,COLISION PERPENDICULAR,30,COLISION,1,URBANA,11,CRUCE CON SEMAFORO FUNCIONANDO,13,CAUSAS NO DETERMINADAS,97,CAUSAS NO DETERMINADAS,0,LA ARAUCANA,0,EL AGUILA,EL AGUILA - LA ARAUCANA,0, , , , ,1,1,2,BIDIRECCIONAL,2,ASFALTO,1,BUENO,1,SECO,1,DESPEJADO,0,0,1,0,1
-8118961.91563586,-4435228.32587926,3550,13923,1335052,-72.9338758,-36.9721698,98,HUALQUI,1,7875,2021,1335052,REGION BIO BIO,8105,HUALQUI,LA ARAUCANA,EL AGUILA,0,"LA ARAUCANA & EL AGUILA, HUALQUI",CHILE,GEOMETRIC_CENTER,11051,2021,1335052,1,2021/02/27 00:00:00+00,1899/12/30 00:00:00+00,8,REGION BIO BIO,8105,HUALQUI,31,COLISION FRONTAL,30,COLISION,1,URBANA,11,CRUCE CON SEMAFORO FUNCIONANDO,10,DESOBEDIENCIA A SEÑALIZACION,62,SEÑALIZACION DESOBEDECER LUZ ROJA DE SEMAFORO,0,LA ARAUCANA,0,EL AGUILA,EL AGUILA - LA ARAUCANA,0, , , , ,1,1,2,BIDIRECCIONAL,2,ASFALTO,1,BUENO,1,SECO,1,DESPEJADO,0,0,0,1,2
-8118961.91563586,-4435228.32587926,3551,13924,1393471,-72.9338758,-36.9721698,98,HUALQUI,1,46085,2021,1393471,REGION BIO BIO,8105,HUALQUI,LA ARAUCANA,LOS CARRERA,0,"LA ARAUCANA & LOS CARRERA, HUALQUI",CHILE,GEOMETRIC_CENTER,62948,2021,1393471,1,2021/10/23 00:00:00+00,1899/12/30 00:00:00+00,8,REGION BIO BIO,8105,HUALQUI,34,COLISION PERPENDICULAR,30,COLISION,1,URBANA,11,CRUCE CON SEMAFORO FUNCIONANDO,4,ALCOHOL EN CONDUCTOR,24,CONDUCCION EN ESTADO DE EBRIEDAD,0,LA ARAUCANA,0,LOS CARRERA,LA ARAUCANA - LOS CARRERA,0, , , , ,1,1,2,BIDIRECCIONAL,2,ASFALTO,1,BUENO,1,SECO,1,DESPEJADO,0,0,0,1,1
-8119475.9333846,-4435170.66874949,3552,13925,1351801,-72.9384933,-36.971756,98,HUALQUI,1,18876,2021,1351801,REGION BIO BIO,8105,HUALQUI,LA ARAUCANA,LA CONCEPCION,0,"LA ARAUCANA & LA CONCEPCION, HUALQUI",CHILE,GEOMETRIC_CENTER,25952,2021,1351801,1,2021/05/19 00:00:00+00,1899/12/30 00:00:00+00,8,REGION BIO BIO,8105,HUALQUI,63,CHOQUE FRENTE/POSTERIOR,40,CHOQUE,1,URBANA,1,TRAMO DE VIA RECTA,14,OTRAS CAUSAS,98,OTRAS CAUSAS,0,LA ARAUCANA,0,LA CONCEPCION,LA ARAUCANA - LA CONCEPCION,0, , , , ,1,1,2,BIDIRECCIONAL,1,CONCRETO,2,REGULAR,3,MOJADO,3,LLUVIA,0,0,0,0,2
-8119098.15956064,-4435137.00537932,3553,13926,1361509,-72.9350997,-36.9715144,98,HUALQUI,1,24632,2021,1361509,REGION BIO BIO,8105,HUALQUI,BOMBERO PERRET,LOS QUEULES,0,"BOMBERO PERRET & LOS QUEULES, HUALQUI",CHILE,GEOMETRIC_CENTER,33955,2021,1361509,1,2021/06/25 00:00:00+00,1899/12/30 00:00:00+00,8,REGION BIO BIO,8105,HUALQUI,10,ATROPELLO,10,ATROPELLO,1,URBANA,1,TRAMO DE VIA RECTA,14,OTRAS CAUSAS,98,OTRAS CAUSAS,0,BOMBERO PERRET,0,LOS QUEULES,BOMBERO PERRET - LOS QUEULES,0, , , , ,1,1,2,BIDIRECCIONAL,1,CONCRETO,1,BUENO,2,HUMEDO,2,NUBLADO,0,0,0,1,1
-8118440.56193268,-4435105.01412987,3554,13927,1343064,-72.9291924,-36.9712848,98,HUALQUI,1,9900,2021,1343064,REGION BIO BIO,8105,HUALQUI,BOMBERO PERRET,ALONSO DE ERCILLA,0,"BOMBERO PERRET & ALONSO DE ERCILLA, HUALQUI",CHILE,GEOMETRIC_CENTER,13775,2021,1343064,1,2021/03/11 00:00:00+00,1899/12/30 00:00:00+00,8,REGION BIO BIO,8105,HUALQUI,32,COLISION LATERAL,30,COLISION,1,URBANA,1,TRAMO DE VIA RECTA,14,OTRAS CAUSAS,98,OTRAS CAUSAS,0,BOMBERO PERRET,0,ALONSO DE ERCILLA,ALONSO DE ERCILLA - BOMBERO PERRET,0, , , , ,1,1,2,BIDIRECCIONAL,1,CONCRETO,1,BUENO,1,SECO,1,DESPEJADO,0,0,0,2,1
-8118424.69890524,-4435056.06603299,3555,13928,1399722,-72.9290499,-36.9709335,98,HUALQUI,1,50671,2021,1399722,REGION BIO BIO,8105,HUALQUI,FRESIA,CARDENAL CARO,0,"FRESIA & CARDENAL CARO, HUALQUI",CHILE,GEOMETRIC_CENTER,68997,2021,1399722,1,2021/11/16 00:00:00+00,1899/12/30 00:00:00+00,8,REGION BIO BIO,8105,HUALQUI,65,CHOQUE LADO/LADO,40,CHOQUE,1,URBANA,26,OTROS NO CONSIDERADOS,14,OTRAS CAUSAS,98,OTRAS CAUSAS,0,FRESIA,0,CARDENAL CARO,CARDENAL CARO - FRESIA,0, , , , ,1,1,2,BIDIRECCIONAL,2,ASFALTO,1,BUENO,1,SECO,1,DESPEJADO,0,0,0,0,2
-8118760.39396167,-4434829.76239712,3556,13929,1369652,-72.9320655,-36.9693093,98,HUALQUI,1,28199,2021,1369652,REGION BIO BIO,8105,HUALQUI,LOS AROMOS,LOS ACACIOS,0,"LOS AROMOS & LOS ACACIOS, HUALQUI",CHILE,GEOMETRIC_CENTER,38957,2021,1369652,1,2021/07/16 00:00:00+00,1899/12/30 00:00:00+00,8,REGION BIO BIO,8105,HUALQUI,34,COLISION PERPENDICULAR,30,COLISION,1,URBANA,15,CRUCE CON SEÑAL CEDA EL PASO,10,DESOBEDIENCIA A SEÑALIZACION,64,SEÑALIZACION DESOBEDECER SEÑAL CEDA EL PASO,0,LOS AROMOS,0,LOS ACACIOS,LOS ACACIOS - LOS AROMOS,0, , , , ,1,1,2,BIDIRECCIONAL,1,CONCRETO,1,BUENO,1,SECO,1,DESPEJADO,0,0,0,0,2
-8118336.40028514,-4434664.68445073,3557,13930,1405549,-72.9282567,-36.9681245,98,HUALQUI,1,55025,2021,1405549,REGION BIO BIO,8105,HUALQUI,BOMBERO PERRET,TEGUALDA,0,"BOMBERO PERRET & TEGUALDA, HUALQUI",CHILE,GEOMETRIC_CENTER,74769,2021,1405549,1,2021/12/08 00:00:00+00,1899/12/30 00:00:00+00,8,REGION BIO BIO,8105,HUALQUI,31,COLISION FRONTAL,30,COLISION,1,URBANA,14,CRUCE CON SEÑAL PARE,13,CAUSAS NO DETERMINADAS,97,CAUSAS NO DETERMINADAS,0,BOMBERO PERRET,0,TEGUALDA,BOMBERO PERRET - TEGUALDA,0, , , , ,1,1,2,BIDIRECCIONAL,1,CONCRETO,1,BUENO,1,SECO,1,DESPEJADO,0,1,0,0,1
-8118706.40400864,-4434510.23969451,3558,13931,1375799,-72.9315805,-36.967016,98,HUALQUI,1,35673,2021,1375799,REGION BIO BIO,8105,HUALQUI,LOS YAGANES,LOS ALERCES,0,"LOS YAGANES & LOS ALERCES, HUALQUI",CHILE,GEOMETRIC_CENTER,49101,2021,1375799,1,2021/08/28 00:00:00+00,1899/12/30 00:00:00+00,8,REGION BIO BIO,8105,HUALQUI,51,CHOQUE FRONTAL,40,CHOQUE,1,URBANA,1,TRAMO DE VIA RECTA,4,ALCOHOL EN CONDUCTOR,24,CONDUCCION EN ESTADO DE EBRIEDAD,0,LOS YAGANES,0,LOS ALERCES,LOS ALERCES - LOS YAGANES,0, , , , ,1,1,2,BIDIRECCIONAL,1,CONCRETO,3,MALO,3,MOJADO,3,LLUVIA,0,0,0,1,0
-8119237.54269506,-4434455.35905478,3559,13932,1393768,-72.9363518,-36.9666221,98,HUALQUI,1,41684,2021,1393768,REGION BIO BIO,8105,HUALQUI,EL AGUILA,CEMENTERIO,0,"EL AGUILA & CEMENTERIO, HUALQUI",CHILE,GEOMETRIC_CENTER,57116,2021,1393768,1,2021/09/30 00:00:00+00,1899/12/30 00:00:00+00,8,REGION BIO BIO,8105,HUALQUI,61,CHOQUE FRENTE/FRENTE,40,CHOQUE,1,URBANA,14,CRUCE CON SEÑAL PARE,14,OTRAS CAUSAS,98,OTRAS CAUSAS,0,EL AGUILA,0,CEMENTERIO,CEMENTERIO - EL AGUILA,0, , , , ,1,1,2,BIDIRECCIONAL,2,ASFALTO,1,BUENO,1,SECO,1,DESPEJADO,0,0,0,0,2
-8119237.54269506,-4434455.35905478,3560,13933,1399705,-72.9363518,-36.9666221,98,HUALQUI,1,49623,2021,1399705,REGION BIO BIO,8105,HUALQUI,EL AGUILA,CEMENTERIO,0,"EL AGUILA & CEMENTERIO, HUALQUI",CHILE,GEOMETRIC_CENTER,67601,2021,1399705,1,2021/11/11 00:00:00+00,1899/12/30 00:00:00+00,8,REGION BIO BIO,8105,HUALQUI,32,COLISION LATERAL,30,COLISION,1,URBANA,1,TRAMO DE VIA RECTA,13,CAUSAS NO DETERMINADAS,97,CAUSAS NO DETERMINADAS,0,EL AGUILA,0,CEMENTERIO,CEMENTERIO - EL AGUILA,0, , , , ,1,1,2,BIDIRECCIONAL,1,CONCRETO,1,BUENO,1,SECO,1,DESPEJADO,0,0,0,1,1
-8118468.41406927,-4434284.29601399,3561,13934,1407637,-72.9294426,-36.9653943,98,HUALQUI,1,57287,2021,1407637,REGION BIO BIO,8105,HUALQUI,GABRIELA MISTRAL,CHILE,0,"GABRIELA MISTRAL & CHILE, HUALQUI",CHILE,GEOMETRIC_CENTER,77808,2021,1407637,1,2021/12/20 00:00:00+00,1899/12/30 00:00:00+00,8,REGION BIO BIO,8105,HUALQUI,34,COLISION PERPENDICULAR,30,COLISION,1,URBANA,14,CRUCE CON SEÑAL PARE,10,DESOBEDIENCIA A SEÑALIZACION,65,SEÑALIZACION DESOBEDECER SEÑAL PARE,0,GABRIELA MISTRAL,0,CHILE,CHILE - GABRIELA MISTRAL,0, , , , ,1,1,2,BIDIRECCIONAL,2,ASFALTO,1,BUENO,1,SECO,1,DESPEJADO,0,0,0,0,2
-8119230.56296299,-4434103.98479038,3562,13935,1393803,-72.9362891,-36.9641001,98,HUALQUI,1,45171,2021,1393803,REGION BIO BIO,8105,HUALQUI,HUILLICHES,FUTALEUFU,0,"HUILLICHES & FUTALEUFU, HUALQUI",CHILE,GEOMETRIC_CENTER,61751,2021,1393803,1,2021/10/18 00:00:00+00,1899/12/30 00:00:00+00,8,REGION BIO BIO,8105,HUALQUI,34,COLISION PERPENDICULAR,30,COLISION,1,URBANA,16,CRUCE SIN SEÑALIZACION,13,CAUSAS NO DETERMINADAS,97,CAUSAS NO DETERMINADAS,0,HUILLICHES,0,FUTALEUFU,FUTALEUFU - HUILLICHES,0, , , , ,1,1,2,BIDIRECCIONAL,1,CONCRETO,1,BUENO,1,SECO,1,DESPEJADO,0,0,0,1,1
-8121390.57296649,-4433868.98014072,3563,13936,1356586,-72.9556928,-36.9624133,98,HUALQUI,0,21653,2021,1356586,REGION BIO BIO,8103,CHIGUAYANTE,JUAN ANTONIO RIOS, ,48,"JUAN ANTONIO RIOS 48, CHIGUAYANTE",CHILE,RANGE_INTERPOLATED,29842,2021,1356586,1,2021/06/06 00:00:00+00,1899/12/30 00:00:00+00,8,REGION BIO BIO,8103,CHIGUAYANTE,68,CHOQUE POSTERIOR/LADO,40,CHOQUE,1,URBANA,1,TRAMO DE VIA RECTA,13,CAUSAS NO DETERMINADAS,97,CAUSAS NO DETERMINADAS,0,JUAN ANTONIO RIOS,0, ,- JUAN ANTONIO RIOS,48, , , , ,1,1,2,BIDIRECCIONAL,1,CONCRETO,1,BUENO,1,SECO,1,DESPEJADO,0,0,0,0,2
-8118660.85207301,-4433649.09640487,3564,13937,1408793,-72.9311713,-36.960835,98,HUALQUI,1,58919,2021,1408793,REGION BIO BIO,8105,HUALQUI,LOS PITAOS, ,897,"LOS PITAOS 897, HUALQUI",CHILE,RANGE_INTERPOLATED,80063,2021,1408793,1,2021/12/28 00:00:00+00,1899/12/30 00:00:00+00,8,REGION BIO BIO,8105,HUALQUI,10,ATROPELLO,10,ATROPELLO,1,URBANA,1,TRAMO DE VIA RECTA,13,CAUSAS NO DETERMINADAS,97,CAUSAS NO DETERMINADAS,0,LOS PITAOS,0, ,- LOS PITAOS,897, , , , ,1,1,2,BIDIRECCIONAL,1,CONCRETO,1,BUENO,1,SECO,1,DESPEJADO,0,0,0,1,1
-8118728.74583044,-4432124.23203844,3565,13938,1399330,-72.9317812,-36.9498888,98,HUALQUI,1,51981,2021,1399330,REGION BIO BIO,8105,HUALQUI,EL AGUILA, ,4,"EL AGUILA 4, HUALQUI",CHILE,RANGE_INTERPOLATED,70689,2021,1399330,1,2021/11/22 00:00:00+00,1899/12/30 00:00:00+00,8,REGION BIO BIO,8105,HUALQUI,63,CHOQUE FRENTE/POSTERIOR,40,CHOQUE,1,URBANA,1,TRAMO DE VIA RECTA,1,IMPRUDENCIA DEL CONDUCTOR,27,CONDUCCION NO ATENTO CONDICIONES TRANSITO MOMENTO,0,EL AGUILA,0, ,- EL AGUILA,4, , , , ,1,1,2,BIDIRECCIONAL,1,CONCRETO,1,BUENO,1,SECO,1,DESPEJADO,0,1,0,0,1
-8162397.4673734,-4507522.93142049,3566,11229,1356825,-73.324064,-37.4892487,65,CURANILAHUE,1,22796,2021,1356825,REGION BIO BIO,8205,CURANILAHUE,TUCAPEL, ,1350,"TUCAPEL 1350, CURANILAHUE",CHILE,RANGE_INTERPOLATED,31413,2021,1356825,1,2021/06/13 00:00:00+00,1899/12/30 00:00:00+00,8,REGION BIO BIO,8205,CURANILAHUE,53,CHOQUE POSTERIOR,40,CHOQUE,1,URBANA,1,TRAMO DE VIA RECTA,1,IMPRUDENCIA DEL CONDUCTOR,27,CONDUCCION NO ATENTO CONDICIONES TRANSITO MOMENTO,0,TUCAPEL,0, ,- TUCAPEL,1350, , , , ,1,1,2,BIDIRECCIONAL,1,CONCRETO,1,BUENO,3,MOJADO,2,NUBLADO,0,0,0,0,2
-8162480.51171353,-4507411.42558799,3567,11230,1388481,-73.32481,-37.4884539,65,CURANILAHUE,1,44925,2021,1388481,REGION BIO BIO,8205,CURANILAHUE,LAS PETUNIAS, ,1150,"LAS PETUNIAS 1150, CURANILAHUE",CHILE,RANGE_INTERPOLATED,61408,2021,1388481,1,2021/10/17 00:00:00+00,1899/12/30 00:00:00+00,8,REGION BIO BIO,8205,CURANILAHUE,52,CHOQUE LATERAL,40,CHOQUE,1,URBANA,4,ACERA O BERMA,13,CAUSAS NO DETERMINADAS,97,CAUSAS NO DETERMINADAS,0,LAS PETUNIAS,0, ,- LAS PETUNIAS,1150, , , , ,1,0,1,UNIDIRECCIONAL,1,CONCRETO,2,REGULAR,1,SECO,1,DESPEJADO,0,0,0,0,2
-8163067.2990134,-4507045.67289967,3568,11231,1408838,-73.3300812,-37.4858468,65,CURANILAHUE,1,59216,2021,1408838,REGION BIO BIO,8205,CURANILAHUE,TUCAPEL,LIENTUR,0,"TUCAPEL & LIENTUR, CURANILAHUE",CHILE,GEOMETRIC_CENTER,80457,2021,1408838,1,2021/12/30 00:00:00+00,1899/12/30 00:00:00+00,8,REGION BIO BIO,8205,CURANILAHUE,32,COLISION LATERAL,30,COLISION,1,URBANA,14,CRUCE CON SEÑAL PARE,1,IMPRUDENCIA DEL CONDUCTOR,27,CONDUCCION NO ATENTO CONDICIONES TRANSITO MOMENTO,0,TUCAPEL,0,LIENTUR,LIENTUR - TUCAPEL,0, , , , ,1,1,2,BIDIRECCIONAL,1,CONCRETO,1,BUENO,1,SECO,1,DESPEJADO,0,0,0,1,1
-8163188.16971651,-4506928.67289322,3569,11232,1405537,-73.331167,-37.4850128,65,CURANILAHUE,1,57202,2021,1405537,REGION BIO BIO,8205,CURANILAHUE,ARAUCO,SECTOR PISCINA MUNICIPAL,0,"ARAUCO & SECTOR PISCINA MUNICIPAL, CURANILAHUE",CHILE,GEOMETRIC_CENTER,77699,2021,1405537,1,2021/12/19 00:00:00+00,1899/12/30 00:00:00+00,8,REGION BIO BIO,8205,CURANILAHUE,67,CHOQUE POSTERIOR/FRENTE,40,CHOQUE,1,URBANA,1,TRAMO DE VIA RECTA,14,OTRAS CAUSAS,99,HECHO DELICTUAL,0,ARAUCO,0,SECTOR PISCINA MUNICIPAL,ARAUCO - SECTOR PISCINA MUNICIPAL,0, , , , ,1,1,2,BIDIRECCIONAL,5,RIPIO,2,REGULAR,0, ,1,DESPEJADO,0,0,0,0,2
-8165088.56040358,-4506879.55853153,3570,11233,1337577,-73.3482385,-37.4846627,65,CURANILAHUE,1,9964,2021,1337577,REGION BIO BIO,8205,CURANILAHUE,EFRAIN ZENTENO, ,903,"EFRAIN ZENTENO 903, CURANILAHUE",CHILE,RANGE_INTERPOLATED,13868,2021,1337577,1,2021/03/12 00:00:00+00,1899/12/30 00:00:00+00,8,REGION BIO BIO,8205,CURANILAHUE,70,VOLCADURA,70,VOLCADURA,1,URBANA,5,PUENTE,13,CAUSAS NO DETERMINADAS,97,CAUSAS NO DETERMINADAS,0,EFRAIN ZENTENO,0, ,- EFRAIN ZENTENO,903, , , , ,1,0,1,UNIDIRECCIONAL,1,CONCRETO,2,REGULAR,1,SECO,1,DESPEJADO,0,0,0,1,1
-8164238.02383418,-4506709.2943872,3571,11234,1364086,-73.340598,-37.483449,65,CURANILAHUE,1,26200,2021,1364086,REGION BIO BIO,8205,CURANILAHUE,LAS HERAS,DIEGO PORTALES,0,"LAS HERAS & DIEGO PORTALES, CURANILAHUE",CHILE,GEOMETRIC_CENTER,36156,2021,1364086,1,2021/07/05 00:00:00+00,1899/12/30 00:00:00+00,8,REGION BIO BIO,8205,CURANILAHUE,30,COLISION,30,COLISION,1,URBANA,16,CRUCE SIN SEÑALIZACION,1,IMPRUDENCIA DEL CONDUCTOR,27,CONDUCCION NO ATENTO CONDICIONES TRANSITO MOMENTO,0,LAS HERAS,0,DIEGO PORTALES,DIEGO PORTALES - LAS HERAS,0, , , , ,1,1,2,BIDIRECCIONAL,1,CONCRETO,1,BUENO,1,SECO,1,DESPEJADO,0,0,0,0,2
-8163757.26834929,-4506562.51620489,3572,11235,1372654,-73.3362793,-37.4824027,65,CURANILAHUE,1,33714,2021,1372654,REGION BIO BIO,8205,CURANILAHUE,PEDRO AGUIRRE CERDA, ,190,"PEDRO AGUIRRE CERDA 190, CURANILAHUE",CHILE,RANGE_INTERPOLATED,46497,2021,1372654,1,2021/08/17 00:00:00+00,1899/12/30 00:00:00+00,8,REGION BIO BIO,8205,CURANILAHUE,32,COLISION LATERAL,30,COLISION,1,URBANA,1,TRAMO DE VIA RECTA,1,IMPRUDENCIA DEL CONDUCTOR,29,CONDUCCION CAMBIAR SORPRESIVAMENTE PISTA CIRCULACION,0,PEDRO AGUIRRE CERDA,0, ,- PEDRO AGUIRRE CERDA,190, , , , ,1,1,2,BIDIRECCIONAL,1,CONCRETO,2,REGULAR,3,MOJADO,4,LLOVIZNA,0,0,0,0,3
-8163072.2415988,-4506534.24940114,3573,11236,1403158,-73.3301256,-37.4822012,65,CURANILAHUE,1,55686,2021,1403158,REGION BIO BIO,8205,CURANILAHUE,JULIO MONTT SALAMANCA,LA CONCEPCION,0,"JULIO MONTT SALAMANCA & LA CONCEPCION, CURANILAHUE",CHILE,GEOMETRIC_CENTER,75676,2021,1403158,1,2021/12/12 00:00:00+00,1899/12/30 00:00:00+00,8,REGION BIO BIO,8205,CURANILAHUE,63,CHOQUE FRENTE/POSTERIOR,40,CHOQUE,1,URBANA,4,ACERA O BERMA,13,CAUSAS NO DETERMINADAS,97,CAUSAS NO DETERMINADAS,0,JULIO MONTT SALAMANCA,0,LA CONCEPCION,JULIO MONTT SALAMANCA - LA CONCEPCION,0, , , , ,2,0,1,UNIDIRECCIONAL,1,CONCRETO,1,BUENO,1,SECO,1,DESPEJADO,0,0,0,0,2
-8164624.6809535,-4506450.81016897,3574,11237,1384748,-73.3440714,-37.4816064,65,CURANILAHUE,1,41772,2021,1384748,REGION BIO BIO,8205,CURANILAHUE,LAS HERAS,IGNACIO SERRANO,0,"LAS HERAS & IGNACIO SERRANO, CURANILAHUE",CHILE,GEOMETRIC_CENTER,57230,2021,1384748,1,2021/10/01 00:00:00+00,1899/12/30 00:00:00+00,8,REGION BIO BIO,8205,CURANILAHUE,62,CHOQUE FRENTE/LADO,40,CHOQUE,1,URBANA,16,CRUCE SIN SEÑALIZACION,1,IMPRUDENCIA DEL CONDUCTOR,27,CONDUCCION NO ATENTO CONDICIONES TRANSITO MOMENTO,0,LAS HERAS,0,IGNACIO SERRANO,IGNACIO SERRANO - LAS HERAS,0, , , , ,1,1,2,BIDIRECCIONAL,1,CONCRETO,1,BUENO,6,CON ACEITE,2,NUBLADO,0,0,0,0,1
-8163448.79090835,-4506415.57174183,3575,11238,1384810,-73.3335082,-37.4813552,65,CURANILAHUE,1,42582,2021,1384810,REGION BIO BIO,8205,CURANILAHUE,IGNACIO CARRERA PINTO, ,44,"IGNACIO CARRERA PINTO 44, CURANILAHUE",CHILE,RANGE_INTERPOLATED,58334,2021,1384810,1,2021/10/05 00:00:00+00,1899/12/30 00:00:00+00,8,REGION BIO BIO,8205,CURANILAHUE,51,CHOQUE FRONTAL,40,CHOQUE,1,URBANA,1,TRAMO DE VIA RECTA,12,FALLAS MECANICAS,1,FALLAS MECANICAS FRENOS,0,IGNACIO CARRERA PINTO,0, ,- IGNACIO CARRERA PINTO,44, , , , ,2,0,1,UNIDIRECCIONAL,1,CONCRETO,1,BUENO,1,SECO,1,DESPEJADO,0,0,0,1,1
-8163378.72642085,-4506410.32526639,3576,11239,1380368,-73.3328788,-37.4813178,65,CURANILAHUE,1,39354,2021,1380368,REGION BIO BIO,8205,CURANILAHUE,IGNACIO CARRERA PINTO,PASAJE SEIS,0,"IGNACIO CARRERA PINTO & PASAJE SEIS, CURANILAHUE",CHILE,GEOMETRIC_CENTER,54040,2021,1380368,1,2021/09/16 00:00:00+00,1899/12/30 00:00:00+00,8,REGION BIO BIO,8205,CURANILAHUE,32,COLISION LATERAL,30,COLISION,1,URBANA,15,CRUCE CON SEÑAL CEDA EL PASO,1,IMPRUDENCIA DEL CONDUCTOR,27,CONDUCCION NO ATENTO CONDICIONES TRANSITO MOMENTO,0,IGNACIO CARRERA PINTO,0,PASAJE SEIS,IGNACIO CARRERA PINTO - PASAJE SEIS,0, , , , ,2,0,1,UNIDIRECCIONAL,1,CONCRETO,1,BUENO,1,SECO,1,DESPEJADO,0,0,0,1,2
-8163314.41715101,-4506403.66196581,3577,11240,1357917,-73.3323011,-37.4812703,65,CURANILAHUE,1,23453,2021,1357917,REGION BIO BIO,8205,CURANILAHUE,IGNACIO CARRERA PINTO,PASAJE SIETE,0,"IGNACIO CARRERA PINTO & PASAJE SIETE, CURANILAHUE",CHILE,GEOMETRIC_CENTER,32320,2021,1357917,1,2021/06/17 00:00:00+00,1899/12/30 00:00:00+00,8,REGION BIO BIO,8205,CURANILAHUE,32,COLISION LATERAL,30,COLISION,1,URBANA,16,CRUCE SIN SEÑALIZACION,1,IMPRUDENCIA DEL CONDUCTOR,32,NO RESPETAR DERECHO PREFERENTE DE PASO A VEHICULO,0,IGNACIO CARRERA PINTO,0,PASAJE SIETE,IGNACIO CARRERA PINTO - PASAJE SIETE,0, , , , ,2,0,1,UNIDIRECCIONAL,1,CONCRETO,2,REGULAR,1,SECO,1,DESPEJADO,0,0,0,1,1
-8163063.39169928,-4506385.06085861,3578,11241,1346899,-73.3300461,-37.4811377,65,CURANILAHUE,1,15537,2021,1346899,REGION BIO BIO,8205,CURANILAHUE,IGNACIO CARRERA PINTO,JULIO MONTT SALAMANCA,0,"IGNACIO CARRERA PINTO & JULIO MONTT SALAMANCA, CURANILAHUE",CHILE,GEOMETRIC_CENTER,21394,2021,1346899,1,2021/04/26 00:00:00+00,1899/12/30 00:00:00+00,8,REGION BIO BIO,8205,CURANILAHUE,32,COLISION LATERAL,30,COLISION,1,URBANA,15,CRUCE CON SEÑAL CEDA EL PASO,10,DESOBEDIENCIA A SEÑALIZACION,64,SEÑALIZACION DESOBEDECER SEÑAL CEDA EL PASO,0,IGNACIO CARRERA PINTO,0,JULIO MONTT SALAMANCA,IGNACIO CARRERA PINTO - JULIO MONTT SALAMANCA,0, , , , ,2,0,1,UNIDIRECCIONAL,1,CONCRETO,2,REGULAR,1,SECO,1,DESPEJADO,0,0,0,0,2
-8165585.8579648,-4506381.14705519,3579,11242,1402285,-73.3527058,-37.4811098,65,CURANILAHUE,1,54880,2021,1402285,REGION BIO BIO,8205,CURANILAHUE,LIBERTAD, ,448,"LIBERTAD 448, CURANILAHUE",CHILE,RANGE_INTERPOLATED,74571,2021,1402285,1,2021/12/08 00:00:00+00,1899/12/30 00:00:00+00,8,REGION BIO BIO,8205,CURANILAHUE,64,CHOQUE LADO/FRENTE,40,CHOQUE,1,URBANA,1,TRAMO DE VIA RECTA,13,CAUSAS NO DETERMINADAS,97,CAUSAS NO DETERMINADAS,0,LIBERTAD,0, ,- LIBERTAD,448, , , , ,1,1,2,BIDIRECCIONAL,1,CONCRETO,1,BUENO,1,SECO,1,DESPEJADO,0,0,0,0,2