X,Y,FID,FID_1,LABELID,POINT_X,POINT_Y,FID_2,COMUNAREAL,VAL_COM,OBJECTID,A_O,IDACCIDENT,REGION,COD_COMUN,COMUNA,CALLE_UNO,CALLE_DOS,NUMERO,DIR_GEOCOD,PAIS,TIPO,OBJECTID_1,Año,Idaccide_1,Claseaccid,Fecha,Hora,Cód_Regi,Región,Cód_Comun,Comuna_1,Cód_Tipo_,Tipo_Accid,Cód_Tipo1,Tipo__CONA,Cód_Zona,Zona,Cód_Ubica,Ubicación,Cód_Causa,Causa__CON,Cód_Cau_1,Causa,Cód_Calle,Calle_Un_1,Cód_Cal_1,Calle_Do_1,Intersecci,Número,Ruta,Cód_Ruta,Ubicaci_1,Km_Vía_Fe,Pistas_de_,Pistas_de1,Cód_Calza,Calzada,Cód__Tipo,Tipo_Calza,Cód_Estad,Estado_Cal,Cód_Condi,Condición,Cód_Est_1,Estado_Atm,Fallecidos,Graves,Menos_Grav,Leves,Ilesos
-8164031.22561613,-4506376.93866605,3580,11243,1340901,-73.3387403,-37.4810798,65,CURANILAHUE,1,12313,2021,1340901,REGION BIO BIO,8205,CURANILAHUE,PEDRO AGUIRRE CERDA, ,345,"PEDRO AGUIRRE CERDA 345, CURANILAHUE",CHILE,RANGE_INTERPOLATED,17041,2021,1340901,1,2021/03/30 00:00:00+00,1899/12/30 00:00:00+00,8,REGION BIO BIO,8205,CURANILAHUE,53,CHOQUE POSTERIOR,40,CHOQUE,1,URBANA,1,TRAMO DE VIA RECTA,4,ALCOHOL EN CONDUCTOR,24,CONDUCCION EN ESTADO DE EBRIEDAD,0,PEDRO AGUIRRE CERDA,0, ,- PEDRO AGUIRRE CERDA,345, , , , ,2,0,1,UNIDIRECCIONAL,1,CONCRETO,1,BUENO,1,SECO,1,DESPEJADO,0,0,0,0,2
-8164041.56719683,-4506369.18120649,3581,11244,1384767,-73.3388332,-37.4810245,65,CURANILAHUE,1,41987,2021,1384767,REGION BIO BIO,8205,CURANILAHUE,PEDRO AGUIRRE CERDA, ,351,"PEDRO AGUIRRE CERDA 351, CURANILAHUE",CHILE,RANGE_INTERPOLATED,57506,2021,1384767,1,2021/10/02 00:00:00+00,1899/12/30 00:00:00+00,8,REGION BIO BIO,8205,CURANILAHUE,51,CHOQUE FRONTAL,40,CHOQUE,1,URBANA,1,TRAMO DE VIA RECTA,13,CAUSAS NO DETERMINADAS,97,CAUSAS NO DETERMINADAS,0,PEDRO AGUIRRE CERDA,0, ,- PEDRO AGUIRRE CERDA,351, , , , ,1,1,2,BIDIRECCIONAL,1,CONCRETO,1,BUENO,3,MOJADO,3,LLUVIA,0,0,0,0,1
-8165147.44841421,-4506333.17151911,3582,11245,1391379,-73.3487675,-37.4807678,65,CURANILAHUE,1,47525,2021,1391379,REGION BIO BIO,8205,CURANILAHUE,EFRAIN ZENTENO, ,392,"EFRAIN ZENTENO 392, CURANILAHUE",CHILE,RANGE_INTERPOLATED,64834,2021,1391379,1,2021/10/31 00:00:00+00,1899/12/30 00:00:00+00,8,REGION BIO BIO,8205,CURANILAHUE,51,CHOQUE FRONTAL,40,CHOQUE,1,URBANA,1,TRAMO DE VIA RECTA,9,PERDIDA CONTROL VEHICULO,95,PERDIDA CONTROL VEHICULO,0,EFRAIN ZENTENO,0, ,- EFRAIN ZENTENO,392, , , , ,2,0,1,UNIDIRECCIONAL,1,CONCRETO,1,BUENO,1,SECO,1,DESPEJADO,0,0,0,0,1
-8164596.97353224,-4506329.6084325,3583,11246,1347148,-73.3438225,-37.4807424,65,CURANILAHUE,1,16118,2021,1347148,REGION BIO BIO,8205,CURANILAHUE,MANUEL MONTT, ,620,"MANUEL MONTT 620, CURANILAHUE",CHILE,RANGE_INTERPOLATED,22179,2021,1347148,1,2021/05/01 00:00:00+00,1899/12/30 00:00:00+00,8,REGION BIO BIO,8205,CURANILAHUE,50,CHOQUE,40,CHOQUE,1,URBANA,1,TRAMO DE VIA RECTA,13,CAUSAS NO DETERMINADAS,97,CAUSAS NO DETERMINADAS,0,MANUEL MONTT,0, ,- MANUEL MONTT,620, , , , ,1,0,1,UNIDIRECCIONAL,1,CONCRETO,1,BUENO,3,MOJADO,3,LLUVIA,0,0,0,0,1
-8163837.45177851,-4506325.90506818,3584,11247,1336644,-73.3369996,-37.480716,65,CURANILAHUE,1,8892,2021,1336644,REGION BIO BIO,8205,CURANILAHUE,ARTURO PRAT, ,846,"ARTURO PRAT 846, CURANILAHUE",CHILE,RANGE_INTERPOLATED,12426,2021,1336644,1,2021/03/05 00:00:00+00,1899/12/30 00:00:00+00,8,REGION BIO BIO,8205,CURANILAHUE,53,CHOQUE POSTERIOR,40,CHOQUE,1,URBANA,1,TRAMO DE VIA RECTA,13,CAUSAS NO DETERMINADAS,97,CAUSAS NO DETERMINADAS,0,ARTURO PRAT,0, ,- ARTURO PRAT,846, , , , ,2,0,1,UNIDIRECCIONAL,1,CONCRETO,1,BUENO,1,SECO,1,DESPEJADO,0,0,0,1,4
-8163866.96257552,-4506321.93517529,3585,11248,1402820,-73.3372647,-37.4806877,65,CURANILAHUE,1,55097,2021,1402820,REGION BIO BIO,8205,CURANILAHUE,ARTURO PRAT,JUAN BENITEZ MEZA,0,"ARTURO PRAT & JUAN BENITEZ MEZA, CURANILAHUE",CHILE,GEOMETRIC_CENTER,74863,2021,1402820,1,2021/12/09 00:00:00+00,1899/12/30 00:00:00+00,8,REGION BIO BIO,8205,CURANILAHUE,63,CHOQUE FRENTE/POSTERIOR,40,CHOQUE,2,RURAL,11,CRUCE CON SEMAFORO FUNCIONANDO,4,ALCOHOL EN CONDUCTOR,24,CONDUCCION EN ESTADO DE EBRIEDAD,0,ARTURO PRAT,0,JUAN BENITEZ MEZA,ARTURO PRAT - JUAN BENITEZ MEZA,0, , , , ,1,1,2,BIDIRECCIONAL,1,CONCRETO,1,BUENO,1,SECO,1,DESPEJADO,0,0,0,1,1
-8163866.96257552,-4506321.93517529,3586,11249,1404632,-73.3372647,-37.4806877,65,CURANILAHUE,1,56423,2021,1404632,REGION BIO BIO,8205,CURANILAHUE,ARTURO PRAT,JUAN BENITEZ MEZA,0,"ARTURO PRAT & JUAN BENITEZ MEZA, CURANILAHUE",CHILE,GEOMETRIC_CENTER,76677,2021,1404632,1,2021/12/16 00:00:00+00,1899/12/30 00:00:00+00,8,REGION BIO BIO,8205,CURANILAHUE,63,CHOQUE FRENTE/POSTERIOR,40,CHOQUE,1,URBANA,11,CRUCE CON SEMAFORO FUNCIONANDO,1,IMPRUDENCIA DEL CONDUCTOR,28,CONDUCCION SIN MANTENER DISTANCIA RAZONABLE NI PRUDENTE,0,ARTURO PRAT,0,JUAN BENITEZ MEZA,ARTURO PRAT - JUAN BENITEZ MEZA,0, , , , ,1,1,2,BIDIRECCIONAL,1,CONCRETO,1,BUENO,1,SECO,1,DESPEJADO,0,0,0,0,2
-8164014.93957463,-4506320.71474916,3587,11250,1368987,-73.338594,-37.480679,65,CURANILAHUE,1,30352,2021,1368987,REGION BIO BIO,8205,CURANILAHUE,PEDRO AGUIRRE CERDA,PEDRO LEON UGALDE,0,"PEDRO AGUIRRE CERDA & PEDRO LEON UGALDE, CURANILAHUE",CHILE,GEOMETRIC_CENTER,41945,2021,1368987,1,2021/07/29 00:00:00+00,1899/12/30 00:00:00+00,8,REGION BIO BIO,8205,CURANILAHUE,70,VOLCADURA,70,VOLCADURA,1,URBANA,15,CRUCE CON SEÑAL CEDA EL PASO,1,IMPRUDENCIA DEL CONDUCTOR,27,CONDUCCION NO ATENTO CONDICIONES TRANSITO MOMENTO,0,PEDRO AGUIRRE CERDA,0,PEDRO LEON UGALDE,PEDRO AGUIRRE CERDA - PEDRO LEON UGALDE,0, , , , ,1,1,2,BIDIRECCIONAL,1,CONCRETO,1,BUENO,1,SECO,1,DESPEJADO,0,0,0,1,2
-8164014.93957463,-4506320.71474916,3588,11251,1371169,-73.338594,-37.480679,65,CURANILAHUE,1,32540,2021,1371169,REGION BIO BIO,8205,CURANILAHUE,PEDRO AGUIRRE CERDA,PEDRO LEON UGALDE,0,"PEDRO AGUIRRE CERDA & PEDRO LEON UGALDE, CURANILAHUE",CHILE,GEOMETRIC_CENTER,44892,2021,1371169,1,2021/08/10 00:00:00+00,1899/12/30 00:00:00+00,8,REGION BIO BIO,8205,CURANILAHUE,10,ATROPELLO,10,ATROPELLO,1,URBANA,26,OTROS NO CONSIDERADOS,1,IMPRUDENCIA DEL CONDUCTOR,31,NO RESPETAR DERECHO PREFERENTE DE PASO A PEATON,0,PEDRO AGUIRRE CERDA,0,PEDRO LEON UGALDE,PEDRO AGUIRRE CERDA - PEDRO LEON UGALDE,0, , , , ,1,1,2,BIDIRECCIONAL,1,CONCRETO,1,BUENO,1,SECO,1,DESPEJADO,0,0,0,1,1
-8163525.94644742,-4506278.37867546,3589,11252,1352007,-73.3342013,-37.4803772,65,CURANILAHUE,1,18202,2021,1352007,REGION BIO BIO,8205,CURANILAHUE,ARTURO PEREZ CANTO,PASAJE CUATRO,0,"ARTURO PEREZ CANTO & PASAJE CUATRO, CURANILAHUE",CHILE,GEOMETRIC_CENTER,25032,2021,1352007,1,2021/05/15 00:00:00+00,1899/12/30 00:00:00+00,8,REGION BIO BIO,8205,CURANILAHUE,32,COLISION LATERAL,30,COLISION,1,URBANA,15,CRUCE CON SEÑAL CEDA EL PASO,1,IMPRUDENCIA DEL CONDUCTOR,27,CONDUCCION NO ATENTO CONDICIONES TRANSITO MOMENTO,0,ARTURO PEREZ CANTO,0,PASAJE CUATRO,ARTURO PEREZ CANTO - PASAJE CUATRO,0, , , , ,2,0,1,UNIDIRECCIONAL,1,CONCRETO,2,REGULAR,2,HUMEDO,1,DESPEJADO,0,0,0,0,2
-8164409.87886406,-4506212.47614156,3590,11253,1339409,-73.3421418,-37.4799074,65,CURANILAHUE,1,11432,2021,1339409,REGION BIO BIO,8205,CURANILAHUE,IGNACIO SERRANO,SARGENTO ALDEA,0,"IGNACIO SERRANO & SARGENTO ALDEA, CURANILAHUE",CHILE,GEOMETRIC_CENTER,15843,2021,1339409,1,2021/03/22 00:00:00+00,1899/12/30 00:00:00+00,8,REGION BIO BIO,8205,CURANILAHUE,32,COLISION LATERAL,30,COLISION,1,URBANA,16,CRUCE SIN SEÑALIZACION,13,CAUSAS NO DETERMINADAS,97,CAUSAS NO DETERMINADAS,0,IGNACIO SERRANO,0,SARGENTO ALDEA,IGNACIO SERRANO - SARGENTO ALDEA,0, , , , ,1,1,2,BIDIRECCIONAL,1,CONCRETO,1,BUENO,1,SECO,1,DESPEJADO,0,0,0,0,2
-8164409.87886406,-4506212.47614156,3591,11254,1378170,-73.3421418,-37.4799074,65,CURANILAHUE,1,37261,2021,1378170,REGION BIO BIO,8205,CURANILAHUE,SARGENTO ALDEA,IGNACIO SERRANO,0,"SARGENTO ALDEA & IGNACIO SERRANO, CURANILAHUE",CHILE,GEOMETRIC_CENTER,51241,2021,1378170,1,2021/09/05 00:00:00+00,1899/12/30 00:00:00+00,8,REGION BIO BIO,8205,CURANILAHUE,32,COLISION LATERAL,30,COLISION,1,URBANA,11,CRUCE CON SEMAFORO FUNCIONANDO,4,ALCOHOL EN CONDUCTOR,24,CONDUCCION EN ESTADO DE EBRIEDAD,0,SARGENTO ALDEA,0,IGNACIO SERRANO,IGNACIO SERRANO - SARGENTO ALDEA,0, , , , ,1,1,2,BIDIRECCIONAL,1,CONCRETO,1,BUENO,3,MOJADO,3,LLUVIA,0,0,0,1,1
-8164409.87886406,-4506212.47614156,3592,11255,1380717,-73.3421418,-37.4799074,65,CURANILAHUE,1,39739,2021,1380717,REGION BIO BIO,8205,CURANILAHUE,SARGENTO ALDEA,IGNACIO SERRANO,0,"SARGENTO ALDEA & IGNACIO SERRANO, CURANILAHUE",CHILE,GEOMETRIC_CENTER,54569,2021,1380717,1,2021/09/19 00:00:00+00,1899/12/30 00:00:00+00,8,REGION BIO BIO,8205,CURANILAHUE,32,COLISION LATERAL,30,COLISION,1,URBANA,11,CRUCE CON SEMAFORO FUNCIONANDO,10,DESOBEDIENCIA A SEÑALIZACION,62,SEÑALIZACION DESOBEDECER LUZ ROJA DE SEMAFORO,0,SARGENTO ALDEA,0,IGNACIO SERRANO,IGNACIO SERRANO - SARGENTO ALDEA,0, , , , ,1,1,2,BIDIRECCIONAL,1,CONCRETO,1,BUENO,1,SECO,1,DESPEJADO,0,0,0,0,2
-8164547.60333807,-4506159.31113838,3593,11256,1335752,-73.343379,-37.4795284,65,CURANILAHUE,1,7522,2021,1335752,REGION BIO BIO,8205,CURANILAHUE,SARGENTO ALDEA, ,702,"SARGENTO ALDEA 702, CURANILAHUE",CHILE,RANGE_INTERPOLATED,10570,2021,1335752,1,2021/02/24 00:00:00+00,1899/12/30 00:00:00+00,8,REGION BIO BIO,8205,CURANILAHUE,52,CHOQUE LATERAL,40,CHOQUE,1,URBANA,1,TRAMO DE VIA RECTA,4,ALCOHOL EN CONDUCTOR,24,CONDUCCION EN ESTADO DE EBRIEDAD,0,SARGENTO ALDEA,0, ,- SARGENTO ALDEA,702, , , , ,1,1,2,BIDIRECCIONAL,1,CONCRETO,1,BUENO,1,SECO,1,DESPEJADO,0,0,0,0,1
-8163550.72616607,-4506120.87539374,3594,11257,1338081,-73.3344239,-37.4792544,65,CURANILAHUE,1,10179,2021,1338081,REGION BIO BIO,8205,CURANILAHUE,LUIS CRUZ MARTINEZ, ,115,"LUIS CRUZ MARTINEZ 115, CURANILAHUE",CHILE,RANGE_INTERPOLATED,14148,2021,1338081,1,2021/03/13 00:00:00+00,1899/12/30 00:00:00+00,8,REGION BIO BIO,8205,CURANILAHUE,10,ATROPELLO,10,ATROPELLO,1,URBANA,11,CRUCE CON SEMAFORO FUNCIONANDO,1,IMPRUDENCIA DEL CONDUCTOR,31,NO RESPETAR DERECHO PREFERENTE DE PASO A PEATON,0,LUIS CRUZ MARTINEZ,0, ,- LUIS CRUZ MARTINEZ,115, , , , ,2,0,1,UNIDIRECCIONAL,1,CONCRETO,2,REGULAR,1,SECO,1,DESPEJADO,0,1,0,0,1
-8164317.03840874,-4506084.19323603,3595,11258,1330175,-73.3413078,-37.4789929,65,CURANILAHUE,1,4157,2021,1330175,REGION BIO BIO,8205,CURANILAHUE,IGNACIO SERRANO,ARTURO PRAT,0,"IGNACIO SERRANO & ARTURO PRAT, CURANILAHUE",CHILE,GEOMETRIC_CENTER,5828,2021,1330175,1,2021/01/30 00:00:00+00,1899/12/30 00:00:00+00,8,REGION BIO BIO,8205,CURANILAHUE,32,COLISION LATERAL,30,COLISION,1,URBANA,11,CRUCE CON SEMAFORO FUNCIONANDO,13,CAUSAS NO DETERMINADAS,97,CAUSAS NO DETERMINADAS,0,IGNACIO SERRANO,0,ARTURO PRAT,ARTURO PRAT - IGNACIO SERRANO,0, , , , ,2,2,3,BIDIRECCIONAL CON BANDEJON,1,CONCRETO,1,BUENO,1,SECO,2,NUBLADO,0,0,0,0,2
-8164665.29030374,-4506084.10907061,3596,11259,1373299,-73.3444362,-37.4789923,65,CURANILAHUE,1,33968,2021,1373299,REGION BIO BIO,8205,CURANILAHUE,SARGENTO ALDEA,ALCALDE DONOSO,0,"SARGENTO ALDEA & ALCALDE DONOSO, CURANILAHUE",CHILE,GEOMETRIC_CENTER,46839,2021,1373299,1,2021/08/18 00:00:00+00,1899/12/30 00:00:00+00,8,REGION BIO BIO,8205,CURANILAHUE,50,CHOQUE,40,CHOQUE,1,URBANA,26,OTROS NO CONSIDERADOS,7,VELOCIDAD IMPRUDENTE,72,VELOCIDAD NO RAZONABLE NI PRUDENTE,0,SARGENTO ALDEA,0,ALCALDE DONOSO,ALCALDE DONOSO - SARGENTO ALDEA,0, , , , ,1,1,2,BIDIRECCIONAL,1,CONCRETO,1,BUENO,2,HUMEDO,1,DESPEJADO,0,0,0,0,1
-8164357.5141756,-4506056.68520888,3597,11260,1335471,-73.3416714,-37.4787968,65,CURANILAHUE,1,7309,2021,1335471,REGION BIO BIO,8205,CURANILAHUE,ARTURO PRAT, ,685,"ARTURO PRAT 685, CURANILAHUE",CHILE,RANGE_INTERPOLATED,10279,2021,1335471,1,2021/02/23 00:00:00+00,1899/12/30 00:00:00+00,8,REGION BIO BIO,8205,CURANILAHUE,33,COLISION POR ALCANCE,30,COLISION,1,URBANA,1,TRAMO DE VIA RECTA,1,IMPRUDENCIA DEL CONDUCTOR,27,CONDUCCION NO ATENTO CONDICIONES TRANSITO MOMENTO,0,ARTURO PRAT,0, ,- ARTURO PRAT,685, , , , ,2,2,3,BIDIRECCIONAL CON BANDEJON,1,CONCRETO,1,BUENO,1,SECO,1,DESPEJADO,0,0,0,0,2
-8165248.41519236,-4506027.99894435,3598,11261,1340911,-73.3496745,-37.4785923,65,CURANILAHUE,1,12403,2021,1340911,REGION BIO BIO,8205,CURANILAHUE,CARLOS CONDELL, ,331,"CARLOS CONDELL 331, CURANILAHUE",CHILE,RANGE_INTERPOLATED,17158,2021,1340911,1,2021/03/31 00:00:00+00,1899/12/30 00:00:00+00,8,REGION BIO BIO,8205,CURANILAHUE,50,CHOQUE,40,CHOQUE,1,URBANA,1,TRAMO DE VIA RECTA,1,IMPRUDENCIA DEL CONDUCTOR,27,CONDUCCION NO ATENTO CONDICIONES TRANSITO MOMENTO,0,CARLOS CONDELL,0, ,- CARLOS CONDELL,331, , , , ,1,0,1,UNIDIRECCIONAL,1,CONCRETO,1,BUENO,1,SECO,1,DESPEJADO,0,0,0,0,2
-8164396.76542805,-4506015.893224,3599,11262,1384788,-73.342024,-37.478506,65,CURANILAHUE,1,42134,2021,1384788,REGION BIO BIO,8205,CURANILAHUE,ARTURO PRAT, ,700,"ARTURO PRAT 700, CURANILAHUE",CHILE,RANGE_INTERPOLATED,57701,2021,1384788,1,2021/10/02 00:00:00+00,1899/12/30 00:00:00+00,8,REGION BIO BIO,8205,CURANILAHUE,67,CHOQUE POSTERIOR/FRENTE,40,CHOQUE,1,URBANA,1,TRAMO DE VIA RECTA,1,IMPRUDENCIA DEL CONDUCTOR,27,CONDUCCION NO ATENTO CONDICIONES TRANSITO MOMENTO,0,ARTURO PRAT,0, ,- ARTURO PRAT,700, , , , ,2,2,3,BIDIRECCIONAL CON BANDEJON,1,CONCRETO,2,REGULAR,1,SECO,1,DESPEJADO,0,0,0,0,2
-8164430.99617147,-4506004.41875341,3600,11263,1337021,-73.3423315,-37.4784242,65,CURANILAHUE,1,9508,2021,1337021,REGION BIO BIO,8205,CURANILAHUE,ARTURO PRAT, ,752,"ARTURO PRAT 752, CURANILAHUE",CHILE,RANGE_INTERPOLATED,13258,2021,1337021,1,2021/03/09 00:00:00+00,1899/12/30 00:00:00+00,8,REGION BIO BIO,8205,CURANILAHUE,32,COLISION LATERAL,30,COLISION,1,URBANA,1,TRAMO DE VIA RECTA,13,CAUSAS NO DETERMINADAS,97,CAUSAS NO DETERMINADAS,0,ARTURO PRAT,0, ,- ARTURO PRAT,752, , , , ,2,0,1,UNIDIRECCIONAL,1,CONCRETO,1,BUENO,1,SECO,1,DESPEJADO,0,0,0,0,2
-8053245.11103105,-4504129.74588372,3601,22135,1331094,-72.3435317,-37.4650587,77,LOS ANGELES,1,5165,2021,1331094,REGION BIO BIO,8301,LOS ANGELES,COMANDANTE LUIS SOTO, ,432,"COMANDANTE LUIS SOTO 432, LOS ANGELES",CHILE,RANGE_INTERPOLATED,7218,2021,1331094,1,2021/02/07 00:00:00+00,1899/12/30 00:00:00+00,8,REGION BIO BIO,8301,LOS ANGELES,52,CHOQUE LATERAL,40,CHOQUE,1,URBANA,1,TRAMO DE VIA RECTA,9,PERDIDA CONTROL VEHICULO,95,PERDIDA CONTROL VEHICULO,0,COMANDANTE LUIS SOTO,0, ,- COMANDANTE LUIS SOTO,432, , , , ,1,0,1,UNIDIRECCIONAL,2,ASFALTO,1,BUENO,2,HUMEDO,2,NUBLADO,0,0,2,0,0
-8057245.36580075,-4504116.92708323,3602,22136,1367934,-72.3794666,-37.4649673,77,LOS ANGELES,1,30525,2021,1367934,REGION BIO BIO,8301,LOS ANGELES,BOMBERO FRANCISCO RIOSECO,BELLAVISTA,0,"BOMBERO FRANCISCO RIOSECO & BELLAVISTA, LOS ANGELES",CHILE,GEOMETRIC_CENTER,42187,2021,1367934,1,2021/07/30 00:00:00+00,1899/12/30 00:00:00+00,8,REGION BIO BIO,8301,LOS ANGELES,32,COLISION LATERAL,30,COLISION,1,URBANA,1,TRAMO DE VIA RECTA,1,IMPRUDENCIA DEL CONDUCTOR,27,CONDUCCION NO ATENTO CONDICIONES TRANSITO MOMENTO,0,BOMBERO FRANCISCO RIOSECO,0,BELLAVISTA,BELLAVISTA - BOMBERO FRANCISCO RIOSECO,0, , , , ,2,0,1,UNIDIRECCIONAL,2,ASFALTO,3,MALO,3,MOJADO,3,LLUVIA,0,0,0,0,2
-8054655.97425736,-4504107.12365668,3603,22137,1325670,-72.3562057,-37.4648974,77,LOS ANGELES,1,1743,2021,1325670,REGION BIO BIO,8301,LOS ANGELES,LOS ANGELES,LOS CLAVELES,0,"LOS ANGELES & LOS CLAVELES, LOS ANGELES",CHILE,GEOMETRIC_CENTER,2405,2021,1325670,1,2021/01/12 00:00:00+00,1899/12/30 00:00:00+00,8,REGION BIO BIO,8301,LOS ANGELES,33,COLISION POR ALCANCE,30,COLISION,1,URBANA,1,TRAMO DE VIA RECTA,4,ALCOHOL EN CONDUCTOR,24,CONDUCCION EN ESTADO DE EBRIEDAD,0,LOS ANGELES,0,LOS CLAVELES,LOS ANGELES - LOS CLAVELES,0, , , , ,1,1,2,BIDIRECCIONAL,2,ASFALTO,1,BUENO,1,SECO,1,DESPEJADO,0,0,0,1,4
-8054655.97425736,-4504107.12365668,3604,22138,1331339,-72.3562057,-37.4648974,77,LOS ANGELES,1,5654,2021,1331339,REGION BIO BIO,8301,LOS ANGELES,LOS ANGELES,LOS CLAVELES,0,"LOS ANGELES & LOS CLAVELES, LOS ANGELES",CHILE,GEOMETRIC_CENTER,7886,2021,1331339,1,2021/02/11 00:00:00+00,1899/12/30 00:00:00+00,8,REGION BIO BIO,8301,LOS ANGELES,65,CHOQUE LADO/LADO,40,CHOQUE,1,URBANA,11,CRUCE CON SEMAFORO FUNCIONANDO,4,ALCOHOL EN CONDUCTOR,21,CONDUCCION BAJO LA INFLUENCIA DEL ALCOHOL,0,LOS ANGELES,0,LOS CLAVELES,LOS ANGELES - LOS CLAVELES,0, , , , ,1,1,2,BIDIRECCIONAL,2,ASFALTO,1,BUENO,1,SECO,1,DESPEJADO,0,0,0,0,3
-8054655.97425736,-4504107.12365668,3605,22139,1337810,-72.3562057,-37.4648974,77,LOS ANGELES,1,9913,2021,1337810,REGION BIO BIO,8301,LOS ANGELES,LOS ANGELES,LOS CLAVELES,0,"LOS ANGELES & LOS CLAVELES, LOS ANGELES",CHILE,GEOMETRIC_CENTER,13795,2021,1337810,1,2021/03/11 00:00:00+00,1899/12/30 00:00:00+00,8,REGION BIO BIO,8301,LOS ANGELES,34,COLISION PERPENDICULAR,30,COLISION,1,URBANA,11,CRUCE CON SEMAFORO FUNCIONANDO,1,IMPRUDENCIA DEL CONDUCTOR,27,CONDUCCION NO ATENTO CONDICIONES TRANSITO MOMENTO,0,LOS ANGELES,0,LOS CLAVELES,LOS ANGELES - LOS CLAVELES,0, , , , ,2,0,1,UNIDIRECCIONAL,2,ASFALTO,1,BUENO,1,SECO,1,DESPEJADO,0,0,0,1,1
-8053346.95723317,-4504107.0815819,3606,22140,1391560,-72.3444466,-37.4648971,77,LOS ANGELES,1,47557,2021,1391560,REGION BIO BIO,8301,LOS ANGELES,PONIENTE,COSTANERA QUILQUE,0,"PONIENTE & COSTANERA QUILQUE, LOS ANGELES",CHILE,GEOMETRIC_CENTER,64886,2021,1391560,1,2021/10/31 00:00:00+00,1899/12/30 00:00:00+00,8,REGION BIO BIO,8301,LOS ANGELES,70,VOLCADURA,70,VOLCADURA,1,URBANA,1,TRAMO DE VIA RECTA,9,PERDIDA CONTROL VEHICULO,95,PERDIDA CONTROL VEHICULO,0,PONIENTE,0,COSTANERA QUILQUE,COSTANERA QUILQUE - PONIENTE,0, , , , ,2,0,1,UNIDIRECCIONAL,1,CONCRETO,2,REGULAR,1,SECO,1,DESPEJADO,0,0,0,1,0
-8055099.51563648,-4504091.8084507,3607,22141,1376708,-72.3601901,-37.4647882,77,LOS ANGELES,1,36834,2021,1376708,REGION BIO BIO,8301,LOS ANGELES,GALVARINO, ,857,"GALVARINO 857, LOS ANGELES",CHILE,RANGE_INTERPOLATED,50652,2021,1376708,1,2021/09/03 00:00:00+00,1899/12/30 00:00:00+00,8,REGION BIO BIO,8301,LOS ANGELES,10,ATROPELLO,10,ATROPELLO,1,URBANA,1,TRAMO DE VIA RECTA,2,IMPRUDENCIA DEL PEATON,55,PEATON CRUZA CALZADA FUERA PASO PEATONES,0,GALVARINO,0, ,- GALVARINO,857, , , , ,1,0,1,UNIDIRECCIONAL,2,ASFALTO,1,BUENO,1,SECO,2,NUBLADO,0,0,0,1,1
-8051357.07680745,-4504089.98521338,3608,22142,1390055,-72.3265712,-37.4647752,77,LOS ANGELES,1,45561,2021,1390055,REGION BIO BIO,8301,LOS ANGELES,LAS INDUSTRIAS,PROLONGACION LOS CARRERA,0,"LAS INDUSTRIAS & PROLONGACION LOS CARRERA, LOS ANGELES",CHILE,GEOMETRIC_CENTER,62272,2021,1390055,1,2021/10/21 00:00:00+00,1899/12/30 00:00:00+00,8,REGION BIO BIO,8301,LOS ANGELES,33,COLISION POR ALCANCE,30,COLISION,1,URBANA,16,CRUCE SIN SEÑALIZACION,1,IMPRUDENCIA DEL CONDUCTOR,11,ADELANTAMIENTO SIN EL ESPACIO O TIEMPO SUFICIENTE,0,LAS INDUSTRIAS,0,PROLONGACION LOS CARRERA,LAS INDUSTRIAS - PROLONGACION LOS CARRERA,0, , , , ,1,1,2,BIDIRECCIONAL,2,ASFALTO,1,BUENO,1,SECO,1,DESPEJADO,0,0,0,0,2
-8051818.03968687,-4504089.94313868,3609,22143,1349255,-72.3307121,-37.4647749,77,LOS ANGELES,1,18183,2021,1349255,REGION BIO BIO,8301,LOS ANGELES,ORIENTE, ,635,"ORIENTE 635, LOS ANGELES",CHILE,RANGE_INTERPOLATED,25002,2021,1349255,1,2021/05/15 00:00:00+00,1899/12/30 00:00:00+00,8,REGION BIO BIO,8301,LOS ANGELES,63,CHOQUE FRENTE/POSTERIOR,40,CHOQUE,1,URBANA,14,CRUCE CON SEÑAL PARE,1,IMPRUDENCIA DEL CONDUCTOR,27,CONDUCCION NO ATENTO CONDICIONES TRANSITO MOMENTO,0,ORIENTE,0, ,- ORIENTE,635, , , , ,2,2,2,BIDIRECCIONAL,1,CONCRETO,1,BUENO,1,SECO,2,NUBLADO,0,0,0,0,2
-8053486.95262479,-4504077.39085965,3610,22144,1325833,-72.3457042,-37.4646854,77,LOS ANGELES,1,1943,2021,1325833,REGION BIO BIO,8301,LOS ANGELES,CAMINO PARAGUAY, ,1,"CAMINO PARAGUAY 1, LOS ANGELES",CHILE,RANGE_INTERPOLATED,2662,2021,1325833,1,2021/01/13 00:00:00+00,1899/12/30 00:00:00+00,8,REGION BIO BIO,8301,LOS ANGELES,31,COLISION FRONTAL,30,COLISION,2,RURAL,1,TRAMO DE VIA RECTA,1,IMPRUDENCIA DEL CONDUCTOR,27,CONDUCCION NO ATENTO CONDICIONES TRANSITO MOMENTO,0,CAMINO PARAGUAY,0, ,- CAMINO PARAGUAY,1, , , , ,1,1,2,BIDIRECCIONAL,2,ASFALTO,1,BUENO,1,SECO,1,DESPEJADO,0,0,0,1,1