X,Y,FID,FID_1,LABELID,POINT_X,POINT_Y,FID_2,COMUNAREAL,VAL_COM,OBJECTID,A_O,IDACCIDENT,REGION,COD_COMUN,COMUNA,CALLE_UNO,CALLE_DOS,NUMERO,DIR_GEOCOD,PAIS,TIPO,OBJECTID_1,Año,Idaccide_1,Claseaccid,Fecha,Hora,Cód_Regi,Región,Cód_Comun,Comuna_1,Cód_Tipo_,Tipo_Accid,Cód_Tipo1,Tipo__CONA,Cód_Zona,Zona,Cód_Ubica,Ubicación,Cód_Causa,Causa__CON,Cód_Cau_1,Causa,Cód_Calle,Calle_Un_1,Cód_Cal_1,Calle_Do_1,Intersecci,Número,Ruta,Cód_Ruta,Ubicaci_1,Km_Vía_Fe,Pistas_de_,Pistas_de1,Cód_Calza,Calzada,Cód__Tipo,Tipo_Calza,Cód_Estad,Estado_Cal,Cód_Condi,Condición,Cód_Est_1,Estado_Atm,Fallecidos,Graves,Menos_Grav,Leves,Ilesos
-8054166.50245634,-4504072.94497225,3611,22145,1403149,-72.3518087,-37.4646537,77,LOS ANGELES,1,55582,2021,1403149,REGION BIO BIO,8301,LOS ANGELES,VALDIVIA, ,749,"VALDIVIA 749, LOS ANGELES",CHILE,RANGE_INTERPOLATED,75524,2021,1403149,1,2021/12/11 00:00:00+00,1899/12/30 00:00:00+00,8,REGION BIO BIO,8301,LOS ANGELES,64,CHOQUE LADO/FRENTE,40,CHOQUE,1,URBANA,11,CRUCE CON SEMAFORO FUNCIONANDO,3,IMPRUDENCIA DEL PASAJERO,43,IMPRUDENCIA DEL PASAJERO,0,VALDIVIA,0, ,- VALDIVIA,749, , , , ,2,0,1,UNIDIRECCIONAL,2,ASFALTO,1,BUENO,1,SECO,2,NUBLADO,0,1,0,0,1
-8053929.06911443,-4504069.14423089,3612,22146,1390757,-72.3496758,-37.4646266,77,LOS ANGELES,1,46514,2021,1390757,REGION BIO BIO,8301,LOS ANGELES,ALMAGRO, ,742,"ALMAGRO 742, LOS ANGELES",CHILE,RANGE_INTERPOLATED,63516,2021,1390757,1,2021/10/26 00:00:00+00,1899/12/30 00:00:00+00,8,REGION BIO BIO,8301,LOS ANGELES,10,ATROPELLO,10,ATROPELLO,1,URBANA,26,OTROS NO CONSIDERADOS,1,IMPRUDENCIA DEL CONDUCTOR,27,CONDUCCION NO ATENTO CONDICIONES TRANSITO MOMENTO,0,ALMAGRO,0, ,- ALMAGRO,742, , , , ,1,0,1,UNIDIRECCIONAL,1,CONCRETO,1,BUENO,1,SECO,1,DESPEJADO,0,0,0,1,1
-8057082.97292758,-4504066.47950529,3613,22147,1408016,-72.3780078,-37.4646076,77,LOS ANGELES,1,58726,2021,1408016,REGION BIO BIO,8301,LOS ANGELES,BOMBERO FRANCISCO RIOSECO,TALAR,0,"BOMBERO FRANCISCO RIOSECO & TALAR, LOS ANGELES",CHILE,GEOMETRIC_CENTER,79810,2021,1408016,1,2021/12/27 00:00:00+00,1899/12/30 00:00:00+00,8,REGION BIO BIO,8301,LOS ANGELES,65,CHOQUE LADO/LADO,40,CHOQUE,1,URBANA,1,TRAMO DE VIA RECTA,1,IMPRUDENCIA DEL CONDUCTOR,27,CONDUCCION NO ATENTO CONDICIONES TRANSITO MOMENTO,0,BOMBERO FRANCISCO RIOSECO,0,TALAR,BOMBERO FRANCISCO RIOSECO - TALAR,0, , , , ,1,1,2,BIDIRECCIONAL,2,ASFALTO,2,REGULAR,1,SECO,1,DESPEJADO,0,0,0,0,2
-8059763.67984927,-4504060.74333512,3614,22148,1351724,-72.402089,-37.4645667,77,LOS ANGELES,1,19255,2021,1351724,REGION BIO BIO,8301,LOS ANGELES,PADRE HURTADO,LOS MISIONEROS,0,"PADRE HURTADO & LOS MISIONEROS, LOS ANGELES",CHILE,GEOMETRIC_CENTER,26488,2021,1351724,1,2021/05/21 00:00:00+00,1899/12/30 00:00:00+00,8,REGION BIO BIO,8301,LOS ANGELES,32,COLISION LATERAL,30,COLISION,1,URBANA,14,CRUCE CON SEÑAL PARE,1,IMPRUDENCIA DEL CONDUCTOR,27,CONDUCCION NO ATENTO CONDICIONES TRANSITO MOMENTO,0,PADRE HURTADO,0,LOS MISIONEROS,LOS MISIONEROS - PADRE HURTADO,0, , , , ,2,2,2,BIDIRECCIONAL,1,CONCRETO,1,BUENO,3,MOJADO,2,NUBLADO,0,1,0,0,1
-8054958.78553622,-4504052.59489341,3615,22149,1331271,-72.3589259,-37.4645086,77,LOS ANGELES,1,5571,2021,1331271,REGION BIO BIO,8301,LOS ANGELES,GALVARINO, ,800,"GALVARINO 800, LOS ANGELES",CHILE,RANGE_INTERPOLATED,7775,2021,1331271,1,2021/02/10 00:00:00+00,1899/12/30 00:00:00+00,8,REGION BIO BIO,8301,LOS ANGELES,51,CHOQUE FRONTAL,40,CHOQUE,1,URBANA,1,TRAMO DE VIA RECTA,12,FALLAS MECANICAS,1,FALLAS MECANICAS FRENOS,0,GALVARINO,0, ,- GALVARINO,800, , , , ,2,0,1,UNIDIRECCIONAL,1,CONCRETO,1,BUENO,1,SECO,1,DESPEJADO,0,0,0,0,1
-8054958.78553622,-4504052.59489341,3616,22150,1347559,-72.3589259,-37.4645086,77,LOS ANGELES,1,16897,2021,1347559,REGION BIO BIO,8301,LOS ANGELES,GALVARINO,SAAVEDRA,0,"GALVARINO & SAAVEDRA, LOS ANGELES",CHILE,GEOMETRIC_CENTER,23298,2021,1347559,1,2021/05/06 00:00:00+00,1899/12/30 00:00:00+00,8,REGION BIO BIO,8301,LOS ANGELES,32,COLISION LATERAL,30,COLISION,1,URBANA,14,CRUCE CON SEÑAL PARE,10,DESOBEDIENCIA A SEÑALIZACION,65,SEÑALIZACION DESOBEDECER SEÑAL PARE,0,GALVARINO,0,SAAVEDRA,GALVARINO - SAAVEDRA,0, , , , ,1,0,1,UNIDIRECCIONAL,1,CONCRETO,1,BUENO,1,SECO,1,DESPEJADO,0,0,0,0,2
-8052929.49801075,-4504049.83199808,3617,22151,1403166,-72.3406965,-37.4644889,77,LOS ANGELES,1,55746,2021,1403166,REGION BIO BIO,8301,LOS ANGELES,CORONEL ORIZIMBO BARBOZA,COMANDANTE LUIS SOTO,0,"CORONEL ORIZIMBO BARBOZA & COMANDANTE LUIS SOTO, LOS ANGELES",CHILE,GEOMETRIC_CENTER,75775,2021,1403166,1,2021/12/12 00:00:00+00,1899/12/30 00:00:00+00,8,REGION BIO BIO,8301,LOS ANGELES,51,CHOQUE FRONTAL,40,CHOQUE,1,URBANA,1,TRAMO DE VIA RECTA,9,PERDIDA CONTROL VEHICULO,95,PERDIDA CONTROL VEHICULO,0,CORONEL ORIZIMBO BARBOZA,0,COMANDANTE LUIS SOTO,COMANDANTE LUIS SOTO - CORONEL ORIZIMBO BARBOZA,0, , , , ,1,1,2,BIDIRECCIONAL,1,CONCRETO,1,BUENO,1,SECO,2,NUBLADO,0,0,0,0,1
-8056015.75296935,-4504032.16070511,3618,22152,1345846,-72.3684208,-37.4643629,77,LOS ANGELES,1,15456,2021,1345846,REGION BIO BIO,8301,LOS ANGELES,SANTIAGO,CHACABUCO,0,"SANTIAGO & CHACABUCO, LOS ANGELES",CHILE,GEOMETRIC_CENTER,21290,2021,1345846,1,2021/04/26 00:00:00+00,1899/12/30 00:00:00+00,8,REGION BIO BIO,8301,LOS ANGELES,10,ATROPELLO,10,ATROPELLO,1,URBANA,1,TRAMO DE VIA RECTA,1,IMPRUDENCIA DEL CONDUCTOR,27,CONDUCCION NO ATENTO CONDICIONES TRANSITO MOMENTO,0,SANTIAGO,0,CHACABUCO,CHACABUCO - SANTIAGO,0, , , , ,1,1,2,BIDIRECCIONAL,1,CONCRETO,1,BUENO,1,SECO,1,DESPEJADO,0,0,0,1,1
-8054740.79970934,-4504030.99664479,3619,22153,1351810,-72.3569677,-37.4643546,77,LOS ANGELES,1,19373,2021,1351810,REGION BIO BIO,8301,LOS ANGELES,AMADOR FUENTEALBA, ,762,"AMADOR FUENTEALBA 762, LOS ANGELES",CHILE,RANGE_INTERPOLATED,26659,2021,1351810,1,2021/05/22 00:00:00+00,1899/12/30 00:00:00+00,8,REGION BIO BIO,8301,LOS ANGELES,51,CHOQUE FRONTAL,40,CHOQUE,1,URBANA,1,TRAMO DE VIA RECTA,1,IMPRUDENCIA DEL CONDUCTOR,27,CONDUCCION NO ATENTO CONDICIONES TRANSITO MOMENTO,0,AMADOR FUENTEALBA,0, ,- AMADOR FUENTEALBA,762, , , , ,1,1,2,BIDIRECCIONAL,2,ASFALTO,1,BUENO,1,SECO,1,DESPEJADO,0,0,0,0,1
-8056958.60679247,-4504026.94347192,3620,22154,1327550,-72.3768906,-37.4643257,77,LOS ANGELES,1,2646,2021,1327550,REGION BIO BIO,8301,LOS ANGELES,ESTANISLAO ANGUITA,BOMBERO FRANCISCO RIOSECO,0,"ESTANISLAO ANGUITA & BOMBERO FRANCISCO RIOSECO, LOS ANGELES",CHILE,GEOMETRIC_CENTER,3647,2021,1327550,1,2021/01/19 00:00:00+00,1899/12/30 00:00:00+00,8,REGION BIO BIO,8301,LOS ANGELES,32,COLISION LATERAL,30,COLISION,1,URBANA,14,CRUCE CON SEÑAL PARE,1,IMPRUDENCIA DEL CONDUCTOR,27,CONDUCCION NO ATENTO CONDICIONES TRANSITO MOMENTO,0,ESTANISLAO ANGUITA,0,BOMBERO FRANCISCO RIOSECO,BOMBERO FRANCISCO RIOSECO - ESTANISLAO ANGUITA,0, , , , ,2,0,1,UNIDIRECCIONAL,1,CONCRETO,1,BUENO,1,SECO,1,DESPEJADO,0,0,0,0,2
-8056958.60679247,-4504026.94347192,3621,22155,1331346,-72.3768906,-37.4643257,77,LOS ANGELES,1,5725,2021,1331346,REGION BIO BIO,8301,LOS ANGELES,ESTANISLAO ANGUITA,BOMBERO FRANCISCO RIOSECO,0,"ESTANISLAO ANGUITA & BOMBERO FRANCISCO RIOSECO, LOS ANGELES",CHILE,GEOMETRIC_CENTER,7996,2021,1331346,1,2021/02/11 00:00:00+00,1899/12/30 00:00:00+00,8,REGION BIO BIO,8301,LOS ANGELES,32,COLISION LATERAL,30,COLISION,1,URBANA,1,TRAMO DE VIA RECTA,10,DESOBEDIENCIA A SEÑALIZACION,65,SEÑALIZACION DESOBEDECER SEÑAL PARE,0,ESTANISLAO ANGUITA,0,BOMBERO FRANCISCO RIOSECO,BOMBERO FRANCISCO RIOSECO - ESTANISLAO ANGUITA,0, , , , ,1,1,3,BIDIRECCIONAL CON BANDEJON,2,ASFALTO,1,BUENO,1,SECO,1,DESPEJADO,0,0,0,0,2
-8056958.60679247,-4504026.94347192,3622,22156,1375395,-72.3768906,-37.4643257,77,LOS ANGELES,1,35650,2021,1375395,REGION BIO BIO,8301,LOS ANGELES,ESTANISLAO ANGUITA,BOMBERO FRANCISCO RIOSECO,0,"ESTANISLAO ANGUITA & BOMBERO FRANCISCO RIOSECO, LOS ANGELES",CHILE,GEOMETRIC_CENTER,49074,2021,1375395,1,2021/08/27 00:00:00+00,1899/12/30 00:00:00+00,8,REGION BIO BIO,8301,LOS ANGELES,32,COLISION LATERAL,30,COLISION,1,URBANA,14,CRUCE CON SEÑAL PARE,10,DESOBEDIENCIA A SEÑALIZACION,65,SEÑALIZACION DESOBEDECER SEÑAL PARE,0,ESTANISLAO ANGUITA,0,BOMBERO FRANCISCO RIOSECO,BOMBERO FRANCISCO RIOSECO - ESTANISLAO ANGUITA,0, , , , ,2,0,1,UNIDIRECCIONAL,1,CONCRETO,1,BUENO,3,MOJADO,4,LLOVIZNA,0,0,0,0,2
-8052825.42541881,-4504023.53544197,3623,22157,1336452,-72.3397616,-37.4643014,77,LOS ANGELES,1,9139,2021,1336452,REGION BIO BIO,8301,LOS ANGELES,MARCONI,COMANDANTE LUIS SOTO,0,"MARCONI & COMANDANTE LUIS SOTO, LOS ANGELES",CHILE,GEOMETRIC_CENTER,12761,2021,1336452,1,2021/03/06 00:00:00+00,1899/12/30 00:00:00+00,8,REGION BIO BIO,8301,LOS ANGELES,51,CHOQUE FRONTAL,40,CHOQUE,1,URBANA,14,CRUCE CON SEÑAL PARE,4,ALCOHOL EN CONDUCTOR,24,CONDUCCION EN ESTADO DE EBRIEDAD,0,MARCONI,0,COMANDANTE LUIS SOTO,COMANDANTE LUIS SOTO - MARCONI,0, , , , ,1,1,2,BIDIRECCIONAL,1,CONCRETO,1,BUENO,1,SECO,1,DESPEJADO,0,1,0,2,0
-8052825.42541881,-4504023.53544197,3624,22158,1396508,-72.3397616,-37.4643014,77,LOS ANGELES,1,50682,2021,1396508,REGION BIO BIO,8301,LOS ANGELES,COMANDANTE LUIS SOTO,MARCONI,0,"COMANDANTE LUIS SOTO & MARCONI, LOS ANGELES",CHILE,GEOMETRIC_CENTER,69014,2021,1396508,1,2021/11/16 00:00:00+00,1899/12/30 00:00:00+00,8,REGION BIO BIO,8301,LOS ANGELES,10,ATROPELLO,10,ATROPELLO,1,URBANA,15,CRUCE CON SEÑAL CEDA EL PASO,1,IMPRUDENCIA DEL CONDUCTOR,27,CONDUCCION NO ATENTO CONDICIONES TRANSITO MOMENTO,0,COMANDANTE LUIS SOTO,0,MARCONI,COMANDANTE LUIS SOTO - MARCONI,0, , , , ,1,1,2,BIDIRECCIONAL,1,CONCRETO,1,BUENO,1,SECO,1,DESPEJADO,0,1,0,0,1
-8053790.19804966,-4504000.61892365,3625,22159,1401653,-72.3484283,-37.464138,77,LOS ANGELES,1,54621,2021,1401653,REGION BIO BIO,8301,LOS ANGELES,VILLAGRAN, ,794,"VILLAGRAN 794, LOS ANGELES",CHILE,RANGE_INTERPOLATED,74235,2021,1401653,1,2021/12/06 00:00:00+00,1899/12/30 00:00:00+00,8,REGION BIO BIO,8301,LOS ANGELES,32,COLISION LATERAL,30,COLISION,1,URBANA,15,CRUCE CON SEÑAL CEDA EL PASO,1,IMPRUDENCIA DEL CONDUCTOR,27,CONDUCCION NO ATENTO CONDICIONES TRANSITO MOMENTO,0,VILLAGRAN,0, ,- VILLAGRAN,794, , , , ,2,0,1,UNIDIRECCIONAL,1,CONCRETO,1,BUENO,1,SECO,1,DESPEJADO,0,0,0,0,2
-8055799.18090001,-4503990.74548199,3626,22160,1356922,-72.3664753,-37.4640676,77,LOS ANGELES,1,23283,2021,1356922,REGION BIO BIO,8301,LOS ANGELES,LOS JAZMINES,LOS RANUNCULOS,0,"LOS JAZMINES & LOS RANUNCULOS, LOS ANGELES",CHILE,GEOMETRIC_CENTER,32083,2021,1356922,1,2021/06/16 00:00:00+00,1899/12/30 00:00:00+00,8,REGION BIO BIO,8301,LOS ANGELES,30,COLISION,30,COLISION,1,URBANA,16,CRUCE SIN SEÑALIZACION,1,IMPRUDENCIA DEL CONDUCTOR,27,CONDUCCION NO ATENTO CONDICIONES TRANSITO MOMENTO,0,LOS JAZMINES,0,LOS RANUNCULOS,LOS JAZMINES - LOS RANUNCULOS,0, , , , ,1,1,2,BIDIRECCIONAL,2,ASFALTO,2,REGULAR,1,SECO,1,DESPEJADO,0,1,0,0,1
-8054315.79302544,-4503971.51754203,3627,22161,1331272,-72.3531498,-37.4639305,77,LOS ANGELES,1,5507,2021,1331272,REGION BIO BIO,8301,LOS ANGELES,GALVARINO, ,478,"GALVARINO 478, LOS ANGELES",CHILE,RANGE_INTERPOLATED,7689,2021,1331272,1,2021/02/10 00:00:00+00,1899/12/30 00:00:00+00,8,REGION BIO BIO,8301,LOS ANGELES,70,VOLCADURA,70,VOLCADURA,1,URBANA,1,TRAMO DE VIA RECTA,9,PERDIDA CONTROL VEHICULO,95,PERDIDA CONTROL VEHICULO,0,GALVARINO,0, ,- GALVARINO,478, , , , ,1,0,1,UNIDIRECCIONAL,2,ASFALTO,1,BUENO,1,SECO,1,DESPEJADO,0,0,0,1,0
-8052020.1624863,-4503966.90340268,3628,22162,1373003,-72.3325278,-37.4638976,77,LOS ANGELES,1,33927,2021,1373003,REGION BIO BIO,8301,LOS ANGELES,ALEMANIA,MONTE CEA,0,"ALEMANIA & MONTE CEA, LOS ANGELES",CHILE,GEOMETRIC_CENTER,46786,2021,1373003,1,2021/08/18 00:00:00+00,1899/12/30 00:00:00+00,8,REGION BIO BIO,8301,LOS ANGELES,32,COLISION LATERAL,30,COLISION,1,URBANA,15,CRUCE CON SEÑAL CEDA EL PASO,1,IMPRUDENCIA DEL CONDUCTOR,27,CONDUCCION NO ATENTO CONDICIONES TRANSITO MOMENTO,0,ALEMANIA,0,MONTE CEA,ALEMANIA - MONTE CEA,0, , , , ,2,0,1,UNIDIRECCIONAL,2,ASFALTO,1,BUENO,1,SECO,2,NUBLADO,0,0,0,0,2
-8052020.1624863,-4503966.90340268,3629,22163,1409443,-72.3325278,-37.4638976,77,LOS ANGELES,1,59103,2021,1409443,REGION BIO BIO,8301,LOS ANGELES,ALEMANIA,MONTE CEA,0,"ALEMANIA & MONTE CEA, LOS ANGELES",CHILE,GEOMETRIC_CENTER,80306,2021,1409443,1,2021/12/30 00:00:00+00,1899/12/30 00:00:00+00,8,REGION BIO BIO,8301,LOS ANGELES,32,COLISION LATERAL,30,COLISION,1,URBANA,1,TRAMO DE VIA RECTA,1,IMPRUDENCIA DEL CONDUCTOR,27,CONDUCCION NO ATENTO CONDICIONES TRANSITO MOMENTO,0,ALEMANIA,0,MONTE CEA,ALEMANIA - MONTE CEA,0, , , , ,2,0,1,UNIDIRECCIONAL,1,CONCRETO,1,BUENO,4,CON BARRO,1,DESPEJADO,0,0,0,1,1
-8052592.02184246,-4503965.82349802,3630,22164,1386431,-72.3376649,-37.4638899,77,LOS ANGELES,1,38537,2021,1386431,REGION BIO BIO,8301,LOS ANGELES,LUIS SOTO,VALLE NEVADO,0,"LUIS SOTO & VALLE NEVADO, LOS ANGELES",CHILE,GEOMETRIC_CENTER,52952,2021,1386431,1,2021/09/12 00:00:00+00,1899/12/30 00:00:00+00,8,REGION BIO BIO,8301,LOS ANGELES,32,COLISION LATERAL,30,COLISION,1,URBANA,1,TRAMO DE VIA RECTA,1,IMPRUDENCIA DEL CONDUCTOR,27,CONDUCCION NO ATENTO CONDICIONES TRANSITO MOMENTO,0,LUIS SOTO,0,VALLE NEVADO,LUIS SOTO - VALLE NEVADO,0, , , , ,1,1,2,BIDIRECCIONAL,1,CONCRETO,1,BUENO,1,SECO,1,DESPEJADO,0,0,0,0,2
-8054027.89855835,-4503957.94159983,3631,22165,1331154,-72.3505636,-37.4638337,77,LOS ANGELES,1,4495,2021,1331154,REGION BIO BIO,8301,LOS ANGELES,GALVARINO,COLON,0,"GALVARINO & COLON, LOS ANGELES",CHILE,GEOMETRIC_CENTER,6317,2021,1331154,1,2021/02/02 00:00:00+00,1899/12/30 00:00:00+00,8,REGION BIO BIO,8301,LOS ANGELES,30,COLISION,30,COLISION,1,URBANA,14,CRUCE CON SEÑAL PARE,1,IMPRUDENCIA DEL CONDUCTOR,27,CONDUCCION NO ATENTO CONDICIONES TRANSITO MOMENTO,0,GALVARINO,0,COLON,COLON - GALVARINO,0, , , , ,2,0,1,UNIDIRECCIONAL,1,CONCRETO,1,BUENO,1,SECO,1,DESPEJADO,0,0,0,1,1
-8054027.89855835,-4503957.94159983,3632,22166,1379120,-72.3505636,-37.4638337,77,LOS ANGELES,1,38655,2021,1379120,REGION BIO BIO,8301,LOS ANGELES,COLON,GALVARINO,0,"COLON & GALVARINO, LOS ANGELES",CHILE,GEOMETRIC_CENTER,53114,2021,1379120,1,2021/09/13 00:00:00+00,1899/12/30 00:00:00+00,8,REGION BIO BIO,8301,LOS ANGELES,10,ATROPELLO,10,ATROPELLO,1,URBANA,1,TRAMO DE VIA RECTA,1,IMPRUDENCIA DEL CONDUCTOR,27,CONDUCCION NO ATENTO CONDICIONES TRANSITO MOMENTO,0,COLON,0,GALVARINO,COLON - GALVARINO,0, , , , ,1,0,1,UNIDIRECCIONAL,1,CONCRETO,1,BUENO,1,SECO,1,DESPEJADO,0,0,0,1,1
-8054027.89855835,-4503957.94159983,3633,22167,1394278,-72.3505636,-37.4638337,77,LOS ANGELES,1,48990,2021,1394278,REGION BIO BIO,8301,LOS ANGELES,COLON,GALVARINO,0,"COLON & GALVARINO, LOS ANGELES",CHILE,GEOMETRIC_CENTER,66790,2021,1394278,1,2021/11/08 00:00:00+00,1899/12/30 00:00:00+00,8,REGION BIO BIO,8301,LOS ANGELES,32,COLISION LATERAL,30,COLISION,1,URBANA,14,CRUCE CON SEÑAL PARE,10,DESOBEDIENCIA A SEÑALIZACION,65,SEÑALIZACION DESOBEDECER SEÑAL PARE,0,COLON,0,GALVARINO,COLON - GALVARINO,0, , , , ,1,0,1,UNIDIRECCIONAL,1,CONCRETO,2,REGULAR,1,SECO,1,DESPEJADO,0,0,0,1,1
-8054027.89855835,-4503957.94159983,3634,22168,1395070,-72.3505636,-37.4638337,77,LOS ANGELES,1,49903,2021,1395070,REGION BIO BIO,8301,LOS ANGELES,COLON,GALVARINO,0,"COLON & GALVARINO, LOS ANGELES",CHILE,GEOMETRIC_CENTER,67958,2021,1395070,1,2021/11/12 00:00:00+00,1899/12/30 00:00:00+00,8,REGION BIO BIO,8301,LOS ANGELES,32,COLISION LATERAL,30,COLISION,1,URBANA,14,CRUCE CON SEÑAL PARE,10,DESOBEDIENCIA A SEÑALIZACION,65,SEÑALIZACION DESOBEDECER SEÑAL PARE,0,COLON,0,GALVARINO,COLON - GALVARINO,0, , , , ,2,0,1,UNIDIRECCIONAL,1,CONCRETO,1,BUENO,1,SECO,2,NUBLADO,0,0,0,4,1
-8054185.61601291,-4503952.38781035,3635,22169,1377169,-72.3519804,-37.4637941,77,LOS ANGELES,1,37355,2021,1377169,REGION BIO BIO,8301,LOS ANGELES,VALDIVIA,GALVARINO,0,"VALDIVIA & GALVARINO, LOS ANGELES",CHILE,GEOMETRIC_CENTER,51364,2021,1377169,1,2021/09/06 00:00:00+00,1899/12/30 00:00:00+00,8,REGION BIO BIO,8301,LOS ANGELES,33,COLISION POR ALCANCE,30,COLISION,1,URBANA,14,CRUCE CON SEÑAL PARE,12,FALLAS MECANICAS,1,FALLAS MECANICAS FRENOS,0,VALDIVIA,0,GALVARINO,GALVARINO - VALDIVIA,0, , , , ,2,0,1,UNIDIRECCIONAL,1,CONCRETO,1,BUENO,3,MOJADO,3,LLUVIA,0,0,0,0,3
-8056707.00247938,-4503949.59689201,3636,22170,1340362,-72.3746304,-37.4637742,77,LOS ANGELES,1,11724,2021,1340362,REGION BIO BIO,8301,LOS ANGELES,LAGUNA DEL LAJA,BOMBERO FRANCISCO RIOSECO,0,"LAGUNA DEL LAJA & BOMBERO FRANCISCO RIOSECO, LOS ANGELES",CHILE,GEOMETRIC_CENTER,16233,2021,1340362,1,2021/03/24 00:00:00+00,1899/12/30 00:00:00+00,8,REGION BIO BIO,8301,LOS ANGELES,30,COLISION,30,COLISION,1,URBANA,11,CRUCE CON SEMAFORO FUNCIONANDO,1,IMPRUDENCIA DEL CONDUCTOR,27,CONDUCCION NO ATENTO CONDICIONES TRANSITO MOMENTO,0,LAGUNA DEL LAJA,0,BOMBERO FRANCISCO RIOSECO,BOMBERO FRANCISCO RIOSECO - LAGUNA DEL LAJA,0, , , , ,2,0,1,UNIDIRECCIONAL,1,CONCRETO,1,BUENO,1,SECO,1,DESPEJADO,0,0,0,0,2
-8051347.70370632,-4503946.2029119,3637,22171,1379094,-72.326487,-37.46375,77,LOS ANGELES,1,38399,2021,1379094,REGION BIO BIO,8301,LOS ANGELES,LAS INDUSTRIAS, ,1822,"LAS INDUSTRIAS 1822, LOS ANGELES",CHILE,RANGE_INTERPOLATED,52746,2021,1379094,1,2021/09/11 00:00:00+00,1899/12/30 00:00:00+00,8,REGION BIO BIO,8301,LOS ANGELES,32,COLISION LATERAL,30,COLISION,1,URBANA,1,TRAMO DE VIA RECTA,1,IMPRUDENCIA DEL CONDUCTOR,27,CONDUCCION NO ATENTO CONDICIONES TRANSITO MOMENTO,0,LAS INDUSTRIAS,0, ,- LAS INDUSTRIAS,1822, , , , ,1,1,2,BIDIRECCIONAL,1,CONCRETO,1,BUENO,1,SECO,3,LLUVIA,0,0,0,0,2
-8054540.86990388,-4503940.80340036,3638,22172,1331351,-72.3551717,-37.4637115,77,LOS ANGELES,1,5675,2021,1331351,REGION BIO BIO,8301,LOS ANGELES,ERCILLA,GALVARINO,0,"ERCILLA & GALVARINO, LOS ANGELES",CHILE,GEOMETRIC_CENTER,7917,2021,1331351,1,2021/02/11 00:00:00+00,1899/12/30 00:00:00+00,8,REGION BIO BIO,8301,LOS ANGELES,69,CHOQUE POSTERIOR/POSTERIOR,40,CHOQUE,1,URBANA,1,TRAMO DE VIA RECTA,1,IMPRUDENCIA DEL CONDUCTOR,27,CONDUCCION NO ATENTO CONDICIONES TRANSITO MOMENTO,0,ERCILLA,0,GALVARINO,ERCILLA - GALVARINO,0, , , , ,2,0,1,UNIDIRECCIONAL,1,CONCRETO,1,BUENO,1,SECO,1,DESPEJADO,0,0,0,0,2
-8054290.05595917,-4503932.52882963,3639,22173,1339929,-72.3529186,-37.4636525,77,LOS ANGELES,1,11031,2021,1339929,REGION BIO BIO,8301,LOS ANGELES,GALVARINO, ,483,"GALVARINO 483, LOS ANGELES",CHILE,RANGE_INTERPOLATED,15299,2021,1339929,1,2021/03/19 00:00:00+00,1899/12/30 00:00:00+00,8,REGION BIO BIO,8301,LOS ANGELES,63,CHOQUE FRENTE/POSTERIOR,40,CHOQUE,1,URBANA,1,TRAMO DE VIA RECTA,1,IMPRUDENCIA DEL CONDUCTOR,27,CONDUCCION NO ATENTO CONDICIONES TRANSITO MOMENTO,0,GALVARINO,0, ,- GALVARINO,483, , , , ,2,0,1,UNIDIRECCIONAL,1,CONCRETO,1,BUENO,1,SECO,1,DESPEJADO,0,0,0,0,2
-8056585.64197051,-4503911.28144487,3640,22174,1351308,-72.3735402,-37.463501,77,LOS ANGELES,1,18812,2021,1351308,REGION BIO BIO,8301,LOS ANGELES,BOMBERO FRANCISCO RIOSECO,LAGO LLEU LLEU,0,"BOMBERO FRANCISCO RIOSECO & LAGO LLEU LLEU, LOS ANGELES",CHILE,GEOMETRIC_CENTER,25867,2021,1351308,1,2021/05/19 00:00:00+00,1899/12/30 00:00:00+00,8,REGION BIO BIO,8301,LOS ANGELES,32,COLISION LATERAL,30,COLISION,1,URBANA,1,TRAMO DE VIA RECTA,1,IMPRUDENCIA DEL CONDUCTOR,27,CONDUCCION NO ATENTO CONDICIONES TRANSITO MOMENTO,0,BOMBERO FRANCISCO RIOSECO,0,LAGO LLEU LLEU,BOMBERO FRANCISCO RIOSECO - LAGO LLEU LLEU,0, , , , ,1,1,2,BIDIRECCIONAL,1,CONCRETO,1,BUENO,3,MOJADO,3,LLUVIA,0,0,0,0,2
-8053784.18679716,-4503907.69113197,3641,22175,1403155,-72.3483743,-37.4634754,77,LOS ANGELES,1,55692,2021,1403155,REGION BIO BIO,8301,LOS ANGELES,VILLAGRAN, ,840,"VILLAGRAN 840, LOS ANGELES",CHILE,RANGE_INTERPOLATED,75686,2021,1403155,1,2021/12/12 00:00:00+00,1899/12/30 00:00:00+00,8,REGION BIO BIO,8301,LOS ANGELES,51,CHOQUE FRONTAL,40,CHOQUE,1,URBANA,1,TRAMO DE VIA RECTA,8,DROGAS Y/O FATIGA EN CONDUCTOR,25,"CONDICIONES FISICAS DEFICIENTES (CANSANCIO, SUEÑO)",0,VILLAGRAN,0, ,- VILLAGRAN,840, , , , ,2,0,1,UNIDIRECCIONAL,2,ASFALTO,2,REGULAR,2,HUMEDO,4,LLOVIZNA,0,0,0,0,1