X,Y,FID,FID_1,LABELID,POINT_X,POINT_Y,FID_2,COMUNAREAL,VAL_COM,OBJECTID,A_O,IDACCIDENT,REGION,COD_COMUN,COMUNA,CALLE_UNO,CALLE_DOS,NUMERO,DIR_GEOCOD,PAIS,TIPO,OBJECTID_1,Año,Idaccide_1,Claseaccid,Fecha,Hora,Cód_Regi,Región,Cód_Comun,Comuna_1,Cód_Tipo_,Tipo_Accid,Cód_Tipo1,Tipo__CONA,Cód_Zona,Zona,Cód_Ubica,Ubicación,Cód_Causa,Causa__CON,Cód_Cau_1,Causa,Cód_Calle,Calle_Un_1,Cód_Cal_1,Calle_Do_1,Intersecci,Número,Ruta,Cód_Ruta,Ubicaci_1,Km_Vía_Fe,Pistas_de_,Pistas_de1,Cód_Calza,Calzada,Cód__Tipo,Tipo_Calza,Cód_Estad,Estado_Cal,Cód_Condi,Condición,Cód_Est_1,Estado_Atm,Fallecidos,Graves,Menos_Grav,Leves,Ilesos
-8054867.1250675,-4503891.63291154,3642,22176,1347563,-72.3581025,-37.4633609,77,LOS ANGELES,1,16813,2021,1347563,REGION BIO BIO,8301,LOS ANGELES,FORTUNATO DE LA MAZA,BOMBERO ABRAHAM RIOS,0,"FORTUNATO DE LA MAZA & BOMBERO ABRAHAM RIOS, LOS ANGELES",CHILE,GEOMETRIC_CENTER,23197,2021,1347563,1,2021/05/06 00:00:00+00,1899/12/30 00:00:00+00,8,REGION BIO BIO,8301,LOS ANGELES,10,ATROPELLO,10,ATROPELLO,1,URBANA,1,TRAMO DE VIA RECTA,1,IMPRUDENCIA DEL CONDUCTOR,27,CONDUCCION NO ATENTO CONDICIONES TRANSITO MOMENTO,0,FORTUNATO DE LA MAZA,0,BOMBERO ABRAHAM RIOS,BOMBERO ABRAHAM RIOS - FORTUNATO DE LA MAZA,0, , , , ,1,0,1,UNIDIRECCIONAL,2,ASFALTO,1,BUENO,1,SECO,1,DESPEJADO,0,1,0,0,1
-8056473.14249312,-4503885.70049222,3643,22177,1333478,-72.3725296,-37.4633186,77,LOS ANGELES,1,6875,2021,1333478,REGION BIO BIO,8301,LOS ANGELES,PADRE HURTADO,BOMBERO FRANCISCO RIOSECO,0,"PADRE HURTADO & BOMBERO FRANCISCO RIOSECO, LOS ANGELES",CHILE,GEOMETRIC_CENTER,9627,2021,1333478,1,2021/02/19 00:00:00+00,1899/12/30 00:00:00+00,8,REGION BIO BIO,8301,LOS ANGELES,10,ATROPELLO,10,ATROPELLO,1,URBANA,1,TRAMO DE VIA RECTA,5,ALCOHOL EN PEATON,54,EBRIEDAD DEL PEATON,0,PADRE HURTADO,0,BOMBERO FRANCISCO RIOSECO,BOMBERO FRANCISCO RIOSECO - PADRE HURTADO,0, , , , ,1,1,2,BIDIRECCIONAL,1,CONCRETO,1,BUENO,1,SECO,1,DESPEJADO,0,0,0,2,0
-8056473.14249312,-4503885.70049222,3644,22178,1369741,-72.3725296,-37.4633186,77,LOS ANGELES,1,32144,2021,1369741,REGION BIO BIO,8301,LOS ANGELES,PADRE HURTADO,BOMBERO FRANCISCO RIOSECO,0,"PADRE HURTADO & BOMBERO FRANCISCO RIOSECO, LOS ANGELES",CHILE,GEOMETRIC_CENTER,44357,2021,1369741,1,2021/08/08 00:00:00+00,1899/12/30 00:00:00+00,8,REGION BIO BIO,8301,LOS ANGELES,53,CHOQUE POSTERIOR,40,CHOQUE,1,URBANA,11,CRUCE CON SEMAFORO FUNCIONANDO,4,ALCOHOL EN CONDUCTOR,24,CONDUCCION EN ESTADO DE EBRIEDAD,0,PADRE HURTADO,0,BOMBERO FRANCISCO RIOSECO,BOMBERO FRANCISCO RIOSECO - PADRE HURTADO,0, , , , ,2,2,3,BIDIRECCIONAL CON BANDEJON,1,CONCRETO,1,BUENO,1,SECO,2,NUBLADO,0,0,0,0,2
-8054186.09468672,-4503875.96740492,3645,22179,1372454,-72.3519847,-37.4632492,77,LOS ANGELES,1,33839,2021,1372454,REGION BIO BIO,8301,LOS ANGELES,VALDIVIA, ,846,"VALDIVIA 846, LOS ANGELES",CHILE,RANGE_INTERPOLATED,46675,2021,1372454,1,2021/08/17 00:00:00+00,1899/12/30 00:00:00+00,8,REGION BIO BIO,8301,LOS ANGELES,63,CHOQUE FRENTE/POSTERIOR,40,CHOQUE,1,URBANA,1,TRAMO DE VIA RECTA,1,IMPRUDENCIA DEL CONDUCTOR,27,CONDUCCION NO ATENTO CONDICIONES TRANSITO MOMENTO,0,VALDIVIA,0, ,- VALDIVIA,846, , , , ,2,0,1,UNIDIRECCIONAL,1,CONCRETO,1,BUENO,3,MOJADO,3,LLUVIA,0,0,0,0,1
-8056300.51935874,-4503860.63851196,3646,22180,1358862,-72.3709789,-37.4631399,77,LOS ANGELES,1,23865,2021,1358862,REGION BIO BIO,8301,LOS ANGELES,BOMBERO FRANCISCO RIOSECO,LAGO CHAPO,0,"BOMBERO FRANCISCO RIOSECO & LAGO CHAPO, LOS ANGELES",CHILE,GEOMETRIC_CENTER,32883,2021,1358862,1,2021/06/19 00:00:00+00,1899/12/30 00:00:00+00,8,REGION BIO BIO,8301,LOS ANGELES,33,COLISION POR ALCANCE,30,COLISION,1,URBANA,1,TRAMO DE VIA RECTA,1,IMPRUDENCIA DEL CONDUCTOR,27,CONDUCCION NO ATENTO CONDICIONES TRANSITO MOMENTO,0,BOMBERO FRANCISCO RIOSECO,0,LAGO CHAPO,BOMBERO FRANCISCO RIOSECO - LAGO CHAPO,0, , , , ,1,1,2,BIDIRECCIONAL,2,ASFALTO,2,REGULAR,2,HUMEDO,1,DESPEJADO,0,0,0,0,3
-8056241.2417299,-4503852.68656992,3647,22181,1374154,-72.3704464,-37.4630832,77,LOS ANGELES,1,34371,2021,1374154,REGION BIO BIO,8301,LOS ANGELES,CERRO MANQUEHUE, ,1547,"CERRO MANQUEHUE 1547, LOS ANGELES",CHILE,RANGE_INTERPOLATED,47374,2021,1374154,1,2021/08/20 00:00:00+00,1899/12/30 00:00:00+00,8,REGION BIO BIO,8301,LOS ANGELES,63,CHOQUE FRENTE/POSTERIOR,40,CHOQUE,1,URBANA,1,TRAMO DE VIA RECTA,4,ALCOHOL EN CONDUCTOR,24,CONDUCCION EN ESTADO DE EBRIEDAD,0,CERRO MANQUEHUE,0, ,- CERRO MANQUEHUE,1547, , , , ,1,0,1,UNIDIRECCIONAL,1,CONCRETO,1,BUENO,2,HUMEDO,3,LLUVIA,0,0,0,0,2
-8059867.3850869,-4503850.21824345,3648,22182,1330609,-72.4030206,-37.4630656,77,LOS ANGELES,1,4819,2021,1330609,REGION BIO BIO,8301,LOS ANGELES,BAILE CHILENO, ,771,"BAILE CHILENO 771, LOS ANGELES",CHILE,RANGE_INTERPOLATED,6739,2021,1330609,1,2021/02/04 00:00:00+00,1899/12/30 00:00:00+00,8,REGION BIO BIO,8301,LOS ANGELES,69,CHOQUE POSTERIOR/POSTERIOR,40,CHOQUE,1,URBANA,1,TRAMO DE VIA RECTA,1,IMPRUDENCIA DEL CONDUCTOR,27,CONDUCCION NO ATENTO CONDICIONES TRANSITO MOMENTO,0,BAILE CHILENO,0, ,- BAILE CHILENO,771, , , , ,2,0,1,UNIDIRECCIONAL,4,MIXTO,2,REGULAR,1,SECO,1,DESPEJADO,0,0,0,0,2
-8055033.72581742,-4503849.7554323,3649,22183,1360287,-72.3595991,-37.4630623,77,LOS ANGELES,1,25547,2021,1360287,REGION BIO BIO,8301,LOS ANGELES,BOMBERO FRANCISCO RIOSECO, ,852,"BOMBERO FRANCISCO RIOSECO 852, LOS ANGELES",CHILE,RANGE_INTERPOLATED,35281,2021,1360287,1,2021/07/01 00:00:00+00,1899/12/30 00:00:00+00,8,REGION BIO BIO,8301,LOS ANGELES,10,ATROPELLO,10,ATROPELLO,1,URBANA,1,TRAMO DE VIA RECTA,2,IMPRUDENCIA DEL PEATON,52,PEATON CRUZA CALZADA FORMA SORPRESIVA O DESCUIDADA,0,BOMBERO FRANCISCO RIOSECO,0, ,- BOMBERO FRANCISCO RIOSECO,852, , , , ,1,1,2,BIDIRECCIONAL,2,ASFALTO,2,REGULAR,3,MOJADO,3,LLUVIA,0,1,0,0,1
-8055888.99346518,-4503848.84383465,3650,22184,1351986,-72.3672821,-37.4630558,77,LOS ANGELES,1,19638,2021,1351986,REGION BIO BIO,8301,LOS ANGELES,LAS AZALEAS,BOMBERO FRANCISCO RIOSECO,0,"LAS AZALEAS & BOMBERO FRANCISCO RIOSECO, LOS ANGELES",CHILE,GEOMETRIC_CENTER,27035,2021,1351986,1,2021/05/24 00:00:00+00,1899/12/30 00:00:00+00,8,REGION BIO BIO,8301,LOS ANGELES,32,COLISION LATERAL,30,COLISION,1,URBANA,11,CRUCE CON SEMAFORO FUNCIONANDO,1,IMPRUDENCIA DEL CONDUCTOR,27,CONDUCCION NO ATENTO CONDICIONES TRANSITO MOMENTO,0,LAS AZALEAS,0,BOMBERO FRANCISCO RIOSECO,BOMBERO FRANCISCO RIOSECO - LAS AZALEAS,0, , , , ,2,0,1,UNIDIRECCIONAL,2,ASFALTO,1,BUENO,1,SECO,1,DESPEJADO,0,0,0,1,1
-8055888.99346518,-4503848.84383465,3651,22185,1359406,-72.3672821,-37.4630558,77,LOS ANGELES,1,24768,2021,1359406,REGION BIO BIO,8301,LOS ANGELES,BOMBERO FRANCISCO RIOSECO,LAS AZALEAS,0,"BOMBERO FRANCISCO RIOSECO & LAS AZALEAS, LOS ANGELES",CHILE,GEOMETRIC_CENTER,34141,2021,1359406,1,2021/06/25 00:00:00+00,1899/12/30 00:00:00+00,8,REGION BIO BIO,8301,LOS ANGELES,31,COLISION FRONTAL,30,COLISION,1,URBANA,11,CRUCE CON SEMAFORO FUNCIONANDO,1,IMPRUDENCIA DEL CONDUCTOR,32,NO RESPETAR DERECHO PREFERENTE DE PASO A VEHICULO,0,BOMBERO FRANCISCO RIOSECO,0,LAS AZALEAS,BOMBERO FRANCISCO RIOSECO - LAS AZALEAS,0, , , , ,2,0,1,UNIDIRECCIONAL,2,ASFALTO,1,BUENO,2,HUMEDO,1,DESPEJADO,0,0,0,1,1
-8055582.85373355,-4503844.369995,3652,22186,1345650,-72.364532,-37.4630239,77,LOS ANGELES,1,15327,2021,1345650,REGION BIO BIO,8301,LOS ANGELES,BOMBERO FRANCISCO RIOSECO,LAS FUCSIAS,0,"BOMBERO FRANCISCO RIOSECO & LAS FUCSIAS, LOS ANGELES",CHILE,GEOMETRIC_CENTER,21122,2021,1345650,1,2021/04/24 00:00:00+00,1899/12/30 00:00:00+00,8,REGION BIO BIO,8301,LOS ANGELES,65,CHOQUE LADO/LADO,40,CHOQUE,1,URBANA,1,TRAMO DE VIA RECTA,1,IMPRUDENCIA DEL CONDUCTOR,27,CONDUCCION NO ATENTO CONDICIONES TRANSITO MOMENTO,0,BOMBERO FRANCISCO RIOSECO,0,LAS FUCSIAS,BOMBERO FRANCISCO RIOSECO - LAS FUCSIAS,0, , , , ,2,1,3,BIDIRECCIONAL CON BANDEJON,1,CONCRETO,1,BUENO,1,SECO,1,DESPEJADO,0,0,1,0,1
-8052869.19624258,-4503838.6058972,3653,22187,1390197,-72.3401548,-37.4629828,77,LOS ANGELES,1,45917,2021,1390197,REGION BIO BIO,8301,LOS ANGELES,MARCONI,COSTANERA QUILQUE,0,"MARCONI & COSTANERA QUILQUE, LOS ANGELES",CHILE,GEOMETRIC_CENTER,62724,2021,1390197,1,2021/10/22 00:00:00+00,1899/12/30 00:00:00+00,8,REGION BIO BIO,8301,LOS ANGELES,63,CHOQUE FRENTE/POSTERIOR,40,CHOQUE,1,URBANA,11,CRUCE CON SEMAFORO FUNCIONANDO,13,CAUSAS NO DETERMINADAS,97,CAUSAS NO DETERMINADAS,0,MARCONI,0,COSTANERA QUILQUE,COSTANERA QUILQUE - MARCONI,0, , , , ,2,2,2,BIDIRECCIONAL,1,CONCRETO,1,BUENO,1,SECO,1,DESPEJADO,0,0,0,0,2
-8057009.69130679,-4503825.11427435,3654,22188,1383691,-72.3773495,-37.4628866,77,LOS ANGELES,1,41980,2021,1383691,REGION BIO BIO,8301,LOS ANGELES,NELTUME,PROFESOR EURELIO VALENZUELA,0,"NELTUME & PROFESOR EURELIO VALENZUELA, LOS ANGELES",CHILE,GEOMETRIC_CENTER,57496,2021,1383691,1,2021/10/02 00:00:00+00,1899/12/30 00:00:00+00,8,REGION BIO BIO,8301,LOS ANGELES,51,CHOQUE FRONTAL,40,CHOQUE,1,URBANA,1,TRAMO DE VIA RECTA,4,ALCOHOL EN CONDUCTOR,24,CONDUCCION EN ESTADO DE EBRIEDAD,0,NELTUME,0,PROFESOR EURELIO VALENZUELA,NELTUME - PROFESOR EURELIO VALENZUELA,0, , , , ,1,0,1,UNIDIRECCIONAL,4,MIXTO,2,REGULAR,2,HUMEDO,2,NUBLADO,0,0,0,0,1
-8053767.70038057,-4503816.85381945,3655,22189,1339937,-72.3482262,-37.4628277,77,LOS ANGELES,1,11090,2021,1339937,REGION BIO BIO,8301,LOS ANGELES,VILLAGRAN,JANEQUEO,0,"VILLAGRAN & JANEQUEO, LOS ANGELES",CHILE,GEOMETRIC_CENTER,15375,2021,1339937,1,2021/03/19 00:00:00+00,1899/12/30 00:00:00+00,8,REGION BIO BIO,8301,LOS ANGELES,32,COLISION LATERAL,30,COLISION,1,URBANA,1,TRAMO DE VIA RECTA,1,IMPRUDENCIA DEL CONDUCTOR,27,CONDUCCION NO ATENTO CONDICIONES TRANSITO MOMENTO,0,VILLAGRAN,0,JANEQUEO,JANEQUEO - VILLAGRAN,0, , , , ,2,0,1,UNIDIRECCIONAL,1,CONCRETO,1,BUENO,1,SECO,1,DESPEJADO,0,0,0,1,1
-8053933.25472728,-4503807.96226745,3656,22190,1355607,-72.3497134,-37.4627643,77,LOS ANGELES,1,22849,2021,1355607,REGION BIO BIO,8301,LOS ANGELES,LOS CARRERA,NUEVA ESPERANZA,0,"LOS CARRERA & NUEVA ESPERANZA, LOS ANGELES",CHILE,GEOMETRIC_CENTER,31484,2021,1355607,1,2021/06/13 00:00:00+00,1899/12/30 00:00:00+00,8,REGION BIO BIO,8301,LOS ANGELES,33,COLISION POR ALCANCE,30,COLISION,1,URBANA,14,CRUCE CON SEÑAL PARE,1,IMPRUDENCIA DEL CONDUCTOR,27,CONDUCCION NO ATENTO CONDICIONES TRANSITO MOMENTO,0,LOS CARRERA,0,NUEVA ESPERANZA,LOS CARRERA - NUEVA ESPERANZA,0, , , , ,2,0,1,UNIDIRECCIONAL,2,ASFALTO,1,BUENO,2,HUMEDO,2,NUBLADO,0,0,0,1,1
-8056479.15374562,-4503807.16286962,3657,22191,1391468,-72.3725836,-37.4627586,77,LOS ANGELES,1,47225,2021,1391468,REGION BIO BIO,8301,LOS ANGELES,LAGO CHUNGARA,PADRE HURTADO,0,"LAGO CHUNGARA & PADRE HURTADO, LOS ANGELES",CHILE,GEOMETRIC_CENTER,64410,2021,1391468,1,2021/10/29 00:00:00+00,1899/12/30 00:00:00+00,8,REGION BIO BIO,8301,LOS ANGELES,10,ATROPELLO,10,ATROPELLO,1,URBANA,14,CRUCE CON SEÑAL PARE,1,IMPRUDENCIA DEL CONDUCTOR,27,CONDUCCION NO ATENTO CONDICIONES TRANSITO MOMENTO,0,LAGO CHUNGARA,0,PADRE HURTADO,LAGO CHUNGARA - PADRE HURTADO,0, , , , ,1,1,2,BIDIRECCIONAL,2,ASFALTO,1,BUENO,1,SECO,1,DESPEJADO,0,1,0,0,1
-8049677.87794857,-4503801.18842454,3658,22192,1333611,-72.3114867,-37.462716,77,LOS ANGELES,1,6803,2021,1333611,REGION BIO BIO,8301,LOS ANGELES,PADRE HURTADO,OROMPELLO,0,"PADRE HURTADO & OROMPELLO, LOS ANGELES",CHILE,GEOMETRIC_CENTER,9528,2021,1333611,1,2021/02/19 00:00:00+00,1899/12/30 00:00:00+00,8,REGION BIO BIO,8301,LOS ANGELES,33,COLISION POR ALCANCE,30,COLISION,1,URBANA,11,CRUCE CON SEMAFORO FUNCIONANDO,1,IMPRUDENCIA DEL CONDUCTOR,27,CONDUCCION NO ATENTO CONDICIONES TRANSITO MOMENTO,0,PADRE HURTADO,0,OROMPELLO,OROMPELLO - PADRE HURTADO,0, , , , ,1,1,2,BIDIRECCIONAL,1,CONCRETO,1,BUENO,1,SECO,1,DESPEJADO,0,0,0,1,3
-8049677.87794857,-4503801.18842454,3659,22193,1339950,-72.3114867,-37.462716,77,LOS ANGELES,1,11047,2021,1339950,REGION BIO BIO,8301,LOS ANGELES,OROMPELLO,PADRE HURTADO,0,"OROMPELLO & PADRE HURTADO, LOS ANGELES",CHILE,GEOMETRIC_CENTER,15322,2021,1339950,1,2021/03/19 00:00:00+00,1899/12/30 00:00:00+00,8,REGION BIO BIO,8301,LOS ANGELES,63,CHOQUE FRENTE/POSTERIOR,40,CHOQUE,1,URBANA,1,TRAMO DE VIA RECTA,1,IMPRUDENCIA DEL CONDUCTOR,27,CONDUCCION NO ATENTO CONDICIONES TRANSITO MOMENTO,0,OROMPELLO,0,PADRE HURTADO,OROMPELLO - PADRE HURTADO,0, , , , ,2,2,2,BIDIRECCIONAL,2,ASFALTO,1,BUENO,1,SECO,1,DESPEJADO,0,0,0,0,2
-8049677.87794857,-4503801.18842454,3660,22194,1344718,-72.3114867,-37.462716,77,LOS ANGELES,1,14565,2021,1344718,REGION BIO BIO,8301,LOS ANGELES,PADRE HURTADO,OROMPELLO,0,"PADRE HURTADO & OROMPELLO, LOS ANGELES",CHILE,GEOMETRIC_CENTER,20080,2021,1344718,1,2021/04/19 00:00:00+00,1899/12/30 00:00:00+00,8,REGION BIO BIO,8301,LOS ANGELES,67,CHOQUE POSTERIOR/FRENTE,40,CHOQUE,1,URBANA,1,TRAMO DE VIA RECTA,1,IMPRUDENCIA DEL CONDUCTOR,27,CONDUCCION NO ATENTO CONDICIONES TRANSITO MOMENTO,0,PADRE HURTADO,0,OROMPELLO,OROMPELLO - PADRE HURTADO,0, , , , ,2,0,1,UNIDIRECCIONAL,1,CONCRETO,1,BUENO,1,SECO,1,DESPEJADO,0,0,0,0,2
-8049677.87794857,-4503801.18842454,3661,22195,1348162,-72.3114867,-37.462716,77,LOS ANGELES,1,17382,2021,1348162,REGION BIO BIO,8301,LOS ANGELES,PADRE HURTADO,DEL CASTRO,0,"PADRE HURTADO & DEL CASTRO, LOS ANGELES",CHILE,GEOMETRIC_CENTER,23962,2021,1348162,1,2021/05/10 00:00:00+00,1899/12/30 00:00:00+00,8,REGION BIO BIO,8301,LOS ANGELES,32,COLISION LATERAL,30,COLISION,1,URBANA,1,TRAMO DE VIA RECTA,1,IMPRUDENCIA DEL CONDUCTOR,29,CONDUCCION CAMBIAR SORPRESIVAMENTE PISTA CIRCULACION,0,PADRE HURTADO,0,DEL CASTRO,DEL CASTRO - PADRE HURTADO,0, , , , ,2,2,3,BIDIRECCIONAL CON BANDEJON,1,CONCRETO,1,BUENO,1,SECO,1,DESPEJADO,0,0,0,1,1
-8049677.87794857,-4503801.18842454,3662,22196,1370402,-72.3114867,-37.462716,77,LOS ANGELES,1,32299,2021,1370402,REGION BIO BIO,8301,LOS ANGELES,OROMPELLO,PADRE HURTADO,0,"OROMPELLO & PADRE HURTADO, LOS ANGELES",CHILE,GEOMETRIC_CENTER,44571,2021,1370402,1,2021/08/09 00:00:00+00,1899/12/30 00:00:00+00,8,REGION BIO BIO,8301,LOS ANGELES,68,CHOQUE POSTERIOR/LADO,40,CHOQUE,1,URBANA,11,CRUCE CON SEMAFORO FUNCIONANDO,1,IMPRUDENCIA DEL CONDUCTOR,27,CONDUCCION NO ATENTO CONDICIONES TRANSITO MOMENTO,0,OROMPELLO,0,PADRE HURTADO,OROMPELLO - PADRE HURTADO,0, , , , ,2,2,2,BIDIRECCIONAL,2,ASFALTO,1,BUENO,1,SECO,1,DESPEJADO,0,0,0,0,2
-8049677.87794857,-4503801.18842454,3663,22197,1373056,-72.3114867,-37.462716,77,LOS ANGELES,1,34196,2021,1373056,REGION BIO BIO,8301,LOS ANGELES,PADRE HURTADO,OROMPELLO,0,"PADRE HURTADO & OROMPELLO, LOS ANGELES",CHILE,GEOMETRIC_CENTER,47143,2021,1373056,1,2021/08/19 00:00:00+00,1899/12/30 00:00:00+00,8,REGION BIO BIO,8301,LOS ANGELES,30,COLISION,30,COLISION,1,URBANA,11,CRUCE CON SEMAFORO FUNCIONANDO,1,IMPRUDENCIA DEL CONDUCTOR,27,CONDUCCION NO ATENTO CONDICIONES TRANSITO MOMENTO,0,PADRE HURTADO,0,OROMPELLO,OROMPELLO - PADRE HURTADO,0, , , , ,2,2,2,BIDIRECCIONAL,2,ASFALTO,2,REGULAR,3,MOJADO,3,LLUVIA,0,0,0,0,2
-8049677.87794857,-4503801.18842454,3664,22198,1385771,-72.3114867,-37.462716,77,LOS ANGELES,1,42962,2021,1385771,REGION BIO BIO,8301,LOS ANGELES,PADRE HURTADO,OROMPELLO,0,"PADRE HURTADO & OROMPELLO, LOS ANGELES",CHILE,GEOMETRIC_CENTER,58797,2021,1385771,1,2021/10/07 00:00:00+00,1899/12/30 00:00:00+00,8,REGION BIO BIO,8301,LOS ANGELES,50,CHOQUE,40,CHOQUE,1,URBANA,1,TRAMO DE VIA RECTA,13,CAUSAS NO DETERMINADAS,97,CAUSAS NO DETERMINADAS,0,PADRE HURTADO,0,OROMPELLO,OROMPELLO - PADRE HURTADO,0, , , , ,2,0,1,UNIDIRECCIONAL,1,CONCRETO,1,BUENO,1,SECO,1,DESPEJADO,0,0,0,0,1
-8049677.87794857,-4503801.18842454,3665,22199,1394306,-72.3114867,-37.462716,77,LOS ANGELES,1,49019,2021,1394306,REGION BIO BIO,8301,LOS ANGELES,PADRE HURTADO,OROMPELLO,0,"PADRE HURTADO & OROMPELLO, LOS ANGELES",CHILE,GEOMETRIC_CENTER,66822,2021,1394306,1,2021/11/08 00:00:00+00,1899/12/30 00:00:00+00,8,REGION BIO BIO,8301,LOS ANGELES,32,COLISION LATERAL,30,COLISION,1,URBANA,11,CRUCE CON SEMAFORO FUNCIONANDO,1,IMPRUDENCIA DEL CONDUCTOR,27,CONDUCCION NO ATENTO CONDICIONES TRANSITO MOMENTO,0,PADRE HURTADO,0,OROMPELLO,OROMPELLO - PADRE HURTADO,0, , , , ,1,1,2,BIDIRECCIONAL,1,CONCRETO,1,BUENO,1,SECO,1,DESPEJADO,0,0,0,1,1
-8049677.87794857,-4503801.18842454,3666,22200,1394302,-72.3114867,-37.462716,77,LOS ANGELES,1,49050,2021,1394302,REGION BIO BIO,8301,LOS ANGELES,PADRE HURTADO,OROMPELLO,0,"PADRE HURTADO & OROMPELLO, LOS ANGELES",CHILE,GEOMETRIC_CENTER,66858,2021,1394302,1,2021/11/08 00:00:00+00,1899/12/30 00:00:00+00,8,REGION BIO BIO,8301,LOS ANGELES,32,COLISION LATERAL,30,COLISION,1,URBANA,11,CRUCE CON SEMAFORO FUNCIONANDO,1,IMPRUDENCIA DEL CONDUCTOR,27,CONDUCCION NO ATENTO CONDICIONES TRANSITO MOMENTO,0,PADRE HURTADO,0,OROMPELLO,OROMPELLO - PADRE HURTADO,0, , , , ,1,0,1,UNIDIRECCIONAL,1,CONCRETO,1,BUENO,1,SECO,1,DESPEJADO,0,0,0,0,2
-8049677.87794857,-4503801.18842454,3667,22201,1408404,-72.3114867,-37.462716,77,LOS ANGELES,1,58975,2021,1408404,REGION BIO BIO,8301,LOS ANGELES,PADRE HURTADO,OROMPELLO,0,"PADRE HURTADO & OROMPELLO, LOS ANGELES",CHILE,GEOMETRIC_CENTER,80143,2021,1408404,1,2021/12/29 00:00:00+00,1899/12/30 00:00:00+00,8,REGION BIO BIO,8301,LOS ANGELES,30,COLISION,30,COLISION,1,URBANA,11,CRUCE CON SEMAFORO FUNCIONANDO,1,IMPRUDENCIA DEL CONDUCTOR,27,CONDUCCION NO ATENTO CONDICIONES TRANSITO MOMENTO,0,PADRE HURTADO,0,OROMPELLO,OROMPELLO - PADRE HURTADO,0, , , , ,2,2,3,BIDIRECCIONAL CON BANDEJON,1,CONCRETO,1,BUENO,1,SECO,2,NUBLADO,0,0,0,0,2
-8053893.31329398,-4503799.71585058,3668,22202,1331941,-72.3493546,-37.4627055,77,LOS ANGELES,1,5779,2021,1331941,REGION BIO BIO,8301,LOS ANGELES,JANEQUEO,ALMAGRO,0,"JANEQUEO & ALMAGRO, LOS ANGELES",CHILE,GEOMETRIC_CENTER,8072,2021,1331941,1,2021/02/12 00:00:00+00,1899/12/30 00:00:00+00,8,REGION BIO BIO,8301,LOS ANGELES,32,COLISION LATERAL,30,COLISION,1,URBANA,1,TRAMO DE VIA RECTA,10,DESOBEDIENCIA A SEÑALIZACION,65,SEÑALIZACION DESOBEDECER SEÑAL PARE,0,JANEQUEO,0,ALMAGRO,ALMAGRO - JANEQUEO,0, , , , ,2,0,1,UNIDIRECCIONAL,1,CONCRETO,2,REGULAR,1,SECO,2,NUBLADO,0,0,0,2,2
-8053893.31329398,-4503799.71585058,3669,22203,1371219,-72.3493546,-37.4627055,77,LOS ANGELES,1,33169,2021,1371219,REGION BIO BIO,8301,LOS ANGELES,ALMAGRO,JANEQUEO,0,"ALMAGRO & JANEQUEO, LOS ANGELES",CHILE,GEOMETRIC_CENTER,45730,2021,1371219,1,2021/08/13 00:00:00+00,1899/12/30 00:00:00+00,8,REGION BIO BIO,8301,LOS ANGELES,32,COLISION LATERAL,30,COLISION,1,URBANA,14,CRUCE CON SEÑAL PARE,10,DESOBEDIENCIA A SEÑALIZACION,65,SEÑALIZACION DESOBEDECER SEÑAL PARE,0,ALMAGRO,0,JANEQUEO,ALMAGRO - JANEQUEO,0, , , , ,2,0,1,UNIDIRECCIONAL,1,CONCRETO,1,BUENO,1,SECO,2,NUBLADO,0,1,0,0,1
-8052854.00113209,-4503789.15539762,3670,22204,1378821,-72.3400183,-37.4626302,77,LOS ANGELES,1,38220,2021,1378821,REGION BIO BIO,8301,LOS ANGELES,MARCONI, ,725,"MARCONI 725, LOS ANGELES",CHILE,RANGE_INTERPOLATED,52491,2021,1378821,1,2021/09/11 00:00:00+00,1899/12/30 00:00:00+00,8,REGION BIO BIO,8301,LOS ANGELES,52,CHOQUE LATERAL,40,CHOQUE,1,URBANA,1,TRAMO DE VIA RECTA,9,PERDIDA CONTROL VEHICULO,95,PERDIDA CONTROL VEHICULO,0,MARCONI,0, ,- MARCONI,725, , , , ,2,0,1,UNIDIRECCIONAL,1,CONCRETO,1,BUENO,1,SECO,2,NUBLADO,0,0,0,0,1
-8055195.19473881,-4503783.81206491,3671,22205,1328164,-72.3610496,-37.4625921,77,LOS ANGELES,1,3333,2021,1328164,REGION BIO BIO,8301,LOS ANGELES,OROMPELLO,MANUEL RODRIGUEZ,0,"OROMPELLO & MANUEL RODRIGUEZ, LOS ANGELES",CHILE,GEOMETRIC_CENTER,4580,2021,1328164,1,2021/01/24 00:00:00+00,1899/12/30 00:00:00+00,8,REGION BIO BIO,8301,LOS ANGELES,63,CHOQUE FRENTE/POSTERIOR,40,CHOQUE,1,URBANA,11,CRUCE CON SEMAFORO FUNCIONANDO,4,ALCOHOL EN CONDUCTOR,24,CONDUCCION EN ESTADO DE EBRIEDAD,0,OROMPELLO,0,MANUEL RODRIGUEZ,MANUEL RODRIGUEZ - OROMPELLO,0, , , , ,2,0,1,UNIDIRECCIONAL,2,ASFALTO,1,BUENO,1,SECO,1,DESPEJADO,0,0,0,1,1