X,Y,FID,FID_1,LABELID,POINT_X,POINT_Y,FID_2,COMUNAREAL,VAL_COM,OBJECTID,A_O,IDACCIDENT,REGION,COD_COMUN,COMUNA,CALLE_UNO,CALLE_DOS,NUMERO,DIR_GEOCOD,PAIS,TIPO,OBJECTID_1,Año,Idaccide_1,Claseaccid,Fecha,Hora,Cód_Regi,Región,Cód_Comun,Comuna_1,Cód_Tipo_,Tipo_Accid,Cód_Tipo1,Tipo__CONA,Cód_Zona,Zona,Cód_Ubica,Ubicación,Cód_Causa,Causa__CON,Cód_Cau_1,Causa,Cód_Calle,Calle_Un_1,Cód_Cal_1,Calle_Do_1,Intersecci,Número,Ruta,Cód_Ruta,Ubicaci_1,Km_Vía_Fe,Pistas_de_,Pistas_de1,Cód_Calza,Calzada,Cód__Tipo,Tipo_Calza,Cód_Estad,Estado_Cal,Cód_Condi,Condición,Cód_Est_1,Estado_Atm,Fallecidos,Graves,Menos_Grav,Leves,Ilesos
-8054015.15247666,-4503780.99314245,3672,22206,1363124,-72.3504491,-37.462572,77,LOS ANGELES,1,27286,2021,1363124,REGION BIO BIO,8301,LOS ANGELES,COLON,JANEQUEO,0,"COLON & JANEQUEO, LOS ANGELES",CHILE,GEOMETRIC_CENTER,37636,2021,1363124,1,2021/07/11 00:00:00+00,1899/12/30 00:00:00+00,8,REGION BIO BIO,8301,LOS ANGELES,32,COLISION LATERAL,30,COLISION,1,URBANA,15,CRUCE CON SEÑAL CEDA EL PASO,10,DESOBEDIENCIA A SEÑALIZACION,64,SEÑALIZACION DESOBEDECER SEÑAL CEDA EL PASO,0,COLON,0,JANEQUEO,COLON - JANEQUEO,0, , , , ,2,0,1,UNIDIRECCIONAL,1,CONCRETO,1,BUENO,1,SECO,1,DESPEJADO,0,0,0,0,2
-8054171.61202097,-4503764.59852886,3673,22207,1368060,-72.3518546,-37.4624551,77,LOS ANGELES,1,30653,2021,1368060,REGION BIO BIO,8301,LOS ANGELES,VALDIVIA,JANAQUEO,0,"VALDIVIA & JANAQUEO, LOS ANGELES",CHILE,GEOMETRIC_CENTER,42388,2021,1368060,1,2021/07/31 00:00:00+00,1899/12/30 00:00:00+00,8,REGION BIO BIO,8301,LOS ANGELES,30,COLISION,30,COLISION,1,URBANA,1,TRAMO DE VIA RECTA,1,IMPRUDENCIA DEL CONDUCTOR,27,CONDUCCION NO ATENTO CONDICIONES TRANSITO MOMENTO,0,VALDIVIA,0,JANAQUEO,JANAQUEO - VALDIVIA,0, , , , ,1,1,2,BIDIRECCIONAL,1,CONCRETO,1,BUENO,1,SECO,1,DESPEJADO,0,0,0,0,2
-8054171.61202097,-4503764.59852886,3674,22208,1399236,-72.3518546,-37.4624551,77,LOS ANGELES,1,53030,2021,1399236,REGION BIO BIO,8301,LOS ANGELES,VALDIVIA,JANEQUEO,0,"VALDIVIA & JANEQUEO, LOS ANGELES",CHILE,GEOMETRIC_CENTER,72085,2021,1399236,1,2021/11/28 00:00:00+00,1899/12/30 00:00:00+00,8,REGION BIO BIO,8301,LOS ANGELES,31,COLISION FRONTAL,30,COLISION,1,URBANA,11,CRUCE CON SEMAFORO FUNCIONANDO,1,IMPRUDENCIA DEL CONDUCTOR,27,CONDUCCION NO ATENTO CONDICIONES TRANSITO MOMENTO,0,VALDIVIA,0,JANEQUEO,JANEQUEO - VALDIVIA,0, , , , ,2,0,1,UNIDIRECCIONAL,1,CONCRETO,1,BUENO,1,SECO,1,DESPEJADO,0,0,0,2,1
-8054171.61202097,-4503764.59852886,3675,22209,1400242,-72.3518546,-37.4624551,77,LOS ANGELES,1,53607,2021,1400242,REGION BIO BIO,8301,LOS ANGELES,VALDIVIA,JANEQUEO,0,"VALDIVIA & JANEQUEO, LOS ANGELES",CHILE,GEOMETRIC_CENTER,72853,2021,1400242,1,2021/12/01 00:00:00+00,1899/12/30 00:00:00+00,8,REGION BIO BIO,8301,LOS ANGELES,66,CHOQUE LADO/POSTERIOR,40,CHOQUE,1,URBANA,1,TRAMO DE VIA RECTA,1,IMPRUDENCIA DEL CONDUCTOR,27,CONDUCCION NO ATENTO CONDICIONES TRANSITO MOMENTO,0,VALDIVIA,0,JANEQUEO,JANEQUEO - VALDIVIA,0, , , , ,2,0,1,UNIDIRECCIONAL,1,CONCRETO,1,BUENO,1,SECO,1,DESPEJADO,0,0,0,0,2
-8054532.30943504,-4503726.60631924,3676,22210,1361528,-72.3550948,-37.4621842,77,LOS ANGELES,1,25959,2021,1361528,REGION BIO BIO,8301,LOS ANGELES,ERCILLA,JANEQUEO,0,"ERCILLA & JANEQUEO, LOS ANGELES",CHILE,GEOMETRIC_CENTER,35828,2021,1361528,1,2021/07/04 00:00:00+00,1899/12/30 00:00:00+00,8,REGION BIO BIO,8301,LOS ANGELES,32,COLISION LATERAL,30,COLISION,1,URBANA,11,CRUCE CON SEMAFORO FUNCIONANDO,1,IMPRUDENCIA DEL CONDUCTOR,27,CONDUCCION NO ATENTO CONDICIONES TRANSITO MOMENTO,0,ERCILLA,0,JANEQUEO,ERCILLA - JANEQUEO,0, , , , ,1,1,2,BIDIRECCIONAL,2,ASFALTO,1,BUENO,1,SECO,1,DESPEJADO,0,2,0,0,1
-8056852.58610944,-4503724.62887688,3677,22211,1327672,-72.3759382,-37.4621701,77,LOS ANGELES,1,2803,2021,1327672,REGION BIO BIO,8301,LOS ANGELES,LAGO GENERAL CARRERA, ,1730,"LAGO GENERAL CARRERA 1730, LOS ANGELES",CHILE,RANGE_INTERPOLATED,3845,2021,1327672,1,2021/01/20 00:00:00+00,1899/12/30 00:00:00+00,8,REGION BIO BIO,8301,LOS ANGELES,64,CHOQUE LADO/FRENTE,40,CHOQUE,1,URBANA,1,TRAMO DE VIA RECTA,1,IMPRUDENCIA DEL CONDUCTOR,27,CONDUCCION NO ATENTO CONDICIONES TRANSITO MOMENTO,0,LAGO GENERAL CARRERA,0, ,- LAGO GENERAL CARRERA,1730, , , , ,1,1,2,BIDIRECCIONAL,1,CONCRETO,1,BUENO,1,SECO,1,DESPEJADO,0,0,0,0,2
-8052914.21384466,-4503687.25388401,3678,22212,1397197,-72.3405592,-37.4619036,77,LOS ANGELES,1,50838,2021,1397197,REGION BIO BIO,8301,LOS ANGELES,MARCONI,ARGENTINA,0,"MARCONI & ARGENTINA, LOS ANGELES",CHILE,GEOMETRIC_CENTER,69211,2021,1397197,1,2021/11/17 00:00:00+00,1899/12/30 00:00:00+00,8,REGION BIO BIO,8301,LOS ANGELES,32,COLISION LATERAL,30,COLISION,1,URBANA,14,CRUCE CON SEÑAL PARE,1,IMPRUDENCIA DEL CONDUCTOR,27,CONDUCCION NO ATENTO CONDICIONES TRANSITO MOMENTO,0,MARCONI,0,ARGENTINA,ARGENTINA - MARCONI,0, , , , ,2,0,1,UNIDIRECCIONAL,1,CONCRETO,1,BUENO,1,SECO,1,DESPEJADO,0,0,0,1,1
-8053242.76218979,-4503654.04424601,3679,22213,1337928,-72.3435106,-37.4616668,77,LOS ANGELES,1,10289,2021,1337928,REGION BIO BIO,8301,LOS ANGELES,ALEMANIA, ,1585,"ALEMANIA 1585, LOS ANGELES",CHILE,RANGE_INTERPOLATED,14308,2021,1337928,1,2021/03/14 00:00:00+00,1899/12/30 00:00:00+00,8,REGION BIO BIO,8301,LOS ANGELES,67,CHOQUE POSTERIOR/FRENTE,40,CHOQUE,1,URBANA,11,CRUCE CON SEMAFORO FUNCIONANDO,4,ALCOHOL EN CONDUCTOR,24,CONDUCCION EN ESTADO DE EBRIEDAD,0,ALEMANIA,0, ,- ALEMANIA,1585, , , , ,2,0,1,UNIDIRECCIONAL,1,CONCRETO,1,BUENO,1,SECO,1,DESPEJADO,0,0,0,0,2
-8053242.76218979,-4503654.04424601,3680,22214,1356036,-72.3435106,-37.4616668,77,LOS ANGELES,1,22962,2021,1356036,REGION BIO BIO,8301,LOS ANGELES,ALEMANIA,ALEMANIA,0,"ALEMANIA & ALEMANIA, LOS ANGELES",CHILE,GEOMETRIC_CENTER,31636,2021,1356036,1,2021/06/14 00:00:00+00,1899/12/30 00:00:00+00,8,REGION BIO BIO,8301,LOS ANGELES,30,COLISION,30,COLISION,1,URBANA,1,TRAMO DE VIA RECTA,1,IMPRUDENCIA DEL CONDUCTOR,27,CONDUCCION NO ATENTO CONDICIONES TRANSITO MOMENTO,0,ALEMANIA,0,ALEMANIA,ALEMANIA - ALEMANIA,0, , , , ,1,1,2,BIDIRECCIONAL,1,CONCRETO,1,BUENO,1,SECO,1,DESPEJADO,0,0,0,0,2
-8053242.76218979,-4503654.04424601,3681,22215,1357339,-72.3435106,-37.4616668,77,LOS ANGELES,1,23412,2021,1357339,REGION BIO BIO,8301,LOS ANGELES,ALEMANIA, ,686,"ALEMANIA 686, LOS ANGELES",CHILE,RANGE_INTERPOLATED,32270,2021,1357339,1,2021/06/17 00:00:00+00,1899/12/30 00:00:00+00,8,REGION BIO BIO,8301,LOS ANGELES,30,COLISION,30,COLISION,1,URBANA,1,TRAMO DE VIA RECTA,1,IMPRUDENCIA DEL CONDUCTOR,27,CONDUCCION NO ATENTO CONDICIONES TRANSITO MOMENTO,0,ALEMANIA,0, ,- ALEMANIA,686, , , , ,2,0,1,UNIDIRECCIONAL,2,ASFALTO,1,BUENO,1,SECO,1,DESPEJADO,0,0,0,1,1
-8053242.76218979,-4503654.04424601,3682,22216,1372523,-72.3435106,-37.4616668,77,LOS ANGELES,1,33925,2021,1372523,REGION BIO BIO,8301,LOS ANGELES,ALEMANIA, ,8325,"ALEMANIA 8325, LOS ANGELES",CHILE,RANGE_INTERPOLATED,46784,2021,1372523,1,2021/08/18 00:00:00+00,1899/12/30 00:00:00+00,8,REGION BIO BIO,8301,LOS ANGELES,68,CHOQUE POSTERIOR/LADO,40,CHOQUE,1,URBANA,1,TRAMO DE VIA RECTA,1,IMPRUDENCIA DEL CONDUCTOR,27,CONDUCCION NO ATENTO CONDICIONES TRANSITO MOMENTO,0,ALEMANIA,0, ,- ALEMANIA,8325, , , , ,2,0,1,UNIDIRECCIONAL,2,ASFALTO,2,REGULAR,3,MOJADO,2,NUBLADO,0,0,0,0,3
-8053242.76218979,-4503654.04424601,3683,22217,1395098,-72.3435106,-37.4616668,77,LOS ANGELES,1,49996,2021,1395098,REGION BIO BIO,8301,LOS ANGELES,ALEMANIA, ,1225,"ALEMANIA 1225, LOS ANGELES",CHILE,RANGE_INTERPOLATED,68087,2021,1395098,1,2021/11/13 00:00:00+00,1899/12/30 00:00:00+00,8,REGION BIO BIO,8301,LOS ANGELES,33,COLISION POR ALCANCE,30,COLISION,1,URBANA,1,TRAMO DE VIA RECTA,1,IMPRUDENCIA DEL CONDUCTOR,27,CONDUCCION NO ATENTO CONDICIONES TRANSITO MOMENTO,0,ALEMANIA,0, ,- ALEMANIA,1225, , , , ,2,0,1,UNIDIRECCIONAL,2,ASFALTO,1,BUENO,1,SECO,1,DESPEJADO,0,1,0,1,0
-8053242.76218979,-4503654.04424601,3684,22218,1398837,-72.3435106,-37.4616668,77,LOS ANGELES,1,52491,2021,1398837,REGION BIO BIO,8301,LOS ANGELES,ALEMANIA, ,686,"ALEMANIA 686, LOS ANGELES",CHILE,RANGE_INTERPOLATED,71354,2021,1398837,1,2021/11/25 00:00:00+00,1899/12/30 00:00:00+00,8,REGION BIO BIO,8301,LOS ANGELES,62,CHOQUE FRENTE/LADO,40,CHOQUE,1,URBANA,26,OTROS NO CONSIDERADOS,1,IMPRUDENCIA DEL CONDUCTOR,27,CONDUCCION NO ATENTO CONDICIONES TRANSITO MOMENTO,0,ALEMANIA,0, ,- ALEMANIA,686, , , , ,2,0,1,UNIDIRECCIONAL,1,CONCRETO,1,BUENO,1,SECO,1,DESPEJADO,0,0,0,0,2
-8053242.76218979,-4503654.04424601,3685,22219,1406857,-72.3435106,-37.4616668,77,LOS ANGELES,1,57796,2021,1406857,REGION BIO BIO,8301,LOS ANGELES,ALEMANIA, ,686,"ALEMANIA 686, LOS ANGELES",CHILE,RANGE_INTERPOLATED,78471,2021,1406857,1,2021/12/22 00:00:00+00,1899/12/30 00:00:00+00,8,REGION BIO BIO,8301,LOS ANGELES,32,COLISION LATERAL,30,COLISION,1,URBANA,1,TRAMO DE VIA RECTA,1,IMPRUDENCIA DEL CONDUCTOR,27,CONDUCCION NO ATENTO CONDICIONES TRANSITO MOMENTO,0,ALEMANIA,0, ,- ALEMANIA,686, , , , ,2,0,1,UNIDIRECCIONAL,2,ASFALTO,1,BUENO,1,SECO,1,DESPEJADO,0,0,0,1,1
-8053242.76218979,-4503654.04424601,3686,22220,1409598,-72.3435106,-37.4616668,77,LOS ANGELES,1,59315,2021,1409598,REGION BIO BIO,8301,LOS ANGELES,ALEMANIA, ,610,"ALEMANIA 610, LOS ANGELES",CHILE,RANGE_INTERPOLATED,80601,2021,1409598,1,2021/12/31 00:00:00+00,1899/12/30 00:00:00+00,8,REGION BIO BIO,8301,LOS ANGELES,63,CHOQUE FRENTE/POSTERIOR,40,CHOQUE,1,URBANA,26,OTROS NO CONSIDERADOS,1,IMPRUDENCIA DEL CONDUCTOR,27,CONDUCCION NO ATENTO CONDICIONES TRANSITO MOMENTO,0,ALEMANIA,0, ,- ALEMANIA,610, , , , ,2,0,1,UNIDIRECCIONAL,1,CONCRETO,1,BUENO,1,SECO,1,DESPEJADO,0,0,0,0,2
-8056799.67595546,-4503640.03396153,3687,22221,1378266,-72.3754629,-37.4615669,77,LOS ANGELES,1,37838,2021,1378266,REGION BIO BIO,8301,LOS ANGELES,LAGUNA DEL LAJA,LAGO RANCO,0,"LAGUNA DEL LAJA & LAGO RANCO, LOS ANGELES",CHILE,GEOMETRIC_CENTER,51995,2021,1378266,1,2021/09/08 00:00:00+00,1899/12/30 00:00:00+00,8,REGION BIO BIO,8301,LOS ANGELES,30,COLISION,30,COLISION,1,URBANA,1,TRAMO DE VIA RECTA,1,IMPRUDENCIA DEL CONDUCTOR,27,CONDUCCION NO ATENTO CONDICIONES TRANSITO MOMENTO,0,LAGUNA DEL LAJA,0,LAGO RANCO,LAGO RANCO - LAGUNA DEL LAJA,0, , , , ,1,0,1,UNIDIRECCIONAL,1,CONCRETO,1,BUENO,1,SECO,1,DESPEJADO,0,0,0,0,2
-8052928.54066313,-4503631.39499664,3688,22222,1401450,-72.3406879,-37.4615053,77,LOS ANGELES,1,54114,2021,1401450,REGION BIO BIO,8301,LOS ANGELES,MARCONI,LAUCA,0,"MARCONI & LAUCA, LOS ANGELES",CHILE,GEOMETRIC_CENTER,73533,2021,1401450,1,2021/12/04 00:00:00+00,1899/12/30 00:00:00+00,8,REGION BIO BIO,8301,LOS ANGELES,32,COLISION LATERAL,30,COLISION,1,URBANA,11,CRUCE CON SEMAFORO FUNCIONANDO,1,IMPRUDENCIA DEL CONDUCTOR,27,CONDUCCION NO ATENTO CONDICIONES TRANSITO MOMENTO,0,MARCONI,0,LAUCA,LAUCA - MARCONI,0, , , , ,1,1,2,BIDIRECCIONAL,1,CONCRETO,1,BUENO,1,SECO,1,DESPEJADO,0,0,1,1,1
-8053770.67261098,-4503628.19745949,3689,22223,1370985,-72.3482529,-37.4614825,77,LOS ANGELES,1,32870,2021,1370985,REGION BIO BIO,8301,LOS ANGELES,LYNCOYAN,VILLAGRAN,0,"LYNCOYAN & VILLAGRAN, LOS ANGELES",CHILE,GEOMETRIC_CENTER,45344,2021,1370985,1,2021/08/12 00:00:00+00,1899/12/30 00:00:00+00,8,REGION BIO BIO,8301,LOS ANGELES,30,COLISION,30,COLISION,1,URBANA,1,TRAMO DE VIA RECTA,1,IMPRUDENCIA DEL CONDUCTOR,27,CONDUCCION NO ATENTO CONDICIONES TRANSITO MOMENTO,0,LYNCOYAN,0,VILLAGRAN,LYNCOYAN - VILLAGRAN,0, , , , ,2,0,1,UNIDIRECCIONAL,2,ASFALTO,2,REGULAR,1,SECO,1,DESPEJADO,0,0,0,2,2
-8056334.38274784,-4503626.02369576,3690,22224,1368090,-72.3712831,-37.461467,77,LOS ANGELES,1,30808,2021,1368090,REGION BIO BIO,8301,LOS ANGELES,LAGO CHAPO,LAGO RUPANCO,0,"LAGO CHAPO & LAGO RUPANCO, LOS ANGELES",CHILE,GEOMETRIC_CENTER,42595,2021,1368090,1,2021/08/01 00:00:00+00,1899/12/30 00:00:00+00,8,REGION BIO BIO,8301,LOS ANGELES,32,COLISION LATERAL,30,COLISION,1,URBANA,16,CRUCE SIN SEÑALIZACION,1,IMPRUDENCIA DEL CONDUCTOR,27,CONDUCCION NO ATENTO CONDICIONES TRANSITO MOMENTO,0,LAGO CHAPO,0,LAGO RUPANCO,LAGO CHAPO - LAGO RUPANCO,0, , , , ,1,1,2,BIDIRECCIONAL,2,ASFALTO,1,BUENO,1,SECO,1,DESPEJADO,0,0,0,1,2
-8052931.40157404,-4503619.27801891,3691,22225,1345640,-72.3407136,-37.4614189,77,LOS ANGELES,1,15286,2021,1345640,REGION BIO BIO,8301,LOS ANGELES,MARCONI, ,845,"MARCONI 845, LOS ANGELES",CHILE,RANGE_INTERPOLATED,21066,2021,1345640,1,2021/04/24 00:00:00+00,1899/12/30 00:00:00+00,8,REGION BIO BIO,8301,LOS ANGELES,32,COLISION LATERAL,30,COLISION,1,URBANA,1,TRAMO DE VIA RECTA,1,IMPRUDENCIA DEL CONDUCTOR,27,CONDUCCION NO ATENTO CONDICIONES TRANSITO MOMENTO,0,MARCONI,0, ,- MARCONI,845, , , , ,2,1,3,BIDIRECCIONAL CON BANDEJON,1,CONCRETO,1,BUENO,1,SECO,1,DESPEJADO,0,0,0,0,2
-8054000.64754701,-4503607.21715222,3692,22226,1381278,-72.3503188,-37.4613329,77,LOS ANGELES,1,40131,2021,1381278,REGION BIO BIO,8301,LOS ANGELES,LINCOYAN,COLON,0,"LINCOYAN & COLON, LOS ANGELES",CHILE,GEOMETRIC_CENTER,55113,2021,1381278,1,2021/09/21 00:00:00+00,1899/12/30 00:00:00+00,8,REGION BIO BIO,8301,LOS ANGELES,67,CHOQUE POSTERIOR/FRENTE,40,CHOQUE,1,URBANA,15,CRUCE CON SEÑAL CEDA EL PASO,1,IMPRUDENCIA DEL CONDUCTOR,27,CONDUCCION NO ATENTO CONDICIONES TRANSITO MOMENTO,0,LINCOYAN,0,COLON,COLON - LINCOYAN,0, , , , ,1,0,1,UNIDIRECCIONAL,1,CONCRETO,1,BUENO,1,SECO,1,DESPEJADO,0,0,0,0,2
-8052218.08854093,-4503557.06653433,3693,22227,1340982,-72.3343058,-37.4609753,77,LOS ANGELES,1,12431,2021,1340982,REGION BIO BIO,8301,LOS ANGELES,COSTANERA QUILQUE, ,941,"COSTANERA QUILQUE 941, LOS ANGELES",CHILE,RANGE_INTERPOLATED,17195,2021,1340982,1,2021/03/31 00:00:00+00,1899/12/30 00:00:00+00,8,REGION BIO BIO,8301,LOS ANGELES,40,IMPACTO CON ANIMAL,99,OTRO TIPO,1,URBANA,1,TRAMO DE VIA RECTA,11,DEFICIENCIAS VIALES,92,ANIMALES SUELTOS VIA PUBLICA,0,COSTANERA QUILQUE,0, ,- COSTANERA QUILQUE,941, , , , ,2,0,1,UNIDIRECCIONAL,1,CONCRETO,1,BUENO,1,SECO,1,DESPEJADO,0,1,0,0,0
-8052279.36992062,-4503552.50867407,3694,22228,1340432,-72.3348563,-37.4609428,77,LOS ANGELES,1,11764,2021,1340432,REGION BIO BIO,8301,LOS ANGELES,COSTANERA QUILQUE NORTE,NUEVA,0,"COSTANERA QUILQUE NORTE & NUEVA, LOS ANGELES",CHILE,GEOMETRIC_CENTER,16287,2021,1340432,1,2021/03/25 00:00:00+00,1899/12/30 00:00:00+00,8,REGION BIO BIO,8301,LOS ANGELES,33,COLISION POR ALCANCE,30,COLISION,1,URBANA,15,CRUCE CON SEÑAL CEDA EL PASO,1,IMPRUDENCIA DEL CONDUCTOR,28,CONDUCCION SIN MANTENER DISTANCIA RAZONABLE NI PRUDENTE,0,COSTANERA QUILQUE NORTE,0,NUEVA,COSTANERA QUILQUE NORTE - NUEVA,0, , , , ,1,1,2,BIDIRECCIONAL,2,ASFALTO,1,BUENO,1,SECO,1,DESPEJADO,0,0,0,1,1
-8052279.36992062,-4503552.50867407,3695,22229,1398678,-72.3348563,-37.4609428,77,LOS ANGELES,1,52283,2021,1398678,REGION BIO BIO,8301,LOS ANGELES,COSTANERA QUILQUE NORTE,NUEVA,0,"COSTANERA QUILQUE NORTE & NUEVA, LOS ANGELES",CHILE,GEOMETRIC_CENTER,71081,2021,1398678,1,2021/11/24 00:00:00+00,1899/12/30 00:00:00+00,8,REGION BIO BIO,8301,LOS ANGELES,30,COLISION,30,COLISION,1,URBANA,1,TRAMO DE VIA RECTA,1,IMPRUDENCIA DEL CONDUCTOR,27,CONDUCCION NO ATENTO CONDICIONES TRANSITO MOMENTO,0,COSTANERA QUILQUE NORTE,0,NUEVA,COSTANERA QUILQUE NORTE - NUEVA,0, , , , ,1,1,2,BIDIRECCIONAL,1,CONCRETO,2,REGULAR,1,SECO,2,NUBLADO,0,0,0,0,2
-8056096.94940593,-4503545.37036767,3696,22230,1397663,-72.3691502,-37.4608919,77,LOS ANGELES,1,50996,2021,1397663,REGION BIO BIO,8301,LOS ANGELES,OROMPELLO, ,1420,"OROMPELLO 1420, LOS ANGELES",CHILE,RANGE_INTERPOLATED,69403,2021,1397663,1,2021/11/18 00:00:00+00,1899/12/30 00:00:00+00,8,REGION BIO BIO,8301,LOS ANGELES,33,COLISION POR ALCANCE,30,COLISION,1,URBANA,1,TRAMO DE VIA RECTA,8,DROGAS Y/O FATIGA EN CONDUCTOR,25,"CONDICIONES FISICAS DEFICIENTES (CANSANCIO, SUEÑO)",0,OROMPELLO,0, ,- OROMPELLO,1420, , , , ,2,0,1,UNIDIRECCIONAL,1,CONCRETO,1,BUENO,1,SECO,1,DESPEJADO,0,1,0,0,3
-8051472.87134177,-4503541.83627672,3697,22231,1325265,-72.3276114,-37.4608667,77,LOS ANGELES,1,1378,2021,1325265,REGION BIO BIO,8301,LOS ANGELES,CAUPOLICAN,DIEGO DE ALMAGRO,0,"CAUPOLICAN & DIEGO DE ALMAGRO, LOS ANGELES",CHILE,GEOMETRIC_CENTER,1885,2021,1325265,1,2021/01/10 00:00:00+00,1899/12/30 00:00:00+00,8,REGION BIO BIO,8301,LOS ANGELES,32,COLISION LATERAL,30,COLISION,1,URBANA,15,CRUCE CON SEÑAL CEDA EL PASO,1,IMPRUDENCIA DEL CONDUCTOR,27,CONDUCCION NO ATENTO CONDICIONES TRANSITO MOMENTO,0,CAUPOLICAN,0,DIEGO DE ALMAGRO,CAUPOLICAN - DIEGO DE ALMAGRO,0, , , , ,1,1,2,BIDIRECCIONAL,2,ASFALTO,1,BUENO,1,SECO,2,NUBLADO,0,0,0,3,0
-8051472.87134177,-4503541.83627672,3698,22232,1330839,-72.3276114,-37.4608667,77,LOS ANGELES,1,4883,2021,1330839,REGION BIO BIO,8301,LOS ANGELES,COLO COLO,DIEGO DE ALMAGRO,0,"COLO COLO & DIEGO DE ALMAGRO, LOS ANGELES",CHILE,GEOMETRIC_CENTER,6823,2021,1330839,1,2021/02/05 00:00:00+00,1899/12/30 00:00:00+00,8,REGION BIO BIO,8301,LOS ANGELES,32,COLISION LATERAL,30,COLISION,1,URBANA,1,TRAMO DE VIA RECTA,1,IMPRUDENCIA DEL CONDUCTOR,27,CONDUCCION NO ATENTO CONDICIONES TRANSITO MOMENTO,0,COLO COLO,0,DIEGO DE ALMAGRO,COLO COLO - DIEGO DE ALMAGRO,0, , , , ,2,0,1,UNIDIRECCIONAL,2,ASFALTO,1,BUENO,1,SECO,2,NUBLADO,0,0,0,0,2
-8051472.87134177,-4503541.83627672,3699,22233,1346025,-72.3276114,-37.4608667,77,LOS ANGELES,1,15866,2021,1346025,REGION BIO BIO,8301,LOS ANGELES,DIEGO DE ALMAGRO,ALMIRANTE LATORRE,0,"DIEGO DE ALMAGRO & ALMIRANTE LATORRE, LOS ANGELES",CHILE,GEOMETRIC_CENTER,21852,2021,1346025,1,2021/04/29 00:00:00+00,1899/12/30 00:00:00+00,8,REGION BIO BIO,8301,LOS ANGELES,32,COLISION LATERAL,30,COLISION,1,URBANA,12,CRUCE CON SEMAFORO APAGADO,1,IMPRUDENCIA DEL CONDUCTOR,27,CONDUCCION NO ATENTO CONDICIONES TRANSITO MOMENTO,0,DIEGO DE ALMAGRO,0,ALMIRANTE LATORRE,ALMIRANTE LATORRE - DIEGO DE ALMAGRO,0, , , , ,2,0,1,UNIDIRECCIONAL,1,CONCRETO,1,BUENO,1,SECO,1,DESPEJADO,0,0,0,0,3
-8055355.67291674,-4503538.04975201,3700,22234,1385233,-72.3624912,-37.4608397,77,LOS ANGELES,1,42411,2021,1385233,REGION BIO BIO,8301,LOS ANGELES,OROMPELLO, ,984,"OROMPELLO 984, LOS ANGELES",CHILE,RANGE_INTERPOLATED,58107,2021,1385233,1,2021/10/04 00:00:00+00,1899/12/30 00:00:00+00,8,REGION BIO BIO,8301,LOS ANGELES,51,CHOQUE FRONTAL,40,CHOQUE,1,URBANA,1,TRAMO DE VIA RECTA,1,IMPRUDENCIA DEL CONDUCTOR,27,CONDUCCION NO ATENTO CONDICIONES TRANSITO MOMENTO,0,OROMPELLO,0, ,- OROMPELLO,984, , , , ,1,1,2,BIDIRECCIONAL,1,CONCRETO,1,BUENO,1,SECO,1,DESPEJADO,0,0,0,0,2
-8056465.11635783,-4503533.77238316,3701,22235,1343323,-72.3724575,-37.4608092,77,LOS ANGELES,1,13738,2021,1343323,REGION BIO BIO,8301,LOS ANGELES,PADRE HURTADO,LAS TRANCAS,0,"PADRE HURTADO & LAS TRANCAS, LOS ANGELES",CHILE,GEOMETRIC_CENTER,18985,2021,1343323,1,2021/04/12 00:00:00+00,1899/12/30 00:00:00+00,8,REGION BIO BIO,8301,LOS ANGELES,33,COLISION POR ALCANCE,30,COLISION,1,URBANA,1,TRAMO DE VIA RECTA,1,IMPRUDENCIA DEL CONDUCTOR,11,ADELANTAMIENTO SIN EL ESPACIO O TIEMPO SUFICIENTE,0,PADRE HURTADO,0,LAS TRANCAS,LAS TRANCAS - PADRE HURTADO,0, , , , ,1,1,2,BIDIRECCIONAL,2,ASFALTO,1,BUENO,1,SECO,1,DESPEJADO,0,0,0,0,2
-8056465.11635783,-4503533.77238316,3702,22236,1347837,-72.3724575,-37.4608092,77,LOS ANGELES,1,17278,2021,1347837,REGION BIO BIO,8301,LOS ANGELES,PADRE HURTADO,LAS TRANCAS,0,"PADRE HURTADO & LAS TRANCAS, LOS ANGELES",CHILE,GEOMETRIC_CENTER,23818,2021,1347837,1,2021/05/09 00:00:00+00,1899/12/30 00:00:00+00,8,REGION BIO BIO,8301,LOS ANGELES,32,COLISION LATERAL,30,COLISION,1,URBANA,14,CRUCE CON SEÑAL PARE,1,IMPRUDENCIA DEL CONDUCTOR,27,CONDUCCION NO ATENTO CONDICIONES TRANSITO MOMENTO,0,PADRE HURTADO,0,LAS TRANCAS,LAS TRANCAS - PADRE HURTADO,0, , , , ,2,0,1,UNIDIRECCIONAL,1,CONCRETO,1,BUENO,1,SECO,1,DESPEJADO,0,0,0,0,2
-8056465.11635783,-4503533.77238316,3703,22237,1386781,-72.3724575,-37.4608092,77,LOS ANGELES,1,44230,2021,1386781,REGION BIO BIO,8301,LOS ANGELES,PADRE HURTADO,LAS TRANCAS,0,"PADRE HURTADO & LAS TRANCAS, LOS ANGELES",CHILE,GEOMETRIC_CENTER,60476,2021,1386781,1,2021/10/13 00:00:00+00,1899/12/30 00:00:00+00,8,REGION BIO BIO,8301,LOS ANGELES,32,COLISION LATERAL,30,COLISION,1,URBANA,14,CRUCE CON SEÑAL PARE,10,DESOBEDIENCIA A SEÑALIZACION,65,SEÑALIZACION DESOBEDECER SEÑAL PARE,0,PADRE HURTADO,0,LAS TRANCAS,LAS TRANCAS - PADRE HURTADO,0, , , , ,2,2,3,BIDIRECCIONAL CON BANDEJON,2,ASFALTO,1,BUENO,3,MOJADO,3,LLUVIA,0,0,0,0,2