X,Y,FID,FID_1,LABELID,POINT_X,POINT_Y,FID_2,COMUNAREAL,VAL_COM,OBJECTID,A_O,IDACCIDENT,REGION,COD_COMUN,COMUNA,CALLE_UNO,CALLE_DOS,NUMERO,DIR_GEOCOD,PAIS,TIPO,OBJECTID_1,Año,Idaccide_1,Claseaccid,Fecha,Hora,Cód_Regi,Región,Cód_Comun,Comuna_1,Cód_Tipo_,Tipo_Accid,Cód_Tipo1,Tipo__CONA,Cód_Zona,Zona,Cód_Ubica,Ubicación,Cód_Causa,Causa__CON,Cód_Cau_1,Causa,Cód_Calle,Calle_Un_1,Cód_Cal_1,Calle_Do_1,Intersecci,Número,Ruta,Cód_Ruta,Ubicaci_1,Km_Vía_Fe,Pistas_de_,Pistas_de1,Cód_Calza,Calzada,Cód__Tipo,Tipo_Calza,Cód_Estad,Estado_Cal,Cód_Condi,Condición,Cód_Est_1,Estado_Atm,Fallecidos,Graves,Menos_Grav,Leves,Ilesos
-8056465.11635783,-4503533.77238316,3704,22238,1392014,-72.3724575,-37.4608092,77,LOS ANGELES,1,47764,2021,1392014,REGION BIO BIO,8301,LOS ANGELES,PADRE HURTADO,LAS TRANCAS,0,"PADRE HURTADO & LAS TRANCAS, LOS ANGELES",CHILE,GEOMETRIC_CENTER,65187,2021,1392014,1,2021/11/02 00:00:00+00,1899/12/30 00:00:00+00,8,REGION BIO BIO,8301,LOS ANGELES,32,COLISION LATERAL,30,COLISION,1,URBANA,14,CRUCE CON SEÑAL PARE,12,FALLAS MECANICAS,1,FALLAS MECANICAS FRENOS,0,PADRE HURTADO,0,LAS TRANCAS,LAS TRANCAS - PADRE HURTADO,0, , , , ,1,1,2,BIDIRECCIONAL,1,CONCRETO,1,BUENO,1,SECO,1,DESPEJADO,0,0,0,3,0
-8056465.11635783,-4503533.77238316,3705,22239,1392543,-72.3724575,-37.4608092,77,LOS ANGELES,1,47978,2021,1392543,REGION BIO BIO,8301,LOS ANGELES,PADRE HURTADO,LAS TRANCAS,0,"PADRE HURTADO & LAS TRANCAS, LOS ANGELES",CHILE,GEOMETRIC_CENTER,65459,2021,1392543,1,2021/11/03 00:00:00+00,1899/12/30 00:00:00+00,8,REGION BIO BIO,8301,LOS ANGELES,32,COLISION LATERAL,30,COLISION,1,URBANA,14,CRUCE CON SEÑAL PARE,1,IMPRUDENCIA DEL CONDUCTOR,27,CONDUCCION NO ATENTO CONDICIONES TRANSITO MOMENTO,0,PADRE HURTADO,0,LAS TRANCAS,LAS TRANCAS - PADRE HURTADO,0, , , , ,1,1,2,BIDIRECCIONAL,2,ASFALTO,1,BUENO,3,MOJADO,4,LLOVIZNA,0,0,0,1,1
-8055932.51938608,-4503528.93405,3706,22240,1349368,-72.3676731,-37.4607747,77,LOS ANGELES,1,10401,2021,1349368,REGION BIO BIO,8301,LOS ANGELES,LAS AZALEAS,OROMPELLO,0,"LAS AZALEAS & OROMPELLO, LOS ANGELES",CHILE,GEOMETRIC_CENTER,14485,2021,1349368,1,2021/03/15 00:00:00+00,1899/12/30 00:00:00+00,8,REGION BIO BIO,8301,LOS ANGELES,32,COLISION LATERAL,30,COLISION,1,URBANA,1,TRAMO DE VIA RECTA,1,IMPRUDENCIA DEL CONDUCTOR,27,CONDUCCION NO ATENTO CONDICIONES TRANSITO MOMENTO,0,LAS AZALEAS,0,OROMPELLO,LAS AZALEAS - OROMPELLO,0, , , , ,2,0,1,UNIDIRECCIONAL,2,ASFALTO,1,BUENO,1,SECO,1,DESPEJADO,0,0,0,1,2
-8055932.51938608,-4503528.93405,3707,22241,1367946,-72.3676731,-37.4607747,77,LOS ANGELES,1,30565,2021,1367946,REGION BIO BIO,8301,LOS ANGELES,OROMPELLO,LAS AZALEAS,0,"OROMPELLO & LAS AZALEAS, LOS ANGELES",CHILE,GEOMETRIC_CENTER,42240,2021,1367946,1,2021/07/30 00:00:00+00,1899/12/30 00:00:00+00,8,REGION BIO BIO,8301,LOS ANGELES,31,COLISION FRONTAL,30,COLISION,1,URBANA,11,CRUCE CON SEMAFORO FUNCIONANDO,1,IMPRUDENCIA DEL CONDUCTOR,27,CONDUCCION NO ATENTO CONDICIONES TRANSITO MOMENTO,0,OROMPELLO,0,LAS AZALEAS,LAS AZALEAS - OROMPELLO,0, , , , ,1,1,2,BIDIRECCIONAL,2,ASFALTO,2,REGULAR,2,HUMEDO,1,DESPEJADO,0,0,0,0,2
-8055827.47831457,-4503526.53592048,3708,22242,1333553,-72.3667295,-37.4607576,77,LOS ANGELES,1,6851,2021,1333553,REGION BIO BIO,8301,LOS ANGELES,OROMPELLO,DON VICTOR,0,"OROMPELLO & DON VICTOR, LOS ANGELES",CHILE,GEOMETRIC_CENTER,9595,2021,1333553,1,2021/02/19 00:00:00+00,1899/12/30 00:00:00+00,8,REGION BIO BIO,8301,LOS ANGELES,32,COLISION LATERAL,30,COLISION,1,URBANA,11,CRUCE CON SEMAFORO FUNCIONANDO,1,IMPRUDENCIA DEL CONDUCTOR,27,CONDUCCION NO ATENTO CONDICIONES TRANSITO MOMENTO,0,OROMPELLO,0,DON VICTOR,DON VICTOR - OROMPELLO,0, , , , ,1,1,2,BIDIRECCIONAL,1,CONCRETO,1,BUENO,1,SECO,1,DESPEJADO,0,0,0,0,2
-8055827.47831457,-4503526.53592048,3709,22243,1333786,-72.3667295,-37.4607576,77,LOS ANGELES,1,6894,2021,1333786,REGION BIO BIO,8301,LOS ANGELES,OROMPELLO,DON VICTOR,0,"OROMPELLO & DON VICTOR, LOS ANGELES",CHILE,GEOMETRIC_CENTER,9656,2021,1333786,1,2021/02/20 00:00:00+00,1899/12/30 00:00:00+00,8,REGION BIO BIO,8301,LOS ANGELES,63,CHOQUE FRENTE/POSTERIOR,40,CHOQUE,1,URBANA,1,TRAMO DE VIA RECTA,1,IMPRUDENCIA DEL CONDUCTOR,27,CONDUCCION NO ATENTO CONDICIONES TRANSITO MOMENTO,0,OROMPELLO,0,DON VICTOR,DON VICTOR - OROMPELLO,0, , , , ,1,1,2,BIDIRECCIONAL,1,CONCRETO,1,BUENO,1,SECO,1,DESPEJADO,0,0,0,0,2
-8055827.47831457,-4503526.53592048,3710,22244,1347119,-72.3667295,-37.4607576,77,LOS ANGELES,1,16439,2021,1347119,REGION BIO BIO,8301,LOS ANGELES,OROMPELLO,DON VICTOR,0,"OROMPELLO & DON VICTOR, LOS ANGELES",CHILE,GEOMETRIC_CENTER,22676,2021,1347119,1,2021/05/03 00:00:00+00,1899/12/30 00:00:00+00,8,REGION BIO BIO,8301,LOS ANGELES,32,COLISION LATERAL,30,COLISION,1,URBANA,11,CRUCE CON SEMAFORO FUNCIONANDO,1,IMPRUDENCIA DEL CONDUCTOR,27,CONDUCCION NO ATENTO CONDICIONES TRANSITO MOMENTO,0,OROMPELLO,0,DON VICTOR,DON VICTOR - OROMPELLO,0, , , , ,2,0,1,UNIDIRECCIONAL,2,ASFALTO,1,BUENO,1,SECO,1,DESPEJADO,0,0,0,0,2
-8054530.60624683,-4503525.73654409,3711,22245,1328282,-72.3550795,-37.4607519,77,LOS ANGELES,1,3482,2021,1328282,REGION BIO BIO,8301,LOS ANGELES,OROMPELLO,ERCILLA,0,"OROMPELLO & ERCILLA, LOS ANGELES",CHILE,GEOMETRIC_CENTER,4792,2021,1328282,1,2021/01/25 00:00:00+00,1899/12/30 00:00:00+00,8,REGION BIO BIO,8301,LOS ANGELES,32,COLISION LATERAL,30,COLISION,1,URBANA,11,CRUCE CON SEMAFORO FUNCIONANDO,1,IMPRUDENCIA DEL CONDUCTOR,27,CONDUCCION NO ATENTO CONDICIONES TRANSITO MOMENTO,0,OROMPELLO,0,ERCILLA,ERCILLA - OROMPELLO,0, , , , ,2,0,1,UNIDIRECCIONAL,1,CONCRETO,1,BUENO,1,SECO,1,DESPEJADO,0,0,0,0,2
-8054530.60624683,-4503525.73654409,3712,22246,1405391,-72.3550795,-37.4607519,77,LOS ANGELES,1,57012,2021,1405391,REGION BIO BIO,8301,LOS ANGELES,OROMPELLO,ERCILLA,0,"OROMPELLO & ERCILLA, LOS ANGELES",CHILE,GEOMETRIC_CENTER,77463,2021,1405391,1,2021/12/19 00:00:00+00,1899/12/30 00:00:00+00,8,REGION BIO BIO,8301,LOS ANGELES,32,COLISION LATERAL,30,COLISION,1,URBANA,11,CRUCE CON SEMAFORO FUNCIONANDO,1,IMPRUDENCIA DEL CONDUCTOR,27,CONDUCCION NO ATENTO CONDICIONES TRANSITO MOMENTO,0,OROMPELLO,0,ERCILLA,ERCILLA - OROMPELLO,0, , , , ,2,0,1,UNIDIRECCIONAL,2,ASFALTO,1,BUENO,1,SECO,1,DESPEJADO,0,0,0,0,2
-8055627.18115478,-4503523.99755006,3713,22247,1353193,-72.3649302,-37.4607395,77,LOS ANGELES,1,20611,2021,1353193,REGION BIO BIO,8301,LOS ANGELES,OROMPELLO,LAS CAMPANULAS,0,"OROMPELLO & LAS CAMPANULAS, LOS ANGELES",CHILE,GEOMETRIC_CENTER,28411,2021,1353193,1,2021/05/31 00:00:00+00,1899/12/30 00:00:00+00,8,REGION BIO BIO,8301,LOS ANGELES,50,CHOQUE,40,CHOQUE,1,URBANA,11,CRUCE CON SEMAFORO FUNCIONANDO,1,IMPRUDENCIA DEL CONDUCTOR,27,CONDUCCION NO ATENTO CONDICIONES TRANSITO MOMENTO,0,OROMPELLO,0,LAS CAMPANULAS,LAS CAMPANULAS - OROMPELLO,0, , , , ,2,0,1,UNIDIRECCIONAL,1,CONCRETO,1,BUENO,3,MOJADO,3,LLUVIA,0,0,0,0,2
-8054262.69362833,-4503522.09026662,3714,22248,1331246,-72.3526728,-37.4607259,77,LOS ANGELES,1,5369,2021,1331246,REGION BIO BIO,8301,LOS ANGELES,OROMPELLO, ,458,"OROMPELLO 458, LOS ANGELES",CHILE,RANGE_INTERPOLATED,7505,2021,1331246,1,2021/02/09 00:00:00+00,1899/12/30 00:00:00+00,8,REGION BIO BIO,8301,LOS ANGELES,40,IMPACTO CON ANIMAL,99,OTRO TIPO,1,URBANA,1,TRAMO DE VIA RECTA,11,DEFICIENCIAS VIALES,92,ANIMALES SUELTOS VIA PUBLICA,0,OROMPELLO,0, ,- OROMPELLO,458, , , , ,2,0,1,UNIDIRECCIONAL,1,CONCRETO,1,BUENO,1,SECO,1,DESPEJADO,0,0,0,0,1
-8055570.1187838,-4503521.7116148,3715,22249,1340067,-72.3644176,-37.4607232,77,LOS ANGELES,1,10942,2021,1340067,REGION BIO BIO,8301,LOS ANGELES,SAN LUIS,OROMPELLO,0,"SAN LUIS & OROMPELLO, LOS ANGELES",CHILE,GEOMETRIC_CENTER,15184,2021,1340067,1,2021/03/19 00:00:00+00,1899/12/30 00:00:00+00,8,REGION BIO BIO,8301,LOS ANGELES,65,CHOQUE LADO/LADO,40,CHOQUE,1,URBANA,11,CRUCE CON SEMAFORO FUNCIONANDO,4,ALCOHOL EN CONDUCTOR,24,CONDUCCION EN ESTADO DE EBRIEDAD,0,SAN LUIS,0,OROMPELLO,OROMPELLO - SAN LUIS,0, , , , ,2,2,2,BIDIRECCIONAL,2,ASFALTO,2,REGULAR,1,SECO,2,NUBLADO,0,0,0,0,2
-8055570.1187838,-4503521.7116148,3716,22250,1349074,-72.3644176,-37.4607232,77,LOS ANGELES,1,17789,2021,1349074,REGION BIO BIO,8301,LOS ANGELES,OROMPELLO,SAN LUIS,0,"OROMPELLO & SAN LUIS, LOS ANGELES",CHILE,GEOMETRIC_CENTER,24495,2021,1349074,1,2021/05/12 00:00:00+00,1899/12/30 00:00:00+00,8,REGION BIO BIO,8301,LOS ANGELES,33,COLISION POR ALCANCE,30,COLISION,1,URBANA,1,TRAMO DE VIA RECTA,1,IMPRUDENCIA DEL CONDUCTOR,27,CONDUCCION NO ATENTO CONDICIONES TRANSITO MOMENTO,0,OROMPELLO,0,SAN LUIS,OROMPELLO - SAN LUIS,0, , , , ,2,0,1,UNIDIRECCIONAL,1,CONCRETO,1,BUENO,1,SECO,1,DESPEJADO,0,0,0,0,2
-8055216.4456296,-4503515.96171849,3717,22251,1323727,-72.3612405,-37.4606822,77,LOS ANGELES,1,160,2021,1323727,REGION BIO BIO,8301,LOS ANGELES,LOS ANGELES,OROMPELLO,0,"LOS ANGELES & OROMPELLO, LOS ANGELES",CHILE,GEOMETRIC_CENTER,251,2021,1323727,1,2021/01/01 00:00:00+00,1899/12/30 00:00:00+00,8,REGION BIO BIO,8301,LOS ANGELES,51,CHOQUE FRONTAL,40,CHOQUE,1,URBANA,11,CRUCE CON SEMAFORO FUNCIONANDO,1,IMPRUDENCIA DEL CONDUCTOR,27,CONDUCCION NO ATENTO CONDICIONES TRANSITO MOMENTO,0,LOS ANGELES,0,OROMPELLO,LOS ANGELES - OROMPELLO,0, , , , ,1,1,3,BIDIRECCIONAL CON BANDEJON,1,CONCRETO,1,BUENO,1,SECO,1,DESPEJADO,0,0,0,0,1
-8055216.4456296,-4503515.96171849,3718,22252,1336438,-72.3612405,-37.4606822,77,LOS ANGELES,1,9068,2021,1336438,REGION BIO BIO,8301,LOS ANGELES,LOS ANGELES,OROMPELLO,0,"LOS ANGELES & OROMPELLO, LOS ANGELES",CHILE,GEOMETRIC_CENTER,12663,2021,1336438,1,2021/03/06 00:00:00+00,1899/12/30 00:00:00+00,8,REGION BIO BIO,8301,LOS ANGELES,33,COLISION POR ALCANCE,30,COLISION,1,URBANA,11,CRUCE CON SEMAFORO FUNCIONANDO,1,IMPRUDENCIA DEL CONDUCTOR,27,CONDUCCION NO ATENTO CONDICIONES TRANSITO MOMENTO,0,LOS ANGELES,0,OROMPELLO,LOS ANGELES - OROMPELLO,0, , , , ,2,0,1,UNIDIRECCIONAL,1,CONCRETO,1,BUENO,1,SECO,1,DESPEJADO,0,0,0,0,2
-8055216.4456296,-4503515.96171849,3719,22253,1359662,-72.3612405,-37.4606822,77,LOS ANGELES,1,25148,2021,1359662,REGION BIO BIO,8301,LOS ANGELES,OROMPELLO,LOS ANGELES,0,"OROMPELLO & LOS ANGELES, LOS ANGELES",CHILE,GEOMETRIC_CENTER,34774,2021,1359662,1,2021/06/29 00:00:00+00,1899/12/30 00:00:00+00,8,REGION BIO BIO,8301,LOS ANGELES,32,COLISION LATERAL,30,COLISION,1,URBANA,1,TRAMO DE VIA RECTA,1,IMPRUDENCIA DEL CONDUCTOR,23,CONDUCCION CONTRA SENTIDO DEL TRANSITO,0,OROMPELLO,0,LOS ANGELES,LOS ANGELES - OROMPELLO,0, , , , ,2,2,3,BIDIRECCIONAL CON BANDEJON,2,ASFALTO,1,BUENO,2,HUMEDO,1,DESPEJADO,0,0,0,0,2
-8055216.4456296,-4503515.96171849,3720,22254,1398199,-72.3612405,-37.4606822,77,LOS ANGELES,1,51858,2021,1398199,REGION BIO BIO,8301,LOS ANGELES,OROMPELLO,LOS ANGELES,0,"OROMPELLO & LOS ANGELES, LOS ANGELES",CHILE,GEOMETRIC_CENTER,70537,2021,1398199,1,2021/11/22 00:00:00+00,1899/12/30 00:00:00+00,8,REGION BIO BIO,8301,LOS ANGELES,32,COLISION LATERAL,30,COLISION,1,URBANA,11,CRUCE CON SEMAFORO FUNCIONANDO,1,IMPRUDENCIA DEL CONDUCTOR,27,CONDUCCION NO ATENTO CONDICIONES TRANSITO MOMENTO,0,OROMPELLO,0,LOS ANGELES,LOS ANGELES - OROMPELLO,0, , , , ,2,2,2,BIDIRECCIONAL,1,CONCRETO,1,BUENO,1,SECO,1,DESPEJADO,0,0,0,0,2
-8055294.90360672,-4503514.82576374,3721,22255,1378269,-72.3619453,-37.4606741,77,LOS ANGELES,1,37757,2021,1378269,REGION BIO BIO,8301,LOS ANGELES,OROMPELLO,LAS BERVENAS,0,"OROMPELLO & LAS BERVENAS, LOS ANGELES",CHILE,GEOMETRIC_CENTER,51893,2021,1378269,1,2021/09/08 00:00:00+00,1899/12/30 00:00:00+00,8,REGION BIO BIO,8301,LOS ANGELES,30,COLISION,30,COLISION,1,URBANA,1,TRAMO DE VIA RECTA,1,IMPRUDENCIA DEL CONDUCTOR,27,CONDUCCION NO ATENTO CONDICIONES TRANSITO MOMENTO,0,OROMPELLO,0,LAS BERVENAS,LAS BERVENAS - OROMPELLO,0, , , , ,1,1,2,BIDIRECCIONAL,1,CONCRETO,1,BUENO,1,SECO,1,DESPEJADO,0,0,1,2,0
-8055294.90360672,-4503514.82576374,3722,22256,1391136,-72.3619453,-37.4606741,77,LOS ANGELES,1,47119,2021,1391136,REGION BIO BIO,8301,LOS ANGELES,OROMPELLO,LAS VERDENAS,0,"OROMPELLO & LAS VERDENAS, LOS ANGELES",CHILE,GEOMETRIC_CENTER,64281,2021,1391136,1,2021/10/29 00:00:00+00,1899/12/30 00:00:00+00,8,REGION BIO BIO,8301,LOS ANGELES,32,COLISION LATERAL,30,COLISION,1,URBANA,1,TRAMO DE VIA RECTA,1,IMPRUDENCIA DEL CONDUCTOR,91,VIRAJES INDEBIDOS,0,OROMPELLO,0,LAS VERDENAS,LAS VERDENAS - OROMPELLO,0, , , , ,1,0,1,UNIDIRECCIONAL,1,CONCRETO,1,BUENO,1,SECO,1,DESPEJADO,0,0,0,0,3
-8054376.66252301,-4503509.49659494,3723,22257,1388905,-72.3536966,-37.4606361,77,LOS ANGELES,1,45084,2021,1388905,REGION BIO BIO,8301,LOS ANGELES,MENDOZA,OROMPELLO,0,"MENDOZA & OROMPELLO, LOS ANGELES",CHILE,GEOMETRIC_CENTER,61648,2021,1388905,1,2021/10/18 00:00:00+00,1899/12/30 00:00:00+00,8,REGION BIO BIO,8301,LOS ANGELES,33,COLISION POR ALCANCE,30,COLISION,1,URBANA,11,CRUCE CON SEMAFORO FUNCIONANDO,1,IMPRUDENCIA DEL CONDUCTOR,27,CONDUCCION NO ATENTO CONDICIONES TRANSITO MOMENTO,0,MENDOZA,0,OROMPELLO,MENDOZA - OROMPELLO,0, , , , ,2,0,1,UNIDIRECCIONAL,2,ASFALTO,1,BUENO,1,SECO,1,DESPEJADO,0,0,0,1,1
-8054151.2294222,-4503503.24183712,3724,22258,1323938,-72.3516715,-37.4605915,77,LOS ANGELES,1,75,2021,1323938,REGION BIO BIO,8301,LOS ANGELES,OROMPELLO,VALDIVIA,0,"OROMPELLO & VALDIVIA, LOS ANGELES",CHILE,GEOMETRIC_CENTER,115,2021,1323938,1,2021/01/01 00:00:00+00,1899/12/30 00:00:00+00,8,REGION BIO BIO,8301,LOS ANGELES,32,COLISION LATERAL,30,COLISION,1,URBANA,11,CRUCE CON SEMAFORO FUNCIONANDO,10,DESOBEDIENCIA A SEÑALIZACION,65,SEÑALIZACION DESOBEDECER SEÑAL PARE,0,OROMPELLO,0,VALDIVIA,OROMPELLO - VALDIVIA,0, , , , ,2,0,1,UNIDIRECCIONAL,1,CONCRETO,1,BUENO,1,SECO,1,DESPEJADO,0,0,0,0,2
-8055505.26404847,-4503500.52115888,3725,22259,1397918,-72.363835,-37.4605721,77,LOS ANGELES,1,51196,2021,1397918,REGION BIO BIO,8301,LOS ANGELES,OROMPELLO, ,1069,"OROMPELLO 1069, LOS ANGELES",CHILE,RANGE_INTERPOLATED,69665,2021,1397918,1,2021/11/19 00:00:00+00,1899/12/30 00:00:00+00,8,REGION BIO BIO,8301,LOS ANGELES,10,ATROPELLO,10,ATROPELLO,1,URBANA,15,CRUCE CON SEÑAL CEDA EL PASO,10,DESOBEDIENCIA A SEÑALIZACION,65,SEÑALIZACION DESOBEDECER SEÑAL PARE,0,OROMPELLO,0, ,- OROMPELLO,1069, , , , ,1,0,1,UNIDIRECCIONAL,1,CONCRETO,1,BUENO,1,SECO,1,DESPEJADO,0,1,0,0,1
-8055505.26404847,-4503500.52115888,3726,22260,1401664,-72.363835,-37.4605721,77,LOS ANGELES,1,54497,2021,1401664,REGION BIO BIO,8301,LOS ANGELES,OROMPELLO, ,1069,"OROMPELLO 1069, LOS ANGELES",CHILE,RANGE_INTERPOLATED,74076,2021,1401664,1,2021/12/06 00:00:00+00,1899/12/30 00:00:00+00,8,REGION BIO BIO,8301,LOS ANGELES,10,ATROPELLO,10,ATROPELLO,1,URBANA,1,TRAMO DE VIA RECTA,1,IMPRUDENCIA DEL CONDUCTOR,27,CONDUCCION NO ATENTO CONDICIONES TRANSITO MOMENTO,0,OROMPELLO,0, ,- OROMPELLO,1069, , , , ,1,1,2,BIDIRECCIONAL,1,CONCRETO,1,BUENO,1,SECO,1,DESPEJADO,0,0,0,2,1
-8053994.22441239,-4503495.93527498,3727,22261,1344726,-72.3502611,-37.4605394,77,LOS ANGELES,1,14599,2021,1344726,REGION BIO BIO,8301,LOS ANGELES,COLON,OROMPELLO,0,"COLON & OROMPELLO, LOS ANGELES",CHILE,GEOMETRIC_CENTER,20122,2021,1344726,1,2021/04/19 00:00:00+00,1899/12/30 00:00:00+00,8,REGION BIO BIO,8301,LOS ANGELES,53,CHOQUE POSTERIOR,40,CHOQUE,1,URBANA,1,TRAMO DE VIA RECTA,1,IMPRUDENCIA DEL CONDUCTOR,27,CONDUCCION NO ATENTO CONDICIONES TRANSITO MOMENTO,0,COLON,0,OROMPELLO,COLON - OROMPELLO,0, , , , ,2,0,1,UNIDIRECCIONAL,1,CONCRETO,1,BUENO,1,SECO,1,DESPEJADO,0,0,0,0,2
-8053994.22441239,-4503495.93527498,3728,22262,1377415,-72.3502611,-37.4605394,77,LOS ANGELES,1,37410,2021,1377415,REGION BIO BIO,8301,LOS ANGELES,OROMPELLO,COLON,0,"OROMPELLO & COLON, LOS ANGELES",CHILE,GEOMETRIC_CENTER,51440,2021,1377415,1,2021/09/06 00:00:00+00,1899/12/30 00:00:00+00,8,REGION BIO BIO,8301,LOS ANGELES,67,CHOQUE POSTERIOR/FRENTE,40,CHOQUE,1,URBANA,11,CRUCE CON SEMAFORO FUNCIONANDO,1,IMPRUDENCIA DEL CONDUCTOR,27,CONDUCCION NO ATENTO CONDICIONES TRANSITO MOMENTO,0,OROMPELLO,0,COLON,COLON - OROMPELLO,0, , , , ,1,0,1,UNIDIRECCIONAL,2,ASFALTO,2,REGULAR,3,MOJADO,3,LLUVIA,0,0,0,0,2
-8053994.22441239,-4503495.93527498,3729,22263,1382941,-72.3502611,-37.4605394,77,LOS ANGELES,1,41306,2021,1382941,REGION BIO BIO,8301,LOS ANGELES,COLON,OROMPELLO,0,"COLON & OROMPELLO, LOS ANGELES",CHILE,GEOMETRIC_CENTER,56634,2021,1382941,1,2021/09/28 00:00:00+00,1899/12/30 00:00:00+00,8,REGION BIO BIO,8301,LOS ANGELES,68,CHOQUE POSTERIOR/LADO,40,CHOQUE,1,URBANA,11,CRUCE CON SEMAFORO FUNCIONANDO,1,IMPRUDENCIA DEL CONDUCTOR,27,CONDUCCION NO ATENTO CONDICIONES TRANSITO MOMENTO,0,COLON,0,OROMPELLO,COLON - OROMPELLO,0, , , , ,1,0,1,UNIDIRECCIONAL,1,CONCRETO,2,REGULAR,1,SECO,1,DESPEJADO,0,0,0,0,2
-8053994.22441239,-4503495.93527498,3730,22264,1385552,-72.3502611,-37.4605394,77,LOS ANGELES,1,42906,2021,1385552,REGION BIO BIO,8301,LOS ANGELES,COLON,OROMPELLO,0,"COLON & OROMPELLO, LOS ANGELES",CHILE,GEOMETRIC_CENTER,58725,2021,1385552,1,2021/10/06 00:00:00+00,1899/12/30 00:00:00+00,8,REGION BIO BIO,8301,LOS ANGELES,30,COLISION,30,COLISION,1,URBANA,1,TRAMO DE VIA RECTA,1,IMPRUDENCIA DEL CONDUCTOR,27,CONDUCCION NO ATENTO CONDICIONES TRANSITO MOMENTO,0,COLON,0,OROMPELLO,COLON - OROMPELLO,0, , , , ,1,0,1,UNIDIRECCIONAL,1,CONCRETO,1,BUENO,1,SECO,1,DESPEJADO,0,0,0,0,2
-8053994.22441239,-4503495.93527498,3731,22265,1390173,-72.3502611,-37.4605394,77,LOS ANGELES,1,45814,2021,1390173,REGION BIO BIO,8301,LOS ANGELES,COLON,OROMPELLO,0,"COLON & OROMPELLO, LOS ANGELES",CHILE,GEOMETRIC_CENTER,62589,2021,1390173,1,2021/10/22 00:00:00+00,1899/12/30 00:00:00+00,8,REGION BIO BIO,8301,LOS ANGELES,32,COLISION LATERAL,30,COLISION,1,URBANA,11,CRUCE CON SEMAFORO FUNCIONANDO,1,IMPRUDENCIA DEL CONDUCTOR,27,CONDUCCION NO ATENTO CONDICIONES TRANSITO MOMENTO,0,COLON,0,OROMPELLO,COLON - OROMPELLO,0, , , , ,1,0,1,UNIDIRECCIONAL,1,CONCRETO,2,REGULAR,1,SECO,1,DESPEJADO,0,0,0,0,2
-8055846.02414174,-4503491.47560999,3732,22266,1359665,-72.3668961,-37.4605076,77,LOS ANGELES,1,25239,2021,1359665,REGION BIO BIO,8301,LOS ANGELES,DON VICTOR, ,1120,"DON VICTOR 1120, LOS ANGELES",CHILE,RANGE_INTERPOLATED,34895,2021,1359665,1,2021/06/29 00:00:00+00,1899/12/30 00:00:00+00,8,REGION BIO BIO,8301,LOS ANGELES,30,COLISION,30,COLISION,1,URBANA,1,TRAMO DE VIA RECTA,1,IMPRUDENCIA DEL CONDUCTOR,27,CONDUCCION NO ATENTO CONDICIONES TRANSITO MOMENTO,0,DON VICTOR,0, ,- DON VICTOR,1120, , , , ,2,0,1,UNIDIRECCIONAL,2,ASFALTO,1,BUENO,1,SECO,5,NEBLINA,0,0,0,0,2
-8053857.4127582,-4503489.47016378,3733,22267,1334756,-72.3490321,-37.4604933,77,LOS ANGELES,1,7581,2021,1334756,REGION BIO BIO,8301,LOS ANGELES,OROMPELLO,ALMAGRO,0,"OROMPELLO & ALMAGRO, LOS ANGELES",CHILE,GEOMETRIC_CENTER,10644,2021,1334756,1,2021/02/25 00:00:00+00,1899/12/30 00:00:00+00,8,REGION BIO BIO,8301,LOS ANGELES,67,CHOQUE POSTERIOR/FRENTE,40,CHOQUE,1,URBANA,1,TRAMO DE VIA RECTA,1,IMPRUDENCIA DEL CONDUCTOR,27,CONDUCCION NO ATENTO CONDICIONES TRANSITO MOMENTO,0,OROMPELLO,0,ALMAGRO,ALMAGRO - OROMPELLO,0, , , , ,2,0,1,UNIDIRECCIONAL,1,CONCRETO,1,BUENO,1,SECO,1,DESPEJADO,0,0,0,0,2
-8053857.4127582,-4503489.47016378,3734,22268,1349177,-72.3490321,-37.4604933,77,LOS ANGELES,1,17744,2021,1349177,REGION BIO BIO,8301,LOS ANGELES,ALMAGRO,OROMPELLO,0,"ALMAGRO & OROMPELLO, LOS ANGELES",CHILE,GEOMETRIC_CENTER,24427,2021,1349177,1,2021/05/12 00:00:00+00,1899/12/30 00:00:00+00,8,REGION BIO BIO,8301,LOS ANGELES,63,CHOQUE FRENTE/POSTERIOR,40,CHOQUE,1,URBANA,1,TRAMO DE VIA RECTA,1,IMPRUDENCIA DEL CONDUCTOR,27,CONDUCCION NO ATENTO CONDICIONES TRANSITO MOMENTO,0,ALMAGRO,0,OROMPELLO,ALMAGRO - OROMPELLO,0, , , , ,2,0,1,UNIDIRECCIONAL,1,CONCRETO,1,BUENO,1,SECO,1,DESPEJADO,0,0,0,0,2