X,Y,FID,FID_1,LABELID,POINT_X,POINT_Y,FID_2,COMUNAREAL,VAL_COM,OBJECTID,A_O,IDACCIDENT,REGION,COD_COMUN,COMUNA,CALLE_UNO,CALLE_DOS,NUMERO,DIR_GEOCOD,PAIS,TIPO,OBJECTID_1,Año,Idaccide_1,Claseaccid,Fecha,Hora,Cód_Regi,Región,Cód_Comun,Comuna_1,Cód_Tipo_,Tipo_Accid,Cód_Tipo1,Tipo__CONA,Cód_Zona,Zona,Cód_Ubica,Ubicación,Cód_Causa,Causa__CON,Cód_Cau_1,Causa,Cód_Calle,Calle_Un_1,Cód_Cal_1,Calle_Do_1,Intersecci,Número,Ruta,Cód_Ruta,Ubicaci_1,Km_Vía_Fe,Pistas_de_,Pistas_de1,Cód_Calza,Calzada,Cód__Tipo,Tipo_Calza,Cód_Estad,Estado_Cal,Cód_Condi,Condición,Cód_Est_1,Estado_Atm,Fallecidos,Graves,Menos_Grav,Leves,Ilesos
-8053857.4127582,-4503489.47016378,3735,22269,1349180,-72.3490321,-37.4604933,77,LOS ANGELES,1,17906,2021,1349180,REGION BIO BIO,8301,LOS ANGELES,OROMPELLO,ALMAGRO,0,"OROMPELLO & ALMAGRO, LOS ANGELES",CHILE,GEOMETRIC_CENTER,24646,2021,1349180,1,2021/05/13 00:00:00+00,1899/12/30 00:00:00+00,8,REGION BIO BIO,8301,LOS ANGELES,33,COLISION POR ALCANCE,30,COLISION,1,URBANA,11,CRUCE CON SEMAFORO FUNCIONANDO,1,IMPRUDENCIA DEL CONDUCTOR,27,CONDUCCION NO ATENTO CONDICIONES TRANSITO MOMENTO,0,OROMPELLO,0,ALMAGRO,ALMAGRO - OROMPELLO,0, , , , ,2,0,1,UNIDIRECCIONAL,1,CONCRETO,1,BUENO,1,SECO,1,DESPEJADO,0,0,0,1,1
-8056847.06466269,-4503485.080622,3736,22270,1347558,-72.3758886,-37.460462,77,LOS ANGELES,1,16818,2021,1347558,REGION BIO BIO,8301,LOS ANGELES,LAS TRANCAS,LAGUNA LAJA,0,"LAS TRANCAS & LAGUNA LAJA, LOS ANGELES",CHILE,GEOMETRIC_CENTER,23204,2021,1347558,1,2021/05/06 00:00:00+00,1899/12/30 00:00:00+00,8,REGION BIO BIO,8301,LOS ANGELES,30,COLISION,30,COLISION,1,URBANA,14,CRUCE CON SEÑAL PARE,1,IMPRUDENCIA DEL CONDUCTOR,27,CONDUCCION NO ATENTO CONDICIONES TRANSITO MOMENTO,0,LAS TRANCAS,0,LAGUNA LAJA,LAGUNA LAJA - LAS TRANCAS,0, , , , ,1,1,2,BIDIRECCIONAL,2,ASFALTO,1,BUENO,1,SECO,1,DESPEJADO,0,0,0,0,2
-8055782.9393863,-4503484.67392334,3737,22271,1366875,-72.3663294,-37.4604591,77,LOS ANGELES,1,29096,2021,1366875,REGION BIO BIO,8301,LOS ANGELES,OROMPELLO, ,1245,"OROMPELLO 1245, LOS ANGELES",CHILE,RANGE_INTERPOLATED,40229,2021,1366875,1,2021/07/22 00:00:00+00,1899/12/30 00:00:00+00,8,REGION BIO BIO,8301,LOS ANGELES,32,COLISION LATERAL,30,COLISION,1,URBANA,1,TRAMO DE VIA RECTA,1,IMPRUDENCIA DEL CONDUCTOR,27,CONDUCCION NO ATENTO CONDICIONES TRANSITO MOMENTO,0,OROMPELLO,0, ,- OROMPELLO,1245, , , , ,2,0,1,UNIDIRECCIONAL,1,CONCRETO,1,BUENO,1,SECO,2,NUBLADO,0,0,0,0,2
-8053129.08272579,-4503461.59029388,3738,22272,1346910,-72.3424894,-37.4602945,77,LOS ANGELES,1,16308,2021,1346910,REGION BIO BIO,8301,LOS ANGELES,VOLTA, ,1090,"VOLTA 1090, LOS ANGELES",CHILE,RANGE_INTERPOLATED,22487,2021,1346910,1,2021/05/02 00:00:00+00,1899/12/30 00:00:00+00,8,REGION BIO BIO,8301,LOS ANGELES,67,CHOQUE POSTERIOR/FRENTE,40,CHOQUE,1,URBANA,1,TRAMO DE VIA RECTA,1,IMPRUDENCIA DEL CONDUCTOR,27,CONDUCCION NO ATENTO CONDICIONES TRANSITO MOMENTO,0,VOLTA,0, ,- VOLTA,1090, , , , ,1,1,2,BIDIRECCIONAL,1,CONCRETO,2,REGULAR,2,HUMEDO,3,LLUVIA,0,0,0,0,2
-8048127.37555301,-4503459.8793586,3739,22273,1338575,-72.2975583,-37.4602823,77,LOS ANGELES,1,10610,2021,1338575,REGION BIO BIO,8301,LOS ANGELES,CHILE LINDO,EL COSTILLAR,0,"CHILE LINDO & EL COSTILLAR, LOS ANGELES",CHILE,GEOMETRIC_CENTER,14750,2021,1338575,1,2021/03/16 00:00:00+00,1899/12/30 00:00:00+00,8,REGION BIO BIO,8301,LOS ANGELES,51,CHOQUE FRONTAL,40,CHOQUE,1,URBANA,16,CRUCE SIN SEÑALIZACION,1,IMPRUDENCIA DEL CONDUCTOR,27,CONDUCCION NO ATENTO CONDICIONES TRANSITO MOMENTO,0,CHILE LINDO,0,EL COSTILLAR,CHILE LINDO - EL COSTILLAR,0, , , , ,1,1,2,BIDIRECCIONAL,5,RIPIO,2,REGULAR,0, ,2,NUBLADO,0,0,0,0,1
-8051348.96161657,-4503452.19417736,3740,22274,1342167,-72.3264983,-37.4602275,77,LOS ANGELES,1,13016,2021,1342167,REGION BIO BIO,8301,LOS ANGELES,LAS INDUSTRIAS, ,1044,"LAS INDUSTRIAS 1044, LOS ANGELES",CHILE,RANGE_INTERPOLATED,17973,2021,1342167,1,2021/04/06 00:00:00+00,1899/12/30 00:00:00+00,8,REGION BIO BIO,8301,LOS ANGELES,70,VOLCADURA,70,VOLCADURA,1,URBANA,1,TRAMO DE VIA RECTA,9,PERDIDA CONTROL VEHICULO,95,PERDIDA CONTROL VEHICULO,0,LAS INDUSTRIAS,0, ,- LAS INDUSTRIAS,1044, , , , ,1,1,2,BIDIRECCIONAL,2,ASFALTO,1,BUENO,3,MOJADO,4,LLOVIZNA,0,0,0,1,0
-8051384.31668684,-4503450.86189286,3741,22275,1328662,-72.3268159,-37.460218,77,LOS ANGELES,1,3765,2021,1328662,REGION BIO BIO,8301,LOS ANGELES,LAS INDUSTRIAS, ,1015,"LAS INDUSTRIAS 1015, LOS ANGELES",CHILE,RANGE_INTERPOLATED,5205,2021,1328662,1,2021/01/27 00:00:00+00,1899/12/30 00:00:00+00,8,REGION BIO BIO,8301,LOS ANGELES,32,COLISION LATERAL,30,COLISION,1,URBANA,1,TRAMO DE VIA RECTA,1,IMPRUDENCIA DEL CONDUCTOR,27,CONDUCCION NO ATENTO CONDICIONES TRANSITO MOMENTO,0,LAS INDUSTRIAS,0, ,- LAS INDUSTRIAS,1015, , , , ,1,1,2,BIDIRECCIONAL,1,CONCRETO,1,BUENO,1,SECO,1,DESPEJADO,0,0,0,0,2
-8057170.72608218,-4503435.98239015,3742,22276,1393861,-72.3787961,-37.4601119,77,LOS ANGELES,1,48816,2021,1393861,REGION BIO BIO,8301,LOS ANGELES,LAS TRANQUERAS,LOS ARIEROS,0,"LAS TRANQUERAS & LOS ARIEROS, LOS ANGELES",CHILE,GEOMETRIC_CENTER,66549,2021,1393861,1,2021/11/07 00:00:00+00,1899/12/30 00:00:00+00,8,REGION BIO BIO,8301,LOS ANGELES,32,COLISION LATERAL,30,COLISION,1,URBANA,16,CRUCE SIN SEÑALIZACION,1,IMPRUDENCIA DEL CONDUCTOR,27,CONDUCCION NO ATENTO CONDICIONES TRANSITO MOMENTO,0,LAS TRANQUERAS,0,LOS ARIEROS,LAS TRANQUERAS - LOS ARIEROS,0, , , , ,1,1,2,BIDIRECCIONAL,2,ASFALTO,1,BUENO,1,SECO,1,DESPEJADO,0,0,0,0,2
-8056305.46194414,-4503432.75686454,3743,22277,1340332,-72.3710233,-37.4600889,77,LOS ANGELES,1,11578,2021,1340332,REGION BIO BIO,8301,LOS ANGELES,OROMPELLO, ,1545,"OROMPELLO 1545, LOS ANGELES",CHILE,RANGE_INTERPOLATED,16038,2021,1340332,1,2021/03/23 00:00:00+00,1899/12/30 00:00:00+00,8,REGION BIO BIO,8301,LOS ANGELES,51,CHOQUE FRONTAL,40,CHOQUE,1,URBANA,1,TRAMO DE VIA RECTA,1,IMPRUDENCIA DEL CONDUCTOR,27,CONDUCCION NO ATENTO CONDICIONES TRANSITO MOMENTO,0,OROMPELLO,0, ,- OROMPELLO,1545, , , , ,2,0,1,UNIDIRECCIONAL,1,CONCRETO,1,BUENO,1,SECO,1,DESPEJADO,0,0,0,0,1
-8056305.46194414,-4503432.75686454,3744,22278,1368064,-72.3710233,-37.4600889,77,LOS ANGELES,1,30583,2021,1368064,REGION BIO BIO,8301,LOS ANGELES,OROMPELLO, ,1545,"OROMPELLO 1545, LOS ANGELES",CHILE,RANGE_INTERPOLATED,42275,2021,1368064,1,2021/07/31 00:00:00+00,1899/12/30 00:00:00+00,8,REGION BIO BIO,8301,LOS ANGELES,51,CHOQUE FRONTAL,40,CHOQUE,1,URBANA,1,TRAMO DE VIA RECTA,4,ALCOHOL EN CONDUCTOR,24,CONDUCCION EN ESTADO DE EBRIEDAD,0,OROMPELLO,0, ,- OROMPELLO,1545, , , , ,1,1,2,BIDIRECCIONAL,2,ASFALTO,1,BUENO,2,HUMEDO,1,DESPEJADO,0,0,0,0,1
-8056274.92700781,-4503428.22710634,3745,22279,1331952,-72.370749,-37.4600566,77,LOS ANGELES,1,5878,2021,1331952,REGION BIO BIO,8301,LOS ANGELES,LOS COIGUES,OROMPELLO,0,"LOS COIGUES & OROMPELLO, LOS ANGELES",CHILE,GEOMETRIC_CENTER,8199,2021,1331952,1,2021/02/12 00:00:00+00,1899/12/30 00:00:00+00,8,REGION BIO BIO,8301,LOS ANGELES,32,COLISION LATERAL,30,COLISION,1,URBANA,14,CRUCE CON SEÑAL PARE,1,IMPRUDENCIA DEL CONDUCTOR,23,CONDUCCION CONTRA SENTIDO DEL TRANSITO,0,LOS COIGUES,0,OROMPELLO,LOS COIGUES - OROMPELLO,0, , , , ,1,1,2,BIDIRECCIONAL,2,ASFALTO,1,BUENO,1,SECO,1,DESPEJADO,0,0,0,1,1
-8056274.92700781,-4503428.22710634,3746,22280,1408390,-72.370749,-37.4600566,77,LOS ANGELES,1,58925,2021,1408390,REGION BIO BIO,8301,LOS ANGELES,OROMPELLO,LOS COIGUES,0,"OROMPELLO & LOS COIGUES, LOS ANGELES",CHILE,GEOMETRIC_CENTER,80069,2021,1408390,1,2021/12/28 00:00:00+00,1899/12/30 00:00:00+00,8,REGION BIO BIO,8301,LOS ANGELES,31,COLISION FRONTAL,30,COLISION,1,URBANA,16,CRUCE SIN SEÑALIZACION,1,IMPRUDENCIA DEL CONDUCTOR,27,CONDUCCION NO ATENTO CONDICIONES TRANSITO MOMENTO,0,OROMPELLO,0,LOS COIGUES,LOS COIGUES - OROMPELLO,0, , , , ,1,1,2,BIDIRECCIONAL,1,CONCRETO,1,BUENO,1,SECO,1,DESPEJADO,0,0,0,1,1
-8052300.83231844,-4503428.04479413,3747,22281,1401826,-72.3350491,-37.4600553,77,LOS ANGELES,1,54779,2021,1401826,REGION BIO BIO,8301,LOS ANGELES,MALAGA,TOLEDO,0,"MALAGA & TOLEDO, LOS ANGELES",CHILE,GEOMETRIC_CENTER,74434,2021,1401826,1,2021/12/07 00:00:00+00,1899/12/30 00:00:00+00,8,REGION BIO BIO,8301,LOS ANGELES,32,COLISION LATERAL,30,COLISION,1,URBANA,11,CRUCE CON SEMAFORO FUNCIONANDO,1,IMPRUDENCIA DEL CONDUCTOR,27,CONDUCCION NO ATENTO CONDICIONES TRANSITO MOMENTO,0,MALAGA,0,TOLEDO,MALAGA - TOLEDO,0, , , , ,1,0,1,UNIDIRECCIONAL,1,CONCRETO,1,BUENO,1,SECO,1,DESPEJADO,0,0,0,0,2
-8057075.94866771,-4503422.8138375,3748,22282,1381302,-72.3779447,-37.460018,77,LOS ANGELES,1,40141,2021,1381302,REGION BIO BIO,8301,LOS ANGELES,LAS TRANCAS,ESTANISLAO ANGUITA,0,"LAS TRANCAS & ESTANISLAO ANGUITA, LOS ANGELES",CHILE,GEOMETRIC_CENTER,55127,2021,1381302,1,2021/09/21 00:00:00+00,1899/12/30 00:00:00+00,8,REGION BIO BIO,8301,LOS ANGELES,32,COLISION LATERAL,30,COLISION,1,URBANA,14,CRUCE CON SEÑAL PARE,10,DESOBEDIENCIA A SEÑALIZACION,65,SEÑALIZACION DESOBEDECER SEÑAL PARE,0,LAS TRANCAS,0,ESTANISLAO ANGUITA,ESTANISLAO ANGUITA - LAS TRANCAS,0, , , , ,2,0,1,UNIDIRECCIONAL,1,CONCRETO,1,BUENO,1,SECO,1,DESPEJADO,0,0,0,0,2
-8057499.2744273,-4503403.11012346,3749,22283,1388201,-72.3817475,-37.4598775,77,LOS ANGELES,1,44751,2021,1388201,REGION BIO BIO,8301,LOS ANGELES,LAS TRANQUERAS,PADRE HURTADO,0,"LAS TRANQUERAS & PADRE HURTADO, LOS ANGELES",CHILE,GEOMETRIC_CENTER,61166,2021,1388201,1,2021/10/16 00:00:00+00,1899/12/30 00:00:00+00,8,REGION BIO BIO,8301,LOS ANGELES,52,CHOQUE LATERAL,40,CHOQUE,1,URBANA,14,CRUCE CON SEÑAL PARE,10,DESOBEDIENCIA A SEÑALIZACION,65,SEÑALIZACION DESOBEDECER SEÑAL PARE,0,LAS TRANQUERAS,0,PADRE HURTADO,LAS TRANQUERAS - PADRE HURTADO,0, , , , ,1,2,2,BIDIRECCIONAL,1,CONCRETO,1,BUENO,1,SECO,1,DESPEJADO,0,0,0,3,4
-8056537.28478372,-4503387.76789774,3750,22284,1342815,-72.3731058,-37.4597681,77,LOS ANGELES,1,13578,2021,1342815,REGION BIO BIO,8301,LOS ANGELES,LA TRINIDAD, ,1080,"LA TRINIDAD 1080, LOS ANGELES",CHILE,RANGE_INTERPOLATED,18756,2021,1342815,1,2021/04/11 00:00:00+00,1899/12/30 00:00:00+00,8,REGION BIO BIO,8301,LOS ANGELES,53,CHOQUE POSTERIOR,40,CHOQUE,1,URBANA,1,TRAMO DE VIA RECTA,1,IMPRUDENCIA DEL CONDUCTOR,27,CONDUCCION NO ATENTO CONDICIONES TRANSITO MOMENTO,0,LA TRINIDAD,0, ,- LA TRINIDAD,1080, , , , ,1,1,2,BIDIRECCIONAL,1,CONCRETO,1,BUENO,1,SECO,1,DESPEJADO,0,0,0,0,2
-8052972.9905358,-4503386.50574123,3751,22285,1366911,-72.3410872,-37.4597591,77,LOS ANGELES,1,29095,2021,1366911,REGION BIO BIO,8301,LOS ANGELES,MARCONI,OROMPELLO,0,"MARCONI & OROMPELLO, LOS ANGELES",CHILE,GEOMETRIC_CENTER,40227,2021,1366911,1,2021/07/22 00:00:00+00,1899/12/30 00:00:00+00,8,REGION BIO BIO,8301,LOS ANGELES,67,CHOQUE POSTERIOR/FRENTE,40,CHOQUE,1,URBANA,11,CRUCE CON SEMAFORO FUNCIONANDO,1,IMPRUDENCIA DEL CONDUCTOR,27,CONDUCCION NO ATENTO CONDICIONES TRANSITO MOMENTO,0,MARCONI,0,OROMPELLO,MARCONI - OROMPELLO,0, , , , ,2,0,1,UNIDIRECCIONAL,2,ASFALTO,1,BUENO,1,SECO,2,NUBLADO,0,0,0,1,1
-8052972.9905358,-4503386.50574123,3752,22286,1401828,-72.3410872,-37.4597591,77,LOS ANGELES,1,54711,2021,1401828,REGION BIO BIO,8301,LOS ANGELES,OROMPELLO,MARCONI,0,"OROMPELLO & MARCONI, LOS ANGELES",CHILE,GEOMETRIC_CENTER,74359,2021,1401828,1,2021/12/07 00:00:00+00,1899/12/30 00:00:00+00,8,REGION BIO BIO,8301,LOS ANGELES,63,CHOQUE FRENTE/POSTERIOR,40,CHOQUE,1,URBANA,11,CRUCE CON SEMAFORO FUNCIONANDO,1,IMPRUDENCIA DEL CONDUCTOR,27,CONDUCCION NO ATENTO CONDICIONES TRANSITO MOMENTO,0,OROMPELLO,0,MARCONI,MARCONI - OROMPELLO,0, , , , ,1,1,2,BIDIRECCIONAL,2,ASFALTO,1,BUENO,1,SECO,2,NUBLADO,0,0,0,0,2
-8053267.15229022,-4503340.19872632,3753,22287,1340417,-72.3437297,-37.4594289,77,LOS ANGELES,1,11618,2021,1340417,REGION BIO BIO,8301,LOS ANGELES,LOS PEHUENCHES, ,991,"LOS PEHUENCHES 991, LOS ANGELES",CHILE,RANGE_INTERPOLATED,16097,2021,1340417,1,2021/03/24 00:00:00+00,1899/12/30 00:00:00+00,8,REGION BIO BIO,8301,LOS ANGELES,65,CHOQUE LADO/LADO,40,CHOQUE,1,URBANA,1,TRAMO DE VIA RECTA,1,IMPRUDENCIA DEL CONDUCTOR,27,CONDUCCION NO ATENTO CONDICIONES TRANSITO MOMENTO,0,LOS PEHUENCHES,0, ,- LOS PEHUENCHES,991, , , , ,1,0,1,UNIDIRECCIONAL,1,CONCRETO,1,BUENO,1,SECO,1,DESPEJADO,0,0,0,0,2
-8053587.60770837,-4503319.82202167,3754,22288,1355576,-72.3466084,-37.4592836,77,LOS ANGELES,1,22486,2021,1355576,REGION BIO BIO,8301,LOS ANGELES,VILLAGRAN, ,1257,"VILLAGRAN 1257, LOS ANGELES",CHILE,RANGE_INTERPOLATED,30969,2021,1355576,1,2021/06/11 00:00:00+00,1899/12/30 00:00:00+00,8,REGION BIO BIO,8301,LOS ANGELES,32,COLISION LATERAL,30,COLISION,1,URBANA,1,TRAMO DE VIA RECTA,1,IMPRUDENCIA DEL CONDUCTOR,27,CONDUCCION NO ATENTO CONDICIONES TRANSITO MOMENTO,0,VILLAGRAN,0, ,- VILLAGRAN,1257, , , , ,2,0,1,UNIDIRECCIONAL,1,CONCRETO,1,BUENO,1,SECO,1,DESPEJADO,0,0,0,0,2
-8057440.6201876,-4503306.77982956,3755,22289,1351458,-72.3812206,-37.4591906,77,LOS ANGELES,1,19108,2021,1351458,REGION BIO BIO,8301,LOS ANGELES,LOS ARRIEROS,EL BOLSON,0,"LOS ARRIEROS & EL BOLSON, LOS ANGELES",CHILE,GEOMETRIC_CENTER,26290,2021,1351458,1,2021/05/20 00:00:00+00,1899/12/30 00:00:00+00,8,REGION BIO BIO,8301,LOS ANGELES,33,COLISION POR ALCANCE,30,COLISION,1,URBANA,1,TRAMO DE VIA RECTA,1,IMPRUDENCIA DEL CONDUCTOR,28,CONDUCCION SIN MANTENER DISTANCIA RAZONABLE NI PRUDENTE,0,LOS ARRIEROS,0,EL BOLSON,EL BOLSON - LOS ARRIEROS,0, , , , ,2,2,2,BIDIRECCIONAL,1,CONCRETO,1,BUENO,1,SECO,1,DESPEJADO,1,0,0,0,1
-8051277.30526034,-4503305.06891955,3756,22290,1366882,-72.3258546,-37.4591784,77,LOS ANGELES,1,29084,2021,1366882,REGION BIO BIO,8301,LOS ANGELES,LAS INDUSTRIAS,CAMINO VIEJO,0,"LAS INDUSTRIAS & CAMINO VIEJO, LOS ANGELES",CHILE,GEOMETRIC_CENTER,40215,2021,1366882,1,2021/07/22 00:00:00+00,1899/12/30 00:00:00+00,8,REGION BIO BIO,8301,LOS ANGELES,34,COLISION PERPENDICULAR,30,COLISION,1,URBANA,1,TRAMO DE VIA RECTA,1,IMPRUDENCIA DEL CONDUCTOR,27,CONDUCCION NO ATENTO CONDICIONES TRANSITO MOMENTO,0,LAS INDUSTRIAS,0,CAMINO VIEJO,CAMINO VIEJO - LAS INDUSTRIAS,0, , , , ,2,0,1,UNIDIRECCIONAL,2,ASFALTO,1,BUENO,1,SECO,1,DESPEJADO,0,0,0,0,2
-8054949.02281687,-4503298.66002138,3757,22291,1378340,-72.3588382,-37.4591327,77,LOS ANGELES,1,37818,2021,1378340,REGION BIO BIO,8301,LOS ANGELES,ALMIRANTE LATORRE, ,749,"ALMIRANTE LATORRE 749, LOS ANGELES",CHILE,RANGE_INTERPOLATED,51967,2021,1378340,1,2021/09/09 00:00:00+00,1899/12/30 00:00:00+00,8,REGION BIO BIO,8301,LOS ANGELES,32,COLISION LATERAL,30,COLISION,1,URBANA,1,TRAMO DE VIA RECTA,1,IMPRUDENCIA DEL CONDUCTOR,27,CONDUCCION NO ATENTO CONDICIONES TRANSITO MOMENTO,0,ALMIRANTE LATORRE,0, ,- ALMIRANTE LATORRE,749, , , , ,2,2,3,BIDIRECCIONAL CON BANDEJON,1,CONCRETO,1,BUENO,1,SECO,1,DESPEJADO,0,0,0,0,2
-8053875.63575885,-4503294.22848796,3758,22292,1325830,-72.3491958,-37.4591011,77,LOS ANGELES,1,1863,2021,1325830,REGION BIO BIO,8301,LOS ANGELES,ALMIRANTE LATORRE, ,140,"ALMIRANTE LATORRE 140, LOS ANGELES",CHILE,RANGE_INTERPOLATED,2555,2021,1325830,1,2021/01/13 00:00:00+00,1899/12/30 00:00:00+00,8,REGION BIO BIO,8301,LOS ANGELES,30,COLISION,30,COLISION,1,URBANA,1,TRAMO DE VIA RECTA,1,IMPRUDENCIA DEL CONDUCTOR,27,CONDUCCION NO ATENTO CONDICIONES TRANSITO MOMENTO,0,ALMIRANTE LATORRE,0, ,- ALMIRANTE LATORRE,140, , , , ,1,1,2,BIDIRECCIONAL,2,ASFALTO,1,BUENO,1,SECO,1,DESPEJADO,0,0,0,0,2
-8054373.7125565,-4503272.21108702,3759,22293,1390028,-72.3536701,-37.4589441,77,LOS ANGELES,1,45553,2021,1390028,REGION BIO BIO,8301,LOS ANGELES,ALMIRANTE LATORRE,MENDOZA,0,"ALMIRANTE LATORRE & MENDOZA, LOS ANGELES",CHILE,GEOMETRIC_CENTER,62263,2021,1390028,1,2021/10/21 00:00:00+00,1899/12/30 00:00:00+00,8,REGION BIO BIO,8301,LOS ANGELES,32,COLISION LATERAL,30,COLISION,1,URBANA,14,CRUCE CON SEÑAL PARE,1,IMPRUDENCIA DEL CONDUCTOR,27,CONDUCCION NO ATENTO CONDICIONES TRANSITO MOMENTO,0,ALMIRANTE LATORRE,0,MENDOZA,ALMIRANTE LATORRE - MENDOZA,0, , , , ,2,0,1,UNIDIRECCIONAL,1,CONCRETO,1,BUENO,1,SECO,1,DESPEJADO,0,0,0,0,2
-8052937.45735434,-4503270.79468256,3760,22294,1336444,-72.340768,-37.458934,77,LOS ANGELES,1,9027,2021,1336444,REGION BIO BIO,8301,LOS ANGELES,GALVARINO,AMADA FUENTALBA,0,"GALVARINO & AMADA FUENTALBA, LOS ANGELES",CHILE,GEOMETRIC_CENTER,12618,2021,1336444,1,2021/03/06 00:00:00+00,1899/12/30 00:00:00+00,8,REGION BIO BIO,8301,LOS ANGELES,70,VOLCADURA,70,VOLCADURA,1,URBANA,3,TRAMO DE VIA CURVA VERTICAL,9,PERDIDA CONTROL VEHICULO,95,PERDIDA CONTROL VEHICULO,0,GALVARINO,0,AMADA FUENTALBA,AMADA FUENTALBA - GALVARINO,0, , , , ,2,0,1,UNIDIRECCIONAL,2,ASFALTO,1,BUENO,1,SECO,1,DESPEJADO,0,1,0,0,0
-8054140.4536955,-4503262.60478327,3761,22295,1397965,-72.3515747,-37.4588756,77,LOS ANGELES,1,51228,2021,1397965,REGION BIO BIO,8301,LOS ANGELES,ALMIRANTE LATORRE,VALDIVIA,0,"ALMIRANTE LATORRE & VALDIVIA, LOS ANGELES",CHILE,GEOMETRIC_CENTER,69700,2021,1397965,1,2021/11/19 00:00:00+00,1899/12/30 00:00:00+00,8,REGION BIO BIO,8301,LOS ANGELES,33,COLISION POR ALCANCE,30,COLISION,1,URBANA,16,CRUCE SIN SEÑALIZACION,1,IMPRUDENCIA DEL CONDUCTOR,27,CONDUCCION NO ATENTO CONDICIONES TRANSITO MOMENTO,0,ALMIRANTE LATORRE,0,VALDIVIA,ALMIRANTE LATORRE - VALDIVIA,0, , , , ,2,0,1,UNIDIRECCIONAL,1,CONCRETO,2,REGULAR,1,SECO,1,DESPEJADO,0,0,0,0,2
-8053725.632745,-4503259.43540615,3762,22296,1331336,-72.3478483,-37.458853,77,LOS ANGELES,1,5544,2021,1331336,REGION BIO BIO,8301,LOS ANGELES,ALMIRANTE LATORRE,ALMAGRO,0,"ALMIRANTE LATORRE & ALMAGRO, LOS ANGELES",CHILE,GEOMETRIC_CENTER,7745,2021,1331336,1,2021/02/10 00:00:00+00,1899/12/30 00:00:00+00,8,REGION BIO BIO,8301,LOS ANGELES,32,COLISION LATERAL,30,COLISION,1,URBANA,16,CRUCE SIN SEÑALIZACION,1,IMPRUDENCIA DEL CONDUCTOR,27,CONDUCCION NO ATENTO CONDICIONES TRANSITO MOMENTO,0,ALMIRANTE LATORRE,0,ALMAGRO,ALMAGRO - ALMIRANTE LATORRE,0, , , , ,1,0,1,UNIDIRECCIONAL,1,CONCRETO,1,BUENO,1,SECO,1,DESPEJADO,0,0,0,0,2
-8053974.55425837,-4503253.86796282,3763,22297,1337993,-72.3500844,-37.4588133,77,LOS ANGELES,1,10304,2021,1337993,REGION BIO BIO,8301,LOS ANGELES,COLON,ALMIRANTE LATORRE,0,"COLON & ALMIRANTE LATORRE, LOS ANGELES",CHILE,GEOMETRIC_CENTER,14336,2021,1337993,1,2021/03/14 00:00:00+00,1899/12/30 00:00:00+00,8,REGION BIO BIO,8301,LOS ANGELES,32,COLISION LATERAL,30,COLISION,1,URBANA,11,CRUCE CON SEMAFORO FUNCIONANDO,1,IMPRUDENCIA DEL CONDUCTOR,27,CONDUCCION NO ATENTO CONDICIONES TRANSITO MOMENTO,0,COLON,0,ALMIRANTE LATORRE,ALMIRANTE LATORRE - COLON,0, , , , ,2,0,1,UNIDIRECCIONAL,2,ASFALTO,1,BUENO,1,SECO,1,DESPEJADO,0,0,0,1,1
-8053974.55425837,-4503253.86796282,3764,22298,1385992,-72.3500844,-37.4588133,77,LOS ANGELES,1,43359,2021,1385992,REGION BIO BIO,8301,LOS ANGELES,COLON,ALMIRANTE LATORRE,0,"COLON & ALMIRANTE LATORRE, LOS ANGELES",CHILE,GEOMETRIC_CENTER,59290,2021,1385992,1,2021/10/08 00:00:00+00,1899/12/30 00:00:00+00,8,REGION BIO BIO,8301,LOS ANGELES,52,CHOQUE LATERAL,40,CHOQUE,1,URBANA,11,CRUCE CON SEMAFORO FUNCIONANDO,1,IMPRUDENCIA DEL CONDUCTOR,27,CONDUCCION NO ATENTO CONDICIONES TRANSITO MOMENTO,0,COLON,0,ALMIRANTE LATORRE,ALMIRANTE LATORRE - COLON,0, , , , ,2,0,1,UNIDIRECCIONAL,1,CONCRETO,1,BUENO,1,SECO,1,DESPEJADO,0,0,0,0,2
-8053017.37361678,-4503250.54432677,3765,22299,1392527,-72.3414859,-37.4587896,77,LOS ANGELES,1,47812,2021,1392527,REGION BIO BIO,8301,LOS ANGELES,MARCONI,ALMIRANTE LATORRE,0,"MARCONI & ALMIRANTE LATORRE, LOS ANGELES",CHILE,GEOMETRIC_CENTER,65240,2021,1392527,1,2021/11/02 00:00:00+00,1899/12/30 00:00:00+00,8,REGION BIO BIO,8301,LOS ANGELES,63,CHOQUE FRENTE/POSTERIOR,40,CHOQUE,1,URBANA,11,CRUCE CON SEMAFORO FUNCIONANDO,1,IMPRUDENCIA DEL CONDUCTOR,27,CONDUCCION NO ATENTO CONDICIONES TRANSITO MOMENTO,0,MARCONI,0,ALMIRANTE LATORRE,ALMIRANTE LATORRE - MARCONI,0, , , , ,1,1,3,BIDIRECCIONAL CON BANDEJON,2,ASFALTO,1,BUENO,1,SECO,1,DESPEJADO,0,0,0,2,0