X,Y,FID,FID_1,LABELID,POINT_X,POINT_Y,FID_2,COMUNAREAL,VAL_COM,OBJECTID,A_O,IDACCIDENT,REGION,COD_COMUN,COMUNA,CALLE_UNO,CALLE_DOS,NUMERO,DIR_GEOCOD,PAIS,TIPO,OBJECTID_1,Año,Idaccide_1,Claseaccid,Fecha,Hora,Cód_Regi,Región,Cód_Comun,Comuna_1,Cód_Tipo_,Tipo_Accid,Cód_Tipo1,Tipo__CONA,Cód_Zona,Zona,Cód_Ubica,Ubicación,Cód_Causa,Causa__CON,Cód_Cau_1,Causa,Cód_Calle,Calle_Un_1,Cód_Cal_1,Calle_Do_1,Intersecci,Número,Ruta,Cód_Ruta,Ubicaci_1,Km_Vía_Fe,Pistas_de_,Pistas_de1,Cód_Calza,Calzada,Cód__Tipo,Tipo_Calza,Cód_Estad,Estado_Cal,Cód_Condi,Condición,Cód_Est_1,Estado_Atm,Fallecidos,Graves,Menos_Grav,Leves,Ilesos
-8054340.4836885,-4503249.5766861,3766,22300,1393255,-72.3533716,-37.4587827,77,LOS ANGELES,1,48431,2021,1393255,REGION BIO BIO,8301,LOS ANGELES,SANTO DOMINGO, ,124,"SANTO DOMINGO 124, LOS ANGELES",CHILE,RANGE_INTERPOLATED,66032,2021,1393255,1,2021/11/05 00:00:00+00,1899/12/30 00:00:00+00,8,REGION BIO BIO,8301,LOS ANGELES,63,CHOQUE FRENTE/POSTERIOR,40,CHOQUE,1,URBANA,1,TRAMO DE VIA RECTA,1,IMPRUDENCIA DEL CONDUCTOR,27,CONDUCCION NO ATENTO CONDICIONES TRANSITO MOMENTO,0,SANTO DOMINGO,0, ,- SANTO DOMINGO,124, , , , ,1,1,2,BIDIRECCIONAL,2,ASFALTO,1,BUENO,1,SECO,1,DESPEJADO,0,0,0,0,2
-8053882.32606024,-4503249.0858539,3767,22301,1398264,-72.3492559,-37.4587792,77,LOS ANGELES,1,51826,2021,1398264,REGION BIO BIO,8301,LOS ANGELES,ALMIRANTE LATORRE,TEBAS,0,"ALMIRANTE LATORRE & TEBAS, LOS ANGELES",CHILE,GEOMETRIC_CENTER,70491,2021,1398264,1,2021/11/22 00:00:00+00,1899/12/30 00:00:00+00,8,REGION BIO BIO,8301,LOS ANGELES,30,COLISION,30,COLISION,1,URBANA,1,TRAMO DE VIA RECTA,1,IMPRUDENCIA DEL CONDUCTOR,27,CONDUCCION NO ATENTO CONDICIONES TRANSITO MOMENTO,0,ALMIRANTE LATORRE,0,TEBAS,ALMIRANTE LATORRE - TEBAS,0, , , , ,2,2,3,BIDIRECCIONAL CON BANDEJON,2,ASFALTO,1,BUENO,1,SECO,1,DESPEJADO,0,0,0,2,1
-8054442.43007817,-4503248.8474497,3768,22302,1332197,-72.3542874,-37.4587775,77,LOS ANGELES,1,6246,2021,1332197,REGION BIO BIO,8301,LOS ANGELES,ALMIRANTE LATORRE, ,455,"ALMIRANTE LATORRE 455, LOS ANGELES",CHILE,RANGE_INTERPOLATED,8722,2021,1332197,1,2021/02/15 00:00:00+00,1899/12/30 00:00:00+00,8,REGION BIO BIO,8301,LOS ANGELES,30,COLISION,30,COLISION,1,URBANA,1,TRAMO DE VIA RECTA,1,IMPRUDENCIA DEL CONDUCTOR,27,CONDUCCION NO ATENTO CONDICIONES TRANSITO MOMENTO,0,ALMIRANTE LATORRE,0, ,- ALMIRANTE LATORRE,455, , , , ,2,0,1,UNIDIRECCIONAL,2,ASFALTO,1,BUENO,1,SECO,1,DESPEJADO,0,0,0,0,2
-8054442.43007817,-4503248.8474497,3769,22303,1366621,-72.3542874,-37.4587775,77,LOS ANGELES,1,28611,2021,1366621,REGION BIO BIO,8301,LOS ANGELES,ALMIRANTE LATORRE, ,455,"ALMIRANTE LATORRE 455, LOS ANGELES",CHILE,RANGE_INTERPOLATED,39534,2021,1366621,1,2021/07/19 00:00:00+00,1899/12/30 00:00:00+00,8,REGION BIO BIO,8301,LOS ANGELES,33,COLISION POR ALCANCE,30,COLISION,1,URBANA,1,TRAMO DE VIA RECTA,1,IMPRUDENCIA DEL CONDUCTOR,27,CONDUCCION NO ATENTO CONDICIONES TRANSITO MOMENTO,0,ALMIRANTE LATORRE,0, ,- ALMIRANTE LATORRE,455, , , , ,2,0,1,UNIDIRECCIONAL,2,ASFALTO,1,BUENO,1,SECO,1,DESPEJADO,0,0,0,2,0
-8053750.86887357,-4503243.15379808,3770,22304,1329295,-72.348075,-37.4587369,77,LOS ANGELES,1,4356,2021,1329295,REGION BIO BIO,8301,LOS ANGELES,ALMIRANTE LATORRE,ESMERALDA,0,"ALMIRANTE LATORRE & ESMERALDA, LOS ANGELES",CHILE,GEOMETRIC_CENTER,6118,2021,1329295,1,2021/02/01 00:00:00+00,1899/12/30 00:00:00+00,8,REGION BIO BIO,8301,LOS ANGELES,32,COLISION LATERAL,30,COLISION,1,URBANA,1,TRAMO DE VIA RECTA,1,IMPRUDENCIA DEL CONDUCTOR,27,CONDUCCION NO ATENTO CONDICIONES TRANSITO MOMENTO,0,ALMIRANTE LATORRE,0,ESMERALDA,ALMIRANTE LATORRE - ESMERALDA,0, , , , ,1,1,2,BIDIRECCIONAL,1,CONCRETO,1,BUENO,1,SECO,1,DESPEJADO,0,0,0,0,2
-8053750.86887357,-4503243.15379808,3771,22305,1334441,-72.348075,-37.4587369,77,LOS ANGELES,1,7586,2021,1334441,REGION BIO BIO,8301,LOS ANGELES,ALMIRANTE LATORRE,ESMERALDA,0,"ALMIRANTE LATORRE & ESMERALDA, LOS ANGELES",CHILE,GEOMETRIC_CENTER,10654,2021,1334441,1,2021/02/25 00:00:00+00,1899/12/30 00:00:00+00,8,REGION BIO BIO,8301,LOS ANGELES,51,CHOQUE FRONTAL,40,CHOQUE,1,URBANA,11,CRUCE CON SEMAFORO FUNCIONANDO,1,IMPRUDENCIA DEL CONDUCTOR,27,CONDUCCION NO ATENTO CONDICIONES TRANSITO MOMENTO,0,ALMIRANTE LATORRE,0,ESMERALDA,ALMIRANTE LATORRE - ESMERALDA,0, , , , ,1,1,2,BIDIRECCIONAL,1,CONCRETO,1,BUENO,1,SECO,1,DESPEJADO,0,0,0,0,1
-8053683.42039409,-4503231.14945896,3772,22306,1402618,-72.3474691,-37.4586513,77,LOS ANGELES,1,55035,2021,1402618,REGION BIO BIO,8301,LOS ANGELES,LOS MISIONEROS, ,1605,"LOS MISIONEROS 1605, LOS ANGELES",CHILE,RANGE_INTERPOLATED,74781,2021,1402618,1,2021/12/08 00:00:00+00,1899/12/30 00:00:00+00,8,REGION BIO BIO,8301,LOS ANGELES,68,CHOQUE POSTERIOR/LADO,40,CHOQUE,1,URBANA,1,TRAMO DE VIA RECTA,1,IMPRUDENCIA DEL CONDUCTOR,27,CONDUCCION NO ATENTO CONDICIONES TRANSITO MOMENTO,0,LOS MISIONEROS,0, ,- LOS MISIONEROS,1605, , , , ,2,0,1,UNIDIRECCIONAL,1,CONCRETO,1,BUENO,1,SECO,2,NUBLADO,0,0,0,0,2
-8053024.27542521,-4503220.9682195,3773,22307,1353306,-72.3415479,-37.4585787,77,LOS ANGELES,1,16200,2021,1353306,REGION BIO BIO,8301,LOS ANGELES,MARCONI, ,1177,"MARCONI 1177, LOS ANGELES",CHILE,RANGE_INTERPOLATED,22315,2021,1353306,1,2021/05/01 00:00:00+00,1899/12/30 00:00:00+00,8,REGION BIO BIO,8301,LOS ANGELES,52,CHOQUE LATERAL,40,CHOQUE,1,URBANA,1,TRAMO DE VIA RECTA,9,PERDIDA CONTROL VEHICULO,95,PERDIDA CONTROL VEHICULO,0,MARCONI,0, ,- MARCONI,1177, , , , ,1,1,2,BIDIRECCIONAL,1,CONCRETO,1,BUENO,3,MOJADO,2,NUBLADO,0,0,0,0,1
-8053595.74516315,-4503216.60683758,3774,22308,1359264,-72.3466815,-37.4585476,77,LOS ANGELES,1,24687,2021,1359264,REGION BIO BIO,8301,LOS ANGELES,VILLAGRAN, ,1306,"VILLAGRAN 1306, LOS ANGELES",CHILE,RANGE_INTERPOLATED,34023,2021,1359264,1,2021/06/25 00:00:00+00,1899/12/30 00:00:00+00,8,REGION BIO BIO,8301,LOS ANGELES,67,CHOQUE POSTERIOR/FRENTE,40,CHOQUE,1,URBANA,1,TRAMO DE VIA RECTA,1,IMPRUDENCIA DEL CONDUCTOR,27,CONDUCCION NO ATENTO CONDICIONES TRANSITO MOMENTO,0,VILLAGRAN,0, ,- VILLAGRAN,1306, , , , ,2,0,1,UNIDIRECCIONAL,1,CONCRETO,1,BUENO,1,SECO,1,DESPEJADO,0,0,0,1,1
-8052950.93814467,-4503188.36307699,3775,22309,1376186,-72.3408891,-37.4583462,77,LOS ANGELES,1,36450,2021,1376186,REGION BIO BIO,8301,LOS ANGELES,ALMIRANTE LATORRE, ,420,"ALMIRANTE LATORRE 420, LOS ANGELES",CHILE,RANGE_INTERPOLATED,50158,2021,1376186,1,2021/09/01 00:00:00+00,1899/12/30 00:00:00+00,8,REGION BIO BIO,8301,LOS ANGELES,66,CHOQUE LADO/POSTERIOR,40,CHOQUE,1,URBANA,1,TRAMO DE VIA RECTA,1,IMPRUDENCIA DEL CONDUCTOR,27,CONDUCCION NO ATENTO CONDICIONES TRANSITO MOMENTO,0,ALMIRANTE LATORRE,0, ,- ALMIRANTE LATORRE,420, , , , ,1,0,1,UNIDIRECCIONAL,1,CONCRETO,1,BUENO,1,SECO,1,DESPEJADO,0,1,0,0,1
-8052230.73443509,-4503177.71909758,3776,22310,1324044,-72.3344194,-37.4582703,77,LOS ANGELES,1,937,2021,1324044,REGION BIO BIO,8301,LOS ANGELES,ORIENTE,LAUCA,0,"ORIENTE & LAUCA, LOS ANGELES",CHILE,GEOMETRIC_CENTER,1280,2021,1324044,1,2021/01/07 00:00:00+00,1899/12/30 00:00:00+00,8,REGION BIO BIO,8301,LOS ANGELES,32,COLISION LATERAL,30,COLISION,1,URBANA,14,CRUCE CON SEÑAL PARE,10,DESOBEDIENCIA A SEÑALIZACION,65,SEÑALIZACION DESOBEDECER SEÑAL PARE,0,ORIENTE,0,LAUCA,LAUCA - ORIENTE,0, , , , ,1,1,2,BIDIRECCIONAL,1,CONCRETO,1,BUENO,1,SECO,1,DESPEJADO,0,0,0,0,2
-8053678.71157963,-4503164.94353182,3777,22311,1406869,-72.3474268,-37.4581792,77,LOS ANGELES,1,57928,2021,1406869,REGION BIO BIO,8301,LOS ANGELES,ALMAGRO, ,1236,"ALMAGRO 1236, LOS ANGELES",CHILE,RANGE_INTERPOLATED,78672,2021,1406869,1,2021/12/23 00:00:00+00,1899/12/30 00:00:00+00,8,REGION BIO BIO,8301,LOS ANGELES,65,CHOQUE LADO/LADO,40,CHOQUE,1,URBANA,1,TRAMO DE VIA RECTA,1,IMPRUDENCIA DEL CONDUCTOR,27,CONDUCCION NO ATENTO CONDICIONES TRANSITO MOMENTO,0,ALMAGRO,0, ,- ALMAGRO,1236, , , , ,2,0,1,UNIDIRECCIONAL,2,ASFALTO,1,BUENO,1,SECO,1,DESPEJADO,0,0,0,0,2
-8053673.80239009,-4503158.53471929,3778,22312,1393777,-72.3473827,-37.4581335,77,LOS ANGELES,1,48651,2021,1393777,REGION BIO BIO,8301,LOS ANGELES,ALMAGRO, ,1256,"ALMAGRO 1256, LOS ANGELES",CHILE,RANGE_INTERPOLATED,66324,2021,1393777,1,2021/11/06 00:00:00+00,1899/12/30 00:00:00+00,8,REGION BIO BIO,8301,LOS ANGELES,51,CHOQUE FRONTAL,40,CHOQUE,1,URBANA,1,TRAMO DE VIA RECTA,1,IMPRUDENCIA DEL CONDUCTOR,27,CONDUCCION NO ATENTO CONDICIONES TRANSITO MOMENTO,0,ALMAGRO,0, ,- ALMAGRO,1256, , , , ,1,0,1,UNIDIRECCIONAL,1,CONCRETO,1,BUENO,1,SECO,1,DESPEJADO,0,0,0,1,2
-8053524.17786251,-4503149.44739445,3779,22313,1344643,-72.3460386,-37.4580687,77,LOS ANGELES,1,14107,2021,1344643,REGION BIO BIO,8301,LOS ANGELES,VILLAGRAN,CHORRILLOS,0,"VILLAGRAN & CHORRILLOS, LOS ANGELES",CHILE,GEOMETRIC_CENTER,19476,2021,1344643,1,2021/04/15 00:00:00+00,1899/12/30 00:00:00+00,8,REGION BIO BIO,8301,LOS ANGELES,69,CHOQUE POSTERIOR/POSTERIOR,40,CHOQUE,1,URBANA,1,TRAMO DE VIA RECTA,1,IMPRUDENCIA DEL CONDUCTOR,27,CONDUCCION NO ATENTO CONDICIONES TRANSITO MOMENTO,0,VILLAGRAN,0,CHORRILLOS,CHORRILLOS - VILLAGRAN,0, , , , ,2,0,1,UNIDIRECCIONAL,1,CONCRETO,1,BUENO,1,SECO,1,DESPEJADO,0,0,0,1,2
-8053524.17786251,-4503149.44739445,3780,22314,1386728,-72.3460386,-37.4580687,77,LOS ANGELES,1,43932,2021,1386728,REGION BIO BIO,8301,LOS ANGELES,VILLAGRAN,CHORRILLOS,0,"VILLAGRAN & CHORRILLOS, LOS ANGELES",CHILE,GEOMETRIC_CENTER,60119,2021,1386728,1,2021/10/12 00:00:00+00,1899/12/30 00:00:00+00,8,REGION BIO BIO,8301,LOS ANGELES,32,COLISION LATERAL,30,COLISION,1,URBANA,1,TRAMO DE VIA RECTA,1,IMPRUDENCIA DEL CONDUCTOR,27,CONDUCCION NO ATENTO CONDICIONES TRANSITO MOMENTO,0,VILLAGRAN,0,CHORRILLOS,CHORRILLOS - VILLAGRAN,0, , , , ,2,0,1,UNIDIRECCIONAL,1,CONCRETO,1,BUENO,1,SECO,1,DESPEJADO,0,0,0,4,0
-8051332.2970888,-4503119.45086418,3781,22315,1407147,-72.3263486,-37.4578548,77,LOS ANGELES,1,58383,2021,1407147,REGION BIO BIO,8301,LOS ANGELES,LAS INDUSTRIAS, ,516,"LAS INDUSTRIAS 516, LOS ANGELES",CHILE,RANGE_INTERPOLATED,79286,2021,1407147,1,2021/12/25 00:00:00+00,1899/12/30 00:00:00+00,8,REGION BIO BIO,8301,LOS ANGELES,70,VOLCADURA,70,VOLCADURA,1,URBANA,1,TRAMO DE VIA RECTA,12,FALLAS MECANICAS,6,FALLAS MECANICAS MOTOR,0,LAS INDUSTRIAS,0, ,- LAS INDUSTRIAS,516, , , , ,1,1,2,BIDIRECCIONAL,2,ASFALTO,1,BUENO,1,SECO,1,DESPEJADO,0,0,0,3,1
-8051332.35274854,-4503118.24483437,3782,22316,1351817,-72.3263491,-37.4578462,77,LOS ANGELES,1,19390,2021,1351817,REGION BIO BIO,8301,LOS ANGELES,LAS INDUSTRIAS, ,514,"LAS INDUSTRIAS 514, LOS ANGELES",CHILE,RANGE_INTERPOLATED,26681,2021,1351817,1,2021/05/22 00:00:00+00,1899/12/30 00:00:00+00,8,REGION BIO BIO,8301,LOS ANGELES,32,COLISION LATERAL,30,COLISION,1,URBANA,1,TRAMO DE VIA RECTA,4,ALCOHOL EN CONDUCTOR,24,CONDUCCION EN ESTADO DE EBRIEDAD,0,LAS INDUSTRIAS,0, ,- LAS INDUSTRIAS,514, , , , ,2,2,2,BIDIRECCIONAL,2,ASFALTO,1,BUENO,1,SECO,1,DESPEJADO,0,0,0,1,1
-8051332.35274854,-4503118.24483437,3783,22317,1351931,-72.3263491,-37.4578462,77,LOS ANGELES,1,19406,2021,1351931,REGION BIO BIO,8301,LOS ANGELES,LAS INDUSTRIAS, ,514,"LAS INDUSTRIAS 514, LOS ANGELES",CHILE,RANGE_INTERPOLATED,26709,2021,1351931,1,2021/05/23 00:00:00+00,1899/12/30 00:00:00+00,8,REGION BIO BIO,8301,LOS ANGELES,33,COLISION POR ALCANCE,30,COLISION,1,URBANA,1,TRAMO DE VIA RECTA,1,IMPRUDENCIA DEL CONDUCTOR,27,CONDUCCION NO ATENTO CONDICIONES TRANSITO MOMENTO,0,LAS INDUSTRIAS,0, ,- LAS INDUSTRIAS,514, , , , ,2,0,1,UNIDIRECCIONAL,2,ASFALTO,1,BUENO,1,SECO,1,DESPEJADO,0,0,0,0,2
-8051332.41954023,-4503117.0247811,3784,22318,1341849,-72.3263497,-37.4578375,77,LOS ANGELES,1,12933,2021,1341849,REGION BIO BIO,8301,LOS ANGELES,LAS INDUSTRIAS, ,512,"LAS INDUSTRIAS 512, LOS ANGELES",CHILE,RANGE_INTERPOLATED,17862,2021,1341849,1,2021/04/05 00:00:00+00,1899/12/30 00:00:00+00,8,REGION BIO BIO,8301,LOS ANGELES,32,COLISION LATERAL,30,COLISION,1,URBANA,1,TRAMO DE VIA RECTA,1,IMPRUDENCIA DEL CONDUCTOR,27,CONDUCCION NO ATENTO CONDICIONES TRANSITO MOMENTO,0,LAS INDUSTRIAS,0, ,- LAS INDUSTRIAS,512, , , , ,1,1,2,BIDIRECCIONAL,2,ASFALTO,2,REGULAR,1,SECO,2,NUBLADO,0,0,0,0,2
-8051332.41954023,-4503117.0247811,3785,22319,1359650,-72.3263497,-37.4578375,77,LOS ANGELES,1,25094,2021,1359650,REGION BIO BIO,8301,LOS ANGELES,LAS INDUSTRIAS, ,512,"LAS INDUSTRIAS 512, LOS ANGELES",CHILE,RANGE_INTERPOLATED,34676,2021,1359650,1,2021/06/28 00:00:00+00,1899/12/30 00:00:00+00,8,REGION BIO BIO,8301,LOS ANGELES,31,COLISION FRONTAL,30,COLISION,1,URBANA,1,TRAMO DE VIA RECTA,1,IMPRUDENCIA DEL CONDUCTOR,31,NO RESPETAR DERECHO PREFERENTE DE PASO A PEATON,0,LAS INDUSTRIAS,0, ,- LAS INDUSTRIAS,512, , , , ,1,1,2,BIDIRECCIONAL,2,ASFALTO,1,BUENO,2,HUMEDO,5,NEBLINA,0,1,0,2,0
-8051329.8035322,-4503115.67851558,3786,22320,1346505,-72.3263262,-37.4578279,77,LOS ANGELES,1,16053,2021,1346505,REGION BIO BIO,8301,LOS ANGELES,LAS INDUSTRIAS, ,510,"LAS INDUSTRIAS 510, LOS ANGELES",CHILE,RANGE_INTERPOLATED,22085,2021,1346505,1,2021/04/30 00:00:00+00,1899/12/30 00:00:00+00,8,REGION BIO BIO,8301,LOS ANGELES,33,COLISION POR ALCANCE,30,COLISION,1,URBANA,1,TRAMO DE VIA RECTA,1,IMPRUDENCIA DEL CONDUCTOR,27,CONDUCCION NO ATENTO CONDICIONES TRANSITO MOMENTO,0,LAS INDUSTRIAS,0, ,- LAS INDUSTRIAS,510, , , , ,2,2,2,BIDIRECCIONAL,4,MIXTO,2,REGULAR,3,MOJADO,3,LLUVIA,0,0,0,1,2
-8051329.8035322,-4503115.67851558,3787,22321,1350916,-72.3263262,-37.4578279,77,LOS ANGELES,1,18555,2021,1350916,REGION BIO BIO,8301,LOS ANGELES,LAS INDUSTRIAS, ,510,"LAS INDUSTRIAS 510, LOS ANGELES",CHILE,RANGE_INTERPOLATED,25515,2021,1350916,1,2021/05/17 00:00:00+00,1899/12/30 00:00:00+00,8,REGION BIO BIO,8301,LOS ANGELES,30,COLISION,30,COLISION,1,URBANA,1,TRAMO DE VIA RECTA,1,IMPRUDENCIA DEL CONDUCTOR,27,CONDUCCION NO ATENTO CONDICIONES TRANSITO MOMENTO,0,LAS INDUSTRIAS,0, ,- LAS INDUSTRIAS,510, , , , ,2,0,1,UNIDIRECCIONAL,1,CONCRETO,1,BUENO,1,SECO,1,DESPEJADO,0,0,0,0,2
-8051329.8035322,-4503115.67851558,3788,22322,1351454,-72.3263262,-37.4578279,77,LOS ANGELES,1,18751,2021,1351454,REGION BIO BIO,8301,LOS ANGELES,LAS INDUSTRIAS, ,510,"LAS INDUSTRIAS 510, LOS ANGELES",CHILE,RANGE_INTERPOLATED,25790,2021,1351454,1,2021/05/19 00:00:00+00,1899/12/30 00:00:00+00,8,REGION BIO BIO,8301,LOS ANGELES,66,CHOQUE LADO/POSTERIOR,40,CHOQUE,1,URBANA,1,TRAMO DE VIA RECTA,1,IMPRUDENCIA DEL CONDUCTOR,27,CONDUCCION NO ATENTO CONDICIONES TRANSITO MOMENTO,0,LAS INDUSTRIAS,0, ,- LAS INDUSTRIAS,510, , , , ,2,0,1,UNIDIRECCIONAL,1,CONCRETO,1,BUENO,1,SECO,1,DESPEJADO,0,0,0,0,2
-8051332.63104727,-4503112.81770194,3789,22323,1342213,-72.3263516,-37.4578075,77,LOS ANGELES,1,13140,2021,1342213,REGION BIO BIO,8301,LOS ANGELES,LAS INDUSTRIAS, ,506,"LAS INDUSTRIAS 506, LOS ANGELES",CHILE,RANGE_INTERPOLATED,18148,2021,1342213,1,2021/04/07 00:00:00+00,1899/12/30 00:00:00+00,8,REGION BIO BIO,8301,LOS ANGELES,32,COLISION LATERAL,30,COLISION,1,URBANA,1,TRAMO DE VIA RECTA,1,IMPRUDENCIA DEL CONDUCTOR,27,CONDUCCION NO ATENTO CONDICIONES TRANSITO MOMENTO,0,LAS INDUSTRIAS,0, ,- LAS INDUSTRIAS,506, , , , ,1,1,2,BIDIRECCIONAL,2,ASFALTO,1,BUENO,2,HUMEDO,1,DESPEJADO,0,1,0,0,1
-8051332.63104727,-4503112.81770194,3790,22324,1369650,-72.3263516,-37.4578075,77,LOS ANGELES,1,31837,2021,1369650,REGION BIO BIO,8301,LOS ANGELES,LAS INDUSTRIAS, ,506,"LAS INDUSTRIAS 506, LOS ANGELES",CHILE,RANGE_INTERPOLATED,43929,2021,1369650,1,2021/08/06 00:00:00+00,1899/12/30 00:00:00+00,8,REGION BIO BIO,8301,LOS ANGELES,62,CHOQUE FRENTE/LADO,40,CHOQUE,1,URBANA,1,TRAMO DE VIA RECTA,1,IMPRUDENCIA DEL CONDUCTOR,27,CONDUCCION NO ATENTO CONDICIONES TRANSITO MOMENTO,0,LAS INDUSTRIAS,0, ,- LAS INDUSTRIAS,506, , , , ,2,2,2,BIDIRECCIONAL,1,CONCRETO,2,REGULAR,3,MOJADO,3,LLUVIA,0,0,0,0,3
-8051332.63104727,-4503112.81770194,3791,22325,1376705,-72.3263516,-37.4578075,77,LOS ANGELES,1,36861,2021,1376705,REGION BIO BIO,8301,LOS ANGELES,LAS INDUSTRIAS, ,506,"LAS INDUSTRIAS 506, LOS ANGELES",CHILE,RANGE_INTERPOLATED,50691,2021,1376705,1,2021/09/03 00:00:00+00,1899/12/30 00:00:00+00,8,REGION BIO BIO,8301,LOS ANGELES,32,COLISION LATERAL,30,COLISION,1,URBANA,1,TRAMO DE VIA RECTA,1,IMPRUDENCIA DEL CONDUCTOR,27,CONDUCCION NO ATENTO CONDICIONES TRANSITO MOMENTO,0,LAS INDUSTRIAS,0, ,- LAS INDUSTRIAS,506, , , , ,2,2,2,BIDIRECCIONAL,2,ASFALTO,1,BUENO,1,SECO,2,NUBLADO,0,0,0,0,2
-8051332.63104727,-4503112.81770194,3792,22326,1409663,-72.3263516,-37.4578075,77,LOS ANGELES,1,59348,2021,1409663,REGION BIO BIO,8301,LOS ANGELES,LAS INDUSTRIAS, ,506,"LAS INDUSTRIAS 506, LOS ANGELES",CHILE,RANGE_INTERPOLATED,80640,2021,1409663,1,2021/12/31 00:00:00+00,1899/12/30 00:00:00+00,8,REGION BIO BIO,8301,LOS ANGELES,30,COLISION,30,COLISION,1,URBANA,1,TRAMO DE VIA RECTA,1,IMPRUDENCIA DEL CONDUCTOR,27,CONDUCCION NO ATENTO CONDICIONES TRANSITO MOMENTO,0,LAS INDUSTRIAS,0, ,- LAS INDUSTRIAS,506, , , , ,2,0,1,UNIDIRECCIONAL,2,ASFALTO,1,BUENO,1,SECO,1,DESPEJADO,0,0,0,2,2
-8056759.05547327,-4503112.2146874,3793,22327,1359306,-72.375098,-37.4578032,77,LOS ANGELES,1,24618,2021,1359306,REGION BIO BIO,8301,LOS ANGELES,MARIA DOLORES,ITAHUE,0,"MARIA DOLORES & ITAHUE, LOS ANGELES",CHILE,GEOMETRIC_CENTER,33938,2021,1359306,1,2021/06/25 00:00:00+00,1899/12/30 00:00:00+00,8,REGION BIO BIO,8301,LOS ANGELES,33,COLISION POR ALCANCE,30,COLISION,1,URBANA,1,TRAMO DE VIA RECTA,1,IMPRUDENCIA DEL CONDUCTOR,27,CONDUCCION NO ATENTO CONDICIONES TRANSITO MOMENTO,0,MARIA DOLORES,0,ITAHUE,ITAHUE - MARIA DOLORES,0, , , , ,2,0,1,UNIDIRECCIONAL,1,CONCRETO,1,BUENO,3,MOJADO,5,NEBLINA,0,0,0,1,1
-8051332.70897091,-4503111.31717745,3794,22328,1345839,-72.3263523,-37.4577968,77,LOS ANGELES,1,14257,2021,1345839,REGION BIO BIO,8301,LOS ANGELES,LAS INDUSTRIAS, ,504,"LAS INDUSTRIAS 504, LOS ANGELES",CHILE,RANGE_INTERPOLATED,19658,2021,1345839,1,2021/04/16 00:00:00+00,1899/12/30 00:00:00+00,8,REGION BIO BIO,8301,LOS ANGELES,51,CHOQUE FRONTAL,40,CHOQUE,1,URBANA,1,TRAMO DE VIA RECTA,1,IMPRUDENCIA DEL CONDUCTOR,27,CONDUCCION NO ATENTO CONDICIONES TRANSITO MOMENTO,0,LAS INDUSTRIAS,0, ,- LAS INDUSTRIAS,504, , , , ,1,1,2,BIDIRECCIONAL,1,CONCRETO,1,BUENO,1,SECO,1,DESPEJADO,0,0,0,1,1
-8051332.70897091,-4503111.31717745,3795,22329,1351466,-72.3263523,-37.4577968,77,LOS ANGELES,1,19041,2021,1351466,REGION BIO BIO,8301,LOS ANGELES,LAS INDUSTRIAS, ,504,"LAS INDUSTRIAS 504, LOS ANGELES",CHILE,RANGE_INTERPOLATED,26186,2021,1351466,1,2021/05/20 00:00:00+00,1899/12/30 00:00:00+00,8,REGION BIO BIO,8301,LOS ANGELES,63,CHOQUE FRENTE/POSTERIOR,40,CHOQUE,1,URBANA,1,TRAMO DE VIA RECTA,1,IMPRUDENCIA DEL CONDUCTOR,27,CONDUCCION NO ATENTO CONDICIONES TRANSITO MOMENTO,0,LAS INDUSTRIAS,0, ,- LAS INDUSTRIAS,504, , , , ,1,1,2,BIDIRECCIONAL,2,ASFALTO,1,BUENO,1,SECO,2,NUBLADO,0,0,0,2,3
-8053627.23744709,-4503091.76830789,3796,22330,1358912,-72.3469644,-37.4576574,77,LOS ANGELES,1,23878,2021,1358912,REGION BIO BIO,8301,LOS ANGELES,ALMAGRO, ,1290,"ALMAGRO 1290, LOS ANGELES",CHILE,RANGE_INTERPOLATED,32905,2021,1358912,1,2021/06/20 00:00:00+00,1899/12/30 00:00:00+00,8,REGION BIO BIO,8301,LOS ANGELES,63,CHOQUE FRENTE/POSTERIOR,40,CHOQUE,1,URBANA,1,TRAMO DE VIA RECTA,1,IMPRUDENCIA DEL CONDUCTOR,27,CONDUCCION NO ATENTO CONDICIONES TRANSITO MOMENTO,0,ALMAGRO,0, ,- ALMAGRO,1290, , , , ,2,0,1,UNIDIRECCIONAL,1,CONCRETO,1,BUENO,1,SECO,5,NEBLINA,0,0,0,0,1
-8053595.86761458,-4503089.23004271,3797,22331,1337861,-72.3466826,-37.4576393,77,LOS ANGELES,1,9800,2021,1337861,REGION BIO BIO,8301,LOS ANGELES,ALMAGRO,CHORRILLOS,0,"ALMAGRO & CHORRILLOS, LOS ANGELES",CHILE,GEOMETRIC_CENTER,13655,2021,1337861,1,2021/03/11 00:00:00+00,1899/12/30 00:00:00+00,8,REGION BIO BIO,8301,LOS ANGELES,33,COLISION POR ALCANCE,30,COLISION,1,URBANA,14,CRUCE CON SEÑAL PARE,1,IMPRUDENCIA DEL CONDUCTOR,27,CONDUCCION NO ATENTO CONDICIONES TRANSITO MOMENTO,0,ALMAGRO,0,CHORRILLOS,ALMAGRO - CHORRILLOS,0, , , , ,1,1,2,BIDIRECCIONAL,1,CONCRETO,1,BUENO,1,SECO,1,DESPEJADO,0,0,0,0,2