X,Y,FID,FID_1,LABELID,POINT_X,POINT_Y,FID_2,COMUNAREAL,VAL_COM,OBJECTID,A_O,IDACCIDENT,REGION,COD_COMUN,COMUNA,CALLE_UNO,CALLE_DOS,NUMERO,DIR_GEOCOD,PAIS,TIPO,OBJECTID_1,Año,Idaccide_1,Claseaccid,Fecha,Hora,Cód_Regi,Región,Cód_Comun,Comuna_1,Cód_Tipo_,Tipo_Accid,Cód_Tipo1,Tipo__CONA,Cód_Zona,Zona,Cód_Ubica,Ubicación,Cód_Causa,Causa__CON,Cód_Cau_1,Causa,Cód_Calle,Calle_Un_1,Cód_Cal_1,Calle_Do_1,Intersecci,Número,Ruta,Cód_Ruta,Ubicaci_1,Km_Vía_Fe,Pistas_de_,Pistas_de1,Cód_Calza,Calzada,Cód__Tipo,Tipo_Calza,Cód_Estad,Estado_Cal,Cód_Condi,Condición,Cód_Est_1,Estado_Atm,Fallecidos,Graves,Menos_Grav,Leves,Ilesos
-8053595.86761458,-4503089.23004271,3798,22332,1409437,-72.3466826,-37.4576393,77,LOS ANGELES,1,59053,2021,1409437,REGION BIO BIO,8301,LOS ANGELES,ALMAGRO,CHORRILLOS,0,"ALMAGRO & CHORRILLOS, LOS ANGELES",CHILE,GEOMETRIC_CENTER,80244,2021,1409437,1,2021/12/29 00:00:00+00,1899/12/30 00:00:00+00,8,REGION BIO BIO,8301,LOS ANGELES,10,ATROPELLO,10,ATROPELLO,1,URBANA,1,TRAMO DE VIA RECTA,10,DESOBEDIENCIA A SEÑALIZACION,64,SEÑALIZACION DESOBEDECER SEÑAL CEDA EL PASO,0,ALMAGRO,0,CHORRILLOS,ALMAGRO - CHORRILLOS,0, , , , ,2,0,1,UNIDIRECCIONAL,1,CONCRETO,1,BUENO,3,MOJADO,3,LLUVIA,0,1,0,0,1
-8053547.44363609,-4503073.48159346,3799,22333,1390971,-72.3462476,-37.457527,77,LOS ANGELES,1,46776,2021,1390971,REGION BIO BIO,8301,LOS ANGELES,ALMAGRO, ,1347,"ALMAGRO 1347, LOS ANGELES",CHILE,RANGE_INTERPOLATED,63830,2021,1390971,1,2021/10/27 00:00:00+00,1899/12/30 00:00:00+00,8,REGION BIO BIO,8301,LOS ANGELES,63,CHOQUE FRENTE/POSTERIOR,40,CHOQUE,1,URBANA,1,TRAMO DE VIA RECTA,1,IMPRUDENCIA DEL CONDUCTOR,27,CONDUCCION NO ATENTO CONDICIONES TRANSITO MOMENTO,0,ALMAGRO,0, ,- ALMAGRO,1347, , , , ,2,0,1,UNIDIRECCIONAL,2,ASFALTO,2,REGULAR,1,SECO,1,DESPEJADO,0,0,0,0,2
-8051334.73498564,-4503070.88723855,3800,22334,1369906,-72.3263705,-37.4575085,77,LOS ANGELES,1,32158,2021,1369906,REGION BIO BIO,8301,LOS ANGELES,LAS INDUSTRIAS, ,450,"LAS INDUSTRIAS 450, LOS ANGELES",CHILE,RANGE_INTERPOLATED,44376,2021,1369906,1,2021/08/08 00:00:00+00,1899/12/30 00:00:00+00,8,REGION BIO BIO,8301,LOS ANGELES,32,COLISION LATERAL,30,COLISION,1,URBANA,11,CRUCE CON SEMAFORO FUNCIONANDO,1,IMPRUDENCIA DEL CONDUCTOR,27,CONDUCCION NO ATENTO CONDICIONES TRANSITO MOMENTO,0,LAS INDUSTRIAS,0, ,- LAS INDUSTRIAS,450, , , , ,2,2,2,BIDIRECCIONAL,1,CONCRETO,1,BUENO,1,SECO,1,DESPEJADO,0,0,0,0,2
-8053963.01042717,-4503045.67294696,3801,22335,1376711,-72.3499807,-37.4573287,77,LOS ANGELES,1,36725,2021,1376711,REGION BIO BIO,8301,LOS ANGELES,NESTOR DEL RIO,CHORRILLOS,0,"NESTOR DEL RIO & CHORRILLOS, LOS ANGELES",CHILE,GEOMETRIC_CENTER,50499,2021,1376711,1,2021/09/03 00:00:00+00,1899/12/30 00:00:00+00,8,REGION BIO BIO,8301,LOS ANGELES,67,CHOQUE POSTERIOR/FRENTE,40,CHOQUE,1,URBANA,1,TRAMO DE VIA RECTA,14,OTRAS CAUSAS,98,OTRAS CAUSAS,0,NESTOR DEL RIO,0,CHORRILLOS,CHORRILLOS - NESTOR DEL RIO,0, , , , ,2,0,1,UNIDIRECCIONAL,1,CONCRETO,1,BUENO,1,SECO,2,NUBLADO,0,0,0,0,2
-8053196.46441357,-4503025.42302587,3802,22336,1336315,-72.3430947,-37.4571843,77,LOS ANGELES,1,8839,2021,1336315,REGION BIO BIO,8301,LOS ANGELES,MORSE, ,1,"MORSE 1, LOS ANGELES",CHILE,RANGE_INTERPOLATED,12364,2021,1336315,1,2021/03/05 00:00:00+00,1899/12/30 00:00:00+00,8,REGION BIO BIO,8301,LOS ANGELES,63,CHOQUE FRENTE/POSTERIOR,40,CHOQUE,1,URBANA,1,TRAMO DE VIA RECTA,1,IMPRUDENCIA DEL CONDUCTOR,27,CONDUCCION NO ATENTO CONDICIONES TRANSITO MOMENTO,0,MORSE,0, ,- MORSE,1, , , , ,1,0,1,UNIDIRECCIONAL,1,CONCRETO,1,BUENO,1,SECO,1,DESPEJADO,0,0,0,0,2
-8053497.50571252,-4502994.33302228,3803,22337,1328259,-72.345799,-37.4569626,77,LOS ANGELES,1,3334,2021,1328259,REGION BIO BIO,8301,LOS ANGELES,ALMAGRO,MIRAFLORES,0,"ALMAGRO & MIRAFLORES, LOS ANGELES",CHILE,GEOMETRIC_CENTER,4581,2021,1328259,1,2021/01/24 00:00:00+00,1899/12/30 00:00:00+00,8,REGION BIO BIO,8301,LOS ANGELES,30,COLISION,30,COLISION,1,URBANA,14,CRUCE CON SEÑAL PARE,4,ALCOHOL EN CONDUCTOR,24,CONDUCCION EN ESTADO DE EBRIEDAD,0,ALMAGRO,0,MIRAFLORES,ALMAGRO - MIRAFLORES,0, , , , ,2,0,1,UNIDIRECCIONAL,1,CONCRETO,1,BUENO,1,SECO,1,DESPEJADO,0,1,0,2,0
-8051967.11874894,-4502990.18208606,3804,22338,1390108,-72.3320513,-37.456933,77,LOS ANGELES,1,45749,2021,1390108,REGION BIO BIO,8301,LOS ANGELES,CORRALCO,LEONADO DAVINCI,0,"CORRALCO & LEONADO DAVINCI, LOS ANGELES",CHILE,GEOMETRIC_CENTER,62507,2021,1390108,1,2021/10/22 00:00:00+00,1899/12/30 00:00:00+00,8,REGION BIO BIO,8301,LOS ANGELES,32,COLISION LATERAL,30,COLISION,1,URBANA,14,CRUCE CON SEÑAL PARE,10,DESOBEDIENCIA A SEÑALIZACION,65,SEÑALIZACION DESOBEDECER SEÑAL PARE,0,CORRALCO,0,LEONADO DAVINCI,CORRALCO - LEONADO DAVINCI,0, , , , ,2,0,1,UNIDIRECCIONAL,1,CONCRETO,1,BUENO,1,SECO,1,DESPEJADO,0,0,0,0,2
-8055432.3720459,-4502981.99240591,3805,22339,1381883,-72.3631802,-37.4568746,77,LOS ANGELES,1,40498,2021,1381883,REGION BIO BIO,8301,LOS ANGELES,PASAJE OCHO ORIENTE,LA LLANURA,0,"PASAJE OCHO ORIENTE & LA LLANURA, LOS ANGELES",CHILE,GEOMETRIC_CENTER,55585,2021,1381883,1,2021/09/23 00:00:00+00,1899/12/30 00:00:00+00,8,REGION BIO BIO,8301,LOS ANGELES,32,COLISION LATERAL,30,COLISION,1,URBANA,14,CRUCE CON SEÑAL PARE,10,DESOBEDIENCIA A SEÑALIZACION,65,SEÑALIZACION DESOBEDECER SEÑAL PARE,0,PASAJE OCHO ORIENTE,0,LA LLANURA,LA LLANURA - PASAJE OCHO ORIENTE,0, , , , ,1,0,1,UNIDIRECCIONAL,1,CONCRETO,1,BUENO,1,SECO,1,DESPEJADO,0,0,0,1,1
-8055503.08218645,-4502981.23514128,3806,22340,1374614,-72.3638154,-37.4568692,77,LOS ANGELES,1,34744,2021,1374614,REGION BIO BIO,8301,LOS ANGELES,NEVADO OJOS DEL SALADO,PASAJE TRES,0,"NEVADO OJOS DEL SALADO & PASAJE TRES, LOS ANGELES",CHILE,GEOMETRIC_CENTER,47921,2021,1374614,1,2021/08/23 00:00:00+00,1899/12/30 00:00:00+00,8,REGION BIO BIO,8301,LOS ANGELES,51,CHOQUE FRONTAL,40,CHOQUE,1,URBANA,16,CRUCE SIN SEÑALIZACION,9,PERDIDA CONTROL VEHICULO,95,PERDIDA CONTROL VEHICULO,0,NEVADO OJOS DEL SALADO,0,PASAJE TRES,NEVADO OJOS DEL SALADO - PASAJE TRES,0, , , , ,1,0,1,UNIDIRECCIONAL,1,CONCRETO,1,BUENO,1,SECO,1,DESPEJADO,0,0,0,1,1
-8053258.49163384,-4502978.31827066,3807,22341,1394238,-72.3436519,-37.4568484,77,LOS ANGELES,0,48766,2021,1394238,REGION BIO BIO,8305,MULCHEN,MANUEL RODRIGUEZ,JOSE JOAQUIN PEREZ,0,"MANUEL RODRIGUEZ & JOSE JOAQUIN PEREZ, MULCHEN",CHILE,GEOMETRIC_CENTER,66485,2021,1394238,1,2021/11/07 00:00:00+00,1899/12/30 00:00:00+00,8,REGION BIO BIO,8305,MULCHEN,50,CHOQUE,40,CHOQUE,1,URBANA,16,CRUCE SIN SEÑALIZACION,13,CAUSAS NO DETERMINADAS,97,CAUSAS NO DETERMINADAS,0,MANUEL RODRIGUEZ,0,JOSE JOAQUIN PEREZ,JOSE JOAQUIN PEREZ - MANUEL RODRIGUEZ,0, , , , ,2,0,1,UNIDIRECCIONAL,1,CONCRETO,1,BUENO,1,SECO,1,DESPEJADO,0,0,0,0,1
-8054151.58564457,-4502965.31857344,3808,22342,1330554,-72.3516747,-37.4567557,77,LOS ANGELES,1,4868,2021,1330554,REGION BIO BIO,8301,LOS ANGELES,MIRAFLORES, ,530,"MIRAFLORES 530, LOS ANGELES",CHILE,RANGE_INTERPOLATED,6804,2021,1330554,1,2021/02/04 00:00:00+00,1899/12/30 00:00:00+00,8,REGION BIO BIO,8301,LOS ANGELES,67,CHOQUE POSTERIOR/FRENTE,40,CHOQUE,1,URBANA,1,TRAMO DE VIA RECTA,4,ALCOHOL EN CONDUCTOR,24,CONDUCCION EN ESTADO DE EBRIEDAD,0,MIRAFLORES,0, ,- MIRAFLORES,530, , , , ,1,0,1,UNIDIRECCIONAL,1,CONCRETO,1,BUENO,1,SECO,1,DESPEJADO,0,0,0,0,2
-8053135.38340897,-4502934.67749542,3809,22343,1345625,-72.342546,-37.4565372,77,LOS ANGELES,1,15274,2021,1345625,REGION BIO BIO,8301,LOS ANGELES,MARCONI, ,215,"MARCONI 215, LOS ANGELES",CHILE,RANGE_INTERPOLATED,21053,2021,1345625,1,2021/04/24 00:00:00+00,1899/12/30 00:00:00+00,8,REGION BIO BIO,8301,LOS ANGELES,51,CHOQUE FRONTAL,40,CHOQUE,1,URBANA,1,TRAMO DE VIA RECTA,1,IMPRUDENCIA DEL CONDUCTOR,27,CONDUCCION NO ATENTO CONDICIONES TRANSITO MOMENTO,0,MARCONI,0, ,- MARCONI,215, , , , ,1,1,2,BIDIRECCIONAL,2,ASFALTO,1,BUENO,1,SECO,1,DESPEJADO,0,0,0,0,1
-8053135.38340897,-4502934.67749542,3810,22344,1359226,-72.342546,-37.4565372,77,LOS ANGELES,1,24452,2021,1359226,REGION BIO BIO,8301,LOS ANGELES,MARCONI, ,215,"MARCONI 215, LOS ANGELES",CHILE,RANGE_INTERPOLATED,33725,2021,1359226,1,2021/06/24 00:00:00+00,1899/12/30 00:00:00+00,8,REGION BIO BIO,8301,LOS ANGELES,63,CHOQUE FRENTE/POSTERIOR,40,CHOQUE,1,URBANA,1,TRAMO DE VIA RECTA,1,IMPRUDENCIA DEL CONDUCTOR,27,CONDUCCION NO ATENTO CONDICIONES TRANSITO MOMENTO,0,MARCONI,0, ,- MARCONI,215, , , , ,2,0,1,UNIDIRECCIONAL,2,ASFALTO,1,BUENO,3,MOJADO,3,LLUVIA,0,0,0,1,1
-8053434.05360277,-4502933.6117204,3811,22345,1352471,-72.345229,-37.4565296,77,LOS ANGELES,1,19907,2021,1352471,REGION BIO BIO,8301,LOS ANGELES,ALMAGRO, ,1482,"ALMAGRO 1482, LOS ANGELES",CHILE,RANGE_INTERPOLATED,27395,2021,1352471,1,2021/05/26 00:00:00+00,1899/12/30 00:00:00+00,8,REGION BIO BIO,8301,LOS ANGELES,32,COLISION LATERAL,30,COLISION,1,URBANA,11,CRUCE CON SEMAFORO FUNCIONANDO,1,IMPRUDENCIA DEL CONDUCTOR,27,CONDUCCION NO ATENTO CONDICIONES TRANSITO MOMENTO,0,ALMAGRO,0, ,- ALMAGRO,1482, , , , ,2,0,1,UNIDIRECCIONAL,2,ASFALTO,1,BUENO,2,HUMEDO,2,NUBLADO,0,0,0,1,2
-8053390.62786941,-4502924.08986684,3812,22346,1355510,-72.3448389,-37.4564617,77,LOS ANGELES,1,22224,2021,1355510,REGION BIO BIO,8301,LOS ANGELES,VILLAGRAN, ,1555,"VILLAGRAN 1555, LOS ANGELES",CHILE,RANGE_INTERPOLATED,30629,2021,1355510,1,2021/06/09 00:00:00+00,1899/12/30 00:00:00+00,8,REGION BIO BIO,8301,LOS ANGELES,10,ATROPELLO,10,ATROPELLO,1,URBANA,1,TRAMO DE VIA RECTA,2,IMPRUDENCIA DEL PEATON,55,PEATON CRUZA CALZADA FUERA PASO PEATONES,0,VILLAGRAN,0, ,- VILLAGRAN,1555, , , , ,1,1,2,BIDIRECCIONAL,1,CONCRETO,1,BUENO,3,MOJADO,3,LLUVIA,0,0,0,1,1
-8052102.02683983,-4502890.78448241,3813,22347,1327564,-72.3332632,-37.4562242,77,LOS ANGELES,1,2723,2021,1327564,REGION BIO BIO,8301,LOS ANGELES,ALMIRANTE LATORRE, ,851,"ALMIRANTE LATORRE 851, LOS ANGELES",CHILE,RANGE_INTERPOLATED,3745,2021,1327564,1,2021/01/19 00:00:00+00,1899/12/30 00:00:00+00,8,REGION BIO BIO,8301,LOS ANGELES,32,COLISION LATERAL,30,COLISION,1,URBANA,1,TRAMO DE VIA RECTA,1,IMPRUDENCIA DEL CONDUCTOR,11,ADELANTAMIENTO SIN EL ESPACIO O TIEMPO SUFICIENTE,0,ALMIRANTE LATORRE,0, ,- ALMIRANTE LATORRE,851, , , , ,2,0,1,UNIDIRECCIONAL,2,ASFALTO,1,BUENO,1,SECO,1,DESPEJADO,0,0,0,0,3
-8053759.99707181,-4502884.69837307,3814,22348,1371291,-72.348157,-37.4561808,77,LOS ANGELES,1,33166,2021,1371291,REGION BIO BIO,8301,LOS ANGELES,COVADONGA, ,346,"COVADONGA 346, LOS ANGELES",CHILE,RANGE_INTERPOLATED,45726,2021,1371291,1,2021/08/13 00:00:00+00,1899/12/30 00:00:00+00,8,REGION BIO BIO,8301,LOS ANGELES,52,CHOQUE LATERAL,40,CHOQUE,1,URBANA,1,TRAMO DE VIA RECTA,1,IMPRUDENCIA DEL CONDUCTOR,27,CONDUCCION NO ATENTO CONDICIONES TRANSITO MOMENTO,0,COVADONGA,0, ,- COVADONGA,346, , , , ,2,0,1,UNIDIRECCIONAL,1,CONCRETO,1,BUENO,1,SECO,1,DESPEJADO,0,0,0,0,2
-8053425.1703074,-4502881.26266774,3815,22349,1344687,-72.3451492,-37.4561563,77,LOS ANGELES,1,14343,2021,1344687,REGION BIO BIO,8301,LOS ANGELES,ALMAGRO, ,1496,"ALMAGRO 1496, LOS ANGELES",CHILE,RANGE_INTERPOLATED,19772,2021,1344687,1,2021/04/17 00:00:00+00,1899/12/30 00:00:00+00,8,REGION BIO BIO,8301,LOS ANGELES,63,CHOQUE FRENTE/POSTERIOR,40,CHOQUE,1,URBANA,1,TRAMO DE VIA RECTA,1,IMPRUDENCIA DEL CONDUCTOR,27,CONDUCCION NO ATENTO CONDICIONES TRANSITO MOMENTO,0,ALMAGRO,0, ,- ALMAGRO,1496, , , , ,1,1,2,BIDIRECCIONAL,1,CONCRETO,1,BUENO,1,SECO,1,DESPEJADO,0,0,0,0,2
-8053262.82196203,-4502779.87480899,3816,22350,1402751,-72.3436908,-37.4554333,77,LOS ANGELES,1,54823,2021,1402751,REGION BIO BIO,8301,LOS ANGELES,SOR VICENTA,MARCONI,0,"SOR VICENTA & MARCONI, LOS ANGELES",CHILE,GEOMETRIC_CENTER,74494,2021,1402751,1,2021/12/07 00:00:00+00,1899/12/30 00:00:00+00,8,REGION BIO BIO,8301,LOS ANGELES,67,CHOQUE POSTERIOR/FRENTE,40,CHOQUE,1,URBANA,1,TRAMO DE VIA RECTA,1,IMPRUDENCIA DEL CONDUCTOR,27,CONDUCCION NO ATENTO CONDICIONES TRANSITO MOMENTO,0,SOR VICENTA,0,MARCONI,MARCONI - SOR VICENTA,0, , , , ,2,2,2,BIDIRECCIONAL,1,CONCRETO,1,BUENO,1,SECO,1,DESPEJADO,0,0,0,0,2
-8053262.82196203,-4502779.87480899,3817,22351,1402910,-72.3436908,-37.4554333,77,LOS ANGELES,1,55422,2021,1402910,REGION BIO BIO,8301,LOS ANGELES,SOR VICENTA,MARCONI,0,"SOR VICENTA & MARCONI, LOS ANGELES",CHILE,GEOMETRIC_CENTER,75286,2021,1402910,1,2021/12/10 00:00:00+00,1899/12/30 00:00:00+00,8,REGION BIO BIO,8301,LOS ANGELES,62,CHOQUE FRENTE/LADO,40,CHOQUE,1,URBANA,11,CRUCE CON SEMAFORO FUNCIONANDO,1,IMPRUDENCIA DEL CONDUCTOR,27,CONDUCCION NO ATENTO CONDICIONES TRANSITO MOMENTO,0,SOR VICENTA,0,MARCONI,MARCONI - SOR VICENTA,0, , , , ,2,2,3,BIDIRECCIONAL CON BANDEJON,2,ASFALTO,1,BUENO,1,SECO,1,DESPEJADO,0,0,0,0,2
-8053201.56284625,-4502744.57860186,3818,22352,1369976,-72.3431405,-37.4551816,77,LOS ANGELES,1,32182,2021,1369976,REGION BIO BIO,8301,LOS ANGELES,SOR VICENTA, ,1579,"SOR VICENTA 1579, LOS ANGELES",CHILE,RANGE_INTERPOLATED,44406,2021,1369976,1,2021/08/08 00:00:00+00,1899/12/30 00:00:00+00,8,REGION BIO BIO,8301,LOS ANGELES,67,CHOQUE POSTERIOR/FRENTE,40,CHOQUE,1,URBANA,11,CRUCE CON SEMAFORO FUNCIONANDO,1,IMPRUDENCIA DEL CONDUCTOR,27,CONDUCCION NO ATENTO CONDICIONES TRANSITO MOMENTO,0,SOR VICENTA,0, ,- SOR VICENTA,1579, , , , ,2,0,1,UNIDIRECCIONAL,2,ASFALTO,1,BUENO,1,SECO,5,NEBLINA,0,0,0,0,2
-8052437.9779311,-4502719.02854114,3819,22353,1398682,-72.3362811,-37.4549994,77,LOS ANGELES,1,52294,2021,1398682,REGION BIO BIO,8301,LOS ANGELES,ORIENTE,ROMA,0,"ORIENTE & ROMA, LOS ANGELES",CHILE,GEOMETRIC_CENTER,71094,2021,1398682,1,2021/11/24 00:00:00+00,1899/12/30 00:00:00+00,8,REGION BIO BIO,8301,LOS ANGELES,52,CHOQUE LATERAL,40,CHOQUE,1,URBANA,11,CRUCE CON SEMAFORO FUNCIONANDO,9,PERDIDA CONTROL VEHICULO,95,PERDIDA CONTROL VEHICULO,0,ORIENTE,0,ROMA,ORIENTE - ROMA,0, , , , ,2,2,3,BIDIRECCIONAL CON BANDEJON,1,CONCRETO,1,BUENO,1,SECO,2,NUBLADO,0,1,0,0,0
-8051383.69329769,-4502676.73505381,3820,22354,1340977,-72.3268103,-37.4546978,77,LOS ANGELES,1,12351,2021,1340977,REGION BIO BIO,8301,LOS ANGELES,ALMIRANTE LATORRE,LAS INDUSTRIAS,0,"ALMIRANTE LATORRE & LAS INDUSTRIAS, LOS ANGELES",CHILE,GEOMETRIC_CENTER,17090,2021,1340977,1,2021/03/31 00:00:00+00,1899/12/30 00:00:00+00,8,REGION BIO BIO,8301,LOS ANGELES,30,COLISION,30,COLISION,1,URBANA,14,CRUCE CON SEÑAL PARE,1,IMPRUDENCIA DEL CONDUCTOR,27,CONDUCCION NO ATENTO CONDICIONES TRANSITO MOMENTO,0,ALMIRANTE LATORRE,0,LAS INDUSTRIAS,ALMIRANTE LATORRE - LAS INDUSTRIAS,0, , , , ,2,2,2,BIDIRECCIONAL,1,CONCRETO,1,BUENO,1,SECO,1,DESPEJADO,0,0,0,0,2
-8051383.69329769,-4502676.73505381,3821,22355,1389350,-72.3268103,-37.4546978,77,LOS ANGELES,1,45469,2021,1389350,REGION BIO BIO,8301,LOS ANGELES,ALMIRANTE LATORRE,LAS INDUSTRIAS,0,"ALMIRANTE LATORRE & LAS INDUSTRIAS, LOS ANGELES",CHILE,GEOMETRIC_CENTER,62157,2021,1389350,1,2021/10/20 00:00:00+00,1899/12/30 00:00:00+00,8,REGION BIO BIO,8301,LOS ANGELES,67,CHOQUE POSTERIOR/FRENTE,40,CHOQUE,1,URBANA,14,CRUCE CON SEÑAL PARE,1,IMPRUDENCIA DEL CONDUCTOR,27,CONDUCCION NO ATENTO CONDICIONES TRANSITO MOMENTO,0,ALMIRANTE LATORRE,0,LAS INDUSTRIAS,ALMIRANTE LATORRE - LAS INDUSTRIAS,0, , , , ,2,0,1,UNIDIRECCIONAL,2,ASFALTO,1,BUENO,1,SECO,1,DESPEJADO,0,0,0,1,2
-8053114.46647665,-4502656.64009788,3822,22356,1407129,-72.3423581,-37.4545545,77,LOS ANGELES,1,58321,2021,1407129,REGION BIO BIO,8301,LOS ANGELES,SOR VICENTA, ,1707,"SOR VICENTA 1707, LOS ANGELES",CHILE,RANGE_INTERPOLATED,79197,2021,1407129,1,2021/12/25 00:00:00+00,1899/12/30 00:00:00+00,8,REGION BIO BIO,8301,LOS ANGELES,67,CHOQUE POSTERIOR/FRENTE,40,CHOQUE,1,URBANA,1,TRAMO DE VIA RECTA,1,IMPRUDENCIA DEL CONDUCTOR,27,CONDUCCION NO ATENTO CONDICIONES TRANSITO MOMENTO,0,SOR VICENTA,0, ,- SOR VICENTA,1707, , , , ,2,0,1,UNIDIRECCIONAL,1,CONCRETO,1,BUENO,1,SECO,1,DESPEJADO,0,0,0,0,2
-8052562.08803138,-4502608.86389877,3823,22357,1331974,-72.337396,-37.4542138,77,LOS ANGELES,1,5879,2021,1331974,REGION BIO BIO,8301,LOS ANGELES,ORIENTE,MERCELLA,0,"ORIENTE & MERCELLA, LOS ANGELES",CHILE,GEOMETRIC_CENTER,8200,2021,1331974,1,2021/02/12 00:00:00+00,1899/12/30 00:00:00+00,8,REGION BIO BIO,8301,LOS ANGELES,33,COLISION POR ALCANCE,30,COLISION,1,URBANA,1,TRAMO DE VIA RECTA,1,IMPRUDENCIA DEL CONDUCTOR,29,CONDUCCION CAMBIAR SORPRESIVAMENTE PISTA CIRCULACION,0,ORIENTE,0,MERCELLA,MERCELLA - ORIENTE,0, , , , ,1,1,2,BIDIRECCIONAL,1,CONCRETO,2,REGULAR,1,SECO,1,DESPEJADO,0,0,0,0,2
-8052562.08803138,-4502608.86389877,3824,22358,1333735,-72.337396,-37.4542138,77,LOS ANGELES,1,6973,2021,1333735,REGION BIO BIO,8301,LOS ANGELES,ORIENTE,MARSELLA,0,"ORIENTE & MARSELLA, LOS ANGELES",CHILE,GEOMETRIC_CENTER,9765,2021,1333735,1,2021/02/20 00:00:00+00,1899/12/30 00:00:00+00,8,REGION BIO BIO,8301,LOS ANGELES,32,COLISION LATERAL,30,COLISION,1,URBANA,14,CRUCE CON SEÑAL PARE,13,CAUSAS NO DETERMINADAS,97,CAUSAS NO DETERMINADAS,0,ORIENTE,0,MARSELLA,MARSELLA - ORIENTE,0, , , , ,1,1,3,BIDIRECCIONAL CON BANDEJON,2,ASFALTO,1,BUENO,1,SECO,1,DESPEJADO,0,0,0,0,2
-8052562.08803138,-4502608.86389877,3825,22359,1378136,-72.337396,-37.4542138,77,LOS ANGELES,1,37609,2021,1378136,REGION BIO BIO,8301,LOS ANGELES,MARCELLA,ORIENTE,0,"MARCELLA & ORIENTE, LOS ANGELES",CHILE,GEOMETRIC_CENTER,51692,2021,1378136,1,2021/09/07 00:00:00+00,1899/12/30 00:00:00+00,8,REGION BIO BIO,8301,LOS ANGELES,30,COLISION,30,COLISION,1,URBANA,15,CRUCE CON SEÑAL CEDA EL PASO,1,IMPRUDENCIA DEL CONDUCTOR,27,CONDUCCION NO ATENTO CONDICIONES TRANSITO MOMENTO,0,MARCELLA,0,ORIENTE,MARCELLA - ORIENTE,0, , , , ,2,0,1,UNIDIRECCIONAL,2,ASFALTO,1,BUENO,1,SECO,1,DESPEJADO,0,1,0,0,1
-8053111.13802387,-4502554.17465123,3826,22360,1341489,-72.3423282,-37.4538238,77,LOS ANGELES,1,12510,2021,1341489,REGION BIO BIO,8301,LOS ANGELES,SOR VICENTA, ,1818,"SOR VICENTA 1818, LOS ANGELES",CHILE,RANGE_INTERPOLATED,17298,2021,1341489,1,2021/04/01 00:00:00+00,1899/12/30 00:00:00+00,8,REGION BIO BIO,8301,LOS ANGELES,32,COLISION LATERAL,30,COLISION,1,URBANA,11,CRUCE CON SEMAFORO FUNCIONANDO,1,IMPRUDENCIA DEL CONDUCTOR,27,CONDUCCION NO ATENTO CONDICIONES TRANSITO MOMENTO,0,SOR VICENTA,0, ,- SOR VICENTA,1818, , , , ,2,2,2,BIDIRECCIONAL,1,CONCRETO,1,BUENO,1,SECO,1,DESPEJADO,0,0,0,1,1
-8053111.13802387,-4502554.17465123,3827,22361,1397919,-72.3423282,-37.4538238,77,LOS ANGELES,1,51186,2021,1397919,REGION BIO BIO,8301,LOS ANGELES,SOR VICENTA, ,1818,"SOR VICENTA 1818, LOS ANGELES",CHILE,RANGE_INTERPOLATED,69654,2021,1397919,1,2021/11/19 00:00:00+00,1899/12/30 00:00:00+00,8,REGION BIO BIO,8301,LOS ANGELES,32,COLISION LATERAL,30,COLISION,1,URBANA,1,TRAMO DE VIA RECTA,1,IMPRUDENCIA DEL CONDUCTOR,27,CONDUCCION NO ATENTO CONDICIONES TRANSITO MOMENTO,0,SOR VICENTA,0, ,- SOR VICENTA,1818, , , , ,2,0,1,UNIDIRECCIONAL,1,CONCRETO,1,BUENO,1,SECO,1,DESPEJADO,0,0,0,0,2
-8053091.21183502,-4502527.54529778,3828,22362,1333524,-72.3421492,-37.4536339,77,LOS ANGELES,1,6807,2021,1333524,REGION BIO BIO,8301,LOS ANGELES,SOR VICENTA, ,1806,"SOR VICENTA 1806, LOS ANGELES",CHILE,RANGE_INTERPOLATED,9535,2021,1333524,1,2021/02/19 00:00:00+00,1899/12/30 00:00:00+00,8,REGION BIO BIO,8301,LOS ANGELES,70,VOLCADURA,70,VOLCADURA,1,URBANA,1,TRAMO DE VIA RECTA,9,PERDIDA CONTROL VEHICULO,95,PERDIDA CONTROL VEHICULO,0,SOR VICENTA,0, ,- SOR VICENTA,1806, , , , ,1,1,2,BIDIRECCIONAL,1,CONCRETO,1,BUENO,1,SECO,1,DESPEJADO,0,0,0,0,1
-8052839.70770947,-4502338.53352035,3829,22363,1322750,-72.3398899,-37.452286,77,LOS ANGELES,1,218,2021,1322750,REGION BIO BIO,8301,LOS ANGELES,SOR VICENTA,ORIENTE,0,"SOR VICENTA & ORIENTE, LOS ANGELES",CHILE,GEOMETRIC_CENTER,334,2021,1322750,1,2021/01/02 00:00:00+00,1899/12/30 00:00:00+00,8,REGION BIO BIO,8301,LOS ANGELES,32,COLISION LATERAL,30,COLISION,1,URBANA,11,CRUCE CON SEMAFORO FUNCIONANDO,1,IMPRUDENCIA DEL CONDUCTOR,27,CONDUCCION NO ATENTO CONDICIONES TRANSITO MOMENTO,0,SOR VICENTA,0,ORIENTE,ORIENTE - SOR VICENTA,0, , , , ,1,2,3,BIDIRECCIONAL CON BANDEJON,1,CONCRETO,1,BUENO,1,SECO,1,DESPEJADO,0,0,0,2,0