X,Y,FID,FID_1,LABELID,POINT_X,POINT_Y,FID_2,COMUNAREAL,VAL_COM,OBJECTID,A_O,IDACCIDENT,REGION,COD_COMUN,COMUNA,CALLE_UNO,CALLE_DOS,NUMERO,DIR_GEOCOD,PAIS,TIPO,OBJECTID_1,Año,Idaccide_1,Claseaccid,Fecha,Hora,Cód_Regi,Región,Cód_Comun,Comuna_1,Cód_Tipo_,Tipo_Accid,Cód_Tipo1,Tipo__CONA,Cód_Zona,Zona,Cód_Ubica,Ubicación,Cód_Causa,Causa__CON,Cód_Cau_1,Causa,Cód_Calle,Calle_Un_1,Cód_Cal_1,Calle_Do_1,Intersecci,Número,Ruta,Cód_Ruta,Ubicaci_1,Km_Vía_Fe,Pistas_de_,Pistas_de1,Cód_Calza,Calzada,Cód__Tipo,Tipo_Calza,Cód_Estad,Estado_Cal,Cód_Condi,Condición,Cód_Est_1,Estado_Atm,Fallecidos,Graves,Menos_Grav,Leves,Ilesos
-8052839.70770947,-4502338.53352035,3830,22364,1341535,-72.3398899,-37.452286,77,LOS ANGELES,1,12689,2021,1341535,REGION BIO BIO,8301,LOS ANGELES,SOR VICENTA,ORIENTE,0,"SOR VICENTA & ORIENTE, LOS ANGELES",CHILE,GEOMETRIC_CENTER,17535,2021,1341535,1,2021/04/03 00:00:00+00,1899/12/30 00:00:00+00,8,REGION BIO BIO,8301,LOS ANGELES,61,CHOQUE FRENTE/FRENTE,40,CHOQUE,1,URBANA,1,TRAMO DE VIA RECTA,4,ALCOHOL EN CONDUCTOR,24,CONDUCCION EN ESTADO DE EBRIEDAD,0,SOR VICENTA,0,ORIENTE,ORIENTE - SOR VICENTA,0, , , , ,2,2,3,BIDIRECCIONAL CON BANDEJON,1,CONCRETO,1,BUENO,1,SECO,1,DESPEJADO,0,0,0,1,1
-8052839.70770947,-4502338.53352035,3831,22365,1351326,-72.3398899,-37.452286,77,LOS ANGELES,1,18858,2021,1351326,REGION BIO BIO,8301,LOS ANGELES,SOR VICENTA,ORIENTE,0,"SOR VICENTA & ORIENTE, LOS ANGELES",CHILE,GEOMETRIC_CENTER,25929,2021,1351326,1,2021/05/19 00:00:00+00,1899/12/30 00:00:00+00,8,REGION BIO BIO,8301,LOS ANGELES,69,CHOQUE POSTERIOR/POSTERIOR,40,CHOQUE,1,URBANA,11,CRUCE CON SEMAFORO FUNCIONANDO,1,IMPRUDENCIA DEL CONDUCTOR,27,CONDUCCION NO ATENTO CONDICIONES TRANSITO MOMENTO,0,SOR VICENTA,0,ORIENTE,ORIENTE - SOR VICENTA,0, , , , ,2,0,1,UNIDIRECCIONAL,1,CONCRETO,1,BUENO,3,MOJADO,3,LLUVIA,0,0,0,1,2
-8052839.70770947,-4502338.53352035,3832,22366,1364375,-72.3398899,-37.452286,77,LOS ANGELES,1,27732,2021,1364375,REGION BIO BIO,8301,LOS ANGELES,SOR VICENTA,ORIENTE,0,"SOR VICENTA & ORIENTE, LOS ANGELES",CHILE,GEOMETRIC_CENTER,38286,2021,1364375,1,2021/07/14 00:00:00+00,1899/12/30 00:00:00+00,8,REGION BIO BIO,8301,LOS ANGELES,63,CHOQUE FRENTE/POSTERIOR,40,CHOQUE,1,URBANA,11,CRUCE CON SEMAFORO FUNCIONANDO,1,IMPRUDENCIA DEL CONDUCTOR,27,CONDUCCION NO ATENTO CONDICIONES TRANSITO MOMENTO,0,SOR VICENTA,0,ORIENTE,ORIENTE - SOR VICENTA,0, , , , ,2,0,1,UNIDIRECCIONAL,2,ASFALTO,1,BUENO,1,SECO,1,DESPEJADO,0,0,0,0,2
-8052839.70770947,-4502338.53352035,3833,22367,1366023,-72.3398899,-37.452286,77,LOS ANGELES,1,28462,2021,1366023,REGION BIO BIO,8301,LOS ANGELES,ORIENTE,SOR VICENTA,0,"ORIENTE & SOR VICENTA, LOS ANGELES",CHILE,GEOMETRIC_CENTER,39322,2021,1366023,1,2021/07/18 00:00:00+00,1899/12/30 00:00:00+00,8,REGION BIO BIO,8301,LOS ANGELES,32,COLISION LATERAL,30,COLISION,1,URBANA,1,TRAMO DE VIA RECTA,1,IMPRUDENCIA DEL CONDUCTOR,27,CONDUCCION NO ATENTO CONDICIONES TRANSITO MOMENTO,0,ORIENTE,0,SOR VICENTA,ORIENTE - SOR VICENTA,0, , , , ,2,2,2,BIDIRECCIONAL,1,CONCRETO,1,BUENO,1,SECO,1,DESPEJADO,0,0,0,0,2
-8052839.70770947,-4502338.53352035,3834,22368,1382517,-72.3398899,-37.452286,77,LOS ANGELES,1,41002,2021,1382517,REGION BIO BIO,8301,LOS ANGELES,SOR VICENTA,ORIENTE,0,"SOR VICENTA & ORIENTE, LOS ANGELES",CHILE,GEOMETRIC_CENTER,56260,2021,1382517,1,2021/09/27 00:00:00+00,1899/12/30 00:00:00+00,8,REGION BIO BIO,8301,LOS ANGELES,32,COLISION LATERAL,30,COLISION,1,URBANA,1,TRAMO DE VIA RECTA,4,ALCOHOL EN CONDUCTOR,24,CONDUCCION EN ESTADO DE EBRIEDAD,0,SOR VICENTA,0,ORIENTE,ORIENTE - SOR VICENTA,0, , , , ,2,2,3,BIDIRECCIONAL CON BANDEJON,1,CONCRETO,1,BUENO,1,SECO,1,DESPEJADO,0,0,0,0,2
-8052839.70770947,-4502338.53352035,3835,22369,1387797,-72.3398899,-37.452286,77,LOS ANGELES,1,44438,2021,1387797,REGION BIO BIO,8301,LOS ANGELES,SOR VICENTA,ORIENTE,0,"SOR VICENTA & ORIENTE, LOS ANGELES",CHILE,GEOMETRIC_CENTER,60753,2021,1387797,1,2021/10/14 00:00:00+00,1899/12/30 00:00:00+00,8,REGION BIO BIO,8301,LOS ANGELES,63,CHOQUE FRENTE/POSTERIOR,40,CHOQUE,1,URBANA,1,TRAMO DE VIA RECTA,1,IMPRUDENCIA DEL CONDUCTOR,27,CONDUCCION NO ATENTO CONDICIONES TRANSITO MOMENTO,0,SOR VICENTA,0,ORIENTE,ORIENTE - SOR VICENTA,0, , , , ,1,1,3,BIDIRECCIONAL CON BANDEJON,1,CONCRETO,1,BUENO,1,SECO,1,DESPEJADO,0,0,0,1,1
-8052839.70770947,-4502338.53352035,3836,22370,1395371,-72.3398899,-37.452286,77,LOS ANGELES,1,50210,2021,1395371,REGION BIO BIO,8301,LOS ANGELES,ORIENTE,SOR VICENTA,0,"ORIENTE & SOR VICENTA, LOS ANGELES",CHILE,GEOMETRIC_CENTER,68386,2021,1395371,1,2021/11/14 00:00:00+00,1899/12/30 00:00:00+00,8,REGION BIO BIO,8301,LOS ANGELES,64,CHOQUE LADO/FRENTE,40,CHOQUE,1,URBANA,11,CRUCE CON SEMAFORO FUNCIONANDO,1,IMPRUDENCIA DEL CONDUCTOR,27,CONDUCCION NO ATENTO CONDICIONES TRANSITO MOMENTO,0,ORIENTE,0,SOR VICENTA,ORIENTE - SOR VICENTA,0, , , , ,2,2,3,BIDIRECCIONAL CON BANDEJON,1,CONCRETO,1,BUENO,1,SECO,1,DESPEJADO,0,0,0,0,1
-8052839.70770947,-4502338.53352035,3837,22371,1400979,-72.3398899,-37.452286,77,LOS ANGELES,1,53750,2021,1400979,REGION BIO BIO,8301,LOS ANGELES,ORIENTE,SOR VICENTA,0,"ORIENTE & SOR VICENTA, LOS ANGELES",CHILE,GEOMETRIC_CENTER,73045,2021,1400979,1,2021/12/02 00:00:00+00,1899/12/30 00:00:00+00,8,REGION BIO BIO,8301,LOS ANGELES,31,COLISION FRONTAL,30,COLISION,1,URBANA,11,CRUCE CON SEMAFORO FUNCIONANDO,1,IMPRUDENCIA DEL CONDUCTOR,27,CONDUCCION NO ATENTO CONDICIONES TRANSITO MOMENTO,0,ORIENTE,0,SOR VICENTA,ORIENTE - SOR VICENTA,0, , , , ,2,2,2,BIDIRECCIONAL,1,CONCRETO,1,BUENO,1,SECO,2,NUBLADO,0,0,0,1,1
-8052839.70770947,-4502338.53352035,3838,22372,1408420,-72.3398899,-37.452286,77,LOS ANGELES,1,59014,2021,1408420,REGION BIO BIO,8301,LOS ANGELES,SOR VICENTA,ORIENTE,0,"SOR VICENTA & ORIENTE, LOS ANGELES",CHILE,GEOMETRIC_CENTER,80195,2021,1408420,1,2021/12/29 00:00:00+00,1899/12/30 00:00:00+00,8,REGION BIO BIO,8301,LOS ANGELES,63,CHOQUE FRENTE/POSTERIOR,40,CHOQUE,1,URBANA,11,CRUCE CON SEMAFORO FUNCIONANDO,1,IMPRUDENCIA DEL CONDUCTOR,27,CONDUCCION NO ATENTO CONDICIONES TRANSITO MOMENTO,0,SOR VICENTA,0,ORIENTE,ORIENTE - SOR VICENTA,0, , , , ,2,0,1,UNIDIRECCIONAL,2,ASFALTO,2,REGULAR,3,MOJADO,4,LLOVIZNA,0,0,0,0,2
-8055965.68146239,-4502270.56639652,3839,22373,1349181,-72.367971,-37.4518013,77,LOS ANGELES,1,17918,2021,1349181,REGION BIO BIO,8301,LOS ANGELES,DON VICTOR, ,1620,"DON VICTOR 1620, LOS ANGELES",CHILE,RANGE_INTERPOLATED,24658,2021,1349181,1,2021/05/13 00:00:00+00,1899/12/30 00:00:00+00,8,REGION BIO BIO,8301,LOS ANGELES,10,ATROPELLO,10,ATROPELLO,1,URBANA,1,TRAMO DE VIA RECTA,1,IMPRUDENCIA DEL CONDUCTOR,27,CONDUCCION NO ATENTO CONDICIONES TRANSITO MOMENTO,0,DON VICTOR,0, ,- DON VICTOR,1620, , , , ,1,1,2,BIDIRECCIONAL,2,ASFALTO,1,BUENO,1,SECO,1,DESPEJADO,0,1,0,0,1
-8052814.11535854,-4502219.90334108,3840,22374,1367071,-72.33966,-37.45144,77,LOS ANGELES,1,29505,2021,1367071,REGION BIO BIO,8301,LOS ANGELES,SOR VICENTA, ,2068,"SOR VICENTA 2068, LOS ANGELES",CHILE,RANGE_INTERPOLATED,40802,2021,1367071,1,2021/07/24 00:00:00+00,1899/12/30 00:00:00+00,8,REGION BIO BIO,8301,LOS ANGELES,10,ATROPELLO,10,ATROPELLO,1,URBANA,1,TRAMO DE VIA RECTA,1,IMPRUDENCIA DEL CONDUCTOR,31,NO RESPETAR DERECHO PREFERENTE DE PASO A PEATON,0,SOR VICENTA,0, ,- SOR VICENTA,2068, , , , ,2,2,2,BIDIRECCIONAL,2,ASFALTO,1,BUENO,3,MOJADO,3,LLUVIA,1,0,0,0,1
-8052172.5143414,-4502145.05203418,3841,22375,1360300,-72.3338964,-37.4509062,77,LOS ANGELES,1,25509,2021,1360300,REGION BIO BIO,8301,LOS ANGELES,ORIENTE,LOS JARDINES DE LUXEMBURGO,0,"ORIENTE & LOS JARDINES DE LUXEMBURGO, LOS ANGELES",CHILE,GEOMETRIC_CENTER,35235,2021,1360300,1,2021/07/01 00:00:00+00,1899/12/30 00:00:00+00,8,REGION BIO BIO,8301,LOS ANGELES,31,COLISION FRONTAL,30,COLISION,1,URBANA,14,CRUCE CON SEÑAL PARE,10,DESOBEDIENCIA A SEÑALIZACION,65,SEÑALIZACION DESOBEDECER SEÑAL PARE,0,ORIENTE,0,LOS JARDINES DE LUXEMBURGO,LOS JARDINES DE LUXEMBURGO - ORIENTE,0, , , , ,2,0,1,UNIDIRECCIONAL,1,CONCRETO,1,BUENO,1,SECO,1,DESPEJADO,0,1,0,0,1
-8052930.17705964,-4502110.64136531,3842,22376,1332932,-72.3407026,-37.4506608,77,LOS ANGELES,1,6517,2021,1332932,REGION BIO BIO,8301,LOS ANGELES,SOR VICENTA,LOS CASTA??ªOS,0,"SOR VICENTA & LOS CASTA??ªOS, LOS ANGELES",CHILE,GEOMETRIC_CENTER,9115,2021,1332932,1,2021/02/17 00:00:00+00,1899/12/30 00:00:00+00,8,REGION BIO BIO,8301,LOS ANGELES,30,COLISION,30,COLISION,1,URBANA,1,TRAMO DE VIA RECTA,1,IMPRUDENCIA DEL CONDUCTOR,27,CONDUCCION NO ATENTO CONDICIONES TRANSITO MOMENTO,0,SOR VICENTA,0,LOS CASTAÑOS,LOS CASTAÑOS - SOR VICENTA,0, , , , ,1,1,2,BIDIRECCIONAL,1,CONCRETO,1,BUENO,1,SECO,1,DESPEJADO,0,0,0,1,1
-8058333.28005233,-4502030.68677516,3843,22377,1343314,-72.3892395,-37.4500906,77,LOS ANGELES,1,13706,2021,1343314,REGION BIO BIO,8301,LOS ANGELES,MARIA DOLORES, ,52,"MARIA DOLORES 52, LOS ANGELES",CHILE,RANGE_INTERPOLATED,18933,2021,1343314,1,2021/04/12 00:00:00+00,1899/12/30 00:00:00+00,8,REGION BIO BIO,8301,LOS ANGELES,67,CHOQUE POSTERIOR/FRENTE,40,CHOQUE,1,URBANA,15,CRUCE CON SEÑAL CEDA EL PASO,1,IMPRUDENCIA DEL CONDUCTOR,27,CONDUCCION NO ATENTO CONDICIONES TRANSITO MOMENTO,0,MARIA DOLORES,0, ,- MARIA DOLORES,52, , , , ,1,0,1,UNIDIRECCIONAL,2,ASFALTO,1,BUENO,1,SECO,1,DESPEJADO,0,0,0,0,1
-8052202.43702053,-4501958.76742686,3844,22378,1345644,-72.3341652,-37.4495777,77,LOS ANGELES,1,15281,2021,1345644,REGION BIO BIO,8301,LOS ANGELES,NIEVES VASQUEZ,BUENA VISTA,0,"NIEVES VASQUEZ & BUENA VISTA, LOS ANGELES",CHILE,GEOMETRIC_CENTER,21061,2021,1345644,1,2021/04/24 00:00:00+00,1899/12/30 00:00:00+00,8,REGION BIO BIO,8301,LOS ANGELES,51,CHOQUE FRONTAL,40,CHOQUE,1,URBANA,1,TRAMO DE VIA RECTA,1,IMPRUDENCIA DEL CONDUCTOR,27,CONDUCCION NO ATENTO CONDICIONES TRANSITO MOMENTO,0,NIEVES VASQUEZ,0,BUENA VISTA,BUENA VISTA - NIEVES VASQUEZ,0, , , , ,1,1,2,BIDIRECCIONAL,1,CONCRETO,1,BUENO,1,SECO,1,DESPEJADO,0,0,0,0,1
-8053270.72564588,-4501939.15059526,3845,22379,1367105,-72.3437618,-37.4494378,77,LOS ANGELES,1,30140,2021,1367105,REGION BIO BIO,8301,LOS ANGELES,LAS CRUCES, ,401,"LAS CRUCES 401, LOS ANGELES",CHILE,RANGE_INTERPOLATED,41672,2021,1367105,1,2021/07/28 00:00:00+00,1899/12/30 00:00:00+00,8,REGION BIO BIO,8301,LOS ANGELES,31,COLISION FRONTAL,30,COLISION,1,URBANA,1,TRAMO DE VIA RECTA,1,IMPRUDENCIA DEL CONDUCTOR,27,CONDUCCION NO ATENTO CONDICIONES TRANSITO MOMENTO,0,LAS CRUCES,0, ,- LAS CRUCES,401, , , , ,2,0,1,UNIDIRECCIONAL,1,CONCRETO,1,BUENO,1,SECO,1,DESPEJADO,0,0,0,0,2
-8053267.05210268,-4501935.15431884,3846,22380,1368042,-72.3437288,-37.4494093,77,LOS ANGELES,1,30139,2021,1368042,REGION BIO BIO,8301,LOS ANGELES,LAS CRUCES, ,443,"LAS CRUCES 443, LOS ANGELES",CHILE,RANGE_INTERPOLATED,41671,2021,1368042,1,2021/07/28 00:00:00+00,1899/12/30 00:00:00+00,8,REGION BIO BIO,8301,LOS ANGELES,51,CHOQUE FRONTAL,40,CHOQUE,1,URBANA,1,TRAMO DE VIA RECTA,1,IMPRUDENCIA DEL CONDUCTOR,27,CONDUCCION NO ATENTO CONDICIONES TRANSITO MOMENTO,0,LAS CRUCES,0, ,- LAS CRUCES,443, , , , ,1,1,2,BIDIRECCIONAL,1,CONCRETO,1,BUENO,1,SECO,1,DESPEJADO,0,0,0,1,0
-8051338.01891062,-4501835.69660352,3847,22381,1406864,-72.3264,-37.4487,77,LOS ANGELES,1,57688,2021,1406864,REGION BIO BIO,8301,LOS ANGELES,LAS INDUSTRIAS, ,7181,"LAS INDUSTRIAS 7181, LOS ANGELES",CHILE,RANGE_INTERPOLATED,78334,2021,1406864,1,2021/12/22 00:00:00+00,1899/12/30 00:00:00+00,8,REGION BIO BIO,8301,LOS ANGELES,10,ATROPELLO,10,ATROPELLO,1,URBANA,1,TRAMO DE VIA RECTA,2,IMPRUDENCIA DEL PEATON,55,PEATON CRUZA CALZADA FUERA PASO PEATONES,0,LAS INDUSTRIAS,0, ,- LAS INDUSTRIAS,7181, , , , ,1,1,2,BIDIRECCIONAL,2,ASFALTO,1,BUENO,1,SECO,1,DESPEJADO,0,0,0,1,1
-8052423.81809187,-4501835.34605635,3848,22382,1340438,-72.3361539,-37.4486975,77,LOS ANGELES,1,11778,2021,1340438,REGION BIO BIO,8301,LOS ANGELES,SOR VICENTA,DOCTOR MANUEL RIOSECO,0,"SOR VICENTA & DOCTOR MANUEL RIOSECO, LOS ANGELES",CHILE,GEOMETRIC_CENTER,16304,2021,1340438,1,2021/03/25 00:00:00+00,1899/12/30 00:00:00+00,8,REGION BIO BIO,8301,LOS ANGELES,63,CHOQUE FRENTE/POSTERIOR,40,CHOQUE,1,URBANA,11,CRUCE CON SEMAFORO FUNCIONANDO,1,IMPRUDENCIA DEL CONDUCTOR,27,CONDUCCION NO ATENTO CONDICIONES TRANSITO MOMENTO,0,SOR VICENTA,0,DOCTOR MANUEL RIOSECO,DOCTOR MANUEL RIOSECO - SOR VICENTA,0, , , , ,2,0,1,UNIDIRECCIONAL,1,CONCRETO,1,BUENO,1,SECO,1,DESPEJADO,0,0,0,1,1
-8052423.81809187,-4501835.34605635,3849,22383,1341531,-72.3361539,-37.4486975,77,LOS ANGELES,1,12737,2021,1341531,REGION BIO BIO,8301,LOS ANGELES,SOR VICENTA,DOCTOR MANUEL RIOSECO,0,"SOR VICENTA & DOCTOR MANUEL RIOSECO, LOS ANGELES",CHILE,GEOMETRIC_CENTER,17595,2021,1341531,1,2021/04/03 00:00:00+00,1899/12/30 00:00:00+00,8,REGION BIO BIO,8301,LOS ANGELES,32,COLISION LATERAL,30,COLISION,1,URBANA,15,CRUCE CON SEÑAL CEDA EL PASO,1,IMPRUDENCIA DEL CONDUCTOR,27,CONDUCCION NO ATENTO CONDICIONES TRANSITO MOMENTO,0,SOR VICENTA,0,DOCTOR MANUEL RIOSECO,DOCTOR MANUEL RIOSECO - SOR VICENTA,0, , , , ,2,2,3,BIDIRECCIONAL CON BANDEJON,1,CONCRETO,1,BUENO,1,SECO,1,DESPEJADO,0,1,0,0,0
-8052423.81809187,-4501835.34605635,3850,22384,1397697,-72.3361539,-37.4486975,77,LOS ANGELES,1,50968,2021,1397697,REGION BIO BIO,8301,LOS ANGELES,SOR VICENTA,DOCTOR MANUEL RIOSECO,0,"SOR VICENTA & DOCTOR MANUEL RIOSECO, LOS ANGELES",CHILE,GEOMETRIC_CENTER,69370,2021,1397697,1,2021/11/18 00:00:00+00,1899/12/30 00:00:00+00,8,REGION BIO BIO,8301,LOS ANGELES,32,COLISION LATERAL,30,COLISION,1,URBANA,11,CRUCE CON SEMAFORO FUNCIONANDO,4,ALCOHOL EN CONDUCTOR,24,CONDUCCION EN ESTADO DE EBRIEDAD,0,SOR VICENTA,0,DOCTOR MANUEL RIOSECO,DOCTOR MANUEL RIOSECO - SOR VICENTA,0, , , , ,2,2,2,BIDIRECCIONAL,1,CONCRETO,1,BUENO,1,SECO,1,DESPEJADO,0,0,0,3,0
-8051377.58185765,-4501833.99995534,3851,22385,1336321,-72.3267554,-37.4486879,77,LOS ANGELES,1,8603,2021,1336321,REGION BIO BIO,8301,LOS ANGELES,LAS INDUSTRIAS, ,7190,"LAS INDUSTRIAS 7190, LOS ANGELES",CHILE,RANGE_INTERPOLATED,12053,2021,1336321,1,2021/03/03 00:00:00+00,1899/12/30 00:00:00+00,8,REGION BIO BIO,8301,LOS ANGELES,32,COLISION LATERAL,30,COLISION,1,URBANA,1,TRAMO DE VIA RECTA,10,DESOBEDIENCIA A SEÑALIZACION,65,SEÑALIZACION DESOBEDECER SEÑAL PARE,0,LAS INDUSTRIAS,0, ,- LAS INDUSTRIAS,7190, , , , ,2,0,1,UNIDIRECCIONAL,1,CONCRETO,1,BUENO,1,SECO,1,DESPEJADO,0,0,0,1,2
-8051377.58185765,-4501833.99995534,3852,22386,1338569,-72.3267554,-37.4486879,77,LOS ANGELES,1,10402,2021,1338569,REGION BIO BIO,8301,LOS ANGELES,LAS INDUSTRIAS, ,7190,"LAS INDUSTRIAS 7190, LOS ANGELES",CHILE,RANGE_INTERPOLATED,14486,2021,1338569,1,2021/03/15 00:00:00+00,1899/12/30 00:00:00+00,8,REGION BIO BIO,8301,LOS ANGELES,33,COLISION POR ALCANCE,30,COLISION,1,URBANA,1,TRAMO DE VIA RECTA,1,IMPRUDENCIA DEL CONDUCTOR,27,CONDUCCION NO ATENTO CONDICIONES TRANSITO MOMENTO,0,LAS INDUSTRIAS,0, ,- LAS INDUSTRIAS,7190, , , , ,2,2,3,BIDIRECCIONAL CON BANDEJON,1,CONCRETO,1,BUENO,1,SECO,1,DESPEJADO,0,0,0,0,2
-8051377.58185765,-4501833.99995534,3853,22387,1341754,-72.3267554,-37.4486879,77,LOS ANGELES,1,12854,2021,1341754,REGION BIO BIO,8301,LOS ANGELES,LAS INDUSTRIAS, ,7190,"LAS INDUSTRIAS 7190, LOS ANGELES",CHILE,RANGE_INTERPOLATED,17750,2021,1341754,1,2021/04/05 00:00:00+00,1899/12/30 00:00:00+00,8,REGION BIO BIO,8301,LOS ANGELES,32,COLISION LATERAL,30,COLISION,1,URBANA,16,CRUCE SIN SEÑALIZACION,1,IMPRUDENCIA DEL CONDUCTOR,27,CONDUCCION NO ATENTO CONDICIONES TRANSITO MOMENTO,0,LAS INDUSTRIAS,0, ,- LAS INDUSTRIAS,7190, , , , ,2,2,2,BIDIRECCIONAL,2,ASFALTO,1,BUENO,1,SECO,1,DESPEJADO,0,0,0,0,2
-8051872.93132778,-4501804.20349281,3854,22388,1408083,-72.3312052,-37.4484754,77,LOS ANGELES,1,58868,2021,1408083,REGION BIO BIO,8301,LOS ANGELES,LUXEMBURGO,NIEVES VASQUEZ,0,"LUXEMBURGO & NIEVES VASQUEZ, LOS ANGELES",CHILE,GEOMETRIC_CENTER,79998,2021,1408083,1,2021/12/28 00:00:00+00,1899/12/30 00:00:00+00,8,REGION BIO BIO,8301,LOS ANGELES,30,COLISION,30,COLISION,1,URBANA,1,TRAMO DE VIA RECTA,1,IMPRUDENCIA DEL CONDUCTOR,27,CONDUCCION NO ATENTO CONDICIONES TRANSITO MOMENTO,0,LUXEMBURGO,0,NIEVES VASQUEZ,LUXEMBURGO - NIEVES VASQUEZ,0, , , , ,2,2,3,BIDIRECCIONAL CON BANDEJON,1,CONCRETO,2,REGULAR,1,SECO,1,DESPEJADO,0,0,0,0,2
-8052380.09179589,-4501788.8636058,3855,22389,1398178,-72.3357611,-37.448366,77,LOS ANGELES,1,51456,2021,1398178,REGION BIO BIO,8301,LOS ANGELES,SOR VICENTA,NIEVES VASQUEZ,0,"SOR VICENTA & NIEVES VASQUEZ, LOS ANGELES",CHILE,GEOMETRIC_CENTER,69996,2021,1398178,1,2021/11/20 00:00:00+00,1899/12/30 00:00:00+00,8,REGION BIO BIO,8301,LOS ANGELES,33,COLISION POR ALCANCE,30,COLISION,1,URBANA,11,CRUCE CON SEMAFORO FUNCIONANDO,4,ALCOHOL EN CONDUCTOR,24,CONDUCCION EN ESTADO DE EBRIEDAD,0,SOR VICENTA,0,NIEVES VASQUEZ,NIEVES VASQUEZ - SOR VICENTA,0, , , , ,2,2,3,BIDIRECCIONAL CON BANDEJON,2,ASFALTO,1,BUENO,1,SECO,1,DESPEJADO,0,0,0,0,2
-8052655.20678543,-4501771.35036187,3856,22390,1375619,-72.3382325,-37.4482411,77,LOS ANGELES,1,36108,2021,1375619,REGION BIO BIO,8301,LOS ANGELES,SOR VICENTA, ,2276,"SOR VICENTA 2276, LOS ANGELES",CHILE,RANGE_INTERPOLATED,49714,2021,1375619,1,2021/08/30 00:00:00+00,1899/12/30 00:00:00+00,8,REGION BIO BIO,8301,LOS ANGELES,32,COLISION LATERAL,30,COLISION,1,URBANA,1,TRAMO DE VIA RECTA,1,IMPRUDENCIA DEL CONDUCTOR,11,ADELANTAMIENTO SIN EL ESPACIO O TIEMPO SUFICIENTE,0,SOR VICENTA,0, ,- SOR VICENTA,2276, , , , ,2,0,1,UNIDIRECCIONAL,1,CONCRETO,1,BUENO,1,SECO,1,DESPEJADO,0,0,0,0,2
-8052313.15538607,-4501753.76703829,3857,22391,1406870,-72.3351598,-37.4481157,77,LOS ANGELES,1,58044,2021,1406870,REGION BIO BIO,8301,LOS ANGELES,SOR VICENTA, ,2425,"SOR VICENTA 2425, LOS ANGELES",CHILE,RANGE_INTERPOLATED,78816,2021,1406870,1,2021/12/23 00:00:00+00,1899/12/30 00:00:00+00,8,REGION BIO BIO,8301,LOS ANGELES,33,COLISION POR ALCANCE,30,COLISION,1,URBANA,1,TRAMO DE VIA RECTA,1,IMPRUDENCIA DEL CONDUCTOR,27,CONDUCCION NO ATENTO CONDICIONES TRANSITO MOMENTO,0,SOR VICENTA,0, ,- SOR VICENTA,2425, , , , ,2,0,1,UNIDIRECCIONAL,2,ASFALTO,2,REGULAR,1,SECO,1,DESPEJADO,0,0,0,0,2
-8052400.67476973,-4501725.38699926,3858,22392,1352304,-72.335946,-37.4479133,77,LOS ANGELES,1,19662,2021,1352304,REGION BIO BIO,8301,LOS ANGELES,SOR VICENTA, ,2085,"SOR VICENTA 2085, LOS ANGELES",CHILE,RANGE_INTERPOLATED,27065,2021,1352304,1,2021/05/24 00:00:00+00,1899/12/30 00:00:00+00,8,REGION BIO BIO,8301,LOS ANGELES,10,ATROPELLO,10,ATROPELLO,1,URBANA,1,TRAMO DE VIA RECTA,2,IMPRUDENCIA DEL PEATON,55,PEATON CRUZA CALZADA FUERA PASO PEATONES,0,SOR VICENTA,0, ,- SOR VICENTA,2085, , , , ,2,0,1,UNIDIRECCIONAL,1,CONCRETO,1,BUENO,1,SECO,1,DESPEJADO,0,0,0,1,1
-8052649.08421344,-4501678.58253739,3859,22393,1375627,-72.3381775,-37.4475795,77,LOS ANGELES,1,36147,2021,1375627,REGION BIO BIO,8301,LOS ANGELES,SOR VICENTA, ,2686,"SOR VICENTA 2686, LOS ANGELES",CHILE,RANGE_INTERPOLATED,49764,2021,1375627,1,2021/08/30 00:00:00+00,1899/12/30 00:00:00+00,8,REGION BIO BIO,8301,LOS ANGELES,51,CHOQUE FRONTAL,40,CHOQUE,1,URBANA,1,TRAMO DE VIA RECTA,4,ALCOHOL EN CONDUCTOR,24,CONDUCCION EN ESTADO DE EBRIEDAD,0,SOR VICENTA,0, ,- SOR VICENTA,2686, , , , ,2,0,1,UNIDIRECCIONAL,2,ASFALTO,1,BUENO,1,SECO,1,DESPEJADO,0,0,0,1,0
-8052354.34359767,-4501665.43021272,3860,22394,1399753,-72.3355298,-37.4474857,77,LOS ANGELES,1,53220,2021,1399753,REGION BIO BIO,8301,LOS ANGELES,SOR VICENTA, ,2320,"SOR VICENTA 2320, LOS ANGELES",CHILE,RANGE_INTERPOLATED,72354,2021,1399753,1,2021/11/29 00:00:00+00,1899/12/30 00:00:00+00,8,REGION BIO BIO,8301,LOS ANGELES,51,CHOQUE FRONTAL,40,CHOQUE,1,URBANA,1,TRAMO DE VIA RECTA,1,IMPRUDENCIA DEL CONDUCTOR,27,CONDUCCION NO ATENTO CONDICIONES TRANSITO MOMENTO,0,SOR VICENTA,0, ,- SOR VICENTA,2320, , , , ,2,2,3,BIDIRECCIONAL CON BANDEJON,2,ASFALTO,1,BUENO,1,SECO,1,DESPEJADO,0,0,0,0,1