X,Y,FID,FID_1,LABELID,POINT_X,POINT_Y,FID_2,COMUNAREAL,VAL_COM,OBJECTID,A_O,IDACCIDENT,REGION,COD_COMUN,COMUNA,CALLE_UNO,CALLE_DOS,NUMERO,DIR_GEOCOD,PAIS,TIPO,OBJECTID_1,Año,Idaccide_1,Claseaccid,Fecha,Hora,Cód_Regi,Región,Cód_Comun,Comuna_1,Cód_Tipo_,Tipo_Accid,Cód_Tipo1,Tipo__CONA,Cód_Zona,Zona,Cód_Ubica,Ubicación,Cód_Causa,Causa__CON,Cód_Cau_1,Causa,Cód_Calle,Calle_Un_1,Cód_Cal_1,Calle_Do_1,Intersecci,Número,Ruta,Cód_Ruta,Ubicaci_1,Km_Vía_Fe,Pistas_de_,Pistas_de1,Cód_Calza,Calzada,Cód__Tipo,Tipo_Calza,Cód_Estad,Estado_Cal,Cód_Condi,Condición,Cód_Est_1,Estado_Atm,Fallecidos,Graves,Menos_Grav,Leves,Ilesos
-8059244.93102218,-4501633.43283499,3861,22395,1401395,-72.397429,-37.4472575,77,LOS ANGELES,1,54191,2021,1401395,REGION BIO BIO,8301,LOS ANGELES,LOS GUANACOS, ,3,"LOS GUANACOS 3, LOS ANGELES",CHILE,RANGE_INTERPOLATED,73628,2021,1401395,1,2021/12/04 00:00:00+00,1899/12/30 00:00:00+00,8,REGION BIO BIO,8301,LOS ANGELES,31,COLISION FRONTAL,30,COLISION,2,RURAL,1,TRAMO DE VIA RECTA,1,IMPRUDENCIA DEL CONDUCTOR,27,CONDUCCION NO ATENTO CONDICIONES TRANSITO MOMENTO,0,LOS GUANACOS,0, ,- LOS GUANACOS,3, , , , ,1,1,2,BIDIRECCIONAL,6,TIERRA,1,BUENO,0, ,1,DESPEJADO,0,1,0,0,1
-8055855.48629845,-4501623.68781603,3862,22396,1395101,-72.3669811,-37.447188,77,LOS ANGELES,1,49966,2021,1395101,REGION BIO BIO,8301,LOS ANGELES,DON VICTOR, ,200,"DON VICTOR 200, LOS ANGELES",CHILE,RANGE_INTERPOLATED,68038,2021,1395101,1,2021/11/13 00:00:00+00,1899/12/30 00:00:00+00,8,REGION BIO BIO,8301,LOS ANGELES,70,VOLCADURA,70,VOLCADURA,1,URBANA,1,TRAMO DE VIA RECTA,4,ALCOHOL EN CONDUCTOR,24,CONDUCCION EN ESTADO DE EBRIEDAD,0,DON VICTOR,0, ,- DON VICTOR,200, , , , ,1,1,2,BIDIRECCIONAL,5,RIPIO,3,MALO,0, ,1,DESPEJADO,0,1,0,1,1
-8051976.32487083,-4501394.57731672,3863,22397,1335370,-72.332134,-37.445554,77,LOS ANGELES,1,8374,2021,1335370,REGION BIO BIO,8301,LOS ANGELES,SOR VICENTA, ,2575,"SOR VICENTA 2575, LOS ANGELES",CHILE,RANGE_INTERPOLATED,11752,2021,1335370,1,2021/03/02 00:00:00+00,1899/12/30 00:00:00+00,8,REGION BIO BIO,8301,LOS ANGELES,32,COLISION LATERAL,30,COLISION,1,URBANA,1,TRAMO DE VIA RECTA,1,IMPRUDENCIA DEL CONDUCTOR,27,CONDUCCION NO ATENTO CONDICIONES TRANSITO MOMENTO,0,SOR VICENTA,0, ,- SOR VICENTA,2575, , , , ,1,1,2,BIDIRECCIONAL,2,ASFALTO,1,BUENO,1,SECO,1,DESPEJADO,0,0,0,0,2
-8051976.32487083,-4501394.57731672,3864,22398,1358927,-72.332134,-37.445554,77,LOS ANGELES,1,24009,2021,1358927,REGION BIO BIO,8301,LOS ANGELES,SOR VICENTA, ,2575,"SOR VICENTA 2575, LOS ANGELES",CHILE,RANGE_INTERPOLATED,33088,2021,1358927,1,2021/06/21 00:00:00+00,1899/12/30 00:00:00+00,8,REGION BIO BIO,8301,LOS ANGELES,63,CHOQUE FRENTE/POSTERIOR,40,CHOQUE,1,URBANA,1,TRAMO DE VIA RECTA,1,IMPRUDENCIA DEL CONDUCTOR,27,CONDUCCION NO ATENTO CONDICIONES TRANSITO MOMENTO,0,SOR VICENTA,0, ,- SOR VICENTA,2575, , , , ,2,2,3,BIDIRECCIONAL CON BANDEJON,1,CONCRETO,1,BUENO,2,HUMEDO,2,NUBLADO,0,0,0,0,2
-8051976.32487083,-4501394.57731672,3865,22399,1369412,-72.332134,-37.445554,77,LOS ANGELES,1,30840,2021,1369412,REGION BIO BIO,8301,LOS ANGELES,SOR VICENTA, ,2575,"SOR VICENTA 2575, LOS ANGELES",CHILE,RANGE_INTERPOLATED,42642,2021,1369412,1,2021/08/01 00:00:00+00,1899/12/30 00:00:00+00,8,REGION BIO BIO,8301,LOS ANGELES,64,CHOQUE LADO/FRENTE,40,CHOQUE,1,URBANA,1,TRAMO DE VIA RECTA,1,IMPRUDENCIA DEL CONDUCTOR,27,CONDUCCION NO ATENTO CONDICIONES TRANSITO MOMENTO,0,SOR VICENTA,0, ,- SOR VICENTA,2575, , , , ,1,0,1,UNIDIRECCIONAL,1,CONCRETO,1,BUENO,1,SECO,1,DESPEJADO,0,0,0,0,2
-8051976.32487083,-4501394.57731672,3866,22400,1386330,-72.332134,-37.445554,77,LOS ANGELES,1,43518,2021,1386330,REGION BIO BIO,8301,LOS ANGELES,SOR VICENTA, ,2575,"SOR VICENTA 2575, LOS ANGELES",CHILE,RANGE_INTERPOLATED,59521,2021,1386330,1,2021/10/09 00:00:00+00,1899/12/30 00:00:00+00,8,REGION BIO BIO,8301,LOS ANGELES,69,CHOQUE POSTERIOR/POSTERIOR,40,CHOQUE,1,URBANA,1,TRAMO DE VIA RECTA,1,IMPRUDENCIA DEL CONDUCTOR,27,CONDUCCION NO ATENTO CONDICIONES TRANSITO MOMENTO,0,SOR VICENTA,0, ,- SOR VICENTA,2575, , , , ,1,1,2,BIDIRECCIONAL,2,ASFALTO,1,BUENO,1,SECO,1,DESPEJADO,0,0,0,0,2
-8051976.32487083,-4501394.57731672,3867,22401,1394231,-72.332134,-37.445554,77,LOS ANGELES,1,48845,2021,1394231,REGION BIO BIO,8301,LOS ANGELES,SOR VICENTA, ,2575,"SOR VICENTA 2575, LOS ANGELES",CHILE,RANGE_INTERPOLATED,66595,2021,1394231,1,2021/11/07 00:00:00+00,1899/12/30 00:00:00+00,8,REGION BIO BIO,8301,LOS ANGELES,62,CHOQUE FRENTE/LADO,40,CHOQUE,1,URBANA,26,OTROS NO CONSIDERADOS,14,OTRAS CAUSAS,98,OTRAS CAUSAS,0,SOR VICENTA,0, ,- SOR VICENTA,2575, , , , ,1,1,2,BIDIRECCIONAL,2,ASFALTO,1,BUENO,1,SECO,1,DESPEJADO,0,0,0,0,2
-8051976.32487083,-4501394.57731672,3868,22402,1397198,-72.332134,-37.445554,77,LOS ANGELES,1,50909,2021,1397198,REGION BIO BIO,8301,LOS ANGELES,SOR VICENTA, ,2575,"SOR VICENTA 2575, LOS ANGELES",CHILE,RANGE_INTERPOLATED,69294,2021,1397198,1,2021/11/17 00:00:00+00,1899/12/30 00:00:00+00,8,REGION BIO BIO,8301,LOS ANGELES,33,COLISION POR ALCANCE,30,COLISION,1,URBANA,1,TRAMO DE VIA RECTA,1,IMPRUDENCIA DEL CONDUCTOR,27,CONDUCCION NO ATENTO CONDICIONES TRANSITO MOMENTO,0,SOR VICENTA,0, ,- SOR VICENTA,2575, , , , ,2,0,1,UNIDIRECCIONAL,1,CONCRETO,1,BUENO,1,SECO,1,DESPEJADO,0,0,0,0,2
-8051976.32487083,-4501394.57731672,3869,22403,1406263,-72.332134,-37.445554,77,LOS ANGELES,1,57503,2021,1406263,REGION BIO BIO,8301,LOS ANGELES,SOR VICENTA, ,2575,"SOR VICENTA 2575, LOS ANGELES",CHILE,RANGE_INTERPOLATED,78083,2021,1406263,1,2021/12/21 00:00:00+00,1899/12/30 00:00:00+00,8,REGION BIO BIO,8301,LOS ANGELES,10,ATROPELLO,10,ATROPELLO,1,URBANA,1,TRAMO DE VIA RECTA,1,IMPRUDENCIA DEL CONDUCTOR,27,CONDUCCION NO ATENTO CONDICIONES TRANSITO MOMENTO,0,SOR VICENTA,0, ,- SOR VICENTA,2575, , , , ,2,2,3,BIDIRECCIONAL CON BANDEJON,1,CONCRETO,1,BUENO,1,SECO,1,DESPEJADO,0,1,0,0,1
-8052045.99974012,-4501337.93142869,3870,22404,1344675,-72.3327599,-37.44515,77,LOS ANGELES,1,14051,2021,1344675,REGION BIO BIO,8301,LOS ANGELES,SOR VICENTA, ,2281,"SOR VICENTA 2281, LOS ANGELES",CHILE,RANGE_INTERPOLATED,19409,2021,1344675,1,2021/04/15 00:00:00+00,1899/12/30 00:00:00+00,8,REGION BIO BIO,8301,LOS ANGELES,63,CHOQUE FRENTE/POSTERIOR,40,CHOQUE,1,URBANA,1,TRAMO DE VIA RECTA,1,IMPRUDENCIA DEL CONDUCTOR,27,CONDUCCION NO ATENTO CONDICIONES TRANSITO MOMENTO,0,SOR VICENTA,0, ,- SOR VICENTA,2281, , , , ,1,1,2,BIDIRECCIONAL,1,CONCRETO,1,BUENO,1,SECO,1,DESPEJADO,0,0,0,1,3
-8051978.86295522,-4501337.44068595,3871,22405,1332418,-72.3321568,-37.4451465,77,LOS ANGELES,1,6203,2021,1332418,REGION BIO BIO,8301,LOS ANGELES,LAGUNA VERDE,SOR VICENTA,0,"LAGUNA VERDE & SOR VICENTA, LOS ANGELES",CHILE,GEOMETRIC_CENTER,8658,2021,1332418,1,2021/02/15 00:00:00+00,1899/12/30 00:00:00+00,8,REGION BIO BIO,8301,LOS ANGELES,30,COLISION,30,COLISION,1,URBANA,14,CRUCE CON SEÑAL PARE,1,IMPRUDENCIA DEL CONDUCTOR,27,CONDUCCION NO ATENTO CONDICIONES TRANSITO MOMENTO,0,LAGUNA VERDE,0,SOR VICENTA,LAGUNA VERDE - SOR VICENTA,0, , , , ,1,0,1,UNIDIRECCIONAL,2,ASFALTO,1,BUENO,1,SECO,1,DESPEJADO,0,0,0,3,0
-8051978.86295522,-4501337.44068595,3872,22406,1334750,-72.3321568,-37.4451465,77,LOS ANGELES,1,7566,2021,1334750,REGION BIO BIO,8301,LOS ANGELES,LAGUNA VERDE,SOR VICENTA,0,"LAGUNA VERDE & SOR VICENTA, LOS ANGELES",CHILE,GEOMETRIC_CENTER,10627,2021,1334750,1,2021/02/25 00:00:00+00,1899/12/30 00:00:00+00,8,REGION BIO BIO,8301,LOS ANGELES,63,CHOQUE FRENTE/POSTERIOR,40,CHOQUE,1,URBANA,11,CRUCE CON SEMAFORO FUNCIONANDO,4,ALCOHOL EN CONDUCTOR,24,CONDUCCION EN ESTADO DE EBRIEDAD,0,LAGUNA VERDE,0,SOR VICENTA,LAGUNA VERDE - SOR VICENTA,0, , , , ,1,1,2,BIDIRECCIONAL,1,CONCRETO,1,BUENO,1,SECO,1,DESPEJADO,0,0,0,0,2
-8051978.86295522,-4501337.44068595,3873,22407,1340978,-72.3321568,-37.4451465,77,LOS ANGELES,1,12395,2021,1340978,REGION BIO BIO,8301,LOS ANGELES,SOR VICENTA,LAGUNA VERDE,0,"SOR VICENTA & LAGUNA VERDE, LOS ANGELES",CHILE,GEOMETRIC_CENTER,17145,2021,1340978,1,2021/03/31 00:00:00+00,1899/12/30 00:00:00+00,8,REGION BIO BIO,8301,LOS ANGELES,32,COLISION LATERAL,30,COLISION,1,URBANA,1,TRAMO DE VIA RECTA,1,IMPRUDENCIA DEL CONDUCTOR,27,CONDUCCION NO ATENTO CONDICIONES TRANSITO MOMENTO,0,SOR VICENTA,0,LAGUNA VERDE,LAGUNA VERDE - SOR VICENTA,0, , , , ,2,0,1,UNIDIRECCIONAL,1,CONCRETO,1,BUENO,1,SECO,1,DESPEJADO,0,0,0,1,2
-8051978.86295522,-4501337.44068595,3874,22408,1353560,-72.3321568,-37.4451465,77,LOS ANGELES,1,20895,2021,1353560,REGION BIO BIO,8301,LOS ANGELES,SOR VICENTA,LAGUNA VERDE,0,"SOR VICENTA & LAGUNA VERDE, LOS ANGELES",CHILE,GEOMETRIC_CENTER,28800,2021,1353560,1,2021/06/01 00:00:00+00,1899/12/30 00:00:00+00,8,REGION BIO BIO,8301,LOS ANGELES,33,COLISION POR ALCANCE,30,COLISION,1,URBANA,1,TRAMO DE VIA RECTA,1,IMPRUDENCIA DEL CONDUCTOR,27,CONDUCCION NO ATENTO CONDICIONES TRANSITO MOMENTO,0,SOR VICENTA,0,LAGUNA VERDE,LAGUNA VERDE - SOR VICENTA,0, , , , ,2,0,1,UNIDIRECCIONAL,2,ASFALTO,1,BUENO,2,HUMEDO,2,NUBLADO,0,0,0,0,2
-8051978.86295522,-4501337.44068595,3875,22409,1406862,-72.3321568,-37.4451465,77,LOS ANGELES,1,57709,2021,1406862,REGION BIO BIO,8301,LOS ANGELES,SOR VICENTA,LAGUNA VERDE,0,"SOR VICENTA & LAGUNA VERDE, LOS ANGELES",CHILE,GEOMETRIC_CENTER,78359,2021,1406862,1,2021/12/22 00:00:00+00,1899/12/30 00:00:00+00,8,REGION BIO BIO,8301,LOS ANGELES,30,COLISION,30,COLISION,1,URBANA,11,CRUCE CON SEMAFORO FUNCIONANDO,10,DESOBEDIENCIA A SEÑALIZACION,62,SEÑALIZACION DESOBEDECER LUZ ROJA DE SEMAFORO,0,SOR VICENTA,0,LAGUNA VERDE,LAGUNA VERDE - SOR VICENTA,0, , , , ,2,2,2,BIDIRECCIONAL,1,CONCRETO,1,BUENO,1,SECO,1,DESPEJADO,0,0,0,0,2
-8052104.17530601,-4501212.86287796,3876,22410,1400611,-72.3332825,-37.444258,77,LOS ANGELES,1,51227,2021,1400611,REGION BIO BIO,8301,LOS ANGELES,LAGUNA VERDE, ,330,"LAGUNA VERDE 330, LOS ANGELES",CHILE,RANGE_INTERPOLATED,69699,2021,1400611,1,2021/11/19 00:00:00+00,1899/12/30 00:00:00+00,8,REGION BIO BIO,8301,LOS ANGELES,50,CHOQUE,40,CHOQUE,1,URBANA,1,TRAMO DE VIA RECTA,1,IMPRUDENCIA DEL CONDUCTOR,93,CONDUCIR VEHICULO EN RETROCESO,0,LAGUNA VERDE,0, ,- LAGUNA VERDE,330, , , , ,2,0,1,UNIDIRECCIONAL,1,CONCRETO,1,BUENO,1,SECO,1,DESPEJADO,0,0,0,0,2
-8051700.49743654,-4501130.8680723,3877,22411,1347822,-72.3296562,-37.4436732,77,LOS ANGELES,1,17043,2021,1347822,REGION BIO BIO,8301,LOS ANGELES,SOR VICENTA, ,2965,"SOR VICENTA 2965, LOS ANGELES",CHILE,RANGE_INTERPOLATED,23489,2021,1347822,1,2021/05/07 00:00:00+00,1899/12/30 00:00:00+00,8,REGION BIO BIO,8301,LOS ANGELES,32,COLISION LATERAL,30,COLISION,1,URBANA,15,CRUCE CON SEÑAL CEDA EL PASO,1,IMPRUDENCIA DEL CONDUCTOR,29,CONDUCCION CAMBIAR SORPRESIVAMENTE PISTA CIRCULACION,0,SOR VICENTA,0, ,- SOR VICENTA,2965, , , , ,2,2,3,BIDIRECCIONAL CON BANDEJON,1,CONCRETO,1,BUENO,1,SECO,2,NUBLADO,0,0,0,0,2
-8051700.49743654,-4501130.8680723,3878,22412,1401495,-72.3296562,-37.4436732,77,LOS ANGELES,1,54099,2021,1401495,REGION BIO BIO,8301,LOS ANGELES,SOR VICENTA, ,2965,"SOR VICENTA 2965, LOS ANGELES",CHILE,RANGE_INTERPOLATED,73512,2021,1401495,1,2021/12/04 00:00:00+00,1899/12/30 00:00:00+00,8,REGION BIO BIO,8301,LOS ANGELES,52,CHOQUE LATERAL,40,CHOQUE,1,URBANA,1,TRAMO DE VIA RECTA,4,ALCOHOL EN CONDUCTOR,24,CONDUCCION EN ESTADO DE EBRIEDAD,0,SOR VICENTA,0, ,- SOR VICENTA,2965, , , , ,2,0,1,UNIDIRECCIONAL,1,CONCRETO,1,BUENO,1,SECO,1,DESPEJADO,0,0,0,1,0
-8051675.04980095,-4500994.34702104,3879,22413,1333425,-72.3294276,-37.4426995,77,LOS ANGELES,1,6694,2021,1333425,REGION BIO BIO,8301,LOS ANGELES,CALLE LOCAL,TRES VIENTOS,0,"CALLE LOCAL & TRES VIENTOS, LOS ANGELES",CHILE,GEOMETRIC_CENTER,9391,2021,1333425,1,2021/02/18 00:00:00+00,1899/12/30 00:00:00+00,8,REGION BIO BIO,8301,LOS ANGELES,70,VOLCADURA,70,VOLCADURA,1,URBANA,1,TRAMO DE VIA RECTA,9,PERDIDA CONTROL VEHICULO,95,PERDIDA CONTROL VEHICULO,0,CALLE LOCAL,0,TRES VIENTOS,CALLE LOCAL - TRES VIENTOS,0, , , , ,1,0,1,UNIDIRECCIONAL,1,CONCRETO,1,BUENO,3,MOJADO,4,LLOVIZNA,0,0,0,1,0
-8051560.2014823,-4500782.17297001,3880,22414,1340924,-72.3283959,-37.4411862,77,LOS ANGELES,1,12046,2021,1340924,REGION BIO BIO,8301,LOS ANGELES,SOR VICENTA, ,2890,"SOR VICENTA 2890, LOS ANGELES",CHILE,RANGE_INTERPOLATED,16658,2021,1340924,1,2021/03/27 00:00:00+00,1899/12/30 00:00:00+00,8,REGION BIO BIO,8301,LOS ANGELES,32,COLISION LATERAL,30,COLISION,1,URBANA,1,TRAMO DE VIA RECTA,1,IMPRUDENCIA DEL CONDUCTOR,29,CONDUCCION CAMBIAR SORPRESIVAMENTE PISTA CIRCULACION,0,SOR VICENTA,0, ,- SOR VICENTA,2890, , , , ,2,0,1,UNIDIRECCIONAL,1,CONCRETO,1,BUENO,1,SECO,1,DESPEJADO,0,0,0,0,2
-8051421.25249389,-4500770.22752888,3881,22415,1325678,-72.3271477,-37.441101,77,LOS ANGELES,1,1731,2021,1325678,REGION BIO BIO,8301,LOS ANGELES,SOR VICENTA,LAS INDUSTRIAS,0,"SOR VICENTA & LAS INDUSTRIAS, LOS ANGELES",CHILE,GEOMETRIC_CENTER,2391,2021,1325678,1,2021/01/12 00:00:00+00,1899/12/30 00:00:00+00,8,REGION BIO BIO,8301,LOS ANGELES,51,CHOQUE FRONTAL,40,CHOQUE,1,URBANA,14,CRUCE CON SEÑAL PARE,1,IMPRUDENCIA DEL CONDUCTOR,27,CONDUCCION NO ATENTO CONDICIONES TRANSITO MOMENTO,0,SOR VICENTA,0,LAS INDUSTRIAS,LAS INDUSTRIAS - SOR VICENTA,0, , , , ,1,1,2,BIDIRECCIONAL,1,CONCRETO,1,BUENO,1,SECO,1,DESPEJADO,0,0,0,1,1
-8051421.25249389,-4500770.22752888,3882,22416,1345702,-72.3271477,-37.441101,77,LOS ANGELES,1,15045,2021,1345702,REGION BIO BIO,8301,LOS ANGELES,LAS INDUSTRIAS,SOR VICENTA,0,"LAS INDUSTRIAS & SOR VICENTA, LOS ANGELES",CHILE,GEOMETRIC_CENTER,20743,2021,1345702,1,2021/04/23 00:00:00+00,1899/12/30 00:00:00+00,8,REGION BIO BIO,8301,LOS ANGELES,32,COLISION LATERAL,30,COLISION,1,URBANA,11,CRUCE CON SEMAFORO FUNCIONANDO,1,IMPRUDENCIA DEL CONDUCTOR,27,CONDUCCION NO ATENTO CONDICIONES TRANSITO MOMENTO,0,LAS INDUSTRIAS,0,SOR VICENTA,LAS INDUSTRIAS - SOR VICENTA,0, , , , ,1,2,3,BIDIRECCIONAL CON BANDEJON,1,CONCRETO,1,BUENO,1,SECO,1,DESPEJADO,0,3,1,1,0
-8051421.25249389,-4500770.22752888,3883,22417,1348357,-72.3271477,-37.441101,77,LOS ANGELES,1,17392,2021,1348357,REGION BIO BIO,8301,LOS ANGELES,LAS INDUSTRIAS,SOR VICENTA,0,"LAS INDUSTRIAS & SOR VICENTA, LOS ANGELES",CHILE,GEOMETRIC_CENTER,23977,2021,1348357,1,2021/05/10 00:00:00+00,1899/12/30 00:00:00+00,8,REGION BIO BIO,8301,LOS ANGELES,33,COLISION POR ALCANCE,30,COLISION,1,URBANA,1,TRAMO DE VIA RECTA,1,IMPRUDENCIA DEL CONDUCTOR,27,CONDUCCION NO ATENTO CONDICIONES TRANSITO MOMENTO,0,LAS INDUSTRIAS,0,SOR VICENTA,LAS INDUSTRIAS - SOR VICENTA,0, , , , ,2,2,2,BIDIRECCIONAL,1,CONCRETO,1,BUENO,1,SECO,1,DESPEJADO,0,0,0,0,2
-8051421.25249389,-4500770.22752888,3884,22418,1352003,-72.3271477,-37.441101,77,LOS ANGELES,1,19539,2021,1352003,REGION BIO BIO,8301,LOS ANGELES,SOR VICENTA,LAS INDUSTRIAS,0,"SOR VICENTA & LAS INDUSTRIAS, LOS ANGELES",CHILE,GEOMETRIC_CENTER,26907,2021,1352003,1,2021/05/24 00:00:00+00,1899/12/30 00:00:00+00,8,REGION BIO BIO,8301,LOS ANGELES,68,CHOQUE POSTERIOR/LADO,40,CHOQUE,1,URBANA,1,TRAMO DE VIA RECTA,1,IMPRUDENCIA DEL CONDUCTOR,27,CONDUCCION NO ATENTO CONDICIONES TRANSITO MOMENTO,0,SOR VICENTA,0,LAS INDUSTRIAS,LAS INDUSTRIAS - SOR VICENTA,0, , , , ,2,2,3,BIDIRECCIONAL CON BANDEJON,1,CONCRETO,1,BUENO,1,SECO,1,DESPEJADO,0,0,0,0,2
-8051421.25249389,-4500770.22752888,3885,22419,1358854,-72.3271477,-37.441101,77,LOS ANGELES,1,23845,2021,1358854,REGION BIO BIO,8301,LOS ANGELES,SOR VICENTA,LAS INDUSTRIAS,0,"SOR VICENTA & LAS INDUSTRIAS, LOS ANGELES",CHILE,GEOMETRIC_CENTER,32858,2021,1358854,1,2021/06/19 00:00:00+00,1899/12/30 00:00:00+00,8,REGION BIO BIO,8301,LOS ANGELES,32,COLISION LATERAL,30,COLISION,1,URBANA,11,CRUCE CON SEMAFORO FUNCIONANDO,1,IMPRUDENCIA DEL CONDUCTOR,27,CONDUCCION NO ATENTO CONDICIONES TRANSITO MOMENTO,0,SOR VICENTA,0,LAS INDUSTRIAS,LAS INDUSTRIAS - SOR VICENTA,0, , , , ,2,2,2,BIDIRECCIONAL,1,CONCRETO,1,BUENO,1,SECO,1,DESPEJADO,0,0,0,0,2
-8051421.25249389,-4500770.22752888,3886,22420,1360298,-72.3271477,-37.441101,77,LOS ANGELES,1,25415,2021,1360298,REGION BIO BIO,8301,LOS ANGELES,SOR VICENTA,LAS INDUSTRIAS,0,"SOR VICENTA & LAS INDUSTRIAS, LOS ANGELES",CHILE,GEOMETRIC_CENTER,35119,2021,1360298,1,2021/07/01 00:00:00+00,1899/12/30 00:00:00+00,8,REGION BIO BIO,8301,LOS ANGELES,63,CHOQUE FRENTE/POSTERIOR,40,CHOQUE,1,URBANA,1,TRAMO DE VIA RECTA,1,IMPRUDENCIA DEL CONDUCTOR,27,CONDUCCION NO ATENTO CONDICIONES TRANSITO MOMENTO,0,SOR VICENTA,0,LAS INDUSTRIAS,LAS INDUSTRIAS - SOR VICENTA,0, , , , ,1,1,2,BIDIRECCIONAL,2,ASFALTO,1,BUENO,1,SECO,2,NUBLADO,0,0,0,0,2
-8051421.25249389,-4500770.22752888,3887,22421,1380326,-72.3271477,-37.441101,77,LOS ANGELES,1,38760,2021,1380326,REGION BIO BIO,8301,LOS ANGELES,LAS INDUSTRIAS,SOR VICENTA,0,"LAS INDUSTRIAS & SOR VICENTA, LOS ANGELES",CHILE,GEOMETRIC_CENTER,53248,2021,1380326,1,2021/09/14 00:00:00+00,1899/12/30 00:00:00+00,8,REGION BIO BIO,8301,LOS ANGELES,30,COLISION,30,COLISION,1,URBANA,1,TRAMO DE VIA RECTA,8,DROGAS Y/O FATIGA EN CONDUCTOR,25,"CONDICIONES FISICAS DEFICIENTES (CANSANCIO, SUEÑO)",0,LAS INDUSTRIAS,0,SOR VICENTA,LAS INDUSTRIAS - SOR VICENTA,0, , , , ,2,2,2,BIDIRECCIONAL,1,CONCRETO,1,BUENO,1,SECO,1,DESPEJADO,0,0,0,3,0
-8051421.25249389,-4500770.22752888,3888,22422,1405407,-72.3271477,-37.441101,77,LOS ANGELES,1,57024,2021,1405407,REGION BIO BIO,8301,LOS ANGELES,LAS INDUSTRIAS,SOR VICENTA,0,"LAS INDUSTRIAS & SOR VICENTA, LOS ANGELES",CHILE,GEOMETRIC_CENTER,77480,2021,1405407,1,2021/12/19 00:00:00+00,1899/12/30 00:00:00+00,8,REGION BIO BIO,8301,LOS ANGELES,32,COLISION LATERAL,30,COLISION,1,URBANA,11,CRUCE CON SEMAFORO FUNCIONANDO,10,DESOBEDIENCIA A SEÑALIZACION,62,SEÑALIZACION DESOBEDECER LUZ ROJA DE SEMAFORO,0,LAS INDUSTRIAS,0,SOR VICENTA,LAS INDUSTRIAS - SOR VICENTA,0, , , , ,1,1,2,BIDIRECCIONAL,2,ASFALTO,1,BUENO,1,SECO,1,DESPEJADO,0,3,0,1,1
-8051995.85030952,-4500697.75600684,3889,22423,1383390,-72.3323094,-37.4405841,77,LOS ANGELES,1,41430,2021,1383390,REGION BIO BIO,8301,LOS ANGELES,SOR VICENTA,TRES VIENTOS,0,"SOR VICENTA & TRES VIENTOS, LOS ANGELES",CHILE,GEOMETRIC_CENTER,56794,2021,1383390,1,2021/09/29 00:00:00+00,1899/12/30 00:00:00+00,8,REGION BIO BIO,8301,LOS ANGELES,32,COLISION LATERAL,30,COLISION,1,URBANA,1,TRAMO DE VIA RECTA,1,IMPRUDENCIA DEL CONDUCTOR,27,CONDUCCION NO ATENTO CONDICIONES TRANSITO MOMENTO,0,SOR VICENTA,0,TRES VIENTOS,SOR VICENTA - TRES VIENTOS,0, , , , ,2,0,1,UNIDIRECCIONAL,1,CONCRETO,1,BUENO,1,SECO,1,DESPEJADO,0,0,0,1,1
-8051847.04954617,-4500558.8992211,3890,22424,1334753,-72.3309727,-37.4395937,77,LOS ANGELES,1,7588,2021,1334753,REGION BIO BIO,8301,LOS ANGELES,PASO PIEDRA,LAS INDUSTRIAS,0,"PASO PIEDRA & LAS INDUSTRIAS, LOS ANGELES",CHILE,GEOMETRIC_CENTER,10656,2021,1334753,1,2021/02/25 00:00:00+00,1899/12/30 00:00:00+00,8,REGION BIO BIO,8301,LOS ANGELES,62,CHOQUE FRENTE/LADO,40,CHOQUE,1,URBANA,14,CRUCE CON SEÑAL PARE,1,IMPRUDENCIA DEL CONDUCTOR,27,CONDUCCION NO ATENTO CONDICIONES TRANSITO MOMENTO,0,PASO PIEDRA,0,LAS INDUSTRIAS,LAS INDUSTRIAS - PASO PIEDRA,0, , , , ,1,1,2,BIDIRECCIONAL,1,CONCRETO,1,BUENO,1,SECO,1,DESPEJADO,0,0,0,1,1
-8050621.08799407,-4500463.43624694,3891,22425,1367098,-72.3199597,-37.4389128,77,LOS ANGELES,1,29806,2021,1367098,REGION BIO BIO,8301,LOS ANGELES,CERRO COLORADO, ,4,"CERRO COLORADO 4, LOS ANGELES",CHILE,RANGE_INTERPOLATED,41228,2021,1367098,1,2021/07/26 00:00:00+00,1899/12/30 00:00:00+00,8,REGION BIO BIO,8301,LOS ANGELES,51,CHOQUE FRONTAL,40,CHOQUE,1,URBANA,1,TRAMO DE VIA RECTA,9,PERDIDA CONTROL VEHICULO,95,PERDIDA CONTROL VEHICULO,0,CERRO COLORADO,0, ,- CERRO COLORADO,4, , , , ,2,0,1,UNIDIRECCIONAL,1,CONCRETO,1,BUENO,1,SECO,1,DESPEJADO,0,0,0,0,1
-8051867.82176315,-4499608.03759198,3892,22426,1388879,-72.3311593,-37.4328113,77,LOS ANGELES,1,45059,2021,1388879,REGION BIO BIO,8301,LOS ANGELES,LAS INDUSTRIAS, ,5320,"LAS INDUSTRIAS 5320, LOS ANGELES",CHILE,RANGE_INTERPOLATED,61613,2021,1388879,1,2021/10/18 00:00:00+00,1899/12/30 00:00:00+00,8,REGION BIO BIO,8301,LOS ANGELES,32,COLISION LATERAL,30,COLISION,1,URBANA,1,TRAMO DE VIA RECTA,1,IMPRUDENCIA DEL CONDUCTOR,27,CONDUCCION NO ATENTO CONDICIONES TRANSITO MOMENTO,0,LAS INDUSTRIAS,0, ,- LAS INDUSTRIAS,5320, , , , ,1,1,2,BIDIRECCIONAL,2,ASFALTO,1,BUENO,1,SECO,1,DESPEJADO,0,0,0,1,1