X,Y,FID,FID_1,LABELID,POINT_X,POINT_Y,FID_2,COMUNAREAL,VAL_COM,OBJECTID,A_O,IDACCIDENT,REGION,COD_COMUN,COMUNA,CALLE_UNO,CALLE_DOS,NUMERO,DIR_GEOCOD,PAIS,TIPO,OBJECTID_1,Año,Idaccide_1,Claseaccid,Fecha,Hora,Cód_Regi,Región,Cód_Comun,Comuna_1,Cód_Tipo_,Tipo_Accid,Cód_Tipo1,Tipo__CONA,Cód_Zona,Zona,Cód_Ubica,Ubicación,Cód_Causa,Causa__CON,Cód_Cau_1,Causa,Cód_Calle,Calle_Un_1,Cód_Cal_1,Calle_Do_1,Intersecci,Número,Ruta,Cód_Ruta,Ubicaci_1,Km_Vía_Fe,Pistas_de_,Pistas_de1,Cód_Calza,Calzada,Cód__Tipo,Tipo_Calza,Cód_Estad,Estado_Cal,Cód_Condi,Condición,Cód_Est_1,Estado_Atm,Fallecidos,Graves,Menos_Grav,Leves,Ilesos
-8051946.07936518,-4499283.78521534,3893,22427,1335361,-72.3318623,-37.4304983,77,LOS ANGELES,1,8204,2021,1335361,REGION BIO BIO,8301,LOS ANGELES,LAS INDUSTRIAS, ,513,"LAS INDUSTRIAS 513, LOS ANGELES",CHILE,RANGE_INTERPOLATED,11514,2021,1335361,1,2021/03/01 00:00:00+00,1899/12/30 00:00:00+00,8,REGION BIO BIO,8301,LOS ANGELES,32,COLISION LATERAL,30,COLISION,1,URBANA,1,TRAMO DE VIA RECTA,1,IMPRUDENCIA DEL CONDUCTOR,27,CONDUCCION NO ATENTO CONDICIONES TRANSITO MOMENTO,0,LAS INDUSTRIAS,0, ,- LAS INDUSTRIAS,513, , , , ,1,1,2,BIDIRECCIONAL,2,ASFALTO,2,REGULAR,1,SECO,1,DESPEJADO,0,0,0,1,1
-8029649.09705386,-4499041.0160433,3894,22428,1338023,-72.1315651,-37.4287665,77,LOS ANGELES,1,10294,2021,1338023,REGION BIO BIO,8301,LOS ANGELES,HIJUELA EL ROBLE,CHACAYAL NORTE,0,"HIJUELA EL ROBLE & CHACAYAL NORTE, LOS ANGELES",CHILE,GEOMETRIC_CENTER,14316,2021,1338023,1,2021/03/14 00:00:00+00,1899/12/30 00:00:00+00,8,REGION BIO BIO,8301,LOS ANGELES,31,COLISION FRONTAL,30,COLISION,2,RURAL,1,TRAMO DE VIA RECTA,1,IMPRUDENCIA DEL CONDUCTOR,27,CONDUCCION NO ATENTO CONDICIONES TRANSITO MOMENTO,0,HIJUELA EL ROBLE,0,CHACAYAL NORTE,CHACAYAL NORTE - HIJUELA EL ROBLE,0, , , , ,1,1,2,BIDIRECCIONAL,6,TIERRA,3,MALO,0, ,1,DESPEJADO,0,0,0,0,2
-8029649.09705386,-4499041.0160433,3895,22429,1351921,-72.1315651,-37.4287665,77,LOS ANGELES,1,19399,2021,1351921,REGION BIO BIO,8301,LOS ANGELES,HIJUELA EL TRIANGULO,LA VARIANTE CHACAYAL SUR,0,"HIJUELA EL TRIANGULO & LA VARIANTE CHACAYAL SUR, LOS ANGELES",CHILE,GEOMETRIC_CENTER,26697,2021,1351921,1,2021/05/23 00:00:00+00,1899/12/30 00:00:00+00,8,REGION BIO BIO,8301,LOS ANGELES,51,CHOQUE FRONTAL,40,CHOQUE,1,URBANA,1,TRAMO DE VIA RECTA,1,IMPRUDENCIA DEL CONDUCTOR,27,CONDUCCION NO ATENTO CONDICIONES TRANSITO MOMENTO,0,HIJUELA EL TRIANGULO,0,LA VARIANTE CHACAYAL SUR,HIJUELA EL TRIANGULO - LA VARIANTE CHACAYAL SUR,0, , , , ,1,1,2,BIDIRECCIONAL,2,ASFALTO,1,BUENO,1,SECO,1,DESPEJADO,0,0,0,0,1
-8052238.50453555,-4499011.24152975,3896,22430,1344750,-72.3344892,-37.4285541,77,LOS ANGELES,1,14818,2021,1344750,REGION BIO BIO,8301,LOS ANGELES,LAS INDUSTRIAS, ,4930,"LAS INDUSTRIAS 4930, LOS ANGELES",CHILE,RANGE_INTERPOLATED,20428,2021,1344750,1,2021/04/21 00:00:00+00,1899/12/30 00:00:00+00,8,REGION BIO BIO,8301,LOS ANGELES,31,COLISION FRONTAL,30,COLISION,1,URBANA,1,TRAMO DE VIA RECTA,1,IMPRUDENCIA DEL CONDUCTOR,27,CONDUCCION NO ATENTO CONDICIONES TRANSITO MOMENTO,0,LAS INDUSTRIAS,0, ,- LAS INDUSTRIAS,4930, , , , ,1,1,2,BIDIRECCIONAL,2,ASFALTO,1,BUENO,3,MOJADO,3,LLUVIA,0,0,0,3,0
-8052244.08164204,-4498869.05677616,3897,22431,1344740,-72.3345393,-37.4275398,77,LOS ANGELES,1,14771,2021,1344740,REGION BIO BIO,8301,LOS ANGELES,LAS INDUSTRIAS,CAMINO VECINAL COOPELAN,0,"LAS INDUSTRIAS & CAMINO VECINAL COOPELAN, LOS ANGELES",CHILE,GEOMETRIC_CENTER,20358,2021,1344740,1,2021/04/20 00:00:00+00,1899/12/30 00:00:00+00,8,REGION BIO BIO,8301,LOS ANGELES,33,COLISION POR ALCANCE,30,COLISION,1,URBANA,1,TRAMO DE VIA RECTA,1,IMPRUDENCIA DEL CONDUCTOR,27,CONDUCCION NO ATENTO CONDICIONES TRANSITO MOMENTO,0,LAS INDUSTRIAS,0,CAMINO VECINAL COOPELAN,CAMINO VECINAL COOPELAN - LAS INDUSTRIAS,0, , , , ,1,1,2,BIDIRECCIONAL,2,ASFALTO,1,BUENO,3,MOJADO,3,LLUVIA,0,0,0,6,2
-8052244.08164204,-4498869.05677616,3898,22432,1358783,-72.3345393,-37.4275398,77,LOS ANGELES,1,23666,2021,1358783,REGION BIO BIO,8301,LOS ANGELES,LAS INDUSTRIAS, ,4670,"LAS INDUSTRIAS 4670, LOS ANGELES",CHILE,RANGE_INTERPOLATED,32603,2021,1358783,1,2021/06/18 00:00:00+00,1899/12/30 00:00:00+00,8,REGION BIO BIO,8301,LOS ANGELES,33,COLISION POR ALCANCE,30,COLISION,1,URBANA,1,TRAMO DE VIA RECTA,1,IMPRUDENCIA DEL CONDUCTOR,27,CONDUCCION NO ATENTO CONDICIONES TRANSITO MOMENTO,0,LAS INDUSTRIAS,0, ,- LAS INDUSTRIAS,4670, , , , ,1,1,2,BIDIRECCIONAL,2,ASFALTO,1,BUENO,1,SECO,1,DESPEJADO,0,0,0,1,1
-8052523.90544604,-4498203.9975043,3899,22433,1334599,-72.337053,-37.4227953,77,LOS ANGELES,1,4747,2021,1334599,REGION BIO BIO,8301,LOS ANGELES,LAS INDUSTRIAS, ,3265,"LAS INDUSTRIAS 3265, LOS ANGELES",CHILE,RANGE_INTERPOLATED,6643,2021,1334599,1,2021/02/04 00:00:00+00,1899/12/30 00:00:00+00,8,REGION BIO BIO,8301,LOS ANGELES,30,COLISION,30,COLISION,1,URBANA,1,TRAMO DE VIA RECTA,1,IMPRUDENCIA DEL CONDUCTOR,27,CONDUCCION NO ATENTO CONDICIONES TRANSITO MOMENTO,0,LAS INDUSTRIAS,0, ,- LAS INDUSTRIAS,3265, , , , ,1,1,2,BIDIRECCIONAL,2,ASFALTO,1,BUENO,1,SECO,1,DESPEJADO,0,0,0,2,0
-8053455.61618813,-4496364.32483132,3900,22434,1330518,-72.3454227,-37.4096696,77,LOS ANGELES,1,4803,2021,1330518,REGION BIO BIO,8301,LOS ANGELES,LAS INDUSTRIAS, ,2455,"LAS INDUSTRIAS 2455, LOS ANGELES",CHILE,RANGE_INTERPOLATED,6722,2021,1330518,1,2021/02/04 00:00:00+00,1899/12/30 00:00:00+00,8,REGION BIO BIO,8301,LOS ANGELES,32,COLISION LATERAL,30,COLISION,1,URBANA,1,TRAMO DE VIA RECTA,1,IMPRUDENCIA DEL CONDUCTOR,27,CONDUCCION NO ATENTO CONDICIONES TRANSITO MOMENTO,0,LAS INDUSTRIAS,0, ,- LAS INDUSTRIAS,2455, , , , ,2,2,2,BIDIRECCIONAL,1,CONCRETO,1,BUENO,1,SECO,1,DESPEJADO,0,0,0,0,2
-8054503.55561056,-4494425.34873627,3901,22435,1390964,-72.3548365,-37.3958329,77,LOS ANGELES,1,46905,2021,1390964,REGION BIO BIO,8301,LOS ANGELES,LAS INDUSTRIAS CAMINO LATERAL, ,8665,"LAS INDUSTRIAS CAMINO LATERAL 8665, LOS ANGELES",CHILE,RANGE_INTERPOLATED,63991,2021,1390964,1,2021/10/28 00:00:00+00,1899/12/30 00:00:00+00,8,REGION BIO BIO,8301,LOS ANGELES,62,CHOQUE FRENTE/LADO,40,CHOQUE,1,URBANA,14,CRUCE CON SEÑAL PARE,1,IMPRUDENCIA DEL CONDUCTOR,27,CONDUCCION NO ATENTO CONDICIONES TRANSITO MOMENTO,0,LAS INDUSTRIAS CAMINO LATERAL,0, ,- LAS INDUSTRIAS CAMINO LATERAL,8665, , , , ,1,1,2,BIDIRECCIONAL,2,ASFALTO,2,REGULAR,1,SECO,1,DESPEJADO,0,0,0,0,2
-8048346.87532496,-4491072.07206806,3902,22436,1323703,-72.2995301,-37.3718976,77,LOS ANGELES,1,90,2021,1323703,REGION BIO BIO,8301,LOS ANGELES,CAMINO SANTA MATILDE, ,18,"CAMINO SANTA MATILDE 18, LOS ANGELES",CHILE,RANGE_INTERPOLATED,145,2021,1323703,1,2021/01/01 00:00:00+00,1899/12/30 00:00:00+00,8,REGION BIO BIO,8301,LOS ANGELES,51,CHOQUE FRONTAL,40,CHOQUE,2,RURAL,1,TRAMO DE VIA RECTA,4,ALCOHOL EN CONDUCTOR,24,CONDUCCION EN ESTADO DE EBRIEDAD,0,CAMINO SANTA MATILDE,0, ,- CAMINO SANTA MATILDE,18, , , , ,1,1,2,BIDIRECCIONAL,6,TIERRA,3,MALO,0, ,1,DESPEJADO,0,0,0,2,0
-8025136.77262651,-4575762.29110502,3903,24912,1385519,-72.0910302,-37.974062,78,MULCHEN,1,42932,2021,1385519,REGION BIO BIO,8305,MULCHEN,UNZUETA,SAN MARTIN,0,"UNZUETA & SAN MARTIN, MULCHEN",CHILE,GEOMETRIC_CENTER,58758,2021,1385519,1,2021/10/06 00:00:00+00,1899/12/30 00:00:00+00,8,REGION BIO BIO,8305,MULCHEN,30,COLISION,30,COLISION,1,URBANA,15,CRUCE CON SEÑAL CEDA EL PASO,10,DESOBEDIENCIA A SEÑALIZACION,64,SEÑALIZACION DESOBEDECER SEÑAL CEDA EL PASO,0,UNZUETA,0,SAN MARTIN,SAN MARTIN - UNZUETA,0, , , , ,2,0,1,UNIDIRECCIONAL,1,CONCRETO,1,BUENO,1,SECO,1,DESPEJADO,0,0,0,0,2
-8025136.77262651,-4575762.29110502,3904,24913,1400389,-72.0910302,-37.974062,78,MULCHEN,1,53471,2021,1400389,REGION BIO BIO,8305,MULCHEN,UNZUETA,SAN MARTIN,0,"UNZUETA & SAN MARTIN, MULCHEN",CHILE,GEOMETRIC_CENTER,72681,2021,1400389,1,2021/12/01 00:00:00+00,1899/12/30 00:00:00+00,8,REGION BIO BIO,8305,MULCHEN,50,CHOQUE,40,CHOQUE,1,URBANA,16,CRUCE SIN SEÑALIZACION,14,OTRAS CAUSAS,98,OTRAS CAUSAS,0,UNZUETA,0,SAN MARTIN,SAN MARTIN - UNZUETA,0, , , , ,2,0,1,UNIDIRECCIONAL,2,ASFALTO,3,MALO,1,SECO,1,DESPEJADO,0,0,0,1,0
-8051839.5020847,-4552126.09431332,3905,24914,1323723,-72.3309049,-37.8064957,78,MULCHEN,0,110,2021,1323723,REGION BIO BIO,8301,LOS ANGELES,RUTA 5 SUR,CRUCE LA ISLA,0,"RUTA 5 SUR & CRUCE LA ISLA, LOS ANGELES",CHILE,GEOMETRIC_CENTER,177,2021,1323723,1,2021/01/01 00:00:00+00,1899/12/30 00:00:00+00,8,REGION BIO BIO,8301,LOS ANGELES,32,COLISION LATERAL,30,COLISION,2,RURAL,24,ROTONDA,1,IMPRUDENCIA DEL CONDUCTOR,27,CONDUCCION NO ATENTO CONDICIONES TRANSITO MOMENTO,0,RUTA 5 SUR,0,CRUCE LA ISLA,CRUCE LA ISLA - RUTA 5 SUR,0, , , , ,2,0,1,UNIDIRECCIONAL,2,ASFALTO,1,BUENO,1,SECO,1,DESPEJADO,0,0,0,0,2
-8051839.5020847,-4552126.09431332,3906,24915,1343480,-72.3309049,-37.8064957,78,MULCHEN,0,13878,2021,1343480,REGION BIO BIO,8301,LOS ANGELES,LAS MAICAS,LOS COPIHUES,0,"LAS MAICAS & LOS COPIHUES, LOS ANGELES",CHILE,GEOMETRIC_CENTER,19187,2021,1343480,1,2021/04/14 00:00:00+00,1899/12/30 00:00:00+00,8,REGION BIO BIO,8301,LOS ANGELES,31,COLISION FRONTAL,30,COLISION,1,URBANA,1,TRAMO DE VIA RECTA,7,VELOCIDAD IMPRUDENTE,72,VELOCIDAD NO RAZONABLE NI PRUDENTE,0,LAS MAICAS,0,LOS COPIHUES,LAS MAICAS - LOS COPIHUES,0, , , , ,2,2,2,BIDIRECCIONAL,4,MIXTO,1,BUENO,1,SECO,1,DESPEJADO,0,0,0,0,3
-8041268.2247527,-4541922.3865429,3907,24916,1407658,-72.2359415,-37.7340398,78,MULCHEN,1,58424,2021,1407658,REGION BIO BIO,8305,MULCHEN,LAS ARAUCARIAS, ,961,"LAS ARAUCARIAS 961, MULCHEN",CHILE,RANGE_INTERPOLATED,79346,2021,1407658,1,2021/12/25 00:00:00+00,1899/12/30 00:00:00+00,8,REGION BIO BIO,8305,MULCHEN,50,CHOQUE,40,CHOQUE,1,URBANA,1,TRAMO DE VIA RECTA,13,CAUSAS NO DETERMINADAS,97,CAUSAS NO DETERMINADAS,0,LAS ARAUCARIAS,0, ,- LAS ARAUCARIAS,961, , , , ,2,0,1,UNIDIRECCIONAL,1,CONCRETO,1,BUENO,1,SECO,1,DESPEJADO,0,0,0,0,2
-8041278.42161805,-4541592.93473696,3908,24917,1362515,-72.2360331,-37.7316992,78,MULCHEN,1,26999,2021,1362515,REGION BIO BIO,8305,MULCHEN,LOS MENBRILLOS,LAS ARAUCARIAS,0,"LOS MENBRILLOS & LAS ARAUCARIAS, MULCHEN",CHILE,GEOMETRIC_CENTER,37224,2021,1362515,1,2021/07/09 00:00:00+00,1899/12/30 00:00:00+00,8,REGION BIO BIO,8305,MULCHEN,50,CHOQUE,40,CHOQUE,1,URBANA,1,TRAMO DE VIA RECTA,4,ALCOHOL EN CONDUCTOR,24,CONDUCCION EN ESTADO DE EBRIEDAD,0,LOS MENBRILLOS,0,LAS ARAUCARIAS,LAS ARAUCARIAS - LOS MENBRILLOS,0, , , , ,1,1,2,BIDIRECCIONAL,1,CONCRETO,1,BUENO,2,HUMEDO,2,NUBLADO,0,1,0,0,2
-8041281.70554303,-4541544.1076168,3909,24918,1372572,-72.2360626,-37.7313523,78,MULCHEN,1,34211,2021,1372572,REGION BIO BIO,8305,MULCHEN,LOS ALERCES,LAS ARAUCARIAS,0,"LOS ALERCES & LAS ARAUCARIAS, MULCHEN",CHILE,GEOMETRIC_CENTER,47161,2021,1372572,1,2021/08/19 00:00:00+00,1899/12/30 00:00:00+00,8,REGION BIO BIO,8305,MULCHEN,30,COLISION,30,COLISION,1,URBANA,15,CRUCE CON SEÑAL CEDA EL PASO,1,IMPRUDENCIA DEL CONDUCTOR,27,CONDUCCION NO ATENTO CONDICIONES TRANSITO MOMENTO,0,LOS ALERCES,0,LAS ARAUCARIAS,LAS ARAUCARIAS - LOS ALERCES,0, , , , ,2,0,1,UNIDIRECCIONAL,1,CONCRETO,1,BUENO,3,MOJADO,3,LLUVIA,0,0,0,0,2
-8041217.66343998,-4541532.39702412,3910,24919,1350275,-72.2354873,-37.7312691,78,MULCHEN,1,18689,2021,1350275,REGION BIO BIO,8305,MULCHEN,LOS LINGUES, ,946,"LOS LINGUES 946, MULCHEN",CHILE,RANGE_INTERPOLATED,25689,2021,1350275,1,2021/05/18 00:00:00+00,1899/12/30 00:00:00+00,8,REGION BIO BIO,8305,MULCHEN,50,CHOQUE,40,CHOQUE,1,URBANA,1,TRAMO DE VIA RECTA,13,CAUSAS NO DETERMINADAS,97,CAUSAS NO DETERMINADAS,0,LOS LINGUES,0, ,- LOS LINGUES,946, , , , ,2,0,1,UNIDIRECCIONAL,2,ASFALTO,1,BUENO,1,SECO,2,NUBLADO,0,0,0,0,2
-8041010.09711745,-4541491.97306011,3911,24920,1380162,-72.2336227,-37.7309819,78,MULCHEN,1,39388,2021,1380162,REGION BIO BIO,8305,MULCHEN,LOS ACACIOS, ,879,"LOS ACACIOS 879, MULCHEN",CHILE,RANGE_INTERPOLATED,54085,2021,1380162,1,2021/09/17 00:00:00+00,1899/12/30 00:00:00+00,8,REGION BIO BIO,8305,MULCHEN,50,CHOQUE,40,CHOQUE,1,URBANA,1,TRAMO DE VIA RECTA,1,IMPRUDENCIA DEL CONDUCTOR,27,CONDUCCION NO ATENTO CONDICIONES TRANSITO MOMENTO,0,LOS ACACIOS,0, ,- LOS ACACIOS,879, , , , ,2,0,1,UNIDIRECCIONAL,2,ASFALTO,1,BUENO,1,SECO,1,DESPEJADO,0,0,0,0,2
-8043283.95356419,-4541427.08673261,3912,24921,1379168,-72.2540491,-37.7305209,78,MULCHEN,1,38505,2021,1379168,REGION BIO BIO,8305,MULCHEN,BILBAO, ,1,"BILBAO 1, MULCHEN",CHILE,RANGE_INTERPOLATED,52906,2021,1379168,1,2021/09/12 00:00:00+00,1899/12/30 00:00:00+00,8,REGION BIO BIO,8305,MULCHEN,20,CAIDA,20,CAIDA,1,URBANA,1,TRAMO DE VIA RECTA,12,FALLAS MECANICAS,1,FALLAS MECANICAS FRENOS,0,BILBAO,0, ,- BILBAO,1, , , , ,2,0,1,UNIDIRECCIONAL,5,RIPIO,2,REGULAR,0, ,3,LLUVIA,0,0,1,0,1
-8041319.28700313,-4541365.7054831,3913,24922,1370873,-72.2364002,-37.7300848,78,MULCHEN,1,32080,2021,1370873,REGION BIO BIO,8305,MULCHEN,JOSE MIGUEL CARRERA,LA GRANJA,0,"JOSE MIGUEL CARRERA & LA GRANJA, MULCHEN",CHILE,GEOMETRIC_CENTER,44265,2021,1370873,1,2021/08/07 00:00:00+00,1899/12/30 00:00:00+00,8,REGION BIO BIO,8305,MULCHEN,30,COLISION,30,COLISION,1,URBANA,15,CRUCE CON SEÑAL CEDA EL PASO,1,IMPRUDENCIA DEL CONDUCTOR,27,CONDUCCION NO ATENTO CONDICIONES TRANSITO MOMENTO,0,JOSE MIGUEL CARRERA,0,LA GRANJA,JOSE MIGUEL CARRERA - LA GRANJA,0, , , , ,2,0,1,UNIDIRECCIONAL,1,CONCRETO,1,BUENO,1,SECO,1,DESPEJADO,0,0,0,5,0
-8041319.28700313,-4541365.7054831,3914,24923,1374437,-72.2364002,-37.7300848,78,MULCHEN,1,34650,2021,1374437,REGION BIO BIO,8305,MULCHEN,LA GRANJA, ,1180,"LA GRANJA 1180, MULCHEN",CHILE,RANGE_INTERPOLATED,47766,2021,1374437,1,2021/08/22 00:00:00+00,1899/12/30 00:00:00+00,8,REGION BIO BIO,8305,MULCHEN,50,CHOQUE,40,CHOQUE,1,URBANA,1,TRAMO DE VIA RECTA,4,ALCOHOL EN CONDUCTOR,24,CONDUCCION EN ESTADO DE EBRIEDAD,0,LA GRANJA,0, ,- LA GRANJA,1180, , , , ,1,1,2,BIDIRECCIONAL,1,CONCRETO,3,MALO,3,MOJADO,2,NUBLADO,0,0,0,0,1
-8041225.50033213,-4541347.88655015,3915,24924,1345202,-72.2355577,-37.7299582,78,MULCHEN,1,15421,2021,1345202,REGION BIO BIO,8305,MULCHEN,LOS LINGUES, ,747,"LOS LINGUES 747, MULCHEN",CHILE,RANGE_INTERPOLATED,21240,2021,1345202,1,2021/04/25 00:00:00+00,1899/12/30 00:00:00+00,8,REGION BIO BIO,8305,MULCHEN,30,COLISION,30,COLISION,1,URBANA,1,TRAMO DE VIA RECTA,1,IMPRUDENCIA DEL CONDUCTOR,27,CONDUCCION NO ATENTO CONDICIONES TRANSITO MOMENTO,0,LOS LINGUES,0, ,- LOS LINGUES,747, , , , ,2,0,1,UNIDIRECCIONAL,1,CONCRETO,1,BUENO,1,SECO,1,DESPEJADO,0,0,0,0,2
-8041542.46031827,-4540986.96822771,3916,24925,1364145,-72.238405,-37.7273939,78,MULCHEN,1,28587,2021,1364145,REGION BIO BIO,8305,MULCHEN,JOSE MIGUEL CARRERA, ,443,"JOSE MIGUEL CARRERA 443, MULCHEN",CHILE,RANGE_INTERPOLATED,39502,2021,1364145,1,2021/07/19 00:00:00+00,1899/12/30 00:00:00+00,8,REGION BIO BIO,8305,MULCHEN,30,COLISION,30,COLISION,1,URBANA,1,TRAMO DE VIA RECTA,1,IMPRUDENCIA DEL CONDUCTOR,27,CONDUCCION NO ATENTO CONDICIONES TRANSITO MOMENTO,0,JOSE MIGUEL CARRERA,0, ,- JOSE MIGUEL CARRERA,443, , , , ,2,0,1,UNIDIRECCIONAL,1,CONCRETO,1,BUENO,1,SECO,1,DESPEJADO,0,1,0,0,1
-8042642.54179018,-4540930.17782679,3917,24926,1367240,-72.2482872,-37.7269904,78,MULCHEN,1,30107,2021,1367240,REGION BIO BIO,8305,MULCHEN,JOSE JOAQUIN PEREZ, ,260,"JOSE JOAQUIN PEREZ 260, MULCHEN",CHILE,RANGE_INTERPOLATED,41629,2021,1367240,1,2021/07/28 00:00:00+00,1899/12/30 00:00:00+00,8,REGION BIO BIO,8305,MULCHEN,50,CHOQUE,40,CHOQUE,1,URBANA,1,TRAMO DE VIA RECTA,1,IMPRUDENCIA DEL CONDUCTOR,27,CONDUCCION NO ATENTO CONDICIONES TRANSITO MOMENTO,0,JOSE JOAQUIN PEREZ,0, ,- JOSE JOAQUIN PEREZ,260, , , , ,1,1,2,BIDIRECCIONAL,1,CONCRETO,1,BUENO,1,SECO,1,DESPEJADO,0,0,0,0,2
-8041442.45088774,-4540655.81488005,3918,24927,1387715,-72.2375066,-37.725041,78,MULCHEN,1,44423,2021,1387715,REGION BIO BIO,8305,MULCHEN,JOSE MIGUEL CARRERA,ECKERS,0,"JOSE MIGUEL CARRERA & ECKERS, MULCHEN",CHILE,GEOMETRIC_CENTER,60734,2021,1387715,1,2021/10/14 00:00:00+00,1899/12/30 00:00:00+00,8,REGION BIO BIO,8305,MULCHEN,30,COLISION,30,COLISION,1,URBANA,15,CRUCE CON SEÑAL CEDA EL PASO,10,DESOBEDIENCIA A SEÑALIZACION,64,SEÑALIZACION DESOBEDECER SEÑAL CEDA EL PASO,0,JOSE MIGUEL CARRERA,0,ECKERS,ECKERS - JOSE MIGUEL CARRERA,0, , , , ,2,0,1,UNIDIRECCIONAL,2,ASFALTO,1,BUENO,1,SECO,1,DESPEJADO,0,0,0,2,0
-8041576.84690897,-4540613.74765933,3919,24928,1380353,-72.2387139,-37.7247421,78,MULCHEN,1,39899,2021,1380353,REGION BIO BIO,8305,MULCHEN,ECKERS,MISION,0,"ECKERS & MISION, MULCHEN",CHILE,GEOMETRIC_CENTER,54815,2021,1380353,1,2021/09/20 00:00:00+00,1899/12/30 00:00:00+00,8,REGION BIO BIO,8305,MULCHEN,30,COLISION,30,COLISION,1,URBANA,16,CRUCE SIN SEÑALIZACION,1,IMPRUDENCIA DEL CONDUCTOR,27,CONDUCCION NO ATENTO CONDICIONES TRANSITO MOMENTO,0,ECKERS,0,MISION,ECKERS - MISION,0, , , , ,2,0,1,UNIDIRECCIONAL,2,ASFALTO,1,BUENO,1,SECO,1,DESPEJADO,0,0,0,1,2
-8041657.92089412,-4540589.41377074,3920,24929,1394390,-72.2394422,-37.7245692,78,MULCHEN,1,49062,2021,1394390,REGION BIO BIO,8305,MULCHEN,ECKERS,SALVO,0,"ECKERS & SALVO, MULCHEN",CHILE,GEOMETRIC_CENTER,66872,2021,1394390,1,2021/11/08 00:00:00+00,1899/12/30 00:00:00+00,8,REGION BIO BIO,8305,MULCHEN,30,COLISION,30,COLISION,1,URBANA,16,CRUCE SIN SEÑALIZACION,1,IMPRUDENCIA DEL CONDUCTOR,27,CONDUCCION NO ATENTO CONDICIONES TRANSITO MOMENTO,0,ECKERS,0,SALVO,ECKERS - SALVO,0, , , , ,2,0,1,UNIDIRECCIONAL,2,ASFALTO,1,BUENO,1,SECO,1,DESPEJADO,0,0,0,0,2
-8041657.92089412,-4540589.41377074,3921,24930,1406668,-72.2394422,-37.7245692,78,MULCHEN,1,57876,2021,1406668,REGION BIO BIO,8305,MULCHEN,SALVO,ECKERS,0,"SALVO & ECKERS, MULCHEN",CHILE,GEOMETRIC_CENTER,78587,2021,1406668,1,2021/12/23 00:00:00+00,1899/12/30 00:00:00+00,8,REGION BIO BIO,8305,MULCHEN,30,COLISION,30,COLISION,1,URBANA,15,CRUCE CON SEÑAL CEDA EL PASO,10,DESOBEDIENCIA A SEÑALIZACION,64,SEÑALIZACION DESOBEDECER SEÑAL CEDA EL PASO,0,SALVO,0,ECKERS,ECKERS - SALVO,0, , , , ,2,0,1,UNIDIRECCIONAL,1,CONCRETO,1,BUENO,1,SECO,1,DESPEJADO,0,0,0,0,2
-8041621.97583054,-4540468.71627119,3922,24931,1362514,-72.2391193,-37.7237116,78,MULCHEN,1,26863,2021,1362514,REGION BIO BIO,8305,MULCHEN,UNZUETA,SALVO,0,"UNZUETA & SALVO, MULCHEN",CHILE,GEOMETRIC_CENTER,37048,2021,1362514,1,2021/07/09 00:00:00+00,1899/12/30 00:00:00+00,8,REGION BIO BIO,8305,MULCHEN,70,VOLCADURA,70,VOLCADURA,1,URBANA,15,CRUCE CON SEÑAL CEDA EL PASO,1,IMPRUDENCIA DEL CONDUCTOR,27,CONDUCCION NO ATENTO CONDICIONES TRANSITO MOMENTO,0,UNZUETA,0,SALVO,SALVO - UNZUETA,0, , , , ,1,1,2,BIDIRECCIONAL,1,CONCRETO,1,BUENO,3,MOJADO,3,LLUVIA,0,0,0,1,1
-8041250.6028773,-4540458.97721485,3923,24932,1389971,-72.2357832,-37.7236424,78,MULCHEN,1,46511,2021,1389971,REGION BIO BIO,8305,MULCHEN,VILLAGRAN, ,1205,"VILLAGRAN 1205, MULCHEN",CHILE,RANGE_INTERPOLATED,63513,2021,1389971,1,2021/10/26 00:00:00+00,1899/12/30 00:00:00+00,8,REGION BIO BIO,8305,MULCHEN,30,COLISION,30,COLISION,1,URBANA,1,TRAMO DE VIA RECTA,13,CAUSAS NO DETERMINADAS,97,CAUSAS NO DETERMINADAS,0,VILLAGRAN,0, ,- VILLAGRAN,1205, , , , ,2,0,1,UNIDIRECCIONAL,2,ASFALTO,1,BUENO,1,SECO,1,DESPEJADO,0,0,0,0,2
-8041743.70369372,-4540432.27929927,3924,24933,1333636,-72.2402128,-37.7234527,78,MULCHEN,1,6707,2021,1333636,REGION BIO BIO,8305,MULCHEN,UNZUETA,PANTOJA,0,"UNZUETA & PANTOJA, MULCHEN",CHILE,GEOMETRIC_CENTER,9408,2021,1333636,1,2021/02/19 00:00:00+00,1899/12/30 00:00:00+00,8,REGION BIO BIO,8305,MULCHEN,30,COLISION,30,COLISION,1,URBANA,1,TRAMO DE VIA RECTA,1,IMPRUDENCIA DEL CONDUCTOR,27,CONDUCCION NO ATENTO CONDICIONES TRANSITO MOMENTO,0,UNZUETA,0,PANTOJA,PANTOJA - UNZUETA,0, , , , ,1,1,2,BIDIRECCIONAL,1,CONCRETO,1,BUENO,2,HUMEDO,2,NUBLADO,0,1,0,0,1