X,Y,FID,FID_1,LABELID,POINT_X,POINT_Y,FID_2,COMUNAREAL,VAL_COM,OBJECTID,A_O,IDACCIDENT,REGION,COD_COMUN,COMUNA,CALLE_UNO,CALLE_DOS,NUMERO,DIR_GEOCOD,PAIS,TIPO,OBJECTID_1,Año,Idaccide_1,Claseaccid,Fecha,Hora,Cód_Regi,Región,Cód_Comun,Comuna_1,Cód_Tipo_,Tipo_Accid,Cód_Tipo1,Tipo__CONA,Cód_Zona,Zona,Cód_Ubica,Ubicación,Cód_Causa,Causa__CON,Cód_Cau_1,Causa,Cód_Calle,Calle_Un_1,Cód_Cal_1,Calle_Do_1,Intersecci,Número,Ruta,Cód_Ruta,Ubicaci_1,Km_Vía_Fe,Pistas_de_,Pistas_de1,Cód_Calza,Calzada,Cód__Tipo,Tipo_Calza,Cód_Estad,Estado_Cal,Cód_Condi,Condición,Cód_Est_1,Estado_Atm,Fallecidos,Graves,Menos_Grav,Leves,Ilesos
-8041605.07753184,-4540380.82583935,3925,24934,1328272,-72.2389675,-37.7230871,78,MULCHEN,1,3700,2021,1328272,REGION BIO BIO,8305,MULCHEN,ARRIAGADA,MANERA,0,"ARRIAGADA & MANERA, MULCHEN",CHILE,GEOMETRIC_CENTER,5105,2021,1328272,1,2021/01/26 00:00:00+00,1899/12/30 00:00:00+00,8,REGION BIO BIO,8305,MULCHEN,30,COLISION,30,COLISION,1,URBANA,16,CRUCE SIN SEÑALIZACION,9,PERDIDA CONTROL VEHICULO,95,PERDIDA CONTROL VEHICULO,0,ARRIAGADA,0,MANERA,ARRIAGADA - MANERA,0, , , , ,2,0,1,UNIDIRECCIONAL,1,CONCRETO,1,BUENO,1,SECO,1,DESPEJADO,0,0,0,2,0
-8041605.07753184,-4540380.82583935,3926,24935,1395311,-72.2389675,-37.7230871,78,MULCHEN,1,50105,2021,1395311,REGION BIO BIO,8305,MULCHEN,MATTA,MANERA,0,"MATTA & MANERA, MULCHEN",CHILE,GEOMETRIC_CENTER,68242,2021,1395311,1,2021/11/13 00:00:00+00,1899/12/30 00:00:00+00,8,REGION BIO BIO,8305,MULCHEN,30,COLISION,30,COLISION,1,URBANA,14,CRUCE CON SEÑAL PARE,10,DESOBEDIENCIA A SEÑALIZACION,65,SEÑALIZACION DESOBEDECER SEÑAL PARE,0,MATTA,0,MANERA,MANERA - MATTA,0, , , , ,2,0,1,UNIDIRECCIONAL,1,CONCRETO,1,BUENO,1,SECO,1,DESPEJADO,0,0,0,1,1
-8042756.6554002,-4540350.80674713,3927,24936,1343032,-72.2493123,-37.7228738,78,MULCHEN,1,13573,2021,1343032,REGION BIO BIO,8305,MULCHEN,JOSE JOAQUIN PEREZ, ,1,"JOSE JOAQUIN PEREZ 1, MULCHEN",CHILE,RANGE_INTERPOLATED,18746,2021,1343032,1,2021/04/11 00:00:00+00,1899/12/30 00:00:00+00,8,REGION BIO BIO,8305,MULCHEN,30,COLISION,30,COLISION,2,RURAL,1,TRAMO DE VIA RECTA,4,ALCOHOL EN CONDUCTOR,24,CONDUCCION EN ESTADO DE EBRIEDAD,0,JOSE JOAQUIN PEREZ,0, ,- JOSE JOAQUIN PEREZ,1, , , , ,2,2,2,BIDIRECCIONAL,5,RIPIO,1,BUENO,0, ,2,NUBLADO,0,0,0,0,2
-8041587.45565645,-4540347.27426704,3928,24937,1374883,-72.2388092,-37.7228487,78,MULCHEN,1,35606,2021,1374883,REGION BIO BIO,8305,MULCHEN,SALVO,VILLAGRAN,0,"SALVO & VILLAGRAN, MULCHEN",CHILE,GEOMETRIC_CENTER,49020,2021,1374883,1,2021/08/27 00:00:00+00,1899/12/30 00:00:00+00,8,REGION BIO BIO,8305,MULCHEN,53,CHOQUE POSTERIOR,40,CHOQUE,1,URBANA,15,CRUCE CON SEÑAL CEDA EL PASO,4,ALCOHOL EN CONDUCTOR,24,CONDUCCION EN ESTADO DE EBRIEDAD,0,SALVO,0,VILLAGRAN,SALVO - VILLAGRAN,0, , , , ,1,1,2,BIDIRECCIONAL,1,CONCRETO,1,BUENO,3,MOJADO,2,NUBLADO,0,0,0,0,2
-8041587.45565645,-4540347.27426704,3929,24938,1383280,-72.2388092,-37.7228487,78,MULCHEN,1,40664,2021,1383280,REGION BIO BIO,8305,MULCHEN,SALVO,VILLAGRAN,0,"SALVO & VILLAGRAN, MULCHEN",CHILE,GEOMETRIC_CENTER,55804,2021,1383280,1,2021/09/24 00:00:00+00,1899/12/30 00:00:00+00,8,REGION BIO BIO,8305,MULCHEN,30,COLISION,30,COLISION,1,URBANA,1,TRAMO DE VIA RECTA,1,IMPRUDENCIA DEL CONDUCTOR,29,CONDUCCION CAMBIAR SORPRESIVAMENTE PISTA CIRCULACION,0,SALVO,0,VILLAGRAN,SALVO - VILLAGRAN,0, , , , ,1,1,2,BIDIRECCIONAL,1,CONCRETO,1,BUENO,1,SECO,1,DESPEJADO,0,0,0,0,2
-8042106.80560879,-4540322.32176253,3930,24939,1387721,-72.2434746,-37.7226714,78,MULCHEN,1,44808,2021,1387721,REGION BIO BIO,8305,MULCHEN,UNZUETA,ARRIAGADA,0,"UNZUETA & ARRIAGADA, MULCHEN",CHILE,GEOMETRIC_CENTER,61244,2021,1387721,1,2021/10/16 00:00:00+00,1899/12/30 00:00:00+00,8,REGION BIO BIO,8305,MULCHEN,30,COLISION,30,COLISION,1,URBANA,16,CRUCE SIN SEÑALIZACION,13,CAUSAS NO DETERMINADAS,97,CAUSAS NO DETERMINADAS,0,UNZUETA,0,ARRIAGADA,ARRIAGADA - UNZUETA,0, , , , ,2,0,1,UNIDIRECCIONAL,1,CONCRETO,1,BUENO,1,SECO,1,DESPEJADO,0,0,0,0,2
-8041830.13214638,-4540270.2777575,3931,24940,1372543,-72.2409892,-37.7223016,78,MULCHEN,1,34190,2021,1372543,REGION BIO BIO,8305,MULCHEN,SAN MARTIN,VILLAGRAN,0,"SAN MARTIN & VILLAGRAN, MULCHEN",CHILE,GEOMETRIC_CENTER,47134,2021,1372543,1,2021/08/19 00:00:00+00,1899/12/30 00:00:00+00,8,REGION BIO BIO,8305,MULCHEN,10,ATROPELLO,10,ATROPELLO,1,URBANA,15,CRUCE CON SEÑAL CEDA EL PASO,1,IMPRUDENCIA DEL CONDUCTOR,27,CONDUCCION NO ATENTO CONDICIONES TRANSITO MOMENTO,0,SAN MARTIN,0,VILLAGRAN,SAN MARTIN - VILLAGRAN,0, , , , ,2,0,1,UNIDIRECCIONAL,1,CONCRETO,1,BUENO,3,MOJADO,2,NUBLADO,0,0,0,1,1
-8041550.18589093,-4540222.82195775,3932,24941,1355278,-72.2384744,-37.7219644,78,MULCHEN,1,22016,2021,1355278,REGION BIO BIO,8305,MULCHEN,SALVO,ANIBAL PINTO,0,"SALVO & ANIBAL PINTO, MULCHEN",CHILE,GEOMETRIC_CENTER,30338,2021,1355278,1,2021/06/08 00:00:00+00,1899/12/30 00:00:00+00,8,REGION BIO BIO,8305,MULCHEN,10,ATROPELLO,10,ATROPELLO,1,URBANA,16,CRUCE SIN SEÑALIZACION,1,IMPRUDENCIA DEL CONDUCTOR,27,CONDUCCION NO ATENTO CONDICIONES TRANSITO MOMENTO,0,SALVO,0,ANIBAL PINTO,ANIBAL PINTO - SALVO,0, , , , ,2,0,1,UNIDIRECCIONAL,1,CONCRETO,1,BUENO,3,MOJADO,3,LLUVIA,0,0,0,1,1
-8042593.79498517,-4540176.09819041,3933,24942,1353032,-72.2478493,-37.7216324,78,MULCHEN,1,19348,2021,1353032,REGION BIO BIO,8305,MULCHEN,UNZUETA,SOTO,0,"UNZUETA & SOTO, MULCHEN",CHILE,GEOMETRIC_CENTER,26617,2021,1353032,1,2021/05/22 00:00:00+00,1899/12/30 00:00:00+00,8,REGION BIO BIO,8305,MULCHEN,50,CHOQUE,40,CHOQUE,1,URBANA,15,CRUCE CON SEÑAL CEDA EL PASO,10,DESOBEDIENCIA A SEÑALIZACION,64,SEÑALIZACION DESOBEDECER SEÑAL CEDA EL PASO,0,UNZUETA,0,SOTO,SOTO - UNZUETA,0, , , , ,1,1,2,BIDIRECCIONAL,1,CONCRETO,1,BUENO,1,SECO,1,DESPEJADO,0,0,0,0,1
-8042593.79498517,-4540176.09819041,3934,24943,1388595,-72.2478493,-37.7216324,78,MULCHEN,1,45454,2021,1388595,REGION BIO BIO,8305,MULCHEN,UNZUETA,SOTO,0,"UNZUETA & SOTO, MULCHEN",CHILE,GEOMETRIC_CENTER,62139,2021,1388595,1,2021/10/20 00:00:00+00,1899/12/30 00:00:00+00,8,REGION BIO BIO,8305,MULCHEN,30,COLISION,30,COLISION,1,URBANA,15,CRUCE CON SEÑAL CEDA EL PASO,10,DESOBEDIENCIA A SEÑALIZACION,64,SEÑALIZACION DESOBEDECER SEÑAL CEDA EL PASO,0,UNZUETA,0,SOTO,SOTO - UNZUETA,0, , , , ,2,0,1,UNIDIRECCIONAL,2,ASFALTO,1,BUENO,1,SECO,2,NUBLADO,0,0,0,2,0
-8041836.23245447,-4540162.95365023,3935,24944,1334173,-72.241044,-37.721539,78,MULCHEN,1,7170,2021,1334173,REGION BIO BIO,8305,MULCHEN,ANIBAL PINTO, ,777,"ANIBAL PINTO 777, MULCHEN",CHILE,RANGE_INTERPOLATED,10075,2021,1334173,1,2021/02/22 00:00:00+00,1899/12/30 00:00:00+00,8,REGION BIO BIO,8305,MULCHEN,53,CHOQUE POSTERIOR,40,CHOQUE,1,URBANA,26,OTROS NO CONSIDERADOS,1,IMPRUDENCIA DEL CONDUCTOR,93,CONDUCIR VEHICULO EN RETROCESO,0,ANIBAL PINTO,0, ,- ANIBAL PINTO,777, , , , ,1,0,1,UNIDIRECCIONAL,2,ASFALTO,2,REGULAR,1,SECO,1,DESPEJADO,0,0,0,0,1
-8042307.33653951,-4540152.59565166,3936,24945,1328243,-72.245276,-37.7214654,78,MULCHEN,1,2859,2021,1328243,REGION BIO BIO,8305,MULCHEN,MANERA,GANA,0,"MANERA & GANA, MULCHEN",CHILE,GEOMETRIC_CENTER,3926,2021,1328243,1,2021/01/20 00:00:00+00,1899/12/30 00:00:00+00,8,REGION BIO BIO,8305,MULCHEN,30,COLISION,30,COLISION,1,URBANA,15,CRUCE CON SEÑAL CEDA EL PASO,10,DESOBEDIENCIA A SEÑALIZACION,64,SEÑALIZACION DESOBEDECER SEÑAL CEDA EL PASO,0,MANERA,0,GANA,GANA - MANERA,0, , , , ,2,0,1,UNIDIRECCIONAL,1,CONCRETO,1,BUENO,1,SECO,1,DESPEJADO,0,0,0,0,2
-8041512.97178516,-4540105.63295302,3937,24946,1394762,-72.2381401,-37.7211317,78,MULCHEN,1,49578,2021,1394762,REGION BIO BIO,8305,MULCHEN,SALVO,PEDRO LAGOS,0,"SALVO & PEDRO LAGOS, MULCHEN",CHILE,GEOMETRIC_CENTER,67546,2021,1394762,1,2021/11/11 00:00:00+00,1899/12/30 00:00:00+00,8,REGION BIO BIO,8305,MULCHEN,31,COLISION FRONTAL,30,COLISION,1,URBANA,14,CRUCE CON SEÑAL PARE,14,OTRAS CAUSAS,98,OTRAS CAUSAS,0,SALVO,0,PEDRO LAGOS,PEDRO LAGOS - SALVO,0, , , , ,2,0,1,UNIDIRECCIONAL,1,CONCRETO,1,BUENO,1,SECO,1,DESPEJADO,0,0,0,1,1
-8042848.97265391,-4540099.7925363,3938,24947,1361255,-72.2501416,-37.7210902,78,MULCHEN,1,26262,2021,1361255,REGION BIO BIO,8305,MULCHEN,MATTA,UNZUETA,0,"MATTA & UNZUETA, MULCHEN",CHILE,GEOMETRIC_CENTER,36241,2021,1361255,1,2021/07/05 00:00:00+00,1899/12/30 00:00:00+00,8,REGION BIO BIO,8305,MULCHEN,50,CHOQUE,40,CHOQUE,1,URBANA,16,CRUCE SIN SEÑALIZACION,9,PERDIDA CONTROL VEHICULO,95,PERDIDA CONTROL VEHICULO,0,MATTA,0,UNZUETA,MATTA - UNZUETA,0, , , , ,2,0,1,UNIDIRECCIONAL,1,CONCRETO,2,REGULAR,2,HUMEDO,4,LLOVIZNA,0,0,0,0,1
-8042034.61491901,-4540077.16271159,3939,24948,1360451,-72.2428261,-37.7209294,78,MULCHEN,1,25740,2021,1360451,REGION BIO BIO,8305,MULCHEN,ARRIAGADA,ANIBAL PINTO,0,"ARRIAGADA & ANIBAL PINTO, MULCHEN",CHILE,GEOMETRIC_CENTER,35527,2021,1360451,1,2021/07/02 00:00:00+00,1899/12/30 00:00:00+00,8,REGION BIO BIO,8305,MULCHEN,10,ATROPELLO,10,ATROPELLO,1,URBANA,16,CRUCE SIN SEÑALIZACION,13,CAUSAS NO DETERMINADAS,97,CAUSAS NO DETERMINADAS,0,ARRIAGADA,0,ANIBAL PINTO,ANIBAL PINTO - ARRIAGADA,0, , , , ,2,0,1,UNIDIRECCIONAL,2,ASFALTO,1,BUENO,1,SECO,1,DESPEJADO,0,0,0,1,1
-8042196.33987524,-4540062.90651018,3940,24949,1396386,-72.2442789,-37.7208281,78,MULCHEN,1,50846,2021,1396386,REGION BIO BIO,8305,MULCHEN,ANIBAL PINTO, ,495,"ANIBAL PINTO 495, MULCHEN",CHILE,RANGE_INTERPOLATED,69220,2021,1396386,1,2021/11/17 00:00:00+00,1899/12/30 00:00:00+00,8,REGION BIO BIO,8305,MULCHEN,30,COLISION,30,COLISION,1,URBANA,1,TRAMO DE VIA RECTA,1,IMPRUDENCIA DEL CONDUCTOR,27,CONDUCCION NO ATENTO CONDICIONES TRANSITO MOMENTO,0,ANIBAL PINTO,0, ,- ANIBAL PINTO,495, , , , ,2,0,1,UNIDIRECCIONAL,1,CONCRETO,1,BUENO,1,SECO,1,DESPEJADO,0,0,0,0,2
-8042558.08369252,-4540054.33591081,3941,24950,1360469,-72.2475285,-37.7207672,78,MULCHEN,1,25907,2021,1360469,REGION BIO BIO,8305,MULCHEN,VILLAGRAN,SOTO,0,"VILLAGRAN & SOTO, MULCHEN",CHILE,GEOMETRIC_CENTER,35756,2021,1360469,1,2021/07/03 00:00:00+00,1899/12/30 00:00:00+00,8,REGION BIO BIO,8305,MULCHEN,30,COLISION,30,COLISION,1,URBANA,15,CRUCE CON SEÑAL CEDA EL PASO,1,IMPRUDENCIA DEL CONDUCTOR,27,CONDUCCION NO ATENTO CONDICIONES TRANSITO MOMENTO,0,VILLAGRAN,0,SOTO,SOTO - VILLAGRAN,0, , , , ,2,0,1,UNIDIRECCIONAL,2,ASFALTO,1,BUENO,1,SECO,1,DESPEJADO,0,0,0,0,3
-8041876.74161717,-4539992.23094071,3942,24951,1392774,-72.2414079,-37.7203259,78,MULCHEN,1,47935,2021,1392774,REGION BIO BIO,8305,MULCHEN,PEDRO LAGOS,VILLAGRA,0,"PEDRO LAGOS & VILLAGRA, MULCHEN",CHILE,GEOMETRIC_CENTER,65402,2021,1392774,1,2021/11/03 00:00:00+00,1899/12/30 00:00:00+00,8,REGION BIO BIO,8305,MULCHEN,50,CHOQUE,40,CHOQUE,1,URBANA,15,CRUCE CON SEÑAL CEDA EL PASO,1,IMPRUDENCIA DEL CONDUCTOR,27,CONDUCCION NO ATENTO CONDICIONES TRANSITO MOMENTO,0,PEDRO LAGOS,0,VILLAGRA,PEDRO LAGOS - VILLAGRA,0, , , , ,2,0,1,UNIDIRECCIONAL,1,CONCRETO,1,BUENO,2,HUMEDO,2,NUBLADO,0,0,0,0,2
-8042798.3445495,-4539980.91613896,3943,24952,1329007,-72.2496868,-37.7202455,78,MULCHEN,1,4218,2021,1329007,REGION BIO BIO,8305,MULCHEN,MATTA,VILLAGRAN,0,"MATTA & VILLAGRAN, MULCHEN",CHILE,GEOMETRIC_CENTER,5921,2021,1329007,1,2021/01/30 00:00:00+00,1899/12/30 00:00:00+00,8,REGION BIO BIO,8305,MULCHEN,30,COLISION,30,COLISION,1,URBANA,16,CRUCE SIN SEÑALIZACION,1,IMPRUDENCIA DEL CONDUCTOR,27,CONDUCCION NO ATENTO CONDICIONES TRANSITO MOMENTO,0,MATTA,0,VILLAGRAN,MATTA - VILLAGRAN,0, , , , ,2,0,1,UNIDIRECCIONAL,2,ASFALTO,1,BUENO,1,SECO,2,NUBLADO,0,0,0,1,1
-8041997.52326468,-4539957.1466514,3944,24953,1379147,-72.2424929,-37.7200766,78,MULCHEN,1,37732,2021,1379147,REGION BIO BIO,8305,MULCHEN,ARRIAGADA,PEDRO LAGOS,0,"ARRIAGADA & PEDRO LAGOS, MULCHEN",CHILE,GEOMETRIC_CENTER,51862,2021,1379147,1,2021/09/08 00:00:00+00,1899/12/30 00:00:00+00,8,REGION BIO BIO,8305,MULCHEN,30,COLISION,30,COLISION,1,URBANA,15,CRUCE CON SEÑAL CEDA EL PASO,10,DESOBEDIENCIA A SEÑALIZACION,64,SEÑALIZACION DESOBEDECER SEÑAL CEDA EL PASO,0,ARRIAGADA,0,PEDRO LAGOS,ARRIAGADA - PEDRO LAGOS,0, , , , ,2,0,1,UNIDIRECCIONAL,2,ASFALTO,1,BUENO,3,MOJADO,1,DESPEJADO,0,0,0,0,4
-8042121.56657327,-4539920.75368664,3945,24954,1397065,-72.2436072,-37.719818,78,MULCHEN,1,51369,2021,1397065,REGION BIO BIO,8305,MULCHEN,SOTOMAYOR,PEDRO LAGOS,0,"SOTOMAYOR & PEDRO LAGOS, MULCHEN",CHILE,GEOMETRIC_CENTER,69877,2021,1397065,1,2021/11/19 00:00:00+00,1899/12/30 00:00:00+00,8,REGION BIO BIO,8305,MULCHEN,30,COLISION,30,COLISION,1,URBANA,15,CRUCE CON SEÑAL CEDA EL PASO,1,IMPRUDENCIA DEL CONDUCTOR,27,CONDUCCION NO ATENTO CONDICIONES TRANSITO MOMENTO,0,SOTOMAYOR,0,PEDRO LAGOS,PEDRO LAGOS - SOTOMAYOR,0, , , , ,2,0,1,UNIDIRECCIONAL,1,CONCRETO,1,BUENO,1,SECO,1,DESPEJADO,0,0,0,0,2
-8042121.56657327,-4539920.75368664,3946,24955,1405079,-72.2436072,-37.719818,78,MULCHEN,1,54916,2021,1405079,REGION BIO BIO,8305,MULCHEN,SOTOMAYOR,PEDRO LAGOS,0,"SOTOMAYOR & PEDRO LAGOS, MULCHEN",CHILE,GEOMETRIC_CENTER,74618,2021,1405079,1,2021/12/08 00:00:00+00,1899/12/30 00:00:00+00,8,REGION BIO BIO,8305,MULCHEN,30,COLISION,30,COLISION,1,URBANA,15,CRUCE CON SEÑAL CEDA EL PASO,10,DESOBEDIENCIA A SEÑALIZACION,64,SEÑALIZACION DESOBEDECER SEÑAL CEDA EL PASO,0,SOTOMAYOR,0,PEDRO LAGOS,PEDRO LAGOS - SOTOMAYOR,0, , , , ,2,0,1,UNIDIRECCIONAL,1,CONCRETO,1,BUENO,1,SECO,1,DESPEJADO,0,1,0,1,2
-8042121.56657327,-4539920.75368664,3947,24956,1410112,-72.2436072,-37.719818,78,MULCHEN,1,59408,2021,1410112,REGION BIO BIO,8305,MULCHEN,PEDRO LAGOS,SOTOMAYOR,0,"PEDRO LAGOS & SOTOMAYOR, MULCHEN",CHILE,GEOMETRIC_CENTER,80723,2021,1410112,1,2021/12/31 00:00:00+00,1899/12/30 00:00:00+00,8,REGION BIO BIO,8305,MULCHEN,30,COLISION,30,COLISION,1,URBANA,15,CRUCE CON SEÑAL CEDA EL PASO,10,DESOBEDIENCIA A SEÑALIZACION,64,SEÑALIZACION DESOBEDECER SEÑAL CEDA EL PASO,0,PEDRO LAGOS,0,SOTOMAYOR,PEDRO LAGOS - SOTOMAYOR,0, , , , ,1,0,1,UNIDIRECCIONAL,1,CONCRETO,1,BUENO,1,SECO,1,DESPEJADO,0,0,0,1,1
-8042774.47765067,-4539855.52531481,3948,24957,1354884,-72.2494724,-37.7193545,78,MULCHEN,1,21954,2021,1354884,REGION BIO BIO,8305,MULCHEN,ANIBAL PINTO,MATTA,0,"ANIBAL PINTO & MATTA, MULCHEN",CHILE,GEOMETRIC_CENTER,30261,2021,1354884,1,2021/06/08 00:00:00+00,1899/12/30 00:00:00+00,8,REGION BIO BIO,8305,MULCHEN,30,COLISION,30,COLISION,1,URBANA,15,CRUCE CON SEÑAL CEDA EL PASO,1,IMPRUDENCIA DEL CONDUCTOR,27,CONDUCCION NO ATENTO CONDICIONES TRANSITO MOMENTO,0,ANIBAL PINTO,0,MATTA,ANIBAL PINTO - MATTA,0, , , , ,2,0,1,UNIDIRECCIONAL,1,CONCRETO,2,REGULAR,3,MOJADO,3,LLUVIA,0,0,0,0,2
-8042361.8162983,-4539847.96813824,3949,24958,1337085,-72.2457654,-37.7193008,78,MULCHEN,1,9346,2021,1337085,REGION BIO BIO,8305,MULCHEN,PEDRO LAGOS,FUENZALIDA,0,"PEDRO LAGOS & FUENZALIDA, MULCHEN",CHILE,GEOMETRIC_CENTER,13053,2021,1337085,1,2021/03/08 00:00:00+00,1899/12/30 00:00:00+00,8,REGION BIO BIO,8305,MULCHEN,30,COLISION,30,COLISION,1,URBANA,15,CRUCE CON SEÑAL CEDA EL PASO,10,DESOBEDIENCIA A SEÑALIZACION,64,SEÑALIZACION DESOBEDECER SEÑAL CEDA EL PASO,0,PEDRO LAGOS,0,FUENZALIDA,FUENZALIDA - PEDRO LAGOS,0, , , , ,2,0,1,UNIDIRECCIONAL,2,ASFALTO,1,BUENO,1,SECO,1,DESPEJADO,0,0,0,2,2
-8042361.8162983,-4539847.96813824,3950,24959,1366695,-72.2457654,-37.7193008,78,MULCHEN,1,30076,2021,1366695,REGION BIO BIO,8305,MULCHEN,PEDRO LAGOS,FUENZALIDA,0,"PEDRO LAGOS & FUENZALIDA, MULCHEN",CHILE,GEOMETRIC_CENTER,41589,2021,1366695,1,2021/07/28 00:00:00+00,1899/12/30 00:00:00+00,8,REGION BIO BIO,8305,MULCHEN,30,COLISION,30,COLISION,1,URBANA,15,CRUCE CON SEÑAL CEDA EL PASO,10,DESOBEDIENCIA A SEÑALIZACION,64,SEÑALIZACION DESOBEDECER SEÑAL CEDA EL PASO,0,PEDRO LAGOS,0,FUENZALIDA,FUENZALIDA - PEDRO LAGOS,0, , , , ,2,0,1,UNIDIRECCIONAL,1,CONCRETO,1,BUENO,1,SECO,1,DESPEJADO,0,0,0,4,0
-8042404.28468404,-4539821.8769227,3951,24960,1374836,-72.2461469,-37.7191154,78,MULCHEN,1,35075,2021,1374836,REGION BIO BIO,8305,MULCHEN,PEDRO LAGOS, ,270,"PEDRO LAGOS 270, MULCHEN",CHILE,RANGE_INTERPOLATED,48348,2021,1374836,1,2021/08/24 00:00:00+00,1899/12/30 00:00:00+00,8,REGION BIO BIO,8305,MULCHEN,50,CHOQUE,40,CHOQUE,1,URBANA,1,TRAMO DE VIA RECTA,4,ALCOHOL EN CONDUCTOR,24,CONDUCCION EN ESTADO DE EBRIEDAD,0,PEDRO LAGOS,0, ,- PEDRO LAGOS,270, , , , ,1,1,2,BIDIRECCIONAL,1,CONCRETO,1,BUENO,1,SECO,2,NUBLADO,0,0,0,1,0
-8042462.56043747,-4539806.1715623,3952,24961,1328220,-72.2466704,-37.7190038,78,MULCHEN,1,2177,2021,1328220,REGION BIO BIO,8305,MULCHEN,SALVO,PEDRO LAGOS,0,"SALVO & PEDRO LAGOS, MULCHEN",CHILE,GEOMETRIC_CENTER,2985,2021,1328220,1,2021/01/15 00:00:00+00,1899/12/30 00:00:00+00,8,REGION BIO BIO,8305,MULCHEN,30,COLISION,30,COLISION,1,URBANA,16,CRUCE SIN SEÑALIZACION,1,IMPRUDENCIA DEL CONDUCTOR,27,CONDUCCION NO ATENTO CONDICIONES TRANSITO MOMENTO,0,SALVO,0,PEDRO LAGOS,PEDRO LAGOS - SALVO,0, , , , ,2,0,1,UNIDIRECCIONAL,1,CONCRETO,1,BUENO,1,SECO,1,DESPEJADO,0,0,0,1,1
-8041523.11299077,-4539698.62706882,3953,24962,1407665,-72.2382312,-37.7182396,78,MULCHEN,1,58576,2021,1407665,REGION BIO BIO,8305,MULCHEN,CAMPILLO,PANTOJA,0,"CAMPILLO & PANTOJA, MULCHEN",CHILE,GEOMETRIC_CENTER,79590,2021,1407665,1,2021/12/26 00:00:00+00,1899/12/30 00:00:00+00,8,REGION BIO BIO,8305,MULCHEN,30,COLISION,30,COLISION,1,URBANA,15,CRUCE CON SEÑAL CEDA EL PASO,13,CAUSAS NO DETERMINADAS,97,CAUSAS NO DETERMINADAS,0,CAMPILLO,0,PANTOJA,CAMPILLO - PANTOJA,0, , , , ,2,0,1,UNIDIRECCIONAL,1,CONCRETO,1,BUENO,1,SECO,1,DESPEJADO,0,0,0,0,2
-8041645.3974514,-4539661.58766236,3954,24963,1398964,-72.2393297,-37.7179764,78,MULCHEN,1,52285,2021,1398964,REGION BIO BIO,8305,MULCHEN,CAMPILLO,SAN MARTIN,0,"CAMPILLO & SAN MARTIN, MULCHEN",CHILE,GEOMETRIC_CENTER,71083,2021,1398964,1,2021/11/24 00:00:00+00,1899/12/30 00:00:00+00,8,REGION BIO BIO,8305,MULCHEN,30,COLISION,30,COLISION,1,URBANA,15,CRUCE CON SEÑAL CEDA EL PASO,10,DESOBEDIENCIA A SEÑALIZACION,64,SEÑALIZACION DESOBEDECER SEÑAL CEDA EL PASO,0,CAMPILLO,0,SAN MARTIN,CAMPILLO - SAN MARTIN,0, , , , ,2,0,1,UNIDIRECCIONAL,1,CONCRETO,1,BUENO,1,SECO,1,DESPEJADO,0,0,0,0,2
-8041366.65344646,-4539613.43100165,3955,24964,1340268,-72.2368257,-37.7176342,78,MULCHEN,1,11555,2021,1340268,REGION BIO BIO,8305,MULCHEN,VILLA ALEGRE,SALVO,0,"VILLA ALEGRE & SALVO, MULCHEN",CHILE,GEOMETRIC_CENTER,16012,2021,1340268,1,2021/03/23 00:00:00+00,1899/12/30 00:00:00+00,8,REGION BIO BIO,8305,MULCHEN,30,COLISION,30,COLISION,1,URBANA,15,CRUCE CON SEÑAL CEDA EL PASO,12,FALLAS MECANICAS,1,FALLAS MECANICAS FRENOS,0,VILLA ALEGRE,0,SALVO,SALVO - VILLA ALEGRE,0, , , , ,2,0,1,UNIDIRECCIONAL,1,CONCRETO,1,BUENO,1,SECO,1,DESPEJADO,0,0,0,0,2
-8041366.65344646,-4539613.43100165,3956,24965,1392788,-72.2368257,-37.7176342,78,MULCHEN,1,47967,2021,1392788,REGION BIO BIO,8305,MULCHEN,VILLA ALEGRE,SALVO,0,"VILLA ALEGRE & SALVO, MULCHEN",CHILE,GEOMETRIC_CENTER,65446,2021,1392788,1,2021/11/03 00:00:00+00,1899/12/30 00:00:00+00,8,REGION BIO BIO,8305,MULCHEN,10,ATROPELLO,10,ATROPELLO,1,URBANA,16,CRUCE SIN SEÑALIZACION,13,CAUSAS NO DETERMINADAS,97,CAUSAS NO DETERMINADAS,0,VILLA ALEGRE,0,SALVO,SALVO - VILLA ALEGRE,0, , , , ,2,0,1,UNIDIRECCIONAL,2,ASFALTO,1,BUENO,3,MOJADO,3,LLUVIA,0,0,1,0,1
-8042288.6905248,-4539601.76479558,3957,24966,1408259,-72.2451085,-37.7175513,78,MULCHEN,1,58736,2021,1408259,REGION BIO BIO,8305,MULCHEN,FIERRO,FUENZALIDA,0,"FIERRO & FUENZALIDA, MULCHEN",CHILE,GEOMETRIC_CENTER,79824,2021,1408259,1,2021/12/27 00:00:00+00,1899/12/30 00:00:00+00,8,REGION BIO BIO,8305,MULCHEN,30,COLISION,30,COLISION,1,URBANA,15,CRUCE CON SEÑAL CEDA EL PASO,10,DESOBEDIENCIA A SEÑALIZACION,64,SEÑALIZACION DESOBEDECER SEÑAL CEDA EL PASO,0,FIERRO,0,FUENZALIDA,FIERRO - FUENZALIDA,0, , , , ,2,0,1,UNIDIRECCIONAL,1,CONCRETO,1,BUENO,1,SECO,1,DESPEJADO,0,1,0,2,0