X,Y,FID,FID_1,LABELID,POINT_X,POINT_Y,FID_2,COMUNAREAL,VAL_COM,OBJECTID,A_O,IDACCIDENT,REGION,COD_COMUN,COMUNA,CALLE_UNO,CALLE_DOS,NUMERO,DIR_GEOCOD,PAIS,TIPO,OBJECTID_1,Año,Idaccide_1,Claseaccid,Fecha,Hora,Cód_Regi,Región,Cód_Comun,Comuna_1,Cód_Tipo_,Tipo_Accid,Cód_Tipo1,Tipo__CONA,Cód_Zona,Zona,Cód_Ubica,Ubicación,Cód_Causa,Causa__CON,Cód_Cau_1,Causa,Cód_Calle,Calle_Un_1,Cód_Cal_1,Calle_Do_1,Intersecci,Número,Ruta,Cód_Ruta,Ubicaci_1,Km_Vía_Fe,Pistas_de_,Pistas_de1,Cód_Calza,Calzada,Cód__Tipo,Tipo_Calza,Cód_Estad,Estado_Cal,Cód_Condi,Condición,Cód_Est_1,Estado_Atm,Fallecidos,Graves,Menos_Grav,Leves,Ilesos
-8042671.46259389,-4539591.44957237,3958,24967,1382213,-72.248547,-37.717478,78,MULCHEN,1,40584,2021,1382213,REGION BIO BIO,8305,MULCHEN,MATTA, ,519,"MATTA 519, MULCHEN",CHILE,RANGE_INTERPOLATED,55704,2021,1382213,1,2021/09/24 00:00:00+00,1899/12/30 00:00:00+00,8,REGION BIO BIO,8305,MULCHEN,30,COLISION,30,COLISION,1,URBANA,1,TRAMO DE VIA RECTA,1,IMPRUDENCIA DEL CONDUCTOR,27,CONDUCCION NO ATENTO CONDICIONES TRANSITO MOMENTO,0,MATTA,0, ,- MATTA,519, , , , ,1,1,2,BIDIRECCIONAL,2,ASFALTO,1,BUENO,1,SECO,1,DESPEJADO,0,0,0,1,1
-8040833.45534946,-4539545.69963993,3959,24968,1397146,-72.2320359,-37.7171529,78,MULCHEN,1,51425,2021,1397146,REGION BIO BIO,8305,MULCHEN,VILLA ALEGRE, ,1415,"VILLA ALEGRE 1415, MULCHEN",CHILE,RANGE_INTERPOLATED,69953,2021,1397146,1,2021/11/20 00:00:00+00,1899/12/30 00:00:00+00,8,REGION BIO BIO,8305,MULCHEN,50,CHOQUE,40,CHOQUE,1,URBANA,1,TRAMO DE VIA RECTA,4,ALCOHOL EN CONDUCTOR,24,CONDUCCION EN ESTADO DE EBRIEDAD,0,VILLA ALEGRE,0, ,- VILLA ALEGRE,1415, , , , ,2,0,1,UNIDIRECCIONAL,1,CONCRETO,1,BUENO,1,SECO,1,DESPEJADO,0,0,0,2,0
-8042620.84562143,-4539448.36032551,3960,24969,1336909,-72.2480923,-37.7164612,78,MULCHEN,1,8586,2021,1336909,REGION BIO BIO,8305,MULCHEN,MATTA,MANUEL MONTT,0,"MATTA & MANUEL MONTT, MULCHEN",CHILE,GEOMETRIC_CENTER,12033,2021,1336909,1,2021/03/03 00:00:00+00,1899/12/30 00:00:00+00,8,REGION BIO BIO,8305,MULCHEN,30,COLISION,30,COLISION,1,URBANA,1,TRAMO DE VIA RECTA,13,CAUSAS NO DETERMINADAS,97,CAUSAS NO DETERMINADAS,0,MATTA,0,MANUEL MONTT,MANUEL MONTT - MATTA,0, , , , ,2,2,2,BIDIRECCIONAL,2,ASFALTO,2,REGULAR,1,SECO,1,DESPEJADO,0,0,1,0,1
-8041297.10102861,-4539385.92122928,3961,24970,1331164,-72.2362009,-37.7160175,78,MULCHEN,1,4304,2021,1331164,REGION BIO BIO,8305,MULCHEN,SALVO,LASTARRIA,0,"SALVO & LASTARRIA, MULCHEN",CHILE,GEOMETRIC_CENTER,6047,2021,1331164,1,2021/01/31 00:00:00+00,1899/12/30 00:00:00+00,8,REGION BIO BIO,8305,MULCHEN,30,COLISION,30,COLISION,1,URBANA,14,CRUCE CON SEÑAL PARE,10,DESOBEDIENCIA A SEÑALIZACION,65,SEÑALIZACION DESOBEDECER SEÑAL PARE,0,SALVO,0,LASTARRIA,LASTARRIA - SALVO,0, , , , ,2,0,1,UNIDIRECCIONAL,1,CONCRETO,1,BUENO,1,SECO,1,DESPEJADO,0,0,0,1,1
-8042031.35325793,-4539171.71448746,3962,24971,1374352,-72.2427968,-37.7144953,78,MULCHEN,1,34639,2021,1374352,REGION BIO BIO,8305,MULCHEN,GANA,LASTARRIA,0,"GANA & LASTARRIA, MULCHEN",CHILE,GEOMETRIC_CENTER,47753,2021,1374352,1,2021/08/22 00:00:00+00,1899/12/30 00:00:00+00,8,REGION BIO BIO,8305,MULCHEN,30,COLISION,30,COLISION,1,URBANA,15,CRUCE CON SEÑAL CEDA EL PASO,4,ALCOHOL EN CONDUCTOR,24,CONDUCCION EN ESTADO DE EBRIEDAD,0,GANA,0,LASTARRIA,GANA - LASTARRIA,0, , , , ,1,1,2,BIDIRECCIONAL,1,CONCRETO,1,BUENO,3,MOJADO,2,NUBLADO,0,0,0,0,2
-8041753.22151019,-4539121.70258926,3963,24972,1328266,-72.2402983,-37.7141399,78,MULCHEN,1,3436,2021,1328266,REGION BIO BIO,8305,MULCHEN,MANUEL MONTT,ARRIAGADA,0,"MANUEL MONTT & ARRIAGADA, MULCHEN",CHILE,GEOMETRIC_CENTER,4734,2021,1328266,1,2021/01/25 00:00:00+00,1899/12/30 00:00:00+00,8,REGION BIO BIO,8305,MULCHEN,30,COLISION,30,COLISION,1,URBANA,15,CRUCE CON SEÑAL CEDA EL PASO,4,ALCOHOL EN CONDUCTOR,24,CONDUCCION EN ESTADO DE EBRIEDAD,0,MANUEL MONTT,0,ARRIAGADA,ARRIAGADA - MANUEL MONTT,0, , , , ,2,0,1,UNIDIRECCIONAL,1,CONCRETO,1,BUENO,1,SECO,1,DESPEJADO,0,0,0,0,2
-8041753.22151019,-4539121.70258926,3964,24973,1355862,-72.2402983,-37.7141399,78,MULCHEN,1,22728,2021,1355862,REGION BIO BIO,8305,MULCHEN,MANUEL MONTT,ARRIAGADA,0,"MANUEL MONTT & ARRIAGADA, MULCHEN",CHILE,GEOMETRIC_CENTER,31310,2021,1355862,1,2021/06/12 00:00:00+00,1899/12/30 00:00:00+00,8,REGION BIO BIO,8305,MULCHEN,30,COLISION,30,COLISION,1,URBANA,15,CRUCE CON SEÑAL CEDA EL PASO,4,ALCOHOL EN CONDUCTOR,21,CONDUCCION BAJO LA INFLUENCIA DEL ALCOHOL,0,MANUEL MONTT,0,ARRIAGADA,ARRIAGADA - MANUEL MONTT,0, , , , ,2,0,1,UNIDIRECCIONAL,1,CONCRETO,1,BUENO,1,SECO,2,NUBLADO,0,0,0,0,2
-8042272.11505262,-4539101.45304536,3965,24974,1344650,-72.2449596,-37.713996,78,MULCHEN,1,14812,2021,1344650,REGION BIO BIO,8305,MULCHEN,LASTARRIA,SOTO,0,"LASTARRIA & SOTO, MULCHEN",CHILE,GEOMETRIC_CENTER,20422,2021,1344650,1,2021/04/21 00:00:00+00,1899/12/30 00:00:00+00,8,REGION BIO BIO,8305,MULCHEN,30,COLISION,30,COLISION,1,URBANA,16,CRUCE SIN SEÑALIZACION,1,IMPRUDENCIA DEL CONDUCTOR,27,CONDUCCION NO ATENTO CONDICIONES TRANSITO MOMENTO,0,LASTARRIA,0,SOTO,LASTARRIA - SOTO,0, , , , ,2,0,1,UNIDIRECCIONAL,1,CONCRETO,1,BUENO,1,SECO,2,NUBLADO,0,0,0,3,0
-8041996.28761833,-4539051.0474717,3966,24975,1394274,-72.2424818,-37.7136378,78,MULCHEN,1,49033,2021,1394274,REGION BIO BIO,8305,MULCHEN,GANA,MANUEL MONTT,0,"GANA & MANUEL MONTT, MULCHEN",CHILE,GEOMETRIC_CENTER,66836,2021,1394274,1,2021/11/08 00:00:00+00,1899/12/30 00:00:00+00,8,REGION BIO BIO,8305,MULCHEN,50,CHOQUE,40,CHOQUE,1,URBANA,15,CRUCE CON SEÑAL CEDA EL PASO,13,CAUSAS NO DETERMINADAS,97,CAUSAS NO DETERMINADAS,0,GANA,0,MANUEL MONTT,GANA - MANUEL MONTT,0, , , , ,2,0,1,UNIDIRECCIONAL,2,ASFALTO,1,BUENO,1,SECO,1,DESPEJADO,0,0,0,0,2
-8041315.47987654,-4539020.83520251,3967,24976,1353347,-72.236366,-37.7134231,78,MULCHEN,1,19584,2021,1353347,REGION BIO BIO,8305,MULCHEN,MANERA,PANTOJA,0,"MANERA & PANTOJA, MULCHEN",CHILE,GEOMETRIC_CENTER,26966,2021,1353347,1,2021/05/24 00:00:00+00,1899/12/30 00:00:00+00,8,REGION BIO BIO,8305,MULCHEN,30,COLISION,30,COLISION,1,URBANA,15,CRUCE CON SEÑAL CEDA EL PASO,10,DESOBEDIENCIA A SEÑALIZACION,64,SEÑALIZACION DESOBEDECER SEÑAL CEDA EL PASO,0,MANERA,0,PANTOJA,MANERA - PANTOJA,0, , , , ,1,1,2,BIDIRECCIONAL,1,CONCRETO,1,BUENO,1,SECO,2,NUBLADO,0,0,0,0,2
-8042546.45080573,-4538992.11463093,3968,24977,1400939,-72.247424,-37.713219,78,MULCHEN,1,53681,2021,1400939,REGION BIO BIO,8305,MULCHEN,LASTARRIA, ,11,"LASTARRIA 11, MULCHEN",CHILE,RANGE_INTERPOLATED,72960,2021,1400939,1,2021/12/02 00:00:00+00,1899/12/30 00:00:00+00,8,REGION BIO BIO,8305,MULCHEN,50,CHOQUE,40,CHOQUE,1,URBANA,1,TRAMO DE VIA RECTA,4,ALCOHOL EN CONDUCTOR,24,CONDUCCION EN ESTADO DE EBRIEDAD,0,LASTARRIA,0, ,- LASTARRIA,11, , , , ,2,0,1,UNIDIRECCIONAL,1,CONCRETO,1,BUENO,1,SECO,2,NUBLADO,0,0,0,0,2
-8041350.86834266,-4538927.77858621,3969,24978,1343833,-72.2366839,-37.7127618,78,MULCHEN,1,14245,2021,1343833,REGION BIO BIO,8305,MULCHEN,PARQUE DEL BUREO,CAMPILLO,0,"PARQUE DEL BUREO & CAMPILLO, MULCHEN",CHILE,GEOMETRIC_CENTER,19643,2021,1343833,1,2021/04/16 00:00:00+00,1899/12/30 00:00:00+00,8,REGION BIO BIO,8305,MULCHEN,30,COLISION,30,COLISION,1,URBANA,16,CRUCE SIN SEÑALIZACION,1,IMPRUDENCIA DEL CONDUCTOR,27,CONDUCCION NO ATENTO CONDICIONES TRANSITO MOMENTO,0,PARQUE DEL BUREO,0,CAMPILLO,CAMPILLO - PARQUE DEL BUREO,0, , , , ,2,0,1,UNIDIRECCIONAL,1,CONCRETO,1,BUENO,1,SECO,1,DESPEJADO,0,0,0,0,2
-8075790.079772,-4524336.19665708,3970,25139,1377889,-72.5460566,-37.6089948,83,NEGRETE,1,37534,2021,1377889,REGION BIO BIO,8307,NEGRETE,ESPERANZA CAMPESINA, ,95,"ESPERANZA CAMPESINA 95, NEGRETE",CHILE,RANGE_INTERPOLATED,51605,2021,1377889,1,2021/09/07 00:00:00+00,1899/12/30 00:00:00+00,8,REGION BIO BIO,8307,NEGRETE,33,COLISION POR ALCANCE,30,COLISION,2,RURAL,1,TRAMO DE VIA RECTA,1,IMPRUDENCIA DEL CONDUCTOR,28,CONDUCCION SIN MANTENER DISTANCIA RAZONABLE NI PRUDENTE,0,ESPERANZA CAMPESINA,0, ,- ESPERANZA CAMPESINA,95, , , , ,1,1,2,BIDIRECCIONAL,2,ASFALTO,1,BUENO,1,SECO,1,DESPEJADO,0,1,0,0,1
-8073693.75564918,-4521656.30804412,3971,25140,1351561,-72.527225,-37.5899212,83,NEGRETE,1,17076,2021,1351561,REGION BIO BIO,8307,NEGRETE,SANTA ROSA,ESPIGA DE ORO,0,"SANTA ROSA & ESPIGA DE ORO, NEGRETE",CHILE,GEOMETRIC_CENTER,23529,2021,1351561,1,2021/05/07 00:00:00+00,1899/12/30 00:00:00+00,8,REGION BIO BIO,8307,NEGRETE,50,CHOQUE,40,CHOQUE,2,RURAL,14,CRUCE CON SEÑAL PARE,4,ALCOHOL EN CONDUCTOR,24,CONDUCCION EN ESTADO DE EBRIEDAD,0,SANTA ROSA,0,ESPIGA DE ORO,ESPIGA DE ORO - SANTA ROSA,0, , , , ,1,1,2,BIDIRECCIONAL,2,ASFALTO,1,BUENO,1,SECO,1,DESPEJADO,0,1,1,0,0
-8074228.82391363,-4521260.48640915,3972,25141,1338887,-72.5320316,-37.5871036,83,NEGRETE,1,11120,2021,1338887,REGION BIO BIO,8307,NEGRETE,BALDOMERO LILLO, ,52,"BALDOMERO LILLO 52, NEGRETE",CHILE,RANGE_INTERPOLATED,15415,2021,1338887,1,2021/03/20 00:00:00+00,1899/12/30 00:00:00+00,8,REGION BIO BIO,8307,NEGRETE,50,CHOQUE,40,CHOQUE,1,URBANA,1,TRAMO DE VIA RECTA,1,IMPRUDENCIA DEL CONDUCTOR,27,CONDUCCION NO ATENTO CONDICIONES TRANSITO MOMENTO,0,BALDOMERO LILLO,0, ,- BALDOMERO LILLO,52, , , , ,2,0,1,UNIDIRECCIONAL,2,ASFALTO,1,BUENO,1,SECO,1,DESPEJADO,0,0,0,0,1
-8074160.15091976,-4521255.71011805,3973,25142,1331618,-72.5314147,-37.5870696,83,NEGRETE,1,6195,2021,1331618,REGION BIO BIO,8307,NEGRETE,BALDOMERO LILLO, ,40,"BALDOMERO LILLO 40, NEGRETE",CHILE,RANGE_INTERPOLATED,8642,2021,1331618,1,2021/02/15 00:00:00+00,1899/12/30 00:00:00+00,8,REGION BIO BIO,8307,NEGRETE,50,CHOQUE,40,CHOQUE,1,URBANA,1,TRAMO DE VIA RECTA,4,ALCOHOL EN CONDUCTOR,24,CONDUCCION EN ESTADO DE EBRIEDAD,0,BALDOMERO LILLO,0, ,- BALDOMERO LILLO,40, , , , ,1,1,2,BIDIRECCIONAL,1,CONCRETO,1,BUENO,1,SECO,1,DESPEJADO,0,0,0,1,0
-8073481.53617193,-4521245.66586595,3974,25143,1401724,-72.5253186,-37.5869981,83,NEGRETE,1,54405,2021,1401724,REGION BIO BIO,8307,NEGRETE,JUAN ANTONIO RIOS, ,102,"JUAN ANTONIO RIOS 102, NEGRETE",CHILE,RANGE_INTERPOLATED,73937,2021,1401724,1,2021/12/05 00:00:00+00,1899/12/30 00:00:00+00,8,REGION BIO BIO,8307,NEGRETE,30,COLISION,30,COLISION,1,URBANA,1,TRAMO DE VIA RECTA,4,ALCOHOL EN CONDUCTOR,24,CONDUCCION EN ESTADO DE EBRIEDAD,0,JUAN ANTONIO RIOS,0, ,- JUAN ANTONIO RIOS,102, , , , ,1,1,2,BIDIRECCIONAL,2,ASFALTO,1,BUENO,1,SECO,1,DESPEJADO,0,0,0,0,2
-8074131.48615088,-4521003.4407613,3975,25144,1331291,-72.5311572,-37.5852738,83,NEGRETE,1,5741,2021,1331291,REGION BIO BIO,8307,NEGRETE,IGNACIO CARRERA PINTO,CAMINO ANTIGUO,0,"IGNACIO CARRERA PINTO & CAMINO ANTIGUO, NEGRETE",CHILE,GEOMETRIC_CENTER,8017,2021,1331291,1,2021/02/11 00:00:00+00,1899/12/30 00:00:00+00,8,REGION BIO BIO,8307,NEGRETE,30,COLISION,30,COLISION,1,URBANA,14,CRUCE CON SEÑAL PARE,10,DESOBEDIENCIA A SEÑALIZACION,65,SEÑALIZACION DESOBEDECER SEÑAL PARE,0,IGNACIO CARRERA PINTO,0,CAMINO ANTIGUO,CAMINO ANTIGUO - IGNACIO CARRERA PINTO,0, , , , ,1,1,2,BIDIRECCIONAL,1,CONCRETO,1,BUENO,1,SECO,1,DESPEJADO,0,0,1,1,0
-8073538.1198691,-4520772.64168588,3976,25145,1397992,-72.5258269,-37.5836308,83,NEGRETE,1,51565,2021,1397992,REGION BIO BIO,8307,NEGRETE,EMILIO SERRANO,ESMERALDA,0,"EMILIO SERRANO & ESMERALDA, NEGRETE",CHILE,GEOMETRIC_CENTER,70135,2021,1397992,1,2021/11/20 00:00:00+00,1899/12/30 00:00:00+00,8,REGION BIO BIO,8307,NEGRETE,30,COLISION,30,COLISION,1,URBANA,1,TRAMO DE VIA RECTA,1,IMPRUDENCIA DEL CONDUCTOR,15,"ADELANTAMIENTO EN CRUCE, CURVA, CUESTA, PUENTE",0,EMILIO SERRANO,0,ESMERALDA,EMILIO SERRANO - ESMERALDA,0, , , , ,1,1,2,BIDIRECCIONAL,1,CONCRETO,1,BUENO,1,SECO,1,DESPEJADO,0,0,0,0,2
-8081231.36535003,-4517350.2349011,3977,25146,1343857,-72.5949365,-37.5592633,83,NEGRETE,1,14098,2021,1343857,REGION BIO BIO,8307,NEGRETE,JOAQUIN DIAZ GARCES, ,1077,"JOAQUIN DIAZ GARCES 1077, NEGRETE",CHILE,RANGE_INTERPOLATED,19465,2021,1343857,1,2021/04/15 00:00:00+00,1899/12/30 00:00:00+00,8,REGION BIO BIO,8307,NEGRETE,50,CHOQUE,40,CHOQUE,1,URBANA,1,TRAMO DE VIA RECTA,9,PERDIDA CONTROL VEHICULO,95,PERDIDA CONTROL VEHICULO,0,JOAQUIN DIAZ GARCES,0, ,- JOAQUIN DIAZ GARCES,1077, , , , ,1,1,2,BIDIRECCIONAL,2,ASFALTO,1,BUENO,1,SECO,1,DESPEJADO,0,0,0,4,0
-8081283.51853147,-4517011.37677686,3978,25147,1387940,-72.595405,-37.5568502,83,NEGRETE,1,44548,2021,1387940,REGION BIO BIO,8307,NEGRETE,JOAQUIN DIAZ GARCES, ,224,"JOAQUIN DIAZ GARCES 224, NEGRETE",CHILE,RANGE_INTERPOLATED,60893,2021,1387940,1,2021/10/15 00:00:00+00,1899/12/30 00:00:00+00,8,REGION BIO BIO,8307,NEGRETE,50,CHOQUE,40,CHOQUE,1,URBANA,1,TRAMO DE VIA RECTA,1,IMPRUDENCIA DEL CONDUCTOR,27,CONDUCCION NO ATENTO CONDICIONES TRANSITO MOMENTO,0,JOAQUIN DIAZ GARCES,0, ,- JOAQUIN DIAZ GARCES,224, , , , ,1,1,2,BIDIRECCIONAL,2,ASFALTO,1,BUENO,1,SECO,1,DESPEJADO,0,0,0,1,2
-8088080.00759041,-4510527.75050808,3979,24979,1352245,-72.6564589,-37.5106635,79,NACIMIENTO,1,18092,2021,1352245,REGION BIO BIO,8306,NACIMIENTO,JULIO HEMMELMANN,LOS CARRERA,0,"JULIO HEMMELMANN & LOS CARRERA, NACIMIENTO",CHILE,GEOMETRIC_CENTER,24879,2021,1352245,1,2021/05/14 00:00:00+00,1899/12/30 00:00:00+00,8,REGION BIO BIO,8306,NACIMIENTO,30,COLISION,30,COLISION,1,URBANA,11,CRUCE CON SEMAFORO FUNCIONANDO,1,IMPRUDENCIA DEL CONDUCTOR,27,CONDUCCION NO ATENTO CONDICIONES TRANSITO MOMENTO,0,JULIO HEMMELMANN,0,LOS CARRERA,JULIO HEMMELMANN - LOS CARRERA,0, , , , ,1,1,2,BIDIRECCIONAL,2,ASFALTO,1,BUENO,1,SECO,1,DESPEJADO,0,0,0,1,2
-8091581.75141645,-4510460.06706416,3980,24980,1402315,-72.6879156,-37.5101812,79,NACIMIENTO,1,55002,2021,1402315,REGION BIO BIO,8306,NACIMIENTO,"LA SUERTE SECTOR LA VIRGEN, CAMINO VECINAL", ,1,"LA SUERTE SECTOR LA VIRGEN, CAMINO VECINAL 1, NACIMIENTO",CHILE,RANGE_INTERPOLATED,74731,2021,1402315,1,2021/12/08 00:00:00+00,1899/12/30 00:00:00+00,8,REGION BIO BIO,8306,NACIMIENTO,30,COLISION,30,COLISION,2,RURAL,1,TRAMO DE VIA RECTA,12,FALLAS MECANICAS,5,FALLAS MECANICAS NEUMATICOS,0,"LA SUERTE SECTOR LA VIRGEN, CAMINO VECINAL",0, ,"- LA SUERTE SECTOR LA VIRGEN, CAMINO VECINAL",1, , , , ,1,1,2,BIDIRECCIONAL,2,ASFALTO,1,BUENO,1,SECO,1,DESPEJADO,0,0,0,2,0
-8088344.71420757,-4510438.27317251,3981,24981,1365583,-72.6588368,-37.5100259,79,NACIMIENTO,1,29606,2021,1365583,REGION BIO BIO,8306,NACIMIENTO,LAUTARO, ,398,"LAUTARO 398, NACIMIENTO",CHILE,RANGE_INTERPOLATED,40944,2021,1365583,1,2021/07/25 00:00:00+00,1899/12/30 00:00:00+00,8,REGION BIO BIO,8306,NACIMIENTO,30,COLISION,30,COLISION,1,URBANA,26,OTROS NO CONSIDERADOS,14,OTRAS CAUSAS,98,OTRAS CAUSAS,0,LAUTARO,0, ,- LAUTARO,398, , , , ,1,1,2,BIDIRECCIONAL,1,CONCRETO,1,BUENO,1,SECO,1,DESPEJADO,0,0,0,0,2
-8088404.62635751,-4510428.96903296,3982,24982,1352465,-72.659375,-37.5099596,79,NACIMIENTO,1,19288,2021,1352465,REGION BIO BIO,8306,NACIMIENTO,HERNAN MERINO,LAUTARO,0,"HERNAN MERINO & LAUTARO, NACIMIENTO",CHILE,GEOMETRIC_CENTER,26544,2021,1352465,1,2021/05/22 00:00:00+00,1899/12/30 00:00:00+00,8,REGION BIO BIO,8306,NACIMIENTO,30,COLISION,30,COLISION,1,URBANA,14,CRUCE CON SEÑAL PARE,10,DESOBEDIENCIA A SEÑALIZACION,65,SEÑALIZACION DESOBEDECER SEÑAL PARE,0,HERNAN MERINO,0,LAUTARO,HERNAN MERINO - LAUTARO,0, , , , ,2,0,1,UNIDIRECCIONAL,2,ASFALTO,2,REGULAR,3,MOJADO,1,DESPEJADO,0,0,0,0,2
-8088404.62635751,-4510428.96903296,3983,24983,1352604,-72.659375,-37.5099596,79,NACIMIENTO,1,19768,2021,1352604,REGION BIO BIO,8306,NACIMIENTO,LAUTARO,HERNAN MERINO,0,"LAUTARO & HERNAN MERINO, NACIMIENTO",CHILE,GEOMETRIC_CENTER,27199,2021,1352604,1,2021/05/25 00:00:00+00,1899/12/30 00:00:00+00,8,REGION BIO BIO,8306,NACIMIENTO,30,COLISION,30,COLISION,1,URBANA,14,CRUCE CON SEÑAL PARE,10,DESOBEDIENCIA A SEÑALIZACION,65,SEÑALIZACION DESOBEDECER SEÑAL PARE,0,LAUTARO,0,HERNAN MERINO,HERNAN MERINO - LAUTARO,0, , , , ,2,0,1,UNIDIRECCIONAL,2,ASFALTO,1,BUENO,1,SECO,1,DESPEJADO,0,0,0,0,2
-8088404.62635751,-4510428.96903296,3984,24984,1398981,-72.659375,-37.5099596,79,NACIMIENTO,1,52318,2021,1398981,REGION BIO BIO,8306,NACIMIENTO,LAUTARO,HERNAN MERINO,0,"LAUTARO & HERNAN MERINO, NACIMIENTO",CHILE,GEOMETRIC_CENTER,71127,2021,1398981,1,2021/11/24 00:00:00+00,1899/12/30 00:00:00+00,8,REGION BIO BIO,8306,NACIMIENTO,30,COLISION,30,COLISION,1,URBANA,14,CRUCE CON SEÑAL PARE,10,DESOBEDIENCIA A SEÑALIZACION,65,SEÑALIZACION DESOBEDECER SEÑAL PARE,0,LAUTARO,0,HERNAN MERINO,HERNAN MERINO - LAUTARO,0, , , , ,2,0,1,UNIDIRECCIONAL,1,CONCRETO,1,BUENO,1,SECO,1,DESPEJADO,0,0,0,0,2
-8088504.92521872,-4510401.50573108,3985,24985,1388016,-72.660276,-37.5097639,79,NACIMIENTO,1,44682,2021,1388016,REGION BIO BIO,8306,NACIMIENTO,JULIO HEMMELMANN, ,670,"JULIO HEMMELMANN 670, NACIMIENTO",CHILE,RANGE_INTERPOLATED,61065,2021,1388016,1,2021/10/16 00:00:00+00,1899/12/30 00:00:00+00,8,REGION BIO BIO,8306,NACIMIENTO,30,COLISION,30,COLISION,1,URBANA,11,CRUCE CON SEMAFORO FUNCIONANDO,10,DESOBEDIENCIA A SEÑALIZACION,62,SEÑALIZACION DESOBEDECER LUZ ROJA DE SEMAFORO,0,JULIO HEMMELMANN,0, ,- JULIO HEMMELMANN,670, , , , ,1,1,2,BIDIRECCIONAL,2,ASFALTO,1,BUENO,1,SECO,1,DESPEJADO,0,0,0,3,0
-8088915.05961865,-4510389.9001571,3986,24986,1379702,-72.6639603,-37.5096812,79,NACIMIENTO,1,38576,2021,1379702,REGION BIO BIO,8306,NACIMIENTO,JULIO HEMMELMANN, ,115,"JULIO HEMMELMANN 115, NACIMIENTO",CHILE,RANGE_INTERPOLATED,53012,2021,1379702,1,2021/09/13 00:00:00+00,1899/12/30 00:00:00+00,8,REGION BIO BIO,8306,NACIMIENTO,31,COLISION FRONTAL,30,COLISION,1,URBANA,1,TRAMO DE VIA RECTA,1,IMPRUDENCIA DEL CONDUCTOR,27,CONDUCCION NO ATENTO CONDICIONES TRANSITO MOMENTO,0,JULIO HEMMELMANN,0, ,- JULIO HEMMELMANN,115, , , , ,1,1,2,BIDIRECCIONAL,3,ADOQUIN,1,BUENO,3,MOJADO,4,LLOVIZNA,0,0,0,1,1
-8088910.7626863,-4510361.93175895,3987,24987,1397888,-72.6639217,-37.5094819,79,NACIMIENTO,1,50338,2021,1397888,REGION BIO BIO,8306,NACIMIENTO,JULIO HEMMELMANN, ,131,"JULIO HEMMELMANN 131, NACIMIENTO",CHILE,RANGE_INTERPOLATED,68574,2021,1397888,1,2021/11/15 00:00:00+00,1899/12/30 00:00:00+00,8,REGION BIO BIO,8306,NACIMIENTO,50,CHOQUE,40,CHOQUE,1,URBANA,1,TRAMO DE VIA RECTA,4,ALCOHOL EN CONDUCTOR,24,CONDUCCION EN ESTADO DE EBRIEDAD,0,JULIO HEMMELMANN,0, ,- JULIO HEMMELMANN,131, , , , ,1,1,2,BIDIRECCIONAL,2,ASFALTO,1,BUENO,1,SECO,1,DESPEJADO,0,1,0,0,0
-8089480.82979865,-4510302.78157934,3988,24988,1374833,-72.6690427,-37.5090604,79,NACIMIENTO,1,35469,2021,1374833,REGION BIO BIO,8306,NACIMIENTO,JULIO HEMMELMANN, ,199,"JULIO HEMMELMANN 199, NACIMIENTO",CHILE,RANGE_INTERPOLATED,48842,2021,1374833,1,2021/08/27 00:00:00+00,1899/12/30 00:00:00+00,8,REGION BIO BIO,8306,NACIMIENTO,50,CHOQUE,40,CHOQUE,1,URBANA,26,OTROS NO CONSIDERADOS,1,IMPRUDENCIA DEL CONDUCTOR,84,CARGA SOBRESALE ESTRUCTURA VEHICULO,0,JULIO HEMMELMANN,0, ,- JULIO HEMMELMANN,199, , , , ,1,1,2,BIDIRECCIONAL,1,CONCRETO,1,BUENO,1,SECO,1,DESPEJADO,0,0,0,0,1
-8090281.77353491,-4510205.61603064,3989,24989,1343038,-72.6762377,-37.508368,79,NACIMIENTO,1,13277,2021,1343038,REGION BIO BIO,8306,NACIMIENTO,JULIO HEMMELMANN, ,632,"JULIO HEMMELMANN 632, NACIMIENTO",CHILE,RANGE_INTERPOLATED,18349,2021,1343038,1,2021/04/08 00:00:00+00,1899/12/30 00:00:00+00,8,REGION BIO BIO,8306,NACIMIENTO,70,VOLCADURA,70,VOLCADURA,1,URBANA,1,TRAMO DE VIA RECTA,9,PERDIDA CONTROL VEHICULO,95,PERDIDA CONTROL VEHICULO,0,JULIO HEMMELMANN,0, ,- JULIO HEMMELMANN,632, , , , ,1,1,2,BIDIRECCIONAL,2,ASFALTO,1,BUENO,1,SECO,1,DESPEJADO,0,0,0,0,1
-8090270.98667625,-4510205.26520346,3990,24990,1337362,-72.6761408,-37.5083655,79,NACIMIENTO,1,9622,2021,1337362,REGION BIO BIO,8306,NACIMIENTO,JULIO HEMMELMANN, ,630,"JULIO HEMMELMANN 630, NACIMIENTO",CHILE,RANGE_INTERPOLATED,13407,2021,1337362,1,2021/03/10 00:00:00+00,1899/12/30 00:00:00+00,8,REGION BIO BIO,8306,NACIMIENTO,50,CHOQUE,40,CHOQUE,1,URBANA,1,TRAMO DE VIA RECTA,11,DEFICIENCIAS VIALES,92,ANIMALES SUELTOS VIA PUBLICA,0,JULIO HEMMELMANN,0, ,- JULIO HEMMELMANN,630, , , , ,1,1,2,BIDIRECCIONAL,2,ASFALTO,1,BUENO,1,SECO,1,DESPEJADO,0,0,0,0,1