X,Y,FID,FID_1,LABELID,POINT_X,POINT_Y,FID_2,COMUNAREAL,VAL_COM,OBJECTID,A_O,IDACCIDENT,REGION,COD_COMUN,COMUNA,CALLE_UNO,CALLE_DOS,NUMERO,DIR_GEOCOD,PAIS,TIPO,OBJECTID_1,Año,Idaccide_1,Claseaccid,Fecha,Hora,Cód_Regi,Región,Cód_Comun,Comuna_1,Cód_Tipo_,Tipo_Accid,Cód_Tipo1,Tipo__CONA,Cód_Zona,Zona,Cód_Ubica,Ubicación,Cód_Causa,Causa__CON,Cód_Cau_1,Causa,Cód_Calle,Calle_Un_1,Cód_Cal_1,Calle_Do_1,Intersecci,Número,Ruta,Cód_Ruta,Ubicaci_1,Km_Vía_Fe,Pistas_de_,Pistas_de1,Cód_Calza,Calzada,Cód__Tipo,Tipo_Calza,Cód_Estad,Estado_Cal,Cód_Condi,Condición,Cód_Est_1,Estado_Atm,Fallecidos,Graves,Menos_Grav,Leves,Ilesos
-8090216.05050755,-4510186.15215632,3991,24991,1379754,-72.6756473,-37.5082293,79,NACIMIENTO,1,39072,2021,1379754,REGION BIO BIO,8306,NACIMIENTO,EL PALQUE,JULIO HEMMELMANN,0,"EL PALQUE & JULIO HEMMELMANN, NACIMIENTO",CHILE,GEOMETRIC_CENTER,53653,2021,1379754,1,2021/09/15 00:00:00+00,1899/12/30 00:00:00+00,8,REGION BIO BIO,8306,NACIMIENTO,10,ATROPELLO,10,ATROPELLO,1,URBANA,11,CRUCE CON SEMAFORO FUNCIONANDO,2,IMPRUDENCIA DEL PEATON,53,IMPRUDENCIA DEL PEATON,0,EL PALQUE,0,JULIO HEMMELMANN,EL PALQUE - JULIO HEMMELMANN,0, , , , ,1,1,2,BIDIRECCIONAL,2,ASFALTO,1,BUENO,1,SECO,1,DESPEJADO,0,0,0,1,1
-8090216.05050755,-4510186.15215632,3992,24992,1381962,-72.6756473,-37.5082293,79,NACIMIENTO,1,40806,2021,1381962,REGION BIO BIO,8306,NACIMIENTO,JULIO HEMMELMANN,EL PALQUE,0,"JULIO HEMMELMANN & EL PALQUE, NACIMIENTO",CHILE,GEOMETRIC_CENTER,56001,2021,1381962,1,2021/09/25 00:00:00+00,1899/12/30 00:00:00+00,8,REGION BIO BIO,8306,NACIMIENTO,51,CHOQUE FRONTAL,40,CHOQUE,1,URBANA,1,TRAMO DE VIA RECTA,11,DEFICIENCIAS VIALES,92,ANIMALES SUELTOS VIA PUBLICA,0,JULIO HEMMELMANN,0,EL PALQUE,EL PALQUE - JULIO HEMMELMANN,0, , , , ,2,0,1,UNIDIRECCIONAL,1,CONCRETO,1,BUENO,3,MOJADO,3,LLUVIA,0,0,0,0,1
-8090216.05050755,-4510186.15215632,3993,24993,1403388,-72.6756473,-37.5082293,79,NACIMIENTO,1,55705,2021,1403388,REGION BIO BIO,8306,NACIMIENTO,JULIO HEMMELMANN,EL PALQUE,0,"JULIO HEMMELMANN & EL PALQUE, NACIMIENTO",CHILE,GEOMETRIC_CENTER,75718,2021,1403388,1,2021/12/12 00:00:00+00,1899/12/30 00:00:00+00,8,REGION BIO BIO,8306,NACIMIENTO,50,CHOQUE,40,CHOQUE,1,URBANA,1,TRAMO DE VIA RECTA,1,IMPRUDENCIA DEL CONDUCTOR,27,CONDUCCION NO ATENTO CONDICIONES TRANSITO MOMENTO,0,JULIO HEMMELMANN,0,EL PALQUE,EL PALQUE - JULIO HEMMELMANN,0, , , , ,1,1,2,BIDIRECCIONAL,2,ASFALTO,1,BUENO,1,SECO,1,DESPEJADO,0,0,0,0,2
-8090278.67885307,-4510185.99779264,3994,24994,1385211,-72.6762099,-37.5082282,79,NACIMIENTO,1,42041,2021,1385211,REGION BIO BIO,8306,NACIMIENTO,JULIO HEMMELMANN, ,711,"JULIO HEMMELMANN 711, NACIMIENTO",CHILE,RANGE_INTERPOLATED,57577,2021,1385211,1,2021/10/02 00:00:00+00,1899/12/30 00:00:00+00,8,REGION BIO BIO,8306,NACIMIENTO,30,COLISION,30,COLISION,1,URBANA,1,TRAMO DE VIA RECTA,10,DESOBEDIENCIA A SEÑALIZACION,65,SEÑALIZACION DESOBEDECER SEÑAL PARE,0,JULIO HEMMELMANN,0, ,- JULIO HEMMELMANN,711, , , , ,1,1,2,BIDIRECCIONAL,2,ASFALTO,1,BUENO,1,SECO,2,NUBLADO,0,0,0,2,0
-8088248.22247295,-4510091.21892574,3995,24995,1402120,-72.65797,-37.5075528,79,NACIMIENTO,1,54597,2021,1402120,REGION BIO BIO,8306,NACIMIENTO,LA FRONTERA, ,528,"LA FRONTERA 528, NACIMIENTO",CHILE,RANGE_INTERPOLATED,74205,2021,1402120,1,2021/12/06 00:00:00+00,1899/12/30 00:00:00+00,8,REGION BIO BIO,8306,NACIMIENTO,10,ATROPELLO,10,ATROPELLO,1,URBANA,1,TRAMO DE VIA RECTA,2,IMPRUDENCIA DEL PEATON,52,PEATON CRUZA CALZADA FORMA SORPRESIVA O DESCUIDADA,0,LA FRONTERA,0, ,- LA FRONTERA,528, , , , ,1,1,2,BIDIRECCIONAL,1,CONCRETO,1,BUENO,1,SECO,1,DESPEJADO,0,0,0,1,1
-8090228.93017263,-4510029.85308386,3996,24996,1364730,-72.675763,-37.5071155,79,NACIMIENTO,1,28245,2021,1364730,REGION BIO BIO,8306,NACIMIENTO,EL PALQUE, ,1194,"EL PALQUE 1194, NACIMIENTO",CHILE,RANGE_INTERPOLATED,39012,2021,1364730,1,2021/07/17 00:00:00+00,1899/12/30 00:00:00+00,8,REGION BIO BIO,8306,NACIMIENTO,50,CHOQUE,40,CHOQUE,1,URBANA,1,TRAMO DE VIA RECTA,4,ALCOHOL EN CONDUCTOR,24,CONDUCCION EN ESTADO DE EBRIEDAD,0,EL PALQUE,0, ,- EL PALQUE,1194, , , , ,2,0,1,UNIDIRECCIONAL,1,CONCRETO,2,REGULAR,2,HUMEDO,1,DESPEJADO,0,0,0,0,1
-8088611.85872157,-4509993.24143677,3997,24997,1330272,-72.6612366,-37.5068546,79,NACIMIENTO,1,3540,2021,1330272,REGION BIO BIO,8306,NACIMIENTO,OCTAVIO JARA WOLF,ESTACION,0,"OCTAVIO JARA WOLF & ESTACION, NACIMIENTO",CHILE,GEOMETRIC_CENTER,4868,2021,1330272,1,2021/01/25 00:00:00+00,1899/12/30 00:00:00+00,8,REGION BIO BIO,8306,NACIMIENTO,53,CHOQUE POSTERIOR,40,CHOQUE,1,URBANA,1,TRAMO DE VIA RECTA,1,IMPRUDENCIA DEL CONDUCTOR,27,CONDUCCION NO ATENTO CONDICIONES TRANSITO MOMENTO,0,OCTAVIO JARA WOLF,0,ESTACION,ESTACION - OCTAVIO JARA WOLF,0, , , , ,1,1,2,BIDIRECCIONAL,1,CONCRETO,1,BUENO,1,SECO,1,DESPEJADO,0,0,0,0,2
-8088611.85872157,-4509993.24143677,3998,24998,1338211,-72.6612366,-37.5068546,79,NACIMIENTO,1,10058,2021,1338211,REGION BIO BIO,8306,NACIMIENTO,OCTAVIO JARA WOLF,ESTACION,0,"OCTAVIO JARA WOLF & ESTACION, NACIMIENTO",CHILE,GEOMETRIC_CENTER,13991,2021,1338211,1,2021/03/12 00:00:00+00,1899/12/30 00:00:00+00,8,REGION BIO BIO,8306,NACIMIENTO,50,CHOQUE,40,CHOQUE,1,URBANA,1,TRAMO DE VIA RECTA,1,IMPRUDENCIA DEL CONDUCTOR,91,VIRAJES INDEBIDOS,0,OCTAVIO JARA WOLF,0,ESTACION,ESTACION - OCTAVIO JARA WOLF,0, , , , ,1,1,2,BIDIRECCIONAL,1,CONCRETO,1,BUENO,1,SECO,1,DESPEJADO,0,0,0,0,2
-8088611.85872157,-4509993.24143677,3999,24999,1340239,-72.6612366,-37.5068546,79,NACIMIENTO,1,10063,2021,1340239,REGION BIO BIO,8306,NACIMIENTO,OCTAVIO JARA WOLF,ESTACION,0,"OCTAVIO JARA WOLF & ESTACION, NACIMIENTO",CHILE,GEOMETRIC_CENTER,13999,2021,1340239,1,2021/03/12 00:00:00+00,1899/12/30 00:00:00+00,8,REGION BIO BIO,8306,NACIMIENTO,32,COLISION LATERAL,30,COLISION,1,URBANA,1,TRAMO DE VIA RECTA,1,IMPRUDENCIA DEL CONDUCTOR,27,CONDUCCION NO ATENTO CONDICIONES TRANSITO MOMENTO,0,OCTAVIO JARA WOLF,0,ESTACION,ESTACION - OCTAVIO JARA WOLF,0, , , , ,1,1,2,BIDIRECCIONAL,1,CONCRETO,1,BUENO,1,SECO,1,DESPEJADO,0,0,0,0,2
-8088611.85872157,-4509993.24143677,4000,25000,1358607,-72.6612366,-37.5068546,79,NACIMIENTO,1,24570,2021,1358607,REGION BIO BIO,8306,NACIMIENTO,ESTACION,OCTAVIO JARA WOLF,0,"ESTACION & OCTAVIO JARA WOLF, NACIMIENTO",CHILE,GEOMETRIC_CENTER,33870,2021,1358607,1,2021/06/24 00:00:00+00,1899/12/30 00:00:00+00,8,REGION BIO BIO,8306,NACIMIENTO,50,CHOQUE,40,CHOQUE,1,URBANA,16,CRUCE SIN SEÑALIZACION,7,VELOCIDAD IMPRUDENTE,73,"VELOCIDAD NO REDUCIR CRUCE DE CALLES, CUMBRE, CURVA, ETC.",0,ESTACION,0,OCTAVIO JARA WOLF,ESTACION - OCTAVIO JARA WOLF,0, , , , ,1,1,2,BIDIRECCIONAL,1,CONCRETO,3,MALO,3,MOJADO,3,LLUVIA,0,0,0,0,1
-8140613.91281752,-4401004.72628335,4001,56452,1408148,-73.128379,-36.7261548,176,TALCAHUANO,1,58274,2021,1408148,REGION BIO BIO,8110,TALCAHUANO,LA MARINA, ,101,"LA MARINA 101, TALCAHUANO",CHILE,RANGE_INTERPOLATED,79121,2021,1408148,1,2021/12/24 00:00:00+00,1899/12/30 00:00:00+00,8,REGION BIO BIO,8110,TALCAHUANO,32,COLISION LATERAL,30,COLISION,1,URBANA,1,TRAMO DE VIA RECTA,9,PERDIDA CONTROL VEHICULO,95,PERDIDA CONTROL VEHICULO,0,LA MARINA,0, ,- LA MARINA,101, , , , ,1,1,2,BIDIRECCIONAL,1,CONCRETO,1,BUENO,1,SECO,1,DESPEJADO,0,0,0,2,0
-8140819.6535004,-4400779.64600413,4002,56453,1335262,-73.1302272,-36.7245342,176,TALCAHUANO,1,7633,2021,1335262,REGION BIO BIO,8110,TALCAHUANO,PEDRO MONTT,LA MARINA,0,"PEDRO MONTT & LA MARINA, TALCAHUANO",CHILE,GEOMETRIC_CENTER,10722,2021,1335262,1,2021/02/25 00:00:00+00,1899/12/30 00:00:00+00,8,REGION BIO BIO,8110,TALCAHUANO,32,COLISION LATERAL,30,COLISION,1,URBANA,15,CRUCE CON SEÑAL CEDA EL PASO,10,DESOBEDIENCIA A SEÑALIZACION,64,SEÑALIZACION DESOBEDECER SEÑAL CEDA EL PASO,0,PEDRO MONTT,0,LA MARINA,LA MARINA - PEDRO MONTT,0, , , , ,1,1,2,BIDIRECCIONAL,1,CONCRETO,1,BUENO,1,SECO,1,DESPEJADO,0,0,0,1,1
-8140916.4791935,-4400714.27278129,4003,56454,1350347,-73.131097,-36.7240635,176,TALCAHUANO,1,18769,2021,1350347,REGION BIO BIO,8110,TALCAHUANO,LA MARINA, ,1191,"LA MARINA 1191, TALCAHUANO",CHILE,RANGE_INTERPOLATED,25813,2021,1350347,1,2021/05/19 00:00:00+00,1899/12/30 00:00:00+00,8,REGION BIO BIO,8110,TALCAHUANO,51,CHOQUE FRONTAL,40,CHOQUE,1,URBANA,1,TRAMO DE VIA RECTA,9,PERDIDA CONTROL VEHICULO,95,PERDIDA CONTROL VEHICULO,0,LA MARINA,0, ,- LA MARINA,1191, , , , ,1,1,2,BIDIRECCIONAL,1,CONCRETO,1,BUENO,1,SECO,1,DESPEJADO,0,0,0,0,2
-8140910.3566215,-4400636.35875604,4004,56455,1338834,-73.131042,-36.7235025,176,TALCAHUANO,1,8195,2021,1338834,REGION BIO BIO,8110,TALCAHUANO,LATORRE, ,1430,"LATORRE 1430, TALCAHUANO",CHILE,RANGE_INTERPOLATED,11503,2021,1338834,1,2021/03/01 00:00:00+00,1899/12/30 00:00:00+00,8,REGION BIO BIO,8110,TALCAHUANO,70,VOLCADURA,70,VOLCADURA,1,URBANA,1,TRAMO DE VIA RECTA,12,FALLAS MECANICAS,1,FALLAS MECANICAS FRENOS,0,LATORRE,0, ,- LATORRE,1430, , , , ,1,1,2,BIDIRECCIONAL,1,CONCRETO,1,BUENO,1,SECO,1,DESPEJADO,0,0,0,1,0
-8138434.65567406,-4400179.45514508,4005,56456,1353777,-73.1088024,-36.7202126,176,TALCAHUANO,1,19873,2021,1353777,REGION BIO BIO,8110,TALCAHUANO,BLANCO ENCALADA, ,1142,"BLANCO ENCALADA 1142, TALCAHUANO",CHILE,RANGE_INTERPOLATED,27353,2021,1353777,1,2021/05/26 00:00:00+00,1899/12/30 00:00:00+00,8,REGION BIO BIO,8110,TALCAHUANO,32,COLISION LATERAL,30,COLISION,1,URBANA,1,TRAMO DE VIA RECTA,1,IMPRUDENCIA DEL CONDUCTOR,29,CONDUCCION CAMBIAR SORPRESIVAMENTE PISTA CIRCULACION,0,BLANCO ENCALADA,0, ,- BLANCO ENCALADA,1142, , , , ,1,1,3,BIDIRECCIONAL CON BANDEJON,1,CONCRETO,1,BUENO,1,SECO,1,DESPEJADO,0,0,0,1,1
-8138434.65567406,-4400179.45514508,4006,56457,1376966,-73.1088024,-36.7202126,176,TALCAHUANO,1,36539,2021,1376966,REGION BIO BIO,8110,TALCAHUANO,BLANCO ENCALADA, ,1142,"BLANCO ENCALADA 1142, TALCAHUANO",CHILE,RANGE_INTERPOLATED,50273,2021,1376966,1,2021/09/02 00:00:00+00,1899/12/30 00:00:00+00,8,REGION BIO BIO,8110,TALCAHUANO,20,CAIDA,20,CAIDA,1,URBANA,1,TRAMO DE VIA RECTA,1,IMPRUDENCIA DEL CONDUCTOR,27,CONDUCCION NO ATENTO CONDICIONES TRANSITO MOMENTO,0,BLANCO ENCALADA,0, ,- BLANCO ENCALADA,1142, , , , ,1,1,3,BIDIRECCIONAL CON BANDEJON,1,CONCRETO,1,BUENO,1,SECO,1,DESPEJADO,0,0,0,1,1
-8138375.71200368,-4400103.58651397,4007,56458,1382769,-73.1082729,-36.7196663,176,TALCAHUANO,1,40680,2021,1382769,REGION BIO BIO,8110,TALCAHUANO,BLANCO ENCALADA,PRAT,0,"BLANCO ENCALADA & PRAT, TALCAHUANO",CHILE,GEOMETRIC_CENTER,55830,2021,1382769,1,2021/09/24 00:00:00+00,1899/12/30 00:00:00+00,8,REGION BIO BIO,8110,TALCAHUANO,32,COLISION LATERAL,30,COLISION,1,URBANA,11,CRUCE CON SEMAFORO FUNCIONANDO,10,DESOBEDIENCIA A SEÑALIZACION,62,SEÑALIZACION DESOBEDECER LUZ ROJA DE SEMAFORO,0,BLANCO ENCALADA,0,PRAT,BLANCO ENCALADA - PRAT,0, , , , ,1,1,2,BIDIRECCIONAL,1,CONCRETO,1,BUENO,1,SECO,1,DESPEJADO,0,0,0,1,1
-8138446.90081804,-4399814.3240807,4008,56459,1324509,-73.1089124,-36.7175834,176,TALCAHUANO,1,399,2021,1324509,REGION BIO BIO,8110,TALCAHUANO,BLANCO ENCALADA, ,894,"BLANCO ENCALADA 894, TALCAHUANO",CHILE,RANGE_INTERPOLATED,574,2021,1324509,1,2021/01/04 00:00:00+00,1899/12/30 00:00:00+00,8,REGION BIO BIO,8110,TALCAHUANO,10,ATROPELLO,10,ATROPELLO,1,URBANA,11,CRUCE CON SEMAFORO FUNCIONANDO,2,IMPRUDENCIA DEL PEATON,52,PEATON CRUZA CALZADA FORMA SORPRESIVA O DESCUIDADA,0,BLANCO ENCALADA,0, ,- BLANCO ENCALADA,894, , ,"1,5", ,1,1,3,BIDIRECCIONAL CON BANDEJON,1,CONCRETO,1,BUENO,1,SECO,1,DESPEJADO,0,0,0,1,1
-8138446.90081804,-4399814.3240807,4009,56460,1344112,-73.1089124,-36.7175834,176,TALCAHUANO,1,14551,2021,1344112,REGION BIO BIO,8110,TALCAHUANO,BLANCO ENCALADA, ,894,"BLANCO ENCALADA 894, TALCAHUANO",CHILE,RANGE_INTERPOLATED,20063,2021,1344112,1,2021/04/19 00:00:00+00,1899/12/30 00:00:00+00,8,REGION BIO BIO,8110,TALCAHUANO,10,ATROPELLO,10,ATROPELLO,1,URBANA,1,TRAMO DE VIA RECTA,2,IMPRUDENCIA DEL PEATON,55,PEATON CRUZA CALZADA FUERA PASO PEATONES,0,BLANCO ENCALADA,0, ,- BLANCO ENCALADA,894, , , , ,1,1,3,BIDIRECCIONAL CON BANDEJON,1,CONCRETO,1,BUENO,1,SECO,1,DESPEJADO,1,0,0,0,1
-8138453.31282071,-4399481.61740446,4010,56461,1353065,-73.10897,-36.7151876,176,TALCAHUANO,1,19957,2021,1353065,REGION BIO BIO,8110,TALCAHUANO,BLANCO ENCALADA, ,701,"BLANCO ENCALADA 701, TALCAHUANO",CHILE,RANGE_INTERPOLATED,27474,2021,1353065,1,2021/05/26 00:00:00+00,1899/12/30 00:00:00+00,8,REGION BIO BIO,8110,TALCAHUANO,32,COLISION LATERAL,30,COLISION,1,URBANA,11,CRUCE CON SEMAFORO FUNCIONANDO,1,IMPRUDENCIA DEL CONDUCTOR,28,CONDUCCION SIN MANTENER DISTANCIA RAZONABLE NI PRUDENTE,0,BLANCO ENCALADA,0, ,- BLANCO ENCALADA,701, , , , ,1,1,2,BIDIRECCIONAL,1,CONCRETO,1,BUENO,1,SECO,1,DESPEJADO,0,0,0,0,2
-8138453.31282071,-4399481.61740446,4011,56462,1384953,-73.10897,-36.7151876,176,TALCAHUANO,1,41860,2021,1384953,REGION BIO BIO,8110,TALCAHUANO,BLANCO ENCALADA, ,701,"BLANCO ENCALADA 701, TALCAHUANO",CHILE,RANGE_INTERPOLATED,57347,2021,1384953,1,2021/10/01 00:00:00+00,1899/12/30 00:00:00+00,8,REGION BIO BIO,8110,TALCAHUANO,10,ATROPELLO,10,ATROPELLO,1,URBANA,1,TRAMO DE VIA RECTA,1,IMPRUDENCIA DEL CONDUCTOR,27,CONDUCCION NO ATENTO CONDICIONES TRANSITO MOMENTO,0,BLANCO ENCALADA,0, ,- BLANCO ENCALADA,701, , , , ,1,1,2,BIDIRECCIONAL,1,CONCRETO,1,BUENO,1,SECO,1,DESPEJADO,0,0,0,1,1
-8138718.60943117,-4399377.99412831,4012,56463,1392385,-73.1113532,-36.7144414,176,TALCAHUANO,1,45436,2021,1392385,REGION BIO BIO,8110,TALCAHUANO,COVADONGA, ,525,"COVADONGA 525, TALCAHUANO",CHILE,RANGE_INTERPOLATED,62115,2021,1392385,1,2021/10/20 00:00:00+00,1899/12/30 00:00:00+00,8,REGION BIO BIO,8110,TALCAHUANO,32,COLISION LATERAL,30,COLISION,1,URBANA,14,CRUCE CON SEÑAL PARE,1,IMPRUDENCIA DEL CONDUCTOR,32,NO RESPETAR DERECHO PREFERENTE DE PASO A VEHICULO,0,COVADONGA,0, ,- COVADONGA,525, , , , ,1,1,2,BIDIRECCIONAL,1,CONCRETO,1,BUENO,1,SECO,1,DESPEJADO,0,0,0,0,2
-8138717.91925033,-4399325.26634803,4013,56464,1329687,-73.111347,-36.7140617,176,TALCAHUANO,1,4037,2021,1329687,REGION BIO BIO,8110,TALCAHUANO,BLANCO ENCALADA, ,11,"BLANCO ENCALADA 11, TALCAHUANO",CHILE,RANGE_INTERPOLATED,5635,2021,1329687,1,2021/01/29 00:00:00+00,1899/12/30 00:00:00+00,8,REGION BIO BIO,8110,TALCAHUANO,32,COLISION LATERAL,30,COLISION,1,URBANA,11,CRUCE CON SEMAFORO FUNCIONANDO,10,DESOBEDIENCIA A SEÑALIZACION,62,SEÑALIZACION DESOBEDECER LUZ ROJA DE SEMAFORO,0,BLANCO ENCALADA,0, ,- BLANCO ENCALADA,11, , , , ,1,1,3,BIDIRECCIONAL CON BANDEJON,1,CONCRETO,1,BUENO,1,SECO,1,DESPEJADO,0,1,0,1,2
-8138717.91925033,-4399325.26634803,4014,56465,1388513,-73.111347,-36.7140617,176,TALCAHUANO,1,45196,2021,1388513,REGION BIO BIO,8110,TALCAHUANO,BLANCO ENCALADA, ,49,"BLANCO ENCALADA 49, TALCAHUANO",CHILE,RANGE_INTERPOLATED,61783,2021,1388513,1,2021/10/18 00:00:00+00,1899/12/30 00:00:00+00,8,REGION BIO BIO,8110,TALCAHUANO,32,COLISION LATERAL,30,COLISION,1,URBANA,1,TRAMO DE VIA RECTA,4,ALCOHOL EN CONDUCTOR,24,CONDUCCION EN ESTADO DE EBRIEDAD,0,BLANCO ENCALADA,0, ,- BLANCO ENCALADA,49, , , , ,1,1,3,BIDIRECCIONAL CON BANDEJON,1,CONCRETO,1,BUENO,1,SECO,1,DESPEJADO,0,0,0,0,2
-8138717.91925033,-4399325.26634803,4015,56466,1394488,-73.111347,-36.7140617,176,TALCAHUANO,1,49227,2021,1394488,REGION BIO BIO,8110,TALCAHUANO,BLANCO ENCALADA, ,15,"BLANCO ENCALADA 15, TALCAHUANO",CHILE,RANGE_INTERPOLATED,67102,2021,1394488,1,2021/11/09 00:00:00+00,1899/12/30 00:00:00+00,8,REGION BIO BIO,8110,TALCAHUANO,32,COLISION LATERAL,30,COLISION,1,URBANA,1,TRAMO DE VIA RECTA,1,IMPRUDENCIA DEL CONDUCTOR,32,NO RESPETAR DERECHO PREFERENTE DE PASO A VEHICULO,0,BLANCO ENCALADA,0, ,- BLANCO ENCALADA,15, , , , ,1,1,2,BIDIRECCIONAL,1,CONCRETO,1,BUENO,1,SECO,1,DESPEJADO,0,0,0,0,2
-8138717.91925033,-4399325.26634803,4016,56467,1400861,-73.111347,-36.7140617,176,TALCAHUANO,1,52915,2021,1400861,REGION BIO BIO,8110,TALCAHUANO,BLANCO ENCALADA, ,69,"BLANCO ENCALADA 69, TALCAHUANO",CHILE,RANGE_INTERPOLATED,71917,2021,1400861,1,2021/11/27 00:00:00+00,1899/12/30 00:00:00+00,8,REGION BIO BIO,8110,TALCAHUANO,63,CHOQUE FRENTE/POSTERIOR,40,CHOQUE,1,URBANA,11,CRUCE CON SEMAFORO FUNCIONANDO,1,IMPRUDENCIA DEL CONDUCTOR,28,CONDUCCION SIN MANTENER DISTANCIA RAZONABLE NI PRUDENTE,0,BLANCO ENCALADA,0, ,- BLANCO ENCALADA,69, , , , ,1,1,2,BIDIRECCIONAL,1,CONCRETO,1,BUENO,1,SECO,1,DESPEJADO,0,0,0,1,1
-8138794.87441431,-4399260.05478952,4017,56468,1329089,-73.1120383,-36.7135921,176,TALCAHUANO,1,1113,2021,1329089,REGION BIO BIO,8110,TALCAHUANO,CRISTOBAL COLON, ,2940,"CRISTOBAL COLON 2940, TALCAHUANO",CHILE,RANGE_INTERPOLATED,1500,2021,1329089,1,2021/01/08 00:00:00+00,1899/12/30 00:00:00+00,8,REGION BIO BIO,8110,TALCAHUANO,32,COLISION LATERAL,30,COLISION,1,URBANA,1,TRAMO DE VIA RECTA,1,IMPRUDENCIA DEL CONDUCTOR,29,CONDUCCION CAMBIAR SORPRESIVAMENTE PISTA CIRCULACION,0,CRISTOBAL COLON,0, ,- CRISTOBAL COLON,2940, , , , ,3,3,2,BIDIRECCIONAL,1,CONCRETO,1,BUENO,1,SECO,1,DESPEJADO,0,0,0,0,2
-8138794.87441431,-4399260.05478952,4018,56469,1328078,-73.1120383,-36.7135921,176,TALCAHUANO,1,3498,2021,1328078,REGION BIO BIO,8110,TALCAHUANO,CRISTOBAL COLON, ,2940,"CRISTOBAL COLON 2940, TALCAHUANO",CHILE,RANGE_INTERPOLATED,4813,2021,1328078,1,2021/01/25 00:00:00+00,1899/12/30 00:00:00+00,8,REGION BIO BIO,8110,TALCAHUANO,32,COLISION LATERAL,30,COLISION,1,URBANA,1,TRAMO DE VIA RECTA,1,IMPRUDENCIA DEL CONDUCTOR,29,CONDUCCION CAMBIAR SORPRESIVAMENTE PISTA CIRCULACION,0,CRISTOBAL COLON,0, ,- CRISTOBAL COLON,2940, , , , ,1,1,3,BIDIRECCIONAL CON BANDEJON,1,CONCRETO,1,BUENO,1,SECO,1,DESPEJADO,0,0,0,0,2
-8138794.87441431,-4399260.05478952,4019,56470,1353866,-73.1120383,-36.7135921,176,TALCAHUANO,1,19346,2021,1353866,REGION BIO BIO,8110,TALCAHUANO,CRISTOBAL COLON, ,385,"CRISTOBAL COLON 385, TALCAHUANO",CHILE,RANGE_INTERPOLATED,26615,2021,1353866,1,2021/05/22 00:00:00+00,1899/12/30 00:00:00+00,8,REGION BIO BIO,8110,TALCAHUANO,51,CHOQUE FRONTAL,40,CHOQUE,1,URBANA,1,TRAMO DE VIA RECTA,4,ALCOHOL EN CONDUCTOR,24,CONDUCCION EN ESTADO DE EBRIEDAD,0,CRISTOBAL COLON,0, ,- CRISTOBAL COLON,385, , , , ,1,1,2,BIDIRECCIONAL,1,CONCRETO,1,BUENO,1,SECO,1,DESPEJADO,0,0,0,0,1
-8138717.20680559,-4399247.15416855,4020,56471,1401524,-73.1113406,-36.7134992,176,TALCAHUANO,1,53495,2021,1401524,REGION BIO BIO,8110,TALCAHUANO,BLANCO ENCALADA, ,425,"BLANCO ENCALADA 425, TALCAHUANO",CHILE,RANGE_INTERPOLATED,72713,2021,1401524,1,2021/12/01 00:00:00+00,1899/12/30 00:00:00+00,8,REGION BIO BIO,8110,TALCAHUANO,32,COLISION LATERAL,30,COLISION,1,URBANA,1,TRAMO DE VIA RECTA,1,IMPRUDENCIA DEL CONDUCTOR,29,CONDUCCION CAMBIAR SORPRESIVAMENTE PISTA CIRCULACION,0,BLANCO ENCALADA,0, ,- BLANCO ENCALADA,425, , , , ,1,1,3,BIDIRECCIONAL CON BANDEJON,1,CONCRETO,1,BUENO,1,SECO,1,DESPEJADO,0,0,0,0,2
-8138836.36318853,-4399235.32282697,4021,56472,1408379,-73.112411,-36.713414,176,TALCAHUANO,1,56402,2021,1408379,REGION BIO BIO,8110,TALCAHUANO,BLANCO ENCALADA, ,402,"BLANCO ENCALADA 402, TALCAHUANO",CHILE,RANGE_INTERPOLATED,76646,2021,1408379,1,2021/12/16 00:00:00+00,1899/12/30 00:00:00+00,8,REGION BIO BIO,8110,TALCAHUANO,32,COLISION LATERAL,30,COLISION,1,URBANA,11,CRUCE CON SEMAFORO FUNCIONANDO,10,DESOBEDIENCIA A SEÑALIZACION,62,SEÑALIZACION DESOBEDECER LUZ ROJA DE SEMAFORO,0,BLANCO ENCALADA,0, ,- BLANCO ENCALADA,402, , , , ,1,1,2,BIDIRECCIONAL,1,CONCRETO,1,BUENO,1,SECO,1,DESPEJADO,0,0,0,1,1
-8138831.14230441,-4399209.7438446,4022,56473,1376821,-73.1123641,-36.7132298,176,TALCAHUANO,1,36545,2021,1376821,REGION BIO BIO,8110,TALCAHUANO,BLANCO ENCALADA, ,295,"BLANCO ENCALADA 295, TALCAHUANO",CHILE,RANGE_INTERPOLATED,50280,2021,1376821,1,2021/09/02 00:00:00+00,1899/12/30 00:00:00+00,8,REGION BIO BIO,8110,TALCAHUANO,20,CAIDA,20,CAIDA,1,URBANA,1,TRAMO DE VIA RECTA,1,IMPRUDENCIA DEL CONDUCTOR,27,CONDUCCION NO ATENTO CONDICIONES TRANSITO MOMENTO,0,BLANCO ENCALADA,0, ,- BLANCO ENCALADA,295, , , , ,1,1,3,BIDIRECCIONAL CON BANDEJON,1,CONCRETO,1,BUENO,1,SECO,1,DESPEJADO,0,0,0,0,2