X,Y,FID,FID_1,LABELID,POINT_X,POINT_Y,FID_2,COMUNAREAL,VAL_COM,OBJECTID,A_O,IDACCIDENT,REGION,COD_COMUN,COMUNA,CALLE_UNO,CALLE_DOS,NUMERO,DIR_GEOCOD,PAIS,TIPO,OBJECTID_1,Año,Idaccide_1,Claseaccid,Fecha,Hora,Cód_Regi,Región,Cód_Comun,Comuna_1,Cód_Tipo_,Tipo_Accid,Cód_Tipo1,Tipo__CONA,Cód_Zona,Zona,Cód_Ubica,Ubicación,Cód_Causa,Causa__CON,Cód_Cau_1,Causa,Cód_Calle,Calle_Un_1,Cód_Cal_1,Calle_Do_1,Intersecci,Número,Ruta,Cód_Ruta,Ubicaci_1,Km_Vía_Fe,Pistas_de_,Pistas_de1,Cód_Calza,Calzada,Cód__Tipo,Tipo_Calza,Cód_Estad,Estado_Cal,Cód_Condi,Condición,Cód_Est_1,Estado_Atm,Fallecidos,Graves,Menos_Grav,Leves,Ilesos
-8138831.75456161,-4399209.20227072,4023,56474,1372256,-73.1123696,-36.7132259,176,TALCAHUANO,1,33478,2021,1372256,REGION BIO BIO,8110,TALCAHUANO,BULNES,BLANCO ENCALADA,0,"BULNES & BLANCO ENCALADA, TALCAHUANO",CHILE,GEOMETRIC_CENTER,46159,2021,1372256,1,2021/08/15 00:00:00+00,1899/12/30 00:00:00+00,8,REGION BIO BIO,8110,TALCAHUANO,32,COLISION LATERAL,30,COLISION,1,URBANA,11,CRUCE CON SEMAFORO FUNCIONANDO,10,DESOBEDIENCIA A SEÑALIZACION,62,SEÑALIZACION DESOBEDECER LUZ ROJA DE SEMAFORO,0,BULNES,0,BLANCO ENCALADA,BLANCO ENCALADA - BULNES,0, , , , ,1,1,2,BIDIRECCIONAL,1,CONCRETO,1,BUENO,1,SECO,1,DESPEJADO,0,0,0,0,2
-8138936.14998008,-4399162.43260939,4024,56475,1402125,-73.1133074,-36.7128891,176,TALCAHUANO,1,53481,2021,1402125,REGION BIO BIO,8110,TALCAHUANO,BLANCO ENCALADA, ,302,"BLANCO ENCALADA 302, TALCAHUANO",CHILE,RANGE_INTERPOLATED,72695,2021,1402125,1,2021/12/01 00:00:00+00,1899/12/30 00:00:00+00,8,REGION BIO BIO,8110,TALCAHUANO,10,ATROPELLO,10,ATROPELLO,1,URBANA,1,TRAMO DE VIA RECTA,1,IMPRUDENCIA DEL CONDUCTOR,27,CONDUCCION NO ATENTO CONDICIONES TRANSITO MOMENTO,0,BLANCO ENCALADA,0, ,- BLANCO ENCALADA,302, , , , ,1,1,3,BIDIRECCIONAL CON BANDEJON,1,CONCRETO,1,BUENO,1,SECO,1,DESPEJADO,0,1,0,0,1
-8138920.09770951,-4399141.92234455,4025,56476,1396647,-73.1131632,-36.7127414,176,TALCAHUANO,1,51002,2021,1396647,REGION BIO BIO,8110,TALCAHUANO,BLANCO ENCALADA, ,301,"BLANCO ENCALADA 301, TALCAHUANO",CHILE,RANGE_INTERPOLATED,69409,2021,1396647,1,2021/11/18 00:00:00+00,1899/12/30 00:00:00+00,8,REGION BIO BIO,8110,TALCAHUANO,32,COLISION LATERAL,30,COLISION,1,URBANA,11,CRUCE CON SEMAFORO FUNCIONANDO,10,DESOBEDIENCIA A SEÑALIZACION,62,SEÑALIZACION DESOBEDECER LUZ ROJA DE SEMAFORO,0,BLANCO ENCALADA,0, ,- BLANCO ENCALADA,301, , , , ,1,1,3,BIDIRECCIONAL CON BANDEJON,1,CONCRETO,1,BUENO,1,SECO,1,DESPEJADO,0,0,0,0,2
-8139085.15111851,-4398999.62912835,4026,56477,1405622,-73.1146459,-36.7117167,176,TALCAHUANO,1,54481,2021,1405622,REGION BIO BIO,8110,TALCAHUANO,VALDIVIA, ,11,"VALDIVIA 11, TALCAHUANO",CHILE,RANGE_INTERPOLATED,74055,2021,1405622,1,2021/12/06 00:00:00+00,1899/12/30 00:00:00+00,8,REGION BIO BIO,8110,TALCAHUANO,20,CAIDA,20,CAIDA,1,URBANA,11,CRUCE CON SEMAFORO FUNCIONANDO,7,VELOCIDAD IMPRUDENTE,72,VELOCIDAD NO RAZONABLE NI PRUDENTE,0,VALDIVIA,0, ,- VALDIVIA,11, , , , ,1,1,2,BIDIRECCIONAL,1,CONCRETO,1,BUENO,1,SECO,1,DESPEJADO,0,0,0,1,1
-8139110.5764902,-4398975.95312106,4027,56478,1365921,-73.1148743,-36.7115462,176,TALCAHUANO,1,28269,2021,1365921,REGION BIO BIO,8110,TALCAHUANO,VALDIVIA, ,56,"VALDIVIA 56, TALCAHUANO",CHILE,RANGE_INTERPOLATED,39048,2021,1365921,1,2021/07/17 00:00:00+00,1899/12/30 00:00:00+00,8,REGION BIO BIO,8110,TALCAHUANO,33,COLISION POR ALCANCE,30,COLISION,1,URBANA,1,TRAMO DE VIA RECTA,1,IMPRUDENCIA DEL CONDUCTOR,11,ADELANTAMIENTO SIN EL ESPACIO O TIEMPO SUFICIENTE,0,VALDIVIA,0, ,- VALDIVIA,56, , , , ,1,1,2,BIDIRECCIONAL,1,CONCRETO,1,BUENO,1,SECO,1,DESPEJADO,0,0,0,0,2
-8139110.5764902,-4398975.95312106,4028,56479,1395899,-73.1148743,-36.7115462,176,TALCAHUANO,1,50510,2021,1395899,REGION BIO BIO,8110,TALCAHUANO,VALDIVIA, ,60,"VALDIVIA 60, TALCAHUANO",CHILE,RANGE_INTERPOLATED,68789,2021,1395899,1,2021/11/15 00:00:00+00,1899/12/30 00:00:00+00,8,REGION BIO BIO,8110,TALCAHUANO,10,ATROPELLO,10,ATROPELLO,1,URBANA,1,TRAMO DE VIA RECTA,2,IMPRUDENCIA DEL PEATON,53,IMPRUDENCIA DEL PEATON,0,VALDIVIA,0, ,- VALDIVIA,60, , , , ,1,1,2,BIDIRECCIONAL,1,CONCRETO,1,BUENO,1,SECO,1,DESPEJADO,0,1,0,0,1
-8139089.4591828,-4398974.93942808,4029,56480,1366285,-73.1146846,-36.7115389,176,TALCAHUANO,1,28722,2021,1366285,REGION BIO BIO,8110,TALCAHUANO,BLANCO ENCALADA, ,6,"BLANCO ENCALADA 6, TALCAHUANO",CHILE,RANGE_INTERPOLATED,39688,2021,1366285,1,2021/07/20 00:00:00+00,1899/12/30 00:00:00+00,8,REGION BIO BIO,8110,TALCAHUANO,33,COLISION POR ALCANCE,30,COLISION,1,URBANA,1,TRAMO DE VIA RECTA,1,IMPRUDENCIA DEL CONDUCTOR,11,ADELANTAMIENTO SIN EL ESPACIO O TIEMPO SUFICIENTE,0,BLANCO ENCALADA,0, ,- BLANCO ENCALADA,6, , , , ,1,1,3,BIDIRECCIONAL CON BANDEJON,1,CONCRETO,1,BUENO,1,SECO,1,DESPEJADO,0,0,0,0,2
-8139067.58490286,-4398952.58266217,4030,56481,1325076,-73.1144881,-36.7113779,176,TALCAHUANO,1,1529,2021,1325076,REGION BIO BIO,8110,TALCAHUANO,BLANCO ENCALADA,VALDIVIA,0,"BLANCO ENCALADA & VALDIVIA, TALCAHUANO",CHILE,GEOMETRIC_CENTER,2110,2021,1325076,1,2021/01/11 00:00:00+00,1899/12/30 00:00:00+00,8,REGION BIO BIO,8110,TALCAHUANO,32,COLISION LATERAL,30,COLISION,1,URBANA,11,CRUCE CON SEMAFORO FUNCIONANDO,10,DESOBEDIENCIA A SEÑALIZACION,62,SEÑALIZACION DESOBEDECER LUZ ROJA DE SEMAFORO,0,BLANCO ENCALADA,0,VALDIVIA,BLANCO ENCALADA - VALDIVIA,0, , , , ,1,1,2,BIDIRECCIONAL,1,CONCRETO,1,BUENO,1,SECO,1,DESPEJADO,0,0,0,2,0
-8139067.58490286,-4398952.58266217,4031,56482,1401778,-73.1144881,-36.7113779,176,TALCAHUANO,1,53496,2021,1401778,REGION BIO BIO,8110,TALCAHUANO,BLANCO ENCALADA,VALDIVIA,0,"BLANCO ENCALADA & VALDIVIA, TALCAHUANO",CHILE,GEOMETRIC_CENTER,72714,2021,1401778,1,2021/12/01 00:00:00+00,1899/12/30 00:00:00+00,8,REGION BIO BIO,8110,TALCAHUANO,52,CHOQUE LATERAL,40,CHOQUE,1,URBANA,11,CRUCE CON SEMAFORO FUNCIONANDO,14,OTRAS CAUSAS,99,HECHO DELICTUAL,0,BLANCO ENCALADA,0,VALDIVIA,BLANCO ENCALADA - VALDIVIA,0, , , , ,3,0,1,UNIDIRECCIONAL,1,CONCRETO,1,BUENO,1,SECO,1,DESPEJADO,0,0,0,0,2
-8139011.4576156,-4398802.91851274,4032,56483,1402459,-73.1139839,-36.7103001,176,TALCAHUANO,1,54814,2021,1402459,REGION BIO BIO,8110,TALCAHUANO,ALMIRANTE VILLARROEL, ,425,"ALMIRANTE VILLARROEL 425, TALCAHUANO",CHILE,RANGE_INTERPOLATED,74481,2021,1402459,1,2021/12/07 00:00:00+00,1899/12/30 00:00:00+00,8,REGION BIO BIO,8110,TALCAHUANO,32,COLISION LATERAL,30,COLISION,1,URBANA,26,OTROS NO CONSIDERADOS,1,IMPRUDENCIA DEL CONDUCTOR,32,NO RESPETAR DERECHO PREFERENTE DE PASO A VEHICULO,0,ALMIRANTE VILLARROEL,0, ,- ALMIRANTE VILLARROEL,425, , , , ,1,1,2,BIDIRECCIONAL,1,CONCRETO,1,BUENO,1,SECO,1,DESPEJADO,0,0,0,1,1
-8139017.12377768,-4398606.29483798,4033,56484,1401662,-73.1140348,-36.7088841,176,TALCAHUANO,1,54328,2021,1401662,REGION BIO BIO,8110,TALCAHUANO,ALMIRANTE VILLARROEL, ,1195,"ALMIRANTE VILLARROEL 1195, TALCAHUANO",CHILE,RANGE_INTERPOLATED,73822,2021,1401662,1,2021/12/05 00:00:00+00,1899/12/30 00:00:00+00,8,REGION BIO BIO,8110,TALCAHUANO,51,CHOQUE FRONTAL,40,CHOQUE,1,URBANA,1,TRAMO DE VIA RECTA,9,PERDIDA CONTROL VEHICULO,95,PERDIDA CONTROL VEHICULO,0,ALMIRANTE VILLARROEL,0, ,- ALMIRANTE VILLARROEL,1195, , , , ,1,1,2,BIDIRECCIONAL,1,CONCRETO,1,BUENO,1,SECO,1,DESPEJADO,0,0,0,1,0
-8128883.16506527,-4409330.67372457,4034,56485,1390930,-73.0229999,-36.7860784,177,PENCO,2,46488,2021,1390930,REGION BIO BIO,8101,CONCEPCION,CALETERA PENCO, ,450,"CALETERA PENCO 450, CONCEPCION",CHILE,RANGE_INTERPOLATED,63484,2021,1390930,1,2021/10/26 00:00:00+00,1899/12/30 00:00:00+00,8,REGION BIO BIO,8101,CONCEPCION,30,COLISION,30,COLISION,1,URBANA,1,TRAMO DE VIA RECTA,13,CAUSAS NO DETERMINADAS,97,CAUSAS NO DETERMINADAS,0,CALETERA PENCO,0, ,- CALETERA PENCO,450, , , , ,2,2,2,BIDIRECCIONAL,1,CONCRETO,1,BUENO,1,SECO,1,DESPEJADO,0,0,0,0,2
-8128780.71773789,-4409176.51326089,4035,56486,1381069,-73.0220796,-36.7849693,177,PENCO,2,39737,2021,1381069,REGION BIO BIO,8101,CONCEPCION,RUTA 150,1700,0,"RUTA 150 & 1700, CONCEPCION",CHILE,GEOMETRIC_CENTER,54565,2021,1381069,1,2021/09/19 00:00:00+00,1899/12/30 00:00:00+00,8,REGION BIO BIO,8101,CONCEPCION,30,COLISION,30,COLISION,1,URBANA,1,TRAMO DE VIA RECTA,13,CAUSAS NO DETERMINADAS,97,CAUSAS NO DETERMINADAS,0,RUTA 150,0,1700,1700 - RUTA 150,0, , , , ,3,3,2,BIDIRECCIONAL,1,CONCRETO,1,BUENO,1,SECO,1,DESPEJADO,0,0,0,0,2
-8125882.41460755,-4402450.09763644,4036,56487,1337535,-72.9960437,-36.7365608,177,PENCO,1,8709,2021,1337535,REGION BIO BIO,8107,PENCO,FUERTE LA PLANCHADA, ,67,"FUERTE LA PLANCHADA 67, PENCO",CHILE,RANGE_INTERPOLATED,12190,2021,1337535,1,2021/03/04 00:00:00+00,1899/12/30 00:00:00+00,8,REGION BIO BIO,8107,PENCO,31,COLISION FRONTAL,30,COLISION,1,URBANA,1,TRAMO DE VIA RECTA,1,IMPRUDENCIA DEL CONDUCTOR,27,CONDUCCION NO ATENTO CONDICIONES TRANSITO MOMENTO,0,FUERTE LA PLANCHADA,0, ,- FUERTE LA PLANCHADA,67, , , , ,2,0,1,UNIDIRECCIONAL,1,CONCRETO,1,BUENO,1,SECO,1,DESPEJADO,0,0,0,0,4
-8125315.11935051,-4400908.62978401,4037,56488,1374562,-72.9909476,-36.7254629,177,PENCO,1,35727,2021,1374562,REGION BIO BIO,8107,PENCO,CENTRAL DEL SECTOR CERRO VERDE BAJO, ,100,"CENTRAL DEL SECTOR CERRO VERDE BAJO 100, PENCO",CHILE,RANGE_INTERPOLATED,49184,2021,1374562,1,2021/08/28 00:00:00+00,1899/12/30 00:00:00+00,8,REGION BIO BIO,8107,PENCO,32,COLISION LATERAL,30,COLISION,1,URBANA,1,TRAMO DE VIA RECTA,1,IMPRUDENCIA DEL CONDUCTOR,27,CONDUCCION NO ATENTO CONDICIONES TRANSITO MOMENTO,0,CENTRAL DEL SECTOR CERRO VERDE BAJO,0, ,- CENTRAL DEL SECTOR CERRO VERDE BAJO,100, , , , ,2,0,1,UNIDIRECCIONAL,2,ASFALTO,1,BUENO,1,SECO,1,DESPEJADO,0,0,0,1,1
-8124817.1427404,-4400424.04939767,4038,56489,1327407,-72.9864742,-36.7219738,177,PENCO,1,1547,2021,1327407,REGION BIO BIO,8107,PENCO,CENTRAL, ,180,"CENTRAL 180, PENCO",CHILE,RANGE_INTERPOLATED,2134,2021,1327407,1,2021/01/11 00:00:00+00,1899/12/30 00:00:00+00,8,REGION BIO BIO,8107,PENCO,51,CHOQUE FRONTAL,40,CHOQUE,1,URBANA,1,TRAMO DE VIA RECTA,9,PERDIDA CONTROL VEHICULO,95,PERDIDA CONTROL VEHICULO,0,CENTRAL,0, ,- CENTRAL,180, , , , ,2,0,1,UNIDIRECCIONAL,1,CONCRETO,1,BUENO,1,SECO,1,DESPEJADO,0,0,0,0,1
-8121447.90250425,-4388024.68879739,4039,56490,1363872,-72.9562078,-36.6326414,198,TOME,1,28136,2021,1363872,REGION BIO BIO,8111,TOME,LATORRE,CARACOL,0,"LATORRE & CARACOL, TOME",CHILE,GEOMETRIC_CENTER,38867,2021,1363872,1,2021/07/16 00:00:00+00,1899/12/30 00:00:00+00,8,REGION BIO BIO,8111,TOME,63,CHOQUE FRENTE/POSTERIOR,40,CHOQUE,1,URBANA,11,CRUCE CON SEMAFORO FUNCIONANDO,10,DESOBEDIENCIA A SEÑALIZACION,62,SEÑALIZACION DESOBEDECER LUZ ROJA DE SEMAFORO,0,LATORRE,0,CARACOL,CARACOL - LATORRE,0, , , , ,2,2,3,BIDIRECCIONAL CON BANDEJON,1,CONCRETO,1,BUENO,1,SECO,1,DESPEJADO,0,0,0,0,2
-8121403.69753446,-4387852.98288805,4040,56491,1352250,-72.9558107,-36.6314036,198,TOME,1,20234,2021,1352250,REGION BIO BIO,8111,TOME,LATORRE, ,644,"LATORRE 644, TOME",CHILE,RANGE_INTERPOLATED,27876,2021,1352250,1,2021/05/28 00:00:00+00,1899/12/30 00:00:00+00,8,REGION BIO BIO,8111,TOME,33,COLISION POR ALCANCE,30,COLISION,1,URBANA,15,CRUCE CON SEÑAL CEDA EL PASO,1,IMPRUDENCIA DEL CONDUCTOR,31,NO RESPETAR DERECHO PREFERENTE DE PASO A PEATON,0,LATORRE,0, ,- LATORRE,644, , , , ,2,2,3,BIDIRECCIONAL CON BANDEJON,1,CONCRETO,1,BUENO,3,MOJADO,3,LLUVIA,0,0,0,1,2
-8121418.73679767,-4387820.81434655,4041,56492,1359334,-72.9559458,-36.6311717,198,TOME,1,25236,2021,1359334,REGION BIO BIO,8111,TOME,LATORRE, ,651,"LATORRE 651, TOME",CHILE,RANGE_INTERPOLATED,34892,2021,1359334,1,2021/06/29 00:00:00+00,1899/12/30 00:00:00+00,8,REGION BIO BIO,8111,TOME,10,ATROPELLO,10,ATROPELLO,1,URBANA,15,CRUCE CON SEÑAL CEDA EL PASO,1,IMPRUDENCIA DEL CONDUCTOR,31,NO RESPETAR DERECHO PREFERENTE DE PASO A PEATON,0,LATORRE,0, ,- LATORRE,651, , , , ,2,2,3,BIDIRECCIONAL CON BANDEJON,1,CONCRETO,1,BUENO,1,SECO,1,DESPEJADO,0,0,0,1,1
-8121432.03947682,-4387612.24136532,4042,56493,1364168,-72.9560653,-36.6296681,198,TOME,1,28412,2021,1364168,REGION BIO BIO,8111,TOME,LATORRE, ,1133,"LATORRE 1133, TOME",CHILE,RANGE_INTERPOLATED,39253,2021,1364168,1,2021/07/18 00:00:00+00,1899/12/30 00:00:00+00,8,REGION BIO BIO,8111,TOME,34,COLISION PERPENDICULAR,30,COLISION,1,URBANA,21,ENLACE A NIVEL,1,IMPRUDENCIA DEL CONDUCTOR,23,CONDUCCION CONTRA SENTIDO DEL TRANSITO,0,LATORRE,0, ,- LATORRE,1133, , , , ,2,2,3,BIDIRECCIONAL CON BANDEJON,1,CONCRETO,1,BUENO,1,SECO,1,DESPEJADO,0,0,0,0,2
-8121432.03947682,-4387612.24136532,4043,56494,1378621,-72.9560653,-36.6296681,198,TOME,1,38068,2021,1378621,REGION BIO BIO,8111,TOME,LATORRE, ,1171,"LATORRE 1171, TOME",CHILE,RANGE_INTERPOLATED,52297,2021,1378621,1,2021/09/10 00:00:00+00,1899/12/30 00:00:00+00,8,REGION BIO BIO,8111,TOME,63,CHOQUE FRENTE/POSTERIOR,40,CHOQUE,1,URBANA,1,TRAMO DE VIA RECTA,1,IMPRUDENCIA DEL CONDUCTOR,27,CONDUCCION NO ATENTO CONDICIONES TRANSITO MOMENTO,0,LATORRE,0, ,- LATORRE,1171, , , , ,2,2,3,BIDIRECCIONAL CON BANDEJON,1,CONCRETO,1,BUENO,1,SECO,1,DESPEJADO,0,0,1,1,1
-8121390.84013327,-4387190.86311699,4044,56495,1332560,-72.9556952,-36.6266303,198,TOME,1,5894,2021,1332560,REGION BIO BIO,8111,TOME,LATORRE,ECUADOR,0,"LATORRE & ECUADOR, TOME",CHILE,GEOMETRIC_CENTER,8221,2021,1332560,1,2021/02/12 00:00:00+00,1899/12/30 00:00:00+00,8,REGION BIO BIO,8111,TOME,32,COLISION LATERAL,30,COLISION,1,URBANA,1,TRAMO DE VIA RECTA,13,CAUSAS NO DETERMINADAS,97,CAUSAS NO DETERMINADAS,0,LATORRE,0,ECUADOR,ECUADOR - LATORRE,0, , , , ,2,0,1,UNIDIRECCIONAL,1,CONCRETO,1,BUENO,1,SECO,1,DESPEJADO,0,0,0,0,2
-8121390.84013327,-4387190.86311699,4045,56496,1347835,-72.9556952,-36.6266303,198,TOME,1,17061,2021,1347835,REGION BIO BIO,8111,TOME,LATORRE,ECUADOR,0,"LATORRE & ECUADOR, TOME",CHILE,GEOMETRIC_CENTER,23512,2021,1347835,1,2021/05/07 00:00:00+00,1899/12/30 00:00:00+00,8,REGION BIO BIO,8111,TOME,51,CHOQUE FRONTAL,40,CHOQUE,1,URBANA,1,TRAMO DE VIA RECTA,9,PERDIDA CONTROL VEHICULO,95,PERDIDA CONTROL VEHICULO,0,LATORRE,0,ECUADOR,ECUADOR - LATORRE,0, , , , ,2,2,3,BIDIRECCIONAL CON BANDEJON,1,CONCRETO,1,BUENO,1,SECO,1,DESPEJADO,0,0,0,0,1
-8121390.84013327,-4387190.86311699,4046,56497,1368418,-72.9556952,-36.6266303,198,TOME,1,31063,2021,1368418,REGION BIO BIO,8111,TOME,LATORRE,ECUADOR,0,"LATORRE & ECUADOR, TOME",CHILE,GEOMETRIC_CENTER,42930,2021,1368418,1,2021/08/02 00:00:00+00,1899/12/30 00:00:00+00,8,REGION BIO BIO,8111,TOME,63,CHOQUE FRENTE/POSTERIOR,40,CHOQUE,1,URBANA,15,CRUCE CON SEÑAL CEDA EL PASO,10,DESOBEDIENCIA A SEÑALIZACION,64,SEÑALIZACION DESOBEDECER SEÑAL CEDA EL PASO,0,LATORRE,0,ECUADOR,ECUADOR - LATORRE,0, , , , ,2,2,3,BIDIRECCIONAL CON BANDEJON,1,CONCRETO,1,BUENO,1,SECO,1,DESPEJADO,0,0,0,0,2
-8121436.67036763,-4387046.99519769,4047,56498,1342041,-72.9561069,-36.6255931,198,TOME,1,12706,2021,1342041,REGION BIO BIO,8111,TOME,LATORRE, ,166,"LATORRE 166, TOME",CHILE,RANGE_INTERPOLATED,17556,2021,1342041,1,2021/04/03 00:00:00+00,1899/12/30 00:00:00+00,8,REGION BIO BIO,8111,TOME,34,COLISION PERPENDICULAR,30,COLISION,1,URBANA,1,TRAMO DE VIA RECTA,1,IMPRUDENCIA DEL CONDUCTOR,31,NO RESPETAR DERECHO PREFERENTE DE PASO A PEATON,0,LATORRE,0, ,- LATORRE,166, , , , ,2,2,3,BIDIRECCIONAL CON BANDEJON,1,CONCRETO,1,BUENO,1,SECO,1,DESPEJADO,0,0,0,1,1
-8121615.36041425,-4386365.41048458,4048,56499,1346764,-72.9577121,-36.6206791,198,TOME,1,15833,2021,1346764,REGION BIO BIO,8111,TOME,MAIPU,LATORRE,0,"MAIPU & LATORRE, TOME",CHILE,GEOMETRIC_CENTER,21806,2021,1346764,1,2021/04/29 00:00:00+00,1899/12/30 00:00:00+00,8,REGION BIO BIO,8111,TOME,32,COLISION LATERAL,30,COLISION,1,URBANA,14,CRUCE CON SEÑAL PARE,9,PERDIDA CONTROL VEHICULO,95,PERDIDA CONTROL VEHICULO,0,MAIPU,0,LATORRE,LATORRE - MAIPU,0, , , , ,2,2,3,BIDIRECCIONAL CON BANDEJON,1,CONCRETO,1,BUENO,1,SECO,1,DESPEJADO,0,1,0,2,1
-8121615.36041425,-4386365.41048458,4049,56500,1394820,-72.9577121,-36.6206791,198,TOME,1,49355,2021,1394820,REGION BIO BIO,8111,TOME,MAIPU,LATORRE,0,"MAIPU & LATORRE, TOME",CHILE,GEOMETRIC_CENTER,67269,2021,1394820,1,2021/11/10 00:00:00+00,1899/12/30 00:00:00+00,8,REGION BIO BIO,8111,TOME,32,COLISION LATERAL,30,COLISION,1,URBANA,15,CRUCE CON SEÑAL CEDA EL PASO,1,IMPRUDENCIA DEL CONDUCTOR,32,NO RESPETAR DERECHO PREFERENTE DE PASO A VEHICULO,0,MAIPU,0,LATORRE,LATORRE - MAIPU,0, , , , ,1,1,2,BIDIRECCIONAL,1,CONCRETO,1,BUENO,1,SECO,1,DESPEJADO,0,0,0,0,2
-8121608.09125151,-4386356.02062009,4050,56501,1400897,-72.9576468,-36.6206114,198,TOME,1,53479,2021,1400897,REGION BIO BIO,8111,TOME,LATORRE,IGNACIO SERRANO,0,"LATORRE & IGNACIO SERRANO, TOME",CHILE,GEOMETRIC_CENTER,72692,2021,1400897,1,2021/12/01 00:00:00+00,1899/12/30 00:00:00+00,8,REGION BIO BIO,8111,TOME,33,COLISION POR ALCANCE,30,COLISION,1,URBANA,14,CRUCE CON SEÑAL PARE,9,PERDIDA CONTROL VEHICULO,95,PERDIDA CONTROL VEHICULO,0,LATORRE,0,IGNACIO SERRANO,IGNACIO SERRANO - LATORRE,0, , , , ,1,1,2,BIDIRECCIONAL,1,CONCRETO,1,BUENO,1,SECO,1,DESPEJADO,0,0,0,1,2
-8064499.70079338,-4466281.2514177,4051,52186,1390186,-72.4446334,-37.1947067,117,YUMBEL,1,45846,2021,1390186,REGION BIO BIO,8313,YUMBEL,CAMINO LA AGUADA, ,5,"CAMINO LA AGUADA 5, YUMBEL",CHILE,RANGE_INTERPOLATED,62629,2021,1390186,1,2021/10/22 00:00:00+00,1899/12/30 00:00:00+00,8,REGION BIO BIO,8313,YUMBEL,33,COLISION POR ALCANCE,30,COLISION,2,RURAL,1,TRAMO DE VIA RECTA,1,IMPRUDENCIA DEL CONDUCTOR,27,CONDUCCION NO ATENTO CONDICIONES TRANSITO MOMENTO,0,CAMINO LA AGUADA,0, , ,5, , , , ,1,1,2,BIDIRECCIONAL,6,TIERRA,1,BUENO,0, ,1,DESPEJADO,0,0,0,0,2
-8078431.63562878,-4461013.4381551,4052,52187,1408831,-72.5697861,-37.1570016,117,YUMBEL,1,58826,2021,1408831,REGION BIO BIO,8313,YUMBEL,CAMINO LAS TOSCAS, ,7,"CAMINO LAS TOSCAS 7, YUMBEL",CHILE,RANGE_INTERPOLATED,79940,2021,1408831,1,2021/12/28 00:00:00+00,1899/12/30 00:00:00+00,8,REGION BIO BIO,8313,YUMBEL,30,COLISION,30,COLISION,2,RURAL,2,TRAMO DE VIA CURVA HORIZONTAL,7,VELOCIDAD IMPRUDENTE,72,VELOCIDAD NO RAZONABLE NI PRUDENTE,0,CAMINO LAS TOSCAS,0, , ,7, , , , ,1,1,2,BIDIRECCIONAL,5,RIPIO,2,REGULAR,0, ,1,DESPEJADO,0,0,0,1,2
-8075053.90171549,-4459591.50606241,4053,52188,1370074,-72.5394434,-37.1468207,117,YUMBEL,1,30962,2021,1370074,REGION BIO BIO,8313,YUMBEL,TUCAPEL,LAGUNA FLORES,0,"TUCAPEL & LAGUNA FLORES, YUMBEL",CHILE,GEOMETRIC_CENTER,42811,2021,1370074,1,2021/08/02 00:00:00+00,1899/12/30 00:00:00+00,8,REGION BIO BIO,8313,YUMBEL,30,COLISION,30,COLISION,1,URBANA,14,CRUCE CON SEÑAL PARE,10,DESOBEDIENCIA A SEÑALIZACION,65,SEÑALIZACION DESOBEDECER SEÑAL PARE,0,TUCAPEL,0,LAGUNA FLORES,LAGUNA FLORES - TUCAPEL,0, , , , ,1,1,2,BIDIRECCIONAL,2,ASFALTO,1,BUENO,1,SECO,1,DESPEJADO,0,0,0,0,2
-8075352.21568692,-4459572.59648928,4054,52189,1335439,-72.5421232,-37.1466853,117,YUMBEL,1,7450,2021,1335439,REGION BIO BIO,8313,YUMBEL,20 DE ENERO,LA PATAGUA,0,"20 DE ENERO & LA PATAGUA, YUMBEL",CHILE,GEOMETRIC_CENTER,10472,2021,1335439,1,2021/02/24 00:00:00+00,1899/12/30 00:00:00+00,8,REGION BIO BIO,8313,YUMBEL,32,COLISION LATERAL,30,COLISION,1,URBANA,14,CRUCE CON SEÑAL PARE,1,IMPRUDENCIA DEL CONDUCTOR,27,CONDUCCION NO ATENTO CONDICIONES TRANSITO MOMENTO,0,20 DE ENERO,0,LA PATAGUA,20 DE ENERO - LA PATAGUA,0, , , , ,1,1,2,BIDIRECCIONAL,2,ASFALTO,1,BUENO,1,SECO,1,DESPEJADO,0,0,0,1,1
-8074931.91781748,-4459078.51558655,4055,52190,1407338,-72.5383476,-37.1431474,117,YUMBEL,0,57632,2021,1407338,REGION BIO BIO,8206,LOS ALAMOS,IGNACIO CARRERA PINTO, ,665,"IGNACIO CARRERA PINTO 665, LOS ALAMOS",CHILE,RANGE_INTERPOLATED,78256,2021,1407338,1,2021/12/21 00:00:00+00,1899/12/30 00:00:00+00,8,REGION BIO BIO,8206,LOS ALAMOS,33,COLISION POR ALCANCE,30,COLISION,1,URBANA,1,TRAMO DE VIA RECTA,1,IMPRUDENCIA DEL CONDUCTOR,93,CONDUCIR VEHICULO EN RETROCESO,0,IGNACIO CARRERA PINTO,0, ,- IGNACIO CARRERA PINTO,665, , , , ,2,0,1,UNIDIRECCIONAL,2,ASFALTO,1,BUENO,1,SECO,1,DESPEJADO,0,0,0,1,1