X,Y,FID,FID_1,LABELID,POINT_X,POINT_Y,FID_2,COMUNAREAL,VAL_COM,OBJECTID,A_O,IDACCIDENT,REGION,COD_COMUN,COMUNA,CALLE_UNO,CALLE_DOS,NUMERO,DIR_GEOCOD,PAIS,TIPO,OBJECTID_1,Año,Idaccide_1,Claseaccid,Fecha,Hora,Cód_Regi,Región,Cód_Comun,Comuna_1,Cód_Tipo_,Tipo_Accid,Cód_Tipo1,Tipo__CONA,Cód_Zona,Zona,Cód_Ubica,Ubicación,Cód_Causa,Causa__CON,Cód_Cau_1,Causa,Cód_Calle,Calle_Un_1,Cód_Cal_1,Calle_Do_1,Intersecci,Número,Ruta,Cód_Ruta,Ubicaci_1,Km_Vía_Fe,Pistas_de_,Pistas_de1,Cód_Calza,Calzada,Cód__Tipo,Tipo_Calza,Cód_Estad,Estado_Cal,Cód_Condi,Condición,Cód_Est_1,Estado_Atm,Fallecidos,Graves,Menos_Grav,Leves,Ilesos
-8076923.83538989,-4453737.55144738,4056,52191,1331820,-72.5562413,-37.1048925,117,YUMBEL,1,5466,2021,1331820,REGION BIO BIO,8313,YUMBEL,GOYCOLEA,ELEUTERIO RAMIREZ,0,"GOYCOLEA & ELEUTERIO RAMIREZ, YUMBEL",CHILE,GEOMETRIC_CENTER,7635,2021,1331820,1,2021/02/09 00:00:00+00,1899/12/30 00:00:00+00,8,REGION BIO BIO,8313,YUMBEL,51,CHOQUE FRONTAL,40,CHOQUE,1,URBANA,26,OTROS NO CONSIDERADOS,7,VELOCIDAD IMPRUDENTE,72,VELOCIDAD NO RAZONABLE NI PRUDENTE,0,GOYCOLEA,0,ELEUTERIO RAMIREZ,ELEUTERIO RAMIREZ - GOYCOLEA,0, , , , ,1,1,2,BIDIRECCIONAL,1,CONCRETO,1,BUENO,1,SECO,1,DESPEJADO,0,1,0,0,0
-8076760.68554418,-4453702.1959192,4057,52192,1341555,-72.5547757,-37.1046392,117,YUMBEL,1,11111,2021,1341555,REGION BIO BIO,8313,YUMBEL,ELEUTERIO RAMIREZ,PEDRO AGUIRRE CERDA,0,"ELEUTERIO RAMIREZ & PEDRO AGUIRRE CERDA, YUMBEL",CHILE,GEOMETRIC_CENTER,15400,2021,1341555,1,2021/03/20 00:00:00+00,1899/12/30 00:00:00+00,8,REGION BIO BIO,8313,YUMBEL,51,CHOQUE FRONTAL,40,CHOQUE,1,URBANA,15,CRUCE CON SEÑAL CEDA EL PASO,9,PERDIDA CONTROL VEHICULO,95,PERDIDA CONTROL VEHICULO,0,ELEUTERIO RAMIREZ,0,PEDRO AGUIRRE CERDA,ELEUTERIO RAMIREZ - PEDRO AGUIRRE CERDA,0, , , , ,1,1,2,BIDIRECCIONAL,2,ASFALTO,1,BUENO,1,SECO,1,DESPEJADO,0,0,0,0,1
-8077249.86791452,-4453656.06501896,4058,52193,1398422,-72.5591701,-37.1043087,117,YUMBEL,1,51561,2021,1398422,REGION BIO BIO,8313,YUMBEL,PATRICIO PATRITO, ,458,"PATRICIO PATRITO 458, YUMBEL",CHILE,RANGE_INTERPOLATED,70131,2021,1398422,1,2021/11/20 00:00:00+00,1899/12/30 00:00:00+00,8,REGION BIO BIO,8313,YUMBEL,63,CHOQUE FRENTE/POSTERIOR,40,CHOQUE,1,URBANA,1,TRAMO DE VIA RECTA,4,ALCOHOL EN CONDUCTOR,24,CONDUCCION EN ESTADO DE EBRIEDAD,0,PATRICIO PATRITO,0, ,- PATRICIO PATRITO,458, , , , ,1,1,2,BIDIRECCIONAL,2,ASFALTO,1,BUENO,1,SECO,1,DESPEJADO,0,0,0,0,2
-8077560.19325901,-4453652.18472851,4059,52194,1403803,-72.5619578,-37.1042809,117,YUMBEL,1,54238,2021,1403803,REGION BIO BIO,8313,YUMBEL,CAMINO SANTA CRUZ, ,3,"CAMINO SANTA CRUZ 3, YUMBEL",CHILE,RANGE_INTERPOLATED,73691,2021,1403803,1,2021/12/04 00:00:00+00,1899/12/30 00:00:00+00,8,REGION BIO BIO,8313,YUMBEL,30,COLISION,30,COLISION,2,RURAL,2,TRAMO DE VIA CURVA HORIZONTAL,7,VELOCIDAD IMPRUDENTE,72,VELOCIDAD NO RAZONABLE NI PRUDENTE,0,CAMINO SANTA CRUZ,0, , ,3, , , , ,1,1,2,BIDIRECCIONAL,5,RIPIO,2,REGULAR,0, ,1,DESPEJADO,0,0,1,0,1
-8076877.45969002,-4453445.67995863,4060,52195,1408329,-72.5558247,-37.1028014,117,YUMBEL,1,57687,2021,1408329,REGION BIO BIO,8313,YUMBEL,AVIACION, ,230,"AVIACION 230, YUMBEL",CHILE,RANGE_INTERPOLATED,78333,2021,1408329,1,2021/12/22 00:00:00+00,1899/12/30 00:00:00+00,8,REGION BIO BIO,8313,YUMBEL,68,CHOQUE POSTERIOR/LADO,40,CHOQUE,1,URBANA,1,TRAMO DE VIA RECTA,1,IMPRUDENCIA DEL CONDUCTOR,27,CONDUCCION NO ATENTO CONDICIONES TRANSITO MOMENTO,0,AVIACION,0, ,- AVIACION,230, , , , ,1,1,2,BIDIRECCIONAL,2,ASFALTO,1,BUENO,1,SECO,1,DESPEJADO,0,0,0,0,2
-8077018.99129061,-4453273.40265431,4061,52196,1395423,-72.5570961,-37.1015671,117,YUMBEL,1,49632,2021,1395423,REGION BIO BIO,8313,YUMBEL,GOYCOLEA, ,487,"GOYCOLEA 487, YUMBEL",CHILE,RANGE_INTERPOLATED,67614,2021,1395423,1,2021/11/11 00:00:00+00,1899/12/30 00:00:00+00,8,REGION BIO BIO,8313,YUMBEL,63,CHOQUE FRENTE/POSTERIOR,40,CHOQUE,1,URBANA,1,TRAMO DE VIA RECTA,1,IMPRUDENCIA DEL CONDUCTOR,27,CONDUCCION NO ATENTO CONDICIONES TRANSITO MOMENTO,0,GOYCOLEA,0, ,- GOYCOLEA,487, , , , ,1,1,2,BIDIRECCIONAL,2,ASFALTO,1,BUENO,1,SECO,1,DESPEJADO,0,0,0,1,2
-8076838.97654205,-4453241.66362729,4062,52197,1347175,-72.555479,-37.1013397,117,YUMBEL,1,12615,2021,1347175,REGION BIO BIO,8313,YUMBEL,PEDRO AGUIRRE CERDA,ARMADA DE CHILE,0,"PEDRO AGUIRRE CERDA & ARMADA DE CHILE, YUMBEL",CHILE,GEOMETRIC_CENTER,17439,2021,1347175,1,2021/04/02 00:00:00+00,1899/12/30 00:00:00+00,8,REGION BIO BIO,8313,YUMBEL,32,COLISION LATERAL,30,COLISION,1,URBANA,15,CRUCE CON SEÑAL CEDA EL PASO,10,DESOBEDIENCIA A SEÑALIZACION,64,SEÑALIZACION DESOBEDECER SEÑAL CEDA EL PASO,0,PEDRO AGUIRRE CERDA,0,ARMADA DE CHILE,ARMADA DE CHILE - PEDRO AGUIRRE CERDA,0, , , , ,1,1,2,BIDIRECCIONAL,2,ASFALTO,1,BUENO,1,SECO,1,DESPEJADO,0,0,0,0,2
-8077455.7199169,-4453240.82618723,4063,52198,1404464,-72.5610193,-37.1013337,117,YUMBEL,1,55415,2021,1404464,REGION BIO BIO,8313,YUMBEL,LOS CARRERA,O'HIGGINS,0,"LOS CARRERA & O'HIGGINS, YUMBEL",CHILE,GEOMETRIC_CENTER,75277,2021,1404464,1,2021/12/10 00:00:00+00,1899/12/30 00:00:00+00,8,REGION BIO BIO,8313,YUMBEL,10,ATROPELLO,10,ATROPELLO,1,URBANA,15,CRUCE CON SEÑAL CEDA EL PASO,1,IMPRUDENCIA DEL CONDUCTOR,31,NO RESPETAR DERECHO PREFERENTE DE PASO A PEATON,0,LOS CARRERA,0,O'HIGGINS,LOS CARRERA - O'HIGGINS,0, , , , ,1,1,2,BIDIRECCIONAL,1,CONCRETO,1,BUENO,1,SECO,1,DESPEJADO,0,0,0,1,1
-8076672.88786179,-4453215.39595579,4064,52199,1370115,-72.553987,-37.1011515,117,YUMBEL,1,32260,2021,1370115,REGION BIO BIO,8313,YUMBEL,CHORRILLOS, ,462,"CHORRILLOS 462, YUMBEL",CHILE,RANGE_INTERPOLATED,44516,2021,1370115,1,2021/08/08 00:00:00+00,1899/12/30 00:00:00+00,8,REGION BIO BIO,8313,YUMBEL,67,CHOQUE POSTERIOR/FRENTE,40,CHOQUE,1,URBANA,1,TRAMO DE VIA RECTA,1,IMPRUDENCIA DEL CONDUCTOR,27,CONDUCCION NO ATENTO CONDICIONES TRANSITO MOMENTO,0,CHORRILLOS,0, ,- CHORRILLOS,462, , , , ,1,1,2,BIDIRECCIONAL,1,CONCRETO,1,BUENO,1,SECO,1,DESPEJADO,0,0,0,0,2
-8077653.17842966,-4453053.869355,4065,52200,1387915,-72.5627931,-37.0999942,117,YUMBEL,1,43225,2021,1387915,REGION BIO BIO,8313,YUMBEL,GENERAL CRUZ, ,680,"GENERAL CRUZ 680, YUMBEL",CHILE,RANGE_INTERPOLATED,59120,2021,1387915,1,2021/10/08 00:00:00+00,1899/12/30 00:00:00+00,8,REGION BIO BIO,8313,YUMBEL,32,COLISION LATERAL,30,COLISION,1,URBANA,1,TRAMO DE VIA RECTA,1,IMPRUDENCIA DEL CONDUCTOR,27,CONDUCCION NO ATENTO CONDICIONES TRANSITO MOMENTO,0,GENERAL CRUZ,0, ,- GENERAL CRUZ,680, , , , ,2,0,1,UNIDIRECCIONAL,1,CONCRETO,1,BUENO,1,SECO,1,DESPEJADO,0,0,0,0,2
-8077800.37619234,-4453031.3426407,4066,52201,1331812,-72.5641154,-37.0998328,117,YUMBEL,1,5160,2021,1331812,REGION BIO BIO,8313,YUMBEL,QUINTANA,O'CARROL,0,"QUINTANA & O'CARROL, YUMBEL",CHILE,GEOMETRIC_CENTER,7213,2021,1331812,1,2021/02/07 00:00:00+00,1899/12/30 00:00:00+00,8,REGION BIO BIO,8313,YUMBEL,31,COLISION FRONTAL,30,COLISION,1,URBANA,26,OTROS NO CONSIDERADOS,1,IMPRUDENCIA DEL CONDUCTOR,23,CONDUCCION CONTRA SENTIDO DEL TRANSITO,0,QUINTANA,0,O'CARROL,O'CARROL - QUINTANA,0, , , , ,2,0,1,UNIDIRECCIONAL,1,CONCRETO,1,BUENO,1,SECO,1,DESPEJADO,0,0,0,3,2
-8077329.72851722,-4452981.20901011,4067,52202,1380814,-72.5598875,-37.0994736,117,YUMBEL,1,39408,2021,1380814,REGION BIO BIO,8313,YUMBEL,ANIBAL PINTO,URIZAR,0,"ANIBAL PINTO & URIZAR, YUMBEL",CHILE,GEOMETRIC_CENTER,54122,2021,1380814,1,2021/09/17 00:00:00+00,1899/12/30 00:00:00+00,8,REGION BIO BIO,8313,YUMBEL,30,COLISION,30,COLISION,1,URBANA,16,CRUCE SIN SEÑALIZACION,1,IMPRUDENCIA DEL CONDUCTOR,27,CONDUCCION NO ATENTO CONDICIONES TRANSITO MOMENTO,0,ANIBAL PINTO,0,URIZAR,ANIBAL PINTO - URIZAR,0, , , , ,1,1,2,BIDIRECCIONAL,1,CONCRETO,1,BUENO,1,SECO,1,DESPEJADO,0,0,0,2,1
-8077354.1520135,-4452890.68435386,4068,52203,1332585,-72.5601069,-37.098825,117,YUMBEL,1,6367,2021,1332585,REGION BIO BIO,8313,YUMBEL,ANIBAL PINTO, ,734,"ANIBAL PINTO 734, YUMBEL",CHILE,RANGE_INTERPOLATED,8896,2021,1332585,1,2021/02/16 00:00:00+00,1899/12/30 00:00:00+00,8,REGION BIO BIO,8313,YUMBEL,65,CHOQUE LADO/LADO,40,CHOQUE,1,URBANA,1,TRAMO DE VIA RECTA,1,IMPRUDENCIA DEL CONDUCTOR,27,CONDUCCION NO ATENTO CONDICIONES TRANSITO MOMENTO,0,ANIBAL PINTO,0, ,- ANIBAL PINTO,734, , , , ,1,1,2,BIDIRECCIONAL,1,CONCRETO,1,BUENO,1,SECO,1,DESPEJADO,0,0,1,0,1
-8077665.01169154,-4452860.59338166,4069,52204,1339483,-72.5628994,-37.0986094,117,YUMBEL,1,10358,2021,1339483,REGION BIO BIO,8313,YUMBEL,GENERAL CRUZ,VALDIVIA,0,"GENERAL CRUZ & VALDIVIA, YUMBEL",CHILE,GEOMETRIC_CENTER,14425,2021,1339483,1,2021/03/15 00:00:00+00,1899/12/30 00:00:00+00,8,REGION BIO BIO,8313,YUMBEL,32,COLISION LATERAL,30,COLISION,1,URBANA,15,CRUCE CON SEÑAL CEDA EL PASO,1,IMPRUDENCIA DEL CONDUCTOR,27,CONDUCCION NO ATENTO CONDICIONES TRANSITO MOMENTO,0,GENERAL CRUZ,0,VALDIVIA,GENERAL CRUZ - VALDIVIA,0, , , , ,2,0,1,UNIDIRECCIONAL,1,CONCRETO,1,BUENO,1,SECO,1,DESPEJADO,0,0,0,0,2
-8077665.01169154,-4452860.59338166,4070,52205,1343078,-72.5628994,-37.0986094,117,YUMBEL,1,13529,2021,1343078,REGION BIO BIO,8313,YUMBEL,GENERAL CRUZ,VALDIVIA,0,"GENERAL CRUZ & VALDIVIA, YUMBEL",CHILE,GEOMETRIC_CENTER,18687,2021,1343078,1,2021/04/10 00:00:00+00,1899/12/30 00:00:00+00,8,REGION BIO BIO,8313,YUMBEL,32,COLISION LATERAL,30,COLISION,1,URBANA,15,CRUCE CON SEÑAL CEDA EL PASO,10,DESOBEDIENCIA A SEÑALIZACION,64,SEÑALIZACION DESOBEDECER SEÑAL CEDA EL PASO,0,GENERAL CRUZ,0,VALDIVIA,GENERAL CRUZ - VALDIVIA,0, , , , ,2,0,1,UNIDIRECCIONAL,1,CONCRETO,1,BUENO,1,SECO,1,DESPEJADO,0,0,0,1,1
-8077665.01169154,-4452860.59338166,4071,52206,1343737,-72.5628994,-37.0986094,117,YUMBEL,1,14162,2021,1343737,REGION BIO BIO,8313,YUMBEL,VALDIVIA,GENERAL CRUZ,0,"VALDIVIA & GENERAL CRUZ, YUMBEL",CHILE,GEOMETRIC_CENTER,19549,2021,1343737,1,2021/04/16 00:00:00+00,1899/12/30 00:00:00+00,8,REGION BIO BIO,8313,YUMBEL,32,COLISION LATERAL,30,COLISION,1,URBANA,15,CRUCE CON SEÑAL CEDA EL PASO,4,ALCOHOL EN CONDUCTOR,24,CONDUCCION EN ESTADO DE EBRIEDAD,0,VALDIVIA,0,GENERAL CRUZ,GENERAL CRUZ - VALDIVIA,0, , , , ,2,0,1,UNIDIRECCIONAL,1,CONCRETO,1,BUENO,1,SECO,1,DESPEJADO,0,0,0,1,1
-8077665.01169154,-4452860.59338166,4072,52207,1388019,-72.5628994,-37.0986094,117,YUMBEL,1,44371,2021,1388019,REGION BIO BIO,8313,YUMBEL,VALDIVIA,GENERAL CRUZ,0,"VALDIVIA & GENERAL CRUZ, YUMBEL",CHILE,GEOMETRIC_CENTER,60659,2021,1388019,1,2021/10/14 00:00:00+00,1899/12/30 00:00:00+00,8,REGION BIO BIO,8313,YUMBEL,63,CHOQUE FRENTE/POSTERIOR,40,CHOQUE,1,URBANA,15,CRUCE CON SEÑAL CEDA EL PASO,1,IMPRUDENCIA DEL CONDUCTOR,27,CONDUCCION NO ATENTO CONDICIONES TRANSITO MOMENTO,0,VALDIVIA,0,GENERAL CRUZ,GENERAL CRUZ - VALDIVIA,0, , , , ,2,0,1,UNIDIRECCIONAL,1,CONCRETO,1,BUENO,1,SECO,1,DESPEJADO,0,0,0,0,2
-8077542.00365421,-4452856.07136911,4073,52208,1403878,-72.5617944,-37.098577,117,YUMBEL,1,54350,2021,1403878,REGION BIO BIO,8313,YUMBEL,VALDIVIA, ,516,"VALDIVIA 516, YUMBEL",CHILE,RANGE_INTERPOLATED,73859,2021,1403878,1,2021/12/05 00:00:00+00,1899/12/30 00:00:00+00,8,REGION BIO BIO,8313,YUMBEL,33,COLISION POR ALCANCE,30,COLISION,1,URBANA,1,TRAMO DE VIA RECTA,4,ALCOHOL EN CONDUCTOR,24,CONDUCCION EN ESTADO DE EBRIEDAD,0,VALDIVIA,0, ,- VALDIVIA,516, , , , ,2,0,1,UNIDIRECCIONAL,1,CONCRETO,1,BUENO,1,SECO,1,DESPEJADO,0,0,0,0,2
-8077527.15363414,-4452855.76431895,4074,52209,1375130,-72.561661,-37.0985748,117,YUMBEL,1,35218,2021,1375130,REGION BIO BIO,8313,YUMBEL,VALDIVIA, ,510,"VALDIVIA 510, YUMBEL",CHILE,RANGE_INTERPOLATED,48517,2021,1375130,1,2021/08/25 00:00:00+00,1899/12/30 00:00:00+00,8,REGION BIO BIO,8313,YUMBEL,30,COLISION,30,COLISION,1,URBANA,1,TRAMO DE VIA RECTA,1,IMPRUDENCIA DEL CONDUCTOR,27,CONDUCCION NO ATENTO CONDICIONES TRANSITO MOMENTO,0,VALDIVIA,0, ,- VALDIVIA,510, , , , ,2,0,1,UNIDIRECCIONAL,1,CONCRETO,1,BUENO,1,SECO,2,NUBLADO,0,0,0,0,2
-8077075.12970982,-4452848.54864266,4075,52210,1395432,-72.5576004,-37.0985231,117,YUMBEL,1,49850,2021,1395432,REGION BIO BIO,8313,YUMBEL,GOYCOLEA,LOS MAITENES,0,"GOYCOLEA & LOS MAITENES, YUMBEL",CHILE,GEOMETRIC_CENTER,67888,2021,1395432,1,2021/11/12 00:00:00+00,1899/12/30 00:00:00+00,8,REGION BIO BIO,8313,YUMBEL,33,COLISION POR ALCANCE,30,COLISION,1,URBANA,15,CRUCE CON SEÑAL CEDA EL PASO,1,IMPRUDENCIA DEL CONDUCTOR,15,"ADELANTAMIENTO EN CRUCE, CURVA, CUESTA, PUENTE",0,GOYCOLEA,0,LOS MAITENES,GOYCOLEA - LOS MAITENES,0, , , , ,1,1,2,BIDIRECCIONAL,2,ASFALTO,1,BUENO,1,SECO,1,DESPEJADO,0,0,0,1,1
-8077507.22744529,-4452842.99383139,4076,52211,1326241,-72.561482,-37.0984833,117,YUMBEL,1,2294,2021,1326241,REGION BIO BIO,8313,YUMBEL,VALDIVIA,O'HIGGINS,0,"VALDIVIA & O'HIGGINS, YUMBEL",CHILE,GEOMETRIC_CENTER,3149,2021,1326241,1,2021/01/16 00:00:00+00,1899/12/30 00:00:00+00,8,REGION BIO BIO,8313,YUMBEL,65,CHOQUE LADO/LADO,40,CHOQUE,1,URBANA,14,CRUCE CON SEÑAL PARE,1,IMPRUDENCIA DEL CONDUCTOR,27,CONDUCCION NO ATENTO CONDICIONES TRANSITO MOMENTO,0,VALDIVIA,0,O'HIGGINS,O'HIGGINS - VALDIVIA,0, , , , ,2,0,1,UNIDIRECCIONAL,1,CONCRETO,1,BUENO,1,SECO,1,DESPEJADO,0,0,0,0,2
-8077348.38566387,-4452819.3370673,4077,52212,1387973,-72.5600551,-37.0983138,117,YUMBEL,1,43937,2021,1387973,REGION BIO BIO,8313,YUMBEL,ANIBAL PINTO,VALDIVIA,0,"ANIBAL PINTO & VALDIVIA, YUMBEL",CHILE,GEOMETRIC_CENTER,60124,2021,1387973,1,2021/10/12 00:00:00+00,1899/12/30 00:00:00+00,8,REGION BIO BIO,8313,YUMBEL,67,CHOQUE POSTERIOR/FRENTE,40,CHOQUE,1,URBANA,14,CRUCE CON SEÑAL PARE,1,IMPRUDENCIA DEL CONDUCTOR,27,CONDUCCION NO ATENTO CONDICIONES TRANSITO MOMENTO,0,ANIBAL PINTO,0,VALDIVIA,ANIBAL PINTO - VALDIVIA,0, , , , ,2,0,1,UNIDIRECCIONAL,1,CONCRETO,1,BUENO,1,SECO,1,DESPEJADO,0,0,0,0,2
-8077103.72768701,-4452773.50310979,4078,52213,1387954,-72.5578573,-37.0979854,117,YUMBEL,1,43703,2021,1387954,REGION BIO BIO,8313,YUMBEL,VALDIVIA,GOYCOLEA,0,"VALDIVIA & GOYCOLEA, YUMBEL",CHILE,GEOMETRIC_CENTER,59783,2021,1387954,1,2021/10/10 00:00:00+00,1899/12/30 00:00:00+00,8,REGION BIO BIO,8313,YUMBEL,32,COLISION LATERAL,30,COLISION,1,URBANA,15,CRUCE CON SEÑAL CEDA EL PASO,10,DESOBEDIENCIA A SEÑALIZACION,64,SEÑALIZACION DESOBEDECER SEÑAL CEDA EL PASO,0,VALDIVIA,0,GOYCOLEA,GOYCOLEA - VALDIVIA,0, , , , ,2,0,1,UNIDIRECCIONAL,1,CONCRETO,1,BUENO,1,SECO,1,DESPEJADO,0,0,0,1,1
-8077103.72768701,-4452773.50310979,4079,52214,1398226,-72.5578573,-37.0979854,117,YUMBEL,1,50917,2021,1398226,REGION BIO BIO,8313,YUMBEL,VALDIVIA,GOYCOLEA,0,"VALDIVIA & GOYCOLEA, YUMBEL",CHILE,GEOMETRIC_CENTER,69307,2021,1398226,1,2021/11/17 00:00:00+00,1899/12/30 00:00:00+00,8,REGION BIO BIO,8313,YUMBEL,32,COLISION LATERAL,30,COLISION,1,URBANA,15,CRUCE CON SEÑAL CEDA EL PASO,10,DESOBEDIENCIA A SEÑALIZACION,64,SEÑALIZACION DESOBEDECER SEÑAL CEDA EL PASO,0,VALDIVIA,0,GOYCOLEA,GOYCOLEA - VALDIVIA,0, , , , ,2,0,1,UNIDIRECCIONAL,1,CONCRETO,1,BUENO,1,SECO,1,DESPEJADO,0,0,0,2,1
-8077019.65920756,-4452772.09348148,4080,52215,1346222,-72.5571021,-37.0979753,117,YUMBEL,1,15094,2021,1346222,REGION BIO BIO,8313,YUMBEL,VALDIVIA, ,230,"VALDIVIA 230, YUMBEL",CHILE,RANGE_INTERPOLATED,20806,2021,1346222,1,2021/04/23 00:00:00+00,1899/12/30 00:00:00+00,8,REGION BIO BIO,8313,YUMBEL,30,COLISION,30,COLISION,1,URBANA,1,TRAMO DE VIA RECTA,1,IMPRUDENCIA DEL CONDUCTOR,27,CONDUCCION NO ATENTO CONDICIONES TRANSITO MOMENTO,0,VALDIVIA,0, ,- VALDIVIA,230, , , , ,2,0,1,UNIDIRECCIONAL,1,CONCRETO,1,BUENO,1,SECO,1,DESPEJADO,0,0,0,0,2
-8077831.85734434,-4452717.4809967,4081,52216,1335436,-72.5643982,-37.097584,117,YUMBEL,1,7258,2021,1335436,REGION BIO BIO,8313,YUMBEL,QUINTANA,CASTELLON,0,"QUINTANA & CASTELLON, YUMBEL",CHILE,GEOMETRIC_CENTER,10212,2021,1335436,1,2021/02/23 00:00:00+00,1899/12/30 00:00:00+00,8,REGION BIO BIO,8313,YUMBEL,32,COLISION LATERAL,30,COLISION,1,URBANA,14,CRUCE CON SEÑAL PARE,10,DESOBEDIENCIA A SEÑALIZACION,65,SEÑALIZACION DESOBEDECER SEÑAL PARE,0,QUINTANA,0,CASTELLON,CASTELLON - QUINTANA,0, , , , ,2,0,1,UNIDIRECCIONAL,1,CONCRETO,1,BUENO,1,SECO,1,DESPEJADO,0,0,0,2,1
-8077831.85734434,-4452717.4809967,4082,52217,1367901,-72.5643982,-37.097584,117,YUMBEL,1,30214,2021,1367901,REGION BIO BIO,8313,YUMBEL,CASTELLON,QUINTANA,0,"CASTELLON & QUINTANA, YUMBEL",CHILE,GEOMETRIC_CENTER,41765,2021,1367901,1,2021/07/28 00:00:00+00,1899/12/30 00:00:00+00,8,REGION BIO BIO,8313,YUMBEL,32,COLISION LATERAL,30,COLISION,1,URBANA,14,CRUCE CON SEÑAL PARE,10,DESOBEDIENCIA A SEÑALIZACION,65,SEÑALIZACION DESOBEDECER SEÑAL PARE,0,CASTELLON,0,QUINTANA,CASTELLON - QUINTANA,0, , , , ,2,0,1,UNIDIRECCIONAL,1,CONCRETO,1,BUENO,1,SECO,1,DESPEJADO,0,0,0,0,2
-8077523.85857721,-4452688.49308909,4083,52218,1398455,-72.5616314,-37.0973763,117,YUMBEL,1,52331,2021,1398455,REGION BIO BIO,8313,YUMBEL,O'HIGGINS,CASTELLON,0,"O'HIGGINS & CASTELLON, YUMBEL",CHILE,GEOMETRIC_CENTER,71141,2021,1398455,1,2021/11/24 00:00:00+00,1899/12/30 00:00:00+00,8,REGION BIO BIO,8313,YUMBEL,32,COLISION LATERAL,30,COLISION,1,URBANA,14,CRUCE CON SEÑAL PARE,10,DESOBEDIENCIA A SEÑALIZACION,65,SEÑALIZACION DESOBEDECER SEÑAL PARE,0,O'HIGGINS,0,CASTELLON,CASTELLON - O'HIGGINS,0, , , , ,2,0,1,UNIDIRECCIONAL,1,CONCRETO,1,BUENO,1,SECO,1,DESPEJADO,0,1,0,0,1
-8077127.76156507,-4452632.44351331,4084,52219,1338061,-72.5580732,-37.0969747,117,YUMBEL,1,9887,2021,1338061,REGION BIO BIO,8313,YUMBEL,CASTELLON,GOYCOLEA,0,"CASTELLON & GOYCOLEA, YUMBEL",CHILE,GEOMETRIC_CENTER,13760,2021,1338061,1,2021/03/11 00:00:00+00,1899/12/30 00:00:00+00,8,REGION BIO BIO,8313,YUMBEL,32,COLISION LATERAL,30,COLISION,1,URBANA,15,CRUCE CON SEÑAL CEDA EL PASO,1,IMPRUDENCIA DEL CONDUCTOR,23,CONDUCCION CONTRA SENTIDO DEL TRANSITO,0,CASTELLON,0,GOYCOLEA,CASTELLON - GOYCOLEA,0, , , , ,2,0,1,UNIDIRECCIONAL,1,CONCRETO,1,BUENO,1,SECO,1,DESPEJADO,0,0,0,1,1
-8077127.76156507,-4452632.44351331,4085,52220,1401678,-72.5580732,-37.0969747,117,YUMBEL,1,53485,2021,1401678,REGION BIO BIO,8313,YUMBEL,GOYCOLEA,CASTELLON,0,"GOYCOLEA & CASTELLON, YUMBEL",CHILE,GEOMETRIC_CENTER,72700,2021,1401678,1,2021/12/01 00:00:00+00,1899/12/30 00:00:00+00,8,REGION BIO BIO,8313,YUMBEL,10,ATROPELLO,10,ATROPELLO,1,URBANA,15,CRUCE CON SEÑAL CEDA EL PASO,10,DESOBEDIENCIA A SEÑALIZACION,66,SEÑALIZACION DESOBEDECER OTRA,0,GOYCOLEA,0,CASTELLON,CASTELLON - GOYCOLEA,0, , , , ,1,1,2,BIDIRECCIONAL,2,ASFALTO,1,BUENO,1,SECO,1,DESPEJADO,0,1,0,0,1
-8077857.06007705,-4452562.01909399,4086,52221,1349265,-72.5646246,-37.0964701,117,YUMBEL,1,17769,2021,1349265,REGION BIO BIO,8313,YUMBEL,QUINTANA,QUEZADA,0,"QUINTANA & QUEZADA, YUMBEL",CHILE,GEOMETRIC_CENTER,24462,2021,1349265,1,2021/05/12 00:00:00+00,1899/12/30 00:00:00+00,8,REGION BIO BIO,8313,YUMBEL,32,COLISION LATERAL,30,COLISION,1,URBANA,15,CRUCE CON SEÑAL CEDA EL PASO,10,DESOBEDIENCIA A SEÑALIZACION,64,SEÑALIZACION DESOBEDECER SEÑAL CEDA EL PASO,0,QUINTANA,0,QUEZADA,QUEZADA - QUINTANA,0, , , , ,1,1,2,BIDIRECCIONAL,1,CONCRETO,1,BUENO,1,SECO,1,DESPEJADO,0,0,0,2,1
-8076773.33143833,-4452559.5906741,4087,52222,1364905,-72.5548893,-37.0964527,117,YUMBEL,1,26299,2021,1364905,REGION BIO BIO,8313,YUMBEL,CHORRILLOS, ,850,"CHORRILLOS 850, YUMBEL",CHILE,RANGE_INTERPOLATED,36291,2021,1364905,1,2021/07/06 00:00:00+00,1899/12/30 00:00:00+00,8,REGION BIO BIO,8313,YUMBEL,65,CHOQUE LADO/LADO,40,CHOQUE,1,URBANA,1,TRAMO DE VIA RECTA,1,IMPRUDENCIA DEL CONDUCTOR,27,CONDUCCION NO ATENTO CONDICIONES TRANSITO MOMENTO,0,CHORRILLOS,0, ,- CHORRILLOS,850, , , , ,1,1,2,BIDIRECCIONAL,6,TIERRA,1,BUENO,0, ,1,DESPEJADO,0,0,0,0,2
-8077190.87971635,-4452301.63704088,4088,52223,1333547,-72.5586402,-37.0946044,117,YUMBEL,1,6696,2021,1333547,REGION BIO BIO,8313,YUMBEL,GOYCOLEA,20 DE ENERO,0,"GOYCOLEA & 20 DE ENERO, YUMBEL",CHILE,GEOMETRIC_CENTER,9393,2021,1333547,1,2021/02/18 00:00:00+00,1899/12/30 00:00:00+00,8,REGION BIO BIO,8313,YUMBEL,51,CHOQUE FRONTAL,40,CHOQUE,1,URBANA,14,CRUCE CON SEÑAL PARE,9,PERDIDA CONTROL VEHICULO,95,PERDIDA CONTROL VEHICULO,0,GOYCOLEA,0,20 DE ENERO,20 DE ENERO - GOYCOLEA,0, , , , ,1,1,2,BIDIRECCIONAL,2,ASFALTO,1,BUENO,1,SECO,1,DESPEJADO,0,0,0,1,0