X,Y,FID,FID_1,LABELID,POINT_X,POINT_Y,FID_2,COMUNAREAL,VAL_COM,OBJECTID,A_O,IDACCIDENT,REGION,COD_COMUN,COMUNA,CALLE_UNO,CALLE_DOS,NUMERO,DIR_GEOCOD,PAIS,TIPO,OBJECTID_1,Año,Idaccide_1,Claseaccid,Fecha,Hora,Cód_Regi,Región,Cód_Comun,Comuna_1,Cód_Tipo_,Tipo_Accid,Cód_Tipo1,Tipo__CONA,Cód_Zona,Zona,Cód_Ubica,Ubicación,Cód_Causa,Causa__CON,Cód_Cau_1,Causa,Cód_Calle,Calle_Un_1,Cód_Cal_1,Calle_Do_1,Intersecci,Número,Ruta,Cód_Ruta,Ubicaci_1,Km_Vía_Fe,Pistas_de_,Pistas_de1,Cód_Calza,Calzada,Cód__Tipo,Tipo_Calza,Cód_Estad,Estado_Cal,Cód_Condi,Condición,Cód_Est_1,Estado_Atm,Fallecidos,Graves,Menos_Grav,Leves,Ilesos
-8077911.31719687,-4452240.50952542,4089,52224,1357885,-72.565112,-37.0941664,117,YUMBEL,1,23039,2021,1357885,REGION BIO BIO,8313,YUMBEL,QUINTANA,PRADENAS,0,"QUINTANA & PRADENAS, YUMBEL",CHILE,GEOMETRIC_CENTER,31740,2021,1357885,1,2021/06/14 00:00:00+00,1899/12/30 00:00:00+00,8,REGION BIO BIO,8313,YUMBEL,32,COLISION LATERAL,30,COLISION,1,URBANA,15,CRUCE CON SEÑAL CEDA EL PASO,10,DESOBEDIENCIA A SEÑALIZACION,64,SEÑALIZACION DESOBEDECER SEÑAL CEDA EL PASO,0,QUINTANA,0,PRADENAS,PRADENAS - QUINTANA,0, , , , ,1,1,2,BIDIRECCIONAL,1,CONCRETO,1,BUENO,1,SECO,1,DESPEJADO,0,0,0,1,1
-8077742.72382806,-4452222.04573579,4090,52225,1393218,-72.5635975,-37.0940341,117,YUMBEL,1,47999,2021,1393218,REGION BIO BIO,8313,YUMBEL,GENERAL CRUZ,PRADENAS,0,"GENERAL CRUZ & PRADENAS, YUMBEL",CHILE,GEOMETRIC_CENTER,65481,2021,1393218,1,2021/11/03 00:00:00+00,1899/12/30 00:00:00+00,8,REGION BIO BIO,8313,YUMBEL,10,ATROPELLO,10,ATROPELLO,1,URBANA,15,CRUCE CON SEÑAL CEDA EL PASO,1,IMPRUDENCIA DEL CONDUCTOR,27,CONDUCCION NO ATENTO CONDICIONES TRANSITO MOMENTO,0,GENERAL CRUZ,0,PRADENAS,GENERAL CRUZ - PRADENAS,0, , , , ,2,0,1,UNIDIRECCIONAL,1,CONCRETO,1,BUENO,1,SECO,2,NUBLADO,0,2,0,0,2
-8078092.92381414,-4452099.31748019,4091,52226,1387943,-72.5667434,-37.0931547,117,YUMBEL,1,43630,2021,1387943,REGION BIO BIO,8313,YUMBEL,BAQUEDANO,ARTURO PRAT,0,"BAQUEDANO & ARTURO PRAT, YUMBEL",CHILE,GEOMETRIC_CENTER,59682,2021,1387943,1,2021/10/10 00:00:00+00,1899/12/30 00:00:00+00,8,REGION BIO BIO,8313,YUMBEL,32,COLISION LATERAL,30,COLISION,1,URBANA,15,CRUCE CON SEÑAL CEDA EL PASO,10,DESOBEDIENCIA A SEÑALIZACION,64,SEÑALIZACION DESOBEDECER SEÑAL CEDA EL PASO,0,BAQUEDANO,0,ARTURO PRAT,ARTURO PRAT - BAQUEDANO,0, , , , ,1,1,2,BIDIRECCIONAL,2,ASFALTO,1,BUENO,1,SECO,1,DESPEJADO,0,0,0,1,1
-8077935.61824171,-4452080.17010275,4092,52227,1380799,-72.5653303,-37.0930175,117,YUMBEL,1,39031,2021,1380799,REGION BIO BIO,8313,YUMBEL,QUINTANA,BAQUEDANO,0,"QUINTANA & BAQUEDANO, YUMBEL",CHILE,GEOMETRIC_CENTER,53601,2021,1380799,1,2021/09/15 00:00:00+00,1899/12/30 00:00:00+00,8,REGION BIO BIO,8313,YUMBEL,30,COLISION,30,COLISION,1,URBANA,15,CRUCE CON SEÑAL CEDA EL PASO,1,IMPRUDENCIA DEL CONDUCTOR,23,CONDUCCION CONTRA SENTIDO DEL TRANSITO,0,QUINTANA,0,BAQUEDANO,BAQUEDANO - QUINTANA,0, , , , ,1,1,2,BIDIRECCIONAL,1,CONCRETO,1,BUENO,1,SECO,1,DESPEJADO,0,0,0,0,2
-8077957.85987597,-4451919.62377718,4093,52228,1341552,-72.5655301,-37.0918671,117,YUMBEL,1,10979,2021,1341552,REGION BIO BIO,8313,YUMBEL,QUINTANA,SERRANO,0,"QUINTANA & SERRANO, YUMBEL",CHILE,GEOMETRIC_CENTER,15237,2021,1341552,1,2021/03/19 00:00:00+00,1899/12/30 00:00:00+00,8,REGION BIO BIO,8313,YUMBEL,67,CHOQUE POSTERIOR/FRENTE,40,CHOQUE,1,URBANA,15,CRUCE CON SEÑAL CEDA EL PASO,1,IMPRUDENCIA DEL CONDUCTOR,27,CONDUCCION NO ATENTO CONDICIONES TRANSITO MOMENTO,0,QUINTANA,0,SERRANO,QUINTANA - SERRANO,0, , , , ,1,1,2,BIDIRECCIONAL,1,CONCRETO,1,BUENO,1,SECO,1,DESPEJADO,0,0,0,0,2
-8077978.82133608,-4451868.15568663,4094,52229,1341770,-72.5657184,-37.0914983,117,YUMBEL,1,12135,2021,1341770,REGION BIO BIO,8313,YUMBEL,QUINTANA, ,1750,"QUINTANA 1750, YUMBEL",CHILE,RANGE_INTERPOLATED,16794,2021,1341770,1,2021/03/29 00:00:00+00,1899/12/30 00:00:00+00,8,REGION BIO BIO,8313,YUMBEL,62,CHOQUE FRENTE/LADO,40,CHOQUE,1,URBANA,1,TRAMO DE VIA RECTA,1,IMPRUDENCIA DEL CONDUCTOR,27,CONDUCCION NO ATENTO CONDICIONES TRANSITO MOMENTO,0,QUINTANA,0, ,- QUINTANA,1750, , , , ,1,1,2,BIDIRECCIONAL,1,CONCRETO,1,BUENO,1,SECO,1,DESPEJADO,0,0,0,0,2
-8077787.06238124,-4451865.49018225,4095,52230,1357892,-72.5639958,-37.0914792,117,YUMBEL,1,23999,2021,1357892,REGION BIO BIO,8313,YUMBEL,GENERAL CRUZ, ,1380,"GENERAL CRUZ 1380, YUMBEL",CHILE,RANGE_INTERPOLATED,33076,2021,1357892,1,2021/06/21 00:00:00+00,1899/12/30 00:00:00+00,8,REGION BIO BIO,8313,YUMBEL,32,COLISION LATERAL,30,COLISION,1,URBANA,1,TRAMO DE VIA RECTA,1,IMPRUDENCIA DEL CONDUCTOR,27,CONDUCCION NO ATENTO CONDICIONES TRANSITO MOMENTO,0,GENERAL CRUZ,0, ,- GENERAL CRUZ,1380, , , , ,2,0,1,UNIDIRECCIONAL,1,CONCRETO,1,BUENO,1,SECO,2,NUBLADO,0,0,0,0,2
-8077788.37595123,-4451855.44221368,4096,52231,1370111,-72.5640076,-37.0914072,117,YUMBEL,1,32190,2021,1370111,REGION BIO BIO,8313,YUMBEL,GENERAL CRUZ, ,1401,"GENERAL CRUZ 1401, YUMBEL",CHILE,RANGE_INTERPOLATED,44416,2021,1370111,1,2021/08/08 00:00:00+00,1899/12/30 00:00:00+00,8,REGION BIO BIO,8313,YUMBEL,51,CHOQUE FRONTAL,40,CHOQUE,1,URBANA,1,TRAMO DE VIA RECTA,8,DROGAS Y/O FATIGA EN CONDUCTOR,25,"CONDICIONES FISICAS DEFICIENTES (CANSANCIO, SUEÑO)",0,GENERAL CRUZ,0, ,- GENERAL CRUZ,1401, , , , ,2,0,1,UNIDIRECCIONAL,1,CONCRETO,1,BUENO,1,SECO,1,DESPEJADO,0,0,0,2,0
-8077807.05536179,-4451712.45507327,4097,52232,1384682,-72.5641754,-37.0903826,117,YUMBEL,1,42509,2021,1384682,REGION BIO BIO,8313,YUMBEL,BALMACEDA,GENERAL CRUZ,0,"BALMACEDA & GENERAL CRUZ, YUMBEL",CHILE,GEOMETRIC_CENTER,58237,2021,1384682,1,2021/10/04 00:00:00+00,1899/12/30 00:00:00+00,8,REGION BIO BIO,8313,YUMBEL,30,COLISION,30,COLISION,1,URBANA,15,CRUCE CON SEÑAL CEDA EL PASO,10,DESOBEDIENCIA A SEÑALIZACION,64,SEÑALIZACION DESOBEDECER SEÑAL CEDA EL PASO,0,BALMACEDA,0,GENERAL CRUZ,BALMACEDA - GENERAL CRUZ,0, , , , ,2,0,1,UNIDIRECCIONAL,1,CONCRETO,1,BUENO,1,SECO,1,DESPEJADO,0,0,0,1,1
-8077807.05536179,-4451712.45507327,4098,52233,1406073,-72.5641754,-37.0903826,117,YUMBEL,1,57561,2021,1406073,REGION BIO BIO,8313,YUMBEL,BALMACEDA,GENERAL CRUZ,0,"BALMACEDA & GENERAL CRUZ, YUMBEL",CHILE,GEOMETRIC_CENTER,78158,2021,1406073,1,2021/12/21 00:00:00+00,1899/12/30 00:00:00+00,8,REGION BIO BIO,8313,YUMBEL,32,COLISION LATERAL,30,COLISION,1,URBANA,14,CRUCE CON SEÑAL PARE,10,DESOBEDIENCIA A SEÑALIZACION,65,SEÑALIZACION DESOBEDECER SEÑAL PARE,0,BALMACEDA,0,GENERAL CRUZ,BALMACEDA - GENERAL CRUZ,0, , , , ,2,0,1,UNIDIRECCIONAL,1,CONCRETO,1,BUENO,1,SECO,1,DESPEJADO,0,0,0,3,0
-8077823.70875761,-4451586.56491153,4099,52234,1372100,-72.564325,-37.0894805,117,YUMBEL,1,33414,2021,1372100,REGION BIO BIO,8313,YUMBEL,GENERAL CRUZ, ,1571,"GENERAL CRUZ 1571, YUMBEL",CHILE,RANGE_INTERPOLATED,46060,2021,1372100,1,2021/08/15 00:00:00+00,1899/12/30 00:00:00+00,8,REGION BIO BIO,8313,YUMBEL,51,CHOQUE FRONTAL,40,CHOQUE,1,URBANA,1,TRAMO DE VIA RECTA,1,IMPRUDENCIA DEL CONDUCTOR,27,CONDUCCION NO ATENTO CONDICIONES TRANSITO MOMENTO,0,GENERAL CRUZ,0, ,- GENERAL CRUZ,1571, , , , ,2,0,1,UNIDIRECCIONAL,1,CONCRETO,1,BUENO,1,SECO,2,NUBLADO,0,0,0,0,1
-8077814.2020731,-4451463.67657031,4100,52235,1348036,-72.5642396,-37.0885999,117,YUMBEL,1,16394,2021,1348036,REGION BIO BIO,8313,YUMBEL,GENERAL CRUZ, ,1785,"GENERAL CRUZ 1785, YUMBEL",CHILE,RANGE_INTERPOLATED,22623,2021,1348036,1,2021/05/03 00:00:00+00,1899/12/30 00:00:00+00,8,REGION BIO BIO,8313,YUMBEL,51,CHOQUE FRONTAL,40,CHOQUE,1,URBANA,2,TRAMO DE VIA CURVA HORIZONTAL,7,VELOCIDAD IMPRUDENTE,72,VELOCIDAD NO RAZONABLE NI PRUDENTE,0,GENERAL CRUZ,0, ,- GENERAL CRUZ,1785, , , , ,2,0,1,UNIDIRECCIONAL,1,CONCRETO,1,BUENO,1,SECO,1,DESPEJADO,0,0,0,1,1
-8077717.4431717,-4451270.40174781,4101,52236,1335442,-72.5633704,-37.0872149,117,YUMBEL,1,7985,2021,1335442,REGION BIO BIO,8313,YUMBEL,O'HIGGINS,GOYCOLEA,0,"O'HIGGINS & GOYCOLEA, YUMBEL",CHILE,GEOMETRIC_CENTER,11221,2021,1335442,1,2021/02/28 00:00:00+00,1899/12/30 00:00:00+00,8,REGION BIO BIO,8313,YUMBEL,52,CHOQUE LATERAL,40,CHOQUE,1,URBANA,2,TRAMO DE VIA CURVA HORIZONTAL,9,PERDIDA CONTROL VEHICULO,95,PERDIDA CONTROL VEHICULO,0,O'HIGGINS,0,GOYCOLEA,GOYCOLEA - O'HIGGINS,0, , , , ,1,1,2,BIDIRECCIONAL,1,CONCRETO,1,BUENO,1,SECO,1,DESPEJADO,0,0,0,0,1
-8077717.4431717,-4451270.40174781,4102,52237,1375173,-72.5633704,-37.0872149,117,YUMBEL,1,35814,2021,1375173,REGION BIO BIO,8313,YUMBEL,O'CARROL,O'HIGGINS,0,"O'CARROL & O'HIGGINS, YUMBEL",CHILE,GEOMETRIC_CENTER,49301,2021,1375173,1,2021/08/28 00:00:00+00,1899/12/30 00:00:00+00,8,REGION BIO BIO,8313,YUMBEL,30,COLISION,30,COLISION,1,URBANA,15,CRUCE CON SEÑAL CEDA EL PASO,10,DESOBEDIENCIA A SEÑALIZACION,64,SEÑALIZACION DESOBEDECER SEÑAL CEDA EL PASO,0,O'CARROL,0,O'HIGGINS,O'CARROL - O'HIGGINS,0, , , , ,2,0,1,UNIDIRECCIONAL,1,CONCRETO,1,BUENO,1,SECO,1,DESPEJADO,0,0,0,1,1
-8074939.454147,-4445109.36701905,4103,52238,1401685,-72.5384153,-37.0430519,117,YUMBEL,1,53960,2021,1401685,REGION BIO BIO,8313,YUMBEL,CAMINO CAMBRALES, ,3,"CAMINO CAMBRALES 3, YUMBEL",CHILE,RANGE_INTERPOLATED,73330,2021,1401685,1,2021/12/03 00:00:00+00,1899/12/30 00:00:00+00,8,REGION BIO BIO,8313,YUMBEL,70,VOLCADURA,70,VOLCADURA,2,RURAL,2,TRAMO DE VIA CURVA HORIZONTAL,7,VELOCIDAD IMPRUDENTE,72,VELOCIDAD NO RAZONABLE NI PRUDENTE,0,CAMINO CAMBRALES,0, , ,3, , , , ,1,1,2,BIDIRECCIONAL,5,RIPIO,2,REGULAR,0, ,1,DESPEJADO,0,1,0,1,1
-8084408.69078405,-4437415.12522074,4104,52239,1339486,-72.6234789,-36.9878626,117,YUMBEL,1,10485,2021,1339486,REGION BIO BIO,8313,YUMBEL,BALMACEDA, ,50,"BALMACEDA 50, YUMBEL",CHILE,RANGE_INTERPOLATED,14603,2021,1339486,1,2021/03/16 00:00:00+00,1899/12/30 00:00:00+00,8,REGION BIO BIO,8313,YUMBEL,51,CHOQUE FRONTAL,40,CHOQUE,1,URBANA,1,TRAMO DE VIA RECTA,1,IMPRUDENCIA DEL CONDUCTOR,27,CONDUCCION NO ATENTO CONDICIONES TRANSITO MOMENTO,0,BALMACEDA,0, ,- BALMACEDA,50, , , , ,1,1,2,BIDIRECCIONAL,2,ASFALTO,1,BUENO,1,SECO,1,DESPEJADO,0,0,0,0,1
-8139826.95080931,-4400746.81351326,4105,45729,1394400,-73.1213096,-36.7242978,176,TALCAHUANO,1,49044,2021,1394400,REGION BIO BIO,8110,TALCAHUANO,BRASIL, ,414,"BRASIL 414, TALCAHUANO",CHILE,RANGE_INTERPOLATED,66851,2021,1394400,1,2021/11/08 00:00:00+00,1899/12/30 00:00:00+00,8,REGION BIO BIO,8110,TALCAHUANO,32,COLISION LATERAL,30,COLISION,1,URBANA,1,TRAMO DE VIA RECTA,1,IMPRUDENCIA DEL CONDUCTOR,91,VIRAJES INDEBIDOS,0,BRASIL,0, ,- BRASIL,414, , , , ,1,1,2,BIDIRECCIONAL,1,CONCRETO,1,BUENO,1,SECO,1,DESPEJADO,0,0,0,0,2
-8138840.71578062,-4400740.77201262,4106,45730,1353819,-73.1124501,-36.7242543,176,TALCAHUANO,1,20288,2021,1353819,REGION BIO BIO,8110,TALCAHUANO,BILBAO, ,197,"BILBAO 197, TALCAHUANO",CHILE,RANGE_INTERPOLATED,27948,2021,1353819,1,2021/05/28 00:00:00+00,1899/12/30 00:00:00+00,8,REGION BIO BIO,8110,TALCAHUANO,63,CHOQUE FRENTE/POSTERIOR,40,CHOQUE,1,URBANA,11,CRUCE CON SEMAFORO FUNCIONANDO,4,ALCOHOL EN CONDUCTOR,24,CONDUCCION EN ESTADO DE EBRIEDAD,0,BILBAO,0, ,- BILBAO,197, , , , ,1,1,2,BIDIRECCIONAL,1,CONCRETO,1,BUENO,1,SECO,1,DESPEJADO,0,0,0,0,2
-8139635.62600048,-4400732.88334568,4107,45731,1389515,-73.1195909,-36.7241975,176,TALCAHUANO,1,45872,2021,1389515,REGION BIO BIO,8110,TALCAHUANO,ESPA??ªA, ,616,"ESPA??ªA 616, TALCAHUANO",CHILE,RANGE_INTERPOLATED,62661,2021,1389515,1,2021/10/22 00:00:00+00,1899/12/30 00:00:00+00,8,REGION BIO BIO,8110,TALCAHUANO,33,COLISION POR ALCANCE,30,COLISION,1,URBANA,1,TRAMO DE VIA RECTA,1,IMPRUDENCIA DEL CONDUCTOR,11,ADELANTAMIENTO SIN EL ESPACIO O TIEMPO SUFICIENTE,0,ESPAÑA,0, ,- ESPAÑA,616, , , , ,1,1,2,BIDIRECCIONAL,1,CONCRETO,1,BUENO,1,SECO,1,DESPEJADO,0,0,0,0,2
-8139658.84724626,-4400709.28682216,4108,45732,1358089,-73.1197995,-36.7240276,176,TALCAHUANO,1,22242,2021,1358089,REGION BIO BIO,8110,TALCAHUANO,TALCAHUANO,ESPA??ªA,0,"TALCAHUANO & ESPA??ªA, TALCAHUANO",CHILE,GEOMETRIC_CENTER,30653,2021,1358089,1,2021/06/09 00:00:00+00,1899/12/30 00:00:00+00,8,REGION BIO BIO,8110,TALCAHUANO,32,COLISION LATERAL,30,COLISION,1,URBANA,16,CRUCE SIN SEÑALIZACION,1,IMPRUDENCIA DEL CONDUCTOR,32,NO RESPETAR DERECHO PREFERENTE DE PASO A VEHICULO,0,TALCAHUANO,0,ESPAÑA,ESPAÑA - TALCAHUANO,0, , , , ,1,1,2,BIDIRECCIONAL,1,CONCRETO,1,BUENO,1,SECO,1,DESPEJADO,0,0,0,0,2
-8139636.31618132,-4400693.70397887,4109,45733,1408202,-73.1195971,-36.7239154,176,TALCAHUANO,1,58487,2021,1408202,REGION BIO BIO,8110,TALCAHUANO,ESPA??ªA, ,603,"ESPA??ªA 603, TALCAHUANO",CHILE,RANGE_INTERPOLATED,79457,2021,1408202,1,2021/12/26 00:00:00+00,1899/12/30 00:00:00+00,8,REGION BIO BIO,8110,TALCAHUANO,32,COLISION LATERAL,30,COLISION,1,URBANA,1,TRAMO DE VIA RECTA,1,IMPRUDENCIA DEL CONDUCTOR,29,CONDUCCION CAMBIAR SORPRESIVAMENTE PISTA CIRCULACION,0,ESPAÑA,0, ,- ESPAÑA,603, , , , ,1,1,2,BIDIRECCIONAL,1,CONCRETO,1,BUENO,1,SECO,1,DESPEJADO,0,0,0,1,1
-8140133.70279814,-4400693.03733368,4110,45734,1328269,-73.1240652,-36.7239106,176,TALCAHUANO,1,3235,2021,1328269,REGION BIO BIO,8110,TALCAHUANO,JUAN DE LA CRUZ TAPIA, ,450,"JUAN DE LA CRUZ TAPIA 450, TALCAHUANO",CHILE,RANGE_INTERPOLATED,4446,2021,1328269,1,2021/01/23 00:00:00+00,1899/12/30 00:00:00+00,8,REGION BIO BIO,8110,TALCAHUANO,63,CHOQUE FRENTE/POSTERIOR,40,CHOQUE,1,URBANA,1,TRAMO DE VIA RECTA,1,IMPRUDENCIA DEL CONDUCTOR,27,CONDUCCION NO ATENTO CONDICIONES TRANSITO MOMENTO,0,JUAN DE LA CRUZ TAPIA,0, ,- JUAN DE LA CRUZ TAPIA,450, , , , ,1,1,2,BIDIRECCIONAL,1,CONCRETO,1,BUENO,1,SECO,1,DESPEJADO,0,0,0,0,2
-8139171.71315455,-4400673.45464967,4111,45735,1337870,-73.1154235,-36.7237696,176,TALCAHUANO,1,9965,2021,1337870,REGION BIO BIO,8110,TALCAHUANO,MIRANDA,BARRAZA,0,"MIRANDA & BARRAZA, TALCAHUANO",CHILE,GEOMETRIC_CENTER,13869,2021,1337870,1,2021/03/12 00:00:00+00,1899/12/30 00:00:00+00,8,REGION BIO BIO,8110,TALCAHUANO,32,COLISION LATERAL,30,COLISION,1,URBANA,16,CRUCE SIN SEÑALIZACION,1,IMPRUDENCIA DEL CONDUCTOR,32,NO RESPETAR DERECHO PREFERENTE DE PASO A VEHICULO,0,MIRANDA,0,BARRAZA,BARRAZA - MIRANDA,0, , , , ,1,1,2,BIDIRECCIONAL,1,CONCRETO,1,BUENO,1,SECO,1,DESPEJADO,0,0,0,0,2
-8139770.44503578,-4400644.10846782,4112,45736,1366263,-73.120802,-36.7235583,176,TALCAHUANO,1,28411,2021,1366263,REGION BIO BIO,8110,TALCAHUANO,ITALIA,ESPA??ªA,0,"ITALIA & ESPA??ªA, TALCAHUANO",CHILE,GEOMETRIC_CENTER,39252,2021,1366263,1,2021/07/18 00:00:00+00,1899/12/30 00:00:00+00,8,REGION BIO BIO,8110,TALCAHUANO,32,COLISION LATERAL,30,COLISION,1,URBANA,15,CRUCE CON SEÑAL CEDA EL PASO,10,DESOBEDIENCIA A SEÑALIZACION,64,SEÑALIZACION DESOBEDECER SEÑAL CEDA EL PASO,0,ITALIA,0,ESPAÑA,ESPAÑA - ITALIA,0, , , , ,1,1,2,BIDIRECCIONAL,1,CONCRETO,1,BUENO,1,SECO,1,DESPEJADO,0,0,0,2,0
-8138560.06821238,-4400614.70681336,4113,45737,1388734,-73.109929,-36.7233466,176,TALCAHUANO,1,44447,2021,1388734,REGION BIO BIO,8110,TALCAHUANO,CRISTOBAL COLON, ,1446,"CRISTOBAL COLON 1446, TALCAHUANO",CHILE,RANGE_INTERPOLATED,60765,2021,1388734,1,2021/10/15 00:00:00+00,1899/12/30 00:00:00+00,8,REGION BIO BIO,8110,TALCAHUANO,63,CHOQUE FRENTE/POSTERIOR,40,CHOQUE,1,URBANA,1,TRAMO DE VIA RECTA,1,IMPRUDENCIA DEL CONDUCTOR,28,CONDUCCION SIN MANTENER DISTANCIA RAZONABLE NI PRUDENTE,0,CRISTOBAL COLON,0, ,- CRISTOBAL COLON,1446, , , , ,1,1,3,BIDIRECCIONAL CON BANDEJON,1,CONCRETO,1,BUENO,1,SECO,1,DESPEJADO,0,0,0,0,2
-8140075.4938364,-4400596.52699293,4114,45738,1337762,-73.1235423,-36.7232157,176,TALCAHUANO,1,9796,2021,1337762,REGION BIO BIO,8110,TALCAHUANO,JUAN DE LA CRUZ TAPIA,BRASIL,0,"JUAN DE LA CRUZ TAPIA & BRASIL, TALCAHUANO",CHILE,GEOMETRIC_CENTER,13649,2021,1337762,1,2021/03/11 00:00:00+00,1899/12/30 00:00:00+00,8,REGION BIO BIO,8110,TALCAHUANO,32,COLISION LATERAL,30,COLISION,1,URBANA,16,CRUCE SIN SEÑALIZACION,1,IMPRUDENCIA DEL CONDUCTOR,32,NO RESPETAR DERECHO PREFERENTE DE PASO A VEHICULO,0,JUAN DE LA CRUZ TAPIA,0,BRASIL,BRASIL - JUAN DE LA CRUZ TAPIA,0, , , , ,1,1,2,BIDIRECCIONAL,1,CONCRETO,1,BUENO,1,SECO,1,DESPEJADO,0,0,0,0,2
-8140075.4938364,-4400596.52699293,4115,45739,1348597,-73.1235423,-36.7232157,176,TALCAHUANO,1,17432,2021,1348597,REGION BIO BIO,8110,TALCAHUANO,JUAN DE LA CRUZ TAPIA,BRASIL,0,"JUAN DE LA CRUZ TAPIA & BRASIL, TALCAHUANO",CHILE,GEOMETRIC_CENTER,24026,2021,1348597,1,2021/05/10 00:00:00+00,1899/12/30 00:00:00+00,8,REGION BIO BIO,8110,TALCAHUANO,32,COLISION LATERAL,30,COLISION,1,URBANA,15,CRUCE CON SEÑAL CEDA EL PASO,10,DESOBEDIENCIA A SEÑALIZACION,64,SEÑALIZACION DESOBEDECER SEÑAL CEDA EL PASO,0,JUAN DE LA CRUZ TAPIA,0,BRASIL,BRASIL - JUAN DE LA CRUZ TAPIA,0, , , , ,1,1,2,BIDIRECCIONAL,1,CONCRETO,1,BUENO,1,SECO,1,DESPEJADO,0,0,0,1,1
-8138573.1371206,-4400595.67980572,4116,45740,1341714,-73.1100464,-36.7232096,176,TALCAHUANO,1,12526,2021,1341714,REGION BIO BIO,8110,TALCAHUANO,THOMSPON,CRISTOBAL COLON,0,"THOMSPON & CRISTOBAL COLON, TALCAHUANO",CHILE,GEOMETRIC_CENTER,17316,2021,1341714,1,2021/04/01 00:00:00+00,1899/12/30 00:00:00+00,8,REGION BIO BIO,8110,TALCAHUANO,32,COLISION LATERAL,30,COLISION,1,URBANA,16,CRUCE SIN SEÑALIZACION,1,IMPRUDENCIA DEL CONDUCTOR,32,NO RESPETAR DERECHO PREFERENTE DE PASO A VEHICULO,0,THOMSPON,0,CRISTOBAL COLON,CRISTOBAL COLON - THOMSPON,0, , , , ,1,1,2,BIDIRECCIONAL,1,CONCRETO,1,BUENO,1,SECO,1,DESPEJADO,0,1,0,0,1
-8140018.27561813,-4400495.10110733,4117,45741,1325069,-73.1230283,-36.7224854,176,TALCAHUANO,1,1544,2021,1325069,REGION BIO BIO,8110,TALCAHUANO,JUAN DE LA CRUZ TAPIA,ESPA??ªA,0,"JUAN DE LA CRUZ TAPIA & ESPA??ªA, TALCAHUANO",CHILE,GEOMETRIC_CENTER,2131,2021,1325069,1,2021/01/11 00:00:00+00,1899/12/30 00:00:00+00,8,REGION BIO BIO,8110,TALCAHUANO,32,COLISION LATERAL,30,COLISION,1,URBANA,16,CRUCE SIN SEÑALIZACION,1,IMPRUDENCIA DEL CONDUCTOR,32,NO RESPETAR DERECHO PREFERENTE DE PASO A VEHICULO,0,JUAN DE LA CRUZ TAPIA,0,ESPAÑA,ESPAÑA - JUAN DE LA CRUZ TAPIA,0, , , , ,1,1,2,BIDIRECCIONAL,1,CONCRETO,1,BUENO,1,SECO,1,DESPEJADO,0,0,0,1,1
-8140018.27561813,-4400495.10110733,4118,45742,1400239,-73.1230283,-36.7224854,176,TALCAHUANO,1,51597,2021,1400239,REGION BIO BIO,8110,TALCAHUANO,ESPA??ªA,JUAN DE LA CRUZ TAPIA,0,"ESPA??ªA & JUAN DE LA CRUZ TAPIA, TALCAHUANO",CHILE,GEOMETRIC_CENTER,70179,2021,1400239,1,2021/11/20 00:00:00+00,1899/12/30 00:00:00+00,8,REGION BIO BIO,8110,TALCAHUANO,32,COLISION LATERAL,30,COLISION,1,URBANA,15,CRUCE CON SEÑAL CEDA EL PASO,10,DESOBEDIENCIA A SEÑALIZACION,64,SEÑALIZACION DESOBEDECER SEÑAL CEDA EL PASO,0,ESPAÑA,0,JUAN DE LA CRUZ TAPIA,ESPAÑA - JUAN DE LA CRUZ TAPIA,0, , , , ,1,1,2,BIDIRECCIONAL,1,CONCRETO,1,BUENO,1,SECO,1,DESPEJADO,0,0,0,1,1
-8139973.75895376,-4400475.01881303,4119,45743,1350769,-73.1226284,-36.7223408,176,TALCAHUANO,1,18081,2021,1350769,REGION BIO BIO,8110,TALCAHUANO,ESPA??ªA, ,303,"ESPA??ªA 303, TALCAHUANO",CHILE,RANGE_INTERPOLATED,24868,2021,1350769,1,2021/05/14 00:00:00+00,1899/12/30 00:00:00+00,8,REGION BIO BIO,8110,TALCAHUANO,32,COLISION LATERAL,30,COLISION,1,URBANA,1,TRAMO DE VIA RECTA,1,IMPRUDENCIA DEL CONDUCTOR,91,VIRAJES INDEBIDOS,0,ESPAÑA,0, ,- ESPAÑA,303, , , , ,1,1,2,BIDIRECCIONAL,1,CONCRETO,1,BUENO,1,SECO,1,DESPEJADO,0,0,1,0,1
-8139973.75895376,-4400475.01881303,4120,45744,1377086,-73.1226284,-36.7223408,176,TALCAHUANO,1,36876,2021,1377086,REGION BIO BIO,8110,TALCAHUANO,ESPA??ªA, ,303,"ESPA??ªA 303, TALCAHUANO",CHILE,RANGE_INTERPOLATED,50710,2021,1377086,1,2021/09/03 00:00:00+00,1899/12/30 00:00:00+00,8,REGION BIO BIO,8110,TALCAHUANO,51,CHOQUE FRONTAL,40,CHOQUE,1,URBANA,1,TRAMO DE VIA RECTA,9,PERDIDA CONTROL VEHICULO,95,PERDIDA CONTROL VEHICULO,0,ESPAÑA,0, ,- ESPAÑA,303, , , , ,1,1,2,BIDIRECCIONAL,1,CONCRETO,1,BUENO,1,SECO,1,DESPEJADO,0,0,0,0,1
-8138871.03920992,-4400330.23575621,4121,45749,1354893,-73.1127225,-36.7212983,176,TALCAHUANO,1,21887,2021,1354893,REGION BIO BIO,8110,TALCAHUANO,DAVID FUENTES, ,114,"DAVID FUENTES 114, TALCAHUANO",CHILE,RANGE_INTERPOLATED,30170,2021,1354893,1,2021/06/07 00:00:00+00,1899/12/30 00:00:00+00,8,REGION BIO BIO,8110,TALCAHUANO,51,CHOQUE FRONTAL,40,CHOQUE,1,URBANA,1,TRAMO DE VIA RECTA,9,PERDIDA CONTROL VEHICULO,95,PERDIDA CONTROL VEHICULO,0,DAVID FUENTES,0, ,- DAVID FUENTES,114, , , , ,1,1,2,BIDIRECCIONAL,1,CONCRETO,1,BUENO,1,SECO,1,DESPEJADO,0,0,0,0,1