X,Y,FID,FID_1,LABELID,POINT_X,POINT_Y,FID_2,COMUNAREAL,VAL_COM,OBJECTID,A_O,IDACCIDENT,REGION,COD_COMUN,COMUNA,CALLE_UNO,CALLE_DOS,NUMERO,DIR_GEOCOD,PAIS,TIPO,OBJECTID_1,Año,Idaccide_1,Claseaccid,Fecha,Hora,Cód_Regi,Región,Cód_Comun,Comuna_1,Cód_Tipo_,Tipo_Accid,Cód_Tipo1,Tipo__CONA,Cód_Zona,Zona,Cód_Ubica,Ubicación,Cód_Causa,Causa__CON,Cód_Cau_1,Causa,Cód_Calle,Calle_Un_1,Cód_Cal_1,Calle_Do_1,Intersecci,Número,Ruta,Cód_Ruta,Ubicaci_1,Km_Vía_Fe,Pistas_de_,Pistas_de1,Cód_Calza,Calzada,Cód__Tipo,Tipo_Calza,Cód_Estad,Estado_Cal,Cód_Condi,Condición,Cód_Est_1,Estado_Atm,Fallecidos,Graves,Menos_Grav,Leves,Ilesos
-8139668.79920874,-4400288.50249174,4122,45750,1382681,-73.1198889,-36.7209978,176,TALCAHUANO,1,40233,2021,1382681,REGION BIO BIO,8110,TALCAHUANO,PASAJE SIETE,VENEZUELA,0,"PASAJE SIETE & VENEZUELA, TALCAHUANO",CHILE,GEOMETRIC_CENTER,55239,2021,1382681,1,2021/09/22 00:00:00+00,1899/12/30 00:00:00+00,8,REGION BIO BIO,8110,TALCAHUANO,32,COLISION LATERAL,30,COLISION,1,URBANA,16,CRUCE SIN SEÑALIZACION,1,IMPRUDENCIA DEL CONDUCTOR,31,NO RESPETAR DERECHO PREFERENTE DE PASO A PEATON,0,PASAJE SIETE,0,VENEZUELA,PASAJE SIETE - VENEZUELA,0, , , , ,1,1,2,BIDIRECCIONAL,1,CONCRETO,1,BUENO,1,SECO,1,DESPEJADO,0,0,0,1,1
-8141037.70611897,-4400274.08684631,4123,45751,1366060,-73.132186,-36.720894,176,TALCAHUANO,1,28341,2021,1366060,REGION BIO BIO,8110,TALCAHUANO,LOS ONAS, ,519,"LOS ONAS 519, TALCAHUANO",CHILE,RANGE_INTERPOLATED,39153,2021,1366060,1,2021/07/17 00:00:00+00,1899/12/30 00:00:00+00,8,REGION BIO BIO,8110,TALCAHUANO,67,CHOQUE POSTERIOR/FRENTE,40,CHOQUE,1,URBANA,1,TRAMO DE VIA RECTA,1,IMPRUDENCIA DEL CONDUCTOR,27,CONDUCCION NO ATENTO CONDICIONES TRANSITO MOMENTO,0,LOS ONAS,0, ,- LOS ONAS,519, , , , ,1,1,2,BIDIRECCIONAL,1,CONCRETO,1,BUENO,1,SECO,1,DESPEJADO,0,0,0,0,2
-8142276.7365793,-4400214.18852053,4124,45752,1389018,-73.1433164,-36.7204627,176,TALCAHUANO,1,45159,2021,1389018,REGION BIO BIO,8110,TALCAHUANO,LOS DELFINES, ,1803,"LOS DELFINES 1803, TALCAHUANO",CHILE,RANGE_INTERPOLATED,61737,2021,1389018,1,2021/10/18 00:00:00+00,1899/12/30 00:00:00+00,8,REGION BIO BIO,8110,TALCAHUANO,10,ATROPELLO,10,ATROPELLO,1,URBANA,1,TRAMO DE VIA RECTA,2,IMPRUDENCIA DEL PEATON,52,PEATON CRUZA CALZADA FORMA SORPRESIVA O DESCUIDADA,0,LOS DELFINES,0, ,- LOS DELFINES,1803, , , , ,1,1,2,BIDIRECCIONAL,1,CONCRETO,1,BUENO,1,SECO,1,DESPEJADO,0,1,0,1,0
-8141857.06209901,-4400100.2118098,4125,45754,1396550,-73.1395464,-36.719642,176,TALCAHUANO,1,50921,2021,1396550,REGION BIO BIO,8110,TALCAHUANO,LOS LOBOS, ,196,"LOS LOBOS 196, TALCAHUANO",CHILE,RANGE_INTERPOLATED,69312,2021,1396550,1,2021/11/17 00:00:00+00,1899/12/30 00:00:00+00,8,REGION BIO BIO,8110,TALCAHUANO,10,ATROPELLO,10,ATROPELLO,1,URBANA,1,TRAMO DE VIA RECTA,1,IMPRUDENCIA DEL CONDUCTOR,31,NO RESPETAR DERECHO PREFERENTE DE PASO A PEATON,0,LOS LOBOS,0, ,- LOS LOBOS,196, , , , ,1,1,2,BIDIRECCIONAL,1,CONCRETO,1,BUENO,1,SECO,1,DESPEJADO,0,0,0,1,1
-8141052.57840294,-4400063.25678584,4126,45755,1368588,-73.1323196,-36.7193759,176,TALCAHUANO,1,31148,2021,1368588,REGION BIO BIO,8110,TALCAHUANO,LOS ARAUCANOS, ,4,"LOS ARAUCANOS 4, TALCAHUANO",CHILE,RANGE_INTERPOLATED,43039,2021,1368588,1,2021/08/03 00:00:00+00,1899/12/30 00:00:00+00,8,REGION BIO BIO,8110,TALCAHUANO,31,COLISION FRONTAL,30,COLISION,1,URBANA,1,TRAMO DE VIA RECTA,1,IMPRUDENCIA DEL CONDUCTOR,29,CONDUCCION CAMBIAR SORPRESIVAMENTE PISTA CIRCULACION,0,LOS ARAUCANOS,0, ,- LOS ARAUCANOS,4, , , , ,1,1,2,BIDIRECCIONAL,1,CONCRETO,1,BUENO,1,SECO,1,DESPEJADO,0,0,0,0,2
-8141052.57840294,-4400063.25678584,4127,45756,1402160,-73.1323196,-36.7193759,176,TALCAHUANO,1,54727,2021,1402160,REGION BIO BIO,8110,TALCAHUANO,LOS ARAUCANOS, ,203,"LOS ARAUCANOS 203, TALCAHUANO",CHILE,RANGE_INTERPOLATED,74377,2021,1402160,1,2021/12/07 00:00:00+00,1899/12/30 00:00:00+00,8,REGION BIO BIO,8110,TALCAHUANO,65,CHOQUE LADO/LADO,40,CHOQUE,1,URBANA,16,CRUCE SIN SEÑALIZACION,1,IMPRUDENCIA DEL CONDUCTOR,91,VIRAJES INDEBIDOS,0,LOS ARAUCANOS,0, ,- LOS ARAUCANOS,203, , , , ,1,1,2,BIDIRECCIONAL,1,CONCRETO,1,BUENO,1,SECO,1,DESPEJADO,0,0,0,0,2
-8139266.92471502,-4399981.00072274,4128,45757,1325051,-73.1162788,-36.7187836,176,TALCAHUANO,1,1512,2021,1325051,REGION BIO BIO,8110,TALCAHUANO,PEREZ ROSALES, ,264,"PEREZ ROSALES 264, TALCAHUANO",CHILE,RANGE_INTERPOLATED,2090,2021,1325051,1,2021/01/11 00:00:00+00,1899/12/30 00:00:00+00,8,REGION BIO BIO,8110,TALCAHUANO,63,CHOQUE FRENTE/POSTERIOR,40,CHOQUE,1,URBANA,1,TRAMO DE VIA RECTA,1,IMPRUDENCIA DEL CONDUCTOR,27,CONDUCCION NO ATENTO CONDICIONES TRANSITO MOMENTO,0,PEREZ ROSALES,0, ,- PEREZ ROSALES,264, , , , ,1,1,2,BIDIRECCIONAL,1,CONCRETO,1,BUENO,1,SECO,1,DESPEJADO,0,0,0,0,2
-8139813.80397744,-4399969.96015475,4129,45758,1371145,-73.1211915,-36.7187041,176,TALCAHUANO,1,32670,2021,1371145,REGION BIO BIO,8110,TALCAHUANO,LATORRE,VALDIVIA,0,"LATORRE & VALDIVIA, TALCAHUANO",CHILE,GEOMETRIC_CENTER,45082,2021,1371145,1,2021/08/11 00:00:00+00,1899/12/30 00:00:00+00,8,REGION BIO BIO,8110,TALCAHUANO,32,COLISION LATERAL,30,COLISION,1,URBANA,14,CRUCE CON SEÑAL PARE,10,DESOBEDIENCIA A SEÑALIZACION,65,SEÑALIZACION DESOBEDECER SEÑAL PARE,0,LATORRE,0,VALDIVIA,LATORRE - VALDIVIA,0, , , , ,1,1,2,BIDIRECCIONAL,1,CONCRETO,1,BUENO,1,SECO,1,DESPEJADO,0,0,0,1,1
-8139868.95165318,-4399854.6112057,4130,45759,1360050,-73.1216869,-36.7178735,176,TALCAHUANO,1,23883,2021,1360050,REGION BIO BIO,8110,TALCAHUANO,PRINCIPAL, ,235,"PRINCIPAL 235, TALCAHUANO",CHILE,RANGE_INTERPOLATED,32914,2021,1360050,1,2021/06/20 00:00:00+00,1899/12/30 00:00:00+00,8,REGION BIO BIO,8110,TALCAHUANO,65,CHOQUE LADO/LADO,40,CHOQUE,1,URBANA,1,TRAMO DE VIA RECTA,4,ALCOHOL EN CONDUCTOR,21,CONDUCCION BAJO LA INFLUENCIA DEL ALCOHOL,0,PRINCIPAL,0, ,- PRINCIPAL,235, , , , ,1,1,2,BIDIRECCIONAL,1,CONCRETO,1,BUENO,1,SECO,1,DESPEJADO,0,0,0,0,2
-8141179.78318507,-4399841.22380912,4131,45760,1377233,-73.1334623,-36.7177771,176,TALCAHUANO,1,37208,2021,1377233,REGION BIO BIO,8110,TALCAHUANO,RUCAMANQUE, ,660,"RUCAMANQUE 660, TALCAHUANO",CHILE,RANGE_INTERPOLATED,51162,2021,1377233,1,2021/09/05 00:00:00+00,1899/12/30 00:00:00+00,8,REGION BIO BIO,8110,TALCAHUANO,67,CHOQUE POSTERIOR/FRENTE,40,CHOQUE,1,URBANA,1,TRAMO DE VIA RECTA,1,IMPRUDENCIA DEL CONDUCTOR,27,CONDUCCION NO ATENTO CONDICIONES TRANSITO MOMENTO,0,RUCAMANQUE,0, ,- RUCAMANQUE,660, , , , ,1,1,2,BIDIRECCIONAL,1,CONCRETO,1,BUENO,1,SECO,1,DESPEJADO,0,0,0,0,2
-8139614.56435282,-4399819.54570569,4132,45761,1335284,-73.1194017,-36.717621,176,TALCAHUANO,1,7956,2021,1335284,REGION BIO BIO,8110,TALCAHUANO,LA UNION,ALMIRANTE LATORRE,0,"LA UNION & ALMIRANTE LATORRE, TALCAHUANO",CHILE,GEOMETRIC_CENTER,11170,2021,1335284,1,2021/02/27 00:00:00+00,1899/12/30 00:00:00+00,8,REGION BIO BIO,8110,TALCAHUANO,32,COLISION LATERAL,30,COLISION,1,URBANA,16,CRUCE SIN SEÑALIZACION,1,IMPRUDENCIA DEL CONDUCTOR,32,NO RESPETAR DERECHO PREFERENTE DE PASO A VEHICULO,0,LA UNION,0,ALMIRANTE LATORRE,ALMIRANTE LATORRE - LA UNION,0, , , , ,1,1,2,BIDIRECCIONAL,1,CONCRETO,1,BUENO,1,SECO,1,DESPEJADO,0,0,0,0,2
-8142468.00572838,-4399736.68048508,4133,45762,1343252,-73.1450346,-36.7170243,176,TALCAHUANO,1,13021,2021,1343252,REGION BIO BIO,8110,TALCAHUANO,PUNTA CORRALILLO, ,596,"PUNTA CORRALILLO 596, TALCAHUANO",CHILE,RANGE_INTERPOLATED,17980,2021,1343252,1,2021/04/06 00:00:00+00,1899/12/30 00:00:00+00,8,REGION BIO BIO,8110,TALCAHUANO,70,VOLCADURA,70,VOLCADURA,1,URBANA,1,TRAMO DE VIA RECTA,9,PERDIDA CONTROL VEHICULO,95,PERDIDA CONTROL VEHICULO,0,PUNTA CORRALILLO,0, ,- PUNTA CORRALILLO,596, , , , ,1,1,2,BIDIRECCIONAL,1,CONCRETO,1,BUENO,1,SECO,1,DESPEJADO,0,1,0,0,0
-8139579.64342856,-4399695.04675258,4134,45763,1329069,-73.119088,-36.7167245,176,TALCAHUANO,1,3402,2021,1329069,REGION BIO BIO,8110,TALCAHUANO,ALMIRANTE LATORRE, ,492,"ALMIRANTE LATORRE 492, TALCAHUANO",CHILE,RANGE_INTERPOLATED,4683,2021,1329069,1,2021/01/24 00:00:00+00,1899/12/30 00:00:00+00,8,REGION BIO BIO,8110,TALCAHUANO,70,VOLCADURA,70,VOLCADURA,1,URBANA,1,TRAMO DE VIA RECTA,4,ALCOHOL EN CONDUCTOR,24,CONDUCCION EN ESTADO DE EBRIEDAD,0,ALMIRANTE LATORRE,0, ,- ALMIRANTE LATORRE,492, , , , ,1,1,2,BIDIRECCIONAL,1,CONCRETO,1,BUENO,1,SECO,1,DESPEJADO,0,0,0,1,0
-8138823.61710684,-4399660.49559962,4135,45764,1332885,-73.1122965,-36.7164757,176,TALCAHUANO,1,6397,2021,1332885,REGION BIO BIO,8110,TALCAHUANO,ANTONIO VARAS, ,333,"ANTONIO VARAS 333, TALCAHUANO",CHILE,RANGE_INTERPOLATED,8936,2021,1332885,1,2021/02/16 00:00:00+00,1899/12/30 00:00:00+00,8,REGION BIO BIO,8110,TALCAHUANO,62,CHOQUE FRENTE/LADO,40,CHOQUE,1,URBANA,1,TRAMO DE VIA RECTA,1,IMPRUDENCIA DEL CONDUCTOR,27,CONDUCCION NO ATENTO CONDICIONES TRANSITO MOMENTO,0,ANTONIO VARAS,0, ,- ANTONIO VARAS,333, , , , ,1,1,2,BIDIRECCIONAL,1,CONCRETO,1,BUENO,1,SECO,1,DESPEJADO,0,0,0,0,2
-8139065.3251172,-4399638.72065395,4136,45765,1401682,-73.1144678,-36.7163189,176,TALCAHUANO,1,53524,2021,1401682,REGION BIO BIO,8110,TALCAHUANO,BULNES, ,418,"BULNES 418, TALCAHUANO",CHILE,RANGE_INTERPOLATED,72752,2021,1401682,1,2021/12/01 00:00:00+00,1899/12/30 00:00:00+00,8,REGION BIO BIO,8110,TALCAHUANO,10,ATROPELLO,10,ATROPELLO,1,URBANA,11,CRUCE CON SEMAFORO FUNCIONANDO,1,IMPRUDENCIA DEL CONDUCTOR,31,NO RESPETAR DERECHO PREFERENTE DE PASO A PEATON,0,BULNES,0, ,- BULNES,418, , , , ,1,1,2,BIDIRECCIONAL,1,CONCRETO,1,BUENO,1,SECO,1,DESPEJADO,0,0,0,1,1
-8139065.3251172,-4399638.72065395,4137,45766,1407746,-73.1144678,-36.7163189,176,TALCAHUANO,1,57774,2021,1407746,REGION BIO BIO,8110,TALCAHUANO,BULNES, ,402,"BULNES 402, TALCAHUANO",CHILE,RANGE_INTERPOLATED,78436,2021,1407746,1,2021/12/22 00:00:00+00,1899/12/30 00:00:00+00,8,REGION BIO BIO,8110,TALCAHUANO,67,CHOQUE POSTERIOR/FRENTE,40,CHOQUE,1,URBANA,1,TRAMO DE VIA RECTA,1,IMPRUDENCIA DEL CONDUCTOR,27,CONDUCCION NO ATENTO CONDICIONES TRANSITO MOMENTO,0,BULNES,0, ,- BULNES,402, , , , ,1,1,2,BIDIRECCIONAL,1,CONCRETO,1,BUENO,1,SECO,1,DESPEJADO,0,0,0,0,2
-8140914.46431071,-4399480.54811598,4138,45768,1354481,-73.1310789,-36.7151799,176,TALCAHUANO,1,21569,2021,1354481,REGION BIO BIO,8110,TALCAHUANO,LOS ARAUCANOS, ,568,"LOS ARAUCANOS 568, TALCAHUANO",CHILE,RANGE_INTERPOLATED,29733,2021,1354481,1,2021/06/05 00:00:00+00,1899/12/30 00:00:00+00,8,REGION BIO BIO,8110,TALCAHUANO,63,CHOQUE FRENTE/POSTERIOR,40,CHOQUE,1,URBANA,1,TRAMO DE VIA RECTA,1,IMPRUDENCIA DEL CONDUCTOR,28,CONDUCCION SIN MANTENER DISTANCIA RAZONABLE NI PRUDENTE,0,LOS ARAUCANOS,0, ,- LOS ARAUCANOS,568, , , , ,1,1,2,BIDIRECCIONAL,1,CONCRETO,1,BUENO,1,SECO,1,DESPEJADO,0,0,0,0,2
-8139432.50132563,-4399470.78565601,4139,45769,1374174,-73.1177662,-36.7151096,176,TALCAHUANO,1,34553,2021,1374174,REGION BIO BIO,8110,TALCAHUANO,TUMBES, ,12,"TUMBES 12, TALCAHUANO",CHILE,RANGE_INTERPOLATED,47628,2021,1374174,1,2021/08/21 00:00:00+00,1899/12/30 00:00:00+00,8,REGION BIO BIO,8110,TALCAHUANO,63,CHOQUE FRENTE/POSTERIOR,40,CHOQUE,1,URBANA,1,TRAMO DE VIA RECTA,1,IMPRUDENCIA DEL CONDUCTOR,28,CONDUCCION SIN MANTENER DISTANCIA RAZONABLE NI PRUDENTE,0,TUMBES,0, ,- TUMBES,12, , , , ,1,1,2,BIDIRECCIONAL,1,CONCRETO,1,BUENO,1,SECO,1,DESPEJADO,0,0,0,1,3
-8139432.50132563,-4399470.78565601,4140,45770,1393440,-73.1177662,-36.7151096,176,TALCAHUANO,1,48044,2021,1393440,REGION BIO BIO,8110,TALCAHUANO,TUMBES, ,4,"TUMBES 4, TALCAHUANO",CHILE,RANGE_INTERPOLATED,65541,2021,1393440,1,2021/11/03 00:00:00+00,1899/12/30 00:00:00+00,8,REGION BIO BIO,8110,TALCAHUANO,32,COLISION LATERAL,30,COLISION,1,URBANA,1,TRAMO DE VIA RECTA,9,PERDIDA CONTROL VEHICULO,95,PERDIDA CONTROL VEHICULO,0,TUMBES,0, ,- TUMBES,4, , , , ,1,1,2,BIDIRECCIONAL,1,CONCRETO,1,BUENO,1,SECO,1,DESPEJADO,0,0,0,0,2
-8141057.8994746,-4399462.49520983,4141,45771,1391574,-73.1323674,-36.7150499,176,TALCAHUANO,1,46027,2021,1391574,REGION BIO BIO,8110,TALCAHUANO,LONCONAO, ,613,"LONCONAO 613, TALCAHUANO",CHILE,RANGE_INTERPOLATED,62867,2021,1391574,1,2021/10/23 00:00:00+00,1899/12/30 00:00:00+00,8,REGION BIO BIO,8110,TALCAHUANO,31,COLISION FRONTAL,30,COLISION,1,URBANA,1,TRAMO DE VIA RECTA,1,IMPRUDENCIA DEL CONDUCTOR,32,NO RESPETAR DERECHO PREFERENTE DE PASO A VEHICULO,0,LONCONAO,0, ,- LONCONAO,613, , , , ,1,1,2,BIDIRECCIONAL,1,CONCRETO,1,BUENO,1,SECO,1,DESPEJADO,0,0,0,0,2
-8141930.87805335,-4399453.06605022,4142,45772,1365925,-73.1402095,-36.714982,176,TALCAHUANO,1,28301,2021,1365925,REGION BIO BIO,8110,TALCAHUANO,CALETA TUMBES, ,480,"CALETA TUMBES 480, TALCAHUANO",CHILE,RANGE_INTERPOLATED,39091,2021,1365925,1,2021/07/17 00:00:00+00,1899/12/30 00:00:00+00,8,REGION BIO BIO,8110,TALCAHUANO,32,COLISION LATERAL,30,COLISION,1,URBANA,1,TRAMO DE VIA RECTA,1,IMPRUDENCIA DEL CONDUCTOR,11,ADELANTAMIENTO SIN EL ESPACIO O TIEMPO SUFICIENTE,0,CALETA TUMBES,0, ,- CALETA TUMBES,480, , , , ,1,1,2,BIDIRECCIONAL,1,CONCRETO,1,BUENO,1,SECO,1,DESPEJADO,0,0,0,0,2
-8141386.52574337,-4399439.35976091,4143,45773,1349885,-73.1353195,-36.7148833,176,TALCAHUANO,1,16380,2021,1349885,REGION BIO BIO,8110,TALCAHUANO,PLAYA EL GALGO, ,1055,"PLAYA EL GALGO 1055, TALCAHUANO",CHILE,RANGE_INTERPOLATED,22607,2021,1349885,1,2021/05/03 00:00:00+00,1899/12/30 00:00:00+00,8,REGION BIO BIO,8110,TALCAHUANO,63,CHOQUE FRENTE/POSTERIOR,40,CHOQUE,1,URBANA,1,TRAMO DE VIA RECTA,1,IMPRUDENCIA DEL CONDUCTOR,27,CONDUCCION NO ATENTO CONDICIONES TRANSITO MOMENTO,0,PLAYA EL GALGO,0, ,- PLAYA EL GALGO,1055, , , , ,1,1,2,BIDIRECCIONAL,1,CONCRETO,1,BUENO,1,SECO,1,DESPEJADO,0,0,0,0,2
-8140859.08286404,-4399437.45726824,4144,45774,1374283,-73.1305814,-36.7148696,176,TALCAHUANO,1,35140,2021,1374283,REGION BIO BIO,8110,TALCAHUANO,LOS ARAUCANOS, ,528,"LOS ARAUCANOS 528, TALCAHUANO",CHILE,RANGE_INTERPOLATED,48422,2021,1374283,1,2021/08/25 00:00:00+00,1899/12/30 00:00:00+00,8,REGION BIO BIO,8110,TALCAHUANO,20,CAIDA,20,CAIDA,1,URBANA,1,TRAMO DE VIA RECTA,7,VELOCIDAD IMPRUDENTE,71,VELOCIDAD MAYOR QUE MAXIMA PERMITIDA,0,LOS ARAUCANOS,0, ,- LOS ARAUCANOS,528, , , , ,1,1,2,BIDIRECCIONAL,1,CONCRETO,1,BUENO,1,SECO,1,DESPEJADO,0,0,0,1,1
-8139628.43476138,-4399413.50255384,4145,45775,1353009,-73.1195263,-36.7146971,176,TALCAHUANO,1,19076,2021,1353009,REGION BIO BIO,8110,TALCAHUANO,BELLAVISTA, ,208,"BELLAVISTA 208, TALCAHUANO",CHILE,RANGE_INTERPOLATED,26239,2021,1353009,1,2021/05/20 00:00:00+00,1899/12/30 00:00:00+00,8,REGION BIO BIO,8110,TALCAHUANO,10,ATROPELLO,10,ATROPELLO,1,URBANA,1,TRAMO DE VIA RECTA,1,IMPRUDENCIA DEL CONDUCTOR,31,NO RESPETAR DERECHO PREFERENTE DE PASO A PEATON,0,BELLAVISTA,0, ,- BELLAVISTA,208, , , , ,1,1,2,BIDIRECCIONAL,1,CONCRETO,1,BUENO,1,SECO,1,DESPEJADO,0,0,0,1,1
-8139497.74567918,-4399409.73923838,4146,45776,1393727,-73.1183523,-36.71467,176,TALCAHUANO,1,47711,2021,1393727,REGION BIO BIO,8110,TALCAHUANO,TUMBES, ,38,"TUMBES 38, TALCAHUANO",CHILE,RANGE_INTERPOLATED,65114,2021,1393727,1,2021/11/01 00:00:00+00,1899/12/30 00:00:00+00,8,REGION BIO BIO,8110,TALCAHUANO,32,COLISION LATERAL,30,COLISION,1,URBANA,1,TRAMO DE VIA RECTA,1,IMPRUDENCIA DEL CONDUCTOR,91,VIRAJES INDEBIDOS,0,TUMBES,0, ,- TUMBES,38, , , , ,1,1,2,BIDIRECCIONAL,1,CONCRETO,1,BUENO,1,SECO,1,DESPEJADO,0,0,0,3,0
-8138950.4434027,-4399379.13284016,4147,45780,1346585,-73.1134358,-36.7144496,176,TALCAHUANO,1,15690,2021,1346585,REGION BIO BIO,8110,TALCAHUANO,ANIBAL PINTO,BULNES,0,"ANIBAL PINTO & BULNES, TALCAHUANO",CHILE,GEOMETRIC_CENTER,21614,2021,1346585,1,2021/04/28 00:00:00+00,1899/12/30 00:00:00+00,8,REGION BIO BIO,8110,TALCAHUANO,32,COLISION LATERAL,30,COLISION,1,URBANA,15,CRUCE CON SEÑAL CEDA EL PASO,4,ALCOHOL EN CONDUCTOR,24,CONDUCCION EN ESTADO DE EBRIEDAD,0,ANIBAL PINTO,0,BULNES,ANIBAL PINTO - BULNES,0, , , , ,1,0,1,UNIDIRECCIONAL,1,CONCRETO,1,BUENO,1,SECO,1,DESPEJADO,0,0,0,2,1
-8139333.51603442,-4399371.41182073,4148,45781,1400219,-73.116877,-36.714394,176,TALCAHUANO,1,51706,2021,1400219,REGION BIO BIO,8110,TALCAHUANO,VALDIVIA, ,434,"VALDIVIA 434, TALCAHUANO",CHILE,RANGE_INTERPOLATED,70329,2021,1400219,1,2021/11/21 00:00:00+00,1899/12/30 00:00:00+00,8,REGION BIO BIO,8110,TALCAHUANO,63,CHOQUE FRENTE/POSTERIOR,40,CHOQUE,1,URBANA,1,TRAMO DE VIA RECTA,1,IMPRUDENCIA DEL CONDUCTOR,28,CONDUCCION SIN MANTENER DISTANCIA RAZONABLE NI PRUDENTE,0,VALDIVIA,0, ,- VALDIVIA,434, , , , ,1,1,2,BIDIRECCIONAL,1,CONCRETO,1,BUENO,1,SECO,1,DESPEJADO,0,0,0,0,3
-8139101.35923637,-4399364.17684176,4149,45782,1408416,-73.1147915,-36.7143419,176,TALCAHUANO,1,57820,2021,1408416,REGION BIO BIO,8110,TALCAHUANO,SAN MARTIN, ,260,"SAN MARTIN 260, TALCAHUANO",CHILE,RANGE_INTERPOLATED,78508,2021,1408416,1,2021/12/22 00:00:00+00,1899/12/30 00:00:00+00,8,REGION BIO BIO,8110,TALCAHUANO,10,ATROPELLO,10,ATROPELLO,1,URBANA,26,OTROS NO CONSIDERADOS,1,IMPRUDENCIA DEL CONDUCTOR,31,NO RESPETAR DERECHO PREFERENTE DE PASO A PEATON,0,SAN MARTIN,0, ,- SAN MARTIN,260, , , , ,1,1,2,BIDIRECCIONAL,1,CONCRETO,1,BUENO,1,SECO,1,DESPEJADO,0,0,0,0,2
-8141282.34183194,-4399355.67817791,4150,45783,1330276,-73.1343836,-36.7142807,176,TALCAHUANO,1,4399,2021,1330276,REGION BIO BIO,8110,TALCAHUANO,COLIUMO, ,1310,"COLIUMO 1310, TALCAHUANO",CHILE,RANGE_INTERPOLATED,6176,2021,1330276,1,2021/02/01 00:00:00+00,1899/12/30 00:00:00+00,8,REGION BIO BIO,8110,TALCAHUANO,10,ATROPELLO,10,ATROPELLO,1,URBANA,1,TRAMO DE VIA RECTA,1,IMPRUDENCIA DEL CONDUCTOR,27,CONDUCCION NO ATENTO CONDICIONES TRANSITO MOMENTO,0,COLIUMO,0, ,- COLIUMO,1310, , , , ,1,1,2,BIDIRECCIONAL,1,CONCRETO,1,BUENO,1,SECO,1,DESPEJADO,0,0,0,1,1
-8139284.75809745,-4399328.47416709,4151,45785,1378464,-73.116439,-36.7140848,176,TALCAHUANO,1,37485,2021,1378464,REGION BIO BIO,8110,TALCAHUANO,VALDIVIA, ,402,"VALDIVIA 402, TALCAHUANO",CHILE,RANGE_INTERPOLATED,51545,2021,1378464,1,2021/09/07 00:00:00+00,1899/12/30 00:00:00+00,8,REGION BIO BIO,8110,TALCAHUANO,63,CHOQUE FRENTE/POSTERIOR,40,CHOQUE,1,URBANA,11,CRUCE CON SEMAFORO FUNCIONANDO,1,IMPRUDENCIA DEL CONDUCTOR,28,CONDUCCION SIN MANTENER DISTANCIA RAZONABLE NI PRUDENTE,0,VALDIVIA,0, ,- VALDIVIA,402, , , , ,1,1,2,BIDIRECCIONAL,1,CONCRETO,1,BUENO,1,SECO,1,DESPEJADO,0,0,0,0,2
-8140753.8302855,-4399269.5393249,4152,45790,1356745,-73.1296359,-36.7136604,176,TALCAHUANO,1,23277,2021,1356745,REGION BIO BIO,8110,TALCAHUANO,LONCONAO, ,429,"LONCONAO 429, TALCAHUANO",CHILE,RANGE_INTERPOLATED,32076,2021,1356745,1,2021/06/16 00:00:00+00,1899/12/30 00:00:00+00,8,REGION BIO BIO,8110,TALCAHUANO,51,CHOQUE FRONTAL,40,CHOQUE,1,URBANA,1,TRAMO DE VIA RECTA,4,ALCOHOL EN CONDUCTOR,24,CONDUCCION EN ESTADO DE EBRIEDAD,0,LONCONAO,0, ,- LONCONAO,429, , , , ,1,1,2,BIDIRECCIONAL,1,CONCRETO,1,BUENO,1,SECO,1,DESPEJADO,0,0,0,0,1
-8139141.55670449,-4399269.01163457,4153,45791,1408010,-73.1151526,-36.7136566,176,TALCAHUANO,1,58269,2021,1408010,REGION BIO BIO,8110,TALCAHUANO,VALDIVIA, ,247,"VALDIVIA 247, TALCAHUANO",CHILE,RANGE_INTERPOLATED,79116,2021,1408010,1,2021/12/24 00:00:00+00,1899/12/30 00:00:00+00,8,REGION BIO BIO,8110,TALCAHUANO,51,CHOQUE FRONTAL,40,CHOQUE,1,URBANA,1,TRAMO DE VIA RECTA,9,PERDIDA CONTROL VEHICULO,95,PERDIDA CONTROL VEHICULO,0,VALDIVIA,0, ,- VALDIVIA,247, , , , ,1,1,2,BIDIRECCIONAL,1,CONCRETO,1,BUENO,1,SECO,1,DESPEJADO,0,0,0,0,1
-8139922.42953656,-4399243.82139495,4154,45792,1337873,-73.1221673,-36.7134752,176,TALCAHUANO,1,10225,2021,1337873,REGION BIO BIO,8110,TALCAHUANO,ANDRES BELLO, ,298,"ANDRES BELLO 298, TALCAHUANO",CHILE,RANGE_INTERPOLATED,14224,2021,1337873,1,2021/03/14 00:00:00+00,1899/12/30 00:00:00+00,8,REGION BIO BIO,8110,TALCAHUANO,51,CHOQUE FRONTAL,40,CHOQUE,1,URBANA,1,TRAMO DE VIA RECTA,12,FALLAS MECANICAS,1,FALLAS MECANICAS FRENOS,0,ANDRES BELLO,0, ,- ANDRES BELLO,298, , , , ,1,1,2,BIDIRECCIONAL,1,CONCRETO,1,BUENO,1,SECO,1,DESPEJADO,0,0,0,0,1