X,Y,FID,FID_1,LABELID,POINT_X,POINT_Y,FID_2,COMUNAREAL,VAL_COM,OBJECTID,A_O,IDACCIDENT,REGION,COD_COMUN,COMUNA,CALLE_UNO,CALLE_DOS,NUMERO,DIR_GEOCOD,PAIS,TIPO,OBJECTID_1,Año,Idaccide_1,Claseaccid,Fecha,Hora,Cód_Regi,Región,Cód_Comun,Comuna_1,Cód_Tipo_,Tipo_Accid,Cód_Tipo1,Tipo__CONA,Cód_Zona,Zona,Cód_Ubica,Ubicación,Cód_Causa,Causa__CON,Cód_Cau_1,Causa,Cód_Calle,Calle_Un_1,Cód_Cal_1,Calle_Do_1,Intersecci,Número,Ruta,Cód_Ruta,Ubicaci_1,Km_Vía_Fe,Pistas_de_,Pistas_de1,Cód_Calza,Calzada,Cód__Tipo,Tipo_Calza,Cód_Estad,Estado_Cal,Cód_Condi,Condición,Cód_Est_1,Estado_Atm,Fallecidos,Graves,Menos_Grav,Leves,Ilesos
-8142062.1014691,-4399109.09489372,4155,45793,1376161,-73.1413883,-36.712505,176,TALCAHUANO,1,35349,2021,1376161,REGION BIO BIO,8110,TALCAHUANO,PLAYA PINGUERAL,BAHIA INGLESA,0,"PLAYA PINGUERAL & BAHIA INGLESA, TALCAHUANO",CHILE,GEOMETRIC_CENTER,48687,2021,1376161,1,2021/08/26 00:00:00+00,1899/12/30 00:00:00+00,8,REGION BIO BIO,8110,TALCAHUANO,32,COLISION LATERAL,30,COLISION,1,URBANA,16,CRUCE SIN SEÑALIZACION,1,IMPRUDENCIA DEL CONDUCTOR,32,NO RESPETAR DERECHO PREFERENTE DE PASO A VEHICULO,0,PLAYA PINGUERAL,0,BAHIA INGLESA,BAHIA INGLESA - PLAYA PINGUERAL,0, , , , ,1,1,2,BIDIRECCIONAL,1,CONCRETO,1,BUENO,1,SECO,1,DESPEJADO,0,0,0,0,2
-8141535.64933324,-4399087.45993692,4156,45795,1336620,-73.1366591,-36.7123492,176,TALCAHUANO,1,9065,2021,1336620,REGION BIO BIO,8110,TALCAHUANO,CALETA PUERTO INGLES,SAN VICENTE,0,"CALETA PUERTO INGLES & SAN VICENTE, TALCAHUANO",CHILE,GEOMETRIC_CENTER,12660,2021,1336620,1,2021/03/06 00:00:00+00,1899/12/30 00:00:00+00,8,REGION BIO BIO,8110,TALCAHUANO,32,COLISION LATERAL,30,COLISION,1,URBANA,14,CRUCE CON SEÑAL PARE,10,DESOBEDIENCIA A SEÑALIZACION,65,SEÑALIZACION DESOBEDECER SEÑAL PARE,0,CALETA PUERTO INGLES,0,SAN VICENTE,CALETA PUERTO INGLES - SAN VICENTE,0, , , , ,1,1,2,BIDIRECCIONAL,1,CONCRETO,1,BUENO,1,SECO,1,DESPEJADO,0,0,0,0,2
-8139248.75737413,-4399082.57194249,4157,45796,1344306,-73.1161156,-36.712314,176,TALCAHUANO,1,14521,2021,1344306,REGION BIO BIO,8110,TALCAHUANO,SUBIDA EL PESCADOR, ,59,"SUBIDA EL PESCADOR 59, TALCAHUANO",CHILE,RANGE_INTERPOLATED,20019,2021,1344306,1,2021/04/19 00:00:00+00,1899/12/30 00:00:00+00,8,REGION BIO BIO,8110,TALCAHUANO,70,VOLCADURA,70,VOLCADURA,1,URBANA,1,TRAMO DE VIA RECTA,9,PERDIDA CONTROL VEHICULO,95,PERDIDA CONTROL VEHICULO,0,SUBIDA EL PESCADOR,0, ,- SUBIDA EL PESCADOR,59, , , , ,1,1,2,BIDIRECCIONAL,1,CONCRETO,1,BUENO,1,SECO,1,DESPEJADO,0,0,0,1,0
-8139248.75737413,-4399082.57194249,4158,45797,1367015,-73.1161156,-36.712314,176,TALCAHUANO,1,27825,2021,1367015,REGION BIO BIO,8110,TALCAHUANO,SUBIDA EL PESCADOR, ,539,"SUBIDA EL PESCADOR 539, TALCAHUANO",CHILE,RANGE_INTERPOLATED,38419,2021,1367015,1,2021/07/14 00:00:00+00,1899/12/30 00:00:00+00,8,REGION BIO BIO,8110,TALCAHUANO,32,COLISION LATERAL,30,COLISION,1,URBANA,1,TRAMO DE VIA RECTA,12,FALLAS MECANICAS,1,FALLAS MECANICAS FRENOS,0,SUBIDA EL PESCADOR,0, ,- SUBIDA EL PESCADOR,539, , , , ,1,1,2,BIDIRECCIONAL,1,CONCRETO,1,BUENO,1,SECO,1,DESPEJADO,0,0,0,1,2
-8139248.75737413,-4399082.57194249,4159,45798,1369204,-73.1161156,-36.712314,176,TALCAHUANO,1,31575,2021,1369204,REGION BIO BIO,8110,TALCAHUANO,SUBIDA EL PESCADOR, ,600,"SUBIDA EL PESCADOR 600, TALCAHUANO",CHILE,RANGE_INTERPOLATED,43592,2021,1369204,1,2021/08/05 00:00:00+00,1899/12/30 00:00:00+00,8,REGION BIO BIO,8110,TALCAHUANO,50,CHOQUE,40,CHOQUE,1,URBANA,2,TRAMO DE VIA CURVA HORIZONTAL,12,FALLAS MECANICAS,1,FALLAS MECANICAS FRENOS,0,SUBIDA EL PESCADOR,0, ,- SUBIDA EL PESCADOR,600, , , , ,1,1,2,BIDIRECCIONAL,1,CONCRETO,1,BUENO,1,SECO,1,DESPEJADO,2,2,2,13,2
-8139248.75737413,-4399082.57194249,4160,45799,1400606,-73.1161156,-36.712314,176,TALCAHUANO,1,51693,2021,1400606,REGION BIO BIO,8110,TALCAHUANO,SUBIDA EL PESCADOR, ,589,"SUBIDA EL PESCADOR 589, TALCAHUANO",CHILE,RANGE_INTERPOLATED,70312,2021,1400606,1,2021/11/21 00:00:00+00,1899/12/30 00:00:00+00,8,REGION BIO BIO,8110,TALCAHUANO,32,COLISION LATERAL,30,COLISION,1,URBANA,3,TRAMO DE VIA CURVA VERTICAL,9,PERDIDA CONTROL VEHICULO,95,PERDIDA CONTROL VEHICULO,0,SUBIDA EL PESCADOR,0, ,- SUBIDA EL PESCADOR,589, , , , ,1,1,2,BIDIRECCIONAL,1,CONCRETO,1,BUENO,1,SECO,1,DESPEJADO,0,1,0,0,1
-8142185.97779845,-4399047.3006854,4161,45802,1393261,-73.1425011,-36.71206,176,TALCAHUANO,1,47834,2021,1393261,REGION BIO BIO,8110,TALCAHUANO,PLAYA PINGUERAL, ,1638,"PLAYA PINGUERAL 1638, TALCAHUANO",CHILE,RANGE_INTERPOLATED,65265,2021,1393261,1,2021/11/02 00:00:00+00,1899/12/30 00:00:00+00,8,REGION BIO BIO,8110,TALCAHUANO,32,COLISION LATERAL,30,COLISION,1,URBANA,1,TRAMO DE VIA RECTA,1,IMPRUDENCIA DEL CONDUCTOR,11,ADELANTAMIENTO SIN EL ESPACIO O TIEMPO SUFICIENTE,0,PLAYA PINGUERAL,0, ,- PLAYA PINGUERAL,1638, , , , ,1,1,2,BIDIRECCIONAL,1,CONCRETO,1,BUENO,1,SECO,1,DESPEJADO,0,0,0,0,2
-8141697.25183802,-4399035.96947165,4162,45803,1356707,-73.1381108,-36.7119784,176,TALCAHUANO,1,22048,2021,1356707,REGION BIO BIO,8110,TALCAHUANO,SAN VICENTE, ,1305,"SAN VICENTE 1305, TALCAHUANO",CHILE,RANGE_INTERPOLATED,30384,2021,1356707,1,2021/06/08 00:00:00+00,1899/12/30 00:00:00+00,8,REGION BIO BIO,8110,TALCAHUANO,10,ATROPELLO,10,ATROPELLO,1,URBANA,1,TRAMO DE VIA RECTA,1,IMPRUDENCIA DEL CONDUCTOR,31,NO RESPETAR DERECHO PREFERENTE DE PASO A PEATON,0,SAN VICENTE,0, ,- SAN VICENTE,1305, , , , ,1,1,2,BIDIRECCIONAL,1,CONCRETO,1,BUENO,1,SECO,1,DESPEJADO,0,1,0,0,1
-8142375.93337754,-4398991.25573091,4163,45806,1353337,-73.1442075,-36.7116564,176,TALCAHUANO,1,20331,2021,1353337,REGION BIO BIO,8110,TALCAHUANO,BAHIA TUCAPEL,PINGUERAL,0,"BAHIA TUCAPEL & PINGUERAL, TALCAHUANO",CHILE,GEOMETRIC_CENTER,28015,2021,1353337,1,2021/05/29 00:00:00+00,1899/12/30 00:00:00+00,8,REGION BIO BIO,8110,TALCAHUANO,32,COLISION LATERAL,30,COLISION,1,URBANA,15,CRUCE CON SEÑAL CEDA EL PASO,10,DESOBEDIENCIA A SEÑALIZACION,64,SEÑALIZACION DESOBEDECER SEÑAL CEDA EL PASO,0,BAHIA TUCAPEL,0,PINGUERAL,BAHIA TUCAPEL - PINGUERAL,0, , , , ,1,1,2,BIDIRECCIONAL,1,CONCRETO,1,BUENO,1,SECO,1,DESPEJADO,0,1,0,0,1
-8141811.62148286,-4398981.50760486,4164,45807,1344188,-73.1391382,-36.7115862,176,TALCAHUANO,1,14430,2021,1344188,REGION BIO BIO,8110,TALCAHUANO,SAN VICENTE, ,1384,"SAN VICENTE 1384, TALCAHUANO",CHILE,RANGE_INTERPOLATED,19893,2021,1344188,1,2021/04/18 00:00:00+00,1899/12/30 00:00:00+00,8,REGION BIO BIO,8110,TALCAHUANO,70,VOLCADURA,70,VOLCADURA,1,URBANA,1,TRAMO DE VIA RECTA,9,PERDIDA CONTROL VEHICULO,95,PERDIDA CONTROL VEHICULO,0,SAN VICENTE,0, ,- SAN VICENTE,1384, , , , ,1,1,2,BIDIRECCIONAL,1,CONCRETO,1,BUENO,1,SECO,1,DESPEJADO,0,0,0,1,0
-8141973.45775858,-4398716.61749182,4165,45808,1372094,-73.140592,-36.7096786,176,TALCAHUANO,1,33256,2021,1372094,REGION BIO BIO,8110,TALCAHUANO,BAHIA SAN VICENTE, ,1540,"BAHIA SAN VICENTE 1540, TALCAHUANO",CHILE,RANGE_INTERPOLATED,45845,2021,1372094,1,2021/08/14 00:00:00+00,1899/12/30 00:00:00+00,8,REGION BIO BIO,8110,TALCAHUANO,53,CHOQUE POSTERIOR,40,CHOQUE,1,URBANA,1,TRAMO DE VIA RECTA,1,IMPRUDENCIA DEL CONDUCTOR,27,CONDUCCION NO ATENTO CONDICIONES TRANSITO MOMENTO,0,BAHIA SAN VICENTE,0, ,- BAHIA SAN VICENTE,1540, , , , ,1,1,2,BIDIRECCIONAL,1,CONCRETO,1,BUENO,1,SECO,1,DESPEJADO,0,0,0,0,1
-8140776.91794789,-4398600.2545494,4166,45809,1396445,-73.1298433,-36.7088406,176,TALCAHUANO,1,50491,2021,1396445,REGION BIO BIO,8110,TALCAHUANO,CALLE UNO, ,920,"CALLE UNO 920, TALCAHUANO",CHILE,RANGE_INTERPOLATED,68767,2021,1396445,1,2021/11/15 00:00:00+00,1899/12/30 00:00:00+00,8,REGION BIO BIO,8110,TALCAHUANO,32,COLISION LATERAL,30,COLISION,1,URBANA,1,TRAMO DE VIA RECTA,1,IMPRUDENCIA DEL CONDUCTOR,91,VIRAJES INDEBIDOS,0,CALLE UNO,0, ,- CALLE UNO,920, , , , ,1,1,2,BIDIRECCIONAL,1,CONCRETO,1,BUENO,1,SECO,1,DESPEJADO,0,0,0,0,2
-8139393.35026072,-4398538.33831722,4167,45810,1379055,-73.1174145,-36.7083947,176,TALCAHUANO,1,38442,2021,1379055,REGION BIO BIO,8110,TALCAHUANO,SUBIDA NORTE, ,132,"SUBIDA NORTE 132, TALCAHUANO",CHILE,RANGE_INTERPOLATED,52803,2021,1379055,1,2021/09/12 00:00:00+00,1899/12/30 00:00:00+00,8,REGION BIO BIO,8110,TALCAHUANO,67,CHOQUE POSTERIOR/FRENTE,40,CHOQUE,1,URBANA,1,TRAMO DE VIA RECTA,9,PERDIDA CONTROL VEHICULO,95,PERDIDA CONTROL VEHICULO,0,SUBIDA NORTE,0, ,- SUBIDA NORTE,132, , , , ,1,1,2,BIDIRECCIONAL,1,CONCRETO,1,BUENO,1,SECO,1,DESPEJADO,0,0,0,0,2
-8139341.93178792,-4396445.57544815,4168,45812,1366116,-73.1169526,-36.6933218,176,TALCAHUANO,1,28451,2021,1366116,REGION BIO BIO,8110,TALCAHUANO,BAHIA SAN VICENTE,MICHIMALONGO,0,"BAHIA SAN VICENTE & MICHIMALONGO, TALCAHUANO",CHILE,GEOMETRIC_CENTER,39304,2021,1366116,1,2021/07/18 00:00:00+00,1899/12/30 00:00:00+00,8,REGION BIO BIO,8110,TALCAHUANO,32,COLISION LATERAL,30,COLISION,1,URBANA,15,CRUCE CON SEÑAL CEDA EL PASO,10,DESOBEDIENCIA A SEÑALIZACION,64,SEÑALIZACION DESOBEDECER SEÑAL CEDA EL PASO,0,BAHIA SAN VICENTE,0,MICHIMALONGO,BAHIA SAN VICENTE - MICHIMALONGO,0, , , , ,1,1,2,BIDIRECCIONAL,1,CONCRETO,1,BUENO,1,SECO,1,DESPEJADO,0,0,0,0,2
-8139069.34375081,-4396164.2419086,4169,45813,1346579,-73.1145039,-36.6912953,176,TALCAHUANO,1,15618,2021,1346579,REGION BIO BIO,8110,TALCAHUANO,MICHIMALONGO, ,3755,"MICHIMALONGO 3755, TALCAHUANO",CHILE,RANGE_INTERPOLATED,21509,2021,1346579,1,2021/04/27 00:00:00+00,1899/12/30 00:00:00+00,8,REGION BIO BIO,8110,TALCAHUANO,63,CHOQUE FRENTE/POSTERIOR,40,CHOQUE,1,URBANA,1,TRAMO DE VIA RECTA,1,IMPRUDENCIA DEL CONDUCTOR,27,CONDUCCION NO ATENTO CONDICIONES TRANSITO MOMENTO,0,MICHIMALONGO,0, ,- MICHIMALONGO,3755, , , , ,1,1,2,BIDIRECCIONAL,1,CONCRETO,1,BUENO,1,SECO,1,DESPEJADO,0,0,0,0,2
-8139048.87209646,-4395946.03825164,4170,45814,1331222,-73.11432,-36.6897235,176,TALCAHUANO,1,5567,2021,1331222,REGION BIO BIO,8110,TALCAHUANO,MICHIMALONGO, ,3909,"MICHIMALONGO 3909, TALCAHUANO",CHILE,RANGE_INTERPOLATED,7771,2021,1331222,1,2021/02/10 00:00:00+00,1899/12/30 00:00:00+00,8,REGION BIO BIO,8110,TALCAHUANO,70,VOLCADURA,70,VOLCADURA,1,URBANA,1,TRAMO DE VIA RECTA,9,PERDIDA CONTROL VEHICULO,95,PERDIDA CONTROL VEHICULO,0,MICHIMALONGO,0, ,- MICHIMALONGO,3909, , , , ,1,1,2,BIDIRECCIONAL,1,CONCRETO,1,BUENO,1,SECO,1,DESPEJADO,0,0,0,1,0
-8139049.52888145,-4395762.22477546,4171,45815,1366430,-73.1143259,-36.6883994,176,TALCAHUANO,1,29165,2021,1366430,REGION BIO BIO,8110,TALCAHUANO,MICHIMALONGO, ,4045,"MICHIMALONGO 4045, TALCAHUANO",CHILE,RANGE_INTERPOLATED,40319,2021,1366430,1,2021/07/22 00:00:00+00,1899/12/30 00:00:00+00,8,REGION BIO BIO,8110,TALCAHUANO,63,CHOQUE FRENTE/POSTERIOR,40,CHOQUE,1,URBANA,1,TRAMO DE VIA RECTA,4,ALCOHOL EN CONDUCTOR,24,CONDUCCION EN ESTADO DE EBRIEDAD,0,MICHIMALONGO,0, ,- MICHIMALONGO,4045, , , , ,1,1,2,BIDIRECCIONAL,1,CONCRETO,1,BUENO,1,SECO,1,DESPEJADO,0,0,0,1,1
-8139171.50164752,-4395348.28469575,4172,45816,1328065,-73.1154216,-36.6854175,176,TALCAHUANO,1,3033,2021,1328065,REGION BIO BIO,8110,TALCAHUANO,MICHIMALONGO, ,4385,"MICHIMALONGO 4385, TALCAHUANO",CHILE,RANGE_INTERPOLATED,4174,2021,1328065,1,2021/01/21 00:00:00+00,1899/12/30 00:00:00+00,8,REGION BIO BIO,8110,TALCAHUANO,32,COLISION LATERAL,30,COLISION,1,URBANA,1,TRAMO DE VIA RECTA,4,ALCOHOL EN CONDUCTOR,24,CONDUCCION EN ESTADO DE EBRIEDAD,0,MICHIMALONGO,0, ,- MICHIMALONGO,4385, , , , ,1,1,2,BIDIRECCIONAL,1,CONCRETO,1,BUENO,1,SECO,1,DESPEJADO,0,0,0,0,2
-8139161.58308089,-4395219.95112161,4173,45817,1348113,-73.1153325,-36.684493,176,TALCAHUANO,1,17244,2021,1348113,REGION BIO BIO,8110,TALCAHUANO,MICHIMALONGO, ,4475,"MICHIMALONGO 4475, TALCAHUANO",CHILE,RANGE_INTERPOLATED,23775,2021,1348113,1,2021/05/08 00:00:00+00,1899/12/30 00:00:00+00,8,REGION BIO BIO,8110,TALCAHUANO,51,CHOQUE FRONTAL,40,CHOQUE,1,URBANA,1,TRAMO DE VIA RECTA,9,PERDIDA CONTROL VEHICULO,95,PERDIDA CONTROL VEHICULO,0,MICHIMALONGO,0, ,- MICHIMALONGO,4475, , , , ,1,1,2,BIDIRECCIONAL,1,CONCRETO,1,BUENO,1,SECO,1,DESPEJADO,0,0,0,0,1
-8139265.26605461,-4394910.80472107,4174,45818,1405427,-73.1162639,-36.6822659,176,TALCAHUANO,1,55228,2021,1405427,REGION BIO BIO,8110,TALCAHUANO,MICHIMALONGO, ,4725,"MICHIMALONGO 4725, TALCAHUANO",CHILE,RANGE_INTERPOLATED,75038,2021,1405427,1,2021/12/09 00:00:00+00,1899/12/30 00:00:00+00,8,REGION BIO BIO,8110,TALCAHUANO,32,COLISION LATERAL,30,COLISION,1,URBANA,1,TRAMO DE VIA RECTA,4,ALCOHOL EN CONDUCTOR,24,CONDUCCION EN ESTADO DE EBRIEDAD,0,MICHIMALONGO,0, ,- MICHIMALONGO,4725, , , , ,1,1,2,BIDIRECCIONAL,1,CONCRETO,1,BUENO,1,SECO,1,DESPEJADO,0,0,0,0,3
-8137225.95977497,-4389247.76744687,4175,45819,1388995,-73.0979445,-36.6414578,176,TALCAHUANO,1,42958,2021,1388995,REGION BIO BIO,8110,TALCAHUANO,EL PESCADOR, ,126,"EL PESCADOR 126, TALCAHUANO",CHILE,RANGE_INTERPOLATED,58792,2021,1388995,1,2021/10/07 00:00:00+00,1899/12/30 00:00:00+00,8,REGION BIO BIO,8110,TALCAHUANO,70,VOLCADURA,70,VOLCADURA,1,URBANA,1,TRAMO DE VIA RECTA,9,PERDIDA CONTROL VEHICULO,95,PERDIDA CONTROL VEHICULO,0,EL PESCADOR,0, ,- EL PESCADOR,126, , , , ,1,1,2,BIDIRECCIONAL,1,CONCRETO,1,BUENO,1,SECO,1,DESPEJADO,0,0,0,2,0
-8141637.79609799,-4424034.63135315,4176,41641,1330873,-73.1375767,-36.8917915,100,SAN PEDRO DE LA PAZ,1,4531,2021,1330873,REGION BIO BIO,8108,SAN PEDRO DE LA PAZ,CARLOS DROGUET, ,7756,"CARLOS DROGUET 7756, SAN PEDRO DE LA PAZ",CHILE,RANGE_INTERPOLATED,6360,2021,1330873,1,2021/02/02 00:00:00+00,1899/12/30 00:00:00+00,8,REGION BIO BIO,8108,SAN PEDRO DE LA PAZ,10,ATROPELLO,10,ATROPELLO,1,URBANA,1,TRAMO DE VIA RECTA,1,IMPRUDENCIA DEL CONDUCTOR,27,CONDUCCION NO ATENTO CONDICIONES TRANSITO MOMENTO,0,CARLOS DROGUET,0, ,- CARLOS DROGUET,7756, , , , ,1,1,2,BIDIRECCIONAL,1,CONCRETO,1,BUENO,1,SECO,1,DESPEJADO,0,0,0,1,1
-8142049.91198485,-4423995.76978174,4177,41642,1336919,-73.1412788,-36.8915123,100,SAN PEDRO DE LA PAZ,1,8752,2021,1336919,REGION BIO BIO,8108,SAN PEDRO DE LA PAZ,LOS MA??ªIOS,MARIA LUISA BOMBAL,0,"LOS MA??ªIOS & MARIA LUISA BOMBAL, SAN PEDRO DE LA PAZ",CHILE,GEOMETRIC_CENTER,12242,2021,1336919,1,2021/03/04 00:00:00+00,1899/12/30 00:00:00+00,8,REGION BIO BIO,8108,SAN PEDRO DE LA PAZ,32,COLISION LATERAL,30,COLISION,1,URBANA,14,CRUCE CON SEÑAL PARE,1,IMPRUDENCIA DEL CONDUCTOR,27,CONDUCCION NO ATENTO CONDICIONES TRANSITO MOMENTO,0,LOS MAÑIOS,0,MARIA LUISA BOMBAL,LOS MAÑIOS - MARIA LUISA BOMBAL,0, , , , ,1,1,2,BIDIRECCIONAL,1,CONCRETO,1,BUENO,1,SECO,1,DESPEJADO,0,0,0,0,2
-8141501.74141634,-4423922.75161189,4178,41643,1391671,-73.1363545,-36.8909877,100,SAN PEDRO DE LA PAZ,1,46063,2021,1391671,REGION BIO BIO,8108,SAN PEDRO DE LA PAZ,ROQUE ESTEBA SCARPA, ,355,"ROQUE ESTEBA SCARPA 355, SAN PEDRO DE LA PAZ",CHILE,RANGE_INTERPOLATED,62916,2021,1391671,1,2021/10/23 00:00:00+00,1899/12/30 00:00:00+00,8,REGION BIO BIO,8108,SAN PEDRO DE LA PAZ,10,ATROPELLO,10,ATROPELLO,1,URBANA,16,CRUCE SIN SEÑALIZACION,2,IMPRUDENCIA DEL PEATON,52,PEATON CRUZA CALZADA FORMA SORPRESIVA O DESCUIDADA,0,ROQUE ESTEBA SCARPA,0, ,- ROQUE ESTEBA SCARPA,355, , , , ,1,1,2,BIDIRECCIONAL,1,CONCRETO,1,BUENO,1,SECO,1,DESPEJADO,0,0,1,0,1
-8141983.04236674,-4423789.24351461,4179,41644,1333111,-73.1406781,-36.8900285,100,SAN PEDRO DE LA PAZ,1,5784,2021,1333111,REGION BIO BIO,8108,SAN PEDRO DE LA PAZ,LOS MA??ªIOS, ,7373,"LOS MA??ªIOS 7373, SAN PEDRO DE LA PAZ",CHILE,RANGE_INTERPOLATED,8081,2021,1333111,1,2021/02/12 00:00:00+00,1899/12/30 00:00:00+00,8,REGION BIO BIO,8108,SAN PEDRO DE LA PAZ,32,COLISION LATERAL,30,COLISION,1,URBANA,1,TRAMO DE VIA RECTA,1,IMPRUDENCIA DEL CONDUCTOR,91,VIRAJES INDEBIDOS,0,LOS MAÑIOS,0, ,- LOS MAÑIOS,7373, , , , ,1,1,2,BIDIRECCIONAL,1,CONCRETO,1,BUENO,1,SECO,1,DESPEJADO,0,1,0,0,1
-8142221.53324381,-4423514.22935885,4180,41645,1350083,-73.1428205,-36.8880526,100,SAN PEDRO DE LA PAZ,1,18139,2021,1350083,REGION BIO BIO,8108,SAN PEDRO DE LA PAZ,LOS LAGOS, ,172,"LOS LAGOS 172, SAN PEDRO DE LA PAZ",CHILE,RANGE_INTERPOLATED,24940,2021,1350083,1,2021/05/14 00:00:00+00,1899/12/30 00:00:00+00,8,REGION BIO BIO,8108,SAN PEDRO DE LA PAZ,31,COLISION FRONTAL,30,COLISION,1,URBANA,1,TRAMO DE VIA RECTA,1,IMPRUDENCIA DEL CONDUCTOR,27,CONDUCCION NO ATENTO CONDICIONES TRANSITO MOMENTO,0,LOS LAGOS,0, ,- LOS LAGOS,172, , , , ,1,1,2,BIDIRECCIONAL,1,CONCRETO,1,BUENO,1,SECO,1,DESPEJADO,0,0,0,0,1
-8141919.4121458,-4423411.86116228,4181,41646,1337424,-73.1401065,-36.8873171,100,SAN PEDRO DE LA PAZ,1,9542,2021,1337424,REGION BIO BIO,8108,SAN PEDRO DE LA PAZ,JERUSALEN,LOS MA??ªIOS,0,"JERUSALEN & LOS MA??ªIOS, SAN PEDRO DE LA PAZ",CHILE,GEOMETRIC_CENTER,13300,2021,1337424,1,2021/03/09 00:00:00+00,1899/12/30 00:00:00+00,8,REGION BIO BIO,8108,SAN PEDRO DE LA PAZ,10,ATROPELLO,10,ATROPELLO,1,URBANA,12,CRUCE CON SEMAFORO APAGADO,2,IMPRUDENCIA DEL PEATON,55,PEATON CRUZA CALZADA FUERA PASO PEATONES,0,JERUSALEN,0,LOS MAÑIOS,JERUSALEN - LOS MAÑIOS,0, , , , ,1,1,2,BIDIRECCIONAL,1,CONCRETO,1,BUENO,1,SECO,1,DESPEJADO,0,0,0,1,1
-8141919.4121458,-4423411.86116228,4182,41647,1351970,-73.1401065,-36.8873171,100,SAN PEDRO DE LA PAZ,1,19893,2021,1351970,REGION BIO BIO,8108,SAN PEDRO DE LA PAZ,LOS MA??ªIOS,JERUSALEN,0,"LOS MA??ªIOS & JERUSALEN, SAN PEDRO DE LA PAZ",CHILE,GEOMETRIC_CENTER,27376,2021,1351970,1,2021/05/26 00:00:00+00,1899/12/30 00:00:00+00,8,REGION BIO BIO,8108,SAN PEDRO DE LA PAZ,10,ATROPELLO,10,ATROPELLO,1,URBANA,11,CRUCE CON SEMAFORO FUNCIONANDO,1,IMPRUDENCIA DEL CONDUCTOR,27,CONDUCCION NO ATENTO CONDICIONES TRANSITO MOMENTO,0,LOS MAÑIOS,0,JERUSALEN,JERUSALEN - LOS MAÑIOS,0, , , , ,1,1,2,BIDIRECCIONAL,1,CONCRETO,1,BUENO,1,SECO,1,DESPEJADO,0,1,0,0,1
-8141938.31419533,-4423408.25637224,4183,41648,1381251,-73.1402763,-36.8872912,100,SAN PEDRO DE LA PAZ,1,37920,2021,1381251,REGION BIO BIO,8108,SAN PEDRO DE LA PAZ,LOS MA??ªIOS, ,7171,"LOS MA??ªIOS 7171, SAN PEDRO DE LA PAZ",CHILE,RANGE_INTERPOLATED,52108,2021,1381251,1,2021/09/09 00:00:00+00,1899/12/30 00:00:00+00,8,REGION BIO BIO,8108,SAN PEDRO DE LA PAZ,33,COLISION POR ALCANCE,30,COLISION,1,URBANA,14,CRUCE CON SEÑAL PARE,1,IMPRUDENCIA DEL CONDUCTOR,27,CONDUCCION NO ATENTO CONDICIONES TRANSITO MOMENTO,0,LOS MAÑIOS,0, ,- LOS MAÑIOS,7171, , , , ,1,1,2,BIDIRECCIONAL,1,CONCRETO,1,BUENO,1,SECO,1,DESPEJADO,0,0,0,0,2
-8141930.14334471,-4423365.01290527,4184,41649,1344449,-73.1402029,-36.8869805,100,SAN PEDRO DE LA PAZ,1,14535,2021,1344449,REGION BIO BIO,8108,SAN PEDRO DE LA PAZ,LAS ARAUCARIAS,LOS MA??ªIOS,0,"LAS ARAUCARIAS & LOS MA??ªIOS, SAN PEDRO DE LA PAZ",CHILE,GEOMETRIC_CENTER,20038,2021,1344449,1,2021/04/19 00:00:00+00,1899/12/30 00:00:00+00,8,REGION BIO BIO,8108,SAN PEDRO DE LA PAZ,33,COLISION POR ALCANCE,30,COLISION,1,URBANA,14,CRUCE CON SEÑAL PARE,7,VELOCIDAD IMPRUDENTE,73,"VELOCIDAD NO REDUCIR CRUCE DE CALLES, CUMBRE, CURVA, ETC.",0,LAS ARAUCARIAS,0,LOS MAÑIOS,LAS ARAUCARIAS - LOS MAÑIOS,0, , , , ,2,2,3,BIDIRECCIONAL CON BANDEJON,1,CONCRETO,1,BUENO,1,SECO,1,DESPEJADO,0,0,0,0,2
-8142062.44655952,-4423252.27730446,4185,41650,1328692,-73.1413914,-36.8861705,100,SAN PEDRO DE LA PAZ,1,3686,2021,1328692,REGION BIO BIO,8108,SAN PEDRO DE LA PAZ,BOSQUE MAR, ,57,"BOSQUE MAR 57, SAN PEDRO DE LA PAZ",CHILE,RANGE_INTERPOLATED,5087,2021,1328692,1,2021/01/26 00:00:00+00,1899/12/30 00:00:00+00,8,REGION BIO BIO,8108,SAN PEDRO DE LA PAZ,62,CHOQUE FRENTE/LADO,40,CHOQUE,1,URBANA,26,OTROS NO CONSIDERADOS,1,IMPRUDENCIA DEL CONDUCTOR,11,ADELANTAMIENTO SIN EL ESPACIO O TIEMPO SUFICIENTE,0,BOSQUE MAR,0, ,- BOSQUE MAR,57, , , , ,1,0,1,UNIDIRECCIONAL,1,CONCRETO,1,BUENO,1,SECO,1,DESPEJADO,0,0,0,0,1