X,Y,FID,FID_1,LABELID,POINT_X,POINT_Y,FID_2,COMUNAREAL,VAL_COM,OBJECTID,A_O,IDACCIDENT,REGION,COD_COMUN,COMUNA,CALLE_UNO,CALLE_DOS,NUMERO,DIR_GEOCOD,PAIS,TIPO,OBJECTID_1,Año,Idaccide_1,Claseaccid,Fecha,Hora,Cód_Regi,Región,Cód_Comun,Comuna_1,Cód_Tipo_,Tipo_Accid,Cód_Tipo1,Tipo__CONA,Cód_Zona,Zona,Cód_Ubica,Ubicación,Cód_Causa,Causa__CON,Cód_Cau_1,Causa,Cód_Calle,Calle_Un_1,Cód_Cal_1,Calle_Do_1,Intersecci,Número,Ruta,Cód_Ruta,Ubicaci_1,Km_Vía_Fe,Pistas_de_,Pistas_de1,Cód_Calza,Calzada,Cód__Tipo,Tipo_Calza,Cód_Estad,Estado_Cal,Cód_Condi,Condición,Cód_Est_1,Estado_Atm,Fallecidos,Graves,Menos_Grav,Leves,Ilesos
-8141490.46475192,-4423203.8987887,4186,41651,1333104,-73.1362532,-36.8858229,100,SAN PEDRO DE LA PAZ,1,5762,2021,1333104,REGION BIO BIO,8108,SAN PEDRO DE LA PAZ,LOS SAUCES,LOS NARANJOS,0,"LOS SAUCES & LOS NARANJOS, SAN PEDRO DE LA PAZ",CHILE,GEOMETRIC_CENTER,8043,2021,1333104,1,2021/02/11 00:00:00+00,1899/12/30 00:00:00+00,8,REGION BIO BIO,8108,SAN PEDRO DE LA PAZ,33,COLISION POR ALCANCE,30,COLISION,1,URBANA,1,TRAMO DE VIA RECTA,1,IMPRUDENCIA DEL CONDUCTOR,27,CONDUCCION NO ATENTO CONDICIONES TRANSITO MOMENTO,0,LOS SAUCES,0,LOS NARANJOS,LOS NARANJOS - LOS SAUCES,0, , , , ,1,1,2,BIDIRECCIONAL,1,CONCRETO,1,BUENO,1,SECO,1,DESPEJADO,0,0,0,0,2
-8141490.46475192,-4423203.8987887,4187,41652,1400940,-73.1362532,-36.8858229,100,SAN PEDRO DE LA PAZ,1,53664,2021,1400940,REGION BIO BIO,8108,SAN PEDRO DE LA PAZ,LOS NARANJOS,LOS SAUCES,0,"LOS NARANJOS & LOS SAUCES, SAN PEDRO DE LA PAZ",CHILE,GEOMETRIC_CENTER,72933,2021,1400940,1,2021/12/02 00:00:00+00,1899/12/30 00:00:00+00,8,REGION BIO BIO,8108,SAN PEDRO DE LA PAZ,32,COLISION LATERAL,30,COLISION,1,URBANA,14,CRUCE CON SEÑAL PARE,10,DESOBEDIENCIA A SEÑALIZACION,65,SEÑALIZACION DESOBEDECER SEÑAL PARE,0,LOS NARANJOS,0,LOS SAUCES,LOS NARANJOS - LOS SAUCES,0, , , , ,1,1,2,BIDIRECCIONAL,1,CONCRETO,1,BUENO,1,SECO,1,DESPEJADO,0,0,0,1,1
-8142517.33139475,-4423200.07138388,4188,41653,1381256,-73.1454777,-36.8857954,100,SAN PEDRO DE LA PAZ,1,37944,2021,1381256,REGION BIO BIO,8108,SAN PEDRO DE LA PAZ,VICENTE HUIDOBRO, ,7100,"VICENTE HUIDOBRO 7100, SAN PEDRO DE LA PAZ",CHILE,RANGE_INTERPOLATED,52143,2021,1381256,1,2021/09/09 00:00:00+00,1899/12/30 00:00:00+00,8,REGION BIO BIO,8108,SAN PEDRO DE LA PAZ,52,CHOQUE LATERAL,40,CHOQUE,1,URBANA,1,TRAMO DE VIA RECTA,1,IMPRUDENCIA DEL CONDUCTOR,27,CONDUCCION NO ATENTO CONDICIONES TRANSITO MOMENTO,0,VICENTE HUIDOBRO,0, ,- VICENTE HUIDOBRO,7100, , , , ,1,1,2,BIDIRECCIONAL,1,CONCRETO,1,BUENO,1,SECO,1,DESPEJADO,0,0,0,0,2
-8141812.93505285,-4423185.38807999,4189,41654,1323680,-73.13915,-36.8856899,100,SAN PEDRO DE LA PAZ,1,594,2021,1323680,REGION BIO BIO,8108,SAN PEDRO DE LA PAZ,LOS SAUCES, ,56,"LOS SAUCES 56, SAN PEDRO DE LA PAZ",CHILE,RANGE_INTERPOLATED,831,2021,1323680,1,2021/01/05 00:00:00+00,1899/12/30 00:00:00+00,8,REGION BIO BIO,8108,SAN PEDRO DE LA PAZ,63,CHOQUE FRENTE/POSTERIOR,40,CHOQUE,1,URBANA,26,OTROS NO CONSIDERADOS,14,OTRAS CAUSAS,98,OTRAS CAUSAS,0,LOS SAUCES,0, ,- LOS SAUCES,56, , , , ,1,0,1,UNIDIRECCIONAL,1,CONCRETO,1,BUENO,1,SECO,1,DESPEJADO,0,0,0,0,2
-8142992.76580798,-4423169.64704405,4190,41655,1356522,-73.1497486,-36.8855768,100,SAN PEDRO DE LA PAZ,1,22629,2021,1356522,REGION BIO BIO,8108,SAN PEDRO DE LA PAZ,COSTANERA, ,7488,"COSTANERA 7488, SAN PEDRO DE LA PAZ",CHILE,RANGE_INTERPOLATED,31162,2021,1356522,1,2021/06/12 00:00:00+00,1899/12/30 00:00:00+00,8,REGION BIO BIO,8108,SAN PEDRO DE LA PAZ,69,CHOQUE POSTERIOR/POSTERIOR,40,CHOQUE,1,URBANA,26,OTROS NO CONSIDERADOS,14,OTRAS CAUSAS,98,OTRAS CAUSAS,0,COSTANERA,0, ,- COSTANERA,7488, , , , ,1,1,2,BIDIRECCIONAL,1,CONCRETO,1,BUENO,1,SECO,1,DESPEJADO,0,0,0,0,2
-8142992.76580798,-4423169.64704405,4191,41656,1380921,-73.1497486,-36.8855768,100,SAN PEDRO DE LA PAZ,1,36697,2021,1380921,REGION BIO BIO,8108,SAN PEDRO DE LA PAZ,4 NORTE,COSTANERA,0,"4 NORTE & COSTANERA, SAN PEDRO DE LA PAZ",CHILE,GEOMETRIC_CENTER,50460,2021,1380921,1,2021/09/03 00:00:00+00,1899/12/30 00:00:00+00,8,REGION BIO BIO,8108,SAN PEDRO DE LA PAZ,52,CHOQUE LATERAL,40,CHOQUE,1,URBANA,15,CRUCE CON SEÑAL CEDA EL PASO,4,ALCOHOL EN CONDUCTOR,24,CONDUCCION EN ESTADO DE EBRIEDAD,0,4 NORTE,0,COSTANERA,4 NORTE - COSTANERA,0, , , , ,1,1,2,BIDIRECCIONAL,1,CONCRETO,1,BUENO,1,SECO,1,DESPEJADO,0,0,0,1,0
-8141677.57055205,-4423119.75187202,4192,41657,1391723,-73.137934,-36.8852183,100,SAN PEDRO DE LA PAZ,1,47060,2021,1391723,REGION BIO BIO,8108,SAN PEDRO DE LA PAZ,JAVIERA CARRERA, ,7081,"JAVIERA CARRERA 7081, SAN PEDRO DE LA PAZ",CHILE,RANGE_INTERPOLATED,64196,2021,1391723,1,2021/10/29 00:00:00+00,1899/12/30 00:00:00+00,8,REGION BIO BIO,8108,SAN PEDRO DE LA PAZ,67,CHOQUE POSTERIOR/FRENTE,40,CHOQUE,1,URBANA,1,TRAMO DE VIA RECTA,1,IMPRUDENCIA DEL CONDUCTOR,93,CONDUCIR VEHICULO EN RETROCESO,0,JAVIERA CARRERA,0, ,- JAVIERA CARRERA,7081, , , , ,1,1,2,BIDIRECCIONAL,1,CONCRETO,1,BUENO,1,SECO,1,DESPEJADO,0,0,0,0,1
-8140834.47012463,-4423058.5557982,4193,41658,1342409,-73.1303603,-36.8847786,100,SAN PEDRO DE LA PAZ,1,13349,2021,1342409,REGION BIO BIO,8108,SAN PEDRO DE LA PAZ,PABLO DE ROKHA,SUBSOLU,0,"PABLO DE ROKHA & SUBSOLU, SAN PEDRO DE LA PAZ",CHILE,GEOMETRIC_CENTER,18450,2021,1342409,1,2021/04/09 00:00:00+00,1899/12/30 00:00:00+00,8,REGION BIO BIO,8108,SAN PEDRO DE LA PAZ,33,COLISION POR ALCANCE,30,COLISION,1,URBANA,1,TRAMO DE VIA RECTA,1,IMPRUDENCIA DEL CONDUCTOR,27,CONDUCCION NO ATENTO CONDICIONES TRANSITO MOMENTO,0,PABLO DE ROKHA,0,SUBSOLU,PABLO DE ROKHA - SUBSOLU,0, , , , ,1,1,2,BIDIRECCIONAL,1,CONCRETO,1,BUENO,1,SECO,1,DESPEJADO,0,0,0,0,2
-8142153.48363909,-4423050.63665952,4194,41659,1373168,-73.1422092,-36.8847217,100,SAN PEDRO DE LA PAZ,1,30756,2021,1373168,REGION BIO BIO,8108,SAN PEDRO DE LA PAZ,PORTAL SAN PEDRO, ,7100,"PORTAL SAN PEDRO 7100, SAN PEDRO DE LA PAZ",CHILE,RANGE_INTERPOLATED,42520,2021,1373168,1,2021/08/01 00:00:00+00,1899/12/30 00:00:00+00,8,REGION BIO BIO,8108,SAN PEDRO DE LA PAZ,32,COLISION LATERAL,30,COLISION,1,URBANA,26,OTROS NO CONSIDERADOS,1,IMPRUDENCIA DEL CONDUCTOR,27,CONDUCCION NO ATENTO CONDICIONES TRANSITO MOMENTO,0,PORTAL SAN PEDRO,0, ,- PORTAL SAN PEDRO,7100, , , , ,1,1,2,BIDIRECCIONAL,1,CONCRETO,1,BUENO,1,SECO,1,DESPEJADO,0,0,0,0,3
-8142535.24270082,-4423037.69326454,4195,41660,1395095,-73.1456386,-36.8846287,100,SAN PEDRO DE LA PAZ,1,49555,2021,1395095,REGION BIO BIO,8108,SAN PEDRO DE LA PAZ,VICENTE HUIDOBRO, ,7160,"VICENTE HUIDOBRO 7160, SAN PEDRO DE LA PAZ",CHILE,RANGE_INTERPOLATED,67519,2021,1395095,1,2021/11/11 00:00:00+00,1899/12/30 00:00:00+00,8,REGION BIO BIO,8108,SAN PEDRO DE LA PAZ,63,CHOQUE FRENTE/POSTERIOR,40,CHOQUE,1,URBANA,16,CRUCE SIN SEÑALIZACION,4,ALCOHOL EN CONDUCTOR,24,CONDUCCION EN ESTADO DE EBRIEDAD,0,VICENTE HUIDOBRO,0, ,- VICENTE HUIDOBRO,7160, , , , ,2,2,3,BIDIRECCIONAL CON BANDEJON,2,ASFALTO,1,BUENO,1,SECO,1,DESPEJADO,0,0,0,1,1
-8142939.43263994,-4423016.42716165,4196,41661,1328720,-73.1492695,-36.8844759,100,SAN PEDRO DE LA PAZ,1,3970,2021,1328720,REGION BIO BIO,8108,SAN PEDRO DE LA PAZ,COSTANERA, ,3755,"COSTANERA 3755, SAN PEDRO DE LA PAZ",CHILE,RANGE_INTERPOLATED,5513,2021,1328720,1,2021/01/28 00:00:00+00,1899/12/30 00:00:00+00,8,REGION BIO BIO,8108,SAN PEDRO DE LA PAZ,51,CHOQUE FRONTAL,40,CHOQUE,1,URBANA,1,TRAMO DE VIA RECTA,9,PERDIDA CONTROL VEHICULO,95,PERDIDA CONTROL VEHICULO,0,COSTANERA,0, ,- COSTANERA,3755, , , , ,2,2,3,BIDIRECCIONAL CON BANDEJON,2,ASFALTO,1,BUENO,3,MOJADO,2,NUBLADO,0,0,0,2,2
-8141658.40133574,-4422894.80201525,4197,41662,1337430,-73.1377618,-36.883602,100,SAN PEDRO DE LA PAZ,1,9681,2021,1337430,REGION BIO BIO,8108,SAN PEDRO DE LA PAZ,JAVIERA CARRERA,VICTORIA,0,"JAVIERA CARRERA & VICTORIA, SAN PEDRO DE LA PAZ",CHILE,GEOMETRIC_CENTER,13503,2021,1337430,1,2021/03/10 00:00:00+00,1899/12/30 00:00:00+00,8,REGION BIO BIO,8108,SAN PEDRO DE LA PAZ,51,CHOQUE FRONTAL,40,CHOQUE,1,URBANA,1,TRAMO DE VIA RECTA,1,IMPRUDENCIA DEL CONDUCTOR,27,CONDUCCION NO ATENTO CONDICIONES TRANSITO MOMENTO,0,JAVIERA CARRERA,0,VICTORIA,JAVIERA CARRERA - VICTORIA,0, , , , ,1,1,2,BIDIRECCIONAL,1,CONCRETO,1,BUENO,1,SECO,1,DESPEJADO,0,0,0,0,1
-8142673.61282787,-4422885.64434803,4198,41663,1327131,-73.1468816,-36.8835362,100,SAN PEDRO DE LA PAZ,1,2706,2021,1327131,REGION BIO BIO,8108,SAN PEDRO DE LA PAZ,PARQUE NACIONAL TORRES DEL PAINE, ,7213,"PARQUE NACIONAL TORRES DEL PAINE 7213, SAN PEDRO DE LA PAZ",CHILE,RANGE_INTERPOLATED,3721,2021,1327131,1,2021/01/19 00:00:00+00,1899/12/30 00:00:00+00,8,REGION BIO BIO,8108,SAN PEDRO DE LA PAZ,67,CHOQUE POSTERIOR/FRENTE,40,CHOQUE,1,URBANA,1,TRAMO DE VIA RECTA,1,IMPRUDENCIA DEL CONDUCTOR,93,CONDUCIR VEHICULO EN RETROCESO,0,PARQUE NACIONAL TORRES DEL PAINE,0, ,- PARQUE NACIONAL TORRES DEL PAINE,7213, , , , ,2,2,2,BIDIRECCIONAL,2,ASFALTO,1,BUENO,1,SECO,1,DESPEJADO,0,0,0,0,2
-8141213.51299078,-4422862.22135363,4199,41664,1352576,-73.1337653,-36.8833679,100,SAN PEDRO DE LA PAZ,1,20276,2021,1352576,REGION BIO BIO,8108,SAN PEDRO DE LA PAZ,LOS CASTA??ªOS,PABLO NERUDA,0,"LOS CASTA??ªOS & PABLO NERUDA, SAN PEDRO DE LA PAZ",CHILE,GEOMETRIC_CENTER,27933,2021,1352576,1,2021/05/28 00:00:00+00,1899/12/30 00:00:00+00,8,REGION BIO BIO,8108,SAN PEDRO DE LA PAZ,32,COLISION LATERAL,30,COLISION,1,URBANA,14,CRUCE CON SEÑAL PARE,1,IMPRUDENCIA DEL CONDUCTOR,27,CONDUCCION NO ATENTO CONDICIONES TRANSITO MOMENTO,0,LOS CASTAÑOS,0,PABLO NERUDA,LOS CASTAÑOS - PABLO NERUDA,0, , , , ,1,1,2,BIDIRECCIONAL,1,CONCRETO,1,BUENO,1,SECO,1,DESPEJADO,0,0,0,0,2
-8141213.51299078,-4422862.22135363,4200,41665,1368573,-73.1337653,-36.8833679,100,SAN PEDRO DE LA PAZ,1,29243,2021,1368573,REGION BIO BIO,8108,SAN PEDRO DE LA PAZ,LOS CASTA??ªOS,PABLO NERUDA,0,"LOS CASTA??ªOS & PABLO NERUDA, SAN PEDRO DE LA PAZ",CHILE,GEOMETRIC_CENTER,40433,2021,1368573,1,2021/07/23 00:00:00+00,1899/12/30 00:00:00+00,8,REGION BIO BIO,8108,SAN PEDRO DE LA PAZ,32,COLISION LATERAL,30,COLISION,1,URBANA,16,CRUCE SIN SEÑALIZACION,1,IMPRUDENCIA DEL CONDUCTOR,31,NO RESPETAR DERECHO PREFERENTE DE PASO A PEATON,0,LOS CASTAÑOS,0,PABLO NERUDA,LOS CASTAÑOS - PABLO NERUDA,0, , , , ,1,1,2,BIDIRECCIONAL,1,CONCRETO,1,BUENO,1,SECO,1,DESPEJADO,0,0,0,1,1
-8141213.51299078,-4422862.22135363,4201,41666,1394249,-73.1337653,-36.8833679,100,SAN PEDRO DE LA PAZ,1,48932,2021,1394249,REGION BIO BIO,8108,SAN PEDRO DE LA PAZ,LOS CASTA??ªOS,PABLO NERUDA,0,"LOS CASTA??ªOS & PABLO NERUDA, SAN PEDRO DE LA PAZ",CHILE,GEOMETRIC_CENTER,66726,2021,1394249,1,2021/11/08 00:00:00+00,1899/12/30 00:00:00+00,8,REGION BIO BIO,8108,SAN PEDRO DE LA PAZ,31,COLISION FRONTAL,30,COLISION,1,URBANA,14,CRUCE CON SEÑAL PARE,10,DESOBEDIENCIA A SEÑALIZACION,65,SEÑALIZACION DESOBEDECER SEÑAL PARE,0,LOS CASTAÑOS,0,PABLO NERUDA,LOS CASTAÑOS - PABLO NERUDA,0, , , , ,1,1,2,BIDIRECCIONAL,1,CONCRETO,1,BUENO,1,SECO,1,DESPEJADO,0,0,0,0,2
-8142160.6526143,-4422724.14781727,4202,41667,1354769,-73.1422736,-36.8823758,100,SAN PEDRO DE LA PAZ,1,20864,2021,1354769,REGION BIO BIO,8108,SAN PEDRO DE LA PAZ,LOS PARQUES,LOS HELECHOS,0,"LOS PARQUES & LOS HELECHOS, SAN PEDRO DE LA PAZ",CHILE,GEOMETRIC_CENTER,28760,2021,1354769,1,2021/06/01 00:00:00+00,1899/12/30 00:00:00+00,8,REGION BIO BIO,8108,SAN PEDRO DE LA PAZ,10,ATROPELLO,10,ATROPELLO,1,URBANA,15,CRUCE CON SEÑAL CEDA EL PASO,1,IMPRUDENCIA DEL CONDUCTOR,27,CONDUCCION NO ATENTO CONDICIONES TRANSITO MOMENTO,0,LOS PARQUES,0,LOS HELECHOS,LOS HELECHOS - LOS PARQUES,0, , , , ,1,1,2,BIDIRECCIONAL,1,CONCRETO,1,BUENO,1,SECO,1,DESPEJADO,0,0,0,1,1
-8142824.3839462,-4422674.49132837,4203,41668,1381817,-73.148236,-36.882019,100,SAN PEDRO DE LA PAZ,1,38753,2021,1381817,REGION BIO BIO,8108,SAN PEDRO DE LA PAZ,COSTANERA,LOS PARQUES,0,"COSTANERA & LOS PARQUES, SAN PEDRO DE LA PAZ",CHILE,GEOMETRIC_CENTER,53241,2021,1381817,1,2021/09/14 00:00:00+00,1899/12/30 00:00:00+00,8,REGION BIO BIO,8108,SAN PEDRO DE LA PAZ,31,COLISION FRONTAL,30,COLISION,1,URBANA,1,TRAMO DE VIA RECTA,1,IMPRUDENCIA DEL CONDUCTOR,27,CONDUCCION NO ATENTO CONDICIONES TRANSITO MOMENTO,0,COSTANERA,0,LOS PARQUES,COSTANERA - LOS PARQUES,0, , , , ,2,2,3,BIDIRECCIONAL CON BANDEJON,1,CONCRETO,1,BUENO,1,SECO,1,DESPEJADO,0,0,0,0,2
-8141178.71451796,-4422659.97575618,4204,41669,1381564,-73.1334527,-36.8819147,100,SAN PEDRO DE LA PAZ,1,38668,2021,1381564,REGION BIO BIO,8108,SAN PEDRO DE LA PAZ,LOS CASTA??ªOS,GABRIELA MISTRAL,0,"LOS CASTA??ªOS & GABRIELA MISTRAL, SAN PEDRO DE LA PAZ",CHILE,GEOMETRIC_CENTER,53130,2021,1381564,1,2021/09/13 00:00:00+00,1899/12/30 00:00:00+00,8,REGION BIO BIO,8108,SAN PEDRO DE LA PAZ,34,COLISION PERPENDICULAR,30,COLISION,1,URBANA,1,TRAMO DE VIA RECTA,1,IMPRUDENCIA DEL CONDUCTOR,27,CONDUCCION NO ATENTO CONDICIONES TRANSITO MOMENTO,0,LOS CASTAÑOS,0,GABRIELA MISTRAL,GABRIELA MISTRAL - LOS CASTAÑOS,0, , , , ,1,1,2,BIDIRECCIONAL,2,ASFALTO,1,BUENO,1,SECO,1,DESPEJADO,0,0,0,0,2
-8141178.71451796,-4422659.97575618,4205,41670,1381643,-73.1334527,-36.8819147,100,SAN PEDRO DE LA PAZ,1,38675,2021,1381643,REGION BIO BIO,8108,SAN PEDRO DE LA PAZ,LOS CASTA??ªOS,GABRIELA MISTRAL,0,"LOS CASTA??ªOS & GABRIELA MISTRAL, SAN PEDRO DE LA PAZ",CHILE,GEOMETRIC_CENTER,53140,2021,1381643,1,2021/09/13 00:00:00+00,1899/12/30 00:00:00+00,8,REGION BIO BIO,8108,SAN PEDRO DE LA PAZ,63,CHOQUE FRENTE/POSTERIOR,40,CHOQUE,1,URBANA,14,CRUCE CON SEÑAL PARE,1,IMPRUDENCIA DEL CONDUCTOR,27,CONDUCCION NO ATENTO CONDICIONES TRANSITO MOMENTO,0,LOS CASTAÑOS,0,GABRIELA MISTRAL,GABRIELA MISTRAL - LOS CASTAÑOS,0, , , , ,1,1,2,BIDIRECCIONAL,2,ASFALTO,1,BUENO,1,SECO,1,DESPEJADO,0,1,0,0,1
-8141401.73198581,-4422531.09003515,4206,41671,1359309,-73.1354561,-36.8809886,100,SAN PEDRO DE LA PAZ,1,24324,2021,1359309,REGION BIO BIO,8108,SAN PEDRO DE LA PAZ,MANUEL RODRIGUEZ, ,258,"MANUEL RODRIGUEZ 258, SAN PEDRO DE LA PAZ",CHILE,RANGE_INTERPOLATED,33541,2021,1359309,1,2021/06/23 00:00:00+00,1899/12/30 00:00:00+00,8,REGION BIO BIO,8108,SAN PEDRO DE LA PAZ,33,COLISION POR ALCANCE,30,COLISION,1,URBANA,1,TRAMO DE VIA RECTA,1,IMPRUDENCIA DEL CONDUCTOR,93,CONDUCIR VEHICULO EN RETROCESO,0,MANUEL RODRIGUEZ,0, ,- MANUEL RODRIGUEZ,258, , , , ,1,1,2,BIDIRECCIONAL,1,CONCRETO,1,BUENO,1,SECO,1,DESPEJADO,0,0,0,0,2
-8141786.02913193,-4422440.28227818,4207,41672,1365878,-73.1389083,-36.8803361,100,SAN PEDRO DE LA PAZ,1,29584,2021,1365878,REGION BIO BIO,8108,SAN PEDRO DE LA PAZ,RUTA 160,MANUEL RODRIGUEZ,0,"RUTA 160 & MANUEL RODRIGUEZ, SAN PEDRO DE LA PAZ",CHILE,GEOMETRIC_CENTER,40909,2021,1365878,1,2021/07/25 00:00:00+00,1899/12/30 00:00:00+00,8,REGION BIO BIO,8108,SAN PEDRO DE LA PAZ,50,CHOQUE,40,CHOQUE,1,URBANA,11,CRUCE CON SEMAFORO FUNCIONANDO,1,IMPRUDENCIA DEL CONDUCTOR,28,CONDUCCION SIN MANTENER DISTANCIA RAZONABLE NI PRUDENTE,0,RUTA 160,0,MANUEL RODRIGUEZ,MANUEL RODRIGUEZ - RUTA 160,0, , , , ,2,2,3,BIDIRECCIONAL CON BANDEJON,1,CONCRETO,1,BUENO,3,MOJADO,3,LLUVIA,0,0,0,0,2
-8142260.87355186,-4422357.7139981,4208,41673,1349166,-73.1431739,-36.8797428,100,SAN PEDRO DE LA PAZ,1,17175,2021,1349166,REGION BIO BIO,8108,SAN PEDRO DE LA PAZ,LAS BELLOTAS, ,6755,"LAS BELLOTAS 6755, SAN PEDRO DE LA PAZ",CHILE,RANGE_INTERPOLATED,23668,2021,1349166,1,2021/05/08 00:00:00+00,1899/12/30 00:00:00+00,8,REGION BIO BIO,8108,SAN PEDRO DE LA PAZ,66,CHOQUE LADO/POSTERIOR,40,CHOQUE,1,URBANA,1,TRAMO DE VIA RECTA,1,IMPRUDENCIA DEL CONDUCTOR,27,CONDUCCION NO ATENTO CONDICIONES TRANSITO MOMENTO,0,LAS BELLOTAS,0, ,- LAS BELLOTAS,6755, , , , ,1,1,2,BIDIRECCIONAL,1,CONCRETO,1,BUENO,1,SECO,1,DESPEJADO,0,0,0,0,2
-8141680.13090034,-4422293.30756662,4209,41674,1405258,-73.137957,-36.87928,100,SAN PEDRO DE LA PAZ,1,56849,2021,1405258,REGION BIO BIO,8108,SAN PEDRO DE LA PAZ,LOS MA??ªIOS, ,6377,"LOS MA??ªIOS 6377, SAN PEDRO DE LA PAZ",CHILE,RANGE_INTERPOLATED,77235,2021,1405258,1,2021/12/18 00:00:00+00,1899/12/30 00:00:00+00,8,REGION BIO BIO,8108,SAN PEDRO DE LA PAZ,51,CHOQUE FRONTAL,40,CHOQUE,1,URBANA,1,TRAMO DE VIA RECTA,9,PERDIDA CONTROL VEHICULO,95,PERDIDA CONTROL VEHICULO,0,LOS MAÑIOS,0, ,- LOS MAÑIOS,6377, , , , ,1,1,2,BIDIRECCIONAL,2,ASFALTO,1,BUENO,1,SECO,1,DESPEJADO,0,0,0,0,1
-8141507.50776597,-4422217.15595415,4210,41675,1373345,-73.1364063,-36.8787328,100,SAN PEDRO DE LA PAZ,1,33415,2021,1373345,REGION BIO BIO,8108,SAN PEDRO DE LA PAZ,JERUSALEN,JAVIERA CARRERA,0,"JERUSALEN & JAVIERA CARRERA, SAN PEDRO DE LA PAZ",CHILE,GEOMETRIC_CENTER,46061,2021,1373345,1,2021/08/15 00:00:00+00,1899/12/30 00:00:00+00,8,REGION BIO BIO,8108,SAN PEDRO DE LA PAZ,33,COLISION POR ALCANCE,30,COLISION,1,URBANA,14,CRUCE CON SEÑAL PARE,4,ALCOHOL EN CONDUCTOR,24,CONDUCCION EN ESTADO DE EBRIEDAD,0,JERUSALEN,0,JAVIERA CARRERA,JAVIERA CARRERA - JERUSALEN,0, , , , ,1,1,2,BIDIRECCIONAL,1,CONCRETO,1,BUENO,1,SECO,1,DESPEJADO,0,0,0,0,2
-8140898.9241098,-4422152.54162753,4211,41676,1341069,-73.1309393,-36.8782685,100,SAN PEDRO DE LA PAZ,1,11784,2021,1341069,REGION BIO BIO,8108,SAN PEDRO DE LA PAZ,ALGARROBO, ,6980,"ALGARROBO 6980, SAN PEDRO DE LA PAZ",CHILE,RANGE_INTERPOLATED,16310,2021,1341069,1,2021/03/25 00:00:00+00,1899/12/30 00:00:00+00,8,REGION BIO BIO,8108,SAN PEDRO DE LA PAZ,51,CHOQUE FRONTAL,40,CHOQUE,1,URBANA,1,TRAMO DE VIA RECTA,4,ALCOHOL EN CONDUCTOR,21,CONDUCCION BAJO LA INFLUENCIA DEL ALCOHOL,0,ALGARROBO,0, ,- ALGARROBO,6980, , , , ,1,1,2,BIDIRECCIONAL,1,CONCRETO,1,BUENO,1,SECO,1,DESPEJADO,0,0,0,0,1
-8141492.80246123,-4421964.67105932,4212,41677,1395941,-73.1362742,-36.8769185,100,SAN PEDRO DE LA PAZ,1,50505,2021,1395941,REGION BIO BIO,8108,SAN PEDRO DE LA PAZ,JAVIERA CARRERA,LA FORESTA,0,"JAVIERA CARRERA & LA FORESTA, SAN PEDRO DE LA PAZ",CHILE,GEOMETRIC_CENTER,68782,2021,1395941,1,2021/11/15 00:00:00+00,1899/12/30 00:00:00+00,8,REGION BIO BIO,8108,SAN PEDRO DE LA PAZ,34,COLISION PERPENDICULAR,30,COLISION,1,URBANA,14,CRUCE CON SEÑAL PARE,10,DESOBEDIENCIA A SEÑALIZACION,65,SEÑALIZACION DESOBEDECER SEÑAL PARE,0,JAVIERA CARRERA,0,LA FORESTA,JAVIERA CARRERA - LA FORESTA,0, , , , ,1,1,2,BIDIRECCIONAL,2,ASFALTO,1,BUENO,1,SECO,1,DESPEJADO,0,0,0,2,1
-8133699.74792486,-4421298.5505345,4213,41678,1367265,-73.066268,-36.8721317,100,SAN PEDRO DE LA PAZ,1,28096,2021,1367265,REGION BIO BIO,8108,SAN PEDRO DE LA PAZ,ERNESTO PINTO LAGARRIGUE, ,3515,"ERNESTO PINTO LAGARRIGUE 3515, SAN PEDRO DE LA PAZ",CHILE,RANGE_INTERPOLATED,38809,2021,1367265,1,2021/07/16 00:00:00+00,1899/12/30 00:00:00+00,8,REGION BIO BIO,8108,SAN PEDRO DE LA PAZ,30,COLISION,30,COLISION,1,URBANA,1,TRAMO DE VIA RECTA,13,CAUSAS NO DETERMINADAS,97,CAUSAS NO DETERMINADAS,0,ERNESTO PINTO LAGARRIGUE,0, ,- ERNESTO PINTO LAGARRIGUE,3515, , , , ,1,1,2,BIDIRECCIONAL,2,ASFALTO,1,BUENO,3,MOJADO,1,DESPEJADO,0,0,0,6,1
-8139479.82324117,-4420978.71118067,4214,41679,1368238,-73.1181913,-36.8698332,100,SAN PEDRO DE LA PAZ,1,28017,2021,1368238,REGION BIO BIO,8108,SAN PEDRO DE LA PAZ,PROGRESO,CALLEJON LAGUNILLAS,0,"PROGRESO & CALLEJON LAGUNILLAS, SAN PEDRO DE LA PAZ",CHILE,GEOMETRIC_CENTER,38701,2021,1368238,1,2021/07/15 00:00:00+00,1899/12/30 00:00:00+00,8,REGION BIO BIO,8108,SAN PEDRO DE LA PAZ,51,CHOQUE FRONTAL,40,CHOQUE,1,URBANA,1,TRAMO DE VIA RECTA,1,IMPRUDENCIA DEL CONDUCTOR,27,CONDUCCION NO ATENTO CONDICIONES TRANSITO MOMENTO,0,PROGRESO,0,CALLEJON LAGUNILLAS,CALLEJON LAGUNILLAS - PROGRESO,0, , , , ,1,1,2,BIDIRECCIONAL,1,CONCRETO,1,BUENO,1,SECO,1,DESPEJADO,0,0,0,0,1
-8141592.21076651,-4420579.63863361,4215,41680,1332770,-73.1371672,-36.8669652,100,SAN PEDRO DE LA PAZ,1,6645,2021,1332770,REGION BIO BIO,8108,SAN PEDRO DE LA PAZ,RUTA 160,CAMINO VALLE VICTORIA,0,"RUTA 160 & CAMINO VALLE VICTORIA, SAN PEDRO DE LA PAZ",CHILE,GEOMETRIC_CENTER,9323,2021,1332770,1,2021/02/18 00:00:00+00,1899/12/30 00:00:00+00,8,REGION BIO BIO,8108,SAN PEDRO DE LA PAZ,30,COLISION,30,COLISION,1,URBANA,26,OTROS NO CONSIDERADOS,13,CAUSAS NO DETERMINADAS,97,CAUSAS NO DETERMINADAS,0,RUTA 160,0,CAMINO VALLE VICTORIA,CAMINO VALLE VICTORIA - RUTA 160,0, , , , ,2,0,1,UNIDIRECCIONAL,1,CONCRETO,1,BUENO,1,SECO,1,DESPEJADO,0,0,0,0,2