X,Y,FID,FID_1,LABELID,POINT_X,POINT_Y,FID_2,COMUNAREAL,VAL_COM,OBJECTID,A_O,IDACCIDENT,REGION,COD_COMUN,COMUNA,CALLE_UNO,CALLE_DOS,NUMERO,DIR_GEOCOD,PAIS,TIPO,OBJECTID_1,Año,Idaccide_1,Claseaccid,Fecha,Hora,Cód_Regi,Región,Cód_Comun,Comuna_1,Cód_Tipo_,Tipo_Accid,Cód_Tipo1,Tipo__CONA,Cód_Zona,Zona,Cód_Ubica,Ubicación,Cód_Causa,Causa__CON,Cód_Cau_1,Causa,Cód_Calle,Calle_Un_1,Cód_Cal_1,Calle_Do_1,Intersecci,Número,Ruta,Cód_Ruta,Ubicaci_1,Km_Vía_Fe,Pistas_de_,Pistas_de1,Cód_Calza,Calzada,Cód__Tipo,Tipo_Calza,Cód_Estad,Estado_Cal,Cód_Condi,Condición,Cód_Est_1,Estado_Atm,Fallecidos,Graves,Menos_Grav,Leves,Ilesos
-8141488.59458448,-4420527.72412555,4216,41681,1368302,-73.1362364,-36.8665921,100,SAN PEDRO DE LA PAZ,1,26277,2021,1368302,REGION BIO BIO,8108,SAN PEDRO DE LA PAZ,PORTAL, ,4850,"PORTAL 4850, SAN PEDRO DE LA PAZ",CHILE,RANGE_INTERPOLATED,36261,2021,1368302,1,2021/07/06 00:00:00+00,1899/12/30 00:00:00+00,8,REGION BIO BIO,8108,SAN PEDRO DE LA PAZ,67,CHOQUE POSTERIOR/FRENTE,40,CHOQUE,1,URBANA,1,TRAMO DE VIA RECTA,1,IMPRUDENCIA DEL CONDUCTOR,27,CONDUCCION NO ATENTO CONDICIONES TRANSITO MOMENTO,0,PORTAL,0, ,- PORTAL,4850, , , , ,1,1,2,BIDIRECCIONAL,1,CONCRETO,1,BUENO,1,SECO,1,DESPEJADO,0,0,0,1,1
-8141488.59458448,-4420527.72412555,4217,41682,1393738,-73.1362364,-36.8665921,100,SAN PEDRO DE LA PAZ,1,48678,2021,1393738,REGION BIO BIO,8108,SAN PEDRO DE LA PAZ,PASAJE TRECE A,LATERAL,0,"PASAJE TRECE A & LATERAL, SAN PEDRO DE LA PAZ",CHILE,GEOMETRIC_CENTER,66359,2021,1393738,1,2021/11/06 00:00:00+00,1899/12/30 00:00:00+00,8,REGION BIO BIO,8108,SAN PEDRO DE LA PAZ,32,COLISION LATERAL,30,COLISION,1,URBANA,16,CRUCE SIN SEÑALIZACION,1,IMPRUDENCIA DEL CONDUCTOR,93,CONDUCIR VEHICULO EN RETROCESO,0,PASAJE TRECE A,0,LATERAL,LATERAL - PASAJE TRECE A,0, , , , ,1,0,1,UNIDIRECCIONAL,1,CONCRETO,1,BUENO,1,SECO,1,DESPEJADO,0,0,0,0,2
-8137027.62183823,-4420138.95081929,4218,41683,1340600,-73.0961628,-36.863798,100,SAN PEDRO DE LA PAZ,1,8119,2021,1340600,REGION BIO BIO,8108,SAN PEDRO DE LA PAZ,CAMINO EL VENADO,MOLCO,0,"CAMINO EL VENADO & MOLCO, SAN PEDRO DE LA PAZ",CHILE,GEOMETRIC_CENTER,11406,2021,1340600,1,2021/03/01 00:00:00+00,1899/12/30 00:00:00+00,8,REGION BIO BIO,8108,SAN PEDRO DE LA PAZ,51,CHOQUE FRONTAL,40,CHOQUE,1,URBANA,1,TRAMO DE VIA RECTA,13,CAUSAS NO DETERMINADAS,97,CAUSAS NO DETERMINADAS,0,CAMINO EL VENADO,0,MOLCO,CAMINO EL VENADO - MOLCO,0, , , , ,2,2,2,BIDIRECCIONAL,2,ASFALTO,1,BUENO,1,SECO,1,DESPEJADO,0,0,0,0,1
-8137027.62183823,-4420138.95081929,4219,41684,1396751,-73.0961628,-36.863798,100,SAN PEDRO DE LA PAZ,1,47925,2021,1396751,REGION BIO BIO,8108,SAN PEDRO DE LA PAZ,CAMINO EL VENADO,MOLCO,0,"CAMINO EL VENADO & MOLCO, SAN PEDRO DE LA PAZ",CHILE,GEOMETRIC_CENTER,65388,2021,1396751,1,2021/11/03 00:00:00+00,1899/12/30 00:00:00+00,8,REGION BIO BIO,8108,SAN PEDRO DE LA PAZ,30,COLISION,30,COLISION,1,URBANA,2,TRAMO DE VIA CURVA HORIZONTAL,13,CAUSAS NO DETERMINADAS,97,CAUSAS NO DETERMINADAS,0,CAMINO EL VENADO,0,MOLCO,CAMINO EL VENADO - MOLCO,0, , , , ,2,0,1,UNIDIRECCIONAL,2,ASFALTO,1,BUENO,1,SECO,1,DESPEJADO,0,0,0,0,1
-8142128.59260095,-4419408.34703176,4220,41685,1325867,-73.1419856,-36.8585469,100,SAN PEDRO DE LA PAZ,1,1861,2021,1325867,REGION BIO BIO,8108,SAN PEDRO DE LA PAZ,NICANOR PARRA, ,3993,"NICANOR PARRA 3993, SAN PEDRO DE LA PAZ",CHILE,RANGE_INTERPOLATED,2553,2021,1325867,1,2021/01/13 00:00:00+00,1899/12/30 00:00:00+00,8,REGION BIO BIO,8108,SAN PEDRO DE LA PAZ,32,COLISION LATERAL,30,COLISION,1,URBANA,15,CRUCE CON SEÑAL CEDA EL PASO,1,IMPRUDENCIA DEL CONDUCTOR,27,CONDUCCION NO ATENTO CONDICIONES TRANSITO MOMENTO,0,NICANOR PARRA,0, ,- NICANOR PARRA,3993, , , , ,1,1,2,BIDIRECCIONAL,1,CONCRETO,1,BUENO,1,SECO,1,DESPEJADO,0,0,0,1,1
-8141138.21648721,-4419332.75868079,4221,41686,1405284,-73.1330889,-36.8580036,100,SAN PEDRO DE LA PAZ,1,56577,2021,1405284,REGION BIO BIO,8108,SAN PEDRO DE LA PAZ,LOS MA??ªIOS,2 PONIENTE,0,"LOS MA??ªIOS & 2 PONIENTE, SAN PEDRO DE LA PAZ",CHILE,GEOMETRIC_CENTER,76874,2021,1405284,1,2021/12/16 00:00:00+00,1899/12/30 00:00:00+00,8,REGION BIO BIO,8108,SAN PEDRO DE LA PAZ,62,CHOQUE FRENTE/LADO,40,CHOQUE,1,URBANA,16,CRUCE SIN SEÑALIZACION,9,PERDIDA CONTROL VEHICULO,95,PERDIDA CONTROL VEHICULO,0,LOS MAÑIOS,0,2 PONIENTE,2 PONIENTE - LOS MAÑIOS,0, , , , ,2,2,3,BIDIRECCIONAL CON BANDEJON,2,ASFALTO,1,BUENO,1,SECO,1,DESPEJADO,0,0,1,1,2
-8143151.14004753,-4419269.60880287,4222,41687,1327145,-73.1511713,-36.8575497,100,SAN PEDRO DE LA PAZ,1,2709,2021,1327145,REGION BIO BIO,8108,SAN PEDRO DE LA PAZ,4 NORTE, ,1565,"4 NORTE 1565, SAN PEDRO DE LA PAZ",CHILE,RANGE_INTERPOLATED,3724,2021,1327145,1,2021/01/19 00:00:00+00,1899/12/30 00:00:00+00,8,REGION BIO BIO,8108,SAN PEDRO DE LA PAZ,52,CHOQUE LATERAL,40,CHOQUE,1,URBANA,26,OTROS NO CONSIDERADOS,14,OTRAS CAUSAS,98,OTRAS CAUSAS,0,4 NORTE,0, ,- 4 NORTE,1565, , , , ,1,0,1,UNIDIRECCIONAL,1,CONCRETO,1,BUENO,1,SECO,1,DESPEJADO,0,0,0,0,1
-8141978.51166346,-4419224.05876022,4223,41688,1349172,-73.1406374,-36.8572223,100,SAN PEDRO DE LA PAZ,1,17212,2021,1349172,REGION BIO BIO,8108,SAN PEDRO DE LA PAZ,4 NORTE,NICANOR PARRA,0,"4 NORTE & NICANOR PARRA, SAN PEDRO DE LA PAZ",CHILE,GEOMETRIC_CENTER,23721,2021,1349172,1,2021/05/08 00:00:00+00,1899/12/30 00:00:00+00,8,REGION BIO BIO,8108,SAN PEDRO DE LA PAZ,33,COLISION POR ALCANCE,30,COLISION,1,URBANA,1,TRAMO DE VIA RECTA,1,IMPRUDENCIA DEL CONDUCTOR,28,CONDUCCION SIN MANTENER DISTANCIA RAZONABLE NI PRUDENTE,0,4 NORTE,0,NICANOR PARRA,4 NORTE - NICANOR PARRA,0, , , , ,2,2,3,BIDIRECCIONAL CON BANDEJON,2,ASFALTO,1,BUENO,1,SECO,1,DESPEJADO,0,0,0,0,2
-8142187.20231285,-4419214.44513841,4224,41689,1330868,-73.1425121,-36.8571532,100,SAN PEDRO DE LA PAZ,1,4497,2021,1330868,REGION BIO BIO,8108,SAN PEDRO DE LA PAZ,4 NORTE, ,955,"4 NORTE 955, SAN PEDRO DE LA PAZ",CHILE,RANGE_INTERPOLATED,6319,2021,1330868,1,2021/02/02 00:00:00+00,1899/12/30 00:00:00+00,8,REGION BIO BIO,8108,SAN PEDRO DE LA PAZ,33,COLISION POR ALCANCE,30,COLISION,1,URBANA,1,TRAMO DE VIA RECTA,1,IMPRUDENCIA DEL CONDUCTOR,27,CONDUCCION NO ATENTO CONDICIONES TRANSITO MOMENTO,0,4 NORTE,0, ,- 4 NORTE,955, , , , ,1,1,2,BIDIRECCIONAL,1,CONCRETO,1,BUENO,1,SECO,1,DESPEJADO,0,0,0,0,2
-8142250.6989504,-4419186.39734209,4225,41690,1327039,-73.1430825,-36.8569516,100,SAN PEDRO DE LA PAZ,1,2413,2021,1327039,REGION BIO BIO,8108,SAN PEDRO DE LA PAZ,4 NORTE, ,300,"4 NORTE 300, SAN PEDRO DE LA PAZ",CHILE,RANGE_INTERPOLATED,3320,2021,1327039,1,2021/01/17 00:00:00+00,1899/12/30 00:00:00+00,8,REGION BIO BIO,8108,SAN PEDRO DE LA PAZ,64,CHOQUE LADO/FRENTE,40,CHOQUE,1,URBANA,1,TRAMO DE VIA RECTA,12,FALLAS MECANICAS,5,FALLAS MECANICAS NEUMATICOS,0,4 NORTE,0, ,- 4 NORTE,300, , , , ,1,0,1,UNIDIRECCIONAL,2,ASFALTO,1,BUENO,1,SECO,1,DESPEJADO,0,0,0,0,1
-8142151.41309656,-4419180.22015879,4226,41691,1333109,-73.1421906,-36.8569072,100,SAN PEDRO DE LA PAZ,1,6446,2021,1333109,REGION BIO BIO,8108,SAN PEDRO DE LA PAZ,COSTANERA,4 NORTE,0,"COSTANERA & 4 NORTE, SAN PEDRO DE LA PAZ",CHILE,GEOMETRIC_CENTER,9021,2021,1333109,1,2021/02/17 00:00:00+00,1899/12/30 00:00:00+00,8,REGION BIO BIO,8108,SAN PEDRO DE LA PAZ,33,COLISION POR ALCANCE,30,COLISION,1,URBANA,1,TRAMO DE VIA RECTA,1,IMPRUDENCIA DEL CONDUCTOR,27,CONDUCCION NO ATENTO CONDICIONES TRANSITO MOMENTO,0,COSTANERA,0,4 NORTE,4 NORTE - COSTANERA,0, , , , ,1,1,2,BIDIRECCIONAL,1,CONCRETO,1,BUENO,1,SECO,1,DESPEJADO,0,0,0,0,2
-8142151.41309656,-4419180.22015879,4227,41692,1373363,-73.1421906,-36.8569072,100,SAN PEDRO DE LA PAZ,1,33693,2021,1373363,REGION BIO BIO,8108,SAN PEDRO DE LA PAZ,COSTANERA,4 NORTE,0,"COSTANERA & 4 NORTE, SAN PEDRO DE LA PAZ",CHILE,GEOMETRIC_CENTER,46470,2021,1373363,1,2021/08/16 00:00:00+00,1899/12/30 00:00:00+00,8,REGION BIO BIO,8108,SAN PEDRO DE LA PAZ,32,COLISION LATERAL,30,COLISION,1,URBANA,1,TRAMO DE VIA RECTA,1,IMPRUDENCIA DEL CONDUCTOR,27,CONDUCCION NO ATENTO CONDICIONES TRANSITO MOMENTO,0,COSTANERA,0,4 NORTE,4 NORTE - COSTANERA,0, , , , ,1,1,2,BIDIRECCIONAL,1,CONCRETO,1,BUENO,1,SECO,1,DESPEJADO,0,0,0,0,2
-8142916.80138746,-4419002.32160218,4228,41693,1357573,-73.1490662,-36.8556285,100,SAN PEDRO DE LA PAZ,1,23382,2021,1357573,REGION BIO BIO,8108,SAN PEDRO DE LA PAZ,COSTANERA,NUEVA UNO,0,"COSTANERA & NUEVA UNO, SAN PEDRO DE LA PAZ",CHILE,GEOMETRIC_CENTER,32234,2021,1357573,1,2021/06/17 00:00:00+00,1899/12/30 00:00:00+00,8,REGION BIO BIO,8108,SAN PEDRO DE LA PAZ,32,COLISION LATERAL,30,COLISION,1,URBANA,1,TRAMO DE VIA RECTA,1,IMPRUDENCIA DEL CONDUCTOR,27,CONDUCCION NO ATENTO CONDICIONES TRANSITO MOMENTO,0,COSTANERA,0,NUEVA UNO,COSTANERA - NUEVA UNO,0, , , , ,1,1,2,BIDIRECCIONAL,1,CONCRETO,1,BUENO,1,SECO,1,DESPEJADO,0,0,0,0,2
-8136637.64739808,-4418956.98138866,4229,41694,1375226,-73.0926596,-36.8553026,100,SAN PEDRO DE LA PAZ,1,31530,2021,1375226,REGION BIO BIO,8108,SAN PEDRO DE LA PAZ,CAMINO EL VENADO, ,1780,"CAMINO EL VENADO 1780, SAN PEDRO DE LA PAZ",CHILE,RANGE_INTERPOLATED,43536,2021,1375226,1,2021/08/05 00:00:00+00,1899/12/30 00:00:00+00,8,REGION BIO BIO,8108,SAN PEDRO DE LA PAZ,30,COLISION,30,COLISION,1,URBANA,1,TRAMO DE VIA RECTA,13,CAUSAS NO DETERMINADAS,97,CAUSAS NO DETERMINADAS,0,CAMINO EL VENADO,0, ,- CAMINO EL VENADO,1780, , , , ,2,2,2,BIDIRECCIONAL,2,ASFALTO,1,BUENO,1,SECO,4,LLOVIZNA,0,0,1,1,0
-8136637.64739808,-4418956.98138866,4230,41695,1375228,-73.0926596,-36.8553026,100,SAN PEDRO DE LA PAZ,1,31690,2021,1375228,REGION BIO BIO,8108,SAN PEDRO DE LA PAZ,CAMINO EL VENADO, ,1780,"CAMINO EL VENADO 1780, SAN PEDRO DE LA PAZ",CHILE,RANGE_INTERPOLATED,43736,2021,1375228,1,2021/08/06 00:00:00+00,1899/12/30 00:00:00+00,8,REGION BIO BIO,8108,SAN PEDRO DE LA PAZ,70,VOLCADURA,70,VOLCADURA,1,URBANA,1,TRAMO DE VIA RECTA,4,ALCOHOL EN CONDUCTOR,24,CONDUCCION EN ESTADO DE EBRIEDAD,0,CAMINO EL VENADO,0, ,- CAMINO EL VENADO,1780, , , , ,1,1,2,BIDIRECCIONAL,2,ASFALTO,1,BUENO,1,SECO,2,NUBLADO,0,1,0,0,0
-8141217.43143686,-4418926.33268246,4231,41696,1400933,-73.1338005,-36.8550823,100,SAN PEDRO DE LA PAZ,1,53526,2021,1400933,REGION BIO BIO,8108,SAN PEDRO DE LA PAZ,TUCAPEL, ,50,"TUCAPEL 50, SAN PEDRO DE LA PAZ",CHILE,RANGE_INTERPOLATED,72754,2021,1400933,1,2021/12/01 00:00:00+00,1899/12/30 00:00:00+00,8,REGION BIO BIO,8108,SAN PEDRO DE LA PAZ,63,CHOQUE FRENTE/POSTERIOR,40,CHOQUE,1,URBANA,1,TRAMO DE VIA RECTA,14,OTRAS CAUSAS,98,OTRAS CAUSAS,0,TUCAPEL,0, ,- TUCAPEL,50, , , , ,1,1,2,BIDIRECCIONAL,1,CONCRETO,1,BUENO,1,SECO,1,DESPEJADO,0,0,0,0,2
-8141168.16143023,-4418890.04962562,4232,41697,1325196,-73.1333579,-36.8548215,100,SAN PEDRO DE LA PAZ,1,1017,2021,1325196,REGION BIO BIO,8108,SAN PEDRO DE LA PAZ,NUEVA UNO,TUCAPEL,0,"NUEVA UNO & TUCAPEL, SAN PEDRO DE LA PAZ",CHILE,GEOMETRIC_CENTER,1381,2021,1325196,1,2021/01/07 00:00:00+00,1899/12/30 00:00:00+00,8,REGION BIO BIO,8108,SAN PEDRO DE LA PAZ,33,COLISION POR ALCANCE,30,COLISION,1,URBANA,15,CRUCE CON SEÑAL CEDA EL PASO,1,IMPRUDENCIA DEL CONDUCTOR,27,CONDUCCION NO ATENTO CONDICIONES TRANSITO MOMENTO,0,NUEVA UNO,0,TUCAPEL,NUEVA UNO - TUCAPEL,0, , , , ,3,1,2,BIDIRECCIONAL,2,ASFALTO,1,BUENO,1,SECO,1,DESPEJADO,0,0,0,0,2
-8141333.5265338,-4418889.29836731,4233,41698,1381434,-73.1348434,-36.8548161,100,SAN PEDRO DE LA PAZ,1,38294,2021,1381434,REGION BIO BIO,8108,SAN PEDRO DE LA PAZ,TUCAPEL, ,285,"TUCAPEL 285, SAN PEDRO DE LA PAZ",CHILE,RANGE_INTERPOLATED,52586,2021,1381434,1,2021/09/11 00:00:00+00,1899/12/30 00:00:00+00,8,REGION BIO BIO,8108,SAN PEDRO DE LA PAZ,33,COLISION POR ALCANCE,30,COLISION,1,URBANA,1,TRAMO DE VIA RECTA,1,IMPRUDENCIA DEL CONDUCTOR,27,CONDUCCION NO ATENTO CONDICIONES TRANSITO MOMENTO,0,TUCAPEL,0, ,- TUCAPEL,285, , , , ,2,0,1,UNIDIRECCIONAL,2,ASFALTO,1,BUENO,1,SECO,1,DESPEJADO,0,0,0,0,2
-8142183.98517957,-4418869.61263622,4234,41699,1398312,-73.1424832,-36.8546746,100,SAN PEDRO DE LA PAZ,1,52299,2021,1398312,REGION BIO BIO,8108,SAN PEDRO DE LA PAZ,ENRIQUE BUNSTER,MICHIMALONCO,0,"ENRIQUE BUNSTER & MICHIMALONCO, SAN PEDRO DE LA PAZ",CHILE,GEOMETRIC_CENTER,71100,2021,1398312,1,2021/11/24 00:00:00+00,1899/12/30 00:00:00+00,8,REGION BIO BIO,8108,SAN PEDRO DE LA PAZ,32,COLISION LATERAL,30,COLISION,1,URBANA,14,CRUCE CON SEÑAL PARE,10,DESOBEDIENCIA A SEÑALIZACION,65,SEÑALIZACION DESOBEDECER SEÑAL PARE,0,ENRIQUE BUNSTER,0,MICHIMALONCO,ENRIQUE BUNSTER - MICHIMALONCO,0, , , , ,1,1,2,BIDIRECCIONAL,1,CONCRETO,1,BUENO,1,SECO,1,DESPEJADO,0,0,0,2,0
-8141667.306895,-4418844.05602061,4235,41700,1340750,-73.1378418,-36.8544909,100,SAN PEDRO DE LA PAZ,1,11171,2021,1340750,REGION BIO BIO,8108,SAN PEDRO DE LA PAZ,LAS TORRES,CARABINEROS,0,"LAS TORRES & CARABINEROS, SAN PEDRO DE LA PAZ",CHILE,GEOMETRIC_CENTER,15479,2021,1340750,1,2021/03/20 00:00:00+00,1899/12/30 00:00:00+00,8,REGION BIO BIO,8108,SAN PEDRO DE LA PAZ,32,COLISION LATERAL,30,COLISION,1,URBANA,14,CRUCE CON SEÑAL PARE,1,IMPRUDENCIA DEL CONDUCTOR,27,CONDUCCION NO ATENTO CONDICIONES TRANSITO MOMENTO,0,LAS TORRES,0,CARABINEROS,CARABINEROS - LAS TORRES,0, , , , ,1,1,2,BIDIRECCIONAL,1,CONCRETO,1,BUENO,1,SECO,1,DESPEJADO,0,0,0,1,2
-8141667.306895,-4418844.05602061,4236,41701,1349167,-73.1378418,-36.8544909,100,SAN PEDRO DE LA PAZ,1,16744,2021,1349167,REGION BIO BIO,8108,SAN PEDRO DE LA PAZ,TUCAPEL, ,635,"TUCAPEL 635, SAN PEDRO DE LA PAZ",CHILE,RANGE_INTERPOLATED,23103,2021,1349167,1,2021/05/05 00:00:00+00,1899/12/30 00:00:00+00,8,REGION BIO BIO,8108,SAN PEDRO DE LA PAZ,10,ATROPELLO,10,ATROPELLO,1,URBANA,1,TRAMO DE VIA RECTA,8,DROGAS Y/O FATIGA EN CONDUCTOR,25,"CONDICIONES FISICAS DEFICIENTES (CANSANCIO, SUEÑO)",0,TUCAPEL,0, ,- TUCAPEL,635, , , , ,2,2,3,BIDIRECCIONAL CON BANDEJON,2,ASFALTO,1,BUENO,1,SECO,1,DESPEJADO,0,0,0,0,2
-8141667.306895,-4418844.05602061,4237,41702,1354800,-73.1378418,-36.8544909,100,SAN PEDRO DE LA PAZ,1,21720,2021,1354800,REGION BIO BIO,8108,SAN PEDRO DE LA PAZ,CENTRAL,CARABINEROS,0,"CENTRAL & CARABINEROS, SAN PEDRO DE LA PAZ",CHILE,GEOMETRIC_CENTER,29930,2021,1354800,1,2021/06/06 00:00:00+00,1899/12/30 00:00:00+00,8,REGION BIO BIO,8108,SAN PEDRO DE LA PAZ,32,COLISION LATERAL,30,COLISION,1,URBANA,1,TRAMO DE VIA RECTA,1,IMPRUDENCIA DEL CONDUCTOR,27,CONDUCCION NO ATENTO CONDICIONES TRANSITO MOMENTO,0,CENTRAL,0,CARABINEROS,CARABINEROS - CENTRAL,0, , , , ,1,1,2,BIDIRECCIONAL,1,CONCRETO,1,BUENO,1,SECO,1,DESPEJADO,0,0,0,1,2
-8141888.35400787,-4418803.80830139,4238,41703,1384657,-73.1398275,-36.8542016,100,SAN PEDRO DE LA PAZ,1,42510,2021,1384657,REGION BIO BIO,8108,SAN PEDRO DE LA PAZ,TUCAPEL, ,801,"TUCAPEL 801, SAN PEDRO DE LA PAZ",CHILE,RANGE_INTERPOLATED,58238,2021,1384657,1,2021/10/04 00:00:00+00,1899/12/30 00:00:00+00,8,REGION BIO BIO,8108,SAN PEDRO DE LA PAZ,32,COLISION LATERAL,30,COLISION,1,URBANA,1,TRAMO DE VIA RECTA,1,IMPRUDENCIA DEL CONDUCTOR,29,CONDUCCION CAMBIAR SORPRESIVAMENTE PISTA CIRCULACION,0,TUCAPEL,0, ,- TUCAPEL,801, , , , ,1,1,2,BIDIRECCIONAL,1,CONCRETO,1,BUENO,1,SECO,1,DESPEJADO,0,1,0,0,1
-8137037.5960646,-4418764.07547946,4239,41704,1391220,-73.0962524,-36.853916,100,SAN PEDRO DE LA PAZ,1,42746,2021,1391220,REGION BIO BIO,8108,SAN PEDRO DE LA PAZ,ANDALUE, ,2024,"ANDALUE 2024, SAN PEDRO DE LA PAZ",CHILE,RANGE_INTERPOLATED,58527,2021,1391220,1,2021/10/06 00:00:00+00,1899/12/30 00:00:00+00,8,REGION BIO BIO,8108,SAN PEDRO DE LA PAZ,30,COLISION,30,COLISION,1,URBANA,1,TRAMO DE VIA RECTA,13,CAUSAS NO DETERMINADAS,97,CAUSAS NO DETERMINADAS,0,ANDALUE,0, ,- ANDALUE,2024, , , , ,2,2,2,BIDIRECCIONAL,2,ASFALTO,1,BUENO,1,SECO,2,NUBLADO,0,0,0,1,2
-8142149.99933903,-4418753.55799262,4240,41705,1408677,-73.1421779,-36.8538404,100,SAN PEDRO DE LA PAZ,1,58778,2021,1408677,REGION BIO BIO,8108,SAN PEDRO DE LA PAZ,LAUTARO,TUCAPEL,0,"LAUTARO & TUCAPEL, SAN PEDRO DE LA PAZ",CHILE,GEOMETRIC_CENTER,79883,2021,1408677,1,2021/12/28 00:00:00+00,1899/12/30 00:00:00+00,8,REGION BIO BIO,8108,SAN PEDRO DE LA PAZ,63,CHOQUE FRENTE/POSTERIOR,40,CHOQUE,1,URBANA,14,CRUCE CON SEÑAL PARE,1,IMPRUDENCIA DEL CONDUCTOR,27,CONDUCCION NO ATENTO CONDICIONES TRANSITO MOMENTO,0,LAUTARO,0,TUCAPEL,LAUTARO - TUCAPEL,0, , , , ,1,1,2,BIDIRECCIONAL,1,CONCRETO,1,BUENO,1,SECO,1,DESPEJADO,0,0,0,0,2
-8142594.08618365,-4418693.01308551,4241,41706,1351994,-73.1461672,-36.8534052,100,SAN PEDRO DE LA PAZ,1,19748,2021,1351994,REGION BIO BIO,8108,SAN PEDRO DE LA PAZ,TUCAPEL,GALVARINO,0,"TUCAPEL & GALVARINO, SAN PEDRO DE LA PAZ",CHILE,GEOMETRIC_CENTER,27173,2021,1351994,1,2021/05/25 00:00:00+00,1899/12/30 00:00:00+00,8,REGION BIO BIO,8108,SAN PEDRO DE LA PAZ,10,ATROPELLO,10,ATROPELLO,1,URBANA,14,CRUCE CON SEÑAL PARE,1,IMPRUDENCIA DEL CONDUCTOR,27,CONDUCCION NO ATENTO CONDICIONES TRANSITO MOMENTO,0,TUCAPEL,0,GALVARINO,GALVARINO - TUCAPEL,0, , , , ,1,1,2,BIDIRECCIONAL,1,CONCRETO,1,BUENO,1,SECO,1,DESPEJADO,0,0,0,1,1
-8141413.53185184,-4418660.695713,4242,41707,1330875,-73.1355621,-36.8531729,100,SAN PEDRO DE LA PAZ,1,4679,2021,1330875,REGION BIO BIO,8108,SAN PEDRO DE LA PAZ,CENTRAL,LAS TORRES,0,"CENTRAL & LAS TORRES, SAN PEDRO DE LA PAZ",CHILE,GEOMETRIC_CENTER,6551,2021,1330875,1,2021/02/03 00:00:00+00,1899/12/30 00:00:00+00,8,REGION BIO BIO,8108,SAN PEDRO DE LA PAZ,32,COLISION LATERAL,30,COLISION,1,URBANA,14,CRUCE CON SEÑAL PARE,1,IMPRUDENCIA DEL CONDUCTOR,27,CONDUCCION NO ATENTO CONDICIONES TRANSITO MOMENTO,0,CENTRAL,0,LAS TORRES,CENTRAL - LAS TORRES,0, , , , ,1,1,2,BIDIRECCIONAL,1,CONCRETO,1,BUENO,1,SECO,1,DESPEJADO,0,0,1,3,0
-8141413.53185184,-4418660.695713,4243,41708,1368542,-73.1355621,-36.8531729,100,SAN PEDRO DE LA PAZ,1,26971,2021,1368542,REGION BIO BIO,8108,SAN PEDRO DE LA PAZ,LAS TORRES,TUCAPEL,0,"LAS TORRES & TUCAPEL, SAN PEDRO DE LA PAZ",CHILE,GEOMETRIC_CENTER,37183,2021,1368542,1,2021/07/09 00:00:00+00,1899/12/30 00:00:00+00,8,REGION BIO BIO,8108,SAN PEDRO DE LA PAZ,32,COLISION LATERAL,30,COLISION,1,URBANA,14,CRUCE CON SEÑAL PARE,1,IMPRUDENCIA DEL CONDUCTOR,27,CONDUCCION NO ATENTO CONDICIONES TRANSITO MOMENTO,0,LAS TORRES,0,TUCAPEL,LAS TORRES - TUCAPEL,0, , , , ,1,1,2,BIDIRECCIONAL,1,CONCRETO,1,BUENO,1,SECO,1,DESPEJADO,0,0,0,0,2
-8141413.53185184,-4418660.695713,4244,41709,1380975,-73.1355621,-36.8531729,100,SAN PEDRO DE LA PAZ,1,36476,2021,1380975,REGION BIO BIO,8108,SAN PEDRO DE LA PAZ,LAS TORRES,DANIEL BELMAR,0,"LAS TORRES & DANIEL BELMAR, SAN PEDRO DE LA PAZ",CHILE,GEOMETRIC_CENTER,50190,2021,1380975,1,2021/09/01 00:00:00+00,1899/12/30 00:00:00+00,8,REGION BIO BIO,8108,SAN PEDRO DE LA PAZ,32,COLISION LATERAL,30,COLISION,1,URBANA,14,CRUCE CON SEÑAL PARE,1,IMPRUDENCIA DEL CONDUCTOR,27,CONDUCCION NO ATENTO CONDICIONES TRANSITO MOMENTO,0,LAS TORRES,0,DANIEL BELMAR,DANIEL BELMAR - LAS TORRES,0, , , , ,1,1,2,BIDIRECCIONAL,1,CONCRETO,1,BUENO,1,SECO,1,DESPEJADO,0,0,0,1,2
-8142952.31230502,-4418658.67848896,4245,41710,1340748,-73.1493852,-36.8531584,100,SAN PEDRO DE LA PAZ,1,11009,2021,1340748,REGION BIO BIO,8108,SAN PEDRO DE LA PAZ,COSTANERA,TUCAPEL,0,"COSTANERA & TUCAPEL, SAN PEDRO DE LA PAZ",CHILE,GEOMETRIC_CENTER,15273,2021,1340748,1,2021/03/19 00:00:00+00,1899/12/30 00:00:00+00,8,REGION BIO BIO,8108,SAN PEDRO DE LA PAZ,33,COLISION POR ALCANCE,30,COLISION,1,URBANA,14,CRUCE CON SEÑAL PARE,1,IMPRUDENCIA DEL CONDUCTOR,27,CONDUCCION NO ATENTO CONDICIONES TRANSITO MOMENTO,0,COSTANERA,0,TUCAPEL,COSTANERA - TUCAPEL,0, , , , ,1,1,2,BIDIRECCIONAL,1,CONCRETO,1,BUENO,1,SECO,1,DESPEJADO,0,0,0,1,1
-8142952.31230502,-4418658.67848896,4246,41711,1340752,-73.1493852,-36.8531584,100,SAN PEDRO DE LA PAZ,1,11401,2021,1340752,REGION BIO BIO,8108,SAN PEDRO DE LA PAZ,COSTANERA,TUCAPEL,0,"COSTANERA & TUCAPEL, SAN PEDRO DE LA PAZ",CHILE,GEOMETRIC_CENTER,15802,2021,1340752,1,2021/03/22 00:00:00+00,1899/12/30 00:00:00+00,8,REGION BIO BIO,8108,SAN PEDRO DE LA PAZ,70,VOLCADURA,70,VOLCADURA,1,URBANA,15,CRUCE CON SEÑAL CEDA EL PASO,1,IMPRUDENCIA DEL CONDUCTOR,27,CONDUCCION NO ATENTO CONDICIONES TRANSITO MOMENTO,0,COSTANERA,0,TUCAPEL,COSTANERA - TUCAPEL,0, , , , ,1,1,2,BIDIRECCIONAL,1,CONCRETO,1,BUENO,1,SECO,1,DESPEJADO,0,0,0,2,0