X,Y,FID,FID_1,LABELID,POINT_X,POINT_Y,FID_2,COMUNAREAL,VAL_COM,OBJECTID,A_O,IDACCIDENT,REGION,COD_COMUN,COMUNA,CALLE_UNO,CALLE_DOS,NUMERO,DIR_GEOCOD,PAIS,TIPO,OBJECTID_1,Año,Idaccide_1,Claseaccid,Fecha,Hora,Cód_Regi,Región,Cód_Comun,Comuna_1,Cód_Tipo_,Tipo_Accid,Cód_Tipo1,Tipo__CONA,Cód_Zona,Zona,Cód_Ubica,Ubicación,Cód_Causa,Causa__CON,Cód_Cau_1,Causa,Cód_Calle,Calle_Un_1,Cód_Cal_1,Calle_Do_1,Intersecci,Número,Ruta,Cód_Ruta,Ubicaci_1,Km_Vía_Fe,Pistas_de_,Pistas_de1,Cód_Calza,Calzada,Cód__Tipo,Tipo_Calza,Cód_Estad,Estado_Cal,Cód_Condi,Condición,Cód_Est_1,Estado_Atm,Fallecidos,Graves,Menos_Grav,Leves,Ilesos
-8142952.31230502,-4418658.67848896,4247,41712,1342029,-73.1493852,-36.8531584,100,SAN PEDRO DE LA PAZ,1,13013,2021,1342029,REGION BIO BIO,8108,SAN PEDRO DE LA PAZ,COSTANERA,TUCAPEL,0,"COSTANERA & TUCAPEL, SAN PEDRO DE LA PAZ",CHILE,GEOMETRIC_CENTER,17969,2021,1342029,1,2021/04/06 00:00:00+00,1899/12/30 00:00:00+00,8,REGION BIO BIO,8108,SAN PEDRO DE LA PAZ,52,CHOQUE LATERAL,40,CHOQUE,1,URBANA,14,CRUCE CON SEÑAL PARE,1,IMPRUDENCIA DEL CONDUCTOR,27,CONDUCCION NO ATENTO CONDICIONES TRANSITO MOMENTO,0,COSTANERA,0,TUCAPEL,COSTANERA - TUCAPEL,0, , , , ,1,1,2,BIDIRECCIONAL,1,CONCRETO,1,BUENO,1,SECO,1,DESPEJADO,0,0,0,0,1
-8142101.54196468,-4418584.12493917,4248,41713,1373436,-73.1417426,-36.8526225,100,SAN PEDRO DE LA PAZ,1,32217,2021,1373436,REGION BIO BIO,8108,SAN PEDRO DE LA PAZ,CENTRAL,LAUTARO,0,"CENTRAL & LAUTARO, SAN PEDRO DE LA PAZ",CHILE,GEOMETRIC_CENTER,44456,2021,1373436,1,2021/08/08 00:00:00+00,1899/12/30 00:00:00+00,8,REGION BIO BIO,8108,SAN PEDRO DE LA PAZ,51,CHOQUE FRONTAL,40,CHOQUE,1,URBANA,1,TRAMO DE VIA RECTA,4,ALCOHOL EN CONDUCTOR,24,CONDUCCION EN ESTADO DE EBRIEDAD,0,CENTRAL,0,LAUTARO,CENTRAL - LAUTARO,0, , , , ,1,1,2,BIDIRECCIONAL,1,CONCRETO,1,BUENO,1,SECO,1,DESPEJADO,0,0,0,0,1
-8136771.09720364,-4418481.24774165,4249,41714,1375251,-73.0938584,-36.851883,100,SAN PEDRO DE LA PAZ,1,35976,2021,1375251,REGION BIO BIO,8108,SAN PEDRO DE LA PAZ,CAMINO EL VENADO, ,1260,"CAMINO EL VENADO 1260, SAN PEDRO DE LA PAZ",CHILE,RANGE_INTERPOLATED,49535,2021,1375251,1,2021/08/29 00:00:00+00,1899/12/30 00:00:00+00,8,REGION BIO BIO,8108,SAN PEDRO DE LA PAZ,51,CHOQUE FRONTAL,40,CHOQUE,1,URBANA,1,TRAMO DE VIA RECTA,4,ALCOHOL EN CONDUCTOR,24,CONDUCCION EN ESTADO DE EBRIEDAD,0,CAMINO EL VENADO,0, ,- CAMINO EL VENADO,1260, , , , ,2,2,2,BIDIRECCIONAL,2,ASFALTO,1,BUENO,1,SECO,2,NUBLADO,0,0,0,1,0
-8141074.57513432,-4418420.85741219,4250,41715,1325869,-73.1325172,-36.8514489,100,SAN PEDRO DE LA PAZ,1,1928,2021,1325869,REGION BIO BIO,8108,SAN PEDRO DE LA PAZ,NUEVA UNO, ,4000,"NUEVA UNO 4000, SAN PEDRO DE LA PAZ",CHILE,RANGE_INTERPOLATED,2642,2021,1325869,1,2021/01/13 00:00:00+00,1899/12/30 00:00:00+00,8,REGION BIO BIO,8108,SAN PEDRO DE LA PAZ,32,COLISION LATERAL,30,COLISION,1,URBANA,1,TRAMO DE VIA RECTA,1,IMPRUDENCIA DEL CONDUCTOR,27,CONDUCCION NO ATENTO CONDICIONES TRANSITO MOMENTO,0,NUEVA UNO,0, ,- NUEVA UNO,4000, , , , ,1,1,2,BIDIRECCIONAL,1,CONCRETO,1,BUENO,1,SECO,1,DESPEJADO,0,0,0,0,2
-8141074.57513432,-4418420.85741219,4251,41716,1360214,-73.1325172,-36.8514489,100,SAN PEDRO DE LA PAZ,1,23855,2021,1360214,REGION BIO BIO,8108,SAN PEDRO DE LA PAZ,NUEVA UNO, ,4000,"NUEVA UNO 4000, SAN PEDRO DE LA PAZ",CHILE,RANGE_INTERPOLATED,32871,2021,1360214,1,2021/06/19 00:00:00+00,1899/12/30 00:00:00+00,8,REGION BIO BIO,8108,SAN PEDRO DE LA PAZ,51,CHOQUE FRONTAL,40,CHOQUE,1,URBANA,26,OTROS NO CONSIDERADOS,9,PERDIDA CONTROL VEHICULO,95,PERDIDA CONTROL VEHICULO,0,NUEVA UNO,0, ,- NUEVA UNO,4000, , , , ,1,1,2,BIDIRECCIONAL,2,ASFALTO,1,BUENO,1,SECO,2,NUBLADO,0,1,0,0,0
-8141074.57513432,-4418420.85741219,4252,41717,1405276,-73.1325172,-36.8514489,100,SAN PEDRO DE LA PAZ,1,56009,2021,1405276,REGION BIO BIO,8108,SAN PEDRO DE LA PAZ,NUEVA UNO, ,4000,"NUEVA UNO 4000, SAN PEDRO DE LA PAZ",CHILE,RANGE_INTERPOLATED,76153,2021,1405276,1,2021/12/14 00:00:00+00,1899/12/30 00:00:00+00,8,REGION BIO BIO,8108,SAN PEDRO DE LA PAZ,31,COLISION FRONTAL,30,COLISION,1,URBANA,1,TRAMO DE VIA RECTA,1,IMPRUDENCIA DEL CONDUCTOR,31,NO RESPETAR DERECHO PREFERENTE DE PASO A PEATON,0,NUEVA UNO,0, ,- NUEVA UNO,4000, , , , ,1,1,2,BIDIRECCIONAL,2,ASFALTO,1,BUENO,1,SECO,1,DESPEJADO,0,1,0,0,1
-8141077.25793405,-4418420.25921438,4253,41718,1336921,-73.1325413,-36.8514446,100,SAN PEDRO DE LA PAZ,1,9134,2021,1336921,REGION BIO BIO,8108,SAN PEDRO DE LA PAZ,NUEVA UNO, ,4500,"NUEVA UNO 4500, SAN PEDRO DE LA PAZ",CHILE,RANGE_INTERPOLATED,12756,2021,1336921,1,2021/03/06 00:00:00+00,1899/12/30 00:00:00+00,8,REGION BIO BIO,8108,SAN PEDRO DE LA PAZ,33,COLISION POR ALCANCE,30,COLISION,1,URBANA,1,TRAMO DE VIA RECTA,1,IMPRUDENCIA DEL CONDUCTOR,27,CONDUCCION NO ATENTO CONDICIONES TRANSITO MOMENTO,0,NUEVA UNO,0, ,- NUEVA UNO,4500, , , , ,1,1,2,BIDIRECCIONAL,1,CONCRETO,1,BUENO,1,SECO,1,DESPEJADO,0,0,1,0,1
-8136890.25358659,-4418384.32567238,4254,41719,1375230,-73.0949288,-36.8511863,100,SAN PEDRO DE LA PAZ,1,32121,2021,1375230,REGION BIO BIO,8108,SAN PEDRO DE LA PAZ,ANDALUE, ,1121,"ANDALUE 1121, SAN PEDRO DE LA PAZ",CHILE,RANGE_INTERPOLATED,44320,2021,1375230,1,2021/08/08 00:00:00+00,1899/12/30 00:00:00+00,8,REGION BIO BIO,8108,SAN PEDRO DE LA PAZ,64,CHOQUE LADO/FRENTE,40,CHOQUE,1,URBANA,1,TRAMO DE VIA RECTA,13,CAUSAS NO DETERMINADAS,97,CAUSAS NO DETERMINADAS,0,ANDALUE,0, ,- ANDALUE,1121, , , , ,1,1,2,BIDIRECCIONAL,2,ASFALTO,1,BUENO,1,SECO,2,NUBLADO,0,0,0,0,1
-8142020.90212556,-4418300.27254193,4255,41720,1325173,-73.1410182,-36.8505821,100,SAN PEDRO DE LA PAZ,1,795,2021,1325173,REGION BIO BIO,8108,SAN PEDRO DE LA PAZ,FRESIA, ,350,"FRESIA 350, SAN PEDRO DE LA PAZ",CHILE,RANGE_INTERPOLATED,1097,2021,1325173,1,2021/01/06 00:00:00+00,1899/12/30 00:00:00+00,8,REGION BIO BIO,8108,SAN PEDRO DE LA PAZ,68,CHOQUE POSTERIOR/LADO,40,CHOQUE,1,URBANA,14,CRUCE CON SEÑAL PARE,1,IMPRUDENCIA DEL CONDUCTOR,23,CONDUCCION CONTRA SENTIDO DEL TRANSITO,0,FRESIA,0, ,- FRESIA,350, , , , ,3,3,2,BIDIRECCIONAL,2,ASFALTO,1,BUENO,1,SECO,1,DESPEJADO,0,0,0,0,2
-8137757.81090614,-4418131.55618114,4256,41721,1381672,-73.1027222,-36.8493693,100,SAN PEDRO DE LA PAZ,1,38975,2021,1381672,REGION BIO BIO,8108,SAN PEDRO DE LA PAZ,PARQUE NACIONAL,LOS PARQUES,0,"PARQUE NACIONAL & LOS PARQUES, SAN PEDRO DE LA PAZ",CHILE,GEOMETRIC_CENTER,53529,2021,1381672,1,2021/09/15 00:00:00+00,1899/12/30 00:00:00+00,8,REGION BIO BIO,8108,SAN PEDRO DE LA PAZ,10,ATROPELLO,10,ATROPELLO,1,URBANA,15,CRUCE CON SEÑAL CEDA EL PASO,1,IMPRUDENCIA DEL CONDUCTOR,27,CONDUCCION NO ATENTO CONDICIONES TRANSITO MOMENTO,0,PARQUE NACIONAL,0,LOS PARQUES,LOS PARQUES - PARQUE NACIONAL,0, , , , ,1,1,2,BIDIRECCIONAL,1,CONCRETO,1,BUENO,1,SECO,1,DESPEJADO,0,0,0,1,1
-8136641.27641348,-4418130.08159414,4257,41722,1334779,-73.0926922,-36.8493587,100,SAN PEDRO DE LA PAZ,1,4466,2021,1334779,REGION BIO BIO,8108,SAN PEDRO DE LA PAZ,CAMINO EL VENADO,LONQUIMAY,0,"CAMINO EL VENADO & LONQUIMAY, SAN PEDRO DE LA PAZ",CHILE,GEOMETRIC_CENTER,6279,2021,1334779,1,2021/02/02 00:00:00+00,1899/12/30 00:00:00+00,8,REGION BIO BIO,8108,SAN PEDRO DE LA PAZ,30,COLISION,30,COLISION,1,URBANA,14,CRUCE CON SEÑAL PARE,13,CAUSAS NO DETERMINADAS,97,CAUSAS NO DETERMINADAS,0,CAMINO EL VENADO,0,LONQUIMAY,CAMINO EL VENADO - LONQUIMAY,0, , , , ,2,2,2,BIDIRECCIONAL,2,ASFALTO,1,BUENO,1,SECO,1,DESPEJADO,0,0,0,0,1
-8136751.18214674,-4418127.71669088,4258,41723,1391230,-73.0936795,-36.8493417,100,SAN PEDRO DE LA PAZ,1,45893,2021,1391230,REGION BIO BIO,8108,SAN PEDRO DE LA PAZ,LONQUIMAY,NAHUEL,0,"LONQUIMAY & NAHUEL, SAN PEDRO DE LA PAZ",CHILE,GEOMETRIC_CENTER,62694,2021,1391230,1,2021/10/22 00:00:00+00,1899/12/30 00:00:00+00,8,REGION BIO BIO,8108,SAN PEDRO DE LA PAZ,69,CHOQUE POSTERIOR/POSTERIOR,40,CHOQUE,1,URBANA,14,CRUCE CON SEÑAL PARE,13,CAUSAS NO DETERMINADAS,97,CAUSAS NO DETERMINADAS,0,LONQUIMAY,0,NAHUEL,LONQUIMAY - NAHUEL,0, , , , ,1,1,2,BIDIRECCIONAL,2,ASFALTO,1,BUENO,1,SECO,1,DESPEJADO,0,0,0,0,1
-8136805.25002342,-4418127.16024314,4259,41724,1382621,-73.0941652,-36.8493377,100,SAN PEDRO DE LA PAZ,1,39956,2021,1382621,REGION BIO BIO,8108,SAN PEDRO DE LA PAZ,ANDALUE,LONQUIMAY,0,"ANDALUE & LONQUIMAY, SAN PEDRO DE LA PAZ",CHILE,GEOMETRIC_CENTER,54886,2021,1382621,1,2021/09/20 00:00:00+00,1899/12/30 00:00:00+00,8,REGION BIO BIO,8108,SAN PEDRO DE LA PAZ,30,COLISION,30,COLISION,1,URBANA,1,TRAMO DE VIA RECTA,13,CAUSAS NO DETERMINADAS,97,CAUSAS NO DETERMINADAS,0,ANDALUE,0,LONQUIMAY,ANDALUE - LONQUIMAY,0, , , , ,1,1,2,BIDIRECCIONAL,2,ASFALTO,1,BUENO,1,SECO,1,DESPEJADO,0,0,0,0,1
-8142646.33955263,-4418087.77772771,4260,41725,1376054,-73.1466366,-36.8490546,100,SAN PEDRO DE LA PAZ,1,36159,2021,1376054,REGION BIO BIO,8108,SAN PEDRO DE LA PAZ,LONCOMILLA,FRESIA,0,"LONCOMILLA & FRESIA, SAN PEDRO DE LA PAZ",CHILE,GEOMETRIC_CENTER,49780,2021,1376054,1,2021/08/31 00:00:00+00,1899/12/30 00:00:00+00,8,REGION BIO BIO,8108,SAN PEDRO DE LA PAZ,51,CHOQUE FRONTAL,40,CHOQUE,1,URBANA,1,TRAMO DE VIA RECTA,4,ALCOHOL EN CONDUCTOR,24,CONDUCCION EN ESTADO DE EBRIEDAD,0,LONCOMILLA,0,FRESIA,FRESIA - LONCOMILLA,0, , , , ,1,1,2,BIDIRECCIONAL,1,CONCRETO,1,BUENO,1,SECO,1,DESPEJADO,0,0,0,0,1
-8142445.53032319,-4418079.89011322,4261,41726,1381651,-73.1448327,-36.8489979,100,SAN PEDRO DE LA PAZ,1,39218,2021,1381651,REGION BIO BIO,8108,SAN PEDRO DE LA PAZ,GALVARINO,LONCOMILLA,0,"GALVARINO & LONCOMILLA, SAN PEDRO DE LA PAZ",CHILE,GEOMETRIC_CENTER,53856,2021,1381651,1,2021/09/16 00:00:00+00,1899/12/30 00:00:00+00,8,REGION BIO BIO,8108,SAN PEDRO DE LA PAZ,32,COLISION LATERAL,30,COLISION,1,URBANA,1,TRAMO DE VIA RECTA,1,IMPRUDENCIA DEL CONDUCTOR,27,CONDUCCION NO ATENTO CONDICIONES TRANSITO MOMENTO,0,GALVARINO,0,LONCOMILLA,GALVARINO - LONCOMILLA,0, , , , ,1,1,2,BIDIRECCIONAL,2,ASFALTO,1,BUENO,1,SECO,1,DESPEJADO,0,0,0,0,2
-8141322.58382786,-4418014.54972924,4262,41727,1381521,-73.1347451,-36.8485282,100,SAN PEDRO DE LA PAZ,1,39599,2021,1381521,REGION BIO BIO,8108,SAN PEDRO DE LA PAZ,LAS VIOLETAS, ,416,"LAS VIOLETAS 416, SAN PEDRO DE LA PAZ",CHILE,RANGE_INTERPOLATED,54366,2021,1381521,1,2021/09/18 00:00:00+00,1899/12/30 00:00:00+00,8,REGION BIO BIO,8108,SAN PEDRO DE LA PAZ,51,CHOQUE FRONTAL,40,CHOQUE,1,URBANA,26,OTROS NO CONSIDERADOS,4,ALCOHOL EN CONDUCTOR,21,CONDUCCION BAJO LA INFLUENCIA DEL ALCOHOL,0,LAS VIOLETAS,0, ,- LAS VIOLETAS,416, , , , ,2,0,1,UNIDIRECCIONAL,2,ASFALTO,1,BUENO,1,SECO,1,DESPEJADO,0,0,0,0,2
-8136663.31767266,-4417955.85918792,4263,41728,1340605,-73.0928902,-36.8481063,100,SAN PEDRO DE LA PAZ,1,8902,2021,1340605,REGION BIO BIO,8108,SAN PEDRO DE LA PAZ,CAMINO EL VENADO, ,620,"CAMINO EL VENADO 620, SAN PEDRO DE LA PAZ",CHILE,RANGE_INTERPOLATED,12439,2021,1340605,1,2021/03/05 00:00:00+00,1899/12/30 00:00:00+00,8,REGION BIO BIO,8108,SAN PEDRO DE LA PAZ,63,CHOQUE FRENTE/POSTERIOR,40,CHOQUE,1,URBANA,26,OTROS NO CONSIDERADOS,13,CAUSAS NO DETERMINADAS,97,CAUSAS NO DETERMINADAS,0,CAMINO EL VENADO,0, ,- CAMINO EL VENADO,620, , , , ,1,1,2,BIDIRECCIONAL,2,ASFALTO,1,BUENO,1,SECO,1,DESPEJADO,0,0,0,0,1
-8136663.31767266,-4417955.85918792,4264,41729,1357728,-73.0928902,-36.8481063,100,SAN PEDRO DE LA PAZ,1,21844,2021,1357728,REGION BIO BIO,8108,SAN PEDRO DE LA PAZ,CAMINO EL VENADO, ,620,"CAMINO EL VENADO 620, SAN PEDRO DE LA PAZ",CHILE,RANGE_INTERPOLATED,30108,2021,1357728,1,2021/06/07 00:00:00+00,1899/12/30 00:00:00+00,8,REGION BIO BIO,8108,SAN PEDRO DE LA PAZ,61,CHOQUE FRENTE/FRENTE,40,CHOQUE,1,URBANA,26,OTROS NO CONSIDERADOS,13,CAUSAS NO DETERMINADAS,97,CAUSAS NO DETERMINADAS,0,CAMINO EL VENADO,0, ,- CAMINO EL VENADO,620, , , , ,1,1,2,BIDIRECCIONAL,2,ASFALTO,1,BUENO,1,SECO,1,DESPEJADO,0,0,0,0,1
-8141905.69758453,-4417944.1878911,4265,41730,1385968,-73.1399833,-36.8480224,100,SAN PEDRO DE LA PAZ,1,43066,2021,1385968,REGION BIO BIO,8108,SAN PEDRO DE LA PAZ,RENE SCHNEIDER, ,545,"RENE SCHNEIDER 545, SAN PEDRO DE LA PAZ",CHILE,RANGE_INTERPOLATED,58916,2021,1385968,1,2021/10/07 00:00:00+00,1899/12/30 00:00:00+00,8,REGION BIO BIO,8108,SAN PEDRO DE LA PAZ,33,COLISION POR ALCANCE,30,COLISION,1,URBANA,1,TRAMO DE VIA RECTA,1,IMPRUDENCIA DEL CONDUCTOR,27,CONDUCCION NO ATENTO CONDICIONES TRANSITO MOMENTO,0,RENE SCHNEIDER,0, ,- RENE SCHNEIDER,545, , , , ,1,1,2,BIDIRECCIONAL,1,CONCRETO,1,BUENO,1,SECO,1,DESPEJADO,0,0,0,0,2
-8142396.32710826,-4417888.86417088,4266,41731,1349122,-73.1443907,-36.8476247,100,SAN PEDRO DE LA PAZ,1,16315,2021,1349122,REGION BIO BIO,8108,SAN PEDRO DE LA PAZ,GALVARINO,CAUPOLICAN,0,"GALVARINO & CAUPOLICAN, SAN PEDRO DE LA PAZ",CHILE,GEOMETRIC_CENTER,22499,2021,1349122,1,2021/05/02 00:00:00+00,1899/12/30 00:00:00+00,8,REGION BIO BIO,8108,SAN PEDRO DE LA PAZ,33,COLISION POR ALCANCE,30,COLISION,1,URBANA,1,TRAMO DE VIA RECTA,1,IMPRUDENCIA DEL CONDUCTOR,27,CONDUCCION NO ATENTO CONDICIONES TRANSITO MOMENTO,0,GALVARINO,0,CAUPOLICAN,CAUPOLICAN - GALVARINO,0, , , , ,1,1,2,BIDIRECCIONAL,2,ASFALTO,1,BUENO,1,SECO,1,DESPEJADO,0,0,0,2,0
-8142396.32710826,-4417888.86417088,4267,41732,1370707,-73.1443907,-36.8476247,100,SAN PEDRO DE LA PAZ,1,30576,2021,1370707,REGION BIO BIO,8108,SAN PEDRO DE LA PAZ,GALVARINO,CAUPOLICAN,0,"GALVARINO & CAUPOLICAN, SAN PEDRO DE LA PAZ",CHILE,GEOMETRIC_CENTER,42259,2021,1370707,1,2021/07/30 00:00:00+00,1899/12/30 00:00:00+00,8,REGION BIO BIO,8108,SAN PEDRO DE LA PAZ,32,COLISION LATERAL,30,COLISION,1,URBANA,11,CRUCE CON SEMAFORO FUNCIONANDO,1,IMPRUDENCIA DEL CONDUCTOR,27,CONDUCCION NO ATENTO CONDICIONES TRANSITO MOMENTO,0,GALVARINO,0,CAUPOLICAN,CAUPOLICAN - GALVARINO,0, , , , ,1,1,2,BIDIRECCIONAL,1,CONCRETO,1,BUENO,1,SECO,1,DESPEJADO,0,0,0,0,2
-8142817.64911701,-4417855.00513883,4268,41733,1381505,-73.1481755,-36.8473813,100,SAN PEDRO DE LA PAZ,1,40427,2021,1381505,REGION BIO BIO,8108,SAN PEDRO DE LA PAZ,CENTRAL,LOS BOLDOS,0,"CENTRAL & LOS BOLDOS, SAN PEDRO DE LA PAZ",CHILE,GEOMETRIC_CENTER,55486,2021,1381505,1,2021/09/23 00:00:00+00,1899/12/30 00:00:00+00,8,REGION BIO BIO,8108,SAN PEDRO DE LA PAZ,62,CHOQUE FRENTE/LADO,40,CHOQUE,1,URBANA,26,OTROS NO CONSIDERADOS,4,ALCOHOL EN CONDUCTOR,21,CONDUCCION BAJO LA INFLUENCIA DEL ALCOHOL,0,CENTRAL,0,LOS BOLDOS,CENTRAL - LOS BOLDOS,0, , , , ,2,0,1,UNIDIRECCIONAL,2,ASFALTO,1,BUENO,1,SECO,1,DESPEJADO,0,0,0,0,2
-8142830.97406006,-4417838.60427422,4269,41734,1327047,-73.1482952,-36.8472634,100,SAN PEDRO DE LA PAZ,1,2638,2021,1327047,REGION BIO BIO,8108,SAN PEDRO DE LA PAZ,CENTRAL,LOS BOLDOS,0,"CENTRAL & LOS BOLDOS, SAN PEDRO DE LA PAZ",CHILE,GEOMETRIC_CENTER,3638,2021,1327047,1,2021/01/19 00:00:00+00,1899/12/30 00:00:00+00,8,REGION BIO BIO,8108,SAN PEDRO DE LA PAZ,51,CHOQUE FRONTAL,40,CHOQUE,1,URBANA,2,TRAMO DE VIA CURVA HORIZONTAL,9,PERDIDA CONTROL VEHICULO,95,PERDIDA CONTROL VEHICULO,0,CENTRAL,0,LOS BOLDOS,CENTRAL - LOS BOLDOS,0, , , , ,2,0,1,UNIDIRECCIONAL,2,ASFALTO,1,BUENO,1,SECO,1,DESPEJADO,0,0,0,0,1
-8140912.2601848,-4417700.37339473,4270,41735,1395085,-73.1310591,-36.8462697,100,SAN PEDRO DE LA PAZ,1,49407,2021,1395085,REGION BIO BIO,8108,SAN PEDRO DE LA PAZ,NUEVA UNO,CALLE LOCAL,0,"NUEVA UNO & CALLE LOCAL, SAN PEDRO DE LA PAZ",CHILE,GEOMETRIC_CENTER,67334,2021,1395085,1,2021/11/10 00:00:00+00,1899/12/30 00:00:00+00,8,REGION BIO BIO,8108,SAN PEDRO DE LA PAZ,33,COLISION POR ALCANCE,30,COLISION,1,URBANA,1,TRAMO DE VIA RECTA,1,IMPRUDENCIA DEL CONDUCTOR,11,ADELANTAMIENTO SIN EL ESPACIO O TIEMPO SUFICIENTE,0,NUEVA UNO,0,CALLE LOCAL,CALLE LOCAL - NUEVA UNO,0, , , , ,1,1,2,BIDIRECCIONAL,1,CONCRETO,1,BUENO,1,SECO,1,DESPEJADO,0,0,0,0,2
-8140912.2601848,-4417700.37339473,4271,41736,1409275,-73.1310591,-36.8462697,100,SAN PEDRO DE LA PAZ,1,58966,2021,1409275,REGION BIO BIO,8108,SAN PEDRO DE LA PAZ,NUEVA UNO, ,3420,"NUEVA UNO 3420, SAN PEDRO DE LA PAZ",CHILE,RANGE_INTERPOLATED,80131,2021,1409275,1,2021/12/29 00:00:00+00,1899/12/30 00:00:00+00,8,REGION BIO BIO,8108,SAN PEDRO DE LA PAZ,32,COLISION LATERAL,30,COLISION,1,URBANA,1,TRAMO DE VIA RECTA,1,IMPRUDENCIA DEL CONDUCTOR,14,ADELANTAMIENTO SOBREPASANDO LINEA CONTINUA,0,NUEVA UNO,0, ,- NUEVA UNO,3420, , , , ,1,1,2,BIDIRECCIONAL,1,CONCRETO,1,BUENO,1,SECO,1,DESPEJADO,0,0,0,1,1
-8142431.92708141,-4417698.56501232,4272,41737,1354794,-73.1447105,-36.8462567,100,SAN PEDRO DE LA PAZ,1,21468,2021,1354794,REGION BIO BIO,8108,SAN PEDRO DE LA PAZ,GALVARINO, ,344,"GALVARINO 344, SAN PEDRO DE LA PAZ",CHILE,RANGE_INTERPOLATED,29591,2021,1354794,1,2021/06/05 00:00:00+00,1899/12/30 00:00:00+00,8,REGION BIO BIO,8108,SAN PEDRO DE LA PAZ,51,CHOQUE FRONTAL,40,CHOQUE,1,URBANA,1,TRAMO DE VIA RECTA,13,CAUSAS NO DETERMINADAS,97,CAUSAS NO DETERMINADAS,0,GALVARINO,0, ,- GALVARINO,344, , , , ,1,1,2,BIDIRECCIONAL,1,CONCRETO,1,BUENO,1,SECO,1,DESPEJADO,0,0,0,0,1
-8137860.10238623,-4417682.73472402,4273,41738,1407916,-73.1036411,-36.8461429,100,SAN PEDRO DE LA PAZ,1,58509,2021,1407916,REGION BIO BIO,8108,SAN PEDRO DE LA PAZ,LOS NOGALES,LAS PATAGUAS,0,"LOS NOGALES & LAS PATAGUAS, SAN PEDRO DE LA PAZ",CHILE,GEOMETRIC_CENTER,79490,2021,1407916,1,2021/12/26 00:00:00+00,1899/12/30 00:00:00+00,8,REGION BIO BIO,8108,SAN PEDRO DE LA PAZ,30,COLISION,30,COLISION,1,URBANA,16,CRUCE SIN SEÑALIZACION,13,CAUSAS NO DETERMINADAS,97,CAUSAS NO DETERMINADAS,0,LOS NOGALES,0,LAS PATAGUAS,LAS PATAGUAS - LOS NOGALES,0, , , , ,1,1,2,BIDIRECCIONAL,2,ASFALTO,1,BUENO,1,SECO,1,DESPEJADO,0,0,0,0,1
-8137455.84565541,-4417671.35584945,4274,41739,1396778,-73.1000096,-36.8460611,100,SAN PEDRO DE LA PAZ,1,49185,2021,1396778,REGION BIO BIO,8108,SAN PEDRO DE LA PAZ,LOS ROBLES, ,1465,"LOS ROBLES 1465, SAN PEDRO DE LA PAZ",CHILE,RANGE_INTERPOLATED,67048,2021,1396778,1,2021/11/09 00:00:00+00,1899/12/30 00:00:00+00,8,REGION BIO BIO,8108,SAN PEDRO DE LA PAZ,30,COLISION,30,COLISION,1,URBANA,1,TRAMO DE VIA RECTA,13,CAUSAS NO DETERMINADAS,97,CAUSAS NO DETERMINADAS,0,LOS ROBLES,0, ,- LOS ROBLES,1465, , , , ,1,1,2,BIDIRECCIONAL,2,ASFALTO,1,BUENO,1,SECO,1,DESPEJADO,0,0,0,0,2
-8139384.27772222,-4417615.69969577,4275,41740,1409190,-73.117333,-36.845661,100,SAN PEDRO DE LA PAZ,1,59319,2021,1409190,REGION BIO BIO,8108,SAN PEDRO DE LA PAZ,LAGUNA GRANDE, ,115,"LAGUNA GRANDE 115, SAN PEDRO DE LA PAZ",CHILE,RANGE_INTERPOLATED,80606,2021,1409190,1,2021/12/31 00:00:00+00,1899/12/30 00:00:00+00,8,REGION BIO BIO,8108,SAN PEDRO DE LA PAZ,30,COLISION,30,COLISION,1,URBANA,26,OTROS NO CONSIDERADOS,13,CAUSAS NO DETERMINADAS,97,CAUSAS NO DETERMINADAS,0,LAGUNA GRANDE,0, ,- LAGUNA GRANDE,115, , , , ,1,1,2,BIDIRECCIONAL,2,ASFALTO,1,BUENO,1,SECO,1,DESPEJADO,0,0,0,0,1
-8140844.78944143,-4417597.90814997,4276,41741,1341889,-73.130453,-36.8455331,100,SAN PEDRO DE LA PAZ,1,12482,2021,1341889,REGION BIO BIO,8108,SAN PEDRO DE LA PAZ,MICHAIHUE,RUTA 160,0,"MICHAIHUE & RUTA 160, SAN PEDRO DE LA PAZ",CHILE,GEOMETRIC_CENTER,17260,2021,1341889,1,2021/04/01 00:00:00+00,1899/12/30 00:00:00+00,8,REGION BIO BIO,8108,SAN PEDRO DE LA PAZ,30,COLISION,30,COLISION,1,URBANA,26,OTROS NO CONSIDERADOS,13,CAUSAS NO DETERMINADAS,97,CAUSAS NO DETERMINADAS,0,MICHAIHUE,0,RUTA 160,MICHAIHUE - RUTA 160,0, , , , ,2,2,2,BIDIRECCIONAL,1,CONCRETO,1,BUENO,1,SECO,1,DESPEJADO,0,0,0,0,2
-8140889.70685596,-4417579.85233484,4277,41742,1337423,-73.1308565,-36.8454033,100,SAN PEDRO DE LA PAZ,1,9041,2021,1337423,REGION BIO BIO,8108,SAN PEDRO DE LA PAZ,NUEVA UNO,MICHAIHUE,0,"NUEVA UNO & MICHAIHUE, SAN PEDRO DE LA PAZ",CHILE,GEOMETRIC_CENTER,12634,2021,1337423,1,2021/03/06 00:00:00+00,1899/12/30 00:00:00+00,8,REGION BIO BIO,8108,SAN PEDRO DE LA PAZ,31,COLISION FRONTAL,30,COLISION,1,URBANA,1,TRAMO DE VIA RECTA,1,IMPRUDENCIA DEL CONDUCTOR,27,CONDUCCION NO ATENTO CONDICIONES TRANSITO MOMENTO,0,NUEVA UNO,0,MICHAIHUE,MICHAIHUE - NUEVA UNO,0, , , , ,1,1,2,BIDIRECCIONAL,1,CONCRETO,1,BUENO,1,SECO,1,DESPEJADO,0,0,0,0,2