X,Y,FID,FID_1,LABELID,POINT_X,POINT_Y,FID_2,COMUNAREAL,VAL_COM,OBJECTID,A_O,IDACCIDENT,REGION,COD_COMUN,COMUNA,CALLE_UNO,CALLE_DOS,NUMERO,DIR_GEOCOD,PAIS,TIPO,OBJECTID_1,Año,Idaccide_1,Claseaccid,Fecha,Hora,Cód_Regi,Región,Cód_Comun,Comuna_1,Cód_Tipo_,Tipo_Accid,Cód_Tipo1,Tipo__CONA,Cód_Zona,Zona,Cód_Ubica,Ubicación,Cód_Causa,Causa__CON,Cód_Cau_1,Causa,Cód_Calle,Calle_Un_1,Cód_Cal_1,Calle_Do_1,Intersecci,Número,Ruta,Cód_Ruta,Ubicaci_1,Km_Vía_Fe,Pistas_de_,Pistas_de1,Cód_Calza,Calzada,Cód__Tipo,Tipo_Calza,Cód_Estad,Estado_Cal,Cód_Condi,Condición,Cód_Est_1,Estado_Atm,Fallecidos,Graves,Menos_Grav,Leves,Ilesos
-8140889.70685596,-4417579.85233484,4278,41743,1368254,-73.1308565,-36.8454033,100,SAN PEDRO DE LA PAZ,1,28250,2021,1368254,REGION BIO BIO,8108,SAN PEDRO DE LA PAZ,NUEVA UNO,MICHAIHUE,0,"NUEVA UNO & MICHAIHUE, SAN PEDRO DE LA PAZ",CHILE,GEOMETRIC_CENTER,39021,2021,1368254,1,2021/07/17 00:00:00+00,1899/12/30 00:00:00+00,8,REGION BIO BIO,8108,SAN PEDRO DE LA PAZ,34,COLISION PERPENDICULAR,30,COLISION,1,URBANA,26,OTROS NO CONSIDERADOS,1,IMPRUDENCIA DEL CONDUCTOR,27,CONDUCCION NO ATENTO CONDICIONES TRANSITO MOMENTO,0,NUEVA UNO,0,MICHAIHUE,MICHAIHUE - NUEVA UNO,0, , , , ,1,1,2,BIDIRECCIONAL,1,CONCRETO,1,BUENO,1,SECO,1,DESPEJADO,0,0,0,0,2
-8140889.70685596,-4417579.85233484,4279,41744,1409278,-73.1308565,-36.8454033,100,SAN PEDRO DE LA PAZ,1,59165,2021,1409278,REGION BIO BIO,8108,SAN PEDRO DE LA PAZ,NUEVA UNO,MICHAIHUE,0,"NUEVA UNO & MICHAIHUE, SAN PEDRO DE LA PAZ",CHILE,GEOMETRIC_CENTER,80389,2021,1409278,1,2021/12/30 00:00:00+00,1899/12/30 00:00:00+00,8,REGION BIO BIO,8108,SAN PEDRO DE LA PAZ,63,CHOQUE FRENTE/POSTERIOR,40,CHOQUE,1,URBANA,11,CRUCE CON SEMAFORO FUNCIONANDO,1,IMPRUDENCIA DEL CONDUCTOR,27,CONDUCCION NO ATENTO CONDICIONES TRANSITO MOMENTO,0,NUEVA UNO,0,MICHAIHUE,MICHAIHUE - NUEVA UNO,0, , , , ,1,1,2,BIDIRECCIONAL,1,CONCRETO,1,BUENO,1,SECO,1,DESPEJADO,0,0,0,0,2
-8137169.79909187,-4417533.48881438,4280,41745,1391229,-73.09744,-36.84507,100,SAN PEDRO DE LA PAZ,1,45650,2021,1391229,REGION BIO BIO,8108,SAN PEDRO DE LA PAZ,LOS CANELOS, ,117,"LOS CANELOS 117, SAN PEDRO DE LA PAZ",CHILE,RANGE_INTERPOLATED,62380,2021,1391229,1,2021/10/21 00:00:00+00,1899/12/30 00:00:00+00,8,REGION BIO BIO,8108,SAN PEDRO DE LA PAZ,30,COLISION,30,COLISION,1,URBANA,1,TRAMO DE VIA RECTA,13,CAUSAS NO DETERMINADAS,97,CAUSAS NO DETERMINADAS,0,LOS CANELOS,0, ,- LOS CANELOS,117, , , , ,1,1,2,BIDIRECCIONAL,2,ASFALTO,1,BUENO,1,SECO,1,DESPEJADO,0,0,0,0,2
-8136808.31130941,-4417497.86429645,4281,41746,1334786,-73.0941927,-36.8448139,100,SAN PEDRO DE LA PAZ,1,5450,2021,1334786,REGION BIO BIO,8108,SAN PEDRO DE LA PAZ,CAMINO EL VENADO, ,284,"CAMINO EL VENADO 284, SAN PEDRO DE LA PAZ",CHILE,RANGE_INTERPOLATED,7609,2021,1334786,1,2021/02/09 00:00:00+00,1899/12/30 00:00:00+00,8,REGION BIO BIO,8108,SAN PEDRO DE LA PAZ,61,CHOQUE FRENTE/FRENTE,40,CHOQUE,1,URBANA,1,TRAMO DE VIA RECTA,13,CAUSAS NO DETERMINADAS,97,CAUSAS NO DETERMINADAS,0,CAMINO EL VENADO,0, ,- CAMINO EL VENADO,284, , , , ,1,1,2,BIDIRECCIONAL,2,ASFALTO,1,BUENO,1,SECO,1,DESPEJADO,0,0,0,1,1
-8142411.45542706,-4417497.34961276,4282,41747,1376637,-73.1445266,-36.8448102,100,SAN PEDRO DE LA PAZ,1,37050,2021,1376637,REGION BIO BIO,8108,SAN PEDRO DE LA PAZ,MICHAIHUE,GALVARINO,0,"MICHAIHUE & GALVARINO, SAN PEDRO DE LA PAZ",CHILE,GEOMETRIC_CENTER,50960,2021,1376637,1,2021/09/04 00:00:00+00,1899/12/30 00:00:00+00,8,REGION BIO BIO,8108,SAN PEDRO DE LA PAZ,10,ATROPELLO,10,ATROPELLO,1,URBANA,15,CRUCE CON SEÑAL CEDA EL PASO,1,IMPRUDENCIA DEL CONDUCTOR,27,CONDUCCION NO ATENTO CONDICIONES TRANSITO MOMENTO,0,MICHAIHUE,0,GALVARINO,GALVARINO - MICHAIHUE,0, , , , ,1,1,2,BIDIRECCIONAL,1,CONCRETO,1,BUENO,1,SECO,1,DESPEJADO,1,0,0,0,1
-8142411.45542706,-4417497.34961276,4283,41748,1384580,-73.1445266,-36.8448102,100,SAN PEDRO DE LA PAZ,1,41102,2021,1384580,REGION BIO BIO,8108,SAN PEDRO DE LA PAZ,MICHAIHUE,GALVARINO,0,"MICHAIHUE & GALVARINO, SAN PEDRO DE LA PAZ",CHILE,GEOMETRIC_CENTER,56390,2021,1384580,1,2021/09/27 00:00:00+00,1899/12/30 00:00:00+00,8,REGION BIO BIO,8108,SAN PEDRO DE LA PAZ,63,CHOQUE FRENTE/POSTERIOR,40,CHOQUE,1,URBANA,1,TRAMO DE VIA RECTA,1,IMPRUDENCIA DEL CONDUCTOR,27,CONDUCCION NO ATENTO CONDICIONES TRANSITO MOMENTO,0,MICHAIHUE,0,GALVARINO,GALVARINO - MICHAIHUE,0, , , , ,1,1,2,BIDIRECCIONAL,1,CONCRETO,1,BUENO,1,SECO,1,DESPEJADO,0,0,1,1,0
-8142281.69029664,-4417480.39288573,4284,41749,1381534,-73.1433609,-36.8446883,100,SAN PEDRO DE LA PAZ,1,38150,2021,1381534,REGION BIO BIO,8108,SAN PEDRO DE LA PAZ,MICHAIHUE,GABRIELA MISTRAL,0,"MICHAIHUE & GABRIELA MISTRAL, SAN PEDRO DE LA PAZ",CHILE,GEOMETRIC_CENTER,52404,2021,1381534,1,2021/09/10 00:00:00+00,1899/12/30 00:00:00+00,8,REGION BIO BIO,8108,SAN PEDRO DE LA PAZ,31,COLISION FRONTAL,30,COLISION,1,URBANA,1,TRAMO DE VIA RECTA,1,IMPRUDENCIA DEL CONDUCTOR,27,CONDUCCION NO ATENTO CONDICIONES TRANSITO MOMENTO,0,MICHAIHUE,0,GABRIELA MISTRAL,GABRIELA MISTRAL - MICHAIHUE,0, , , , ,2,0,1,UNIDIRECCIONAL,2,ASFALTO,1,BUENO,1,SECO,1,DESPEJADO,0,0,0,0,2
-8141999.7514223,-4417428.9803659,4285,41750,1349107,-73.1408282,-36.8443187,100,SAN PEDRO DE LA PAZ,1,17528,2021,1349107,REGION BIO BIO,8108,SAN PEDRO DE LA PAZ,MICHAIHUE,RENE SCHNEIDER,0,"MICHAIHUE & RENE SCHNEIDER, SAN PEDRO DE LA PAZ",CHILE,GEOMETRIC_CENTER,24152,2021,1349107,1,2021/05/11 00:00:00+00,1899/12/30 00:00:00+00,8,REGION BIO BIO,8108,SAN PEDRO DE LA PAZ,32,COLISION LATERAL,30,COLISION,1,URBANA,14,CRUCE CON SEÑAL PARE,10,DESOBEDIENCIA A SEÑALIZACION,65,SEÑALIZACION DESOBEDECER SEÑAL PARE,0,MICHAIHUE,0,RENE SCHNEIDER,MICHAIHUE - RENE SCHNEIDER,0, , , , ,1,1,2,BIDIRECCIONAL,2,ASFALTO,1,BUENO,1,SECO,1,DESPEJADO,0,0,1,1,1
-8141999.7514223,-4417428.9803659,4286,41751,1381821,-73.1408282,-36.8443187,100,SAN PEDRO DE LA PAZ,1,38765,2021,1381821,REGION BIO BIO,8108,SAN PEDRO DE LA PAZ,MICHAIHUE,RENE SCHNEIDER,0,"MICHAIHUE & RENE SCHNEIDER, SAN PEDRO DE LA PAZ",CHILE,GEOMETRIC_CENTER,53255,2021,1381821,1,2021/09/14 00:00:00+00,1899/12/30 00:00:00+00,8,REGION BIO BIO,8108,SAN PEDRO DE LA PAZ,33,COLISION POR ALCANCE,30,COLISION,1,URBANA,1,TRAMO DE VIA RECTA,1,IMPRUDENCIA DEL CONDUCTOR,27,CONDUCCION NO ATENTO CONDICIONES TRANSITO MOMENTO,0,MICHAIHUE,0,RENE SCHNEIDER,MICHAIHUE - RENE SCHNEIDER,0, , , , ,1,1,2,BIDIRECCIONAL,1,CONCRETO,1,BUENO,1,SECO,1,DESPEJADO,0,0,0,0,2
-8137373.52489197,-4417421.10715022,4287,41752,1375243,-73.0992701,-36.8442621,100,SAN PEDRO DE LA PAZ,1,33769,2021,1375243,REGION BIO BIO,8108,SAN PEDRO DE LA PAZ,LOS AROMOS, ,1400,"LOS AROMOS 1400, SAN PEDRO DE LA PAZ",CHILE,RANGE_INTERPOLATED,46577,2021,1375243,1,2021/08/17 00:00:00+00,1899/12/30 00:00:00+00,8,REGION BIO BIO,8108,SAN PEDRO DE LA PAZ,10,ATROPELLO,10,ATROPELLO,1,URBANA,1,TRAMO DE VIA RECTA,1,IMPRUDENCIA DEL CONDUCTOR,31,NO RESPETAR DERECHO PREFERENTE DE PASO A PEATON,0,LOS AROMOS,0, ,- LOS AROMOS,1400, , , , ,1,1,2,BIDIRECCIONAL,2,ASFALTO,1,BUENO,1,SECO,1,DESPEJADO,0,0,0,1,1
-8138942.66217029,-4417412.67753001,4288,41753,1397207,-73.1133659,-36.8442015,100,SAN PEDRO DE LA PAZ,1,50108,2021,1397207,REGION BIO BIO,8108,SAN PEDRO DE LA PAZ,LOS ACACIOS,SAN PEDRO DEL VALLE,0,"LOS ACACIOS & SAN PEDRO DEL VALLE, SAN PEDRO DE LA PAZ",CHILE,GEOMETRIC_CENTER,68246,2021,1397207,1,2021/11/13 00:00:00+00,1899/12/30 00:00:00+00,8,REGION BIO BIO,8108,SAN PEDRO DE LA PAZ,30,COLISION,30,COLISION,1,URBANA,1,TRAMO DE VIA RECTA,13,CAUSAS NO DETERMINADAS,97,CAUSAS NO DETERMINADAS,0,LOS ACACIOS,0,SAN PEDRO DEL VALLE,LOS ACACIOS - SAN PEDRO DEL VALLE,0, , , , ,1,1,2,BIDIRECCIONAL,2,ASFALTO,1,BUENO,1,SECO,1,DESPEJADO,0,0,0,0,1
-8141851.79668709,-4417403.62195534,4289,41754,1333673,-73.1394991,-36.8441364,100,SAN PEDRO DE LA PAZ,1,7339,2021,1333673,REGION BIO BIO,8108,SAN PEDRO DE LA PAZ,MICHAIHUE,MANUEL RODRIGUEZ,0,"MICHAIHUE & MANUEL RODRIGUEZ, SAN PEDRO DE LA PAZ",CHILE,GEOMETRIC_CENTER,10324,2021,1333673,1,2021/02/23 00:00:00+00,1899/12/30 00:00:00+00,8,REGION BIO BIO,8108,SAN PEDRO DE LA PAZ,67,CHOQUE POSTERIOR/FRENTE,40,CHOQUE,1,URBANA,1,TRAMO DE VIA RECTA,1,IMPRUDENCIA DEL CONDUCTOR,27,CONDUCCION NO ATENTO CONDICIONES TRANSITO MOMENTO,0,MICHAIHUE,0,MANUEL RODRIGUEZ,MANUEL RODRIGUEZ - MICHAIHUE,0, , , , ,1,1,2,BIDIRECCIONAL,1,CONCRETO,1,BUENO,1,SECO,1,DESPEJADO,0,0,0,0,2
-8137539.95866265,-4417398.62817783,4290,41755,1375241,-73.1007652,-36.8441005,100,SAN PEDRO DE LA PAZ,1,33078,2021,1375241,REGION BIO BIO,8108,SAN PEDRO DE LA PAZ,LOS AROMOS, ,1481,"LOS AROMOS 1481, SAN PEDRO DE LA PAZ",CHILE,RANGE_INTERPOLATED,45607,2021,1375241,1,2021/08/13 00:00:00+00,1899/12/30 00:00:00+00,8,REGION BIO BIO,8108,SAN PEDRO DE LA PAZ,30,COLISION,30,COLISION,1,URBANA,1,TRAMO DE VIA RECTA,13,CAUSAS NO DETERMINADAS,97,CAUSAS NO DETERMINADAS,0,LOS AROMOS,0, ,- LOS AROMOS,1481, , , , ,2,2,3,BIDIRECCIONAL CON BANDEJON,2,ASFALTO,1,BUENO,1,SECO,1,DESPEJADO,0,0,0,0,2
-8137130.21388094,-4417396.20779626,4291,41756,1375239,-73.0970844,-36.8440831,100,SAN PEDRO DE LA PAZ,1,32392,2021,1375239,REGION BIO BIO,8108,SAN PEDRO DE LA PAZ,MICHIMALONCO, ,1176,"MICHIMALONCO 1176, SAN PEDRO DE LA PAZ",CHILE,RANGE_INTERPOLATED,44697,2021,1375239,1,2021/08/09 00:00:00+00,1899/12/30 00:00:00+00,8,REGION BIO BIO,8108,SAN PEDRO DE LA PAZ,10,ATROPELLO,10,ATROPELLO,1,URBANA,1,TRAMO DE VIA RECTA,13,CAUSAS NO DETERMINADAS,97,CAUSAS NO DETERMINADAS,0,MICHIMALONCO,0, ,- MICHIMALONCO,1176, , , , ,2,2,3,BIDIRECCIONAL CON BANDEJON,2,ASFALTO,1,BUENO,1,SECO,1,DESPEJADO,0,1,0,1,0
-8137280.36161012,-4417388.43197644,4292,41757,1330621,-73.0984332,-36.8440272,100,SAN PEDRO DE LA PAZ,1,4338,2021,1330621,REGION BIO BIO,8108,SAN PEDRO DE LA PAZ,LOS CANELOS,MICHIMALONCO,0,"LOS CANELOS & MICHIMALONCO, SAN PEDRO DE LA PAZ",CHILE,GEOMETRIC_CENTER,6095,2021,1330621,1,2021/02/01 00:00:00+00,1899/12/30 00:00:00+00,8,REGION BIO BIO,8108,SAN PEDRO DE LA PAZ,51,CHOQUE FRONTAL,40,CHOQUE,1,URBANA,11,CRUCE CON SEMAFORO FUNCIONANDO,1,IMPRUDENCIA DEL CONDUCTOR,27,CONDUCCION NO ATENTO CONDICIONES TRANSITO MOMENTO,0,LOS CANELOS,0,MICHIMALONCO,LOS CANELOS - MICHIMALONCO,0, , , , ,2,0,1,UNIDIRECCIONAL,1,CONCRETO,1,BUENO,1,SECO,1,DESPEJADO,0,0,0,0,2
-8136686.18269606,-4417370.61299037,4293,41758,1355103,-73.0930956,-36.8438991,100,SAN PEDRO DE LA PAZ,0,21825,2021,1355103,REGION BIO BIO,8101,CONCEPCION,COSTANERA,CENTRAL SUR,0,"COSTANERA & CENTRAL SUR, CONCEPCION",CHILE,GEOMETRIC_CENTER,30086,2021,1355103,1,2021/06/07 00:00:00+00,1899/12/30 00:00:00+00,8,REGION BIO BIO,8101,CONCEPCION,34,COLISION PERPENDICULAR,30,COLISION,1,URBANA,15,CRUCE CON SEÑAL CEDA EL PASO,10,DESOBEDIENCIA A SEÑALIZACION,64,SEÑALIZACION DESOBEDECER SEÑAL CEDA EL PASO,0,COSTANERA,0,CENTRAL SUR,CENTRAL SUR - COSTANERA,0, , , , ,3,3,2,BIDIRECCIONAL,1,CONCRETO,1,BUENO,1,SECO,1,DESPEJADO,0,0,0,0,2
-8137248.44631211,-4417357.87125126,4294,41759,1367271,-73.0981465,-36.8438075,100,SAN PEDRO DE LA PAZ,1,29150,2021,1367271,REGION BIO BIO,8108,SAN PEDRO DE LA PAZ,MICHIMALONCO, ,1300,"MICHIMALONCO 1300, SAN PEDRO DE LA PAZ",CHILE,RANGE_INTERPOLATED,40298,2021,1367271,1,2021/07/22 00:00:00+00,1899/12/30 00:00:00+00,8,REGION BIO BIO,8108,SAN PEDRO DE LA PAZ,30,COLISION,30,COLISION,1,URBANA,26,OTROS NO CONSIDERADOS,13,CAUSAS NO DETERMINADAS,97,CAUSAS NO DETERMINADAS,0,MICHIMALONCO,0, ,- MICHIMALONCO,1300, , , , ,1,1,2,BIDIRECCIONAL,2,ASFALTO,1,BUENO,1,SECO,2,NUBLADO,0,0,0,0,1
-8137248.44631211,-4417357.87125126,4295,41760,1382618,-73.0981465,-36.8438075,100,SAN PEDRO DE LA PAZ,1,39020,2021,1382618,REGION BIO BIO,8108,SAN PEDRO DE LA PAZ,MICHIMALONCO, ,1300,"MICHIMALONCO 1300, SAN PEDRO DE LA PAZ",CHILE,RANGE_INTERPOLATED,53587,2021,1382618,1,2021/09/15 00:00:00+00,1899/12/30 00:00:00+00,8,REGION BIO BIO,8108,SAN PEDRO DE LA PAZ,30,COLISION,30,COLISION,1,URBANA,26,OTROS NO CONSIDERADOS,13,CAUSAS NO DETERMINADAS,97,CAUSAS NO DETERMINADAS,0,MICHIMALONCO,0, ,- MICHIMALONCO,1300, , , , ,2,2,2,BIDIRECCIONAL,2,ASFALTO,1,BUENO,1,SECO,1,DESPEJADO,0,0,0,0,1
-8137248.44631211,-4417357.87125126,4296,41761,1380940,-73.0981465,-36.8438075,100,SAN PEDRO DE LA PAZ,1,39581,2021,1380940,REGION BIO BIO,8108,SAN PEDRO DE LA PAZ,MICHIMALONCO, ,1300,"MICHIMALONCO 1300, SAN PEDRO DE LA PAZ",CHILE,RANGE_INTERPOLATED,54340,2021,1380940,1,2021/09/18 00:00:00+00,1899/12/30 00:00:00+00,8,REGION BIO BIO,8108,SAN PEDRO DE LA PAZ,32,COLISION LATERAL,30,COLISION,1,URBANA,26,OTROS NO CONSIDERADOS,1,IMPRUDENCIA DEL CONDUCTOR,27,CONDUCCION NO ATENTO CONDICIONES TRANSITO MOMENTO,0,MICHIMALONCO,0, ,- MICHIMALONCO,1300, , , , ,1,1,2,BIDIRECCIONAL,1,CONCRETO,1,BUENO,1,SECO,1,DESPEJADO,0,0,0,2,0
-8137248.44631211,-4417357.87125126,4297,41762,1381528,-73.0981465,-36.8438075,100,SAN PEDRO DE LA PAZ,1,39586,2021,1381528,REGION BIO BIO,8108,SAN PEDRO DE LA PAZ,MICHIMALONCO, ,1300,"MICHIMALONCO 1300, SAN PEDRO DE LA PAZ",CHILE,RANGE_INTERPOLATED,54348,2021,1381528,1,2021/09/18 00:00:00+00,1899/12/30 00:00:00+00,8,REGION BIO BIO,8108,SAN PEDRO DE LA PAZ,63,CHOQUE FRENTE/POSTERIOR,40,CHOQUE,1,URBANA,1,TRAMO DE VIA RECTA,4,ALCOHOL EN CONDUCTOR,21,CONDUCCION BAJO LA INFLUENCIA DEL ALCOHOL,0,MICHIMALONCO,0, ,- MICHIMALONCO,1300, , , , ,2,0,1,UNIDIRECCIONAL,2,ASFALTO,1,BUENO,1,SECO,1,DESPEJADO,0,0,0,2,0
-8136867.6891258,-4417349.13565729,4298,41763,1325067,-73.0947261,-36.8437447,100,SAN PEDRO DE LA PAZ,1,1096,2021,1325067,REGION BIO BIO,8108,SAN PEDRO DE LA PAZ,MICHIMALONCO,CAMINO EL VENADO,0,"MICHIMALONCO & CAMINO EL VENADO, SAN PEDRO DE LA PAZ",CHILE,GEOMETRIC_CENTER,1481,2021,1325067,1,2021/01/08 00:00:00+00,1899/12/30 00:00:00+00,8,REGION BIO BIO,8108,SAN PEDRO DE LA PAZ,32,COLISION LATERAL,30,COLISION,1,URBANA,11,CRUCE CON SEMAFORO FUNCIONANDO,13,CAUSAS NO DETERMINADAS,97,CAUSAS NO DETERMINADAS,0,MICHIMALONCO,0,CAMINO EL VENADO,CAMINO EL VENADO - MICHIMALONCO,0, , , , ,1,1,2,BIDIRECCIONAL,1,CONCRETO,1,BUENO,1,SECO,1,DESPEJADO,0,0,0,1,1
-8136867.6891258,-4417349.13565729,4299,41764,1346391,-73.0947261,-36.8437447,100,SAN PEDRO DE LA PAZ,1,13122,2021,1346391,REGION BIO BIO,8108,SAN PEDRO DE LA PAZ,MICHIMALONCO,PEDRO LIRA,0,"MICHIMALONCO & PEDRO LIRA, SAN PEDRO DE LA PAZ",CHILE,GEOMETRIC_CENTER,18125,2021,1346391,1,2021/04/07 00:00:00+00,1899/12/30 00:00:00+00,8,REGION BIO BIO,8108,SAN PEDRO DE LA PAZ,30,COLISION,30,COLISION,1,URBANA,11,CRUCE CON SEMAFORO FUNCIONANDO,13,CAUSAS NO DETERMINADAS,97,CAUSAS NO DETERMINADAS,0,MICHIMALONCO,0,PEDRO LIRA,MICHIMALONCO - PEDRO LIRA,0, , , , ,2,2,2,BIDIRECCIONAL,2,ASFALTO,1,BUENO,1,SECO,1,DESPEJADO,0,0,0,0,1
-8136867.6891258,-4417349.13565729,4300,41765,1359204,-73.0947261,-36.8437447,100,SAN PEDRO DE LA PAZ,1,24044,2021,1359204,REGION BIO BIO,8108,SAN PEDRO DE LA PAZ,CAMINO EL VENADO,MICHIMALONCO,0,"CAMINO EL VENADO & MICHIMALONCO, SAN PEDRO DE LA PAZ",CHILE,GEOMETRIC_CENTER,33144,2021,1359204,1,2021/06/21 00:00:00+00,1899/12/30 00:00:00+00,8,REGION BIO BIO,8108,SAN PEDRO DE LA PAZ,51,CHOQUE FRONTAL,40,CHOQUE,1,URBANA,11,CRUCE CON SEMAFORO FUNCIONANDO,13,CAUSAS NO DETERMINADAS,97,CAUSAS NO DETERMINADAS,0,CAMINO EL VENADO,0,MICHIMALONCO,CAMINO EL VENADO - MICHIMALONCO,0, , , , ,2,2,2,BIDIRECCIONAL,2,ASFALTO,2,REGULAR,3,MOJADO,3,LLUVIA,0,0,0,0,1
-8136867.6891258,-4417349.13565729,4301,41766,1367266,-73.0947261,-36.8437447,100,SAN PEDRO DE LA PAZ,1,28252,2021,1367266,REGION BIO BIO,8108,SAN PEDRO DE LA PAZ,MICHIMALONCO,CAMINO EL VENADO,0,"MICHIMALONCO & CAMINO EL VENADO, SAN PEDRO DE LA PAZ",CHILE,GEOMETRIC_CENTER,39023,2021,1367266,1,2021/07/17 00:00:00+00,1899/12/30 00:00:00+00,8,REGION BIO BIO,8108,SAN PEDRO DE LA PAZ,63,CHOQUE FRENTE/POSTERIOR,40,CHOQUE,1,URBANA,11,CRUCE CON SEMAFORO FUNCIONANDO,13,CAUSAS NO DETERMINADAS,97,CAUSAS NO DETERMINADAS,0,MICHIMALONCO,0,CAMINO EL VENADO,CAMINO EL VENADO - MICHIMALONCO,0, , , , ,2,2,2,BIDIRECCIONAL,2,ASFALTO,1,BUENO,1,SECO,1,DESPEJADO,0,0,0,1,1
-8136867.6891258,-4417349.13565729,4302,41767,1407189,-73.0947261,-36.8437447,100,SAN PEDRO DE LA PAZ,1,58047,2021,1407189,REGION BIO BIO,8108,SAN PEDRO DE LA PAZ,MICHIMALONCO,PEDRO LIRA,0,"MICHIMALONCO & PEDRO LIRA, SAN PEDRO DE LA PAZ",CHILE,GEOMETRIC_CENTER,78822,2021,1407189,1,2021/12/23 00:00:00+00,1899/12/30 00:00:00+00,8,REGION BIO BIO,8108,SAN PEDRO DE LA PAZ,31,COLISION FRONTAL,30,COLISION,1,URBANA,11,CRUCE CON SEMAFORO FUNCIONANDO,10,DESOBEDIENCIA A SEÑALIZACION,62,SEÑALIZACION DESOBEDECER LUZ ROJA DE SEMAFORO,0,MICHIMALONCO,0,PEDRO LIRA,MICHIMALONCO - PEDRO LIRA,0, , , , ,2,2,3,BIDIRECCIONAL CON BANDEJON,1,CONCRETO,1,BUENO,1,SECO,1,DESPEJADO,0,0,0,0,2
-8141497.95655365,-4417341.29032105,4303,41768,1341055,-73.1363205,-36.8436883,100,SAN PEDRO DE LA PAZ,1,10103,2021,1341055,REGION BIO BIO,8108,SAN PEDRO DE LA PAZ,MICHAIHUE, ,472,"MICHAIHUE 472, SAN PEDRO DE LA PAZ",CHILE,RANGE_INTERPOLATED,14049,2021,1341055,1,2021/03/13 00:00:00+00,1899/12/30 00:00:00+00,8,REGION BIO BIO,8108,SAN PEDRO DE LA PAZ,51,CHOQUE FRONTAL,40,CHOQUE,1,URBANA,1,TRAMO DE VIA RECTA,4,ALCOHOL EN CONDUCTOR,21,CONDUCCION BAJO LA INFLUENCIA DEL ALCOHOL,0,MICHAIHUE,0, ,- MICHAIHUE,472, , , , ,1,1,2,BIDIRECCIONAL,1,CONCRETO,1,BUENO,1,SECO,1,DESPEJADO,0,0,0,0,1
-8136820.24475883,-4417340.26096885,4304,41769,1407913,-73.0942999,-36.8436809,100,SAN PEDRO DE LA PAZ,1,56667,2021,1407913,REGION BIO BIO,8108,SAN PEDRO DE LA PAZ,MICHIMALONCO, ,1147,"MICHIMALONCO 1147, SAN PEDRO DE LA PAZ",CHILE,RANGE_INTERPOLATED,77006,2021,1407913,1,2021/12/17 00:00:00+00,1899/12/30 00:00:00+00,8,REGION BIO BIO,8108,SAN PEDRO DE LA PAZ,70,VOLCADURA,70,VOLCADURA,1,URBANA,1,TRAMO DE VIA RECTA,13,CAUSAS NO DETERMINADAS,97,CAUSAS NO DETERMINADAS,0,MICHIMALONCO,0, ,- MICHIMALONCO,1147, , , , ,2,0,1,UNIDIRECCIONAL,2,ASFALTO,1,BUENO,1,SECO,1,DESPEJADO,0,1,0,0,0
-8136813.69917277,-4417326.05870072,4305,41770,1396732,-73.0942411,-36.8435788,100,SAN PEDRO DE LA PAZ,1,48025,2021,1396732,REGION BIO BIO,8108,SAN PEDRO DE LA PAZ,MICHIMALONCO, ,1140,"MICHIMALONCO 1140, SAN PEDRO DE LA PAZ",CHILE,RANGE_INTERPOLATED,65514,2021,1396732,1,2021/11/03 00:00:00+00,1899/12/30 00:00:00+00,8,REGION BIO BIO,8108,SAN PEDRO DE LA PAZ,30,COLISION,30,COLISION,1,URBANA,26,OTROS NO CONSIDERADOS,13,CAUSAS NO DETERMINADAS,97,CAUSAS NO DETERMINADAS,0,MICHIMALONCO,0, ,- MICHIMALONCO,1140, , , , ,1,0,1,UNIDIRECCIONAL,2,ASFALTO,1,BUENO,1,SECO,1,DESPEJADO,0,0,0,0,2
-8137893.26446253,-4417307.4469422,4306,41771,1338288,-73.103939,-36.843445,100,SAN PEDRO DE LA PAZ,1,10369,2021,1338288,REGION BIO BIO,8108,SAN PEDRO DE LA PAZ,LA FORESTA,LOS MA??ªIOS,0,"LA FORESTA & LOS MA??ªIOS, SAN PEDRO DE LA PAZ",CHILE,GEOMETRIC_CENTER,14438,2021,1338288,1,2021/03/15 00:00:00+00,1899/12/30 00:00:00+00,8,REGION BIO BIO,8108,SAN PEDRO DE LA PAZ,51,CHOQUE FRONTAL,40,CHOQUE,1,URBANA,1,TRAMO DE VIA RECTA,1,IMPRUDENCIA DEL CONDUCTOR,27,CONDUCCION NO ATENTO CONDICIONES TRANSITO MOMENTO,0,LA FORESTA,0,LOS MAÑIOS,LA FORESTA - LOS MAÑIOS,0, , , , ,1,1,2,BIDIRECCIONAL,2,ASFALTO,1,BUENO,1,SECO,1,DESPEJADO,0,0,0,0,1
-8137893.26446253,-4417307.4469422,4307,41772,1381813,-73.103939,-36.843445,100,SAN PEDRO DE LA PAZ,1,38378,2021,1381813,REGION BIO BIO,8108,SAN PEDRO DE LA PAZ,LA FORESTA,LOS MA??ªIOS,0,"LA FORESTA & LOS MA??ªIOS, SAN PEDRO DE LA PAZ",CHILE,GEOMETRIC_CENTER,52712,2021,1381813,1,2021/09/11 00:00:00+00,1899/12/30 00:00:00+00,8,REGION BIO BIO,8108,SAN PEDRO DE LA PAZ,51,CHOQUE FRONTAL,40,CHOQUE,1,URBANA,1,TRAMO DE VIA RECTA,9,PERDIDA CONTROL VEHICULO,95,PERDIDA CONTROL VEHICULO,0,LA FORESTA,0,LOS MAÑIOS,LA FORESTA - LOS MAÑIOS,0, , , , ,1,1,2,BIDIRECCIONAL,1,CONCRETO,1,BUENO,1,SECO,1,DESPEJADO,0,0,0,0,1