X,Y,FID,FID_1,LABELID,POINT_X,POINT_Y,FID_2,COMUNAREAL,VAL_COM,OBJECTID,A_O,IDACCIDENT,REGION,COD_COMUN,COMUNA,CALLE_UNO,CALLE_DOS,NUMERO,DIR_GEOCOD,PAIS,TIPO,OBJECTID_1,Año,Idaccide_1,Claseaccid,Fecha,Hora,Cód_Regi,Región,Cód_Comun,Comuna_1,Cód_Tipo_,Tipo_Accid,Cód_Tipo1,Tipo__CONA,Cód_Zona,Zona,Cód_Ubica,Ubicación,Cód_Causa,Causa__CON,Cód_Cau_1,Causa,Cód_Calle,Calle_Un_1,Cód_Cal_1,Calle_Do_1,Intersecci,Número,Ruta,Cód_Ruta,Ubicaci_1,Km_Vía_Fe,Pistas_de_,Pistas_de1,Cód_Calza,Calzada,Cód__Tipo,Tipo_Calza,Cód_Estad,Estado_Cal,Cód_Condi,Condición,Cód_Est_1,Estado_Atm,Fallecidos,Graves,Menos_Grav,Leves,Ilesos
-8142290.5513281,-4417304.20588444,4308,41773,1346403,-73.1434405,-36.8434217,100,SAN PEDRO DE LA PAZ,1,15640,2021,1346403,REGION BIO BIO,8108,SAN PEDRO DE LA PAZ,PEDRO AGUIRRE CERDA,CALLE NUEVA,0,"PEDRO AGUIRRE CERDA & CALLE NUEVA, SAN PEDRO DE LA PAZ",CHILE,GEOMETRIC_CENTER,21537,2021,1346403,1,2021/04/27 00:00:00+00,1899/12/30 00:00:00+00,8,REGION BIO BIO,8108,SAN PEDRO DE LA PAZ,63,CHOQUE FRENTE/POSTERIOR,40,CHOQUE,1,URBANA,14,CRUCE CON SEÑAL PARE,13,CAUSAS NO DETERMINADAS,97,CAUSAS NO DETERMINADAS,0,PEDRO AGUIRRE CERDA,0,CALLE NUEVA,CALLE NUEVA - PEDRO AGUIRRE CERDA,0, , , , ,2,2,2,BIDIRECCIONAL,2,ASFALTO,1,BUENO,1,SECO,1,DESPEJADO,0,0,0,0,1
-8142290.5513281,-4417304.20588444,4309,41774,1346864,-73.1434405,-36.8434217,100,SAN PEDRO DE LA PAZ,1,16056,2021,1346864,REGION BIO BIO,8108,SAN PEDRO DE LA PAZ,RENE SCHNEIDER,NUEVA UNO,0,"RENE SCHNEIDER & NUEVA UNO, SAN PEDRO DE LA PAZ",CHILE,GEOMETRIC_CENTER,22088,2021,1346864,1,2021/04/30 00:00:00+00,1899/12/30 00:00:00+00,8,REGION BIO BIO,8108,SAN PEDRO DE LA PAZ,32,COLISION LATERAL,30,COLISION,1,URBANA,11,CRUCE CON SEMAFORO FUNCIONANDO,1,IMPRUDENCIA DEL CONDUCTOR,23,CONDUCCION CONTRA SENTIDO DEL TRANSITO,0,RENE SCHNEIDER,0,NUEVA UNO,NUEVA UNO - RENE SCHNEIDER,0, , , , ,1,1,2,BIDIRECCIONAL,1,CONCRETO,1,BUENO,3,MOJADO,3,LLUVIA,0,0,0,1,1
-8142290.5513281,-4417304.20588444,4310,41775,1375237,-73.1434405,-36.8434217,100,SAN PEDRO DE LA PAZ,1,32373,2021,1375237,REGION BIO BIO,8108,SAN PEDRO DE LA PAZ,PEDRO AGUIRRE CERDA,CALLE NUEVA,0,"PEDRO AGUIRRE CERDA & CALLE NUEVA, SAN PEDRO DE LA PAZ",CHILE,GEOMETRIC_CENTER,44668,2021,1375237,1,2021/08/09 00:00:00+00,1899/12/30 00:00:00+00,8,REGION BIO BIO,8108,SAN PEDRO DE LA PAZ,51,CHOQUE FRONTAL,40,CHOQUE,1,URBANA,11,CRUCE CON SEMAFORO FUNCIONANDO,13,CAUSAS NO DETERMINADAS,97,CAUSAS NO DETERMINADAS,0,PEDRO AGUIRRE CERDA,0,CALLE NUEVA,CALLE NUEVA - PEDRO AGUIRRE CERDA,0, , , , ,2,2,2,BIDIRECCIONAL,2,ASFALTO,1,BUENO,1,SECO,1,DESPEJADO,0,0,0,0,1
-8142290.5513281,-4417304.20588444,4311,41776,1396760,-73.1434405,-36.8434217,100,SAN PEDRO DE LA PAZ,1,49160,2021,1396760,REGION BIO BIO,8108,SAN PEDRO DE LA PAZ,PEDRO AGUIRRE CERDA,CALLE NUEVA,0,"PEDRO AGUIRRE CERDA & CALLE NUEVA, SAN PEDRO DE LA PAZ",CHILE,GEOMETRIC_CENTER,67015,2021,1396760,1,2021/11/09 00:00:00+00,1899/12/30 00:00:00+00,8,REGION BIO BIO,8108,SAN PEDRO DE LA PAZ,30,COLISION,30,COLISION,1,URBANA,1,TRAMO DE VIA RECTA,13,CAUSAS NO DETERMINADAS,97,CAUSAS NO DETERMINADAS,0,PEDRO AGUIRRE CERDA,0,CALLE NUEVA,CALLE NUEVA - PEDRO AGUIRRE CERDA,0, , , , ,2,0,1,UNIDIRECCIONAL,2,ASFALTO,1,BUENO,1,SECO,1,DESPEJADO,0,0,0,0,2
-8142290.5513281,-4417304.20588444,4312,41777,1404951,-73.1434405,-36.8434217,100,SAN PEDRO DE LA PAZ,1,56030,2021,1404951,REGION BIO BIO,8108,SAN PEDRO DE LA PAZ,SEGUNDA LONGITUDINAL,CALLE UNO,0,"SEGUNDA LONGITUDINAL & CALLE UNO, SAN PEDRO DE LA PAZ",CHILE,GEOMETRIC_CENTER,76179,2021,1404951,1,2021/12/14 00:00:00+00,1899/12/30 00:00:00+00,8,REGION BIO BIO,8108,SAN PEDRO DE LA PAZ,67,CHOQUE POSTERIOR/FRENTE,40,CHOQUE,1,URBANA,16,CRUCE SIN SEÑALIZACION,1,IMPRUDENCIA DEL CONDUCTOR,27,CONDUCCION NO ATENTO CONDICIONES TRANSITO MOMENTO,0,SEGUNDA LONGITUDINAL,0,CALLE UNO,CALLE UNO - SEGUNDA LONGITUDINAL,0, , , , ,1,1,2,BIDIRECCIONAL,1,CONCRETO,1,BUENO,1,SECO,1,DESPEJADO,0,0,0,0,2
-8136524.9475456,-4417291.7006966,4313,41778,1333106,-73.0916472,-36.8433318,100,SAN PEDRO DE LA PAZ,1,6093,2021,1333106,REGION BIO BIO,8108,SAN PEDRO DE LA PAZ,COSTANERA, ,6266,"COSTANERA 6266, SAN PEDRO DE LA PAZ",CHILE,RANGE_INTERPOLATED,8498,2021,1333106,1,2021/02/14 00:00:00+00,1899/12/30 00:00:00+00,8,REGION BIO BIO,8108,SAN PEDRO DE LA PAZ,51,CHOQUE FRONTAL,40,CHOQUE,1,URBANA,1,TRAMO DE VIA RECTA,9,PERDIDA CONTROL VEHICULO,95,PERDIDA CONTROL VEHICULO,0,COSTANERA,0, ,- COSTANERA,6266, , , , ,1,1,2,BIDIRECCIONAL,1,CONCRETO,1,BUENO,1,SECO,1,DESPEJADO,0,0,0,0,1
-8136524.9475456,-4417291.7006966,4314,41779,1336922,-73.0916472,-36.8433318,100,SAN PEDRO DE LA PAZ,1,9073,2021,1336922,REGION BIO BIO,8108,SAN PEDRO DE LA PAZ,COSTANERA, ,8827,"COSTANERA 8827, SAN PEDRO DE LA PAZ",CHILE,RANGE_INTERPOLATED,12671,2021,1336922,1,2021/03/06 00:00:00+00,1899/12/30 00:00:00+00,8,REGION BIO BIO,8108,SAN PEDRO DE LA PAZ,33,COLISION POR ALCANCE,30,COLISION,1,URBANA,1,TRAMO DE VIA RECTA,1,IMPRUDENCIA DEL CONDUCTOR,27,CONDUCCION NO ATENTO CONDICIONES TRANSITO MOMENTO,0,COSTANERA,0, ,- COSTANERA,8827, , , , ,1,1,2,BIDIRECCIONAL,1,CONCRETO,1,BUENO,1,SECO,1,DESPEJADO,0,0,0,0,2
-8138854.26336265,-4417267.77535037,4315,41780,1351212,-73.1125718,-36.8431598,100,SAN PEDRO DE LA PAZ,1,17125,2021,1351212,REGION BIO BIO,8108,SAN PEDRO DE LA PAZ,LOS ACACIOS,BAYONA,0,"LOS ACACIOS & BAYONA, SAN PEDRO DE LA PAZ",CHILE,GEOMETRIC_CENTER,23599,2021,1351212,1,2021/05/08 00:00:00+00,1899/12/30 00:00:00+00,8,REGION BIO BIO,8108,SAN PEDRO DE LA PAZ,51,CHOQUE FRONTAL,40,CHOQUE,1,URBANA,14,CRUCE CON SEÑAL PARE,4,ALCOHOL EN CONDUCTOR,24,CONDUCCION EN ESTADO DE EBRIEDAD,0,LOS ACACIOS,0,BAYONA,BAYONA - LOS ACACIOS,0, , , , ,1,0,1,UNIDIRECCIONAL,2,ASFALTO,1,BUENO,1,SECO,1,DESPEJADO,0,0,0,0,1
-8137836.8700085,-4417256.9533219,4316,41781,1328638,-73.1034324,-36.843082,100,SAN PEDRO DE LA PAZ,1,2659,2021,1328638,REGION BIO BIO,8108,SAN PEDRO DE LA PAZ,CALLEJON LAGUNILLAS, ,100,"CALLEJON LAGUNILLAS 100, SAN PEDRO DE LA PAZ",CHILE,RANGE_INTERPOLATED,3662,2021,1328638,1,2021/01/19 00:00:00+00,1899/12/30 00:00:00+00,8,REGION BIO BIO,8108,SAN PEDRO DE LA PAZ,51,CHOQUE FRONTAL,40,CHOQUE,1,URBANA,1,TRAMO DE VIA RECTA,9,PERDIDA CONTROL VEHICULO,95,PERDIDA CONTROL VEHICULO,0,CALLEJON LAGUNILLAS,0, ,- CALLEJON LAGUNILLAS,100, , , , ,2,2,2,BIDIRECCIONAL,2,ASFALTO,1,BUENO,1,SECO,2,NUBLADO,0,0,0,1,0
-8138286.37811232,-4417248.30127107,4317,41782,1351276,-73.1074704,-36.8430198,100,SAN PEDRO DE LA PAZ,1,18355,2021,1351276,REGION BIO BIO,8108,SAN PEDRO DE LA PAZ,LOS ACACIOS,SAN PEDRO,0,"LOS ACACIOS & SAN PEDRO, SAN PEDRO DE LA PAZ",CHILE,GEOMETRIC_CENTER,25249,2021,1351276,1,2021/05/16 00:00:00+00,1899/12/30 00:00:00+00,8,REGION BIO BIO,8108,SAN PEDRO DE LA PAZ,51,CHOQUE FRONTAL,40,CHOQUE,1,URBANA,14,CRUCE CON SEÑAL PARE,13,CAUSAS NO DETERMINADAS,97,CAUSAS NO DETERMINADAS,0,LOS ACACIOS,0,SAN PEDRO,LOS ACACIOS - SAN PEDRO,0, , , , ,2,0,1,UNIDIRECCIONAL,2,ASFALTO,1,BUENO,1,SECO,1,DESPEJADO,0,0,0,0,1
-8139201.24621546,-4417215.50143811,4318,41783,1351247,-73.1156888,-36.842784,100,SAN PEDRO DE LA PAZ,1,17899,2021,1351247,REGION BIO BIO,8108,SAN PEDRO DE LA PAZ,BAYONA,BARCELONA,0,"BAYONA & BARCELONA, SAN PEDRO DE LA PAZ",CHILE,GEOMETRIC_CENTER,24637,2021,1351247,1,2021/05/13 00:00:00+00,1899/12/30 00:00:00+00,8,REGION BIO BIO,8108,SAN PEDRO DE LA PAZ,30,COLISION,30,COLISION,1,URBANA,14,CRUCE CON SEÑAL PARE,13,CAUSAS NO DETERMINADAS,97,CAUSAS NO DETERMINADAS,0,BAYONA,0,BARCELONA,BARCELONA - BAYONA,0, , , , ,2,0,1,UNIDIRECCIONAL,2,ASFALTO,1,BUENO,1,SECO,1,DESPEJADO,0,0,0,0,2
-8136321.92305829,-4417204.55427295,4319,41784,1381943,-73.0898234,-36.8427053,100,SAN PEDRO DE LA PAZ,1,40531,2021,1381943,REGION BIO BIO,8108,SAN PEDRO DE LA PAZ,COSTANERA,UNO,0,"COSTANERA & UNO, SAN PEDRO DE LA PAZ",CHILE,GEOMETRIC_CENTER,55634,2021,1381943,1,2021/09/24 00:00:00+00,1899/12/30 00:00:00+00,8,REGION BIO BIO,8108,SAN PEDRO DE LA PAZ,31,COLISION FRONTAL,30,COLISION,1,URBANA,1,TRAMO DE VIA RECTA,1,IMPRUDENCIA DEL CONDUCTOR,27,CONDUCCION NO ATENTO CONDICIONES TRANSITO MOMENTO,0,COSTANERA,0,UNO,COSTANERA - UNO,0, , , , ,1,1,2,BIDIRECCIONAL,1,CONCRETO,1,BUENO,1,SECO,1,DESPEJADO,0,0,0,0,2
-8139637.37371649,-4417202.98244457,4320,41785,1346396,-73.1196066,-36.842694,100,SAN PEDRO DE LA PAZ,1,14202,2021,1346396,REGION BIO BIO,8108,SAN PEDRO DE LA PAZ,LAGUNA GRANDE,BAYONA,0,"LAGUNA GRANDE & BAYONA, SAN PEDRO DE LA PAZ",CHILE,GEOMETRIC_CENTER,19596,2021,1346396,1,2021/04/16 00:00:00+00,1899/12/30 00:00:00+00,8,REGION BIO BIO,8108,SAN PEDRO DE LA PAZ,30,COLISION,30,COLISION,1,URBANA,14,CRUCE CON SEÑAL PARE,13,CAUSAS NO DETERMINADAS,97,CAUSAS NO DETERMINADAS,0,LAGUNA GRANDE,0,BAYONA,BAYONA - LAGUNA GRANDE,0, , , , ,2,2,2,BIDIRECCIONAL,2,ASFALTO,1,BUENO,1,SECO,1,DESPEJADO,0,0,0,1,1
-8142852.84834,-4417192.32740167,4321,41786,1345792,-73.1484917,-36.8426174,100,SAN PEDRO DE LA PAZ,1,15270,2021,1345792,REGION BIO BIO,8108,SAN PEDRO DE LA PAZ,PASAJE UNO, ,1264,"PASAJE UNO 1264, SAN PEDRO DE LA PAZ",CHILE,RANGE_INTERPOLATED,21047,2021,1345792,1,2021/04/24 00:00:00+00,1899/12/30 00:00:00+00,8,REGION BIO BIO,8108,SAN PEDRO DE LA PAZ,32,COLISION LATERAL,30,COLISION,1,URBANA,14,CRUCE CON SEÑAL PARE,10,DESOBEDIENCIA A SEÑALIZACION,65,SEÑALIZACION DESOBEDECER SEÑAL PARE,0,PASAJE UNO,0, ,- PASAJE UNO,1264, , , , ,1,1,2,BIDIRECCIONAL,1,CONCRETO,1,BUENO,1,SECO,1,DESPEJADO,0,0,1,1,0
-8136664.41973561,-4417186.61040524,4322,41787,1351953,-73.0929001,-36.8425763,100,SAN PEDRO DE LA PAZ,1,19452,2021,1351953,REGION BIO BIO,8108,SAN PEDRO DE LA PAZ,MICHIMALONCO,PASAJE TRES,0,"MICHIMALONCO & PASAJE TRES, SAN PEDRO DE LA PAZ",CHILE,GEOMETRIC_CENTER,26773,2021,1351953,1,2021/05/23 00:00:00+00,1899/12/30 00:00:00+00,8,REGION BIO BIO,8108,SAN PEDRO DE LA PAZ,70,VOLCADURA,70,VOLCADURA,1,URBANA,14,CRUCE CON SEÑAL PARE,13,CAUSAS NO DETERMINADAS,97,CAUSAS NO DETERMINADAS,0,MICHIMALONCO,0,PASAJE TRES,MICHIMALONCO - PASAJE TRES,0, , , , ,2,2,3,BIDIRECCIONAL CON BANDEJON,2,ASFALTO,1,BUENO,1,SECO,1,DESPEJADO,0,0,0,1,0
-8138025.38956616,-4417181.42199022,4323,41788,1382622,-73.1051259,-36.842539,100,SAN PEDRO DE LA PAZ,1,40105,2021,1382622,REGION BIO BIO,8108,SAN PEDRO DE LA PAZ,LOS ACACIOS,LOS MA??ªIOS,0,"LOS ACACIOS & LOS MA??ªIOS, SAN PEDRO DE LA PAZ",CHILE,GEOMETRIC_CENTER,55082,2021,1382622,1,2021/09/21 00:00:00+00,1899/12/30 00:00:00+00,8,REGION BIO BIO,8108,SAN PEDRO DE LA PAZ,30,COLISION,30,COLISION,1,URBANA,14,CRUCE CON SEÑAL PARE,13,CAUSAS NO DETERMINADAS,97,CAUSAS NO DETERMINADAS,0,LOS ACACIOS,0,LOS MAÑIOS,LOS ACACIOS - LOS MAÑIOS,0, , , , ,1,1,2,BIDIRECCIONAL,2,ASFALTO,1,BUENO,1,SECO,1,DESPEJADO,0,0,0,0,2
-8138025.38956616,-4417181.42199022,4324,41789,1397208,-73.1051259,-36.842539,100,SAN PEDRO DE LA PAZ,1,50871,2021,1397208,REGION BIO BIO,8108,SAN PEDRO DE LA PAZ,LOS ACACIOS,LOS MA??ªIOS,0,"LOS ACACIOS & LOS MA??ªIOS, SAN PEDRO DE LA PAZ",CHILE,GEOMETRIC_CENTER,69248,2021,1397208,1,2021/11/17 00:00:00+00,1899/12/30 00:00:00+00,8,REGION BIO BIO,8108,SAN PEDRO DE LA PAZ,70,VOLCADURA,70,VOLCADURA,1,URBANA,1,TRAMO DE VIA RECTA,13,CAUSAS NO DETERMINADAS,97,CAUSAS NO DETERMINADAS,0,LOS ACACIOS,0,LOS MAÑIOS,LOS ACACIOS - LOS MAÑIOS,0, , , , ,1,1,2,BIDIRECCIONAL,2,ASFALTO,1,BUENO,1,SECO,1,DESPEJADO,0,0,0,1,1
-8137115.20801358,-4417180.17009421,4325,41790,1391233,-73.0969496,-36.84253,100,SAN PEDRO DE LA PAZ,1,47152,2021,1391233,REGION BIO BIO,8108,SAN PEDRO DE LA PAZ,LOS CANELOS,CALLE NUEVA,0,"LOS CANELOS & CALLE NUEVA, SAN PEDRO DE LA PAZ",CHILE,GEOMETRIC_CENTER,64323,2021,1391233,1,2021/10/29 00:00:00+00,1899/12/30 00:00:00+00,8,REGION BIO BIO,8108,SAN PEDRO DE LA PAZ,30,COLISION,30,COLISION,1,URBANA,14,CRUCE CON SEÑAL PARE,13,CAUSAS NO DETERMINADAS,97,CAUSAS NO DETERMINADAS,0,LOS CANELOS,0,CALLE NUEVA,CALLE NUEVA - LOS CANELOS,0, , , , ,1,1,2,BIDIRECCIONAL,2,ASFALTO,1,BUENO,1,SECO,1,DESPEJADO,0,0,0,0,1
-8136623.69906588,-4417174.91213259,4326,41791,1334792,-73.0925343,-36.8424922,100,SAN PEDRO DE LA PAZ,1,6055,2021,1334792,REGION BIO BIO,8108,SAN PEDRO DE LA PAZ,MICHIMALONCO,EMILIO POCH,0,"MICHIMALONCO & EMILIO POCH, SAN PEDRO DE LA PAZ",CHILE,GEOMETRIC_CENTER,8442,2021,1334792,1,2021/02/13 00:00:00+00,1899/12/30 00:00:00+00,8,REGION BIO BIO,8108,SAN PEDRO DE LA PAZ,30,COLISION,30,COLISION,1,URBANA,14,CRUCE CON SEÑAL PARE,13,CAUSAS NO DETERMINADAS,97,CAUSAS NO DETERMINADAS,0,MICHIMALONCO,0,EMILIO POCH,EMILIO POCH - MICHIMALONCO,0, , , , ,2,2,3,BIDIRECCIONAL CON BANDEJON,2,ASFALTO,1,BUENO,1,SECO,1,DESPEJADO,0,0,0,1,1
-8141905.00740369,-4417163.6311708,4327,41792,1325062,-73.1399771,-36.8424111,100,SAN PEDRO DE LA PAZ,1,188,2021,1325062,REGION BIO BIO,8108,SAN PEDRO DE LA PAZ,MICHAIHUE,EL ESFUERZO,0,"MICHAIHUE & EL ESFUERZO, SAN PEDRO DE LA PAZ",CHILE,GEOMETRIC_CENTER,292,2021,1325062,1,2021/01/02 00:00:00+00,1899/12/30 00:00:00+00,8,REGION BIO BIO,8108,SAN PEDRO DE LA PAZ,63,CHOQUE FRENTE/POSTERIOR,40,CHOQUE,1,URBANA,1,TRAMO DE VIA RECTA,13,CAUSAS NO DETERMINADAS,97,CAUSAS NO DETERMINADAS,0,MICHAIHUE,0,EL ESFUERZO,EL ESFUERZO - MICHAIHUE,0, , , , ,1,1,2,BIDIRECCIONAL,1,CONCRETO,1,BUENO,1,SECO,1,DESPEJADO,0,0,0,0,2
-8141905.00740369,-4417163.6311708,4328,41793,1396754,-73.1399771,-36.8424111,100,SAN PEDRO DE LA PAZ,1,48645,2021,1396754,REGION BIO BIO,8108,SAN PEDRO DE LA PAZ,SEGUNDA LONGITUDINAL,MANUEL RODRIGUEZ,0,"SEGUNDA LONGITUDINAL & MANUEL RODRIGUEZ, SAN PEDRO DE LA PAZ",CHILE,GEOMETRIC_CENTER,66318,2021,1396754,1,2021/11/06 00:00:00+00,1899/12/30 00:00:00+00,8,REGION BIO BIO,8108,SAN PEDRO DE LA PAZ,67,CHOQUE POSTERIOR/FRENTE,40,CHOQUE,1,URBANA,14,CRUCE CON SEÑAL PARE,13,CAUSAS NO DETERMINADAS,97,CAUSAS NO DETERMINADAS,0,SEGUNDA LONGITUDINAL,0,MANUEL RODRIGUEZ,MANUEL RODRIGUEZ - SEGUNDA LONGITUDINAL,0, , , , ,2,0,1,UNIDIRECCIONAL,2,ASFALTO,1,BUENO,1,SECO,1,DESPEJADO,0,0,0,0,1
-8136732.60292373,-4417153.05962684,4329,41794,1340603,-73.0935126,-36.8423351,100,SAN PEDRO DE LA PAZ,1,8890,2021,1340603,REGION BIO BIO,8108,SAN PEDRO DE LA PAZ,MICHIMALONCO, ,1100,"MICHIMALONCO 1100, SAN PEDRO DE LA PAZ",CHILE,RANGE_INTERPOLATED,12424,2021,1340603,1,2021/03/05 00:00:00+00,1899/12/30 00:00:00+00,8,REGION BIO BIO,8108,SAN PEDRO DE LA PAZ,63,CHOQUE FRENTE/POSTERIOR,40,CHOQUE,1,URBANA,26,OTROS NO CONSIDERADOS,13,CAUSAS NO DETERMINADAS,97,CAUSAS NO DETERMINADAS,0,MICHIMALONCO,0, ,- MICHIMALONCO,1100, , , , ,1,1,2,BIDIRECCIONAL,2,ASFALTO,1,BUENO,1,SECO,1,DESPEJADO,0,0,0,0,1
-8136732.60292373,-4417153.05962684,4330,41795,1346401,-73.0935126,-36.8423351,100,SAN PEDRO DE LA PAZ,1,15480,2021,1346401,REGION BIO BIO,8108,SAN PEDRO DE LA PAZ,MICHIMALONCO, ,1100,"MICHIMALONCO 1100, SAN PEDRO DE LA PAZ",CHILE,RANGE_INTERPOLATED,21321,2021,1346401,1,2021/04/26 00:00:00+00,1899/12/30 00:00:00+00,8,REGION BIO BIO,8108,SAN PEDRO DE LA PAZ,30,COLISION,30,COLISION,1,URBANA,11,CRUCE CON SEMAFORO FUNCIONANDO,13,CAUSAS NO DETERMINADAS,97,CAUSAS NO DETERMINADAS,0,MICHIMALONCO,0, ,- MICHIMALONCO,1100, , , , ,2,2,2,BIDIRECCIONAL,2,ASFALTO,1,BUENO,1,SECO,1,DESPEJADO,0,0,0,1,1
-8140713.38791449,-4417146.22985862,4331,41796,1391234,-73.1292726,-36.842286,100,SAN PEDRO DE LA PAZ,1,47125,2021,1391234,REGION BIO BIO,8108,SAN PEDRO DE LA PAZ,MICHAIHUE,PEDRO AGUIRRE CERDA,0,"MICHAIHUE & PEDRO AGUIRRE CERDA, SAN PEDRO DE LA PAZ",CHILE,GEOMETRIC_CENTER,64287,2021,1391234,1,2021/10/29 00:00:00+00,1899/12/30 00:00:00+00,8,REGION BIO BIO,8108,SAN PEDRO DE LA PAZ,30,COLISION,30,COLISION,1,URBANA,11,CRUCE CON SEMAFORO FUNCIONANDO,13,CAUSAS NO DETERMINADAS,97,CAUSAS NO DETERMINADAS,0,MICHAIHUE,0,PEDRO AGUIRRE CERDA,MICHAIHUE - PEDRO AGUIRRE CERDA,0, , , , ,1,1,2,BIDIRECCIONAL,2,ASFALTO,1,BUENO,1,SECO,1,DESPEJADO,0,0,0,0,1
-8140402.88445882,-4417126.49171404,4332,41797,1352579,-73.1264833,-36.8421441,100,SAN PEDRO DE LA PAZ,1,20482,2021,1352579,REGION BIO BIO,8108,SAN PEDRO DE LA PAZ,CENTRAL,LAS ORQUIDEAS,0,"CENTRAL & LAS ORQUIDEAS, SAN PEDRO DE LA PAZ",CHILE,GEOMETRIC_CENTER,28214,2021,1352579,1,2021/05/30 00:00:00+00,1899/12/30 00:00:00+00,8,REGION BIO BIO,8108,SAN PEDRO DE LA PAZ,62,CHOQUE FRENTE/LADO,40,CHOQUE,1,URBANA,1,TRAMO DE VIA RECTA,1,IMPRUDENCIA DEL CONDUCTOR,27,CONDUCCION NO ATENTO CONDICIONES TRANSITO MOMENTO,0,CENTRAL,0,LAS ORQUIDEAS,CENTRAL - LAS ORQUIDEAS,0, , , , ,1,1,2,BIDIRECCIONAL,1,CONCRETO,1,BUENO,1,SECO,1,DESPEJADO,0,0,0,0,2
-8136653.04288366,-4417124.34959203,4333,41798,1325068,-73.0927979,-36.8421287,100,SAN PEDRO DE LA PAZ,1,839,2021,1325068,REGION BIO BIO,8108,SAN PEDRO DE LA PAZ,MICHIMALONCO, ,978,"MICHIMALONCO 978, SAN PEDRO DE LA PAZ",CHILE,RANGE_INTERPOLATED,1153,2021,1325068,1,2021/01/06 00:00:00+00,1899/12/30 00:00:00+00,8,REGION BIO BIO,8108,SAN PEDRO DE LA PAZ,63,CHOQUE FRENTE/POSTERIOR,40,CHOQUE,1,URBANA,1,TRAMO DE VIA RECTA,13,CAUSAS NO DETERMINADAS,97,CAUSAS NO DETERMINADAS,0,MICHIMALONCO,0, ,- MICHIMALONCO,978, , , , ,1,1,2,BIDIRECCIONAL,1,CONCRETO,1,BUENO,1,SECO,1,DESPEJADO,0,0,0,0,1
-8138739.14787722,-4417103.33178136,4334,41799,1391228,-73.1115377,-36.8419776,100,SAN PEDRO DE LA PAZ,1,45591,2021,1391228,REGION BIO BIO,8108,SAN PEDRO DE LA PAZ,LOS PEUMOS,LOS BOLDOS,0,"LOS PEUMOS & LOS BOLDOS, SAN PEDRO DE LA PAZ",CHILE,GEOMETRIC_CENTER,62310,2021,1391228,1,2021/10/21 00:00:00+00,1899/12/30 00:00:00+00,8,REGION BIO BIO,8108,SAN PEDRO DE LA PAZ,10,ATROPELLO,10,ATROPELLO,1,URBANA,14,CRUCE CON SEÑAL PARE,13,CAUSAS NO DETERMINADAS,97,CAUSAS NO DETERMINADAS,0,LOS PEUMOS,0,LOS BOLDOS,LOS BOLDOS - LOS PEUMOS,0, , , , ,1,1,2,BIDIRECCIONAL,2,ASFALTO,1,BUENO,1,SECO,1,DESPEJADO,0,0,0,1,1
-8136446.73447137,-4417071.45044302,4335,41800,1407083,-73.0909446,-36.8417484,100,SAN PEDRO DE LA PAZ,1,56744,2021,1407083,REGION BIO BIO,8108,SAN PEDRO DE LA PAZ,MICHIMALONCO, ,909,"MICHIMALONCO 909, SAN PEDRO DE LA PAZ",CHILE,RANGE_INTERPOLATED,77101,2021,1407083,1,2021/12/17 00:00:00+00,1899/12/30 00:00:00+00,8,REGION BIO BIO,8108,SAN PEDRO DE LA PAZ,32,COLISION LATERAL,30,COLISION,1,URBANA,4,ACERA O BERMA,13,CAUSAS NO DETERMINADAS,97,CAUSAS NO DETERMINADAS,0,MICHIMALONCO,0, ,- MICHIMALONCO,909, , , , ,2,0,1,UNIDIRECCIONAL,2,ASFALTO,1,BUENO,1,SECO,1,DESPEJADO,0,0,0,0,1
-8138233.93550021,-4417059.01507778,4336,41801,1349591,-73.1069993,-36.841659,100,SAN PEDRO DE LA PAZ,1,17639,2021,1349591,REGION BIO BIO,8108,SAN PEDRO DE LA PAZ,SAN PEDRO DE LA PAZ,LOS MA??ªIOS,0,"SAN PEDRO DE LA PAZ & LOS MA??ªIOS, SAN PEDRO DE LA PAZ",CHILE,GEOMETRIC_CENTER,24283,2021,1349591,1,2021/05/11 00:00:00+00,1899/12/30 00:00:00+00,8,REGION BIO BIO,8108,SAN PEDRO DE LA PAZ,65,CHOQUE LADO/LADO,40,CHOQUE,1,URBANA,16,CRUCE SIN SEÑALIZACION,1,IMPRUDENCIA DEL CONDUCTOR,11,ADELANTAMIENTO SIN EL ESPACIO O TIEMPO SUFICIENTE,0,SAN PEDRO DE LA PAZ,0,LOS MAÑIOS,LOS MAÑIOS - SAN PEDRO DE LA PAZ,0, , , , ,3,2,2,BIDIRECCIONAL,2,ASFALTO,1,BUENO,1,SECO,1,DESPEJADO,0,0,0,0,2
-8136482.80198639,-4417039.51356114,4337,41802,1396779,-73.0912686,-36.8415188,100,SAN PEDRO DE LA PAZ,1,49323,2021,1396779,REGION BIO BIO,8108,SAN PEDRO DE LA PAZ,MICHIMALONCO,GALVARINO,0,"MICHIMALONCO & GALVARINO, SAN PEDRO DE LA PAZ",CHILE,GEOMETRIC_CENTER,67230,2021,1396779,1,2021/11/10 00:00:00+00,1899/12/30 00:00:00+00,8,REGION BIO BIO,8108,SAN PEDRO DE LA PAZ,30,COLISION,30,COLISION,1,URBANA,1,TRAMO DE VIA RECTA,13,CAUSAS NO DETERMINADAS,97,CAUSAS NO DETERMINADAS,0,MICHIMALONCO,0,GALVARINO,GALVARINO - MICHIMALONCO,0, , , , ,2,0,1,UNIDIRECCIONAL,2,ASFALTO,1,BUENO,1,SECO,1,DESPEJADO,0,0,0,0,1