X,Y,FID,FID_1,LABELID,POINT_X,POINT_Y,FID_2,COMUNAREAL,VAL_COM,OBJECTID,A_O,IDACCIDENT,REGION,COD_COMUN,COMUNA,CALLE_UNO,CALLE_DOS,NUMERO,DIR_GEOCOD,PAIS,TIPO,OBJECTID_1,Año,Idaccide_1,Claseaccid,Fecha,Hora,Cód_Regi,Región,Cód_Comun,Comuna_1,Cód_Tipo_,Tipo_Accid,Cód_Tipo1,Tipo__CONA,Cód_Zona,Zona,Cód_Ubica,Ubicación,Cód_Causa,Causa__CON,Cód_Cau_1,Causa,Cód_Calle,Calle_Un_1,Cód_Cal_1,Calle_Do_1,Intersecci,Número,Ruta,Cód_Ruta,Ubicaci_1,Km_Vía_Fe,Pistas_de_,Pistas_de1,Cód_Calza,Calzada,Cód__Tipo,Tipo_Calza,Cód_Estad,Estado_Cal,Cód_Condi,Condición,Cód_Est_1,Estado_Atm,Fallecidos,Graves,Menos_Grav,Leves,Ilesos
-8135313.34620781,-4417033.51845157,4338,41803,1357722,-73.0807632,-36.8414757,100,SAN PEDRO DE LA PAZ,1,21580,2021,1357722,REGION BIO BIO,8108,SAN PEDRO DE LA PAZ,PEDRO AGUIRRE CERDA, ,345,"PEDRO AGUIRRE CERDA 345, SAN PEDRO DE LA PAZ",CHILE,RANGE_INTERPOLATED,29751,2021,1357722,1,2021/06/05 00:00:00+00,1899/12/30 00:00:00+00,8,REGION BIO BIO,8108,SAN PEDRO DE LA PAZ,30,COLISION,30,COLISION,1,URBANA,1,TRAMO DE VIA RECTA,13,CAUSAS NO DETERMINADAS,97,CAUSAS NO DETERMINADAS,0,PEDRO AGUIRRE CERDA,0, ,- PEDRO AGUIRRE CERDA,345, , , , ,1,0,1,UNIDIRECCIONAL,2,ASFALTO,1,BUENO,1,SECO,1,DESPEJADO,0,0,0,2,1
-8137440.36111424,-4417017.70306276,4339,41804,1357734,-73.0998705,-36.841362,100,SAN PEDRO DE LA PAZ,1,22347,2021,1357734,REGION BIO BIO,8108,SAN PEDRO DE LA PAZ,LOS CANELOS,PEDRO AGUIRRE CERDA,0,"LOS CANELOS & PEDRO AGUIRRE CERDA, SAN PEDRO DE LA PAZ",CHILE,GEOMETRIC_CENTER,30793,2021,1357734,1,2021/06/10 00:00:00+00,1899/12/30 00:00:00+00,8,REGION BIO BIO,8108,SAN PEDRO DE LA PAZ,69,CHOQUE POSTERIOR/POSTERIOR,40,CHOQUE,1,URBANA,11,CRUCE CON SEMAFORO FUNCIONANDO,13,CAUSAS NO DETERMINADAS,97,CAUSAS NO DETERMINADAS,0,LOS CANELOS,0,PEDRO AGUIRRE CERDA,LOS CANELOS - PEDRO AGUIRRE CERDA,0, , , , ,2,0,1,UNIDIRECCIONAL,2,ASFALTO,1,BUENO,3,MOJADO,3,LLUVIA,0,0,0,0,2
-8136972.73019732,-4417001.97115578,4340,41805,1334780,-73.0956697,-36.8412489,100,SAN PEDRO DE LA PAZ,1,4760,2021,1334780,REGION BIO BIO,8108,SAN PEDRO DE LA PAZ,EXEQUIEL PLAZA,PEDRO LIRA,0,"EXEQUIEL PLAZA & PEDRO LIRA, SAN PEDRO DE LA PAZ",CHILE,GEOMETRIC_CENTER,6662,2021,1334780,1,2021/02/04 00:00:00+00,1899/12/30 00:00:00+00,8,REGION BIO BIO,8108,SAN PEDRO DE LA PAZ,10,ATROPELLO,10,ATROPELLO,1,URBANA,14,CRUCE CON SEÑAL PARE,13,CAUSAS NO DETERMINADAS,97,CAUSAS NO DETERMINADAS,0,EXEQUIEL PLAZA,0,PEDRO LIRA,EXEQUIEL PLAZA - PEDRO LIRA,0, , , , ,1,1,2,BIDIRECCIONAL,2,ASFALTO,1,BUENO,1,SECO,1,DESPEJADO,0,0,1,0,1
-8136978.40749135,-4416995.35013027,4341,41806,1404697,-73.0957207,-36.8412013,100,SAN PEDRO DE LA PAZ,1,53971,2021,1404697,REGION BIO BIO,8108,SAN PEDRO DE LA PAZ,PEDRO LIRA,VICTORIA,0,"PEDRO LIRA & VICTORIA, SAN PEDRO DE LA PAZ",CHILE,GEOMETRIC_CENTER,73344,2021,1404697,1,2021/12/03 00:00:00+00,1899/12/30 00:00:00+00,8,REGION BIO BIO,8108,SAN PEDRO DE LA PAZ,10,ATROPELLO,10,ATROPELLO,1,URBANA,15,CRUCE CON SEÑAL CEDA EL PASO,13,CAUSAS NO DETERMINADAS,97,CAUSAS NO DETERMINADAS,0,PEDRO LIRA,0,VICTORIA,PEDRO LIRA - VICTORIA,0, , , , ,1,1,2,BIDIRECCIONAL,2,ASFALTO,1,BUENO,1,SECO,1,DESPEJADO,0,0,0,1,1
-8137652.53606369,-4416991.55277927,4342,41807,1397209,-73.1017765,-36.841174,100,SAN PEDRO DE LA PAZ,1,50852,2021,1397209,REGION BIO BIO,8108,SAN PEDRO DE LA PAZ,LOS ACACIOS,PARLAMENTO NEGRETE,0,"LOS ACACIOS & PARLAMENTO NEGRETE, SAN PEDRO DE LA PAZ",CHILE,GEOMETRIC_CENTER,69226,2021,1397209,1,2021/11/17 00:00:00+00,1899/12/30 00:00:00+00,8,REGION BIO BIO,8108,SAN PEDRO DE LA PAZ,70,VOLCADURA,70,VOLCADURA,1,URBANA,15,CRUCE CON SEÑAL CEDA EL PASO,13,CAUSAS NO DETERMINADAS,97,CAUSAS NO DETERMINADAS,0,LOS ACACIOS,0,PARLAMENTO NEGRETE,LOS ACACIOS - PARLAMENTO NEGRETE,0, , , , ,2,0,1,UNIDIRECCIONAL,2,ASFALTO,1,BUENO,1,SECO,1,DESPEJADO,0,0,0,1,1
-8139298.46152676,-4416964.595799,4343,41808,1354773,-73.1165621,-36.8409802,100,SAN PEDRO DE LA PAZ,1,21044,2021,1354773,REGION BIO BIO,8108,SAN PEDRO DE LA PAZ,LAGUNA GRANDE,VALENCIA,0,"LAGUNA GRANDE & VALENCIA, SAN PEDRO DE LA PAZ",CHILE,GEOMETRIC_CENTER,29014,2021,1354773,1,2021/06/02 00:00:00+00,1899/12/30 00:00:00+00,8,REGION BIO BIO,8108,SAN PEDRO DE LA PAZ,33,COLISION POR ALCANCE,30,COLISION,1,URBANA,1,TRAMO DE VIA RECTA,1,IMPRUDENCIA DEL CONDUCTOR,27,CONDUCCION NO ATENTO CONDICIONES TRANSITO MOMENTO,0,LAGUNA GRANDE,0,VALENCIA,LAGUNA GRANDE - VALENCIA,0, , , , ,1,1,2,BIDIRECCIONAL,1,CONCRETO,1,BUENO,1,SECO,1,DESPEJADO,0,0,0,0,2
-8135344.14831091,-4416948.22412658,4344,41809,1391238,-73.0810399,-36.8408625,100,SAN PEDRO DE LA PAZ,1,42241,2021,1391238,REGION BIO BIO,8108,SAN PEDRO DE LA PAZ,PEDRO AGUIRRE CERDA, ,360,"PEDRO AGUIRRE CERDA 360, SAN PEDRO DE LA PAZ",CHILE,RANGE_INTERPOLATED,57854,2021,1391238,1,2021/10/03 00:00:00+00,1899/12/30 00:00:00+00,8,REGION BIO BIO,8108,SAN PEDRO DE LA PAZ,30,COLISION,30,COLISION,1,URBANA,1,TRAMO DE VIA RECTA,13,CAUSAS NO DETERMINADAS,97,CAUSAS NO DETERMINADAS,0,PEDRO AGUIRRE CERDA,0, ,- PEDRO AGUIRRE CERDA,360, , , , ,1,1,2,BIDIRECCIONAL,2,ASFALTO,1,BUENO,1,SECO,1,DESPEJADO,0,0,0,2,0
-8136781.43878434,-4416942.78545423,4345,41810,1325229,-73.0939513,-36.8408234,100,SAN PEDRO DE LA PAZ,0,1541,2021,1325229,REGION BIO BIO,8101,CONCEPCION,VICTORIA, ,1220,"VICTORIA 1220, CONCEPCION",CHILE,RANGE_INTERPOLATED,2127,2021,1325229,1,2021/01/11 00:00:00+00,1899/12/30 00:00:00+00,8,REGION BIO BIO,8101,CONCEPCION,30,COLISION,30,COLISION,1,URBANA,1,TRAMO DE VIA RECTA,1,IMPRUDENCIA DEL CONDUCTOR,27,CONDUCCION NO ATENTO CONDICIONES TRANSITO MOMENTO,0,VICTORIA,0, ,- VICTORIA,1220, , , , ,1,0,1,UNIDIRECCIONAL,1,CONCRETO,1,BUENO,1,SECO,1,DESPEJADO,0,0,0,0,2
-8136132.06766674,-4416935.62198978,4346,41811,1350161,-73.0881179,-36.8407719,100,SAN PEDRO DE LA PAZ,1,18673,2021,1350161,REGION BIO BIO,8108,SAN PEDRO DE LA PAZ,LLACOLEN,COSTANERA,0,"LLACOLEN & COSTANERA, SAN PEDRO DE LA PAZ",CHILE,GEOMETRIC_CENTER,25671,2021,1350161,1,2021/05/18 00:00:00+00,1899/12/30 00:00:00+00,8,REGION BIO BIO,8108,SAN PEDRO DE LA PAZ,33,COLISION POR ALCANCE,30,COLISION,1,URBANA,5,PUENTE,1,IMPRUDENCIA DEL CONDUCTOR,27,CONDUCCION NO ATENTO CONDICIONES TRANSITO MOMENTO,0,LLACOLEN,0,COSTANERA,COSTANERA - LLACOLEN,0, , , , ,2,2,3,BIDIRECCIONAL CON BANDEJON,1,CONCRETO,1,BUENO,1,SECO,1,DESPEJADO,0,0,0,0,1
-8136132.06766674,-4416935.62198978,4347,41812,1368326,-73.0881179,-36.8407719,100,SAN PEDRO DE LA PAZ,1,26783,2021,1368326,REGION BIO BIO,8108,SAN PEDRO DE LA PAZ,LLACOLEN,PEDRO AGUIRRE CERDA,0,"LLACOLEN & PEDRO AGUIRRE CERDA, SAN PEDRO DE LA PAZ",CHILE,GEOMETRIC_CENTER,36929,2021,1368326,1,2021/07/08 00:00:00+00,1899/12/30 00:00:00+00,8,REGION BIO BIO,8108,SAN PEDRO DE LA PAZ,33,COLISION POR ALCANCE,30,COLISION,1,URBANA,5,PUENTE,1,IMPRUDENCIA DEL CONDUCTOR,27,CONDUCCION NO ATENTO CONDICIONES TRANSITO MOMENTO,0,LLACOLEN,0,PEDRO AGUIRRE CERDA,LLACOLEN - PEDRO AGUIRRE CERDA,0, , , , ,1,1,2,BIDIRECCIONAL,1,CONCRETO,1,BUENO,1,SECO,1,DESPEJADO,0,0,0,0,2
-8136132.06766674,-4416935.62198978,4348,41813,1387304,-73.0881179,-36.8407719,100,SAN PEDRO DE LA PAZ,1,44450,2021,1387304,REGION BIO BIO,8108,SAN PEDRO DE LA PAZ,LLACOLEN,LOTA,0,"LLACOLEN & LOTA, SAN PEDRO DE LA PAZ",CHILE,GEOMETRIC_CENTER,60768,2021,1387304,1,2021/10/15 00:00:00+00,1899/12/30 00:00:00+00,8,REGION BIO BIO,8108,SAN PEDRO DE LA PAZ,70,VOLCADURA,70,VOLCADURA,1,URBANA,16,CRUCE SIN SEÑALIZACION,1,IMPRUDENCIA DEL CONDUCTOR,28,CONDUCCION SIN MANTENER DISTANCIA RAZONABLE NI PRUDENTE,0,LLACOLEN,0,LOTA,LLACOLEN - LOTA,0, , , , ,1,1,2,BIDIRECCIONAL,1,CONCRETO,1,BUENO,1,SECO,1,DESPEJADO,0,0,0,0,1
-8142420.95097962,-4416817.29338274,4349,41814,1333492,-73.1446119,-36.8399212,100,SAN PEDRO DE LA PAZ,1,6780,2021,1333492,REGION BIO BIO,8108,SAN PEDRO DE LA PAZ,SEGUNDA LONGITUDINAL,O'CARROL,0,"SEGUNDA LONGITUDINAL & O'CARROL, SAN PEDRO DE LA PAZ",CHILE,GEOMETRIC_CENTER,9499,2021,1333492,1,2021/02/19 00:00:00+00,1899/12/30 00:00:00+00,8,REGION BIO BIO,8108,SAN PEDRO DE LA PAZ,32,COLISION LATERAL,30,COLISION,1,URBANA,14,CRUCE CON SEÑAL PARE,10,DESOBEDIENCIA A SEÑALIZACION,65,SEÑALIZACION DESOBEDECER SEÑAL PARE,0,SEGUNDA LONGITUDINAL,0,O'CARROL,O'CARROL - SEGUNDA LONGITUDINAL,0, , , , ,2,2,2,BIDIRECCIONAL,2,ASFALTO,1,BUENO,1,SECO,1,DESPEJADO,0,0,0,0,1
-8142345.665608,-4416812.59197944,4350,41815,1350166,-73.1439356,-36.8398874,100,SAN PEDRO DE LA PAZ,1,18439,2021,1350166,REGION BIO BIO,8108,SAN PEDRO DE LA PAZ,SEGUNDA LONGITUDINAL,PASAJE QUINCE,0,"SEGUNDA LONGITUDINAL & PASAJE QUINCE, SAN PEDRO DE LA PAZ",CHILE,GEOMETRIC_CENTER,25373,2021,1350166,1,2021/05/17 00:00:00+00,1899/12/30 00:00:00+00,8,REGION BIO BIO,8108,SAN PEDRO DE LA PAZ,32,COLISION LATERAL,30,COLISION,1,URBANA,1,TRAMO DE VIA RECTA,1,IMPRUDENCIA DEL CONDUCTOR,27,CONDUCCION NO ATENTO CONDICIONES TRANSITO MOMENTO,0,SEGUNDA LONGITUDINAL,0,PASAJE QUINCE,PASAJE QUINCE - SEGUNDA LONGITUDINAL,0, , , , ,1,1,2,BIDIRECCIONAL,1,CONCRETO,1,BUENO,1,SECO,1,DESPEJADO,0,0,0,0,1
-8136834.54931339,-4416812.02169101,4351,41816,1367264,-73.0944284,-36.8398833,100,SAN PEDRO DE LA PAZ,1,26777,2021,1367264,REGION BIO BIO,8108,SAN PEDRO DE LA PAZ,LOTA,VICTORIA,0,"LOTA & VICTORIA, SAN PEDRO DE LA PAZ",CHILE,GEOMETRIC_CENTER,36917,2021,1367264,1,2021/07/08 00:00:00+00,1899/12/30 00:00:00+00,8,REGION BIO BIO,8108,SAN PEDRO DE LA PAZ,30,COLISION,30,COLISION,1,URBANA,1,TRAMO DE VIA RECTA,1,IMPRUDENCIA DEL CONDUCTOR,93,CONDUCIR VEHICULO EN RETROCESO,0,LOTA,0,VICTORIA,LOTA - VICTORIA,0, , , , ,1,1,2,BIDIRECCIONAL,2,ASFALTO,1,BUENO,1,SECO,1,DESPEJADO,0,0,0,0,1
-8136834.54931339,-4416812.02169101,4352,41817,1367272,-73.0944284,-36.8398833,100,SAN PEDRO DE LA PAZ,1,29637,2021,1367272,REGION BIO BIO,8108,SAN PEDRO DE LA PAZ,VICTORIA,LOTA,0,"VICTORIA & LOTA, SAN PEDRO DE LA PAZ",CHILE,GEOMETRIC_CENTER,40994,2021,1367272,1,2021/07/25 00:00:00+00,1899/12/30 00:00:00+00,8,REGION BIO BIO,8108,SAN PEDRO DE LA PAZ,30,COLISION,30,COLISION,1,URBANA,1,TRAMO DE VIA RECTA,13,CAUSAS NO DETERMINADAS,97,CAUSAS NO DETERMINADAS,0,VICTORIA,0,LOTA,LOTA - VICTORIA,0, , , , ,1,1,2,BIDIRECCIONAL,2,ASFALTO,1,BUENO,1,SECO,1,DESPEJADO,0,0,0,1,1
-8142212.31598997,-4416792.67363109,4353,41818,1381694,-73.1427377,-36.8397442,100,SAN PEDRO DE LA PAZ,1,38321,2021,1381694,REGION BIO BIO,8108,SAN PEDRO DE LA PAZ,LONGITUDINAL,PASAJE TRES,0,"LONGITUDINAL & PASAJE TRES, SAN PEDRO DE LA PAZ",CHILE,GEOMETRIC_CENTER,52624,2021,1381694,1,2021/09/11 00:00:00+00,1899/12/30 00:00:00+00,8,REGION BIO BIO,8108,SAN PEDRO DE LA PAZ,10,ATROPELLO,10,ATROPELLO,1,URBANA,1,TRAMO DE VIA RECTA,2,IMPRUDENCIA DEL PEATON,52,PEATON CRUZA CALZADA FORMA SORPRESIVA O DESCUIDADA,0,LONGITUDINAL,0,PASAJE TRES,LONGITUDINAL - PASAJE TRES,0, , , , ,1,1,2,BIDIRECCIONAL,1,CONCRETO,1,BUENO,1,SECO,1,DESPEJADO,0,0,0,1,1
-8135636.72932856,-4416791.33832416,4354,41819,1382617,-73.0836682,-36.8397346,100,SAN PEDRO DE LA PAZ,1,38931,2021,1382617,REGION BIO BIO,8108,SAN PEDRO DE LA PAZ,PEDRO AGUIRRE CERDA, ,540,"PEDRO AGUIRRE CERDA 540, SAN PEDRO DE LA PAZ",CHILE,RANGE_INTERPOLATED,53464,2021,1382617,1,2021/09/14 00:00:00+00,1899/12/30 00:00:00+00,8,REGION BIO BIO,8108,SAN PEDRO DE LA PAZ,30,COLISION,30,COLISION,1,URBANA,1,TRAMO DE VIA RECTA,13,CAUSAS NO DETERMINADAS,97,CAUSAS NO DETERMINADAS,0,PEDRO AGUIRRE CERDA,0, ,- PEDRO AGUIRRE CERDA,540, , , , ,1,1,2,BIDIRECCIONAL,2,ASFALTO,1,BUENO,1,SECO,1,DESPEJADO,0,0,1,0,1
-8142122.4811609,-4416786.95684946,4355,41820,1368123,-73.1419307,-36.8397031,100,SAN PEDRO DE LA PAZ,1,25631,2021,1368123,REGION BIO BIO,8108,SAN PEDRO DE LA PAZ,SEGUNDA LONGITUDINAL,PASAJE TRECE,0,"SEGUNDA LONGITUDINAL & PASAJE TRECE, SAN PEDRO DE LA PAZ",CHILE,GEOMETRIC_CENTER,35391,2021,1368123,1,2021/07/02 00:00:00+00,1899/12/30 00:00:00+00,8,REGION BIO BIO,8108,SAN PEDRO DE LA PAZ,61,CHOQUE FRENTE/FRENTE,40,CHOQUE,1,URBANA,2,TRAMO DE VIA CURVA HORIZONTAL,1,IMPRUDENCIA DEL CONDUCTOR,27,CONDUCCION NO ATENTO CONDICIONES TRANSITO MOMENTO,0,SEGUNDA LONGITUDINAL,0,PASAJE TRECE,PASAJE TRECE - SEGUNDA LONGITUDINAL,0, , , , ,1,1,2,BIDIRECCIONAL,1,CONCRETO,1,BUENO,1,SECO,1,DESPEJADO,0,0,0,1,1
-8139368.15865995,-4416743.67075827,4356,41821,1349153,-73.1171882,-36.8393919,100,SAN PEDRO DE LA PAZ,1,17745,2021,1349153,REGION BIO BIO,8108,SAN PEDRO DE LA PAZ,LAS ROSAS, ,1470,"LAS ROSAS 1470, SAN PEDRO DE LA PAZ",CHILE,RANGE_INTERPOLATED,24428,2021,1349153,1,2021/05/12 00:00:00+00,1899/12/30 00:00:00+00,8,REGION BIO BIO,8108,SAN PEDRO DE LA PAZ,63,CHOQUE FRENTE/POSTERIOR,40,CHOQUE,1,URBANA,1,TRAMO DE VIA RECTA,1,IMPRUDENCIA DEL CONDUCTOR,27,CONDUCCION NO ATENTO CONDICIONES TRANSITO MOMENTO,0,LAS ROSAS,0, ,- LAS ROSAS,1470, , , , ,2,2,2,BIDIRECCIONAL,2,ASFALTO,1,BUENO,1,SECO,1,DESPEJADO,0,0,0,0,2
-8135826.66264375,-4416730.86022329,4357,41822,1325864,-73.0853744,-36.8392998,100,SAN PEDRO DE LA PAZ,1,1611,2021,1325864,REGION BIO BIO,8108,SAN PEDRO DE LA PAZ,PEDRO AGUIRRE CERDA,SAN PEDRO,0,"PEDRO AGUIRRE CERDA & SAN PEDRO, SAN PEDRO DE LA PAZ",CHILE,GEOMETRIC_CENTER,2219,2021,1325864,1,2021/01/11 00:00:00+00,1899/12/30 00:00:00+00,8,REGION BIO BIO,8108,SAN PEDRO DE LA PAZ,51,CHOQUE FRONTAL,40,CHOQUE,1,URBANA,1,TRAMO DE VIA RECTA,9,PERDIDA CONTROL VEHICULO,95,PERDIDA CONTROL VEHICULO,0,PEDRO AGUIRRE CERDA,0,SAN PEDRO,PEDRO AGUIRRE CERDA - SAN PEDRO,0, , , , ,1,1,2,BIDIRECCIONAL,1,CONCRETO,1,BUENO,1,SECO,1,DESPEJADO,0,0,0,0,1
-8135826.66264375,-4416730.86022329,4358,41823,1335420,-73.0853744,-36.8392998,100,SAN PEDRO DE LA PAZ,1,8382,2021,1335420,REGION BIO BIO,8108,SAN PEDRO DE LA PAZ,SAN PEDRO,PEDRO AGUIRRE CERDA,0,"SAN PEDRO & PEDRO AGUIRRE CERDA, SAN PEDRO DE LA PAZ",CHILE,GEOMETRIC_CENTER,11762,2021,1335420,1,2021/03/02 00:00:00+00,1899/12/30 00:00:00+00,8,REGION BIO BIO,8108,SAN PEDRO DE LA PAZ,33,COLISION POR ALCANCE,30,COLISION,1,URBANA,11,CRUCE CON SEMAFORO FUNCIONANDO,1,IMPRUDENCIA DEL CONDUCTOR,28,CONDUCCION SIN MANTENER DISTANCIA RAZONABLE NI PRUDENTE,0,SAN PEDRO,0,PEDRO AGUIRRE CERDA,PEDRO AGUIRRE CERDA - SAN PEDRO,0, , , , ,2,2,2,BIDIRECCIONAL,2,ASFALTO,1,BUENO,1,SECO,1,DESPEJADO,0,0,0,0,1
-8135826.66264375,-4416730.86022329,4359,41824,1340602,-73.0853744,-36.8392998,100,SAN PEDRO DE LA PAZ,1,8637,2021,1340602,REGION BIO BIO,8108,SAN PEDRO DE LA PAZ,PEDRO AGUIRRE CERDA,SAN PEDRO,0,"PEDRO AGUIRRE CERDA & SAN PEDRO, SAN PEDRO DE LA PAZ",CHILE,GEOMETRIC_CENTER,12103,2021,1340602,1,2021/03/04 00:00:00+00,1899/12/30 00:00:00+00,8,REGION BIO BIO,8108,SAN PEDRO DE LA PAZ,30,COLISION,30,COLISION,1,URBANA,1,TRAMO DE VIA RECTA,13,CAUSAS NO DETERMINADAS,97,CAUSAS NO DETERMINADAS,0,PEDRO AGUIRRE CERDA,0,SAN PEDRO,PEDRO AGUIRRE CERDA - SAN PEDRO,0, , , , ,2,2,2,BIDIRECCIONAL,2,ASFALTO,1,BUENO,1,SECO,1,DESPEJADO,0,0,0,0,1
-8135826.66264375,-4416730.86022329,4360,41825,1356532,-73.0853744,-36.8392998,100,SAN PEDRO DE LA PAZ,1,23216,2021,1356532,REGION BIO BIO,8108,SAN PEDRO DE LA PAZ,PEDRO AGUIRRE CERDA,SAN PEDRO,0,"PEDRO AGUIRRE CERDA & SAN PEDRO, SAN PEDRO DE LA PAZ",CHILE,GEOMETRIC_CENTER,31990,2021,1356532,1,2021/06/16 00:00:00+00,1899/12/30 00:00:00+00,8,REGION BIO BIO,8108,SAN PEDRO DE LA PAZ,51,CHOQUE FRONTAL,40,CHOQUE,1,URBANA,26,OTROS NO CONSIDERADOS,12,FALLAS MECANICAS,2,FALLAS MECANICAS DIRECCION,0,PEDRO AGUIRRE CERDA,0,SAN PEDRO,PEDRO AGUIRRE CERDA - SAN PEDRO,0, , , , ,2,2,3,BIDIRECCIONAL CON BANDEJON,2,ASFALTO,1,BUENO,1,SECO,1,DESPEJADO,0,0,0,0,1
-8135826.66264375,-4416730.86022329,4361,41826,1375653,-73.0853744,-36.8392998,100,SAN PEDRO DE LA PAZ,1,34083,2021,1375653,REGION BIO BIO,8108,SAN PEDRO DE LA PAZ,PEDRO AGUIRRE CERDA,SAN PEDRO,0,"PEDRO AGUIRRE CERDA & SAN PEDRO, SAN PEDRO DE LA PAZ",CHILE,GEOMETRIC_CENTER,46984,2021,1375653,1,2021/08/19 00:00:00+00,1899/12/30 00:00:00+00,8,REGION BIO BIO,8108,SAN PEDRO DE LA PAZ,32,COLISION LATERAL,30,COLISION,1,URBANA,11,CRUCE CON SEMAFORO FUNCIONANDO,1,IMPRUDENCIA DEL CONDUCTOR,27,CONDUCCION NO ATENTO CONDICIONES TRANSITO MOMENTO,0,PEDRO AGUIRRE CERDA,0,SAN PEDRO,PEDRO AGUIRRE CERDA - SAN PEDRO,0, , , , ,2,2,2,BIDIRECCIONAL,1,CONCRETO,1,BUENO,1,SECO,1,DESPEJADO,0,0,0,0,2
-8135826.66264375,-4416730.86022329,4362,41827,1391217,-73.0853744,-36.8392998,100,SAN PEDRO DE LA PAZ,1,42272,2021,1391217,REGION BIO BIO,8108,SAN PEDRO DE LA PAZ,SAN PEDRO,PEDRO AGUIRRE CERDA,0,"SAN PEDRO & PEDRO AGUIRRE CERDA, SAN PEDRO DE LA PAZ",CHILE,GEOMETRIC_CENTER,57899,2021,1391217,1,2021/10/03 00:00:00+00,1899/12/30 00:00:00+00,8,REGION BIO BIO,8108,SAN PEDRO DE LA PAZ,30,COLISION,30,COLISION,1,URBANA,11,CRUCE CON SEMAFORO FUNCIONANDO,13,CAUSAS NO DETERMINADAS,97,CAUSAS NO DETERMINADAS,0,SAN PEDRO,0,PEDRO AGUIRRE CERDA,PEDRO AGUIRRE CERDA - SAN PEDRO,0, , , , ,2,2,2,BIDIRECCIONAL,2,ASFALTO,1,BUENO,1,SECO,1,DESPEJADO,0,1,0,0,1
-8135826.66264375,-4416730.86022329,4363,41828,1391222,-73.0853744,-36.8392998,100,SAN PEDRO DE LA PAZ,1,43924,2021,1391222,REGION BIO BIO,8108,SAN PEDRO DE LA PAZ,PEDRO AGUIRRE CERDA,SAN PEDRO,0,"PEDRO AGUIRRE CERDA & SAN PEDRO, SAN PEDRO DE LA PAZ",CHILE,GEOMETRIC_CENTER,60111,2021,1391222,1,2021/10/12 00:00:00+00,1899/12/30 00:00:00+00,8,REGION BIO BIO,8108,SAN PEDRO DE LA PAZ,69,CHOQUE POSTERIOR/POSTERIOR,40,CHOQUE,1,URBANA,11,CRUCE CON SEMAFORO FUNCIONANDO,13,CAUSAS NO DETERMINADAS,97,CAUSAS NO DETERMINADAS,0,PEDRO AGUIRRE CERDA,0,SAN PEDRO,PEDRO AGUIRRE CERDA - SAN PEDRO,0, , , , ,2,2,2,BIDIRECCIONAL,2,ASFALTO,1,BUENO,1,SECO,2,NUBLADO,0,0,0,0,1
-8137081.63405516,-4416727.96707529,4364,41829,1328677,-73.096648,-36.839279,100,SAN PEDRO DE LA PAZ,1,3537,2021,1328677,REGION BIO BIO,8108,SAN PEDRO DE LA PAZ,PEDRO AGUIRRE CERDA, ,1055,"PEDRO AGUIRRE CERDA 1055, SAN PEDRO DE LA PAZ",CHILE,RANGE_INTERPOLATED,4863,2021,1328677,1,2021/01/25 00:00:00+00,1899/12/30 00:00:00+00,8,REGION BIO BIO,8108,SAN PEDRO DE LA PAZ,32,COLISION LATERAL,30,COLISION,1,URBANA,1,TRAMO DE VIA RECTA,1,IMPRUDENCIA DEL CONDUCTOR,29,CONDUCCION CAMBIAR SORPRESIVAMENTE PISTA CIRCULACION,0,PEDRO AGUIRRE CERDA,0, ,- PEDRO AGUIRRE CERDA,1055, , , , ,2,2,2,BIDIRECCIONAL,2,ASFALTO,1,BUENO,1,SECO,1,DESPEJADO,0,0,0,0,2
-8137081.63405516,-4416727.96707529,4365,41830,1348647,-73.096648,-36.839279,100,SAN PEDRO DE LA PAZ,1,17332,2021,1348647,REGION BIO BIO,8108,SAN PEDRO DE LA PAZ,PEDRO AGUIRRE CERDA, ,1055,"PEDRO AGUIRRE CERDA 1055, SAN PEDRO DE LA PAZ",CHILE,RANGE_INTERPOLATED,23888,2021,1348647,1,2021/05/09 00:00:00+00,1899/12/30 00:00:00+00,8,REGION BIO BIO,8108,SAN PEDRO DE LA PAZ,34,COLISION PERPENDICULAR,30,COLISION,1,URBANA,11,CRUCE CON SEMAFORO FUNCIONANDO,1,IMPRUDENCIA DEL CONDUCTOR,32,NO RESPETAR DERECHO PREFERENTE DE PASO A VEHICULO,0,PEDRO AGUIRRE CERDA,0, ,- PEDRO AGUIRRE CERDA,1055, , , , ,2,2,3,BIDIRECCIONAL CON BANDEJON,1,CONCRETO,1,BUENO,1,SECO,1,DESPEJADO,0,0,0,1,2
-8137081.63405516,-4416727.96707529,4366,41831,1350090,-73.096648,-36.839279,100,SAN PEDRO DE LA PAZ,1,18284,2021,1350090,REGION BIO BIO,8108,SAN PEDRO DE LA PAZ,PEDRO AGUIRRE CERDA, ,1055,"PEDRO AGUIRRE CERDA 1055, SAN PEDRO DE LA PAZ",CHILE,RANGE_INTERPOLATED,25143,2021,1350090,1,2021/05/15 00:00:00+00,1899/12/30 00:00:00+00,8,REGION BIO BIO,8108,SAN PEDRO DE LA PAZ,33,COLISION POR ALCANCE,30,COLISION,1,URBANA,11,CRUCE CON SEMAFORO FUNCIONANDO,1,IMPRUDENCIA DEL CONDUCTOR,27,CONDUCCION NO ATENTO CONDICIONES TRANSITO MOMENTO,0,PEDRO AGUIRRE CERDA,0, ,- PEDRO AGUIRRE CERDA,1055, , , , ,1,1,2,BIDIRECCIONAL,1,CONCRETO,1,BUENO,1,SECO,1,DESPEJADO,0,0,0,0,2