X,Y,FID,FID_1,LABELID,POINT_X,POINT_Y,FID_2,COMUNAREAL,VAL_COM,OBJECTID,A_O,IDACCIDENT,REGION,COD_COMUN,COMUNA,CALLE_UNO,CALLE_DOS,NUMERO,DIR_GEOCOD,PAIS,TIPO,OBJECTID_1,Año,Idaccide_1,Claseaccid,Fecha,Hora,Cód_Regi,Región,Cód_Comun,Comuna_1,Cód_Tipo_,Tipo_Accid,Cód_Tipo1,Tipo__CONA,Cód_Zona,Zona,Cód_Ubica,Ubicación,Cód_Causa,Causa__CON,Cód_Cau_1,Causa,Cód_Calle,Calle_Un_1,Cód_Cal_1,Calle_Do_1,Intersecci,Número,Ruta,Cód_Ruta,Ubicaci_1,Km_Vía_Fe,Pistas_de_,Pistas_de1,Cód_Calza,Calzada,Cód__Tipo,Tipo_Calza,Cód_Estad,Estado_Cal,Cód_Condi,Condición,Cód_Est_1,Estado_Atm,Fallecidos,Graves,Menos_Grav,Leves,Ilesos
-8137081.63405516,-4416727.96707529,4367,41832,1375252,-73.096648,-36.839279,100,SAN PEDRO DE LA PAZ,1,36212,2021,1375252,REGION BIO BIO,8108,SAN PEDRO DE LA PAZ,PEDRO AGUIRRE CERDA, ,1055,"PEDRO AGUIRRE CERDA 1055, SAN PEDRO DE LA PAZ",CHILE,RANGE_INTERPOLATED,49841,2021,1375252,1,2021/08/31 00:00:00+00,1899/12/30 00:00:00+00,8,REGION BIO BIO,8108,SAN PEDRO DE LA PAZ,30,COLISION,30,COLISION,1,URBANA,1,TRAMO DE VIA RECTA,13,CAUSAS NO DETERMINADAS,97,CAUSAS NO DETERMINADAS,0,PEDRO AGUIRRE CERDA,0, ,- PEDRO AGUIRRE CERDA,1055, , , , ,2,2,2,BIDIRECCIONAL,2,ASFALTO,1,BUENO,1,SECO,1,DESPEJADO,0,0,0,0,2
-8137081.63405516,-4416727.96707529,4368,41833,1401771,-73.096648,-36.839279,100,SAN PEDRO DE LA PAZ,1,53581,2021,1401771,REGION BIO BIO,8108,SAN PEDRO DE LA PAZ,PEDRO AGUIRRE CERDA, ,1055,"PEDRO AGUIRRE CERDA 1055, SAN PEDRO DE LA PAZ",CHILE,RANGE_INTERPOLATED,72821,2021,1401771,1,2021/12/01 00:00:00+00,1899/12/30 00:00:00+00,8,REGION BIO BIO,8108,SAN PEDRO DE LA PAZ,32,COLISION LATERAL,30,COLISION,1,URBANA,1,TRAMO DE VIA RECTA,1,IMPRUDENCIA DEL CONDUCTOR,27,CONDUCCION NO ATENTO CONDICIONES TRANSITO MOMENTO,0,PEDRO AGUIRRE CERDA,0, ,- PEDRO AGUIRRE CERDA,1055, , , , ,2,0,1,UNIDIRECCIONAL,2,ASFALTO,1,BUENO,1,SECO,1,DESPEJADO,0,0,0,0,2
-8137078.45031772,-4416713.90471808,4369,41834,1372542,-73.0966194,-36.8391779,100,SAN PEDRO DE LA PAZ,1,33539,2021,1372542,REGION BIO BIO,8108,SAN PEDRO DE LA PAZ,DIAGONAL PEDRO AGUIRRE CERDA,LOS BATROS,0,"DIAGONAL PEDRO AGUIRRE CERDA & LOS BATROS, SAN PEDRO DE LA PAZ",CHILE,GEOMETRIC_CENTER,46248,2021,1372542,1,2021/08/16 00:00:00+00,1899/12/30 00:00:00+00,8,REGION BIO BIO,8108,SAN PEDRO DE LA PAZ,30,COLISION,30,COLISION,1,URBANA,1,TRAMO DE VIA RECTA,13,CAUSAS NO DETERMINADAS,97,CAUSAS NO DETERMINADAS,0,DIAGONAL PEDRO AGUIRRE CERDA,0,LOS BATROS,DIAGONAL PEDRO AGUIRRE CERDA - LOS BATROS,0, , , , ,2,2,2,BIDIRECCIONAL,1,CONCRETO,1,BUENO,1,SECO,1,DESPEJADO,0,0,0,0,2
-8136266.02954196,-4416709.55109395,4370,41835,1391232,-73.0893213,-36.8391466,100,SAN PEDRO DE LA PAZ,1,46644,2021,1391232,REGION BIO BIO,8108,SAN PEDRO DE LA PAZ,PEDRO AGUIRRE CERDA,LUIS ACEVEDO,0,"PEDRO AGUIRRE CERDA & LUIS ACEVEDO, SAN PEDRO DE LA PAZ",CHILE,GEOMETRIC_CENTER,63673,2021,1391232,1,2021/10/27 00:00:00+00,1899/12/30 00:00:00+00,8,REGION BIO BIO,8108,SAN PEDRO DE LA PAZ,10,ATROPELLO,10,ATROPELLO,1,URBANA,14,CRUCE CON SEÑAL PARE,13,CAUSAS NO DETERMINADAS,97,CAUSAS NO DETERMINADAS,0,PEDRO AGUIRRE CERDA,0,LUIS ACEVEDO,LUIS ACEVEDO - PEDRO AGUIRRE CERDA,0, , , , ,2,2,2,BIDIRECCIONAL,2,ASFALTO,1,BUENO,1,SECO,1,DESPEJADO,0,1,0,0,1
-8137062.23106791,-4416709.41200056,4371,41836,1325063,-73.0964737,-36.8391456,100,SAN PEDRO DE LA PAZ,1,634,2021,1325063,REGION BIO BIO,8108,SAN PEDRO DE LA PAZ,PEDRO AGUIRRE CERDA,PRESIDENTE JORGE ALESSANDRI,0,"PEDRO AGUIRRE CERDA & PRESIDENTE JORGE ALESSANDRI, SAN PEDRO DE LA PAZ",CHILE,GEOMETRIC_CENTER,881,2021,1325063,1,2021/01/05 00:00:00+00,1899/12/30 00:00:00+00,8,REGION BIO BIO,8108,SAN PEDRO DE LA PAZ,32,COLISION LATERAL,30,COLISION,1,URBANA,11,CRUCE CON SEMAFORO FUNCIONANDO,13,CAUSAS NO DETERMINADAS,97,CAUSAS NO DETERMINADAS,0,PEDRO AGUIRRE CERDA,0,PRESIDENTE JORGE ALESSANDRI,PEDRO AGUIRRE CERDA - PRESIDENTE JORGE ALESSANDRI,0, , , , ,2,2,2,BIDIRECCIONAL,1,CONCRETO,1,BUENO,1,SECO,1,DESPEJADO,0,0,0,0,1
-8137062.23106791,-4416709.41200056,4372,41837,1330870,-73.0964737,-36.8391456,100,SAN PEDRO DE LA PAZ,1,4600,2021,1330870,REGION BIO BIO,8108,SAN PEDRO DE LA PAZ,PEDRO AGUIRRE CERDA,JORGE ALESSANDRI,0,"PEDRO AGUIRRE CERDA & JORGE ALESSANDRI, SAN PEDRO DE LA PAZ",CHILE,GEOMETRIC_CENTER,6457,2021,1330870,1,2021/02/03 00:00:00+00,1899/12/30 00:00:00+00,8,REGION BIO BIO,8108,SAN PEDRO DE LA PAZ,33,COLISION POR ALCANCE,30,COLISION,1,URBANA,1,TRAMO DE VIA RECTA,1,IMPRUDENCIA DEL CONDUCTOR,29,CONDUCCION CAMBIAR SORPRESIVAMENTE PISTA CIRCULACION,0,PEDRO AGUIRRE CERDA,0,JORGE ALESSANDRI,JORGE ALESSANDRI - PEDRO AGUIRRE CERDA,0, , , , ,1,1,2,BIDIRECCIONAL,1,CONCRETO,1,BUENO,1,SECO,1,DESPEJADO,0,0,0,0,2
-8137062.23106791,-4416709.41200056,4373,41838,1351233,-73.0964737,-36.8391456,100,SAN PEDRO DE LA PAZ,1,17518,2021,1351233,REGION BIO BIO,8108,SAN PEDRO DE LA PAZ,PEDRO AGUIRRE CERDA,JORGE ALESSANDRI,0,"PEDRO AGUIRRE CERDA & JORGE ALESSANDRI, SAN PEDRO DE LA PAZ",CHILE,GEOMETRIC_CENTER,24135,2021,1351233,1,2021/05/11 00:00:00+00,1899/12/30 00:00:00+00,8,REGION BIO BIO,8108,SAN PEDRO DE LA PAZ,30,COLISION,30,COLISION,1,URBANA,22,ENLACE A DESNIVEL,13,CAUSAS NO DETERMINADAS,97,CAUSAS NO DETERMINADAS,0,PEDRO AGUIRRE CERDA,0,JORGE ALESSANDRI,JORGE ALESSANDRI - PEDRO AGUIRRE CERDA,0, , , , ,2,2,3,BIDIRECCIONAL CON BANDEJON,2,ASFALTO,1,BUENO,1,SECO,1,DESPEJADO,0,0,0,0,2
-8137062.23106791,-4416709.41200056,4374,41839,1352141,-73.0964737,-36.8391456,100,SAN PEDRO DE LA PAZ,1,19953,2021,1352141,REGION BIO BIO,8108,SAN PEDRO DE LA PAZ,PEDRO AGUIRRE CERDA,JORGE ALESSANDRI,0,"PEDRO AGUIRRE CERDA & JORGE ALESSANDRI, SAN PEDRO DE LA PAZ",CHILE,GEOMETRIC_CENTER,27465,2021,1352141,1,2021/05/26 00:00:00+00,1899/12/30 00:00:00+00,8,REGION BIO BIO,8108,SAN PEDRO DE LA PAZ,33,COLISION POR ALCANCE,30,COLISION,1,URBANA,1,TRAMO DE VIA RECTA,1,IMPRUDENCIA DEL CONDUCTOR,28,CONDUCCION SIN MANTENER DISTANCIA RAZONABLE NI PRUDENTE,0,PEDRO AGUIRRE CERDA,0,JORGE ALESSANDRI,JORGE ALESSANDRI - PEDRO AGUIRRE CERDA,0, , , , ,3,0,1,UNIDIRECCIONAL,1,CONCRETO,1,BUENO,1,SECO,2,NUBLADO,0,0,0,0,2
-8137062.23106791,-4416709.41200056,4375,41840,1397205,-73.0964737,-36.8391456,100,SAN PEDRO DE LA PAZ,1,48618,2021,1397205,REGION BIO BIO,8108,SAN PEDRO DE LA PAZ,PEDRO AGUIRRE CERDA,JORGE ALESSANDRI,0,"PEDRO AGUIRRE CERDA & JORGE ALESSANDRI, SAN PEDRO DE LA PAZ",CHILE,GEOMETRIC_CENTER,66287,2021,1397205,1,2021/11/06 00:00:00+00,1899/12/30 00:00:00+00,8,REGION BIO BIO,8108,SAN PEDRO DE LA PAZ,30,COLISION,30,COLISION,1,URBANA,1,TRAMO DE VIA RECTA,13,CAUSAS NO DETERMINADAS,97,CAUSAS NO DETERMINADAS,0,PEDRO AGUIRRE CERDA,0,JORGE ALESSANDRI,JORGE ALESSANDRI - PEDRO AGUIRRE CERDA,0, , , , ,2,0,1,UNIDIRECCIONAL,2,ASFALTO,1,BUENO,1,SECO,1,DESPEJADO,0,0,0,0,1
-8137062.23106791,-4416709.41200056,4376,41841,1400155,-73.0964737,-36.8391456,100,SAN PEDRO DE LA PAZ,1,53379,2021,1400155,REGION BIO BIO,8108,SAN PEDRO DE LA PAZ,PEDRO AGUIRRE CERDA,JORGE ALESSANDRI,0,"PEDRO AGUIRRE CERDA & JORGE ALESSANDRI, SAN PEDRO DE LA PAZ",CHILE,GEOMETRIC_CENTER,72560,2021,1400155,1,2021/11/30 00:00:00+00,1899/12/30 00:00:00+00,8,REGION BIO BIO,8108,SAN PEDRO DE LA PAZ,67,CHOQUE POSTERIOR/FRENTE,40,CHOQUE,1,URBANA,11,CRUCE CON SEMAFORO FUNCIONANDO,13,CAUSAS NO DETERMINADAS,97,CAUSAS NO DETERMINADAS,0,PEDRO AGUIRRE CERDA,0,JORGE ALESSANDRI,JORGE ALESSANDRI - PEDRO AGUIRRE CERDA,0, , , , ,2,0,1,UNIDIRECCIONAL,2,ASFALTO,1,BUENO,1,SECO,1,DESPEJADO,0,0,0,0,1
-8136723.33001014,-4416707.17259717,4377,41842,1334785,-73.0934293,-36.8391295,100,SAN PEDRO DE LA PAZ,1,5081,2021,1334785,REGION BIO BIO,8108,SAN PEDRO DE LA PAZ,PEDRO AGUIRRE CERDA, ,873,"PEDRO AGUIRRE CERDA 873, SAN PEDRO DE LA PAZ",CHILE,RANGE_INTERPOLATED,7107,2021,1334785,1,2021/02/06 00:00:00+00,1899/12/30 00:00:00+00,8,REGION BIO BIO,8108,SAN PEDRO DE LA PAZ,30,COLISION,30,COLISION,1,URBANA,1,TRAMO DE VIA RECTA,13,CAUSAS NO DETERMINADAS,97,CAUSAS NO DETERMINADAS,0,PEDRO AGUIRRE CERDA,0, ,- PEDRO AGUIRRE CERDA,873, , , , ,2,2,2,BIDIRECCIONAL,2,ASFALTO,1,BUENO,1,SECO,1,DESPEJADO,0,0,0,0,2
-8137071.37039811,-4416703.36143971,4378,41843,1333100,-73.0965558,-36.8391021,100,SAN PEDRO DE LA PAZ,1,5442,2021,1333100,REGION BIO BIO,8108,SAN PEDRO DE LA PAZ,PEDRO AGUIRRE CERDA, ,1055,"PEDRO AGUIRRE CERDA 1055, SAN PEDRO DE LA PAZ",CHILE,RANGE_INTERPOLATED,7599,2021,1333100,1,2021/02/09 00:00:00+00,1899/12/30 00:00:00+00,8,REGION BIO BIO,8108,SAN PEDRO DE LA PAZ,33,COLISION POR ALCANCE,30,COLISION,1,URBANA,1,TRAMO DE VIA RECTA,1,IMPRUDENCIA DEL CONDUCTOR,27,CONDUCCION NO ATENTO CONDICIONES TRANSITO MOMENTO,0,PEDRO AGUIRRE CERDA,0, ,- PEDRO AGUIRRE CERDA,1055, , , , ,1,1,2,BIDIRECCIONAL,1,CONCRETO,1,BUENO,1,SECO,1,DESPEJADO,0,0,0,0,2
-8137071.37039811,-4416703.36143971,4379,41844,1334791,-73.0965558,-36.8391021,100,SAN PEDRO DE LA PAZ,1,5921,2021,1334791,REGION BIO BIO,8108,SAN PEDRO DE LA PAZ,PEDRO AGUIRRE CERDA, ,1055,"PEDRO AGUIRRE CERDA 1055, SAN PEDRO DE LA PAZ",CHILE,RANGE_INTERPOLATED,8257,2021,1334791,1,2021/02/12 00:00:00+00,1899/12/30 00:00:00+00,8,REGION BIO BIO,8108,SAN PEDRO DE LA PAZ,30,COLISION,30,COLISION,1,URBANA,1,TRAMO DE VIA RECTA,13,CAUSAS NO DETERMINADAS,97,CAUSAS NO DETERMINADAS,0,PEDRO AGUIRRE CERDA,0, ,- PEDRO AGUIRRE CERDA,1055, , , , ,1,1,2,BIDIRECCIONAL,2,ASFALTO,1,BUENO,1,SECO,1,DESPEJADO,0,0,1,1,0
-8137071.37039811,-4416703.36143971,4380,41845,1367263,-73.0965558,-36.8391021,100,SAN PEDRO DE LA PAZ,1,26371,2021,1367263,REGION BIO BIO,8108,SAN PEDRO DE LA PAZ,PEDRO AGUIRRE CERDA, ,1055,"PEDRO AGUIRRE CERDA 1055, SAN PEDRO DE LA PAZ",CHILE,RANGE_INTERPOLATED,36378,2021,1367263,1,2021/07/06 00:00:00+00,1899/12/30 00:00:00+00,8,REGION BIO BIO,8108,SAN PEDRO DE LA PAZ,69,CHOQUE POSTERIOR/POSTERIOR,40,CHOQUE,1,URBANA,11,CRUCE CON SEMAFORO FUNCIONANDO,13,CAUSAS NO DETERMINADAS,97,CAUSAS NO DETERMINADAS,0,PEDRO AGUIRRE CERDA,0, ,- PEDRO AGUIRRE CERDA,1055, , , , ,2,2,3,BIDIRECCIONAL CON BANDEJON,2,ASFALTO,1,BUENO,1,SECO,1,DESPEJADO,0,0,0,2,0
-8137071.37039811,-4416703.36143971,4381,41846,1366109,-73.0965558,-36.8391021,100,SAN PEDRO DE LA PAZ,1,28819,2021,1366109,REGION BIO BIO,8108,SAN PEDRO DE LA PAZ,PEDRO AGUIRRE CERDA, ,1055,"PEDRO AGUIRRE CERDA 1055, SAN PEDRO DE LA PAZ",CHILE,RANGE_INTERPOLATED,39818,2021,1366109,1,2021/07/20 00:00:00+00,1899/12/30 00:00:00+00,8,REGION BIO BIO,8108,SAN PEDRO DE LA PAZ,30,COLISION,30,COLISION,1,URBANA,1,TRAMO DE VIA RECTA,1,IMPRUDENCIA DEL CONDUCTOR,27,CONDUCCION NO ATENTO CONDICIONES TRANSITO MOMENTO,0,PEDRO AGUIRRE CERDA,0, ,- PEDRO AGUIRRE CERDA,1055, , , , ,2,2,3,BIDIRECCIONAL CON BANDEJON,1,CONCRETO,1,BUENO,1,SECO,1,DESPEJADO,0,0,0,0,1
-8137071.37039811,-4416703.36143971,4382,41847,1397206,-73.0965558,-36.8391021,100,SAN PEDRO DE LA PAZ,1,49570,2021,1397206,REGION BIO BIO,8108,SAN PEDRO DE LA PAZ,PEDRO AGUIRRE CERDA, ,1055,"PEDRO AGUIRRE CERDA 1055, SAN PEDRO DE LA PAZ",CHILE,RANGE_INTERPOLATED,67536,2021,1397206,1,2021/11/11 00:00:00+00,1899/12/30 00:00:00+00,8,REGION BIO BIO,8108,SAN PEDRO DE LA PAZ,30,COLISION,30,COLISION,1,URBANA,1,TRAMO DE VIA RECTA,13,CAUSAS NO DETERMINADAS,97,CAUSAS NO DETERMINADAS,0,PEDRO AGUIRRE CERDA,0, ,- PEDRO AGUIRRE CERDA,1055, , , , ,2,0,1,UNIDIRECCIONAL,2,ASFALTO,1,BUENO,1,SECO,1,DESPEJADO,0,0,0,0,2
-8136567.63857032,-4416700.17620331,4383,41848,1352761,-73.0920307,-36.8390792,100,SAN PEDRO DE LA PAZ,1,20076,2021,1352761,REGION BIO BIO,8108,SAN PEDRO DE LA PAZ,PEDRO AGUIRRE CERDA, ,807,"PEDRO AGUIRRE CERDA 807, SAN PEDRO DE LA PAZ",CHILE,RANGE_INTERPOLATED,27642,2021,1352761,1,2021/05/27 00:00:00+00,1899/12/30 00:00:00+00,8,REGION BIO BIO,8108,SAN PEDRO DE LA PAZ,52,CHOQUE LATERAL,40,CHOQUE,1,URBANA,5,PUENTE,1,IMPRUDENCIA DEL CONDUCTOR,27,CONDUCCION NO ATENTO CONDICIONES TRANSITO MOMENTO,0,PEDRO AGUIRRE CERDA,0, ,- PEDRO AGUIRRE CERDA,807, , , , ,2,2,2,BIDIRECCIONAL,2,ASFALTO,1,BUENO,1,SECO,1,DESPEJADO,0,0,0,0,1
-8136404.49985656,-4416698.27062566,4384,41849,1334795,-73.0905652,-36.8390655,100,SAN PEDRO DE LA PAZ,1,7917,2021,1334795,REGION BIO BIO,8108,SAN PEDRO DE LA PAZ,PEDRO AGUIRRE CERDA,PINCHEIRA,0,"PEDRO AGUIRRE CERDA & PINCHEIRA, SAN PEDRO DE LA PAZ",CHILE,GEOMETRIC_CENTER,11113,2021,1334795,1,2021/02/27 00:00:00+00,1899/12/30 00:00:00+00,8,REGION BIO BIO,8108,SAN PEDRO DE LA PAZ,30,COLISION,30,COLISION,1,URBANA,11,CRUCE CON SEMAFORO FUNCIONANDO,13,CAUSAS NO DETERMINADAS,97,CAUSAS NO DETERMINADAS,0,PEDRO AGUIRRE CERDA,0,PINCHEIRA,PEDRO AGUIRRE CERDA - PINCHEIRA,0, , , , ,2,2,2,BIDIRECCIONAL,2,ASFALTO,1,BUENO,1,SECO,1,DESPEJADO,0,0,0,0,2
-8136404.49985656,-4416698.27062566,4385,41850,1340608,-73.0905652,-36.8390655,100,SAN PEDRO DE LA PAZ,1,9675,2021,1340608,REGION BIO BIO,8108,SAN PEDRO DE LA PAZ,PEDRO AGUIRRE CERDA,PINCHEIRA,0,"PEDRO AGUIRRE CERDA & PINCHEIRA, SAN PEDRO DE LA PAZ",CHILE,GEOMETRIC_CENTER,13490,2021,1340608,1,2021/03/10 00:00:00+00,1899/12/30 00:00:00+00,8,REGION BIO BIO,8108,SAN PEDRO DE LA PAZ,30,COLISION,30,COLISION,1,URBANA,11,CRUCE CON SEMAFORO FUNCIONANDO,13,CAUSAS NO DETERMINADAS,97,CAUSAS NO DETERMINADAS,0,PEDRO AGUIRRE CERDA,0,PINCHEIRA,PEDRO AGUIRRE CERDA - PINCHEIRA,0, , , , ,2,2,2,BIDIRECCIONAL,2,ASFALTO,1,BUENO,3,MOJADO,3,LLUVIA,0,1,0,0,1
-8135961.89356117,-4416697.42215689,4386,41851,1400156,-73.0865892,-36.8390594,100,SAN PEDRO DE LA PAZ,1,53569,2021,1400156,REGION BIO BIO,8108,SAN PEDRO DE LA PAZ,PEDRO AGUIRRE CERDA, ,450,"PEDRO AGUIRRE CERDA 450, SAN PEDRO DE LA PAZ",CHILE,RANGE_INTERPOLATED,72808,2021,1400156,1,2021/12/01 00:00:00+00,1899/12/30 00:00:00+00,8,REGION BIO BIO,8108,SAN PEDRO DE LA PAZ,70,VOLCADURA,70,VOLCADURA,1,URBANA,15,CRUCE CON SEÑAL CEDA EL PASO,13,CAUSAS NO DETERMINADAS,97,CAUSAS NO DETERMINADAS,0,PEDRO AGUIRRE CERDA,0, ,- PEDRO AGUIRRE CERDA,450, , , , ,2,0,1,UNIDIRECCIONAL,2,ASFALTO,1,BUENO,1,SECO,1,DESPEJADO,0,0,0,0,2
-8136664.14143689,-4416681.76027008,4387,41852,1325064,-73.0928976,-36.8389468,100,SAN PEDRO DE LA PAZ,1,791,2021,1325064,REGION BIO BIO,8108,SAN PEDRO DE LA PAZ,PEDRO AGUIRRE CERDA,COLO COLO,0,"PEDRO AGUIRRE CERDA & COLO COLO, SAN PEDRO DE LA PAZ",CHILE,GEOMETRIC_CENTER,1093,2021,1325064,1,2021/01/06 00:00:00+00,1899/12/30 00:00:00+00,8,REGION BIO BIO,8108,SAN PEDRO DE LA PAZ,32,COLISION LATERAL,30,COLISION,1,URBANA,1,TRAMO DE VIA RECTA,13,CAUSAS NO DETERMINADAS,97,CAUSAS NO DETERMINADAS,0,PEDRO AGUIRRE CERDA,0,COLO COLO,COLO COLO - PEDRO AGUIRRE CERDA,0, , , , ,1,1,2,BIDIRECCIONAL,1,CONCRETO,1,BUENO,1,SECO,1,DESPEJADO,0,0,0,0,2
-8136664.14143689,-4416681.76027008,4388,41853,1346400,-73.0928976,-36.8389468,100,SAN PEDRO DE LA PAZ,1,15292,2021,1346400,REGION BIO BIO,8108,SAN PEDRO DE LA PAZ,PEDRO AGUIRRE CERDA,COLO COLO,0,"PEDRO AGUIRRE CERDA & COLO COLO, SAN PEDRO DE LA PAZ",CHILE,GEOMETRIC_CENTER,21074,2021,1346400,1,2021/04/24 00:00:00+00,1899/12/30 00:00:00+00,8,REGION BIO BIO,8108,SAN PEDRO DE LA PAZ,30,COLISION,30,COLISION,1,URBANA,14,CRUCE CON SEÑAL PARE,13,CAUSAS NO DETERMINADAS,97,CAUSAS NO DETERMINADAS,0,PEDRO AGUIRRE CERDA,0,COLO COLO,COLO COLO - PEDRO AGUIRRE CERDA,0, , , , ,2,2,2,BIDIRECCIONAL,2,ASFALTO,1,BUENO,1,SECO,1,DESPEJADO,0,0,0,0,1
-8136873.75603805,-4416681.56553984,4389,41854,1407917,-73.0947806,-36.8389454,100,SAN PEDRO DE LA PAZ,1,58667,2021,1407917,REGION BIO BIO,8108,SAN PEDRO DE LA PAZ,PEDRO AGUIRRE CERDA, ,1005,"PEDRO AGUIRRE CERDA 1005, SAN PEDRO DE LA PAZ",CHILE,RANGE_INTERPOLATED,79729,2021,1407917,1,2021/12/27 00:00:00+00,1899/12/30 00:00:00+00,8,REGION BIO BIO,8108,SAN PEDRO DE LA PAZ,30,COLISION,30,COLISION,1,URBANA,1,TRAMO DE VIA RECTA,13,CAUSAS NO DETERMINADAS,97,CAUSAS NO DETERMINADAS,0,PEDRO AGUIRRE CERDA,0, ,- PEDRO AGUIRRE CERDA,1005, , , , ,2,0,1,UNIDIRECCIONAL,2,ASFALTO,1,BUENO,1,SECO,1,DESPEJADO,0,0,0,0,2
-8136955.19737752,-4416662.53763059,4390,41855,1345777,-73.0955122,-36.8388086,100,SAN PEDRO DE LA PAZ,1,15492,2021,1345777,REGION BIO BIO,8108,SAN PEDRO DE LA PAZ,PEDRO AGUIRRE CERDA,VICTORIA,0,"PEDRO AGUIRRE CERDA & VICTORIA, SAN PEDRO DE LA PAZ",CHILE,GEOMETRIC_CENTER,21335,2021,1345777,1,2021/04/26 00:00:00+00,1899/12/30 00:00:00+00,8,REGION BIO BIO,8108,SAN PEDRO DE LA PAZ,32,COLISION LATERAL,30,COLISION,1,URBANA,1,TRAMO DE VIA RECTA,1,IMPRUDENCIA DEL CONDUCTOR,11,ADELANTAMIENTO SIN EL ESPACIO O TIEMPO SUFICIENTE,0,PEDRO AGUIRRE CERDA,0,VICTORIA,PEDRO AGUIRRE CERDA - VICTORIA,0, , , , ,1,1,2,BIDIRECCIONAL,1,CONCRETO,1,BUENO,1,SECO,1,DESPEJADO,0,0,0,0,2
-8136955.19737752,-4416662.53763059,4391,41856,1346378,-73.0955122,-36.8388086,100,SAN PEDRO DE LA PAZ,1,16115,2021,1346378,REGION BIO BIO,8108,SAN PEDRO DE LA PAZ,VICTORIA,PEDRO AGUIRRE CERDA,0,"VICTORIA & PEDRO AGUIRRE CERDA, SAN PEDRO DE LA PAZ",CHILE,GEOMETRIC_CENTER,22176,2021,1346378,1,2021/04/30 00:00:00+00,1899/12/30 00:00:00+00,8,REGION BIO BIO,8108,SAN PEDRO DE LA PAZ,31,COLISION FRONTAL,30,COLISION,1,URBANA,11,CRUCE CON SEMAFORO FUNCIONANDO,10,DESOBEDIENCIA A SEÑALIZACION,62,SEÑALIZACION DESOBEDECER LUZ ROJA DE SEMAFORO,0,VICTORIA,0,PEDRO AGUIRRE CERDA,PEDRO AGUIRRE CERDA - VICTORIA,0, , , , ,2,2,3,BIDIRECCIONAL CON BANDEJON,2,ASFALTO,1,BUENO,3,MOJADO,3,LLUVIA,0,0,0,2,3
-8136955.19737752,-4416662.53763059,4392,41857,1391223,-73.0955122,-36.8388086,100,SAN PEDRO DE LA PAZ,1,44040,2021,1391223,REGION BIO BIO,8108,SAN PEDRO DE LA PAZ,PEDRO AGUIRRE CERDA,VICTORIA,0,"PEDRO AGUIRRE CERDA & VICTORIA, SAN PEDRO DE LA PAZ",CHILE,GEOMETRIC_CENTER,60246,2021,1391223,1,2021/10/12 00:00:00+00,1899/12/30 00:00:00+00,8,REGION BIO BIO,8108,SAN PEDRO DE LA PAZ,70,VOLCADURA,70,VOLCADURA,1,URBANA,11,CRUCE CON SEMAFORO FUNCIONANDO,13,CAUSAS NO DETERMINADAS,97,CAUSAS NO DETERMINADAS,0,PEDRO AGUIRRE CERDA,0,VICTORIA,PEDRO AGUIRRE CERDA - VICTORIA,0, , , , ,2,2,2,BIDIRECCIONAL,2,ASFALTO,1,BUENO,1,SECO,1,DESPEJADO,0,0,0,1,0
-8136955.19737752,-4416662.53763059,4393,41858,1407918,-73.0955122,-36.8388086,100,SAN PEDRO DE LA PAZ,1,56821,2021,1407918,REGION BIO BIO,8108,SAN PEDRO DE LA PAZ,PEDRO AGUIRRE CERDA,VICTORIA,0,"PEDRO AGUIRRE CERDA & VICTORIA, SAN PEDRO DE LA PAZ",CHILE,GEOMETRIC_CENTER,77196,2021,1407918,1,2021/12/18 00:00:00+00,1899/12/30 00:00:00+00,8,REGION BIO BIO,8108,SAN PEDRO DE LA PAZ,30,COLISION,30,COLISION,1,URBANA,11,CRUCE CON SEMAFORO FUNCIONANDO,13,CAUSAS NO DETERMINADAS,97,CAUSAS NO DETERMINADAS,0,PEDRO AGUIRRE CERDA,0,VICTORIA,PEDRO AGUIRRE CERDA - VICTORIA,0, , , , ,2,0,1,UNIDIRECCIONAL,2,ASFALTO,1,BUENO,1,SECO,1,DESPEJADO,0,1,1,4,0
-8138868.54565332,-4416661.66134611,4394,41859,1405984,-73.1127001,-36.8388023,100,SAN PEDRO DE LA PAZ,1,56002,2021,1405984,REGION BIO BIO,8108,SAN PEDRO DE LA PAZ,CAMINO CORONEL,PUENTE LOS BATROS,0,"CAMINO CORONEL & PUENTE LOS BATROS, SAN PEDRO DE LA PAZ",CHILE,GEOMETRIC_CENTER,76144,2021,1405984,1,2021/12/14 00:00:00+00,1899/12/30 00:00:00+00,8,REGION BIO BIO,8108,SAN PEDRO DE LA PAZ,52,CHOQUE LATERAL,40,CHOQUE,1,URBANA,1,TRAMO DE VIA RECTA,1,IMPRUDENCIA DEL CONDUCTOR,11,ADELANTAMIENTO SIN EL ESPACIO O TIEMPO SUFICIENTE,0,CAMINO CORONEL,0,PUENTE LOS BATROS,CAMINO CORONEL - PUENTE LOS BATROS,0, , , , ,2,2,2,BIDIRECCIONAL,1,CONCRETO,1,BUENO,1,SECO,1,DESPEJADO,0,0,0,0,2
-8137597.07669338,-4416656.12545538,4395,41860,1340604,-73.1012783,-36.8387625,100,SAN PEDRO DE LA PAZ,1,8879,2021,1340604,REGION BIO BIO,8108,SAN PEDRO DE LA PAZ,PEDRO AGUIRRE CERDA,LOS CANELOS,0,"PEDRO AGUIRRE CERDA & LOS CANELOS, SAN PEDRO DE LA PAZ",CHILE,GEOMETRIC_CENTER,12410,2021,1340604,1,2021/03/05 00:00:00+00,1899/12/30 00:00:00+00,8,REGION BIO BIO,8108,SAN PEDRO DE LA PAZ,30,COLISION,30,COLISION,1,URBANA,11,CRUCE CON SEMAFORO FUNCIONANDO,13,CAUSAS NO DETERMINADAS,97,CAUSAS NO DETERMINADAS,0,PEDRO AGUIRRE CERDA,0,LOS CANELOS,LOS CANELOS - PEDRO AGUIRRE CERDA,0, , , , ,2,2,2,BIDIRECCIONAL,2,ASFALTO,1,BUENO,1,SECO,1,DESPEJADO,0,0,0,0,1