X,Y,FID,FID_1,LABELID,POINT_X,POINT_Y,FID_2,COMUNAREAL,VAL_COM,OBJECTID,A_O,IDACCIDENT,REGION,COD_COMUN,COMUNA,CALLE_UNO,CALLE_DOS,NUMERO,DIR_GEOCOD,PAIS,TIPO,OBJECTID_1,Año,Idaccide_1,Claseaccid,Fecha,Hora,Cód_Regi,Región,Cód_Comun,Comuna_1,Cód_Tipo_,Tipo_Accid,Cód_Tipo1,Tipo__CONA,Cód_Zona,Zona,Cód_Ubica,Ubicación,Cód_Causa,Causa__CON,Cód_Cau_1,Causa,Cód_Calle,Calle_Un_1,Cód_Cal_1,Calle_Do_1,Intersecci,Número,Ruta,Cód_Ruta,Ubicaci_1,Km_Vía_Fe,Pistas_de_,Pistas_de1,Cód_Calza,Calzada,Cód__Tipo,Tipo_Calza,Cód_Estad,Estado_Cal,Cód_Condi,Condición,Cód_Est_1,Estado_Atm,Fallecidos,Graves,Menos_Grav,Leves,Ilesos
-8137597.07669338,-4416656.12545538,4396,41861,1341074,-73.1012783,-36.8387625,100,SAN PEDRO DE LA PAZ,1,11872,2021,1341074,REGION BIO BIO,8108,SAN PEDRO DE LA PAZ,PEDRO AGUIRRE CERDA,LOS CANELOS,0,"PEDRO AGUIRRE CERDA & LOS CANELOS, SAN PEDRO DE LA PAZ",CHILE,GEOMETRIC_CENTER,16433,2021,1341074,1,2021/03/26 00:00:00+00,1899/12/30 00:00:00+00,8,REGION BIO BIO,8108,SAN PEDRO DE LA PAZ,70,VOLCADURA,70,VOLCADURA,1,URBANA,1,TRAMO DE VIA RECTA,1,IMPRUDENCIA DEL CONDUCTOR,27,CONDUCCION NO ATENTO CONDICIONES TRANSITO MOMENTO,0,PEDRO AGUIRRE CERDA,0,LOS CANELOS,LOS CANELOS - PEDRO AGUIRRE CERDA,0, , , , ,1,1,2,BIDIRECCIONAL,1,CONCRETO,1,BUENO,1,SECO,1,DESPEJADO,0,1,0,0,0
-8137597.07669338,-4416656.12545538,4397,41862,1340846,-73.1012783,-36.8387625,100,SAN PEDRO DE LA PAZ,1,11925,2021,1340846,REGION BIO BIO,8108,SAN PEDRO DE LA PAZ,PEDRO AGUIRRE CERDA,LOS CANELOS,0,"PEDRO AGUIRRE CERDA & LOS CANELOS, SAN PEDRO DE LA PAZ",CHILE,GEOMETRIC_CENTER,16501,2021,1340846,1,2021/03/26 00:00:00+00,1899/12/30 00:00:00+00,8,REGION BIO BIO,8108,SAN PEDRO DE LA PAZ,32,COLISION LATERAL,30,COLISION,1,URBANA,1,TRAMO DE VIA RECTA,1,IMPRUDENCIA DEL CONDUCTOR,27,CONDUCCION NO ATENTO CONDICIONES TRANSITO MOMENTO,0,PEDRO AGUIRRE CERDA,0,LOS CANELOS,LOS CANELOS - PEDRO AGUIRRE CERDA,0, , , , ,2,2,2,BIDIRECCIONAL,2,ASFALTO,1,BUENO,1,SECO,1,DESPEJADO,0,0,0,0,2
-8137597.07669338,-4416656.12545538,4398,41863,1346390,-73.1012783,-36.8387625,100,SAN PEDRO DE LA PAZ,1,12688,2021,1346390,REGION BIO BIO,8108,SAN PEDRO DE LA PAZ,PEDRO AGUIRRE CERDA,LOS CANELOS,0,"PEDRO AGUIRRE CERDA & LOS CANELOS, SAN PEDRO DE LA PAZ",CHILE,GEOMETRIC_CENTER,17534,2021,1346390,1,2021/04/03 00:00:00+00,1899/12/30 00:00:00+00,8,REGION BIO BIO,8108,SAN PEDRO DE LA PAZ,30,COLISION,30,COLISION,1,URBANA,11,CRUCE CON SEMAFORO FUNCIONANDO,13,CAUSAS NO DETERMINADAS,97,CAUSAS NO DETERMINADAS,0,PEDRO AGUIRRE CERDA,0,LOS CANELOS,LOS CANELOS - PEDRO AGUIRRE CERDA,0, , , , ,1,1,2,BIDIRECCIONAL,2,ASFALTO,1,BUENO,1,SECO,1,DESPEJADO,0,0,0,0,1
-8137597.07669338,-4416656.12545538,4399,41864,1346392,-73.1012783,-36.8387625,100,SAN PEDRO DE LA PAZ,1,13788,2021,1346392,REGION BIO BIO,8108,SAN PEDRO DE LA PAZ,PEDRO AGUIRRE CERDA,LOS CANELOS,0,"PEDRO AGUIRRE CERDA & LOS CANELOS, SAN PEDRO DE LA PAZ",CHILE,GEOMETRIC_CENTER,19064,2021,1346392,1,2021/04/13 00:00:00+00,1899/12/30 00:00:00+00,8,REGION BIO BIO,8108,SAN PEDRO DE LA PAZ,30,COLISION,30,COLISION,1,URBANA,11,CRUCE CON SEMAFORO FUNCIONANDO,13,CAUSAS NO DETERMINADAS,97,CAUSAS NO DETERMINADAS,0,PEDRO AGUIRRE CERDA,0,LOS CANELOS,LOS CANELOS - PEDRO AGUIRRE CERDA,0, , , , ,1,1,2,BIDIRECCIONAL,2,ASFALTO,1,BUENO,1,SECO,1,DESPEJADO,0,0,0,0,1
-8137597.07669338,-4416656.12545538,4400,41865,1346395,-73.1012783,-36.8387625,100,SAN PEDRO DE LA PAZ,1,14055,2021,1346395,REGION BIO BIO,8108,SAN PEDRO DE LA PAZ,PEDRO AGUIRRE CERDA,LOS CANELOS,0,"PEDRO AGUIRRE CERDA & LOS CANELOS, SAN PEDRO DE LA PAZ",CHILE,GEOMETRIC_CENTER,19414,2021,1346395,1,2021/04/15 00:00:00+00,1899/12/30 00:00:00+00,8,REGION BIO BIO,8108,SAN PEDRO DE LA PAZ,30,COLISION,30,COLISION,1,URBANA,11,CRUCE CON SEMAFORO FUNCIONANDO,13,CAUSAS NO DETERMINADAS,97,CAUSAS NO DETERMINADAS,0,PEDRO AGUIRRE CERDA,0,LOS CANELOS,LOS CANELOS - PEDRO AGUIRRE CERDA,0, , , , ,1,1,2,BIDIRECCIONAL,2,ASFALTO,1,BUENO,1,SECO,1,DESPEJADO,0,0,0,0,1
-8137597.07669338,-4416656.12545538,4401,41866,1349161,-73.1012783,-36.8387625,100,SAN PEDRO DE LA PAZ,1,16686,2021,1349161,REGION BIO BIO,8108,SAN PEDRO DE LA PAZ,PEDRO AGUIRRE CERDA,LOS CANELOS,0,"PEDRO AGUIRRE CERDA & LOS CANELOS, SAN PEDRO DE LA PAZ",CHILE,GEOMETRIC_CENTER,23025,2021,1349161,1,2021/05/05 00:00:00+00,1899/12/30 00:00:00+00,8,REGION BIO BIO,8108,SAN PEDRO DE LA PAZ,31,COLISION FRONTAL,30,COLISION,1,URBANA,11,CRUCE CON SEMAFORO FUNCIONANDO,1,IMPRUDENCIA DEL CONDUCTOR,27,CONDUCCION NO ATENTO CONDICIONES TRANSITO MOMENTO,0,PEDRO AGUIRRE CERDA,0,LOS CANELOS,LOS CANELOS - PEDRO AGUIRRE CERDA,0, , , , ,1,1,2,BIDIRECCIONAL,2,ASFALTO,1,BUENO,1,SECO,1,DESPEJADO,0,0,0,0,1
-8137597.07669338,-4416656.12545538,4402,41867,1351267,-73.1012783,-36.8387625,100,SAN PEDRO DE LA PAZ,1,18093,2021,1351267,REGION BIO BIO,8108,SAN PEDRO DE LA PAZ,PEDRO AGUIRRE CERDA,LOS CANELOS,0,"PEDRO AGUIRRE CERDA & LOS CANELOS, SAN PEDRO DE LA PAZ",CHILE,GEOMETRIC_CENTER,24880,2021,1351267,1,2021/05/14 00:00:00+00,1899/12/30 00:00:00+00,8,REGION BIO BIO,8108,SAN PEDRO DE LA PAZ,10,ATROPELLO,10,ATROPELLO,1,URBANA,11,CRUCE CON SEMAFORO FUNCIONANDO,13,CAUSAS NO DETERMINADAS,97,CAUSAS NO DETERMINADAS,0,PEDRO AGUIRRE CERDA,0,LOS CANELOS,LOS CANELOS - PEDRO AGUIRRE CERDA,0, , , , ,2,0,1,UNIDIRECCIONAL,2,ASFALTO,1,BUENO,1,SECO,1,DESPEJADO,0,0,0,1,1
-8137597.07669338,-4416656.12545538,4403,41868,1350077,-73.1012783,-36.8387625,100,SAN PEDRO DE LA PAZ,1,18562,2021,1350077,REGION BIO BIO,8108,SAN PEDRO DE LA PAZ,PEDRO AGUIRRE CERDA,LOS CANELOS,0,"PEDRO AGUIRRE CERDA & LOS CANELOS, SAN PEDRO DE LA PAZ",CHILE,GEOMETRIC_CENTER,25525,2021,1350077,1,2021/05/17 00:00:00+00,1899/12/30 00:00:00+00,8,REGION BIO BIO,8108,SAN PEDRO DE LA PAZ,33,COLISION POR ALCANCE,30,COLISION,1,URBANA,11,CRUCE CON SEMAFORO FUNCIONANDO,4,ALCOHOL EN CONDUCTOR,24,CONDUCCION EN ESTADO DE EBRIEDAD,0,PEDRO AGUIRRE CERDA,0,LOS CANELOS,LOS CANELOS - PEDRO AGUIRRE CERDA,0, , , , ,2,2,3,BIDIRECCIONAL CON BANDEJON,1,CONCRETO,1,BUENO,1,SECO,1,DESPEJADO,0,0,0,0,2
-8137597.07669338,-4416656.12545538,4404,41869,1359206,-73.1012783,-36.8387625,100,SAN PEDRO DE LA PAZ,1,25171,2021,1359206,REGION BIO BIO,8108,SAN PEDRO DE LA PAZ,PEDRO AGUIRRE CERDA,LOS CANELOS,0,"PEDRO AGUIRRE CERDA & LOS CANELOS, SAN PEDRO DE LA PAZ",CHILE,GEOMETRIC_CENTER,34804,2021,1359206,1,2021/06/29 00:00:00+00,1899/12/30 00:00:00+00,8,REGION BIO BIO,8108,SAN PEDRO DE LA PAZ,10,ATROPELLO,10,ATROPELLO,1,URBANA,11,CRUCE CON SEMAFORO FUNCIONANDO,13,CAUSAS NO DETERMINADAS,97,CAUSAS NO DETERMINADAS,0,PEDRO AGUIRRE CERDA,0,LOS CANELOS,LOS CANELOS - PEDRO AGUIRRE CERDA,0, , , , ,1,1,2,BIDIRECCIONAL,2,ASFALTO,1,BUENO,1,SECO,1,DESPEJADO,0,0,0,1,1
-8137597.07669338,-4416656.12545538,4405,41870,1368298,-73.1012783,-36.8387625,100,SAN PEDRO DE LA PAZ,1,28873,2021,1368298,REGION BIO BIO,8108,SAN PEDRO DE LA PAZ,PEDRO AGUIRRE CERDA,LOS CANELOS,0,"PEDRO AGUIRRE CERDA & LOS CANELOS, SAN PEDRO DE LA PAZ",CHILE,GEOMETRIC_CENTER,39911,2021,1368298,1,2021/07/21 00:00:00+00,1899/12/30 00:00:00+00,8,REGION BIO BIO,8108,SAN PEDRO DE LA PAZ,33,COLISION POR ALCANCE,30,COLISION,1,URBANA,11,CRUCE CON SEMAFORO FUNCIONANDO,1,IMPRUDENCIA DEL CONDUCTOR,27,CONDUCCION NO ATENTO CONDICIONES TRANSITO MOMENTO,0,PEDRO AGUIRRE CERDA,0,LOS CANELOS,LOS CANELOS - PEDRO AGUIRRE CERDA,0, , , , ,1,1,2,BIDIRECCIONAL,1,CONCRETO,1,BUENO,1,SECO,1,DESPEJADO,0,0,0,2,1
-8137597.07669338,-4416656.12545538,4406,41871,1378399,-73.1012783,-36.8387625,100,SAN PEDRO DE LA PAZ,1,37222,2021,1378399,REGION BIO BIO,8108,SAN PEDRO DE LA PAZ,PEDRO AGUIRRE CERDA,LOS CANELOS,0,"PEDRO AGUIRRE CERDA & LOS CANELOS, SAN PEDRO DE LA PAZ",CHILE,GEOMETRIC_CENTER,51184,2021,1378399,1,2021/09/05 00:00:00+00,1899/12/30 00:00:00+00,8,REGION BIO BIO,8108,SAN PEDRO DE LA PAZ,10,ATROPELLO,10,ATROPELLO,1,URBANA,11,CRUCE CON SEMAFORO FUNCIONANDO,13,CAUSAS NO DETERMINADAS,97,CAUSAS NO DETERMINADAS,0,PEDRO AGUIRRE CERDA,0,LOS CANELOS,LOS CANELOS - PEDRO AGUIRRE CERDA,0, , , , ,1,1,2,BIDIRECCIONAL,2,ASFALTO,1,BUENO,1,SECO,2,NUBLADO,0,1,0,0,1
-8137597.07669338,-4416656.12545538,4407,41872,1380947,-73.1012783,-36.8387625,100,SAN PEDRO DE LA PAZ,1,37937,2021,1380947,REGION BIO BIO,8108,SAN PEDRO DE LA PAZ,PEDRO AGUIRRE CERDA,LOS CANELOS,0,"PEDRO AGUIRRE CERDA & LOS CANELOS, SAN PEDRO DE LA PAZ",CHILE,GEOMETRIC_CENTER,52133,2021,1380947,1,2021/09/09 00:00:00+00,1899/12/30 00:00:00+00,8,REGION BIO BIO,8108,SAN PEDRO DE LA PAZ,10,ATROPELLO,10,ATROPELLO,1,URBANA,11,CRUCE CON SEMAFORO FUNCIONANDO,1,IMPRUDENCIA DEL CONDUCTOR,27,CONDUCCION NO ATENTO CONDICIONES TRANSITO MOMENTO,0,PEDRO AGUIRRE CERDA,0,LOS CANELOS,LOS CANELOS - PEDRO AGUIRRE CERDA,0, , , , ,2,2,3,BIDIRECCIONAL CON BANDEJON,1,CONCRETO,1,BUENO,1,SECO,1,DESPEJADO,0,0,0,0,2
-8137597.07669338,-4416656.12545538,4408,41873,1391224,-73.1012783,-36.8387625,100,SAN PEDRO DE LA PAZ,1,44320,2021,1391224,REGION BIO BIO,8108,SAN PEDRO DE LA PAZ,PEDRO AGUIRRE CERDA,LOS CANELOS,0,"PEDRO AGUIRRE CERDA & LOS CANELOS, SAN PEDRO DE LA PAZ",CHILE,GEOMETRIC_CENTER,60600,2021,1391224,1,2021/10/14 00:00:00+00,1899/12/30 00:00:00+00,8,REGION BIO BIO,8108,SAN PEDRO DE LA PAZ,10,ATROPELLO,10,ATROPELLO,1,URBANA,11,CRUCE CON SEMAFORO FUNCIONANDO,13,CAUSAS NO DETERMINADAS,97,CAUSAS NO DETERMINADAS,0,PEDRO AGUIRRE CERDA,0,LOS CANELOS,LOS CANELOS - PEDRO AGUIRRE CERDA,0, , , , ,1,1,2,BIDIRECCIONAL,2,ASFALTO,1,BUENO,1,SECO,1,DESPEJADO,0,0,1,0,1
-8137597.07669338,-4416656.12545538,4409,41874,1391231,-73.1012783,-36.8387625,100,SAN PEDRO DE LA PAZ,1,46574,2021,1391231,REGION BIO BIO,8108,SAN PEDRO DE LA PAZ,PEDRO AGUIRRE CERDA,LOS CANELOS,0,"PEDRO AGUIRRE CERDA & LOS CANELOS, SAN PEDRO DE LA PAZ",CHILE,GEOMETRIC_CENTER,63590,2021,1391231,1,2021/10/26 00:00:00+00,1899/12/30 00:00:00+00,8,REGION BIO BIO,8108,SAN PEDRO DE LA PAZ,30,COLISION,30,COLISION,1,URBANA,11,CRUCE CON SEMAFORO FUNCIONANDO,13,CAUSAS NO DETERMINADAS,97,CAUSAS NO DETERMINADAS,0,PEDRO AGUIRRE CERDA,0,LOS CANELOS,LOS CANELOS - PEDRO AGUIRRE CERDA,0, , , , ,2,2,3,BIDIRECCIONAL CON BANDEJON,2,ASFALTO,1,BUENO,1,SECO,1,DESPEJADO,0,0,0,1,0
-8137597.07669338,-4416656.12545538,4410,41875,1397177,-73.1012783,-36.8387625,100,SAN PEDRO DE LA PAZ,1,47793,2021,1397177,REGION BIO BIO,8108,SAN PEDRO DE LA PAZ,PEDRO AGUIRRE CERDA,LOS CANELOS,0,"PEDRO AGUIRRE CERDA & LOS CANELOS, SAN PEDRO DE LA PAZ",CHILE,GEOMETRIC_CENTER,65221,2021,1397177,1,2021/11/02 00:00:00+00,1899/12/30 00:00:00+00,8,REGION BIO BIO,8108,SAN PEDRO DE LA PAZ,33,COLISION POR ALCANCE,30,COLISION,1,URBANA,1,TRAMO DE VIA RECTA,1,IMPRUDENCIA DEL CONDUCTOR,28,CONDUCCION SIN MANTENER DISTANCIA RAZONABLE NI PRUDENTE,0,PEDRO AGUIRRE CERDA,0,LOS CANELOS,LOS CANELOS - PEDRO AGUIRRE CERDA,0, , , , ,2,2,2,BIDIRECCIONAL,1,CONCRETO,1,BUENO,1,SECO,1,DESPEJADO,0,0,0,0,2
-8137597.07669338,-4416656.12545538,4411,41876,1397782,-73.1012783,-36.8387625,100,SAN PEDRO DE LA PAZ,1,51248,2021,1397782,REGION BIO BIO,8108,SAN PEDRO DE LA PAZ,PEDRO AGUIRRE CERDA,LOS CANELOS,0,"PEDRO AGUIRRE CERDA & LOS CANELOS, SAN PEDRO DE LA PAZ",CHILE,GEOMETRIC_CENTER,69722,2021,1397782,1,2021/11/19 00:00:00+00,1899/12/30 00:00:00+00,8,REGION BIO BIO,8108,SAN PEDRO DE LA PAZ,10,ATROPELLO,10,ATROPELLO,1,URBANA,11,CRUCE CON SEMAFORO FUNCIONANDO,13,CAUSAS NO DETERMINADAS,97,CAUSAS NO DETERMINADAS,0,PEDRO AGUIRRE CERDA,0,LOS CANELOS,LOS CANELOS - PEDRO AGUIRRE CERDA,0, , , , ,1,1,2,BIDIRECCIONAL,2,ASFALTO,1,BUENO,1,SECO,1,DESPEJADO,0,1,0,0,1
-8137597.07669338,-4416656.12545538,4412,41877,1407919,-73.1012783,-36.8387625,100,SAN PEDRO DE LA PAZ,1,57512,2021,1407919,REGION BIO BIO,8108,SAN PEDRO DE LA PAZ,PEDRO AGUIRRE CERDA,LOS CANELOS,0,"PEDRO AGUIRRE CERDA & LOS CANELOS, SAN PEDRO DE LA PAZ",CHILE,GEOMETRIC_CENTER,78093,2021,1407919,1,2021/12/21 00:00:00+00,1899/12/30 00:00:00+00,8,REGION BIO BIO,8108,SAN PEDRO DE LA PAZ,70,VOLCADURA,70,VOLCADURA,1,URBANA,11,CRUCE CON SEMAFORO FUNCIONANDO,13,CAUSAS NO DETERMINADAS,97,CAUSAS NO DETERMINADAS,0,PEDRO AGUIRRE CERDA,0,LOS CANELOS,LOS CANELOS - PEDRO AGUIRRE CERDA,0, , , , ,1,1,2,BIDIRECCIONAL,2,ASFALTO,1,BUENO,1,SECO,1,DESPEJADO,0,0,1,0,1
-8136061.21281085,-4416646.11078601,4413,41878,1349162,-73.0874814,-36.8386905,100,SAN PEDRO DE LA PAZ,1,17774,2021,1349162,REGION BIO BIO,8108,SAN PEDRO DE LA PAZ,SAN PEDRO, ,6326,"SAN PEDRO 6326, SAN PEDRO DE LA PAZ",CHILE,RANGE_INTERPOLATED,24472,2021,1349162,1,2021/05/12 00:00:00+00,1899/12/30 00:00:00+00,8,REGION BIO BIO,8108,SAN PEDRO DE LA PAZ,33,COLISION POR ALCANCE,30,COLISION,1,URBANA,1,TRAMO DE VIA RECTA,1,IMPRUDENCIA DEL CONDUCTOR,28,CONDUCCION SIN MANTENER DISTANCIA RAZONABLE NI PRUDENTE,0,SAN PEDRO,0, ,- SAN PEDRO,6326, , , , ,2,2,3,BIDIRECCIONAL CON BANDEJON,2,ASFALTO,1,BUENO,1,SECO,1,DESPEJADO,0,0,0,0,2
-8141323.19608506,-4416644.26085506,4414,41879,1327134,-73.1347506,-36.8386772,100,SAN PEDRO DE LA PAZ,1,2215,2021,1327134,REGION BIO BIO,8108,SAN PEDRO DE LA PAZ,DANIEL BELMAR, ,300,"DANIEL BELMAR 300, SAN PEDRO DE LA PAZ",CHILE,RANGE_INTERPOLATED,3037,2021,1327134,1,2021/01/15 00:00:00+00,1899/12/30 00:00:00+00,8,REGION BIO BIO,8108,SAN PEDRO DE LA PAZ,33,COLISION POR ALCANCE,30,COLISION,1,URBANA,1,TRAMO DE VIA RECTA,1,IMPRUDENCIA DEL CONDUCTOR,28,CONDUCCION SIN MANTENER DISTANCIA RAZONABLE NI PRUDENTE,0,DANIEL BELMAR,0, ,- DANIEL BELMAR,300, , , , ,2,2,2,BIDIRECCIONAL,1,CONCRETO,1,BUENO,1,SECO,1,DESPEJADO,0,1,0,0,1
-8141323.19608506,-4416644.26085506,4415,41880,1408663,-73.1347506,-36.8386772,100,SAN PEDRO DE LA PAZ,1,58743,2021,1408663,REGION BIO BIO,8108,SAN PEDRO DE LA PAZ,DANIEL BELMAR, ,300,"DANIEL BELMAR 300, SAN PEDRO DE LA PAZ",CHILE,RANGE_INTERPOLATED,79831,2021,1408663,1,2021/12/27 00:00:00+00,1899/12/30 00:00:00+00,8,REGION BIO BIO,8108,SAN PEDRO DE LA PAZ,32,COLISION LATERAL,30,COLISION,1,URBANA,1,TRAMO DE VIA RECTA,13,CAUSAS NO DETERMINADAS,97,CAUSAS NO DETERMINADAS,0,DANIEL BELMAR,0, ,- DANIEL BELMAR,300, , , , ,2,2,3,BIDIRECCIONAL CON BANDEJON,1,CONCRETO,1,BUENO,1,SECO,1,DESPEJADO,0,0,0,0,2
-8137727.81030337,-4416640.49144788,4416,41881,1346397,-73.1024527,-36.8386501,100,SAN PEDRO DE LA PAZ,1,14501,2021,1346397,REGION BIO BIO,8108,SAN PEDRO DE LA PAZ,PEDRO AGUIRRE CERDA,LAGUNA GRANDE,0,"PEDRO AGUIRRE CERDA & LAGUNA GRANDE, SAN PEDRO DE LA PAZ",CHILE,GEOMETRIC_CENTER,19990,2021,1346397,1,2021/04/19 00:00:00+00,1899/12/30 00:00:00+00,8,REGION BIO BIO,8108,SAN PEDRO DE LA PAZ,30,COLISION,30,COLISION,1,URBANA,11,CRUCE CON SEMAFORO FUNCIONANDO,13,CAUSAS NO DETERMINADAS,97,CAUSAS NO DETERMINADAS,0,PEDRO AGUIRRE CERDA,0,LAGUNA GRANDE,LAGUNA GRANDE - PEDRO AGUIRRE CERDA,0, , , , ,2,2,2,BIDIRECCIONAL,2,ASFALTO,1,BUENO,1,SECO,1,DESPEJADO,0,0,0,0,3
-8137727.81030337,-4416640.49144788,4417,41882,1346398,-73.1024527,-36.8386501,100,SAN PEDRO DE LA PAZ,1,14681,2021,1346398,REGION BIO BIO,8108,SAN PEDRO DE LA PAZ,PEDRO AGUIRRE CERDA,LAGUNA GRANDE,0,"PEDRO AGUIRRE CERDA & LAGUNA GRANDE, SAN PEDRO DE LA PAZ",CHILE,GEOMETRIC_CENTER,20240,2021,1346398,1,2021/04/20 00:00:00+00,1899/12/30 00:00:00+00,8,REGION BIO BIO,8108,SAN PEDRO DE LA PAZ,30,COLISION,30,COLISION,1,URBANA,11,CRUCE CON SEMAFORO FUNCIONANDO,13,CAUSAS NO DETERMINADAS,97,CAUSAS NO DETERMINADAS,0,PEDRO AGUIRRE CERDA,0,LAGUNA GRANDE,LAGUNA GRANDE - PEDRO AGUIRRE CERDA,0, , , , ,2,2,2,BIDIRECCIONAL,2,ASFALTO,1,BUENO,1,SECO,1,DESPEJADO,0,0,0,0,2
-8137727.81030337,-4416640.49144788,4418,41883,1367269,-73.1024527,-36.8386501,100,SAN PEDRO DE LA PAZ,1,28839,2021,1367269,REGION BIO BIO,8108,SAN PEDRO DE LA PAZ,PEDRO AGUIRRE CERDA,LAGUNA GRANDE,0,"PEDRO AGUIRRE CERDA & LAGUNA GRANDE, SAN PEDRO DE LA PAZ",CHILE,GEOMETRIC_CENTER,39854,2021,1367269,1,2021/07/20 00:00:00+00,1899/12/30 00:00:00+00,8,REGION BIO BIO,8108,SAN PEDRO DE LA PAZ,30,COLISION,30,COLISION,1,URBANA,11,CRUCE CON SEMAFORO FUNCIONANDO,13,CAUSAS NO DETERMINADAS,97,CAUSAS NO DETERMINADAS,0,PEDRO AGUIRRE CERDA,0,LAGUNA GRANDE,LAGUNA GRANDE - PEDRO AGUIRRE CERDA,0, , , , ,2,2,2,BIDIRECCIONAL,2,ASFALTO,1,BUENO,1,SECO,1,DESPEJADO,0,0,0,0,2
-8137727.81030337,-4416640.49144788,4419,41884,1382619,-73.1024527,-36.8386501,100,SAN PEDRO DE LA PAZ,1,39441,2021,1382619,REGION BIO BIO,8108,SAN PEDRO DE LA PAZ,PEDRO AGUIRRE CERDA,LAGUNA GRANDE,0,"PEDRO AGUIRRE CERDA & LAGUNA GRANDE, SAN PEDRO DE LA PAZ",CHILE,GEOMETRIC_CENTER,54161,2021,1382619,1,2021/09/17 00:00:00+00,1899/12/30 00:00:00+00,8,REGION BIO BIO,8108,SAN PEDRO DE LA PAZ,30,COLISION,30,COLISION,1,URBANA,1,TRAMO DE VIA RECTA,13,CAUSAS NO DETERMINADAS,97,CAUSAS NO DETERMINADAS,0,PEDRO AGUIRRE CERDA,0,LAGUNA GRANDE,LAGUNA GRANDE - PEDRO AGUIRRE CERDA,0, , , , ,2,2,2,BIDIRECCIONAL,2,ASFALTO,1,BUENO,1,SECO,1,DESPEJADO,0,0,0,0,2
-8137727.81030337,-4416640.49144788,4420,41885,1404695,-73.1024527,-36.8386501,100,SAN PEDRO DE LA PAZ,1,54697,2021,1404695,REGION BIO BIO,8108,SAN PEDRO DE LA PAZ,PEDRO AGUIRRE CERDA,LOS ACACIOS,0,"PEDRO AGUIRRE CERDA & LOS ACACIOS, SAN PEDRO DE LA PAZ",CHILE,GEOMETRIC_CENTER,74340,2021,1404695,1,2021/12/07 00:00:00+00,1899/12/30 00:00:00+00,8,REGION BIO BIO,8108,SAN PEDRO DE LA PAZ,70,VOLCADURA,70,VOLCADURA,1,URBANA,1,TRAMO DE VIA RECTA,13,CAUSAS NO DETERMINADAS,97,CAUSAS NO DETERMINADAS,0,PEDRO AGUIRRE CERDA,0,LOS ACACIOS,LOS ACACIOS - PEDRO AGUIRRE CERDA,0, , , , ,1,1,2,BIDIRECCIONAL,2,ASFALTO,1,BUENO,1,SECO,1,DESPEJADO,0,0,0,2,0
-8137727.81030337,-4416640.49144788,4421,41886,1405961,-73.1024527,-36.8386501,100,SAN PEDRO DE LA PAZ,1,55976,2021,1405961,REGION BIO BIO,8108,SAN PEDRO DE LA PAZ,PEDRO AGUIRRE CERDA,LOS ACACIOS,0,"PEDRO AGUIRRE CERDA & LOS ACACIOS, SAN PEDRO DE LA PAZ",CHILE,GEOMETRIC_CENTER,76102,2021,1405961,1,2021/12/13 00:00:00+00,1899/12/30 00:00:00+00,8,REGION BIO BIO,8108,SAN PEDRO DE LA PAZ,32,COLISION LATERAL,30,COLISION,1,URBANA,1,TRAMO DE VIA RECTA,1,IMPRUDENCIA DEL CONDUCTOR,11,ADELANTAMIENTO SIN EL ESPACIO O TIEMPO SUFICIENTE,0,PEDRO AGUIRRE CERDA,0,LOS ACACIOS,LOS ACACIOS - PEDRO AGUIRRE CERDA,0, , , , ,2,2,2,BIDIRECCIONAL,1,CONCRETO,1,BUENO,1,SECO,1,DESPEJADO,0,0,0,0,2
-8140964.2241231,-4416635.15029755,4422,41887,1376047,-73.1315259,-36.8386117,100,SAN PEDRO DE LA PAZ,1,35688,2021,1376047,REGION BIO BIO,8108,SAN PEDRO DE LA PAZ,DANIEL BELMAR,EL CERCO,0,"DANIEL BELMAR & EL CERCO, SAN PEDRO DE LA PAZ",CHILE,GEOMETRIC_CENTER,49128,2021,1376047,1,2021/08/28 00:00:00+00,1899/12/30 00:00:00+00,8,REGION BIO BIO,8108,SAN PEDRO DE LA PAZ,51,CHOQUE FRONTAL,40,CHOQUE,1,URBANA,1,TRAMO DE VIA RECTA,4,ALCOHOL EN CONDUCTOR,24,CONDUCCION EN ESTADO DE EBRIEDAD,0,DANIEL BELMAR,0,EL CERCO,DANIEL BELMAR - EL CERCO,0, , , , ,1,1,2,BIDIRECCIONAL,1,CONCRETO,1,BUENO,1,SECO,1,DESPEJADO,0,0,0,0,1
-8140964.2241231,-4416635.15029755,4423,41888,1385965,-73.1315259,-36.8386117,100,SAN PEDRO DE LA PAZ,1,43123,2021,1385965,REGION BIO BIO,8108,SAN PEDRO DE LA PAZ,DANIEL BELMAR,EL CERCO,0,"DANIEL BELMAR & EL CERCO, SAN PEDRO DE LA PAZ",CHILE,GEOMETRIC_CENTER,58985,2021,1385965,1,2021/10/07 00:00:00+00,1899/12/30 00:00:00+00,8,REGION BIO BIO,8108,SAN PEDRO DE LA PAZ,33,COLISION POR ALCANCE,30,COLISION,1,URBANA,1,TRAMO DE VIA RECTA,10,DESOBEDIENCIA A SEÑALIZACION,64,SEÑALIZACION DESOBEDECER SEÑAL CEDA EL PASO,0,DANIEL BELMAR,0,EL CERCO,DANIEL BELMAR - EL CERCO,0, , , , ,2,2,2,BIDIRECCIONAL,1,CONCRETO,1,BUENO,1,SECO,1,DESPEJADO,0,0,0,0,2
-8142434.28705462,-4416621.49143054,4424,41889,1380926,-73.1447317,-36.8385135,100,SAN PEDRO DE LA PAZ,1,36919,2021,1380926,REGION BIO BIO,8108,SAN PEDRO DE LA PAZ,O'CARROL,IRENE MORALES,0,"O'CARROL & IRENE MORALES, SAN PEDRO DE LA PAZ",CHILE,GEOMETRIC_CENTER,50779,2021,1380926,1,2021/09/04 00:00:00+00,1899/12/30 00:00:00+00,8,REGION BIO BIO,8108,SAN PEDRO DE LA PAZ,63,CHOQUE FRENTE/POSTERIOR,40,CHOQUE,1,URBANA,14,CRUCE CON SEÑAL PARE,4,ALCOHOL EN CONDUCTOR,24,CONDUCCION EN ESTADO DE EBRIEDAD,0,O'CARROL,0,IRENE MORALES,IRENE MORALES - O'CARROL,0, , , , ,1,1,2,BIDIRECCIONAL,1,CONCRETO,1,BUENO,1,SECO,1,DESPEJADO,0,2,0,0,1