X,Y,FID,FID_1,LABELID,POINT_X,POINT_Y,FID_2,COMUNAREAL,VAL_COM,OBJECTID,A_O,IDACCIDENT,REGION,COD_COMUN,COMUNA,CALLE_UNO,CALLE_DOS,NUMERO,DIR_GEOCOD,PAIS,TIPO,OBJECTID_1,Año,Idaccide_1,Claseaccid,Fecha,Hora,Cód_Regi,Región,Cód_Comun,Comuna_1,Cód_Tipo_,Tipo_Accid,Cód_Tipo1,Tipo__CONA,Cód_Zona,Zona,Cód_Ubica,Ubicación,Cód_Causa,Causa__CON,Cód_Cau_1,Causa,Cód_Calle,Calle_Un_1,Cód_Cal_1,Calle_Do_1,Intersecci,Número,Ruta,Cód_Ruta,Ubicaci_1,Km_Vía_Fe,Pistas_de_,Pistas_de1,Cód_Calza,Calzada,Cód__Tipo,Tipo_Calza,Cód_Estad,Estado_Cal,Cód_Condi,Condición,Cód_Est_1,Estado_Atm,Fallecidos,Graves,Menos_Grav,Leves,Ilesos
-8138708.86897573,-4416578.62328767,4425,41890,1344455,-73.1112657,-36.8382053,100,SAN PEDRO DE LA PAZ,1,14503,2021,1344455,REGION BIO BIO,8108,SAN PEDRO DE LA PAZ,PEDRO AGUIRRE CERDA,LOS PEUMOS,0,"PEDRO AGUIRRE CERDA & LOS PEUMOS, SAN PEDRO DE LA PAZ",CHILE,GEOMETRIC_CENTER,19992,2021,1344455,1,2021/04/19 00:00:00+00,1899/12/30 00:00:00+00,8,REGION BIO BIO,8108,SAN PEDRO DE LA PAZ,32,COLISION LATERAL,30,COLISION,1,URBANA,1,TRAMO DE VIA RECTA,1,IMPRUDENCIA DEL CONDUCTOR,11,ADELANTAMIENTO SIN EL ESPACIO O TIEMPO SUFICIENTE,0,PEDRO AGUIRRE CERDA,0,LOS PEUMOS,LOS PEUMOS - PEDRO AGUIRRE CERDA,0, , , , ,1,1,2,BIDIRECCIONAL,1,CONCRETO,1,BUENO,1,SECO,1,DESPEJADO,0,0,0,0,2
-8139091.01765567,-4416573.89417152,4426,41891,1357730,-73.1146986,-36.8381713,100,SAN PEDRO DE LA PAZ,1,22319,2021,1357730,REGION BIO BIO,8108,SAN PEDRO DE LA PAZ,LOS AVELLANOS, ,3,"LOS AVELLANOS 3, SAN PEDRO DE LA PAZ",CHILE,RANGE_INTERPOLATED,30755,2021,1357730,1,2021/06/10 00:00:00+00,1899/12/30 00:00:00+00,8,REGION BIO BIO,8108,SAN PEDRO DE LA PAZ,30,COLISION,30,COLISION,1,URBANA,1,TRAMO DE VIA RECTA,13,CAUSAS NO DETERMINADAS,97,CAUSAS NO DETERMINADAS,0,LOS AVELLANOS,0, ,- LOS AVELLANOS,3, , , , ,2,0,1,UNIDIRECCIONAL,2,ASFALTO,1,BUENO,1,SECO,1,DESPEJADO,0,0,0,0,1
-8138307.16146125,-4416571.12624864,4427,41892,1335009,-73.1076571,-36.8381514,100,SAN PEDRO DE LA PAZ,1,7870,2021,1335009,REGION BIO BIO,8108,SAN PEDRO DE LA PAZ,PEDRO AGUIRRE CERDA,LOS CLAVELES,0,"PEDRO AGUIRRE CERDA & LOS CLAVELES, SAN PEDRO DE LA PAZ",CHILE,GEOMETRIC_CENTER,11041,2021,1335009,1,2021/02/26 00:00:00+00,1899/12/30 00:00:00+00,8,REGION BIO BIO,8108,SAN PEDRO DE LA PAZ,63,CHOQUE FRENTE/POSTERIOR,40,CHOQUE,1,URBANA,1,TRAMO DE VIA RECTA,4,ALCOHOL EN CONDUCTOR,24,CONDUCCION EN ESTADO DE EBRIEDAD,0,PEDRO AGUIRRE CERDA,0,LOS CLAVELES,LOS CLAVELES - PEDRO AGUIRRE CERDA,0, , , , ,2,2,3,BIDIRECCIONAL CON BANDEJON,1,CONCRETO,1,BUENO,1,SECO,1,DESPEJADO,0,0,0,0,5
-8138307.16146125,-4416571.12624864,4428,41893,1343943,-73.1076571,-36.8381514,100,SAN PEDRO DE LA PAZ,1,14141,2021,1343943,REGION BIO BIO,8108,SAN PEDRO DE LA PAZ,PEDRO AGUIRRE CERDA,LOS CLAVELES,0,"PEDRO AGUIRRE CERDA & LOS CLAVELES, SAN PEDRO DE LA PAZ",CHILE,GEOMETRIC_CENTER,19523,2021,1343943,1,2021/04/16 00:00:00+00,1899/12/30 00:00:00+00,8,REGION BIO BIO,8108,SAN PEDRO DE LA PAZ,32,COLISION LATERAL,30,COLISION,1,URBANA,1,TRAMO DE VIA RECTA,1,IMPRUDENCIA DEL CONDUCTOR,27,CONDUCCION NO ATENTO CONDICIONES TRANSITO MOMENTO,0,PEDRO AGUIRRE CERDA,0,LOS CLAVELES,LOS CLAVELES - PEDRO AGUIRRE CERDA,0, , , , ,2,0,1,UNIDIRECCIONAL,1,CONCRETO,1,BUENO,1,SECO,1,DESPEJADO,0,0,0,0,2
-8138307.16146125,-4416571.12624864,4429,41894,1346399,-73.1076571,-36.8381514,100,SAN PEDRO DE LA PAZ,1,15240,2021,1346399,REGION BIO BIO,8108,SAN PEDRO DE LA PAZ,PEDRO AGUIRRE CERDA,LOS CLAVELES,0,"PEDRO AGUIRRE CERDA & LOS CLAVELES, SAN PEDRO DE LA PAZ",CHILE,GEOMETRIC_CENTER,21008,2021,1346399,1,2021/04/24 00:00:00+00,1899/12/30 00:00:00+00,8,REGION BIO BIO,8108,SAN PEDRO DE LA PAZ,30,COLISION,30,COLISION,1,URBANA,1,TRAMO DE VIA RECTA,13,CAUSAS NO DETERMINADAS,97,CAUSAS NO DETERMINADAS,0,PEDRO AGUIRRE CERDA,0,LOS CLAVELES,LOS CLAVELES - PEDRO AGUIRRE CERDA,0, , , , ,2,2,2,BIDIRECCIONAL,2,ASFALTO,1,BUENO,1,SECO,1,DESPEJADO,0,0,0,0,1
-8138307.16146125,-4416571.12624864,4430,41895,1351960,-73.1076571,-36.8381514,100,SAN PEDRO DE LA PAZ,1,15663,2021,1351960,REGION BIO BIO,8108,SAN PEDRO DE LA PAZ,PEDRO AGUIRRE CERDA,LOS FRANCISCANOS,0,"PEDRO AGUIRRE CERDA & LOS FRANCISCANOS, SAN PEDRO DE LA PAZ",CHILE,GEOMETRIC_CENTER,21567,2021,1351960,1,2021/04/27 00:00:00+00,1899/12/30 00:00:00+00,8,REGION BIO BIO,8108,SAN PEDRO DE LA PAZ,10,ATROPELLO,10,ATROPELLO,1,URBANA,1,TRAMO DE VIA RECTA,13,CAUSAS NO DETERMINADAS,97,CAUSAS NO DETERMINADAS,0,PEDRO AGUIRRE CERDA,0,LOS FRANCISCANOS,LOS FRANCISCANOS - PEDRO AGUIRRE CERDA,0, , , , ,1,1,2,BIDIRECCIONAL,2,ASFALTO,1,BUENO,2,HUMEDO,3,LLUVIA,0,0,1,0,1
-8138307.16146125,-4416571.12624864,4431,41896,1350660,-73.1076571,-36.8381514,100,SAN PEDRO DE LA PAZ,1,19353,2021,1350660,REGION BIO BIO,8108,SAN PEDRO DE LA PAZ,PEDRO AGUIRRE CERDA,LOS CLAVELES,0,"PEDRO AGUIRRE CERDA & LOS CLAVELES, SAN PEDRO DE LA PAZ",CHILE,GEOMETRIC_CENTER,26622,2021,1350660,1,2021/05/22 00:00:00+00,1899/12/30 00:00:00+00,8,REGION BIO BIO,8108,SAN PEDRO DE LA PAZ,31,COLISION FRONTAL,30,COLISION,1,URBANA,1,TRAMO DE VIA RECTA,1,IMPRUDENCIA DEL CONDUCTOR,29,CONDUCCION CAMBIAR SORPRESIVAMENTE PISTA CIRCULACION,0,PEDRO AGUIRRE CERDA,0,LOS CLAVELES,LOS CLAVELES - PEDRO AGUIRRE CERDA,0, , , , ,1,1,2,BIDIRECCIONAL,1,CONCRETO,1,BUENO,1,SECO,1,DESPEJADO,1,0,0,0,1
-8138307.16146125,-4416571.12624864,4432,41897,1359359,-73.1076571,-36.8381514,100,SAN PEDRO DE LA PAZ,1,24628,2021,1359359,REGION BIO BIO,8108,SAN PEDRO DE LA PAZ,PEDRO AGUIRRE CERDA,LAS GARZAS,0,"PEDRO AGUIRRE CERDA & LAS GARZAS, SAN PEDRO DE LA PAZ",CHILE,GEOMETRIC_CENTER,33949,2021,1359359,1,2021/06/25 00:00:00+00,1899/12/30 00:00:00+00,8,REGION BIO BIO,8108,SAN PEDRO DE LA PAZ,33,COLISION POR ALCANCE,30,COLISION,1,URBANA,1,TRAMO DE VIA RECTA,1,IMPRUDENCIA DEL CONDUCTOR,27,CONDUCCION NO ATENTO CONDICIONES TRANSITO MOMENTO,0,PEDRO AGUIRRE CERDA,0,LAS GARZAS,LAS GARZAS - PEDRO AGUIRRE CERDA,0, , , , ,1,1,2,BIDIRECCIONAL,1,CONCRETO,1,BUENO,1,SECO,1,DESPEJADO,0,0,0,1,1
-8138307.16146125,-4416571.12624864,4433,41898,1381913,-73.1076571,-36.8381514,100,SAN PEDRO DE LA PAZ,1,40734,2021,1381913,REGION BIO BIO,8108,SAN PEDRO DE LA PAZ,PEDRO AGUIRRE CERDA,MICHAIHUE,0,"PEDRO AGUIRRE CERDA & MICHAIHUE, SAN PEDRO DE LA PAZ",CHILE,GEOMETRIC_CENTER,55901,2021,1381913,1,2021/09/25 00:00:00+00,1899/12/30 00:00:00+00,8,REGION BIO BIO,8108,SAN PEDRO DE LA PAZ,63,CHOQUE FRENTE/POSTERIOR,40,CHOQUE,1,URBANA,11,CRUCE CON SEMAFORO FUNCIONANDO,1,IMPRUDENCIA DEL CONDUCTOR,27,CONDUCCION NO ATENTO CONDICIONES TRANSITO MOMENTO,0,PEDRO AGUIRRE CERDA,0,MICHAIHUE,MICHAIHUE - PEDRO AGUIRRE CERDA,0, , , , ,2,2,3,BIDIRECCIONAL CON BANDEJON,1,CONCRETO,1,BUENO,1,SECO,1,DESPEJADO,0,0,0,0,2
-8138861.94440752,-4416568.26096238,4434,41899,1367267,-73.1126408,-36.8381308,100,SAN PEDRO DE LA PAZ,1,28483,2021,1367267,REGION BIO BIO,8108,SAN PEDRO DE LA PAZ,PEDRO AGUIRRE CERDA,LOS BATROS,0,"PEDRO AGUIRRE CERDA & LOS BATROS, SAN PEDRO DE LA PAZ",CHILE,GEOMETRIC_CENTER,39354,2021,1367267,1,2021/07/18 00:00:00+00,1899/12/30 00:00:00+00,8,REGION BIO BIO,8108,SAN PEDRO DE LA PAZ,30,COLISION,30,COLISION,1,URBANA,11,CRUCE CON SEMAFORO FUNCIONANDO,13,CAUSAS NO DETERMINADAS,97,CAUSAS NO DETERMINADAS,0,PEDRO AGUIRRE CERDA,0,LOS BATROS,LOS BATROS - PEDRO AGUIRRE CERDA,0, , , , ,2,2,2,BIDIRECCIONAL,2,ASFALTO,1,BUENO,1,SECO,1,DESPEJADO,0,0,0,0,1
-8138969.1562091,-4416561.13947757,4435,41900,1401581,-73.1136039,-36.8380796,100,SAN PEDRO DE LA PAZ,1,54073,2021,1401581,REGION BIO BIO,8108,SAN PEDRO DE LA PAZ,PEDRO AGUIRRE CERDA, ,1843,"PEDRO AGUIRRE CERDA 1843, SAN PEDRO DE LA PAZ",CHILE,RANGE_INTERPOLATED,73479,2021,1401581,1,2021/12/04 00:00:00+00,1899/12/30 00:00:00+00,8,REGION BIO BIO,8108,SAN PEDRO DE LA PAZ,63,CHOQUE FRENTE/POSTERIOR,40,CHOQUE,1,URBANA,11,CRUCE CON SEMAFORO FUNCIONANDO,8,DROGAS Y/O FATIGA EN CONDUCTOR,25,"CONDICIONES FISICAS DEFICIENTES (CANSANCIO, SUEÑO)",0,PEDRO AGUIRRE CERDA,0, ,- PEDRO AGUIRRE CERDA,1843, , , , ,2,2,3,BIDIRECCIONAL CON BANDEJON,2,ASFALTO,1,BUENO,1,SECO,2,NUBLADO,0,0,0,2,0
-8139006.32578708,-4416558.77492312,4436,41901,1397776,-73.1139378,-36.8380626,100,SAN PEDRO DE LA PAZ,1,48087,2021,1397776,REGION BIO BIO,8108,SAN PEDRO DE LA PAZ,PEDRO AGUIRRE CERDA,JUAN GOMEZ DE VIDAURRE,0,"PEDRO AGUIRRE CERDA & JUAN GOMEZ DE VIDAURRE, SAN PEDRO DE LA PAZ",CHILE,GEOMETRIC_CENTER,65598,2021,1397776,1,2021/11/03 00:00:00+00,1899/12/30 00:00:00+00,8,REGION BIO BIO,8108,SAN PEDRO DE LA PAZ,30,COLISION,30,COLISION,1,URBANA,1,TRAMO DE VIA RECTA,13,CAUSAS NO DETERMINADAS,97,CAUSAS NO DETERMINADAS,0,PEDRO AGUIRRE CERDA,0,JUAN GOMEZ DE VIDAURRE,JUAN GOMEZ DE VIDAURRE - PEDRO AGUIRRE CERDA,0, , , , ,1,1,2,BIDIRECCIONAL,2,ASFALTO,1,BUENO,1,SECO,1,DESPEJADO,0,1,0,0,1
-8139165.83548543,-4416550.83280584,4437,41902,1340611,-73.1153707,-36.8380055,100,SAN PEDRO DE LA PAZ,1,11584,2021,1340611,REGION BIO BIO,8108,SAN PEDRO DE LA PAZ,PEDRO AGUIRRE CERDA,LOS AVELLANOS,0,"PEDRO AGUIRRE CERDA & LOS AVELLANOS, SAN PEDRO DE LA PAZ",CHILE,GEOMETRIC_CENTER,16045,2021,1340611,1,2021/03/23 00:00:00+00,1899/12/30 00:00:00+00,8,REGION BIO BIO,8108,SAN PEDRO DE LA PAZ,30,COLISION,30,COLISION,1,URBANA,11,CRUCE CON SEMAFORO FUNCIONANDO,13,CAUSAS NO DETERMINADAS,97,CAUSAS NO DETERMINADAS,0,PEDRO AGUIRRE CERDA,0,LOS AVELLANOS,LOS AVELLANOS - PEDRO AGUIRRE CERDA,0, , , , ,1,1,2,BIDIRECCIONAL,2,ASFALTO,1,BUENO,1,SECO,1,DESPEJADO,0,1,0,0,2
-8139165.83548543,-4416550.83280584,4438,41903,1340858,-73.1153707,-36.8380055,100,SAN PEDRO DE LA PAZ,1,11858,2021,1340858,REGION BIO BIO,8108,SAN PEDRO DE LA PAZ,PEDRO AGUIRRE CERDA,LOS AVELLANOS,0,"PEDRO AGUIRRE CERDA & LOS AVELLANOS, SAN PEDRO DE LA PAZ",CHILE,GEOMETRIC_CENTER,16414,2021,1340858,1,2021/03/26 00:00:00+00,1899/12/30 00:00:00+00,8,REGION BIO BIO,8108,SAN PEDRO DE LA PAZ,53,CHOQUE POSTERIOR,40,CHOQUE,1,URBANA,1,TRAMO DE VIA RECTA,1,IMPRUDENCIA DEL CONDUCTOR,27,CONDUCCION NO ATENTO CONDICIONES TRANSITO MOMENTO,0,PEDRO AGUIRRE CERDA,0,LOS AVELLANOS,LOS AVELLANOS - PEDRO AGUIRRE CERDA,0, , , , ,2,2,2,BIDIRECCIONAL,2,ASFALTO,1,BUENO,1,SECO,1,DESPEJADO,0,0,0,0,2
-8139165.83548543,-4416550.83280584,4439,41904,1344067,-73.1153707,-36.8380055,100,SAN PEDRO DE LA PAZ,1,13739,2021,1344067,REGION BIO BIO,8108,SAN PEDRO DE LA PAZ,PEDRO AGUIRRE CERDA,LOS AVELLANOS,0,"PEDRO AGUIRRE CERDA & LOS AVELLANOS, SAN PEDRO DE LA PAZ",CHILE,GEOMETRIC_CENTER,18987,2021,1344067,1,2021/04/12 00:00:00+00,1899/12/30 00:00:00+00,8,REGION BIO BIO,8108,SAN PEDRO DE LA PAZ,10,ATROPELLO,10,ATROPELLO,1,URBANA,11,CRUCE CON SEMAFORO FUNCIONANDO,10,DESOBEDIENCIA A SEÑALIZACION,62,SEÑALIZACION DESOBEDECER LUZ ROJA DE SEMAFORO,0,PEDRO AGUIRRE CERDA,0,LOS AVELLANOS,LOS AVELLANOS - PEDRO AGUIRRE CERDA,0, , , , ,1,1,2,BIDIRECCIONAL,1,CONCRETO,1,BUENO,1,SECO,1,DESPEJADO,1,0,0,0,1
-8139165.83548543,-4416550.83280584,4440,41905,1367614,-73.1153707,-36.8380055,100,SAN PEDRO DE LA PAZ,1,30872,2021,1367614,REGION BIO BIO,8108,SAN PEDRO DE LA PAZ,PEDRO AGUIRRE CERDA,LOS AVELLANOS,0,"PEDRO AGUIRRE CERDA & LOS AVELLANOS, SAN PEDRO DE LA PAZ",CHILE,GEOMETRIC_CENTER,42685,2021,1367614,1,2021/08/01 00:00:00+00,1899/12/30 00:00:00+00,8,REGION BIO BIO,8108,SAN PEDRO DE LA PAZ,51,CHOQUE FRONTAL,40,CHOQUE,1,URBANA,1,TRAMO DE VIA RECTA,7,VELOCIDAD IMPRUDENTE,72,VELOCIDAD NO RAZONABLE NI PRUDENTE,0,PEDRO AGUIRRE CERDA,0,LOS AVELLANOS,LOS AVELLANOS - PEDRO AGUIRRE CERDA,0, , , , ,2,2,3,BIDIRECCIONAL CON BANDEJON,2,ASFALTO,1,BUENO,1,SECO,1,DESPEJADO,1,0,0,1,0
-8139165.83548543,-4416550.83280584,4441,41906,1375247,-73.1153707,-36.8380055,100,SAN PEDRO DE LA PAZ,1,35202,2021,1375247,REGION BIO BIO,8108,SAN PEDRO DE LA PAZ,PEDRO AGUIRRE CERDA,LOS AVELLANOS,0,"PEDRO AGUIRRE CERDA & LOS AVELLANOS, SAN PEDRO DE LA PAZ",CHILE,GEOMETRIC_CENTER,48497,2021,1375247,1,2021/08/25 00:00:00+00,1899/12/30 00:00:00+00,8,REGION BIO BIO,8108,SAN PEDRO DE LA PAZ,30,COLISION,30,COLISION,1,URBANA,11,CRUCE CON SEMAFORO FUNCIONANDO,13,CAUSAS NO DETERMINADAS,97,CAUSAS NO DETERMINADAS,0,PEDRO AGUIRRE CERDA,0,LOS AVELLANOS,LOS AVELLANOS - PEDRO AGUIRRE CERDA,0, , , , ,2,2,2,BIDIRECCIONAL,2,ASFALTO,1,BUENO,3,MOJADO,4,LLOVIZNA,0,1,0,0,1
-8139165.83548543,-4416550.83280584,4442,41907,1396731,-73.1153707,-36.8380055,100,SAN PEDRO DE LA PAZ,1,47995,2021,1396731,REGION BIO BIO,8108,SAN PEDRO DE LA PAZ,PEDRO AGUIRRE CERDA,LOS AVELLANOS,0,"PEDRO AGUIRRE CERDA & LOS AVELLANOS, SAN PEDRO DE LA PAZ",CHILE,GEOMETRIC_CENTER,65477,2021,1396731,1,2021/11/03 00:00:00+00,1899/12/30 00:00:00+00,8,REGION BIO BIO,8108,SAN PEDRO DE LA PAZ,30,COLISION,30,COLISION,1,URBANA,1,TRAMO DE VIA RECTA,13,CAUSAS NO DETERMINADAS,97,CAUSAS NO DETERMINADAS,0,PEDRO AGUIRRE CERDA,0,LOS AVELLANOS,LOS AVELLANOS - PEDRO AGUIRRE CERDA,0, , , , ,1,1,2,BIDIRECCIONAL,2,ASFALTO,1,BUENO,1,SECO,1,DESPEJADO,0,0,0,0,2
-8139165.83548543,-4416550.83280584,4443,41908,1400151,-73.1153707,-36.8380055,100,SAN PEDRO DE LA PAZ,1,52051,2021,1400151,REGION BIO BIO,8108,SAN PEDRO DE LA PAZ,PEDRO AGUIRRE CERDA,LOS AVELLANOS,0,"PEDRO AGUIRRE CERDA & LOS AVELLANOS, SAN PEDRO DE LA PAZ",CHILE,GEOMETRIC_CENTER,70780,2021,1400151,1,2021/11/23 00:00:00+00,1899/12/30 00:00:00+00,8,REGION BIO BIO,8108,SAN PEDRO DE LA PAZ,67,CHOQUE POSTERIOR/FRENTE,40,CHOQUE,1,URBANA,11,CRUCE CON SEMAFORO FUNCIONANDO,13,CAUSAS NO DETERMINADAS,97,CAUSAS NO DETERMINADAS,0,PEDRO AGUIRRE CERDA,0,LOS AVELLANOS,LOS AVELLANOS - PEDRO AGUIRRE CERDA,0, , , , ,2,0,1,UNIDIRECCIONAL,2,ASFALTO,1,BUENO,1,SECO,1,DESPEJADO,0,0,0,0,2
-8139165.83548543,-4416550.83280584,4444,41909,1403298,-73.1153707,-36.8380055,100,SAN PEDRO DE LA PAZ,1,54390,2021,1403298,REGION BIO BIO,8108,SAN PEDRO DE LA PAZ,PEDRO AGUIRRE CERDA,LOS AVELLANOS,0,"PEDRO AGUIRRE CERDA & LOS AVELLANOS, SAN PEDRO DE LA PAZ",CHILE,GEOMETRIC_CENTER,73913,2021,1403298,1,2021/12/05 00:00:00+00,1899/12/30 00:00:00+00,8,REGION BIO BIO,8108,SAN PEDRO DE LA PAZ,67,CHOQUE POSTERIOR/FRENTE,40,CHOQUE,1,URBANA,11,CRUCE CON SEMAFORO FUNCIONANDO,1,IMPRUDENCIA DEL CONDUCTOR,27,CONDUCCION NO ATENTO CONDICIONES TRANSITO MOMENTO,0,PEDRO AGUIRRE CERDA,0,LOS AVELLANOS,LOS AVELLANOS - PEDRO AGUIRRE CERDA,0, , , , ,2,0,1,UNIDIRECCIONAL,2,ASFALTO,1,BUENO,1,SECO,1,DESPEJADO,0,0,0,1,4
-8139165.83548543,-4416550.83280584,4445,41910,1403299,-73.1153707,-36.8380055,100,SAN PEDRO DE LA PAZ,1,54705,2021,1403299,REGION BIO BIO,8108,SAN PEDRO DE LA PAZ,PEDRO AGUIRRE CERDA,LOS AVELLANOS,0,"PEDRO AGUIRRE CERDA & LOS AVELLANOS, SAN PEDRO DE LA PAZ",CHILE,GEOMETRIC_CENTER,74352,2021,1403299,1,2021/12/07 00:00:00+00,1899/12/30 00:00:00+00,8,REGION BIO BIO,8108,SAN PEDRO DE LA PAZ,61,CHOQUE FRENTE/FRENTE,40,CHOQUE,1,URBANA,1,TRAMO DE VIA RECTA,13,CAUSAS NO DETERMINADAS,97,CAUSAS NO DETERMINADAS,0,PEDRO AGUIRRE CERDA,0,LOS AVELLANOS,LOS AVELLANOS - PEDRO AGUIRRE CERDA,0, , , , ,1,1,2,BIDIRECCIONAL,2,ASFALTO,1,BUENO,1,SECO,1,DESPEJADO,0,4,0,7,1
-8139500.81809713,-4416545.61688266,4446,41911,1359202,-73.1183799,-36.837968,100,SAN PEDRO DE LA PAZ,1,23490,2021,1359202,REGION BIO BIO,8108,SAN PEDRO DE LA PAZ,PEDRO AGUIRRE CERDA, ,2155,"PEDRO AGUIRRE CERDA 2155, SAN PEDRO DE LA PAZ",CHILE,RANGE_INTERPOLATED,32368,2021,1359202,1,2021/06/17 00:00:00+00,1899/12/30 00:00:00+00,8,REGION BIO BIO,8108,SAN PEDRO DE LA PAZ,67,CHOQUE POSTERIOR/FRENTE,40,CHOQUE,1,URBANA,11,CRUCE CON SEMAFORO FUNCIONANDO,13,CAUSAS NO DETERMINADAS,97,CAUSAS NO DETERMINADAS,0,PEDRO AGUIRRE CERDA,0, ,- PEDRO AGUIRRE CERDA,2155, , , , ,2,2,2,BIDIRECCIONAL,2,ASFALTO,1,BUENO,1,SECO,2,NUBLADO,0,0,0,0,1
-8139500.81809713,-4416545.61688266,4447,41912,1368602,-73.1183799,-36.837968,100,SAN PEDRO DE LA PAZ,1,28330,2021,1368602,REGION BIO BIO,8108,SAN PEDRO DE LA PAZ,PEDRO AGUIRRE CERDA, ,2155,"PEDRO AGUIRRE CERDA 2155, SAN PEDRO DE LA PAZ",CHILE,RANGE_INTERPOLATED,39136,2021,1368602,1,2021/07/17 00:00:00+00,1899/12/30 00:00:00+00,8,REGION BIO BIO,8108,SAN PEDRO DE LA PAZ,99,OTRO TIPO,99,OTRO TIPO,1,URBANA,1,TRAMO DE VIA RECTA,4,ALCOHOL EN CONDUCTOR,24,CONDUCCION EN ESTADO DE EBRIEDAD,0,PEDRO AGUIRRE CERDA,0, ,- PEDRO AGUIRRE CERDA,2155, , , , ,3,3,3,BIDIRECCIONAL CON BANDEJON,2,ASFALTO,1,BUENO,1,SECO,1,DESPEJADO,0,0,0,0,1
-8139500.81809713,-4416545.61688266,4448,41913,1378396,-73.1183799,-36.837968,100,SAN PEDRO DE LA PAZ,1,31053,2021,1378396,REGION BIO BIO,8108,SAN PEDRO DE LA PAZ,PEDRO AGUIRRE CERDA, ,2155,"PEDRO AGUIRRE CERDA 2155, SAN PEDRO DE LA PAZ",CHILE,RANGE_INTERPOLATED,42920,2021,1378396,1,2021/08/02 00:00:00+00,1899/12/30 00:00:00+00,8,REGION BIO BIO,8108,SAN PEDRO DE LA PAZ,10,ATROPELLO,10,ATROPELLO,1,URBANA,11,CRUCE CON SEMAFORO FUNCIONANDO,13,CAUSAS NO DETERMINADAS,97,CAUSAS NO DETERMINADAS,0,PEDRO AGUIRRE CERDA,0, ,- PEDRO AGUIRRE CERDA,2155, , , , ,2,2,2,BIDIRECCIONAL,2,ASFALTO,1,BUENO,1,SECO,1,DESPEJADO,0,0,0,1,0
-8139500.81809713,-4416545.61688266,4449,41914,1375248,-73.1183799,-36.837968,100,SAN PEDRO DE LA PAZ,1,35632,2021,1375248,REGION BIO BIO,8108,SAN PEDRO DE LA PAZ,PEDRO AGUIRRE CERDA, ,2155,"PEDRO AGUIRRE CERDA 2155, SAN PEDRO DE LA PAZ",CHILE,RANGE_INTERPOLATED,49052,2021,1375248,1,2021/08/27 00:00:00+00,1899/12/30 00:00:00+00,8,REGION BIO BIO,8108,SAN PEDRO DE LA PAZ,30,COLISION,30,COLISION,1,URBANA,1,TRAMO DE VIA RECTA,13,CAUSAS NO DETERMINADAS,97,CAUSAS NO DETERMINADAS,0,PEDRO AGUIRRE CERDA,0, ,- PEDRO AGUIRRE CERDA,2155, , , , ,2,2,2,BIDIRECCIONAL,2,ASFALTO,1,BUENO,1,SECO,1,DESPEJADO,0,0,0,0,2
-8139500.81809713,-4416545.61688266,4450,41915,1391236,-73.1183799,-36.837968,100,SAN PEDRO DE LA PAZ,1,47341,2021,1391236,REGION BIO BIO,8108,SAN PEDRO DE LA PAZ,PEDRO AGUIRRE CERDA, ,2155,"PEDRO AGUIRRE CERDA 2155, SAN PEDRO DE LA PAZ",CHILE,RANGE_INTERPOLATED,64580,2021,1391236,1,2021/10/30 00:00:00+00,1899/12/30 00:00:00+00,8,REGION BIO BIO,8108,SAN PEDRO DE LA PAZ,69,CHOQUE POSTERIOR/POSTERIOR,40,CHOQUE,1,URBANA,11,CRUCE CON SEMAFORO FUNCIONANDO,13,CAUSAS NO DETERMINADAS,97,CAUSAS NO DETERMINADAS,0,PEDRO AGUIRRE CERDA,0, ,- PEDRO AGUIRRE CERDA,2155, , , , ,2,2,2,BIDIRECCIONAL,2,ASFALTO,1,BUENO,1,SECO,1,DESPEJADO,0,0,0,0,2
-8139500.81809713,-4416545.61688266,4451,41916,1406782,-73.1183799,-36.837968,100,SAN PEDRO DE LA PAZ,1,54653,2021,1406782,REGION BIO BIO,8108,SAN PEDRO DE LA PAZ,PEDRO AGUIRRE CERDA, ,2155,"PEDRO AGUIRRE CERDA 2155, SAN PEDRO DE LA PAZ",CHILE,RANGE_INTERPOLATED,74276,2021,1406782,1,2021/12/07 00:00:00+00,1899/12/30 00:00:00+00,8,REGION BIO BIO,8108,SAN PEDRO DE LA PAZ,30,COLISION,30,COLISION,1,URBANA,1,TRAMO DE VIA RECTA,13,CAUSAS NO DETERMINADAS,97,CAUSAS NO DETERMINADAS,0,PEDRO AGUIRRE CERDA,0, ,- PEDRO AGUIRRE CERDA,2155, , , , ,2,0,1,UNIDIRECCIONAL,2,ASFALTO,1,BUENO,1,SECO,1,DESPEJADO,0,0,0,0,1
-8139500.81809713,-4416545.61688266,4452,41917,1407914,-73.1183799,-36.837968,100,SAN PEDRO DE LA PAZ,1,57434,2021,1407914,REGION BIO BIO,8108,SAN PEDRO DE LA PAZ,PEDRO AGUIRRE CERDA, ,2155,"PEDRO AGUIRRE CERDA 2155, SAN PEDRO DE LA PAZ",CHILE,RANGE_INTERPOLATED,77990,2021,1407914,1,2021/12/20 00:00:00+00,1899/12/30 00:00:00+00,8,REGION BIO BIO,8108,SAN PEDRO DE LA PAZ,64,CHOQUE LADO/FRENTE,40,CHOQUE,1,URBANA,11,CRUCE CON SEMAFORO FUNCIONANDO,13,CAUSAS NO DETERMINADAS,97,CAUSAS NO DETERMINADAS,0,PEDRO AGUIRRE CERDA,0, ,- PEDRO AGUIRRE CERDA,2155, , , , ,3,0,1,UNIDIRECCIONAL,2,ASFALTO,1,BUENO,1,SECO,1,DESPEJADO,0,0,0,0,1