X,Y,FID,FID_1,LABELID,POINT_X,POINT_Y,FID_2,COMUNAREAL,VAL_COM,OBJECTID,A_O,IDACCIDENT,REGION,COD_COMUN,COMUNA,CALLE_UNO,CALLE_DOS,NUMERO,DIR_GEOCOD,PAIS,TIPO,OBJECTID_1,Año,Idaccide_1,Claseaccid,Fecha,Hora,Cód_Regi,Región,Cód_Comun,Comuna_1,Cód_Tipo_,Tipo_Accid,Cód_Tipo1,Tipo__CONA,Cód_Zona,Zona,Cód_Ubica,Ubicación,Cód_Causa,Causa__CON,Cód_Cau_1,Causa,Cód_Calle,Calle_Un_1,Cód_Cal_1,Calle_Do_1,Intersecci,Número,Ruta,Cód_Ruta,Ubicaci_1,Km_Vía_Fe,Pistas_de_,Pistas_de1,Cód_Calza,Calzada,Cód__Tipo,Tipo_Calza,Cód_Estad,Estado_Cal,Cód_Condi,Condición,Cód_Est_1,Estado_Atm,Fallecidos,Graves,Menos_Grav,Leves,Ilesos
-8139500.81809713,-4416545.61688266,4453,41918,1409199,-73.1183799,-36.837968,100,SAN PEDRO DE LA PAZ,1,59399,2021,1409199,REGION BIO BIO,8108,SAN PEDRO DE LA PAZ,PEDRO AGUIRRE CERDA, ,2155,"PEDRO AGUIRRE CERDA 2155, SAN PEDRO DE LA PAZ",CHILE,RANGE_INTERPOLATED,80708,2021,1409199,1,2021/12/31 00:00:00+00,1899/12/30 00:00:00+00,8,REGION BIO BIO,8108,SAN PEDRO DE LA PAZ,30,COLISION,30,COLISION,1,URBANA,1,TRAMO DE VIA RECTA,13,CAUSAS NO DETERMINADAS,97,CAUSAS NO DETERMINADAS,0,PEDRO AGUIRRE CERDA,0, ,- PEDRO AGUIRRE CERDA,2155, , , , ,3,0,1,UNIDIRECCIONAL,2,ASFALTO,1,BUENO,1,SECO,1,DESPEJADO,0,0,0,0,2
-8139315.09265869,-4416542.12569284,4454,41919,1391218,-73.1167115,-36.8379429,100,SAN PEDRO DE LA PAZ,1,42350,2021,1391218,REGION BIO BIO,8108,SAN PEDRO DE LA PAZ,PEDRO AGUIRRE CERDA,LOS NARANJOS,0,"PEDRO AGUIRRE CERDA & LOS NARANJOS, SAN PEDRO DE LA PAZ",CHILE,GEOMETRIC_CENTER,58026,2021,1391218,1,2021/10/03 00:00:00+00,1899/12/30 00:00:00+00,8,REGION BIO BIO,8108,SAN PEDRO DE LA PAZ,30,COLISION,30,COLISION,1,URBANA,14,CRUCE CON SEÑAL PARE,13,CAUSAS NO DETERMINADAS,97,CAUSAS NO DETERMINADAS,0,PEDRO AGUIRRE CERDA,0,LOS NARANJOS,LOS NARANJOS - PEDRO AGUIRRE CERDA,0, , , , ,2,2,3,BIDIRECCIONAL CON BANDEJON,2,ASFALTO,1,BUENO,1,SECO,1,DESPEJADO,0,0,0,0,1
-8136108.9688724,-4416536.49250052,4455,41920,1329071,-73.0879104,-36.8379024,100,SAN PEDRO DE LA PAZ,1,3331,2021,1329071,REGION BIO BIO,8108,SAN PEDRO DE LA PAZ,I??ªIGO GARCIA, ,795,"I??ªIGO GARCIA 795, SAN PEDRO DE LA PAZ",CHILE,RANGE_INTERPOLATED,4576,2021,1329071,1,2021/01/23 00:00:00+00,1899/12/30 00:00:00+00,8,REGION BIO BIO,8108,SAN PEDRO DE LA PAZ,30,COLISION,30,COLISION,1,URBANA,1,TRAMO DE VIA RECTA,4,ALCOHOL EN CONDUCTOR,24,CONDUCCION EN ESTADO DE EBRIEDAD,0,IÑIGO GARCIA,0, ,- IÑIGO GARCIA,795, , , , ,1,1,2,BIDIRECCIONAL,1,CONCRETO,1,BUENO,1,SECO,1,DESPEJADO,0,0,0,0,2
-8139397.19078315,-4416535.6996811,4456,41921,1345771,-73.117449,-36.8378967,100,SAN PEDRO DE LA PAZ,1,15036,2021,1345771,REGION BIO BIO,8108,SAN PEDRO DE LA PAZ,PEDRO AGUIRRE CERDA,PASAJE NOVENTA,0,"PEDRO AGUIRRE CERDA & PASAJE NOVENTA, SAN PEDRO DE LA PAZ",CHILE,GEOMETRIC_CENTER,20729,2021,1345771,1,2021/04/22 00:00:00+00,1899/12/30 00:00:00+00,8,REGION BIO BIO,8108,SAN PEDRO DE LA PAZ,32,COLISION LATERAL,30,COLISION,1,URBANA,1,TRAMO DE VIA RECTA,1,IMPRUDENCIA DEL CONDUCTOR,27,CONDUCCION NO ATENTO CONDICIONES TRANSITO MOMENTO,0,PEDRO AGUIRRE CERDA,0,PASAJE NOVENTA,PASAJE NOVENTA - PEDRO AGUIRRE CERDA,0, , , , ,1,1,2,BIDIRECCIONAL,1,CONCRETO,1,BUENO,1,SECO,1,DESPEJADO,0,0,0,0,1
-8141230.83430355,-4416512.04030771,4457,41922,1333495,-73.1339209,-36.8377266,100,SAN PEDRO DE LA PAZ,1,6995,2021,1333495,REGION BIO BIO,8108,SAN PEDRO DE LA PAZ,SEGUNDA LONGITUDINAL,DANIEL BELMAR,0,"SEGUNDA LONGITUDINAL & DANIEL BELMAR, SAN PEDRO DE LA PAZ",CHILE,GEOMETRIC_CENTER,9799,2021,1333495,1,2021/02/20 00:00:00+00,1899/12/30 00:00:00+00,8,REGION BIO BIO,8108,SAN PEDRO DE LA PAZ,31,COLISION FRONTAL,30,COLISION,1,URBANA,1,TRAMO DE VIA RECTA,1,IMPRUDENCIA DEL CONDUCTOR,23,CONDUCCION CONTRA SENTIDO DEL TRANSITO,0,SEGUNDA LONGITUDINAL,0,DANIEL BELMAR,DANIEL BELMAR - SEGUNDA LONGITUDINAL,0, , , , ,2,2,2,BIDIRECCIONAL,2,ASFALTO,1,BUENO,1,SECO,1,DESPEJADO,0,0,0,0,1
-8141230.83430355,-4416512.04030771,4458,41923,1337427,-73.1339209,-36.8377266,100,SAN PEDRO DE LA PAZ,1,9653,2021,1337427,REGION BIO BIO,8108,SAN PEDRO DE LA PAZ,SEGUNDA LONGITUDINAL,DANIEL BELMAR,0,"SEGUNDA LONGITUDINAL & DANIEL BELMAR, SAN PEDRO DE LA PAZ",CHILE,GEOMETRIC_CENTER,13453,2021,1337427,1,2021/03/10 00:00:00+00,1899/12/30 00:00:00+00,8,REGION BIO BIO,8108,SAN PEDRO DE LA PAZ,32,COLISION LATERAL,30,COLISION,1,URBANA,14,CRUCE CON SEÑAL PARE,1,IMPRUDENCIA DEL CONDUCTOR,27,CONDUCCION NO ATENTO CONDICIONES TRANSITO MOMENTO,0,SEGUNDA LONGITUDINAL,0,DANIEL BELMAR,DANIEL BELMAR - SEGUNDA LONGITUDINAL,0, , , , ,1,1,2,BIDIRECCIONAL,1,CONCRETO,1,BUENO,1,SECO,1,DESPEJADO,0,0,0,2,0
-8141230.83430355,-4416512.04030771,4459,41924,1368333,-73.1339209,-36.8377266,100,SAN PEDRO DE LA PAZ,1,26868,2021,1368333,REGION BIO BIO,8108,SAN PEDRO DE LA PAZ,DANIEL BELMAR,SEGUNDA LONGITUDINAL,0,"DANIEL BELMAR & SEGUNDA LONGITUDINAL, SAN PEDRO DE LA PAZ",CHILE,GEOMETRIC_CENTER,37058,2021,1368333,1,2021/07/09 00:00:00+00,1899/12/30 00:00:00+00,8,REGION BIO BIO,8108,SAN PEDRO DE LA PAZ,32,COLISION LATERAL,30,COLISION,1,URBANA,14,CRUCE CON SEÑAL PARE,1,IMPRUDENCIA DEL CONDUCTOR,27,CONDUCCION NO ATENTO CONDICIONES TRANSITO MOMENTO,0,DANIEL BELMAR,0,SEGUNDA LONGITUDINAL,DANIEL BELMAR - SEGUNDA LONGITUDINAL,0, , , , ,1,1,2,BIDIRECCIONAL,1,CONCRETO,1,BUENO,1,SECO,1,DESPEJADO,0,0,0,0,1
-8141230.83430355,-4416512.04030771,4460,41925,1368225,-73.1339209,-36.8377266,100,SAN PEDRO DE LA PAZ,1,29125,2021,1368225,REGION BIO BIO,8108,SAN PEDRO DE LA PAZ,DANIEL BELMAR,SEGUNDA LONGITUDINAL,0,"DANIEL BELMAR & SEGUNDA LONGITUDINAL, SAN PEDRO DE LA PAZ",CHILE,GEOMETRIC_CENTER,40262,2021,1368225,1,2021/07/22 00:00:00+00,1899/12/30 00:00:00+00,8,REGION BIO BIO,8108,SAN PEDRO DE LA PAZ,32,COLISION LATERAL,30,COLISION,1,URBANA,14,CRUCE CON SEÑAL PARE,1,IMPRUDENCIA DEL CONDUCTOR,27,CONDUCCION NO ATENTO CONDICIONES TRANSITO MOMENTO,0,DANIEL BELMAR,0,SEGUNDA LONGITUDINAL,DANIEL BELMAR - SEGUNDA LONGITUDINAL,0, , , , ,1,1,2,BIDIRECCIONAL,1,CONCRETO,1,BUENO,1,SECO,1,DESPEJADO,0,0,0,0,2
-8141230.83430355,-4416512.04030771,4461,41926,1373206,-73.1339209,-36.8377266,100,SAN PEDRO DE LA PAZ,1,32411,2021,1373206,REGION BIO BIO,8108,SAN PEDRO DE LA PAZ,DANIEL BELMAR,SEGUNDA LONGITUDINAL,0,"DANIEL BELMAR & SEGUNDA LONGITUDINAL, SAN PEDRO DE LA PAZ",CHILE,GEOMETRIC_CENTER,44724,2021,1373206,1,2021/08/09 00:00:00+00,1899/12/30 00:00:00+00,8,REGION BIO BIO,8108,SAN PEDRO DE LA PAZ,32,COLISION LATERAL,30,COLISION,1,URBANA,1,TRAMO DE VIA RECTA,1,IMPRUDENCIA DEL CONDUCTOR,27,CONDUCCION NO ATENTO CONDICIONES TRANSITO MOMENTO,0,DANIEL BELMAR,0,SEGUNDA LONGITUDINAL,DANIEL BELMAR - SEGUNDA LONGITUDINAL,0, , , , ,1,1,2,BIDIRECCIONAL,1,CONCRETO,1,BUENO,1,SECO,1,DESPEJADO,0,0,0,0,2
-8141230.83430355,-4416512.04030771,4462,41927,1381238,-73.1339209,-36.8377266,100,SAN PEDRO DE LA PAZ,1,37398,2021,1381238,REGION BIO BIO,8108,SAN PEDRO DE LA PAZ,DANIEL BELMAR,SEGUNDA LONGITUDINAL,0,"DANIEL BELMAR & SEGUNDA LONGITUDINAL, SAN PEDRO DE LA PAZ",CHILE,GEOMETRIC_CENTER,51425,2021,1381238,1,2021/09/06 00:00:00+00,1899/12/30 00:00:00+00,8,REGION BIO BIO,8108,SAN PEDRO DE LA PAZ,62,CHOQUE FRENTE/LADO,40,CHOQUE,1,URBANA,14,CRUCE CON SEÑAL PARE,1,IMPRUDENCIA DEL CONDUCTOR,27,CONDUCCION NO ATENTO CONDICIONES TRANSITO MOMENTO,0,DANIEL BELMAR,0,SEGUNDA LONGITUDINAL,DANIEL BELMAR - SEGUNDA LONGITUDINAL,0, , , , ,3,3,3,BIDIRECCIONAL CON BANDEJON,2,ASFALTO,1,BUENO,1,SECO,1,DESPEJADO,0,0,0,1,2
-8141230.83430355,-4416512.04030771,4463,41928,1385058,-73.1339209,-36.8377266,100,SAN PEDRO DE LA PAZ,1,42648,2021,1385058,REGION BIO BIO,8108,SAN PEDRO DE LA PAZ,SEGUNDA LONGITUDINAL,DANIEL BELMAR,0,"SEGUNDA LONGITUDINAL & DANIEL BELMAR, SAN PEDRO DE LA PAZ",CHILE,GEOMETRIC_CENTER,58408,2021,1385058,1,2021/10/05 00:00:00+00,1899/12/30 00:00:00+00,8,REGION BIO BIO,8108,SAN PEDRO DE LA PAZ,32,COLISION LATERAL,30,COLISION,1,URBANA,1,TRAMO DE VIA RECTA,1,IMPRUDENCIA DEL CONDUCTOR,27,CONDUCCION NO ATENTO CONDICIONES TRANSITO MOMENTO,0,SEGUNDA LONGITUDINAL,0,DANIEL BELMAR,DANIEL BELMAR - SEGUNDA LONGITUDINAL,0, , , , ,1,1,2,BIDIRECCIONAL,1,CONCRETO,1,BUENO,1,SECO,1,DESPEJADO,0,0,0,1,1
-8141230.83430355,-4416512.04030771,4464,41929,1407191,-73.1339209,-36.8377266,100,SAN PEDRO DE LA PAZ,1,58048,2021,1407191,REGION BIO BIO,8108,SAN PEDRO DE LA PAZ,DANIEL BELMAR,SEGUNDA LONGITUDINAL,0,"DANIEL BELMAR & SEGUNDA LONGITUDINAL, SAN PEDRO DE LA PAZ",CHILE,GEOMETRIC_CENTER,78824,2021,1407191,1,2021/12/23 00:00:00+00,1899/12/30 00:00:00+00,8,REGION BIO BIO,8108,SAN PEDRO DE LA PAZ,34,COLISION PERPENDICULAR,30,COLISION,1,URBANA,14,CRUCE CON SEÑAL PARE,10,DESOBEDIENCIA A SEÑALIZACION,65,SEÑALIZACION DESOBEDECER SEÑAL PARE,0,DANIEL BELMAR,0,SEGUNDA LONGITUDINAL,DANIEL BELMAR - SEGUNDA LONGITUDINAL,0, , , , ,2,2,3,BIDIRECCIONAL CON BANDEJON,1,CONCRETO,1,BUENO,1,SECO,1,DESPEJADO,0,0,0,2,2
-8142914.87556027,-4416492.30333983,4465,41930,1360220,-73.1490489,-36.8375847,100,SAN PEDRO DE LA PAZ,1,24582,2021,1360220,REGION BIO BIO,8108,SAN PEDRO DE LA PAZ,RODRIGUEZ ALDEA,CALLE A,0,"RODRIGUEZ ALDEA & CALLE A, SAN PEDRO DE LA PAZ",CHILE,GEOMETRIC_CENTER,33884,2021,1360220,1,2021/06/24 00:00:00+00,1899/12/30 00:00:00+00,8,REGION BIO BIO,8108,SAN PEDRO DE LA PAZ,31,COLISION FRONTAL,30,COLISION,1,URBANA,1,TRAMO DE VIA RECTA,10,DESOBEDIENCIA A SEÑALIZACION,65,SEÑALIZACION DESOBEDECER SEÑAL PARE,0,RODRIGUEZ ALDEA,0,CALLE A,CALLE A - RODRIGUEZ ALDEA,0, , , , ,1,1,2,BIDIRECCIONAL,1,CONCRETO,1,BUENO,1,SECO,2,NUBLADO,0,1,0,0,2
-8142914.87556027,-4416492.30333983,4466,41931,1373421,-73.1490489,-36.8375847,100,SAN PEDRO DE LA PAZ,1,33009,2021,1373421,REGION BIO BIO,8108,SAN PEDRO DE LA PAZ,DOS,RODRIGUEZ ALDEA,0,"DOS & RODRIGUEZ ALDEA, SAN PEDRO DE LA PAZ",CHILE,GEOMETRIC_CENTER,45526,2021,1373421,1,2021/08/13 00:00:00+00,1899/12/30 00:00:00+00,8,REGION BIO BIO,8108,SAN PEDRO DE LA PAZ,52,CHOQUE LATERAL,40,CHOQUE,1,URBANA,1,TRAMO DE VIA RECTA,1,IMPRUDENCIA DEL CONDUCTOR,27,CONDUCCION NO ATENTO CONDICIONES TRANSITO MOMENTO,0,DOS,0,RODRIGUEZ ALDEA,DOS - RODRIGUEZ ALDEA,0, , , , ,1,1,2,BIDIRECCIONAL,1,CONCRETO,1,BUENO,1,SECO,1,DESPEJADO,0,0,0,0,1
-8142689.78754988,-4416476.57220983,4467,41932,1368603,-73.1470269,-36.8374716,100,SAN PEDRO DE LA PAZ,1,30112,2021,1368603,REGION BIO BIO,8108,SAN PEDRO DE LA PAZ,PASAJE DIECIOCHO, ,695,"PASAJE DIECIOCHO 695, SAN PEDRO DE LA PAZ",CHILE,RANGE_INTERPOLATED,41634,2021,1368603,1,2021/07/28 00:00:00+00,1899/12/30 00:00:00+00,8,REGION BIO BIO,8108,SAN PEDRO DE LA PAZ,51,CHOQUE FRONTAL,40,CHOQUE,1,URBANA,1,TRAMO DE VIA RECTA,4,ALCOHOL EN CONDUCTOR,24,CONDUCCION EN ESTADO DE EBRIEDAD,0,PASAJE DIECIOCHO,0, ,- PASAJE DIECIOCHO,695, , , , ,1,1,2,BIDIRECCIONAL,1,CONCRETO,1,BUENO,1,SECO,1,DESPEJADO,0,0,0,0,1
-8139470.63938318,-4416468.05988394,4468,41933,1406003,-73.1181088,-36.8374104,100,SAN PEDRO DE LA PAZ,1,56443,2021,1406003,REGION BIO BIO,8108,SAN PEDRO DE LA PAZ,CAMINO CORONEL,DIAGONAL BIO BIO,0,"CAMINO CORONEL & DIAGONAL BIO BIO, SAN PEDRO DE LA PAZ",CHILE,GEOMETRIC_CENTER,76709,2021,1406003,1,2021/12/16 00:00:00+00,1899/12/30 00:00:00+00,8,REGION BIO BIO,8108,SAN PEDRO DE LA PAZ,53,CHOQUE POSTERIOR,40,CHOQUE,1,URBANA,11,CRUCE CON SEMAFORO FUNCIONANDO,1,IMPRUDENCIA DEL CONDUCTOR,27,CONDUCCION NO ATENTO CONDICIONES TRANSITO MOMENTO,0,CAMINO CORONEL,0,DIAGONAL BIO BIO,CAMINO CORONEL - DIAGONAL BIO BIO,0, , , , ,2,2,3,BIDIRECCIONAL CON BANDEJON,1,CONCRETO,1,BUENO,1,SECO,1,DESPEJADO,0,0,0,0,2
-8139531.9764226,-4416444.03902717,4469,41934,1333099,-73.1186598,-36.8372377,100,SAN PEDRO DE LA PAZ,1,5393,2021,1333099,REGION BIO BIO,8108,SAN PEDRO DE LA PAZ,PEDRO AGUIRRE CERDA,DIAGONAL BIO BIO,0,"PEDRO AGUIRRE CERDA & DIAGONAL BIO BIO, SAN PEDRO DE LA PAZ",CHILE,GEOMETRIC_CENTER,7539,2021,1333099,1,2021/02/09 00:00:00+00,1899/12/30 00:00:00+00,8,REGION BIO BIO,8108,SAN PEDRO DE LA PAZ,67,CHOQUE POSTERIOR/FRENTE,40,CHOQUE,1,URBANA,11,CRUCE CON SEMAFORO FUNCIONANDO,1,IMPRUDENCIA DEL CONDUCTOR,27,CONDUCCION NO ATENTO CONDICIONES TRANSITO MOMENTO,0,PEDRO AGUIRRE CERDA,0,DIAGONAL BIO BIO,DIAGONAL BIO BIO - PEDRO AGUIRRE CERDA,0, , , , ,1,1,2,BIDIRECCIONAL,1,CONCRETO,1,BUENO,1,SECO,1,DESPEJADO,0,0,0,1,1
-8139531.9764226,-4416444.03902717,4470,41935,1346393,-73.1186598,-36.8372377,100,SAN PEDRO DE LA PAZ,1,13909,2021,1346393,REGION BIO BIO,8108,SAN PEDRO DE LA PAZ,PEDRO AGUIRRE CERDA,DIAGONAL BIO BIO,0,"PEDRO AGUIRRE CERDA & DIAGONAL BIO BIO, SAN PEDRO DE LA PAZ",CHILE,GEOMETRIC_CENTER,19223,2021,1346393,1,2021/04/14 00:00:00+00,1899/12/30 00:00:00+00,8,REGION BIO BIO,8108,SAN PEDRO DE LA PAZ,30,COLISION,30,COLISION,1,URBANA,1,TRAMO DE VIA RECTA,13,CAUSAS NO DETERMINADAS,97,CAUSAS NO DETERMINADAS,0,PEDRO AGUIRRE CERDA,0,DIAGONAL BIO BIO,DIAGONAL BIO BIO - PEDRO AGUIRRE CERDA,0, , , , ,1,1,2,BIDIRECCIONAL,2,ASFALTO,1,BUENO,1,SECO,1,DESPEJADO,0,0,0,0,1
-8139531.9764226,-4416444.03902717,4471,41936,1352136,-73.1186598,-36.8372377,100,SAN PEDRO DE LA PAZ,1,19542,2021,1352136,REGION BIO BIO,8108,SAN PEDRO DE LA PAZ,PEDRO AGUIRRE CERDA,DIAGONAL BIO BIO,0,"PEDRO AGUIRRE CERDA & DIAGONAL BIO BIO, SAN PEDRO DE LA PAZ",CHILE,GEOMETRIC_CENTER,26911,2021,1352136,1,2021/05/24 00:00:00+00,1899/12/30 00:00:00+00,8,REGION BIO BIO,8108,SAN PEDRO DE LA PAZ,33,COLISION POR ALCANCE,30,COLISION,1,URBANA,1,TRAMO DE VIA RECTA,1,IMPRUDENCIA DEL CONDUCTOR,28,CONDUCCION SIN MANTENER DISTANCIA RAZONABLE NI PRUDENTE,0,PEDRO AGUIRRE CERDA,0,DIAGONAL BIO BIO,DIAGONAL BIO BIO - PEDRO AGUIRRE CERDA,0, , , , ,3,0,1,UNIDIRECCIONAL,1,CONCRETO,1,BUENO,1,SECO,1,DESPEJADO,0,0,0,0,2
-8139531.9764226,-4416444.03902717,4472,41937,1356503,-73.1186598,-36.8372377,100,SAN PEDRO DE LA PAZ,1,22080,2021,1356503,REGION BIO BIO,8108,SAN PEDRO DE LA PAZ,PEDRO AGUIRRE CERDA,DIAGONAL BIOBIO,0,"PEDRO AGUIRRE CERDA & DIAGONAL BIOBIO, SAN PEDRO DE LA PAZ",CHILE,GEOMETRIC_CENTER,30433,2021,1356503,1,2021/06/09 00:00:00+00,1899/12/30 00:00:00+00,8,REGION BIO BIO,8108,SAN PEDRO DE LA PAZ,10,ATROPELLO,10,ATROPELLO,1,URBANA,1,TRAMO DE VIA RECTA,2,IMPRUDENCIA DEL PEATON,52,PEATON CRUZA CALZADA FORMA SORPRESIVA O DESCUIDADA,0,PEDRO AGUIRRE CERDA,0,DIAGONAL BIOBIO,DIAGONAL BIOBIO - PEDRO AGUIRRE CERDA,0, , , , ,1,1,2,BIDIRECCIONAL,2,ASFALTO,1,BUENO,2,HUMEDO,2,NUBLADO,0,0,0,1,1
-8139531.9764226,-4416444.03902717,4473,41938,1366922,-73.1186598,-36.8372377,100,SAN PEDRO DE LA PAZ,1,30323,2021,1366922,REGION BIO BIO,8108,SAN PEDRO DE LA PAZ,PEDRO AGUIRRE CERDA,DIAGONAL BIO BIO,0,"PEDRO AGUIRRE CERDA & DIAGONAL BIO BIO, SAN PEDRO DE LA PAZ",CHILE,GEOMETRIC_CENTER,41909,2021,1366922,1,2021/07/29 00:00:00+00,1899/12/30 00:00:00+00,8,REGION BIO BIO,8108,SAN PEDRO DE LA PAZ,30,COLISION,30,COLISION,1,URBANA,16,CRUCE SIN SEÑALIZACION,1,IMPRUDENCIA DEL CONDUCTOR,11,ADELANTAMIENTO SIN EL ESPACIO O TIEMPO SUFICIENTE,0,PEDRO AGUIRRE CERDA,0,DIAGONAL BIO BIO,DIAGONAL BIO BIO - PEDRO AGUIRRE CERDA,0, , , , ,2,2,3,BIDIRECCIONAL CON BANDEJON,1,CONCRETO,1,BUENO,1,SECO,1,DESPEJADO,0,0,0,0,2
-8139531.9764226,-4416444.03902717,4474,41939,1391219,-73.1186598,-36.8372377,100,SAN PEDRO DE LA PAZ,1,42944,2021,1391219,REGION BIO BIO,8108,SAN PEDRO DE LA PAZ,PEDRO AGUIRRE CERDA,DIAGONAL BIO BIO,0,"PEDRO AGUIRRE CERDA & DIAGONAL BIO BIO, SAN PEDRO DE LA PAZ",CHILE,GEOMETRIC_CENTER,58773,2021,1391219,1,2021/10/06 00:00:00+00,1899/12/30 00:00:00+00,8,REGION BIO BIO,8108,SAN PEDRO DE LA PAZ,30,COLISION,30,COLISION,1,URBANA,11,CRUCE CON SEMAFORO FUNCIONANDO,13,CAUSAS NO DETERMINADAS,97,CAUSAS NO DETERMINADAS,0,PEDRO AGUIRRE CERDA,0,DIAGONAL BIO BIO,DIAGONAL BIO BIO - PEDRO AGUIRRE CERDA,0, , , , ,2,2,2,BIDIRECCIONAL,2,ASFALTO,1,BUENO,1,SECO,2,NUBLADO,0,0,0,1,1
-8139531.9764226,-4416444.03902717,4475,41940,1390096,-73.1186598,-36.8372377,100,SAN PEDRO DE LA PAZ,1,44823,2021,1390096,REGION BIO BIO,8108,SAN PEDRO DE LA PAZ,PEDRO AGUIRRE CERDA,DIAGONAL BIO BIO,0,"PEDRO AGUIRRE CERDA & DIAGONAL BIO BIO, SAN PEDRO DE LA PAZ",CHILE,GEOMETRIC_CENTER,61262,2021,1390096,1,2021/10/16 00:00:00+00,1899/12/30 00:00:00+00,8,REGION BIO BIO,8108,SAN PEDRO DE LA PAZ,10,ATROPELLO,10,ATROPELLO,1,URBANA,11,CRUCE CON SEMAFORO FUNCIONANDO,2,IMPRUDENCIA DEL PEATON,52,PEATON CRUZA CALZADA FORMA SORPRESIVA O DESCUIDADA,0,PEDRO AGUIRRE CERDA,0,DIAGONAL BIO BIO,DIAGONAL BIO BIO - PEDRO AGUIRRE CERDA,0, , , , ,2,2,3,BIDIRECCIONAL CON BANDEJON,1,CONCRETO,1,BUENO,1,SECO,1,DESPEJADO,0,0,0,2,0
-8139531.9764226,-4416444.03902717,4476,41941,1391226,-73.1186598,-36.8372377,100,SAN PEDRO DE LA PAZ,1,44967,2021,1391226,REGION BIO BIO,8108,SAN PEDRO DE LA PAZ,PEDRO AGUIRRE CERDA,DIAGONAL BIO BIO,0,"PEDRO AGUIRRE CERDA & DIAGONAL BIO BIO, SAN PEDRO DE LA PAZ",CHILE,GEOMETRIC_CENTER,61467,2021,1391226,1,2021/10/17 00:00:00+00,1899/12/30 00:00:00+00,8,REGION BIO BIO,8108,SAN PEDRO DE LA PAZ,30,COLISION,30,COLISION,1,URBANA,11,CRUCE CON SEMAFORO FUNCIONANDO,13,CAUSAS NO DETERMINADAS,97,CAUSAS NO DETERMINADAS,0,PEDRO AGUIRRE CERDA,0,DIAGONAL BIO BIO,DIAGONAL BIO BIO - PEDRO AGUIRRE CERDA,0, , , , ,2,2,2,BIDIRECCIONAL,2,ASFALTO,1,BUENO,1,SECO,1,DESPEJADO,0,0,0,0,1
-8142327.97694091,-4416430.74203887,4477,41942,1406694,-73.1437767,-36.8371421,100,SAN PEDRO DE LA PAZ,1,9631,2021,1406694,REGION BIO BIO,8108,SAN PEDRO DE LA PAZ,RODRIGUEZ ALDEA,CORONEL PATI??ªO,0,"RODRIGUEZ ALDEA & CORONEL PATI??ªO, SAN PEDRO DE LA PAZ",CHILE,GEOMETRIC_CENTER,13416,2021,1406694,1,2021/03/10 00:00:00+00,1899/12/30 00:00:00+00,8,REGION BIO BIO,8108,SAN PEDRO DE LA PAZ,30,COLISION,30,COLISION,1,URBANA,1,TRAMO DE VIA RECTA,13,CAUSAS NO DETERMINADAS,97,CAUSAS NO DETERMINADAS,0,RODRIGUEZ ALDEA,0,CORONEL PATIÑO,CORONEL PATIÑO - RODRIGUEZ ALDEA,0, , , , ,2,0,1,UNIDIRECCIONAL,2,ASFALTO,1,BUENO,1,SECO,1,DESPEJADO,0,0,0,1,0
-8142090.79963383,-4416412.27093626,4478,41943,1335546,-73.1416461,-36.8370093,100,SAN PEDRO DE LA PAZ,1,8367,2021,1335546,REGION BIO BIO,8108,SAN PEDRO DE LA PAZ,RODRIGUEZ ALDEA,PASAJE TRECE,0,"RODRIGUEZ ALDEA & PASAJE TRECE, SAN PEDRO DE LA PAZ",CHILE,GEOMETRIC_CENTER,11743,2021,1335546,1,2021/03/02 00:00:00+00,1899/12/30 00:00:00+00,8,REGION BIO BIO,8108,SAN PEDRO DE LA PAZ,33,COLISION POR ALCANCE,30,COLISION,1,URBANA,1,TRAMO DE VIA RECTA,1,IMPRUDENCIA DEL CONDUCTOR,28,CONDUCCION SIN MANTENER DISTANCIA RAZONABLE NI PRUDENTE,0,RODRIGUEZ ALDEA,0,PASAJE TRECE,PASAJE TRECE - RODRIGUEZ ALDEA,0, , , , ,1,1,2,BIDIRECCIONAL,1,CONCRETO,1,BUENO,1,SECO,1,DESPEJADO,0,0,0,1,1
-8139661.66362938,-4416412.07621095,4479,41944,1346405,-73.1198248,-36.8370079,100,SAN PEDRO DE LA PAZ,1,16041,2021,1346405,REGION BIO BIO,8108,SAN PEDRO DE LA PAZ,LAGUNA GRANDE,PEDRO AGUIRRE CERDA,0,"LAGUNA GRANDE & PEDRO AGUIRRE CERDA, SAN PEDRO DE LA PAZ",CHILE,GEOMETRIC_CENTER,22070,2021,1346405,1,2021/04/30 00:00:00+00,1899/12/30 00:00:00+00,8,REGION BIO BIO,8108,SAN PEDRO DE LA PAZ,30,COLISION,30,COLISION,1,URBANA,14,CRUCE CON SEÑAL PARE,13,CAUSAS NO DETERMINADAS,97,CAUSAS NO DETERMINADAS,0,LAGUNA GRANDE,0,PEDRO AGUIRRE CERDA,LAGUNA GRANDE - PEDRO AGUIRRE CERDA,0, , , , ,2,2,2,BIDIRECCIONAL,2,ASFALTO,1,BUENO,1,SECO,1,DESPEJADO,0,0,0,0,2
-8139661.66362938,-4416412.07621095,4480,41945,1407920,-73.1198248,-36.8370079,100,SAN PEDRO DE LA PAZ,1,57886,2021,1407920,REGION BIO BIO,8108,SAN PEDRO DE LA PAZ,PEDRO AGUIRRE CERDA, ,340,"PEDRO AGUIRRE CERDA 340, SAN PEDRO DE LA PAZ",CHILE,RANGE_INTERPOLATED,78600,2021,1407920,1,2021/12/23 00:00:00+00,1899/12/30 00:00:00+00,8,REGION BIO BIO,8108,SAN PEDRO DE LA PAZ,61,CHOQUE FRENTE/FRENTE,40,CHOQUE,1,URBANA,1,TRAMO DE VIA RECTA,13,CAUSAS NO DETERMINADAS,97,CAUSAS NO DETERMINADAS,0,PEDRO AGUIRRE CERDA,0, ,- PEDRO AGUIRRE CERDA,340, , , , ,1,1,2,BIDIRECCIONAL,2,ASFALTO,1,BUENO,1,SECO,1,DESPEJADO,0,0,0,0,1