X,Y,FID,FID_1,LABELID,POINT_X,POINT_Y,FID_2,COMUNAREAL,VAL_COM,OBJECTID,A_O,IDACCIDENT,REGION,COD_COMUN,COMUNA,CALLE_UNO,CALLE_DOS,NUMERO,DIR_GEOCOD,PAIS,TIPO,OBJECTID_1,Año,Idaccide_1,Claseaccid,Fecha,Hora,Cód_Regi,Región,Cód_Comun,Comuna_1,Cód_Tipo_,Tipo_Accid,Cód_Tipo1,Tipo__CONA,Cód_Zona,Zona,Cód_Ubica,Ubicación,Cód_Causa,Causa__CON,Cód_Cau_1,Causa,Cód_Calle,Calle_Un_1,Cód_Cal_1,Calle_Do_1,Intersecci,Número,Ruta,Cód_Ruta,Ubicaci_1,Km_Vía_Fe,Pistas_de_,Pistas_de1,Cód_Calza,Calzada,Cód__Tipo,Tipo_Calza,Cód_Estad,Estado_Cal,Cód_Condi,Condición,Cód_Est_1,Estado_Atm,Fallecidos,Graves,Menos_Grav,Leves,Ilesos
-8142048.49822732,-4416408.25125026,4481,41946,1376041,-73.1412661,-36.8369804,100,SAN PEDRO DE LA PAZ,1,35611,2021,1376041,REGION BIO BIO,8108,SAN PEDRO DE LA PAZ,RODRIGUEZ ALDEA,DOCE,0,"RODRIGUEZ ALDEA & DOCE, SAN PEDRO DE LA PAZ",CHILE,GEOMETRIC_CENTER,49026,2021,1376041,1,2021/08/27 00:00:00+00,1899/12/30 00:00:00+00,8,REGION BIO BIO,8108,SAN PEDRO DE LA PAZ,32,COLISION LATERAL,30,COLISION,1,URBANA,1,TRAMO DE VIA RECTA,4,ALCOHOL EN CONDUCTOR,24,CONDUCCION EN ESTADO DE EBRIEDAD,0,RODRIGUEZ ALDEA,0,DOCE,DOCE - RODRIGUEZ ALDEA,0, , , , ,1,1,2,BIDIRECCIONAL,1,CONCRETO,1,BUENO,1,SECO,1,DESPEJADO,0,0,0,2,3
-8139238.42692538,-4416399.40516461,4482,41947,1328710,-73.1160228,-36.8369168,100,SAN PEDRO DE LA PAZ,1,3797,2021,1328710,REGION BIO BIO,8108,SAN PEDRO DE LA PAZ,LAS GARZAS,PEDRO AGUIRRE CERDA,0,"LAS GARZAS & PEDRO AGUIRRE CERDA, SAN PEDRO DE LA PAZ",CHILE,GEOMETRIC_CENTER,5259,2021,1328710,1,2021/01/27 00:00:00+00,1899/12/30 00:00:00+00,8,REGION BIO BIO,8108,SAN PEDRO DE LA PAZ,32,COLISION LATERAL,30,COLISION,1,URBANA,14,CRUCE CON SEÑAL PARE,1,IMPRUDENCIA DEL CONDUCTOR,11,ADELANTAMIENTO SIN EL ESPACIO O TIEMPO SUFICIENTE,0,LAS GARZAS,0,PEDRO AGUIRRE CERDA,LAS GARZAS - PEDRO AGUIRRE CERDA,0, , , , ,1,1,2,BIDIRECCIONAL,1,CONCRETO,1,BUENO,1,SECO,1,DESPEJADO,0,0,0,0,2
-8135868.70801542,-4416389.2516477,4483,41948,1391227,-73.0857521,-36.8368438,100,SAN PEDRO DE LA PAZ,1,45021,2021,1391227,REGION BIO BIO,8108,SAN PEDRO DE LA PAZ,PUENTE LLACOLEN, ,1,"PUENTE LLACOLEN 1, SAN PEDRO DE LA PAZ",CHILE,RANGE_INTERPOLATED,61556,2021,1391227,1,2021/10/17 00:00:00+00,1899/12/30 00:00:00+00,8,REGION BIO BIO,8108,SAN PEDRO DE LA PAZ,30,COLISION,30,COLISION,1,URBANA,5,PUENTE,13,CAUSAS NO DETERMINADAS,97,CAUSAS NO DETERMINADAS,0,PUENTE LLACOLEN,0, ,- PUENTE LLACOLEN,1, , , , ,2,2,2,BIDIRECCIONAL,2,ASFALTO,1,BUENO,1,SECO,1,DESPEJADO,0,0,0,3,0
-8135868.70801542,-4416389.2516477,4484,41949,1401574,-73.0857521,-36.8368438,100,SAN PEDRO DE LA PAZ,1,54174,2021,1401574,REGION BIO BIO,8108,SAN PEDRO DE LA PAZ,PUENTE LLACOLEN, ,1,"PUENTE LLACOLEN 1, SAN PEDRO DE LA PAZ",CHILE,RANGE_INTERPOLATED,73603,2021,1401574,1,2021/12/04 00:00:00+00,1899/12/30 00:00:00+00,8,REGION BIO BIO,8108,SAN PEDRO DE LA PAZ,32,COLISION LATERAL,30,COLISION,1,URBANA,5,PUENTE,9,PERDIDA CONTROL VEHICULO,95,PERDIDA CONTROL VEHICULO,0,PUENTE LLACOLEN,0, ,- PUENTE LLACOLEN,1, , , , ,2,2,3,BIDIRECCIONAL CON BANDEJON,1,CONCRETO,1,BUENO,1,SECO,1,DESPEJADO,0,0,0,1,3
-8139560.59666369,-4416382.21373618,4485,41950,1376053,-73.1189169,-36.8367932,100,SAN PEDRO DE LA PAZ,1,36003,2021,1376053,REGION BIO BIO,8108,SAN PEDRO DE LA PAZ,DIAGONAL BIO BIO,AGUILAS,0,"DIAGONAL BIO BIO & AGUILAS, SAN PEDRO DE LA PAZ",CHILE,GEOMETRIC_CENTER,49571,2021,1376053,1,2021/08/30 00:00:00+00,1899/12/30 00:00:00+00,8,REGION BIO BIO,8108,SAN PEDRO DE LA PAZ,51,CHOQUE FRONTAL,40,CHOQUE,1,URBANA,1,TRAMO DE VIA RECTA,4,ALCOHOL EN CONDUCTOR,24,CONDUCCION EN ESTADO DE EBRIEDAD,0,DIAGONAL BIO BIO,0,AGUILAS,AGUILAS - DIAGONAL BIO BIO,0, , , , ,1,1,2,BIDIRECCIONAL,1,CONCRETO,1,BUENO,1,SECO,1,DESPEJADO,0,0,0,0,1
-8142160.73053794,-4416373.64585019,4486,41951,1354766,-73.1422743,-36.8367316,100,SAN PEDRO DE LA PAZ,1,20891,2021,1354766,REGION BIO BIO,8108,SAN PEDRO DE LA PAZ,O'CARROL,TRANSVERSAL,0,"O'CARROL & TRANSVERSAL, SAN PEDRO DE LA PAZ",CHILE,GEOMETRIC_CENTER,28795,2021,1354766,1,2021/06/01 00:00:00+00,1899/12/30 00:00:00+00,8,REGION BIO BIO,8108,SAN PEDRO DE LA PAZ,32,COLISION LATERAL,30,COLISION,1,URBANA,14,CRUCE CON SEÑAL PARE,1,IMPRUDENCIA DEL CONDUCTOR,27,CONDUCCION NO ATENTO CONDICIONES TRANSITO MOMENTO,0,O'CARROL,0,TRANSVERSAL,O'CARROL - TRANSVERSAL,0, , , , ,1,1,2,BIDIRECCIONAL,1,CONCRETO,1,BUENO,1,SECO,2,NUBLADO,0,0,0,0,2
-8141751.43103419,-4416362.33792031,4487,41952,1396896,-73.1385975,-36.8366503,100,SAN PEDRO DE LA PAZ,1,51626,2021,1396896,REGION BIO BIO,8108,SAN PEDRO DE LA PAZ,RODRIGUEZ ALDEA, ,40,"RODRIGUEZ ALDEA 40, SAN PEDRO DE LA PAZ",CHILE,RANGE_INTERPOLATED,70222,2021,1396896,1,2021/11/21 00:00:00+00,1899/12/30 00:00:00+00,8,REGION BIO BIO,8108,SAN PEDRO DE LA PAZ,51,CHOQUE FRONTAL,40,CHOQUE,1,URBANA,1,TRAMO DE VIA RECTA,4,ALCOHOL EN CONDUCTOR,24,CONDUCCION EN ESTADO DE EBRIEDAD,0,RODRIGUEZ ALDEA,0, ,- RODRIGUEZ ALDEA,40, , , , ,1,1,2,BIDIRECCIONAL,1,CONCRETO,1,BUENO,1,SECO,1,DESPEJADO,0,2,0,1,0
-8141538.58816779,-4416359.65350575,4488,41953,1325371,-73.1366855,-36.836631,100,SAN PEDRO DE LA PAZ,1,159,2021,1325371,REGION BIO BIO,8108,SAN PEDRO DE LA PAZ,RODRIGUEZ ALDEA, ,47,"RODRIGUEZ ALDEA 47, SAN PEDRO DE LA PAZ",CHILE,RANGE_INTERPOLATED,250,2021,1325371,1,2021/01/01 00:00:00+00,1899/12/30 00:00:00+00,8,REGION BIO BIO,8108,SAN PEDRO DE LA PAZ,51,CHOQUE FRONTAL,40,CHOQUE,1,URBANA,1,TRAMO DE VIA RECTA,4,ALCOHOL EN CONDUCTOR,24,CONDUCCION EN ESTADO DE EBRIEDAD,0,RODRIGUEZ ALDEA,0, ,- RODRIGUEZ ALDEA,47, , , , ,1,1,2,BIDIRECCIONAL,1,CONCRETO,1,BUENO,1,SECO,1,DESPEJADO,0,0,0,2,0
-8137600.73910463,-4416353.144151,4489,41954,1324675,-73.1013112,-36.8365842,100,SAN PEDRO DE LA PAZ,0,889,2021,1324675,REGION BIO BIO,8112,HUALPEN,JORGE ALESSANDRI, ,9200,"JORGE ALESSANDRI 9200, HUALPEN",CHILE,RANGE_INTERPOLATED,1215,2021,1324675,1,2021/01/07 00:00:00+00,1899/12/30 00:00:00+00,8,REGION BIO BIO,8112,HUALPEN,70,VOLCADURA,70,VOLCADURA,1,URBANA,1,TRAMO DE VIA RECTA,4,ALCOHOL EN CONDUCTOR,24,CONDUCCION EN ESTADO DE EBRIEDAD,0,JORGE ALESSANDRI,0, ,- JORGE ALESSANDRI,9200, , , , ,2,2,3,BIDIRECCIONAL CON BANDEJON,1,CONCRETO,1,BUENO,1,SECO,1,DESPEJADO,0,0,0,2,0
-8137600.73910463,-4416353.144151,4490,41955,1335011,-73.1013112,-36.8365842,100,SAN PEDRO DE LA PAZ,0,8163,2021,1335011,REGION BIO BIO,8112,HUALPEN,JORGE ALESSANDRI, ,9200,"JORGE ALESSANDRI 9200, HUALPEN",CHILE,RANGE_INTERPOLATED,11464,2021,1335011,1,2021/03/01 00:00:00+00,1899/12/30 00:00:00+00,8,REGION BIO BIO,8112,HUALPEN,62,CHOQUE FRENTE/LADO,40,CHOQUE,1,URBANA,1,TRAMO DE VIA RECTA,13,CAUSAS NO DETERMINADAS,97,CAUSAS NO DETERMINADAS,0,JORGE ALESSANDRI,0, ,- JORGE ALESSANDRI,9200, , , , ,1,1,2,BIDIRECCIONAL,1,CONCRETO,1,BUENO,1,SECO,1,DESPEJADO,0,0,0,0,2
-8137600.73910463,-4416353.144151,4491,41956,1347320,-73.1013112,-36.8365842,100,SAN PEDRO DE LA PAZ,0,16435,2021,1347320,REGION BIO BIO,8112,HUALPEN,JORGE ALESSANDRI, ,9200,"JORGE ALESSANDRI 9200, HUALPEN",CHILE,RANGE_INTERPOLATED,22672,2021,1347320,1,2021/05/03 00:00:00+00,1899/12/30 00:00:00+00,8,REGION BIO BIO,8112,HUALPEN,30,COLISION,30,COLISION,1,URBANA,1,TRAMO DE VIA RECTA,1,IMPRUDENCIA DEL CONDUCTOR,27,CONDUCCION NO ATENTO CONDICIONES TRANSITO MOMENTO,0,JORGE ALESSANDRI,0, ,- JORGE ALESSANDRI,9200, , , , ,1,1,2,BIDIRECCIONAL,1,CONCRETO,1,BUENO,1,SECO,1,DESPEJADO,0,0,0,0,2
-8137600.73910463,-4416353.144151,4492,41957,1359582,-73.1013112,-36.8365842,100,SAN PEDRO DE LA PAZ,0,25135,2021,1359582,REGION BIO BIO,8112,HUALPEN,JORGE ALESSANDRI, ,9200,"JORGE ALESSANDRI 9200, HUALPEN",CHILE,RANGE_INTERPOLATED,34751,2021,1359582,1,2021/06/29 00:00:00+00,1899/12/30 00:00:00+00,8,REGION BIO BIO,8112,HUALPEN,50,CHOQUE,40,CHOQUE,1,URBANA,3,TRAMO DE VIA CURVA VERTICAL,9,PERDIDA CONTROL VEHICULO,95,PERDIDA CONTROL VEHICULO,0,JORGE ALESSANDRI,0, ,- JORGE ALESSANDRI,9200, , , , ,2,2,2,BIDIRECCIONAL,1,CONCRETO,1,BUENO,1,SECO,1,DESPEJADO,0,0,0,0,1
-8137600.73910463,-4416353.144151,4493,41958,1365806,-73.1013112,-36.8365842,100,SAN PEDRO DE LA PAZ,0,29217,2021,1365806,REGION BIO BIO,8112,HUALPEN,JORGE ALESSANDRI, ,9200,"JORGE ALESSANDRI 9200, HUALPEN",CHILE,RANGE_INTERPOLATED,40393,2021,1365806,1,2021/07/23 00:00:00+00,1899/12/30 00:00:00+00,8,REGION BIO BIO,8112,HUALPEN,30,COLISION,30,COLISION,1,URBANA,1,TRAMO DE VIA RECTA,1,IMPRUDENCIA DEL CONDUCTOR,93,CONDUCIR VEHICULO EN RETROCESO,0,JORGE ALESSANDRI,0, ,- JORGE ALESSANDRI,9200, , , , ,1,1,2,BIDIRECCIONAL,1,CONCRETO,1,BUENO,1,SECO,1,DESPEJADO,0,0,0,0,2
-8138870.53827221,-4416326.27224147,4494,41959,1359361,-73.112718,-36.836391,100,SAN PEDRO DE LA PAZ,1,24942,2021,1359361,REGION BIO BIO,8108,SAN PEDRO DE LA PAZ,LAS MARGARITAS, ,1475,"LAS MARGARITAS 1475, SAN PEDRO DE LA PAZ",CHILE,RANGE_INTERPOLATED,34410,2021,1359361,1,2021/06/27 00:00:00+00,1899/12/30 00:00:00+00,8,REGION BIO BIO,8108,SAN PEDRO DE LA PAZ,62,CHOQUE FRENTE/LADO,40,CHOQUE,1,URBANA,26,OTROS NO CONSIDERADOS,1,IMPRUDENCIA DEL CONDUCTOR,27,CONDUCCION NO ATENTO CONDICIONES TRANSITO MOMENTO,0,LAS MARGARITAS,0, ,- LAS MARGARITAS,1475, , , , ,1,1,2,BIDIRECCIONAL,1,CONCRETO,1,BUENO,1,SECO,1,DESPEJADO,0,0,0,0,2
-8139605.38049483,-4416298.78841249,4495,41960,1381975,-73.1193192,-36.8361934,100,SAN PEDRO DE LA PAZ,1,40620,2021,1381975,REGION BIO BIO,8108,SAN PEDRO DE LA PAZ,DIAGONAL BIO BIO,LAS TORCAZAS,0,"DIAGONAL BIO BIO & LAS TORCAZAS, SAN PEDRO DE LA PAZ",CHILE,GEOMETRIC_CENTER,55748,2021,1381975,1,2021/09/24 00:00:00+00,1899/12/30 00:00:00+00,8,REGION BIO BIO,8108,SAN PEDRO DE LA PAZ,32,COLISION LATERAL,30,COLISION,1,URBANA,14,CRUCE CON SEÑAL PARE,1,IMPRUDENCIA DEL CONDUCTOR,27,CONDUCCION NO ATENTO CONDICIONES TRANSITO MOMENTO,0,DIAGONAL BIO BIO,0,LAS TORCAZAS,DIAGONAL BIO BIO - LAS TORCAZAS,0, , , , ,1,1,2,BIDIRECCIONAL,1,CONCRETO,1,BUENO,1,SECO,1,DESPEJADO,0,0,0,1,1
-8137659.90541398,-4416279.58037376,4496,41961,1351204,-73.1018427,-36.8360553,100,SAN PEDRO DE LA PAZ,1,16399,2021,1351204,REGION BIO BIO,8108,SAN PEDRO DE LA PAZ,LOS PENSAMIENTOS,LAS MARGARITAS,0,"LOS PENSAMIENTOS & LAS MARGARITAS, SAN PEDRO DE LA PAZ",CHILE,GEOMETRIC_CENTER,22628,2021,1351204,1,2021/05/03 00:00:00+00,1899/12/30 00:00:00+00,8,REGION BIO BIO,8108,SAN PEDRO DE LA PAZ,30,COLISION,30,COLISION,1,URBANA,14,CRUCE CON SEÑAL PARE,13,CAUSAS NO DETERMINADAS,97,CAUSAS NO DETERMINADAS,0,LOS PENSAMIENTOS,0,LAS MARGARITAS,LAS MARGARITAS - LOS PENSAMIENTOS,0, , , , ,1,0,1,UNIDIRECCIONAL,2,ASFALTO,1,BUENO,1,SECO,1,DESPEJADO,0,0,0,0,1
-8137689.85035701,-4416233.57023811,4497,41962,1325212,-73.1021117,-36.8357245,100,SAN PEDRO DE LA PAZ,1,1395,2021,1325212,REGION BIO BIO,8108,SAN PEDRO DE LA PAZ,LOS PENSAMIENTOS, ,217,"LOS PENSAMIENTOS 217, SAN PEDRO DE LA PAZ",CHILE,RANGE_INTERPOLATED,1911,2021,1325212,1,2021/01/10 00:00:00+00,1899/12/30 00:00:00+00,8,REGION BIO BIO,8108,SAN PEDRO DE LA PAZ,51,CHOQUE FRONTAL,40,CHOQUE,1,URBANA,1,TRAMO DE VIA RECTA,9,PERDIDA CONTROL VEHICULO,95,PERDIDA CONTROL VEHICULO,0,LOS PENSAMIENTOS,0, ,- LOS PENSAMIENTOS,217, , , , ,3,2,2,BIDIRECCIONAL,1,CONCRETO,1,BUENO,1,SECO,1,DESPEJADO,0,0,0,0,1
-8139640.69103731,-4416230.35732494,4498,41963,1341445,-73.1196364,-36.8357014,100,SAN PEDRO DE LA PAZ,1,12321,2021,1341445,REGION BIO BIO,8108,SAN PEDRO DE LA PAZ,DIAGONAL BIO BIO, ,165,"DIAGONAL BIO BIO 165, SAN PEDRO DE LA PAZ",CHILE,RANGE_INTERPOLATED,17050,2021,1341445,1,2021/03/31 00:00:00+00,1899/12/30 00:00:00+00,8,REGION BIO BIO,8108,SAN PEDRO DE LA PAZ,51,CHOQUE FRONTAL,40,CHOQUE,1,URBANA,1,TRAMO DE VIA RECTA,4,ALCOHOL EN CONDUCTOR,24,CONDUCCION EN ESTADO DE EBRIEDAD,0,DIAGONAL BIO BIO,0, ,- DIAGONAL BIO BIO,165, , , , ,1,1,2,BIDIRECCIONAL,1,CONCRETO,1,BUENO,1,SECO,1,DESPEJADO,0,0,0,1,0
-8139640.69103731,-4416230.35732494,4499,41964,1352006,-73.1196364,-36.8357014,100,SAN PEDRO DE LA PAZ,1,19990,2021,1352006,REGION BIO BIO,8108,SAN PEDRO DE LA PAZ,DIAGONAL BIOBIO, ,165,"DIAGONAL BIOBIO 165, SAN PEDRO DE LA PAZ",CHILE,RANGE_INTERPOLATED,27523,2021,1352006,1,2021/05/27 00:00:00+00,1899/12/30 00:00:00+00,8,REGION BIO BIO,8108,SAN PEDRO DE LA PAZ,32,COLISION LATERAL,30,COLISION,1,URBANA,1,TRAMO DE VIA RECTA,1,IMPRUDENCIA DEL CONDUCTOR,11,ADELANTAMIENTO SIN EL ESPACIO O TIEMPO SUFICIENTE,0,DIAGONAL BIOBIO,0, ,- DIAGONAL BIOBIO,165, , , , ,1,1,2,BIDIRECCIONAL,1,CONCRETO,1,BUENO,3,MOJADO,3,LLUVIA,0,0,0,0,2
-8141670.08988227,-4416187.74111397,4500,41965,1362023,-73.1378668,-36.835395,100,SAN PEDRO DE LA PAZ,1,26474,2021,1362023,REGION BIO BIO,8108,SAN PEDRO DE LA PAZ,DANIEL BELMAR,CAMINO CORONEL,0,"DANIEL BELMAR & CAMINO CORONEL, SAN PEDRO DE LA PAZ",CHILE,GEOMETRIC_CENTER,36518,2021,1362023,1,2021/07/07 00:00:00+00,1899/12/30 00:00:00+00,8,REGION BIO BIO,8108,SAN PEDRO DE LA PAZ,32,COLISION LATERAL,30,COLISION,1,URBANA,11,CRUCE CON SEMAFORO FUNCIONANDO,1,IMPRUDENCIA DEL CONDUCTOR,29,CONDUCCION CAMBIAR SORPRESIVAMENTE PISTA CIRCULACION,0,DANIEL BELMAR,0,CAMINO CORONEL,CAMINO CORONEL - DANIEL BELMAR,0, , , , ,2,2,2,BIDIRECCIONAL,1,CONCRETO,1,BUENO,3,MOJADO,3,LLUVIA,0,0,0,0,2
-8141872.58003602,-4416170.3970326,4501,41966,1396913,-73.1396858,-36.8352703,100,SAN PEDRO DE LA PAZ,1,51224,2021,1396913,REGION BIO BIO,8108,SAN PEDRO DE LA PAZ,UNO NORTE, ,130,"UNO NORTE 130, SAN PEDRO DE LA PAZ",CHILE,RANGE_INTERPOLATED,69695,2021,1396913,1,2021/11/19 00:00:00+00,1899/12/30 00:00:00+00,8,REGION BIO BIO,8108,SAN PEDRO DE LA PAZ,32,COLISION LATERAL,30,COLISION,1,URBANA,1,TRAMO DE VIA RECTA,1,IMPRUDENCIA DEL CONDUCTOR,29,CONDUCCION CAMBIAR SORPRESIVAMENTE PISTA CIRCULACION,0,UNO NORTE,0, ,- UNO NORTE,130, , , , ,1,1,2,BIDIRECCIONAL,1,CONCRETO,1,BUENO,1,SECO,1,DESPEJADO,0,0,0,0,2
-8137586.98001556,-4416140.576962,4502,41967,1346402,-73.1011876,-36.8350559,100,SAN PEDRO DE LA PAZ,1,15546,2021,1346402,REGION BIO BIO,8108,SAN PEDRO DE LA PAZ,JORGE ALESSANDRI,PEDRO AGUIRRE CERDA,0,"JORGE ALESSANDRI & PEDRO AGUIRRE CERDA, SAN PEDRO DE LA PAZ",CHILE,GEOMETRIC_CENTER,21404,2021,1346402,1,2021/04/26 00:00:00+00,1899/12/30 00:00:00+00,8,REGION BIO BIO,8108,SAN PEDRO DE LA PAZ,30,COLISION,30,COLISION,1,URBANA,21,ENLACE A NIVEL,13,CAUSAS NO DETERMINADAS,97,CAUSAS NO DETERMINADAS,0,JORGE ALESSANDRI,0,PEDRO AGUIRRE CERDA,JORGE ALESSANDRI - PEDRO AGUIRRE CERDA,0, , , , ,2,2,2,BIDIRECCIONAL,2,ASFALTO,1,BUENO,1,SECO,2,NUBLADO,0,0,0,0,2
-8137586.98001556,-4416140.576962,4503,41968,1346404,-73.1011876,-36.8350559,100,SAN PEDRO DE LA PAZ,1,15791,2021,1346404,REGION BIO BIO,8108,SAN PEDRO DE LA PAZ,JORGE ALESSANDRI,PEDRO AGUIRRE CERDA,0,"JORGE ALESSANDRI & PEDRO AGUIRRE CERDA, SAN PEDRO DE LA PAZ",CHILE,GEOMETRIC_CENTER,21750,2021,1346404,1,2021/04/28 00:00:00+00,1899/12/30 00:00:00+00,8,REGION BIO BIO,8108,SAN PEDRO DE LA PAZ,30,COLISION,30,COLISION,1,URBANA,11,CRUCE CON SEMAFORO FUNCIONANDO,13,CAUSAS NO DETERMINADAS,97,CAUSAS NO DETERMINADAS,0,JORGE ALESSANDRI,0,PEDRO AGUIRRE CERDA,JORGE ALESSANDRI - PEDRO AGUIRRE CERDA,0, , , , ,2,2,2,BIDIRECCIONAL,2,ASFALTO,1,BUENO,1,SECO,1,DESPEJADO,0,0,0,1,1
-8137586.98001556,-4416140.576962,4504,41969,1368560,-73.1011876,-36.8350559,100,SAN PEDRO DE LA PAZ,1,27242,2021,1368560,REGION BIO BIO,8108,SAN PEDRO DE LA PAZ,JORGE ALESSANDRI,PEDRO AGUIRRE CERDA,0,"JORGE ALESSANDRI & PEDRO AGUIRRE CERDA, SAN PEDRO DE LA PAZ",CHILE,GEOMETRIC_CENTER,37560,2021,1368560,1,2021/07/11 00:00:00+00,1899/12/30 00:00:00+00,8,REGION BIO BIO,8108,SAN PEDRO DE LA PAZ,63,CHOQUE FRENTE/POSTERIOR,40,CHOQUE,1,URBANA,1,TRAMO DE VIA RECTA,1,IMPRUDENCIA DEL CONDUCTOR,27,CONDUCCION NO ATENTO CONDICIONES TRANSITO MOMENTO,0,JORGE ALESSANDRI,0,PEDRO AGUIRRE CERDA,JORGE ALESSANDRI - PEDRO AGUIRRE CERDA,0, , , , ,1,1,2,BIDIRECCIONAL,2,ASFALTO,1,BUENO,1,SECO,1,DESPEJADO,0,0,1,0,1
-8137586.98001556,-4416140.576962,4505,41970,1373217,-73.1011876,-36.8350559,100,SAN PEDRO DE LA PAZ,1,32546,2021,1373217,REGION BIO BIO,8108,SAN PEDRO DE LA PAZ,JORGE ALESSANDRI,LAS ROSAS,0,"JORGE ALESSANDRI & LAS ROSAS, SAN PEDRO DE LA PAZ",CHILE,GEOMETRIC_CENTER,44899,2021,1373217,1,2021/08/10 00:00:00+00,1899/12/30 00:00:00+00,8,REGION BIO BIO,8108,SAN PEDRO DE LA PAZ,32,COLISION LATERAL,30,COLISION,1,URBANA,5,PUENTE,1,IMPRUDENCIA DEL CONDUCTOR,27,CONDUCCION NO ATENTO CONDICIONES TRANSITO MOMENTO,0,JORGE ALESSANDRI,0,LAS ROSAS,JORGE ALESSANDRI - LAS ROSAS,0, , , , ,1,1,2,BIDIRECCIONAL,1,CONCRETO,1,BUENO,1,SECO,1,DESPEJADO,0,0,0,0,2
-8137586.98001556,-4416140.576962,4506,41971,1373368,-73.1011876,-36.8350559,100,SAN PEDRO DE LA PAZ,1,33427,2021,1373368,REGION BIO BIO,8108,SAN PEDRO DE LA PAZ,JORGE ALESSANDRI,PEDRO AGUIRRE CERDA,0,"JORGE ALESSANDRI & PEDRO AGUIRRE CERDA, SAN PEDRO DE LA PAZ",CHILE,GEOMETRIC_CENTER,46081,2021,1373368,1,2021/08/15 00:00:00+00,1899/12/30 00:00:00+00,8,REGION BIO BIO,8108,SAN PEDRO DE LA PAZ,70,VOLCADURA,70,VOLCADURA,1,URBANA,12,CRUCE CON SEMAFORO APAGADO,9,PERDIDA CONTROL VEHICULO,95,PERDIDA CONTROL VEHICULO,0,JORGE ALESSANDRI,0,PEDRO AGUIRRE CERDA,JORGE ALESSANDRI - PEDRO AGUIRRE CERDA,0, , , , ,1,1,2,BIDIRECCIONAL,1,CONCRETO,1,BUENO,1,SECO,1,DESPEJADO,0,0,0,0,1
-8137586.98001556,-4416140.576962,4507,41972,1376051,-73.1011876,-36.8350559,100,SAN PEDRO DE LA PAZ,1,35960,2021,1376051,REGION BIO BIO,8108,SAN PEDRO DE LA PAZ,JORGE ALESSANDRI,PEDRO AGUIRRE CERDA,0,"JORGE ALESSANDRI & PEDRO AGUIRRE CERDA, SAN PEDRO DE LA PAZ",CHILE,GEOMETRIC_CENTER,49512,2021,1376051,1,2021/08/29 00:00:00+00,1899/12/30 00:00:00+00,8,REGION BIO BIO,8108,SAN PEDRO DE LA PAZ,33,COLISION POR ALCANCE,30,COLISION,1,URBANA,1,TRAMO DE VIA RECTA,4,ALCOHOL EN CONDUCTOR,24,CONDUCCION EN ESTADO DE EBRIEDAD,0,JORGE ALESSANDRI,0,PEDRO AGUIRRE CERDA,JORGE ALESSANDRI - PEDRO AGUIRRE CERDA,0, , , , ,1,1,2,BIDIRECCIONAL,1,CONCRETO,1,BUENO,1,SECO,1,DESPEJADO,0,0,0,0,3
-8139497.74567918,-4416024.20437971,4508,41973,1332947,-73.1183523,-36.8342192,100,SAN PEDRO DE LA PAZ,1,6802,2021,1332947,REGION BIO BIO,8108,SAN PEDRO DE LA PAZ,CHOROYES, ,190,"CHOROYES 190, SAN PEDRO DE LA PAZ",CHILE,RANGE_INTERPOLATED,9527,2021,1332947,1,2021/02/19 00:00:00+00,1899/12/30 00:00:00+00,8,REGION BIO BIO,8108,SAN PEDRO DE LA PAZ,10,ATROPELLO,10,ATROPELLO,1,URBANA,1,TRAMO DE VIA RECTA,7,VELOCIDAD IMPRUDENTE,72,VELOCIDAD NO RAZONABLE NI PRUDENTE,0,CHOROYES,0, ,- CHOROYES,190, , , , ,1,1,2,BIDIRECCIONAL,1,CONCRETO,1,BUENO,1,SECO,1,DESPEJADO,0,0,0,1,1
-8135113.60564548,-4416023.13342962,4509,41974,1325798,-73.0789689,-36.8342115,100,SAN PEDRO DE LA PAZ,0,994,2021,1325798,REGION BIO BIO,8101,CONCEPCION,PUENTE LA MOCHITA,COSTANERA,0,"PUENTE LA MOCHITA & COSTANERA, CONCEPCION",CHILE,GEOMETRIC_CENTER,1349,2021,1325798,1,2021/01/07 00:00:00+00,1899/12/30 00:00:00+00,8,REGION BIO BIO,8101,CONCEPCION,32,COLISION LATERAL,30,COLISION,1,URBANA,1,TRAMO DE VIA RECTA,1,IMPRUDENCIA DEL CONDUCTOR,23,CONDUCCION CONTRA SENTIDO DEL TRANSITO,0,PUENTE LA MOCHITA,0,COSTANERA,COSTANERA - PUENTE LA MOCHITA,0, , , , ,2,0,1,UNIDIRECCIONAL,1,CONCRETO,1,BUENO,1,SECO,1,DESPEJADO,0,0,0,0,2
-8135113.60564548,-4416023.13342962,4510,41975,1334788,-73.0789689,-36.8342115,100,SAN PEDRO DE LA PAZ,1,5582,2021,1334788,REGION BIO BIO,8108,SAN PEDRO DE LA PAZ,PUENTE LLACOLEN,MICHIMALONCO,0,"PUENTE LLACOLEN & MICHIMALONCO, SAN PEDRO DE LA PAZ",CHILE,GEOMETRIC_CENTER,7789,2021,1334788,1,2021/02/10 00:00:00+00,1899/12/30 00:00:00+00,8,REGION BIO BIO,8108,SAN PEDRO DE LA PAZ,30,COLISION,30,COLISION,1,URBANA,5,PUENTE,13,CAUSAS NO DETERMINADAS,97,CAUSAS NO DETERMINADAS,0,PUENTE LLACOLEN,0,MICHIMALONCO,MICHIMALONCO - PUENTE LLACOLEN,0, , , , ,1,1,2,BIDIRECCIONAL,2,ASFALTO,1,BUENO,1,SECO,1,DESPEJADO,0,0,0,0,1
-8135113.60564548,-4416023.13342962,4511,41976,1340601,-73.0789689,-36.8342115,100,SAN PEDRO DE LA PAZ,1,8186,2021,1340601,REGION BIO BIO,8108,SAN PEDRO DE LA PAZ,PEDRO AGUIRRE CERDA,PUENTE LLACOLEN,0,"PEDRO AGUIRRE CERDA & PUENTE LLACOLEN, SAN PEDRO DE LA PAZ",CHILE,GEOMETRIC_CENTER,11490,2021,1340601,1,2021/03/01 00:00:00+00,1899/12/30 00:00:00+00,8,REGION BIO BIO,8108,SAN PEDRO DE LA PAZ,69,CHOQUE POSTERIOR/POSTERIOR,40,CHOQUE,1,URBANA,22,ENLACE A DESNIVEL,13,CAUSAS NO DETERMINADAS,97,CAUSAS NO DETERMINADAS,0,PEDRO AGUIRRE CERDA,0,PUENTE LLACOLEN,PEDRO AGUIRRE CERDA - PUENTE LLACOLEN,0, , , , ,2,2,2,BIDIRECCIONAL,2,ASFALTO,1,BUENO,1,SECO,1,DESPEJADO,0,0,0,1,0