X,Y,FID,FID_1,LABELID,POINT_X,POINT_Y,FID_2,COMUNAREAL,VAL_COM,OBJECTID,A_O,IDACCIDENT,REGION,COD_COMUN,COMUNA,CALLE_UNO,CALLE_DOS,NUMERO,DIR_GEOCOD,PAIS,TIPO,OBJECTID_1,Año,Idaccide_1,Claseaccid,Fecha,Hora,Cód_Regi,Región,Cód_Comun,Comuna_1,Cód_Tipo_,Tipo_Accid,Cód_Tipo1,Tipo__CONA,Cód_Zona,Zona,Cód_Ubica,Ubicación,Cód_Causa,Causa__CON,Cód_Cau_1,Causa,Cód_Calle,Calle_Un_1,Cód_Cal_1,Calle_Do_1,Intersecci,Número,Ruta,Cód_Ruta,Ubicaci_1,Km_Vía_Fe,Pistas_de_,Pistas_de1,Cód_Calza,Calzada,Cód__Tipo,Tipo_Calza,Cód_Estad,Estado_Cal,Cód_Condi,Condición,Cód_Est_1,Estado_Atm,Fallecidos,Graves,Menos_Grav,Leves,Ilesos
-8135113.60564548,-4416023.13342962,4512,41977,1336667,-73.0789689,-36.8342115,100,SAN PEDRO DE LA PAZ,1,8823,2021,1336667,REGION BIO BIO,8108,SAN PEDRO DE LA PAZ,PUENTE LLACOLEN,COSTANERA,0,"PUENTE LLACOLEN & COSTANERA, SAN PEDRO DE LA PAZ",CHILE,GEOMETRIC_CENTER,12342,2021,1336667,1,2021/03/05 00:00:00+00,1899/12/30 00:00:00+00,8,REGION BIO BIO,8108,SAN PEDRO DE LA PAZ,53,CHOQUE POSTERIOR,40,CHOQUE,1,URBANA,5,PUENTE,1,IMPRUDENCIA DEL CONDUCTOR,28,CONDUCCION SIN MANTENER DISTANCIA RAZONABLE NI PRUDENTE,0,PUENTE LLACOLEN,0,COSTANERA,COSTANERA - PUENTE LLACOLEN,0, , , , ,2,2,2,BIDIRECCIONAL,1,CONCRETO,1,BUENO,1,SECO,1,DESPEJADO,0,0,0,0,2
-8135113.60564548,-4416023.13342962,4513,41978,1340610,-73.0789689,-36.8342115,100,SAN PEDRO DE LA PAZ,1,10432,2021,1340610,REGION BIO BIO,8108,SAN PEDRO DE LA PAZ,PUENTE PATRICIO AYLWIN,PEDRO AGUIRRE CERDA,0,"PUENTE PATRICIO AYLWIN & PEDRO AGUIRRE CERDA, SAN PEDRO DE LA PAZ",CHILE,GEOMETRIC_CENTER,14526,2021,1340610,1,2021/03/15 00:00:00+00,1899/12/30 00:00:00+00,8,REGION BIO BIO,8108,SAN PEDRO DE LA PAZ,30,COLISION,30,COLISION,1,URBANA,5,PUENTE,13,CAUSAS NO DETERMINADAS,97,CAUSAS NO DETERMINADAS,0,PUENTE PATRICIO AYLWIN,0,PEDRO AGUIRRE CERDA,PEDRO AGUIRRE CERDA - PUENTE PATRICIO AYLWIN,0, , , , ,2,2,2,BIDIRECCIONAL,2,ASFALTO,1,BUENO,1,SECO,2,NUBLADO,0,0,0,0,1
-8135113.60564548,-4416023.13342962,4514,41979,1346394,-73.0789689,-36.8342115,100,SAN PEDRO DE LA PAZ,1,13939,2021,1346394,REGION BIO BIO,8108,SAN PEDRO DE LA PAZ,PEDRO AGUIRRE CERDA,PUENTE LLACOLEN,0,"PEDRO AGUIRRE CERDA & PUENTE LLACOLEN, SAN PEDRO DE LA PAZ",CHILE,GEOMETRIC_CENTER,19259,2021,1346394,1,2021/04/14 00:00:00+00,1899/12/30 00:00:00+00,8,REGION BIO BIO,8108,SAN PEDRO DE LA PAZ,30,COLISION,30,COLISION,1,URBANA,22,ENLACE A DESNIVEL,13,CAUSAS NO DETERMINADAS,97,CAUSAS NO DETERMINADAS,0,PEDRO AGUIRRE CERDA,0,PUENTE LLACOLEN,PEDRO AGUIRRE CERDA - PUENTE LLACOLEN,0, , , , ,2,2,2,BIDIRECCIONAL,2,ASFALTO,1,BUENO,1,SECO,1,DESPEJADO,0,0,0,1,1
-8135113.60564548,-4416023.13342962,4515,41980,1352118,-73.0789689,-36.8342115,100,SAN PEDRO DE LA PAZ,0,19161,2021,1352118,REGION BIO BIO,8101,CONCEPCION,PUENTE LLACOLEN,COSTANERA,0,"PUENTE LLACOLEN & COSTANERA, CONCEPCION",CHILE,GEOMETRIC_CENTER,26366,2021,1352118,1,2021/05/21 00:00:00+00,1899/12/30 00:00:00+00,8,REGION BIO BIO,8101,CONCEPCION,50,CHOQUE,40,CHOQUE,1,URBANA,5,PUENTE,9,PERDIDA CONTROL VEHICULO,95,PERDIDA CONTROL VEHICULO,0,PUENTE LLACOLEN,0,COSTANERA,COSTANERA - PUENTE LLACOLEN,0, , , , ,2,2,3,BIDIRECCIONAL CON BANDEJON,1,CONCRETO,1,BUENO,1,SECO,1,DESPEJADO,0,0,0,0,1
-8135113.60564548,-4416023.13342962,4516,41981,1357344,-73.0789689,-36.8342115,100,SAN PEDRO DE LA PAZ,0,23517,2021,1357344,REGION BIO BIO,8101,CONCEPCION,PUENTE LLACOLEN,COSTANERA,0,"PUENTE LLACOLEN & COSTANERA, CONCEPCION",CHILE,GEOMETRIC_CENTER,32407,2021,1357344,1,2021/06/18 00:00:00+00,1899/12/30 00:00:00+00,8,REGION BIO BIO,8101,CONCEPCION,32,COLISION LATERAL,30,COLISION,1,URBANA,5,PUENTE,1,IMPRUDENCIA DEL CONDUCTOR,11,ADELANTAMIENTO SIN EL ESPACIO O TIEMPO SUFICIENTE,0,PUENTE LLACOLEN,0,COSTANERA,COSTANERA - PUENTE LLACOLEN,0, , , , ,2,2,2,BIDIRECCIONAL,1,CONCRETO,1,BUENO,1,SECO,5,NEBLINA,0,0,0,1,1
-8135113.60564548,-4416023.13342962,4517,41982,1357939,-73.0789689,-36.8342115,100,SAN PEDRO DE LA PAZ,0,24184,2021,1357939,REGION BIO BIO,8101,CONCEPCION,PUENTE LLACOLEN,COSTANERA,0,"PUENTE LLACOLEN & COSTANERA, CONCEPCION",CHILE,GEOMETRIC_CENTER,33330,2021,1357939,1,2021/06/22 00:00:00+00,1899/12/30 00:00:00+00,8,REGION BIO BIO,8101,CONCEPCION,32,COLISION LATERAL,30,COLISION,1,URBANA,5,PUENTE,1,IMPRUDENCIA DEL CONDUCTOR,27,CONDUCCION NO ATENTO CONDICIONES TRANSITO MOMENTO,0,PUENTE LLACOLEN,0,COSTANERA,COSTANERA - PUENTE LLACOLEN,0, , , , ,2,2,3,BIDIRECCIONAL CON BANDEJON,1,CONCRETO,1,BUENO,1,SECO,2,NUBLADO,0,0,1,0,2
-8135113.60564548,-4416023.13342962,4518,41983,1358672,-73.0789689,-36.8342115,100,SAN PEDRO DE LA PAZ,0,24198,2021,1358672,REGION BIO BIO,8103,CHIGUAYANTE,PUENTE LLACOLEN,PUENTE LLACOLEN,0,"PUENTE LLACOLEN & PUENTE LLACOLEN, CHIGUAYANTE",CHILE,GEOMETRIC_CENTER,33351,2021,1358672,1,2021/06/22 00:00:00+00,1899/12/30 00:00:00+00,8,REGION BIO BIO,8103,CHIGUAYANTE,30,COLISION,30,COLISION,1,URBANA,1,TRAMO DE VIA RECTA,1,IMPRUDENCIA DEL CONDUCTOR,27,CONDUCCION NO ATENTO CONDICIONES TRANSITO MOMENTO,0,PUENTE LLACOLEN,0,PUENTE LLACOLEN,PUENTE LLACOLEN - PUENTE LLACOLEN,0, , , , ,1,1,2,BIDIRECCIONAL,1,CONCRETO,1,BUENO,2,HUMEDO,2,NUBLADO,0,1,0,0,1
-8135113.60564548,-4416023.13342962,4519,41984,1359638,-73.0789689,-36.8342115,100,SAN PEDRO DE LA PAZ,0,25187,2021,1359638,REGION BIO BIO,8101,CONCEPCION,COSTANERA,PUENTE CHACOLEN,0,"COSTANERA & PUENTE CHACOLEN, CONCEPCION",CHILE,GEOMETRIC_CENTER,34822,2021,1359638,1,2021/06/29 00:00:00+00,1899/12/30 00:00:00+00,8,REGION BIO BIO,8101,CONCEPCION,32,COLISION LATERAL,30,COLISION,1,URBANA,1,TRAMO DE VIA RECTA,1,IMPRUDENCIA DEL CONDUCTOR,14,ADELANTAMIENTO SOBREPASANDO LINEA CONTINUA,0,COSTANERA,0,PUENTE CHACOLEN,COSTANERA - PUENTE CHACOLEN,0, , , , ,2,2,2,BIDIRECCIONAL,1,CONCRETO,1,BUENO,1,SECO,1,DESPEJADO,0,0,0,1,1
-8135113.60564548,-4416023.13342962,4520,41985,1367268,-73.0789689,-36.8342115,100,SAN PEDRO DE LA PAZ,1,28813,2021,1367268,REGION BIO BIO,8108,SAN PEDRO DE LA PAZ,SALIDA SUR PUENTE LLACOLEN,PEDRO AGUIRRE CERDA,0,"SALIDA SUR PUENTE LLACOLEN & PEDRO AGUIRRE CERDA, SAN PEDRO DE LA PAZ",CHILE,GEOMETRIC_CENTER,39810,2021,1367268,1,2021/07/20 00:00:00+00,1899/12/30 00:00:00+00,8,REGION BIO BIO,8108,SAN PEDRO DE LA PAZ,70,VOLCADURA,70,VOLCADURA,1,URBANA,5,PUENTE,9,PERDIDA CONTROL VEHICULO,95,PERDIDA CONTROL VEHICULO,0,SALIDA SUR PUENTE LLACOLEN,0,PEDRO AGUIRRE CERDA,PEDRO AGUIRRE CERDA - SALIDA SUR PUENTE LLACOLEN,0, , , , ,3,3,3,BIDIRECCIONAL CON BANDEJON,2,ASFALTO,1,BUENO,1,SECO,1,DESPEJADO,0,1,0,0,0
-8135113.60564548,-4416023.13342962,4521,41986,1375836,-73.0789689,-36.8342115,100,SAN PEDRO DE LA PAZ,0,35541,2021,1375836,REGION BIO BIO,8101,CONCEPCION,COSTANERA,PUENTE LLACOLEN,0,"COSTANERA & PUENTE LLACOLEN, CONCEPCION",CHILE,GEOMETRIC_CENTER,48934,2021,1375836,1,2021/08/27 00:00:00+00,1899/12/30 00:00:00+00,8,REGION BIO BIO,8101,CONCEPCION,30,COLISION,30,COLISION,1,URBANA,1,TRAMO DE VIA RECTA,1,IMPRUDENCIA DEL CONDUCTOR,27,CONDUCCION NO ATENTO CONDICIONES TRANSITO MOMENTO,0,COSTANERA,0,PUENTE LLACOLEN,COSTANERA - PUENTE LLACOLEN,0, , , , ,3,3,3,BIDIRECCIONAL CON BANDEJON,1,CONCRETO,1,BUENO,1,SECO,1,DESPEJADO,0,0,0,0,2
-8135113.60564548,-4416023.13342962,4522,41987,1381054,-73.0789689,-36.8342115,100,SAN PEDRO DE LA PAZ,0,39738,2021,1381054,REGION BIO BIO,8101,CONCEPCION,COSTANERA,PUENTE LLACOLEN,0,"COSTANERA & PUENTE LLACOLEN, CONCEPCION",CHILE,GEOMETRIC_CENTER,54566,2021,1381054,1,2021/09/19 00:00:00+00,1899/12/30 00:00:00+00,8,REGION BIO BIO,8101,CONCEPCION,50,CHOQUE,40,CHOQUE,1,URBANA,11,CRUCE CON SEMAFORO FUNCIONANDO,4,ALCOHOL EN CONDUCTOR,24,CONDUCCION EN ESTADO DE EBRIEDAD,0,COSTANERA,0,PUENTE LLACOLEN,COSTANERA - PUENTE LLACOLEN,0, , , , ,1,1,2,BIDIRECCIONAL,1,CONCRETO,1,BUENO,1,SECO,1,DESPEJADO,0,0,0,0,1
-8135113.60564548,-4416023.13342962,4523,41988,1387419,-73.0789689,-36.8342115,100,SAN PEDRO DE LA PAZ,0,44241,2021,1387419,REGION BIO BIO,8101,CONCEPCION,PUENTE LLACOLEN,ARTURO PRAT,0,"PUENTE LLACOLEN & ARTURO PRAT, CONCEPCION",CHILE,GEOMETRIC_CENTER,60492,2021,1387419,1,2021/10/13 00:00:00+00,1899/12/30 00:00:00+00,8,REGION BIO BIO,8101,CONCEPCION,50,CHOQUE,40,CHOQUE,1,URBANA,14,CRUCE CON SEÑAL PARE,1,IMPRUDENCIA DEL CONDUCTOR,28,CONDUCCION SIN MANTENER DISTANCIA RAZONABLE NI PRUDENTE,0,PUENTE LLACOLEN,0,ARTURO PRAT,ARTURO PRAT - PUENTE LLACOLEN,0, , , , ,3,3,2,BIDIRECCIONAL,1,CONCRETO,1,BUENO,1,SECO,1,DESPEJADO,0,0,0,0,3
-8135113.60564548,-4416023.13342962,4524,41989,1399530,-73.0789689,-36.8342115,100,SAN PEDRO DE LA PAZ,1,52409,2021,1399530,REGION BIO BIO,8108,SAN PEDRO DE LA PAZ,PUENTE CHACABUCO,PEDRO AGUIRRE CERDA,0,"PUENTE CHACABUCO & PEDRO AGUIRRE CERDA, SAN PEDRO DE LA PAZ",CHILE,GEOMETRIC_CENTER,71248,2021,1399530,1,2021/11/25 00:00:00+00,1899/12/30 00:00:00+00,8,REGION BIO BIO,8108,SAN PEDRO DE LA PAZ,53,CHOQUE POSTERIOR,40,CHOQUE,1,URBANA,1,TRAMO DE VIA RECTA,1,IMPRUDENCIA DEL CONDUCTOR,28,CONDUCCION SIN MANTENER DISTANCIA RAZONABLE NI PRUDENTE,0,PUENTE CHACABUCO,0,PEDRO AGUIRRE CERDA,PEDRO AGUIRRE CERDA - PUENTE CHACABUCO,0, , , , ,2,2,3,BIDIRECCIONAL CON BANDEJON,1,CONCRETO,1,BUENO,1,SECO,1,DESPEJADO,0,0,0,0,4
-8135113.60564548,-4416023.13342962,4525,41990,1399582,-73.0789689,-36.8342115,100,SAN PEDRO DE LA PAZ,0,53137,2021,1399582,REGION BIO BIO,8101,CONCEPCION,PUENTE CHACABUCO,ESMERALDA,0,"PUENTE CHACABUCO & ESMERALDA, CONCEPCION",CHILE,GEOMETRIC_CENTER,72251,2021,1399582,1,2021/11/29 00:00:00+00,1899/12/30 00:00:00+00,8,REGION BIO BIO,8101,CONCEPCION,32,COLISION LATERAL,30,COLISION,1,URBANA,1,TRAMO DE VIA RECTA,1,IMPRUDENCIA DEL CONDUCTOR,27,CONDUCCION NO ATENTO CONDICIONES TRANSITO MOMENTO,0,PUENTE CHACABUCO,0,ESMERALDA,ESMERALDA - PUENTE CHACABUCO,0, , , , ,1,1,2,BIDIRECCIONAL,1,CONCRETO,1,BUENO,1,SECO,1,DESPEJADO,0,0,0,0,2
-8135113.60564548,-4416023.13342962,4526,41991,1404678,-73.0789689,-36.8342115,100,SAN PEDRO DE LA PAZ,1,55045,2021,1404678,REGION BIO BIO,8108,SAN PEDRO DE LA PAZ,PEDRO AGUIRRE CERDA,PUENTE LLACOLEN,0,"PEDRO AGUIRRE CERDA & PUENTE LLACOLEN, SAN PEDRO DE LA PAZ",CHILE,GEOMETRIC_CENTER,74793,2021,1404678,1,2021/12/09 00:00:00+00,1899/12/30 00:00:00+00,8,REGION BIO BIO,8108,SAN PEDRO DE LA PAZ,52,CHOQUE LATERAL,40,CHOQUE,1,URBANA,1,TRAMO DE VIA RECTA,13,CAUSAS NO DETERMINADAS,97,CAUSAS NO DETERMINADAS,0,PEDRO AGUIRRE CERDA,0,PUENTE LLACOLEN,PEDRO AGUIRRE CERDA - PUENTE LLACOLEN,0, , , , ,2,2,2,BIDIRECCIONAL,2,ASFALTO,1,BUENO,1,SECO,1,DESPEJADO,0,2,0,0,1
-8135113.60564548,-4416023.13342962,4527,41992,1405416,-73.0789689,-36.8342115,100,SAN PEDRO DE LA PAZ,0,55875,2021,1405416,REGION BIO BIO,8101,CONCEPCION,PUENTE LLACOLEN,COSTANERA,0,"PUENTE LLACOLEN & COSTANERA, CONCEPCION",CHILE,GEOMETRIC_CENTER,75963,2021,1405416,1,2021/12/13 00:00:00+00,1899/12/30 00:00:00+00,8,REGION BIO BIO,8101,CONCEPCION,99,OTRO TIPO,99,OTRO TIPO,1,URBANA,1,TRAMO DE VIA RECTA,1,IMPRUDENCIA DEL CONDUCTOR,82,CARGA OBSTRUYE VISUAL CONDUCTOR,0,PUENTE LLACOLEN,0,COSTANERA,COSTANERA - PUENTE LLACOLEN,0, , , , ,2,2,2,BIDIRECCIONAL,1,CONCRETO,1,BUENO,1,SECO,1,DESPEJADO,0,0,0,0,2
-8135113.60564548,-4416023.13342962,4528,41993,1404684,-73.0789689,-36.8342115,100,SAN PEDRO DE LA PAZ,1,56406,2021,1404684,REGION BIO BIO,8108,SAN PEDRO DE LA PAZ,PUENTE CHACABUCO,PEDRO AGUIRRE CERDA,0,"PUENTE CHACABUCO & PEDRO AGUIRRE CERDA, SAN PEDRO DE LA PAZ",CHILE,GEOMETRIC_CENTER,76651,2021,1404684,1,2021/12/16 00:00:00+00,1899/12/30 00:00:00+00,8,REGION BIO BIO,8108,SAN PEDRO DE LA PAZ,52,CHOQUE LATERAL,40,CHOQUE,1,URBANA,22,ENLACE A DESNIVEL,13,CAUSAS NO DETERMINADAS,97,CAUSAS NO DETERMINADAS,0,PUENTE CHACABUCO,0,PEDRO AGUIRRE CERDA,PEDRO AGUIRRE CERDA - PUENTE CHACABUCO,0, , , , ,2,0,1,UNIDIRECCIONAL,2,ASFALTO,1,BUENO,1,SECO,1,DESPEJADO,0,0,0,1,0
-8135113.60564548,-4416023.13342962,4529,41994,1409198,-73.0789689,-36.8342115,100,SAN PEDRO DE LA PAZ,1,59237,2021,1409198,REGION BIO BIO,8108,SAN PEDRO DE LA PAZ,INTERIOR PUENTE LLACOLEN,PEDRO AGUIRRE CERDA,0,"INTERIOR PUENTE LLACOLEN & PEDRO AGUIRRE CERDA, SAN PEDRO DE LA PAZ",CHILE,GEOMETRIC_CENTER,80481,2021,1409198,1,2021/12/30 00:00:00+00,1899/12/30 00:00:00+00,8,REGION BIO BIO,8108,SAN PEDRO DE LA PAZ,69,CHOQUE POSTERIOR/POSTERIOR,40,CHOQUE,1,URBANA,1,TRAMO DE VIA RECTA,13,CAUSAS NO DETERMINADAS,97,CAUSAS NO DETERMINADAS,0,INTERIOR PUENTE LLACOLEN,0,PEDRO AGUIRRE CERDA,INTERIOR PUENTE LLACOLEN - PEDRO AGUIRRE CERDA,0, , , , ,2,0,1,UNIDIRECCIONAL,2,ASFALTO,1,BUENO,1,SECO,1,DESPEJADO,0,0,0,2,1
-8141693.40018364,-4416012.04840713,4530,41995,1396901,-73.1380762,-36.8341318,100,SAN PEDRO DE LA PAZ,1,51203,2021,1396901,REGION BIO BIO,8108,SAN PEDRO DE LA PAZ,DANIEL BELMAR, ,1235,"DANIEL BELMAR 1235, SAN PEDRO DE LA PAZ",CHILE,RANGE_INTERPOLATED,69673,2021,1396901,1,2021/11/19 00:00:00+00,1899/12/30 00:00:00+00,8,REGION BIO BIO,8108,SAN PEDRO DE LA PAZ,31,COLISION FRONTAL,30,COLISION,1,URBANA,1,TRAMO DE VIA RECTA,1,IMPRUDENCIA DEL CONDUCTOR,29,CONDUCCION CAMBIAR SORPRESIVAMENTE PISTA CIRCULACION,0,DANIEL BELMAR,0, ,- DANIEL BELMAR,1235, , , , ,1,1,2,BIDIRECCIONAL,1,CONCRETO,1,BUENO,1,SECO,1,DESPEJADO,0,1,0,0,1
-8137634.94758415,-4415971.99221134,4531,41996,1340443,-73.1016185,-36.8338438,100,SAN PEDRO DE LA PAZ,1,11052,2021,1340443,REGION BIO BIO,8108,SAN PEDRO DE LA PAZ,JORGE ALESSANDRI,HUERTOS FAMILIARES,0,"JORGE ALESSANDRI & HUERTOS FAMILIARES, SAN PEDRO DE LA PAZ",CHILE,GEOMETRIC_CENTER,15329,2021,1340443,1,2021/03/19 00:00:00+00,1899/12/30 00:00:00+00,8,REGION BIO BIO,8108,SAN PEDRO DE LA PAZ,10,ATROPELLO,10,ATROPELLO,1,URBANA,11,CRUCE CON SEMAFORO FUNCIONANDO,2,IMPRUDENCIA DEL PEATON,55,PEATON CRUZA CALZADA FUERA PASO PEATONES,0,JORGE ALESSANDRI,0,HUERTOS FAMILIARES,HUERTOS FAMILIARES - JORGE ALESSANDRI,0, , , , ,2,2,2,BIDIRECCIONAL,1,CONCRETO,1,BUENO,1,SECO,1,DESPEJADO,0,1,0,0,1
-8137634.94758415,-4415971.99221134,4532,41997,1346294,-73.1016185,-36.8338438,100,SAN PEDRO DE LA PAZ,1,14954,2021,1346294,REGION BIO BIO,8108,SAN PEDRO DE LA PAZ,JORGE ALESSANDRI,LAS VIOLETAS,0,"JORGE ALESSANDRI & LAS VIOLETAS, SAN PEDRO DE LA PAZ",CHILE,GEOMETRIC_CENTER,20623,2021,1346294,1,2021/04/22 00:00:00+00,1899/12/30 00:00:00+00,8,REGION BIO BIO,8108,SAN PEDRO DE LA PAZ,53,CHOQUE POSTERIOR,40,CHOQUE,1,URBANA,1,TRAMO DE VIA RECTA,1,IMPRUDENCIA DEL CONDUCTOR,28,CONDUCCION SIN MANTENER DISTANCIA RAZONABLE NI PRUDENTE,0,JORGE ALESSANDRI,0,LAS VIOLETAS,JORGE ALESSANDRI - LAS VIOLETAS,0, , , , ,2,2,2,BIDIRECCIONAL,1,CONCRETO,1,BUENO,1,SECO,1,DESPEJADO,0,0,0,0,2
-8137634.94758415,-4415971.99221134,4533,41998,1346314,-73.1016185,-36.8338438,100,SAN PEDRO DE LA PAZ,1,14955,2021,1346314,REGION BIO BIO,8108,SAN PEDRO DE LA PAZ,JORGE ALESSANDRI,LAS VIOLETAS,0,"JORGE ALESSANDRI & LAS VIOLETAS, SAN PEDRO DE LA PAZ",CHILE,GEOMETRIC_CENTER,20624,2021,1346314,1,2021/04/22 00:00:00+00,1899/12/30 00:00:00+00,8,REGION BIO BIO,8108,SAN PEDRO DE LA PAZ,53,CHOQUE POSTERIOR,40,CHOQUE,1,URBANA,11,CRUCE CON SEMAFORO FUNCIONANDO,1,IMPRUDENCIA DEL CONDUCTOR,28,CONDUCCION SIN MANTENER DISTANCIA RAZONABLE NI PRUDENTE,0,JORGE ALESSANDRI,0,LAS VIOLETAS,JORGE ALESSANDRI - LAS VIOLETAS,0, , , , ,2,2,3,BIDIRECCIONAL CON BANDEJON,1,CONCRETO,1,BUENO,1,SECO,1,DESPEJADO,0,0,0,0,2
-8137634.94758415,-4415971.99221134,4534,41999,1359201,-73.1016185,-36.8338438,100,SAN PEDRO DE LA PAZ,1,23211,2021,1359201,REGION BIO BIO,8108,SAN PEDRO DE LA PAZ,JORGE ALESSANDRI,LAS VIOLETAS,0,"JORGE ALESSANDRI & LAS VIOLETAS, SAN PEDRO DE LA PAZ",CHILE,GEOMETRIC_CENTER,31983,2021,1359201,1,2021/06/16 00:00:00+00,1899/12/30 00:00:00+00,8,REGION BIO BIO,8108,SAN PEDRO DE LA PAZ,67,CHOQUE POSTERIOR/FRENTE,40,CHOQUE,1,URBANA,11,CRUCE CON SEMAFORO FUNCIONANDO,13,CAUSAS NO DETERMINADAS,97,CAUSAS NO DETERMINADAS,0,JORGE ALESSANDRI,0,LAS VIOLETAS,JORGE ALESSANDRI - LAS VIOLETAS,0, , , , ,2,2,2,BIDIRECCIONAL,2,ASFALTO,1,BUENO,1,SECO,1,DESPEJADO,0,0,0,0,1
-8137634.94758415,-4415971.99221134,4535,42000,1391237,-73.1016185,-36.8338438,100,SAN PEDRO DE LA PAZ,1,47495,2021,1391237,REGION BIO BIO,8108,SAN PEDRO DE LA PAZ,PRESIDENTE JORGE ALESSANDRI,LAS VIOLETAS,0,"PRESIDENTE JORGE ALESSANDRI & LAS VIOLETAS, SAN PEDRO DE LA PAZ",CHILE,GEOMETRIC_CENTER,64796,2021,1391237,1,2021/10/31 00:00:00+00,1899/12/30 00:00:00+00,8,REGION BIO BIO,8108,SAN PEDRO DE LA PAZ,69,CHOQUE POSTERIOR/POSTERIOR,40,CHOQUE,1,URBANA,11,CRUCE CON SEMAFORO FUNCIONANDO,13,CAUSAS NO DETERMINADAS,97,CAUSAS NO DETERMINADAS,0,PRESIDENTE JORGE ALESSANDRI,0,LAS VIOLETAS,LAS VIOLETAS - PRESIDENTE JORGE ALESSANDRI,0, , , , ,2,2,2,BIDIRECCIONAL,2,ASFALTO,1,BUENO,1,SECO,1,DESPEJADO,0,0,0,0,2
-8134991.7441989,-4415964.3286994,4536,42001,1378397,-73.0778742,-36.8337887,100,SAN PEDRO DE LA PAZ,0,36879,2021,1378397,REGION BIO BIO,8101,CONCEPCION,PUENTE LLACOLEN, ,1,"PUENTE LLACOLEN 1, CONCEPCION",CHILE,RANGE_INTERPOLATED,50713,2021,1378397,1,2021/09/03 00:00:00+00,1899/12/30 00:00:00+00,8,REGION BIO BIO,8101,CONCEPCION,30,COLISION,30,COLISION,1,URBANA,5,PUENTE,4,ALCOHOL EN CONDUCTOR,24,CONDUCCION EN ESTADO DE EBRIEDAD,0,PUENTE LLACOLEN,0, ,- PUENTE LLACOLEN,1, , , , ,2,2,2,BIDIRECCIONAL,2,ASFALTO,1,BUENO,1,SECO,2,NUBLADO,0,0,0,2,0
-8134991.7441989,-4415964.3286994,4537,42002,1391225,-73.0778742,-36.8337887,100,SAN PEDRO DE LA PAZ,0,44422,2021,1391225,REGION BIO BIO,8101,CONCEPCION,PUENTE LLACOLEN, ,1,"PUENTE LLACOLEN 1, CONCEPCION",CHILE,RANGE_INTERPOLATED,60731,2021,1391225,1,2021/10/14 00:00:00+00,1899/12/30 00:00:00+00,8,REGION BIO BIO,8101,CONCEPCION,69,CHOQUE POSTERIOR/POSTERIOR,40,CHOQUE,1,URBANA,5,PUENTE,13,CAUSAS NO DETERMINADAS,97,CAUSAS NO DETERMINADAS,0,PUENTE LLACOLEN,0, ,- PUENTE LLACOLEN,1, , , , ,2,2,2,BIDIRECCIONAL,2,ASFALTO,1,BUENO,2,HUMEDO,4,LLOVIZNA,0,0,0,0,1
-8134991.7441989,-4415964.3286994,4538,42003,1387204,-73.0778742,-36.8337887,100,SAN PEDRO DE LA PAZ,0,44772,2021,1387204,REGION BIO BIO,8101,CONCEPCION,PUENTE LLACOLEN, ,2,"PUENTE LLACOLEN 2, CONCEPCION",CHILE,RANGE_INTERPOLATED,61198,2021,1387204,1,2021/10/16 00:00:00+00,1899/12/30 00:00:00+00,8,REGION BIO BIO,8101,CONCEPCION,33,COLISION POR ALCANCE,30,COLISION,1,URBANA,5,PUENTE,1,IMPRUDENCIA DEL CONDUCTOR,28,CONDUCCION SIN MANTENER DISTANCIA RAZONABLE NI PRUDENTE,0,PUENTE LLACOLEN,0, ,- PUENTE LLACOLEN,2, , , , ,2,2,2,BIDIRECCIONAL,1,CONCRETO,1,BUENO,1,SECO,1,DESPEJADO,0,0,0,1,1
-8137567.56589637,-4415940.80967999,4539,42004,1340607,-73.1010132,-36.8336196,100,SAN PEDRO DE LA PAZ,1,9456,2021,1340607,REGION BIO BIO,8108,SAN PEDRO DE LA PAZ,JORGE ALESSANDRI,LOS PENSAMIENTOS,0,"JORGE ALESSANDRI & LOS PENSAMIENTOS, SAN PEDRO DE LA PAZ",CHILE,GEOMETRIC_CENTER,13198,2021,1340607,1,2021/03/09 00:00:00+00,1899/12/30 00:00:00+00,8,REGION BIO BIO,8108,SAN PEDRO DE LA PAZ,30,COLISION,30,COLISION,1,URBANA,1,TRAMO DE VIA RECTA,13,CAUSAS NO DETERMINADAS,97,CAUSAS NO DETERMINADAS,0,JORGE ALESSANDRI,0,LOS PENSAMIENTOS,JORGE ALESSANDRI - LOS PENSAMIENTOS,0, , , , ,2,2,2,BIDIRECCIONAL,2,ASFALTO,1,BUENO,1,SECO,1,DESPEJADO,0,0,0,0,2
-8137567.56589637,-4415940.80967999,4540,42005,1356512,-73.1010132,-36.8336196,100,SAN PEDRO DE LA PAZ,1,22315,2021,1356512,REGION BIO BIO,8108,SAN PEDRO DE LA PAZ,JORGE ALESSANDRI,LOS PENSAMIENTOS,0,"JORGE ALESSANDRI & LOS PENSAMIENTOS, SAN PEDRO DE LA PAZ",CHILE,GEOMETRIC_CENTER,30751,2021,1356512,1,2021/06/10 00:00:00+00,1899/12/30 00:00:00+00,8,REGION BIO BIO,8108,SAN PEDRO DE LA PAZ,32,COLISION LATERAL,30,COLISION,1,URBANA,1,TRAMO DE VIA RECTA,12,FALLAS MECANICAS,2,FALLAS MECANICAS DIRECCION,0,JORGE ALESSANDRI,0,LOS PENSAMIENTOS,JORGE ALESSANDRI - LOS PENSAMIENTOS,0, , , , ,2,2,2,BIDIRECCIONAL,2,ASFALTO,1,BUENO,1,SECO,1,DESPEJADO,0,0,0,0,2