X,Y,FID,FID_1,LABELID,POINT_X,POINT_Y,FID_2,COMUNAREAL,VAL_COM,OBJECTID,A_O,IDACCIDENT,REGION,COD_COMUN,COMUNA,CALLE_UNO,CALLE_DOS,NUMERO,DIR_GEOCOD,PAIS,TIPO,OBJECTID_1,Año,Idaccide_1,Claseaccid,Fecha,Hora,Cód_Regi,Región,Cód_Comun,Comuna_1,Cód_Tipo_,Tipo_Accid,Cód_Tipo1,Tipo__CONA,Cód_Zona,Zona,Cód_Ubica,Ubicación,Cód_Causa,Causa__CON,Cód_Cau_1,Causa,Cód_Calle,Calle_Un_1,Cód_Cal_1,Calle_Do_1,Intersecci,Número,Ruta,Cód_Ruta,Ubicaci_1,Km_Vía_Fe,Pistas_de_,Pistas_de1,Cód_Calza,Calzada,Cód__Tipo,Tipo_Calza,Cód_Estad,Estado_Cal,Cód_Condi,Condición,Cód_Est_1,Estado_Atm,Fallecidos,Graves,Menos_Grav,Leves,Ilesos
-8137567.56589637,-4415940.80967999,4541,42006,1376032,-73.1010132,-36.8336196,100,SAN PEDRO DE LA PAZ,1,35216,2021,1376032,REGION BIO BIO,8108,SAN PEDRO DE LA PAZ,JORGE ALESSANDRI,LOS PENSAMIENTOS,0,"JORGE ALESSANDRI & LOS PENSAMIENTOS, SAN PEDRO DE LA PAZ",CHILE,GEOMETRIC_CENTER,48515,2021,1376032,1,2021/08/25 00:00:00+00,1899/12/30 00:00:00+00,8,REGION BIO BIO,8108,SAN PEDRO DE LA PAZ,32,COLISION LATERAL,30,COLISION,1,URBANA,1,TRAMO DE VIA RECTA,1,IMPRUDENCIA DEL CONDUCTOR,27,CONDUCCION NO ATENTO CONDICIONES TRANSITO MOMENTO,0,JORGE ALESSANDRI,0,LOS PENSAMIENTOS,JORGE ALESSANDRI - LOS PENSAMIENTOS,0, , , , ,2,2,2,BIDIRECCIONAL,1,CONCRETO,1,BUENO,1,SECO,1,DESPEJADO,0,0,0,0,2
-8137567.56589637,-4415940.80967999,4542,42007,1407193,-73.1010132,-36.8336196,100,SAN PEDRO DE LA PAZ,1,57770,2021,1407193,REGION BIO BIO,8108,SAN PEDRO DE LA PAZ,LOS PENSAMIENTOS,JORGE ALESSANDRI,0,"LOS PENSAMIENTOS & JORGE ALESSANDRI, SAN PEDRO DE LA PAZ",CHILE,GEOMETRIC_CENTER,78432,2021,1407193,1,2021/12/22 00:00:00+00,1899/12/30 00:00:00+00,8,REGION BIO BIO,8108,SAN PEDRO DE LA PAZ,63,CHOQUE FRENTE/POSTERIOR,40,CHOQUE,1,URBANA,11,CRUCE CON SEMAFORO FUNCIONANDO,1,IMPRUDENCIA DEL CONDUCTOR,27,CONDUCCION NO ATENTO CONDICIONES TRANSITO MOMENTO,0,LOS PENSAMIENTOS,0,JORGE ALESSANDRI,JORGE ALESSANDRI - LOS PENSAMIENTOS,0, , , , ,1,1,2,BIDIRECCIONAL,1,CONCRETO,1,BUENO,1,SECO,1,DESPEJADO,0,0,0,0,2
-8137567.56589637,-4415940.80967999,4543,42008,1406253,-73.1010132,-36.8336196,100,SAN PEDRO DE LA PAZ,1,57771,2021,1406253,REGION BIO BIO,8108,SAN PEDRO DE LA PAZ,LOS PENSAMIENTOS,JORGE ALESSANDRI,0,"LOS PENSAMIENTOS & JORGE ALESSANDRI, SAN PEDRO DE LA PAZ",CHILE,GEOMETRIC_CENTER,78433,2021,1406253,1,2021/12/22 00:00:00+00,1899/12/30 00:00:00+00,8,REGION BIO BIO,8108,SAN PEDRO DE LA PAZ,53,CHOQUE POSTERIOR,40,CHOQUE,1,URBANA,1,TRAMO DE VIA RECTA,1,IMPRUDENCIA DEL CONDUCTOR,27,CONDUCCION NO ATENTO CONDICIONES TRANSITO MOMENTO,0,LOS PENSAMIENTOS,0,JORGE ALESSANDRI,JORGE ALESSANDRI - LOS PENSAMIENTOS,0, , , , ,2,0,1,UNIDIRECCIONAL,1,CONCRETO,1,BUENO,1,SECO,1,DESPEJADO,0,0,0,1,2
-8137555.29848848,-4415884.23072622,4544,42009,1343946,-73.100903,-36.8332128,100,SAN PEDRO DE LA PAZ,1,14188,2021,1343946,REGION BIO BIO,8108,SAN PEDRO DE LA PAZ,JORGE ALESSANDRI,ENRIQUE SORO,0,"JORGE ALESSANDRI & ENRIQUE SORO, SAN PEDRO DE LA PAZ",CHILE,GEOMETRIC_CENTER,19581,2021,1343946,1,2021/04/16 00:00:00+00,1899/12/30 00:00:00+00,8,REGION BIO BIO,8108,SAN PEDRO DE LA PAZ,70,VOLCADURA,70,VOLCADURA,1,URBANA,14,CRUCE CON SEÑAL PARE,1,IMPRUDENCIA DEL CONDUCTOR,29,CONDUCCION CAMBIAR SORPRESIVAMENTE PISTA CIRCULACION,0,JORGE ALESSANDRI,0,ENRIQUE SORO,ENRIQUE SORO - JORGE ALESSANDRI,0, , , , ,1,1,2,BIDIRECCIONAL,1,CONCRETO,1,BUENO,1,SECO,1,DESPEJADO,0,0,0,0,4
-8138616.27342329,-4415865.21815123,4545,42010,1373414,-73.1104339,-36.8330761,100,SAN PEDRO DE LA PAZ,1,33069,2021,1373414,REGION BIO BIO,8108,SAN PEDRO DE LA PAZ,LAS VIOLETAS, ,1782,"LAS VIOLETAS 1782, SAN PEDRO DE LA PAZ",CHILE,RANGE_INTERPOLATED,45596,2021,1373414,1,2021/08/13 00:00:00+00,1899/12/30 00:00:00+00,8,REGION BIO BIO,8108,SAN PEDRO DE LA PAZ,33,COLISION POR ALCANCE,30,COLISION,1,URBANA,1,TRAMO DE VIA RECTA,1,IMPRUDENCIA DEL CONDUCTOR,27,CONDUCCION NO ATENTO CONDICIONES TRANSITO MOMENTO,0,LAS VIOLETAS,0, ,- LAS VIOLETAS,1782, , , , ,1,1,2,BIDIRECCIONAL,1,CONCRETO,1,BUENO,1,SECO,1,DESPEJADO,0,0,0,2,1
-8138627.27178898,-4415799.91918571,4546,42011,1337536,-73.1105327,-36.8326066,100,SAN PEDRO DE LA PAZ,1,10023,2021,1337536,REGION BIO BIO,8108,SAN PEDRO DE LA PAZ,LAS VIOLETAS,PASAJE TREINTA Y CINCO,0,"LAS VIOLETAS & PASAJE TREINTA Y CINCO, SAN PEDRO DE LA PAZ",CHILE,GEOMETRIC_CENTER,13939,2021,1337536,1,2021/03/12 00:00:00+00,1899/12/30 00:00:00+00,8,REGION BIO BIO,8108,SAN PEDRO DE LA PAZ,31,COLISION FRONTAL,30,COLISION,1,URBANA,1,TRAMO DE VIA RECTA,1,IMPRUDENCIA DEL CONDUCTOR,12,ADELANTAMIENTO SIN EFECTUAR LA SEÑAL RESPECTIVA,0,LAS VIOLETAS,0,PASAJE TREINTA Y CINCO,LAS VIOLETAS - PASAJE TREINTA Y CINCO,0, , , , ,1,1,2,BIDIRECCIONAL,1,CONCRETO,1,BUENO,1,SECO,1,DESPEJADO,0,0,0,1,1
-8137714.7525271,-4415793.00683731,4547,42012,1379472,-73.1023354,-36.8325569,100,SAN PEDRO DE LA PAZ,1,38933,2021,1379472,REGION BIO BIO,8108,SAN PEDRO DE LA PAZ,LAS VIOLETAS,LOS PENSAMIENTOS,0,"LAS VIOLETAS & LOS PENSAMIENTOS, SAN PEDRO DE LA PAZ",CHILE,GEOMETRIC_CENTER,53466,2021,1379472,1,2021/09/14 00:00:00+00,1899/12/30 00:00:00+00,8,REGION BIO BIO,8108,SAN PEDRO DE LA PAZ,30,COLISION,30,COLISION,1,URBANA,4,ACERA O BERMA,13,CAUSAS NO DETERMINADAS,97,CAUSAS NO DETERMINADAS,0,LAS VIOLETAS,0,LOS PENSAMIENTOS,LAS VIOLETAS - LOS PENSAMIENTOS,0, , , , ,2,2,3,BIDIRECCIONAL CON BANDEJON,2,ASFALTO,1,BUENO,1,SECO,1,DESPEJADO,0,0,0,0,1
-8139284.59111821,-4415766.15025064,4548,42013,1329549,-73.1164375,-36.8323638,100,SAN PEDRO DE LA PAZ,1,3785,2021,1329549,REGION BIO BIO,8108,SAN PEDRO DE LA PAZ,LAS GARZAS, ,2323,"LAS GARZAS 2323, SAN PEDRO DE LA PAZ",CHILE,RANGE_INTERPOLATED,5236,2021,1329549,1,2021/01/27 00:00:00+00,1899/12/30 00:00:00+00,8,REGION BIO BIO,8108,SAN PEDRO DE LA PAZ,50,CHOQUE,40,CHOQUE,1,URBANA,1,TRAMO DE VIA RECTA,1,IMPRUDENCIA DEL CONDUCTOR,23,CONDUCCION CONTRA SENTIDO DEL TRANSITO,0,LAS GARZAS,0, ,- LAS GARZAS,2323, , , , ,1,1,2,BIDIRECCIONAL,1,CONCRETO,1,BUENO,1,SECO,1,DESPEJADO,0,0,0,0,1
-8138378.82894942,-4415731.58866325,4549,42014,1368533,-73.1083009,-36.8321153,100,SAN PEDRO DE LA PAZ,1,26961,2021,1368533,REGION BIO BIO,8108,SAN PEDRO DE LA PAZ,LAS VIOLETAS, ,1652,"LAS VIOLETAS 1652, SAN PEDRO DE LA PAZ",CHILE,RANGE_INTERPOLATED,37172,2021,1368533,1,2021/07/09 00:00:00+00,1899/12/30 00:00:00+00,8,REGION BIO BIO,8108,SAN PEDRO DE LA PAZ,63,CHOQUE FRENTE/POSTERIOR,40,CHOQUE,1,URBANA,1,TRAMO DE VIA RECTA,1,IMPRUDENCIA DEL CONDUCTOR,27,CONDUCCION NO ATENTO CONDICIONES TRANSITO MOMENTO,0,LAS VIOLETAS,0, ,- LAS VIOLETAS,1652, , , , ,1,1,2,BIDIRECCIONAL,1,CONCRETO,1,BUENO,1,SECO,1,DESPEJADO,0,0,0,0,2
-8139120.9625987,-4415717.24946216,4550,42015,1340865,-73.1149676,-36.8320122,100,SAN PEDRO DE LA PAZ,1,11973,2021,1340865,REGION BIO BIO,8108,SAN PEDRO DE LA PAZ,LOS CLAVELES, ,455,"LOS CLAVELES 455, SAN PEDRO DE LA PAZ",CHILE,RANGE_INTERPOLATED,16560,2021,1340865,1,2021/03/26 00:00:00+00,1899/12/30 00:00:00+00,8,REGION BIO BIO,8108,SAN PEDRO DE LA PAZ,53,CHOQUE POSTERIOR,40,CHOQUE,1,URBANA,1,TRAMO DE VIA RECTA,1,IMPRUDENCIA DEL CONDUCTOR,27,CONDUCCION NO ATENTO CONDICIONES TRANSITO MOMENTO,0,LOS CLAVELES,0, ,- LOS CLAVELES,455, , , , ,2,2,2,BIDIRECCIONAL,2,ASFALTO,1,BUENO,1,SECO,1,DESPEJADO,0,0,0,0,2
-8139747.60227627,-4415696.70730377,4551,42016,1356519,-73.1205968,-36.8318645,100,SAN PEDRO DE LA PAZ,1,22522,2021,1356519,REGION BIO BIO,8108,SAN PEDRO DE LA PAZ,DIAGONAL BIOBIO,LOS ABETOS,0,"DIAGONAL BIOBIO & LOS ABETOS, SAN PEDRO DE LA PAZ",CHILE,GEOMETRIC_CENTER,31021,2021,1356519,1,2021/06/11 00:00:00+00,1899/12/30 00:00:00+00,8,REGION BIO BIO,8108,SAN PEDRO DE LA PAZ,69,CHOQUE POSTERIOR/POSTERIOR,40,CHOQUE,1,URBANA,15,CRUCE CON SEÑAL CEDA EL PASO,1,IMPRUDENCIA DEL CONDUCTOR,27,CONDUCCION NO ATENTO CONDICIONES TRANSITO MOMENTO,0,DIAGONAL BIOBIO,0,LOS ABETOS,DIAGONAL BIOBIO - LOS ABETOS,0, , , , ,1,1,2,BIDIRECCIONAL,2,ASFALTO,1,BUENO,1,SECO,1,DESPEJADO,0,0,0,0,2
-8137400.70911162,-4415690.5599628,4552,42017,1381091,-73.0995143,-36.8318203,100,SAN PEDRO DE LA PAZ,0,40054,2021,1381091,REGION BIO BIO,8103,CHIGUAYANTE,JORGE ALESSANDRI,PUENTE JUAN PABLO II,0,"JORGE ALESSANDRI & PUENTE JUAN PABLO II, CHIGUAYANTE",CHILE,GEOMETRIC_CENTER,55017,2021,1381091,1,2021/09/21 00:00:00+00,1899/12/30 00:00:00+00,8,REGION BIO BIO,8103,CHIGUAYANTE,50,CHOQUE,40,CHOQUE,1,URBANA,1,TRAMO DE VIA RECTA,14,OTRAS CAUSAS,98,OTRAS CAUSAS,0,JORGE ALESSANDRI,0,PUENTE JUAN PABLO II,JORGE ALESSANDRI - PUENTE JUAN PABLO II,0, , , , ,3,3,2,BIDIRECCIONAL,1,CONCRETO,1,BUENO,1,SECO,1,DESPEJADO,0,0,0,0,1
-8137409.12486512,-4415684.24572939,4553,42018,1341330,-73.0995899,-36.8317749,100,SAN PEDRO DE LA PAZ,1,12669,2021,1341330,REGION BIO BIO,8108,SAN PEDRO DE LA PAZ,PUENTE JUAN PABLO II,JORGE ALESSANDRI,0,"PUENTE JUAN PABLO II & JORGE ALESSANDRI, SAN PEDRO DE LA PAZ",CHILE,GEOMETRIC_CENTER,17503,2021,1341330,1,2021/04/03 00:00:00+00,1899/12/30 00:00:00+00,8,REGION BIO BIO,8108,SAN PEDRO DE LA PAZ,51,CHOQUE FRONTAL,40,CHOQUE,1,URBANA,5,PUENTE,7,VELOCIDAD IMPRUDENTE,72,VELOCIDAD NO RAZONABLE NI PRUDENTE,0,PUENTE JUAN PABLO II,0,JORGE ALESSANDRI,JORGE ALESSANDRI - PUENTE JUAN PABLO II,0, , , , ,2,2,2,BIDIRECCIONAL,2,ASFALTO,1,BUENO,1,SECO,1,DESPEJADO,1,0,0,0,0
-8139019.16092437,-4415674.28760678,4554,42019,1390106,-73.1140531,-36.8317033,100,SAN PEDRO DE LA PAZ,1,45172,2021,1390106,REGION BIO BIO,8108,SAN PEDRO DE LA PAZ,LAS VIOLETAS, ,1954,"LAS VIOLETAS 1954, SAN PEDRO DE LA PAZ",CHILE,RANGE_INTERPOLATED,61752,2021,1390106,1,2021/10/18 00:00:00+00,1899/12/30 00:00:00+00,8,REGION BIO BIO,8108,SAN PEDRO DE LA PAZ,63,CHOQUE FRENTE/POSTERIOR,40,CHOQUE,1,URBANA,1,TRAMO DE VIA RECTA,1,IMPRUDENCIA DEL CONDUCTOR,27,CONDUCCION NO ATENTO CONDICIONES TRANSITO MOMENTO,0,LAS VIOLETAS,0, ,- LAS VIOLETAS,1954, , , , ,1,1,2,BIDIRECCIONAL,1,CONCRETO,1,BUENO,1,SECO,1,DESPEJADO,0,0,0,1,1
-8137591.28807986,-4415628.59997098,4555,42020,1367273,-73.1012263,-36.8313748,100,SAN PEDRO DE LA PAZ,1,30613,2021,1367273,REGION BIO BIO,8108,SAN PEDRO DE LA PAZ,ENRIQUE SORO,PASAJE CINCO,0,"ENRIQUE SORO & PASAJE CINCO, SAN PEDRO DE LA PAZ",CHILE,GEOMETRIC_CENTER,42338,2021,1367273,1,2021/07/31 00:00:00+00,1899/12/30 00:00:00+00,8,REGION BIO BIO,8108,SAN PEDRO DE LA PAZ,51,CHOQUE FRONTAL,40,CHOQUE,1,URBANA,15,CRUCE CON SEÑAL CEDA EL PASO,13,CAUSAS NO DETERMINADAS,97,CAUSAS NO DETERMINADAS,0,ENRIQUE SORO,0,PASAJE CINCO,ENRIQUE SORO - PASAJE CINCO,0, , , , ,1,1,2,BIDIRECCIONAL,2,ASFALTO,1,BUENO,1,SECO,1,DESPEJADO,0,0,0,0,1
-8141791.38359944,-4415602.60608858,4556,42021,1351967,-73.1389564,-36.8311879,100,SAN PEDRO DE LA PAZ,1,19814,2021,1351967,REGION BIO BIO,8108,SAN PEDRO DE LA PAZ,DANIEL BELMAR,PIEDRA FRANCIA,0,"DANIEL BELMAR & PIEDRA FRANCIA, SAN PEDRO DE LA PAZ",CHILE,GEOMETRIC_CENTER,27266,2021,1351967,1,2021/05/25 00:00:00+00,1899/12/30 00:00:00+00,8,REGION BIO BIO,8108,SAN PEDRO DE LA PAZ,33,COLISION POR ALCANCE,30,COLISION,1,URBANA,1,TRAMO DE VIA RECTA,4,ALCOHOL EN CONDUCTOR,24,CONDUCCION EN ESTADO DE EBRIEDAD,0,DANIEL BELMAR,0,PIEDRA FRANCIA,DANIEL BELMAR - PIEDRA FRANCIA,0, , , , ,1,1,2,BIDIRECCIONAL,1,CONCRETO,1,BUENO,1,SECO,1,DESPEJADO,0,0,0,0,2
-8138191.32239913,-4415565.72242223,4557,42022,1391634,-73.1066165,-36.8309227,100,SAN PEDRO DE LA PAZ,1,45698,2021,1391634,REGION BIO BIO,8108,SAN PEDRO DE LA PAZ,ENRIQUE SORO,LOS CEREZOS,0,"ENRIQUE SORO & LOS CEREZOS, SAN PEDRO DE LA PAZ",CHILE,GEOMETRIC_CENTER,62437,2021,1391634,1,2021/10/21 00:00:00+00,1899/12/30 00:00:00+00,8,REGION BIO BIO,8108,SAN PEDRO DE LA PAZ,32,COLISION LATERAL,30,COLISION,1,URBANA,1,TRAMO DE VIA RECTA,1,IMPRUDENCIA DEL CONDUCTOR,32,NO RESPETAR DERECHO PREFERENTE DE PASO A VEHICULO,0,ENRIQUE SORO,0,LOS CEREZOS,ENRIQUE SORO - LOS CEREZOS,0, , , , ,1,1,2,BIDIRECCIONAL,3,ADOQUIN,1,BUENO,1,SECO,1,DESPEJADO,0,0,0,1,1
-8139320.91466806,-4415496.61456957,4558,42023,1340759,-73.1167638,-36.8304258,100,SAN PEDRO DE LA PAZ,1,11510,2021,1340759,REGION BIO BIO,8108,SAN PEDRO DE LA PAZ,ENRIQUE SORO,LAS GARZAS,0,"ENRIQUE SORO & LAS GARZAS, SAN PEDRO DE LA PAZ",CHILE,GEOMETRIC_CENTER,15951,2021,1340759,1,2021/03/23 00:00:00+00,1899/12/30 00:00:00+00,8,REGION BIO BIO,8108,SAN PEDRO DE LA PAZ,31,COLISION FRONTAL,30,COLISION,1,URBANA,14,CRUCE CON SEÑAL PARE,1,IMPRUDENCIA DEL CONDUCTOR,27,CONDUCCION NO ATENTO CONDICIONES TRANSITO MOMENTO,0,ENRIQUE SORO,0,LAS GARZAS,ENRIQUE SORO - LAS GARZAS,0, , , , ,1,1,2,BIDIRECCIONAL,1,CONCRETO,1,BUENO,1,SECO,1,DESPEJADO,0,0,0,0,2
-8139320.91466806,-4415496.61456957,4559,42024,1351974,-73.1167638,-36.8304258,100,SAN PEDRO DE LA PAZ,1,19773,2021,1351974,REGION BIO BIO,8108,SAN PEDRO DE LA PAZ,ENRIQUE SORO,LAS GARZAS,0,"ENRIQUE SORO & LAS GARZAS, SAN PEDRO DE LA PAZ",CHILE,GEOMETRIC_CENTER,27208,2021,1351974,1,2021/05/25 00:00:00+00,1899/12/30 00:00:00+00,8,REGION BIO BIO,8108,SAN PEDRO DE LA PAZ,33,COLISION POR ALCANCE,30,COLISION,1,URBANA,14,CRUCE CON SEÑAL PARE,1,IMPRUDENCIA DEL CONDUCTOR,27,CONDUCCION NO ATENTO CONDICIONES TRANSITO MOMENTO,0,ENRIQUE SORO,0,LAS GARZAS,ENRIQUE SORO - LAS GARZAS,0, , , , ,1,1,2,BIDIRECCIONAL,1,CONCRETO,1,BUENO,1,SECO,1,DESPEJADO,0,0,0,0,2
-8139320.91466806,-4415496.61456957,4560,42025,1354819,-73.1167638,-36.8304258,100,SAN PEDRO DE LA PAZ,1,21579,2021,1354819,REGION BIO BIO,8108,SAN PEDRO DE LA PAZ,ENRIQUE SORO,LAS GARZAS,0,"ENRIQUE SORO & LAS GARZAS, SAN PEDRO DE LA PAZ",CHILE,GEOMETRIC_CENTER,29747,2021,1354819,1,2021/06/05 00:00:00+00,1899/12/30 00:00:00+00,8,REGION BIO BIO,8108,SAN PEDRO DE LA PAZ,32,COLISION LATERAL,30,COLISION,1,URBANA,15,CRUCE CON SEÑAL CEDA EL PASO,1,IMPRUDENCIA DEL CONDUCTOR,32,NO RESPETAR DERECHO PREFERENTE DE PASO A VEHICULO,0,ENRIQUE SORO,0,LAS GARZAS,ENRIQUE SORO - LAS GARZAS,0, , , , ,1,1,2,BIDIRECCIONAL,1,CONCRETO,1,BUENO,1,SECO,1,DESPEJADO,0,0,1,5,0
-8141780.99749095,-4415467.08844939,4561,42026,1328670,-73.1388631,-36.8302135,100,SAN PEDRO DE LA PAZ,1,2507,2021,1328670,REGION BIO BIO,8108,SAN PEDRO DE LA PAZ,DANIEL BELMAR,LAS TORRES,0,"DANIEL BELMAR & LAS TORRES, SAN PEDRO DE LA PAZ",CHILE,GEOMETRIC_CENTER,3449,2021,1328670,1,2021/01/18 00:00:00+00,1899/12/30 00:00:00+00,8,REGION BIO BIO,8108,SAN PEDRO DE LA PAZ,32,COLISION LATERAL,30,COLISION,1,URBANA,14,CRUCE CON SEÑAL PARE,10,DESOBEDIENCIA A SEÑALIZACION,65,SEÑALIZACION DESOBEDECER SEÑAL PARE,0,DANIEL BELMAR,0,LAS TORRES,DANIEL BELMAR - LAS TORRES,0, , , , ,1,0,1,UNIDIRECCIONAL,2,ASFALTO,1,BUENO,1,SECO,1,DESPEJADO,0,1,0,0,1
-8141780.99749095,-4415467.08844939,4562,42027,1404929,-73.1388631,-36.8302135,100,SAN PEDRO DE LA PAZ,1,55833,2021,1404929,REGION BIO BIO,8108,SAN PEDRO DE LA PAZ,DANIEL BELMAR,LAS TORRES,0,"DANIEL BELMAR & LAS TORRES, SAN PEDRO DE LA PAZ",CHILE,GEOMETRIC_CENTER,75909,2021,1404929,1,2021/12/13 00:00:00+00,1899/12/30 00:00:00+00,8,REGION BIO BIO,8108,SAN PEDRO DE LA PAZ,33,COLISION POR ALCANCE,30,COLISION,1,URBANA,1,TRAMO DE VIA RECTA,10,DESOBEDIENCIA A SEÑALIZACION,64,SEÑALIZACION DESOBEDECER SEÑAL CEDA EL PASO,0,DANIEL BELMAR,0,LAS TORRES,DANIEL BELMAR - LAS TORRES,0, , , , ,2,2,3,BIDIRECCIONAL CON BANDEJON,2,ASFALTO,1,BUENO,1,SECO,1,DESPEJADO,0,0,0,0,2
-8141782.17747755,-4415462.8187817,4563,42028,1345775,-73.1388737,-36.8301828,100,SAN PEDRO DE LA PAZ,1,15135,2021,1345775,REGION BIO BIO,8108,SAN PEDRO DE LA PAZ,DANIEL BELMAR, ,59,"DANIEL BELMAR 59, SAN PEDRO DE LA PAZ",CHILE,RANGE_INTERPOLATED,20859,2021,1345775,1,2021/04/23 00:00:00+00,1899/12/30 00:00:00+00,8,REGION BIO BIO,8108,SAN PEDRO DE LA PAZ,33,COLISION POR ALCANCE,30,COLISION,1,URBANA,1,TRAMO DE VIA RECTA,1,IMPRUDENCIA DEL CONDUCTOR,27,CONDUCCION NO ATENTO CONDICIONES TRANSITO MOMENTO,0,DANIEL BELMAR,0, ,- DANIEL BELMAR,59, , , , ,1,1,2,BIDIRECCIONAL,1,CONCRETO,1,BUENO,1,SECO,1,DESPEJADO,0,0,0,0,1
-8139820.81710536,-4415380.84705741,4564,42029,1345779,-73.1212545,-36.8295934,100,SAN PEDRO DE LA PAZ,1,15397,2021,1345779,REGION BIO BIO,8108,SAN PEDRO DE LA PAZ,LAS TORRES,DIAGONAL BIO BIO,0,"LAS TORRES & DIAGONAL BIO BIO, SAN PEDRO DE LA PAZ",CHILE,GEOMETRIC_CENTER,21210,2021,1345779,1,2021/04/25 00:00:00+00,1899/12/30 00:00:00+00,8,REGION BIO BIO,8108,SAN PEDRO DE LA PAZ,51,CHOQUE FRONTAL,40,CHOQUE,1,URBANA,1,TRAMO DE VIA RECTA,9,PERDIDA CONTROL VEHICULO,95,PERDIDA CONTROL VEHICULO,0,LAS TORRES,0,DIAGONAL BIO BIO,DIAGONAL BIO BIO - LAS TORRES,0, , , , ,1,1,2,BIDIRECCIONAL,1,CONCRETO,1,BUENO,1,SECO,1,DESPEJADO,0,0,0,1,0
-8139820.81710536,-4415380.84705741,4565,42030,1385948,-73.1212545,-36.8295934,100,SAN PEDRO DE LA PAZ,1,43581,2021,1385948,REGION BIO BIO,8108,SAN PEDRO DE LA PAZ,DIAGONAL BIO BIO,LAS TORRES,0,"DIAGONAL BIO BIO & LAS TORRES, SAN PEDRO DE LA PAZ",CHILE,GEOMETRIC_CENTER,59602,2021,1385948,1,2021/10/10 00:00:00+00,1899/12/30 00:00:00+00,8,REGION BIO BIO,8108,SAN PEDRO DE LA PAZ,51,CHOQUE FRONTAL,40,CHOQUE,1,URBANA,1,TRAMO DE VIA RECTA,4,ALCOHOL EN CONDUCTOR,24,CONDUCCION EN ESTADO DE EBRIEDAD,0,DIAGONAL BIO BIO,0,LAS TORRES,DIAGONAL BIO BIO - LAS TORRES,0, , , , ,2,2,3,BIDIRECCIONAL CON BANDEJON,1,CONCRETO,1,BUENO,1,SECO,1,DESPEJADO,0,0,0,1,0
-8138226.88897644,-4415323.97902317,4566,42031,1341058,-73.106936,-36.8291845,100,SAN PEDRO DE LA PAZ,1,10888,2021,1341058,REGION BIO BIO,8108,SAN PEDRO DE LA PAZ,GUILLERMO FRICK,VIOLETA PARRA,0,"GUILLERMO FRICK & VIOLETA PARRA, SAN PEDRO DE LA PAZ",CHILE,GEOMETRIC_CENTER,15113,2021,1341058,1,2021/03/18 00:00:00+00,1899/12/30 00:00:00+00,8,REGION BIO BIO,8108,SAN PEDRO DE LA PAZ,52,CHOQUE LATERAL,40,CHOQUE,1,URBANA,1,TRAMO DE VIA RECTA,4,ALCOHOL EN CONDUCTOR,21,CONDUCCION BAJO LA INFLUENCIA DEL ALCOHOL,0,GUILLERMO FRICK,0,VIOLETA PARRA,GUILLERMO FRICK - VIOLETA PARRA,0, , , , ,1,1,2,BIDIRECCIONAL,1,CONCRETO,1,BUENO,1,SECO,1,DESPEJADO,0,0,0,0,1
-8139968.87202812,-4415308.12445298,4567,42032,1373231,-73.1225845,-36.8290705,100,SAN PEDRO DE LA PAZ,1,32720,2021,1373231,REGION BIO BIO,8108,SAN PEDRO DE LA PAZ,LAS TORRES,LA MARINA,0,"LAS TORRES & LA MARINA, SAN PEDRO DE LA PAZ",CHILE,GEOMETRIC_CENTER,45138,2021,1373231,1,2021/08/11 00:00:00+00,1899/12/30 00:00:00+00,8,REGION BIO BIO,8108,SAN PEDRO DE LA PAZ,31,COLISION FRONTAL,30,COLISION,1,URBANA,14,CRUCE CON SEÑAL PARE,1,IMPRUDENCIA DEL CONDUCTOR,27,CONDUCCION NO ATENTO CONDICIONES TRANSITO MOMENTO,0,LAS TORRES,0,LA MARINA,LA MARINA - LAS TORRES,0, , , , ,1,1,2,BIDIRECCIONAL,1,CONCRETO,1,BUENO,1,SECO,1,DESPEJADO,0,0,0,0,2
-8142208.11924517,-4415262.16024048,4568,42033,1354795,-73.1427,-36.82874,100,SAN PEDRO DE LA PAZ,1,21545,2021,1354795,REGION BIO BIO,8108,SAN PEDRO DE LA PAZ,VENUS, ,285,"VENUS 285, SAN PEDRO DE LA PAZ",CHILE,RANGE_INTERPOLATED,29702,2021,1354795,1,2021/06/05 00:00:00+00,1899/12/30 00:00:00+00,8,REGION BIO BIO,8108,SAN PEDRO DE LA PAZ,63,CHOQUE FRENTE/POSTERIOR,40,CHOQUE,1,URBANA,1,TRAMO DE VIA RECTA,1,IMPRUDENCIA DEL CONDUCTOR,27,CONDUCCION NO ATENTO CONDICIONES TRANSITO MOMENTO,0,VENUS,0, ,- VENUS,285, , , , ,1,1,2,BIDIRECCIONAL,1,CONCRETO,1,BUENO,1,SECO,1,DESPEJADO,0,0,0,1,1
-8142895.27219794,-4415245.69383566,4569,42034,1391658,-73.1488728,-36.8286216,100,SAN PEDRO DE LA PAZ,1,46613,2021,1391658,REGION BIO BIO,8108,SAN PEDRO DE LA PAZ,VENUS,EL SOL,0,"VENUS & EL SOL, SAN PEDRO DE LA PAZ",CHILE,GEOMETRIC_CENTER,63633,2021,1391658,1,2021/10/26 00:00:00+00,1899/12/30 00:00:00+00,8,REGION BIO BIO,8108,SAN PEDRO DE LA PAZ,61,CHOQUE FRENTE/FRENTE,40,CHOQUE,1,URBANA,14,CRUCE CON SEÑAL PARE,1,IMPRUDENCIA DEL CONDUCTOR,27,CONDUCCION NO ATENTO CONDICIONES TRANSITO MOMENTO,0,VENUS,0,EL SOL,EL SOL - VENUS,0, , , , ,1,1,2,BIDIRECCIONAL,2,ASFALTO,1,BUENO,1,SECO,1,DESPEJADO,0,0,0,0,2