X,Y,FID,FID_1,LABELID,POINT_X,POINT_Y,FID_2,COMUNAREAL,VAL_COM,OBJECTID,A_O,IDACCIDENT,REGION,COD_COMUN,COMUNA,CALLE_UNO,CALLE_DOS,NUMERO,DIR_GEOCOD,PAIS,TIPO,OBJECTID_1,Año,Idaccide_1,Claseaccid,Fecha,Hora,Cód_Regi,Región,Cód_Comun,Comuna_1,Cód_Tipo_,Tipo_Accid,Cód_Tipo1,Tipo__CONA,Cód_Zona,Zona,Cód_Ubica,Ubicación,Cód_Causa,Causa__CON,Cód_Cau_1,Causa,Cód_Calle,Calle_Un_1,Cód_Cal_1,Calle_Do_1,Intersecci,Número,Ruta,Cód_Ruta,Ubicaci_1,Km_Vía_Fe,Pistas_de_,Pistas_de1,Cód_Calza,Calzada,Cód__Tipo,Tipo_Calza,Cód_Estad,Estado_Cal,Cód_Condi,Condición,Cód_Est_1,Estado_Atm,Fallecidos,Graves,Menos_Grav,Leves,Ilesos
-8142538.34851461,-4415241.84147942,4570,42035,1326274,-73.1456665,-36.8285939,100,SAN PEDRO DE LA PAZ,1,1756,2021,1326274,REGION BIO BIO,8108,SAN PEDRO DE LA PAZ,VENUS, ,500,"VENUS 500, SAN PEDRO DE LA PAZ",CHILE,RANGE_INTERPOLATED,2419,2021,1326274,1,2021/01/12 00:00:00+00,1899/12/30 00:00:00+00,8,REGION BIO BIO,8108,SAN PEDRO DE LA PAZ,32,COLISION LATERAL,30,COLISION,1,URBANA,16,CRUCE SIN SEÑALIZACION,1,IMPRUDENCIA DEL CONDUCTOR,27,CONDUCCION NO ATENTO CONDICIONES TRANSITO MOMENTO,0,VENUS,0, ,- VENUS,500, , , , ,2,0,1,UNIDIRECCIONAL,1,CONCRETO,1,BUENO,1,SECO,1,DESPEJADO,0,1,0,0,1
-8142950.2194986,-4415155.54628384,4571,42036,1333110,-73.1493664,-36.8279734,100,SAN PEDRO DE LA PAZ,1,6699,2021,1333110,REGION BIO BIO,8108,SAN PEDRO DE LA PAZ,EL SOL, ,1645,"EL SOL 1645, SAN PEDRO DE LA PAZ",CHILE,RANGE_INTERPOLATED,9397,2021,1333110,1,2021/02/18 00:00:00+00,1899/12/30 00:00:00+00,8,REGION BIO BIO,8108,SAN PEDRO DE LA PAZ,51,CHOQUE FRONTAL,40,CHOQUE,1,URBANA,1,TRAMO DE VIA RECTA,1,IMPRUDENCIA DEL CONDUCTOR,27,CONDUCCION NO ATENTO CONDICIONES TRANSITO MOMENTO,0,EL SOL,0, ,- EL SOL,1645, , , , ,1,1,2,BIDIRECCIONAL,1,CONCRETO,1,BUENO,1,SECO,1,DESPEJADO,0,0,0,0,1
-8136972.78585706,-4415143.18269428,4572,42037,1395088,-73.0956702,-36.8278845,100,SAN PEDRO DE LA PAZ,1,50226,2021,1395088,REGION BIO BIO,8108,SAN PEDRO DE LA PAZ,PUENTE JUAN PABLO II, ,2,"PUENTE JUAN PABLO II 2, SAN PEDRO DE LA PAZ",CHILE,RANGE_INTERPOLATED,68407,2021,1395088,1,2021/11/14 00:00:00+00,1899/12/30 00:00:00+00,8,REGION BIO BIO,8108,SAN PEDRO DE LA PAZ,33,COLISION POR ALCANCE,30,COLISION,1,URBANA,5,PUENTE,1,IMPRUDENCIA DEL CONDUCTOR,28,CONDUCCION SIN MANTENER DISTANCIA RAZONABLE NI PRUDENTE,0,PUENTE JUAN PABLO II,0, ,- PUENTE JUAN PABLO II,2, , , , ,2,2,3,BIDIRECCIONAL CON BANDEJON,1,CONCRETO,1,BUENO,1,SECO,1,DESPEJADO,0,0,0,0,2
-8136972.78585706,-4415143.18269428,4573,42038,1401540,-73.0956702,-36.8278845,100,SAN PEDRO DE LA PAZ,1,53956,2021,1401540,REGION BIO BIO,8108,SAN PEDRO DE LA PAZ,PUENTE JUAN PABLO II, ,1,"PUENTE JUAN PABLO II 1, SAN PEDRO DE LA PAZ",CHILE,RANGE_INTERPOLATED,73325,2021,1401540,1,2021/12/03 00:00:00+00,1899/12/30 00:00:00+00,8,REGION BIO BIO,8108,SAN PEDRO DE LA PAZ,63,CHOQUE FRENTE/POSTERIOR,40,CHOQUE,1,URBANA,5,PUENTE,1,IMPRUDENCIA DEL CONDUCTOR,28,CONDUCCION SIN MANTENER DISTANCIA RAZONABLE NI PRUDENTE,0,PUENTE JUAN PABLO II,0, ,- PUENTE JUAN PABLO II,1, , , , ,2,2,3,BIDIRECCIONAL CON BANDEJON,1,CONCRETO,1,BUENO,1,SECO,1,DESPEJADO,0,0,0,0,2
-8140382.29035303,-4415109.33239998,4574,42039,1376027,-73.1262983,-36.8276411,100,SAN PEDRO DE LA PAZ,1,34938,2021,1376027,REGION BIO BIO,8108,SAN PEDRO DE LA PAZ,LAS TORRES,EJERCITO,0,"LAS TORRES & EJERCITO, SAN PEDRO DE LA PAZ",CHILE,GEOMETRIC_CENTER,48167,2021,1376027,1,2021/08/24 00:00:00+00,1899/12/30 00:00:00+00,8,REGION BIO BIO,8108,SAN PEDRO DE LA PAZ,32,COLISION LATERAL,30,COLISION,1,URBANA,11,CRUCE CON SEMAFORO FUNCIONANDO,1,IMPRUDENCIA DEL CONDUCTOR,27,CONDUCCION NO ATENTO CONDICIONES TRANSITO MOMENTO,0,LAS TORRES,0,EJERCITO,EJERCITO - LAS TORRES,0, , , , ,1,1,2,BIDIRECCIONAL,1,CONCRETO,1,BUENO,1,SECO,1,DESPEJADO,0,0,0,0,2
-8142241.71546749,-4415073.79944189,4575,42040,1352001,-73.1430018,-36.8273856,100,SAN PEDRO DE LA PAZ,1,19966,2021,1352001,REGION BIO BIO,8108,SAN PEDRO DE LA PAZ,BIO BIO,PASAJE TRES,0,"BIO BIO & PASAJE TRES, SAN PEDRO DE LA PAZ",CHILE,GEOMETRIC_CENTER,27484,2021,1352001,1,2021/05/26 00:00:00+00,1899/12/30 00:00:00+00,8,REGION BIO BIO,8108,SAN PEDRO DE LA PAZ,33,COLISION POR ALCANCE,30,COLISION,1,URBANA,1,TRAMO DE VIA RECTA,1,IMPRUDENCIA DEL CONDUCTOR,27,CONDUCCION NO ATENTO CONDICIONES TRANSITO MOMENTO,0,BIO BIO,0,PASAJE TRES,BIO BIO - PASAJE TRES,0, , , , ,1,1,2,BIDIRECCIONAL,1,CONCRETO,1,BUENO,1,SECO,1,DESPEJADO,0,0,0,0,2
-8139306.28728697,-4415068.01404781,4576,42041,1356523,-73.1166324,-36.827344,100,SAN PEDRO DE LA PAZ,0,22857,2021,1356523,REGION BIO BIO,8112,HUALPEN,COSTANERA,LAS GOLONDRINAS,0,"COSTANERA & LAS GOLONDRINAS, HUALPEN",CHILE,GEOMETRIC_CENTER,31495,2021,1356523,1,2021/06/13 00:00:00+00,1899/12/30 00:00:00+00,8,REGION BIO BIO,8112,HUALPEN,30,COLISION,30,COLISION,1,URBANA,11,CRUCE CON SEMAFORO FUNCIONANDO,1,IMPRUDENCIA DEL CONDUCTOR,91,VIRAJES INDEBIDOS,0,COSTANERA,0,LAS GOLONDRINAS,COSTANERA - LAS GOLONDRINAS,0, , , , ,2,2,2,BIDIRECCIONAL,1,CONCRETO,1,BUENO,1,SECO,1,DESPEJADO,0,0,0,2,0
-8139306.28728697,-4415068.01404781,4577,42042,1385459,-73.1166324,-36.827344,100,SAN PEDRO DE LA PAZ,0,42940,2021,1385459,REGION BIO BIO,8112,HUALPEN,COSTANERA,LAS GOLONDRINAS,0,"COSTANERA & LAS GOLONDRINAS, HUALPEN",CHILE,GEOMETRIC_CENTER,58768,2021,1385459,1,2021/10/06 00:00:00+00,1899/12/30 00:00:00+00,8,REGION BIO BIO,8112,HUALPEN,30,COLISION,30,COLISION,1,URBANA,11,CRUCE CON SEMAFORO FUNCIONANDO,10,DESOBEDIENCIA A SEÑALIZACION,62,SEÑALIZACION DESOBEDECER LUZ ROJA DE SEMAFORO,0,COSTANERA,0,LAS GOLONDRINAS,COSTANERA - LAS GOLONDRINAS,0, , , , ,2,2,3,BIDIRECCIONAL CON BANDEJON,1,CONCRETO,1,BUENO,1,SECO,1,DESPEJADO,0,0,0,2,0
-8139306.28728697,-4415068.01404781,4578,42043,1393069,-73.1166324,-36.827344,100,SAN PEDRO DE LA PAZ,0,48001,2021,1393069,REGION BIO BIO,8112,HUALPEN,COSTANERA,LAS GOLONDRINAS,0,"COSTANERA & LAS GOLONDRINAS, HUALPEN",CHILE,GEOMETRIC_CENTER,65483,2021,1393069,1,2021/11/03 00:00:00+00,1899/12/30 00:00:00+00,8,REGION BIO BIO,8112,HUALPEN,50,CHOQUE,40,CHOQUE,1,URBANA,12,CRUCE CON SEMAFORO APAGADO,1,IMPRUDENCIA DEL CONDUCTOR,27,CONDUCCION NO ATENTO CONDICIONES TRANSITO MOMENTO,0,COSTANERA,0,LAS GOLONDRINAS,COSTANERA - LAS GOLONDRINAS,0, , , , ,2,2,3,BIDIRECCIONAL CON BANDEJON,1,CONCRETO,1,BUENO,1,SECO,1,DESPEJADO,0,0,0,0,3
-8139419.27657012,-4415044.20495915,4579,42044,1360445,-73.1176474,-36.8271728,100,SAN PEDRO DE LA PAZ,0,25812,2021,1360445,REGION BIO BIO,8103,CHIGUAYANTE,COSTANERA,PASAJE OCHO,0,"COSTANERA & PASAJE OCHO, CHIGUAYANTE",CHILE,GEOMETRIC_CENTER,35623,2021,1360445,1,2021/07/03 00:00:00+00,1899/12/30 00:00:00+00,8,REGION BIO BIO,8103,CHIGUAYANTE,50,CHOQUE,40,CHOQUE,1,URBANA,1,TRAMO DE VIA RECTA,4,ALCOHOL EN CONDUCTOR,24,CONDUCCION EN ESTADO DE EBRIEDAD,0,COSTANERA,0,PASAJE OCHO,COSTANERA - PASAJE OCHO,0, , , , ,3,3,2,BIDIRECCIONAL,1,CONCRETO,1,BUENO,1,SECO,1,DESPEJADO,0,0,0,0,1
-8140633.86127027,-4414964.08609818,4580,42045,1368299,-73.1285582,-36.8265967,100,SAN PEDRO DE LA PAZ,1,26202,2021,1368299,REGION BIO BIO,8108,SAN PEDRO DE LA PAZ,LAS TORRES, ,736,"LAS TORRES 736, SAN PEDRO DE LA PAZ",CHILE,RANGE_INTERPOLATED,36158,2021,1368299,1,2021/07/05 00:00:00+00,1899/12/30 00:00:00+00,8,REGION BIO BIO,8108,SAN PEDRO DE LA PAZ,51,CHOQUE FRONTAL,40,CHOQUE,1,URBANA,1,TRAMO DE VIA RECTA,1,IMPRUDENCIA DEL CONDUCTOR,27,CONDUCCION NO ATENTO CONDICIONES TRANSITO MOMENTO,0,LAS TORRES,0, ,- LAS TORRES,736, , , , ,1,1,2,BIDIRECCIONAL,1,CONCRETO,1,BUENO,1,SECO,1,DESPEJADO,0,0,0,0,1
-8139610.590247,-4414951.22207759,4581,42046,1343948,-73.119366,-36.8265042,100,SAN PEDRO DE LA PAZ,1,14256,2021,1343948,REGION BIO BIO,8108,SAN PEDRO DE LA PAZ,DIAGONAL BIO BIO,COSTANERA,0,"DIAGONAL BIO BIO & COSTANERA, SAN PEDRO DE LA PAZ",CHILE,GEOMETRIC_CENTER,19657,2021,1343948,1,2021/04/16 00:00:00+00,1899/12/30 00:00:00+00,8,REGION BIO BIO,8108,SAN PEDRO DE LA PAZ,33,COLISION POR ALCANCE,30,COLISION,1,URBANA,1,TRAMO DE VIA RECTA,1,IMPRUDENCIA DEL CONDUCTOR,27,CONDUCCION NO ATENTO CONDICIONES TRANSITO MOMENTO,0,DIAGONAL BIO BIO,0,COSTANERA,COSTANERA - DIAGONAL BIO BIO,0, , , , ,1,1,2,BIDIRECCIONAL,1,CONCRETO,1,BUENO,1,SECO,1,DESPEJADO,0,0,0,0,2
-8140714.59016499,-4414946.18772999,4582,42047,1343940,-73.1292834,-36.826468,100,SAN PEDRO DE LA PAZ,1,14581,2021,1343940,REGION BIO BIO,8108,SAN PEDRO DE LA PAZ,LAS TORRES,PASAJE DOS,0,"LAS TORRES & PASAJE DOS, SAN PEDRO DE LA PAZ",CHILE,GEOMETRIC_CENTER,20100,2021,1343940,1,2021/04/19 00:00:00+00,1899/12/30 00:00:00+00,8,REGION BIO BIO,8108,SAN PEDRO DE LA PAZ,32,COLISION LATERAL,30,COLISION,1,URBANA,1,TRAMO DE VIA RECTA,1,IMPRUDENCIA DEL CONDUCTOR,27,CONDUCCION NO ATENTO CONDICIONES TRANSITO MOMENTO,0,LAS TORRES,0,PASAJE DOS,LAS TORRES - PASAJE DOS,0, , , , ,1,1,2,BIDIRECCIONAL,1,CONCRETO,1,BUENO,1,SECO,1,DESPEJADO,0,1,0,0,1
-8142557.66244626,-4414943.68446411,4583,42048,1328729,-73.14584,-36.82645,100,SAN PEDRO DE LA PAZ,1,4249,2021,1328729,REGION BIO BIO,8108,SAN PEDRO DE LA PAZ,CALISTO, ,1614,"CALISTO 1614, SAN PEDRO DE LA PAZ",CHILE,RANGE_INTERPOLATED,5965,2021,1328729,1,2021/01/31 00:00:00+00,1899/12/30 00:00:00+00,8,REGION BIO BIO,8108,SAN PEDRO DE LA PAZ,51,CHOQUE FRONTAL,40,CHOQUE,1,URBANA,1,TRAMO DE VIA RECTA,9,PERDIDA CONTROL VEHICULO,95,PERDIDA CONTROL VEHICULO,0,CALISTO,0, ,- CALISTO,1614, , , , ,1,1,2,BIDIRECCIONAL,1,CONCRETO,1,BUENO,1,SECO,2,NUBLADO,0,0,0,0,1
-8140747.51847037,-4414931.26549265,4584,42049,1398869,-73.1295792,-36.8263607,100,SAN PEDRO DE LA PAZ,1,52645,2021,1398869,REGION BIO BIO,8108,SAN PEDRO DE LA PAZ,LAS TORRES, ,851,"LAS TORRES 851, SAN PEDRO DE LA PAZ",CHILE,RANGE_INTERPOLATED,71550,2021,1398869,1,2021/11/26 00:00:00+00,1899/12/30 00:00:00+00,8,REGION BIO BIO,8108,SAN PEDRO DE LA PAZ,70,VOLCADURA,70,VOLCADURA,1,URBANA,16,CRUCE SIN SEÑALIZACION,9,PERDIDA CONTROL VEHICULO,95,PERDIDA CONTROL VEHICULO,0,LAS TORRES,0, ,- LAS TORRES,851, , , , ,2,2,3,BIDIRECCIONAL CON BANDEJON,1,CONCRETO,1,BUENO,1,SECO,1,DESPEJADO,0,0,0,2,0
-8139599.10207555,-4414898.94563935,4585,42050,1342005,-73.1192628,-36.8261283,100,SAN PEDRO DE LA PAZ,1,12685,2021,1342005,REGION BIO BIO,8108,SAN PEDRO DE LA PAZ,COSTANERA, ,2,"COSTANERA 2, SAN PEDRO DE LA PAZ",CHILE,RANGE_INTERPOLATED,17530,2021,1342005,1,2021/04/03 00:00:00+00,1899/12/30 00:00:00+00,8,REGION BIO BIO,8108,SAN PEDRO DE LA PAZ,50,CHOQUE,40,CHOQUE,1,URBANA,1,TRAMO DE VIA RECTA,7,VELOCIDAD IMPRUDENTE,72,VELOCIDAD NO RAZONABLE NI PRUDENTE,0,COSTANERA,0, ,- COSTANERA,2, , , , ,3,3,3,BIDIRECCIONAL CON BANDEJON,2,ASFALTO,1,BUENO,1,SECO,1,DESPEJADO,1,0,0,0,0
-8142898.2110325,-4414838.90940819,4586,42051,1390011,-73.1488992,-36.8256966,100,SAN PEDRO DE LA PAZ,1,43824,2021,1390011,REGION BIO BIO,8108,SAN PEDRO DE LA PAZ,EL SOL,LUNA,0,"EL SOL & LUNA, SAN PEDRO DE LA PAZ",CHILE,GEOMETRIC_CENTER,59966,2021,1390011,1,2021/10/11 00:00:00+00,1899/12/30 00:00:00+00,8,REGION BIO BIO,8108,SAN PEDRO DE LA PAZ,61,CHOQUE FRENTE/FRENTE,40,CHOQUE,1,URBANA,1,TRAMO DE VIA RECTA,14,OTRAS CAUSAS,98,OTRAS CAUSAS,0,EL SOL,0,LUNA,EL SOL - LUNA,0, , , , ,1,1,2,BIDIRECCIONAL,1,CONCRETO,1,BUENO,1,SECO,1,DESPEJADO,0,0,0,0,1
-8139897.193408,-4414812.15257759,4587,42052,1362018,-73.1219406,-36.8255042,100,SAN PEDRO DE LA PAZ,0,26270,2021,1362018,REGION BIO BIO,8101,CONCEPCION,COSTANERA, ,477,"COSTANERA 477, CONCEPCION",CHILE,RANGE_INTERPOLATED,36251,2021,1362018,1,2021/07/06 00:00:00+00,1899/12/30 00:00:00+00,8,REGION BIO BIO,8101,CONCEPCION,50,CHOQUE,40,CHOQUE,1,URBANA,1,TRAMO DE VIA RECTA,4,ALCOHOL EN CONDUCTOR,21,CONDUCCION BAJO LA INFLUENCIA DEL ALCOHOL,0,COSTANERA,0, ,- COSTANERA,477, , , , ,3,3,2,BIDIRECCIONAL,1,CONCRETO,1,BUENO,3,MOJADO,2,NUBLADO,0,0,0,0,2
-8139897.193408,-4414812.15257759,4588,42053,1363330,-73.1219406,-36.8255042,100,SAN PEDRO DE LA PAZ,0,27578,2021,1363330,REGION BIO BIO,8101,CONCEPCION,COSTANERA, ,477,"COSTANERA 477, CONCEPCION",CHILE,RANGE_INTERPOLATED,38057,2021,1363330,1,2021/07/13 00:00:00+00,1899/12/30 00:00:00+00,8,REGION BIO BIO,8101,CONCEPCION,33,COLISION POR ALCANCE,30,COLISION,1,URBANA,1,TRAMO DE VIA RECTA,1,IMPRUDENCIA DEL CONDUCTOR,28,CONDUCCION SIN MANTENER DISTANCIA RAZONABLE NI PRUDENTE,0,COSTANERA,0, ,- COSTANERA,477, , , , ,3,3,3,BIDIRECCIONAL CON BANDEJON,1,CONCRETO,1,BUENO,1,SECO,1,DESPEJADO,0,0,0,1,1
-8139897.193408,-4414812.15257759,4589,42054,1363448,-73.1219406,-36.8255042,100,SAN PEDRO DE LA PAZ,0,27754,2021,1363448,REGION BIO BIO,8101,CONCEPCION,COSTANERA, ,477,"COSTANERA 477, CONCEPCION",CHILE,RANGE_INTERPOLATED,38317,2021,1363448,1,2021/07/14 00:00:00+00,1899/12/30 00:00:00+00,8,REGION BIO BIO,8101,CONCEPCION,50,CHOQUE,40,CHOQUE,1,URBANA,11,CRUCE CON SEMAFORO FUNCIONANDO,1,IMPRUDENCIA DEL CONDUCTOR,93,CONDUCIR VEHICULO EN RETROCESO,0,COSTANERA,0, ,- COSTANERA,477, , , , ,3,3,3,BIDIRECCIONAL CON BANDEJON,1,CONCRETO,1,BUENO,1,SECO,1,DESPEJADO,0,0,0,0,2
-8139897.193408,-4414812.15257759,4590,42055,1371381,-73.1219406,-36.8255042,100,SAN PEDRO DE LA PAZ,0,32611,2021,1371381,REGION BIO BIO,8101,CONCEPCION,COSTANERA, ,477,"COSTANERA 477, CONCEPCION",CHILE,RANGE_INTERPOLATED,44987,2021,1371381,1,2021/08/10 00:00:00+00,1899/12/30 00:00:00+00,8,REGION BIO BIO,8101,CONCEPCION,34,COLISION PERPENDICULAR,30,COLISION,1,URBANA,1,TRAMO DE VIA RECTA,1,IMPRUDENCIA DEL CONDUCTOR,27,CONDUCCION NO ATENTO CONDICIONES TRANSITO MOMENTO,0,COSTANERA,0, ,- COSTANERA,477, , , , ,3,3,2,BIDIRECCIONAL,1,CONCRETO,1,BUENO,1,SECO,1,DESPEJADO,0,1,0,0,1
-8095522.88440459,-4476049.92341701,4591,42210,1390165,-72.7233194,-37.2645775,88,SAN ROSENDO,1,45297,2021,1390165,REGION BIO BIO,8310,SAN ROSENDO,SECTOR EL MIRADOR,SANTA MONICA,0,"SECTOR EL MIRADOR & SANTA MONICA, SAN ROSENDO",CHILE,GEOMETRIC_CENTER,61927,2021,1390165,1,2021/10/19 00:00:00+00,1899/12/30 00:00:00+00,8,REGION BIO BIO,8310,SAN ROSENDO,53,CHOQUE POSTERIOR,40,CHOQUE,1,URBANA,1,TRAMO DE VIA RECTA,9,PERDIDA CONTROL VEHICULO,95,PERDIDA CONTROL VEHICULO,0,SECTOR EL MIRADOR,0,SANTA MONICA,SANTA MONICA - SECTOR EL MIRADOR,0, , , , ,2,0,1,UNIDIRECCIONAL,5,RIPIO,1,BUENO,0, ,1,DESPEJADO,0,0,0,0,2
-8096271.69722331,-4475145.33260733,4592,42211,1401696,-72.7300461,-37.2581101,88,SAN ROSENDO,1,53977,2021,1401696,REGION BIO BIO,8310,SAN ROSENDO,CAMINO CALLEJONES, ,2,"CAMINO CALLEJONES 2, SAN ROSENDO",CHILE,RANGE_INTERPOLATED,73355,2021,1401696,1,2021/12/03 00:00:00+00,1899/12/30 00:00:00+00,8,REGION BIO BIO,8310,SAN ROSENDO,65,CHOQUE LADO/LADO,40,CHOQUE,2,RURAL,1,TRAMO DE VIA RECTA,7,VELOCIDAD IMPRUDENTE,72,VELOCIDAD NO RAZONABLE NI PRUDENTE,0,CAMINO CALLEJONES,0, , ,2, , , , ,1,1,2,BIDIRECCIONAL,5,RIPIO,2,REGULAR,0, ,1,DESPEJADO,0,0,0,0,2
-8144004.19243743,-4414245.21284717,4593,42056,1334782,-73.1588344,-36.8214274,100,SAN PEDRO DE LA PAZ,1,4858,2021,1334782,REGION BIO BIO,8108,SAN PEDRO DE LA PAZ,GERONIIMO DE VERA,JUAN GOMEZ DE LAS MONTA??ªAS,0,"GERONIIMO DE VERA & JUAN GOMEZ DE LAS MONTA??ªAS, SAN PEDRO DE LA PAZ",CHILE,GEOMETRIC_CENTER,6790,2021,1334782,1,2021/02/04 00:00:00+00,1899/12/30 00:00:00+00,8,REGION BIO BIO,8108,SAN PEDRO DE LA PAZ,30,COLISION,30,COLISION,1,URBANA,15,CRUCE CON SEÑAL CEDA EL PASO,13,CAUSAS NO DETERMINADAS,97,CAUSAS NO DETERMINADAS,0,GERONIIMO DE VERA,0,JUAN GOMEZ DE LAS MONTAÑAS,GERONIIMO DE VERA - JUAN GOMEZ DE LAS MONTAÑAS,0, , , , ,1,1,2,BIDIRECCIONAL,2,ASFALTO,1,BUENO,1,SECO,1,DESPEJADO,0,0,0,0,1
-8144004.19243743,-4414245.21284717,4594,42057,1340785,-73.1588344,-36.8214274,100,SAN PEDRO DE LA PAZ,1,11681,2021,1340785,REGION BIO BIO,8108,SAN PEDRO DE LA PAZ,MAITENCILLO,O'CARROL,0,"MAITENCILLO & O'CARROL, SAN PEDRO DE LA PAZ",CHILE,GEOMETRIC_CENTER,16173,2021,1340785,1,2021/03/24 00:00:00+00,1899/12/30 00:00:00+00,8,REGION BIO BIO,8108,SAN PEDRO DE LA PAZ,52,CHOQUE LATERAL,40,CHOQUE,1,URBANA,1,TRAMO DE VIA RECTA,1,IMPRUDENCIA DEL CONDUCTOR,27,CONDUCCION NO ATENTO CONDICIONES TRANSITO MOMENTO,0,MAITENCILLO,0,O'CARROL,MAITENCILLO - O'CARROL,0, , , , ,2,2,2,BIDIRECCIONAL,2,ASFALTO,1,BUENO,1,SECO,1,DESPEJADO,0,0,0,1,1
-8144004.19243743,-4414245.21284717,4595,42058,1368296,-73.1588344,-36.8214274,100,SAN PEDRO DE LA PAZ,1,28475,2021,1368296,REGION BIO BIO,8108,SAN PEDRO DE LA PAZ,LAS AMAPOLAS,LAS ORQUIDEAS,0,"LAS AMAPOLAS & LAS ORQUIDEAS, SAN PEDRO DE LA PAZ",CHILE,GEOMETRIC_CENTER,39344,2021,1368296,1,2021/07/18 00:00:00+00,1899/12/30 00:00:00+00,8,REGION BIO BIO,8108,SAN PEDRO DE LA PAZ,32,COLISION LATERAL,30,COLISION,1,URBANA,1,TRAMO DE VIA RECTA,1,IMPRUDENCIA DEL CONDUCTOR,27,CONDUCCION NO ATENTO CONDICIONES TRANSITO MOMENTO,0,LAS AMAPOLAS,0,LAS ORQUIDEAS,LAS AMAPOLAS - LAS ORQUIDEAS,0, , , , ,1,1,2,BIDIRECCIONAL,1,CONCRETO,1,BUENO,1,SECO,1,DESPEJADO,0,0,0,0,2
-8133061.11913813,-4409851.10512948,4596,45281,1402831,-73.0605311,-36.7898225,95,CONCEPCION,1,54872,2021,1402831,REGION BIO BIO,8101,CONCEPCION,RAMON CARRASCO, ,52,"RAMON CARRASCO 52, CONCEPCION",CHILE,RANGE_INTERPOLATED,74559,2021,1402831,1,2021/12/08 00:00:00+00,1899/12/30 00:00:00+00,8,REGION BIO BIO,8101,CONCEPCION,70,VOLCADURA,70,VOLCADURA,1,URBANA,1,TRAMO DE VIA RECTA,7,VELOCIDAD IMPRUDENTE,72,VELOCIDAD NO RAZONABLE NI PRUDENTE,0,RAMON CARRASCO,0, ,- RAMON CARRASCO,52, , , , ,2,2,2,BIDIRECCIONAL,1,CONCRETO,1,BUENO,1,SECO,1,DESPEJADO,0,0,0,0,1
-8134042.41158142,-4410305.0595079,4597,45285,1334612,-73.0693462,-36.7930882,176,TALCAHUANO,1,7195,2021,1334612,REGION BIO BIO,8110,TALCAHUANO,AUTOPISTA CONCEPCION TALCAHUANO,CALETERA CONCEPCION TALCAHUANO,0,"AUTOPISTA CONCEPCION TALCAHUANO & CALETERA CONCEPCION TALCAHUANO, TALCAHUANO",CHILE,GEOMETRIC_CENTER,10108,2021,1334612,1,2021/02/22 00:00:00+00,1899/12/30 00:00:00+00,8,REGION BIO BIO,8110,TALCAHUANO,50,CHOQUE,40,CHOQUE,1,URBANA,1,TRAMO DE VIA RECTA,13,CAUSAS NO DETERMINADAS,97,CAUSAS NO DETERMINADAS,0,AUTOPISTA CONCEPCION TALCAHUANO,0,CALETERA CONCEPCION TALCAHUANO,AUTOPISTA CONCEPCION TALCAHUANO - CALETERA CONCEPCION TALCAHUANO,0, , , , ,2,2,2,BIDIRECCIONAL,1,CONCRETO,1,BUENO,1,SECO,1,DESPEJADO,0,0,0,0,1
-8135994.08715791,-4408678.26955842,4598,45321,1327379,-73.0868784,-36.7813846,176,TALCAHUANO,3,2800,2021,1327379,REGION BIO BIO,8112,HUALPEN,CRISTOBAL COLON, ,7296,"CRISTOBAL COLON 7296, HUALPEN",CHILE,RANGE_INTERPOLATED,3838,2021,1327379,1,2021/01/20 00:00:00+00,1899/12/30 00:00:00+00,8,REGION BIO BIO,8112,HUALPEN,10,ATROPELLO,10,ATROPELLO,1,URBANA,1,TRAMO DE VIA RECTA,2,IMPRUDENCIA DEL PEATON,52,PEATON CRUZA CALZADA FORMA SORPRESIVA O DESCUIDADA,0,CRISTOBAL COLON,0, ,- CRISTOBAL COLON,7296, , , , ,2,2,3,BIDIRECCIONAL CON BANDEJON,1,CONCRETO,1,BUENO,1,SECO,1,DESPEJADO,0,2,0,0,0
-8137045.81144302,-4408427.84303587,4599,45326,1345273,-73.0963262,-36.7795828,176,TALCAHUANO,1,14553,2021,1345273,REGION BIO BIO,8110,TALCAHUANO,CHILOE, ,7381,"CHILOE 7381, TALCAHUANO",CHILE,RANGE_INTERPOLATED,20066,2021,1345273,1,2021/04/19 00:00:00+00,1899/12/30 00:00:00+00,8,REGION BIO BIO,8110,TALCAHUANO,10,ATROPELLO,10,ATROPELLO,1,URBANA,1,TRAMO DE VIA RECTA,2,IMPRUDENCIA DEL PEATON,52,PEATON CRUZA CALZADA FORMA SORPRESIVA O DESCUIDADA,0,CHILOE,0, ,- CHILOE,7381, , , , ,1,1,2,BIDIRECCIONAL,1,CONCRETO,1,BUENO,1,SECO,1,DESPEJADO,0,1,0,0,1
-8137436.96586977,-4408308.92794081,4600,45334,1400474,-73.09984,-36.7787272,176,TALCAHUANO,1,52045,2021,1400474,REGION BIO BIO,8110,TALCAHUANO,LA LIGUA, ,7730,"LA LIGUA 7730, TALCAHUANO",CHILE,RANGE_INTERPOLATED,70771,2021,1400474,1,2021/11/23 00:00:00+00,1899/12/30 00:00:00+00,8,REGION BIO BIO,8110,TALCAHUANO,65,CHOQUE LADO/LADO,40,CHOQUE,1,URBANA,1,TRAMO DE VIA RECTA,1,IMPRUDENCIA DEL CONDUCTOR,27,CONDUCCION NO ATENTO CONDICIONES TRANSITO MOMENTO,0,LA LIGUA,0, ,- LA LIGUA,7730, , , , ,1,1,2,BIDIRECCIONAL,1,CONCRETO,1,BUENO,1,SECO,1,DESPEJADO,0,0,0,0,2