X,Y,FID,FID_1,LABELID,POINT_X,POINT_Y,FID_2,COMUNAREAL,VAL_COM,OBJECTID,A_O,IDACCIDENT,REGION,COD_COMUN,COMUNA,CALLE_UNO,CALLE_DOS,NUMERO,DIR_GEOCOD,PAIS,TIPO,OBJECTID_1,Año,Idaccide_1,Claseaccid,Fecha,Hora,Cód_Regi,Región,Cód_Comun,Comuna_1,Cód_Tipo_,Tipo_Accid,Cód_Tipo1,Tipo__CONA,Cód_Zona,Zona,Cód_Ubica,Ubicación,Cód_Causa,Causa__CON,Cód_Cau_1,Causa,Cód_Calle,Calle_Un_1,Cód_Cal_1,Calle_Do_1,Intersecci,Número,Ruta,Cód_Ruta,Ubicaci_1,Km_Vía_Fe,Pistas_de_,Pistas_de1,Cód_Calza,Calzada,Cód__Tipo,Tipo_Calza,Cód_Estad,Estado_Cal,Cód_Condi,Condición,Cód_Est_1,Estado_Atm,Fallecidos,Graves,Menos_Grav,Leves,Ilesos
-8138336.54980682,-4407991.89699981,4601,45349,1372087,-73.1079211,-36.7764461,176,TALCAHUANO,1,32761,2021,1372087,REGION BIO BIO,8110,TALCAHUANO,LAS GOLONDRINAS, ,1710,"LAS GOLONDRINAS 1710, TALCAHUANO",CHILE,RANGE_INTERPOLATED,45198,2021,1372087,1,2021/08/11 00:00:00+00,1899/12/30 00:00:00+00,8,REGION BIO BIO,8110,TALCAHUANO,51,CHOQUE FRONTAL,40,CHOQUE,1,URBANA,1,TRAMO DE VIA RECTA,9,PERDIDA CONTROL VEHICULO,95,PERDIDA CONTROL VEHICULO,0,LAS GOLONDRINAS,0, ,- LAS GOLONDRINAS,1710, , , , ,1,1,3,BIDIRECCIONAL CON BANDEJON,1,CONCRETO,1,BUENO,1,SECO,1,DESPEJADO,0,0,0,0,1
-8138141.44013531,-4400747.35516521,4602,45728,1354418,-73.1061684,-36.7243017,176,TALCAHUANO,1,21036,2021,1354418,REGION BIO BIO,8110,TALCAHUANO,JORDAN VALDIVIESO, ,241,"JORDAN VALDIVIESO 241, TALCAHUANO",CHILE,RANGE_INTERPOLATED,29003,2021,1354418,1,2021/06/02 00:00:00+00,1899/12/30 00:00:00+00,8,REGION BIO BIO,8110,TALCAHUANO,10,ATROPELLO,10,ATROPELLO,1,URBANA,1,TRAMO DE VIA RECTA,2,IMPRUDENCIA DEL PEATON,55,PEATON CRUZA CALZADA FUERA PASO PEATONES,0,JORDAN VALDIVIESO,0, ,- JORDAN VALDIVIESO,241, , , , ,1,1,3,BIDIRECCIONAL CON BANDEJON,1,CONCRETO,1,BUENO,1,SECO,1,DESPEJADO,0,0,0,1,1
-8138442.35898282,-4400438.45135765,4603,45745,1392114,-73.1088716,-36.7220775,176,TALCAHUANO,1,47114,2021,1392114,REGION BIO BIO,8110,TALCAHUANO,JORDAN VALDIVIESO, ,40,"JORDAN VALDIVIESO 40, TALCAHUANO",CHILE,RANGE_INTERPOLATED,64273,2021,1392114,1,2021/10/29 00:00:00+00,1899/12/30 00:00:00+00,8,REGION BIO BIO,8110,TALCAHUANO,32,COLISION LATERAL,30,COLISION,1,URBANA,11,CRUCE CON SEMAFORO FUNCIONANDO,1,IMPRUDENCIA DEL CONDUCTOR,91,VIRAJES INDEBIDOS,0,JORDAN VALDIVIESO,0, ,- JORDAN VALDIVIESO,40, , , , ,1,1,2,BIDIRECCIONAL,1,CONCRETO,1,BUENO,1,SECO,1,DESPEJADO,0,0,0,1,1
-8138481.2985407,-4400397.96759486,4604,45746,1363267,-73.1092214,-36.721786,176,TALCAHUANO,1,27832,2021,1363267,REGION BIO BIO,8110,TALCAHUANO,LAS HERAS, ,1250,"LAS HERAS 1250, TALCAHUANO",CHILE,RANGE_INTERPOLATED,38431,2021,1363267,1,2021/07/14 00:00:00+00,1899/12/30 00:00:00+00,8,REGION BIO BIO,8110,TALCAHUANO,32,COLISION LATERAL,30,COLISION,1,URBANA,1,TRAMO DE VIA RECTA,1,IMPRUDENCIA DEL CONDUCTOR,32,NO RESPETAR DERECHO PREFERENTE DE PASO A VEHICULO,0,LAS HERAS,0, ,- LAS HERAS,1250, , , , ,1,1,2,BIDIRECCIONAL,1,CONCRETO,1,BUENO,1,SECO,1,DESPEJADO,0,0,0,0,2
-8138475.02012142,-4400344.52648563,4605,45747,1329695,-73.109165,-36.7214012,176,TALCAHUANO,1,2484,2021,1329695,REGION BIO BIO,8110,TALCAHUANO,BLANCO ENCALADA, ,2400,"BLANCO ENCALADA 2400, TALCAHUANO",CHILE,RANGE_INTERPOLATED,3417,2021,1329695,1,2021/01/18 00:00:00+00,1899/12/30 00:00:00+00,8,REGION BIO BIO,8110,TALCAHUANO,67,CHOQUE POSTERIOR/FRENTE,40,CHOQUE,1,URBANA,1,TRAMO DE VIA RECTA,1,IMPRUDENCIA DEL CONDUCTOR,23,CONDUCCION CONTRA SENTIDO DEL TRANSITO,0,BLANCO ENCALADA,0, ,- BLANCO ENCALADA,2400, , , , ,1,1,3,BIDIRECCIONAL CON BANDEJON,1,CONCRETO,1,BUENO,1,SECO,1,DESPEJADO,0,0,0,0,2
-8138475.02012142,-4400344.52648563,4606,45748,1392067,-73.109165,-36.7214012,176,TALCAHUANO,1,47081,2021,1392067,REGION BIO BIO,8110,TALCAHUANO,BLANCO ENCALADA, ,2440,"BLANCO ENCALADA 2440, TALCAHUANO",CHILE,RANGE_INTERPOLATED,64226,2021,1392067,1,2021/10/29 00:00:00+00,1899/12/30 00:00:00+00,8,REGION BIO BIO,8110,TALCAHUANO,32,COLISION LATERAL,30,COLISION,1,URBANA,1,TRAMO DE VIA RECTA,10,DESOBEDIENCIA A SEÑALIZACION,62,SEÑALIZACION DESOBEDECER LUZ ROJA DE SEMAFORO,0,BLANCO ENCALADA,0, ,- BLANCO ENCALADA,2440, , , , ,1,1,2,BIDIRECCIONAL,1,CONCRETO,1,BUENO,1,SECO,1,DESPEJADO,0,0,0,1,1
-8138596.38063028,-4400105.39191171,4607,45753,1388161,-73.1102552,-36.7196793,176,TALCAHUANO,1,43095,2021,1388161,REGION BIO BIO,8110,TALCAHUANO,CRISTOBAL COLON, ,1038,"CRISTOBAL COLON 1038, TALCAHUANO",CHILE,RANGE_INTERPOLATED,58952,2021,1388161,1,2021/10/07 00:00:00+00,1899/12/30 00:00:00+00,8,REGION BIO BIO,8110,TALCAHUANO,33,COLISION POR ALCANCE,30,COLISION,1,URBANA,1,TRAMO DE VIA RECTA,1,IMPRUDENCIA DEL CONDUCTOR,28,CONDUCCION SIN MANTENER DISTANCIA RAZONABLE NI PRUDENTE,0,CRISTOBAL COLON,0, ,- CRISTOBAL COLON,1038, , , , ,1,0,1,UNIDIRECCIONAL,1,CONCRETO,1,BUENO,1,SECO,1,DESPEJADO,0,0,0,1,2
-8138717.77453499,-4399497.0873822,4608,45767,1370427,-73.1113457,-36.715299,176,TALCAHUANO,1,31192,2021,1370427,REGION BIO BIO,8110,TALCAHUANO,BUIN, ,602,"BUIN 602, TALCAHUANO",CHILE,RANGE_INTERPOLATED,43094,2021,1370427,1,2021/08/03 00:00:00+00,1899/12/30 00:00:00+00,8,REGION BIO BIO,8110,TALCAHUANO,65,CHOQUE LADO/LADO,40,CHOQUE,1,URBANA,1,TRAMO DE VIA RECTA,1,IMPRUDENCIA DEL CONDUCTOR,27,CONDUCCION NO ATENTO CONDICIONES TRANSITO MOMENTO,0,BUIN,0, ,- BUIN,602, , , , ,1,1,2,BIDIRECCIONAL,1,CONCRETO,1,BUENO,1,SECO,1,DESPEJADO,0,0,0,0,2
-8138777.00763604,-4399387.60374921,4609,45777,1328084,-73.1118778,-36.7145106,176,TALCAHUANO,1,1601,2021,1328084,REGION BIO BIO,8110,TALCAHUANO,CRISTOBAL COLON,HUALPEN,0,"CRISTOBAL COLON & HUALPEN, TALCAHUANO",CHILE,GEOMETRIC_CENTER,2208,2021,1328084,1,2021/01/11 00:00:00+00,1899/12/30 00:00:00+00,8,REGION BIO BIO,8110,TALCAHUANO,32,COLISION LATERAL,30,COLISION,1,URBANA,11,CRUCE CON SEMAFORO FUNCIONANDO,1,IMPRUDENCIA DEL CONDUCTOR,91,VIRAJES INDEBIDOS,0,CRISTOBAL COLON,0,HUALPEN,CRISTOBAL COLON - HUALPEN,0, , , , ,1,1,2,BIDIRECCIONAL,1,CONCRETO,1,BUENO,1,SECO,1,DESPEJADO,0,0,0,1,1
-8138777.00763604,-4399387.60374921,4610,45778,1378536,-73.1118778,-36.7145106,176,TALCAHUANO,1,37840,2021,1378536,REGION BIO BIO,8110,TALCAHUANO,CRISTOBAL COLON,HUALPEN,0,"CRISTOBAL COLON & HUALPEN, TALCAHUANO",CHILE,GEOMETRIC_CENTER,51999,2021,1378536,1,2021/09/08 00:00:00+00,1899/12/30 00:00:00+00,8,REGION BIO BIO,8110,TALCAHUANO,32,COLISION LATERAL,30,COLISION,1,URBANA,11,CRUCE CON SEMAFORO FUNCIONANDO,10,DESOBEDIENCIA A SEÑALIZACION,62,SEÑALIZACION DESOBEDECER LUZ ROJA DE SEMAFORO,0,CRISTOBAL COLON,0,HUALPEN,CRISTOBAL COLON - HUALPEN,0, , , , ,1,1,2,BIDIRECCIONAL,1,CONCRETO,1,BUENO,1,SECO,1,DESPEJADO,0,0,0,0,2
-8138777.00763604,-4399387.60374921,4611,45779,1392128,-73.1118778,-36.7145106,176,TALCAHUANO,1,47172,2021,1392128,REGION BIO BIO,8110,TALCAHUANO,CRISTOBAL COLON,HUALPEN,0,"CRISTOBAL COLON & HUALPEN, TALCAHUANO",CHILE,GEOMETRIC_CENTER,64345,2021,1392128,1,2021/10/29 00:00:00+00,1899/12/30 00:00:00+00,8,REGION BIO BIO,8110,TALCAHUANO,32,COLISION LATERAL,30,COLISION,1,URBANA,1,TRAMO DE VIA RECTA,10,DESOBEDIENCIA A SEÑALIZACION,62,SEÑALIZACION DESOBEDECER LUZ ROJA DE SEMAFORO,0,CRISTOBAL COLON,0,HUALPEN,CRISTOBAL COLON - HUALPEN,0, , , , ,1,1,3,BIDIRECCIONAL CON BANDEJON,1,CONCRETO,1,BUENO,1,SECO,1,DESPEJADO,0,1,0,0,1
-8138772.75523149,-4399345.97137895,4612,45784,1394473,-73.1118396,-36.7142108,176,TALCAHUANO,1,49131,2021,1394473,REGION BIO BIO,8110,TALCAHUANO,CRISTOBAL COLON, ,501,"CRISTOBAL COLON 501, TALCAHUANO",CHILE,RANGE_INTERPOLATED,66979,2021,1394473,1,2021/11/09 00:00:00+00,1899/12/30 00:00:00+00,8,REGION BIO BIO,8110,TALCAHUANO,63,CHOQUE FRENTE/POSTERIOR,40,CHOQUE,1,URBANA,1,TRAMO DE VIA RECTA,1,IMPRUDENCIA DEL CONDUCTOR,27,CONDUCCION NO ATENTO CONDICIONES TRANSITO MOMENTO,0,CRISTOBAL COLON,0, ,- CRISTOBAL COLON,501, , , , ,1,1,2,BIDIRECCIONAL,1,CONCRETO,1,BUENO,1,SECO,1,DESPEJADO,0,0,0,0,2
-8138834.21472236,-4399295.95164794,4613,45786,1329671,-73.1123917,-36.7138506,176,TALCAHUANO,1,4454,2021,1329671,REGION BIO BIO,8110,TALCAHUANO,BARROS ARANA,CRISTOBAL COLON,0,"BARROS ARANA & CRISTOBAL COLON, TALCAHUANO",CHILE,GEOMETRIC_CENTER,6260,2021,1329671,1,2021/02/02 00:00:00+00,1899/12/30 00:00:00+00,8,REGION BIO BIO,8110,TALCAHUANO,32,COLISION LATERAL,30,COLISION,1,URBANA,12,CRUCE CON SEMAFORO APAGADO,1,IMPRUDENCIA DEL CONDUCTOR,32,NO RESPETAR DERECHO PREFERENTE DE PASO A VEHICULO,0,BARROS ARANA,0,CRISTOBAL COLON,BARROS ARANA - CRISTOBAL COLON,0, , , , ,1,1,2,BIDIRECCIONAL,1,CONCRETO,1,BUENO,1,SECO,1,DESPEJADO,1,0,0,0,1
-8138834.21472236,-4399295.95164794,4614,45787,1335112,-73.1123917,-36.7138506,176,TALCAHUANO,1,6728,2021,1335112,REGION BIO BIO,8110,TALCAHUANO,CRISTOBAL COLON, ,3157,"CRISTOBAL COLON 3157, TALCAHUANO",CHILE,RANGE_INTERPOLATED,9432,2021,1335112,1,2021/02/19 00:00:00+00,1899/12/30 00:00:00+00,8,REGION BIO BIO,8110,TALCAHUANO,32,COLISION LATERAL,30,COLISION,1,URBANA,11,CRUCE CON SEMAFORO FUNCIONANDO,10,DESOBEDIENCIA A SEÑALIZACION,62,SEÑALIZACION DESOBEDECER LUZ ROJA DE SEMAFORO,0,CRISTOBAL COLON,0, ,- CRISTOBAL COLON,3157, , , , ,1,1,3,BIDIRECCIONAL CON BANDEJON,1,CONCRETO,1,BUENO,1,SECO,1,DESPEJADO,0,0,0,0,2
-8138834.21472236,-4399295.95164794,4615,45788,1374739,-73.1123917,-36.7138506,176,TALCAHUANO,1,33651,2021,1374739,REGION BIO BIO,8110,TALCAHUANO,CRISTOBAL COLON, ,3157,"CRISTOBAL COLON 3157, TALCAHUANO",CHILE,RANGE_INTERPOLATED,46411,2021,1374739,1,2021/08/16 00:00:00+00,1899/12/30 00:00:00+00,8,REGION BIO BIO,8110,TALCAHUANO,20,CAIDA,20,CAIDA,1,URBANA,1,TRAMO DE VIA RECTA,14,OTRAS CAUSAS,98,OTRAS CAUSAS,0,CRISTOBAL COLON,0, ,- CRISTOBAL COLON,3157, , , , ,1,1,2,BIDIRECCIONAL,1,CONCRETO,1,BUENO,1,SECO,1,DESPEJADO,0,0,0,1,1
-8138834.21472236,-4399295.95164794,4616,45789,1405557,-73.1123917,-36.7138506,176,TALCAHUANO,1,56435,2021,1405557,REGION BIO BIO,8110,TALCAHUANO,CRISTOBAL COLON, ,3157,"CRISTOBAL COLON 3157, TALCAHUANO",CHILE,RANGE_INTERPOLATED,76696,2021,1405557,1,2021/12/16 00:00:00+00,1899/12/30 00:00:00+00,8,REGION BIO BIO,8110,TALCAHUANO,63,CHOQUE FRENTE/POSTERIOR,40,CHOQUE,1,URBANA,11,CRUCE CON SEMAFORO FUNCIONANDO,1,IMPRUDENCIA DEL CONDUCTOR,28,CONDUCCION SIN MANTENER DISTANCIA RAZONABLE NI PRUDENTE,0,CRISTOBAL COLON,0, ,- CRISTOBAL COLON,3157, , , , ,1,1,3,BIDIRECCIONAL CON BANDEJON,1,CONCRETO,1,BUENO,1,SECO,1,DESPEJADO,0,0,0,0,2
-8139139.92030798,-4399090.61213906,4617,45794,1405015,-73.1151379,-36.7123719,176,TALCAHUANO,1,56272,2021,1405015,REGION BIO BIO,8110,TALCAHUANO,VALDIVIA, ,127,"VALDIVIA 127, TALCAHUANO",CHILE,RANGE_INTERPOLATED,76479,2021,1405015,1,2021/12/15 00:00:00+00,1899/12/30 00:00:00+00,8,REGION BIO BIO,8110,TALCAHUANO,10,ATROPELLO,10,ATROPELLO,1,URBANA,1,TRAMO DE VIA RECTA,1,IMPRUDENCIA DEL CONDUCTOR,27,CONDUCCION NO ATENTO CONDICIONES TRANSITO MOMENTO,0,VALDIVIA,0, ,- VALDIVIA,127, , , , ,1,1,2,BIDIRECCIONAL,1,CONCRETO,1,BUENO,1,SECO,1,DESPEJADO,0,0,0,0,2
-8139142.58084381,-4399066.21384104,4618,45800,1382700,-73.1151618,-36.7121962,176,TALCAHUANO,1,40435,2021,1382700,REGION BIO BIO,8110,TALCAHUANO,VALDIVIA, ,105,"VALDIVIA 105, TALCAHUANO",CHILE,RANGE_INTERPOLATED,55497,2021,1382700,1,2021/09/23 00:00:00+00,1899/12/30 00:00:00+00,8,REGION BIO BIO,8110,TALCAHUANO,10,ATROPELLO,10,ATROPELLO,1,URBANA,11,CRUCE CON SEMAFORO FUNCIONANDO,10,DESOBEDIENCIA A SEÑALIZACION,62,SEÑALIZACION DESOBEDECER LUZ ROJA DE SEMAFORO,0,VALDIVIA,0, ,- VALDIVIA,105, , , , ,1,1,2,BIDIRECCIONAL,1,CONCRETO,1,BUENO,1,SECO,1,DESPEJADO,0,0,0,1,1
-8139137.31543189,-4399061.28419739,4619,45801,1350841,-73.1151145,-36.7121607,176,TALCAHUANO,1,17559,2021,1350841,REGION BIO BIO,8110,TALCAHUANO,VALDIVIA, ,101,"VALDIVIA 101, TALCAHUANO",CHILE,RANGE_INTERPOLATED,24192,2021,1350841,1,2021/05/11 00:00:00+00,1899/12/30 00:00:00+00,8,REGION BIO BIO,8110,TALCAHUANO,10,ATROPELLO,10,ATROPELLO,1,URBANA,11,CRUCE CON SEMAFORO FUNCIONANDO,1,IMPRUDENCIA DEL CONDUCTOR,31,NO RESPETAR DERECHO PREFERENTE DE PASO A PEATON,0,VALDIVIA,0, ,- VALDIVIA,101, , , , ,1,1,2,BIDIRECCIONAL,1,CONCRETO,1,BUENO,1,SECO,1,DESPEJADO,0,1,0,0,1
-8139136.69204274,-4399013.69589539,4620,45804,1324519,-73.1151089,-36.711818,176,TALCAHUANO,1,731,2021,1324519,REGION BIO BIO,8110,TALCAHUANO,VALDIVIA, ,76,"VALDIVIA 76, TALCAHUANO",CHILE,RANGE_INTERPOLATED,1022,2021,1324519,1,2021/01/06 00:00:00+00,1899/12/30 00:00:00+00,8,REGION BIO BIO,8110,TALCAHUANO,10,ATROPELLO,10,ATROPELLO,1,URBANA,11,CRUCE CON SEMAFORO FUNCIONANDO,2,IMPRUDENCIA DEL PEATON,52,PEATON CRUZA CALZADA FORMA SORPRESIVA O DESCUIDADA,0,VALDIVIA,0, ,- VALDIVIA,76, , , , ,1,1,2,BIDIRECCIONAL,1,CONCRETO,1,BUENO,1,SECO,1,DESPEJADO,0,0,0,1,1
-8139136.69204274,-4399013.69589539,4621,45805,1383537,-73.1151089,-36.711818,176,TALCAHUANO,1,41380,2021,1383537,REGION BIO BIO,8110,TALCAHUANO,VALDIVIA, ,76,"VALDIVIA 76, TALCAHUANO",CHILE,RANGE_INTERPOLATED,56732,2021,1383537,1,2021/09/28 00:00:00+00,1899/12/30 00:00:00+00,8,REGION BIO BIO,8110,TALCAHUANO,63,CHOQUE FRENTE/POSTERIOR,40,CHOQUE,1,URBANA,11,CRUCE CON SEMAFORO FUNCIONANDO,1,IMPRUDENCIA DEL CONDUCTOR,28,CONDUCCION SIN MANTENER DISTANCIA RAZONABLE NI PRUDENTE,0,VALDIVIA,0, ,- VALDIVIA,76, , , , ,1,1,2,BIDIRECCIONAL,1,CONCRETO,1,BUENO,1,SECO,1,DESPEJADO,0,0,0,0,2
-8138152.21586202,-4396462.59591397,4622,45811,1368791,-73.1062652,-36.6934444,176,TALCAHUANO,1,31304,2021,1368791,REGION BIO BIO,8110,TALCAHUANO,JORGE MONTT, ,200,"JORGE MONTT 200, TALCAHUANO",CHILE,RANGE_INTERPOLATED,43234,2021,1368791,1,2021/08/03 00:00:00+00,1899/12/30 00:00:00+00,8,REGION BIO BIO,8110,TALCAHUANO,31,COLISION FRONTAL,30,COLISION,1,URBANA,1,TRAMO DE VIA RECTA,1,IMPRUDENCIA DEL CONDUCTOR,29,CONDUCCION CAMBIAR SORPRESIVAMENTE PISTA CIRCULACION,0,JORGE MONTT,0, ,- JORGE MONTT,200, , , , ,1,1,2,BIDIRECCIONAL,1,CONCRETO,1,BUENO,1,SECO,1,DESPEJADO,0,0,0,1,1
-8121426.25086329,-4388031.72189029,4623,47540,1407084,-72.9560133,-36.6326921,198,TOME,1,58387,2021,1407084,REGION BIO BIO,8111,TOME,LATORRE, ,395,"LATORRE 395, TOME",CHILE,RANGE_INTERPOLATED,79292,2021,1407084,1,2021/12/25 00:00:00+00,1899/12/30 00:00:00+00,8,REGION BIO BIO,8111,TOME,51,CHOQUE FRONTAL,40,CHOQUE,1,URBANA,1,TRAMO DE VIA RECTA,12,FALLAS MECANICAS,2,FALLAS MECANICAS DIRECCION,0,LATORRE,0, ,- LATORRE,395, , , , ,2,2,3,BIDIRECCIONAL CON BANDEJON,1,CONCRETO,1,BUENO,1,SECO,1,DESPEJADO,0,0,0,1,0
-8121431.53853911,-4388030.00176457,4624,47541,1333810,-72.9560608,-36.6326797,198,TOME,1,7488,2021,1333810,REGION BIO BIO,8111,TOME,LATORRE, ,360,"LATORRE 360, TOME",CHILE,RANGE_INTERPOLATED,10525,2021,1333810,1,2021/02/24 00:00:00+00,1899/12/30 00:00:00+00,8,REGION BIO BIO,8111,TOME,33,COLISION POR ALCANCE,30,COLISION,1,URBANA,26,OTROS NO CONSIDERADOS,1,IMPRUDENCIA DEL CONDUCTOR,28,CONDUCCION SIN MANTENER DISTANCIA RAZONABLE NI PRUDENTE,0,LATORRE,0, ,- LATORRE,360, , , , ,2,2,3,BIDIRECCIONAL CON BANDEJON,1,CONCRETO,1,BUENO,1,SECO,1,DESPEJADO,0,0,0,0,2
-8121381.72306698,-4387110.37063625,4625,47542,1333351,-72.9556133,-36.62605,198,TOME,1,6845,2021,1333351,REGION BIO BIO,8111,TOME,LATORRE, ,250,"LATORRE 250, TOME",CHILE,RANGE_INTERPOLATED,9584,2021,1333351,1,2021/02/19 00:00:00+00,1899/12/30 00:00:00+00,8,REGION BIO BIO,8111,TOME,53,CHOQUE POSTERIOR,40,CHOQUE,1,URBANA,1,TRAMO DE VIA RECTA,1,IMPRUDENCIA DEL CONDUCTOR,27,CONDUCCION NO ATENTO CONDICIONES TRANSITO MOMENTO,0,LATORRE,0, ,- LATORRE,250, , , , ,2,2,3,BIDIRECCIONAL CON BANDEJON,1,CONCRETO,1,BUENO,1,SECO,1,DESPEJADO,0,0,0,2,0
-8121447.25685121,-4387003.14998939,4626,47543,1380242,-72.956202,-36.625277,198,TOME,1,39779,2021,1380242,REGION BIO BIO,8111,TOME,LATORRE, ,156,"LATORRE 156, TOME",CHILE,RANGE_INTERPOLATED,54644,2021,1380242,1,2021/09/19 00:00:00+00,1899/12/30 00:00:00+00,8,REGION BIO BIO,8111,TOME,63,CHOQUE FRENTE/POSTERIOR,40,CHOQUE,1,URBANA,15,CRUCE CON SEÑAL CEDA EL PASO,1,IMPRUDENCIA DEL CONDUCTOR,32,NO RESPETAR DERECHO PREFERENTE DE PASO A VEHICULO,0,LATORRE,0, ,- LATORRE,156, , , , ,2,2,3,BIDIRECCIONAL CON BANDEJON,1,CONCRETO,1,BUENO,1,SECO,1,DESPEJADO,0,0,0,3,2
-8121513.51421213,-4386747.23959618,4627,47545,1334892,-72.9567972,-36.623432,198,TOME,1,7542,2021,1334892,REGION BIO BIO,8111,TOME,LATORRE,LOS SUSPIROS,0,"LATORRE & LOS SUSPIROS, TOME",CHILE,GEOMETRIC_CENTER,10592,2021,1334892,1,2021/02/24 00:00:00+00,1899/12/30 00:00:00+00,8,REGION BIO BIO,8111,TOME,32,COLISION LATERAL,30,COLISION,1,URBANA,1,TRAMO DE VIA RECTA,1,IMPRUDENCIA DEL CONDUCTOR,29,CONDUCCION CAMBIAR SORPRESIVAMENTE PISTA CIRCULACION,0,LATORRE,0,LOS SUSPIROS,LATORRE - LOS SUSPIROS,0, , , , ,2,2,3,BIDIRECCIONAL CON BANDEJON,1,CONCRETO,1,BUENO,1,SECO,1,DESPEJADO,0,0,0,1,1
-8121513.51421213,-4386747.23959618,4628,47546,1363803,-72.9567972,-36.623432,198,TOME,1,28295,2021,1363803,REGION BIO BIO,8111,TOME,LATORRE,LOS SUSPIROS,0,"LATORRE & LOS SUSPIROS, TOME",CHILE,GEOMETRIC_CENTER,39084,2021,1363803,1,2021/07/17 00:00:00+00,1899/12/30 00:00:00+00,8,REGION BIO BIO,8111,TOME,10,ATROPELLO,10,ATROPELLO,1,URBANA,1,TRAMO DE VIA RECTA,2,IMPRUDENCIA DEL PEATON,55,PEATON CRUZA CALZADA FUERA PASO PEATONES,0,LATORRE,0,LOS SUSPIROS,LATORRE - LOS SUSPIROS,0, , , , ,2,2,3,BIDIRECCIONAL CON BANDEJON,1,CONCRETO,1,BUENO,1,SECO,1,DESPEJADO,1,0,0,1,0
-8121513.51421213,-4386747.23959618,4629,47547,1377304,-72.9567972,-36.623432,198,TOME,1,36395,2021,1377304,REGION BIO BIO,8111,TOME,LATORRE,LOS SUSPIROS,0,"LATORRE & LOS SUSPIROS, TOME",CHILE,GEOMETRIC_CENTER,50085,2021,1377304,1,2021/09/01 00:00:00+00,1899/12/30 00:00:00+00,8,REGION BIO BIO,8111,TOME,33,COLISION POR ALCANCE,30,COLISION,1,URBANA,1,TRAMO DE VIA RECTA,1,IMPRUDENCIA DEL CONDUCTOR,28,CONDUCCION SIN MANTENER DISTANCIA RAZONABLE NI PRUDENTE,0,LATORRE,0,LOS SUSPIROS,LATORRE - LOS SUSPIROS,0, , , , ,1,1,3,BIDIRECCIONAL CON BANDEJON,1,CONCRETO,1,BUENO,1,SECO,1,DESPEJADO,0,0,0,1,1
-8121513.51421213,-4386747.23959618,4630,47548,1406836,-72.9567972,-36.623432,198,TOME,1,57359,2021,1406836,REGION BIO BIO,8111,TOME,LATORRE,LOS SUSPIROS,0,"LATORRE & LOS SUSPIROS, TOME",CHILE,GEOMETRIC_CENTER,77898,2021,1406836,1,2021/12/20 00:00:00+00,1899/12/30 00:00:00+00,8,REGION BIO BIO,8111,TOME,33,COLISION POR ALCANCE,30,COLISION,1,URBANA,1,TRAMO DE VIA RECTA,1,IMPRUDENCIA DEL CONDUCTOR,28,CONDUCCION SIN MANTENER DISTANCIA RAZONABLE NI PRUDENTE,0,LATORRE,0,LOS SUSPIROS,LATORRE - LOS SUSPIROS,0, , , , ,2,2,3,BIDIRECCIONAL CON BANDEJON,1,CONCRETO,1,BUENO,1,SECO,1,DESPEJADO,0,0,0,2,1
-8121511.97800316,-4386550.13035219,4631,47553,1386005,-72.9567834,-36.6220109,198,TOME,1,43612,2021,1386005,REGION BIO BIO,8111,TOME,LATORRE, ,646,"LATORRE 646, TOME",CHILE,RANGE_INTERPOLATED,59653,2021,1386005,1,2021/10/10 00:00:00+00,1899/12/30 00:00:00+00,8,REGION BIO BIO,8111,TOME,10,ATROPELLO,10,ATROPELLO,1,URBANA,1,TRAMO DE VIA RECTA,1,IMPRUDENCIA DEL CONDUCTOR,31,NO RESPETAR DERECHO PREFERENTE DE PASO A PEATON,0,LATORRE,0, ,- LATORRE,646, , , , ,2,2,3,BIDIRECCIONAL CON BANDEJON,1,CONCRETO,1,BUENO,1,SECO,1,DESPEJADO,0,0,1,0,1
-8121568.04963067,-4386417.24213014,4632,47554,1383121,-72.9572871,-36.6210528,198,TOME,1,41508,2021,1383121,REGION BIO BIO,8111,TOME,LATORRE, ,11,"LATORRE 11, TOME",CHILE,RANGE_INTERPOLATED,56890,2021,1383121,1,2021/09/29 00:00:00+00,1899/12/30 00:00:00+00,8,REGION BIO BIO,8111,TOME,51,CHOQUE FRONTAL,40,CHOQUE,1,URBANA,1,TRAMO DE VIA RECTA,9,PERDIDA CONTROL VEHICULO,95,PERDIDA CONTROL VEHICULO,0,LATORRE,0, ,- LATORRE,11, , , , ,2,2,3,BIDIRECCIONAL CON BANDEJON,2,ASFALTO,2,REGULAR,3,MOJADO,3,LLUVIA,0,0,0,0,3