X,Y,FID,FID_1,LABELID,POINT_X,POINT_Y,FID_2,COMUNAREAL,VAL_COM,OBJECTID,A_O,IDACCIDENT,REGION,COD_COMUN,COMUNA,CALLE_UNO,CALLE_DOS,NUMERO,DIR_GEOCOD,PAIS,TIPO,OBJECTID_1,Año,Idaccide_1,Claseaccid,Fecha,Hora,Cód_Regi,Región,Cód_Comun,Comuna_1,Cód_Tipo_,Tipo_Accid,Cód_Tipo1,Tipo__CONA,Cód_Zona,Zona,Cód_Ubica,Ubicación,Cód_Causa,Causa__CON,Cód_Cau_1,Causa,Cód_Calle,Calle_Un_1,Cód_Cal_1,Calle_Do_1,Intersecci,Número,Ruta,Cód_Ruta,Ubicaci_1,Km_Vía_Fe,Pistas_de_,Pistas_de1,Cód_Calza,Calzada,Cód__Tipo,Tipo_Calza,Cód_Estad,Estado_Cal,Cód_Condi,Condición,Cód_Est_1,Estado_Atm,Fallecidos,Graves,Menos_Grav,Leves,Ilesos
-8121568.04963067,-4386417.24213014,4633,47555,1385879,-72.9572871,-36.6210528,198,TOME,1,43363,2021,1385879,REGION BIO BIO,8111,TOME,LATORRE, ,11,"LATORRE 11, TOME",CHILE,RANGE_INTERPOLATED,59297,2021,1385879,1,2021/10/08 00:00:00+00,1899/12/30 00:00:00+00,8,REGION BIO BIO,8111,TOME,51,CHOQUE FRONTAL,40,CHOQUE,1,URBANA,1,TRAMO DE VIA RECTA,4,ALCOHOL EN CONDUCTOR,24,CONDUCCION EN ESTADO DE EBRIEDAD,0,LATORRE,0, ,- LATORRE,11, , , , ,2,2,3,BIDIRECCIONAL CON BANDEJON,1,CONCRETO,1,BUENO,1,SECO,1,DESPEJADO,0,0,0,1,0
-8121568.47264473,-4386395.7299556,4634,47557,1377293,-72.9572909,-36.6208977,198,TOME,1,36404,2021,1377293,REGION BIO BIO,8111,TOME,LATORRE, ,750,"LATORRE 750, TOME",CHILE,RANGE_INTERPOLATED,50097,2021,1377293,1,2021/09/01 00:00:00+00,1899/12/30 00:00:00+00,8,REGION BIO BIO,8111,TOME,33,COLISION POR ALCANCE,30,COLISION,1,URBANA,1,TRAMO DE VIA RECTA,1,IMPRUDENCIA DEL CONDUCTOR,28,CONDUCCION SIN MANTENER DISTANCIA RAZONABLE NI PRUDENTE,0,LATORRE,0, ,- LATORRE,750, , , , ,2,2,3,BIDIRECCIONAL CON BANDEJON,1,CONCRETO,1,BUENO,1,SECO,1,DESPEJADO,0,0,0,1,1
-8121568.47264473,-4386395.7299556,4635,47558,1388952,-72.9572909,-36.6208977,198,TOME,1,45500,2021,1388952,REGION BIO BIO,8111,TOME,LATORRE, ,750,"LATORRE 750, TOME",CHILE,RANGE_INTERPOLATED,62195,2021,1388952,1,2021/10/20 00:00:00+00,1899/12/30 00:00:00+00,8,REGION BIO BIO,8111,TOME,63,CHOQUE FRENTE/POSTERIOR,40,CHOQUE,1,URBANA,15,CRUCE CON SEÑAL CEDA EL PASO,1,IMPRUDENCIA DEL CONDUCTOR,27,CONDUCCION NO ATENTO CONDICIONES TRANSITO MOMENTO,0,LATORRE,0, ,- LATORRE,750, , , , ,2,2,3,BIDIRECCIONAL CON BANDEJON,1,CONCRETO,1,BUENO,1,SECO,1,DESPEJADO,0,0,0,0,2
-8121568.47264473,-4386395.7299556,4636,47559,1404928,-72.9572909,-36.6208977,198,TOME,1,56164,2021,1404928,REGION BIO BIO,8111,TOME,LATORRE, ,750,"LATORRE 750, TOME",CHILE,RANGE_INTERPOLATED,76349,2021,1404928,1,2021/12/14 00:00:00+00,1899/12/30 00:00:00+00,8,REGION BIO BIO,8111,TOME,63,CHOQUE FRENTE/POSTERIOR,40,CHOQUE,1,URBANA,15,CRUCE CON SEÑAL CEDA EL PASO,4,ALCOHOL EN CONDUCTOR,24,CONDUCCION EN ESTADO DE EBRIEDAD,0,LATORRE,0, ,- LATORRE,750, , , , ,2,2,3,BIDIRECCIONAL CON BANDEJON,1,CONCRETO,1,BUENO,1,SECO,1,DESPEJADO,0,0,0,0,2
-8121497.41741376,-4386374.03751653,4637,47560,1391573,-72.9566526,-36.6207413,198,TOME,1,47311,2021,1391573,REGION BIO BIO,8111,TOME,BRASIL,MALDONADO,0,"BRASIL & MALDONADO, TOME",CHILE,GEOMETRIC_CENTER,64542,2021,1391573,1,2021/10/30 00:00:00+00,1899/12/30 00:00:00+00,8,REGION BIO BIO,8111,TOME,32,COLISION LATERAL,30,COLISION,1,URBANA,1,TRAMO DE VIA RECTA,1,IMPRUDENCIA DEL CONDUCTOR,27,CONDUCCION NO ATENTO CONDICIONES TRANSITO MOMENTO,0,BRASIL,0,MALDONADO,BRASIL - MALDONADO,0, , , , ,2,0,1,UNIDIRECCIONAL,1,CONCRETO,1,BUENO,1,SECO,1,DESPEJADO,0,0,0,0,2
-8121611.31951674,-4386309.07142135,4638,47561,1389267,-72.9576758,-36.6202729,198,TOME,1,46166,2021,1389267,REGION BIO BIO,8111,TOME,MAIPU, ,855,"MAIPU 855, TOME",CHILE,RANGE_INTERPOLATED,63063,2021,1389267,1,2021/10/24 00:00:00+00,1899/12/30 00:00:00+00,8,REGION BIO BIO,8111,TOME,32,COLISION LATERAL,30,COLISION,1,URBANA,1,TRAMO DE VIA RECTA,1,IMPRUDENCIA DEL CONDUCTOR,11,ADELANTAMIENTO SIN EL ESPACIO O TIEMPO SUFICIENTE,0,MAIPU,0, ,- MAIPU,855, , , , ,1,1,2,BIDIRECCIONAL,1,CONCRETO,1,BUENO,1,SECO,1,DESPEJADO,0,0,0,0,2
-8121672.46731303,-4386217.3650434,4639,47563,1383072,-72.9582251,-36.6196117,198,TOME,1,41329,2021,1383072,REGION BIO BIO,8111,TOME,MAIPU, ,940,"MAIPU 940, TOME",CHILE,RANGE_INTERPOLATED,56663,2021,1383072,1,2021/09/28 00:00:00+00,1899/12/30 00:00:00+00,8,REGION BIO BIO,8111,TOME,68,CHOQUE POSTERIOR/LADO,40,CHOQUE,1,URBANA,26,OTROS NO CONSIDERADOS,1,IMPRUDENCIA DEL CONDUCTOR,93,CONDUCIR VEHICULO EN RETROCESO,0,MAIPU,0, ,- MAIPU,940, , , , ,1,1,2,BIDIRECCIONAL,1,CONCRETO,1,BUENO,1,SECO,1,DESPEJADO,0,0,0,0,2
-8121710.51631498,-4386172.24723657,4640,47564,1353349,-72.9585669,-36.6192864,198,TOME,1,20704,2021,1353349,REGION BIO BIO,8111,TOME,MAIPU,MANUEL MONTT,0,"MAIPU & MANUEL MONTT, TOME",CHILE,GEOMETRIC_CENTER,28531,2021,1353349,1,2021/05/31 00:00:00+00,1899/12/30 00:00:00+00,8,REGION BIO BIO,8111,TOME,10,ATROPELLO,10,ATROPELLO,1,URBANA,15,CRUCE CON SEÑAL CEDA EL PASO,2,IMPRUDENCIA DEL PEATON,55,PEATON CRUZA CALZADA FUERA PASO PEATONES,0,MAIPU,0,MANUEL MONTT,MAIPU - MANUEL MONTT,0, , , , ,1,1,2,BIDIRECCIONAL,1,CONCRETO,1,BUENO,1,SECO,2,NUBLADO,0,0,0,1,1
-8121576.09802985,-4386161.85893359,4641,47565,1350375,-72.9573594,-36.6192115,198,TOME,1,17879,2021,1350375,REGION BIO BIO,8111,TOME,IGNACIO SERRANO, ,980,"IGNACIO SERRANO 980, TOME",CHILE,RANGE_INTERPOLATED,24612,2021,1350375,1,2021/05/13 00:00:00+00,1899/12/30 00:00:00+00,8,REGION BIO BIO,8111,TOME,63,CHOQUE FRENTE/POSTERIOR,40,CHOQUE,1,URBANA,1,TRAMO DE VIA RECTA,1,IMPRUDENCIA DEL CONDUCTOR,27,CONDUCCION NO ATENTO CONDICIONES TRANSITO MOMENTO,0,IGNACIO SERRANO,0, ,- IGNACIO SERRANO,980, , , , ,1,0,1,UNIDIRECCIONAL,1,CONCRETO,1,BUENO,1,SECO,1,DESPEJADO,0,0,0,0,2
-8121576.09802985,-4386161.85893359,4642,47566,1383187,-72.9573594,-36.6192115,198,TOME,1,41614,2021,1383187,REGION BIO BIO,8111,TOME,IGNACIO SERRANO, ,980,"IGNACIO SERRANO 980, TOME",CHILE,RANGE_INTERPOLATED,57029,2021,1383187,1,2021/09/30 00:00:00+00,1899/12/30 00:00:00+00,8,REGION BIO BIO,8111,TOME,32,COLISION LATERAL,30,COLISION,1,URBANA,1,TRAMO DE VIA RECTA,1,IMPRUDENCIA DEL CONDUCTOR,11,ADELANTAMIENTO SIN EL ESPACIO O TIEMPO SUFICIENTE,0,IGNACIO SERRANO,0, ,- IGNACIO SERRANO,980, , , , ,2,0,1,UNIDIRECCIONAL,1,CONCRETO,1,BUENO,1,SECO,1,DESPEJADO,0,0,0,0,2
-8121635.23094336,-4386106.89402182,4643,47567,1378243,-72.9578906,-36.6188152,198,TOME,1,37794,2021,1378243,REGION BIO BIO,8111,TOME,IGNACIO SERRANO, ,1021,"IGNACIO SERRANO 1021, TOME",CHILE,RANGE_INTERPOLATED,51936,2021,1378243,1,2021/09/08 00:00:00+00,1899/12/30 00:00:00+00,8,REGION BIO BIO,8111,TOME,67,CHOQUE POSTERIOR/FRENTE,40,CHOQUE,1,URBANA,1,TRAMO DE VIA RECTA,1,IMPRUDENCIA DEL CONDUCTOR,27,CONDUCCION NO ATENTO CONDICIONES TRANSITO MOMENTO,0,IGNACIO SERRANO,0, ,- IGNACIO SERRANO,1021, , , , ,2,0,1,UNIDIRECCIONAL,1,CONCRETO,1,BUENO,1,SECO,1,DESPEJADO,0,0,0,0,2
-8121817.36076225,-4385995.80002116,4644,47578,1389088,-72.9595267,-36.6180142,198,TOME,1,45697,2021,1389088,REGION BIO BIO,8111,TOME,SOTOMAYOR,MAIPU,0,"SOTOMAYOR & MAIPU, TOME",CHILE,GEOMETRIC_CENTER,62436,2021,1389088,1,2021/10/21 00:00:00+00,1899/12/30 00:00:00+00,8,REGION BIO BIO,8111,TOME,10,ATROPELLO,10,ATROPELLO,1,URBANA,15,CRUCE CON SEÑAL CEDA EL PASO,1,IMPRUDENCIA DEL CONDUCTOR,31,NO RESPETAR DERECHO PREFERENTE DE PASO A PEATON,0,SOTOMAYOR,0,MAIPU,MAIPU - SOTOMAYOR,0, , , , ,2,0,1,UNIDIRECCIONAL,1,CONCRETO,1,BUENO,1,SECO,1,DESPEJADO,0,1,0,0,1
-8122029.63589924,-4385910.14331257,4645,47589,1383215,-72.9614336,-36.6173966,198,TOME,1,41626,2021,1383215,REGION BIO BIO,8111,TOME,NOGUEIRA,RIQUELME,0,"NOGUEIRA & RIQUELME, TOME",CHILE,GEOMETRIC_CENTER,57041,2021,1383215,1,2021/09/30 00:00:00+00,1899/12/30 00:00:00+00,8,REGION BIO BIO,8111,TOME,34,COLISION PERPENDICULAR,30,COLISION,1,URBANA,16,CRUCE SIN SEÑALIZACION,1,IMPRUDENCIA DEL CONDUCTOR,27,CONDUCCION NO ATENTO CONDICIONES TRANSITO MOMENTO,0,NOGUEIRA,0,RIQUELME,NOGUEIRA - RIQUELME,0, , , , ,1,1,2,BIDIRECCIONAL,1,CONCRETO,1,BUENO,1,SECO,1,DESPEJADO,0,0,0,0,2
-8122029.63589924,-4385910.14331257,4646,47590,1385239,-72.9614336,-36.6173966,198,TOME,1,42913,2021,1385239,REGION BIO BIO,8111,TOME,NOGUEIRA,RIQUELME,0,"NOGUEIRA & RIQUELME, TOME",CHILE,GEOMETRIC_CENTER,58735,2021,1385239,1,2021/10/06 00:00:00+00,1899/12/30 00:00:00+00,8,REGION BIO BIO,8111,TOME,10,ATROPELLO,10,ATROPELLO,1,URBANA,15,CRUCE CON SEÑAL CEDA EL PASO,1,IMPRUDENCIA DEL CONDUCTOR,31,NO RESPETAR DERECHO PREFERENTE DE PASO A PEATON,0,NOGUEIRA,0,RIQUELME,NOGUEIRA - RIQUELME,0, , , , ,1,1,2,BIDIRECCIONAL,1,CONCRETO,1,BUENO,1,SECO,1,DESPEJADO,0,0,0,1,1
-8122180.1175869,-4385705.40769678,4647,47604,1379992,-72.9627854,-36.6159204,198,TOME,1,39339,2021,1379992,REGION BIO BIO,8111,TOME,CARLOS WERNER,BAQUEDANO,0,"CARLOS WERNER & BAQUEDANO, TOME",CHILE,GEOMETRIC_CENTER,54019,2021,1379992,1,2021/09/16 00:00:00+00,1899/12/30 00:00:00+00,8,REGION BIO BIO,8111,TOME,50,CHOQUE,40,CHOQUE,1,URBANA,1,TRAMO DE VIA RECTA,9,PERDIDA CONTROL VEHICULO,95,PERDIDA CONTROL VEHICULO,0,CARLOS WERNER,0,BAQUEDANO,BAQUEDANO - CARLOS WERNER,0, , , , ,1,1,2,BIDIRECCIONAL,1,CONCRETO,1,BUENO,1,SECO,1,DESPEJADO,0,0,0,2,1
-8122180.1175869,-4385705.40769678,4648,47605,1401227,-72.9627854,-36.6159204,198,TOME,1,53900,2021,1401227,REGION BIO BIO,8111,TOME,CARLOS WERNER,LLACOLEN,0,"CARLOS WERNER & LLACOLEN, TOME",CHILE,GEOMETRIC_CENTER,73252,2021,1401227,1,2021/12/03 00:00:00+00,1899/12/30 00:00:00+00,8,REGION BIO BIO,8111,TOME,34,COLISION PERPENDICULAR,30,COLISION,1,URBANA,15,CRUCE CON SEÑAL CEDA EL PASO,1,IMPRUDENCIA DEL CONDUCTOR,27,CONDUCCION NO ATENTO CONDICIONES TRANSITO MOMENTO,0,CARLOS WERNER,0,LLACOLEN,CARLOS WERNER - LLACOLEN,0, , , , ,1,1,2,BIDIRECCIONAL,1,CONCRETO,1,BUENO,1,SECO,1,DESPEJADO,0,0,0,0,2
-8122194.39987756,-4385637.78283907,4649,47606,1343182,-72.9629137,-36.6154328,198,TOME,1,13658,2021,1343182,REGION BIO BIO,8111,TOME,WERNER,GUILLERMO VELASCO,0,"WERNER & GUILLERMO VELASCO, TOME",CHILE,GEOMETRIC_CENTER,18876,2021,1343182,1,2021/04/12 00:00:00+00,1899/12/30 00:00:00+00,8,REGION BIO BIO,8111,TOME,32,COLISION LATERAL,30,COLISION,1,URBANA,1,TRAMO DE VIA RECTA,1,IMPRUDENCIA DEL CONDUCTOR,11,ADELANTAMIENTO SIN EL ESPACIO O TIEMPO SUFICIENTE,0,WERNER,0,GUILLERMO VELASCO,GUILLERMO VELASCO - WERNER,0, , , , ,1,1,2,BIDIRECCIONAL,1,CONCRETO,1,BUENO,1,SECO,1,DESPEJADO,0,0,0,2,1
-8119195.63090678,-4376311.65874641,4650,47655,1363757,-72.9359753,-36.5481585,198,TOME,1,27383,2021,1363757,REGION BIO BIO,8111,TOME,DANIEL VERA, ,755,"DANIEL VERA 755, TOME",CHILE,RANGE_INTERPOLATED,37785,2021,1363757,1,2021/07/12 00:00:00+00,1899/12/30 00:00:00+00,8,REGION BIO BIO,8111,TOME,10,ATROPELLO,10,ATROPELLO,1,URBANA,1,TRAMO DE VIA RECTA,2,IMPRUDENCIA DEL PEATON,53,IMPRUDENCIA DEL PEATON,0,DANIEL VERA,0, ,- DANIEL VERA,755, , , , ,1,1,2,BIDIRECCIONAL,1,CONCRETO,1,BUENO,1,SECO,1,DESPEJADO,0,0,0,1,1
-8118800.66935344,-4375869.62220412,4651,47656,1350369,-72.9324273,-36.5449684,198,TOME,1,17667,2021,1350369,REGION BIO BIO,8111,TOME,DANIEL VERA, ,1163,"DANIEL VERA 1163, TOME",CHILE,RANGE_INTERPOLATED,24321,2021,1350369,1,2021/05/12 00:00:00+00,1899/12/30 00:00:00+00,8,REGION BIO BIO,8111,TOME,51,CHOQUE FRONTAL,40,CHOQUE,1,URBANA,3,TRAMO DE VIA CURVA VERTICAL,9,PERDIDA CONTROL VEHICULO,95,PERDIDA CONTROL VEHICULO,0,DANIEL VERA,0, ,- DANIEL VERA,1163, , , , ,1,1,2,BIDIRECCIONAL,1,CONCRETO,1,BUENO,1,SECO,1,DESPEJADO,0,0,0,1,0
-8122193.21989096,-4393732.81007375,4652,47535,1387407,-72.9629031,-36.673779,198,TOME,1,44685,2021,1387407,REGION BIO BIO,8111,TOME,LAS ALMENAS, ,175,"LAS ALMENAS 175, TOME",CHILE,RANGE_INTERPOLATED,61068,2021,1387407,1,2021/10/16 00:00:00+00,1899/12/30 00:00:00+00,8,REGION BIO BIO,8111,TOME,63,CHOQUE FRENTE/POSTERIOR,40,CHOQUE,1,URBANA,1,TRAMO DE VIA RECTA,13,CAUSAS NO DETERMINADAS,97,CAUSAS NO DETERMINADAS,0,LAS ALMENAS,0, ,- LAS ALMENAS,175, , , , ,1,1,2,BIDIRECCIONAL,1,CONCRETO,1,BUENO,1,SECO,1,DESPEJADO,0,0,0,0,2
-8120670.42491665,-4389504.37591236,4653,47536,1380538,-72.9492236,-36.6433074,198,TOME,1,39867,2021,1380538,REGION BIO BIO,8111,TOME,CAMPO VERDE,LOS TILOS,0,"CAMPO VERDE & LOS TILOS, TOME",CHILE,GEOMETRIC_CENTER,54780,2021,1380538,1,2021/09/20 00:00:00+00,1899/12/30 00:00:00+00,8,REGION BIO BIO,8111,TOME,10,ATROPELLO,10,ATROPELLO,1,URBANA,1,TRAMO DE VIA RECTA,1,IMPRUDENCIA DEL CONDUCTOR,27,CONDUCCION NO ATENTO CONDICIONES TRANSITO MOMENTO,0,CAMPO VERDE,0,LOS TILOS,CAMPO VERDE - LOS TILOS,0, , , , ,1,1,2,BIDIRECCIONAL,1,CONCRETO,1,BUENO,1,SECO,1,DESPEJADO,0,0,0,1,1
-8120630.39442777,-4388720.8764607,4654,47537,1387428,-72.948864,-36.6376599,198,TOME,1,44697,2021,1387428,REGION BIO BIO,8111,TOME,LOS AROMOS,EL SAUCE,0,"LOS AROMOS & EL SAUCE, TOME",CHILE,GEOMETRIC_CENTER,61086,2021,1387428,1,2021/10/16 00:00:00+00,1899/12/30 00:00:00+00,8,REGION BIO BIO,8111,TOME,50,CHOQUE,40,CHOQUE,1,URBANA,1,TRAMO DE VIA RECTA,13,CAUSAS NO DETERMINADAS,97,CAUSAS NO DETERMINADAS,0,LOS AROMOS,0,EL SAUCE,EL SAUCE - LOS AROMOS,0, , , , ,1,1,2,BIDIRECCIONAL,1,CONCRETO,1,BUENO,1,SECO,1,DESPEJADO,0,0,0,0,1
-8120823.76751522,-4388469.04508972,4655,47538,1371723,-72.9506011,-36.6358446,198,TOME,1,32917,2021,1371723,REGION BIO BIO,8111,TOME,CARACOL, ,1325,"CARACOL 1325, TOME",CHILE,RANGE_INTERPOLATED,45401,2021,1371723,1,2021/08/12 00:00:00+00,1899/12/30 00:00:00+00,8,REGION BIO BIO,8111,TOME,68,CHOQUE POSTERIOR/LADO,40,CHOQUE,1,URBANA,1,TRAMO DE VIA RECTA,13,CAUSAS NO DETERMINADAS,97,CAUSAS NO DETERMINADAS,0,CARACOL,0, ,- CARACOL,1325, , , , ,1,1,2,BIDIRECCIONAL,1,CONCRETO,2,REGULAR,2,HUMEDO,1,DESPEJADO,0,0,0,0,1
-8120740.99034187,-4388427.13619764,4656,47539,1384548,-72.9498575,-36.6355425,198,TOME,1,42275,2021,1384548,REGION BIO BIO,8111,TOME,SENDA UNO,LOS CEREZOS,0,"SENDA UNO & LOS CEREZOS, TOME",CHILE,GEOMETRIC_CENTER,57904,2021,1384548,1,2021/10/03 00:00:00+00,1899/12/30 00:00:00+00,8,REGION BIO BIO,8111,TOME,70,VOLCADURA,70,VOLCADURA,1,URBANA,1,TRAMO DE VIA RECTA,4,ALCOHOL EN CONDUCTOR,24,CONDUCCION EN ESTADO DE EBRIEDAD,0,SENDA UNO,0,LOS CEREZOS,LOS CEREZOS - SENDA UNO,0, , , , ,1,1,2,BIDIRECCIONAL,1,CONCRETO,1,BUENO,1,SECO,1,DESPEJADO,0,1,0,0,0
-8121265.46099079,-4386936.73753294,4657,47544,1399384,-72.9545689,-36.6247982,198,TOME,1,51601,2021,1399384,REGION BIO BIO,8111,TOME,MALDONADO, ,413,"MALDONADO 413, TOME",CHILE,RANGE_INTERPOLATED,70186,2021,1399384,1,2021/11/20 00:00:00+00,1899/12/30 00:00:00+00,8,REGION BIO BIO,8111,TOME,62,CHOQUE FRENTE/LADO,40,CHOQUE,1,URBANA,1,TRAMO DE VIA RECTA,1,IMPRUDENCIA DEL CONDUCTOR,27,CONDUCCION NO ATENTO CONDICIONES TRANSITO MOMENTO,0,MALDONADO,0, ,- MALDONADO,413, , , , ,1,1,2,BIDIRECCIONAL,1,CONCRETO,1,BUENO,1,SECO,1,DESPEJADO,0,0,0,0,2
-8120130.6367058,-4386638.80201546,4658,47549,1345237,-72.9443746,-36.6226502,198,TOME,1,14911,2021,1345237,REGION BIO BIO,8111,TOME,MANUEL MONTT, ,1951,"MANUEL MONTT 1951, TOME",CHILE,RANGE_INTERPOLATED,20563,2021,1345237,1,2021/04/22 00:00:00+00,1899/12/30 00:00:00+00,8,REGION BIO BIO,8111,TOME,70,VOLCADURA,70,VOLCADURA,1,URBANA,1,TRAMO DE VIA RECTA,9,PERDIDA CONTROL VEHICULO,95,PERDIDA CONTROL VEHICULO,0,MANUEL MONTT,0, ,- MANUEL MONTT,1951, , , , ,1,1,2,BIDIRECCIONAL,1,CONCRETO,1,BUENO,1,SECO,1,DESPEJADO,0,0,0,0,1
-8120130.6367058,-4386638.80201546,4659,47550,1365176,-72.9443746,-36.6226502,198,TOME,1,29115,2021,1365176,REGION BIO BIO,8111,TOME,MANUEL MONTT, ,1941,"MANUEL MONTT 1941, TOME",CHILE,RANGE_INTERPOLATED,40251,2021,1365176,1,2021/07/22 00:00:00+00,1899/12/30 00:00:00+00,8,REGION BIO BIO,8111,TOME,33,COLISION POR ALCANCE,30,COLISION,1,URBANA,3,TRAMO DE VIA CURVA VERTICAL,1,IMPRUDENCIA DEL CONDUCTOR,15,"ADELANTAMIENTO EN CRUCE, CURVA, CUESTA, PUENTE",0,MANUEL MONTT,0, ,- MANUEL MONTT,1941, , , , ,1,1,2,BIDIRECCIONAL,1,CONCRETO,1,BUENO,1,SECO,1,DESPEJADO,0,0,0,0,2
-8120130.6367058,-4386638.80201546,4660,47551,1378682,-72.9443746,-36.6226502,198,TOME,1,38235,2021,1378682,REGION BIO BIO,8111,TOME,MANUEL MONTT, ,1941,"MANUEL MONTT 1941, TOME",CHILE,RANGE_INTERPOLATED,52509,2021,1378682,1,2021/09/11 00:00:00+00,1899/12/30 00:00:00+00,8,REGION BIO BIO,8111,TOME,10,ATROPELLO,10,ATROPELLO,1,URBANA,3,TRAMO DE VIA CURVA VERTICAL,12,FALLAS MECANICAS,5,FALLAS MECANICAS NEUMATICOS,0,MANUEL MONTT,0, ,- MANUEL MONTT,1941, , , , ,1,1,2,BIDIRECCIONAL,1,CONCRETO,2,REGULAR,3,MOJADO,1,DESPEJADO,0,0,0,1,1
-8120173.41678611,-4386624.9041088,4661,47552,1357011,-72.9447589,-36.62255,198,TOME,1,23499,2021,1357011,REGION BIO BIO,8111,TOME,MANUEL MONTT, ,1663,"MANUEL MONTT 1663, TOME",CHILE,RANGE_INTERPOLATED,32380,2021,1357011,1,2021/06/17 00:00:00+00,1899/12/30 00:00:00+00,8,REGION BIO BIO,8111,TOME,51,CHOQUE FRONTAL,40,CHOQUE,1,URBANA,3,TRAMO DE VIA CURVA VERTICAL,9,PERDIDA CONTROL VEHICULO,95,PERDIDA CONTROL VEHICULO,0,MANUEL MONTT,0, ,- MANUEL MONTT,1663, , , , ,1,1,2,BIDIRECCIONAL,1,CONCRETO,2,REGULAR,2,HUMEDO,2,NUBLADO,0,0,0,0,1
-8121397.36345543,-4386397.21403072,4662,47556,1387745,-72.9557538,-36.6209084,198,TOME,1,45180,2021,1387745,REGION BIO BIO,8111,TOME,BRASIL,MARIANO EGA??ªA,0,"BRASIL & MARIANO EGA??ªA, TOME",CHILE,GEOMETRIC_CENTER,61761,2021,1387745,1,2021/10/18 00:00:00+00,1899/12/30 00:00:00+00,8,REGION BIO BIO,8111,TOME,63,CHOQUE FRENTE/POSTERIOR,40,CHOQUE,1,URBANA,1,TRAMO DE VIA RECTA,1,IMPRUDENCIA DEL CONDUCTOR,27,CONDUCCION NO ATENTO CONDICIONES TRANSITO MOMENTO,0,BRASIL,0,MARIANO EGAÑA,BRASIL - MARIANO EGAÑA,0, , , , ,2,0,1,UNIDIRECCIONAL,1,CONCRETO,2,REGULAR,1,SECO,1,DESPEJADO,0,0,0,0,2
-8121407.86088341,-4386307.07417788,4663,47562,1357676,-72.9558481,-36.6202585,198,TOME,1,23689,2021,1357676,REGION BIO BIO,8111,TOME,MARIANO EGA??ªA, ,820,"MARIANO EGA??ªA 820, TOME",CHILE,RANGE_INTERPOLATED,32633,2021,1357676,1,2021/06/18 00:00:00+00,1899/12/30 00:00:00+00,8,REGION BIO BIO,8111,TOME,10,ATROPELLO,10,ATROPELLO,1,URBANA,1,TRAMO DE VIA RECTA,2,IMPRUDENCIA DEL PEATON,52,PEATON CRUZA CALZADA FORMA SORPRESIVA O DESCUIDADA,0,MARIANO EGAÑA,0, ,- MARIANO EGAÑA,820, , , , ,2,0,1,UNIDIRECCIONAL,1,CONCRETO,1,BUENO,1,SECO,1,DESPEJADO,0,0,0,1,1
-8121458.62257122,-4386076.3673281,4664,47568,1365234,-72.9563041,-36.6185951,198,TOME,1,29266,2021,1365234,REGION BIO BIO,8111,TOME,MARIANO EGA??ªA,MANUEL MONTT,0,"MARIANO EGA??ªA & MANUEL MONTT, TOME",CHILE,GEOMETRIC_CENTER,40460,2021,1365234,1,2021/07/23 00:00:00+00,1899/12/30 00:00:00+00,8,REGION BIO BIO,8111,TOME,32,COLISION LATERAL,30,COLISION,1,URBANA,11,CRUCE CON SEMAFORO FUNCIONANDO,1,IMPRUDENCIA DEL CONDUCTOR,27,CONDUCCION NO ATENTO CONDICIONES TRANSITO MOMENTO,0,MARIANO EGAÑA,0,MANUEL MONTT,MANUEL MONTT - MARIANO EGAÑA,0, , , , ,2,0,1,UNIDIRECCIONAL,1,CONCRETO,1,BUENO,1,SECO,1,DESPEJADO,0,0,0,0,2
-8121458.62257122,-4386076.3673281,4665,47569,1378239,-72.9563041,-36.6185951,198,TOME,1,37738,2021,1378239,REGION BIO BIO,8111,TOME,MARIANO EGA??ªA,MANUEL MONTT,0,"MARIANO EGA??ªA & MANUEL MONTT, TOME",CHILE,GEOMETRIC_CENTER,51870,2021,1378239,1,2021/09/08 00:00:00+00,1899/12/30 00:00:00+00,8,REGION BIO BIO,8111,TOME,10,ATROPELLO,10,ATROPELLO,1,URBANA,11,CRUCE CON SEMAFORO FUNCIONANDO,1,IMPRUDENCIA DEL CONDUCTOR,27,CONDUCCION NO ATENTO CONDICIONES TRANSITO MOMENTO,0,MARIANO EGAÑA,0,MANUEL MONTT,MANUEL MONTT - MARIANO EGAÑA,0, , , , ,2,0,1,UNIDIRECCIONAL,1,CONCRETO,1,BUENO,1,SECO,1,DESPEJADO,0,0,0,1,1
-8121323.71448032,-4386059.68239786,4666,47570,1364103,-72.9550922,-36.6184748,198,TOME,1,28588,2021,1364103,REGION BIO BIO,8111,TOME,VICU??ªA MACKENNA, ,959,"VICU??ªA MACKENNA 959, TOME",CHILE,RANGE_INTERPOLATED,39503,2021,1364103,1,2021/07/19 00:00:00+00,1899/12/30 00:00:00+00,8,REGION BIO BIO,8111,TOME,10,ATROPELLO,10,ATROPELLO,1,URBANA,1,TRAMO DE VIA RECTA,2,IMPRUDENCIA DEL PEATON,53,IMPRUDENCIA DEL PEATON,0,VICUÑA MACKENNA,0, ,- VICUÑA MACKENNA,959, , , , ,2,0,1,UNIDIRECCIONAL,1,CONCRETO,1,BUENO,1,SECO,1,DESPEJADO,0,0,1,0,1