X,Y,FID,FID_1,LABELID,POINT_X,POINT_Y,FID_2,COMUNAREAL,VAL_COM,OBJECTID,A_O,IDACCIDENT,REGION,COD_COMUN,COMUNA,CALLE_UNO,CALLE_DOS,NUMERO,DIR_GEOCOD,PAIS,TIPO,OBJECTID_1,Año,Idaccide_1,Claseaccid,Fecha,Hora,Cód_Regi,Región,Cód_Comun,Comuna_1,Cód_Tipo_,Tipo_Accid,Cód_Tipo1,Tipo__CONA,Cód_Zona,Zona,Cód_Ubica,Ubicación,Cód_Causa,Causa__CON,Cód_Cau_1,Causa,Cód_Calle,Calle_Un_1,Cód_Cal_1,Calle_Do_1,Intersecci,Número,Ruta,Cód_Ruta,Ubicaci_1,Km_Vía_Fe,Pistas_de_,Pistas_de1,Cód_Calza,Calzada,Cód__Tipo,Tipo_Calza,Cód_Estad,Estado_Cal,Cód_Condi,Condición,Cód_Est_1,Estado_Atm,Fallecidos,Graves,Menos_Grav,Leves,Ilesos
-8121465.00117804,-4386038.9476289,4667,47571,1365550,-72.9563614,-36.6183253,198,TOME,1,29258,2021,1365550,REGION BIO BIO,8111,TOME,MARIANO EGA??ªA, ,1030,"MARIANO EGA??ªA 1030, TOME",CHILE,RANGE_INTERPOLATED,40452,2021,1365550,1,2021/07/23 00:00:00+00,1899/12/30 00:00:00+00,8,REGION BIO BIO,8111,TOME,10,ATROPELLO,10,ATROPELLO,1,URBANA,1,TRAMO DE VIA RECTA,13,CAUSAS NO DETERMINADAS,97,CAUSAS NO DETERMINADAS,0,MARIANO EGAÑA,0, ,- MARIANO EGAÑA,1030, , , , ,2,0,1,UNIDIRECCIONAL,1,CONCRETO,2,REGULAR,1,SECO,1,DESPEJADO,0,0,1,0,1
-8121319.7403745,-4386023.69130282,4668,47572,1326680,-72.9550565,-36.6182153,198,TOME,1,2683,2021,1326680,REGION BIO BIO,8111,TOME,VICU??ªA MACKENNA,MANUEL MONTT,0,"VICU??ªA MACKENNA & MANUEL MONTT, TOME",CHILE,GEOMETRIC_CENTER,3693,2021,1326680,1,2021/01/19 00:00:00+00,1899/12/30 00:00:00+00,8,REGION BIO BIO,8111,TOME,10,ATROPELLO,10,ATROPELLO,1,URBANA,11,CRUCE CON SEMAFORO FUNCIONANDO,10,DESOBEDIENCIA A SEÑALIZACION,62,SEÑALIZACION DESOBEDECER LUZ ROJA DE SEMAFORO,0,VICUÑA MACKENNA,0,MANUEL MONTT,MANUEL MONTT - VICUÑA MACKENNA,0, , , , ,1,1,2,BIDIRECCIONAL,1,CONCRETO,1,BUENO,1,SECO,1,DESPEJADO,0,0,0,1,1
-8121319.7403745,-4386023.69130282,4669,47573,1370416,-72.9550565,-36.6182153,198,TOME,1,32480,2021,1370416,REGION BIO BIO,8111,TOME,MANUEL MONTT,VICU??ªA MACKENNA,0,"MANUEL MONTT & VICU??ªA MACKENNA, TOME",CHILE,GEOMETRIC_CENTER,44821,2021,1370416,1,2021/08/10 00:00:00+00,1899/12/30 00:00:00+00,8,REGION BIO BIO,8111,TOME,10,ATROPELLO,10,ATROPELLO,1,URBANA,11,CRUCE CON SEMAFORO FUNCIONANDO,1,IMPRUDENCIA DEL CONDUCTOR,31,NO RESPETAR DERECHO PREFERENTE DE PASO A PEATON,0,MANUEL MONTT,0,VICUÑA MACKENNA,MANUEL MONTT - VICUÑA MACKENNA,0, , , , ,2,0,1,UNIDIRECCIONAL,1,CONCRETO,1,BUENO,1,SECO,1,DESPEJADO,0,0,0,1,1
-8120905.74318824,-4386009.96062797,4670,47574,1381995,-72.9513375,-36.6181163,198,TOME,1,40557,2021,1381995,REGION BIO BIO,8111,TOME,MANUEL MONTT, ,1400,"MANUEL MONTT 1400, TOME",CHILE,RANGE_INTERPOLATED,55673,2021,1381995,1,2021/09/24 00:00:00+00,1899/12/30 00:00:00+00,8,REGION BIO BIO,8111,TOME,63,CHOQUE FRENTE/POSTERIOR,40,CHOQUE,1,URBANA,1,TRAMO DE VIA RECTA,1,IMPRUDENCIA DEL CONDUCTOR,27,CONDUCCION NO ATENTO CONDICIONES TRANSITO MOMENTO,0,MANUEL MONTT,0, ,- MANUEL MONTT,1400, , , , ,1,1,2,BIDIRECCIONAL,1,CONCRETO,1,BUENO,1,SECO,1,DESPEJADO,0,0,0,4,0
-8121293.53576637,-4385997.9913773,4671,47575,1387098,-72.9548211,-36.61803,198,TOME,1,44353,2021,1387098,REGION BIO BIO,8111,TOME,MANUEL MONTT, ,1213,"MANUEL MONTT 1213, TOME",CHILE,RANGE_INTERPOLATED,60637,2021,1387098,1,2021/10/14 00:00:00+00,1899/12/30 00:00:00+00,8,REGION BIO BIO,8111,TOME,65,CHOQUE LADO/LADO,40,CHOQUE,1,URBANA,1,TRAMO DE VIA RECTA,1,IMPRUDENCIA DEL CONDUCTOR,11,ADELANTAMIENTO SIN EL ESPACIO O TIEMPO SUFICIENTE,0,MANUEL MONTT,0, ,- MANUEL MONTT,1213, , , , ,2,0,1,UNIDIRECCIONAL,1,CONCRETO,1,BUENO,1,SECO,1,DESPEJADO,0,0,0,0,2
-8121646.36289244,-4385997.63077436,4672,47576,1377350,-72.9579906,-36.6180274,198,TOME,1,36790,2021,1377350,REGION BIO BIO,8111,TOME,IGNACIO SERRANO, ,1087,"IGNACIO SERRANO 1087, TOME",CHILE,RANGE_INTERPOLATED,50589,2021,1377350,1,2021/09/03 00:00:00+00,1899/12/30 00:00:00+00,8,REGION BIO BIO,8111,TOME,65,CHOQUE LADO/LADO,40,CHOQUE,1,URBANA,1,TRAMO DE VIA RECTA,1,IMPRUDENCIA DEL CONDUCTOR,27,CONDUCCION NO ATENTO CONDICIONES TRANSITO MOMENTO,0,IGNACIO SERRANO,0, ,- IGNACIO SERRANO,1087, , , , ,2,0,1,UNIDIRECCIONAL,1,CONCRETO,1,BUENO,1,SECO,1,DESPEJADO,0,0,0,0,2
-8121293.69161366,-4385997.49208093,4673,47577,1374183,-72.9548225,-36.6180264,198,TOME,1,34884,2021,1374183,REGION BIO BIO,8111,TOME,LATORRE,CENTRAL,0,"LATORRE & CENTRAL, TOME",CHILE,GEOMETRIC_CENTER,48097,2021,1374183,1,2021/08/23 00:00:00+00,1899/12/30 00:00:00+00,8,REGION BIO BIO,8111,TOME,70,VOLCADURA,70,VOLCADURA,1,URBANA,3,TRAMO DE VIA CURVA VERTICAL,9,PERDIDA CONTROL VEHICULO,95,PERDIDA CONTROL VEHICULO,0,LATORRE,0,CENTRAL,CENTRAL - LATORRE,0, , , , ,2,0,1,UNIDIRECCIONAL,1,CONCRETO,1,BUENO,3,MOJADO,3,LLUVIA,0,1,0,0,0
-8121088.73016721,-4385976.16105196,4674,47579,1350371,-72.9529813,-36.6178726,198,TOME,1,17690,2021,1350371,REGION BIO BIO,8111,TOME,MANUEL MONTT,ANIBAL PINTO,0,"MANUEL MONTT & ANIBAL PINTO, TOME",CHILE,GEOMETRIC_CENTER,24352,2021,1350371,1,2021/05/12 00:00:00+00,1899/12/30 00:00:00+00,8,REGION BIO BIO,8111,TOME,63,CHOQUE FRENTE/POSTERIOR,40,CHOQUE,1,URBANA,15,CRUCE CON SEÑAL CEDA EL PASO,1,IMPRUDENCIA DEL CONDUCTOR,31,NO RESPETAR DERECHO PREFERENTE DE PASO A PEATON,0,MANUEL MONTT,0,ANIBAL PINTO,ANIBAL PINTO - MANUEL MONTT,0, , , , ,2,0,1,UNIDIRECCIONAL,1,CONCRETO,1,BUENO,2,HUMEDO,1,DESPEJADO,0,0,0,1,1
-8121088.73016721,-4385976.16105196,4675,47580,1393259,-72.9529813,-36.6178726,198,TOME,1,48210,2021,1393259,REGION BIO BIO,8111,TOME,MANUEL MONTT,ANIBAL PINTO,0,"MANUEL MONTT & ANIBAL PINTO, TOME",CHILE,GEOMETRIC_CENTER,65763,2021,1393259,1,2021/11/04 00:00:00+00,1899/12/30 00:00:00+00,8,REGION BIO BIO,8111,TOME,33,COLISION POR ALCANCE,30,COLISION,1,URBANA,15,CRUCE CON SEÑAL CEDA EL PASO,1,IMPRUDENCIA DEL CONDUCTOR,27,CONDUCCION NO ATENTO CONDICIONES TRANSITO MOMENTO,0,MANUEL MONTT,0,ANIBAL PINTO,ANIBAL PINTO - MANUEL MONTT,0, , , , ,2,0,1,UNIDIRECCIONAL,1,CONCRETO,1,BUENO,1,SECO,1,DESPEJADO,0,0,0,0,2
-8121088.73016721,-4385976.16105196,4676,47581,1407055,-72.9529813,-36.6178726,198,TOME,1,58175,2021,1407055,REGION BIO BIO,8111,TOME,MANUEL MONTT,ANIBAL PINTO,0,"MANUEL MONTT & ANIBAL PINTO, TOME",CHILE,GEOMETRIC_CENTER,78997,2021,1407055,1,2021/12/24 00:00:00+00,1899/12/30 00:00:00+00,8,REGION BIO BIO,8111,TOME,32,COLISION LATERAL,30,COLISION,1,URBANA,1,TRAMO DE VIA RECTA,1,IMPRUDENCIA DEL CONDUCTOR,29,CONDUCCION CAMBIAR SORPRESIVAMENTE PISTA CIRCULACION,0,MANUEL MONTT,0,ANIBAL PINTO,ANIBAL PINTO - MANUEL MONTT,0, , , , ,1,1,2,BIDIRECCIONAL,1,CONCRETO,2,REGULAR,1,SECO,1,DESPEJADO,0,0,0,0,2
-8121647.24231642,-4385962.00048991,4677,47582,1350644,-72.9579985,-36.6177705,198,TOME,1,18083,2021,1350644,REGION BIO BIO,8111,TOME,SOTOMAYOR,IGNACIO SERRANO,0,"SOTOMAYOR & IGNACIO SERRANO, TOME",CHILE,GEOMETRIC_CENTER,24870,2021,1350644,1,2021/05/14 00:00:00+00,1899/12/30 00:00:00+00,8,REGION BIO BIO,8111,TOME,10,ATROPELLO,10,ATROPELLO,1,URBANA,11,CRUCE CON SEMAFORO FUNCIONANDO,1,IMPRUDENCIA DEL CONDUCTOR,27,CONDUCCION NO ATENTO CONDICIONES TRANSITO MOMENTO,0,SOTOMAYOR,0,IGNACIO SERRANO,IGNACIO SERRANO - SOTOMAYOR,0, , , , ,2,0,1,UNIDIRECCIONAL,1,CONCRETO,1,BUENO,1,SECO,1,DESPEJADO,0,0,0,1,1
-8121647.24231642,-4385962.00048991,4678,47583,1395812,-72.9579985,-36.6177705,198,TOME,1,50628,2021,1395812,REGION BIO BIO,8111,TOME,SOTOMAYOR,IGNACIO SERRANO,0,"SOTOMAYOR & IGNACIO SERRANO, TOME",CHILE,GEOMETRIC_CENTER,68945,2021,1395812,1,2021/11/16 00:00:00+00,1899/12/30 00:00:00+00,8,REGION BIO BIO,8111,TOME,70,VOLCADURA,70,VOLCADURA,1,URBANA,11,CRUCE CON SEMAFORO FUNCIONANDO,9,PERDIDA CONTROL VEHICULO,95,PERDIDA CONTROL VEHICULO,0,SOTOMAYOR,0,IGNACIO SERRANO,IGNACIO SERRANO - SOTOMAYOR,0, , , , ,2,0,1,UNIDIRECCIONAL,1,CONCRETO,1,BUENO,1,SECO,1,DESPEJADO,0,1,0,0,0
-8121539.95259119,-4385955.37096779,4679,47584,1345559,-72.9570347,-36.6177227,198,TOME,1,15285,2021,1345559,REGION BIO BIO,8111,TOME,VALPARAISO,PUERTO VARAS,0,"VALPARAISO & PUERTO VARAS, TOME",CHILE,GEOMETRIC_CENTER,21065,2021,1345559,1,2021/04/24 00:00:00+00,1899/12/30 00:00:00+00,8,REGION BIO BIO,8111,TOME,32,COLISION LATERAL,30,COLISION,1,URBANA,1,TRAMO DE VIA RECTA,1,IMPRUDENCIA DEL CONDUCTOR,27,CONDUCCION NO ATENTO CONDICIONES TRANSITO MOMENTO,0,VALPARAISO,0,PUERTO VARAS,PUERTO VARAS - VALPARAISO,0, , , , ,1,1,2,BIDIRECCIONAL,2,ASFALTO,1,BUENO,1,SECO,1,DESPEJADO,0,0,0,0,2
-8121490.52673728,-4385936.32845118,4680,47585,1371708,-72.9565907,-36.6175854,198,TOME,1,32699,2021,1371708,REGION BIO BIO,8111,TOME,SOTOMAYOR,MARIANO EGA??ªA,0,"SOTOMAYOR & MARIANO EGA??ªA, TOME",CHILE,GEOMETRIC_CENTER,45113,2021,1371708,1,2021/08/11 00:00:00+00,1899/12/30 00:00:00+00,8,REGION BIO BIO,8111,TOME,33,COLISION POR ALCANCE,30,COLISION,1,URBANA,1,TRAMO DE VIA RECTA,1,IMPRUDENCIA DEL CONDUCTOR,27,CONDUCCION NO ATENTO CONDICIONES TRANSITO MOMENTO,0,SOTOMAYOR,0,MARIANO EGAÑA,MARIANO EGAÑA - SOTOMAYOR,0, , , , ,2,0,1,UNIDIRECCIONAL,1,CONCRETO,1,BUENO,1,SECO,1,DESPEJADO,0,0,0,0,2
-8121490.52673728,-4385936.32845118,4681,47586,1385232,-72.9565907,-36.6175854,198,TOME,1,42637,2021,1385232,REGION BIO BIO,8111,TOME,MARIANO EGA??ªA,SOTOMAYOR,0,"MARIANO EGA??ªA & SOTOMAYOR, TOME",CHILE,GEOMETRIC_CENTER,58396,2021,1385232,1,2021/10/05 00:00:00+00,1899/12/30 00:00:00+00,8,REGION BIO BIO,8111,TOME,10,ATROPELLO,10,ATROPELLO,1,URBANA,11,CRUCE CON SEMAFORO FUNCIONANDO,1,IMPRUDENCIA DEL CONDUCTOR,31,NO RESPETAR DERECHO PREFERENTE DE PASO A PEATON,0,MARIANO EGAÑA,0,SOTOMAYOR,MARIANO EGAÑA - SOTOMAYOR,0, , , , ,2,0,1,UNIDIRECCIONAL,1,CONCRETO,1,BUENO,1,SECO,1,DESPEJADO,0,0,0,1,1
-8121490.52673728,-4385936.32845118,4682,47587,1399026,-72.9565907,-36.6175854,198,TOME,1,51868,2021,1399026,REGION BIO BIO,8111,TOME,SOTOMAYOR,MARIANO EGA??ªA,0,"SOTOMAYOR & MARIANO EGA??ªA, TOME",CHILE,GEOMETRIC_CENTER,70549,2021,1399026,1,2021/11/22 00:00:00+00,1899/12/30 00:00:00+00,8,REGION BIO BIO,8111,TOME,32,COLISION LATERAL,30,COLISION,1,URBANA,1,TRAMO DE VIA RECTA,1,IMPRUDENCIA DEL CONDUCTOR,11,ADELANTAMIENTO SIN EL ESPACIO O TIEMPO SUFICIENTE,0,SOTOMAYOR,0,MARIANO EGAÑA,MARIANO EGAÑA - SOTOMAYOR,0, , , , ,2,0,1,UNIDIRECCIONAL,1,CONCRETO,2,REGULAR,1,SECO,1,DESPEJADO,0,0,0,0,2
-8121655.76938941,-4385920.15690143,4683,47588,1365226,-72.9580751,-36.6174688,198,TOME,1,29262,2021,1365226,REGION BIO BIO,8111,TOME,IGNACIO SERRANO,VILLA REAL,0,"IGNACIO SERRANO & VILLA REAL, TOME",CHILE,GEOMETRIC_CENTER,40456,2021,1365226,1,2021/07/23 00:00:00+00,1899/12/30 00:00:00+00,8,REGION BIO BIO,8111,TOME,63,CHOQUE FRENTE/POSTERIOR,40,CHOQUE,1,URBANA,15,CRUCE CON SEÑAL CEDA EL PASO,1,IMPRUDENCIA DEL CONDUCTOR,27,CONDUCCION NO ATENTO CONDICIONES TRANSITO MOMENTO,0,IGNACIO SERRANO,0,VILLA REAL,IGNACIO SERRANO - VILLA REAL,0, , , , ,2,0,1,UNIDIRECCIONAL,1,CONCRETO,1,BUENO,1,SECO,1,DESPEJADO,0,0,0,0,2
-8121362.54271871,-4385907.43881302,4684,47591,1393191,-72.955441,-36.6173771,198,TOME,1,47789,2021,1393191,REGION BIO BIO,8111,TOME,VICU??ªA MACKENNA,SOTOMAYOR,0,"VICU??ªA MACKENNA & SOTOMAYOR, TOME",CHILE,GEOMETRIC_CENTER,65215,2021,1393191,1,2021/11/02 00:00:00+00,1899/12/30 00:00:00+00,8,REGION BIO BIO,8111,TOME,32,COLISION LATERAL,30,COLISION,1,URBANA,15,CRUCE CON SEÑAL CEDA EL PASO,1,IMPRUDENCIA DEL CONDUCTOR,91,VIRAJES INDEBIDOS,0,VICUÑA MACKENNA,0,SOTOMAYOR,SOTOMAYOR - VICUÑA MACKENNA,0, , , , ,1,1,2,BIDIRECCIONAL,1,CONCRETO,1,BUENO,1,SECO,1,DESPEJADO,0,0,0,0,2
-8121362.54271871,-4385907.43881302,4685,47592,1394769,-72.955441,-36.6173771,198,TOME,1,48492,2021,1394769,REGION BIO BIO,8111,TOME,SOTOMAYOR,VICU??ªA MACKENNA,0,"SOTOMAYOR & VICU??ªA MACKENNA, TOME",CHILE,GEOMETRIC_CENTER,66120,2021,1394769,1,2021/11/05 00:00:00+00,1899/12/30 00:00:00+00,8,REGION BIO BIO,8111,TOME,32,COLISION LATERAL,30,COLISION,1,URBANA,15,CRUCE CON SEÑAL CEDA EL PASO,1,IMPRUDENCIA DEL CONDUCTOR,27,CONDUCCION NO ATENTO CONDICIONES TRANSITO MOMENTO,0,SOTOMAYOR,0,VICUÑA MACKENNA,SOTOMAYOR - VICUÑA MACKENNA,0, , , , ,2,0,1,UNIDIRECCIONAL,1,CONCRETO,1,BUENO,1,SECO,1,DESPEJADO,0,0,0,0,2
-8121503.12810364,-4385889.14531871,4686,47593,1347674,-72.9567039,-36.6172452,198,TOME,1,16713,2021,1347674,REGION BIO BIO,8111,TOME,MARIANO EGA??ªA,VILLA REAL,0,"MARIANO EGA??ªA & VILLA REAL, TOME",CHILE,GEOMETRIC_CENTER,23059,2021,1347674,1,2021/05/05 00:00:00+00,1899/12/30 00:00:00+00,8,REGION BIO BIO,8111,TOME,50,CHOQUE,40,CHOQUE,1,URBANA,15,CRUCE CON SEÑAL CEDA EL PASO,14,OTRAS CAUSAS,98,OTRAS CAUSAS,0,MARIANO EGAÑA,0,VILLA REAL,MARIANO EGAÑA - VILLA REAL,0, , , , ,2,0,1,UNIDIRECCIONAL,1,CONCRETO,1,BUENO,1,SECO,1,DESPEJADO,0,0,0,0,2
-8121837.23129135,-4385873.59795352,4687,47594,1347670,-72.9597052,-36.6171331,198,TOME,1,16550,2021,1347670,REGION BIO BIO,8111,TOME,NOGUEIRA,MAIPU,0,"NOGUEIRA & MAIPU, TOME",CHILE,GEOMETRIC_CENTER,22834,2021,1347670,1,2021/05/04 00:00:00+00,1899/12/30 00:00:00+00,8,REGION BIO BIO,8111,TOME,63,CHOQUE FRENTE/POSTERIOR,40,CHOQUE,1,URBANA,11,CRUCE CON SEMAFORO FUNCIONANDO,10,DESOBEDIENCIA A SEÑALIZACION,62,SEÑALIZACION DESOBEDECER LUZ ROJA DE SEMAFORO,0,NOGUEIRA,0,MAIPU,MAIPU - NOGUEIRA,0, , , , ,1,1,2,BIDIRECCIONAL,1,CONCRETO,1,BUENO,1,SECO,1,DESPEJADO,0,0,0,1,1
-8121837.23129135,-4385873.59795352,4688,47595,1351992,-72.9597052,-36.6171331,198,TOME,1,20090,2021,1351992,REGION BIO BIO,8111,TOME,NOGUEIRA,MAIPU,0,"NOGUEIRA & MAIPU, TOME",CHILE,GEOMETRIC_CENTER,27664,2021,1351992,1,2021/05/27 00:00:00+00,1899/12/30 00:00:00+00,8,REGION BIO BIO,8111,TOME,10,ATROPELLO,10,ATROPELLO,1,URBANA,11,CRUCE CON SEMAFORO FUNCIONANDO,10,DESOBEDIENCIA A SEÑALIZACION,62,SEÑALIZACION DESOBEDECER LUZ ROJA DE SEMAFORO,0,NOGUEIRA,0,MAIPU,MAIPU - NOGUEIRA,0, , , , ,1,1,2,BIDIRECCIONAL,1,CONCRETO,1,BUENO,3,MOJADO,3,LLUVIA,0,0,0,1,1
-8121675.77350191,-4385841.18572251,4689,47596,1332552,-72.9582548,-36.6168994,198,TOME,1,5677,2021,1332552,REGION BIO BIO,8111,TOME,IGNACIO SERRANO,NOGUEIRA,0,"IGNACIO SERRANO & NOGUEIRA, TOME",CHILE,GEOMETRIC_CENTER,7919,2021,1332552,1,2021/02/11 00:00:00+00,1899/12/30 00:00:00+00,8,REGION BIO BIO,8111,TOME,10,ATROPELLO,10,ATROPELLO,1,URBANA,11,CRUCE CON SEMAFORO FUNCIONANDO,13,CAUSAS NO DETERMINADAS,97,CAUSAS NO DETERMINADAS,0,IGNACIO SERRANO,0,NOGUEIRA,IGNACIO SERRANO - NOGUEIRA,0, , , , ,2,0,1,UNIDIRECCIONAL,1,CONCRETO,1,BUENO,1,SECO,1,DESPEJADO,0,0,0,1,0
-8121090.71165415,-4385796.65200436,4690,47597,1375863,-72.9529991,-36.6165783,198,TOME,1,35593,2021,1375863,REGION BIO BIO,8111,TOME,LOS ALMENDROS, ,57,"LOS ALMENDROS 57, TOME",CHILE,RANGE_INTERPOLATED,49004,2021,1375863,1,2021/08/27 00:00:00+00,1899/12/30 00:00:00+00,8,REGION BIO BIO,8111,TOME,30,COLISION,30,COLISION,1,URBANA,1,TRAMO DE VIA RECTA,1,IMPRUDENCIA DEL CONDUCTOR,27,CONDUCCION NO ATENTO CONDICIONES TRANSITO MOMENTO,0,LOS ALMENDROS,0, ,- LOS ALMENDROS,57, , , , ,1,1,2,BIDIRECCIONAL,1,CONCRETO,2,REGULAR,3,MOJADO,3,LLUVIA,0,0,0,1,1
-8121359.47030077,-4385777.26304395,4691,47598,1362451,-72.9554134,-36.6164385,198,TOME,1,25790,2021,1362451,REGION BIO BIO,8111,TOME,NOGUEIRA,O'HIGGINS,0,"NOGUEIRA & O'HIGGINS, TOME",CHILE,GEOMETRIC_CENTER,35597,2021,1362451,1,2021/07/02 00:00:00+00,1899/12/30 00:00:00+00,8,REGION BIO BIO,8111,TOME,34,COLISION PERPENDICULAR,30,COLISION,1,URBANA,14,CRUCE CON SEÑAL PARE,10,DESOBEDIENCIA A SEÑALIZACION,65,SEÑALIZACION DESOBEDECER SEÑAL PARE,0,NOGUEIRA,0,O'HIGGINS,NOGUEIRA - O'HIGGINS,0, , , , ,1,1,2,BIDIRECCIONAL,1,CONCRETO,1,BUENO,1,SECO,1,DESPEJADO,0,0,0,1,1
-8121359.47030077,-4385777.26304395,4692,47599,1369751,-72.9554134,-36.6164385,198,TOME,1,31933,2021,1369751,REGION BIO BIO,8111,TOME,NOGUEIRA,O'HIGGINS,0,"NOGUEIRA & O'HIGGINS, TOME",CHILE,GEOMETRIC_CENTER,44070,2021,1369751,1,2021/08/07 00:00:00+00,1899/12/30 00:00:00+00,8,REGION BIO BIO,8111,TOME,30,COLISION,30,COLISION,1,URBANA,1,TRAMO DE VIA RECTA,10,DESOBEDIENCIA A SEÑALIZACION,65,SEÑALIZACION DESOBEDECER SEÑAL PARE,0,NOGUEIRA,0,O'HIGGINS,NOGUEIRA - O'HIGGINS,0, , , , ,1,1,2,BIDIRECCIONAL,1,CONCRETO,1,BUENO,1,SECO,1,DESPEJADO,0,0,0,1,3
-8121359.47030077,-4385777.26304395,4693,47600,1379981,-72.9554134,-36.6164385,198,TOME,1,39336,2021,1379981,REGION BIO BIO,8111,TOME,NOGUEIRA,O'HIGGINS,0,"NOGUEIRA & O'HIGGINS, TOME",CHILE,GEOMETRIC_CENTER,54014,2021,1379981,1,2021/09/16 00:00:00+00,1899/12/30 00:00:00+00,8,REGION BIO BIO,8111,TOME,34,COLISION PERPENDICULAR,30,COLISION,1,URBANA,14,CRUCE CON SEÑAL PARE,10,DESOBEDIENCIA A SEÑALIZACION,65,SEÑALIZACION DESOBEDECER SEÑAL PARE,0,NOGUEIRA,0,O'HIGGINS,NOGUEIRA - O'HIGGINS,0, , , , ,1,1,2,BIDIRECCIONAL,1,CONCRETO,1,BUENO,1,SECO,1,DESPEJADO,0,0,0,2,1
-8121359.47030077,-4385777.26304395,4694,47601,1400232,-72.9554134,-36.6164385,198,TOME,1,53377,2021,1400232,REGION BIO BIO,8111,TOME,NOGUEIRA,O'HIGGINS,0,"NOGUEIRA & O'HIGGINS, TOME",CHILE,GEOMETRIC_CENTER,72558,2021,1400232,1,2021/11/30 00:00:00+00,1899/12/30 00:00:00+00,8,REGION BIO BIO,8111,TOME,33,COLISION POR ALCANCE,30,COLISION,1,URBANA,1,TRAMO DE VIA RECTA,1,IMPRUDENCIA DEL CONDUCTOR,28,CONDUCCION SIN MANTENER DISTANCIA RAZONABLE NI PRUDENTE,0,NOGUEIRA,0,O'HIGGINS,NOGUEIRA - O'HIGGINS,0, , , , ,1,1,2,BIDIRECCIONAL,1,CONCRETO,1,BUENO,1,SECO,1,DESPEJADO,0,0,0,2,1
-8121884.31943596,-4385763.33851896,4695,47602,1330838,-72.9601282,-36.6163381,198,TOME,1,4533,2021,1330838,REGION BIO BIO,8111,TOME,RIQUELME, ,1275,"RIQUELME 1275, TOME",CHILE,RANGE_INTERPOLATED,6362,2021,1330838,1,2021/02/02 00:00:00+00,1899/12/30 00:00:00+00,8,REGION BIO BIO,8111,TOME,10,ATROPELLO,10,ATROPELLO,1,URBANA,1,TRAMO DE VIA RECTA,1,IMPRUDENCIA DEL CONDUCTOR,27,CONDUCCION NO ATENTO CONDICIONES TRANSITO MOMENTO,0,RIQUELME,0, ,- RIQUELME,1275, , , , ,1,1,2,BIDIRECCIONAL,3,ADOQUIN,2,REGULAR,1,SECO,1,DESPEJADO,0,0,0,0,1
-8121778.20969734,-4385720.95481743,4696,47603,1382417,-72.959175,-36.6160325,198,TOME,1,40814,2021,1382417,REGION BIO BIO,8111,TOME,RAMON LEON LUCO,SIERRA RIQUELME,0,"RAMON LEON LUCO & SIERRA RIQUELME, TOME",CHILE,GEOMETRIC_CENTER,56011,2021,1382417,1,2021/09/25 00:00:00+00,1899/12/30 00:00:00+00,8,REGION BIO BIO,8111,TOME,30,COLISION,30,COLISION,1,URBANA,1,TRAMO DE VIA RECTA,12,FALLAS MECANICAS,2,FALLAS MECANICAS DIRECCION,0,RAMON LEON LUCO,0,SIERRA RIQUELME,RAMON LEON LUCO - SIERRA RIQUELME,0, , , , ,2,0,1,UNIDIRECCIONAL,1,CONCRETO,1,BUENO,1,SECO,1,DESPEJADO,0,0,0,0,2
-8120696.11745513,-4385627.76951462,4697,47607,1385900,-72.9494544,-36.6153606,198,TOME,1,43410,2021,1385900,REGION BIO BIO,8111,TOME,LAS CAMELIAS, ,7,"LAS CAMELIAS 7, TOME",CHILE,RANGE_INTERPOLATED,59365,2021,1385900,1,2021/10/09 00:00:00+00,1899/12/30 00:00:00+00,8,REGION BIO BIO,8111,TOME,51,CHOQUE FRONTAL,40,CHOQUE,1,URBANA,3,TRAMO DE VIA CURVA VERTICAL,13,CAUSAS NO DETERMINADAS,97,CAUSAS NO DETERMINADAS,0,LAS CAMELIAS,0, ,- LAS CAMELIAS,7, , , , ,1,1,2,BIDIRECCIONAL,1,CONCRETO,1,BUENO,1,SECO,1,DESPEJADO,0,0,0,0,2
-8121220.61036795,-4385549.34137665,4698,47608,1378721,-72.954166,-36.6147951,198,TOME,1,38416,2021,1378721,REGION BIO BIO,8111,TOME,DOMINGO HENRIQUEZ,SARGENTO ALDEA,0,"DOMINGO HENRIQUEZ & SARGENTO ALDEA, TOME",CHILE,GEOMETRIC_CENTER,52768,2021,1378721,1,2021/09/12 00:00:00+00,1899/12/30 00:00:00+00,8,REGION BIO BIO,8111,TOME,51,CHOQUE FRONTAL,40,CHOQUE,1,URBANA,1,TRAMO DE VIA RECTA,4,ALCOHOL EN CONDUCTOR,24,CONDUCCION EN ESTADO DE EBRIEDAD,0,DOMINGO HENRIQUEZ,0,SARGENTO ALDEA,DOMINGO HENRIQUEZ - SARGENTO ALDEA,0, , , , ,1,1,2,BIDIRECCIONAL,1,CONCRETO,1,BUENO,3,MOJADO,2,NUBLADO,0,0,0,1,0
-8120577.56219743,-4385537.03979163,4699,47609,1357008,-72.9483894,-36.6147064,198,TOME,1,23231,2021,1357008,REGION BIO BIO,8111,TOME,LAS CAMELIAS, ,270,"LAS CAMELIAS 270, TOME",CHILE,RANGE_INTERPOLATED,32012,2021,1357008,1,2021/06/16 00:00:00+00,1899/12/30 00:00:00+00,8,REGION BIO BIO,8111,TOME,10,ATROPELLO,10,ATROPELLO,1,URBANA,1,TRAMO DE VIA RECTA,1,IMPRUDENCIA DEL CONDUCTOR,93,CONDUCIR VEHICULO EN RETROCESO,0,LAS CAMELIAS,0, ,- LAS CAMELIAS,270, , , , ,1,1,2,BIDIRECCIONAL,1,CONCRETO,1,BUENO,1,SECO,1,DESPEJADO,0,0,0,1,1