X,Y,FID,FID_1,LABELID,POINT_X,POINT_Y,FID_2,COMUNAREAL,VAL_COM,OBJECTID,A_O,IDACCIDENT,REGION,COD_COMUN,COMUNA,CALLE_UNO,CALLE_DOS,NUMERO,DIR_GEOCOD,PAIS,TIPO,OBJECTID_1,Año,Idaccide_1,Claseaccid,Fecha,Hora,Cód_Regi,Región,Cód_Comun,Comuna_1,Cód_Tipo_,Tipo_Accid,Cód_Tipo1,Tipo__CONA,Cód_Zona,Zona,Cód_Ubica,Ubicación,Cód_Causa,Causa__CON,Cód_Cau_1,Causa,Cód_Calle,Calle_Un_1,Cód_Cal_1,Calle_Do_1,Intersecci,Número,Ruta,Cód_Ruta,Ubicaci_1,Km_Vía_Fe,Pistas_de_,Pistas_de1,Cód_Calza,Calzada,Cód__Tipo,Tipo_Calza,Cód_Estad,Estado_Cal,Cód_Condi,Condición,Cód_Est_1,Estado_Atm,Fallecidos,Graves,Menos_Grav,Leves,Ilesos
-8121292.60068265,-4385512.42279534,4700,47610,1344524,-72.9548127,-36.6145289,198,TOME,1,14769,2021,1344524,REGION BIO BIO,8111,TOME,SARGENTO ALDEA,O'HIGGINS,0,"SARGENTO ALDEA & O'HIGGINS, TOME",CHILE,GEOMETRIC_CENTER,20356,2021,1344524,1,2021/04/20 00:00:00+00,1899/12/30 00:00:00+00,8,REGION BIO BIO,8111,TOME,34,COLISION PERPENDICULAR,30,COLISION,1,URBANA,14,CRUCE CON SEÑAL PARE,10,DESOBEDIENCIA A SEÑALIZACION,65,SEÑALIZACION DESOBEDECER SEÑAL PARE,0,SARGENTO ALDEA,0,O'HIGGINS,O'HIGGINS - SARGENTO ALDEA,0, , , , ,1,1,2,BIDIRECCIONAL,1,CONCRETO,1,BUENO,1,SECO,1,DESPEJADO,0,0,0,1,1
-8121292.60068265,-4385512.42279534,4701,47611,1385229,-72.9548127,-36.6145289,198,TOME,1,42536,2021,1385229,REGION BIO BIO,8111,TOME,SARGENTO ALDEA,O'HIGGINS,0,"SARGENTO ALDEA & O'HIGGINS, TOME",CHILE,GEOMETRIC_CENTER,58274,2021,1385229,1,2021/10/05 00:00:00+00,1899/12/30 00:00:00+00,8,REGION BIO BIO,8111,TOME,34,COLISION PERPENDICULAR,30,COLISION,1,URBANA,14,CRUCE CON SEÑAL PARE,10,DESOBEDIENCIA A SEÑALIZACION,65,SEÑALIZACION DESOBEDECER SEÑAL PARE,0,SARGENTO ALDEA,0,O'HIGGINS,O'HIGGINS - SARGENTO ALDEA,0, , , , ,1,1,2,BIDIRECCIONAL,1,CONCRETO,1,BUENO,1,SECO,1,DESPEJADO,0,0,0,1,1
-8121223.08166065,-4385487.66716888,4702,47612,1399419,-72.9541882,-36.6143504,198,TOME,1,52631,2021,1399419,REGION BIO BIO,8111,TOME,O'HIGGINS, ,1550,"O'HIGGINS 1550, TOME",CHILE,RANGE_INTERPOLATED,71532,2021,1399419,1,2021/11/26 00:00:00+00,1899/12/30 00:00:00+00,8,REGION BIO BIO,8111,TOME,65,CHOQUE LADO/LADO,40,CHOQUE,1,URBANA,1,TRAMO DE VIA RECTA,1,IMPRUDENCIA DEL CONDUCTOR,27,CONDUCCION NO ATENTO CONDICIONES TRANSITO MOMENTO,0,O'HIGGINS,0, ,- O'HIGGINS,1550, , , , ,1,1,2,BIDIRECCIONAL,1,CONCRETO,1,BUENO,1,SECO,1,DESPEJADO,0,0,0,0,2
-8121425.44936296,-4385448.11376029,4703,47613,1368399,-72.9560061,-36.6140652,198,TOME,1,31041,2021,1368399,REGION BIO BIO,8111,TOME,SARGENTO ALDEA,MARIANO EGA??ªA,0,"SARGENTO ALDEA & MARIANO EGA??ªA, TOME",CHILE,GEOMETRIC_CENTER,42907,2021,1368399,1,2021/08/02 00:00:00+00,1899/12/30 00:00:00+00,8,REGION BIO BIO,8111,TOME,10,ATROPELLO,10,ATROPELLO,1,URBANA,16,CRUCE SIN SEÑALIZACION,1,IMPRUDENCIA DEL CONDUCTOR,27,CONDUCCION NO ATENTO CONDICIONES TRANSITO MOMENTO,0,SARGENTO ALDEA,0,MARIANO EGAÑA,MARIANO EGAÑA - SARGENTO ALDEA,0, , , , ,2,0,1,UNIDIRECCIONAL,1,CONCRETO,1,BUENO,1,SECO,1,DESPEJADO,0,0,0,1,1
-8121425.44936296,-4385448.11376029,4704,47614,1375884,-72.9560061,-36.6140652,198,TOME,1,35910,2021,1375884,REGION BIO BIO,8111,TOME,MARIANO EGA??ªA,SARGENTO ALDEA,0,"MARIANO EGA??ªA & SARGENTO ALDEA, TOME",CHILE,GEOMETRIC_CENTER,49449,2021,1375884,1,2021/08/29 00:00:00+00,1899/12/30 00:00:00+00,8,REGION BIO BIO,8111,TOME,31,COLISION FRONTAL,30,COLISION,1,URBANA,14,CRUCE CON SEÑAL PARE,10,DESOBEDIENCIA A SEÑALIZACION,65,SEÑALIZACION DESOBEDECER SEÑAL PARE,0,MARIANO EGAÑA,0,SARGENTO ALDEA,MARIANO EGAÑA - SARGENTO ALDEA,0, , , , ,2,0,1,UNIDIRECCIONAL,1,CONCRETO,3,MALO,1,SECO,2,NUBLADO,0,0,0,0,1
-8121228.4917879,-4385428.42032248,4705,47615,1363907,-72.9542368,-36.6139232,198,TOME,1,28427,2021,1363907,REGION BIO BIO,8111,TOME,O'HIGGINS,BLANCO ENCALADA,0,"O'HIGGINS & BLANCO ENCALADA, TOME",CHILE,GEOMETRIC_CENTER,39272,2021,1363907,1,2021/07/18 00:00:00+00,1899/12/30 00:00:00+00,8,REGION BIO BIO,8111,TOME,34,COLISION PERPENDICULAR,30,COLISION,1,URBANA,14,CRUCE CON SEÑAL PARE,10,DESOBEDIENCIA A SEÑALIZACION,65,SEÑALIZACION DESOBEDECER SEÑAL PARE,0,O'HIGGINS,0,BLANCO ENCALADA,BLANCO ENCALADA - O'HIGGINS,0, , , , ,1,1,2,BIDIRECCIONAL,1,CONCRETO,1,BUENO,1,SECO,1,DESPEJADO,0,0,0,1,1
-8121268.4332212,-4385408.50502366,4706,47616,1404931,-72.9545956,-36.6137796,198,TOME,1,56094,2021,1404931,REGION BIO BIO,8111,TOME,BLANCO ENCALADA, ,1190,"BLANCO ENCALADA 1190, TOME",CHILE,RANGE_INTERPOLATED,76260,2021,1404931,1,2021/12/14 00:00:00+00,1899/12/30 00:00:00+00,8,REGION BIO BIO,8111,TOME,65,CHOQUE LADO/LADO,40,CHOQUE,1,URBANA,1,TRAMO DE VIA RECTA,1,IMPRUDENCIA DEL CONDUCTOR,27,CONDUCCION NO ATENTO CONDICIONES TRANSITO MOMENTO,0,BLANCO ENCALADA,0, ,- BLANCO ENCALADA,1190, , , , ,2,0,1,UNIDIRECCIONAL,1,CONCRETO,1,BUENO,1,SECO,1,DESPEJADO,0,0,0,0,2
-8121384.32794306,-4385355.67973452,4707,47617,1345243,-72.9556367,-36.6133987,198,TOME,1,15074,2021,1345243,REGION BIO BIO,8111,TOME,BLANCO ENCALADA,MARIANO EGA??ªA,0,"BLANCO ENCALADA & MARIANO EGA??ªA, TOME",CHILE,GEOMETRIC_CENTER,20781,2021,1345243,1,2021/04/23 00:00:00+00,1899/12/30 00:00:00+00,8,REGION BIO BIO,8111,TOME,10,ATROPELLO,10,ATROPELLO,1,URBANA,15,CRUCE CON SEÑAL CEDA EL PASO,1,IMPRUDENCIA DEL CONDUCTOR,31,NO RESPETAR DERECHO PREFERENTE DE PASO A PEATON,0,BLANCO ENCALADA,0,MARIANO EGAÑA,BLANCO ENCALADA - MARIANO EGAÑA,0, , , , ,1,1,2,BIDIRECCIONAL,1,CONCRETO,1,BUENO,1,SECO,1,DESPEJADO,0,0,0,1,1
-8121467.850957,-4385296.25332969,4708,47618,1393304,-72.956387,-36.6129702,198,TOME,1,48537,2021,1393304,REGION BIO BIO,8111,TOME,DIEGO PORTALES,BUENOS AIRES,0,"DIEGO PORTALES & BUENOS AIRES, TOME",CHILE,GEOMETRIC_CENTER,66176,2021,1393304,1,2021/11/05 00:00:00+00,1899/12/30 00:00:00+00,8,REGION BIO BIO,8111,TOME,32,COLISION LATERAL,30,COLISION,1,URBANA,1,TRAMO DE VIA RECTA,1,IMPRUDENCIA DEL CONDUCTOR,27,CONDUCCION NO ATENTO CONDICIONES TRANSITO MOMENTO,0,DIEGO PORTALES,0,BUENOS AIRES,BUENOS AIRES - DIEGO PORTALES,0, , , , ,2,0,1,UNIDIRECCIONAL,1,CONCRETO,1,BUENO,1,SECO,1,DESPEJADO,0,0,0,0,2
-8121622.47372972,-4385231.8762528,4709,47619,1404953,-72.957776,-36.612506,198,TOME,1,56501,2021,1404953,REGION BIO BIO,8111,TOME,LEON LUCO,BLANCO ENCALADA,0,"LEON LUCO & BLANCO ENCALADA, TOME",CHILE,GEOMETRIC_CENTER,76782,2021,1404953,1,2021/12/16 00:00:00+00,1899/12/30 00:00:00+00,8,REGION BIO BIO,8111,TOME,32,COLISION LATERAL,30,COLISION,1,URBANA,1,TRAMO DE VIA RECTA,1,IMPRUDENCIA DEL CONDUCTOR,27,CONDUCCION NO ATENTO CONDICIONES TRANSITO MOMENTO,0,LEON LUCO,0,BLANCO ENCALADA,BLANCO ENCALADA - LEON LUCO,0, , , , ,1,1,2,BIDIRECCIONAL,1,CONCRETO,1,BUENO,1,SECO,1,DESPEJADO,0,0,0,0,2
-8121379.15158674,-4384800.23255364,4710,47620,1380528,-72.9555902,-36.6093935,198,TOME,1,39734,2021,1380528,REGION BIO BIO,8111,TOME,VICENTE PALACIOS,LEON LUCO,0,"VICENTE PALACIOS & LEON LUCO, TOME",CHILE,GEOMETRIC_CENTER,54560,2021,1380528,1,2021/09/19 00:00:00+00,1899/12/30 00:00:00+00,8,REGION BIO BIO,8111,TOME,51,CHOQUE FRONTAL,40,CHOQUE,1,URBANA,3,TRAMO DE VIA CURVA VERTICAL,9,PERDIDA CONTROL VEHICULO,95,PERDIDA CONTROL VEHICULO,0,VICENTE PALACIOS,0,LEON LUCO,LEON LUCO - VICENTE PALACIOS,0, , , , ,1,1,2,BIDIRECCIONAL,1,CONCRETO,1,BUENO,1,SECO,1,DESPEJADO,0,0,0,0,1
-8121379.15158674,-4384800.23255364,4711,47621,1383654,-72.9555902,-36.6093935,198,TOME,1,41579,2021,1383654,REGION BIO BIO,8111,TOME,LEON LUCO,VIVENTE PALACIOS,0,"LEON LUCO & VIVENTE PALACIOS, TOME",CHILE,GEOMETRIC_CENTER,56976,2021,1383654,1,2021/09/30 00:00:00+00,1899/12/30 00:00:00+00,8,REGION BIO BIO,8111,TOME,50,CHOQUE,40,CHOQUE,1,URBANA,15,CRUCE CON SEÑAL CEDA EL PASO,9,PERDIDA CONTROL VEHICULO,95,PERDIDA CONTROL VEHICULO,0,LEON LUCO,0,VIVENTE PALACIOS,LEON LUCO - VIVENTE PALACIOS,0, , , , ,1,1,2,BIDIRECCIONAL,1,CONCRETO,2,REGULAR,2,HUMEDO,2,NUBLADO,0,0,0,0,1
-8120952.67548556,-4384702.03517776,4712,47622,1395283,-72.9517591,-36.6086854,198,TOME,1,49908,2021,1395283,REGION BIO BIO,8111,TOME,VARIANTE HINRICHSEN,LORD COCHRANE,0,"VARIANTE HINRICHSEN & LORD COCHRANE, TOME",CHILE,GEOMETRIC_CENTER,67965,2021,1395283,1,2021/11/12 00:00:00+00,1899/12/30 00:00:00+00,8,REGION BIO BIO,8111,TOME,32,COLISION LATERAL,30,COLISION,1,URBANA,3,TRAMO DE VIA CURVA VERTICAL,1,IMPRUDENCIA DEL CONDUCTOR,27,CONDUCCION NO ATENTO CONDICIONES TRANSITO MOMENTO,0,VARIANTE HINRICHSEN,0,LORD COCHRANE,LORD COCHRANE - VARIANTE HINRICHSEN,0, , , , ,1,1,2,BIDIRECCIONAL,1,CONCRETO,1,BUENO,1,SECO,1,DESPEJADO,0,0,0,0,1
-8121345.37725323,-4384623.33647705,4713,47623,1333779,-72.9552868,-36.6081179,198,TOME,1,7152,2021,1333779,REGION BIO BIO,8111,TOME,VICENTE PALACIOS, ,2147,"VICENTE PALACIOS 2147, TOME",CHILE,RANGE_INTERPOLATED,10046,2021,1333779,1,2021/02/22 00:00:00+00,1899/12/30 00:00:00+00,8,REGION BIO BIO,8111,TOME,30,COLISION,30,COLISION,1,URBANA,2,TRAMO DE VIA CURVA HORIZONTAL,1,IMPRUDENCIA DEL CONDUCTOR,84,CARGA SOBRESALE ESTRUCTURA VEHICULO,0,VICENTE PALACIOS,0, ,- VICENTE PALACIOS,2147, , , , ,1,1,2,BIDIRECCIONAL,1,CONCRETO,2,REGULAR,1,SECO,1,DESPEJADO,0,0,0,0,2
-8120356.60414016,-4384588.01585639,4714,47624,1337695,-72.9464045,-36.6078632,198,TOME,1,9684,2021,1337695,REGION BIO BIO,8111,TOME,VARIANTE HINRICHSEN, ,2232,"VARIANTE HINRICHSEN 2232, TOME",CHILE,RANGE_INTERPOLATED,13508,2021,1337695,1,2021/03/10 00:00:00+00,1899/12/30 00:00:00+00,8,REGION BIO BIO,8111,TOME,32,COLISION LATERAL,30,COLISION,1,URBANA,3,TRAMO DE VIA CURVA VERTICAL,9,PERDIDA CONTROL VEHICULO,95,PERDIDA CONTROL VEHICULO,0,VARIANTE HINRICHSEN,0, ,- VARIANTE HINRICHSEN,2232, , , , ,1,1,2,BIDIRECCIONAL,1,CONCRETO,1,BUENO,3,MOJADO,4,LLOVIZNA,0,0,0,0,2
-8120696.74084428,-4384570.93109076,4715,47625,1345713,-72.94946,-36.60774,198,TOME,1,15615,2021,1345713,REGION BIO BIO,8111,TOME,MARIANO EGA??ªA,NOGUERA,0,"MARIANO EGA??ªA & NOGUERA, TOME",CHILE,GEOMETRIC_CENTER,21504,2021,1345713,1,2021/04/27 00:00:00+00,1899/12/30 00:00:00+00,8,REGION BIO BIO,8111,TOME,33,COLISION POR ALCANCE,30,COLISION,1,URBANA,1,TRAMO DE VIA RECTA,1,IMPRUDENCIA DEL CONDUCTOR,27,CONDUCCION NO ATENTO CONDICIONES TRANSITO MOMENTO,0,MARIANO EGAÑA,0,NOGUERA,MARIANO EGAÑA - NOGUERA,0, , , , ,1,1,2,BIDIRECCIONAL,1,CONCRETO,1,BUENO,1,SECO,1,DESPEJADO,0,0,0,1,3
-8120984.34588069,-4384501.55224584,4716,47626,1326896,-72.9520436,-36.6072397,198,TOME,1,2705,2021,1326896,REGION BIO BIO,8111,TOME,PELANTARO,MARIANO EGA??ªA,0,"PELANTARO & MARIANO EGA??ªA, TOME",CHILE,GEOMETRIC_CENTER,3719,2021,1326896,1,2021/01/19 00:00:00+00,1899/12/30 00:00:00+00,8,REGION BIO BIO,8111,TOME,50,CHOQUE,40,CHOQUE,1,URBANA,1,TRAMO DE VIA RECTA,12,FALLAS MECANICAS,1,FALLAS MECANICAS FRENOS,0,PELANTARO,0,MARIANO EGAÑA,MARIANO EGAÑA - PELANTARO,0, , , , ,1,1,2,BIDIRECCIONAL,1,CONCRETO,2,REGULAR,1,SECO,1,DESPEJADO,0,0,0,1,0
-8121251.00058894,-4384486.02076516,4717,47627,1336299,-72.954439,-36.6071277,198,TOME,1,8502,2021,1336299,REGION BIO BIO,8111,TOME,VICENTE PALACIOS,ARTURO ALESSANDRI,0,"VICENTE PALACIOS & ARTURO ALESSANDRI, TOME",CHILE,GEOMETRIC_CENTER,11926,2021,1336299,1,2021/03/03 00:00:00+00,1899/12/30 00:00:00+00,8,REGION BIO BIO,8111,TOME,70,VOLCADURA,70,VOLCADURA,1,URBANA,3,TRAMO DE VIA CURVA VERTICAL,9,PERDIDA CONTROL VEHICULO,95,PERDIDA CONTROL VEHICULO,0,VICENTE PALACIOS,0,ARTURO ALESSANDRI,ARTURO ALESSANDRI - VICENTE PALACIOS,0, , , , ,1,1,2,BIDIRECCIONAL,1,CONCRETO,1,BUENO,1,SECO,1,DESPEJADO,0,0,0,1,0
-8120980.24932343,-4384460.9069633,4718,47628,1336204,-72.9520068,-36.6069466,198,TOME,1,8848,2021,1336204,REGION BIO BIO,8111,TOME,MARIANO EGA??ªA, ,2251,"MARIANO EGA??ªA 2251, TOME",CHILE,RANGE_INTERPOLATED,12376,2021,1336204,1,2021/03/05 00:00:00+00,1899/12/30 00:00:00+00,8,REGION BIO BIO,8111,TOME,10,ATROPELLO,10,ATROPELLO,1,URBANA,1,TRAMO DE VIA RECTA,2,IMPRUDENCIA DEL PEATON,51,PEATON PERMANECE SOBRE LA CALZADA,0,MARIANO EGAÑA,0, ,- MARIANO EGAÑA,2251, , , , ,1,1,2,BIDIRECCIONAL,1,CONCRETO,1,BUENO,1,SECO,1,DESPEJADO,0,0,0,1,1
-8120945.71801739,-4384434.0875404,4719,47629,1378234,-72.9516966,-36.6067532,198,TOME,1,37375,2021,1378234,REGION BIO BIO,8111,TOME,MARIANO EGA??ªA,ONGOLMO,0,"MARIANO EGA??ªA & ONGOLMO, TOME",CHILE,GEOMETRIC_CENTER,51390,2021,1378234,1,2021/09/06 00:00:00+00,1899/12/30 00:00:00+00,8,REGION BIO BIO,8111,TOME,63,CHOQUE FRENTE/POSTERIOR,40,CHOQUE,1,URBANA,3,TRAMO DE VIA CURVA VERTICAL,12,FALLAS MECANICAS,1,FALLAS MECANICAS FRENOS,0,MARIANO EGAÑA,0,ONGOLMO,MARIANO EGAÑA - ONGOLMO,0, , , , ,1,1,2,BIDIRECCIONAL,1,CONCRETO,1,BUENO,1,SECO,4,LLOVIZNA,0,0,0,0,2
-8120204.19662531,-4384427.40349614,4720,47630,1374070,-72.9450354,-36.606705,198,TOME,1,34638,2021,1374070,REGION BIO BIO,8111,TOME,VARIANTE HINRICHSEN, ,2315,"VARIANTE HINRICHSEN 2315, TOME",CHILE,RANGE_INTERPOLATED,47751,2021,1374070,1,2021/08/22 00:00:00+00,1899/12/30 00:00:00+00,8,REGION BIO BIO,8111,TOME,50,CHOQUE,40,CHOQUE,1,URBANA,1,TRAMO DE VIA RECTA,13,CAUSAS NO DETERMINADAS,97,CAUSAS NO DETERMINADAS,0,VARIANTE HINRICHSEN,0, ,- VARIANTE HINRICHSEN,2315, , , , ,1,1,2,BIDIRECCIONAL,1,CONCRETO,1,BUENO,3,MOJADO,3,LLUVIA,0,0,0,0,2
-8120076.13468311,-4384360.78515885,4721,47631,1395803,-72.943885,-36.6062246,198,TOME,1,50385,2021,1395803,REGION BIO BIO,8111,TOME,VARIANTE HINRICHSEN, ,2788,"VARIANTE HINRICHSEN 2788, TOME",CHILE,RANGE_INTERPOLATED,68642,2021,1395803,1,2021/11/15 00:00:00+00,1899/12/30 00:00:00+00,8,REGION BIO BIO,8111,TOME,50,CHOQUE,40,CHOQUE,1,URBANA,1,TRAMO DE VIA RECTA,1,IMPRUDENCIA DEL CONDUCTOR,27,CONDUCCION NO ATENTO CONDICIONES TRANSITO MOMENTO,0,VARIANTE HINRICHSEN,0, ,- VARIANTE HINRICHSEN,2788, , , , ,1,1,2,BIDIRECCIONAL,1,CONCRETO,1,BUENO,1,SECO,1,DESPEJADO,0,0,0,0,1
-8120084.18308229,-4384346.41872751,4722,47632,1362927,-72.9439573,-36.606121,198,TOME,1,26888,2021,1362927,REGION BIO BIO,8111,TOME,VARIANTE HINRICHSEN, ,2395,"VARIANTE HINRICHSEN 2395, TOME",CHILE,RANGE_INTERPOLATED,37082,2021,1362927,1,2021/07/09 00:00:00+00,1899/12/30 00:00:00+00,8,REGION BIO BIO,8111,TOME,32,COLISION LATERAL,30,COLISION,1,URBANA,3,TRAMO DE VIA CURVA VERTICAL,1,IMPRUDENCIA DEL CONDUCTOR,27,CONDUCCION NO ATENTO CONDICIONES TRANSITO MOMENTO,0,VARIANTE HINRICHSEN,0, ,- VARIANTE HINRICHSEN,2395, , , , ,1,1,2,BIDIRECCIONAL,1,CONCRETO,1,BUENO,1,SECO,1,DESPEJADO,0,0,0,0,2
-8122390.96783441,-4384299.6586232,4723,47633,1399464,-72.9646795,-36.6057838,198,TOME,1,52154,2021,1399464,REGION BIO BIO,8111,TOME,MAULE,PILOTO PARDO,0,"MAULE & PILOTO PARDO, TOME",CHILE,GEOMETRIC_CENTER,70911,2021,1399464,1,2021/11/23 00:00:00+00,1899/12/30 00:00:00+00,8,REGION BIO BIO,8111,TOME,34,COLISION PERPENDICULAR,30,COLISION,1,URBANA,16,CRUCE SIN SEÑALIZACION,1,IMPRUDENCIA DEL CONDUCTOR,27,CONDUCCION NO ATENTO CONDICIONES TRANSITO MOMENTO,0,MAULE,0,PILOTO PARDO,MAULE - PILOTO PARDO,0, , , , ,1,1,2,BIDIRECCIONAL,1,CONCRETO,1,BUENO,1,SECO,1,DESPEJADO,0,1,0,0,1
-8121277.67273893,-4384269.67790469,4724,47634,1404957,-72.9546786,-36.6055676,198,TOME,1,56697,2021,1404957,REGION BIO BIO,8111,TOME,VICENTE PALACIOS,ALBERTO VERGARA,0,"VICENTE PALACIOS & ALBERTO VERGARA, TOME",CHILE,GEOMETRIC_CENTER,77042,2021,1404957,1,2021/12/17 00:00:00+00,1899/12/30 00:00:00+00,8,REGION BIO BIO,8111,TOME,51,CHOQUE FRONTAL,40,CHOQUE,1,URBANA,3,TRAMO DE VIA CURVA VERTICAL,9,PERDIDA CONTROL VEHICULO,95,PERDIDA CONTROL VEHICULO,0,VICENTE PALACIOS,0,ALBERTO VERGARA,ALBERTO VERGARA - VICENTE PALACIOS,0, , , , ,1,1,2,BIDIRECCIONAL,1,CONCRETO,1,BUENO,1,SECO,1,DESPEJADO,0,0,0,0,1
-8122206.09955605,-4384265.71191399,4725,47635,1346781,-72.9630188,-36.605539,198,TOME,1,16098,2021,1346781,REGION BIO BIO,8111,TOME,ENRIQUE MOLINA,GORBEA,0,"ENRIQUE MOLINA & GORBEA, TOME",CHILE,GEOMETRIC_CENTER,22153,2021,1346781,1,2021/04/30 00:00:00+00,1899/12/30 00:00:00+00,8,REGION BIO BIO,8111,TOME,10,ATROPELLO,10,ATROPELLO,1,URBANA,15,CRUCE CON SEÑAL CEDA EL PASO,1,IMPRUDENCIA DEL CONDUCTOR,31,NO RESPETAR DERECHO PREFERENTE DE PASO A PEATON,0,ENRIQUE MOLINA,0,GORBEA,ENRIQUE MOLINA - GORBEA,0, , , , ,1,1,2,BIDIRECCIONAL,1,CONCRETO,1,BUENO,1,SECO,1,DESPEJADO,0,0,0,1,1
-8122206.09955605,-4384265.71191399,4726,47636,1394772,-72.9630188,-36.605539,198,TOME,1,48997,2021,1394772,REGION BIO BIO,8111,TOME,ENRIQUE MOLINA,GORBEA,0,"ENRIQUE MOLINA & GORBEA, TOME",CHILE,GEOMETRIC_CENTER,66797,2021,1394772,1,2021/11/08 00:00:00+00,1899/12/30 00:00:00+00,8,REGION BIO BIO,8111,TOME,33,COLISION POR ALCANCE,30,COLISION,1,URBANA,1,TRAMO DE VIA RECTA,1,IMPRUDENCIA DEL CONDUCTOR,27,CONDUCCION NO ATENTO CONDICIONES TRANSITO MOMENTO,0,ENRIQUE MOLINA,0,GORBEA,ENRIQUE MOLINA - GORBEA,0, , , , ,1,1,2,BIDIRECCIONAL,1,CONCRETO,1,BUENO,1,SECO,1,DESPEJADO,0,0,0,0,2
-8121164.17138612,-4384055.25304161,4727,47637,1344513,-72.953659,-36.6040213,198,TOME,1,13791,2021,1344513,REGION BIO BIO,8111,TOME,ALVARO JARA,VICENTE PALACIOS,0,"ALVARO JARA & VICENTE PALACIOS, TOME",CHILE,GEOMETRIC_CENTER,19069,2021,1344513,1,2021/04/13 00:00:00+00,1899/12/30 00:00:00+00,8,REGION BIO BIO,8111,TOME,63,CHOQUE FRENTE/POSTERIOR,40,CHOQUE,1,URBANA,14,CRUCE CON SEÑAL PARE,1,IMPRUDENCIA DEL CONDUCTOR,27,CONDUCCION NO ATENTO CONDICIONES TRANSITO MOMENTO,0,ALVARO JARA,0,VICENTE PALACIOS,ALVARO JARA - VICENTE PALACIOS,0, , , , ,1,1,2,BIDIRECCIONAL,1,CONCRETO,1,BUENO,1,SECO,1,DESPEJADO,0,0,0,2,1
-8122044.53044711,-4384030.76425682,4728,47638,1401185,-72.9615674,-36.6038447,198,TOME,1,53781,2021,1401185,REGION BIO BIO,8111,TOME,BUENA VISTA,ENRIQUE MOLINA,0,"BUENA VISTA & ENRIQUE MOLINA, TOME",CHILE,GEOMETRIC_CENTER,73087,2021,1401185,1,2021/12/02 00:00:00+00,1899/12/30 00:00:00+00,8,REGION BIO BIO,8111,TOME,34,COLISION PERPENDICULAR,30,COLISION,1,URBANA,16,CRUCE SIN SEÑALIZACION,1,IMPRUDENCIA DEL CONDUCTOR,27,CONDUCCION NO ATENTO CONDICIONES TRANSITO MOMENTO,0,BUENA VISTA,0,ENRIQUE MOLINA,BUENA VISTA - ENRIQUE MOLINA,0, , , , ,1,1,2,BIDIRECCIONAL,1,CONCRETO,1,BUENO,1,SECO,1,DESPEJADO,0,0,0,1,1
-8121215.93494934,-4383984.64340212,4729,47639,1347673,-72.954124,-36.6035121,198,TOME,1,16502,2021,1347673,REGION BIO BIO,8111,TOME,MADRO??ªAL, ,2443,"MADRO??ªAL 2443, TOME",CHILE,RANGE_INTERPOLATED,22777,2021,1347673,1,2021/05/04 00:00:00+00,1899/12/30 00:00:00+00,8,REGION BIO BIO,8111,TOME,51,CHOQUE FRONTAL,40,CHOQUE,1,URBANA,1,TRAMO DE VIA RECTA,9,PERDIDA CONTROL VEHICULO,95,PERDIDA CONTROL VEHICULO,0,MADROÑAL,0, ,- MADROÑAL,2443, , , , ,1,1,2,BIDIRECCIONAL,1,CONCRETO,1,BUENO,1,SECO,1,DESPEJADO,0,0,0,0,1
-8121920.58732606,-4383950.68382595,4730,47640,1363726,-72.960454,-36.6032672,198,TOME,1,27426,2021,1363726,REGION BIO BIO,8111,TOME,HUASCO,ENRIQUE MOLINA,0,"HUASCO & ENRIQUE MOLINA, TOME",CHILE,GEOMETRIC_CENTER,37850,2021,1363726,1,2021/07/12 00:00:00+00,1899/12/30 00:00:00+00,8,REGION BIO BIO,8111,TOME,34,COLISION PERPENDICULAR,30,COLISION,1,URBANA,16,CRUCE SIN SEÑALIZACION,1,IMPRUDENCIA DEL CONDUCTOR,93,CONDUCIR VEHICULO EN RETROCESO,0,HUASCO,0,ENRIQUE MOLINA,ENRIQUE MOLINA - HUASCO,0, , , , ,1,1,2,BIDIRECCIONAL,1,CONCRETO,1,BUENO,1,SECO,1,DESPEJADO,0,0,0,0,2
-8121727.70404436,-4383887.0081779,4731,47641,1324540,-72.9587213,-36.602808,198,TOME,1,387,2021,1324540,REGION BIO BIO,8111,TOME,ENRIQUE MOLINA,IGNACIO CARRERA PINTO,0,"ENRIQUE MOLINA & IGNACIO CARRERA PINTO, TOME",CHILE,GEOMETRIC_CENTER,558,2021,1324540,1,2021/01/04 00:00:00+00,1899/12/30 00:00:00+00,8,REGION BIO BIO,8111,TOME,32,COLISION LATERAL,30,COLISION,1,URBANA,16,CRUCE SIN SEÑALIZACION,1,IMPRUDENCIA DEL CONDUCTOR,27,CONDUCCION NO ATENTO CONDICIONES TRANSITO MOMENTO,0,ENRIQUE MOLINA,0,IGNACIO CARRERA PINTO,ENRIQUE MOLINA - IGNACIO CARRERA PINTO,0, , ,"1,2", ,1,1,2,BIDIRECCIONAL,1,CONCRETO,1,BUENO,1,SECO,1,DESPEJADO,0,0,0,1,1