X,Y,FID,FID_1,LABELID,POINT_X,POINT_Y,FID_2,COMUNAREAL,VAL_COM,OBJECTID,A_O,IDACCIDENT,REGION,COD_COMUN,COMUNA,CALLE_UNO,CALLE_DOS,NUMERO,DIR_GEOCOD,PAIS,TIPO,OBJECTID_1,Año,Idaccide_1,Claseaccid,Fecha,Hora,Cód_Regi,Región,Cód_Comun,Comuna_1,Cód_Tipo_,Tipo_Accid,Cód_Tipo1,Tipo__CONA,Cód_Zona,Zona,Cód_Ubica,Ubicación,Cód_Causa,Causa__CON,Cód_Cau_1,Causa,Cód_Calle,Calle_Un_1,Cód_Cal_1,Calle_Do_1,Intersecci,Número,Ruta,Cód_Ruta,Ubicaci_1,Km_Vía_Fe,Pistas_de_,Pistas_de1,Cód_Calza,Calzada,Cód__Tipo,Tipo_Calza,Cód_Estad,Estado_Cal,Cód_Condi,Condición,Cód_Est_1,Estado_Atm,Fallecidos,Graves,Menos_Grav,Leves,Ilesos
-8121617.26397755,-4383794.62924214,4732,47642,1390143,-72.9577292,-36.6021418,198,TOME,1,46447,2021,1390143,REGION BIO BIO,8111,TOME,ENRIQUE MOLINA, ,809,"ENRIQUE MOLINA 809, TOME",CHILE,RANGE_INTERPOLATED,63430,2021,1390143,1,2021/10/25 00:00:00+00,1899/12/30 00:00:00+00,8,REGION BIO BIO,8111,TOME,10,ATROPELLO,10,ATROPELLO,1,URBANA,15,CRUCE CON SEÑAL CEDA EL PASO,1,IMPRUDENCIA DEL CONDUCTOR,31,NO RESPETAR DERECHO PREFERENTE DE PASO A PEATON,0,ENRIQUE MOLINA,0, ,- ENRIQUE MOLINA,809, , , , ,1,1,2,BIDIRECCIONAL,1,CONCRETO,1,BUENO,1,SECO,1,DESPEJADO,0,0,0,1,1
-8121596.15780209,-4383792.78499952,4733,47643,1363595,-72.9575396,-36.6021285,198,TOME,0,27473,2021,1363595,REGION BIO BIO,8310,SAN ROSENDO,LAS VI??ªAS,GABRIELA MISTRAL,0,"LAS VI??ªAS & GABRIELA MISTRAL, SAN ROSENDO",CHILE,GEOMETRIC_CENTER,37911,2021,1363595,1,2021/07/12 00:00:00+00,1899/12/30 00:00:00+00,8,REGION BIO BIO,8310,SAN ROSENDO,32,COLISION LATERAL,30,COLISION,1,URBANA,14,CRUCE CON SEÑAL PARE,10,DESOBEDIENCIA A SEÑALIZACION,65,SEÑALIZACION DESOBEDECER SEÑAL PARE,0,LAS VIÑAS,0,GABRIELA MISTRAL,GABRIELA MISTRAL - LAS VIÑAS,0, , , , ,1,1,2,BIDIRECCIONAL,1,CONCRETO,1,BUENO,1,SECO,1,DESPEJADO,0,0,0,0,2
-8121417.31190818,-4383680.84145444,4734,47644,1333317,-72.955933,-36.6013212,198,TOME,1,6421,2021,1333317,REGION BIO BIO,8111,TOME,ENRIQUE MOLINA,EL MADRO??ªAL,0,"ENRIQUE MOLINA & EL MADRO??ªAL, TOME",CHILE,GEOMETRIC_CENTER,8969,2021,1333317,1,2021/02/16 00:00:00+00,1899/12/30 00:00:00+00,8,REGION BIO BIO,8111,TOME,50,CHOQUE,40,CHOQUE,1,URBANA,1,TRAMO DE VIA RECTA,13,CAUSAS NO DETERMINADAS,97,CAUSAS NO DETERMINADAS,0,ENRIQUE MOLINA,0,EL MADROÑAL,EL MADROÑAL - ENRIQUE MOLINA,0, , , , ,1,1,2,BIDIRECCIONAL,1,CONCRETO,2,REGULAR,1,SECO,1,DESPEJADO,0,0,0,0,3
-8121048.46590739,-4383652.31843197,4735,47645,1339350,-72.9526196,-36.6011155,198,TOME,1,11292,2021,1339350,REGION BIO BIO,8111,TOME,VICENTE PALACIOS, ,2534,"VICENTE PALACIOS 2534, TOME",CHILE,RANGE_INTERPOLATED,15658,2021,1339350,1,2021/03/21 00:00:00+00,1899/12/30 00:00:00+00,8,REGION BIO BIO,8111,TOME,51,CHOQUE FRONTAL,40,CHOQUE,2,RURAL,3,TRAMO DE VIA CURVA VERTICAL,12,FALLAS MECANICAS,2,FALLAS MECANICAS DIRECCION,0,VICENTE PALACIOS,0, ,- VICENTE PALACIOS,2534, , , , ,1,1,2,BIDIRECCIONAL,1,CONCRETO,1,BUENO,1,SECO,1,DESPEJADO,0,0,0,1,0
-8121096.0549897,-4383428.92076349,4736,47646,1378666,-72.9530471,-36.5995044,198,TOME,1,38179,2021,1378666,REGION BIO BIO,8111,TOME,ENRIQUE MOLINA,VICENTE PALACIOS,0,"ENRIQUE MOLINA & VICENTE PALACIOS, TOME",CHILE,GEOMETRIC_CENTER,52437,2021,1378666,1,2021/09/10 00:00:00+00,1899/12/30 00:00:00+00,8,REGION BIO BIO,8111,TOME,63,CHOQUE FRENTE/POSTERIOR,40,CHOQUE,1,URBANA,11,CRUCE CON SEMAFORO FUNCIONANDO,4,ALCOHOL EN CONDUCTOR,24,CONDUCCION EN ESTADO DE EBRIEDAD,0,ENRIQUE MOLINA,0,VICENTE PALACIOS,ENRIQUE MOLINA - VICENTE PALACIOS,0, , , , ,1,1,2,BIDIRECCIONAL,1,CONCRETO,1,BUENO,1,SECO,2,NUBLADO,0,0,0,2,0
-8120687.94660451,-4383427.93627661,4737,47647,1384531,-72.949381,-36.5994973,198,TOME,1,41921,2021,1384531,REGION BIO BIO,8111,TOME,LORD COCHRANE, ,1161,"LORD COCHRANE 1161, TOME",CHILE,RANGE_INTERPOLATED,57423,2021,1384531,1,2021/10/01 00:00:00+00,1899/12/30 00:00:00+00,8,REGION BIO BIO,8111,TOME,63,CHOQUE FRENTE/POSTERIOR,40,CHOQUE,1,URBANA,1,TRAMO DE VIA RECTA,13,CAUSAS NO DETERMINADAS,97,CAUSAS NO DETERMINADAS,0,LORD COCHRANE,0, ,- LORD COCHRANE,1161, , , , ,1,1,2,BIDIRECCIONAL,6,TIERRA,2,REGULAR,0, ,1,DESPEJADO,0,0,0,0,2
-8121054.71093082,-4383386.13033287,4738,47648,1369971,-72.9526757,-36.5991958,198,TOME,1,32350,2021,1369971,REGION BIO BIO,8111,TOME,VICENTE PALACIOS,LOS BOLDOS,0,"VICENTE PALACIOS & LOS BOLDOS, TOME",CHILE,GEOMETRIC_CENTER,44640,2021,1369971,1,2021/08/09 00:00:00+00,1899/12/30 00:00:00+00,8,REGION BIO BIO,8111,TOME,33,COLISION POR ALCANCE,30,COLISION,1,URBANA,1,TRAMO DE VIA RECTA,1,IMPRUDENCIA DEL CONDUCTOR,27,CONDUCCION NO ATENTO CONDICIONES TRANSITO MOMENTO,0,VICENTE PALACIOS,0,LOS BOLDOS,LOS BOLDOS - VICENTE PALACIOS,0, , , , ,1,1,2,BIDIRECCIONAL,1,CONCRETO,1,BUENO,1,SECO,1,DESPEJADO,0,0,0,1,2
-8120954.95753512,-4383214.85939607,4739,47649,1395343,-72.9517796,-36.5979606,198,TOME,1,50030,2021,1395343,REGION BIO BIO,8111,TOME,LORD COCHRANE,VICENTE PALACIOS,0,"LORD COCHRANE & VICENTE PALACIOS, TOME",CHILE,GEOMETRIC_CENTER,68130,2021,1395343,1,2021/11/13 00:00:00+00,1899/12/30 00:00:00+00,8,REGION BIO BIO,8111,TOME,33,COLISION POR ALCANCE,30,COLISION,1,URBANA,1,TRAMO DE VIA RECTA,1,IMPRUDENCIA DEL CONDUCTOR,28,CONDUCCION SIN MANTENER DISTANCIA RAZONABLE NI PRUDENTE,0,LORD COCHRANE,0,VICENTE PALACIOS,LORD COCHRANE - VICENTE PALACIOS,0, , , , ,1,1,2,BIDIRECCIONAL,1,CONCRETO,1,BUENO,1,SECO,1,DESPEJADO,0,0,0,2,1
-8120954.95753512,-4383214.85939607,4740,47650,1401320,-72.9517796,-36.5979606,198,TOME,1,54034,2021,1401320,REGION BIO BIO,8111,TOME,VICENTE PALACIOS,LORD COCHRANE,0,"VICENTE PALACIOS & LORD COCHRANE, TOME",CHILE,GEOMETRIC_CENTER,73426,2021,1401320,1,2021/12/03 00:00:00+00,1899/12/30 00:00:00+00,8,REGION BIO BIO,8111,TOME,34,COLISION PERPENDICULAR,30,COLISION,1,URBANA,16,CRUCE SIN SEÑALIZACION,1,IMPRUDENCIA DEL CONDUCTOR,27,CONDUCCION NO ATENTO CONDICIONES TRANSITO MOMENTO,0,VICENTE PALACIOS,0,LORD COCHRANE,LORD COCHRANE - VICENTE PALACIOS,0, , , , ,1,1,2,BIDIRECCIONAL,1,CONCRETO,1,BUENO,1,SECO,1,DESPEJADO,0,0,0,0,2
-8120954.95753512,-4383214.85939607,4741,47651,1404980,-72.9517796,-36.5979606,198,TOME,1,56962,2021,1404980,REGION BIO BIO,8111,TOME,LORD COCHRANE,VICENTE PALACIOS,0,"LORD COCHRANE & VICENTE PALACIOS, TOME",CHILE,GEOMETRIC_CENTER,77386,2021,1404980,1,2021/12/18 00:00:00+00,1899/12/30 00:00:00+00,8,REGION BIO BIO,8111,TOME,34,COLISION PERPENDICULAR,30,COLISION,1,URBANA,16,CRUCE SIN SEÑALIZACION,1,IMPRUDENCIA DEL CONDUCTOR,27,CONDUCCION NO ATENTO CONDICIONES TRANSITO MOMENTO,0,LORD COCHRANE,0,VICENTE PALACIOS,LORD COCHRANE - VICENTE PALACIOS,0, , , , ,1,1,2,BIDIRECCIONAL,1,CONCRETO,1,BUENO,1,SECO,1,DESPEJADO,0,0,0,0,2
-8120967.00230403,-4383110.49251348,4742,47652,1386074,-72.9518878,-36.5972079,198,TOME,1,43762,2021,1386074,REGION BIO BIO,8111,TOME,VICENTE PALACIOS,RANCHO BLANCO,0,"VICENTE PALACIOS & RANCHO BLANCO, TOME",CHILE,GEOMETRIC_CENTER,59861,2021,1386074,1,2021/10/11 00:00:00+00,1899/12/30 00:00:00+00,8,REGION BIO BIO,8111,TOME,34,COLISION PERPENDICULAR,30,COLISION,1,URBANA,1,TRAMO DE VIA RECTA,1,IMPRUDENCIA DEL CONDUCTOR,27,CONDUCCION NO ATENTO CONDICIONES TRANSITO MOMENTO,0,VICENTE PALACIOS,0,RANCHO BLANCO,RANCHO BLANCO - VICENTE PALACIOS,0, , , , ,1,1,2,BIDIRECCIONAL,1,CONCRETO,1,BUENO,1,SECO,1,DESPEJADO,0,1,0,0,1
-8121214.99986561,-4382530.87065978,4743,47653,1387501,-72.9541156,-36.5930275,198,TOME,1,44828,2021,1387501,REGION BIO BIO,8111,TOME,VICENTE PALACIOS, ,3000,"VICENTE PALACIOS 3000, TOME",CHILE,RANGE_INTERPOLATED,61269,2021,1387501,1,2021/10/16 00:00:00+00,1899/12/30 00:00:00+00,8,REGION BIO BIO,8111,TOME,63,CHOQUE FRENTE/POSTERIOR,40,CHOQUE,1,URBANA,1,TRAMO DE VIA RECTA,9,PERDIDA CONTROL VEHICULO,95,PERDIDA CONTROL VEHICULO,0,VICENTE PALACIOS,0, ,- VICENTE PALACIOS,3000, , , , ,1,1,2,BIDIRECCIONAL,1,CONCRETO,1,BUENO,1,SECO,1,DESPEJADO,0,1,0,1,1
-8119522.06418158,-4376521.20327226,4744,47654,1339334,-72.9389077,-36.5496707,198,TOME,1,11213,2021,1339334,REGION BIO BIO,8111,TOME,BOMBERO SILVA, ,132,"BOMBERO SILVA 132, TOME",CHILE,RANGE_INTERPOLATED,15542,2021,1339334,1,2021/03/20 00:00:00+00,1899/12/30 00:00:00+00,8,REGION BIO BIO,8111,TOME,63,CHOQUE FRENTE/POSTERIOR,40,CHOQUE,1,URBANA,1,TRAMO DE VIA RECTA,4,ALCOHOL EN CONDUCTOR,24,CONDUCCION EN ESTADO DE EBRIEDAD,0,BOMBERO SILVA,0, ,- BOMBERO SILVA,132, , , , ,1,1,2,BIDIRECCIONAL,1,CONCRETO,1,BUENO,1,SECO,1,DESPEJADO,0,1,0,0,0
-8180652.22746698,-4627805.22984098,4745,47456,1348160,-73.4880493,-38.3416688,174,TIRUA,1,16832,2021,1348160,REGION BIO BIO,8207,TIRUA,LOS NOTROS, ,536,"LOS NOTROS 536, TIRUA",CHILE,RANGE_INTERPOLATED,23219,2021,1348160,1,2021/05/06 00:00:00+00,1899/12/30 00:00:00+00,8,REGION BIO BIO,8207,TIRUA,50,CHOQUE,40,CHOQUE,1,URBANA,1,TRAMO DE VIA RECTA,1,IMPRUDENCIA DEL CONDUCTOR,27,CONDUCCION NO ATENTO CONDICIONES TRANSITO MOMENTO,0,LOS NOTROS,0, ,- LOS NOTROS,536, , , , ,1,0,1,UNIDIRECCIONAL,1,CONCRETO,1,BUENO,1,SECO,1,DESPEJADO,0,0,0,0,1
-8008737.34109013,-4480442.11300024,4746,47680,1377499,-71.9437116,-37.2959717,89,TUCAPEL,1,37506,2021,1377499,REGION BIO BIO,8312,TUCAPEL,SAN DIEGO,TALCAHUANO,0,"SAN DIEGO & TALCAHUANO, TUCAPEL",CHILE,GEOMETRIC_CENTER,51571,2021,1377499,1,2021/09/07 00:00:00+00,1899/12/30 00:00:00+00,8,REGION BIO BIO,8312,TUCAPEL,67,CHOQUE POSTERIOR/FRENTE,40,CHOQUE,1,URBANA,1,TRAMO DE VIA RECTA,1,IMPRUDENCIA DEL CONDUCTOR,27,CONDUCCION NO ATENTO CONDICIONES TRANSITO MOMENTO,0,SAN DIEGO,0,TALCAHUANO,SAN DIEGO - TALCAHUANO,0, , , , ,1,0,1,UNIDIRECCIONAL,2,ASFALTO,2,REGULAR,2,HUMEDO,1,DESPEJADO,0,0,0,0,2
-8009423.8817857,-4480333.31512861,4747,47681,1356598,-71.9498789,-37.2951942,89,TUCAPEL,1,22914,2021,1356598,REGION BIO BIO,8312,TUCAPEL,TUCAPEL, ,92,"TUCAPEL 92, TUCAPEL",CHILE,RANGE_INTERPOLATED,31577,2021,1356598,1,2021/06/14 00:00:00+00,1899/12/30 00:00:00+00,8,REGION BIO BIO,8312,TUCAPEL,51,CHOQUE FRONTAL,40,CHOQUE,1,URBANA,1,TRAMO DE VIA RECTA,12,FALLAS MECANICAS,2,FALLAS MECANICAS DIRECCION,0,TUCAPEL,0, ,- TUCAPEL,92, , , , ,1,1,2,BIDIRECCIONAL,2,ASFALTO,1,BUENO,2,HUMEDO,1,DESPEJADO,0,0,0,0,1
-8009424.53857069,-4479878.12542391,4748,47682,1369704,-71.9498848,-37.2919412,89,TUCAPEL,1,31970,2021,1369704,REGION BIO BIO,8312,TUCAPEL,ESMERALDA, ,295,"ESMERALDA 295, TUCAPEL",CHILE,RANGE_INTERPOLATED,44128,2021,1369704,1,2021/08/07 00:00:00+00,1899/12/30 00:00:00+00,8,REGION BIO BIO,8312,TUCAPEL,32,COLISION LATERAL,30,COLISION,1,URBANA,1,TRAMO DE VIA RECTA,1,IMPRUDENCIA DEL CONDUCTOR,27,CONDUCCION NO ATENTO CONDICIONES TRANSITO MOMENTO,0,ESMERALDA,0, ,- ESMERALDA,295, , , , ,1,1,2,BIDIRECCIONAL,2,ASFALTO,1,BUENO,1,SECO,1,DESPEJADO,0,0,0,0,2
-8009613.28076733,-4479440.69728809,4749,47683,1331189,-71.9515803,-37.288815,89,TUCAPEL,1,5343,2021,1331189,REGION BIO BIO,8312,TUCAPEL,LAUTARO,ARTURO PRAT,0,"LAUTARO & ARTURO PRAT, TUCAPEL",CHILE,GEOMETRIC_CENTER,7464,2021,1331189,1,2021/02/08 00:00:00+00,1899/12/30 00:00:00+00,8,REGION BIO BIO,8312,TUCAPEL,66,CHOQUE LADO/POSTERIOR,40,CHOQUE,1,URBANA,1,TRAMO DE VIA RECTA,4,ALCOHOL EN CONDUCTOR,24,CONDUCCION EN ESTADO DE EBRIEDAD,0,LAUTARO,0,ARTURO PRAT,ARTURO PRAT - LAUTARO,0, , , , ,1,1,2,BIDIRECCIONAL,2,ASFALTO,1,BUENO,1,SECO,1,DESPEJADO,0,1,0,0,1
-7984781.30874777,-4479078.28179392,4750,47684,1382294,-71.7285109,-37.2862248,89,TUCAPEL,1,40828,2021,1382294,REGION BIO BIO,8312,TUCAPEL,ANIBAL PINTO, ,1400,"ANIBAL PINTO 1400, TUCAPEL",CHILE,RANGE_INTERPOLATED,56026,2021,1382294,1,2021/09/25 00:00:00+00,1899/12/30 00:00:00+00,8,REGION BIO BIO,8312,TUCAPEL,70,VOLCADURA,70,VOLCADURA,1,URBANA,1,TRAMO DE VIA RECTA,4,ALCOHOL EN CONDUCTOR,24,CONDUCCION EN ESTADO DE EBRIEDAD,0,ANIBAL PINTO,0, ,- ANIBAL PINTO,1400, , , , ,1,1,2,BIDIRECCIONAL,2,ASFALTO,1,BUENO,1,SECO,4,LLOVIZNA,0,0,0,1,0
-8009126.92591206,-4473526.73493104,4751,47685,1395466,-71.9472113,-37.2465365,89,TUCAPEL,1,50180,2021,1395466,REGION BIO BIO,8312,TUCAPEL,CONRADO FIGUEROA, ,714,"CONRADO FIGUEROA 714, TUCAPEL",CHILE,RANGE_INTERPOLATED,68348,2021,1395466,1,2021/11/14 00:00:00+00,1899/12/30 00:00:00+00,8,REGION BIO BIO,8312,TUCAPEL,65,CHOQUE LADO/LADO,40,CHOQUE,1,URBANA,1,TRAMO DE VIA RECTA,13,CAUSAS NO DETERMINADAS,97,CAUSAS NO DETERMINADAS,0,CONRADO FIGUEROA,0, ,- CONRADO FIGUEROA,714, , , , ,1,1,2,BIDIRECCIONAL,2,ASFALTO,1,BUENO,1,SECO,1,DESPEJADO,0,0,0,0,2
-8008518.80979775,-4473394.58523324,4752,47686,1409679,-71.9417485,-37.2455915,89,TUCAPEL,1,59401,2021,1409679,REGION BIO BIO,8312,TUCAPEL,INDEPENDENCIA,RUCAMANQUI,0,"INDEPENDENCIA & RUCAMANQUI, TUCAPEL",CHILE,GEOMETRIC_CENTER,80712,2021,1409679,1,2021/12/31 00:00:00+00,1899/12/30 00:00:00+00,8,REGION BIO BIO,8312,TUCAPEL,51,CHOQUE FRONTAL,40,CHOQUE,1,URBANA,16,CRUCE SIN SEÑALIZACION,9,PERDIDA CONTROL VEHICULO,95,PERDIDA CONTROL VEHICULO,0,INDEPENDENCIA,0,RUCAMANQUI,INDEPENDENCIA - RUCAMANQUI,0, , , , ,2,0,1,UNIDIRECCIONAL,2,ASFALTO,1,BUENO,1,SECO,1,DESPEJADO,0,0,0,1,0
-8008799.75792862,-4473000.74701012,4753,47687,1351973,-71.9442723,-37.2427751,89,TUCAPEL,1,19457,2021,1351973,REGION BIO BIO,8312,TUCAPEL,LINARES, ,1217,"LINARES 1217, TUCAPEL",CHILE,RANGE_INTERPOLATED,26779,2021,1351973,1,2021/05/23 00:00:00+00,1899/12/30 00:00:00+00,8,REGION BIO BIO,8312,TUCAPEL,33,COLISION POR ALCANCE,30,COLISION,1,URBANA,1,TRAMO DE VIA RECTA,1,IMPRUDENCIA DEL CONDUCTOR,27,CONDUCCION NO ATENTO CONDICIONES TRANSITO MOMENTO,0,LINARES,0, ,- LINARES,1217, , , , ,1,1,2,BIDIRECCIONAL,1,CONCRETO,1,BUENO,1,SECO,1,DESPEJADO,0,0,0,0,2
-8008575.77198119,-4472715.71151162,4754,47688,1337293,-71.9422602,-37.2407367,89,TUCAPEL,1,9707,2021,1337293,REGION BIO BIO,8312,TUCAPEL,12 DE FEBRERO, ,576,"12 DE FEBRERO 576, TUCAPEL",CHILE,RANGE_INTERPOLATED,13537,2021,1337293,1,2021/03/10 00:00:00+00,1899/12/30 00:00:00+00,8,REGION BIO BIO,8312,TUCAPEL,68,CHOQUE POSTERIOR/LADO,40,CHOQUE,1,URBANA,1,TRAMO DE VIA RECTA,1,IMPRUDENCIA DEL CONDUCTOR,27,CONDUCCION NO ATENTO CONDICIONES TRANSITO MOMENTO,0,12 DE FEBRERO,0, ,- 12 DE FEBRERO,576, , , , ,1,1,2,BIDIRECCIONAL,2,ASFALTO,1,BUENO,2,HUMEDO,1,DESPEJADO,0,0,0,1,1
-8008556.84766776,-4472569.4911806,4755,47689,1378820,-71.9420902,-37.239691,89,TUCAPEL,1,38358,2021,1378820,REGION BIO BIO,8312,TUCAPEL,INDEPENDENCIA,LAUTARO,0,"INDEPENDENCIA & LAUTARO, TUCAPEL",CHILE,GEOMETRIC_CENTER,52681,2021,1378820,1,2021/09/11 00:00:00+00,1899/12/30 00:00:00+00,8,REGION BIO BIO,8312,TUCAPEL,32,COLISION LATERAL,30,COLISION,1,URBANA,15,CRUCE CON SEÑAL CEDA EL PASO,10,DESOBEDIENCIA A SEÑALIZACION,64,SEÑALIZACION DESOBEDECER SEÑAL CEDA EL PASO,0,INDEPENDENCIA,0,LAUTARO,INDEPENDENCIA - LAUTARO,0, , , , ,2,0,1,UNIDIRECCIONAL,1,CONCRETO,1,BUENO,1,SECO,1,DESPEJADO,0,1,0,3,2
-8008195.68271183,-4472502.0937575,4756,47690,1353229,-71.9388458,-37.239209,89,TUCAPEL,1,20592,2021,1353229,REGION BIO BIO,8312,TUCAPEL,ROBERTO GOMEZ,WALKER MARTINEZ,0,"ROBERTO GOMEZ & WALKER MARTINEZ, TUCAPEL",CHILE,GEOMETRIC_CENTER,28382,2021,1353229,1,2021/05/31 00:00:00+00,1899/12/30 00:00:00+00,8,REGION BIO BIO,8312,TUCAPEL,10,ATROPELLO,10,ATROPELLO,1,URBANA,14,CRUCE CON SEÑAL PARE,1,IMPRUDENCIA DEL CONDUCTOR,27,CONDUCCION NO ATENTO CONDICIONES TRANSITO MOMENTO,0,ROBERTO GOMEZ,0,WALKER MARTINEZ,ROBERTO GOMEZ - WALKER MARTINEZ,0, , , , ,1,0,1,UNIDIRECCIONAL,2,ASFALTO,1,BUENO,3,MOJADO,3,LLUVIA,0,1,0,0,1
-8008317.06548459,-4472309.56602388,4757,47691,1387112,-71.9399362,-37.2378321,89,TUCAPEL,1,44215,2021,1387112,REGION BIO BIO,8312,TUCAPEL,DIAGONAL,JUAN ANTONIO RIOS,0,"DIAGONAL & JUAN ANTONIO RIOS, TUCAPEL",CHILE,GEOMETRIC_CENTER,60455,2021,1387112,1,2021/10/13 00:00:00+00,1899/12/30 00:00:00+00,8,REGION BIO BIO,8312,TUCAPEL,52,CHOQUE LATERAL,40,CHOQUE,1,URBANA,1,TRAMO DE VIA RECTA,9,PERDIDA CONTROL VEHICULO,95,PERDIDA CONTROL VEHICULO,0,DIAGONAL,0,JUAN ANTONIO RIOS,DIAGONAL - JUAN ANTONIO RIOS,0, , , , ,2,0,1,UNIDIRECCIONAL,2,ASFALTO,1,BUENO,2,HUMEDO,2,NUBLADO,0,0,0,0,1
-8062386.47837185,-4468415.09163039,4758,52185,1393283,-72.42565,-37.2099746,117,YUMBEL,3,48142,2021,1393283,REGION BIO BIO,8303,CABRERO,CAMINO A LA AGUADA, ,2,"CAMINO A LA AGUADA 2, CABRERO",CHILE,RANGE_INTERPOLATED,65673,2021,1393283,1,2021/11/04 00:00:00+00,1899/12/30 00:00:00+00,8,REGION BIO BIO,8303,CABRERO,70,VOLCADURA,70,VOLCADURA,2,RURAL,1,TRAMO DE VIA RECTA,7,VELOCIDAD IMPRUDENTE,72,VELOCIDAD NO RAZONABLE NI PRUDENTE,0,CAMINO A LA AGUADA,0, , ,2, , , , ,1,1,2,BIDIRECCIONAL,6,TIERRA,3,MALO,0, ,1,DESPEJADO,0,0,1,0,0
-8197553.03085794,-4519786.12085396,4759,56252,1334286,-73.6398718,-37.5766076,66,LEBU,1,7377,2021,1334286,REGION BIO BIO,8201,LEBU,MILLONGUE,CAMINO INTERIOR,0,"MILLONGUE & CAMINO INTERIOR, LEBU",CHILE,GEOMETRIC_CENTER,10371,2021,1334286,1,2021/02/23 00:00:00+00,1899/12/30 00:00:00+00,8,REGION BIO BIO,8201,LEBU,70,VOLCADURA,70,VOLCADURA,2,RURAL,26,OTROS NO CONSIDERADOS,9,PERDIDA CONTROL VEHICULO,95,PERDIDA CONTROL VEHICULO,0,MILLONGUE,0,CAMINO INTERIOR,CAMINO INTERIOR - MILLONGUE,0, , , , ,1,0,1,UNIDIRECCIONAL,6,TIERRA,2,REGULAR,0, ,1,DESPEJADO,0,0,3,0,1
-8197553.03085794,-4519786.12085396,4760,56253,1382559,-73.6398718,-37.5766076,66,LEBU,1,41032,2021,1382559,REGION BIO BIO,8201,LEBU,PLAYA LARGA,CHACABUCO,0,"PLAYA LARGA & CHACABUCO, LEBU",CHILE,GEOMETRIC_CENTER,56300,2021,1382559,1,2021/09/27 00:00:00+00,1899/12/30 00:00:00+00,8,REGION BIO BIO,8201,LEBU,51,CHOQUE FRONTAL,40,CHOQUE,1,URBANA,26,OTROS NO CONSIDERADOS,9,PERDIDA CONTROL VEHICULO,95,PERDIDA CONTROL VEHICULO,0,PLAYA LARGA,0,CHACABUCO,CHACABUCO - PLAYA LARGA,0, , , , ,1,1,2,BIDIRECCIONAL,2,ASFALTO,1,BUENO,1,SECO,1,DESPEJADO,0,2,0,1,0
-8025065.38343706,-4499038.7030484,4761,56308,1333788,-72.0903889,-37.42875,77,LOS ANGELES,1,7026,2021,1333788,REGION BIO BIO,8301,LOS ANGELES,LAS INDUSTRIAS,Q-45,0,"LAS INDUSTRIAS & Q-45, LOS ANGELES",CHILE,GEOMETRIC_CENTER,9848,2021,1333788,1,2021/02/21 00:00:00+00,1899/12/30 00:00:00+00,8,REGION BIO BIO,8301,LOS ANGELES,51,CHOQUE FRONTAL,40,CHOQUE,1,URBANA,1,TRAMO DE VIA RECTA,4,ALCOHOL EN CONDUCTOR,24,CONDUCCION EN ESTADO DE EBRIEDAD,0,LAS INDUSTRIAS,0,Q-45,LAS INDUSTRIAS - Q-45,0, , , , ,1,1,2,BIDIRECCIONAL,2,ASFALTO,1,BUENO,1,SECO,1,DESPEJADO,0,0,0,0,1
-8127682.98510723,-4433298.72402218,4762,56309,1357563,-73.0122185,-36.95832,94,CHIGUAYANTE,1,20854,2021,1357563,REGION BIO BIO,8103,CHIGUAYANTE,MANUEL RODRIGUEZ,12 DE OCTUBRE,0,"MANUEL RODRIGUEZ & 12 DE OCTUBRE, CHIGUAYANTE",CHILE,GEOMETRIC_CENTER,28748,2021,1357563,1,2021/06/01 00:00:00+00,1899/12/30 00:00:00+00,8,REGION BIO BIO,8103,CHIGUAYANTE,63,CHOQUE FRENTE/POSTERIOR,40,CHOQUE,1,URBANA,1,TRAMO DE VIA RECTA,1,IMPRUDENCIA DEL CONDUCTOR,27,CONDUCCION NO ATENTO CONDICIONES TRANSITO MOMENTO,0,MANUEL RODRIGUEZ,0,12 DE OCTUBRE,12 DE OCTUBRE - MANUEL RODRIGUEZ,0, , , , ,2,2,3,BIDIRECCIONAL CON BANDEJON,1,CONCRETO,2,REGULAR,3,MOJADO,3,LLUVIA,0,0,0,0,3
-8131888.69112914,-4418823.85562538,4763,56310,1352877,-73.049999,-36.8543457,94,CHIGUAYANTE,2,20049,2021,1352877,REGION BIO BIO,8101,CONCEPCION,CALETERA PEDRO DE VALDIVIA,PEDRO DE VALDIVIA,0,"CALETERA PEDRO DE VALDIVIA & PEDRO DE VALDIVIA, CONCEPCION",CHILE,GEOMETRIC_CENTER,27604,2021,1352877,1,2021/05/27 00:00:00+00,1899/12/30 00:00:00+00,8,REGION BIO BIO,8101,CONCEPCION,32,COLISION LATERAL,30,COLISION,1,URBANA,11,CRUCE CON SEMAFORO FUNCIONANDO,1,IMPRUDENCIA DEL CONDUCTOR,27,CONDUCCION NO ATENTO CONDICIONES TRANSITO MOMENTO,0,CALETERA PEDRO DE VALDIVIA,0,PEDRO DE VALDIVIA,CALETERA PEDRO DE VALDIVIA - PEDRO DE VALDIVIA,0, , , , ,2,0,1,UNIDIRECCIONAL,1,CONCRETO,1,BUENO,3,MOJADO,2,NUBLADO,0,0,0,0,2
-8135334.27427207,-4412566.1119936,4764,56311,1388267,-73.0809512,-36.8093519,95,CONCEPCION,2,45247,2021,1388267,REGION BIO BIO,8103,CHIGUAYANTE,JORGE ALESSANDRI, ,277,"JORGE ALESSANDRI 277, CHIGUAYANTE",CHILE,RANGE_INTERPOLATED,61860,2021,1388267,1,2021/10/19 00:00:00+00,1899/12/30 00:00:00+00,8,REGION BIO BIO,8103,CHIGUAYANTE,50,CHOQUE,40,CHOQUE,1,URBANA,1,TRAMO DE VIA RECTA,1,IMPRUDENCIA DEL CONDUCTOR,27,CONDUCCION NO ATENTO CONDICIONES TRANSITO MOMENTO,0,JORGE ALESSANDRI,0, ,- JORGE ALESSANDRI,277, , , , ,2,2,2,BIDIRECCIONAL,1,CONCRETO,1,BUENO,1,SECO,1,DESPEJADO,0,0,0,0,2