X,Y,FID,FID_1,LABELID,POINT_X,POINT_Y,FID_2,COMUNAREAL,VAL_COM,OBJECTID,A_O,IDACCIDENT,REGION,COD_COMUN,COMUNA,CALLE_UNO,CALLE_DOS,NUMERO,DIR_GEOCOD,PAIS,TIPO,OBJECTID_1,Año,Idaccide_1,Claseaccid,Fecha,Hora,Cód_Regi,Región,Cód_Comun,Comuna_1,Cód_Tipo_,Tipo_Accid,Cód_Tipo1,Tipo__CONA,Cód_Zona,Zona,Cód_Ubica,Ubicación,Cód_Causa,Causa__CON,Cód_Cau_1,Causa,Cód_Calle,Calle_Un_1,Cód_Cal_1,Calle_Do_1,Intersecci,Número,Ruta,Cód_Ruta,Ubicaci_1,Km_Vía_Fe,Pistas_de_,Pistas_de1,Cód_Calza,Calzada,Cód__Tipo,Tipo_Calza,Cód_Estad,Estado_Cal,Cód_Condi,Condición,Cód_Est_1,Estado_Atm,Fallecidos,Graves,Menos_Grav,Leves,Ilesos
-8133962.92946499,-4411084.45994532,4765,56312,1407318,-73.0686322,-36.7986948,95,CONCEPCION,1,58208,2021,1407318,REGION BIO BIO,8101,CONCEPCION,JORGE ALESSANDRI,LOMAS VERDES,0,"JORGE ALESSANDRI & LOMAS VERDES, CONCEPCION",CHILE,GEOMETRIC_CENTER,79041,2021,1407318,1,2021/12/24 00:00:00+00,1899/12/30 00:00:00+00,8,REGION BIO BIO,8101,CONCEPCION,30,COLISION,30,COLISION,1,URBANA,1,TRAMO DE VIA RECTA,13,CAUSAS NO DETERMINADAS,97,CAUSAS NO DETERMINADAS,0,JORGE ALESSANDRI,0,LOMAS VERDES,JORGE ALESSANDRI - LOMAS VERDES,0, , , , ,3,3,2,BIDIRECCIONAL,1,CONCRETO,1,BUENO,1,SECO,1,DESPEJADO,0,0,0,0,2
-8133844.95306865,-4410872.26208689,4766,56313,1327351,-73.0675724,-36.7971684,95,CONCEPCION,2,2987,2021,1327351,REGION BIO BIO,8110,TALCAHUANO,JORGE ALESSANDRI,AUTOPISTA CONCEPCION TALCAHUANO,0,"JORGE ALESSANDRI & AUTOPISTA CONCEPCION TALCAHUANO, TALCAHUANO",CHILE,GEOMETRIC_CENTER,4102,2021,1327351,1,2021/01/21 00:00:00+00,1899/12/30 00:00:00+00,8,REGION BIO BIO,8110,TALCAHUANO,33,COLISION POR ALCANCE,30,COLISION,1,URBANA,22,ENLACE A DESNIVEL,1,IMPRUDENCIA DEL CONDUCTOR,29,CONDUCCION CAMBIAR SORPRESIVAMENTE PISTA CIRCULACION,0,JORGE ALESSANDRI,0,AUTOPISTA CONCEPCION TALCAHUANO,AUTOPISTA CONCEPCION TALCAHUANO - JORGE ALESSANDRI,0, , , , ,2,2,2,BIDIRECCIONAL,1,CONCRETO,1,BUENO,1,SECO,1,DESPEJADO,1,0,0,0,1
-8133285.7062108,-4410617.93328857,4767,56314,1326331,-73.0625486,-36.7953389,95,CONCEPCION,1,2420,2021,1326331,REGION BIO BIO,8101,CONCEPCION,PAICAVI, ,3280,"PAICAVI 3280, CONCEPCION",CHILE,RANGE_INTERPOLATED,3330,2021,1326331,1,2021/01/17 00:00:00+00,1899/12/30 00:00:00+00,8,REGION BIO BIO,8101,CONCEPCION,50,CHOQUE,40,CHOQUE,1,URBANA,1,TRAMO DE VIA RECTA,1,IMPRUDENCIA DEL CONDUCTOR,83,CARGA ESCURRE A LA CALZADA,0,PAICAVI,0, ,- PAICAVI,3280, , , , ,3,3,3,BIDIRECCIONAL CON BANDEJON,1,CONCRETO,1,BUENO,1,SECO,1,DESPEJADO,0,0,0,0,2
-8133285.7062108,-4410617.93328857,4768,56315,1342972,-73.0625486,-36.7953389,95,CONCEPCION,1,13405,2021,1342972,REGION BIO BIO,8101,CONCEPCION,PAICAVI, ,3280,"PAICAVI 3280, CONCEPCION",CHILE,RANGE_INTERPOLATED,18525,2021,1342972,1,2021/04/09 00:00:00+00,1899/12/30 00:00:00+00,8,REGION BIO BIO,8101,CONCEPCION,30,COLISION,30,COLISION,1,URBANA,26,OTROS NO CONSIDERADOS,13,CAUSAS NO DETERMINADAS,97,CAUSAS NO DETERMINADAS,0,PAICAVI,0, ,- PAICAVI,3280, , , , ,3,3,2,BIDIRECCIONAL,1,CONCRETO,1,BUENO,1,SECO,1,DESPEJADO,0,0,1,0,1
-8133285.7062108,-4410617.93328857,4769,56316,1345501,-73.0625486,-36.7953389,95,CONCEPCION,1,15451,2021,1345501,REGION BIO BIO,8101,CONCEPCION,PAICAVI, ,3280,"PAICAVI 3280, CONCEPCION",CHILE,RANGE_INTERPOLATED,21284,2021,1345501,1,2021/04/26 00:00:00+00,1899/12/30 00:00:00+00,8,REGION BIO BIO,8101,CONCEPCION,30,COLISION,30,COLISION,1,URBANA,1,TRAMO DE VIA RECTA,1,IMPRUDENCIA DEL CONDUCTOR,27,CONDUCCION NO ATENTO CONDICIONES TRANSITO MOMENTO,0,PAICAVI,0, ,- PAICAVI,3280, , , , ,3,3,2,BIDIRECCIONAL,1,CONCRETO,1,BUENO,1,SECO,1,DESPEJADO,0,0,0,0,3
-8133285.7062108,-4410617.93328857,4770,56317,1390568,-73.0625486,-36.7953389,95,CONCEPCION,1,46321,2021,1390568,REGION BIO BIO,8101,CONCEPCION,PAICAVI, ,3280,"PAICAVI 3280, CONCEPCION",CHILE,RANGE_INTERPOLATED,63279,2021,1390568,1,2021/10/25 00:00:00+00,1899/12/30 00:00:00+00,8,REGION BIO BIO,8101,CONCEPCION,63,CHOQUE FRENTE/POSTERIOR,40,CHOQUE,1,URBANA,1,TRAMO DE VIA RECTA,1,IMPRUDENCIA DEL CONDUCTOR,27,CONDUCCION NO ATENTO CONDICIONES TRANSITO MOMENTO,0,PAICAVI,0, ,- PAICAVI,3280, , , , ,2,2,3,BIDIRECCIONAL CON BANDEJON,1,CONCRETO,1,BUENO,1,SECO,1,DESPEJADO,0,0,0,0,2
-8133288.40014248,-4410616.83507955,4771,56318,1393319,-73.0625728,-36.795331,95,CONCEPCION,1,47752,2021,1393319,REGION BIO BIO,8101,CONCEPCION,PAICAVI,DUOC UC,0,"PAICAVI & DUOC UC, CONCEPCION",CHILE,GEOMETRIC_CENTER,65169,2021,1393319,1,2021/11/02 00:00:00+00,1899/12/30 00:00:00+00,8,REGION BIO BIO,8101,CONCEPCION,30,COLISION,30,COLISION,1,URBANA,1,TRAMO DE VIA RECTA,13,CAUSAS NO DETERMINADAS,97,CAUSAS NO DETERMINADAS,0,PAICAVI,0,DUOC UC,DUOC UC - PAICAVI,0, , , , ,3,3,2,BIDIRECCIONAL,1,CONCRETO,1,BUENO,1,SECO,1,DESPEJADO,0,0,0,0,2
-8132924.74162996,-4410076.91919351,4772,56319,1402665,-73.059306,-36.791447,95,CONCEPCION,1,51188,2021,1402665,REGION BIO BIO,8101,CONCEPCION,SAN ANDRES, ,245,"SAN ANDRES 245, CONCEPCION",CHILE,RANGE_INTERPOLATED,69656,2021,1402665,1,2021/11/19 00:00:00+00,1899/12/30 00:00:00+00,8,REGION BIO BIO,8101,CONCEPCION,30,COLISION,30,COLISION,1,URBANA,1,TRAMO DE VIA RECTA,14,OTRAS CAUSAS,98,OTRAS CAUSAS,0,SAN ANDRES,0, ,- SAN ANDRES,245, , , , ,2,2,2,BIDIRECCIONAL,1,CONCRETO,1,BUENO,1,SECO,1,DESPEJADO,0,0,0,0,2
-8132731.29061886,-4409738.37364583,4773,56320,1344010,-73.0575682,-36.7890115,95,CONCEPCION,1,14127,2021,1344010,REGION BIO BIO,8101,CONCEPCION,RAMON CARRASCO, ,375,"RAMON CARRASCO 375, CONCEPCION",CHILE,RANGE_INTERPOLATED,19502,2021,1344010,1,2021/04/15 00:00:00+00,1899/12/30 00:00:00+00,8,REGION BIO BIO,8101,CONCEPCION,30,COLISION,30,COLISION,1,URBANA,1,TRAMO DE VIA RECTA,13,CAUSAS NO DETERMINADAS,97,CAUSAS NO DETERMINADAS,0,RAMON CARRASCO,0, ,- RAMON CARRASCO,375, , , , ,2,2,2,BIDIRECCIONAL,1,CONCRETO,1,BUENO,1,SECO,1,DESPEJADO,0,0,0,0,2
-8132589.3360042,-4409691.47436404,4774,56321,1356187,-73.056293,-36.7886741,95,CONCEPCION,1,22152,2021,1356187,REGION BIO BIO,8101,CONCEPCION,RAMON CARRASCO, ,455,"RAMON CARRASCO 455, CONCEPCION",CHILE,RANGE_INTERPOLATED,30531,2021,1356187,1,2021/06/09 00:00:00+00,1899/12/30 00:00:00+00,8,REGION BIO BIO,8101,CONCEPCION,32,COLISION LATERAL,30,COLISION,1,URBANA,14,CRUCE CON SEÑAL PARE,10,DESOBEDIENCIA A SEÑALIZACION,65,SEÑALIZACION DESOBEDECER SEÑAL PARE,0,RAMON CARRASCO,0, ,- RAMON CARRASCO,455, , , , ,1,1,2,BIDIRECCIONAL,1,CONCRETO,1,BUENO,1,SECO,1,DESPEJADO,0,0,0,0,2
-8128834.76335067,-4409403.39720637,4775,56322,1392757,-73.0225651,-36.7866016,95,CONCEPCION,1,47419,2021,1392757,REGION BIO BIO,8101,CONCEPCION,LOS CARRERA,VILUMANQUI,0,"LOS CARRERA & VILUMANQUI, CONCEPCION",CHILE,GEOMETRIC_CENTER,64684,2021,1392757,1,2021/10/30 00:00:00+00,1899/12/30 00:00:00+00,8,REGION BIO BIO,8101,CONCEPCION,30,COLISION,30,COLISION,1,URBANA,11,CRUCE CON SEMAFORO FUNCIONANDO,4,ALCOHOL EN CONDUCTOR,24,CONDUCCION EN ESTADO DE EBRIEDAD,0,LOS CARRERA,0,VILUMANQUI,LOS CARRERA - VILUMANQUI,0, , , , ,1,0,1,UNIDIRECCIONAL,2,ASFALTO,1,BUENO,1,SECO,1,DESPEJADO,0,0,0,0,2
-8129768.72274648,-4409221.38093952,4776,56323,1364401,-73.030955,-36.7852921,95,CONCEPCION,1,28671,2021,1364401,REGION BIO BIO,8101,CONCEPCION,BELLAVISTA,CAMPOS DEPORTIVOS,0,"BELLAVISTA & CAMPOS DEPORTIVOS, CONCEPCION",CHILE,GEOMETRIC_CENTER,39616,2021,1364401,1,2021/07/19 00:00:00+00,1899/12/30 00:00:00+00,8,REGION BIO BIO,8101,CONCEPCION,50,CHOQUE,40,CHOQUE,1,URBANA,1,TRAMO DE VIA RECTA,9,PERDIDA CONTROL VEHICULO,95,PERDIDA CONTROL VEHICULO,0,BELLAVISTA,0,CAMPOS DEPORTIVOS,BELLAVISTA - CAMPOS DEPORTIVOS,0, , , , ,2,2,2,BIDIRECCIONAL,1,CONCRETO,1,BUENO,1,SECO,1,DESPEJADO,0,0,0,0,1
-8132459.20351946,-4408989.87241792,4777,56324,1345077,-73.055124,-36.7836265,95,CONCEPCION,1,15291,2021,1345077,REGION BIO BIO,8101,CONCEPCION,RAMON CARRASCO, ,239,"RAMON CARRASCO 239, CONCEPCION",CHILE,RANGE_INTERPOLATED,21073,2021,1345077,1,2021/04/24 00:00:00+00,1899/12/30 00:00:00+00,8,REGION BIO BIO,8101,CONCEPCION,30,COLISION,30,COLISION,1,URBANA,1,TRAMO DE VIA RECTA,9,PERDIDA CONTROL VEHICULO,95,PERDIDA CONTROL VEHICULO,0,RAMON CARRASCO,0, ,- RAMON CARRASCO,239, , , , ,1,1,2,BIDIRECCIONAL,1,CONCRETO,1,BUENO,1,SECO,1,DESPEJADO,0,0,0,0,2
-8143754.56961127,-4452630.37794697,4778,56325,1368459,-73.156592,-37.0969599,99,LOTA,1,30885,2021,1368459,REGION BIO BIO,8106,LOTA,SOTOMAYOR,MATTA,0,"SOTOMAYOR & MATTA, LOTA",CHILE,GEOMETRIC_CENTER,42712,2021,1368459,1,2021/08/01 00:00:00+00,1899/12/30 00:00:00+00,8,REGION BIO BIO,8106,LOTA,32,COLISION LATERAL,30,COLISION,1,URBANA,15,CRUCE CON SEÑAL CEDA EL PASO,10,DESOBEDIENCIA A SEÑALIZACION,64,SEÑALIZACION DESOBEDECER SEÑAL CEDA EL PASO,0,SOTOMAYOR,0,MATTA,MATTA - SOTOMAYOR,0, , , , ,1,1,2,BIDIRECCIONAL,1,CONCRETO,1,BUENO,1,SECO,1,DESPEJADO,0,0,1,0,1
-8142709.05695374,-4448885.66710023,4779,56326,1373510,-73.1472,-37.0701239,99,LOTA,1,34023,2021,1373510,REGION BIO BIO,8106,LOTA,PLAYA BLANCA,COSTANERA,0,"PLAYA BLANCA & COSTANERA, LOTA",CHILE,GEOMETRIC_CENTER,46908,2021,1373510,1,2021/08/18 00:00:00+00,1899/12/30 00:00:00+00,8,REGION BIO BIO,8106,LOTA,69,CHOQUE POSTERIOR/POSTERIOR,40,CHOQUE,1,URBANA,26,OTROS NO CONSIDERADOS,1,IMPRUDENCIA DEL CONDUCTOR,27,CONDUCCION NO ATENTO CONDICIONES TRANSITO MOMENTO,0,PLAYA BLANCA,0,COSTANERA,COSTANERA - PLAYA BLANCA,0, , , , ,1,2,2,BIDIRECCIONAL,1,CONCRETO,1,BUENO,2,HUMEDO,2,NUBLADO,0,0,0,0,2
-8142709.05695374,-4448885.66710023,4780,56327,1394546,-73.1472,-37.0701239,99,LOTA,1,48572,2021,1394546,REGION BIO BIO,8106,LOTA,PLAYA BLANCA,VISTA HERMOSA,0,"PLAYA BLANCA & VISTA HERMOSA, LOTA",CHILE,GEOMETRIC_CENTER,66222,2021,1394546,1,2021/11/06 00:00:00+00,1899/12/30 00:00:00+00,8,REGION BIO BIO,8106,LOTA,32,COLISION LATERAL,30,COLISION,1,URBANA,15,CRUCE CON SEÑAL CEDA EL PASO,10,DESOBEDIENCIA A SEÑALIZACION,64,SEÑALIZACION DESOBEDECER SEÑAL CEDA EL PASO,0,PLAYA BLANCA,0,VISTA HERMOSA,PLAYA BLANCA - VISTA HERMOSA,0, , , , ,1,1,2,BIDIRECCIONAL,1,CONCRETO,1,BUENO,1,SECO,1,DESPEJADO,0,0,0,0,2
-8142735.97400661,-4425854.15786541,4781,56328,1354764,-73.1474418,-36.9048627,100,SAN PEDRO DE LA PAZ,1,20961,2021,1354764,REGION BIO BIO,8108,SAN PEDRO DE LA PAZ,CHOLGUAN, ,323,"CHOLGUAN 323, SAN PEDRO DE LA PAZ",CHILE,RANGE_INTERPOLATED,28904,2021,1354764,1,2021/06/02 00:00:00+00,1899/12/30 00:00:00+00,8,REGION BIO BIO,8108,SAN PEDRO DE LA PAZ,33,COLISION POR ALCANCE,30,COLISION,1,URBANA,1,TRAMO DE VIA RECTA,1,IMPRUDENCIA DEL CONDUCTOR,27,CONDUCCION NO ATENTO CONDICIONES TRANSITO MOMENTO,0,CHOLGUAN,0, ,- CHOLGUAN,323, , , , ,1,1,2,BIDIRECCIONAL,1,CONCRETO,1,BUENO,1,SECO,1,DESPEJADO,0,0,0,0,2
-8096073.13664758,-4433601.6178312,4782,56329,1388049,-72.7282624,-36.9604942,117,YUMBEL,1,44708,2021,1388049,REGION BIO BIO,8313,YUMBEL,CAMINO VECINAL HUINANCO, ,2,"CAMINO VECINAL HUINANCO 2, YUMBEL",CHILE,RANGE_INTERPOLATED,61106,2021,1388049,1,2021/10/16 00:00:00+00,1899/12/30 00:00:00+00,8,REGION BIO BIO,8313,YUMBEL,30,COLISION,30,COLISION,2,RURAL,1,TRAMO DE VIA RECTA,1,IMPRUDENCIA DEL CONDUCTOR,27,CONDUCCION NO ATENTO CONDICIONES TRANSITO MOMENTO,0,CAMINO VECINAL HUINANCO,0, , ,2, , , , ,1,1,2,BIDIRECCIONAL,5,RIPIO,2,REGULAR,0, ,1,DESPEJADO,0,0,0,0,2
-8134331.17434054,-4411362.43386047,4783,56330,1342747,-73.0719402,-36.8006943,175,HUALPEN,1,13262,2021,1342747,REGION BIO BIO,8112,HUALPEN,JORGE ALESSANDRI,COSTANERA,0,"JORGE ALESSANDRI & COSTANERA, HUALPEN",CHILE,GEOMETRIC_CENTER,18330,2021,1342747,1,2021/04/08 00:00:00+00,1899/12/30 00:00:00+00,8,REGION BIO BIO,8112,HUALPEN,50,CHOQUE,40,CHOQUE,1,URBANA,22,ENLACE A DESNIVEL,9,PERDIDA CONTROL VEHICULO,95,PERDIDA CONTROL VEHICULO,0,JORGE ALESSANDRI,0,COSTANERA,COSTANERA - JORGE ALESSANDRI,0, , , , ,2,2,3,BIDIRECCIONAL CON BANDEJON,1,CONCRETO,1,BUENO,1,SECO,1,DESPEJADO,0,0,0,1,0
-8134331.17434054,-4411362.43386047,4784,56331,1384243,-73.0719402,-36.8006943,175,HUALPEN,1,42062,2021,1384243,REGION BIO BIO,8112,HUALPEN,JORGE ALESSANDRI,VASCO NU??ªEZ DE BALBOA,0,"JORGE ALESSANDRI & VASCO NU??ªEZ DE BALBOA, HUALPEN",CHILE,GEOMETRIC_CENTER,57610,2021,1384243,1,2021/10/02 00:00:00+00,1899/12/30 00:00:00+00,8,REGION BIO BIO,8112,HUALPEN,30,COLISION,30,COLISION,1,URBANA,15,CRUCE CON SEÑAL CEDA EL PASO,1,IMPRUDENCIA DEL CONDUCTOR,28,CONDUCCION SIN MANTENER DISTANCIA RAZONABLE NI PRUDENTE,0,JORGE ALESSANDRI,0,VASCO NUÑEZ DE BALBOA,JORGE ALESSANDRI - VASCO NUÑEZ DE BALBOA,0, , , , ,1,1,2,BIDIRECCIONAL,1,CONCRETO,1,BUENO,1,SECO,1,DESPEJADO,0,0,0,0,2
-8134240.51574724,-4411309.11847107,4785,56332,1340119,-73.0711258,-36.8003108,175,HUALPEN,1,11742,2021,1340119,REGION BIO BIO,8112,HUALPEN,JORGE ALESSANDRI, ,2047,"JORGE ALESSANDRI 2047, HUALPEN",CHILE,RANGE_INTERPOLATED,16260,2021,1340119,1,2021/03/25 00:00:00+00,1899/12/30 00:00:00+00,8,REGION BIO BIO,8112,HUALPEN,70,VOLCADURA,70,VOLCADURA,1,URBANA,1,TRAMO DE VIA RECTA,9,PERDIDA CONTROL VEHICULO,95,PERDIDA CONTROL VEHICULO,0,JORGE ALESSANDRI,0, ,- JORGE ALESSANDRI,2047, , , , ,1,1,2,BIDIRECCIONAL,1,CONCRETO,1,BUENO,1,SECO,1,DESPEJADO,0,0,0,1,0
-8134240.51574724,-4411309.11847107,4786,56333,1346905,-73.0711258,-36.8003108,175,HUALPEN,1,16376,2021,1346905,REGION BIO BIO,8112,HUALPEN,JORGE ALESSANDRI, ,2047,"JORGE ALESSANDRI 2047, HUALPEN",CHILE,RANGE_INTERPOLATED,22601,2021,1346905,1,2021/05/03 00:00:00+00,1899/12/30 00:00:00+00,8,REGION BIO BIO,8112,HUALPEN,62,CHOQUE FRENTE/LADO,40,CHOQUE,1,URBANA,11,CRUCE CON SEMAFORO FUNCIONANDO,13,CAUSAS NO DETERMINADAS,97,CAUSAS NO DETERMINADAS,0,JORGE ALESSANDRI,0, ,- JORGE ALESSANDRI,2047, , , , ,1,1,2,BIDIRECCIONAL,1,CONCRETO,1,BUENO,2,HUMEDO,1,DESPEJADO,0,0,0,0,2
-8134240.51574724,-4411309.11847107,4787,56334,1369579,-73.0711258,-36.8003108,175,HUALPEN,1,31799,2021,1369579,REGION BIO BIO,8112,HUALPEN,JORGE ALESSANDRI, ,2047,"JORGE ALESSANDRI 2047, HUALPEN",CHILE,RANGE_INTERPOLATED,43877,2021,1369579,1,2021/08/06 00:00:00+00,1899/12/30 00:00:00+00,8,REGION BIO BIO,8112,HUALPEN,30,COLISION,30,COLISION,1,URBANA,1,TRAMO DE VIA RECTA,1,IMPRUDENCIA DEL CONDUCTOR,27,CONDUCCION NO ATENTO CONDICIONES TRANSITO MOMENTO,0,JORGE ALESSANDRI,0, ,- JORGE ALESSANDRI,2047, , , , ,1,1,2,BIDIRECCIONAL,1,CONCRETO,1,BUENO,1,SECO,1,DESPEJADO,0,0,0,0,3
-8134240.51574724,-4411309.11847107,4788,56335,1372969,-73.0711258,-36.8003108,175,HUALPEN,1,34593,2021,1372969,REGION BIO BIO,8112,HUALPEN,JORGE ALESSANDRI, ,2047,"JORGE ALESSANDRI 2047, HUALPEN",CHILE,RANGE_INTERPOLATED,47690,2021,1372969,1,2021/08/21 00:00:00+00,1899/12/30 00:00:00+00,8,REGION BIO BIO,8112,HUALPEN,30,COLISION,30,COLISION,1,URBANA,1,TRAMO DE VIA RECTA,1,IMPRUDENCIA DEL CONDUCTOR,27,CONDUCCION NO ATENTO CONDICIONES TRANSITO MOMENTO,0,JORGE ALESSANDRI,0, ,- JORGE ALESSANDRI,2047, , , , ,1,1,2,BIDIRECCIONAL,1,CONCRETO,1,BUENO,3,MOJADO,2,NUBLADO,0,0,0,2,1
-8134240.51574724,-4411309.11847107,4789,56336,1381134,-73.0711258,-36.8003108,175,HUALPEN,1,40065,2021,1381134,REGION BIO BIO,8112,HUALPEN,JORGE ALESSANDRI, ,2047,"JORGE ALESSANDRI 2047, HUALPEN",CHILE,RANGE_INTERPOLATED,55033,2021,1381134,1,2021/09/21 00:00:00+00,1899/12/30 00:00:00+00,8,REGION BIO BIO,8112,HUALPEN,63,CHOQUE FRENTE/POSTERIOR,40,CHOQUE,1,URBANA,15,CRUCE CON SEÑAL CEDA EL PASO,1,IMPRUDENCIA DEL CONDUCTOR,27,CONDUCCION NO ATENTO CONDICIONES TRANSITO MOMENTO,0,JORGE ALESSANDRI,0, ,- JORGE ALESSANDRI,2047, , , , ,1,1,2,BIDIRECCIONAL,1,CONCRETO,1,BUENO,1,SECO,1,DESPEJADO,0,0,0,1,1
-8134240.51574724,-4411309.11847107,4790,56337,1381088,-73.0711258,-36.8003108,175,HUALPEN,2,40069,2021,1381088,REGION BIO BIO,8101,CONCEPCION,JORGE ALESSANDRI, ,2047,"JORGE ALESSANDRI 2047, CONCEPCION",CHILE,RANGE_INTERPOLATED,55037,2021,1381088,1,2021/09/21 00:00:00+00,1899/12/30 00:00:00+00,8,REGION BIO BIO,8101,CONCEPCION,50,CHOQUE,40,CHOQUE,1,URBANA,1,TRAMO DE VIA RECTA,13,CAUSAS NO DETERMINADAS,97,CAUSAS NO DETERMINADAS,0,JORGE ALESSANDRI,0, ,- JORGE ALESSANDRI,2047, , , , ,3,3,2,BIDIRECCIONAL,1,CONCRETO,1,BUENO,1,SECO,1,DESPEJADO,0,0,0,0,2
-8134240.51574724,-4411309.11847107,4791,56338,1387339,-73.0711258,-36.8003108,175,HUALPEN,1,44525,2021,1387339,REGION BIO BIO,8112,HUALPEN,JORGE ALESSANDRI, ,2047,"JORGE ALESSANDRI 2047, HUALPEN",CHILE,RANGE_INTERPOLATED,60860,2021,1387339,1,2021/10/15 00:00:00+00,1899/12/30 00:00:00+00,8,REGION BIO BIO,8112,HUALPEN,30,COLISION,30,COLISION,1,URBANA,1,TRAMO DE VIA RECTA,1,IMPRUDENCIA DEL CONDUCTOR,32,NO RESPETAR DERECHO PREFERENTE DE PASO A VEHICULO,0,JORGE ALESSANDRI,0, ,- JORGE ALESSANDRI,2047, , , , ,1,1,2,BIDIRECCIONAL,1,CONCRETO,1,BUENO,1,SECO,1,DESPEJADO,0,0,0,1,1
-8134433.00941071,-4411233.42080836,4792,56339,1403721,-73.072855,-36.7997663,175,HUALPEN,1,55918,2021,1403721,REGION BIO BIO,8112,HUALPEN,MARCO POLO, ,9038,"MARCO POLO 9038, HUALPEN",CHILE,RANGE_INTERPOLATED,76020,2021,1403721,1,2021/12/13 00:00:00+00,1899/12/30 00:00:00+00,8,REGION BIO BIO,8112,HUALPEN,50,CHOQUE,40,CHOQUE,1,URBANA,1,TRAMO DE VIA RECTA,1,IMPRUDENCIA DEL CONDUCTOR,27,CONDUCCION NO ATENTO CONDICIONES TRANSITO MOMENTO,0,MARCO POLO,0, ,- MARCO POLO,9038, , , , ,1,1,2,BIDIRECCIONAL,1,CONCRETO,1,BUENO,1,SECO,1,DESPEJADO,0,2,0,0,0
-8134052.89787745,-4410730.04851468,4793,56340,1341012,-73.0694404,-36.7961454,175,HUALPEN,1,12392,2021,1341012,REGION BIO BIO,8112,HUALPEN,JORGE ALESSANDRI,AUTOPISTA CONCEPCION TALCAHUANO,0,"JORGE ALESSANDRI & AUTOPISTA CONCEPCION TALCAHUANO, HUALPEN",CHILE,GEOMETRIC_CENTER,17141,2021,1341012,1,2021/03/31 00:00:00+00,1899/12/30 00:00:00+00,8,REGION BIO BIO,8112,HUALPEN,30,COLISION,30,COLISION,1,URBANA,26,OTROS NO CONSIDERADOS,13,CAUSAS NO DETERMINADAS,97,CAUSAS NO DETERMINADAS,0,JORGE ALESSANDRI,0,AUTOPISTA CONCEPCION TALCAHUANO,AUTOPISTA CONCEPCION TALCAHUANO - JORGE ALESSANDRI,0, , , , ,3,3,2,BIDIRECCIONAL,1,CONCRETO,1,BUENO,1,SECO,1,DESPEJADO,0,0,0,0,1
-8134052.89787745,-4410730.04851468,4794,56341,1371616,-73.0694404,-36.7961454,175,HUALPEN,1,33524,2021,1371616,REGION BIO BIO,8112,HUALPEN,JORGE ALESSANDRI,AUTOPISTA CONCEPCION TALCAHUANO,0,"JORGE ALESSANDRI & AUTOPISTA CONCEPCION TALCAHUANO, HUALPEN",CHILE,GEOMETRIC_CENTER,46229,2021,1371616,1,2021/08/15 00:00:00+00,1899/12/30 00:00:00+00,8,REGION BIO BIO,8112,HUALPEN,70,VOLCADURA,70,VOLCADURA,1,URBANA,21,ENLACE A NIVEL,12,FALLAS MECANICAS,5,FALLAS MECANICAS NEUMATICOS,0,JORGE ALESSANDRI,0,AUTOPISTA CONCEPCION TALCAHUANO,AUTOPISTA CONCEPCION TALCAHUANO - JORGE ALESSANDRI,0, , , , ,2,2,3,BIDIRECCIONAL CON BANDEJON,1,CONCRETO,1,BUENO,3,MOJADO,3,LLUVIA,0,0,0,0,1
-8134010.27364443,-4410578.73146696,4795,56342,1332911,-73.0690575,-36.7950569,175,HUALPEN,1,6906,2021,1332911,REGION BIO BIO,8112,HUALPEN,JORGE ALESSANDRI, ,9000,"JORGE ALESSANDRI 9000, HUALPEN",CHILE,RANGE_INTERPOLATED,9676,2021,1332911,1,2021/02/20 00:00:00+00,1899/12/30 00:00:00+00,8,REGION BIO BIO,8112,HUALPEN,30,COLISION,30,COLISION,1,URBANA,1,TRAMO DE VIA RECTA,1,IMPRUDENCIA DEL CONDUCTOR,29,CONDUCCION CAMBIAR SORPRESIVAMENTE PISTA CIRCULACION,0,JORGE ALESSANDRI,0, ,- JORGE ALESSANDRI,9000, , , , ,2,0,1,UNIDIRECCIONAL,1,CONCRETO,1,BUENO,1,SECO,1,DESPEJADO,0,0,0,1,1
-8134010.27364443,-4410578.73146696,4796,56343,1332930,-73.0690575,-36.7950569,175,HUALPEN,1,7086,2021,1332930,REGION BIO BIO,8112,HUALPEN,JORGE ALESSANDRI, ,9000,"JORGE ALESSANDRI 9000, HUALPEN",CHILE,RANGE_INTERPOLATED,9936,2021,1332930,1,2021/02/21 00:00:00+00,1899/12/30 00:00:00+00,8,REGION BIO BIO,8112,HUALPEN,50,CHOQUE,40,CHOQUE,1,URBANA,1,TRAMO DE VIA RECTA,14,OTRAS CAUSAS,98,OTRAS CAUSAS,0,JORGE ALESSANDRI,0, ,- JORGE ALESSANDRI,9000, , , , ,1,1,3,BIDIRECCIONAL CON BANDEJON,1,CONCRETO,1,BUENO,1,SECO,1,DESPEJADO,0,0,0,0,1