X,Y,FID,FID_1,LABELID,POINT_X,POINT_Y,FID_2,COMUNAREAL,VAL_COM,OBJECTID,A_O,IDACCIDENT,REGION,COD_COMUN,COMUNA,CALLE_UNO,CALLE_DOS,NUMERO,DIR_GEOCOD,PAIS,TIPO,OBJECTID_1,Año,Idaccide_1,Claseaccid,Fecha,Hora,Cód_Regi,Región,Cód_Comun,Comuna_1,Cód_Tipo_,Tipo_Accid,Cód_Tipo1,Tipo__CONA,Cód_Zona,Zona,Cód_Ubica,Ubicación,Cód_Causa,Causa__CON,Cód_Cau_1,Causa,Cód_Calle,Calle_Un_1,Cód_Cal_1,Calle_Do_1,Intersecci,Número,Ruta,Cód_Ruta,Ubicaci_1,Km_Vía_Fe,Pistas_de_,Pistas_de1,Cód_Calza,Calzada,Cód__Tipo,Tipo_Calza,Cód_Estad,Estado_Cal,Cód_Condi,Condición,Cód_Est_1,Estado_Atm,Fallecidos,Graves,Menos_Grav,Leves,Ilesos
-8134010.27364443,-4410578.73146696,4797,56344,1355875,-73.0690575,-36.7950569,175,HUALPEN,1,22594,2021,1355875,REGION BIO BIO,8112,HUALPEN,JORGE ALESSANDRI, ,9000,"JORGE ALESSANDRI 9000, HUALPEN",CHILE,RANGE_INTERPOLATED,31117,2021,1355875,1,2021/06/11 00:00:00+00,1899/12/30 00:00:00+00,8,REGION BIO BIO,8112,HUALPEN,30,COLISION,30,COLISION,1,URBANA,26,OTROS NO CONSIDERADOS,1,IMPRUDENCIA DEL CONDUCTOR,27,CONDUCCION NO ATENTO CONDICIONES TRANSITO MOMENTO,0,JORGE ALESSANDRI,0, ,- JORGE ALESSANDRI,9000, , , , ,1,1,2,BIDIRECCIONAL,1,CONCRETO,1,BUENO,1,SECO,1,DESPEJADO,0,0,0,0,1
-8134010.27364443,-4410578.73146696,4798,56345,1358302,-73.0690575,-36.7950569,175,HUALPEN,1,24197,2021,1358302,REGION BIO BIO,8112,HUALPEN,JORGE ALESSANDRI, ,9000,"JORGE ALESSANDRI 9000, HUALPEN",CHILE,RANGE_INTERPOLATED,33350,2021,1358302,1,2021/06/22 00:00:00+00,1899/12/30 00:00:00+00,8,REGION BIO BIO,8112,HUALPEN,50,CHOQUE,40,CHOQUE,1,URBANA,1,TRAMO DE VIA RECTA,1,IMPRUDENCIA DEL CONDUCTOR,11,ADELANTAMIENTO SIN EL ESPACIO O TIEMPO SUFICIENTE,0,JORGE ALESSANDRI,0, ,- JORGE ALESSANDRI,9000, , , , ,1,1,2,BIDIRECCIONAL,1,CONCRETO,1,BUENO,3,MOJADO,3,LLUVIA,0,0,0,0,1
-8134010.27364443,-4410578.73146696,4799,56346,1393101,-73.0690575,-36.7950569,175,HUALPEN,1,48172,2021,1393101,REGION BIO BIO,8112,HUALPEN,JORGE ALESSANDRI, ,9000,"JORGE ALESSANDRI 9000, HUALPEN",CHILE,RANGE_INTERPOLATED,65713,2021,1393101,1,2021/11/04 00:00:00+00,1899/12/30 00:00:00+00,8,REGION BIO BIO,8112,HUALPEN,30,COLISION,30,COLISION,1,URBANA,1,TRAMO DE VIA RECTA,1,IMPRUDENCIA DEL CONDUCTOR,27,CONDUCCION NO ATENTO CONDICIONES TRANSITO MOMENTO,0,JORGE ALESSANDRI,0, ,- JORGE ALESSANDRI,9000, , , , ,2,2,2,BIDIRECCIONAL,1,CONCRETO,1,BUENO,1,SECO,1,DESPEJADO,0,0,0,1,1
-8134010.27364443,-4410578.73146696,4800,56347,1401090,-73.0690575,-36.7950569,175,HUALPEN,1,54140,2021,1401090,REGION BIO BIO,8112,HUALPEN,JORGE ALESSANDRI, ,9000,"JORGE ALESSANDRI 9000, HUALPEN",CHILE,RANGE_INTERPOLATED,73564,2021,1401090,1,2021/12/04 00:00:00+00,1899/12/30 00:00:00+00,8,REGION BIO BIO,8112,HUALPEN,50,CHOQUE,40,CHOQUE,1,URBANA,1,TRAMO DE VIA RECTA,1,IMPRUDENCIA DEL CONDUCTOR,27,CONDUCCION NO ATENTO CONDICIONES TRANSITO MOMENTO,0,JORGE ALESSANDRI,0, ,- JORGE ALESSANDRI,9000, , , , ,1,1,2,BIDIRECCIONAL,1,CONCRETO,1,BUENO,1,SECO,1,DESPEJADO,0,0,0,0,2
-8134201.17543919,-4410038.56730148,4801,56348,1354723,-73.0707724,-36.7911711,175,HUALPEN,1,21577,2021,1354723,REGION BIO BIO,8112,HUALPEN,AUTOPISTA CONCEPCION TALCAHUANO, ,8360,"AUTOPISTA CONCEPCION TALCAHUANO 8360, HUALPEN",CHILE,RANGE_INTERPOLATED,29744,2021,1354723,1,2021/06/05 00:00:00+00,1899/12/30 00:00:00+00,8,REGION BIO BIO,8112,HUALPEN,30,COLISION,30,COLISION,1,URBANA,1,TRAMO DE VIA RECTA,1,IMPRUDENCIA DEL CONDUCTOR,12,ADELANTAMIENTO SIN EFECTUAR LA SEÑAL RESPECTIVA,0,AUTOPISTA CONCEPCION TALCAHUANO,0, ,- AUTOPISTA CONCEPCION TALCAHUANO,8360, , , , ,2,2,3,BIDIRECCIONAL CON BANDEJON,1,CONCRETO,1,BUENO,1,SECO,1,DESPEJADO,0,0,0,1,1
-8136683.84498676,-4408674.37788134,4802,56349,1342258,-73.0930746,-36.7813566,175,HUALPEN,1,13161,2021,1342258,REGION BIO BIO,8112,HUALPEN,LAS GOLONDRINAS, ,519,"LAS GOLONDRINAS 519, HUALPEN",CHILE,RANGE_INTERPOLATED,18175,2021,1342258,1,2021/04/07 00:00:00+00,1899/12/30 00:00:00+00,8,REGION BIO BIO,8112,HUALPEN,30,COLISION,30,COLISION,1,URBANA,1,TRAMO DE VIA RECTA,1,IMPRUDENCIA DEL CONDUCTOR,27,CONDUCCION NO ATENTO CONDICIONES TRANSITO MOMENTO,0,LAS GOLONDRINAS,0, ,- LAS GOLONDRINAS,519, , , , ,2,2,3,BIDIRECCIONAL CON BANDEJON,1,CONCRETO,1,BUENO,1,SECO,1,DESPEJADO,0,0,0,1,1
-8137050.24195876,-4408632.87601341,4803,56350,1339175,-73.096366,-36.781058,175,HUALPEN,1,11284,2021,1339175,REGION BIO BIO,8112,HUALPEN,SUECIA,MILAN,0,"SUECIA & MILAN, HUALPEN",CHILE,GEOMETRIC_CENTER,15645,2021,1339175,1,2021/03/21 00:00:00+00,1899/12/30 00:00:00+00,8,REGION BIO BIO,8112,HUALPEN,50,CHOQUE,40,CHOQUE,1,URBANA,16,CRUCE SIN SEÑALIZACION,1,IMPRUDENCIA DEL CONDUCTOR,11,ADELANTAMIENTO SIN EL ESPACIO O TIEMPO SUFICIENTE,0,SUECIA,0,MILAN,MILAN - SUECIA,0, , , , ,1,1,2,BIDIRECCIONAL,1,CONCRETO,1,BUENO,1,SECO,1,DESPEJADO,0,0,0,0,2
-8137021.9222803,-4408547.12082401,4804,56351,1324681,-73.0961116,-36.780441,175,HUALPEN,1,954,2021,1324681,REGION BIO BIO,8112,HUALPEN,LAS GOLONDRINAS,SUECIA,0,"LAS GOLONDRINAS & SUECIA, HUALPEN",CHILE,GEOMETRIC_CENTER,1306,2021,1324681,1,2021/01/07 00:00:00+00,1899/12/30 00:00:00+00,8,REGION BIO BIO,8112,HUALPEN,30,COLISION,30,COLISION,1,URBANA,1,TRAMO DE VIA RECTA,13,CAUSAS NO DETERMINADAS,97,CAUSAS NO DETERMINADAS,0,LAS GOLONDRINAS,0,SUECIA,LAS GOLONDRINAS - SUECIA,0, , , , ,2,2,3,BIDIRECCIONAL CON BANDEJON,1,CONCRETO,1,BUENO,1,SECO,1,DESPEJADO,0,0,0,1,1
-8137021.9222803,-4408547.12082401,4805,56352,1325840,-73.0961116,-36.780441,175,HUALPEN,1,1630,2021,1325840,REGION BIO BIO,8112,HUALPEN,LAS GOLONDRINAS,SUECIA,0,"LAS GOLONDRINAS & SUECIA, HUALPEN",CHILE,GEOMETRIC_CENTER,2247,2021,1325840,1,2021/01/12 00:00:00+00,1899/12/30 00:00:00+00,8,REGION BIO BIO,8112,HUALPEN,30,COLISION,30,COLISION,1,URBANA,11,CRUCE CON SEMAFORO FUNCIONANDO,10,DESOBEDIENCIA A SEÑALIZACION,62,SEÑALIZACION DESOBEDECER LUZ ROJA DE SEMAFORO,0,LAS GOLONDRINAS,0,SUECIA,LAS GOLONDRINAS - SUECIA,0, , , , ,2,2,3,BIDIRECCIONAL CON BANDEJON,1,CONCRETO,1,BUENO,1,SECO,1,DESPEJADO,0,1,0,1,0
-8137021.9222803,-4408547.12082401,4806,56353,1330289,-73.0961116,-36.780441,175,HUALPEN,1,4837,2021,1330289,REGION BIO BIO,8112,HUALPEN,LAS GOLONDRINAS,SUECIA,0,"LAS GOLONDRINAS & SUECIA, HUALPEN",CHILE,GEOMETRIC_CENTER,6761,2021,1330289,1,2021/02/04 00:00:00+00,1899/12/30 00:00:00+00,8,REGION BIO BIO,8112,HUALPEN,30,COLISION,30,COLISION,1,URBANA,11,CRUCE CON SEMAFORO FUNCIONANDO,10,DESOBEDIENCIA A SEÑALIZACION,62,SEÑALIZACION DESOBEDECER LUZ ROJA DE SEMAFORO,0,LAS GOLONDRINAS,0,SUECIA,LAS GOLONDRINAS - SUECIA,0, , , , ,2,2,3,BIDIRECCIONAL CON BANDEJON,1,CONCRETO,1,BUENO,1,SECO,1,DESPEJADO,0,0,0,0,2
-8137021.9222803,-4408547.12082401,4807,56354,1336858,-73.0961116,-36.780441,175,HUALPEN,1,9393,2021,1336858,REGION BIO BIO,8112,HUALPEN,LAS GOLONDRINAS,SUECIA,0,"LAS GOLONDRINAS & SUECIA, HUALPEN",CHILE,GEOMETRIC_CENTER,13115,2021,1336858,1,2021/03/08 00:00:00+00,1899/12/30 00:00:00+00,8,REGION BIO BIO,8112,HUALPEN,30,COLISION,30,COLISION,1,URBANA,11,CRUCE CON SEMAFORO FUNCIONANDO,1,IMPRUDENCIA DEL CONDUCTOR,27,CONDUCCION NO ATENTO CONDICIONES TRANSITO MOMENTO,0,LAS GOLONDRINAS,0,SUECIA,LAS GOLONDRINAS - SUECIA,0, , , , ,2,2,3,BIDIRECCIONAL CON BANDEJON,1,CONCRETO,1,BUENO,1,SECO,1,DESPEJADO,0,0,0,1,1
-8137021.9222803,-4408547.12082401,4808,56355,1345246,-73.0961116,-36.780441,175,HUALPEN,1,15381,2021,1345246,REGION BIO BIO,8112,HUALPEN,LAS GOLONDRINAS,SUECIA,0,"LAS GOLONDRINAS & SUECIA, HUALPEN",CHILE,GEOMETRIC_CENTER,21194,2021,1345246,1,2021/04/25 00:00:00+00,1899/12/30 00:00:00+00,8,REGION BIO BIO,8112,HUALPEN,30,COLISION,30,COLISION,1,URBANA,11,CRUCE CON SEMAFORO FUNCIONANDO,10,DESOBEDIENCIA A SEÑALIZACION,62,SEÑALIZACION DESOBEDECER LUZ ROJA DE SEMAFORO,0,LAS GOLONDRINAS,0,SUECIA,LAS GOLONDRINAS - SUECIA,0, , , , ,2,2,3,BIDIRECCIONAL CON BANDEJON,1,CONCRETO,1,BUENO,2,HUMEDO,1,DESPEJADO,0,0,0,1,1
-8137021.9222803,-4408547.12082401,4809,56356,1351544,-73.0961116,-36.780441,175,HUALPEN,1,19807,2021,1351544,REGION BIO BIO,8112,HUALPEN,LAS GOLONDRINAS,SUECIA,0,"LAS GOLONDRINAS & SUECIA, HUALPEN",CHILE,GEOMETRIC_CENTER,27257,2021,1351544,1,2021/05/25 00:00:00+00,1899/12/30 00:00:00+00,8,REGION BIO BIO,8112,HUALPEN,30,COLISION,30,COLISION,1,URBANA,11,CRUCE CON SEMAFORO FUNCIONANDO,10,DESOBEDIENCIA A SEÑALIZACION,62,SEÑALIZACION DESOBEDECER LUZ ROJA DE SEMAFORO,0,LAS GOLONDRINAS,0,SUECIA,LAS GOLONDRINAS - SUECIA,0, , , , ,2,2,3,BIDIRECCIONAL CON BANDEJON,1,CONCRETO,1,BUENO,1,SECO,2,NUBLADO,0,0,0,1,1
-8137021.9222803,-4408547.12082401,4810,56357,1358333,-73.0961116,-36.780441,175,HUALPEN,1,24345,2021,1358333,REGION BIO BIO,8112,HUALPEN,LAS GOLONDRINAS,SUECIA,0,"LAS GOLONDRINAS & SUECIA, HUALPEN",CHILE,GEOMETRIC_CENTER,33566,2021,1358333,1,2021/06/23 00:00:00+00,1899/12/30 00:00:00+00,8,REGION BIO BIO,8112,HUALPEN,30,COLISION,30,COLISION,1,URBANA,1,TRAMO DE VIA RECTA,10,DESOBEDIENCIA A SEÑALIZACION,62,SEÑALIZACION DESOBEDECER LUZ ROJA DE SEMAFORO,0,LAS GOLONDRINAS,0,SUECIA,LAS GOLONDRINAS - SUECIA,0, , , , ,2,2,2,BIDIRECCIONAL,1,CONCRETO,1,BUENO,1,SECO,1,DESPEJADO,0,0,0,0,2
-8137021.9222803,-4408547.12082401,4811,56358,1362780,-73.0961116,-36.780441,175,HUALPEN,1,27350,2021,1362780,REGION BIO BIO,8112,HUALPEN,LAS GOLONDRINAS,SUECIA,0,"LAS GOLONDRINAS & SUECIA, HUALPEN",CHILE,GEOMETRIC_CENTER,37732,2021,1362780,1,2021/07/11 00:00:00+00,1899/12/30 00:00:00+00,8,REGION BIO BIO,8112,HUALPEN,30,COLISION,30,COLISION,1,URBANA,11,CRUCE CON SEMAFORO FUNCIONANDO,13,CAUSAS NO DETERMINADAS,97,CAUSAS NO DETERMINADAS,0,LAS GOLONDRINAS,0,SUECIA,LAS GOLONDRINAS - SUECIA,0, , , , ,2,2,3,BIDIRECCIONAL CON BANDEJON,1,CONCRETO,1,BUENO,1,SECO,2,NUBLADO,0,0,0,0,1
-8137021.9222803,-4408547.12082401,4812,56359,1380465,-73.0961116,-36.780441,175,HUALPEN,1,39910,2021,1380465,REGION BIO BIO,8112,HUALPEN,SUECIA,LAS GOLONDRINAS,0,"SUECIA & LAS GOLONDRINAS, HUALPEN",CHILE,GEOMETRIC_CENTER,54827,2021,1380465,1,2021/09/20 00:00:00+00,1899/12/30 00:00:00+00,8,REGION BIO BIO,8112,HUALPEN,30,COLISION,30,COLISION,1,URBANA,11,CRUCE CON SEMAFORO FUNCIONANDO,1,IMPRUDENCIA DEL CONDUCTOR,15,"ADELANTAMIENTO EN CRUCE, CURVA, CUESTA, PUENTE",0,SUECIA,0,LAS GOLONDRINAS,LAS GOLONDRINAS - SUECIA,0, , , , ,1,1,2,BIDIRECCIONAL,1,CONCRETO,1,BUENO,1,SECO,1,DESPEJADO,0,0,0,0,2
-8137021.9222803,-4408547.12082401,4813,56360,1382795,-73.0961116,-36.780441,175,HUALPEN,1,41292,2021,1382795,REGION BIO BIO,8112,HUALPEN,LAS GOLONDRINAS,SUECIA,0,"LAS GOLONDRINAS & SUECIA, HUALPEN",CHILE,GEOMETRIC_CENTER,56619,2021,1382795,1,2021/09/28 00:00:00+00,1899/12/30 00:00:00+00,8,REGION BIO BIO,8112,HUALPEN,30,COLISION,30,COLISION,1,URBANA,11,CRUCE CON SEMAFORO FUNCIONANDO,1,IMPRUDENCIA DEL CONDUCTOR,28,CONDUCCION SIN MANTENER DISTANCIA RAZONABLE NI PRUDENTE,0,LAS GOLONDRINAS,0,SUECIA,LAS GOLONDRINAS - SUECIA,0, , , , ,2,2,3,BIDIRECCIONAL CON BANDEJON,1,CONCRETO,1,BUENO,1,SECO,1,DESPEJADO,0,0,0,0,2
-8137021.9222803,-4408547.12082401,4814,56361,1392135,-73.0961116,-36.780441,175,HUALPEN,1,47819,2021,1392135,REGION BIO BIO,8112,HUALPEN,LAS GOLONDRINAS,SUECIA,0,"LAS GOLONDRINAS & SUECIA, HUALPEN",CHILE,GEOMETRIC_CENTER,65248,2021,1392135,1,2021/11/02 00:00:00+00,1899/12/30 00:00:00+00,8,REGION BIO BIO,8112,HUALPEN,30,COLISION,30,COLISION,1,URBANA,11,CRUCE CON SEMAFORO FUNCIONANDO,10,DESOBEDIENCIA A SEÑALIZACION,62,SEÑALIZACION DESOBEDECER LUZ ROJA DE SEMAFORO,0,LAS GOLONDRINAS,0,SUECIA,LAS GOLONDRINAS - SUECIA,0, , , , ,2,2,3,BIDIRECCIONAL CON BANDEJON,1,CONCRETO,1,BUENO,1,SECO,1,DESPEJADO,0,0,0,0,2
-8137021.9222803,-4408547.12082401,4815,56362,1394584,-73.0961116,-36.780441,175,HUALPEN,1,49303,2021,1394584,REGION BIO BIO,8112,HUALPEN,LAS GOLONDRINAS,SUECIA,0,"LAS GOLONDRINAS & SUECIA, HUALPEN",CHILE,GEOMETRIC_CENTER,67203,2021,1394584,1,2021/11/10 00:00:00+00,1899/12/30 00:00:00+00,8,REGION BIO BIO,8112,HUALPEN,63,CHOQUE FRENTE/POSTERIOR,40,CHOQUE,1,URBANA,11,CRUCE CON SEMAFORO FUNCIONANDO,1,IMPRUDENCIA DEL CONDUCTOR,27,CONDUCCION NO ATENTO CONDICIONES TRANSITO MOMENTO,0,LAS GOLONDRINAS,0,SUECIA,LAS GOLONDRINAS - SUECIA,0, , , , ,2,2,2,BIDIRECCIONAL,1,CONCRETO,1,BUENO,1,SECO,1,DESPEJADO,0,0,0,0,2
-8137021.9222803,-4408547.12082401,4816,56363,1407239,-73.0961116,-36.780441,175,HUALPEN,1,58054,2021,1407239,REGION BIO BIO,8112,HUALPEN,LAS GOLONDRINAS,SUECIA,0,"LAS GOLONDRINAS & SUECIA, HUALPEN",CHILE,GEOMETRIC_CENTER,78831,2021,1407239,1,2021/12/23 00:00:00+00,1899/12/30 00:00:00+00,8,REGION BIO BIO,8112,HUALPEN,30,COLISION,30,COLISION,1,URBANA,11,CRUCE CON SEMAFORO FUNCIONANDO,10,DESOBEDIENCIA A SEÑALIZACION,62,SEÑALIZACION DESOBEDECER LUZ ROJA DE SEMAFORO,0,LAS GOLONDRINAS,0,SUECIA,LAS GOLONDRINAS - SUECIA,0, , , , ,2,2,3,BIDIRECCIONAL CON BANDEJON,1,CONCRETO,1,BUENO,1,SECO,1,DESPEJADO,0,0,0,0,2
-8137021.9222803,-4408547.12082401,4817,56364,1408536,-73.0961116,-36.780441,175,HUALPEN,1,58841,2021,1408536,REGION BIO BIO,8112,HUALPEN,LAS GOLONDRINAS,SUECIA,0,"LAS GOLONDRINAS & SUECIA, HUALPEN",CHILE,GEOMETRIC_CENTER,79960,2021,1408536,1,2021/12/28 00:00:00+00,1899/12/30 00:00:00+00,8,REGION BIO BIO,8112,HUALPEN,30,COLISION,30,COLISION,1,URBANA,11,CRUCE CON SEMAFORO FUNCIONANDO,1,IMPRUDENCIA DEL CONDUCTOR,29,CONDUCCION CAMBIAR SORPRESIVAMENTE PISTA CIRCULACION,0,LAS GOLONDRINAS,0,SUECIA,LAS GOLONDRINAS - SUECIA,0, , , , ,2,2,3,BIDIRECCIONAL CON BANDEJON,1,CONCRETO,1,BUENO,1,SECO,1,DESPEJADO,0,0,0,1,1
-8137367.45797972,-4408532.48552597,4818,56365,1336344,-73.0992156,-36.7803357,175,HUALPEN,1,8853,2021,1336344,REGION BIO BIO,8112,HUALPEN,MILAN,VENECIA,0,"MILAN & VENECIA, HUALPEN",CHILE,GEOMETRIC_CENTER,12381,2021,1336344,1,2021/03/05 00:00:00+00,1899/12/30 00:00:00+00,8,REGION BIO BIO,8112,HUALPEN,30,COLISION,30,COLISION,1,URBANA,16,CRUCE SIN SEÑALIZACION,1,IMPRUDENCIA DEL CONDUCTOR,11,ADELANTAMIENTO SIN EL ESPACIO O TIEMPO SUFICIENTE,0,MILAN,0,VENECIA,MILAN - VENECIA,0, , , , ,1,1,2,BIDIRECCIONAL,1,CONCRETO,1,BUENO,1,SECO,1,DESPEJADO,0,0,0,0,2
-8137286.82927254,-4408485.1051026,4819,56366,1341713,-73.0984913,-36.7799948,175,HUALPEN,1,12623,2021,1341713,REGION BIO BIO,8112,HUALPEN,LAS GOLONDRINAS, ,1003,"LAS GOLONDRINAS 1003, HUALPEN",CHILE,RANGE_INTERPOLATED,17450,2021,1341713,1,2021/04/02 00:00:00+00,1899/12/30 00:00:00+00,8,REGION BIO BIO,8112,HUALPEN,63,CHOQUE FRENTE/POSTERIOR,40,CHOQUE,1,URBANA,1,TRAMO DE VIA RECTA,1,IMPRUDENCIA DEL CONDUCTOR,28,CONDUCCION SIN MANTENER DISTANCIA RAZONABLE NI PRUDENTE,0,LAS GOLONDRINAS,0, ,- LAS GOLONDRINAS,1003, , , , ,1,1,2,BIDIRECCIONAL,1,CONCRETO,1,BUENO,1,SECO,1,DESPEJADO,0,0,0,0,2
-8137573.95563514,-4408396.01546682,4820,56367,1333764,-73.1010706,-36.7793538,175,HUALPEN,1,7479,2021,1333764,REGION BIO BIO,8112,HUALPEN,LAS GOLONDRINAS,BUCAREST,0,"LAS GOLONDRINAS & BUCAREST, HUALPEN",CHILE,GEOMETRIC_CENTER,10514,2021,1333764,1,2021/02/24 00:00:00+00,1899/12/30 00:00:00+00,8,REGION BIO BIO,8112,HUALPEN,50,CHOQUE,40,CHOQUE,1,URBANA,16,CRUCE SIN SEÑALIZACION,1,IMPRUDENCIA DEL CONDUCTOR,27,CONDUCCION NO ATENTO CONDICIONES TRANSITO MOMENTO,0,LAS GOLONDRINAS,0,BUCAREST,BUCAREST - LAS GOLONDRINAS,0, , , , ,2,0,1,UNIDIRECCIONAL,1,CONCRETO,1,BUENO,1,SECO,1,DESPEJADO,0,0,0,0,2
-8138050.26947235,-4408327.99651793,4821,56368,1354726,-73.1053494,-36.7788644,175,HUALPEN,1,21624,2021,1354726,REGION BIO BIO,8112,HUALPEN,ALEMANIA,NORUEGA,0,"ALEMANIA & NORUEGA, HUALPEN",CHILE,GEOMETRIC_CENTER,29805,2021,1354726,1,2021/06/06 00:00:00+00,1899/12/30 00:00:00+00,8,REGION BIO BIO,8112,HUALPEN,30,COLISION,30,COLISION,1,URBANA,15,CRUCE CON SEÑAL CEDA EL PASO,13,CAUSAS NO DETERMINADAS,97,CAUSAS NO DETERMINADAS,0,ALEMANIA,0,NORUEGA,ALEMANIA - NORUEGA,0, , , , ,1,1,2,BIDIRECCIONAL,1,CONCRETO,1,BUENO,1,SECO,1,DESPEJADO,0,0,1,1,1
-8138039.07073157,-4408260.97868124,4822,56369,1344359,-73.1052488,-36.7783822,175,HUALPEN,1,14463,2021,1344359,REGION BIO BIO,8112,HUALPEN,LAS GOLONDRINAS,ALEMANIA,0,"LAS GOLONDRINAS & ALEMANIA, HUALPEN",CHILE,GEOMETRIC_CENTER,19939,2021,1344359,1,2021/04/18 00:00:00+00,1899/12/30 00:00:00+00,8,REGION BIO BIO,8112,HUALPEN,50,CHOQUE,40,CHOQUE,1,URBANA,11,CRUCE CON SEMAFORO FUNCIONANDO,1,IMPRUDENCIA DEL CONDUCTOR,29,CONDUCCION CAMBIAR SORPRESIVAMENTE PISTA CIRCULACION,0,LAS GOLONDRINAS,0,ALEMANIA,ALEMANIA - LAS GOLONDRINAS,0, , , , ,2,0,1,UNIDIRECCIONAL,1,CONCRETO,1,BUENO,1,SECO,1,DESPEJADO,0,0,0,0,1
-8138039.07073157,-4408260.97868124,4823,56370,1373043,-73.1052488,-36.7783822,175,HUALPEN,1,34559,2021,1373043,REGION BIO BIO,8112,HUALPEN,LAS GOLONDRINAS,ALEMANIA,0,"LAS GOLONDRINAS & ALEMANIA, HUALPEN",CHILE,GEOMETRIC_CENTER,47637,2021,1373043,1,2021/08/21 00:00:00+00,1899/12/30 00:00:00+00,8,REGION BIO BIO,8112,HUALPEN,30,COLISION,30,COLISION,1,URBANA,11,CRUCE CON SEMAFORO FUNCIONANDO,1,IMPRUDENCIA DEL CONDUCTOR,29,CONDUCCION CAMBIAR SORPRESIVAMENTE PISTA CIRCULACION,0,LAS GOLONDRINAS,0,ALEMANIA,ALEMANIA - LAS GOLONDRINAS,0, , , , ,2,2,3,BIDIRECCIONAL CON BANDEJON,1,CONCRETO,1,BUENO,3,MOJADO,2,NUBLADO,0,0,0,1,1
-8138039.07073157,-4408260.97868124,4824,56371,1385501,-73.1052488,-36.7783822,175,HUALPEN,1,42998,2021,1385501,REGION BIO BIO,8112,HUALPEN,ALEMANIA,LAS GOLONDRINAS,0,"ALEMANIA & LAS GOLONDRINAS, HUALPEN",CHILE,GEOMETRIC_CENTER,58838,2021,1385501,1,2021/10/07 00:00:00+00,1899/12/30 00:00:00+00,8,REGION BIO BIO,8112,HUALPEN,30,COLISION,30,COLISION,1,URBANA,11,CRUCE CON SEMAFORO FUNCIONANDO,10,DESOBEDIENCIA A SEÑALIZACION,62,SEÑALIZACION DESOBEDECER LUZ ROJA DE SEMAFORO,0,ALEMANIA,0,LAS GOLONDRINAS,ALEMANIA - LAS GOLONDRINAS,0, , , , ,2,2,3,BIDIRECCIONAL CON BANDEJON,1,CONCRETO,1,BUENO,1,SECO,1,DESPEJADO,0,0,0,1,1
-8138039.07073157,-4408260.97868124,4825,56372,1395704,-73.1052488,-36.7783822,175,HUALPEN,1,49937,2021,1395704,REGION BIO BIO,8112,HUALPEN,LAS GOLONDRINAS,ALEMANIA,0,"LAS GOLONDRINAS & ALEMANIA, HUALPEN",CHILE,GEOMETRIC_CENTER,68003,2021,1395704,1,2021/11/13 00:00:00+00,1899/12/30 00:00:00+00,8,REGION BIO BIO,8112,HUALPEN,50,CHOQUE,40,CHOQUE,1,URBANA,11,CRUCE CON SEMAFORO FUNCIONANDO,1,IMPRUDENCIA DEL CONDUCTOR,27,CONDUCCION NO ATENTO CONDICIONES TRANSITO MOMENTO,0,LAS GOLONDRINAS,0,ALEMANIA,ALEMANIA - LAS GOLONDRINAS,0, , , , ,2,2,3,BIDIRECCIONAL CON BANDEJON,1,CONCRETO,1,BUENO,1,SECO,1,DESPEJADO,0,0,0,0,1
-8138039.07073157,-4408260.97868124,4826,56373,1398683,-73.1052488,-36.7783822,175,HUALPEN,1,52689,2021,1398683,REGION BIO BIO,8112,HUALPEN,ALEMANIA,LAS GOLONDRINAS,0,"ALEMANIA & LAS GOLONDRINAS, HUALPEN",CHILE,GEOMETRIC_CENTER,71608,2021,1398683,1,2021/11/26 00:00:00+00,1899/12/30 00:00:00+00,8,REGION BIO BIO,8112,HUALPEN,63,CHOQUE FRENTE/POSTERIOR,40,CHOQUE,1,URBANA,11,CRUCE CON SEMAFORO FUNCIONANDO,1,IMPRUDENCIA DEL CONDUCTOR,27,CONDUCCION NO ATENTO CONDICIONES TRANSITO MOMENTO,0,ALEMANIA,0,LAS GOLONDRINAS,ALEMANIA - LAS GOLONDRINAS,0, , , , ,2,2,3,BIDIRECCIONAL CON BANDEJON,1,CONCRETO,1,BUENO,1,SECO,1,DESPEJADO,0,0,0,0,2
-8138039.07073157,-4408260.97868124,4827,56374,1401187,-73.1052488,-36.7783822,175,HUALPEN,1,54097,2021,1401187,REGION BIO BIO,8112,HUALPEN,ALEMANIA,LAS GOLONDRINAS,0,"ALEMANIA & LAS GOLONDRINAS, HUALPEN",CHILE,GEOMETRIC_CENTER,73510,2021,1401187,1,2021/12/04 00:00:00+00,1899/12/30 00:00:00+00,8,REGION BIO BIO,8112,HUALPEN,30,COLISION,30,COLISION,1,URBANA,11,CRUCE CON SEMAFORO FUNCIONANDO,4,ALCOHOL EN CONDUCTOR,24,CONDUCCION EN ESTADO DE EBRIEDAD,0,ALEMANIA,0,LAS GOLONDRINAS,ALEMANIA - LAS GOLONDRINAS,0, , , , ,2,2,3,BIDIRECCIONAL CON BANDEJON,1,CONCRETO,1,BUENO,1,SECO,1,DESPEJADO,0,1,0,1,1