X,Y,FID,FID_1,LABELID,POINT_X,POINT_Y,FID_2,COMUNAREAL,VAL_COM,OBJECTID,A_O,IDACCIDENT,REGION,COD_COMUN,COMUNA,CALLE_UNO,CALLE_DOS,NUMERO,DIR_GEOCOD,PAIS,TIPO,OBJECTID_1,Año,Idaccide_1,Claseaccid,Fecha,Hora,Cód_Regi,Región,Cód_Comun,Comuna_1,Cód_Tipo_,Tipo_Accid,Cód_Tipo1,Tipo__CONA,Cód_Zona,Zona,Cód_Ubica,Ubicación,Cód_Causa,Causa__CON,Cód_Cau_1,Causa,Cód_Calle,Calle_Un_1,Cód_Cal_1,Calle_Do_1,Intersecci,Número,Ruta,Cód_Ruta,Ubicaci_1,Km_Vía_Fe,Pistas_de_,Pistas_de1,Cód_Calza,Calzada,Cód__Tipo,Tipo_Calza,Cód_Estad,Estado_Cal,Cód_Condi,Condición,Cód_Est_1,Estado_Atm,Fallecidos,Graves,Menos_Grav,Leves,Ilesos
-8138039.07073157,-4408260.97868124,4828,56375,1408144,-73.1052488,-36.7783822,175,HUALPEN,2,58144,2021,1408144,REGION BIO BIO,8110,TALCAHUANO,ALEMANIA,LAS GOLONDRINAS,0,"ALEMANIA & LAS GOLONDRINAS, TALCAHUANO",CHILE,GEOMETRIC_CENTER,78955,2021,1408144,1,2021/12/24 00:00:00+00,1899/12/30 00:00:00+00,8,REGION BIO BIO,8110,TALCAHUANO,32,COLISION LATERAL,30,COLISION,1,URBANA,1,TRAMO DE VIA RECTA,10,DESOBEDIENCIA A SEÑALIZACION,62,SEÑALIZACION DESOBEDECER LUZ ROJA DE SEMAFORO,0,ALEMANIA,0,LAS GOLONDRINAS,ALEMANIA - LAS GOLONDRINAS,0, , , , ,1,1,2,BIDIRECCIONAL,1,CONCRETO,1,BUENO,1,SECO,1,DESPEJADO,0,0,0,1,1
-8138076.07333031,-4408258.51868157,4829,56376,1347174,-73.1055812,-36.7783645,175,HUALPEN,2,14034,2021,1347174,REGION BIO BIO,8110,TALCAHUANO,LAS GOLONDRINAS, ,1400,"LAS GOLONDRINAS 1400, TALCAHUANO",CHILE,RANGE_INTERPOLATED,19390,2021,1347174,1,2021/04/15 00:00:00+00,1899/12/30 00:00:00+00,8,REGION BIO BIO,8110,TALCAHUANO,63,CHOQUE FRENTE/POSTERIOR,40,CHOQUE,1,URBANA,11,CRUCE CON SEMAFORO FUNCIONANDO,1,IMPRUDENCIA DEL CONDUCTOR,28,CONDUCCION SIN MANTENER DISTANCIA RAZONABLE NI PRUDENTE,0,LAS GOLONDRINAS,0, ,- LAS GOLONDRINAS,1400, , , , ,1,1,2,BIDIRECCIONAL,1,CONCRETO,1,BUENO,1,SECO,1,DESPEJADO,0,0,0,0,2
-8138213.65308899,-4408210.91710488,4830,56377,1329919,-73.1068171,-36.778022,175,HUALPEN,1,4490,2021,1329919,REGION BIO BIO,8112,HUALPEN,LAS GOLONDRINAS,CRISTOBAL COLON,0,"LAS GOLONDRINAS & CRISTOBAL COLON, HUALPEN",CHILE,GEOMETRIC_CENTER,6310,2021,1329919,1,2021/02/02 00:00:00+00,1899/12/30 00:00:00+00,8,REGION BIO BIO,8112,HUALPEN,63,CHOQUE FRENTE/POSTERIOR,40,CHOQUE,1,URBANA,15,CRUCE CON SEÑAL CEDA EL PASO,1,IMPRUDENCIA DEL CONDUCTOR,27,CONDUCCION NO ATENTO CONDICIONES TRANSITO MOMENTO,0,LAS GOLONDRINAS,0,CRISTOBAL COLON,CRISTOBAL COLON - LAS GOLONDRINAS,0, , , , ,2,2,3,BIDIRECCIONAL CON BANDEJON,1,CONCRETO,1,BUENO,1,SECO,1,DESPEJADO,0,0,0,2,0
-8138213.65308899,-4408210.91710488,4831,56378,1338531,-73.1068171,-36.778022,175,HUALPEN,1,10772,2021,1338531,REGION BIO BIO,8112,HUALPEN,LAS GOLONDRINAS,CRISTOBAL COLON,0,"LAS GOLONDRINAS & CRISTOBAL COLON, HUALPEN",CHILE,GEOMETRIC_CENTER,14952,2021,1338531,1,2021/03/17 00:00:00+00,1899/12/30 00:00:00+00,8,REGION BIO BIO,8112,HUALPEN,50,CHOQUE,40,CHOQUE,1,URBANA,15,CRUCE CON SEÑAL CEDA EL PASO,1,IMPRUDENCIA DEL CONDUCTOR,27,CONDUCCION NO ATENTO CONDICIONES TRANSITO MOMENTO,0,LAS GOLONDRINAS,0,CRISTOBAL COLON,CRISTOBAL COLON - LAS GOLONDRINAS,0, , , , ,2,2,2,BIDIRECCIONAL,1,CONCRETO,1,BUENO,1,SECO,1,DESPEJADO,0,0,0,0,2
-8138213.65308899,-4408210.91710488,4832,56379,1345165,-73.1068171,-36.778022,175,HUALPEN,1,13916,2021,1345165,REGION BIO BIO,8112,HUALPEN,LAS GOLONDRINAS,CRISTOBAL COLON,0,"LAS GOLONDRINAS & CRISTOBAL COLON, HUALPEN",CHILE,GEOMETRIC_CENTER,19231,2021,1345165,1,2021/04/14 00:00:00+00,1899/12/30 00:00:00+00,8,REGION BIO BIO,8112,HUALPEN,30,COLISION,30,COLISION,1,URBANA,15,CRUCE CON SEÑAL CEDA EL PASO,1,IMPRUDENCIA DEL CONDUCTOR,27,CONDUCCION NO ATENTO CONDICIONES TRANSITO MOMENTO,0,LAS GOLONDRINAS,0,CRISTOBAL COLON,CRISTOBAL COLON - LAS GOLONDRINAS,0, , , , ,2,2,3,BIDIRECCIONAL CON BANDEJON,1,CONCRETO,1,BUENO,2,HUMEDO,1,DESPEJADO,0,0,0,0,2
-8138213.65308899,-4408210.91710488,4833,56380,1345147,-73.1068171,-36.778022,175,HUALPEN,1,15063,2021,1345147,REGION BIO BIO,8112,HUALPEN,LAS GOLONDRINAS,CRISTOBAL COLON,0,"LAS GOLONDRINAS & CRISTOBAL COLON, HUALPEN",CHILE,GEOMETRIC_CENTER,20766,2021,1345147,1,2021/04/23 00:00:00+00,1899/12/30 00:00:00+00,8,REGION BIO BIO,8112,HUALPEN,30,COLISION,30,COLISION,1,URBANA,15,CRUCE CON SEÑAL CEDA EL PASO,10,DESOBEDIENCIA A SEÑALIZACION,64,SEÑALIZACION DESOBEDECER SEÑAL CEDA EL PASO,0,LAS GOLONDRINAS,0,CRISTOBAL COLON,CRISTOBAL COLON - LAS GOLONDRINAS,0, , , , ,2,2,3,BIDIRECCIONAL CON BANDEJON,1,CONCRETO,1,BUENO,2,HUMEDO,1,DESPEJADO,0,0,0,1,1
-8138213.65308899,-4408210.91710488,4834,56381,1356528,-73.1068171,-36.778022,175,HUALPEN,1,22965,2021,1356528,REGION BIO BIO,8112,HUALPEN,LAS GOLONDRINAS,CRISTOBAL COLON,0,"LAS GOLONDRINAS & CRISTOBAL COLON, HUALPEN",CHILE,GEOMETRIC_CENTER,31640,2021,1356528,1,2021/06/14 00:00:00+00,1899/12/30 00:00:00+00,8,REGION BIO BIO,8112,HUALPEN,50,CHOQUE,40,CHOQUE,1,URBANA,15,CRUCE CON SEÑAL CEDA EL PASO,1,IMPRUDENCIA DEL CONDUCTOR,28,CONDUCCION SIN MANTENER DISTANCIA RAZONABLE NI PRUDENTE,0,LAS GOLONDRINAS,0,CRISTOBAL COLON,CRISTOBAL COLON - LAS GOLONDRINAS,0, , , , ,2,2,2,BIDIRECCIONAL,1,CONCRETO,1,BUENO,1,SECO,1,DESPEJADO,0,0,0,0,3
-8138360.60594878,-4408161.95371959,4835,56382,1339101,-73.1081372,-36.7776697,175,HUALPEN,1,10996,2021,1339101,REGION BIO BIO,8112,HUALPEN,LAS GOLONDRINAS, ,1553,"LAS GOLONDRINAS 1553, HUALPEN",CHILE,RANGE_INTERPOLATED,15257,2021,1339101,1,2021/03/19 00:00:00+00,1899/12/30 00:00:00+00,8,REGION BIO BIO,8112,HUALPEN,30,COLISION,30,COLISION,1,URBANA,1,TRAMO DE VIA RECTA,1,IMPRUDENCIA DEL CONDUCTOR,29,CONDUCCION CAMBIAR SORPRESIVAMENTE PISTA CIRCULACION,0,LAS GOLONDRINAS,0, ,- LAS GOLONDRINAS,1553, , , , ,2,0,1,UNIDIRECCIONAL,1,CONCRETO,1,BUENO,1,SECO,1,DESPEJADO,0,0,0,0,2
-8138362.44272038,-4408161.42558893,4836,56383,1372909,-73.1081537,-36.7776659,175,HUALPEN,1,34245,2021,1372909,REGION BIO BIO,8112,HUALPEN,LAS GOLONDRINAS, ,1556,"LAS GOLONDRINAS 1556, HUALPEN",CHILE,RANGE_INTERPOLATED,47208,2021,1372909,1,2021/08/20 00:00:00+00,1899/12/30 00:00:00+00,8,REGION BIO BIO,8112,HUALPEN,50,CHOQUE,40,CHOQUE,1,URBANA,1,TRAMO DE VIA RECTA,7,VELOCIDAD IMPRUDENTE,71,VELOCIDAD MAYOR QUE MAXIMA PERMITIDA,0,LAS GOLONDRINAS,0, ,- LAS GOLONDRINAS,1556, , , , ,2,2,3,BIDIRECCIONAL CON BANDEJON,1,CONCRETO,1,BUENO,3,MOJADO,2,NUBLADO,0,0,0,0,1
-8138940.89219039,-4408148.63927565,4837,56384,1359998,-73.11335,-36.7775739,175,HUALPEN,2,24876,2021,1359998,REGION BIO BIO,8110,TALCAHUANO,GRAN BRETA??ªA, ,2190,"GRAN BRETA??ªA 2190, TALCAHUANO",CHILE,RANGE_INTERPOLATED,34296,2021,1359998,1,2021/06/26 00:00:00+00,1899/12/30 00:00:00+00,8,REGION BIO BIO,8110,TALCAHUANO,33,COLISION POR ALCANCE,30,COLISION,1,URBANA,24,ROTONDA,1,IMPRUDENCIA DEL CONDUCTOR,28,CONDUCCION SIN MANTENER DISTANCIA RAZONABLE NI PRUDENTE,0,GRAN BRETAÑA,0, ,- GRAN BRETAÑA,2190, , , , ,1,1,2,BIDIRECCIONAL,1,CONCRETO,1,BUENO,1,SECO,1,DESPEJADO,0,0,0,0,2
-8138884.98754211,-4408121.81586397,4838,56385,1375832,-73.1128478,-36.7773809,175,HUALPEN,2,32461,2021,1375832,REGION BIO BIO,8110,TALCAHUANO,GRAN BRETA??ªA, ,2194,"GRAN BRETA??ªA 2194, TALCAHUANO",CHILE,RANGE_INTERPOLATED,44797,2021,1375832,1,2021/08/10 00:00:00+00,1899/12/30 00:00:00+00,8,REGION BIO BIO,8110,TALCAHUANO,63,CHOQUE FRENTE/POSTERIOR,40,CHOQUE,1,URBANA,1,TRAMO DE VIA RECTA,1,IMPRUDENCIA DEL CONDUCTOR,28,CONDUCCION SIN MANTENER DISTANCIA RAZONABLE NI PRUDENTE,0,GRAN BRETAÑA,0, ,- GRAN BRETAÑA,2194, , , , ,1,1,2,BIDIRECCIONAL,1,CONCRETO,1,BUENO,1,SECO,1,DESPEJADO,0,0,0,0,2
-8138561.682345,-4408103.58154184,4839,56386,1371354,-73.1099435,-36.7772497,175,HUALPEN,1,33194,2021,1371354,REGION BIO BIO,8112,HUALPEN,LAS GOLONDRINAS,SUIZA,0,"LAS GOLONDRINAS & SUIZA, HUALPEN",CHILE,GEOMETRIC_CENTER,45759,2021,1371354,1,2021/08/13 00:00:00+00,1899/12/30 00:00:00+00,8,REGION BIO BIO,8112,HUALPEN,30,COLISION,30,COLISION,1,URBANA,11,CRUCE CON SEMAFORO FUNCIONANDO,10,DESOBEDIENCIA A SEÑALIZACION,62,SEÑALIZACION DESOBEDECER LUZ ROJA DE SEMAFORO,0,LAS GOLONDRINAS,0,SUIZA,LAS GOLONDRINAS - SUIZA,0, , , , ,2,2,2,BIDIRECCIONAL,1,CONCRETO,1,BUENO,1,SECO,1,DESPEJADO,0,0,0,0,2
-8138561.682345,-4408103.58154184,4840,56387,1397071,-73.1099435,-36.7772497,175,HUALPEN,1,51718,2021,1397071,REGION BIO BIO,8112,HUALPEN,LAS GOLONDRINAS,SUIZA,0,"LAS GOLONDRINAS & SUIZA, HUALPEN",CHILE,GEOMETRIC_CENTER,70342,2021,1397071,1,2021/11/21 00:00:00+00,1899/12/30 00:00:00+00,8,REGION BIO BIO,8112,HUALPEN,30,COLISION,30,COLISION,1,URBANA,11,CRUCE CON SEMAFORO FUNCIONANDO,1,IMPRUDENCIA DEL CONDUCTOR,27,CONDUCCION NO ATENTO CONDICIONES TRANSITO MOMENTO,0,LAS GOLONDRINAS,0,SUIZA,LAS GOLONDRINAS - SUIZA,0, , , , ,2,2,2,BIDIRECCIONAL,1,CONCRETO,1,BUENO,1,SECO,1,DESPEJADO,0,0,0,0,2
-8138811.81724081,-4408095.77081279,4841,56388,1374489,-73.1121905,-36.7771935,175,HUALPEN,1,35415,2021,1374489,REGION BIO BIO,8112,HUALPEN,GRAN BRETA??ªA,NORUEGA,0,"GRAN BRETA??ªA & NORUEGA, HUALPEN",CHILE,GEOMETRIC_CENTER,48776,2021,1374489,1,2021/08/26 00:00:00+00,1899/12/30 00:00:00+00,8,REGION BIO BIO,8112,HUALPEN,10,ATROPELLO,10,ATROPELLO,1,URBANA,1,TRAMO DE VIA RECTA,2,IMPRUDENCIA DEL PEATON,55,PEATON CRUZA CALZADA FUERA PASO PEATONES,0,GRAN BRETAÑA,0,NORUEGA,GRAN BRETAÑA - NORUEGA,0, , , , ,1,1,2,BIDIRECCIONAL,1,CONCRETO,1,BUENO,2,HUMEDO,1,DESPEJADO,0,0,1,0,1
-8138793.02651077,-4408035.21700983,4842,56389,1349907,-73.1120217,-36.7767578,175,HUALPEN,1,18604,2021,1349907,REGION BIO BIO,8112,HUALPEN,LAS GOLONDRINAS,GRAN BRETA??ªA,0,"LAS GOLONDRINAS & GRAN BRETA??ªA, HUALPEN",CHILE,GEOMETRIC_CENTER,25579,2021,1349907,1,2021/05/18 00:00:00+00,1899/12/30 00:00:00+00,8,REGION BIO BIO,8112,HUALPEN,30,COLISION,30,COLISION,1,URBANA,11,CRUCE CON SEMAFORO FUNCIONANDO,10,DESOBEDIENCIA A SEÑALIZACION,62,SEÑALIZACION DESOBEDECER LUZ ROJA DE SEMAFORO,0,LAS GOLONDRINAS,0,GRAN BRETAÑA,GRAN BRETAÑA - LAS GOLONDRINAS,0, , , , ,2,2,3,BIDIRECCIONAL CON BANDEJON,1,CONCRETO,1,BUENO,1,SECO,1,DESPEJADO,0,0,0,0,2
-8138793.02651077,-4408035.21700983,4843,56390,1351165,-73.1120217,-36.7767578,175,HUALPEN,2,19243,2021,1351165,REGION BIO BIO,8110,TALCAHUANO,GRAN BRETA??ªA,GOLONDRINAS,0,"GRAN BRETA??ªA & GOLONDRINAS, TALCAHUANO",CHILE,GEOMETRIC_CENTER,26470,2021,1351165,1,2021/05/21 00:00:00+00,1899/12/30 00:00:00+00,8,REGION BIO BIO,8110,TALCAHUANO,33,COLISION POR ALCANCE,30,COLISION,1,URBANA,1,TRAMO DE VIA RECTA,1,IMPRUDENCIA DEL CONDUCTOR,27,CONDUCCION NO ATENTO CONDICIONES TRANSITO MOMENTO,0,GRAN BRETAÑA,0,GOLONDRINAS,GOLONDRINAS - GRAN BRETAÑA,0, , , , ,1,1,2,BIDIRECCIONAL,1,CONCRETO,1,BUENO,1,SECO,1,DESPEJADO,0,0,0,0,2
-8138793.02651077,-4408035.21700983,4844,56391,1353518,-73.1120217,-36.7767578,175,HUALPEN,1,20101,2021,1353518,REGION BIO BIO,8112,HUALPEN,GRAN BRETA??ªA,LAS GOLONDRINAS,0,"GRAN BRETA??ªA & LAS GOLONDRINAS, HUALPEN",CHILE,GEOMETRIC_CENTER,27681,2021,1353518,1,2021/05/27 00:00:00+00,1899/12/30 00:00:00+00,8,REGION BIO BIO,8112,HUALPEN,30,COLISION,30,COLISION,1,URBANA,11,CRUCE CON SEMAFORO FUNCIONANDO,10,DESOBEDIENCIA A SEÑALIZACION,62,SEÑALIZACION DESOBEDECER LUZ ROJA DE SEMAFORO,0,GRAN BRETAÑA,0,LAS GOLONDRINAS,GRAN BRETAÑA - LAS GOLONDRINAS,0, , , , ,1,1,2,BIDIRECCIONAL,1,CONCRETO,1,BUENO,3,MOJADO,4,LLOVIZNA,0,0,0,0,1
-8138793.02651077,-4408035.21700983,4845,56392,1353571,-73.1120217,-36.7767578,175,HUALPEN,1,20623,2021,1353571,REGION BIO BIO,8112,HUALPEN,GRAN BRETA??ªA,LAS GOLONDRINAS,0,"GRAN BRETA??ªA & LAS GOLONDRINAS, HUALPEN",CHILE,GEOMETRIC_CENTER,28427,2021,1353571,1,2021/05/31 00:00:00+00,1899/12/30 00:00:00+00,8,REGION BIO BIO,8112,HUALPEN,30,COLISION,30,COLISION,1,URBANA,11,CRUCE CON SEMAFORO FUNCIONANDO,13,CAUSAS NO DETERMINADAS,97,CAUSAS NO DETERMINADAS,0,GRAN BRETAÑA,0,LAS GOLONDRINAS,GRAN BRETAÑA - LAS GOLONDRINAS,0, , , , ,1,1,2,BIDIRECCIONAL,1,CONCRETO,1,BUENO,3,MOJADO,4,LLOVIZNA,0,0,0,0,2
-8138793.02651077,-4408035.21700983,4846,56393,1361720,-73.1120217,-36.7767578,175,HUALPEN,1,25822,2021,1361720,REGION BIO BIO,8112,HUALPEN,GRAN BRETA??ªA,LAS GOLONDRINAS,0,"GRAN BRETA??ªA & LAS GOLONDRINAS, HUALPEN",CHILE,GEOMETRIC_CENTER,35638,2021,1361720,1,2021/07/03 00:00:00+00,1899/12/30 00:00:00+00,8,REGION BIO BIO,8112,HUALPEN,30,COLISION,30,COLISION,1,URBANA,11,CRUCE CON SEMAFORO FUNCIONANDO,10,DESOBEDIENCIA A SEÑALIZACION,62,SEÑALIZACION DESOBEDECER LUZ ROJA DE SEMAFORO,0,GRAN BRETAÑA,0,LAS GOLONDRINAS,GRAN BRETAÑA - LAS GOLONDRINAS,0, , , , ,2,2,3,BIDIRECCIONAL CON BANDEJON,1,CONCRETO,1,BUENO,1,SECO,1,DESPEJADO,0,0,1,0,1
-8138793.02651077,-4408035.21700983,4847,56394,1364793,-73.1120217,-36.7767578,175,HUALPEN,1,28625,2021,1364793,REGION BIO BIO,8112,HUALPEN,LAS GOLONDRINAS,GRAN BRETA??ªA,0,"LAS GOLONDRINAS & GRAN BRETA??ªA, HUALPEN",CHILE,GEOMETRIC_CENTER,39552,2021,1364793,1,2021/07/19 00:00:00+00,1899/12/30 00:00:00+00,8,REGION BIO BIO,8112,HUALPEN,30,COLISION,30,COLISION,1,URBANA,11,CRUCE CON SEMAFORO FUNCIONANDO,10,DESOBEDIENCIA A SEÑALIZACION,62,SEÑALIZACION DESOBEDECER LUZ ROJA DE SEMAFORO,0,LAS GOLONDRINAS,0,GRAN BRETAÑA,GRAN BRETAÑA - LAS GOLONDRINAS,0, , , , ,2,2,3,BIDIRECCIONAL CON BANDEJON,1,CONCRETO,1,BUENO,1,SECO,1,DESPEJADO,0,1,0,1,1
-8138793.02651077,-4408035.21700983,4848,56395,1383517,-73.1120217,-36.7767578,175,HUALPEN,1,41571,2021,1383517,REGION BIO BIO,8112,HUALPEN,GRAN BRETA??ªA,LAS GOLONDRINAS,0,"GRAN BRETA??ªA & LAS GOLONDRINAS, HUALPEN",CHILE,GEOMETRIC_CENTER,56966,2021,1383517,1,2021/09/30 00:00:00+00,1899/12/30 00:00:00+00,8,REGION BIO BIO,8112,HUALPEN,30,COLISION,30,COLISION,1,URBANA,11,CRUCE CON SEMAFORO FUNCIONANDO,10,DESOBEDIENCIA A SEÑALIZACION,62,SEÑALIZACION DESOBEDECER LUZ ROJA DE SEMAFORO,0,GRAN BRETAÑA,0,LAS GOLONDRINAS,GRAN BRETAÑA - LAS GOLONDRINAS,0, , , , ,2,2,3,BIDIRECCIONAL CON BANDEJON,1,CONCRETO,1,BUENO,1,SECO,1,DESPEJADO,0,0,0,2,0
-8138793.02651077,-4408035.21700983,4849,56396,1384210,-73.1120217,-36.7767578,175,HUALPEN,1,41844,2021,1384210,REGION BIO BIO,8112,HUALPEN,GRAN BRETA??ªA,LAS GOLONDRINAS,0,"GRAN BRETA??ªA & LAS GOLONDRINAS, HUALPEN",CHILE,GEOMETRIC_CENTER,57325,2021,1384210,1,2021/10/01 00:00:00+00,1899/12/30 00:00:00+00,8,REGION BIO BIO,8112,HUALPEN,30,COLISION,30,COLISION,1,URBANA,11,CRUCE CON SEMAFORO FUNCIONANDO,1,IMPRUDENCIA DEL CONDUCTOR,91,VIRAJES INDEBIDOS,0,GRAN BRETAÑA,0,LAS GOLONDRINAS,GRAN BRETAÑA - LAS GOLONDRINAS,0, , , , ,1,1,2,BIDIRECCIONAL,1,CONCRETO,1,BUENO,1,SECO,1,DESPEJADO,0,0,0,1,1
-8138793.02651077,-4408035.21700983,4850,56397,1390581,-73.1120217,-36.7767578,175,HUALPEN,1,46521,2021,1390581,REGION BIO BIO,8112,HUALPEN,GRAN BRETA??ªA,LAS GOLONDRINAS,0,"GRAN BRETA??ªA & LAS GOLONDRINAS, HUALPEN",CHILE,GEOMETRIC_CENTER,63523,2021,1390581,1,2021/10/26 00:00:00+00,1899/12/30 00:00:00+00,8,REGION BIO BIO,8112,HUALPEN,30,COLISION,30,COLISION,1,URBANA,11,CRUCE CON SEMAFORO FUNCIONANDO,10,DESOBEDIENCIA A SEÑALIZACION,62,SEÑALIZACION DESOBEDECER LUZ ROJA DE SEMAFORO,0,GRAN BRETAÑA,0,LAS GOLONDRINAS,GRAN BRETAÑA - LAS GOLONDRINAS,0, , , , ,2,2,3,BIDIRECCIONAL CON BANDEJON,1,CONCRETO,1,BUENO,1,SECO,1,DESPEJADO,0,0,0,2,1
-8138793.02651077,-4408035.21700983,4851,56398,1397028,-73.1120217,-36.7767578,175,HUALPEN,1,51530,2021,1397028,REGION BIO BIO,8112,HUALPEN,LAS GOLONDRINAS,GRAN BRETA??ªA,0,"LAS GOLONDRINAS & GRAN BRETA??ªA, HUALPEN",CHILE,GEOMETRIC_CENTER,70092,2021,1397028,1,2021/11/20 00:00:00+00,1899/12/30 00:00:00+00,8,REGION BIO BIO,8112,HUALPEN,30,COLISION,30,COLISION,1,URBANA,11,CRUCE CON SEMAFORO FUNCIONANDO,10,DESOBEDIENCIA A SEÑALIZACION,62,SEÑALIZACION DESOBEDECER LUZ ROJA DE SEMAFORO,0,LAS GOLONDRINAS,0,GRAN BRETAÑA,GRAN BRETAÑA - LAS GOLONDRINAS,0, , , , ,2,2,3,BIDIRECCIONAL CON BANDEJON,1,CONCRETO,1,BUENO,1,SECO,1,DESPEJADO,0,0,0,0,2
-8138793.02651077,-4408035.21700983,4852,56399,1407803,-73.1120217,-36.7767578,175,HUALPEN,1,58656,2021,1407803,REGION BIO BIO,8112,HUALPEN,GRAN BRETANA,LAS GLONDRINAS,0,"GRAN BRETANA & LAS GLONDRINAS, HUALPEN",CHILE,GEOMETRIC_CENTER,79715,2021,1407803,1,2021/12/27 00:00:00+00,1899/12/30 00:00:00+00,8,REGION BIO BIO,8112,HUALPEN,30,COLISION,30,COLISION,1,URBANA,11,CRUCE CON SEMAFORO FUNCIONANDO,1,IMPRUDENCIA DEL CONDUCTOR,27,CONDUCCION NO ATENTO CONDICIONES TRANSITO MOMENTO,0,GRAN BRETANA,0,LAS GLONDRINAS,GRAN BRETANA - LAS GLONDRINAS,0, , , , ,2,2,3,BIDIRECCIONAL CON BANDEJON,1,CONCRETO,1,BUENO,1,SECO,1,DESPEJADO,0,0,0,0,2
-8138793.02651077,-4408035.21700983,4853,56400,1409936,-73.1120217,-36.7767578,175,HUALPEN,1,59270,2021,1409936,REGION BIO BIO,8112,HUALPEN,LAS GOLONDRINAS,GRAN BRETA??ªA,0,"LAS GOLONDRINAS & GRAN BRETA??ªA, HUALPEN",CHILE,GEOMETRIC_CENTER,80528,2021,1409936,1,2021/12/30 00:00:00+00,1899/12/30 00:00:00+00,8,REGION BIO BIO,8112,HUALPEN,30,COLISION,30,COLISION,1,URBANA,11,CRUCE CON SEMAFORO FUNCIONANDO,1,IMPRUDENCIA DEL CONDUCTOR,91,VIRAJES INDEBIDOS,0,LAS GOLONDRINAS,0,GRAN BRETAÑA,GRAN BRETAÑA - LAS GOLONDRINAS,0, , , , ,2,2,2,BIDIRECCIONAL,1,CONCRETO,1,BUENO,1,SECO,1,DESPEJADO,0,1,0,3,1
-8139424.50858619,-4407903.57586963,4854,56401,1333594,-73.1176944,-36.7758106,175,HUALPEN,1,7338,2021,1333594,REGION BIO BIO,8112,HUALPEN,CAMINO A LENGA, ,3123,"CAMINO A LENGA 3123, HUALPEN",CHILE,RANGE_INTERPOLATED,10323,2021,1333594,1,2021/02/23 00:00:00+00,1899/12/30 00:00:00+00,8,REGION BIO BIO,8112,HUALPEN,30,COLISION,30,COLISION,1,URBANA,1,TRAMO DE VIA RECTA,1,IMPRUDENCIA DEL CONDUCTOR,27,CONDUCCION NO ATENTO CONDICIONES TRANSITO MOMENTO,0,CAMINO A LENGA,0, ,- CAMINO A LENGA,3123, , , , ,1,1,2,BIDIRECCIONAL,1,CONCRETO,1,BUENO,1,SECO,1,DESPEJADO,0,0,2,0,1
-8139190.4370929,-4407902.39455341,4855,56402,1376462,-73.1155917,-36.7758021,175,HUALPEN,1,36913,2021,1376462,REGION BIO BIO,8112,HUALPEN,COSTANERA,CAMINO A LENGA,0,"COSTANERA & CAMINO A LENGA, HUALPEN",CHILE,GEOMETRIC_CENTER,50771,2021,1376462,1,2021/09/04 00:00:00+00,1899/12/30 00:00:00+00,8,REGION BIO BIO,8112,HUALPEN,30,COLISION,30,COLISION,1,URBANA,11,CRUCE CON SEMAFORO FUNCIONANDO,10,DESOBEDIENCIA A SEÑALIZACION,62,SEÑALIZACION DESOBEDECER LUZ ROJA DE SEMAFORO,0,COSTANERA,0,CAMINO A LENGA,CAMINO A LENGA - COSTANERA,0, , , , ,2,2,3,BIDIRECCIONAL CON BANDEJON,1,CONCRETO,1,BUENO,3,MOJADO,3,LLUVIA,0,1,0,1,0
-8140159.08364204,-4407478.21321625,4856,56403,1343603,-73.1242932,-36.7727499,175,HUALPEN,1,14005,2021,1343603,REGION BIO BIO,8112,HUALPEN,LENGA,CAMINO A LENGA,0,"LENGA & CAMINO A LENGA, HUALPEN",CHILE,GEOMETRIC_CENTER,19348,2021,1343603,1,2021/04/14 00:00:00+00,1899/12/30 00:00:00+00,8,REGION BIO BIO,8112,HUALPEN,70,VOLCADURA,70,VOLCADURA,1,URBANA,1,TRAMO DE VIA RECTA,9,PERDIDA CONTROL VEHICULO,95,PERDIDA CONTROL VEHICULO,0,LENGA,0,CAMINO A LENGA,CAMINO A LENGA - LENGA,0, , , , ,1,1,2,BIDIRECCIONAL,1,CONCRETO,1,BUENO,1,SECO,1,DESPEJADO,0,0,0,0,1
-8140159.08364204,-4407478.21321625,4857,56404,1373701,-73.1242932,-36.7727499,175,HUALPEN,1,35084,2021,1373701,REGION BIO BIO,8112,HUALPEN,CAMINO A LENGA, ,204,"CAMINO A LENGA 204, HUALPEN",CHILE,RANGE_INTERPOLATED,48359,2021,1373701,1,2021/08/25 00:00:00+00,1899/12/30 00:00:00+00,8,REGION BIO BIO,8112,HUALPEN,50,CHOQUE,40,CHOQUE,1,URBANA,1,TRAMO DE VIA RECTA,4,ALCOHOL EN CONDUCTOR,24,CONDUCCION EN ESTADO DE EBRIEDAD,0,CAMINO A LENGA,0, ,- CAMINO A LENGA,204, , , , ,1,1,2,BIDIRECCIONAL,1,CONCRETO,1,BUENO,3,MOJADO,3,LLUVIA,0,0,0,0,1
-8140159.08364204,-4407478.21321625,4858,56405,1391423,-73.1242932,-36.7727499,175,HUALPEN,1,47076,2021,1391423,REGION BIO BIO,8112,HUALPEN,LENGA, ,460,"LENGA 460, HUALPEN",CHILE,RANGE_INTERPOLATED,64220,2021,1391423,1,2021/10/29 00:00:00+00,1899/12/30 00:00:00+00,8,REGION BIO BIO,8112,HUALPEN,20,CAIDA,20,CAIDA,1,URBANA,1,TRAMO DE VIA RECTA,3,IMPRUDENCIA DEL PASAJERO,41,PASAJERO SUBE O DESCIENDE DE VEHICULO MOVIMIENTO,0,LENGA,0, ,- LENGA,460, , , , ,1,1,2,BIDIRECCIONAL,1,CONCRETO,1,BUENO,1,SECO,1,DESPEJADO,0,0,0,1,1