X,Y,FID,FID_1,LABELID,POINT_X,POINT_Y,FID_2,COMUNAREAL,VAL_COM,OBJECTID,A_O,IDACCIDENT,REGION,COD_COMUN,COMUNA,CALLE_UNO,CALLE_DOS,NUMERO,DIR_GEOCOD,PAIS,TIPO,OBJECTID_1,Año,Idaccide_1,Claseaccid,Fecha,Hora,Cód_Regi,Región,Cód_Comun,Comuna_1,Cód_Tipo_,Tipo_Accid,Cód_Tipo1,Tipo__CONA,Cód_Zona,Zona,Cód_Ubica,Ubicación,Cód_Causa,Causa__CON,Cód_Cau_1,Causa,Cód_Calle,Calle_Un_1,Cód_Cal_1,Calle_Do_1,Intersecci,Número,Ruta,Cód_Ruta,Ubicaci_1,Km_Vía_Fe,Pistas_de_,Pistas_de1,Cód_Calza,Calzada,Cód__Tipo,Tipo_Calza,Cód_Estad,Estado_Cal,Cód_Condi,Condición,Cód_Est_1,Estado_Atm,Fallecidos,Graves,Menos_Grav,Leves,Ilesos
-8140159.08364204,-4407478.21321625,4859,56406,1393740,-73.1242932,-36.7727499,175,HUALPEN,1,48871,2021,1393740,REGION BIO BIO,8112,HUALPEN,CAMINO A LENGA,LENGA,0,"CAMINO A LENGA & LENGA, HUALPEN",CHILE,GEOMETRIC_CENTER,66636,2021,1393740,1,2021/11/07 00:00:00+00,1899/12/30 00:00:00+00,8,REGION BIO BIO,8112,HUALPEN,10,ATROPELLO,10,ATROPELLO,1,URBANA,1,TRAMO DE VIA RECTA,2,IMPRUDENCIA DEL PEATON,55,PEATON CRUZA CALZADA FUERA PASO PEATONES,0,CAMINO A LENGA,0,LENGA,CAMINO A LENGA - LENGA,0, , , , ,1,1,3,BIDIRECCIONAL CON BANDEJON,1,CONCRETO,1,BUENO,1,SECO,1,DESPEJADO,0,0,0,1,1
-8140159.08364204,-4407478.21321625,4860,56407,1403523,-73.1242932,-36.7727499,175,HUALPEN,1,55771,2021,1403523,REGION BIO BIO,8112,HUALPEN,LENGA,CAMINO A LENGA,0,"LENGA & CAMINO A LENGA, HUALPEN",CHILE,GEOMETRIC_CENTER,75816,2021,1403523,1,2021/12/12 00:00:00+00,1899/12/30 00:00:00+00,8,REGION BIO BIO,8112,HUALPEN,63,CHOQUE FRENTE/POSTERIOR,40,CHOQUE,1,URBANA,1,TRAMO DE VIA RECTA,1,IMPRUDENCIA DEL CONDUCTOR,27,CONDUCCION NO ATENTO CONDICIONES TRANSITO MOMENTO,0,LENGA,0,CAMINO A LENGA,CAMINO A LENGA - LENGA,0, , , , ,1,1,2,BIDIRECCIONAL,1,CONCRETO,1,BUENO,1,SECO,1,DESPEJADO,0,0,0,0,2
-8141104.40875785,-4407063.2484059,4861,56408,1391025,-73.1327852,-36.7697639,175,HUALPEN,1,46816,2021,1391025,REGION BIO BIO,8112,HUALPEN,LENGA,ROCOTO,0,"LENGA & ROCOTO, HUALPEN",CHILE,GEOMETRIC_CENTER,63876,2021,1391025,1,2021/10/27 00:00:00+00,1899/12/30 00:00:00+00,8,REGION BIO BIO,8112,HUALPEN,63,CHOQUE FRENTE/POSTERIOR,40,CHOQUE,1,URBANA,16,CRUCE SIN SEÑALIZACION,1,IMPRUDENCIA DEL CONDUCTOR,27,CONDUCCION NO ATENTO CONDICIONES TRANSITO MOMENTO,0,LENGA,0,ROCOTO,LENGA - ROCOTO,0, , , , ,1,1,2,BIDIRECCIONAL,1,CONCRETO,1,BUENO,1,SECO,1,DESPEJADO,0,0,0,0,2
-8145424.88517478,-4406767.94672073,4862,56409,1395732,-73.1715967,-36.7676389,175,HUALPEN,1,50258,2021,1395732,REGION BIO BIO,8112,HUALPEN,LENGA,LAS ANCLAS,0,"LENGA & LAS ANCLAS, HUALPEN",CHILE,GEOMETRIC_CENTER,68454,2021,1395732,1,2021/11/14 00:00:00+00,1899/12/30 00:00:00+00,8,REGION BIO BIO,8112,HUALPEN,30,COLISION,30,COLISION,1,URBANA,16,CRUCE SIN SEÑALIZACION,1,IMPRUDENCIA DEL CONDUCTOR,28,CONDUCCION SIN MANTENER DISTANCIA RAZONABLE NI PRUDENTE,0,LENGA,0,LAS ANCLAS,LAS ANCLAS - LENGA,0, , , , ,1,1,2,BIDIRECCIONAL,1,CONCRETO,1,BUENO,1,SECO,1,DESPEJADO,0,0,0,0,2
-8145493.75854373,-4406717.19734461,4863,56410,1387440,-73.1722154,-36.7672737,175,HUALPEN,1,44846,2021,1387440,REGION BIO BIO,8112,HUALPEN,EL FARO, ,27,"EL FARO 27, HUALPEN",CHILE,RANGE_INTERPOLATED,61290,2021,1387440,1,2021/10/16 00:00:00+00,1899/12/30 00:00:00+00,8,REGION BIO BIO,8112,HUALPEN,50,CHOQUE,40,CHOQUE,1,URBANA,1,TRAMO DE VIA RECTA,1,IMPRUDENCIA DEL CONDUCTOR,27,CONDUCCION NO ATENTO CONDICIONES TRANSITO MOMENTO,0,EL FARO,0, ,- EL FARO,27, , , , ,1,1,2,BIDIRECCIONAL,1,CONCRETO,1,BUENO,1,SECO,1,DESPEJADO,0,0,0,0,2
-8135289.25667,-4409073.37947451,4864,56411,1364331,-73.0805468,-36.7842273,176,TALCAHUANO,2,27860,2021,1364331,REGION BIO BIO,8112,HUALPEN,O'HIGGINS, ,70,"O'HIGGINS 70, HUALPEN",CHILE,RANGE_INTERPOLATED,38481,2021,1364331,1,2021/07/15 00:00:00+00,1899/12/30 00:00:00+00,8,REGION BIO BIO,8112,HUALPEN,30,COLISION,30,COLISION,1,URBANA,15,CRUCE CON SEÑAL CEDA EL PASO,1,IMPRUDENCIA DEL CONDUCTOR,27,CONDUCCION NO ATENTO CONDICIONES TRANSITO MOMENTO,0,O'HIGGINS,0, ,- O'HIGGINS,70, , , , ,2,0,1,UNIDIRECCIONAL,1,CONCRETO,1,BUENO,1,SECO,1,DESPEJADO,0,0,0,0,2
-8135491.7134279,-4409004.20256036,4865,56412,1364948,-73.0823655,-36.7837296,176,TALCAHUANO,1,28663,2021,1364948,REGION BIO BIO,8110,TALCAHUANO,O'HIGGINS,SAN CARLOS,0,"O'HIGGINS & SAN CARLOS, TALCAHUANO",CHILE,GEOMETRIC_CENTER,39603,2021,1364948,1,2021/07/19 00:00:00+00,1899/12/30 00:00:00+00,8,REGION BIO BIO,8110,TALCAHUANO,30,COLISION,30,COLISION,1,URBANA,21,ENLACE A NIVEL,13,CAUSAS NO DETERMINADAS,97,CAUSAS NO DETERMINADAS,0,O'HIGGINS,0,SAN CARLOS,O'HIGGINS - SAN CARLOS,0, , , , ,2,2,2,BIDIRECCIONAL,1,CONCRETO,1,BUENO,1,SECO,1,DESPEJADO,0,0,0,0,1
-8135491.7134279,-4409004.20256036,4866,56413,1388138,-73.0823655,-36.7837296,176,TALCAHUANO,1,42865,2021,1388138,REGION BIO BIO,8110,TALCAHUANO,SAN CARLOS,O'HIGGINS,0,"SAN CARLOS & O'HIGGINS, TALCAHUANO",CHILE,GEOMETRIC_CENTER,58680,2021,1388138,1,2021/10/06 00:00:00+00,1899/12/30 00:00:00+00,8,REGION BIO BIO,8110,TALCAHUANO,32,COLISION LATERAL,30,COLISION,1,URBANA,15,CRUCE CON SEÑAL CEDA EL PASO,10,DESOBEDIENCIA A SEÑALIZACION,64,SEÑALIZACION DESOBEDECER SEÑAL CEDA EL PASO,0,SAN CARLOS,0,O'HIGGINS,O'HIGGINS - SAN CARLOS,0, , , , ,1,1,2,BIDIRECCIONAL,1,CONCRETO,1,BUENO,1,SECO,1,DESPEJADO,0,0,0,0,2
-8135660.42924815,-4408959.08561067,4867,56414,1362237,-73.0838811,-36.783405,176,TALCAHUANO,1,27192,2021,1362237,REGION BIO BIO,8110,TALCAHUANO,O'HIGGINS, ,3785,"O'HIGGINS 3785, TALCAHUANO",CHILE,RANGE_INTERPOLATED,37491,2021,1362237,1,2021/07/10 00:00:00+00,1899/12/30 00:00:00+00,8,REGION BIO BIO,8110,TALCAHUANO,51,CHOQUE FRONTAL,40,CHOQUE,1,URBANA,1,TRAMO DE VIA RECTA,4,ALCOHOL EN CONDUCTOR,24,CONDUCCION EN ESTADO DE EBRIEDAD,0,O'HIGGINS,0, ,- O'HIGGINS,3785, , , , ,1,1,3,BIDIRECCIONAL CON BANDEJON,1,CONCRETO,1,BUENO,1,SECO,2,NUBLADO,0,1,0,0,0
-8135660.42924815,-4408959.08561067,4868,56415,1371314,-73.0838811,-36.783405,176,TALCAHUANO,1,33138,2021,1371314,REGION BIO BIO,8110,TALCAHUANO,O'HIGGINS, ,869,"O'HIGGINS 869, TALCAHUANO",CHILE,RANGE_INTERPOLATED,45687,2021,1371314,1,2021/08/13 00:00:00+00,1899/12/30 00:00:00+00,8,REGION BIO BIO,8110,TALCAHUANO,33,COLISION POR ALCANCE,30,COLISION,1,URBANA,1,TRAMO DE VIA RECTA,1,IMPRUDENCIA DEL CONDUCTOR,11,ADELANTAMIENTO SIN EL ESPACIO O TIEMPO SUFICIENTE,0,O'HIGGINS,0, ,- O'HIGGINS,869, , , , ,1,1,2,BIDIRECCIONAL,1,CONCRETO,1,BUENO,1,SECO,1,DESPEJADO,0,0,0,0,2
-8135660.42924815,-4408959.08561067,4869,56416,1371515,-73.0838811,-36.783405,176,TALCAHUANO,1,33475,2021,1371515,REGION BIO BIO,8110,TALCAHUANO,AUTOPISTA,O'HIGGINS,0,"AUTOPISTA & O'HIGGINS, TALCAHUANO",CHILE,GEOMETRIC_CENTER,46154,2021,1371515,1,2021/08/15 00:00:00+00,1899/12/30 00:00:00+00,8,REGION BIO BIO,8110,TALCAHUANO,30,COLISION,30,COLISION,1,URBANA,16,CRUCE SIN SEÑALIZACION,7,VELOCIDAD IMPRUDENTE,72,VELOCIDAD NO RAZONABLE NI PRUDENTE,0,AUTOPISTA,0,O'HIGGINS,AUTOPISTA - O'HIGGINS,0, , , , ,2,2,2,BIDIRECCIONAL,1,CONCRETO,1,BUENO,3,MOJADO,3,LLUVIA,0,0,0,0,2
-8135660.42924815,-4408959.08561067,4870,56417,1397073,-73.0838811,-36.783405,176,TALCAHUANO,1,51468,2021,1397073,REGION BIO BIO,8110,TALCAHUANO,O'HIGGINS, ,869,"O'HIGGINS 869, TALCAHUANO",CHILE,RANGE_INTERPOLATED,70011,2021,1397073,1,2021/11/20 00:00:00+00,1899/12/30 00:00:00+00,8,REGION BIO BIO,8110,TALCAHUANO,70,VOLCADURA,70,VOLCADURA,1,URBANA,1,TRAMO DE VIA RECTA,12,FALLAS MECANICAS,6,FALLAS MECANICAS MOTOR,0,O'HIGGINS,0, ,- O'HIGGINS,869, , , , ,1,1,2,BIDIRECCIONAL,1,CONCRETO,1,BUENO,1,SECO,1,DESPEJADO,0,0,1,0,0
-8135782.16824328,-4408925.35226759,4871,56418,1366096,-73.0849747,-36.7831623,176,TALCAHUANO,1,28380,2021,1366096,REGION BIO BIO,8110,TALCAHUANO,O'HIGGINS, ,7,"O'HIGGINS 7, TALCAHUANO",CHILE,RANGE_INTERPOLATED,39197,2021,1366096,1,2021/07/17 00:00:00+00,1899/12/30 00:00:00+00,8,REGION BIO BIO,8110,TALCAHUANO,70,VOLCADURA,70,VOLCADURA,1,URBANA,1,TRAMO DE VIA RECTA,9,PERDIDA CONTROL VEHICULO,95,PERDIDA CONTROL VEHICULO,0,O'HIGGINS,0, ,- O'HIGGINS,7, , , , ,1,1,3,BIDIRECCIONAL CON BANDEJON,1,CONCRETO,1,BUENO,1,SECO,1,DESPEJADO,0,0,0,1,0
-8135782.16824328,-4408925.35226759,4872,56419,1376541,-73.0849747,-36.7831623,176,TALCAHUANO,1,36743,2021,1376541,REGION BIO BIO,8110,TALCAHUANO,O'HIGGINS, ,7,"O'HIGGINS 7, TALCAHUANO",CHILE,RANGE_INTERPOLATED,50529,2021,1376541,1,2021/09/03 00:00:00+00,1899/12/30 00:00:00+00,8,REGION BIO BIO,8110,TALCAHUANO,32,COLISION LATERAL,30,COLISION,1,URBANA,5,PUENTE,7,VELOCIDAD IMPRUDENTE,73,"VELOCIDAD NO REDUCIR CRUCE DE CALLES, CUMBRE, CURVA, ETC.",0,O'HIGGINS,0, ,- O'HIGGINS,7, , , , ,1,1,2,BIDIRECCIONAL,1,CONCRETO,1,BUENO,1,SECO,1,DESPEJADO,1,0,0,0,2
-8135782.16824328,-4408925.35226759,4873,56420,1398834,-73.0849747,-36.7831623,176,TALCAHUANO,1,52564,2021,1398834,REGION BIO BIO,8110,TALCAHUANO,O'HIGGINS, ,7,"O'HIGGINS 7, TALCAHUANO",CHILE,RANGE_INTERPOLATED,71453,2021,1398834,1,2021/11/26 00:00:00+00,1899/12/30 00:00:00+00,8,REGION BIO BIO,8110,TALCAHUANO,70,VOLCADURA,70,VOLCADURA,1,URBANA,1,TRAMO DE VIA RECTA,9,PERDIDA CONTROL VEHICULO,95,PERDIDA CONTROL VEHICULO,0,O'HIGGINS,0, ,- O'HIGGINS,7, , , , ,1,1,2,BIDIRECCIONAL,1,CONCRETO,1,BUENO,1,SECO,1,DESPEJADO,0,0,0,1,0
-8135782.16824328,-4408925.35226759,4874,56421,1405431,-73.0849747,-36.7831623,176,TALCAHUANO,1,55632,2021,1405431,REGION BIO BIO,8110,TALCAHUANO,O'HIGGINS, ,3,"O'HIGGINS 3, TALCAHUANO",CHILE,RANGE_INTERPOLATED,75591,2021,1405431,1,2021/12/11 00:00:00+00,1899/12/30 00:00:00+00,8,REGION BIO BIO,8110,TALCAHUANO,70,VOLCADURA,70,VOLCADURA,1,URBANA,1,TRAMO DE VIA RECTA,9,PERDIDA CONTROL VEHICULO,95,PERDIDA CONTROL VEHICULO,0,O'HIGGINS,0, ,- O'HIGGINS,3, , , , ,1,1,2,BIDIRECCIONAL,1,CONCRETO,1,BUENO,1,SECO,1,DESPEJADO,0,1,0,0,0
-8135820.81837048,-4408922.83651782,4875,56422,1336220,-73.0853219,-36.7831442,176,TALCAHUANO,2,8443,2021,1336220,REGION BIO BIO,8112,HUALPEN,O'HIGGINS, ,200,"O'HIGGINS 200, HUALPEN",CHILE,RANGE_INTERPOLATED,11846,2021,1336220,1,2021/03/03 00:00:00+00,1899/12/30 00:00:00+00,8,REGION BIO BIO,8112,HUALPEN,30,COLISION,30,COLISION,1,URBANA,1,TRAMO DE VIA RECTA,1,IMPRUDENCIA DEL CONDUCTOR,29,CONDUCCION CAMBIAR SORPRESIVAMENTE PISTA CIRCULACION,0,O'HIGGINS,0, ,- O'HIGGINS,200, , , , ,2,2,3,BIDIRECCIONAL CON BANDEJON,1,CONCRETO,1,BUENO,1,SECO,1,DESPEJADO,0,0,0,0,2
-8135734.25633444,-4408910.64695411,4876,56423,1344948,-73.0845443,-36.7830565,176,TALCAHUANO,1,14400,2021,1344948,REGION BIO BIO,8110,TALCAHUANO,O'HIGGINS, ,69,"O'HIGGINS 69, TALCAHUANO",CHILE,RANGE_INTERPOLATED,19854,2021,1344948,1,2021/04/17 00:00:00+00,1899/12/30 00:00:00+00,8,REGION BIO BIO,8110,TALCAHUANO,51,CHOQUE FRONTAL,40,CHOQUE,1,URBANA,1,TRAMO DE VIA RECTA,9,PERDIDA CONTROL VEHICULO,95,PERDIDA CONTROL VEHICULO,0,O'HIGGINS,0, ,- O'HIGGINS,69, , , , ,1,1,3,BIDIRECCIONAL CON BANDEJON,1,CONCRETO,1,BUENO,1,SECO,1,DESPEJADO,0,0,0,1,1
-8135842.12492102,-4408905.46257149,4877,56424,1365963,-73.0855133,-36.7830192,176,TALCAHUANO,2,29575,2021,1365963,REGION BIO BIO,8112,HUALPEN,O'HIGGINS,ARTEAGA ALEMPARTE,0,"O'HIGGINS & ARTEAGA ALEMPARTE, HUALPEN",CHILE,GEOMETRIC_CENTER,40898,2021,1365963,1,2021/07/25 00:00:00+00,1899/12/30 00:00:00+00,8,REGION BIO BIO,8112,HUALPEN,70,VOLCADURA,70,VOLCADURA,1,URBANA,1,TRAMO DE VIA RECTA,4,ALCOHOL EN CONDUCTOR,24,CONDUCCION EN ESTADO DE EBRIEDAD,0,O'HIGGINS,0,ARTEAGA ALEMPARTE,ARTEAGA ALEMPARTE - O'HIGGINS,0, , , , ,1,1,2,BIDIRECCIONAL,1,CONCRETO,1,BUENO,3,MOJADO,3,LLUVIA,0,0,0,0,1
-8135842.12492102,-4408905.46257149,4878,56425,1371638,-73.0855133,-36.7830192,176,TALCAHUANO,2,33557,2021,1371638,REGION BIO BIO,8112,HUALPEN,ARTEAGA ALEMPARTE,O'HIGGINS,0,"ARTEAGA ALEMPARTE & O'HIGGINS, HUALPEN",CHILE,GEOMETRIC_CENTER,46275,2021,1371638,1,2021/08/16 00:00:00+00,1899/12/30 00:00:00+00,8,REGION BIO BIO,8112,HUALPEN,70,VOLCADURA,70,VOLCADURA,1,URBANA,21,ENLACE A NIVEL,7,VELOCIDAD IMPRUDENTE,71,VELOCIDAD MAYOR QUE MAXIMA PERMITIDA,0,ARTEAGA ALEMPARTE,0,O'HIGGINS,ARTEAGA ALEMPARTE - O'HIGGINS,0, , , , ,2,2,3,BIDIRECCIONAL CON BANDEJON,1,CONCRETO,1,BUENO,2,HUMEDO,2,NUBLADO,0,0,0,0,1
-8136357.37831611,-4408732.9477718,4879,56426,1404233,-73.0901419,-36.781778,176,TALCAHUANO,1,56282,2021,1404233,REGION BIO BIO,8110,TALCAHUANO,LAS GOLONDRINAS,2 PONIENTE,0,"LAS GOLONDRINAS & 2 PONIENTE, TALCAHUANO",CHILE,GEOMETRIC_CENTER,76491,2021,1404233,1,2021/12/15 00:00:00+00,1899/12/30 00:00:00+00,8,REGION BIO BIO,8110,TALCAHUANO,30,COLISION,30,COLISION,1,URBANA,1,TRAMO DE VIA RECTA,1,IMPRUDENCIA DEL CONDUCTOR,27,CONDUCCION NO ATENTO CONDICIONES TRANSITO MOMENTO,0,LAS GOLONDRINAS,0,2 PONIENTE,2 PONIENTE - LAS GOLONDRINAS,0, , , , ,2,2,3,BIDIRECCIONAL CON BANDEJON,1,CONCRETO,1,BUENO,1,SECO,1,DESPEJADO,0,0,0,1,1
-8136418.21441783,-4408698.40901006,4880,56427,1380169,-73.0906884,-36.7815295,176,TALCAHUANO,2,39344,2021,1380169,REGION BIO BIO,8112,HUALPEN,LAS GOLONDRINAS, ,344,"LAS GOLONDRINAS 344, HUALPEN",CHILE,RANGE_INTERPOLATED,54026,2021,1380169,1,2021/09/16 00:00:00+00,1899/12/30 00:00:00+00,8,REGION BIO BIO,8112,HUALPEN,30,COLISION,30,COLISION,1,URBANA,15,CRUCE CON SEÑAL CEDA EL PASO,10,DESOBEDIENCIA A SEÑALIZACION,64,SEÑALIZACION DESOBEDECER SEÑAL CEDA EL PASO,0,LAS GOLONDRINAS,0, ,- LAS GOLONDRINAS,344, , , , ,2,2,3,BIDIRECCIONAL CON BANDEJON,1,CONCRETO,1,BUENO,1,SECO,1,DESPEJADO,0,2,0,0,1
-8136493.06564344,-4408688.9855766,4881,56428,1381178,-73.0913608,-36.7814617,176,TALCAHUANO,2,40276,2021,1381178,REGION BIO BIO,8112,HUALPEN,LAS GOLONDRINAS,5 PONIENTE,0,"LAS GOLONDRINAS & 5 PONIENTE, HUALPEN",CHILE,GEOMETRIC_CENTER,55306,2021,1381178,1,2021/09/22 00:00:00+00,1899/12/30 00:00:00+00,8,REGION BIO BIO,8112,HUALPEN,63,CHOQUE FRENTE/POSTERIOR,40,CHOQUE,1,URBANA,15,CRUCE CON SEÑAL CEDA EL PASO,1,IMPRUDENCIA DEL CONDUCTOR,27,CONDUCCION NO ATENTO CONDICIONES TRANSITO MOMENTO,0,LAS GOLONDRINAS,0,5 PONIENTE,5 PONIENTE - LAS GOLONDRINAS,0, , , , ,2,2,3,BIDIRECCIONAL CON BANDEJON,1,CONCRETO,1,BUENO,1,SECO,1,DESPEJADO,0,0,0,0,2
-8136464.40087456,-4408678.83941125,4882,56429,1405618,-73.0911033,-36.7813887,176,TALCAHUANO,1,56281,2021,1405618,REGION BIO BIO,8110,TALCAHUANO,LAS GOLONDRINAS, ,384,"LAS GOLONDRINAS 384, TALCAHUANO",CHILE,RANGE_INTERPOLATED,76490,2021,1405618,1,2021/12/15 00:00:00+00,1899/12/30 00:00:00+00,8,REGION BIO BIO,8110,TALCAHUANO,33,COLISION POR ALCANCE,30,COLISION,1,URBANA,1,TRAMO DE VIA RECTA,1,IMPRUDENCIA DEL CONDUCTOR,28,CONDUCCION SIN MANTENER DISTANCIA RAZONABLE NI PRUDENTE,0,LAS GOLONDRINAS,0, ,- LAS GOLONDRINAS,384, , , , ,1,1,3,BIDIRECCIONAL CON BANDEJON,1,CONCRETO,1,BUENO,1,SECO,1,DESPEJADO,0,0,0,0,2
-8136697.92690234,-4408616.53104886,4883,56430,1362300,-73.0932011,-36.7809404,176,TALCAHUANO,1,26720,2021,1362300,REGION BIO BIO,8110,TALCAHUANO,AYSEN,LAS GOLONDRINAS,0,"AYSEN & LAS GOLONDRINAS, TALCAHUANO",CHILE,GEOMETRIC_CENTER,36846,2021,1362300,1,2021/07/08 00:00:00+00,1899/12/30 00:00:00+00,8,REGION BIO BIO,8110,TALCAHUANO,32,COLISION LATERAL,30,COLISION,1,URBANA,14,CRUCE CON SEÑAL PARE,10,DESOBEDIENCIA A SEÑALIZACION,65,SEÑALIZACION DESOBEDECER SEÑAL PARE,0,AYSEN,0,LAS GOLONDRINAS,AYSEN - LAS GOLONDRINAS,0, , , , ,1,1,2,BIDIRECCIONAL,1,CONCRETO,1,BUENO,1,SECO,1,DESPEJADO,0,0,0,0,2
-8136697.92690234,-4408616.53104886,4884,56431,1391731,-73.0932011,-36.7809404,176,TALCAHUANO,1,44999,2021,1391731,REGION BIO BIO,8110,TALCAHUANO,AYSEN,LAS GOLONDRINAS,0,"AYSEN & LAS GOLONDRINAS, TALCAHUANO",CHILE,GEOMETRIC_CENTER,61511,2021,1391731,1,2021/10/17 00:00:00+00,1899/12/30 00:00:00+00,8,REGION BIO BIO,8110,TALCAHUANO,32,COLISION LATERAL,30,COLISION,1,URBANA,1,TRAMO DE VIA RECTA,1,IMPRUDENCIA DEL CONDUCTOR,32,NO RESPETAR DERECHO PREFERENTE DE PASO A VEHICULO,0,AYSEN,0,LAS GOLONDRINAS,AYSEN - LAS GOLONDRINAS,0, , , , ,1,1,2,BIDIRECCIONAL,1,CONCRETO,1,BUENO,1,SECO,1,DESPEJADO,0,0,0,1,1
-8136609.42790716,-4408608.31687971,4885,56432,1365853,-73.0924061,-36.7808813,176,TALCAHUANO,1,29398,2021,1365853,REGION BIO BIO,8110,TALCAHUANO,SEIS PONIENTE,SEIS SUR,0,"SEIS PONIENTE & SEIS SUR, TALCAHUANO",CHILE,GEOMETRIC_CENTER,40647,2021,1365853,1,2021/07/24 00:00:00+00,1899/12/30 00:00:00+00,8,REGION BIO BIO,8110,TALCAHUANO,30,COLISION,30,COLISION,1,URBANA,15,CRUCE CON SEÑAL CEDA EL PASO,1,IMPRUDENCIA DEL CONDUCTOR,32,NO RESPETAR DERECHO PREFERENTE DE PASO A VEHICULO,0,SEIS PONIENTE,0,SEIS SUR,SEIS PONIENTE - SEIS SUR,0, , , , ,1,1,2,BIDIRECCIONAL,1,CONCRETO,1,BUENO,1,SECO,1,DESPEJADO,0,0,0,0,1
-8136609.42790716,-4408608.31687971,4886,56433,1366530,-73.0924061,-36.7808813,176,TALCAHUANO,1,29399,2021,1366530,REGION BIO BIO,8110,TALCAHUANO,SEIS SUR,SEIS PONIENTE,0,"SEIS SUR & SEIS PONIENTE, TALCAHUANO",CHILE,GEOMETRIC_CENTER,40648,2021,1366530,1,2021/07/24 00:00:00+00,1899/12/30 00:00:00+00,8,REGION BIO BIO,8110,TALCAHUANO,32,COLISION LATERAL,30,COLISION,1,URBANA,15,CRUCE CON SEÑAL CEDA EL PASO,10,DESOBEDIENCIA A SEÑALIZACION,64,SEÑALIZACION DESOBEDECER SEÑAL CEDA EL PASO,0,SEIS SUR,0,SEIS PONIENTE,SEIS PONIENTE - SEIS SUR,0, , , , ,1,1,2,BIDIRECCIONAL,1,CONCRETO,1,BUENO,1,SECO,1,DESPEJADO,0,0,0,0,2
-8136835.94080703,-4408579.60208438,4887,56434,1335866,-73.0944409,-36.7806747,176,TALCAHUANO,1,8772,2021,1335866,REGION BIO BIO,8110,TALCAHUANO,LAS GOLONDRINAS,AVIACION,0,"LAS GOLONDRINAS & AVIACION, TALCAHUANO",CHILE,GEOMETRIC_CENTER,12271,2021,1335866,1,2021/03/04 00:00:00+00,1899/12/30 00:00:00+00,8,REGION BIO BIO,8110,TALCAHUANO,61,CHOQUE FRENTE/FRENTE,40,CHOQUE,1,URBANA,16,CRUCE SIN SEÑALIZACION,1,IMPRUDENCIA DEL CONDUCTOR,93,CONDUCIR VEHICULO EN RETROCESO,0,LAS GOLONDRINAS,0,AVIACION,AVIACION - LAS GOLONDRINAS,0, , , , ,2,2,3,BIDIRECCIONAL CON BANDEJON,1,CONCRETO,1,BUENO,1,SECO,1,DESPEJADO,0,0,0,0,2
-8136835.94080703,-4408579.60208438,4888,56435,1398716,-73.0944409,-36.7806747,176,TALCAHUANO,1,52899,2021,1398716,REGION BIO BIO,8110,TALCAHUANO,AVIACION,LAS GOLONDRINAS,0,"AVIACION & LAS GOLONDRINAS, TALCAHUANO",CHILE,GEOMETRIC_CENTER,71899,2021,1398716,1,2021/11/27 00:00:00+00,1899/12/30 00:00:00+00,8,REGION BIO BIO,8110,TALCAHUANO,63,CHOQUE FRENTE/POSTERIOR,40,CHOQUE,1,URBANA,14,CRUCE CON SEÑAL PARE,1,IMPRUDENCIA DEL CONDUCTOR,27,CONDUCCION NO ATENTO CONDICIONES TRANSITO MOMENTO,0,AVIACION,0,LAS GOLONDRINAS,AVIACION - LAS GOLONDRINAS,0, , , , ,2,2,3,BIDIRECCIONAL CON BANDEJON,1,CONCRETO,1,BUENO,1,SECO,1,DESPEJADO,0,0,0,0,2
-8136867.34403538,-4408552.91657438,4889,56436,1336774,-73.094723,-36.7804827,176,TALCAHUANO,1,8771,2021,1336774,REGION BIO BIO,8110,TALCAHUANO,LAS GOLONDRINAS, ,708,"LAS GOLONDRINAS 708, TALCAHUANO",CHILE,RANGE_INTERPOLATED,12270,2021,1336774,1,2021/03/04 00:00:00+00,1899/12/30 00:00:00+00,8,REGION BIO BIO,8110,TALCAHUANO,68,CHOQUE POSTERIOR/LADO,40,CHOQUE,1,URBANA,1,TRAMO DE VIA RECTA,1,IMPRUDENCIA DEL CONDUCTOR,27,CONDUCCION NO ATENTO CONDICIONES TRANSITO MOMENTO,0,LAS GOLONDRINAS,0, ,- LAS GOLONDRINAS,708, , , , ,1,1,2,BIDIRECCIONAL,1,CONCRETO,1,BUENO,1,SECO,1,DESPEJADO,0,0,0,0,2
-8137270.10908502,-4408457.39133575,4890,56437,1331072,-73.0983411,-36.7797954,176,TALCAHUANO,2,5473,2021,1331072,REGION BIO BIO,8112,HUALPEN,LAS GOLONDRINAS,HOLANDA,0,"LAS GOLONDRINAS & HOLANDA, HUALPEN",CHILE,GEOMETRIC_CENTER,7643,2021,1331072,1,2021/02/09 00:00:00+00,1899/12/30 00:00:00+00,8,REGION BIO BIO,8112,HUALPEN,30,COLISION,30,COLISION,1,URBANA,11,CRUCE CON SEMAFORO FUNCIONANDO,1,IMPRUDENCIA DEL CONDUCTOR,27,CONDUCCION NO ATENTO CONDICIONES TRANSITO MOMENTO,0,LAS GOLONDRINAS,0,HOLANDA,HOLANDA - LAS GOLONDRINAS,0, , , , ,2,0,1,UNIDIRECCIONAL,1,CONCRETO,1,BUENO,1,SECO,2,NUBLADO,0,0,0,5,0
-8137270.10908502,-4408457.39133575,4891,56438,1379400,-73.0983411,-36.7797954,176,TALCAHUANO,2,38021,2021,1379400,REGION BIO BIO,8112,HUALPEN,LAS GOLONDRINAS,HOLANDA,0,"LAS GOLONDRINAS & HOLANDA, HUALPEN",CHILE,GEOMETRIC_CENTER,52239,2021,1379400,1,2021/09/10 00:00:00+00,1899/12/30 00:00:00+00,8,REGION BIO BIO,8112,HUALPEN,50,CHOQUE,40,CHOQUE,1,URBANA,11,CRUCE CON SEMAFORO FUNCIONANDO,4,ALCOHOL EN CONDUCTOR,24,CONDUCCION EN ESTADO DE EBRIEDAD,0,LAS GOLONDRINAS,0,HOLANDA,HOLANDA - LAS GOLONDRINAS,0, , , , ,2,2,3,BIDIRECCIONAL CON BANDEJON,1,CONCRETO,1,BUENO,1,SECO,2,NUBLADO,0,0,0,1,1