X,Y,FID,FID_1,LABELID,POINT_X,POINT_Y,FID_2,COMUNAREAL,VAL_COM,OBJECTID,A_O,IDACCIDENT,REGION,COD_COMUN,COMUNA,CALLE_UNO,CALLE_DOS,NUMERO,DIR_GEOCOD,PAIS,TIPO,OBJECTID_1,Año,Idaccide_1,Claseaccid,Fecha,Hora,Cód_Regi,Región,Cód_Comun,Comuna_1,Cód_Tipo_,Tipo_Accid,Cód_Tipo1,Tipo__CONA,Cód_Zona,Zona,Cód_Ubica,Ubicación,Cód_Causa,Causa__CON,Cód_Cau_1,Causa,Cód_Calle,Calle_Un_1,Cód_Cal_1,Calle_Do_1,Intersecci,Número,Ruta,Cód_Ruta,Ubicaci_1,Km_Vía_Fe,Pistas_de_,Pistas_de1,Cód_Calza,Calzada,Cód__Tipo,Tipo_Calza,Cód_Estad,Estado_Cal,Cód_Condi,Condición,Cód_Est_1,Estado_Atm,Fallecidos,Graves,Menos_Grav,Leves,Ilesos
-8133000.91755751,-4408103.52594944,4923,45345,1390938,-73.0599903,-36.7772493,176,TALCAHUANO,0,46500,2021,1390938,REGION BIO BIO,8101,CONCEPCION,JORGE ALESSANDRI,CAMINO AEROPUERTO,0,"JORGE ALESSANDRI & CAMINO AEROPUERTO, CONCEPCION",CHILE,GEOMETRIC_CENTER,63496,2021,1390938,1,2021/10/26 00:00:00+00,1899/12/30 00:00:00+00,8,REGION BIO BIO,8101,CONCEPCION,30,COLISION,30,COLISION,1,URBANA,1,TRAMO DE VIA RECTA,13,CAUSAS NO DETERMINADAS,97,CAUSAS NO DETERMINADAS,0,JORGE ALESSANDRI,0,CAMINO AEROPUERTO,CAMINO AEROPUERTO - JORGE ALESSANDRI,0, , , , ,3,3,2,BIDIRECCIONAL,1,CONCRETO,1,BUENO,1,SECO,1,DESPEJADO,0,0,0,0,2
-8136577.96901906,-4408061.58156799,4924,45346,1380136,-73.0921235,-36.7769475,176,TALCAHUANO,1,39686,2021,1380136,REGION BIO BIO,8110,TALCAHUANO,8 PONIENTE, ,6605,"8 PONIENTE 6605, TALCAHUANO",CHILE,RANGE_INTERPOLATED,54490,2021,1380136,1,2021/09/18 00:00:00+00,1899/12/30 00:00:00+00,8,REGION BIO BIO,8110,TALCAHUANO,65,CHOQUE LADO/LADO,40,CHOQUE,1,URBANA,1,TRAMO DE VIA RECTA,4,ALCOHOL EN CONDUCTOR,24,CONDUCCION EN ESTADO DE EBRIEDAD,0,8 PONIENTE,0, ,- 8 PONIENTE,6605, , , , ,1,1,2,BIDIRECCIONAL,1,CONCRETO,1,BUENO,1,SECO,1,DESPEJADO,0,0,0,0,2
-8135324.2555179,-4408053.89595205,4925,45347,1332935,-73.0808612,-36.7768922,176,TALCAHUANO,1,6969,2021,1332935,REGION BIO BIO,8110,TALCAHUANO,EL CARMEN, ,305,"EL CARMEN 305, TALCAHUANO",CHILE,RANGE_INTERPOLATED,9758,2021,1332935,1,2021/02/20 00:00:00+00,1899/12/30 00:00:00+00,8,REGION BIO BIO,8110,TALCAHUANO,31,COLISION FRONTAL,30,COLISION,1,URBANA,1,TRAMO DE VIA RECTA,1,IMPRUDENCIA DEL CONDUCTOR,23,CONDUCCION CONTRA SENTIDO DEL TRANSITO,0,EL CARMEN,0, ,- EL CARMEN,305, , , , ,1,1,2,BIDIRECCIONAL,1,CONCRETO,1,BUENO,1,SECO,1,DESPEJADO,0,0,0,0,2
-8136367.16329935,-4408002.30657228,4926,45348,1388874,-73.0902298,-36.776521,176,TALCAHUANO,1,45176,2021,1388874,REGION BIO BIO,8110,TALCAHUANO,4 PONIENTE, ,6826,"4 PONIENTE 6826, TALCAHUANO",CHILE,RANGE_INTERPOLATED,61757,2021,1388874,1,2021/10/18 00:00:00+00,1899/12/30 00:00:00+00,8,REGION BIO BIO,8110,TALCAHUANO,62,CHOQUE FRENTE/LADO,40,CHOQUE,1,URBANA,1,TRAMO DE VIA RECTA,1,IMPRUDENCIA DEL CONDUCTOR,27,CONDUCCION NO ATENTO CONDICIONES TRANSITO MOMENTO,0,4 PONIENTE,0, ,- 4 PONIENTE,6826, , , , ,1,1,2,BIDIRECCIONAL,1,CONCRETO,1,BUENO,1,SECO,1,DESPEJADO,0,0,0,0,2
-8135950.98425107,-4407987.56083912,4927,45350,1378580,-73.0864912,-36.7764149,176,TALCAHUANO,1,37936,2021,1378580,REGION BIO BIO,8110,TALCAHUANO,CRISTOBAL COLON, ,796,"CRISTOBAL COLON 796, TALCAHUANO",CHILE,RANGE_INTERPOLATED,52125,2021,1378580,1,2021/09/09 00:00:00+00,1899/12/30 00:00:00+00,8,REGION BIO BIO,8110,TALCAHUANO,10,ATROPELLO,10,ATROPELLO,1,URBANA,1,TRAMO DE VIA RECTA,2,IMPRUDENCIA DEL PEATON,52,PEATON CRUZA CALZADA FORMA SORPRESIVA O DESCUIDADA,0,CRISTOBAL COLON,0, ,- CRISTOBAL COLON,796, , , , ,1,0,1,UNIDIRECCIONAL,1,CONCRETO,1,BUENO,1,SECO,1,DESPEJADO,0,0,0,1,1
-8135887.13139115,-4407979.2220735,4928,45351,1339581,-73.0859176,-36.7763549,176,TALCAHUANO,1,8582,2021,1339581,REGION BIO BIO,8110,TALCAHUANO,EJERCITO,CRISTOBAL COLON,0,"EJERCITO & CRISTOBAL COLON, TALCAHUANO",CHILE,GEOMETRIC_CENTER,12029,2021,1339581,1,2021/03/03 00:00:00+00,1899/12/30 00:00:00+00,8,REGION BIO BIO,8110,TALCAHUANO,32,COLISION LATERAL,30,COLISION,1,URBANA,1,TRAMO DE VIA RECTA,10,DESOBEDIENCIA A SEÑALIZACION,62,SEÑALIZACION DESOBEDECER LUZ ROJA DE SEMAFORO,0,EJERCITO,0,CRISTOBAL COLON,CRISTOBAL COLON - EJERCITO,0, , , , ,1,1,2,BIDIRECCIONAL,1,CONCRETO,1,BUENO,1,SECO,1,DESPEJADO,0,0,0,0,2
-8135887.13139115,-4407979.2220735,4929,45352,1365002,-73.0859176,-36.7763549,176,TALCAHUANO,1,29113,2021,1365002,REGION BIO BIO,8110,TALCAHUANO,EJERCITO,CRISTOBAL COLON,0,"EJERCITO & CRISTOBAL COLON, TALCAHUANO",CHILE,GEOMETRIC_CENTER,40249,2021,1365002,1,2021/07/22 00:00:00+00,1899/12/30 00:00:00+00,8,REGION BIO BIO,8110,TALCAHUANO,30,COLISION,30,COLISION,1,URBANA,11,CRUCE CON SEMAFORO FUNCIONANDO,1,IMPRUDENCIA DEL CONDUCTOR,27,CONDUCCION NO ATENTO CONDICIONES TRANSITO MOMENTO,0,EJERCITO,0,CRISTOBAL COLON,CRISTOBAL COLON - EJERCITO,0, , , , ,2,2,2,BIDIRECCIONAL,1,CONCRETO,1,BUENO,1,SECO,1,DESPEJADO,0,0,0,0,1
-8135887.13139115,-4407979.2220735,4930,45353,1371276,-73.0859176,-36.7763549,176,TALCAHUANO,1,33395,2021,1371276,REGION BIO BIO,8110,TALCAHUANO,CRISTOBAL COLON,EJERCITO,0,"CRISTOBAL COLON & EJERCITO, TALCAHUANO",CHILE,GEOMETRIC_CENTER,46033,2021,1371276,1,2021/08/15 00:00:00+00,1899/12/30 00:00:00+00,8,REGION BIO BIO,8110,TALCAHUANO,32,COLISION LATERAL,30,COLISION,1,URBANA,11,CRUCE CON SEMAFORO FUNCIONANDO,10,DESOBEDIENCIA A SEÑALIZACION,62,SEÑALIZACION DESOBEDECER LUZ ROJA DE SEMAFORO,0,CRISTOBAL COLON,0,EJERCITO,CRISTOBAL COLON - EJERCITO,0, , , , ,1,1,3,BIDIRECCIONAL CON BANDEJON,1,CONCRETO,1,BUENO,1,SECO,1,DESPEJADO,0,0,0,1,1
-8135887.13139115,-4407979.2220735,4931,45354,1387083,-73.0859176,-36.7763549,176,TALCAHUANO,1,44235,2021,1387083,REGION BIO BIO,8110,TALCAHUANO,CRISTOBAL COLON,EJERCITO,0,"CRISTOBAL COLON & EJERCITO, TALCAHUANO",CHILE,GEOMETRIC_CENTER,60481,2021,1387083,1,2021/10/13 00:00:00+00,1899/12/30 00:00:00+00,8,REGION BIO BIO,8110,TALCAHUANO,30,COLISION,30,COLISION,1,URBANA,11,CRUCE CON SEMAFORO FUNCIONANDO,1,IMPRUDENCIA DEL CONDUCTOR,27,CONDUCCION NO ATENTO CONDICIONES TRANSITO MOMENTO,0,CRISTOBAL COLON,0,EJERCITO,CRISTOBAL COLON - EJERCITO,0, , , , ,2,2,2,BIDIRECCIONAL,1,CONCRETO,1,BUENO,1,SECO,1,DESPEJADO,0,0,0,0,2
-8135947.0212772,-4407976.99840377,4932,45355,1391590,-73.0864556,-36.7763389,176,TALCAHUANO,1,44220,2021,1391590,REGION BIO BIO,8110,TALCAHUANO,CRISTOBAL COLON, ,6742,"CRISTOBAL COLON 6742, TALCAHUANO",CHILE,RANGE_INTERPOLATED,60462,2021,1391590,1,2021/10/13 00:00:00+00,1899/12/30 00:00:00+00,8,REGION BIO BIO,8110,TALCAHUANO,32,COLISION LATERAL,30,COLISION,1,URBANA,1,TRAMO DE VIA RECTA,1,IMPRUDENCIA DEL CONDUCTOR,11,ADELANTAMIENTO SIN EL ESPACIO O TIEMPO SUFICIENTE,0,CRISTOBAL COLON,0, ,- CRISTOBAL COLON,6742, , , , ,1,1,2,BIDIRECCIONAL,1,CONCRETO,1,BUENO,1,SECO,1,DESPEJADO,0,0,0,0,2
-8136094.5418664,-4407974.67744899,4933,45356,1328255,-73.0877808,-36.7763222,176,TALCAHUANO,1,2898,2021,1328255,REGION BIO BIO,8110,TALCAHUANO,LA MARINA,EJERCITO,0,"LA MARINA & EJERCITO, TALCAHUANO",CHILE,GEOMETRIC_CENTER,3985,2021,1328255,1,2021/01/21 00:00:00+00,1899/12/30 00:00:00+00,8,REGION BIO BIO,8110,TALCAHUANO,32,COLISION LATERAL,30,COLISION,1,URBANA,16,CRUCE SIN SEÑALIZACION,1,IMPRUDENCIA DEL CONDUCTOR,32,NO RESPETAR DERECHO PREFERENTE DE PASO A VEHICULO,0,LA MARINA,0,EJERCITO,EJERCITO - LA MARINA,0, , , , ,1,1,2,BIDIRECCIONAL,1,CONCRETO,1,BUENO,1,SECO,1,DESPEJADO,0,0,0,1,1
-8135925.1803931,-4407919.86414887,4934,45357,1366325,-73.0862594,-36.7759278,176,TALCAHUANO,1,29354,2021,1366325,REGION BIO BIO,8110,TALCAHUANO,SEIS PONIENTE,CRISTOBAL COLON,0,"SEIS PONIENTE & CRISTOBAL COLON, TALCAHUANO",CHILE,GEOMETRIC_CENTER,40578,2021,1366325,1,2021/07/23 00:00:00+00,1899/12/30 00:00:00+00,8,REGION BIO BIO,8110,TALCAHUANO,32,COLISION LATERAL,30,COLISION,1,URBANA,15,CRUCE CON SEÑAL CEDA EL PASO,10,DESOBEDIENCIA A SEÑALIZACION,64,SEÑALIZACION DESOBEDECER SEÑAL CEDA EL PASO,0,SEIS PONIENTE,0,CRISTOBAL COLON,CRISTOBAL COLON - SEIS PONIENTE,0, , , , ,1,1,3,BIDIRECCIONAL CON BANDEJON,1,CONCRETO,1,BUENO,1,SECO,1,DESPEJADO,0,0,0,0,2
-8135896.89411049,-4407918.19640583,4935,45358,1374713,-73.0860053,-36.7759158,176,TALCAHUANO,1,35778,2021,1374713,REGION BIO BIO,8110,TALCAHUANO,CRISTOBAL COLON, ,6685,"CRISTOBAL COLON 6685, TALCAHUANO",CHILE,RANGE_INTERPOLATED,49247,2021,1374713,1,2021/08/28 00:00:00+00,1899/12/30 00:00:00+00,8,REGION BIO BIO,8110,TALCAHUANO,63,CHOQUE FRENTE/POSTERIOR,40,CHOQUE,1,URBANA,11,CRUCE CON SEMAFORO FUNCIONANDO,1,IMPRUDENCIA DEL CONDUCTOR,28,CONDUCCION SIN MANTENER DISTANCIA RAZONABLE NI PRUDENTE,0,CRISTOBAL COLON,0, ,- CRISTOBAL COLON,6685, , , , ,1,1,2,BIDIRECCIONAL,1,CONCRETO,1,BUENO,1,SECO,1,DESPEJADO,0,0,0,0,2
-8135492.48153239,-4407865.8988959,4936,45359,1405203,-73.0823724,-36.7755395,176,TALCAHUANO,1,56741,2021,1405203,REGION BIO BIO,8110,TALCAHUANO,HUERTA,SAN CARLOS,0,"HUERTA & SAN CARLOS, TALCAHUANO",CHILE,GEOMETRIC_CENTER,77098,2021,1405203,1,2021/12/17 00:00:00+00,1899/12/30 00:00:00+00,8,REGION BIO BIO,8110,TALCAHUANO,32,COLISION LATERAL,30,COLISION,1,URBANA,16,CRUCE SIN SEÑALIZACION,1,IMPRUDENCIA DEL CONDUCTOR,32,NO RESPETAR DERECHO PREFERENTE DE PASO A VEHICULO,0,HUERTA,0,SAN CARLOS,HUERTA - SAN CARLOS,0, , , , ,1,1,2,BIDIRECCIONAL,1,CONCRETO,1,BUENO,1,SECO,1,DESPEJADO,0,0,0,0,2
-8136075.86245584,-4407857.99105666,4937,45360,1383914,-73.087613,-36.7754826,176,TALCAHUANO,1,41605,2021,1383914,REGION BIO BIO,8110,TALCAHUANO,LA MARINA, ,645,"LA MARINA 645, TALCAHUANO",CHILE,RANGE_INTERPOLATED,57017,2021,1383914,1,2021/09/30 00:00:00+00,1899/12/30 00:00:00+00,8,REGION BIO BIO,8110,TALCAHUANO,67,CHOQUE POSTERIOR/FRENTE,40,CHOQUE,1,URBANA,1,TRAMO DE VIA RECTA,1,IMPRUDENCIA DEL CONDUCTOR,27,CONDUCCION NO ATENTO CONDICIONES TRANSITO MOMENTO,0,LA MARINA,0, ,- LA MARINA,645, , , , ,1,1,2,BIDIRECCIONAL,1,CONCRETO,1,BUENO,1,SECO,1,DESPEJADO,0,0,0,0,2
-8134642.88004671,-4407840.45207387,4938,45361,1396032,-73.0747403,-36.7753564,176,TALCAHUANO,1,50302,2021,1396032,REGION BIO BIO,8110,TALCAHUANO,IFARLE, ,909,"IFARLE 909, TALCAHUANO",CHILE,RANGE_INTERPOLATED,68524,2021,1396032,1,2021/11/14 00:00:00+00,1899/12/30 00:00:00+00,8,REGION BIO BIO,8110,TALCAHUANO,10,ATROPELLO,10,ATROPELLO,1,URBANA,1,TRAMO DE VIA RECTA,4,ALCOHOL EN CONDUCTOR,24,CONDUCCION EN ESTADO DE EBRIEDAD,0,IFARLE,0, ,- IFARLE,909, , , , ,1,1,2,BIDIRECCIONAL,1,CONCRETO,1,BUENO,1,SECO,1,DESPEJADO,0,1,0,0,1
-8136242.41867797,-4407838.25622861,4939,45362,1389487,-73.0891092,-36.7753406,176,TALCAHUANO,1,45791,2021,1389487,REGION BIO BIO,8110,TALCAHUANO,2 PONIENTE, ,6606,"2 PONIENTE 6606, TALCAHUANO",CHILE,RANGE_INTERPOLATED,62558,2021,1389487,1,2021/10/22 00:00:00+00,1899/12/30 00:00:00+00,8,REGION BIO BIO,8110,TALCAHUANO,51,CHOQUE FRONTAL,40,CHOQUE,1,URBANA,1,TRAMO DE VIA RECTA,9,PERDIDA CONTROL VEHICULO,95,PERDIDA CONTROL VEHICULO,0,2 PONIENTE,0, ,- 2 PONIENTE,6606, , , , ,1,1,2,BIDIRECCIONAL,1,CONCRETO,1,BUENO,1,SECO,1,DESPEJADO,0,0,0,0,1
-8134739.7057398,-4407814.00467661,4940,45363,1344642,-73.0756101,-36.7751661,176,TALCAHUANO,1,14858,2021,1344642,REGION BIO BIO,8110,TALCAHUANO,VASCO NU??ªEZ DE BALBOA,O'HIGGINS,0,"VASCO NU??ªEZ DE BALBOA & O'HIGGINS, TALCAHUANO",CHILE,GEOMETRIC_CENTER,20489,2021,1344642,1,2021/04/21 00:00:00+00,1899/12/30 00:00:00+00,8,REGION BIO BIO,8110,TALCAHUANO,99,OTRO TIPO,99,OTRO TIPO,1,URBANA,22,ENLACE A DESNIVEL,14,OTRAS CAUSAS,98,OTRAS CAUSAS,0,VASCO NUÑEZ DE BALBOA,0,O'HIGGINS,O'HIGGINS - VASCO NUÑEZ DE BALBOA,0, , , , ,2,2,3,BIDIRECCIONAL CON BANDEJON,1,CONCRETO,1,BUENO,2,HUMEDO,2,NUBLADO,0,0,0,0,2
-8134739.7057398,-4407814.00467661,4941,45364,1371278,-73.0756101,-36.7751661,176,TALCAHUANO,1,33139,2021,1371278,REGION BIO BIO,8110,TALCAHUANO,VASCO NU??ªEZ DE BALBOA,O'HIGGINS,0,"VASCO NU??ªEZ DE BALBOA & O'HIGGINS, TALCAHUANO",CHILE,GEOMETRIC_CENTER,45688,2021,1371278,1,2021/08/13 00:00:00+00,1899/12/30 00:00:00+00,8,REGION BIO BIO,8110,TALCAHUANO,63,CHOQUE FRENTE/POSTERIOR,40,CHOQUE,1,URBANA,22,ENLACE A DESNIVEL,1,IMPRUDENCIA DEL CONDUCTOR,27,CONDUCCION NO ATENTO CONDICIONES TRANSITO MOMENTO,0,VASCO NUÑEZ DE BALBOA,0,O'HIGGINS,O'HIGGINS - VASCO NUÑEZ DE BALBOA,0, , , , ,2,2,3,BIDIRECCIONAL CON BANDEJON,1,CONCRETO,1,BUENO,1,SECO,1,DESPEJADO,0,0,0,0,2
-8134587.13124572,-4407809.15437283,4942,45365,1353898,-73.0742395,-36.7751312,176,TALCAHUANO,1,19821,2021,1353898,REGION BIO BIO,8110,TALCAHUANO,IFARLE, ,6701,"IFARLE 6701, TALCAHUANO",CHILE,RANGE_INTERPOLATED,27275,2021,1353898,1,2021/05/25 00:00:00+00,1899/12/30 00:00:00+00,8,REGION BIO BIO,8110,TALCAHUANO,63,CHOQUE FRENTE/POSTERIOR,40,CHOQUE,1,URBANA,1,TRAMO DE VIA RECTA,4,ALCOHOL EN CONDUCTOR,24,CONDUCCION EN ESTADO DE EBRIEDAD,0,IFARLE,0, ,- IFARLE,6701, , , , ,1,1,3,BIDIRECCIONAL CON BANDEJON,1,CONCRETO,1,BUENO,1,SECO,1,DESPEJADO,0,0,0,0,2
-8136101.49933457,-4407726.76903454,4943,45366,1343225,-73.0878433,-36.7745384,176,TALCAHUANO,1,13496,2021,1343225,REGION BIO BIO,8110,TALCAHUANO,LA MARINA, ,452,"LA MARINA 452, TALCAHUANO",CHILE,RANGE_INTERPOLATED,18644,2021,1343225,1,2021/04/10 00:00:00+00,1899/12/30 00:00:00+00,8,REGION BIO BIO,8110,TALCAHUANO,67,CHOQUE POSTERIOR/FRENTE,40,CHOQUE,1,URBANA,1,TRAMO DE VIA RECTA,1,IMPRUDENCIA DEL CONDUCTOR,23,CONDUCCION CONTRA SENTIDO DEL TRANSITO,0,LA MARINA,0, ,- LA MARINA,452, , , , ,1,1,2,BIDIRECCIONAL,1,CONCRETO,1,BUENO,1,SECO,1,DESPEJADO,0,0,0,0,2
-8137428.09370636,-4407724.40644145,4944,45367,1324628,-73.0997603,-36.7745214,176,TALCAHUANO,1,257,2021,1324628,REGION BIO BIO,8110,TALCAHUANO,ROMERAL, ,7052,"ROMERAL 7052, TALCAHUANO",CHILE,RANGE_INTERPOLATED,382,2021,1324628,1,2021/01/02 00:00:00+00,1899/12/30 00:00:00+00,8,REGION BIO BIO,8110,TALCAHUANO,10,ATROPELLO,10,ATROPELLO,1,URBANA,1,TRAMO DE VIA RECTA,2,IMPRUDENCIA DEL PEATON,52,PEATON CRUZA CALZADA FORMA SORPRESIVA O DESCUIDADA,0,ROMERAL,0, ,- ROMERAL,7052, , , , ,1,1,2,BIDIRECCIONAL,1,CONCRETO,1,BUENO,1,SECO,1,DESPEJADO,0,1,0,0,1
-8137410.0042891,-4407698.84877681,4945,45368,1324661,-73.0995978,-36.7743375,176,TALCAHUANO,1,256,2021,1324661,REGION BIO BIO,8110,TALCAHUANO,ROMERAL, ,7036,"ROMERAL 7036, TALCAHUANO",CHILE,RANGE_INTERPOLATED,381,2021,1324661,1,2021/01/02 00:00:00+00,1899/12/30 00:00:00+00,8,REGION BIO BIO,8110,TALCAHUANO,10,ATROPELLO,10,ATROPELLO,1,URBANA,1,TRAMO DE VIA RECTA,2,IMPRUDENCIA DEL PEATON,52,PEATON CRUZA CALZADA FORMA SORPRESIVA O DESCUIDADA,0,ROMERAL,0, ,- ROMERAL,7036, , , , ,1,1,2,BIDIRECCIONAL,1,CONCRETO,1,BUENO,1,SECO,1,DESPEJADO,0,1,0,0,1
-8135251.75313355,-4407680.62907615,4946,45369,1356774,-73.0802099,-36.7742064,176,TALCAHUANO,1,22881,2021,1356774,REGION BIO BIO,8110,TALCAHUANO,AUTOPISTA TALCAHUANO, ,6461,"AUTOPISTA TALCAHUANO 6461, TALCAHUANO",CHILE,RANGE_INTERPOLATED,31524,2021,1356774,1,2021/06/13 00:00:00+00,1899/12/30 00:00:00+00,8,REGION BIO BIO,8110,TALCAHUANO,32,COLISION LATERAL,30,COLISION,1,URBANA,1,TRAMO DE VIA RECTA,1,IMPRUDENCIA DEL CONDUCTOR,29,CONDUCCION CAMBIAR SORPRESIVAMENTE PISTA CIRCULACION,0,AUTOPISTA TALCAHUANO,0, ,- AUTOPISTA TALCAHUANO,6461, , , , ,2,2,3,BIDIRECCIONAL CON BANDEJON,1,CONCRETO,1,BUENO,1,SECO,1,DESPEJADO,0,0,0,0,2
-8136083.35425757,-4407679.23932147,4947,45370,1348072,-73.0876803,-36.7741964,176,TALCAHUANO,1,17160,2021,1348072,REGION BIO BIO,8110,TALCAHUANO,LA MARINA,TALCAHUANO,0,"LA MARINA & TALCAHUANO, TALCAHUANO",CHILE,GEOMETRIC_CENTER,23649,2021,1348072,1,2021/05/08 00:00:00+00,1899/12/30 00:00:00+00,8,REGION BIO BIO,8110,TALCAHUANO,32,COLISION LATERAL,30,COLISION,1,URBANA,15,CRUCE CON SEÑAL CEDA EL PASO,10,DESOBEDIENCIA A SEÑALIZACION,64,SEÑALIZACION DESOBEDECER SEÑAL CEDA EL PASO,0,LA MARINA,0,TALCAHUANO,LA MARINA - TALCAHUANO,0, , , , ,1,1,2,BIDIRECCIONAL,1,CONCRETO,1,BUENO,1,SECO,1,DESPEJADO,0,0,0,1,1
-8135922.59778092,-4407658.37912546,4948,45371,1400911,-73.0862362,-36.7740463,176,TALCAHUANO,1,53197,2021,1400911,REGION BIO BIO,8110,TALCAHUANO,CRISTOBAL COLON, ,6496,"CRISTOBAL COLON 6496, TALCAHUANO",CHILE,RANGE_INTERPOLATED,72326,2021,1400911,1,2021/11/29 00:00:00+00,1899/12/30 00:00:00+00,8,REGION BIO BIO,8110,TALCAHUANO,63,CHOQUE FRENTE/POSTERIOR,40,CHOQUE,1,URBANA,11,CRUCE CON SEMAFORO FUNCIONANDO,1,IMPRUDENCIA DEL CONDUCTOR,28,CONDUCCION SIN MANTENER DISTANCIA RAZONABLE NI PRUDENTE,0,CRISTOBAL COLON,0, ,- CRISTOBAL COLON,6496, , , , ,1,1,2,BIDIRECCIONAL,1,CONCRETO,1,BUENO,1,SECO,1,DESPEJADO,0,0,0,0,2
-8136317.04726459,-4407549.67328869,4949,45372,1360005,-73.0897796,-36.7732641,176,TALCAHUANO,1,24920,2021,1360005,REGION BIO BIO,8110,TALCAHUANO,CALLE CUATRO, ,12,"CALLE CUATRO 12, TALCAHUANO",CHILE,RANGE_INTERPOLATED,34365,2021,1360005,1,2021/06/27 00:00:00+00,1899/12/30 00:00:00+00,8,REGION BIO BIO,8110,TALCAHUANO,51,CHOQUE FRONTAL,40,CHOQUE,1,URBANA,1,TRAMO DE VIA RECTA,9,PERDIDA CONTROL VEHICULO,95,PERDIDA CONTROL VEHICULO,0,CALLE CUATRO,0, ,- CALLE CUATRO,12, , , , ,1,1,2,BIDIRECCIONAL,1,CONCRETO,1,BUENO,1,SECO,1,DESPEJADO,0,0,1,1,0
-8131976.38862399,-4407529.85564764,4950,45373,1343810,-73.0507868,-36.7731215,176,TALCAHUANO,0,13922,2021,1343810,REGION BIO BIO,8101,CONCEPCION,TIERRA COLORADA,SAN ANDRES,0,"TIERRA COLORADA & SAN ANDRES, CONCEPCION",CHILE,GEOMETRIC_CENTER,19238,2021,1343810,1,2021/04/14 00:00:00+00,1899/12/30 00:00:00+00,8,REGION BIO BIO,8101,CONCEPCION,30,COLISION,30,COLISION,1,URBANA,2,TRAMO DE VIA CURVA HORIZONTAL,1,IMPRUDENCIA DEL CONDUCTOR,83,CARGA ESCURRE A LA CALZADA,0,TIERRA COLORADA,0,SAN ANDRES,SAN ANDRES - TIERRA COLORADA,0, , , , ,1,1,2,BIDIRECCIONAL,2,ASFALTO,1,BUENO,1,SECO,1,DESPEJADO,1,0,0,0,1
-8134606.75687194,-4407524.04655648,4951,45374,1378145,-73.0744158,-36.7730797,176,TALCAHUANO,1,37751,2021,1378145,REGION BIO BIO,8110,TALCAHUANO,IFARLE,CALLE C,0,"IFARLE & CALLE C, TALCAHUANO",CHILE,GEOMETRIC_CENTER,51887,2021,1378145,1,2021/09/08 00:00:00+00,1899/12/30 00:00:00+00,8,REGION BIO BIO,8110,TALCAHUANO,50,CHOQUE,40,CHOQUE,1,URBANA,16,CRUCE SIN SEÑALIZACION,1,IMPRUDENCIA DEL CONDUCTOR,28,CONDUCCION SIN MANTENER DISTANCIA RAZONABLE NI PRUDENTE,0,IFARLE,0,CALLE C,CALLE C - IFARLE,0, , , , ,2,2,3,BIDIRECCIONAL CON BANDEJON,1,CONCRETO,1,BUENO,1,SECO,1,DESPEJADO,0,0,0,0,2
-8134606.75687194,-4407524.04655648,4952,45375,1394221,-73.0744158,-36.7730797,176,TALCAHUANO,1,48307,2021,1394221,REGION BIO BIO,8110,TALCAHUANO,CALLE E,IFARLE ORIENTE,0,"CALLE E & IFARLE ORIENTE, TALCAHUANO",CHILE,GEOMETRIC_CENTER,65882,2021,1394221,1,2021/11/04 00:00:00+00,1899/12/30 00:00:00+00,8,REGION BIO BIO,8110,TALCAHUANO,62,CHOQUE FRENTE/LADO,40,CHOQUE,1,URBANA,14,CRUCE CON SEÑAL PARE,10,DESOBEDIENCIA A SEÑALIZACION,65,SEÑALIZACION DESOBEDECER SEÑAL PARE,0,CALLE E,0,IFARLE ORIENTE,CALLE E - IFARLE ORIENTE,0, , , , ,1,1,2,BIDIRECCIONAL,1,CONCRETO,1,BUENO,1,SECO,1,DESPEJADO,0,0,0,1,1
-8138983.23812469,-4407478.64403206,4953,45376,1366983,-73.1137304,-36.772753,176,TALCAHUANO,1,29355,2021,1366983,REGION BIO BIO,8110,TALCAHUANO,GRAN BRETA??ªA, ,5475,"GRAN BRETA??ªA 5475, TALCAHUANO",CHILE,RANGE_INTERPOLATED,40580,2021,1366983,1,2021/07/23 00:00:00+00,1899/12/30 00:00:00+00,8,REGION BIO BIO,8110,TALCAHUANO,32,COLISION LATERAL,30,COLISION,1,URBANA,1,TRAMO DE VIA RECTA,1,IMPRUDENCIA DEL CONDUCTOR,29,CONDUCCION CAMBIAR SORPRESIVAMENTE PISTA CIRCULACION,0,GRAN BRETAÑA,0, ,- GRAN BRETAÑA,5475, , , , ,1,1,3,BIDIRECCIONAL CON BANDEJON,1,CONCRETO,1,BUENO,1,SECO,1,DESPEJADO,0,0,0,1,1
-8138983.23812469,-4407478.64403206,4954,45377,1370088,-73.1137304,-36.772753,176,TALCAHUANO,1,31528,2021,1370088,REGION BIO BIO,8110,TALCAHUANO,GRAN BRETA??ªA, ,5475,"GRAN BRETA??ªA 5475, TALCAHUANO",CHILE,RANGE_INTERPOLATED,43534,2021,1370088,1,2021/08/05 00:00:00+00,1899/12/30 00:00:00+00,8,REGION BIO BIO,8110,TALCAHUANO,65,CHOQUE LADO/LADO,40,CHOQUE,1,URBANA,1,TRAMO DE VIA RECTA,1,IMPRUDENCIA DEL CONDUCTOR,91,VIRAJES INDEBIDOS,0,GRAN BRETAÑA,0, ,- GRAN BRETAÑA,5475, , , , ,1,1,2,BIDIRECCIONAL,1,CONCRETO,1,BUENO,1,SECO,1,DESPEJADO,0,0,0,0,2