X,Y,FID,FID_1,LABELID,POINT_X,POINT_Y,FID_2,COMUNAREAL,VAL_COM,OBJECTID,A_O,IDACCIDENT,REGION,COD_COMUN,COMUNA,CALLE_UNO,CALLE_DOS,NUMERO,DIR_GEOCOD,PAIS,TIPO,OBJECTID_1,Año,Idaccide_1,Claseaccid,Fecha,Hora,Cód_Regi,Región,Cód_Comun,Comuna_1,Cód_Tipo_,Tipo_Accid,Cód_Tipo1,Tipo__CONA,Cód_Zona,Zona,Cód_Ubica,Ubicación,Cód_Causa,Causa__CON,Cód_Cau_1,Causa,Cód_Calle,Calle_Un_1,Cód_Cal_1,Calle_Do_1,Intersecci,Número,Ruta,Cód_Ruta,Ubicaci_1,Km_Vía_Fe,Pistas_de_,Pistas_de1,Cód_Calza,Calzada,Cód__Tipo,Tipo_Calza,Cód_Estad,Estado_Cal,Cód_Condi,Condición,Cód_Est_1,Estado_Atm,Fallecidos,Graves,Menos_Grav,Leves,Ilesos
-8136391.27510106,-4407473.25188713,4955,45378,1328241,-73.0904464,-36.7727142,176,TALCAHUANO,1,3430,2021,1328241,REGION BIO BIO,8110,TALCAHUANO,SEIS PONIENTE, ,6369,"SEIS PONIENTE 6369, TALCAHUANO",CHILE,RANGE_INTERPOLATED,4725,2021,1328241,1,2021/01/25 00:00:00+00,1899/12/30 00:00:00+00,8,REGION BIO BIO,8110,TALCAHUANO,63,CHOQUE FRENTE/POSTERIOR,40,CHOQUE,1,URBANA,1,TRAMO DE VIA RECTA,1,IMPRUDENCIA DEL CONDUCTOR,27,CONDUCCION NO ATENTO CONDICIONES TRANSITO MOMENTO,0,SEIS PONIENTE,0, ,- SEIS PONIENTE,6369, , , , ,1,1,2,BIDIRECCIONAL,1,CONCRETO,1,BUENO,1,SECO,1,DESPEJADO,0,0,0,0,2
-8135969.55234213,-4407384.85167341,4956,45379,1400547,-73.086658,-36.7720781,176,TALCAHUANO,1,51617,2021,1400547,REGION BIO BIO,8110,TALCAHUANO,1 ORIENTE,LOS PINOS,0,"1 ORIENTE & LOS PINOS, TALCAHUANO",CHILE,GEOMETRIC_CENTER,70209,2021,1400547,1,2021/11/21 00:00:00+00,1899/12/30 00:00:00+00,8,REGION BIO BIO,8110,TALCAHUANO,32,COLISION LATERAL,30,COLISION,1,URBANA,15,CRUCE CON SEÑAL CEDA EL PASO,4,ALCOHOL EN CONDUCTOR,24,CONDUCCION EN ESTADO DE EBRIEDAD,0,1 ORIENTE,0,LOS PINOS,1 ORIENTE - LOS PINOS,0, , , , ,1,1,2,BIDIRECCIONAL,1,CONCRETO,1,BUENO,1,SECO,1,DESPEJADO,0,0,0,0,2
-8135969.55234213,-4407384.85167341,4957,45380,1397048,-73.086658,-36.7720781,176,TALCAHUANO,1,51618,2021,1397048,REGION BIO BIO,8110,TALCAHUANO,LOS PINOS,UNO ORIENTE,0,"LOS PINOS & UNO ORIENTE, TALCAHUANO",CHILE,GEOMETRIC_CENTER,70210,2021,1397048,1,2021/11/21 00:00:00+00,1899/12/30 00:00:00+00,8,REGION BIO BIO,8110,TALCAHUANO,30,COLISION,30,COLISION,1,URBANA,14,CRUCE CON SEÑAL PARE,1,IMPRUDENCIA DEL CONDUCTOR,15,"ADELANTAMIENTO EN CRUCE, CURVA, CUESTA, PUENTE",0,LOS PINOS,0,UNO ORIENTE,LOS PINOS - UNO ORIENTE,0, , , , ,1,1,2,BIDIRECCIONAL,1,CONCRETO,1,BUENO,1,SECO,1,DESPEJADO,0,0,0,0,2
-8135489.70967707,-4407230.78885019,4958,45381,1386174,-73.0823475,-36.7709695,176,TALCAHUANO,0,43209,2021,1386174,REGION BIO BIO,8112,HUALPEN,AUTOPISTA CONCEPCION TALCAHUANO,O'HIGGINS,0,"AUTOPISTA CONCEPCION TALCAHUANO & O'HIGGINS, HUALPEN",CHILE,GEOMETRIC_CENTER,59100,2021,1386174,1,2021/10/08 00:00:00+00,1899/12/30 00:00:00+00,8,REGION BIO BIO,8112,HUALPEN,30,COLISION,30,COLISION,1,URBANA,21,ENLACE A NIVEL,1,IMPRUDENCIA DEL CONDUCTOR,29,CONDUCCION CAMBIAR SORPRESIVAMENTE PISTA CIRCULACION,0,AUTOPISTA CONCEPCION TALCAHUANO,0,O'HIGGINS,AUTOPISTA CONCEPCION TALCAHUANO - O'HIGGINS,0, , , , ,2,2,3,BIDIRECCIONAL CON BANDEJON,1,CONCRETO,1,BUENO,1,SECO,1,DESPEJADO,0,0,0,0,2
-8134948.8973269,-4407222.01987142,4959,45382,1400930,-73.0774893,-36.7709064,176,TALCAHUANO,1,53262,2021,1400930,REGION BIO BIO,8110,TALCAHUANO,CALLE OCHO, ,6183,"CALLE OCHO 6183, TALCAHUANO",CHILE,RANGE_INTERPOLATED,72409,2021,1400930,1,2021/11/29 00:00:00+00,1899/12/30 00:00:00+00,8,REGION BIO BIO,8110,TALCAHUANO,70,VOLCADURA,70,VOLCADURA,1,URBANA,1,TRAMO DE VIA RECTA,9,PERDIDA CONTROL VEHICULO,95,PERDIDA CONTROL VEHICULO,0,CALLE OCHO,0, ,- CALLE OCHO,6183, , , , ,1,1,2,BIDIRECCIONAL,1,CONCRETO,1,BUENO,1,SECO,1,DESPEJADO,0,0,0,1,0
-8134782.073938,-4407069.47414834,4960,45383,1370875,-73.0759907,-36.7698087,176,TALCAHUANO,1,32005,2021,1370875,REGION BIO BIO,8110,TALCAHUANO,VASCO NU??ªEZ DE BALBOA, ,6130,"VASCO NU??ªEZ DE BALBOA 6130, TALCAHUANO",CHILE,RANGE_INTERPOLATED,44171,2021,1370875,1,2021/08/07 00:00:00+00,1899/12/30 00:00:00+00,8,REGION BIO BIO,8110,TALCAHUANO,33,COLISION POR ALCANCE,30,COLISION,1,URBANA,1,TRAMO DE VIA RECTA,1,IMPRUDENCIA DEL CONDUCTOR,28,CONDUCCION SIN MANTENER DISTANCIA RAZONABLE NI PRUDENTE,0,VASCO NUÑEZ DE BALBOA,0, ,- VASCO NUÑEZ DE BALBOA,6130, , , , ,1,1,2,BIDIRECCIONAL,1,CONCRETO,1,BUENO,1,SECO,1,DESPEJADO,0,0,0,0,2
-8139112.89193561,-4407057.82867773,4961,45384,1383100,-73.1148951,-36.7697249,176,TALCAHUANO,1,41293,2021,1383100,REGION BIO BIO,8110,TALCAHUANO,GRAN BRETA??ªA,CALLE UNO,0,"GRAN BRETA??ªA & CALLE UNO, TALCAHUANO",CHILE,GEOMETRIC_CENTER,56620,2021,1383100,1,2021/09/28 00:00:00+00,1899/12/30 00:00:00+00,8,REGION BIO BIO,8110,TALCAHUANO,30,COLISION,30,COLISION,1,URBANA,11,CRUCE CON SEMAFORO FUNCIONANDO,1,IMPRUDENCIA DEL CONDUCTOR,23,CONDUCCION CONTRA SENTIDO DEL TRANSITO,0,GRAN BRETAÑA,0,CALLE UNO,CALLE UNO - GRAN BRETAÑA,0, , , , ,2,2,2,BIDIRECCIONAL,1,CONCRETO,1,BUENO,1,SECO,1,DESPEJADO,0,0,0,1,1
-8133886.83146109,-4406994.64040927,4962,45385,1365855,-73.0679486,-36.7692702,176,TALCAHUANO,1,28233,2021,1365855,REGION BIO BIO,8110,TALCAHUANO,LL, ,1281,"LL 1281, TALCAHUANO",CHILE,RANGE_INTERPOLATED,38994,2021,1365855,1,2021/07/17 00:00:00+00,1899/12/30 00:00:00+00,8,REGION BIO BIO,8110,TALCAHUANO,51,CHOQUE FRONTAL,40,CHOQUE,1,URBANA,1,TRAMO DE VIA RECTA,9,PERDIDA CONTROL VEHICULO,95,PERDIDA CONTROL VEHICULO,0,LL,0, ,- LL,1281, , , , ,1,1,2,BIDIRECCIONAL,1,CONCRETO,1,BUENO,1,SECO,1,DESPEJADO,0,0,0,0,1
-8131950.3064673,-4406979.70151779,4963,45386,1389424,-73.0505525,-36.7691627,176,TALCAHUANO,0,45831,2021,1389424,REGION BIO BIO,8101,CONCEPCION,JORGE ALESSANDRI, ,1480,"JORGE ALESSANDRI 1480, CONCEPCION",CHILE,RANGE_INTERPOLATED,62610,2021,1389424,1,2021/10/22 00:00:00+00,1899/12/30 00:00:00+00,8,REGION BIO BIO,8101,CONCEPCION,30,COLISION,30,COLISION,1,URBANA,15,CRUCE CON SEÑAL CEDA EL PASO,1,IMPRUDENCIA DEL CONDUCTOR,27,CONDUCCION NO ATENTO CONDICIONES TRANSITO MOMENTO,0,JORGE ALESSANDRI,0, ,- JORGE ALESSANDRI,1480, , , , ,3,3,2,BIDIRECCIONAL,1,CONCRETO,1,BUENO,1,SECO,1,DESPEJADO,0,0,0,0,3
-8135727.25433847,-4406872.90642458,4964,45387,1337366,-73.0844814,-36.7683942,176,TALCAHUANO,0,9683,2021,1337366,REGION BIO BIO,8112,HUALPEN,AUTOPISTA CONCEPCION TALCAHUANO, ,8590,"AUTOPISTA CONCEPCION TALCAHUANO 8590, HUALPEN",CHILE,RANGE_INTERPOLATED,13507,2021,1337366,1,2021/03/10 00:00:00+00,1899/12/30 00:00:00+00,8,REGION BIO BIO,8112,HUALPEN,63,CHOQUE FRENTE/POSTERIOR,40,CHOQUE,1,URBANA,1,TRAMO DE VIA RECTA,1,IMPRUDENCIA DEL CONDUCTOR,27,CONDUCCION NO ATENTO CONDICIONES TRANSITO MOMENTO,0,AUTOPISTA CONCEPCION TALCAHUANO,0, ,- AUTOPISTA CONCEPCION TALCAHUANO,8590, , , , ,2,2,2,BIDIRECCIONAL,1,CONCRETO,1,BUENO,1,SECO,1,DESPEJADO,0,0,0,0,4
-8135727.25433847,-4406872.90642458,4965,45388,1342759,-73.0844814,-36.7683942,176,TALCAHUANO,0,13261,2021,1342759,REGION BIO BIO,8112,HUALPEN,AUTOPISTA CONCEPCION TALCAHUANO, ,8590,"AUTOPISTA CONCEPCION TALCAHUANO 8590, HUALPEN",CHILE,RANGE_INTERPOLATED,18329,2021,1342759,1,2021/04/08 00:00:00+00,1899/12/30 00:00:00+00,8,REGION BIO BIO,8112,HUALPEN,10,ATROPELLO,10,ATROPELLO,1,URBANA,1,TRAMO DE VIA RECTA,2,IMPRUDENCIA DEL PEATON,55,PEATON CRUZA CALZADA FUERA PASO PEATONES,0,AUTOPISTA CONCEPCION TALCAHUANO,0, ,- AUTOPISTA CONCEPCION TALCAHUANO,8590, , , , ,2,2,3,BIDIRECCIONAL CON BANDEJON,1,CONCRETO,1,BUENO,1,SECO,1,DESPEJADO,0,1,0,0,1
-8134749.12336872,-4406841.70884074,4966,45389,1336725,-73.0756947,-36.7681697,176,TALCAHUANO,1,8548,2021,1336725,REGION BIO BIO,8110,TALCAHUANO,CALLE TRECE,VASCO NU??ªEZ DE BALBOA,0,"CALLE TRECE & VASCO NU??ªEZ DE BALBOA, TALCAHUANO",CHILE,GEOMETRIC_CENTER,11986,2021,1336725,1,2021/03/03 00:00:00+00,1899/12/30 00:00:00+00,8,REGION BIO BIO,8110,TALCAHUANO,32,COLISION LATERAL,30,COLISION,1,URBANA,16,CRUCE SIN SEÑALIZACION,1,IMPRUDENCIA DEL CONDUCTOR,32,NO RESPETAR DERECHO PREFERENTE DE PASO A VEHICULO,0,CALLE TRECE,0,VASCO NUÑEZ DE BALBOA,CALLE TRECE - VASCO NUÑEZ DE BALBOA,0, , , , ,1,1,2,BIDIRECCIONAL,1,CONCRETO,1,BUENO,1,SECO,1,DESPEJADO,0,0,0,0,2
-8134749.12336872,-4406841.70884074,4967,45390,1336041,-73.0756947,-36.7681697,176,TALCAHUANO,1,8549,2021,1336041,REGION BIO BIO,8110,TALCAHUANO,VASCO NU??ªEZ DE BALBOA,CALLE TRECE,0,"VASCO NU??ªEZ DE BALBOA & CALLE TRECE, TALCAHUANO",CHILE,GEOMETRIC_CENTER,11987,2021,1336041,1,2021/03/03 00:00:00+00,1899/12/30 00:00:00+00,8,REGION BIO BIO,8110,TALCAHUANO,30,COLISION,30,COLISION,1,URBANA,26,OTROS NO CONSIDERADOS,13,CAUSAS NO DETERMINADAS,97,CAUSAS NO DETERMINADAS,0,VASCO NUÑEZ DE BALBOA,0,CALLE TRECE,CALLE TRECE - VASCO NUÑEZ DE BALBOA,0, , , , ,1,1,2,BIDIRECCIONAL,1,CONCRETO,1,BUENO,1,SECO,1,DESPEJADO,0,0,0,0,2
-8139115.04040179,-4406830.91130182,4968,45391,1388929,-73.1149144,-36.768092,176,TALCAHUANO,1,44550,2021,1388929,REGION BIO BIO,8110,TALCAHUANO,GRAN BRETA??ªA, ,4815,"GRAN BRETA??ªA 4815, TALCAHUANO",CHILE,RANGE_INTERPOLATED,60895,2021,1388929,1,2021/10/15 00:00:00+00,1899/12/30 00:00:00+00,8,REGION BIO BIO,8110,TALCAHUANO,32,COLISION LATERAL,30,COLISION,1,URBANA,1,TRAMO DE VIA RECTA,1,IMPRUDENCIA DEL CONDUCTOR,29,CONDUCCION CAMBIAR SORPRESIVAMENTE PISTA CIRCULACION,0,GRAN BRETAÑA,0, ,- GRAN BRETAÑA,4815, , , , ,1,1,3,BIDIRECCIONAL CON BANDEJON,1,CONCRETO,1,BUENO,1,SECO,1,DESPEJADO,0,0,0,0,2
-8139115.39662416,-4406802.22908941,4969,45392,1345329,-73.1149176,-36.7678856,176,TALCAHUANO,1,14718,2021,1345329,REGION BIO BIO,8110,TALCAHUANO,GRAN BRETA??ªA, ,4991,"GRAN BRETA??ªA 4991, TALCAHUANO",CHILE,RANGE_INTERPOLATED,20287,2021,1345329,1,2021/04/20 00:00:00+00,1899/12/30 00:00:00+00,8,REGION BIO BIO,8110,TALCAHUANO,51,CHOQUE FRONTAL,40,CHOQUE,1,URBANA,1,TRAMO DE VIA RECTA,9,PERDIDA CONTROL VEHICULO,95,PERDIDA CONTROL VEHICULO,0,GRAN BRETAÑA,0, ,- GRAN BRETAÑA,4991, , , , ,1,1,2,BIDIRECCIONAL,1,CONCRETO,1,BUENO,1,SECO,1,DESPEJADO,0,0,0,3,1
-8134593.59890813,-4406776.96546045,4970,45393,1395743,-73.0742976,-36.7677038,176,TALCAHUANO,1,50303,2021,1395743,REGION BIO BIO,8110,TALCAHUANO,IFARLE ORIENTE,CALLE A,0,"IFARLE ORIENTE & CALLE A, TALCAHUANO",CHILE,GEOMETRIC_CENTER,68525,2021,1395743,1,2021/11/14 00:00:00+00,1899/12/30 00:00:00+00,8,REGION BIO BIO,8110,TALCAHUANO,10,ATROPELLO,10,ATROPELLO,1,URBANA,16,CRUCE SIN SEÑALIZACION,4,ALCOHOL EN CONDUCTOR,24,CONDUCCION EN ESTADO DE EBRIEDAD,0,IFARLE ORIENTE,0,CALLE A,CALLE A - IFARLE ORIENTE,0, , , , ,1,1,2,BIDIRECCIONAL,1,CONCRETO,1,BUENO,1,SECO,1,DESPEJADO,0,0,0,1,1
-8135045.19981838,-4406683.79071307,4971,45394,1338268,-73.0783544,-36.7670333,176,TALCAHUANO,1,10435,2021,1338268,REGION BIO BIO,8110,TALCAHUANO,VASCO NU??ªEZ DE BALBOA,CARRIEL NORTE,0,"VASCO NU??ªEZ DE BALBOA & CARRIEL NORTE, TALCAHUANO",CHILE,GEOMETRIC_CENTER,14529,2021,1338268,1,2021/03/15 00:00:00+00,1899/12/30 00:00:00+00,8,REGION BIO BIO,8110,TALCAHUANO,32,COLISION LATERAL,30,COLISION,1,URBANA,14,CRUCE CON SEÑAL PARE,10,DESOBEDIENCIA A SEÑALIZACION,65,SEÑALIZACION DESOBEDECER SEÑAL PARE,0,VASCO NUÑEZ DE BALBOA,0,CARRIEL NORTE,CARRIEL NORTE - VASCO NUÑEZ DE BALBOA,0, , , , ,1,1,2,BIDIRECCIONAL,1,CONCRETO,1,BUENO,1,SECO,1,DESPEJADO,0,0,0,0,2
-8135045.19981838,-4406683.79071307,4972,45395,1359448,-73.0783544,-36.7670333,176,TALCAHUANO,0,25136,2021,1359448,REGION BIO BIO,8101,CONCEPCION,CARRIEL SUR,VASCO NU??ªEZ DE BALBOA,0,"CARRIEL SUR & VASCO NU??ªEZ DE BALBOA, CONCEPCION",CHILE,GEOMETRIC_CENTER,34752,2021,1359448,1,2021/06/29 00:00:00+00,1899/12/30 00:00:00+00,8,REGION BIO BIO,8101,CONCEPCION,50,CHOQUE,40,CHOQUE,1,URBANA,1,TRAMO DE VIA RECTA,13,CAUSAS NO DETERMINADAS,97,CAUSAS NO DETERMINADAS,0,CARRIEL SUR,0,VASCO NUÑEZ DE BALBOA,CARRIEL SUR - VASCO NUÑEZ DE BALBOA,0, , , , ,2,2,2,BIDIRECCIONAL,1,CONCRETO,1,BUENO,1,SECO,1,DESPEJADO,0,0,0,0,2
-8135826.95207443,-4406648.95287733,4973,45396,1380290,-73.085377,-36.7667826,176,TALCAHUANO,1,39207,2021,1380290,REGION BIO BIO,8110,TALCAHUANO,JAIME REPULLO, ,5926,"JAIME REPULLO 5926, TALCAHUANO",CHILE,RANGE_INTERPOLATED,53843,2021,1380290,1,2021/09/16 00:00:00+00,1899/12/30 00:00:00+00,8,REGION BIO BIO,8110,TALCAHUANO,32,COLISION LATERAL,30,COLISION,1,URBANA,11,CRUCE CON SEMAFORO FUNCIONANDO,1,IMPRUDENCIA DEL CONDUCTOR,91,VIRAJES INDEBIDOS,0,JAIME REPULLO,0, ,- JAIME REPULLO,5926, , , , ,1,1,2,BIDIRECCIONAL,1,CONCRETO,1,BUENO,1,SECO,1,DESPEJADO,0,0,0,0,2
-8139197.83983904,-4406565.33975705,4974,45397,1328209,-73.1156582,-36.7661809,176,TALCAHUANO,1,2426,2021,1328209,REGION BIO BIO,8110,TALCAHUANO,GRAN BRETA??ªA, ,4589,"GRAN BRETA??ªA 4589, TALCAHUANO",CHILE,RANGE_INTERPOLATED,3338,2021,1328209,1,2021/01/17 00:00:00+00,1899/12/30 00:00:00+00,8,REGION BIO BIO,8110,TALCAHUANO,51,CHOQUE FRONTAL,40,CHOQUE,1,URBANA,1,TRAMO DE VIA RECTA,9,PERDIDA CONTROL VEHICULO,95,PERDIDA CONTROL VEHICULO,0,GRAN BRETAÑA,0, ,- GRAN BRETAÑA,4589, , , , ,1,1,3,BIDIRECCIONAL CON BANDEJON,1,CONCRETO,1,BUENO,1,SECO,1,DESPEJADO,0,0,0,1,0
-8139197.83983904,-4406565.33975705,4975,45398,1379974,-73.1156582,-36.7661809,176,TALCAHUANO,1,38969,2021,1379974,REGION BIO BIO,8110,TALCAHUANO,GRAN BRETA??ªA, ,4589,"GRAN BRETA??ªA 4589, TALCAHUANO",CHILE,RANGE_INTERPOLATED,53522,2021,1379974,1,2021/09/15 00:00:00+00,1899/12/30 00:00:00+00,8,REGION BIO BIO,8110,TALCAHUANO,32,COLISION LATERAL,30,COLISION,1,URBANA,1,TRAMO DE VIA RECTA,1,IMPRUDENCIA DEL CONDUCTOR,11,ADELANTAMIENTO SIN EL ESPACIO O TIEMPO SUFICIENTE,0,GRAN BRETAÑA,0, ,- GRAN BRETAÑA,4589, , , , ,1,1,2,BIDIRECCIONAL,1,CONCRETO,1,BUENO,1,SECO,1,DESPEJADO,0,0,0,1,1
-8139188.52239766,-4406549.83172842,4976,45399,1368435,-73.1155745,-36.7660693,176,TALCAHUANO,1,30912,2021,1368435,REGION BIO BIO,8110,TALCAHUANO,GRAN BRETA??ªA, ,4733,"GRAN BRETA??ªA 4733, TALCAHUANO",CHILE,RANGE_INTERPOLATED,42753,2021,1368435,1,2021/08/01 00:00:00+00,1899/12/30 00:00:00+00,8,REGION BIO BIO,8110,TALCAHUANO,51,CHOQUE FRONTAL,40,CHOQUE,1,URBANA,1,TRAMO DE VIA RECTA,9,PERDIDA CONTROL VEHICULO,95,PERDIDA CONTROL VEHICULO,0,GRAN BRETAÑA,0, ,- GRAN BRETAÑA,4733, , , , ,1,1,3,BIDIRECCIONAL CON BANDEJON,1,CONCRETO,1,BUENO,3,MOJADO,1,DESPEJADO,0,0,0,1,0
-8139188.52239766,-4406549.83172842,4977,45400,1374513,-73.1155745,-36.7660693,176,TALCAHUANO,1,35610,2021,1374513,REGION BIO BIO,8110,TALCAHUANO,GRAN BRETA??ªA, ,4733,"GRAN BRETA??ªA 4733, TALCAHUANO",CHILE,RANGE_INTERPOLATED,49025,2021,1374513,1,2021/08/27 00:00:00+00,1899/12/30 00:00:00+00,8,REGION BIO BIO,8110,TALCAHUANO,30,COLISION,30,COLISION,1,URBANA,1,TRAMO DE VIA RECTA,1,IMPRUDENCIA DEL CONDUCTOR,11,ADELANTAMIENTO SIN EL ESPACIO O TIEMPO SUFICIENTE,0,GRAN BRETAÑA,0, ,- GRAN BRETAÑA,4733, , , , ,1,1,2,BIDIRECCIONAL,1,CONCRETO,1,BUENO,2,HUMEDO,2,NUBLADO,0,0,0,0,2
-8139197.43908887,-4406532.28100282,4978,45401,1404970,-73.1156546,-36.765943,176,TALCAHUANO,1,55842,2021,1404970,REGION BIO BIO,8110,TALCAHUANO,GRAN BRETA??ªA, ,4845,"GRAN BRETA??ªA 4845, TALCAHUANO",CHILE,RANGE_INTERPOLATED,75920,2021,1404970,1,2021/12/13 00:00:00+00,1899/12/30 00:00:00+00,8,REGION BIO BIO,8110,TALCAHUANO,51,CHOQUE FRONTAL,40,CHOQUE,1,URBANA,1,TRAMO DE VIA RECTA,9,PERDIDA CONTROL VEHICULO,95,PERDIDA CONTROL VEHICULO,0,GRAN BRETAÑA,0, ,- GRAN BRETAÑA,4845, , , , ,1,1,2,BIDIRECCIONAL,1,CONCRETO,1,BUENO,1,SECO,1,DESPEJADO,0,0,0,0,1
-8139257.76312093,-4406505.58672421,4979,45402,1329698,-73.1161965,-36.7657509,176,TALCAHUANO,1,3055,2021,1329698,REGION BIO BIO,8110,TALCAHUANO,GRAN BRETA??ªA, ,4521,"GRAN BRETA??ªA 4521, TALCAHUANO",CHILE,RANGE_INTERPOLATED,4204,2021,1329698,1,2021/01/22 00:00:00+00,1899/12/30 00:00:00+00,8,REGION BIO BIO,8110,TALCAHUANO,70,VOLCADURA,70,VOLCADURA,1,URBANA,1,TRAMO DE VIA RECTA,9,PERDIDA CONTROL VEHICULO,95,PERDIDA CONTROL VEHICULO,0,GRAN BRETAÑA,0, ,- GRAN BRETAÑA,4521, , , , ,1,1,3,BIDIRECCIONAL CON BANDEJON,1,CONCRETO,1,BUENO,1,SECO,1,DESPEJADO,0,0,0,0,1
-8135863.67637444,-4406441.08161694,4980,45403,1388709,-73.0857069,-36.7652867,176,TALCAHUANO,1,44317,2021,1388709,REGION BIO BIO,8110,TALCAHUANO,CRISTOBAL COLON, ,5749,"CRISTOBAL COLON 5749, TALCAHUANO",CHILE,RANGE_INTERPOLATED,60597,2021,1388709,1,2021/10/14 00:00:00+00,1899/12/30 00:00:00+00,8,REGION BIO BIO,8110,TALCAHUANO,32,COLISION LATERAL,30,COLISION,1,URBANA,1,TRAMO DE VIA RECTA,1,IMPRUDENCIA DEL CONDUCTOR,29,CONDUCCION CAMBIAR SORPRESIVAMENTE PISTA CIRCULACION,0,CRISTOBAL COLON,0, ,- CRISTOBAL COLON,5749, , , , ,1,1,2,BIDIRECCIONAL,1,CONCRETO,1,BUENO,1,SECO,1,DESPEJADO,0,0,0,1,1
-8136635.46553606,-4406433.20262694,4981,45404,1340863,-73.09264,-36.76523,176,TALCAHUANO,1,12089,2021,1340863,REGION BIO BIO,8110,TALCAHUANO,LAGO LANALHUE, ,334,"LAGO LANALHUE 334, TALCAHUANO",CHILE,RANGE_INTERPOLATED,16725,2021,1340863,1,2021/03/29 00:00:00+00,1899/12/30 00:00:00+00,8,REGION BIO BIO,8110,TALCAHUANO,51,CHOQUE FRONTAL,40,CHOQUE,1,URBANA,1,TRAMO DE VIA RECTA,4,ALCOHOL EN CONDUCTOR,24,CONDUCCION EN ESTADO DE EBRIEDAD,0,LAGO LANALHUE,0, ,- LAGO LANALHUE,334, , , , ,1,1,2,BIDIRECCIONAL,1,CONCRETO,1,BUENO,1,SECO,1,DESPEJADO,0,1,0,0,0
-8136071.4764679,-4406380.70396749,4982,45405,1392025,-73.0875736,-36.7648522,176,TALCAHUANO,1,46404,2021,1392025,REGION BIO BIO,8110,TALCAHUANO,LAGO LLANQUIHUE,LAS HORTENSIAS,0,"LAGO LLANQUIHUE & LAS HORTENSIAS, TALCAHUANO",CHILE,GEOMETRIC_CENTER,63375,2021,1392025,1,2021/10/25 00:00:00+00,1899/12/30 00:00:00+00,8,REGION BIO BIO,8110,TALCAHUANO,32,COLISION LATERAL,30,COLISION,1,URBANA,1,TRAMO DE VIA RECTA,1,IMPRUDENCIA DEL CONDUCTOR,32,NO RESPETAR DERECHO PREFERENTE DE PASO A VEHICULO,0,LAGO LLANQUIHUE,0,LAS HORTENSIAS,LAGO LLANQUIHUE - LAS HORTENSIAS,0, , , , ,1,1,2,BIDIRECCIONAL,1,CONCRETO,1,BUENO,1,SECO,1,DESPEJADO,0,0,0,0,2
-8135924.91322633,-4406376.95208801,4983,45406,1356942,-73.086257,-36.7648252,176,TALCAHUANO,1,22024,2021,1356942,REGION BIO BIO,8110,TALCAHUANO,CRISTOBAL COLON, ,5715,"CRISTOBAL COLON 5715, TALCAHUANO",CHILE,RANGE_INTERPOLATED,30353,2021,1356942,1,2021/06/08 00:00:00+00,1899/12/30 00:00:00+00,8,REGION BIO BIO,8110,TALCAHUANO,10,ATROPELLO,10,ATROPELLO,1,URBANA,11,CRUCE CON SEMAFORO FUNCIONANDO,10,DESOBEDIENCIA A SEÑALIZACION,62,SEÑALIZACION DESOBEDECER LUZ ROJA DE SEMAFORO,0,CRISTOBAL COLON,0, ,- CRISTOBAL COLON,5715, , , , ,1,1,3,BIDIRECCIONAL CON BANDEJON,1,CONCRETO,1,BUENO,1,SECO,1,DESPEJADO,0,0,0,1,1
-8135841.41247628,-4406311.26661958,4984,45407,1368784,-73.0855069,-36.7643525,176,TALCAHUANO,1,30965,2021,1368784,REGION BIO BIO,8110,TALCAHUANO,CARLOS OLIVER, ,5680,"CARLOS OLIVER 5680, TALCAHUANO",CHILE,RANGE_INTERPOLATED,42815,2021,1368784,1,2021/08/02 00:00:00+00,1899/12/30 00:00:00+00,8,REGION BIO BIO,8110,TALCAHUANO,51,CHOQUE FRONTAL,40,CHOQUE,1,URBANA,1,TRAMO DE VIA RECTA,12,FALLAS MECANICAS,1,FALLAS MECANICAS FRENOS,0,CARLOS OLIVER,0, ,- CARLOS OLIVER,5680, , , , ,1,1,2,BIDIRECCIONAL,1,CONCRETO,1,BUENO,1,SECO,1,DESPEJADO,0,0,0,0,1
-8136945.25654699,-4406310.96091283,4985,45408,1353273,-73.0954229,-36.7643503,176,TALCAHUANO,1,20148,2021,1353273,REGION BIO BIO,8110,TALCAHUANO,LAGO PUYEHUE, ,5334,"LAGO PUYEHUE 5334, TALCAHUANO",CHILE,RANGE_INTERPOLATED,27747,2021,1353273,1,2021/05/28 00:00:00+00,1899/12/30 00:00:00+00,8,REGION BIO BIO,8110,TALCAHUANO,62,CHOQUE FRENTE/LADO,40,CHOQUE,1,URBANA,1,TRAMO DE VIA RECTA,4,ALCOHOL EN CONDUCTOR,24,CONDUCCION EN ESTADO DE EBRIEDAD,0,LAGO PUYEHUE,0, ,- LAGO PUYEHUE,5334, , , , ,1,1,2,BIDIRECCIONAL,1,CONCRETO,1,BUENO,1,SECO,1,DESPEJADO,0,0,0,0,2
-8136685.00270946,-4406284.72574761,4986,45409,1356655,-73.093085,-36.7641615,176,TALCAHUANO,1,22981,2021,1356655,REGION BIO BIO,8110,TALCAHUANO,LAGO PETROHUE,LAGO LANALHUE,0,"LAGO PETROHUE & LAGO LANALHUE, TALCAHUANO",CHILE,GEOMETRIC_CENTER,31659,2021,1356655,1,2021/06/14 00:00:00+00,1899/12/30 00:00:00+00,8,REGION BIO BIO,8110,TALCAHUANO,32,COLISION LATERAL,30,COLISION,1,URBANA,15,CRUCE CON SEÑAL CEDA EL PASO,10,DESOBEDIENCIA A SEÑALIZACION,64,SEÑALIZACION DESOBEDECER SEÑAL CEDA EL PASO,0,LAGO PETROHUE,0,LAGO LANALHUE,LAGO LANALHUE - LAGO PETROHUE,0, , , , ,1,1,2,BIDIRECCIONAL,1,CONCRETO,1,BUENO,1,SECO,1,DESPEJADO,0,0,0,0,2