X,Y,FID,FID_1,LABELID,POINT_X,POINT_Y,FID_2,COMUNAREAL,VAL_COM,OBJECTID,A_O,IDACCIDENT,REGION,COD_COMUN,COMUNA,CALLE_UNO,CALLE_DOS,NUMERO,DIR_GEOCOD,PAIS,TIPO,OBJECTID_1,Año,Idaccide_1,Claseaccid,Fecha,Hora,Cód_Regi,Región,Cód_Comun,Comuna_1,Cód_Tipo_,Tipo_Accid,Cód_Tipo1,Tipo__CONA,Cód_Zona,Zona,Cód_Ubica,Ubicación,Cód_Causa,Causa__CON,Cód_Cau_1,Causa,Cód_Calle,Calle_Un_1,Cód_Cal_1,Calle_Do_1,Intersecci,Número,Ruta,Cód_Ruta,Ubicaci_1,Km_Vía_Fe,Pistas_de_,Pistas_de1,Cód_Calza,Calzada,Cód__Tipo,Tipo_Calza,Cód_Estad,Estado_Cal,Cód_Condi,Condición,Cód_Est_1,Estado_Atm,Fallecidos,Graves,Menos_Grav,Leves,Ilesos
-8135964.32032607,-4406284.44783307,4987,45410,1394240,-73.086611,-36.7641595,176,TALCAHUANO,1,48520,2021,1394240,REGION BIO BIO,8110,TALCAHUANO,GOMEZ CARRE??ªO, ,5629,"GOMEZ CARRE??ªO 5629, TALCAHUANO",CHILE,RANGE_INTERPOLATED,66157,2021,1394240,1,2021/11/05 00:00:00+00,1899/12/30 00:00:00+00,8,REGION BIO BIO,8110,TALCAHUANO,33,COLISION POR ALCANCE,30,COLISION,1,URBANA,1,TRAMO DE VIA RECTA,1,IMPRUDENCIA DEL CONDUCTOR,28,CONDUCCION SIN MANTENER DISTANCIA RAZONABLE NI PRUDENTE,0,GOMEZ CARREÑO,0, ,- GOMEZ CARREÑO,5629, , , , ,1,1,2,BIDIRECCIONAL,1,CONCRETO,1,BUENO,1,SECO,1,DESPEJADO,0,0,0,0,2
-8137233.5183684,-4406258.89362209,4988,45411,1369678,-73.0980124,-36.7639756,176,TALCAHUANO,1,30966,2021,1369678,REGION BIO BIO,8110,TALCAHUANO,LAGO PALENA, ,5448,"LAGO PALENA 5448, TALCAHUANO",CHILE,RANGE_INTERPOLATED,42816,2021,1369678,1,2021/08/02 00:00:00+00,1899/12/30 00:00:00+00,8,REGION BIO BIO,8110,TALCAHUANO,51,CHOQUE FRONTAL,40,CHOQUE,1,URBANA,1,TRAMO DE VIA RECTA,9,PERDIDA CONTROL VEHICULO,95,PERDIDA CONTROL VEHICULO,0,LAGO PALENA,0, ,- LAGO PALENA,5448, , , , ,1,1,2,BIDIRECCIONAL,1,CONCRETO,1,BUENO,1,SECO,1,DESPEJADO,0,0,0,0,1
-8136901.19629253,-4406208.70249536,4989,45412,1344161,-73.0950271,-36.7636144,176,TALCAHUANO,1,14179,2021,1344161,REGION BIO BIO,8110,TALCAHUANO,RIO PATRUHUE, ,492,"RIO PATRUHUE 492, TALCAHUANO",CHILE,RANGE_INTERPOLATED,19570,2021,1344161,1,2021/04/16 00:00:00+00,1899/12/30 00:00:00+00,8,REGION BIO BIO,8110,TALCAHUANO,53,CHOQUE POSTERIOR,40,CHOQUE,1,URBANA,1,TRAMO DE VIA RECTA,1,IMPRUDENCIA DEL CONDUCTOR,27,CONDUCCION NO ATENTO CONDICIONES TRANSITO MOMENTO,0,RIO PATRUHUE,0, ,- RIO PATRUHUE,492, , , , ,1,1,2,BIDIRECCIONAL,1,CONCRETO,1,BUENO,1,SECO,1,DESPEJADO,0,0,0,0,1
-8137189.74754462,-4406203.85292228,4990,45413,1401937,-73.0976192,-36.7635795,176,TALCAHUANO,1,53774,2021,1401937,REGION BIO BIO,8110,TALCAHUANO,LAGO PALENA,RIO PETROHUE,0,"LAGO PALENA & RIO PETROHUE, TALCAHUANO",CHILE,GEOMETRIC_CENTER,73078,2021,1401937,1,2021/12/02 00:00:00+00,1899/12/30 00:00:00+00,8,REGION BIO BIO,8110,TALCAHUANO,32,COLISION LATERAL,30,COLISION,1,URBANA,16,CRUCE SIN SEÑALIZACION,1,IMPRUDENCIA DEL CONDUCTOR,32,NO RESPETAR DERECHO PREFERENTE DE PASO A VEHICULO,0,LAGO PALENA,0,RIO PETROHUE,LAGO PALENA - RIO PETROHUE,0, , , , ,1,1,2,BIDIRECCIONAL,1,CONCRETO,1,BUENO,1,SECO,1,DESPEJADO,0,0,0,2,0
-8135996.03524899,-4406162.54131895,4991,45414,1335139,-73.0868959,-36.7632822,176,TALCAHUANO,1,5920,2021,1335139,REGION BIO BIO,8110,TALCAHUANO,CRISTOBAL COLON, ,5565,"CRISTOBAL COLON 5565, TALCAHUANO",CHILE,RANGE_INTERPOLATED,8255,2021,1335139,1,2021/02/12 00:00:00+00,1899/12/30 00:00:00+00,8,REGION BIO BIO,8110,TALCAHUANO,10,ATROPELLO,10,ATROPELLO,1,URBANA,11,CRUCE CON SEMAFORO FUNCIONANDO,10,DESOBEDIENCIA A SEÑALIZACION,62,SEÑALIZACION DESOBEDECER LUZ ROJA DE SEMAFORO,0,CRISTOBAL COLON,0, ,- CRISTOBAL COLON,5565, , , , ,1,1,3,BIDIRECCIONAL CON BANDEJON,1,CONCRETO,1,BUENO,1,SECO,1,DESPEJADO,0,0,1,0,1
-8139460.80987214,-4406027.08818428,4992,45415,1351271,-73.1180205,-36.7623074,176,TALCAHUANO,1,18248,2021,1351271,REGION BIO BIO,8110,TALCAHUANO,GRAN BRETA??ªA, ,7,"GRAN BRETA??ªA 7, TALCAHUANO",CHILE,RANGE_INTERPOLATED,25089,2021,1351271,1,2021/05/15 00:00:00+00,1899/12/30 00:00:00+00,8,REGION BIO BIO,8110,TALCAHUANO,30,COLISION,30,COLISION,1,URBANA,1,TRAMO DE VIA RECTA,13,CAUSAS NO DETERMINADAS,97,CAUSAS NO DETERMINADAS,0,GRAN BRETAÑA,0, ,- GRAN BRETAÑA,7, , , , ,2,2,2,BIDIRECCIONAL,2,ASFALTO,1,BUENO,1,SECO,1,DESPEJADO,0,0,0,0,1
-8136937.45305068,-4405938.75554824,4993,45416,1379300,-73.0953528,-36.7616717,176,TALCAHUANO,1,38273,2021,1379300,REGION BIO BIO,8110,TALCAHUANO,RIO MAPOCHO, ,5179,"RIO MAPOCHO 5179, TALCAHUANO",CHILE,RANGE_INTERPOLATED,52557,2021,1379300,1,2021/09/11 00:00:00+00,1899/12/30 00:00:00+00,8,REGION BIO BIO,8110,TALCAHUANO,32,COLISION LATERAL,30,COLISION,1,URBANA,1,TRAMO DE VIA RECTA,1,IMPRUDENCIA DEL CONDUCTOR,91,VIRAJES INDEBIDOS,0,RIO MAPOCHO,0, ,- RIO MAPOCHO,5179, , , , ,1,1,2,BIDIRECCIONAL,1,CONCRETO,1,BUENO,1,SECO,1,DESPEJADO,0,0,0,0,2
-8136922.079829,-4405938.53322382,4994,45417,1398140,-73.0952147,-36.7616701,176,TALCAHUANO,1,50910,2021,1398140,REGION BIO BIO,8110,TALCAHUANO,RIO MAPOCHO, ,508,"RIO MAPOCHO 508, TALCAHUANO",CHILE,RANGE_INTERPOLATED,69295,2021,1398140,1,2021/11/17 00:00:00+00,1899/12/30 00:00:00+00,8,REGION BIO BIO,8110,TALCAHUANO,70,VOLCADURA,70,VOLCADURA,1,URBANA,1,TRAMO DE VIA RECTA,9,PERDIDA CONTROL VEHICULO,95,PERDIDA CONTROL VEHICULO,0,RIO MAPOCHO,0, ,- RIO MAPOCHO,508, , , , ,1,1,2,BIDIRECCIONAL,1,CONCRETO,1,BUENO,1,SECO,1,DESPEJADO,0,0,0,1,0
-8136135.71894604,-4405902.97527242,4995,45418,1353110,-73.0881507,-36.7614142,176,TALCAHUANO,1,18744,2021,1353110,REGION BIO BIO,8110,TALCAHUANO,CRISTOBAL COLON, ,5379,"CRISTOBAL COLON 5379, TALCAHUANO",CHILE,RANGE_INTERPOLATED,25781,2021,1353110,1,2021/05/19 00:00:00+00,1899/12/30 00:00:00+00,8,REGION BIO BIO,8110,TALCAHUANO,63,CHOQUE FRENTE/POSTERIOR,40,CHOQUE,1,URBANA,1,TRAMO DE VIA RECTA,1,IMPRUDENCIA DEL CONDUCTOR,28,CONDUCCION SIN MANTENER DISTANCIA RAZONABLE NI PRUDENTE,0,CRISTOBAL COLON,0, ,- CRISTOBAL COLON,5379, , , , ,1,1,3,BIDIRECCIONAL CON BANDEJON,1,CONCRETO,1,BUENO,1,SECO,1,DESPEJADO,0,0,0,1,1
-8136135.17348054,-4405899.48757041,4996,45419,1341720,-73.0881458,-36.7613891,176,TALCAHUANO,1,12595,2021,1341720,REGION BIO BIO,8110,TALCAHUANO,CRISTOBAL COLON, ,5375,"CRISTOBAL COLON 5375, TALCAHUANO",CHILE,RANGE_INTERPOLATED,17412,2021,1341720,1,2021/04/02 00:00:00+00,1899/12/30 00:00:00+00,8,REGION BIO BIO,8110,TALCAHUANO,51,CHOQUE FRONTAL,40,CHOQUE,1,URBANA,1,TRAMO DE VIA RECTA,4,ALCOHOL EN CONDUCTOR,24,CONDUCCION EN ESTADO DE EBRIEDAD,0,CRISTOBAL COLON,0, ,- CRISTOBAL COLON,5375, , , , ,1,1,3,BIDIRECCIONAL CON BANDEJON,1,CONCRETO,1,BUENO,1,SECO,1,DESPEJADO,0,1,0,0,0
-8136148.01974977,-4405844.69883958,4997,45420,1380452,-73.0882612,-36.7609948,176,TALCAHUANO,1,39611,2021,1380452,REGION BIO BIO,8110,TALCAHUANO,CRISTOBAL COLON, ,5357,"CRISTOBAL COLON 5357, TALCAHUANO",CHILE,RANGE_INTERPOLATED,54383,2021,1380452,1,2021/09/18 00:00:00+00,1899/12/30 00:00:00+00,8,REGION BIO BIO,8110,TALCAHUANO,32,COLISION LATERAL,30,COLISION,1,URBANA,1,TRAMO DE VIA RECTA,1,IMPRUDENCIA DEL CONDUCTOR,91,VIRAJES INDEBIDOS,0,CRISTOBAL COLON,0, ,- CRISTOBAL COLON,5357, , , , ,1,1,2,BIDIRECCIONAL,1,CONCRETO,1,BUENO,1,SECO,1,DESPEJADO,0,0,0,0,2
-8136151.3148067,-4405837.05650794,4998,45421,1345761,-73.0882908,-36.7609398,176,TALCAHUANO,1,15523,2021,1345761,REGION BIO BIO,8110,TALCAHUANO,GOMEZ CARRE??ªO, ,5353,"GOMEZ CARRE??ªO 5353, TALCAHUANO",CHILE,RANGE_INTERPOLATED,21376,2021,1345761,1,2021/04/26 00:00:00+00,1899/12/30 00:00:00+00,8,REGION BIO BIO,8110,TALCAHUANO,62,CHOQUE FRENTE/LADO,40,CHOQUE,1,URBANA,1,TRAMO DE VIA RECTA,1,IMPRUDENCIA DEL CONDUCTOR,27,CONDUCCION NO ATENTO CONDICIONES TRANSITO MOMENTO,0,GOMEZ CARREÑO,0, ,- GOMEZ CARREÑO,5353, , , , ,1,1,2,BIDIRECCIONAL,1,CONCRETO,1,BUENO,1,SECO,1,DESPEJADO,0,0,0,0,2
-8139507.53066242,-4405833.12418306,4999,45422,1343246,-73.1184402,-36.7609115,176,TALCAHUANO,1,13671,2021,1343246,REGION BIO BIO,8110,TALCAHUANO,GRAN BRETA??ªA, ,4325,"GRAN BRETA??ªA 4325, TALCAHUANO",CHILE,RANGE_INTERPOLATED,18890,2021,1343246,1,2021/04/12 00:00:00+00,1899/12/30 00:00:00+00,8,REGION BIO BIO,8110,TALCAHUANO,63,CHOQUE FRENTE/POSTERIOR,40,CHOQUE,1,URBANA,1,TRAMO DE VIA RECTA,1,IMPRUDENCIA DEL CONDUCTOR,28,CONDUCCION SIN MANTENER DISTANCIA RAZONABLE NI PRUDENTE,0,GRAN BRETAÑA,0, ,- GRAN BRETAÑA,4325, , , , ,1,1,3,BIDIRECCIONAL CON BANDEJON,1,CONCRETO,1,BUENO,1,SECO,1,DESPEJADO,0,0,0,0,3
-8136190.07625339,-4405744.09840353,5000,45423,1408451,-73.088639,-36.7602708,176,TALCAHUANO,1,57823,2021,1408451,REGION BIO BIO,8110,TALCAHUANO,CRISTOBAL COLON, ,5305,"CRISTOBAL COLON 5305, TALCAHUANO",CHILE,RANGE_INTERPOLATED,78511,2021,1408451,1,2021/12/22 00:00:00+00,1899/12/30 00:00:00+00,8,REGION BIO BIO,8110,TALCAHUANO,10,ATROPELLO,10,ATROPELLO,1,URBANA,11,CRUCE CON SEMAFORO FUNCIONANDO,10,DESOBEDIENCIA A SEÑALIZACION,62,SEÑALIZACION DESOBEDECER LUZ ROJA DE SEMAFORO,0,CRISTOBAL COLON,0, ,- CRISTOBAL COLON,5305, , , , ,1,1,3,BIDIRECCIONAL CON BANDEJON,1,CONCRETO,1,BUENO,1,SECO,1,DESPEJADO,0,0,0,1,1
-8136271.050051,-4405739.06840666,5001,45424,1374494,-73.0893664,-36.7602346,176,TALCAHUANO,1,34688,2021,1374494,REGION BIO BIO,8110,TALCAHUANO,CRISTOBAL COLON,MONSE??ªOR ALARCON,0,"CRISTOBAL COLON & MONSE??ªOR ALARCON, TALCAHUANO",CHILE,GEOMETRIC_CENTER,47829,2021,1374494,1,2021/08/22 00:00:00+00,1899/12/30 00:00:00+00,8,REGION BIO BIO,8110,TALCAHUANO,32,COLISION LATERAL,30,COLISION,1,URBANA,11,CRUCE CON SEMAFORO FUNCIONANDO,10,DESOBEDIENCIA A SEÑALIZACION,62,SEÑALIZACION DESOBEDECER LUZ ROJA DE SEMAFORO,0,CRISTOBAL COLON,0,MONSEÑOR ALARCON,CRISTOBAL COLON - MONSEÑOR ALARCON,0, , , , ,1,1,2,BIDIRECCIONAL,1,CONCRETO,1,BUENO,1,SECO,1,DESPEJADO,0,0,0,0,2
-8136271.050051,-4405739.06840666,5002,45425,1376292,-73.0893664,-36.7602346,176,TALCAHUANO,1,36203,2021,1376292,REGION BIO BIO,8110,TALCAHUANO,CRISTOBAL COLON,MONSE??ªOR ALARCON,0,"CRISTOBAL COLON & MONSE??ªOR ALARCON, TALCAHUANO",CHILE,GEOMETRIC_CENTER,49830,2021,1376292,1,2021/08/31 00:00:00+00,1899/12/30 00:00:00+00,8,REGION BIO BIO,8110,TALCAHUANO,32,COLISION LATERAL,30,COLISION,1,URBANA,1,TRAMO DE VIA RECTA,10,DESOBEDIENCIA A SEÑALIZACION,62,SEÑALIZACION DESOBEDECER LUZ ROJA DE SEMAFORO,0,CRISTOBAL COLON,0,MONSEÑOR ALARCON,CRISTOBAL COLON - MONSEÑOR ALARCON,0, , , , ,1,1,3,BIDIRECCIONAL CON BANDEJON,1,CONCRETO,1,BUENO,1,SECO,1,DESPEJADO,0,0,0,0,2
-8136168.49140413,-4405723.49210543,5003,45426,1367482,-73.0884451,-36.7601225,176,TALCAHUANO,1,30500,2021,1367482,REGION BIO BIO,8110,TALCAHUANO,MONSE??ªOR ALARCON, ,42,"MONSE??ªOR ALARCON 42, TALCAHUANO",CHILE,RANGE_INTERPOLATED,42144,2021,1367482,1,2021/07/30 00:00:00+00,1899/12/30 00:00:00+00,8,REGION BIO BIO,8110,TALCAHUANO,62,CHOQUE FRENTE/LADO,40,CHOQUE,1,URBANA,1,TRAMO DE VIA RECTA,1,IMPRUDENCIA DEL CONDUCTOR,14,ADELANTAMIENTO SOBREPASANDO LINEA CONTINUA,0,MONSEÑOR ALARCON,0, ,- MONSEÑOR ALARCON,42, , , , ,1,1,2,BIDIRECCIONAL,1,CONCRETO,1,BUENO,1,SECO,1,DESPEJADO,0,0,0,0,2
-8135856.06212127,-4405708.13814657,5004,45427,1392408,-73.0856385,-36.760012,176,TALCAHUANO,1,47304,2021,1392408,REGION BIO BIO,8110,TALCAHUANO,PADRE YA??ªEZ, ,5004,"PADRE YA??ªEZ 5004, TALCAHUANO",CHILE,RANGE_INTERPOLATED,64530,2021,1392408,1,2021/10/30 00:00:00+00,1899/12/30 00:00:00+00,8,REGION BIO BIO,8110,TALCAHUANO,62,CHOQUE FRENTE/LADO,40,CHOQUE,1,URBANA,1,TRAMO DE VIA RECTA,1,IMPRUDENCIA DEL CONDUCTOR,27,CONDUCCION NO ATENTO CONDICIONES TRANSITO MOMENTO,0,PADRE YAÑEZ,0, ,- PADRE YAÑEZ,5004, , , , ,1,1,2,BIDIRECCIONAL,1,CONCRETO,1,BUENO,1,SECO,1,DESPEJADO,0,0,0,0,2
-8136196.33240878,-4405698.18934883,5005,45428,1376143,-73.0886952,-36.7599404,176,TALCAHUANO,1,34780,2021,1376143,REGION BIO BIO,8110,TALCAHUANO,CRISTOBAL COLON, ,5279,"CRISTOBAL COLON 5279, TALCAHUANO",CHILE,RANGE_INTERPOLATED,47970,2021,1376143,1,2021/08/23 00:00:00+00,1899/12/30 00:00:00+00,8,REGION BIO BIO,8110,TALCAHUANO,32,COLISION LATERAL,30,COLISION,1,URBANA,1,TRAMO DE VIA RECTA,1,IMPRUDENCIA DEL CONDUCTOR,29,CONDUCCION CAMBIAR SORPRESIVAMENTE PISTA CIRCULACION,0,CRISTOBAL COLON,0, ,- CRISTOBAL COLON,5279, , , , ,1,1,3,BIDIRECCIONAL CON BANDEJON,1,CONCRETO,1,BUENO,1,SECO,1,DESPEJADO,0,0,0,1,1
-8136196.33240878,-4405698.18934883,5006,45429,1383938,-73.0886952,-36.7599404,176,TALCAHUANO,1,40250,2021,1383938,REGION BIO BIO,8110,TALCAHUANO,CRISTOBAL COLON, ,5279,"CRISTOBAL COLON 5279, TALCAHUANO",CHILE,RANGE_INTERPOLATED,55268,2021,1383938,1,2021/09/22 00:00:00+00,1899/12/30 00:00:00+00,8,REGION BIO BIO,8110,TALCAHUANO,63,CHOQUE FRENTE/POSTERIOR,40,CHOQUE,1,URBANA,1,TRAMO DE VIA RECTA,1,IMPRUDENCIA DEL CONDUCTOR,28,CONDUCCION SIN MANTENER DISTANCIA RAZONABLE NI PRUDENTE,0,CRISTOBAL COLON,0, ,- CRISTOBAL COLON,5279, , , , ,1,1,2,BIDIRECCIONAL,1,CONCRETO,1,BUENO,1,SECO,1,DESPEJADO,0,0,0,0,2
-8135947.92296507,-4405580.56914103,5007,45430,1401698,-73.0864637,-36.7590939,176,TALCAHUANO,1,53525,2021,1401698,REGION BIO BIO,8110,TALCAHUANO,JAIME REPULLO, ,3228,"JAIME REPULLO 3228, TALCAHUANO",CHILE,RANGE_INTERPOLATED,72753,2021,1401698,1,2021/12/01 00:00:00+00,1899/12/30 00:00:00+00,8,REGION BIO BIO,8110,TALCAHUANO,33,COLISION POR ALCANCE,30,COLISION,1,URBANA,1,TRAMO DE VIA RECTA,1,IMPRUDENCIA DEL CONDUCTOR,28,CONDUCCION SIN MANTENER DISTANCIA RAZONABLE NI PRUDENTE,0,JAIME REPULLO,0, ,- JAIME REPULLO,3228, , , , ,1,1,2,BIDIRECCIONAL,1,CONCRETO,1,BUENO,1,SECO,1,DESPEJADO,0,0,0,0,2
-8136269.68082126,-4405545.98501737,5008,45431,1341753,-73.0893541,-36.758845,176,TALCAHUANO,1,12827,2021,1341753,REGION BIO BIO,8110,TALCAHUANO,CRISTOBAL COLON, ,5169,"CRISTOBAL COLON 5169, TALCAHUANO",CHILE,RANGE_INTERPOLATED,17709,2021,1341753,1,2021/04/04 00:00:00+00,1899/12/30 00:00:00+00,8,REGION BIO BIO,8110,TALCAHUANO,51,CHOQUE FRONTAL,40,CHOQUE,1,URBANA,1,TRAMO DE VIA RECTA,9,PERDIDA CONTROL VEHICULO,95,PERDIDA CONTROL VEHICULO,0,CRISTOBAL COLON,0, ,- CRISTOBAL COLON,5169, , , , ,1,1,2,BIDIRECCIONAL,1,CONCRETO,1,BUENO,1,SECO,1,DESPEJADO,0,0,0,1,0
-8136269.68082126,-4405545.98501737,5009,45432,1343383,-73.0893541,-36.758845,176,TALCAHUANO,1,12829,2021,1343383,REGION BIO BIO,8110,TALCAHUANO,CRISTOBAL COLON, ,5169,"CRISTOBAL COLON 5169, TALCAHUANO",CHILE,RANGE_INTERPOLATED,17711,2021,1343383,1,2021/04/04 00:00:00+00,1899/12/30 00:00:00+00,8,REGION BIO BIO,8110,TALCAHUANO,51,CHOQUE FRONTAL,40,CHOQUE,1,URBANA,11,CRUCE CON SEMAFORO FUNCIONANDO,9,PERDIDA CONTROL VEHICULO,95,PERDIDA CONTROL VEHICULO,0,CRISTOBAL COLON,0, ,- CRISTOBAL COLON,5169, , , , ,1,1,3,BIDIRECCIONAL CON BANDEJON,1,CONCRETO,1,BUENO,1,SECO,1,DESPEJADO,0,0,0,1,0
-8136269.68082126,-4405545.98501737,5010,45433,1356792,-73.0893541,-36.758845,176,TALCAHUANO,1,22988,2021,1356792,REGION BIO BIO,8110,TALCAHUANO,CRISTOBAL COLON, ,5169,"CRISTOBAL COLON 5169, TALCAHUANO",CHILE,RANGE_INTERPOLATED,31670,2021,1356792,1,2021/06/14 00:00:00+00,1899/12/30 00:00:00+00,8,REGION BIO BIO,8110,TALCAHUANO,20,CAIDA,20,CAIDA,1,URBANA,1,TRAMO DE VIA RECTA,3,IMPRUDENCIA DEL PASAJERO,43,IMPRUDENCIA DEL PASAJERO,0,CRISTOBAL COLON,0, ,- CRISTOBAL COLON,5169, , , , ,1,1,3,BIDIRECCIONAL CON BANDEJON,1,CONCRETO,1,BUENO,1,SECO,1,DESPEJADO,0,0,0,3,0
-8136495.44788054,-4405493.07388747,5011,45434,1339562,-73.0913822,-36.7584642,176,TALCAHUANO,1,10782,2021,1339562,REGION BIO BIO,8110,TALCAHUANO,LAS HORTENSIAS, ,5064,"LAS HORTENSIAS 5064, TALCAHUANO",CHILE,RANGE_INTERPOLATED,14965,2021,1339562,1,2021/03/17 00:00:00+00,1899/12/30 00:00:00+00,8,REGION BIO BIO,8110,TALCAHUANO,32,COLISION LATERAL,30,COLISION,1,URBANA,1,TRAMO DE VIA RECTA,1,IMPRUDENCIA DEL CONDUCTOR,32,NO RESPETAR DERECHO PREFERENTE DE PASO A VEHICULO,0,LAS HORTENSIAS,0, ,- LAS HORTENSIAS,5064, , , , ,1,1,2,BIDIRECCIONAL,1,CONCRETO,1,BUENO,1,SECO,1,DESPEJADO,0,0,0,1,1
-8136853.12853641,-4405491.97620663,5012,45435,1383558,-73.0945953,-36.7584563,176,TALCAHUANO,1,41620,2021,1383558,REGION BIO BIO,8110,TALCAHUANO,LAS GARDENIAS, ,509,"LAS GARDENIAS 509, TALCAHUANO",CHILE,RANGE_INTERPOLATED,57035,2021,1383558,1,2021/09/30 00:00:00+00,1899/12/30 00:00:00+00,8,REGION BIO BIO,8110,TALCAHUANO,70,VOLCADURA,70,VOLCADURA,1,URBANA,1,TRAMO DE VIA RECTA,9,PERDIDA CONTROL VEHICULO,95,PERDIDA CONTROL VEHICULO,0,LAS GARDENIAS,0, ,- LAS GARDENIAS,509, , , , ,1,1,2,BIDIRECCIONAL,1,CONCRETO,1,BUENO,1,SECO,1,DESPEJADO,0,0,0,0,1
-8136313.95258275,-4405463.71443738,5013,45436,1379966,-73.0897518,-36.7582529,176,TALCAHUANO,1,38926,2021,1379966,REGION BIO BIO,8110,TALCAHUANO,GOMEZ CARRE??ªO, ,5125,"GOMEZ CARRE??ªO 5125, TALCAHUANO",CHILE,RANGE_INTERPOLATED,53458,2021,1379966,1,2021/09/14 00:00:00+00,1899/12/30 00:00:00+00,8,REGION BIO BIO,8110,TALCAHUANO,65,CHOQUE LADO/LADO,40,CHOQUE,1,URBANA,1,TRAMO DE VIA RECTA,1,IMPRUDENCIA DEL CONDUCTOR,27,CONDUCCION NO ATENTO CONDICIONES TRANSITO MOMENTO,0,GOMEZ CARREÑO,0, ,- GOMEZ CARREÑO,5125, , , , ,1,1,2,BIDIRECCIONAL,1,CONCRETO,1,BUENO,1,SECO,1,DESPEJADO,0,0,0,0,2
-8136313.95258275,-4405463.71443738,5014,45437,1406331,-73.0897518,-36.7582529,176,TALCAHUANO,1,57446,2021,1406331,REGION BIO BIO,8110,TALCAHUANO,GOMEZ CARRE??ªO, ,5125,"GOMEZ CARRE??ªO 5125, TALCAHUANO",CHILE,RANGE_INTERPOLATED,78007,2021,1406331,1,2021/12/20 00:00:00+00,1899/12/30 00:00:00+00,8,REGION BIO BIO,8110,TALCAHUANO,32,COLISION LATERAL,30,COLISION,1,URBANA,1,TRAMO DE VIA RECTA,1,IMPRUDENCIA DEL CONDUCTOR,29,CONDUCCION CAMBIAR SORPRESIVAMENTE PISTA CIRCULACION,0,GOMEZ CARREÑO,0, ,- GOMEZ CARREÑO,5125, , , , ,1,1,2,BIDIRECCIONAL,1,CONCRETO,1,BUENO,1,SECO,1,DESPEJADO,0,0,0,1,1
-8137191.55092037,-4405456.29469327,5015,45438,1332336,-73.0976354,-36.7581995,176,TALCAHUANO,1,6201,2021,1332336,REGION BIO BIO,8110,TALCAHUANO,CRISTOBAL COLON,LAS AMAPOLAS,0,"CRISTOBAL COLON & LAS AMAPOLAS, TALCAHUANO",CHILE,GEOMETRIC_CENTER,8654,2021,1332336,1,2021/02/15 00:00:00+00,1899/12/30 00:00:00+00,8,REGION BIO BIO,8110,TALCAHUANO,30,COLISION,30,COLISION,1,URBANA,14,CRUCE CON SEÑAL PARE,1,IMPRUDENCIA DEL CONDUCTOR,27,CONDUCCION NO ATENTO CONDICIONES TRANSITO MOMENTO,0,CRISTOBAL COLON,0,LAS AMAPOLAS,CRISTOBAL COLON - LAS AMAPOLAS,0, , , , ,2,2,3,BIDIRECCIONAL CON BANDEJON,1,CONCRETO,1,BUENO,1,SECO,1,DESPEJADO,0,0,0,0,3
-8137191.55092037,-4405456.29469327,5016,45439,1368841,-73.0976354,-36.7581995,176,TALCAHUANO,1,31390,2021,1368841,REGION BIO BIO,8110,TALCAHUANO,LAS AMAPOLAS,CRISTOBAL COLON,0,"LAS AMAPOLAS & CRISTOBAL COLON, TALCAHUANO",CHILE,GEOMETRIC_CENTER,43343,2021,1368841,1,2021/08/04 00:00:00+00,1899/12/30 00:00:00+00,8,REGION BIO BIO,8110,TALCAHUANO,32,COLISION LATERAL,30,COLISION,1,URBANA,11,CRUCE CON SEMAFORO FUNCIONANDO,10,DESOBEDIENCIA A SEÑALIZACION,62,SEÑALIZACION DESOBEDECER LUZ ROJA DE SEMAFORO,0,LAS AMAPOLAS,0,CRISTOBAL COLON,CRISTOBAL COLON - LAS AMAPOLAS,0, , , , ,1,1,2,BIDIRECCIONAL,1,CONCRETO,1,BUENO,1,SECO,1,DESPEJADO,0,0,0,1,1
-8136711.20731759,-4405431.0620441,5017,45440,1386617,-73.0933204,-36.7580179,176,TALCAHUANO,1,42814,2021,1386617,REGION BIO BIO,8110,TALCAHUANO,LAS AMAPOLAS, ,129,"LAS AMAPOLAS 129, TALCAHUANO",CHILE,RANGE_INTERPOLATED,58620,2021,1386617,1,2021/10/06 00:00:00+00,1899/12/30 00:00:00+00,8,REGION BIO BIO,8110,TALCAHUANO,31,COLISION FRONTAL,30,COLISION,1,URBANA,1,TRAMO DE VIA RECTA,1,IMPRUDENCIA DEL CONDUCTOR,11,ADELANTAMIENTO SIN EL ESPACIO O TIEMPO SUFICIENTE,0,LAS AMAPOLAS,0, ,- LAS AMAPOLAS,129, , , , ,1,1,2,BIDIRECCIONAL,1,CONCRETO,1,BUENO,1,SECO,1,DESPEJADO,0,0,0,0,2