X,Y,FID,FID_1,LABELID,POINT_X,POINT_Y,FID_2,COMUNAREAL,VAL_COM,OBJECTID,A_O,IDACCIDENT,REGION,COD_COMUN,COMUNA,CALLE_UNO,CALLE_DOS,NUMERO,DIR_GEOCOD,PAIS,TIPO,OBJECTID_1,Año,Idaccide_1,Claseaccid,Fecha,Hora,Cód_Regi,Región,Cód_Comun,Comuna_1,Cód_Tipo_,Tipo_Accid,Cód_Tipo1,Tipo__CONA,Cód_Zona,Zona,Cód_Ubica,Ubicación,Cód_Causa,Causa__CON,Cód_Cau_1,Causa,Cód_Calle,Calle_Un_1,Cód_Cal_1,Calle_Do_1,Intersecci,Número,Ruta,Cód_Ruta,Ubicaci_1,Km_Vía_Fe,Pistas_de_,Pistas_de1,Cód_Calza,Calzada,Cód__Tipo,Tipo_Calza,Cód_Estad,Estado_Cal,Cód_Condi,Condición,Cód_Est_1,Estado_Atm,Fallecidos,Graves,Menos_Grav,Leves,Ilesos
-8136711.20731759,-4405431.0620441,5018,45441,1391944,-73.0933204,-36.7580179,176,TALCAHUANO,1,43463,2021,1391944,REGION BIO BIO,8110,TALCAHUANO,LAS AMAPOLAS, ,129,"LAS AMAPOLAS 129, TALCAHUANO",CHILE,RANGE_INTERPOLATED,59445,2021,1391944,1,2021/10/09 00:00:00+00,1899/12/30 00:00:00+00,8,REGION BIO BIO,8110,TALCAHUANO,31,COLISION FRONTAL,30,COLISION,1,URBANA,1,TRAMO DE VIA RECTA,1,IMPRUDENCIA DEL CONDUCTOR,11,ADELANTAMIENTO SIN EL ESPACIO O TIEMPO SUFICIENTE,0,LAS AMAPOLAS,0, ,- LAS AMAPOLAS,129, , , , ,1,1,2,BIDIRECCIONAL,1,CONCRETO,1,BUENO,1,SECO,1,DESPEJADO,0,0,0,0,2
-8136675.97469876,-4405408.05258789,5019,45442,1332853,-73.0930039,-36.7578523,176,TALCAHUANO,1,6200,2021,1332853,REGION BIO BIO,8110,TALCAHUANO,LAS AMAPOLAS, ,4979,"LAS AMAPOLAS 4979, TALCAHUANO",CHILE,RANGE_INTERPOLATED,8652,2021,1332853,1,2021/02/15 00:00:00+00,1899/12/30 00:00:00+00,8,REGION BIO BIO,8110,TALCAHUANO,63,CHOQUE FRENTE/POSTERIOR,40,CHOQUE,1,URBANA,1,TRAMO DE VIA RECTA,1,IMPRUDENCIA DEL CONDUCTOR,28,CONDUCCION SIN MANTENER DISTANCIA RAZONABLE NI PRUDENTE,0,LAS AMAPOLAS,0, ,- LAS AMAPOLAS,4979, , , , ,1,1,2,BIDIRECCIONAL,1,CONCRETO,1,BUENO,1,SECO,1,DESPEJADO,0,0,0,0,2
-8136675.97469876,-4405408.05258789,5020,45443,1398787,-73.0930039,-36.7578523,176,TALCAHUANO,1,53049,2021,1398787,REGION BIO BIO,8110,TALCAHUANO,LAS AMAPOLAS, ,5010,"LAS AMAPOLAS 5010, TALCAHUANO",CHILE,RANGE_INTERPOLATED,72115,2021,1398787,1,2021/11/28 00:00:00+00,1899/12/30 00:00:00+00,8,REGION BIO BIO,8110,TALCAHUANO,63,CHOQUE FRENTE/POSTERIOR,40,CHOQUE,1,URBANA,1,TRAMO DE VIA RECTA,1,IMPRUDENCIA DEL CONDUCTOR,27,CONDUCCION NO ATENTO CONDICIONES TRANSITO MOMENTO,0,LAS AMAPOLAS,0, ,- LAS AMAPOLAS,5010, , , , ,1,1,2,BIDIRECCIONAL,1,CONCRETO,1,BUENO,1,SECO,1,DESPEJADO,0,0,0,0,2
-8137472.14282886,-4405407.21891288,5021,45444,1379198,-73.100156,-36.7578463,176,TALCAHUANO,1,37995,2021,1379198,REGION BIO BIO,8110,TALCAHUANO,RIO BLANCO, ,893,"RIO BLANCO 893, TALCAHUANO",CHILE,RANGE_INTERPOLATED,52206,2021,1379198,1,2021/09/09 00:00:00+00,1899/12/30 00:00:00+00,8,REGION BIO BIO,8110,TALCAHUANO,99,OTRO TIPO,99,OTRO TIPO,1,URBANA,1,TRAMO DE VIA RECTA,14,OTRAS CAUSAS,98,OTRAS CAUSAS,0,RIO BLANCO,0, ,- RIO BLANCO,893, , , , ,1,1,2,BIDIRECCIONAL,1,CONCRETO,1,BUENO,1,SECO,1,DESPEJADO,0,0,0,0,2
-8135748.51636122,-4405400.73014456,5022,45445,1394126,-73.0846724,-36.7577996,176,TALCAHUANO,1,48040,2021,1394126,REGION BIO BIO,8110,TALCAHUANO,PERALILLO,CLAUDIO GAY,0,"PERALILLO & CLAUDIO GAY, TALCAHUANO",CHILE,GEOMETRIC_CENTER,65536,2021,1394126,1,2021/11/03 00:00:00+00,1899/12/30 00:00:00+00,8,REGION BIO BIO,8110,TALCAHUANO,32,COLISION LATERAL,30,COLISION,1,URBANA,16,CRUCE SIN SEÑALIZACION,1,IMPRUDENCIA DEL CONDUCTOR,32,NO RESPETAR DERECHO PREFERENTE DE PASO A VEHICULO,0,PERALILLO,0,CLAUDIO GAY,CLAUDIO GAY - PERALILLO,0, , , , ,1,1,2,BIDIRECCIONAL,1,CONCRETO,1,BUENO,1,SECO,1,DESPEJADO,0,0,0,1,1
-8135756.69834379,-4405389.76733083,5023,45446,1407473,-73.0847459,-36.7577207,176,TALCAHUANO,1,58344,2021,1407473,REGION BIO BIO,8110,TALCAHUANO,PASAJE TREINTA Y SEIS,CLAUDIO GAY,0,"PASAJE TREINTA Y SEIS & CLAUDIO GAY, TALCAHUANO",CHILE,GEOMETRIC_CENTER,79230,2021,1407473,1,2021/12/25 00:00:00+00,1899/12/30 00:00:00+00,8,REGION BIO BIO,8110,TALCAHUANO,32,COLISION LATERAL,30,COLISION,1,URBANA,26,OTROS NO CONSIDERADOS,1,IMPRUDENCIA DEL CONDUCTOR,32,NO RESPETAR DERECHO PREFERENTE DE PASO A VEHICULO,0,PASAJE TREINTA Y SEIS,0,CLAUDIO GAY,CLAUDIO GAY - PASAJE TREINTA Y SEIS,0, , , , ,1,1,2,BIDIRECCIONAL,1,CONCRETO,1,BUENO,1,SECO,1,DESPEJADO,0,0,0,0,2
-8136556.00568353,-4405364.52094463,5024,45447,1366551,-73.0919262,-36.757539,176,TALCAHUANO,1,27596,2021,1366551,REGION BIO BIO,8110,TALCAHUANO,LAS HORTENSIAS, ,5010,"LAS HORTENSIAS 5010, TALCAHUANO",CHILE,RANGE_INTERPOLATED,38080,2021,1366551,1,2021/07/13 00:00:00+00,1899/12/30 00:00:00+00,8,REGION BIO BIO,8110,TALCAHUANO,32,COLISION LATERAL,30,COLISION,1,URBANA,11,CRUCE CON SEMAFORO FUNCIONANDO,1,IMPRUDENCIA DEL CONDUCTOR,91,VIRAJES INDEBIDOS,0,LAS HORTENSIAS,0, ,- LAS HORTENSIAS,5010, , , , ,1,1,2,BIDIRECCIONAL,1,CONCRETO,1,BUENO,1,SECO,1,DESPEJADO,0,0,0,1,2
-8136556.00568353,-4405364.52094463,5025,45448,1377241,-73.0919262,-36.757539,176,TALCAHUANO,1,36402,2021,1377241,REGION BIO BIO,8110,TALCAHUANO,LAS HORTENSIAS, ,5010,"LAS HORTENSIAS 5010, TALCAHUANO",CHILE,RANGE_INTERPOLATED,50094,2021,1377241,1,2021/09/01 00:00:00+00,1899/12/30 00:00:00+00,8,REGION BIO BIO,8110,TALCAHUANO,33,COLISION POR ALCANCE,30,COLISION,1,URBANA,1,TRAMO DE VIA RECTA,1,IMPRUDENCIA DEL CONDUCTOR,11,ADELANTAMIENTO SIN EL ESPACIO O TIEMPO SUFICIENTE,0,LAS HORTENSIAS,0, ,- LAS HORTENSIAS,5010, , , , ,1,1,2,BIDIRECCIONAL,1,CONCRETO,1,BUENO,1,SECO,1,DESPEJADO,0,0,0,0,2
-8136571.81305122,-4405338.46873758,5026,45449,1369727,-73.0920682,-36.7573515,176,TALCAHUANO,1,31557,2021,1369727,REGION BIO BIO,8110,TALCAHUANO,LAS AMAPOLAS, ,4996,"LAS AMAPOLAS 4996, TALCAHUANO",CHILE,RANGE_INTERPOLATED,43569,2021,1369727,1,2021/08/05 00:00:00+00,1899/12/30 00:00:00+00,8,REGION BIO BIO,8110,TALCAHUANO,63,CHOQUE FRENTE/POSTERIOR,40,CHOQUE,1,URBANA,14,CRUCE CON SEÑAL PARE,1,IMPRUDENCIA DEL CONDUCTOR,28,CONDUCCION SIN MANTENER DISTANCIA RAZONABLE NI PRUDENTE,0,LAS AMAPOLAS,0, ,- LAS AMAPOLAS,4996, , , , ,1,1,2,BIDIRECCIONAL,1,CONCRETO,1,BUENO,1,SECO,1,DESPEJADO,0,0,0,0,2
-8136548.29124282,-4405336.82918748,5027,45450,1375630,-73.0918569,-36.7573397,176,TALCAHUANO,1,34698,2021,1375630,REGION BIO BIO,8110,TALCAHUANO,LAS HORTENSIAS, ,4996,"LAS HORTENSIAS 4996, TALCAHUANO",CHILE,RANGE_INTERPOLATED,47841,2021,1375630,1,2021/08/22 00:00:00+00,1899/12/30 00:00:00+00,8,REGION BIO BIO,8110,TALCAHUANO,32,COLISION LATERAL,30,COLISION,1,URBANA,11,CRUCE CON SEMAFORO FUNCIONANDO,10,DESOBEDIENCIA A SEÑALIZACION,62,SEÑALIZACION DESOBEDECER LUZ ROJA DE SEMAFORO,0,LAS HORTENSIAS,0, ,- LAS HORTENSIAS,4996, , , , ,1,1,2,BIDIRECCIONAL,1,CONCRETO,1,BUENO,1,SECO,1,DESPEJADO,0,0,0,2,0
-8136548.29124282,-4405336.82918748,5028,45451,1377005,-73.0918569,-36.7573397,176,TALCAHUANO,1,36755,2021,1377005,REGION BIO BIO,8110,TALCAHUANO,LAS HORTENSIAS, ,4996,"LAS HORTENSIAS 4996, TALCAHUANO",CHILE,RANGE_INTERPOLATED,50542,2021,1377005,1,2021/09/03 00:00:00+00,1899/12/30 00:00:00+00,8,REGION BIO BIO,8110,TALCAHUANO,32,COLISION LATERAL,30,COLISION,1,URBANA,11,CRUCE CON SEMAFORO FUNCIONANDO,10,DESOBEDIENCIA A SEÑALIZACION,62,SEÑALIZACION DESOBEDECER LUZ ROJA DE SEMAFORO,0,LAS HORTENSIAS,0, ,- LAS HORTENSIAS,4996, , , , ,1,1,2,BIDIRECCIONAL,1,CONCRETO,1,BUENO,1,SECO,1,DESPEJADO,0,0,0,1,1
-8136391.27510106,-4405279.79245327,5029,45452,1343243,-73.0904464,-36.7569292,176,TALCAHUANO,1,13590,2021,1343243,REGION BIO BIO,8110,TALCAHUANO,CRISTOBAL COLON, ,4975,"CRISTOBAL COLON 4975, TALCAHUANO",CHILE,RANGE_INTERPOLATED,18772,2021,1343243,1,2021/04/11 00:00:00+00,1899/12/30 00:00:00+00,8,REGION BIO BIO,8110,TALCAHUANO,32,COLISION LATERAL,30,COLISION,1,URBANA,11,CRUCE CON SEMAFORO FUNCIONANDO,10,DESOBEDIENCIA A SEÑALIZACION,62,SEÑALIZACION DESOBEDECER LUZ ROJA DE SEMAFORO,0,CRISTOBAL COLON,0, ,- CRISTOBAL COLON,4975, , , , ,1,1,3,BIDIRECCIONAL CON BANDEJON,1,CONCRETO,1,BUENO,1,SECO,1,DESPEJADO,0,0,0,0,2
-8136391.27510106,-4405279.79245327,5030,45453,1354372,-73.0904464,-36.7569292,176,TALCAHUANO,1,20888,2021,1354372,REGION BIO BIO,8110,TALCAHUANO,CRISTOBAL COLON, ,4975,"CRISTOBAL COLON 4975, TALCAHUANO",CHILE,RANGE_INTERPOLATED,28790,2021,1354372,1,2021/06/01 00:00:00+00,1899/12/30 00:00:00+00,8,REGION BIO BIO,8110,TALCAHUANO,63,CHOQUE FRENTE/POSTERIOR,40,CHOQUE,1,URBANA,11,CRUCE CON SEMAFORO FUNCIONANDO,1,IMPRUDENCIA DEL CONDUCTOR,28,CONDUCCION SIN MANTENER DISTANCIA RAZONABLE NI PRUDENTE,0,CRISTOBAL COLON,0, ,- CRISTOBAL COLON,4975, , , , ,1,1,3,BIDIRECCIONAL CON BANDEJON,1,CONCRETO,1,BUENO,1,SECO,1,DESPEJADO,0,0,0,0,2
-8136396.40692958,-4405263.6749418,5031,45454,1407233,-73.0904925,-36.7568132,176,TALCAHUANO,1,58174,2021,1407233,REGION BIO BIO,8110,TALCAHUANO,CRISTOBAL COLON, ,4969,"CRISTOBAL COLON 4969, TALCAHUANO",CHILE,RANGE_INTERPOLATED,78996,2021,1407233,1,2021/12/24 00:00:00+00,1899/12/30 00:00:00+00,8,REGION BIO BIO,8110,TALCAHUANO,30,COLISION,30,COLISION,1,URBANA,11,CRUCE CON SEMAFORO FUNCIONANDO,7,VELOCIDAD IMPRUDENTE,71,VELOCIDAD MAYOR QUE MAXIMA PERMITIDA,0,CRISTOBAL COLON,0, ,- CRISTOBAL COLON,4969, , , , ,1,1,2,BIDIRECCIONAL,1,CONCRETO,1,BUENO,1,SECO,1,DESPEJADO,1,0,0,0,1
-8136162.90316569,-4405223.89536045,5032,45455,1360962,-73.0883949,-36.7565269,176,TALCAHUANO,1,25599,2021,1360962,REGION BIO BIO,8110,TALCAHUANO,LAS DALIAS,LAS LILAS,0,"LAS DALIAS & LAS LILAS, TALCAHUANO",CHILE,GEOMETRIC_CENTER,35346,2021,1360962,1,2021/07/01 00:00:00+00,1899/12/30 00:00:00+00,8,REGION BIO BIO,8110,TALCAHUANO,32,COLISION LATERAL,30,COLISION,1,URBANA,16,CRUCE SIN SEÑALIZACION,1,IMPRUDENCIA DEL CONDUCTOR,32,NO RESPETAR DERECHO PREFERENTE DE PASO A VEHICULO,0,LAS DALIAS,0,LAS LILAS,LAS DALIAS - LAS LILAS,0, , , , ,1,1,2,BIDIRECCIONAL,1,CONCRETO,1,BUENO,1,SECO,1,DESPEJADO,0,0,0,1,1
-8139983.57733285,-4405205.86051709,5033,45456,1324250,-73.1227166,-36.7563971,176,TALCAHUANO,1,163,2021,1324250,REGION BIO BIO,8110,TALCAHUANO,GRAN BRETA??ªA, ,2075,"GRAN BRETA??ªA 2075, TALCAHUANO",CHILE,RANGE_INTERPOLATED,257,2021,1324250,1,2021/01/02 00:00:00+00,1899/12/30 00:00:00+00,8,REGION BIO BIO,8110,TALCAHUANO,51,CHOQUE FRONTAL,40,CHOQUE,1,URBANA,1,TRAMO DE VIA RECTA,9,PERDIDA CONTROL VEHICULO,95,PERDIDA CONTROL VEHICULO,0,GRAN BRETAÑA,0, ,- GRAN BRETAÑA,2075, , , , ,1,1,2,BIDIRECCIONAL,1,CONCRETO,1,BUENO,1,SECO,1,DESPEJADO,0,0,0,0,2
-8139983.57733285,-4405205.86051709,5034,45457,1393351,-73.1227166,-36.7563971,176,TALCAHUANO,1,47965,2021,1393351,REGION BIO BIO,8110,TALCAHUANO,GRAN BRETA??ªA, ,2051,"GRAN BRETA??ªA 2051, TALCAHUANO",CHILE,RANGE_INTERPOLATED,65440,2021,1393351,1,2021/11/03 00:00:00+00,1899/12/30 00:00:00+00,8,REGION BIO BIO,8110,TALCAHUANO,70,VOLCADURA,70,VOLCADURA,1,URBANA,1,TRAMO DE VIA RECTA,9,PERDIDA CONTROL VEHICULO,95,PERDIDA CONTROL VEHICULO,0,GRAN BRETAÑA,0, ,- GRAN BRETAÑA,2051, , , , ,1,1,2,BIDIRECCIONAL,1,CONCRETO,1,BUENO,1,SECO,1,DESPEJADO,0,0,0,1,0
-8136987.72493273,-4405132.80442989,5035,45458,1337647,-73.0958044,-36.7558713,176,TALCAHUANO,1,9091,2021,1337647,REGION BIO BIO,8110,TALCAHUANO,LAS QUILAS, ,279,"LAS QUILAS 279, TALCAHUANO",CHILE,RANGE_INTERPOLATED,12692,2021,1337647,1,2021/03/06 00:00:00+00,1899/12/30 00:00:00+00,8,REGION BIO BIO,8110,TALCAHUANO,67,CHOQUE POSTERIOR/FRENTE,40,CHOQUE,1,URBANA,1,TRAMO DE VIA RECTA,1,IMPRUDENCIA DEL CONDUCTOR,27,CONDUCCION NO ATENTO CONDICIONES TRANSITO MOMENTO,0,LAS QUILAS,0, ,- LAS QUILAS,279, , , , ,1,1,3,BIDIRECCIONAL CON BANDEJON,1,CONCRETO,1,BUENO,1,SECO,1,DESPEJADO,0,0,0,0,2
-8136490.69453828,-4405128.87236485,5036,45459,1333737,-73.0913395,-36.755843,176,TALCAHUANO,1,6071,2021,1333737,REGION BIO BIO,8110,TALCAHUANO,CRISTOBAL COLON,LAS ROSAS,0,"CRISTOBAL COLON & LAS ROSAS, TALCAHUANO",CHILE,GEOMETRIC_CENTER,8464,2021,1333737,1,2021/02/13 00:00:00+00,1899/12/30 00:00:00+00,8,REGION BIO BIO,8110,TALCAHUANO,32,COLISION LATERAL,30,COLISION,1,URBANA,11,CRUCE CON SEMAFORO FUNCIONANDO,4,ALCOHOL EN CONDUCTOR,24,CONDUCCION EN ESTADO DE EBRIEDAD,0,CRISTOBAL COLON,0,LAS ROSAS,CRISTOBAL COLON - LAS ROSAS,0, , , , ,1,1,3,BIDIRECCIONAL CON BANDEJON,1,CONCRETO,1,BUENO,1,SECO,1,DESPEJADO,0,0,0,1,1
-8136754.43267587,-4404856.13231161,5037,45460,1383966,-73.0937087,-36.75388,176,TALCAHUANO,1,40675,2021,1383966,REGION BIO BIO,8110,TALCAHUANO,LAS HORTENSIAS, ,122,"LAS HORTENSIAS 122, TALCAHUANO",CHILE,RANGE_INTERPOLATED,55819,2021,1383966,1,2021/09/24 00:00:00+00,1899/12/30 00:00:00+00,8,REGION BIO BIO,8110,TALCAHUANO,70,VOLCADURA,70,VOLCADURA,1,URBANA,1,TRAMO DE VIA RECTA,9,PERDIDA CONTROL VEHICULO,95,PERDIDA CONTROL VEHICULO,0,LAS HORTENSIAS,0, ,- LAS HORTENSIAS,122, , , , ,1,1,2,BIDIRECCIONAL,1,CONCRETO,1,BUENO,1,SECO,1,DESPEJADO,0,0,0,1,0
-8135021.18820422,-4404850.6998119,5038,45461,1346548,-73.0781387,-36.7538409,176,TALCAHUANO,1,14966,2021,1346548,REGION BIO BIO,8110,TALCAHUANO,JAIME REPULLO, ,1794,"JAIME REPULLO 1794, TALCAHUANO",CHILE,RANGE_INTERPOLATED,20637,2021,1346548,1,2021/04/22 00:00:00+00,1899/12/30 00:00:00+00,8,REGION BIO BIO,8110,TALCAHUANO,32,COLISION LATERAL,30,COLISION,1,URBANA,1,TRAMO DE VIA RECTA,1,IMPRUDENCIA DEL CONDUCTOR,29,CONDUCCION CAMBIAR SORPRESIVAMENTE PISTA CIRCULACION,0,JAIME REPULLO,0, ,- JAIME REPULLO,1794, , , , ,1,1,2,BIDIRECCIONAL,1,CONCRETO,1,BUENO,1,SECO,1,DESPEJADO,0,0,0,1,1
-8135021.18820422,-4404850.6998119,5039,45462,1391594,-73.0781387,-36.7538409,176,TALCAHUANO,1,43065,2021,1391594,REGION BIO BIO,8110,TALCAHUANO,JAIME REPULLO, ,1794,"JAIME REPULLO 1794, TALCAHUANO",CHILE,RANGE_INTERPOLATED,58915,2021,1391594,1,2021/10/07 00:00:00+00,1899/12/30 00:00:00+00,8,REGION BIO BIO,8110,TALCAHUANO,63,CHOQUE FRENTE/POSTERIOR,40,CHOQUE,1,URBANA,26,OTROS NO CONSIDERADOS,1,IMPRUDENCIA DEL CONDUCTOR,28,CONDUCCION SIN MANTENER DISTANCIA RAZONABLE NI PRUDENTE,0,JAIME REPULLO,0, ,- JAIME REPULLO,1794, , , , ,1,1,2,BIDIRECCIONAL,1,CONCRETO,1,BUENO,1,SECO,1,DESPEJADO,0,0,0,0,2
-8140097.79113041,-4404809.22672763,5040,45463,1329098,-73.1237426,-36.7535424,176,TALCAHUANO,1,1736,2021,1329098,REGION BIO BIO,8110,TALCAHUANO,GRAN BRETA??ªA, ,2120,"GRAN BRETA??ªA 2120, TALCAHUANO",CHILE,RANGE_INTERPOLATED,2396,2021,1329098,1,2021/01/12 00:00:00+00,1899/12/30 00:00:00+00,8,REGION BIO BIO,8110,TALCAHUANO,32,COLISION LATERAL,30,COLISION,1,URBANA,1,TRAMO DE VIA RECTA,1,IMPRUDENCIA DEL CONDUCTOR,29,CONDUCCION CAMBIAR SORPRESIVAMENTE PISTA CIRCULACION,0,GRAN BRETAÑA,0, ,- GRAN BRETAÑA,2120, , , , ,1,1,3,BIDIRECCIONAL CON BANDEJON,1,CONCRETO,1,BUENO,1,SECO,1,DESPEJADO,0,0,0,1,1
-8140097.79113041,-4404809.22672763,5041,45464,1359044,-73.1237426,-36.7535424,176,TALCAHUANO,1,24912,2021,1359044,REGION BIO BIO,8110,TALCAHUANO,GRAN BRETA??ªA, ,2120,"GRAN BRETA??ªA 2120, TALCAHUANO",CHILE,RANGE_INTERPOLATED,34354,2021,1359044,1,2021/06/26 00:00:00+00,1899/12/30 00:00:00+00,8,REGION BIO BIO,8110,TALCAHUANO,70,VOLCADURA,70,VOLCADURA,1,URBANA,1,TRAMO DE VIA RECTA,4,ALCOHOL EN CONDUCTOR,21,CONDUCCION BAJO LA INFLUENCIA DEL ALCOHOL,0,GRAN BRETAÑA,0, ,- GRAN BRETAÑA,2120, , , , ,1,1,3,BIDIRECCIONAL CON BANDEJON,1,CONCRETO,1,BUENO,1,SECO,1,DESPEJADO,0,0,1,0,0
-8140097.79113041,-4404809.22672763,5042,45465,1401582,-73.1237426,-36.7535424,176,TALCAHUANO,1,53641,2021,1401582,REGION BIO BIO,8110,TALCAHUANO,GRAN BRETA??ªA, ,2120,"GRAN BRETA??ªA 2120, TALCAHUANO",CHILE,RANGE_INTERPOLATED,72895,2021,1401582,1,2021/12/01 00:00:00+00,1899/12/30 00:00:00+00,8,REGION BIO BIO,8110,TALCAHUANO,70,VOLCADURA,70,VOLCADURA,1,URBANA,1,TRAMO DE VIA RECTA,9,PERDIDA CONTROL VEHICULO,95,PERDIDA CONTROL VEHICULO,0,GRAN BRETAÑA,0, ,- GRAN BRETAÑA,2120, , , , ,1,1,3,BIDIRECCIONAL CON BANDEJON,1,CONCRETO,1,BUENO,1,SECO,1,DESPEJADO,0,0,0,1,0
-8136530.3910687,-4404783.34260305,5043,45466,1395707,-73.0916961,-36.7533561,176,TALCAHUANO,1,49496,2021,1395707,REGION BIO BIO,8110,TALCAHUANO,CRISTOBAL COLON, ,4433,"CRISTOBAL COLON 4433, TALCAHUANO",CHILE,RANGE_INTERPOLATED,67443,2021,1395707,1,2021/11/11 00:00:00+00,1899/12/30 00:00:00+00,8,REGION BIO BIO,8110,TALCAHUANO,51,CHOQUE FRONTAL,40,CHOQUE,1,URBANA,1,TRAMO DE VIA RECTA,9,PERDIDA CONTROL VEHICULO,95,PERDIDA CONTROL VEHICULO,0,CRISTOBAL COLON,0, ,- CRISTOBAL COLON,4433, , , , ,1,1,3,BIDIRECCIONAL CON BANDEJON,1,CONCRETO,1,BUENO,1,SECO,1,DESPEJADO,0,1,0,0,0
-8136607.33510074,-4404782.10605761,5044,45467,1372105,-73.0923873,-36.7533472,176,TALCAHUANO,1,33406,2021,1372105,REGION BIO BIO,8110,TALCAHUANO,CRISTOBAL COLON, ,45,"CRISTOBAL COLON 45, TALCAHUANO",CHILE,RANGE_INTERPOLATED,46046,2021,1372105,1,2021/08/15 00:00:00+00,1899/12/30 00:00:00+00,8,REGION BIO BIO,8110,TALCAHUANO,51,CHOQUE FRONTAL,40,CHOQUE,1,URBANA,1,TRAMO DE VIA RECTA,9,PERDIDA CONTROL VEHICULO,95,PERDIDA CONTROL VEHICULO,0,CRISTOBAL COLON,0, ,- CRISTOBAL COLON,45, , , , ,1,1,3,BIDIRECCIONAL CON BANDEJON,1,CONCRETO,1,BUENO,1,SECO,1,DESPEJADO,0,0,0,0,1
-8136607.33510074,-4404782.10605761,5045,45468,1376280,-73.0923873,-36.7533472,176,TALCAHUANO,1,35820,2021,1376280,REGION BIO BIO,8110,TALCAHUANO,JUAN GUILLERMO SOSA,CRISTOBAL COLON,0,"JUAN GUILLERMO SOSA & CRISTOBAL COLON, TALCAHUANO",CHILE,GEOMETRIC_CENTER,49312,2021,1376280,1,2021/08/28 00:00:00+00,1899/12/30 00:00:00+00,8,REGION BIO BIO,8110,TALCAHUANO,32,COLISION LATERAL,30,COLISION,1,URBANA,11,CRUCE CON SEMAFORO FUNCIONANDO,10,DESOBEDIENCIA A SEÑALIZACION,62,SEÑALIZACION DESOBEDECER LUZ ROJA DE SEMAFORO,0,JUAN GUILLERMO SOSA,0,CRISTOBAL COLON,CRISTOBAL COLON - JUAN GUILLERMO SOSA,0, , , , ,1,1,3,BIDIRECCIONAL CON BANDEJON,1,CONCRETO,1,BUENO,1,SECO,1,DESPEJADO,0,0,0,0,2
-8136607.33510074,-4404782.10605761,5046,45469,1378559,-73.0923873,-36.7533472,176,TALCAHUANO,1,37748,2021,1378559,REGION BIO BIO,8110,TALCAHUANO,CRISTOBAL COLON, ,45,"CRISTOBAL COLON 45, TALCAHUANO",CHILE,RANGE_INTERPOLATED,51884,2021,1378559,1,2021/09/08 00:00:00+00,1899/12/30 00:00:00+00,8,REGION BIO BIO,8110,TALCAHUANO,51,CHOQUE FRONTAL,40,CHOQUE,1,URBANA,1,TRAMO DE VIA RECTA,7,VELOCIDAD IMPRUDENTE,72,VELOCIDAD NO RAZONABLE NI PRUDENTE,0,CRISTOBAL COLON,0, ,- CRISTOBAL COLON,45, , , , ,1,1,2,BIDIRECCIONAL,1,CONCRETO,1,BUENO,1,SECO,1,DESPEJADO,0,0,0,0,1
-8136552.84420999,-4404771.12998639,5047,45470,1350865,-73.0918978,-36.7532682,176,TALCAHUANO,1,18848,2021,1350865,REGION BIO BIO,8110,TALCAHUANO,GOMEZ CARRE??ªO,JUAN GUILLERMO SOSA,0,"GOMEZ CARRE??ªO & JUAN GUILLERMO SOSA, TALCAHUANO",CHILE,GEOMETRIC_CENTER,25916,2021,1350865,1,2021/05/19 00:00:00+00,1899/12/30 00:00:00+00,8,REGION BIO BIO,8110,TALCAHUANO,32,COLISION LATERAL,30,COLISION,1,URBANA,14,CRUCE CON SEÑAL PARE,10,DESOBEDIENCIA A SEÑALIZACION,65,SEÑALIZACION DESOBEDECER SEÑAL PARE,0,GOMEZ CARREÑO,0,JUAN GUILLERMO SOSA,GOMEZ CARREÑO - JUAN GUILLERMO SOSA,0, , , , ,1,1,2,BIDIRECCIONAL,1,CONCRETO,1,BUENO,1,SECO,1,DESPEJADO,0,1,0,0,1
-8136458.00000384,-4404757.77809726,5048,45471,1409372,-73.0910458,-36.7531721,176,TALCAHUANO,1,59194,2021,1409372,REGION BIO BIO,8110,TALCAHUANO,JUAN GUILLERMO SOSA, ,72,"JUAN GUILLERMO SOSA 72, TALCAHUANO",CHILE,RANGE_INTERPOLATED,80429,2021,1409372,1,2021/12/30 00:00:00+00,1899/12/30 00:00:00+00,8,REGION BIO BIO,8110,TALCAHUANO,10,ATROPELLO,10,ATROPELLO,1,URBANA,1,TRAMO DE VIA RECTA,2,IMPRUDENCIA DEL PEATON,52,PEATON CRUZA CALZADA FORMA SORPRESIVA O DESCUIDADA,0,JUAN GUILLERMO SOSA,0, ,- JUAN GUILLERMO SOSA,72, , , , ,1,1,2,BIDIRECCIONAL,1,CONCRETO,1,BUENO,1,SECO,1,DESPEJADO,0,0,0,1,1
-8140113.29793547,-4404747.91354892,5049,45472,1398733,-73.1238819,-36.7531011,176,TALCAHUANO,1,52463,2021,1398733,REGION BIO BIO,8110,TALCAHUANO,GRAN BRETA??ªA, ,2290,"GRAN BRETA??ªA 2290, TALCAHUANO",CHILE,RANGE_INTERPOLATED,71316,2021,1398733,1,2021/11/25 00:00:00+00,1899/12/30 00:00:00+00,8,REGION BIO BIO,8110,TALCAHUANO,70,VOLCADURA,70,VOLCADURA,1,URBANA,1,TRAMO DE VIA RECTA,9,PERDIDA CONTROL VEHICULO,95,PERDIDA CONTROL VEHICULO,0,GRAN BRETAÑA,0, ,- GRAN BRETAÑA,2290, , , , ,1,1,3,BIDIRECCIONAL CON BANDEJON,1,CONCRETO,1,BUENO,2,HUMEDO,1,DESPEJADO,0,1,0,0,0