X,Y,FID,FID_1,LABELID,POINT_X,POINT_Y,FID_2,COMUNAREAL,VAL_COM,OBJECTID,A_O,IDACCIDENT,REGION,COD_COMUN,COMUNA,CALLE_UNO,CALLE_DOS,NUMERO,DIR_GEOCOD,PAIS,TIPO,OBJECTID_1,Año,Idaccide_1,Claseaccid,Fecha,Hora,Cód_Regi,Región,Cód_Comun,Comuna_1,Cód_Tipo_,Tipo_Accid,Cód_Tipo1,Tipo__CONA,Cód_Zona,Zona,Cód_Ubica,Ubicación,Cód_Causa,Causa__CON,Cód_Cau_1,Causa,Cód_Calle,Calle_Un_1,Cód_Cal_1,Calle_Do_1,Intersecci,Número,Ruta,Cód_Ruta,Ubicaci_1,Km_Vía_Fe,Pistas_de_,Pistas_de1,Cód_Calza,Calzada,Cód__Tipo,Tipo_Calza,Cód_Estad,Estado_Cal,Cód_Condi,Condición,Cód_Est_1,Estado_Atm,Fallecidos,Graves,Menos_Grav,Leves,Ilesos
-8136374.19869117,-4404720.0010947,5050,45473,1337854,-73.090293,-36.7529002,176,TALCAHUANO,1,9757,2021,1337854,REGION BIO BIO,8110,TALCAHUANO,LAS DALIAS, ,4441,"LAS DALIAS 4441, TALCAHUANO",CHILE,RANGE_INTERPOLATED,13596,2021,1337854,1,2021/03/10 00:00:00+00,1899/12/30 00:00:00+00,8,REGION BIO BIO,8110,TALCAHUANO,32,COLISION LATERAL,30,COLISION,1,URBANA,1,TRAMO DE VIA RECTA,1,IMPRUDENCIA DEL CONDUCTOR,91,VIRAJES INDEBIDOS,0,LAS DALIAS,0, ,- LAS DALIAS,4441, , , , ,1,1,2,BIDIRECCIONAL,1,CONCRETO,1,BUENO,1,SECO,1,DESPEJADO,0,0,0,1,1
-8136379.75353376,-4404709.67809007,5051,45474,1344822,-73.0903429,-36.7528259,176,TALCAHUANO,1,14247,2021,1344822,REGION BIO BIO,8110,TALCAHUANO,LAS DALIAS,JUAN GUILLERMO SOSA,0,"LAS DALIAS & JUAN GUILLERMO SOSA, TALCAHUANO",CHILE,GEOMETRIC_CENTER,19645,2021,1344822,1,2021/04/16 00:00:00+00,1899/12/30 00:00:00+00,8,REGION BIO BIO,8110,TALCAHUANO,32,COLISION LATERAL,30,COLISION,1,URBANA,14,CRUCE CON SEÑAL PARE,10,DESOBEDIENCIA A SEÑALIZACION,65,SEÑALIZACION DESOBEDECER SEÑAL PARE,0,LAS DALIAS,0,JUAN GUILLERMO SOSA,JUAN GUILLERMO SOSA - LAS DALIAS,0, , , , ,1,1,2,BIDIRECCIONAL,1,CONCRETO,1,BUENO,1,SECO,1,DESPEJADO,0,0,0,0,2
-8136379.75353376,-4404709.67809007,5052,45475,1366995,-73.0903429,-36.7528259,176,TALCAHUANO,1,29492,2021,1366995,REGION BIO BIO,8110,TALCAHUANO,LAS DALIAS,JUAN GUILLERMO SOSA,0,"LAS DALIAS & JUAN GUILLERMO SOSA, TALCAHUANO",CHILE,GEOMETRIC_CENTER,40781,2021,1366995,1,2021/07/24 00:00:00+00,1899/12/30 00:00:00+00,8,REGION BIO BIO,8110,TALCAHUANO,32,COLISION LATERAL,30,COLISION,1,URBANA,14,CRUCE CON SEÑAL PARE,10,DESOBEDIENCIA A SEÑALIZACION,65,SEÑALIZACION DESOBEDECER SEÑAL PARE,0,LAS DALIAS,0,JUAN GUILLERMO SOSA,JUAN GUILLERMO SOSA - LAS DALIAS,0, , , , ,1,1,2,BIDIRECCIONAL,1,CONCRETO,1,BUENO,1,SECO,1,DESPEJADO,0,0,0,0,2
-8136572.62568351,-4404665.56576706,5053,45476,1392380,-73.0920755,-36.7525084,176,TALCAHUANO,1,47352,2021,1392380,REGION BIO BIO,8110,TALCAHUANO,GOMEZ CARRE??ªO, ,3785,"GOMEZ CARRE??ªO 3785, TALCAHUANO",CHILE,RANGE_INTERPOLATED,64593,2021,1392380,1,2021/10/30 00:00:00+00,1899/12/30 00:00:00+00,8,REGION BIO BIO,8110,TALCAHUANO,51,CHOQUE FRONTAL,40,CHOQUE,1,URBANA,1,TRAMO DE VIA RECTA,1,IMPRUDENCIA DEL CONDUCTOR,91,VIRAJES INDEBIDOS,0,GOMEZ CARREÑO,0, ,- GOMEZ CARREÑO,3785, , , , ,1,1,2,BIDIRECCIONAL,1,CONCRETO,1,BUENO,1,SECO,1,DESPEJADO,0,0,0,0,1
-8136572.62568351,-4404665.56576706,5054,45477,1395820,-73.0920755,-36.7525084,176,TALCAHUANO,1,50109,2021,1395820,REGION BIO BIO,8110,TALCAHUANO,GOMEZ CARRE??ªO, ,3601,"GOMEZ CARRE??ªO 3601, TALCAHUANO",CHILE,RANGE_INTERPOLATED,68247,2021,1395820,1,2021/11/13 00:00:00+00,1899/12/30 00:00:00+00,8,REGION BIO BIO,8110,TALCAHUANO,63,CHOQUE FRENTE/POSTERIOR,40,CHOQUE,1,URBANA,11,CRUCE CON SEMAFORO FUNCIONANDO,4,ALCOHOL EN CONDUCTOR,24,CONDUCCION EN ESTADO DE EBRIEDAD,0,GOMEZ CARREÑO,0, ,- GOMEZ CARREÑO,3601, , , , ,1,1,2,BIDIRECCIONAL,1,CONCRETO,1,BUENO,1,SECO,1,DESPEJADO,0,1,0,0,1
-8136606.96774642,-4404662.70368249,5055,45478,1384451,-73.092384,-36.7524878,176,TALCAHUANO,1,41975,2021,1384451,REGION BIO BIO,8110,TALCAHUANO,GOMEZ CARRE??ªO, ,145,"GOMEZ CARRE??ªO 145, TALCAHUANO",CHILE,RANGE_INTERPOLATED,57490,2021,1384451,1,2021/10/02 00:00:00+00,1899/12/30 00:00:00+00,8,REGION BIO BIO,8110,TALCAHUANO,52,CHOQUE LATERAL,40,CHOQUE,1,URBANA,1,TRAMO DE VIA RECTA,9,PERDIDA CONTROL VEHICULO,95,PERDIDA CONTROL VEHICULO,0,GOMEZ CARREÑO,0, ,- GOMEZ CARREÑO,145, , , , ,1,1,2,BIDIRECCIONAL,1,CONCRETO,1,BUENO,1,SECO,1,DESPEJADO,0,0,0,0,1
-8136213.48674231,-4404652.39462696,5056,45479,1329060,-73.0888493,-36.7524136,176,TALCAHUANO,1,3940,2021,1329060,REGION BIO BIO,8110,TALCAHUANO,VOLCAN LASKAR,JUAN GUILLERMO SOSA,0,"VOLCAN LASKAR & JUAN GUILLERMO SOSA, TALCAHUANO",CHILE,GEOMETRIC_CENTER,5471,2021,1329060,1,2021/01/28 00:00:00+00,1899/12/30 00:00:00+00,8,REGION BIO BIO,8110,TALCAHUANO,32,COLISION LATERAL,30,COLISION,1,URBANA,15,CRUCE CON SEÑAL CEDA EL PASO,10,DESOBEDIENCIA A SEÑALIZACION,64,SEÑALIZACION DESOBEDECER SEÑAL CEDA EL PASO,0,VOLCAN LASKAR,0,JUAN GUILLERMO SOSA,JUAN GUILLERMO SOSA - VOLCAN LASKAR,0, , , , ,1,1,2,BIDIRECCIONAL,1,CONCRETO,1,BUENO,1,SECO,1,DESPEJADO,0,0,0,0,2
-8138204.34677956,-4404635.48613023,5057,45480,1331112,-73.1067335,-36.7522919,176,TALCAHUANO,1,5471,2021,1331112,REGION BIO BIO,8110,TALCAHUANO,DESIDERIO GARCIA, ,206,"DESIDERIO GARCIA 206, TALCAHUANO",CHILE,RANGE_INTERPOLATED,7641,2021,1331112,1,2021/02/09 00:00:00+00,1899/12/30 00:00:00+00,8,REGION BIO BIO,8110,TALCAHUANO,40,IMPACTO CON ANIMAL,99,OTRO TIPO,1,URBANA,1,TRAMO DE VIA RECTA,11,DEFICIENCIAS VIALES,92,ANIMALES SUELTOS VIA PUBLICA,0,DESIDERIO GARCIA,0, ,- DESIDERIO GARCIA,206, , , , ,1,1,3,BIDIRECCIONAL CON BANDEJON,1,CONCRETO,1,BUENO,1,SECO,1,DESPEJADO,0,0,0,0,1
-8136849.64423635,-4404633.17979668,5058,45481,1354906,-73.094564,-36.7522753,176,TALCAHUANO,1,21811,2021,1354906,REGION BIO BIO,8110,TALCAHUANO,LAS HORTENSIAS, ,3906,"LAS HORTENSIAS 3906, TALCAHUANO",CHILE,RANGE_INTERPOLATED,30067,2021,1354906,1,2021/06/07 00:00:00+00,1899/12/30 00:00:00+00,8,REGION BIO BIO,8110,TALCAHUANO,32,COLISION LATERAL,30,COLISION,1,URBANA,15,CRUCE CON SEÑAL CEDA EL PASO,1,IMPRUDENCIA DEL CONDUCTOR,91,VIRAJES INDEBIDOS,0,LAS HORTENSIAS,0, ,- LAS HORTENSIAS,3906, , , , ,1,1,2,BIDIRECCIONAL,1,CONCRETO,1,BUENO,1,SECO,1,DESPEJADO,0,0,0,0,2
-8140241.57138472,-4404604.33677591,5059,45482,1356783,-73.1250342,-36.7520677,176,TALCAHUANO,1,23098,2021,1356783,REGION BIO BIO,8110,TALCAHUANO,GRAN BRETA??ªA,ROTONDA HUACHIPATO,0,"GRAN BRETA??ªA & ROTONDA HUACHIPATO, TALCAHUANO",CHILE,GEOMETRIC_CENTER,31839,2021,1356783,1,2021/06/15 00:00:00+00,1899/12/30 00:00:00+00,8,REGION BIO BIO,8110,TALCAHUANO,32,COLISION LATERAL,30,COLISION,1,URBANA,24,ROTONDA,1,IMPRUDENCIA DEL CONDUCTOR,29,CONDUCCION CAMBIAR SORPRESIVAMENTE PISTA CIRCULACION,0,GRAN BRETAÑA,0,ROTONDA HUACHIPATO,GRAN BRETAÑA - ROTONDA HUACHIPATO,0, , , , ,2,0,1,UNIDIRECCIONAL,1,CONCRETO,1,BUENO,1,SECO,1,DESPEJADO,0,0,0,0,2
-8136552.81081415,-4404579.7591382,5060,45483,1344752,-73.0918975,-36.7518908,176,TALCAHUANO,1,14329,2021,1344752,REGION BIO BIO,8110,TALCAHUANO,GOMEZ CARRE??ªO, ,3875,"GOMEZ CARRE??ªO 3875, TALCAHUANO",CHILE,RANGE_INTERPOLATED,19754,2021,1344752,1,2021/04/17 00:00:00+00,1899/12/30 00:00:00+00,8,REGION BIO BIO,8110,TALCAHUANO,32,COLISION LATERAL,30,COLISION,1,URBANA,1,TRAMO DE VIA RECTA,1,IMPRUDENCIA DEL CONDUCTOR,32,NO RESPETAR DERECHO PREFERENTE DE PASO A VEHICULO,0,GOMEZ CARREÑO,0, ,- GOMEZ CARREÑO,3875, , , , ,1,1,2,BIDIRECCIONAL,1,CONCRETO,1,BUENO,1,SECO,1,DESPEJADO,0,0,0,1,1
-8137218.9355151,-4404550.93015545,5061,45484,1394121,-73.0978814,-36.7516833,176,TALCAHUANO,1,47646,2021,1394121,REGION BIO BIO,8110,TALCAHUANO,LOS FRESNOS, ,4116,"LOS FRESNOS 4116, TALCAHUANO",CHILE,RANGE_INTERPOLATED,65012,2021,1394121,1,2021/11/01 00:00:00+00,1899/12/30 00:00:00+00,8,REGION BIO BIO,8110,TALCAHUANO,68,CHOQUE POSTERIOR/LADO,40,CHOQUE,1,URBANA,1,TRAMO DE VIA RECTA,1,IMPRUDENCIA DEL CONDUCTOR,27,CONDUCCION NO ATENTO CONDICIONES TRANSITO MOMENTO,0,LOS FRESNOS,0, ,- LOS FRESNOS,4116, , , , ,1,1,2,BIDIRECCIONAL,1,CONCRETO,1,BUENO,1,SECO,1,DESPEJADO,0,0,0,0,2
-8138069.66132764,-4404545.03932712,5062,45485,1401969,-73.1055236,-36.7516409,176,TALCAHUANO,1,54427,2021,1401969,REGION BIO BIO,8110,TALCAHUANO,DESIDERIO GARCIA, ,979,"DESIDERIO GARCIA 979, TALCAHUANO",CHILE,RANGE_INTERPOLATED,73976,2021,1401969,1,2021/12/05 00:00:00+00,1899/12/30 00:00:00+00,8,REGION BIO BIO,8110,TALCAHUANO,32,COLISION LATERAL,30,COLISION,1,URBANA,1,TRAMO DE VIA RECTA,1,IMPRUDENCIA DEL CONDUCTOR,29,CONDUCCION CAMBIAR SORPRESIVAMENTE PISTA CIRCULACION,0,DESIDERIO GARCIA,0, ,- DESIDERIO GARCIA,979, , , , ,1,1,3,BIDIRECCIONAL CON BANDEJON,1,CONCRETO,1,BUENO,1,SECO,1,DESPEJADO,0,0,0,0,2
-8140297.63188028,-4404534.73038538,5063,45486,1351081,-73.1255378,-36.7515667,176,TALCAHUANO,1,19103,2021,1351081,REGION BIO BIO,8110,TALCAHUANO,GRAN BRETA??ªA, ,2910,"GRAN BRETA??ªA 2910, TALCAHUANO",CHILE,RANGE_INTERPOLATED,26281,2021,1351081,1,2021/05/20 00:00:00+00,1899/12/30 00:00:00+00,8,REGION BIO BIO,8110,TALCAHUANO,32,COLISION LATERAL,30,COLISION,1,URBANA,1,TRAMO DE VIA RECTA,1,IMPRUDENCIA DEL CONDUCTOR,32,NO RESPETAR DERECHO PREFERENTE DE PASO A VEHICULO,0,GRAN BRETAÑA,0, ,- GRAN BRETAÑA,2910, , , , ,1,1,3,BIDIRECCIONAL CON BANDEJON,1,CONCRETO,1,BUENO,1,SECO,1,DESPEJADO,0,0,0,0,2
-8140297.63188028,-4404534.73038538,5064,45487,1357799,-73.1255378,-36.7515667,176,TALCAHUANO,1,23097,2021,1357799,REGION BIO BIO,8110,TALCAHUANO,GRAN BRETA??ªA, ,2910,"GRAN BRETA??ªA 2910, TALCAHUANO",CHILE,RANGE_INTERPOLATED,31838,2021,1357799,1,2021/06/15 00:00:00+00,1899/12/30 00:00:00+00,8,REGION BIO BIO,8110,TALCAHUANO,32,COLISION LATERAL,30,COLISION,1,URBANA,24,ROTONDA,1,IMPRUDENCIA DEL CONDUCTOR,32,NO RESPETAR DERECHO PREFERENTE DE PASO A VEHICULO,0,GRAN BRETAÑA,0, ,- GRAN BRETAÑA,2910, , , , ,1,0,1,UNIDIRECCIONAL,1,CONCRETO,1,BUENO,1,SECO,1,DESPEJADO,0,0,0,0,2
-8140297.63188028,-4404534.73038538,5065,45488,1356910,-73.1255378,-36.7515667,176,TALCAHUANO,1,23332,2021,1356910,REGION BIO BIO,8110,TALCAHUANO,GRAN BRETA??ªA, ,2910,"GRAN BRETA??ªA 2910, TALCAHUANO",CHILE,RANGE_INTERPOLATED,32152,2021,1356910,1,2021/06/16 00:00:00+00,1899/12/30 00:00:00+00,8,REGION BIO BIO,8110,TALCAHUANO,32,COLISION LATERAL,30,COLISION,1,URBANA,24,ROTONDA,10,DESOBEDIENCIA A SEÑALIZACION,64,SEÑALIZACION DESOBEDECER SEÑAL CEDA EL PASO,0,GRAN BRETAÑA,0, ,- GRAN BRETAÑA,2910, , , , ,1,1,3,BIDIRECCIONAL CON BANDEJON,1,CONCRETO,1,BUENO,1,SECO,1,DESPEJADO,0,0,0,0,2
-8140297.63188028,-4404534.73038538,5066,45489,1374014,-73.1255378,-36.7515667,176,TALCAHUANO,1,34158,2021,1374014,REGION BIO BIO,8110,TALCAHUANO,GRAN BRETA??ªA, ,2910,"GRAN BRETA??ªA 2910, TALCAHUANO",CHILE,RANGE_INTERPOLATED,47097,2021,1374014,1,2021/08/19 00:00:00+00,1899/12/30 00:00:00+00,8,REGION BIO BIO,8110,TALCAHUANO,32,COLISION LATERAL,30,COLISION,1,URBANA,1,TRAMO DE VIA RECTA,1,IMPRUDENCIA DEL CONDUCTOR,32,NO RESPETAR DERECHO PREFERENTE DE PASO A VEHICULO,0,GRAN BRETAÑA,0, ,- GRAN BRETAÑA,2910, , , , ,1,1,2,BIDIRECCIONAL,1,CONCRETO,1,BUENO,1,SECO,1,DESPEJADO,0,0,0,0,2
-8135558.44946263,-4404464.83268891,5067,45490,1395591,-73.082965,-36.7510636,176,TALCAHUANO,1,49475,2021,1395591,REGION BIO BIO,8110,TALCAHUANO,CALLE DOS, ,4521,"CALLE DOS 4521, TALCAHUANO",CHILE,RANGE_INTERPOLATED,67414,2021,1395591,1,2021/11/10 00:00:00+00,1899/12/30 00:00:00+00,8,REGION BIO BIO,8110,TALCAHUANO,68,CHOQUE POSTERIOR/LADO,40,CHOQUE,1,URBANA,1,TRAMO DE VIA RECTA,1,IMPRUDENCIA DEL CONDUCTOR,27,CONDUCCION NO ATENTO CONDICIONES TRANSITO MOMENTO,0,CALLE DOS,0, ,- CALLE DOS,4521, , , , ,1,1,2,BIDIRECCIONAL,1,CONCRETO,1,BUENO,1,SECO,1,DESPEJADO,0,1,0,0,1
-8136155.94569752,-4404463.87404748,5068,45491,1377119,-73.0883324,-36.7510567,176,TALCAHUANO,1,36948,2021,1377119,REGION BIO BIO,8110,TALCAHUANO,VOLCAN CHILLAN,VOLCAN CORCOVADO,0,"VOLCAN CHILLAN & VOLCAN CORCOVADO, TALCAHUANO",CHILE,GEOMETRIC_CENTER,50822,2021,1377119,1,2021/09/04 00:00:00+00,1899/12/30 00:00:00+00,8,REGION BIO BIO,8110,TALCAHUANO,32,COLISION LATERAL,30,COLISION,1,URBANA,15,CRUCE CON SEÑAL CEDA EL PASO,10,DESOBEDIENCIA A SEÑALIZACION,64,SEÑALIZACION DESOBEDECER SEÑAL CEDA EL PASO,0,VOLCAN CHILLAN,0,VOLCAN CORCOVADO,VOLCAN CHILLAN - VOLCAN CORCOVADO,0, , , , ,1,1,2,BIDIRECCIONAL,1,CONCRETO,1,BUENO,1,SECO,1,DESPEJADO,0,0,0,2,0
-8135772.42778784,-4404426.20923293,5069,45492,1380107,-73.0848872,-36.7507856,176,TALCAHUANO,1,33606,2021,1380107,REGION BIO BIO,8110,TALCAHUANO,JUAN GUILLERMO SOSA, ,4441,"JUAN GUILLERMO SOSA 4441, TALCAHUANO",CHILE,RANGE_INTERPOLATED,46351,2021,1380107,1,2021/08/16 00:00:00+00,1899/12/30 00:00:00+00,8,REGION BIO BIO,8110,TALCAHUANO,63,CHOQUE FRENTE/POSTERIOR,40,CHOQUE,1,URBANA,11,CRUCE CON SEMAFORO FUNCIONANDO,1,IMPRUDENCIA DEL CONDUCTOR,28,CONDUCCION SIN MANTENER DISTANCIA RAZONABLE NI PRUDENTE,0,JUAN GUILLERMO SOSA,0, ,- JUAN GUILLERMO SOSA,4441, , , , ,1,1,2,BIDIRECCIONAL,1,CONCRETO,1,BUENO,1,SECO,1,DESPEJADO,0,0,0,1,1
-8137961.18048387,-4404425.09776864,5070,45493,1343245,-73.1045491,-36.7507776,176,TALCAHUANO,1,13614,2021,1343245,REGION BIO BIO,8110,TALCAHUANO,CANAL IFARLEY, ,909,"CANAL IFARLEY 909, TALCAHUANO",CHILE,RANGE_INTERPOLATED,18807,2021,1343245,1,2021/04/11 00:00:00+00,1899/12/30 00:00:00+00,8,REGION BIO BIO,8110,TALCAHUANO,63,CHOQUE FRENTE/POSTERIOR,40,CHOQUE,1,URBANA,1,TRAMO DE VIA RECTA,7,VELOCIDAD IMPRUDENTE,71,VELOCIDAD MAYOR QUE MAXIMA PERMITIDA,0,CANAL IFARLEY,0, ,- CANAL IFARLEY,909, , , , ,1,1,3,BIDIRECCIONAL CON BANDEJON,1,CONCRETO,1,BUENO,1,SECO,1,DESPEJADO,0,0,0,0,2
-8136703.18118231,-4404415.24742145,5071,45494,1395208,-73.0932483,-36.7507067,176,TALCAHUANO,1,49083,2021,1395208,REGION BIO BIO,8110,TALCAHUANO,CRISTOBAL COLON,SIMON BOLIVAR,0,"CRISTOBAL COLON & SIMON BOLIVAR, TALCAHUANO",CHILE,GEOMETRIC_CENTER,66909,2021,1395208,1,2021/11/08 00:00:00+00,1899/12/30 00:00:00+00,8,REGION BIO BIO,8110,TALCAHUANO,32,COLISION LATERAL,30,COLISION,1,URBANA,11,CRUCE CON SEMAFORO FUNCIONANDO,10,DESOBEDIENCIA A SEÑALIZACION,62,SEÑALIZACION DESOBEDECER LUZ ROJA DE SEMAFORO,0,CRISTOBAL COLON,0,SIMON BOLIVAR,CRISTOBAL COLON - SIMON BOLIVAR,0, , , , ,1,1,3,BIDIRECCIONAL CON BANDEJON,1,CONCRETO,1,BUENO,1,SECO,1,DESPEJADO,0,0,0,1,1
-8137620.99925195,-4404391.94839953,5072,45495,1400972,-73.1014932,-36.750539,176,TALCAHUANO,1,51216,2021,1400972,REGION BIO BIO,8110,TALCAHUANO,LAS ACACIAS,CARLOS DITTBORN,0,"LAS ACACIAS & CARLOS DITTBORN, TALCAHUANO",CHILE,GEOMETRIC_CENTER,69686,2021,1400972,1,2021/11/19 00:00:00+00,1899/12/30 00:00:00+00,8,REGION BIO BIO,8110,TALCAHUANO,32,COLISION LATERAL,30,COLISION,1,URBANA,14,CRUCE CON SEÑAL PARE,10,DESOBEDIENCIA A SEÑALIZACION,65,SEÑALIZACION DESOBEDECER SEÑAL PARE,0,LAS ACACIAS,0,CARLOS DITTBORN,CARLOS DITTBORN - LAS ACACIAS,0, , , , ,1,1,2,BIDIRECCIONAL,1,CONCRETO,1,BUENO,1,SECO,1,DESPEJADO,0,0,0,0,2
-8137620.99925195,-4404391.94839953,5073,45496,1402014,-73.1014932,-36.750539,176,TALCAHUANO,1,54635,2021,1402014,REGION BIO BIO,8110,TALCAHUANO,LAS ACACIAS,CARLOS DITTBORN,0,"LAS ACACIAS & CARLOS DITTBORN, TALCAHUANO",CHILE,GEOMETRIC_CENTER,74250,2021,1402014,1,2021/12/06 00:00:00+00,1899/12/30 00:00:00+00,8,REGION BIO BIO,8110,TALCAHUANO,32,COLISION LATERAL,30,COLISION,1,URBANA,1,TRAMO DE VIA RECTA,10,DESOBEDIENCIA A SEÑALIZACION,65,SEÑALIZACION DESOBEDECER SEÑAL PARE,0,LAS ACACIAS,0,CARLOS DITTBORN,CARLOS DITTBORN - LAS ACACIAS,0, , , , ,1,1,2,BIDIRECCIONAL,1,CONCRETO,1,BUENO,1,SECO,1,DESPEJADO,0,0,0,0,2
-8136956.12132929,-4404370.16379063,5074,45497,1335157,-73.0955205,-36.7503822,176,TALCAHUANO,1,7375,2021,1335157,REGION BIO BIO,8110,TALCAHUANO,LAS HORTENSIAS, ,883,"LAS HORTENSIAS 883, TALCAHUANO",CHILE,RANGE_INTERPOLATED,10369,2021,1335157,1,2021/02/23 00:00:00+00,1899/12/30 00:00:00+00,8,REGION BIO BIO,8110,TALCAHUANO,32,COLISION LATERAL,30,COLISION,1,URBANA,1,TRAMO DE VIA RECTA,1,IMPRUDENCIA DEL CONDUCTOR,32,NO RESPETAR DERECHO PREFERENTE DE PASO A VEHICULO,0,LAS HORTENSIAS,0, ,- LAS HORTENSIAS,883, , , , ,1,1,2,BIDIRECCIONAL,1,CONCRETO,1,BUENO,1,SECO,1,DESPEJADO,0,1,0,0,1
-8136956.12132929,-4404370.16379063,5075,45498,1351060,-73.0955205,-36.7503822,176,TALCAHUANO,1,18695,2021,1351060,REGION BIO BIO,8110,TALCAHUANO,LAS HORTENSIAS, ,883,"LAS HORTENSIAS 883, TALCAHUANO",CHILE,RANGE_INTERPOLATED,25699,2021,1351060,1,2021/05/18 00:00:00+00,1899/12/30 00:00:00+00,8,REGION BIO BIO,8110,TALCAHUANO,32,COLISION LATERAL,30,COLISION,1,URBANA,16,CRUCE SIN SEÑALIZACION,1,IMPRUDENCIA DEL CONDUCTOR,29,CONDUCCION CAMBIAR SORPRESIVAMENTE PISTA CIRCULACION,0,LAS HORTENSIAS,0, ,- LAS HORTENSIAS,883, , , , ,1,1,2,BIDIRECCIONAL,1,CONCRETO,1,BUENO,1,SECO,1,DESPEJADO,0,0,0,4,0
-8136956.12132929,-4404370.16379063,5076,45499,1353058,-73.0955205,-36.7503822,176,TALCAHUANO,1,18696,2021,1353058,REGION BIO BIO,8110,TALCAHUANO,LAS HORTENSIAS, ,883,"LAS HORTENSIAS 883, TALCAHUANO",CHILE,RANGE_INTERPOLATED,25700,2021,1353058,1,2021/05/18 00:00:00+00,1899/12/30 00:00:00+00,8,REGION BIO BIO,8110,TALCAHUANO,32,COLISION LATERAL,30,COLISION,1,URBANA,1,TRAMO DE VIA RECTA,1,IMPRUDENCIA DEL CONDUCTOR,91,VIRAJES INDEBIDOS,0,LAS HORTENSIAS,0, ,- LAS HORTENSIAS,883, , , , ,1,1,2,BIDIRECCIONAL,1,CONCRETO,1,BUENO,1,SECO,1,DESPEJADO,0,0,0,2,0
-8135772.62816292,-4404331.76296855,5077,45500,1373384,-73.084889,-36.7501058,176,TALCAHUANO,1,34007,2021,1373384,REGION BIO BIO,8110,TALCAHUANO,CLAUDIO GAY, ,3858,"CLAUDIO GAY 3858, TALCAHUANO",CHILE,RANGE_INTERPOLATED,46889,2021,1373384,1,2021/08/18 00:00:00+00,1899/12/30 00:00:00+00,8,REGION BIO BIO,8110,TALCAHUANO,10,ATROPELLO,10,ATROPELLO,1,URBANA,1,TRAMO DE VIA RECTA,1,IMPRUDENCIA DEL CONDUCTOR,31,NO RESPETAR DERECHO PREFERENTE DE PASO A PEATON,0,CLAUDIO GAY,0, ,- CLAUDIO GAY,3858, , , , ,1,1,2,BIDIRECCIONAL,1,CONCRETO,1,BUENO,1,SECO,1,DESPEJADO,0,0,0,1,1
-8136980.26652684,-4404318.48109557,5078,45501,1340850,-73.0957374,-36.7500102,176,TALCAHUANO,1,12243,2021,1340850,REGION BIO BIO,8110,TALCAHUANO,LAS HORTENSIAS, ,3314,"LAS HORTENSIAS 3314, TALCAHUANO",CHILE,RANGE_INTERPOLATED,16952,2021,1340850,1,2021/03/30 00:00:00+00,1899/12/30 00:00:00+00,8,REGION BIO BIO,8110,TALCAHUANO,63,CHOQUE FRENTE/POSTERIOR,40,CHOQUE,1,URBANA,15,CRUCE CON SEÑAL CEDA EL PASO,1,IMPRUDENCIA DEL CONDUCTOR,28,CONDUCCION SIN MANTENER DISTANCIA RAZONABLE NI PRUDENTE,0,LAS HORTENSIAS,0, ,- LAS HORTENSIAS,3314, , , , ,1,1,2,BIDIRECCIONAL,1,CONCRETO,1,BUENO,1,SECO,1,DESPEJADO,0,0,0,0,2
-8136186.81459232,-4404317.10567243,5079,45502,1400316,-73.0886097,-36.7500003,176,TALCAHUANO,1,51274,2021,1400316,REGION BIO BIO,8110,TALCAHUANO,VOLCAN CHILLAN,VOLCAN MI??ªO,0,"VOLCAN CHILLAN & VOLCAN MI??ªO, TALCAHUANO",CHILE,GEOMETRIC_CENTER,69752,2021,1400316,1,2021/11/19 00:00:00+00,1899/12/30 00:00:00+00,8,REGION BIO BIO,8110,TALCAHUANO,32,COLISION LATERAL,30,COLISION,1,URBANA,16,CRUCE SIN SEÑALIZACION,1,IMPRUDENCIA DEL CONDUCTOR,32,NO RESPETAR DERECHO PREFERENTE DE PASO A VEHICULO,0,VOLCAN CHILLAN,0,VOLCAN MIÑO,VOLCAN CHILLAN - VOLCAN MIÑO,0, , , , ,1,1,2,BIDIRECCIONAL,1,CONCRETO,1,BUENO,1,SECO,1,DESPEJADO,0,0,0,1,1
-8140122.45952957,-4404304.46290239,5080,45503,1374481,-73.1239642,-36.7499093,176,TALCAHUANO,1,34580,2021,1374481,REGION BIO BIO,8110,TALCAHUANO,GRAN BRETA??ªA, ,7200,"GRAN BRETA??ªA 7200, TALCAHUANO",CHILE,RANGE_INTERPOLATED,47669,2021,1374481,1,2021/08/21 00:00:00+00,1899/12/30 00:00:00+00,8,REGION BIO BIO,8110,TALCAHUANO,63,CHOQUE FRENTE/POSTERIOR,40,CHOQUE,1,URBANA,15,CRUCE CON SEÑAL CEDA EL PASO,1,IMPRUDENCIA DEL CONDUCTOR,28,CONDUCCION SIN MANTENER DISTANCIA RAZONABLE NI PRUDENTE,0,GRAN BRETAÑA,0, ,- GRAN BRETAÑA,7200, , , , ,1,1,2,BIDIRECCIONAL,1,CONCRETO,1,BUENO,1,SECO,1,DESPEJADO,0,0,0,0,2
-8140122.45952957,-4404304.46290239,5081,45504,1373020,-73.1239642,-36.7499093,176,TALCAHUANO,1,34581,2021,1373020,REGION BIO BIO,8110,TALCAHUANO,GRAN BRETA??ªA, ,7200,"GRAN BRETA??ªA 7200, TALCAHUANO",CHILE,RANGE_INTERPOLATED,47671,2021,1373020,1,2021/08/21 00:00:00+00,1899/12/30 00:00:00+00,8,REGION BIO BIO,8110,TALCAHUANO,30,COLISION,30,COLISION,1,URBANA,1,TRAMO DE VIA RECTA,1,IMPRUDENCIA DEL CONDUCTOR,27,CONDUCCION NO ATENTO CONDICIONES TRANSITO MOMENTO,0,GRAN BRETAÑA,0, ,- GRAN BRETAÑA,7200, , , , ,2,2,3,BIDIRECCIONAL CON BANDEJON,1,CONCRETO,1,BUENO,3,MOJADO,1,DESPEJADO,0,0,0,0,2