X,Y,FID,FID_1,LABELID,POINT_X,POINT_Y,FID_2,COMUNAREAL,VAL_COM,OBJECTID,A_O,IDACCIDENT,REGION,COD_COMUN,COMUNA,CALLE_UNO,CALLE_DOS,NUMERO,DIR_GEOCOD,PAIS,TIPO,OBJECTID_1,Año,Idaccide_1,Claseaccid,Fecha,Hora,Cód_Regi,Región,Cód_Comun,Comuna_1,Cód_Tipo_,Tipo_Accid,Cód_Tipo1,Tipo__CONA,Cód_Zona,Zona,Cód_Ubica,Ubicación,Cód_Causa,Causa__CON,Cód_Cau_1,Causa,Cód_Calle,Calle_Un_1,Cód_Cal_1,Calle_Do_1,Intersecci,Número,Ruta,Cód_Ruta,Ubicaci_1,Km_Vía_Fe,Pistas_de_,Pistas_de1,Cód_Calza,Calzada,Cód__Tipo,Tipo_Calza,Cód_Estad,Estado_Cal,Cód_Condi,Condición,Cód_Est_1,Estado_Atm,Fallecidos,Graves,Menos_Grav,Leves,Ilesos
-8137005.31341227,-4404260.64401108,5082,45505,1356766,-73.0959624,-36.7495939,176,TALCAHUANO,1,23006,2021,1356766,REGION BIO BIO,8110,TALCAHUANO,LAS HORTENSIAS, ,5656,"LAS HORTENSIAS 5656, TALCAHUANO",CHILE,RANGE_INTERPOLATED,31695,2021,1356766,1,2021/06/14 00:00:00+00,1899/12/30 00:00:00+00,8,REGION BIO BIO,8110,TALCAHUANO,32,COLISION LATERAL,30,COLISION,1,URBANA,1,TRAMO DE VIA RECTA,1,IMPRUDENCIA DEL CONDUCTOR,11,ADELANTAMIENTO SIN EL ESPACIO O TIEMPO SUFICIENTE,0,LAS HORTENSIAS,0, ,- LAS HORTENSIAS,5656, , , , ,1,1,2,BIDIRECCIONAL,1,CONCRETO,1,BUENO,1,SECO,1,DESPEJADO,0,0,0,0,2
-8137005.43586371,-4404260.35225623,5083,45506,1389445,-73.0959635,-36.7495918,176,TALCAHUANO,1,45190,2021,1389445,REGION BIO BIO,8110,TALCAHUANO,LAS HORTENSIAS, ,5668,"LAS HORTENSIAS 5668, TALCAHUANO",CHILE,RANGE_INTERPOLATED,61774,2021,1389445,1,2021/10/18 00:00:00+00,1899/12/30 00:00:00+00,8,REGION BIO BIO,8110,TALCAHUANO,62,CHOQUE FRENTE/LADO,40,CHOQUE,1,URBANA,1,TRAMO DE VIA RECTA,4,ALCOHOL EN CONDUCTOR,24,CONDUCCION EN ESTADO DE EBRIEDAD,0,LAS HORTENSIAS,0, ,- LAS HORTENSIAS,5668, , , , ,1,1,2,BIDIRECCIONAL,1,CONCRETO,1,BUENO,1,SECO,1,DESPEJADO,0,0,0,2,1
-8137528.02521324,-4404182.44010255,5084,45507,1371637,-73.100658,-36.749031,176,TALCAHUANO,1,33472,2021,1371637,REGION BIO BIO,8110,TALCAHUANO,CARLOS DITTBORN, ,3893,"CARLOS DITTBORN 3893, TALCAHUANO",CHILE,RANGE_INTERPOLATED,46150,2021,1371637,1,2021/08/15 00:00:00+00,1899/12/30 00:00:00+00,8,REGION BIO BIO,8110,TALCAHUANO,32,COLISION LATERAL,30,COLISION,1,URBANA,1,TRAMO DE VIA RECTA,1,IMPRUDENCIA DEL CONDUCTOR,32,NO RESPETAR DERECHO PREFERENTE DE PASO A VEHICULO,0,CARLOS DITTBORN,0, ,- CARLOS DITTBORN,3893, , , , ,1,1,2,BIDIRECCIONAL,1,CONCRETO,1,BUENO,1,SECO,1,DESPEJADO,0,0,0,0,2
-8136724.91074691,-4404175.54918342,5085,45508,1375607,-73.0934435,-36.7489814,176,TALCAHUANO,1,34383,2021,1375607,REGION BIO BIO,8110,TALCAHUANO,GOMEZ CARRE??ªO, ,3711,"GOMEZ CARRE??ªO 3711, TALCAHUANO",CHILE,RANGE_INTERPOLATED,47393,2021,1375607,1,2021/08/20 00:00:00+00,1899/12/30 00:00:00+00,8,REGION BIO BIO,8110,TALCAHUANO,63,CHOQUE FRENTE/POSTERIOR,40,CHOQUE,1,URBANA,11,CRUCE CON SEMAFORO FUNCIONANDO,1,IMPRUDENCIA DEL CONDUCTOR,28,CONDUCCION SIN MANTENER DISTANCIA RAZONABLE NI PRUDENTE,0,GOMEZ CARREÑO,0, ,- GOMEZ CARREÑO,3711, , , , ,1,1,2,BIDIRECCIONAL,1,CONCRETO,1,BUENO,1,SECO,1,DESPEJADO,0,0,0,0,2
-8136724.91074691,-4404175.54918342,5086,45509,1394156,-73.0934435,-36.7489814,176,TALCAHUANO,1,48272,2021,1394156,REGION BIO BIO,8110,TALCAHUANO,GOMEZ CARRE??ªO, ,3711,"GOMEZ CARRE??ªO 3711, TALCAHUANO",CHILE,RANGE_INTERPOLATED,65839,2021,1394156,1,2021/11/04 00:00:00+00,1899/12/30 00:00:00+00,8,REGION BIO BIO,8110,TALCAHUANO,99,OTRO TIPO,99,OTRO TIPO,1,URBANA,1,TRAMO DE VIA RECTA,14,OTRAS CAUSAS,98,OTRAS CAUSAS,0,GOMEZ CARREÑO,0, ,- GOMEZ CARREÑO,3711, , , , ,1,1,2,BIDIRECCIONAL,1,CONCRETO,1,BUENO,1,SECO,1,DESPEJADO,0,0,0,0,1
-8136635.51006385,-4404127.60462541,5087,45510,1394267,-73.0926404,-36.7486363,176,TALCAHUANO,1,48644,2021,1394267,REGION BIO BIO,8110,TALCAHUANO,LUIS ACEVEDO,MERCEDES CRUZ,0,"LUIS ACEVEDO & MERCEDES CRUZ, TALCAHUANO",CHILE,GEOMETRIC_CENTER,66317,2021,1394267,1,2021/11/06 00:00:00+00,1899/12/30 00:00:00+00,8,REGION BIO BIO,8110,TALCAHUANO,32,COLISION LATERAL,30,COLISION,1,URBANA,14,CRUCE CON SEÑAL PARE,10,DESOBEDIENCIA A SEÑALIZACION,65,SEÑALIZACION DESOBEDECER SEÑAL PARE,0,LUIS ACEVEDO,0,MERCEDES CRUZ,LUIS ACEVEDO - MERCEDES CRUZ,0, , , , ,1,1,2,BIDIRECCIONAL,1,CONCRETO,1,BUENO,1,SECO,1,DESPEJADO,0,0,0,0,2
-8138506.97994723,-4404051.47172222,5088,45511,1359976,-73.1094521,-36.7480883,176,TALCAHUANO,1,23642,2021,1359976,REGION BIO BIO,8110,TALCAHUANO,RAULI, ,250,"RAULI 250, TALCAHUANO",CHILE,RANGE_INTERPOLATED,32573,2021,1359976,1,2021/06/18 00:00:00+00,1899/12/30 00:00:00+00,8,REGION BIO BIO,8110,TALCAHUANO,10,ATROPELLO,10,ATROPELLO,1,URBANA,1,TRAMO DE VIA RECTA,1,IMPRUDENCIA DEL CONDUCTOR,31,NO RESPETAR DERECHO PREFERENTE DE PASO A PEATON,0,RAULI,0, ,- RAULI,250, , , , ,1,1,2,BIDIRECCIONAL,1,CONCRETO,1,BUENO,1,SECO,1,DESPEJADO,0,0,0,1,1
-8137832.90703462,-4404036.67588351,5089,45512,1353333,-73.1033968,-36.7479818,176,TALCAHUANO,1,20324,2021,1353333,REGION BIO BIO,8110,TALCAHUANO,ALTO HORNO,DESIDERIO GARCIA,0,"ALTO HORNO & DESIDERIO GARCIA, TALCAHUANO",CHILE,GEOMETRIC_CENTER,28007,2021,1353333,1,2021/05/28 00:00:00+00,1899/12/30 00:00:00+00,8,REGION BIO BIO,8110,TALCAHUANO,32,COLISION LATERAL,30,COLISION,1,URBANA,11,CRUCE CON SEMAFORO FUNCIONANDO,4,ALCOHOL EN CONDUCTOR,21,CONDUCCION BAJO LA INFLUENCIA DEL ALCOHOL,0,ALTO HORNO,0,DESIDERIO GARCIA,ALTO HORNO - DESIDERIO GARCIA,0, , , , ,1,1,3,BIDIRECCIONAL CON BANDEJON,1,CONCRETO,1,BUENO,1,SECO,1,DESPEJADO,0,0,0,0,2
-8138521.29563374,-4404012.2801605,5090,45513,1353761,-73.1095807,-36.7478062,176,TALCAHUANO,1,20495,2021,1353761,REGION BIO BIO,8110,TALCAHUANO,RAULI, ,288,"RAULI 288, TALCAHUANO",CHILE,RANGE_INTERPOLATED,28238,2021,1353761,1,2021/05/30 00:00:00+00,1899/12/30 00:00:00+00,8,REGION BIO BIO,8110,TALCAHUANO,70,VOLCADURA,70,VOLCADURA,1,URBANA,1,TRAMO DE VIA RECTA,4,ALCOHOL EN CONDUCTOR,24,CONDUCCION EN ESTADO DE EBRIEDAD,0,RAULI,0, ,- RAULI,288, , , , ,1,1,2,BIDIRECCIONAL,1,CONCRETO,1,BUENO,1,SECO,1,DESPEJADO,0,0,0,0,1
-8137804.7320715,-4404005.56995719,5091,45514,1327993,-73.1031437,-36.7477579,176,TALCAHUANO,1,2367,2021,1327993,REGION BIO BIO,8110,TALCAHUANO,DESIDERIO GARCIA, ,3354,"DESIDERIO GARCIA 3354, TALCAHUANO",CHILE,RANGE_INTERPOLATED,3250,2021,1327993,1,2021/01/17 00:00:00+00,1899/12/30 00:00:00+00,8,REGION BIO BIO,8110,TALCAHUANO,32,COLISION LATERAL,30,COLISION,1,URBANA,1,TRAMO DE VIA RECTA,4,ALCOHOL EN CONDUCTOR,24,CONDUCCION EN ESTADO DE EBRIEDAD,0,DESIDERIO GARCIA,0, ,- DESIDERIO GARCIA,3354, , , , ,1,1,3,BIDIRECCIONAL CON BANDEJON,1,CONCRETO,1,BUENO,1,SECO,1,DESPEJADO,0,0,0,0,2
-8137804.7320715,-4404005.56995719,5092,45515,1382786,-73.1031437,-36.7477579,176,TALCAHUANO,1,40783,2021,1382786,REGION BIO BIO,8110,TALCAHUANO,DESIDERIO GARCIA, ,3314,"DESIDERIO GARCIA 3314, TALCAHUANO",CHILE,RANGE_INTERPOLATED,55972,2021,1382786,1,2021/09/25 00:00:00+00,1899/12/30 00:00:00+00,8,REGION BIO BIO,8110,TALCAHUANO,10,ATROPELLO,10,ATROPELLO,1,URBANA,11,CRUCE CON SEMAFORO FUNCIONANDO,2,IMPRUDENCIA DEL PEATON,52,PEATON CRUZA CALZADA FORMA SORPRESIVA O DESCUIDADA,0,DESIDERIO GARCIA,0, ,- DESIDERIO GARCIA,3314, , , , ,1,1,2,BIDIRECCIONAL,1,CONCRETO,1,BUENO,1,SECO,1,DESPEJADO,0,0,0,1,1
-8137804.7320715,-4404005.56995719,5093,45516,1400951,-73.1031437,-36.7477579,176,TALCAHUANO,1,51349,2021,1400951,REGION BIO BIO,8110,TALCAHUANO,DESIDERIO GARCIA, ,3314,"DESIDERIO GARCIA 3314, TALCAHUANO",CHILE,RANGE_INTERPOLATED,69849,2021,1400951,1,2021/11/19 00:00:00+00,1899/12/30 00:00:00+00,8,REGION BIO BIO,8110,TALCAHUANO,32,COLISION LATERAL,30,COLISION,1,URBANA,1,TRAMO DE VIA RECTA,1,IMPRUDENCIA DEL CONDUCTOR,32,NO RESPETAR DERECHO PREFERENTE DE PASO A VEHICULO,0,DESIDERIO GARCIA,0, ,- DESIDERIO GARCIA,3314, , , , ,1,1,2,BIDIRECCIONAL,1,CONCRETO,1,BUENO,1,SECO,1,DESPEJADO,0,0,0,1,1
-8136839.93717675,-4403971.88007683,5094,45517,1344838,-73.0944768,-36.7475154,176,TALCAHUANO,1,14331,2021,1344838,REGION BIO BIO,8110,TALCAHUANO,ALMIRANTE NEFF, ,6,"ALMIRANTE NEFF 6, TALCAHUANO",CHILE,RANGE_INTERPOLATED,19756,2021,1344838,1,2021/04/17 00:00:00+00,1899/12/30 00:00:00+00,8,REGION BIO BIO,8110,TALCAHUANO,10,ATROPELLO,10,ATROPELLO,1,URBANA,1,TRAMO DE VIA RECTA,9,PERDIDA CONTROL VEHICULO,95,PERDIDA CONTROL VEHICULO,0,ALMIRANTE NEFF,0, ,- ALMIRANTE NEFF,6, , , , ,1,1,2,BIDIRECCIONAL,1,CONCRETO,1,BUENO,1,SECO,1,DESPEJADO,0,1,0,0,1
-8138608.57011452,-4403932.57766643,5095,45518,1353042,-73.1103647,-36.7472325,176,TALCAHUANO,1,19485,2021,1353042,REGION BIO BIO,8110,TALCAHUANO,QUILLAY, ,334,"QUILLAY 334, TALCAHUANO",CHILE,RANGE_INTERPOLATED,26819,2021,1353042,1,2021/05/23 00:00:00+00,1899/12/30 00:00:00+00,8,REGION BIO BIO,8110,TALCAHUANO,51,CHOQUE FRONTAL,40,CHOQUE,1,URBANA,1,TRAMO DE VIA RECTA,9,PERDIDA CONTROL VEHICULO,95,PERDIDA CONTROL VEHICULO,0,QUILLAY,0, ,- QUILLAY,334, , , , ,1,1,2,BIDIRECCIONAL,1,CONCRETO,1,BUENO,1,SECO,1,DESPEJADO,0,0,0,0,1
-8137992.67276781,-4403917.29575029,5096,45519,1346476,-73.104832,-36.7471225,176,TALCAHUANO,1,15088,2021,1346476,REGION BIO BIO,8110,TALCAHUANO,ALTO HORNO, ,167,"ALTO HORNO 167, TALCAHUANO",CHILE,RANGE_INTERPOLATED,20800,2021,1346476,1,2021/04/23 00:00:00+00,1899/12/30 00:00:00+00,8,REGION BIO BIO,8110,TALCAHUANO,70,VOLCADURA,70,VOLCADURA,1,URBANA,1,TRAMO DE VIA RECTA,9,PERDIDA CONTROL VEHICULO,95,PERDIDA CONTROL VEHICULO,0,ALTO HORNO,0, ,- ALTO HORNO,167, , , , ,1,1,2,BIDIRECCIONAL,1,CONCRETO,1,BUENO,1,SECO,1,DESPEJADO,0,1,0,0,0
-8136667.21385483,-4403916.22601698,5097,45520,1328056,-73.0929252,-36.7471148,176,TALCAHUANO,1,2882,2021,1328056,REGION BIO BIO,8110,TALCAHUANO,ALMIRANTE NEFF, ,126,"ALMIRANTE NEFF 126, TALCAHUANO",CHILE,RANGE_INTERPOLATED,3958,2021,1328056,1,2021/01/20 00:00:00+00,1899/12/30 00:00:00+00,8,REGION BIO BIO,8110,TALCAHUANO,63,CHOQUE FRENTE/POSTERIOR,40,CHOQUE,1,URBANA,1,TRAMO DE VIA RECTA,4,ALCOHOL EN CONDUCTOR,24,CONDUCCION EN ESTADO DE EBRIEDAD,0,ALMIRANTE NEFF,0, ,- ALMIRANTE NEFF,126, , , , ,1,1,3,BIDIRECCIONAL CON BANDEJON,1,CONCRETO,1,BUENO,1,SECO,1,DESPEJADO,0,0,0,0,2
-8136920.56588393,-4403908.77956471,5098,45521,1400965,-73.0952011,-36.7470612,176,TALCAHUANO,1,51348,2021,1400965,REGION BIO BIO,8110,TALCAHUANO,CRISTOBAL COLON, ,3588,"CRISTOBAL COLON 3588, TALCAHUANO",CHILE,RANGE_INTERPOLATED,69848,2021,1400965,1,2021/11/19 00:00:00+00,1899/12/30 00:00:00+00,8,REGION BIO BIO,8110,TALCAHUANO,32,COLISION LATERAL,30,COLISION,1,URBANA,1,TRAMO DE VIA RECTA,1,IMPRUDENCIA DEL CONDUCTOR,32,NO RESPETAR DERECHO PREFERENTE DE PASO A VEHICULO,0,CRISTOBAL COLON,0, ,- CRISTOBAL COLON,3588, , , , ,1,1,2,BIDIRECCIONAL,1,CONCRETO,1,BUENO,1,SECO,1,DESPEJADO,0,0,0,0,2
-8139928.52984465,-4403890.13567158,5099,45522,1368450,-73.1222221,-36.746927,176,TALCAHUANO,1,31034,2021,1368450,REGION BIO BIO,8110,TALCAHUANO,GRAN BRETA??ªA, ,2235,"GRAN BRETA??ªA 2235, TALCAHUANO",CHILE,RANGE_INTERPOLATED,42900,2021,1368450,1,2021/08/02 00:00:00+00,1899/12/30 00:00:00+00,8,REGION BIO BIO,8110,TALCAHUANO,51,CHOQUE FRONTAL,40,CHOQUE,1,URBANA,1,TRAMO DE VIA RECTA,9,PERDIDA CONTROL VEHICULO,95,PERDIDA CONTROL VEHICULO,0,GRAN BRETAÑA,0, ,- GRAN BRETAÑA,2235, , , , ,1,1,3,BIDIRECCIONAL CON BANDEJON,1,CONCRETO,1,BUENO,1,SECO,1,DESPEJADO,0,0,0,0,1
-8136934.14686181,-4403871.63073686,5100,45523,1324528,-73.0953231,-36.7467938,176,TALCAHUANO,1,289,2021,1324528,REGION BIO BIO,8110,TALCAHUANO,CRISTOBAL COLON, ,2500,"CRISTOBAL COLON 2500, TALCAHUANO",CHILE,RANGE_INTERPOLATED,421,2021,1324528,1,2021/01/03 00:00:00+00,1899/12/30 00:00:00+00,8,REGION BIO BIO,8110,TALCAHUANO,51,CHOQUE FRONTAL,40,CHOQUE,1,URBANA,1,TRAMO DE VIA RECTA,4,ALCOHOL EN CONDUCTOR,21,CONDUCCION BAJO LA INFLUENCIA DEL ALCOHOL,0,CRISTOBAL COLON,0, ,- CRISTOBAL COLON,2500, , , , ,1,1,3,BIDIRECCIONAL CON BANDEJON,1,CONCRETO,1,BUENO,1,SECO,1,DESPEJADO,0,0,0,3,0
-8136934.14686181,-4403871.63073686,5101,45524,1328221,-73.0953231,-36.7467938,176,TALCAHUANO,1,2668,2021,1328221,REGION BIO BIO,8110,TALCAHUANO,CRISTOBAL COLON,SA MARTIN,0,"CRISTOBAL COLON & SA MARTIN, TALCAHUANO",CHILE,GEOMETRIC_CENTER,3673,2021,1328221,1,2021/01/19 00:00:00+00,1899/12/30 00:00:00+00,8,REGION BIO BIO,8110,TALCAHUANO,32,COLISION LATERAL,30,COLISION,1,URBANA,11,CRUCE CON SEMAFORO FUNCIONANDO,10,DESOBEDIENCIA A SEÑALIZACION,62,SEÑALIZACION DESOBEDECER LUZ ROJA DE SEMAFORO,0,CRISTOBAL COLON,0,SA MARTIN,CRISTOBAL COLON - SA MARTIN,0, , , , ,1,1,2,BIDIRECCIONAL,1,CONCRETO,1,BUENO,1,SECO,1,DESPEJADO,0,0,0,1,1
-8136934.14686181,-4403871.63073686,5102,45525,1330254,-73.0953231,-36.7467938,176,TALCAHUANO,1,4336,2021,1330254,REGION BIO BIO,8110,TALCAHUANO,CRISTOBAL COLON, ,2194,"CRISTOBAL COLON 2194, TALCAHUANO",CHILE,RANGE_INTERPOLATED,6093,2021,1330254,1,2021/02/01 00:00:00+00,1899/12/30 00:00:00+00,8,REGION BIO BIO,8110,TALCAHUANO,32,COLISION LATERAL,30,COLISION,1,URBANA,11,CRUCE CON SEMAFORO FUNCIONANDO,10,DESOBEDIENCIA A SEÑALIZACION,62,SEÑALIZACION DESOBEDECER LUZ ROJA DE SEMAFORO,0,CRISTOBAL COLON,0, ,- CRISTOBAL COLON,2194, , , , ,1,1,3,BIDIRECCIONAL CON BANDEJON,1,CONCRETO,1,BUENO,1,SECO,1,DESPEJADO,0,0,0,0,2
-8136934.14686181,-4403871.63073686,5103,45526,1333761,-73.0953231,-36.7467938,176,TALCAHUANO,1,6130,2021,1333761,REGION BIO BIO,8110,TALCAHUANO,CRISTOBAL COLON, ,2194,"CRISTOBAL COLON 2194, TALCAHUANO",CHILE,RANGE_INTERPOLATED,8549,2021,1333761,1,2021/02/14 00:00:00+00,1899/12/30 00:00:00+00,8,REGION BIO BIO,8110,TALCAHUANO,32,COLISION LATERAL,30,COLISION,1,URBANA,1,TRAMO DE VIA RECTA,1,IMPRUDENCIA DEL CONDUCTOR,29,CONDUCCION CAMBIAR SORPRESIVAMENTE PISTA CIRCULACION,0,CRISTOBAL COLON,0, ,- CRISTOBAL COLON,2194, , , , ,1,1,3,BIDIRECCIONAL CON BANDEJON,1,CONCRETO,1,BUENO,1,SECO,1,DESPEJADO,0,1,0,1,1
-8136934.14686181,-4403871.63073686,5104,45527,1335208,-73.0953231,-36.7467938,176,TALCAHUANO,1,7366,2021,1335208,REGION BIO BIO,8110,TALCAHUANO,CRISTOBAL COLON, ,477,"CRISTOBAL COLON 477, TALCAHUANO",CHILE,RANGE_INTERPOLATED,10357,2021,1335208,1,2021/02/23 00:00:00+00,1899/12/30 00:00:00+00,8,REGION BIO BIO,8110,TALCAHUANO,33,COLISION POR ALCANCE,30,COLISION,1,URBANA,1,TRAMO DE VIA RECTA,1,IMPRUDENCIA DEL CONDUCTOR,11,ADELANTAMIENTO SIN EL ESPACIO O TIEMPO SUFICIENTE,0,CRISTOBAL COLON,0, ,- CRISTOBAL COLON,477, , , , ,1,0,1,UNIDIRECCIONAL,1,CONCRETO,1,BUENO,1,SECO,1,DESPEJADO,0,0,0,0,2
-8136934.14686181,-4403871.63073686,5105,45528,1337176,-73.0953231,-36.7467938,176,TALCAHUANO,1,8274,2021,1337176,REGION BIO BIO,8110,TALCAHUANO,CRISTOBAL COLON, ,2194,"CRISTOBAL COLON 2194, TALCAHUANO",CHILE,RANGE_INTERPOLATED,11615,2021,1337176,1,2021/03/02 00:00:00+00,1899/12/30 00:00:00+00,8,REGION BIO BIO,8110,TALCAHUANO,32,COLISION LATERAL,30,COLISION,1,URBANA,11,CRUCE CON SEMAFORO FUNCIONANDO,10,DESOBEDIENCIA A SEÑALIZACION,62,SEÑALIZACION DESOBEDECER LUZ ROJA DE SEMAFORO,0,CRISTOBAL COLON,0, ,- CRISTOBAL COLON,2194, , , , ,1,1,3,BIDIRECCIONAL CON BANDEJON,1,CONCRETO,1,BUENO,1,SECO,1,DESPEJADO,0,0,0,1,1
-8136934.14686181,-4403871.63073686,5106,45529,1335834,-73.0953231,-36.7467938,176,TALCAHUANO,1,8471,2021,1335834,REGION BIO BIO,8110,TALCAHUANO,CRISTOBAL COLON, ,2194,"CRISTOBAL COLON 2194, TALCAHUANO",CHILE,RANGE_INTERPOLATED,11882,2021,1335834,1,2021/03/03 00:00:00+00,1899/12/30 00:00:00+00,8,REGION BIO BIO,8110,TALCAHUANO,32,COLISION LATERAL,30,COLISION,1,URBANA,11,CRUCE CON SEMAFORO FUNCIONANDO,10,DESOBEDIENCIA A SEÑALIZACION,62,SEÑALIZACION DESOBEDECER LUZ ROJA DE SEMAFORO,0,CRISTOBAL COLON,0, ,- CRISTOBAL COLON,2194, , , , ,1,1,3,BIDIRECCIONAL CON BANDEJON,1,CONCRETO,1,BUENO,1,SECO,1,DESPEJADO,0,1,0,0,1
-8136934.14686181,-4403871.63073686,5107,45530,1337690,-73.0953231,-36.7467938,176,TALCAHUANO,1,9673,2021,1337690,REGION BIO BIO,8110,TALCAHUANO,CRISTOBAL COLON, ,810,"CRISTOBAL COLON 810, TALCAHUANO",CHILE,RANGE_INTERPOLATED,13488,2021,1337690,1,2021/03/10 00:00:00+00,1899/12/30 00:00:00+00,8,REGION BIO BIO,8110,TALCAHUANO,63,CHOQUE FRENTE/POSTERIOR,40,CHOQUE,1,URBANA,11,CRUCE CON SEMAFORO FUNCIONANDO,1,IMPRUDENCIA DEL CONDUCTOR,28,CONDUCCION SIN MANTENER DISTANCIA RAZONABLE NI PRUDENTE,0,CRISTOBAL COLON,0, ,- CRISTOBAL COLON,810, , , , ,2,0,1,UNIDIRECCIONAL,1,CONCRETO,1,BUENO,1,SECO,1,DESPEJADO,0,0,0,2,1
-8136934.14686181,-4403871.63073686,5108,45531,1339803,-73.0953231,-36.7467938,176,TALCAHUANO,1,10301,2021,1339803,REGION BIO BIO,8110,TALCAHUANO,CRISTOBAL COLON, ,3300,"CRISTOBAL COLON 3300, TALCAHUANO",CHILE,RANGE_INTERPOLATED,14332,2021,1339803,1,2021/03/14 00:00:00+00,1899/12/30 00:00:00+00,8,REGION BIO BIO,8110,TALCAHUANO,32,COLISION LATERAL,30,COLISION,1,URBANA,1,TRAMO DE VIA RECTA,1,IMPRUDENCIA DEL CONDUCTOR,29,CONDUCCION CAMBIAR SORPRESIVAMENTE PISTA CIRCULACION,0,CRISTOBAL COLON,0, ,- CRISTOBAL COLON,3300, , , , ,1,1,3,BIDIRECCIONAL CON BANDEJON,1,CONCRETO,1,BUENO,1,SECO,1,DESPEJADO,0,0,0,0,2
-8136934.14686181,-4403871.63073686,5109,45532,1337618,-73.0953231,-36.7467938,176,TALCAHUANO,1,10302,2021,1337618,REGION BIO BIO,8110,TALCAHUANO,CRISTOBAL COLON,DESIDERIO GARCIA,0,"CRISTOBAL COLON & DESIDERIO GARCIA, TALCAHUANO",CHILE,GEOMETRIC_CENTER,14333,2021,1337618,1,2021/03/14 00:00:00+00,1899/12/30 00:00:00+00,8,REGION BIO BIO,8110,TALCAHUANO,30,COLISION,30,COLISION,1,URBANA,11,CRUCE CON SEMAFORO FUNCIONANDO,1,IMPRUDENCIA DEL CONDUCTOR,29,CONDUCCION CAMBIAR SORPRESIVAMENTE PISTA CIRCULACION,0,CRISTOBAL COLON,0,DESIDERIO GARCIA,CRISTOBAL COLON - DESIDERIO GARCIA,0, , , , ,2,2,3,BIDIRECCIONAL CON BANDEJON,1,CONCRETO,1,BUENO,1,SECO,1,DESPEJADO,0,0,0,0,2
-8136934.14686181,-4403871.63073686,5110,45533,1343250,-73.0953231,-36.7467938,176,TALCAHUANO,1,12834,2021,1343250,REGION BIO BIO,8110,TALCAHUANO,CRISTOBAL COLON, ,3325,"CRISTOBAL COLON 3325, TALCAHUANO",CHILE,RANGE_INTERPOLATED,17717,2021,1343250,1,2021/04/04 00:00:00+00,1899/12/30 00:00:00+00,8,REGION BIO BIO,8110,TALCAHUANO,70,VOLCADURA,70,VOLCADURA,1,URBANA,1,TRAMO DE VIA RECTA,9,PERDIDA CONTROL VEHICULO,95,PERDIDA CONTROL VEHICULO,0,CRISTOBAL COLON,0, ,- CRISTOBAL COLON,3325, , , , ,1,1,2,BIDIRECCIONAL,1,CONCRETO,1,BUENO,1,SECO,1,DESPEJADO,0,1,0,0,0
-8136934.14686181,-4403871.63073686,5111,45534,1344329,-73.0953231,-36.7467938,176,TALCAHUANO,1,14169,2021,1344329,REGION BIO BIO,8110,TALCAHUANO,CRISTOBAL COLON, ,2194,"CRISTOBAL COLON 2194, TALCAHUANO",CHILE,RANGE_INTERPOLATED,19558,2021,1344329,1,2021/04/16 00:00:00+00,1899/12/30 00:00:00+00,8,REGION BIO BIO,8110,TALCAHUANO,67,CHOQUE POSTERIOR/FRENTE,40,CHOQUE,1,URBANA,1,TRAMO DE VIA RECTA,12,FALLAS MECANICAS,7,FALLAS MECANICAS CARROCERIA,0,CRISTOBAL COLON,0, ,- CRISTOBAL COLON,2194, , , , ,1,1,3,BIDIRECCIONAL CON BANDEJON,1,CONCRETO,1,BUENO,1,SECO,1,DESPEJADO,0,0,0,1,1
-8136934.14686181,-4403871.63073686,5112,45535,1344741,-73.0953231,-36.7467938,176,TALCAHUANO,1,14381,2021,1344741,REGION BIO BIO,8110,TALCAHUANO,CRISTOBAL COLON, ,6504,"CRISTOBAL COLON 6504, TALCAHUANO",CHILE,RANGE_INTERPOLATED,19821,2021,1344741,1,2021/04/17 00:00:00+00,1899/12/30 00:00:00+00,8,REGION BIO BIO,8110,TALCAHUANO,33,COLISION POR ALCANCE,30,COLISION,1,URBANA,1,TRAMO DE VIA RECTA,1,IMPRUDENCIA DEL CONDUCTOR,28,CONDUCCION SIN MANTENER DISTANCIA RAZONABLE NI PRUDENTE,0,CRISTOBAL COLON,0, ,- CRISTOBAL COLON,6504, , , , ,1,1,2,BIDIRECCIONAL,1,CONCRETO,1,BUENO,1,SECO,1,DESPEJADO,0,0,0,0,2