X,Y,FID,FID_1,LABELID,POINT_X,POINT_Y,FID_2,COMUNAREAL,VAL_COM,OBJECTID,A_O,IDACCIDENT,REGION,COD_COMUN,COMUNA,CALLE_UNO,CALLE_DOS,NUMERO,DIR_GEOCOD,PAIS,TIPO,OBJECTID_1,Año,Idaccide_1,Claseaccid,Fecha,Hora,Cód_Regi,Región,Cód_Comun,Comuna_1,Cód_Tipo_,Tipo_Accid,Cód_Tipo1,Tipo__CONA,Cód_Zona,Zona,Cód_Ubica,Ubicación,Cód_Causa,Causa__CON,Cód_Cau_1,Causa,Cód_Calle,Calle_Un_1,Cód_Cal_1,Calle_Do_1,Intersecci,Número,Ruta,Cód_Ruta,Ubicaci_1,Km_Vía_Fe,Pistas_de_,Pistas_de1,Cód_Calza,Calzada,Cód__Tipo,Tipo_Calza,Cód_Estad,Estado_Cal,Cód_Condi,Condición,Cód_Est_1,Estado_Atm,Fallecidos,Graves,Menos_Grav,Leves,Ilesos
-8136934.14686181,-4403871.63073686,5113,45536,1346502,-73.0953231,-36.7467938,176,TALCAHUANO,1,15597,2021,1346502,REGION BIO BIO,8110,TALCAHUANO,CRISTOBAL COLON, ,6999,"CRISTOBAL COLON 6999, TALCAHUANO",CHILE,RANGE_INTERPOLATED,21483,2021,1346502,1,2021/04/27 00:00:00+00,1899/12/30 00:00:00+00,8,REGION BIO BIO,8110,TALCAHUANO,20,CAIDA,20,CAIDA,1,URBANA,1,TRAMO DE VIA RECTA,1,IMPRUDENCIA DEL CONDUCTOR,27,CONDUCCION NO ATENTO CONDICIONES TRANSITO MOMENTO,0,CRISTOBAL COLON,0, ,- CRISTOBAL COLON,6999, , , , ,1,1,2,BIDIRECCIONAL,1,CONCRETO,1,BUENO,1,SECO,1,DESPEJADO,0,0,0,1,1
-8136934.14686181,-4403871.63073686,5114,45537,1345944,-73.0953231,-36.7467938,176,TALCAHUANO,1,15610,2021,1345944,REGION BIO BIO,8110,TALCAHUANO,CRISTOBAL COLON, ,6296,"CRISTOBAL COLON 6296, TALCAHUANO",CHILE,RANGE_INTERPOLATED,21499,2021,1345944,1,2021/04/27 00:00:00+00,1899/12/30 00:00:00+00,8,REGION BIO BIO,8110,TALCAHUANO,20,CAIDA,20,CAIDA,1,URBANA,1,TRAMO DE VIA RECTA,1,IMPRUDENCIA DEL CONDUCTOR,27,CONDUCCION NO ATENTO CONDICIONES TRANSITO MOMENTO,0,CRISTOBAL COLON,0, ,- CRISTOBAL COLON,6296, , , , ,1,1,2,BIDIRECCIONAL,1,CONCRETO,1,BUENO,1,SECO,1,DESPEJADO,0,0,0,1,1
-8136934.14686181,-4403871.63073686,5115,45538,1350690,-73.0953231,-36.7467938,176,TALCAHUANO,1,17873,2021,1350690,REGION BIO BIO,8110,TALCAHUANO,CRISTOBAL COLON, ,21400,"CRISTOBAL COLON 21400, TALCAHUANO",CHILE,RANGE_INTERPOLATED,24603,2021,1350690,1,2021/05/13 00:00:00+00,1899/12/30 00:00:00+00,8,REGION BIO BIO,8110,TALCAHUANO,32,COLISION LATERAL,30,COLISION,1,URBANA,11,CRUCE CON SEMAFORO FUNCIONANDO,10,DESOBEDIENCIA A SEÑALIZACION,62,SEÑALIZACION DESOBEDECER LUZ ROJA DE SEMAFORO,0,CRISTOBAL COLON,0, ,- CRISTOBAL COLON,21400, , , , ,1,1,3,BIDIRECCIONAL CON BANDEJON,1,CONCRETO,1,BUENO,1,SECO,1,DESPEJADO,0,0,0,0,2
-8136934.14686181,-4403871.63073686,5116,45539,1353028,-73.0953231,-36.7467938,176,TALCAHUANO,1,18034,2021,1353028,REGION BIO BIO,8110,TALCAHUANO,CRISTOBAL COLON, ,2194,"CRISTOBAL COLON 2194, TALCAHUANO",CHILE,RANGE_INTERPOLATED,24811,2021,1353028,1,2021/05/14 00:00:00+00,1899/12/30 00:00:00+00,8,REGION BIO BIO,8110,TALCAHUANO,32,COLISION LATERAL,30,COLISION,1,URBANA,1,TRAMO DE VIA RECTA,1,IMPRUDENCIA DEL CONDUCTOR,29,CONDUCCION CAMBIAR SORPRESIVAMENTE PISTA CIRCULACION,0,CRISTOBAL COLON,0, ,- CRISTOBAL COLON,2194, , , , ,1,1,3,BIDIRECCIONAL CON BANDEJON,1,CONCRETO,1,BUENO,1,SECO,1,DESPEJADO,0,0,0,0,2
-8136934.14686181,-4403871.63073686,5117,45540,1351069,-73.0953231,-36.7467938,176,TALCAHUANO,1,18745,2021,1351069,REGION BIO BIO,8110,TALCAHUANO,CRISTOBAL COLON, ,5736,"CRISTOBAL COLON 5736, TALCAHUANO",CHILE,RANGE_INTERPOLATED,25782,2021,1351069,1,2021/05/19 00:00:00+00,1899/12/30 00:00:00+00,8,REGION BIO BIO,8110,TALCAHUANO,63,CHOQUE FRENTE/POSTERIOR,40,CHOQUE,1,URBANA,1,TRAMO DE VIA RECTA,1,IMPRUDENCIA DEL CONDUCTOR,28,CONDUCCION SIN MANTENER DISTANCIA RAZONABLE NI PRUDENTE,0,CRISTOBAL COLON,0, ,- CRISTOBAL COLON,5736, , , , ,1,1,3,BIDIRECCIONAL CON BANDEJON,1,CONCRETO,1,BUENO,1,SECO,1,DESPEJADO,0,0,0,1,1
-8136934.14686181,-4403871.63073686,5118,45541,1354472,-73.0953231,-36.7467938,176,TALCAHUANO,1,21042,2021,1354472,REGION BIO BIO,8110,TALCAHUANO,CRISTOBAL COLON, ,1390,"CRISTOBAL COLON 1390, TALCAHUANO",CHILE,RANGE_INTERPOLATED,29012,2021,1354472,1,2021/06/02 00:00:00+00,1899/12/30 00:00:00+00,8,REGION BIO BIO,8110,TALCAHUANO,32,COLISION LATERAL,30,COLISION,1,URBANA,1,TRAMO DE VIA RECTA,1,IMPRUDENCIA DEL CONDUCTOR,91,VIRAJES INDEBIDOS,0,CRISTOBAL COLON,0, ,- CRISTOBAL COLON,1390, , , , ,1,1,2,BIDIRECCIONAL,1,CONCRETO,1,BUENO,1,SECO,1,DESPEJADO,0,0,0,1,1
-8136934.14686181,-4403871.63073686,5119,45542,1358093,-73.0953231,-36.7467938,176,TALCAHUANO,1,22210,2021,1358093,REGION BIO BIO,8110,TALCAHUANO,CRISTOBAL COLON, ,5526,"CRISTOBAL COLON 5526, TALCAHUANO",CHILE,RANGE_INTERPOLATED,30610,2021,1358093,1,2021/06/09 00:00:00+00,1899/12/30 00:00:00+00,8,REGION BIO BIO,8110,TALCAHUANO,32,COLISION LATERAL,30,COLISION,1,URBANA,1,TRAMO DE VIA RECTA,4,ALCOHOL EN CONDUCTOR,24,CONDUCCION EN ESTADO DE EBRIEDAD,0,CRISTOBAL COLON,0, ,- CRISTOBAL COLON,5526, , , , ,1,0,1,UNIDIRECCIONAL,1,CONCRETO,1,BUENO,1,SECO,1,DESPEJADO,0,0,0,0,2
-8136934.14686181,-4403871.63073686,5120,45543,1358022,-73.0953231,-36.7467938,176,TALCAHUANO,1,23076,2021,1358022,REGION BIO BIO,8110,TALCAHUANO,SIMON BOLIVAR,CRISTOBAL COLON,0,"SIMON BOLIVAR & CRISTOBAL COLON, TALCAHUANO",CHILE,GEOMETRIC_CENTER,31804,2021,1358022,1,2021/06/15 00:00:00+00,1899/12/30 00:00:00+00,8,REGION BIO BIO,8110,TALCAHUANO,32,COLISION LATERAL,30,COLISION,1,URBANA,16,CRUCE SIN SEÑALIZACION,1,IMPRUDENCIA DEL CONDUCTOR,32,NO RESPETAR DERECHO PREFERENTE DE PASO A VEHICULO,0,SIMON BOLIVAR,0,CRISTOBAL COLON,CRISTOBAL COLON - SIMON BOLIVAR,0, , , , ,1,1,2,BIDIRECCIONAL,1,CONCRETO,1,BUENO,1,SECO,1,DESPEJADO,0,0,0,0,2
-8136934.14686181,-4403871.63073686,5121,45544,1359960,-73.0953231,-36.7467938,176,TALCAHUANO,1,23939,2021,1359960,REGION BIO BIO,8110,TALCAHUANO,CRISTOBAL COLON, ,2897,"CRISTOBAL COLON 2897, TALCAHUANO",CHILE,RANGE_INTERPOLATED,32988,2021,1359960,1,2021/06/20 00:00:00+00,1899/12/30 00:00:00+00,8,REGION BIO BIO,8110,TALCAHUANO,63,CHOQUE FRENTE/POSTERIOR,40,CHOQUE,1,URBANA,1,TRAMO DE VIA RECTA,1,IMPRUDENCIA DEL CONDUCTOR,28,CONDUCCION SIN MANTENER DISTANCIA RAZONABLE NI PRUDENTE,0,CRISTOBAL COLON,0, ,- CRISTOBAL COLON,2897, , , , ,1,1,3,BIDIRECCIONAL CON BANDEJON,1,CONCRETO,1,BUENO,1,SECO,1,DESPEJADO,0,0,0,1,1
-8136934.14686181,-4403871.63073686,5122,45545,1359939,-73.0953231,-36.7467938,176,TALCAHUANO,1,23973,2021,1359939,REGION BIO BIO,8110,TALCAHUANO,CRISTOBAL COLON, ,6456,"CRISTOBAL COLON 6456, TALCAHUANO",CHILE,RANGE_INTERPOLATED,33036,2021,1359939,1,2021/06/20 00:00:00+00,1899/12/30 00:00:00+00,8,REGION BIO BIO,8110,TALCAHUANO,10,ATROPELLO,10,ATROPELLO,1,URBANA,1,TRAMO DE VIA RECTA,5,ALCOHOL EN PEATON,54,EBRIEDAD DEL PEATON,0,CRISTOBAL COLON,0, ,- CRISTOBAL COLON,6456, , , , ,1,1,3,BIDIRECCIONAL CON BANDEJON,1,CONCRETO,1,BUENO,1,SECO,1,DESPEJADO,0,0,0,1,1
-8136934.14686181,-4403871.63073686,5123,45546,1361315,-73.0953231,-36.7467938,176,TALCAHUANO,1,26008,2021,1361315,REGION BIO BIO,8110,TALCAHUANO,CRISTOBAL COLON, ,6801,"CRISTOBAL COLON 6801, TALCAHUANO",CHILE,RANGE_INTERPOLATED,35897,2021,1361315,1,2021/07/04 00:00:00+00,1899/12/30 00:00:00+00,8,REGION BIO BIO,8110,TALCAHUANO,63,CHOQUE FRENTE/POSTERIOR,40,CHOQUE,1,URBANA,11,CRUCE CON SEMAFORO FUNCIONANDO,1,IMPRUDENCIA DEL CONDUCTOR,28,CONDUCCION SIN MANTENER DISTANCIA RAZONABLE NI PRUDENTE,0,CRISTOBAL COLON,0, ,- CRISTOBAL COLON,6801, , , , ,1,1,3,BIDIRECCIONAL CON BANDEJON,1,CONCRETO,1,BUENO,1,SECO,1,DESPEJADO,0,0,0,0,2
-8136934.14686181,-4403871.63073686,5124,45547,1361593,-73.0953231,-36.7467938,176,TALCAHUANO,1,26475,2021,1361593,REGION BIO BIO,8110,TALCAHUANO,CRISTOBAL COLON, ,2194,"CRISTOBAL COLON 2194, TALCAHUANO",CHILE,RANGE_INTERPOLATED,36519,2021,1361593,1,2021/07/07 00:00:00+00,1899/12/30 00:00:00+00,8,REGION BIO BIO,8110,TALCAHUANO,32,COLISION LATERAL,30,COLISION,1,URBANA,11,CRUCE CON SEMAFORO FUNCIONANDO,10,DESOBEDIENCIA A SEÑALIZACION,62,SEÑALIZACION DESOBEDECER LUZ ROJA DE SEMAFORO,0,CRISTOBAL COLON,0, ,- CRISTOBAL COLON,2194, , , , ,1,1,3,BIDIRECCIONAL CON BANDEJON,1,CONCRETO,1,BUENO,1,SECO,1,DESPEJADO,0,0,1,0,1
-8136934.14686181,-4403871.63073686,5125,45548,1362205,-73.0953231,-36.7467938,176,TALCAHUANO,1,27072,2021,1362205,REGION BIO BIO,8110,TALCAHUANO,CRISTOBAL COLON, ,2194,"CRISTOBAL COLON 2194, TALCAHUANO",CHILE,RANGE_INTERPOLATED,37333,2021,1362205,1,2021/07/10 00:00:00+00,1899/12/30 00:00:00+00,8,REGION BIO BIO,8110,TALCAHUANO,63,CHOQUE FRENTE/POSTERIOR,40,CHOQUE,1,URBANA,11,CRUCE CON SEMAFORO FUNCIONANDO,4,ALCOHOL EN CONDUCTOR,24,CONDUCCION EN ESTADO DE EBRIEDAD,0,CRISTOBAL COLON,0, ,- CRISTOBAL COLON,2194, , , , ,1,1,3,BIDIRECCIONAL CON BANDEJON,1,CONCRETO,1,BUENO,1,SECO,1,DESPEJADO,0,0,0,0,2
-8136934.14686181,-4403871.63073686,5126,45549,1362982,-73.0953231,-36.7467938,176,TALCAHUANO,1,27447,2021,1362982,REGION BIO BIO,8110,TALCAHUANO,CRISTOBAL COLON, ,6456,"CRISTOBAL COLON 6456, TALCAHUANO",CHILE,RANGE_INTERPOLATED,37879,2021,1362982,1,2021/07/12 00:00:00+00,1899/12/30 00:00:00+00,8,REGION BIO BIO,8110,TALCAHUANO,63,CHOQUE FRENTE/POSTERIOR,40,CHOQUE,1,URBANA,11,CRUCE CON SEMAFORO FUNCIONANDO,1,IMPRUDENCIA DEL CONDUCTOR,28,CONDUCCION SIN MANTENER DISTANCIA RAZONABLE NI PRUDENTE,0,CRISTOBAL COLON,0, ,- CRISTOBAL COLON,6456, , , , ,1,1,3,BIDIRECCIONAL CON BANDEJON,1,CONCRETO,1,BUENO,1,SECO,1,DESPEJADO,0,0,0,0,2
-8136934.14686181,-4403871.63073686,5127,45550,1366586,-73.0953231,-36.7467938,176,TALCAHUANO,1,27912,2021,1366586,REGION BIO BIO,8110,TALCAHUANO,CRISTOBAL COLON, ,2194,"CRISTOBAL COLON 2194, TALCAHUANO",CHILE,RANGE_INTERPOLATED,38558,2021,1366586,1,2021/07/15 00:00:00+00,1899/12/30 00:00:00+00,8,REGION BIO BIO,8110,TALCAHUANO,32,COLISION LATERAL,30,COLISION,1,URBANA,1,TRAMO DE VIA RECTA,1,IMPRUDENCIA DEL CONDUCTOR,11,ADELANTAMIENTO SIN EL ESPACIO O TIEMPO SUFICIENTE,0,CRISTOBAL COLON,0, ,- CRISTOBAL COLON,2194, , , , ,1,1,3,BIDIRECCIONAL CON BANDEJON,1,CONCRETO,1,BUENO,1,SECO,1,DESPEJADO,0,0,0,0,2
-8136934.14686181,-4403871.63073686,5128,45551,1366256,-73.0953231,-36.7467938,176,TALCAHUANO,1,28425,2021,1366256,REGION BIO BIO,8110,TALCAHUANO,CRISTOBAL COLON, ,970,"CRISTOBAL COLON 970, TALCAHUANO",CHILE,RANGE_INTERPOLATED,39270,2021,1366256,1,2021/07/18 00:00:00+00,1899/12/30 00:00:00+00,8,REGION BIO BIO,8110,TALCAHUANO,32,COLISION LATERAL,30,COLISION,1,URBANA,1,TRAMO DE VIA RECTA,1,IMPRUDENCIA DEL CONDUCTOR,28,CONDUCCION SIN MANTENER DISTANCIA RAZONABLE NI PRUDENTE,0,CRISTOBAL COLON,0, ,- CRISTOBAL COLON,970, , , , ,1,1,2,BIDIRECCIONAL,1,CONCRETO,1,BUENO,1,SECO,1,DESPEJADO,0,0,0,1,1
-8136934.14686181,-4403871.63073686,5129,45552,1366991,-73.0953231,-36.7467938,176,TALCAHUANO,1,29373,2021,1366991,REGION BIO BIO,8110,TALCAHUANO,CRISTOBAL COLON, ,3300,"CRISTOBAL COLON 3300, TALCAHUANO",CHILE,RANGE_INTERPOLATED,40606,2021,1366991,1,2021/07/23 00:00:00+00,1899/12/30 00:00:00+00,8,REGION BIO BIO,8110,TALCAHUANO,32,COLISION LATERAL,30,COLISION,1,URBANA,11,CRUCE CON SEMAFORO FUNCIONANDO,4,ALCOHOL EN CONDUCTOR,24,CONDUCCION EN ESTADO DE EBRIEDAD,0,CRISTOBAL COLON,0, ,- CRISTOBAL COLON,3300, , , , ,1,1,3,BIDIRECCIONAL CON BANDEJON,1,CONCRETO,1,BUENO,1,SECO,1,DESPEJADO,0,0,0,0,2
-8136934.14686181,-4403871.63073686,5130,45553,1372956,-73.0953231,-36.7467938,176,TALCAHUANO,1,33740,2021,1372956,REGION BIO BIO,8110,TALCAHUANO,CRISTOBAL COLON, ,2903,"CRISTOBAL COLON 2903, TALCAHUANO",CHILE,RANGE_INTERPOLATED,46531,2021,1372956,1,2021/08/17 00:00:00+00,1899/12/30 00:00:00+00,8,REGION BIO BIO,8110,TALCAHUANO,63,CHOQUE FRENTE/POSTERIOR,40,CHOQUE,1,URBANA,1,TRAMO DE VIA RECTA,1,IMPRUDENCIA DEL CONDUCTOR,27,CONDUCCION NO ATENTO CONDICIONES TRANSITO MOMENTO,0,CRISTOBAL COLON,0, ,- CRISTOBAL COLON,2903, , , , ,1,1,2,BIDIRECCIONAL,1,CONCRETO,1,BUENO,2,HUMEDO,1,DESPEJADO,0,0,0,1,1
-8136934.14686181,-4403871.63073686,5131,45554,1376176,-73.0953231,-36.7467938,176,TALCAHUANO,1,35620,2021,1376176,REGION BIO BIO,8110,TALCAHUANO,CRISTOBAL COLON, ,585,"CRISTOBAL COLON 585, TALCAHUANO",CHILE,RANGE_INTERPOLATED,49039,2021,1376176,1,2021/08/27 00:00:00+00,1899/12/30 00:00:00+00,8,REGION BIO BIO,8110,TALCAHUANO,33,COLISION POR ALCANCE,30,COLISION,1,URBANA,1,TRAMO DE VIA RECTA,1,IMPRUDENCIA DEL CONDUCTOR,28,CONDUCCION SIN MANTENER DISTANCIA RAZONABLE NI PRUDENTE,0,CRISTOBAL COLON,0, ,- CRISTOBAL COLON,585, , , , ,1,1,3,BIDIRECCIONAL CON BANDEJON,1,CONCRETO,1,BUENO,1,SECO,1,DESPEJADO,0,0,0,0,2
-8136934.14686181,-4403871.63073686,5132,45555,1376285,-73.0953231,-36.7467938,176,TALCAHUANO,1,35919,2021,1376285,REGION BIO BIO,8110,TALCAHUANO,CRISTOBAL COLON, ,2190,"CRISTOBAL COLON 2190, TALCAHUANO",CHILE,RANGE_INTERPOLATED,49460,2021,1376285,1,2021/08/29 00:00:00+00,1899/12/30 00:00:00+00,8,REGION BIO BIO,8110,TALCAHUANO,32,COLISION LATERAL,30,COLISION,1,URBANA,11,CRUCE CON SEMAFORO FUNCIONANDO,10,DESOBEDIENCIA A SEÑALIZACION,62,SEÑALIZACION DESOBEDECER LUZ ROJA DE SEMAFORO,0,CRISTOBAL COLON,0, ,- CRISTOBAL COLON,2190, , , , ,1,1,3,BIDIRECCIONAL CON BANDEJON,1,CONCRETO,1,BUENO,1,SECO,1,DESPEJADO,0,0,0,2,0
-8136934.14686181,-4403871.63073686,5133,45556,1384052,-73.0953231,-36.7467938,176,TALCAHUANO,1,40488,2021,1384052,REGION BIO BIO,8110,TALCAHUANO,CRISTOBAL COLON, ,2190,"CRISTOBAL COLON 2190, TALCAHUANO",CHILE,RANGE_INTERPOLATED,55571,2021,1384052,1,2021/09/23 00:00:00+00,1899/12/30 00:00:00+00,8,REGION BIO BIO,8110,TALCAHUANO,32,COLISION LATERAL,30,COLISION,1,URBANA,11,CRUCE CON SEMAFORO FUNCIONANDO,10,DESOBEDIENCIA A SEÑALIZACION,62,SEÑALIZACION DESOBEDECER LUZ ROJA DE SEMAFORO,0,CRISTOBAL COLON,0, ,- CRISTOBAL COLON,2190, , , , ,1,1,3,BIDIRECCIONAL CON BANDEJON,1,CONCRETO,1,BUENO,1,SECO,1,DESPEJADO,0,0,0,2,0
-8136934.14686181,-4403871.63073686,5134,45557,1388906,-73.0953231,-36.7467938,176,TALCAHUANO,1,42926,2021,1388906,REGION BIO BIO,8110,TALCAHUANO,CRISTOBAL COLON, ,2400,"CRISTOBAL COLON 2400, TALCAHUANO",CHILE,RANGE_INTERPOLATED,58751,2021,1388906,1,2021/10/06 00:00:00+00,1899/12/30 00:00:00+00,8,REGION BIO BIO,8110,TALCAHUANO,32,COLISION LATERAL,30,COLISION,1,URBANA,11,CRUCE CON SEMAFORO FUNCIONANDO,10,DESOBEDIENCIA A SEÑALIZACION,62,SEÑALIZACION DESOBEDECER LUZ ROJA DE SEMAFORO,0,CRISTOBAL COLON,0, ,- CRISTOBAL COLON,2400, , , , ,1,1,2,BIDIRECCIONAL,1,CONCRETO,1,BUENO,1,SECO,1,DESPEJADO,0,1,0,2,0
-8136934.14686181,-4403871.63073686,5135,45558,1388642,-73.0953231,-36.7467938,176,TALCAHUANO,1,43985,2021,1388642,REGION BIO BIO,8110,TALCAHUANO,CRISTOBAL COLON, ,3199,"CRISTOBAL COLON 3199, TALCAHUANO",CHILE,RANGE_INTERPOLATED,60176,2021,1388642,1,2021/10/12 00:00:00+00,1899/12/30 00:00:00+00,8,REGION BIO BIO,8110,TALCAHUANO,33,COLISION POR ALCANCE,30,COLISION,1,URBANA,1,TRAMO DE VIA RECTA,1,IMPRUDENCIA DEL CONDUCTOR,28,CONDUCCION SIN MANTENER DISTANCIA RAZONABLE NI PRUDENTE,0,CRISTOBAL COLON,0, ,- CRISTOBAL COLON,3199, , , , ,1,1,2,BIDIRECCIONAL,1,CONCRETO,1,BUENO,1,SECO,1,DESPEJADO,0,0,0,0,2
-8136934.14686181,-4403871.63073686,5136,45559,1389472,-73.0953231,-36.7467938,176,TALCAHUANO,1,45657,2021,1389472,REGION BIO BIO,8110,TALCAHUANO,CRISTOBAL COLON, ,2400,"CRISTOBAL COLON 2400, TALCAHUANO",CHILE,RANGE_INTERPOLATED,62389,2021,1389472,1,2021/10/21 00:00:00+00,1899/12/30 00:00:00+00,8,REGION BIO BIO,8110,TALCAHUANO,32,COLISION LATERAL,30,COLISION,1,URBANA,11,CRUCE CON SEMAFORO FUNCIONANDO,10,DESOBEDIENCIA A SEÑALIZACION,62,SEÑALIZACION DESOBEDECER LUZ ROJA DE SEMAFORO,0,CRISTOBAL COLON,0, ,- CRISTOBAL COLON,2400, , , , ,1,1,3,BIDIRECCIONAL CON BANDEJON,1,CONCRETO,1,BUENO,1,SECO,1,DESPEJADO,0,0,0,1,1
-8136934.14686181,-4403871.63073686,5137,45560,1391969,-73.0953231,-36.7467938,176,TALCAHUANO,1,46623,2021,1391969,REGION BIO BIO,8110,TALCAHUANO,CRISTOBAL COLON, ,3956,"CRISTOBAL COLON 3956, TALCAHUANO",CHILE,RANGE_INTERPOLATED,63645,2021,1391969,1,2021/10/26 00:00:00+00,1899/12/30 00:00:00+00,8,REGION BIO BIO,8110,TALCAHUANO,32,COLISION LATERAL,30,COLISION,1,URBANA,11,CRUCE CON SEMAFORO FUNCIONANDO,10,DESOBEDIENCIA A SEÑALIZACION,62,SEÑALIZACION DESOBEDECER LUZ ROJA DE SEMAFORO,0,CRISTOBAL COLON,0, ,- CRISTOBAL COLON,3956, , , , ,1,1,2,BIDIRECCIONAL,1,CONCRETO,1,BUENO,1,SECO,1,DESPEJADO,0,0,0,0,2
-8136934.14686181,-4403871.63073686,5138,45561,1392168,-73.0953231,-36.7467938,176,TALCAHUANO,1,46997,2021,1392168,REGION BIO BIO,8110,TALCAHUANO,CRISTOBAL COLON, ,6679,"CRISTOBAL COLON 6679, TALCAHUANO",CHILE,RANGE_INTERPOLATED,64108,2021,1392168,1,2021/10/28 00:00:00+00,1899/12/30 00:00:00+00,8,REGION BIO BIO,8110,TALCAHUANO,63,CHOQUE FRENTE/POSTERIOR,40,CHOQUE,1,URBANA,11,CRUCE CON SEMAFORO FUNCIONANDO,1,IMPRUDENCIA DEL CONDUCTOR,28,CONDUCCION SIN MANTENER DISTANCIA RAZONABLE NI PRUDENTE,0,CRISTOBAL COLON,0, ,- CRISTOBAL COLON,6679, , , , ,1,1,2,BIDIRECCIONAL,1,CONCRETO,1,BUENO,1,SECO,1,DESPEJADO,0,0,0,0,2
-8136934.14686181,-4403871.63073686,5139,45562,1392124,-73.0953231,-36.7467938,176,TALCAHUANO,1,47531,2021,1392124,REGION BIO BIO,8110,TALCAHUANO,CRISTOBAL COLON, ,3300,"CRISTOBAL COLON 3300, TALCAHUANO",CHILE,RANGE_INTERPOLATED,64843,2021,1392124,1,2021/10/31 00:00:00+00,1899/12/30 00:00:00+00,8,REGION BIO BIO,8110,TALCAHUANO,33,COLISION POR ALCANCE,30,COLISION,1,URBANA,1,TRAMO DE VIA RECTA,1,IMPRUDENCIA DEL CONDUCTOR,11,ADELANTAMIENTO SIN EL ESPACIO O TIEMPO SUFICIENTE,0,CRISTOBAL COLON,0, ,- CRISTOBAL COLON,3300, , , , ,1,1,2,BIDIRECCIONAL,1,CONCRETO,1,BUENO,1,SECO,1,DESPEJADO,0,0,0,0,2
-8136934.14686181,-4403871.63073686,5140,45563,1394124,-73.0953231,-36.7467938,176,TALCAHUANO,1,48277,2021,1394124,REGION BIO BIO,8110,TALCAHUANO,CRISTOBAL COLON, ,2194,"CRISTOBAL COLON 2194, TALCAHUANO",CHILE,RANGE_INTERPOLATED,65845,2021,1394124,1,2021/11/04 00:00:00+00,1899/12/30 00:00:00+00,8,REGION BIO BIO,8110,TALCAHUANO,32,COLISION LATERAL,30,COLISION,1,URBANA,11,CRUCE CON SEMAFORO FUNCIONANDO,10,DESOBEDIENCIA A SEÑALIZACION,62,SEÑALIZACION DESOBEDECER LUZ ROJA DE SEMAFORO,0,CRISTOBAL COLON,0, ,- CRISTOBAL COLON,2194, , , , ,1,1,3,BIDIRECCIONAL CON BANDEJON,1,CONCRETO,1,BUENO,1,SECO,1,DESPEJADO,0,0,1,0,2
-8136934.14686181,-4403871.63073686,5141,45564,1395437,-73.0953231,-36.7467938,176,TALCAHUANO,1,49773,2021,1395437,REGION BIO BIO,8110,TALCAHUANO,CRISTOBAL COLON, ,573,"CRISTOBAL COLON 573, TALCAHUANO",CHILE,RANGE_INTERPOLATED,67791,2021,1395437,1,2021/11/12 00:00:00+00,1899/12/30 00:00:00+00,8,REGION BIO BIO,8110,TALCAHUANO,67,CHOQUE POSTERIOR/FRENTE,40,CHOQUE,1,URBANA,1,TRAMO DE VIA RECTA,1,IMPRUDENCIA DEL CONDUCTOR,27,CONDUCCION NO ATENTO CONDICIONES TRANSITO MOMENTO,0,CRISTOBAL COLON,0, ,- CRISTOBAL COLON,573, , , , ,1,1,2,BIDIRECCIONAL,1,CONCRETO,1,BUENO,1,SECO,1,DESPEJADO,0,0,0,0,2
-8136934.14686181,-4403871.63073686,5142,45565,1398094,-73.0953231,-36.7467938,176,TALCAHUANO,1,50797,2021,1398094,REGION BIO BIO,8110,TALCAHUANO,CRISTOBAL COLON, ,1020,"CRISTOBAL COLON 1020, TALCAHUANO",CHILE,RANGE_INTERPOLATED,69162,2021,1398094,1,2021/11/17 00:00:00+00,1899/12/30 00:00:00+00,8,REGION BIO BIO,8110,TALCAHUANO,32,COLISION LATERAL,30,COLISION,1,URBANA,1,TRAMO DE VIA RECTA,1,IMPRUDENCIA DEL CONDUCTOR,29,CONDUCCION CAMBIAR SORPRESIVAMENTE PISTA CIRCULACION,0,CRISTOBAL COLON,0, ,- CRISTOBAL COLON,1020, , , , ,1,1,2,BIDIRECCIONAL,1,CONCRETO,1,BUENO,1,SECO,1,DESPEJADO,0,0,0,1,1
-8136934.14686181,-4403871.63073686,5143,45566,1396628,-73.0953231,-36.7467938,176,TALCAHUANO,1,50901,2021,1396628,REGION BIO BIO,8110,TALCAHUANO,CRISTOBAL COLON, ,3182,"CRISTOBAL COLON 3182, TALCAHUANO",CHILE,RANGE_INTERPOLATED,69286,2021,1396628,1,2021/11/17 00:00:00+00,1899/12/30 00:00:00+00,8,REGION BIO BIO,8110,TALCAHUANO,32,COLISION LATERAL,30,COLISION,1,URBANA,11,CRUCE CON SEMAFORO FUNCIONANDO,10,DESOBEDIENCIA A SEÑALIZACION,62,SEÑALIZACION DESOBEDECER LUZ ROJA DE SEMAFORO,0,CRISTOBAL COLON,0, ,- CRISTOBAL COLON,3182, , , , ,1,1,3,BIDIRECCIONAL CON BANDEJON,1,CONCRETO,1,BUENO,1,SECO,1,DESPEJADO,0,0,0,1,1