X,Y,FID,FID_1,LABELID,POINT_X,POINT_Y,FID_2,COMUNAREAL,VAL_COM,OBJECTID,A_O,IDACCIDENT,REGION,COD_COMUN,COMUNA,CALLE_UNO,CALLE_DOS,NUMERO,DIR_GEOCOD,PAIS,TIPO,OBJECTID_1,Año,Idaccide_1,Claseaccid,Fecha,Hora,Cód_Regi,Región,Cód_Comun,Comuna_1,Cód_Tipo_,Tipo_Accid,Cód_Tipo1,Tipo__CONA,Cód_Zona,Zona,Cód_Ubica,Ubicación,Cód_Causa,Causa__CON,Cód_Cau_1,Causa,Cód_Calle,Calle_Un_1,Cód_Cal_1,Calle_Do_1,Intersecci,Número,Ruta,Cód_Ruta,Ubicaci_1,Km_Vía_Fe,Pistas_de_,Pistas_de1,Cód_Calza,Calzada,Cód__Tipo,Tipo_Calza,Cód_Estad,Estado_Cal,Cód_Condi,Condición,Cód_Est_1,Estado_Atm,Fallecidos,Graves,Menos_Grav,Leves,Ilesos
-8136934.14686181,-4403871.63073686,5144,45567,1400984,-73.0953231,-36.7467938,176,TALCAHUANO,1,51015,2021,1400984,REGION BIO BIO,8110,TALCAHUANO,CRISTOBAL COLON, ,409,"CRISTOBAL COLON 409, TALCAHUANO",CHILE,RANGE_INTERPOLATED,69426,2021,1400984,1,2021/11/18 00:00:00+00,1899/12/30 00:00:00+00,8,REGION BIO BIO,8110,TALCAHUANO,10,ATROPELLO,10,ATROPELLO,1,URBANA,1,TRAMO DE VIA RECTA,1,IMPRUDENCIA DEL CONDUCTOR,27,CONDUCCION NO ATENTO CONDICIONES TRANSITO MOMENTO,0,CRISTOBAL COLON,0, ,- CRISTOBAL COLON,409, , , , ,1,1,2,BIDIRECCIONAL,1,CONCRETO,1,BUENO,1,SECO,1,DESPEJADO,0,0,0,1,1
-8136934.14686181,-4403871.63073686,5145,45568,1401651,-73.0953231,-36.7467938,176,TALCAHUANO,1,54075,2021,1401651,REGION BIO BIO,8110,TALCAHUANO,CRISTOBAL COLON, ,2194,"CRISTOBAL COLON 2194, TALCAHUANO",CHILE,RANGE_INTERPOLATED,73482,2021,1401651,1,2021/12/04 00:00:00+00,1899/12/30 00:00:00+00,8,REGION BIO BIO,8110,TALCAHUANO,51,CHOQUE FRONTAL,40,CHOQUE,1,URBANA,1,TRAMO DE VIA RECTA,9,PERDIDA CONTROL VEHICULO,95,PERDIDA CONTROL VEHICULO,0,CRISTOBAL COLON,0, ,- CRISTOBAL COLON,2194, , , , ,1,1,3,BIDIRECCIONAL CON BANDEJON,1,CONCRETO,1,BUENO,1,SECO,1,DESPEJADO,0,0,0,0,2
-8136934.14686181,-4403871.63073686,5146,45569,1402007,-73.0953231,-36.7467938,176,TALCAHUANO,1,54665,2021,1402007,REGION BIO BIO,8110,TALCAHUANO,CRISTOBAL COLON,MANUEL GAETE,0,"CRISTOBAL COLON & MANUEL GAETE, TALCAHUANO",CHILE,GEOMETRIC_CENTER,74296,2021,1402007,1,2021/12/07 00:00:00+00,1899/12/30 00:00:00+00,8,REGION BIO BIO,8110,TALCAHUANO,10,ATROPELLO,10,ATROPELLO,1,URBANA,15,CRUCE CON SEÑAL CEDA EL PASO,1,IMPRUDENCIA DEL CONDUCTOR,31,NO RESPETAR DERECHO PREFERENTE DE PASO A PEATON,0,CRISTOBAL COLON,0,MANUEL GAETE,CRISTOBAL COLON - MANUEL GAETE,0, , , , ,2,2,3,BIDIRECCIONAL CON BANDEJON,1,CONCRETO,1,BUENO,1,SECO,1,DESPEJADO,0,0,0,1,1
-8136934.14686181,-4403871.63073686,5147,45570,1404950,-73.0953231,-36.7467938,176,TALCAHUANO,1,55864,2021,1404950,REGION BIO BIO,8110,TALCAHUANO,CRISTOBAL COLON, ,2900,"CRISTOBAL COLON 2900, TALCAHUANO",CHILE,RANGE_INTERPOLATED,75946,2021,1404950,1,2021/12/13 00:00:00+00,1899/12/30 00:00:00+00,8,REGION BIO BIO,8110,TALCAHUANO,32,COLISION LATERAL,30,COLISION,1,URBANA,11,CRUCE CON SEMAFORO FUNCIONANDO,1,IMPRUDENCIA DEL CONDUCTOR,91,VIRAJES INDEBIDOS,0,CRISTOBAL COLON,0, ,- CRISTOBAL COLON,2900, , , , ,1,1,3,BIDIRECCIONAL CON BANDEJON,1,CONCRETO,1,BUENO,1,SECO,1,DESPEJADO,0,0,0,0,2
-8136934.14686181,-4403871.63073686,5148,45571,1404918,-73.0953231,-36.7467938,176,TALCAHUANO,1,55889,2021,1404918,REGION BIO BIO,8110,TALCAHUANO,CRISTOBAL COLON, ,2190,"CRISTOBAL COLON 2190, TALCAHUANO",CHILE,RANGE_INTERPOLATED,75982,2021,1404918,1,2021/12/13 00:00:00+00,1899/12/30 00:00:00+00,8,REGION BIO BIO,8110,TALCAHUANO,32,COLISION LATERAL,30,COLISION,1,URBANA,11,CRUCE CON SEMAFORO FUNCIONANDO,1,IMPRUDENCIA DEL CONDUCTOR,27,CONDUCCION NO ATENTO CONDICIONES TRANSITO MOMENTO,0,CRISTOBAL COLON,0, ,- CRISTOBAL COLON,2190, , , , ,2,2,3,BIDIRECCIONAL CON BANDEJON,1,CONCRETO,1,BUENO,1,SECO,1,DESPEJADO,0,0,0,0,2
-8136934.14686181,-4403871.63073686,5149,45572,1409349,-73.0953231,-36.7467938,176,TALCAHUANO,1,58683,2021,1409349,REGION BIO BIO,8110,TALCAHUANO,CRISTOBAL COLON, ,2616,"CRISTOBAL COLON 2616, TALCAHUANO",CHILE,RANGE_INTERPOLATED,79750,2021,1409349,1,2021/12/27 00:00:00+00,1899/12/30 00:00:00+00,8,REGION BIO BIO,8110,TALCAHUANO,63,CHOQUE FRENTE/POSTERIOR,40,CHOQUE,1,URBANA,1,TRAMO DE VIA RECTA,1,IMPRUDENCIA DEL CONDUCTOR,28,CONDUCCION SIN MANTENER DISTANCIA RAZONABLE NI PRUDENTE,0,CRISTOBAL COLON,0, ,- CRISTOBAL COLON,2616, , , , ,1,1,2,BIDIRECCIONAL,1,CONCRETO,1,BUENO,1,SECO,1,DESPEJADO,0,0,0,0,3
-8136934.14686181,-4403871.63073686,5150,45573,1408579,-73.0953231,-36.7467938,176,TALCAHUANO,1,58801,2021,1408579,REGION BIO BIO,8110,TALCAHUANO,CRISTOBAL COLON, ,2194,"CRISTOBAL COLON 2194, TALCAHUANO",CHILE,RANGE_INTERPOLATED,79912,2021,1408579,1,2021/12/28 00:00:00+00,1899/12/30 00:00:00+00,8,REGION BIO BIO,8110,TALCAHUANO,32,COLISION LATERAL,30,COLISION,1,URBANA,11,CRUCE CON SEMAFORO FUNCIONANDO,10,DESOBEDIENCIA A SEÑALIZACION,62,SEÑALIZACION DESOBEDECER LUZ ROJA DE SEMAFORO,0,CRISTOBAL COLON,0, ,- CRISTOBAL COLON,2194, , , , ,1,1,2,BIDIRECCIONAL,1,CONCRETO,1,BUENO,1,SECO,1,DESPEJADO,0,0,0,0,2
-8136934.14686181,-4403871.63073686,5151,45574,1409411,-73.0953231,-36.7467938,176,TALCAHUANO,1,59156,2021,1409411,REGION BIO BIO,8110,TALCAHUANO,CRISTOBAL COLON, ,3796,"CRISTOBAL COLON 3796, TALCAHUANO",CHILE,RANGE_INTERPOLATED,80378,2021,1409411,1,2021/12/30 00:00:00+00,1899/12/30 00:00:00+00,8,REGION BIO BIO,8110,TALCAHUANO,32,COLISION LATERAL,30,COLISION,1,URBANA,11,CRUCE CON SEMAFORO FUNCIONANDO,1,IMPRUDENCIA DEL CONDUCTOR,91,VIRAJES INDEBIDOS,0,CRISTOBAL COLON,0, ,- CRISTOBAL COLON,3796, , , , ,1,1,3,BIDIRECCIONAL CON BANDEJON,1,CONCRETO,1,BUENO,1,SECO,1,DESPEJADO,0,0,0,2,0
-8136863.492381,-4403808.6419581,5152,45575,1374258,-73.0946884,-36.7463404,176,TALCAHUANO,1,34070,2021,1374258,REGION BIO BIO,8110,TALCAHUANO,GOMEZ CARRE??ªO, ,3521,"GOMEZ CARRE??ªO 3521, TALCAHUANO",CHILE,RANGE_INTERPOLATED,46966,2021,1374258,1,2021/08/19 00:00:00+00,1899/12/30 00:00:00+00,8,REGION BIO BIO,8110,TALCAHUANO,51,CHOQUE FRONTAL,40,CHOQUE,1,URBANA,1,TRAMO DE VIA RECTA,4,ALCOHOL EN CONDUCTOR,24,CONDUCCION EN ESTADO DE EBRIEDAD,0,GOMEZ CARREÑO,0, ,- GOMEZ CARREÑO,3521, , , , ,1,1,2,BIDIRECCIONAL,1,CONCRETO,1,BUENO,1,SECO,1,DESPEJADO,0,0,0,1,0
-8135699.58031306,-4403767.04789577,5153,45576,1391717,-73.0842328,-36.746041,176,TALCAHUANO,1,44169,2021,1391717,REGION BIO BIO,8110,TALCAHUANO,CLAUDIO GAY, ,3456,"CLAUDIO GAY 3456, TALCAHUANO",CHILE,RANGE_INTERPOLATED,60404,2021,1391717,1,2021/10/13 00:00:00+00,1899/12/30 00:00:00+00,8,REGION BIO BIO,8110,TALCAHUANO,67,CHOQUE POSTERIOR/FRENTE,40,CHOQUE,1,URBANA,1,TRAMO DE VIA RECTA,1,IMPRUDENCIA DEL CONDUCTOR,27,CONDUCCION NO ATENTO CONDICIONES TRANSITO MOMENTO,0,CLAUDIO GAY,0, ,- CLAUDIO GAY,3456, , , , ,1,1,2,BIDIRECCIONAL,1,CONCRETO,1,BUENO,1,SECO,1,DESPEJADO,0,0,0,0,2
-8137413.13236679,-4403759.33759143,5154,45577,1384584,-73.0996259,-36.7459855,176,TALCAHUANO,1,42180,2021,1384584,REGION BIO BIO,8110,TALCAHUANO,CARLOS DITTBORN, ,167,"CARLOS DITTBORN 167, TALCAHUANO",CHILE,RANGE_INTERPOLATED,57767,2021,1384584,1,2021/10/02 00:00:00+00,1899/12/30 00:00:00+00,8,REGION BIO BIO,8110,TALCAHUANO,32,COLISION LATERAL,30,COLISION,1,URBANA,1,TRAMO DE VIA RECTA,1,IMPRUDENCIA DEL CONDUCTOR,91,VIRAJES INDEBIDOS,0,CARLOS DITTBORN,0, ,- CARLOS DITTBORN,167, , , , ,1,1,2,BIDIRECCIONAL,1,CONCRETO,1,BUENO,1,SECO,1,DESPEJADO,0,0,1,0,1
-8137992.99559433,-4403729.62171386,5155,45578,1360064,-73.1048349,-36.7457716,176,TALCAHUANO,1,23252,2021,1360064,REGION BIO BIO,8110,TALCAHUANO,ALTO HORNO, ,256,"ALTO HORNO 256, TALCAHUANO",CHILE,RANGE_INTERPOLATED,32038,2021,1360064,1,2021/06/16 00:00:00+00,1899/12/30 00:00:00+00,8,REGION BIO BIO,8110,TALCAHUANO,32,COLISION LATERAL,30,COLISION,1,URBANA,1,TRAMO DE VIA RECTA,1,IMPRUDENCIA DEL CONDUCTOR,11,ADELANTAMIENTO SIN EL ESPACIO O TIEMPO SUFICIENTE,0,ALTO HORNO,0, ,- ALTO HORNO,256, , , , ,1,1,2,BIDIRECCIONAL,1,CONCRETO,1,BUENO,1,SECO,1,DESPEJADO,0,1,0,0,1
-8136727.4265674,-4403713.95110211,5156,45579,1391618,-73.0934661,-36.7456588,176,TALCAHUANO,1,42799,2021,1391618,REGION BIO BIO,8110,TALCAHUANO,GOMEZ CARRE??ªO,RAMON GALLEGOS,0,"GOMEZ CARRE??ªO & RAMON GALLEGOS, TALCAHUANO",CHILE,GEOMETRIC_CENTER,58597,2021,1391618,1,2021/10/06 00:00:00+00,1899/12/30 00:00:00+00,8,REGION BIO BIO,8110,TALCAHUANO,32,COLISION LATERAL,30,COLISION,1,URBANA,1,TRAMO DE VIA RECTA,1,IMPRUDENCIA DEL CONDUCTOR,28,CONDUCCION SIN MANTENER DISTANCIA RAZONABLE NI PRUDENTE,0,GOMEZ CARREÑO,0,RAMON GALLEGOS,GOMEZ CARREÑO - RAMON GALLEGOS,0, , , , ,1,1,2,BIDIRECCIONAL,1,CONCRETO,1,BUENO,1,SECO,1,DESPEJADO,0,0,0,0,2
-8136087.8738289,-4403676.08055213,5157,45580,1339840,-73.0877209,-36.7453862,176,TALCAHUANO,1,11376,2021,1339840,REGION BIO BIO,8110,TALCAHUANO,ALMIRANTE NEFF, ,3524,"ALMIRANTE NEFF 3524, TALCAHUANO",CHILE,RANGE_INTERPOLATED,15769,2021,1339840,1,2021/03/22 00:00:00+00,1899/12/30 00:00:00+00,8,REGION BIO BIO,8110,TALCAHUANO,32,COLISION LATERAL,30,COLISION,1,URBANA,1,TRAMO DE VIA RECTA,1,IMPRUDENCIA DEL CONDUCTOR,29,CONDUCCION CAMBIAR SORPRESIVAMENTE PISTA CIRCULACION,0,ALMIRANTE NEFF,0, ,- ALMIRANTE NEFF,3524, , , , ,1,1,2,BIDIRECCIONAL,1,CONCRETO,1,BUENO,1,SECO,1,DESPEJADO,0,0,0,1,1
-8136087.8738289,-4403676.08055213,5158,45581,1339845,-73.0877209,-36.7453862,176,TALCAHUANO,1,11415,2021,1339845,REGION BIO BIO,8110,TALCAHUANO,ALMIRANTE NEFF, ,3602,"ALMIRANTE NEFF 3602, TALCAHUANO",CHILE,RANGE_INTERPOLATED,15821,2021,1339845,1,2021/03/22 00:00:00+00,1899/12/30 00:00:00+00,8,REGION BIO BIO,8110,TALCAHUANO,10,ATROPELLO,10,ATROPELLO,1,URBANA,1,TRAMO DE VIA RECTA,1,IMPRUDENCIA DEL CONDUCTOR,27,CONDUCCION NO ATENTO CONDICIONES TRANSITO MOMENTO,0,ALMIRANTE NEFF,0, ,- ALMIRANTE NEFF,3602, , , , ,1,1,2,BIDIRECCIONAL,1,CONCRETO,1,BUENO,1,SECO,1,DESPEJADO,0,0,0,1,1
-8136087.8738289,-4403676.08055213,5159,45582,1344715,-73.0877209,-36.7453862,176,TALCAHUANO,1,14222,2021,1344715,REGION BIO BIO,8110,TALCAHUANO,ALMIRANTE NEFF, ,3597,"ALMIRANTE NEFF 3597, TALCAHUANO",CHILE,RANGE_INTERPOLATED,19618,2021,1344715,1,2021/04/16 00:00:00+00,1899/12/30 00:00:00+00,8,REGION BIO BIO,8110,TALCAHUANO,32,COLISION LATERAL,30,COLISION,1,URBANA,1,TRAMO DE VIA RECTA,1,IMPRUDENCIA DEL CONDUCTOR,29,CONDUCCION CAMBIAR SORPRESIVAMENTE PISTA CIRCULACION,0,ALMIRANTE NEFF,0, ,- ALMIRANTE NEFF,3597, , , , ,1,1,2,BIDIRECCIONAL,1,CONCRETO,1,BUENO,1,SECO,1,DESPEJADO,0,0,0,0,2
-8138079.99177639,-4403666.89772811,5160,45583,1392212,-73.1056164,-36.7453201,176,TALCAHUANO,1,47025,2021,1392212,REGION BIO BIO,8110,TALCAHUANO,ALTO HORNO, ,315,"ALTO HORNO 315, TALCAHUANO",CHILE,RANGE_INTERPOLATED,64146,2021,1392212,1,2021/10/29 00:00:00+00,1899/12/30 00:00:00+00,8,REGION BIO BIO,8110,TALCAHUANO,31,COLISION FRONTAL,30,COLISION,1,URBANA,1,TRAMO DE VIA RECTA,1,IMPRUDENCIA DEL CONDUCTOR,29,CONDUCCION CAMBIAR SORPRESIVAMENTE PISTA CIRCULACION,0,ALTO HORNO,0, ,- ALTO HORNO,315, , , , ,1,1,2,BIDIRECCIONAL,1,CONCRETO,1,BUENO,1,SECO,1,DESPEJADO,0,0,0,0,2
-8138079.99177639,-4403666.89772811,5161,45584,1405441,-73.1056164,-36.7453201,176,TALCAHUANO,1,55911,2021,1405441,REGION BIO BIO,8110,TALCAHUANO,ALTO HORNO, ,315,"ALTO HORNO 315, TALCAHUANO",CHILE,RANGE_INTERPOLATED,76011,2021,1405441,1,2021/12/13 00:00:00+00,1899/12/30 00:00:00+00,8,REGION BIO BIO,8110,TALCAHUANO,32,COLISION LATERAL,30,COLISION,1,URBANA,1,TRAMO DE VIA RECTA,1,IMPRUDENCIA DEL CONDUCTOR,91,VIRAJES INDEBIDOS,0,ALTO HORNO,0, ,- ALTO HORNO,315, , , , ,1,1,2,BIDIRECCIONAL,1,CONCRETO,1,BUENO,1,SECO,1,DESPEJADO,0,0,1,0,1
-8137299.77572932,-4403660.6600806,5162,45585,1394858,-73.0986076,-36.7452752,176,TALCAHUANO,1,49001,2021,1394858,REGION BIO BIO,8110,TALCAHUANO,EL VOQUI, ,121,"EL VOQUI 121, TALCAHUANO",CHILE,RANGE_INTERPOLATED,66801,2021,1394858,1,2021/11/08 00:00:00+00,1899/12/30 00:00:00+00,8,REGION BIO BIO,8110,TALCAHUANO,68,CHOQUE POSTERIOR/LADO,40,CHOQUE,1,URBANA,1,TRAMO DE VIA RECTA,1,IMPRUDENCIA DEL CONDUCTOR,27,CONDUCCION NO ATENTO CONDICIONES TRANSITO MOMENTO,0,EL VOQUI,0, ,- EL VOQUI,121, , , , ,1,1,2,BIDIRECCIONAL,1,CONCRETO,1,BUENO,1,SECO,1,DESPEJADO,0,0,0,0,2
-8137189.42471809,-4403660.47948061,5163,45586,1379077,-73.0976163,-36.7452739,176,TALCAHUANO,1,38408,2021,1379077,REGION BIO BIO,8110,TALCAHUANO,CRISTOBAL COLON, ,3430,"CRISTOBAL COLON 3430, TALCAHUANO",CHILE,RANGE_INTERPOLATED,52760,2021,1379077,1,2021/09/12 00:00:00+00,1899/12/30 00:00:00+00,8,REGION BIO BIO,8110,TALCAHUANO,51,CHOQUE FRONTAL,40,CHOQUE,1,URBANA,1,TRAMO DE VIA RECTA,4,ALCOHOL EN CONDUCTOR,24,CONDUCCION EN ESTADO DE EBRIEDAD,0,CRISTOBAL COLON,0, ,- CRISTOBAL COLON,3430, , , , ,1,1,2,BIDIRECCIONAL,1,CONCRETO,1,BUENO,1,SECO,1,DESPEJADO,0,2,0,1,0
-8136039.01570439,-4403631.58352242,5164,45587,1405912,-73.087282,-36.7450659,176,TALCAHUANO,1,55060,2021,1405912,REGION BIO BIO,8110,TALCAHUANO,ALMIRANTE NEFF, ,633,"ALMIRANTE NEFF 633, TALCAHUANO",CHILE,RANGE_INTERPOLATED,74818,2021,1405912,1,2021/12/09 00:00:00+00,1899/12/30 00:00:00+00,8,REGION BIO BIO,8110,TALCAHUANO,99,OTRO TIPO,99,OTRO TIPO,1,URBANA,1,TRAMO DE VIA RECTA,7,VELOCIDAD IMPRUDENTE,71,VELOCIDAD MAYOR QUE MAXIMA PERMITIDA,0,ALMIRANTE NEFF,0, ,- ALMIRANTE NEFF,633, , , , ,1,1,2,BIDIRECCIONAL,1,CONCRETO,1,BUENO,1,SECO,1,DESPEJADO,0,0,0,1,1
-8138662.29290078,-4403627.42973487,5165,45588,1365867,-73.1108473,-36.745036,176,TALCAHUANO,1,28241,2021,1365867,REGION BIO BIO,8110,TALCAHUANO,RAULI, ,448,"RAULI 448, TALCAHUANO",CHILE,RANGE_INTERPOLATED,39007,2021,1365867,1,2021/07/17 00:00:00+00,1899/12/30 00:00:00+00,8,REGION BIO BIO,8110,TALCAHUANO,51,CHOQUE FRONTAL,40,CHOQUE,1,URBANA,1,TRAMO DE VIA RECTA,9,PERDIDA CONTROL VEHICULO,95,PERDIDA CONTROL VEHICULO,0,RAULI,0, ,- RAULI,448, , , , ,1,1,2,BIDIRECCIONAL,1,CONCRETO,1,BUENO,1,SECO,1,DESPEJADO,0,0,0,0,1
-8135698.32240282,-4403613.7597565,5166,45589,1348032,-73.0842215,-36.7449376,176,TALCAHUANO,1,16815,2021,1348032,REGION BIO BIO,8110,TALCAHUANO,EL ENEBRO, ,655,"EL ENEBRO 655, TALCAHUANO",CHILE,RANGE_INTERPOLATED,23199,2021,1348032,1,2021/05/06 00:00:00+00,1899/12/30 00:00:00+00,8,REGION BIO BIO,8110,TALCAHUANO,63,CHOQUE FRENTE/POSTERIOR,40,CHOQUE,1,URBANA,1,TRAMO DE VIA RECTA,1,IMPRUDENCIA DEL CONDUCTOR,27,CONDUCCION NO ATENTO CONDICIONES TRANSITO MOMENTO,0,EL ENEBRO,0, ,- EL ENEBRO,655, , , , ,1,1,2,BIDIRECCIONAL,1,CONCRETO,1,BUENO,1,SECO,1,DESPEJADO,0,0,0,0,2
-8138101.54322981,-4403610.60621723,5167,45590,1405840,-73.10581,-36.7449149,176,TALCAHUANO,1,56931,2021,1405840,REGION BIO BIO,8110,TALCAHUANO,ALTO HORNO, ,349,"ALTO HORNO 349, TALCAHUANO",CHILE,RANGE_INTERPOLATED,77340,2021,1405840,1,2021/12/18 00:00:00+00,1899/12/30 00:00:00+00,8,REGION BIO BIO,8110,TALCAHUANO,32,COLISION LATERAL,30,COLISION,1,URBANA,1,TRAMO DE VIA RECTA,1,IMPRUDENCIA DEL CONDUCTOR,11,ADELANTAMIENTO SIN EL ESPACIO O TIEMPO SUFICIENTE,0,ALTO HORNO,0, ,- ALTO HORNO,349, , , , ,1,1,3,BIDIRECCIONAL CON BANDEJON,1,CONCRETO,1,BUENO,1,SECO,1,DESPEJADO,0,0,0,0,2
-8137463.09255426,-4403586.80883422,5168,45591,1378140,-73.1000747,-36.7447436,176,TALCAHUANO,1,37596,2021,1378140,REGION BIO BIO,8110,TALCAHUANO,DESIDERIO GARCIA, ,205,"DESIDERIO GARCIA 205, TALCAHUANO",CHILE,RANGE_INTERPOLATED,51677,2021,1378140,1,2021/09/07 00:00:00+00,1899/12/30 00:00:00+00,8,REGION BIO BIO,8110,TALCAHUANO,32,COLISION LATERAL,30,COLISION,1,URBANA,1,TRAMO DE VIA RECTA,10,DESOBEDIENCIA A SEÑALIZACION,62,SEÑALIZACION DESOBEDECER LUZ ROJA DE SEMAFORO,0,DESIDERIO GARCIA,0, ,- DESIDERIO GARCIA,205, , , , ,1,1,3,BIDIRECCIONAL CON BANDEJON,1,CONCRETO,1,BUENO,1,SECO,1,DESPEJADO,0,0,0,0,2
-8135750.78727883,-4403557.70469311,5169,45592,1409442,-73.0846928,-36.7445341,176,TALCAHUANO,1,59197,2021,1409442,REGION BIO BIO,8110,TALCAHUANO,VOLCAN OSORNO, ,3337,"VOLCAN OSORNO 3337, TALCAHUANO",CHILE,RANGE_INTERPOLATED,80433,2021,1409442,1,2021/12/30 00:00:00+00,1899/12/30 00:00:00+00,8,REGION BIO BIO,8110,TALCAHUANO,20,CAIDA,20,CAIDA,1,URBANA,1,TRAMO DE VIA RECTA,7,VELOCIDAD IMPRUDENTE,72,VELOCIDAD NO RAZONABLE NI PRUDENTE,0,VOLCAN OSORNO,0, ,- VOLCAN OSORNO,3337, , , , ,1,1,2,BIDIRECCIONAL,1,CONCRETO,1,BUENO,1,SECO,1,DESPEJADO,0,0,0,1,1
-8138025.03334378,-4403553.84266985,5170,45593,1367031,-73.1051227,-36.7445063,176,TALCAHUANO,1,30194,2021,1367031,REGION BIO BIO,8110,TALCAHUANO,APLEGATH,ALMIRANTE NAVARRETE,0,"APLEGATH & ALMIRANTE NAVARRETE, TALCAHUANO",CHILE,GEOMETRIC_CENTER,41739,2021,1367031,1,2021/07/28 00:00:00+00,1899/12/30 00:00:00+00,8,REGION BIO BIO,8110,TALCAHUANO,32,COLISION LATERAL,30,COLISION,1,URBANA,16,CRUCE SIN SEÑALIZACION,1,IMPRUDENCIA DEL CONDUCTOR,32,NO RESPETAR DERECHO PREFERENTE DE PASO A VEHICULO,0,APLEGATH,0,ALMIRANTE NAVARRETE,ALMIRANTE NAVARRETE - APLEGATH,0, , , , ,1,1,2,BIDIRECCIONAL,1,CONCRETO,1,BUENO,1,SECO,1,DESPEJADO,0,1,0,0,1
-8137138.80774563,-4403524.28017848,5171,45594,1336613,-73.0971616,-36.7442935,176,TALCAHUANO,1,8742,2021,1336613,REGION BIO BIO,8110,TALCAHUANO,DESIDERIO GARCIA,CRISTOBAL COLON,0,"DESIDERIO GARCIA & CRISTOBAL COLON, TALCAHUANO",CHILE,GEOMETRIC_CENTER,12231,2021,1336613,1,2021/03/04 00:00:00+00,1899/12/30 00:00:00+00,8,REGION BIO BIO,8110,TALCAHUANO,32,COLISION LATERAL,30,COLISION,1,URBANA,11,CRUCE CON SEMAFORO FUNCIONANDO,10,DESOBEDIENCIA A SEÑALIZACION,62,SEÑALIZACION DESOBEDECER LUZ ROJA DE SEMAFORO,0,DESIDERIO GARCIA,0,CRISTOBAL COLON,CRISTOBAL COLON - DESIDERIO GARCIA,0, , , , ,1,1,3,BIDIRECCIONAL CON BANDEJON,1,CONCRETO,1,BUENO,1,SECO,1,DESPEJADO,0,0,0,1,1
-8138114.83477701,-4403521.98797745,5172,45595,1331103,-73.1059294,-36.744277,176,TALCAHUANO,1,5557,2021,1331103,REGION BIO BIO,8110,TALCAHUANO,ALTO HORNO, ,401,"ALTO HORNO 401, TALCAHUANO",CHILE,RANGE_INTERPOLATED,7758,2021,1331103,1,2021/02/10 00:00:00+00,1899/12/30 00:00:00+00,8,REGION BIO BIO,8110,TALCAHUANO,63,CHOQUE FRENTE/POSTERIOR,40,CHOQUE,1,URBANA,1,TRAMO DE VIA RECTA,1,IMPRUDENCIA DEL CONDUCTOR,27,CONDUCCION NO ATENTO CONDICIONES TRANSITO MOMENTO,0,ALTO HORNO,0, ,- ALTO HORNO,401, , , , ,1,1,3,BIDIRECCIONAL CON BANDEJON,1,CONCRETO,1,BUENO,1,SECO,1,DESPEJADO,0,0,0,1,2
-8137310.39560874,-4403501.95555064,5173,45596,1330259,-73.098703,-36.7441328,176,TALCAHUANO,1,4965,2021,1330259,REGION BIO BIO,8110,TALCAHUANO,GERMAN RIESCO,DESIDERIO GARCIA,0,"GERMAN RIESCO & DESIDERIO GARCIA, TALCAHUANO",CHILE,GEOMETRIC_CENTER,6939,2021,1330259,1,2021/02/05 00:00:00+00,1899/12/30 00:00:00+00,8,REGION BIO BIO,8110,TALCAHUANO,32,COLISION LATERAL,30,COLISION,1,URBANA,16,CRUCE SIN SEÑALIZACION,1,IMPRUDENCIA DEL CONDUCTOR,32,NO RESPETAR DERECHO PREFERENTE DE PASO A VEHICULO,0,GERMAN RIESCO,0,DESIDERIO GARCIA,DESIDERIO GARCIA - GERMAN RIESCO,0, , , , ,1,1,3,BIDIRECCIONAL CON BANDEJON,1,CONCRETO,1,BUENO,1,SECO,1,DESPEJADO,0,0,0,0,2
-8135635.11519594,-4403494.85668998,5174,45597,1336087,-73.0836537,-36.7440817,176,TALCAHUANO,1,8419,2021,1336087,REGION BIO BIO,8110,TALCAHUANO,CLAUDIO GAY,ALMIRANTE NEFF,0,"CLAUDIO GAY & ALMIRANTE NEFF, TALCAHUANO",CHILE,GEOMETRIC_CENTER,11809,2021,1336087,1,2021/03/02 00:00:00+00,1899/12/30 00:00:00+00,8,REGION BIO BIO,8110,TALCAHUANO,32,COLISION LATERAL,30,COLISION,1,URBANA,14,CRUCE CON SEÑAL PARE,10,DESOBEDIENCIA A SEÑALIZACION,65,SEÑALIZACION DESOBEDECER SEÑAL PARE,0,CLAUDIO GAY,0,ALMIRANTE NEFF,ALMIRANTE NEFF - CLAUDIO GAY,0, , , , ,1,1,2,BIDIRECCIONAL,1,CONCRETO,1,BUENO,1,SECO,1,DESPEJADO,0,0,0,0,2
-8137094.99239405,-4403489.24428685,5175,45598,1362650,-73.096768,-36.7440413,176,TALCAHUANO,1,25594,2021,1362650,REGION BIO BIO,8110,TALCAHUANO,CRISTOBAL COLON, ,3309,"CRISTOBAL COLON 3309, TALCAHUANO",CHILE,RANGE_INTERPOLATED,35334,2021,1362650,1,2021/07/01 00:00:00+00,1899/12/30 00:00:00+00,8,REGION BIO BIO,8110,TALCAHUANO,10,ATROPELLO,10,ATROPELLO,1,URBANA,11,CRUCE CON SEMAFORO FUNCIONANDO,10,DESOBEDIENCIA A SEÑALIZACION,62,SEÑALIZACION DESOBEDECER LUZ ROJA DE SEMAFORO,0,CRISTOBAL COLON,0, ,- CRISTOBAL COLON,3309, , , , ,1,1,3,BIDIRECCIONAL CON BANDEJON,1,CONCRETO,1,BUENO,1,SECO,1,DESPEJADO,0,0,0,1,1