X,Y,FID,FID_1,LABELID,POINT_X,POINT_Y,FID_2,COMUNAREAL,VAL_COM,OBJECTID,A_O,IDACCIDENT,REGION,COD_COMUN,COMUNA,CALLE_UNO,CALLE_DOS,NUMERO,DIR_GEOCOD,PAIS,TIPO,OBJECTID_1,Año,Idaccide_1,Claseaccid,Fecha,Hora,Cód_Regi,Región,Cód_Comun,Comuna_1,Cód_Tipo_,Tipo_Accid,Cód_Tipo1,Tipo__CONA,Cód_Zona,Zona,Cód_Ubica,Ubicación,Cód_Causa,Causa__CON,Cód_Cau_1,Causa,Cód_Calle,Calle_Un_1,Cód_Cal_1,Calle_Do_1,Intersecci,Número,Ruta,Cód_Ruta,Ubicaci_1,Km_Vía_Fe,Pistas_de_,Pistas_de1,Cód_Calza,Calzada,Cód__Tipo,Tipo_Calza,Cód_Estad,Estado_Cal,Cód_Condi,Condición,Cód_Est_1,Estado_Atm,Fallecidos,Graves,Menos_Grav,Leves,Ilesos
-8137181.72140933,-4403485.75737451,5176,45599,1350707,-73.0975471,-36.7440162,176,TALCAHUANO,1,18938,2021,1350707,REGION BIO BIO,8110,TALCAHUANO,CRISTOBAL COLON, ,3354,"CRISTOBAL COLON 3354, TALCAHUANO",CHILE,RANGE_INTERPOLATED,26039,2021,1350707,1,2021/05/20 00:00:00+00,1899/12/30 00:00:00+00,8,REGION BIO BIO,8110,TALCAHUANO,32,COLISION LATERAL,30,COLISION,1,URBANA,11,CRUCE CON SEMAFORO FUNCIONANDO,10,DESOBEDIENCIA A SEÑALIZACION,62,SEÑALIZACION DESOBEDECER LUZ ROJA DE SEMAFORO,0,CRISTOBAL COLON,0, ,- CRISTOBAL COLON,3354, , , , ,1,1,2,BIDIRECCIONAL,1,CONCRETO,1,BUENO,1,SECO,1,DESPEJADO,0,0,0,1,1
-8137378.60106075,-4403446.91519309,5177,45600,1400403,-73.0993157,-36.7437366,176,TALCAHUANO,1,51242,2021,1400403,REGION BIO BIO,8110,TALCAHUANO,LA HORTENSIAS, ,590,"LA HORTENSIAS 590, TALCAHUANO",CHILE,RANGE_INTERPOLATED,69715,2021,1400403,1,2021/11/19 00:00:00+00,1899/12/30 00:00:00+00,8,REGION BIO BIO,8110,TALCAHUANO,63,CHOQUE FRENTE/POSTERIOR,40,CHOQUE,1,URBANA,24,ROTONDA,1,IMPRUDENCIA DEL CONDUCTOR,28,CONDUCCION SIN MANTENER DISTANCIA RAZONABLE NI PRUDENTE,0,LA HORTENSIAS,0, ,- LA HORTENSIAS,590, , , , ,1,1,2,BIDIRECCIONAL,1,CONCRETO,1,BUENO,1,SECO,1,DESPEJADO,0,0,0,0,2
-8138153.24000133,-4403419.25620095,5178,45601,1351006,-73.1062744,-36.7435375,176,TALCAHUANO,1,18461,2021,1351006,REGION BIO BIO,8110,TALCAHUANO,ALTO HORNO, ,451,"ALTO HORNO 451, TALCAHUANO",CHILE,RANGE_INTERPOLATED,25401,2021,1351006,1,2021/05/17 00:00:00+00,1899/12/30 00:00:00+00,8,REGION BIO BIO,8110,TALCAHUANO,32,COLISION LATERAL,30,COLISION,1,URBANA,1,TRAMO DE VIA RECTA,1,IMPRUDENCIA DEL CONDUCTOR,29,CONDUCCION CAMBIAR SORPRESIVAMENTE PISTA CIRCULACION,0,ALTO HORNO,0, ,- ALTO HORNO,451, , , , ,1,1,2,BIDIRECCIONAL,1,CONCRETO,1,BUENO,1,SECO,1,DESPEJADO,0,0,0,0,2
-8137073.79716301,-4403401.09938274,5179,45602,1334533,-73.0965776,-36.7434068,176,TALCAHUANO,1,5929,2021,1334533,REGION BIO BIO,8110,TALCAHUANO,IQUIQUE, ,55,"IQUIQUE 55, TALCAHUANO",CHILE,RANGE_INTERPOLATED,8269,2021,1334533,1,2021/02/12 00:00:00+00,1899/12/30 00:00:00+00,8,REGION BIO BIO,8110,TALCAHUANO,51,CHOQUE FRONTAL,40,CHOQUE,1,URBANA,1,TRAMO DE VIA RECTA,4,ALCOHOL EN CONDUCTOR,24,CONDUCCION EN ESTADO DE EBRIEDAD,0,IQUIQUE,0, ,- IQUIQUE,55, , , , ,1,1,2,BIDIRECCIONAL,1,CONCRETO,1,BUENO,1,SECO,1,DESPEJADO,0,0,0,1,1
-8136644.31543558,-4403356.65906833,5180,45603,1350725,-73.0927195,-36.7430869,176,TALCAHUANO,1,17958,2021,1350725,REGION BIO BIO,8110,TALCAHUANO,SANTA MARIA, ,3177,"SANTA MARIA 3177, TALCAHUANO",CHILE,RANGE_INTERPOLATED,24711,2021,1350725,1,2021/05/13 00:00:00+00,1899/12/30 00:00:00+00,8,REGION BIO BIO,8110,TALCAHUANO,63,CHOQUE FRENTE/POSTERIOR,40,CHOQUE,1,URBANA,1,TRAMO DE VIA RECTA,1,IMPRUDENCIA DEL CONDUCTOR,28,CONDUCCION SIN MANTENER DISTANCIA RAZONABLE NI PRUDENTE,0,SANTA MARIA,0, ,- SANTA MARIA,3177, , , , ,1,1,2,BIDIRECCIONAL,1,CONCRETO,1,BUENO,1,SECO,1,DESPEJADO,0,0,0,0,2
-8136644.31543558,-4403356.65906833,5181,45604,1374689,-73.0927195,-36.7430869,176,TALCAHUANO,1,35070,2021,1374689,REGION BIO BIO,8110,TALCAHUANO,SANTA MARIA, ,3177,"SANTA MARIA 3177, TALCAHUANO",CHILE,RANGE_INTERPOLATED,48341,2021,1374689,1,2021/08/24 00:00:00+00,1899/12/30 00:00:00+00,8,REGION BIO BIO,8110,TALCAHUANO,33,COLISION POR ALCANCE,30,COLISION,1,URBANA,1,TRAMO DE VIA RECTA,1,IMPRUDENCIA DEL CONDUCTOR,28,CONDUCCION SIN MANTENER DISTANCIA RAZONABLE NI PRUDENTE,0,SANTA MARIA,0, ,- SANTA MARIA,3177, , , , ,1,1,2,BIDIRECCIONAL,1,CONCRETO,1,BUENO,1,SECO,1,DESPEJADO,0,0,0,0,2
-8136644.31543558,-4403356.65906833,5182,45605,1388295,-73.0927195,-36.7430869,176,TALCAHUANO,1,43122,2021,1388295,REGION BIO BIO,8110,TALCAHUANO,SANTA MARIA, ,3177,"SANTA MARIA 3177, TALCAHUANO",CHILE,RANGE_INTERPOLATED,58984,2021,1388295,1,2021/10/07 00:00:00+00,1899/12/30 00:00:00+00,8,REGION BIO BIO,8110,TALCAHUANO,32,COLISION LATERAL,30,COLISION,1,URBANA,1,TRAMO DE VIA RECTA,1,IMPRUDENCIA DEL CONDUCTOR,91,VIRAJES INDEBIDOS,0,SANTA MARIA,0, ,- SANTA MARIA,3177, , , , ,1,1,2,BIDIRECCIONAL,1,CONCRETO,1,BUENO,1,SECO,1,DESPEJADO,0,0,0,1,1
-8136644.31543558,-4403356.65906833,5183,45606,1388554,-73.0927195,-36.7430869,176,TALCAHUANO,1,43802,2021,1388554,REGION BIO BIO,8110,TALCAHUANO,SANTA MARIA, ,3177,"SANTA MARIA 3177, TALCAHUANO",CHILE,RANGE_INTERPOLATED,59926,2021,1388554,1,2021/10/11 00:00:00+00,1899/12/30 00:00:00+00,8,REGION BIO BIO,8110,TALCAHUANO,32,COLISION LATERAL,30,COLISION,1,URBANA,1,TRAMO DE VIA RECTA,1,IMPRUDENCIA DEL CONDUCTOR,91,VIRAJES INDEBIDOS,0,SANTA MARIA,0, ,- SANTA MARIA,3177, , , , ,1,1,2,BIDIRECCIONAL,1,CONCRETO,1,BUENO,1,SECO,1,DESPEJADO,0,0,0,1,1
-8136644.31543558,-4403356.65906833,5184,45607,1395245,-73.0927195,-36.7430869,176,TALCAHUANO,1,49067,2021,1395245,REGION BIO BIO,8110,TALCAHUANO,SANTA MARIA, ,3177,"SANTA MARIA 3177, TALCAHUANO",CHILE,RANGE_INTERPOLATED,66878,2021,1395245,1,2021/11/08 00:00:00+00,1899/12/30 00:00:00+00,8,REGION BIO BIO,8110,TALCAHUANO,32,COLISION LATERAL,30,COLISION,1,URBANA,1,TRAMO DE VIA RECTA,1,IMPRUDENCIA DEL CONDUCTOR,11,ADELANTAMIENTO SIN EL ESPACIO O TIEMPO SUFICIENTE,0,SANTA MARIA,0, ,- SANTA MARIA,3177, , , , ,1,1,2,BIDIRECCIONAL,1,CONCRETO,1,BUENO,1,SECO,1,DESPEJADO,0,1,0,0,1
-8135604.07932191,-4403354.96425538,5185,45608,1339930,-73.0833749,-36.7430747,176,TALCAHUANO,1,10026,2021,1339930,REGION BIO BIO,8110,TALCAHUANO,VASCO NU??ªEZ DE BALBOA, ,6950,"VASCO NU??ªEZ DE BALBOA 6950, TALCAHUANO",CHILE,RANGE_INTERPOLATED,13942,2021,1339930,1,2021/03/12 00:00:00+00,1899/12/30 00:00:00+00,8,REGION BIO BIO,8110,TALCAHUANO,32,COLISION LATERAL,30,COLISION,1,URBANA,11,CRUCE CON SEMAFORO FUNCIONANDO,10,DESOBEDIENCIA A SEÑALIZACION,62,SEÑALIZACION DESOBEDECER LUZ ROJA DE SEMAFORO,0,VASCO NUÑEZ DE BALBOA,0, ,- VASCO NUÑEZ DE BALBOA,6950, , , , ,1,1,3,BIDIRECCIONAL CON BANDEJON,1,CONCRETO,1,BUENO,1,SECO,1,DESPEJADO,0,0,0,1,1
-8135604.07932191,-4403354.96425538,5186,45609,1350883,-73.0833749,-36.7430747,176,TALCAHUANO,1,19020,2021,1350883,REGION BIO BIO,8110,TALCAHUANO,VASCO NU??ªEZ DE BALBOA, ,7421,"VASCO NU??ªEZ DE BALBOA 7421, TALCAHUANO",CHILE,RANGE_INTERPOLATED,26156,2021,1350883,1,2021/05/20 00:00:00+00,1899/12/30 00:00:00+00,8,REGION BIO BIO,8110,TALCAHUANO,51,CHOQUE FRONTAL,40,CHOQUE,1,URBANA,1,TRAMO DE VIA RECTA,9,PERDIDA CONTROL VEHICULO,95,PERDIDA CONTROL VEHICULO,0,VASCO NUÑEZ DE BALBOA,0, ,- VASCO NUÑEZ DE BALBOA,7421, , , , ,1,1,2,BIDIRECCIONAL,1,CONCRETO,1,BUENO,1,SECO,1,DESPEJADO,0,1,0,1,0
-8135604.07932191,-4403354.96425538,5187,45610,1392130,-73.0833749,-36.7430747,176,TALCAHUANO,1,47271,2021,1392130,REGION BIO BIO,8110,TALCAHUANO,VASCO NU??ªEZ DE BALBOA, ,6866,"VASCO NU??ªEZ DE BALBOA 6866, TALCAHUANO",CHILE,RANGE_INTERPOLATED,64478,2021,1392130,1,2021/10/30 00:00:00+00,1899/12/30 00:00:00+00,8,REGION BIO BIO,8110,TALCAHUANO,51,CHOQUE FRONTAL,40,CHOQUE,1,URBANA,1,TRAMO DE VIA RECTA,9,PERDIDA CONTROL VEHICULO,95,PERDIDA CONTROL VEHICULO,0,VASCO NUÑEZ DE BALBOA,0, ,- VASCO NUÑEZ DE BALBOA,6866, , , , ,1,1,2,BIDIRECCIONAL,1,CONCRETO,1,BUENO,1,SECO,1,DESPEJADO,0,1,0,0,0
-8136875.43696236,-4403346.46241088,5188,45611,1337748,-73.0947957,-36.7430135,176,TALCAHUANO,1,9702,2021,1337748,REGION BIO BIO,8110,TALCAHUANO,JOTABECHE,IQUIQUE,0,"JOTABECHE & IQUIQUE, TALCAHUANO",CHILE,GEOMETRIC_CENTER,13530,2021,1337748,1,2021/03/10 00:00:00+00,1899/12/30 00:00:00+00,8,REGION BIO BIO,8110,TALCAHUANO,32,COLISION LATERAL,30,COLISION,1,URBANA,15,CRUCE CON SEÑAL CEDA EL PASO,10,DESOBEDIENCIA A SEÑALIZACION,64,SEÑALIZACION DESOBEDECER SEÑAL CEDA EL PASO,0,JOTABECHE,0,IQUIQUE,IQUIQUE - JOTABECHE,0, , , , ,1,1,2,BIDIRECCIONAL,1,CONCRETO,1,BUENO,1,SECO,1,DESPEJADO,0,0,0,0,2
-8136878.0307065,-4403318.72032816,5189,45612,1334941,-73.094819,-36.7428138,176,TALCAHUANO,1,7404,2021,1334941,REGION BIO BIO,8110,TALCAHUANO,IQUIQUE, ,199,"IQUIQUE 199, TALCAHUANO",CHILE,RANGE_INTERPOLATED,10406,2021,1334941,1,2021/02/24 00:00:00+00,1899/12/30 00:00:00+00,8,REGION BIO BIO,8110,TALCAHUANO,51,CHOQUE FRONTAL,40,CHOQUE,1,URBANA,1,TRAMO DE VIA RECTA,9,PERDIDA CONTROL VEHICULO,95,PERDIDA CONTROL VEHICULO,0,IQUIQUE,0, ,- IQUIQUE,199, , , , ,1,1,2,BIDIRECCIONAL,1,CONCRETO,1,BUENO,1,SECO,1,DESPEJADO,0,0,0,0,1
-8136199.70538935,-4403290.31151006,5190,45613,1337295,-73.0887255,-36.7426093,176,TALCAHUANO,1,8304,2021,1337295,REGION BIO BIO,8110,TALCAHUANO,MANUEL GAETE,MANUEL BARROS BORGO??ªO,0,"MANUEL GAETE & MANUEL BARROS BORGO??ªO, TALCAHUANO",CHILE,GEOMETRIC_CENTER,11659,2021,1337295,1,2021/03/02 00:00:00+00,1899/12/30 00:00:00+00,8,REGION BIO BIO,8110,TALCAHUANO,32,COLISION LATERAL,30,COLISION,1,URBANA,15,CRUCE CON SEÑAL CEDA EL PASO,10,DESOBEDIENCIA A SEÑALIZACION,64,SEÑALIZACION DESOBEDECER SEÑAL CEDA EL PASO,0,MANUEL GAETE,0,MANUEL BARROS BORGOÑO,MANUEL BARROS BORGOÑO - MANUEL GAETE,0, , , , ,1,1,2,BIDIRECCIONAL,1,CONCRETO,1,BUENO,1,SECO,1,DESPEJADO,0,0,0,0,2
-8138274.99012841,-4403237.50881747,5191,45614,1379535,-73.1073681,-36.7422292,176,TALCAHUANO,1,38967,2021,1379535,REGION BIO BIO,8110,TALCAHUANO,ALTO HORNO, ,515,"ALTO HORNO 515, TALCAHUANO",CHILE,RANGE_INTERPOLATED,53517,2021,1379535,1,2021/09/15 00:00:00+00,1899/12/30 00:00:00+00,8,REGION BIO BIO,8110,TALCAHUANO,63,CHOQUE FRENTE/POSTERIOR,40,CHOQUE,1,URBANA,11,CRUCE CON SEMAFORO FUNCIONANDO,1,IMPRUDENCIA DEL CONDUCTOR,28,CONDUCCION SIN MANTENER DISTANCIA RAZONABLE NI PRUDENTE,0,ALTO HORNO,0, ,- ALTO HORNO,515, , , , ,1,1,2,BIDIRECCIONAL,1,CONCRETO,1,BUENO,1,SECO,1,DESPEJADO,0,0,0,0,2
-8136590.01378797,-4403223.35312823,5192,45615,1408525,-73.0922317,-36.7421273,176,TALCAHUANO,1,59042,2021,1408525,REGION BIO BIO,8110,TALCAHUANO,IQUIQUE, ,3302,"IQUIQUE 3302, TALCAHUANO",CHILE,RANGE_INTERPOLATED,80228,2021,1408525,1,2021/12/29 00:00:00+00,1899/12/30 00:00:00+00,8,REGION BIO BIO,8110,TALCAHUANO,70,VOLCADURA,70,VOLCADURA,1,URBANA,11,CRUCE CON SEMAFORO FUNCIONANDO,9,PERDIDA CONTROL VEHICULO,95,PERDIDA CONTROL VEHICULO,0,IQUIQUE,0, ,- IQUIQUE,3302, , , , ,1,1,2,BIDIRECCIONAL,1,CONCRETO,1,BUENO,1,SECO,1,DESPEJADO,0,0,0,1,0
-8135771.0585581,-4403179.26084666,5193,45616,1343296,-73.0848749,-36.7418099,176,TALCAHUANO,1,13696,2021,1343296,REGION BIO BIO,8110,TALCAHUANO,VASCO ??ªUNEZ DE BALBOA, ,3456,"VASCO ??ªUNEZ DE BALBOA 3456, TALCAHUANO",CHILE,RANGE_INTERPOLATED,18922,2021,1343296,1,2021/04/12 00:00:00+00,1899/12/30 00:00:00+00,8,REGION BIO BIO,8110,TALCAHUANO,32,COLISION LATERAL,30,COLISION,1,URBANA,1,TRAMO DE VIA RECTA,1,IMPRUDENCIA DEL CONDUCTOR,91,VIRAJES INDEBIDOS,0,VASCO ÑUNEZ DE BALBOA,0, ,- VASCO ÑUNEZ DE BALBOA,3456, , , , ,1,1,2,BIDIRECCIONAL,1,CONCRETO,1,BUENO,1,SECO,1,DESPEJADO,0,0,0,1,1
-8138449.33871489,-4403177.35768676,5194,45617,1343355,-73.1089343,-36.7417962,176,TALCAHUANO,1,13398,2021,1343355,REGION BIO BIO,8110,TALCAHUANO,EL PEUMO,LOS SAUCES,0,"EL PEUMO & LOS SAUCES, TALCAHUANO",CHILE,GEOMETRIC_CENTER,18515,2021,1343355,1,2021/04/09 00:00:00+00,1899/12/30 00:00:00+00,8,REGION BIO BIO,8110,TALCAHUANO,32,COLISION LATERAL,30,COLISION,1,URBANA,1,TRAMO DE VIA RECTA,1,IMPRUDENCIA DEL CONDUCTOR,32,NO RESPETAR DERECHO PREFERENTE DE PASO A VEHICULO,0,EL PEUMO,0,LOS SAUCES,EL PEUMO - LOS SAUCES,0, , , , ,1,1,2,BIDIRECCIONAL,1,CONCRETO,1,BUENO,1,SECO,1,DESPEJADO,0,0,0,0,2
-8138093.27219164,-4403173.32910121,5195,45618,1350998,-73.1057357,-36.7417672,176,TALCAHUANO,1,17394,2021,1350998,REGION BIO BIO,8110,TALCAHUANO,CAPITAN ENOS, ,777,"CAPITAN ENOS 777, TALCAHUANO",CHILE,RANGE_INTERPOLATED,23980,2021,1350998,1,2021/05/10 00:00:00+00,1899/12/30 00:00:00+00,8,REGION BIO BIO,8110,TALCAHUANO,67,CHOQUE POSTERIOR/FRENTE,40,CHOQUE,1,URBANA,1,TRAMO DE VIA RECTA,1,IMPRUDENCIA DEL CONDUCTOR,27,CONDUCCION NO ATENTO CONDICIONES TRANSITO MOMENTO,0,CAPITAN ENOS,0, ,- CAPITAN ENOS,777, , , , ,1,1,2,BIDIRECCIONAL,1,CONCRETO,1,BUENO,1,SECO,1,DESPEJADO,0,0,0,0,2
-8136473.78510763,-4403155.70058444,5196,45619,1405535,-73.0911876,-36.7416403,176,TALCAHUANO,1,57034,2021,1405535,REGION BIO BIO,8110,TALCAHUANO,IQUIQUE, ,481,"IQUIQUE 481, TALCAHUANO",CHILE,RANGE_INTERPOLATED,77496,2021,1405535,1,2021/12/19 00:00:00+00,1899/12/30 00:00:00+00,8,REGION BIO BIO,8110,TALCAHUANO,63,CHOQUE FRENTE/POSTERIOR,40,CHOQUE,1,URBANA,1,TRAMO DE VIA RECTA,4,ALCOHOL EN CONDUCTOR,24,CONDUCCION EN ESTADO DE EBRIEDAD,0,IQUIQUE,0, ,- IQUIQUE,481, , , , ,1,1,2,BIDIRECCIONAL,1,CONCRETO,1,BUENO,1,SECO,1,DESPEJADO,0,0,1,0,2
-8138321.95582158,-4403145.93475988,5197,45620,1362354,-73.10779,-36.74157,176,TALCAHUANO,1,27005,2021,1362354,REGION BIO BIO,8110,TALCAHUANO,ALTO HORNO, ,599,"ALTO HORNO 599, TALCAHUANO",CHILE,RANGE_INTERPOLATED,37232,2021,1362354,1,2021/07/09 00:00:00+00,1899/12/30 00:00:00+00,8,REGION BIO BIO,8110,TALCAHUANO,63,CHOQUE FRENTE/POSTERIOR,40,CHOQUE,1,URBANA,11,CRUCE CON SEMAFORO FUNCIONANDO,1,IMPRUDENCIA DEL CONDUCTOR,28,CONDUCCION SIN MANTENER DISTANCIA RAZONABLE NI PRUDENTE,0,ALTO HORNO,0, ,- ALTO HORNO,599, , , , ,1,1,3,BIDIRECCIONAL CON BANDEJON,1,CONCRETO,1,BUENO,1,SECO,1,DESPEJADO,0,0,1,0,1
-8136532.47274318,-4403144.99012868,5198,45621,1402107,-73.0917148,-36.7415632,176,TALCAHUANO,1,53619,2021,1402107,REGION BIO BIO,8110,TALCAHUANO,BOMBERO SEPULVEDA, ,410,"BOMBERO SEPULVEDA 410, TALCAHUANO",CHILE,RANGE_INTERPOLATED,72866,2021,1402107,1,2021/12/01 00:00:00+00,1899/12/30 00:00:00+00,8,REGION BIO BIO,8110,TALCAHUANO,10,ATROPELLO,10,ATROPELLO,1,URBANA,1,TRAMO DE VIA RECTA,1,IMPRUDENCIA DEL CONDUCTOR,31,NO RESPETAR DERECHO PREFERENTE DE PASO A PEATON,0,BOMBERO SEPULVEDA,0, ,- BOMBERO SEPULVEDA,410, , , , ,1,1,2,BIDIRECCIONAL,1,CONCRETO,1,BUENO,1,SECO,1,DESPEJADO,0,0,1,0,1
-8135984.4914178,-4403141.61446197,5199,45622,1335094,-73.0867922,-36.7415389,176,TALCAHUANO,1,6557,2021,1335094,REGION BIO BIO,8110,TALCAHUANO,MANUEL GAETE, ,841,"MANUEL GAETE 841, TALCAHUANO",CHILE,RANGE_INTERPOLATED,9176,2021,1335094,1,2021/02/17 00:00:00+00,1899/12/30 00:00:00+00,8,REGION BIO BIO,8110,TALCAHUANO,70,VOLCADURA,70,VOLCADURA,1,URBANA,1,TRAMO DE VIA RECTA,9,PERDIDA CONTROL VEHICULO,95,PERDIDA CONTROL VEHICULO,0,MANUEL GAETE,0, ,- MANUEL GAETE,841, , , , ,1,1,2,BIDIRECCIONAL,1,CONCRETO,1,BUENO,1,SECO,1,DESPEJADO,0,0,0,1,0
-8139605.1912517,-4403115.28985496,5200,45623,1339885,-73.1193175,-36.7413494,176,TALCAHUANO,1,11459,2021,1339885,REGION BIO BIO,8110,TALCAHUANO,GRAN BRETA??ªA, ,1725,"GRAN BRETA??ªA 1725, TALCAHUANO",CHILE,RANGE_INTERPOLATED,15882,2021,1339885,1,2021/03/23 00:00:00+00,1899/12/30 00:00:00+00,8,REGION BIO BIO,8110,TALCAHUANO,70,VOLCADURA,70,VOLCADURA,1,URBANA,1,TRAMO DE VIA RECTA,9,PERDIDA CONTROL VEHICULO,95,PERDIDA CONTROL VEHICULO,0,GRAN BRETAÑA,0, ,- GRAN BRETAÑA,1725, , , , ,1,1,3,BIDIRECCIONAL CON BANDEJON,1,CONCRETO,1,BUENO,1,SECO,1,DESPEJADO,0,0,0,1,0
-8139605.1912517,-4403115.28985496,5201,45624,1343218,-73.1193175,-36.7413494,176,TALCAHUANO,1,13212,2021,1343218,REGION BIO BIO,8110,TALCAHUANO,GRAN BRETA??ªA, ,1725,"GRAN BRETA??ªA 1725, TALCAHUANO",CHILE,RANGE_INTERPOLATED,18258,2021,1343218,1,2021/04/08 00:00:00+00,1899/12/30 00:00:00+00,8,REGION BIO BIO,8110,TALCAHUANO,63,CHOQUE FRENTE/POSTERIOR,40,CHOQUE,1,URBANA,1,TRAMO DE VIA RECTA,1,IMPRUDENCIA DEL CONDUCTOR,28,CONDUCCION SIN MANTENER DISTANCIA RAZONABLE NI PRUDENTE,0,GRAN BRETAÑA,0, ,- GRAN BRETAÑA,1725, , , , ,1,1,3,BIDIRECCIONAL CON BANDEJON,1,CONCRETO,1,BUENO,1,SECO,1,DESPEJADO,0,0,0,1,2
-8136286.57911996,-4403095.77218038,5202,45625,1408584,-73.0895059,-36.7412089,176,TALCAHUANO,0,59045,2021,1408584,REGION BIO BIO,8101,CONCEPCION,IQUIQUE,MANUEL BARRIOS,0,"IQUIQUE & MANUEL BARRIOS, CONCEPCION",CHILE,GEOMETRIC_CENTER,80232,2021,1408584,1,2021/12/29 00:00:00+00,1899/12/30 00:00:00+00,8,REGION BIO BIO,8101,CONCEPCION,30,COLISION,30,COLISION,1,URBANA,1,TRAMO DE VIA RECTA,13,CAUSAS NO DETERMINADAS,97,CAUSAS NO DETERMINADAS,0,IQUIQUE,0,MANUEL BARRIOS,IQUIQUE - MANUEL BARRIOS,0, , , , ,2,0,1,UNIDIRECCIONAL,1,CONCRETO,1,BUENO,1,SECO,1,DESPEJADO,0,0,0,1,1
-8137159.44637922,-4403095.04981874,5203,45626,1324543,-73.097347,-36.7412037,176,TALCAHUANO,1,923,2021,1324543,REGION BIO BIO,8110,TALCAHUANO,MANUEL MONTT, ,100,"MANUEL MONTT 100, TALCAHUANO",CHILE,RANGE_INTERPOLATED,1266,2021,1324543,1,2021/01/07 00:00:00+00,1899/12/30 00:00:00+00,8,REGION BIO BIO,8110,TALCAHUANO,10,ATROPELLO,10,ATROPELLO,1,URBANA,26,OTROS NO CONSIDERADOS,1,IMPRUDENCIA DEL CONDUCTOR,31,NO RESPETAR DERECHO PREFERENTE DE PASO A PEATON,0,MANUEL MONTT,0, ,- MANUEL MONTT,100, , , , ,1,1,2,BIDIRECCIONAL,1,CONCRETO,1,BUENO,1,SECO,1,DESPEJADO,0,1,0,0,1
-8136073.49135069,-4403070.86462336,5204,45627,1394612,-73.0875917,-36.7410296,176,TALCAHUANO,1,49199,2021,1394612,REGION BIO BIO,8110,TALCAHUANO,CALLE A, ,909,"CALLE A 909, TALCAHUANO",CHILE,RANGE_INTERPOLATED,67069,2021,1394612,1,2021/11/09 00:00:00+00,1899/12/30 00:00:00+00,8,REGION BIO BIO,8110,TALCAHUANO,67,CHOQUE POSTERIOR/FRENTE,40,CHOQUE,1,URBANA,1,TRAMO DE VIA RECTA,1,IMPRUDENCIA DEL CONDUCTOR,27,CONDUCCION NO ATENTO CONDICIONES TRANSITO MOMENTO,0,CALLE A,0, ,- CALLE A,909, , , , ,1,1,2,BIDIRECCIONAL,1,CONCRETO,1,BUENO,1,SECO,1,DESPEJADO,0,0,0,0,2
-8136073.49135069,-4403070.86462336,5205,45628,1400291,-73.0875917,-36.7410296,176,TALCAHUANO,1,51401,2021,1400291,REGION BIO BIO,8110,TALCAHUANO,CALLE A, ,909,"CALLE A 909, TALCAHUANO",CHILE,RANGE_INTERPOLATED,69917,2021,1400291,1,2021/11/20 00:00:00+00,1899/12/30 00:00:00+00,8,REGION BIO BIO,8110,TALCAHUANO,32,COLISION LATERAL,30,COLISION,1,URBANA,1,TRAMO DE VIA RECTA,1,IMPRUDENCIA DEL CONDUCTOR,29,CONDUCCION CAMBIAR SORPRESIVAMENTE PISTA CIRCULACION,0,CALLE A,0, ,- CALLE A,909, , , , ,1,1,2,BIDIRECCIONAL,1,CONCRETO,1,BUENO,1,SECO,1,DESPEJADO,0,0,0,0,2
-8137692.61108038,-4403066.47489821,5206,45629,1399858,-73.1021365,-36.740998,176,TALCAHUANO,1,52610,2021,1399858,REGION BIO BIO,8110,TALCAHUANO,SAMUEL COLE, ,598,"SAMUEL COLE 598, TALCAHUANO",CHILE,RANGE_INTERPOLATED,71508,2021,1399858,1,2021/11/26 00:00:00+00,1899/12/30 00:00:00+00,8,REGION BIO BIO,8110,TALCAHUANO,67,CHOQUE POSTERIOR/FRENTE,40,CHOQUE,1,URBANA,1,TRAMO DE VIA RECTA,1,IMPRUDENCIA DEL CONDUCTOR,23,CONDUCCION CONTRA SENTIDO DEL TRANSITO,0,SAMUEL COLE,0, ,- SAMUEL COLE,598, , , , ,1,1,2,BIDIRECCIONAL,1,CONCRETO,1,BUENO,1,SECO,1,DESPEJADO,0,0,0,1,1
-8136202.57743221,-4403059.82085624,5207,45630,1372085,-73.0887513,-36.7409501,176,TALCAHUANO,1,32550,2021,1372085,REGION BIO BIO,8110,TALCAHUANO,IQUIQUE,MANUEL BAYON,0,"IQUIQUE & MANUEL BAYON, TALCAHUANO",CHILE,GEOMETRIC_CENTER,44904,2021,1372085,1,2021/08/10 00:00:00+00,1899/12/30 00:00:00+00,8,REGION BIO BIO,8110,TALCAHUANO,32,COLISION LATERAL,30,COLISION,1,URBANA,15,CRUCE CON SEÑAL CEDA EL PASO,10,DESOBEDIENCIA A SEÑALIZACION,64,SEÑALIZACION DESOBEDECER SEÑAL CEDA EL PASO,0,IQUIQUE,0,MANUEL BAYON,IQUIQUE - MANUEL BAYON,0, , , , ,1,1,2,BIDIRECCIONAL,1,CONCRETO,1,BUENO,1,SECO,1,DESPEJADO,0,0,0,1,1
-8137156.1290584,-4403058.15387352,5208,45631,1327991,-73.0973172,-36.7409381,176,TALCAHUANO,1,1363,2021,1327991,REGION BIO BIO,8110,TALCAHUANO,ERRAZURIZ,MANUEL MONTT,0,"ERRAZURIZ & MANUEL MONTT, TALCAHUANO",CHILE,GEOMETRIC_CENTER,1856,2021,1327991,1,2021/01/10 00:00:00+00,1899/12/30 00:00:00+00,8,REGION BIO BIO,8110,TALCAHUANO,32,COLISION LATERAL,30,COLISION,1,URBANA,15,CRUCE CON SEÑAL CEDA EL PASO,4,ALCOHOL EN CONDUCTOR,24,CONDUCCION EN ESTADO DE EBRIEDAD,0,ERRAZURIZ,0,MANUEL MONTT,ERRAZURIZ - MANUEL MONTT,0, , , , ,1,1,2,BIDIRECCIONAL,1,CONCRETO,1,BUENO,1,SECO,1,DESPEJADO,0,0,0,4,1