X,Y,FID,FID_1,LABELID,POINT_X,POINT_Y,FID_2,COMUNAREAL,VAL_COM,OBJECTID,A_O,IDACCIDENT,REGION,COD_COMUN,COMUNA,CALLE_UNO,CALLE_DOS,NUMERO,DIR_GEOCOD,PAIS,TIPO,OBJECTID_1,Año,Idaccide_1,Claseaccid,Fecha,Hora,Cód_Regi,Región,Cód_Comun,Comuna_1,Cód_Tipo_,Tipo_Accid,Cód_Tipo1,Tipo__CONA,Cód_Zona,Zona,Cód_Ubica,Ubicación,Cód_Causa,Causa__CON,Cód_Cau_1,Causa,Cód_Calle,Calle_Un_1,Cód_Cal_1,Calle_Do_1,Intersecci,Número,Ruta,Cód_Ruta,Ubicaci_1,Km_Vía_Fe,Pistas_de_,Pistas_de1,Cód_Calza,Calzada,Cód__Tipo,Tipo_Calza,Cód_Estad,Estado_Cal,Cód_Condi,Condición,Cód_Est_1,Estado_Atm,Fallecidos,Graves,Menos_Grav,Leves,Ilesos
-8137577.38427546,-4403056.58413169,5209,45632,1342280,-73.1011014,-36.7409268,176,TALCAHUANO,1,13052,2021,1342280,REGION BIO BIO,8110,TALCAHUANO,GERMAN RIESCO, ,3130,"GERMAN RIESCO 3130, TALCAHUANO",CHILE,RANGE_INTERPOLATED,18015,2021,1342280,1,2021/04/06 00:00:00+00,1899/12/30 00:00:00+00,8,REGION BIO BIO,8110,TALCAHUANO,32,COLISION LATERAL,30,COLISION,1,URBANA,1,TRAMO DE VIA RECTA,1,IMPRUDENCIA DEL CONDUCTOR,27,CONDUCCION NO ATENTO CONDICIONES TRANSITO MOMENTO,0,GERMAN RIESCO,0, ,- GERMAN RIESCO,3130, , , , ,1,1,2,BIDIRECCIONAL,1,CONCRETO,1,BUENO,1,SECO,1,DESPEJADO,0,0,0,0,2
-8136243.35376169,-4403023.20286244,5210,45633,1329107,-73.0891176,-36.7406865,176,TALCAHUANO,1,4256,2021,1329107,REGION BIO BIO,8110,TALCAHUANO,MANUEL BAYON, ,3283,"MANUEL BAYON 3283, TALCAHUANO",CHILE,RANGE_INTERPOLATED,5975,2021,1329107,1,2021/01/31 00:00:00+00,1899/12/30 00:00:00+00,8,REGION BIO BIO,8110,TALCAHUANO,51,CHOQUE FRONTAL,40,CHOQUE,1,URBANA,1,TRAMO DE VIA RECTA,4,ALCOHOL EN CONDUCTOR,24,CONDUCCION EN ESTADO DE EBRIEDAD,0,MANUEL BAYON,0, ,- MANUEL BAYON,3283, , , , ,1,1,2,BIDIRECCIONAL,1,CONCRETO,1,BUENO,1,SECO,1,DESPEJADO,0,0,0,0,1
-8138442.69294129,-4403012.89539219,5211,45634,1370339,-73.1088746,-36.7406123,176,TALCAHUANO,1,31663,2021,1370339,REGION BIO BIO,8110,TALCAHUANO,MATTA, ,392,"MATTA 392, TALCAHUANO",CHILE,RANGE_INTERPOLATED,43702,2021,1370339,1,2021/08/05 00:00:00+00,1899/12/30 00:00:00+00,8,REGION BIO BIO,8110,TALCAHUANO,63,CHOQUE FRENTE/POSTERIOR,40,CHOQUE,1,URBANA,1,TRAMO DE VIA RECTA,1,IMPRUDENCIA DEL CONDUCTOR,28,CONDUCCION SIN MANTENER DISTANCIA RAZONABLE NI PRUDENTE,0,MATTA,0, ,- MATTA,392, , , , ,1,1,2,BIDIRECCIONAL,1,CONCRETO,1,BUENO,1,SECO,1,DESPEJADO,0,0,0,0,2
-8138443.69481671,-4403010.3949292,5212,45635,1350940,-73.1088836,-36.7405943,176,TALCAHUANO,1,16351,2021,1350940,REGION BIO BIO,8110,TALCAHUANO,ALTO HORNO, ,777,"ALTO HORNO 777, TALCAHUANO",CHILE,RANGE_INTERPOLATED,22562,2021,1350940,1,2021/05/03 00:00:00+00,1899/12/30 00:00:00+00,8,REGION BIO BIO,8110,TALCAHUANO,67,CHOQUE POSTERIOR/FRENTE,40,CHOQUE,1,URBANA,1,TRAMO DE VIA RECTA,1,IMPRUDENCIA DEL CONDUCTOR,27,CONDUCCION NO ATENTO CONDICIONES TRANSITO MOMENTO,0,ALTO HORNO,0, ,- ALTO HORNO,777, , , , ,1,1,2,BIDIRECCIONAL,1,CONCRETO,1,BUENO,1,SECO,1,DESPEJADO,0,0,0,0,2
-8138443.69481671,-4403010.3949292,5213,45636,1353020,-73.1088836,-36.7405943,176,TALCAHUANO,1,17750,2021,1353020,REGION BIO BIO,8110,TALCAHUANO,ALTO HORNO, ,777,"ALTO HORNO 777, TALCAHUANO",CHILE,RANGE_INTERPOLATED,24434,2021,1353020,1,2021/05/12 00:00:00+00,1899/12/30 00:00:00+00,8,REGION BIO BIO,8110,TALCAHUANO,10,ATROPELLO,10,ATROPELLO,1,URBANA,1,TRAMO DE VIA RECTA,1,IMPRUDENCIA DEL CONDUCTOR,31,NO RESPETAR DERECHO PREFERENTE DE PASO A PEATON,0,ALTO HORNO,0, ,- ALTO HORNO,777, , , , ,1,1,3,BIDIRECCIONAL CON BANDEJON,1,CONCRETO,1,BUENO,1,SECO,1,DESPEJADO,0,0,0,1,1
-8138443.69481671,-4403010.3949292,5214,45637,1375644,-73.1088836,-36.7405943,176,TALCAHUANO,1,36141,2021,1375644,REGION BIO BIO,8110,TALCAHUANO,ALTO HORNO, ,777,"ALTO HORNO 777, TALCAHUANO",CHILE,RANGE_INTERPOLATED,49757,2021,1375644,1,2021/08/30 00:00:00+00,1899/12/30 00:00:00+00,8,REGION BIO BIO,8110,TALCAHUANO,63,CHOQUE FRENTE/POSTERIOR,40,CHOQUE,1,URBANA,1,TRAMO DE VIA RECTA,1,IMPRUDENCIA DEL CONDUCTOR,28,CONDUCCION SIN MANTENER DISTANCIA RAZONABLE NI PRUDENTE,0,ALTO HORNO,0, ,- ALTO HORNO,777, , , , ,1,1,2,BIDIRECCIONAL,1,CONCRETO,1,BUENO,1,SECO,1,DESPEJADO,0,0,0,0,2
-8138443.69481671,-4403010.3949292,5215,45638,1391882,-73.1088836,-36.7405943,176,TALCAHUANO,1,44312,2021,1391882,REGION BIO BIO,8110,TALCAHUANO,ALTO HORNO, ,777,"ALTO HORNO 777, TALCAHUANO",CHILE,RANGE_INTERPOLATED,60591,2021,1391882,1,2021/10/14 00:00:00+00,1899/12/30 00:00:00+00,8,REGION BIO BIO,8110,TALCAHUANO,10,ATROPELLO,10,ATROPELLO,1,URBANA,1,TRAMO DE VIA RECTA,10,DESOBEDIENCIA A SEÑALIZACION,62,SEÑALIZACION DESOBEDECER LUZ ROJA DE SEMAFORO,0,ALTO HORNO,0, ,- ALTO HORNO,777, , , , ,1,1,3,BIDIRECCIONAL CON BANDEJON,1,CONCRETO,1,BUENO,1,SECO,1,DESPEJADO,0,1,0,0,1
-8138443.69481671,-4403010.3949292,5216,45639,1401985,-73.1088836,-36.7405943,176,TALCAHUANO,1,54613,2021,1401985,REGION BIO BIO,8110,TALCAHUANO,ALTO HORNO, ,777,"ALTO HORNO 777, TALCAHUANO",CHILE,RANGE_INTERPOLATED,74224,2021,1401985,1,2021/12/06 00:00:00+00,1899/12/30 00:00:00+00,8,REGION BIO BIO,8110,TALCAHUANO,32,COLISION LATERAL,30,COLISION,1,URBANA,1,TRAMO DE VIA RECTA,1,IMPRUDENCIA DEL CONDUCTOR,32,NO RESPETAR DERECHO PREFERENTE DE PASO A VEHICULO,0,ALTO HORNO,0, ,- ALTO HORNO,777, , , , ,1,1,2,BIDIRECCIONAL,1,CONCRETO,1,BUENO,1,SECO,1,DESPEJADO,0,0,0,0,2
-8138443.69481671,-4403010.3949292,5217,45640,1409321,-73.1088836,-36.7405943,176,TALCAHUANO,1,58671,2021,1409321,REGION BIO BIO,8110,TALCAHUANO,ALTO HORNO, ,777,"ALTO HORNO 777, TALCAHUANO",CHILE,RANGE_INTERPOLATED,79735,2021,1409321,1,2021/12/27 00:00:00+00,1899/12/30 00:00:00+00,8,REGION BIO BIO,8110,TALCAHUANO,68,CHOQUE POSTERIOR/LADO,40,CHOQUE,1,URBANA,1,TRAMO DE VIA RECTA,1,IMPRUDENCIA DEL CONDUCTOR,27,CONDUCCION NO ATENTO CONDICIONES TRANSITO MOMENTO,0,ALTO HORNO,0, ,- ALTO HORNO,777, , , , ,1,1,2,BIDIRECCIONAL,1,CONCRETO,1,BUENO,1,SECO,1,DESPEJADO,0,0,0,0,2
-8137027.42146314,-4403003.07413262,5218,45641,1350852,-73.096161,-36.7405416,176,TALCAHUANO,1,18470,2021,1350852,REGION BIO BIO,8110,TALCAHUANO,MANUEL MONTT, ,3154,"MANUEL MONTT 3154, TALCAHUANO",CHILE,RANGE_INTERPOLATED,25411,2021,1350852,1,2021/05/17 00:00:00+00,1899/12/30 00:00:00+00,8,REGION BIO BIO,8110,TALCAHUANO,10,ATROPELLO,10,ATROPELLO,1,URBANA,1,TRAMO DE VIA RECTA,1,IMPRUDENCIA DEL CONDUCTOR,31,NO RESPETAR DERECHO PREFERENTE DE PASO A PEATON,0,MANUEL MONTT,0, ,- MANUEL MONTT,3154, , , , ,1,1,2,BIDIRECCIONAL,1,CONCRETO,1,BUENO,1,SECO,1,DESPEJADO,0,1,0,0,1
-8137027.42146314,-4403003.07413262,5219,45642,1360994,-73.096161,-36.7405416,176,TALCAHUANO,1,25745,2021,1360994,REGION BIO BIO,8110,TALCAHUANO,JOTABECHE,MANUEL MONTT,0,"JOTABECHE & MANUEL MONTT, TALCAHUANO",CHILE,GEOMETRIC_CENTER,35534,2021,1360994,1,2021/07/02 00:00:00+00,1899/12/30 00:00:00+00,8,REGION BIO BIO,8110,TALCAHUANO,32,COLISION LATERAL,30,COLISION,1,URBANA,16,CRUCE SIN SEÑALIZACION,1,IMPRUDENCIA DEL CONDUCTOR,32,NO RESPETAR DERECHO PREFERENTE DE PASO A VEHICULO,0,JOTABECHE,0,MANUEL MONTT,JOTABECHE - MANUEL MONTT,0, , , , ,1,1,2,BIDIRECCIONAL,1,CONCRETO,1,BUENO,1,SECO,1,DESPEJADO,0,0,0,1,1
-8136146.98447851,-4403000.94874101,5220,45643,1344727,-73.0882519,-36.7405263,176,TALCAHUANO,1,14280,2021,1344727,REGION BIO BIO,8110,TALCAHUANO,VICTOR GREGORIO,IQUIQUE,0,"VICTOR GREGORIO & IQUIQUE, TALCAHUANO",CHILE,GEOMETRIC_CENTER,19690,2021,1344727,1,2021/04/16 00:00:00+00,1899/12/30 00:00:00+00,8,REGION BIO BIO,8110,TALCAHUANO,32,COLISION LATERAL,30,COLISION,1,URBANA,15,CRUCE CON SEÑAL CEDA EL PASO,10,DESOBEDIENCIA A SEÑALIZACION,64,SEÑALIZACION DESOBEDECER SEÑAL CEDA EL PASO,0,VICTOR GREGORIO,0,IQUIQUE,IQUIQUE - VICTOR GREGORIO,0, , , , ,1,1,2,BIDIRECCIONAL,1,CONCRETO,1,BUENO,1,SECO,1,DESPEJADO,0,0,0,0,2
-8137702.96379302,-4402996.36456446,5221,45644,1353320,-73.1022295,-36.7404933,176,TALCAHUANO,1,19499,2021,1353320,REGION BIO BIO,8110,TALCAHUANO,CARLOS DITTBORN, ,621,"CARLOS DITTBORN 621, TALCAHUANO",CHILE,RANGE_INTERPOLATED,26846,2021,1353320,1,2021/05/24 00:00:00+00,1899/12/30 00:00:00+00,8,REGION BIO BIO,8110,TALCAHUANO,10,ATROPELLO,10,ATROPELLO,1,URBANA,16,CRUCE SIN SEÑALIZACION,1,IMPRUDENCIA DEL CONDUCTOR,31,NO RESPETAR DERECHO PREFERENTE DE PASO A PEATON,0,CARLOS DITTBORN,0, ,- CARLOS DITTBORN,621, , , , ,1,1,2,BIDIRECCIONAL,1,CONCRETO,1,BUENO,1,SECO,1,DESPEJADO,0,1,0,0,1
-8135948.2235277,-4402978.26403207,5222,45645,1345320,-73.0864664,-36.740363,176,TALCAHUANO,1,14874,2021,1345320,REGION BIO BIO,8110,TALCAHUANO,VASCO NU??ªEZ DE BALBOA, ,7,"VASCO NU??ªEZ DE BALBOA 7, TALCAHUANO",CHILE,RANGE_INTERPOLATED,20515,2021,1345320,1,2021/04/21 00:00:00+00,1899/12/30 00:00:00+00,8,REGION BIO BIO,8110,TALCAHUANO,99,OTRO TIPO,99,OTRO TIPO,1,URBANA,1,TRAMO DE VIA RECTA,14,OTRAS CAUSAS,98,OTRAS CAUSAS,0,VASCO NUÑEZ DE BALBOA,0, ,- VASCO NUÑEZ DE BALBOA,7, , , , ,1,1,2,BIDIRECCIONAL,1,CONCRETO,1,BUENO,1,SECO,1,DESPEJADO,0,0,0,0,2
-8138409.04105923,-4402928.93572256,5223,45646,1324651,-73.1085723,-36.7400079,176,TALCAHUANO,1,1398,2021,1324651,REGION BIO BIO,8110,TALCAHUANO,ALTO HORNO, ,802,"ALTO HORNO 802, TALCAHUANO",CHILE,RANGE_INTERPOLATED,1916,2021,1324651,1,2021/01/10 00:00:00+00,1899/12/30 00:00:00+00,8,REGION BIO BIO,8110,TALCAHUANO,70,VOLCADURA,70,VOLCADURA,1,URBANA,1,TRAMO DE VIA RECTA,9,PERDIDA CONTROL VEHICULO,95,PERDIDA CONTROL VEHICULO,0,ALTO HORNO,0, ,- ALTO HORNO,802, , , , ,1,1,3,BIDIRECCIONAL CON BANDEJON,1,CONCRETO,1,BUENO,1,SECO,1,DESPEJADO,0,0,0,1,1
-8137986.08265396,-4402909.02943193,5224,45647,1359898,-73.1047728,-36.7398646,176,TALCAHUANO,1,24111,2021,1359898,REGION BIO BIO,8110,TALCAHUANO,SUNICO, ,698,"SUNICO 698, TALCAHUANO",CHILE,RANGE_INTERPOLATED,33247,2021,1359898,1,2021/06/22 00:00:00+00,1899/12/30 00:00:00+00,8,REGION BIO BIO,8110,TALCAHUANO,32,COLISION LATERAL,30,COLISION,1,URBANA,1,TRAMO DE VIA RECTA,1,IMPRUDENCIA DEL CONDUCTOR,32,NO RESPETAR DERECHO PREFERENTE DE PASO A VEHICULO,0,SUNICO,0, ,- SUNICO,698, , , , ,1,1,2,BIDIRECCIONAL,1,CONCRETO,1,BUENO,1,SECO,1,DESPEJADO,0,0,0,0,2
-8136792.35922638,-4402901.5142265,5225,45648,1365935,-73.0940494,-36.7398105,176,TALCAHUANO,1,28254,2021,1365935,REGION BIO BIO,8110,TALCAHUANO,MANUEL MONTT, ,766,"MANUEL MONTT 766, TALCAHUANO",CHILE,RANGE_INTERPOLATED,39028,2021,1365935,1,2021/07/17 00:00:00+00,1899/12/30 00:00:00+00,8,REGION BIO BIO,8110,TALCAHUANO,32,COLISION LATERAL,30,COLISION,1,URBANA,1,TRAMO DE VIA RECTA,1,IMPRUDENCIA DEL CONDUCTOR,29,CONDUCCION CAMBIAR SORPRESIVAMENTE PISTA CIRCULACION,0,MANUEL MONTT,0, ,- MANUEL MONTT,766, , , , ,1,1,2,BIDIRECCIONAL,1,CONCRETO,1,BUENO,1,SECO,1,DESPEJADO,0,0,0,0,2
-8139357.8950029,-4402897.9580498,5226,45649,1391891,-73.117096,-36.7397849,176,TALCAHUANO,1,44448,2021,1391891,REGION BIO BIO,8110,TALCAHUANO,GRAN BRETA??ªA, ,1325,"GRAN BRETA??ªA 1325, TALCAHUANO",CHILE,RANGE_INTERPOLATED,60766,2021,1391891,1,2021/10/15 00:00:00+00,1899/12/30 00:00:00+00,8,REGION BIO BIO,8110,TALCAHUANO,10,ATROPELLO,10,ATROPELLO,1,URBANA,1,TRAMO DE VIA RECTA,1,IMPRUDENCIA DEL CONDUCTOR,32,NO RESPETAR DERECHO PREFERENTE DE PASO A VEHICULO,0,GRAN BRETAÑA,0, ,- GRAN BRETAÑA,1325, , , , ,1,1,2,BIDIRECCIONAL,1,CONCRETO,1,BUENO,1,SECO,1,DESPEJADO,0,1,0,0,1
-8138194.25010174,-4402877.92679543,5227,45650,1337284,-73.1066428,-36.7396407,176,TALCAHUANO,1,8670,2021,1337284,REGION BIO BIO,8110,TALCAHUANO,GUAYANA, ,801,"GUAYANA 801, TALCAHUANO",CHILE,RANGE_INTERPOLATED,12143,2021,1337284,1,2021/03/04 00:00:00+00,1899/12/30 00:00:00+00,8,REGION BIO BIO,8110,TALCAHUANO,67,CHOQUE POSTERIOR/FRENTE,40,CHOQUE,1,URBANA,1,TRAMO DE VIA RECTA,1,IMPRUDENCIA DEL CONDUCTOR,27,CONDUCCION NO ATENTO CONDICIONES TRANSITO MOMENTO,0,GUAYANA,0, ,- GUAYANA,801, , , , ,1,1,2,BIDIRECCIONAL,1,CONCRETO,1,BUENO,1,SECO,1,DESPEJADO,0,0,0,1,1
-8137512.55180402,-4402857.75666607,5228,45651,1366125,-73.100519,-36.7394955,176,TALCAHUANO,1,28055,2021,1366125,REGION BIO BIO,8110,TALCAHUANO,CRISTOBAL COLON, ,3030,"CRISTOBAL COLON 3030, TALCAHUANO",CHILE,RANGE_INTERPOLATED,38749,2021,1366125,1,2021/07/16 00:00:00+00,1899/12/30 00:00:00+00,8,REGION BIO BIO,8110,TALCAHUANO,53,CHOQUE POSTERIOR,40,CHOQUE,1,URBANA,11,CRUCE CON SEMAFORO FUNCIONANDO,1,IMPRUDENCIA DEL CONDUCTOR,28,CONDUCCION SIN MANTENER DISTANCIA RAZONABLE NI PRUDENTE,0,CRISTOBAL COLON,0, ,- CRISTOBAL COLON,3030, , , , ,2,2,2,BIDIRECCIONAL,1,CONCRETO,1,BUENO,1,SECO,2,NUBLADO,0,0,0,0,2
-8137512.55180402,-4402857.75666607,5229,45652,1367512,-73.100519,-36.7394955,176,TALCAHUANO,1,28247,2021,1367512,REGION BIO BIO,8110,TALCAHUANO,CRISTOBAL COLON, ,3030,"CRISTOBAL COLON 3030, TALCAHUANO",CHILE,RANGE_INTERPOLATED,39016,2021,1367512,1,2021/07/17 00:00:00+00,1899/12/30 00:00:00+00,8,REGION BIO BIO,8110,TALCAHUANO,63,CHOQUE FRENTE/POSTERIOR,40,CHOQUE,1,URBANA,1,TRAMO DE VIA RECTA,1,IMPRUDENCIA DEL CONDUCTOR,28,CONDUCCION SIN MANTENER DISTANCIA RAZONABLE NI PRUDENTE,0,CRISTOBAL COLON,0, ,- CRISTOBAL COLON,3030, , , , ,1,1,3,BIDIRECCIONAL CON BANDEJON,1,CONCRETO,1,BUENO,1,SECO,1,DESPEJADO,0,0,0,1,1
-8136759.55337245,-4402856.36754011,5230,45653,1346297,-73.0937547,-36.7394855,176,TALCAHUANO,1,14912,2021,1346297,REGION BIO BIO,8110,TALCAHUANO,MANUEL BAYON, ,496,"MANUEL BAYON 496, TALCAHUANO",CHILE,RANGE_INTERPOLATED,20564,2021,1346297,1,2021/04/22 00:00:00+00,1899/12/30 00:00:00+00,8,REGION BIO BIO,8110,TALCAHUANO,51,CHOQUE FRONTAL,40,CHOQUE,1,URBANA,1,TRAMO DE VIA RECTA,4,ALCOHOL EN CONDUCTOR,24,CONDUCCION EN ESTADO DE EBRIEDAD,0,MANUEL BAYON,0, ,- MANUEL BAYON,496, , , , ,1,1,2,BIDIRECCIONAL,1,CONCRETO,1,BUENO,1,SECO,1,DESPEJADO,0,0,0,2,0
-8139363.08249117,-4402849.94978052,5231,45654,1350927,-73.1171426,-36.7394393,176,TALCAHUANO,1,18920,2021,1350927,REGION BIO BIO,8110,TALCAHUANO,GRAN BRETA??ªA, ,1200,"GRAN BRETA??ªA 1200, TALCAHUANO",CHILE,RANGE_INTERPOLATED,26013,2021,1350927,1,2021/05/19 00:00:00+00,1899/12/30 00:00:00+00,8,REGION BIO BIO,8110,TALCAHUANO,20,CAIDA,20,CAIDA,1,URBANA,1,TRAMO DE VIA RECTA,1,IMPRUDENCIA DEL CONDUCTOR,27,CONDUCCION NO ATENTO CONDICIONES TRANSITO MOMENTO,0,GRAN BRETAÑA,0, ,- GRAN BRETAÑA,1200, , , , ,1,1,3,BIDIRECCIONAL CON BANDEJON,1,CONCRETO,1,BUENO,1,SECO,1,DESPEJADO,0,0,0,1,1
-8138352.82471638,-4402811.9156049,5232,45655,1406379,-73.1080673,-36.7391655,176,TALCAHUANO,1,57483,2021,1406379,REGION BIO BIO,8110,TALCAHUANO,MEXICO, ,902,"MEXICO 902, TALCAHUANO",CHILE,RANGE_INTERPOLATED,78058,2021,1406379,1,2021/12/21 00:00:00+00,1899/12/30 00:00:00+00,8,REGION BIO BIO,8110,TALCAHUANO,32,COLISION LATERAL,30,COLISION,1,URBANA,1,TRAMO DE VIA RECTA,1,IMPRUDENCIA DEL CONDUCTOR,32,NO RESPETAR DERECHO PREFERENTE DE PASO A VEHICULO,0,MEXICO,0, ,- MEXICO,902, , , , ,1,1,2,BIDIRECCIONAL,1,CONCRETO,1,BUENO,1,SECO,1,DESPEJADO,0,0,0,0,2
-8136732.23556941,-4402800.13587313,5233,45656,1340277,-73.0935093,-36.7390807,176,TALCAHUANO,1,12017,2021,1340277,REGION BIO BIO,8110,TALCAHUANO,MERINO JARPA,VENECIA,0,"MERINO JARPA & VENECIA, TALCAHUANO",CHILE,GEOMETRIC_CENTER,16622,2021,1340277,1,2021/03/27 00:00:00+00,1899/12/30 00:00:00+00,8,REGION BIO BIO,8110,TALCAHUANO,32,COLISION LATERAL,30,COLISION,1,URBANA,15,CRUCE CON SEÑAL CEDA EL PASO,10,DESOBEDIENCIA A SEÑALIZACION,64,SEÑALIZACION DESOBEDECER SEÑAL CEDA EL PASO,0,MERINO JARPA,0,VENECIA,MERINO JARPA - VENECIA,0, , , , ,1,1,2,BIDIRECCIONAL,1,CONCRETO,1,BUENO,1,SECO,1,DESPEJADO,0,0,0,0,2
-8139732.54074917,-4402789.78694499,5234,45657,1362454,-73.1204615,-36.7390062,176,TALCAHUANO,1,27107,2021,1362454,REGION BIO BIO,8110,TALCAHUANO,JUAN ANTONIO RIOS, ,1315,"JUAN ANTONIO RIOS 1315, TALCAHUANO",CHILE,RANGE_INTERPOLATED,37373,2021,1362454,1,2021/07/10 00:00:00+00,1899/12/30 00:00:00+00,8,REGION BIO BIO,8110,TALCAHUANO,33,COLISION POR ALCANCE,30,COLISION,1,URBANA,1,TRAMO DE VIA RECTA,1,IMPRUDENCIA DEL CONDUCTOR,28,CONDUCCION SIN MANTENER DISTANCIA RAZONABLE NI PRUDENTE,0,JUAN ANTONIO RIOS,0, ,- JUAN ANTONIO RIOS,1315, , , , ,1,1,2,BIDIRECCIONAL,1,CONCRETO,1,BUENO,1,SECO,1,DESPEJADO,0,0,0,0,2
-8139732.54074917,-4402789.78694499,5235,45658,1379513,-73.1204615,-36.7390062,176,TALCAHUANO,1,39070,2021,1379513,REGION BIO BIO,8110,TALCAHUANO,JUAN ANTONIO RIOS, ,1315,"JUAN ANTONIO RIOS 1315, TALCAHUANO",CHILE,RANGE_INTERPOLATED,53651,2021,1379513,1,2021/09/15 00:00:00+00,1899/12/30 00:00:00+00,8,REGION BIO BIO,8110,TALCAHUANO,63,CHOQUE FRENTE/POSTERIOR,40,CHOQUE,1,URBANA,15,CRUCE CON SEÑAL CEDA EL PASO,1,IMPRUDENCIA DEL CONDUCTOR,28,CONDUCCION SIN MANTENER DISTANCIA RAZONABLE NI PRUDENTE,0,JUAN ANTONIO RIOS,0, ,- JUAN ANTONIO RIOS,1315, , , , ,1,1,2,BIDIRECCIONAL,1,CONCRETO,1,BUENO,1,SECO,1,DESPEJADO,0,0,0,2,2
-8139732.54074917,-4402789.78694499,5236,45659,1380177,-73.1204615,-36.7390062,176,TALCAHUANO,1,39245,2021,1380177,REGION BIO BIO,8110,TALCAHUANO,JUAN ANTONIO RIOS, ,1315,"JUAN ANTONIO RIOS 1315, TALCAHUANO",CHILE,RANGE_INTERPOLATED,53894,2021,1380177,1,2021/09/16 00:00:00+00,1899/12/30 00:00:00+00,8,REGION BIO BIO,8110,TALCAHUANO,70,VOLCADURA,70,VOLCADURA,1,URBANA,1,TRAMO DE VIA RECTA,9,PERDIDA CONTROL VEHICULO,95,PERDIDA CONTROL VEHICULO,0,JUAN ANTONIO RIOS,0, ,- JUAN ANTONIO RIOS,1315, , , , ,1,1,2,BIDIRECCIONAL,1,CONCRETO,1,BUENO,1,SECO,1,DESPEJADO,0,0,0,1,0
-8138560.71386543,-4402779.59082964,5237,45660,1407930,-73.1099348,-36.7389328,176,TALCAHUANO,1,57996,2021,1407930,REGION BIO BIO,8110,TALCAHUANO,ALTO HORNO, ,1315,"ALTO HORNO 1315, TALCAHUANO",CHILE,RANGE_INTERPOLATED,78759,2021,1407930,1,2021/12/23 00:00:00+00,1899/12/30 00:00:00+00,8,REGION BIO BIO,8110,TALCAHUANO,33,COLISION POR ALCANCE,30,COLISION,1,URBANA,1,TRAMO DE VIA RECTA,1,IMPRUDENCIA DEL CONDUCTOR,11,ADELANTAMIENTO SIN EL ESPACIO O TIEMPO SUFICIENTE,0,ALTO HORNO,0, ,- ALTO HORNO,1315, , , , ,1,1,2,BIDIRECCIONAL,1,CONCRETO,1,BUENO,1,SECO,1,DESPEJADO,0,0,0,0,2
-8138516.13040937,-4402740.68176515,5238,45661,1353250,-73.1095343,-36.7386527,176,TALCAHUANO,1,20100,2021,1353250,REGION BIO BIO,8110,TALCAHUANO,ALTO HORNO, ,4291,"ALTO HORNO 4291, TALCAHUANO",CHILE,RANGE_INTERPOLATED,27679,2021,1353250,1,2021/05/27 00:00:00+00,1899/12/30 00:00:00+00,8,REGION BIO BIO,8110,TALCAHUANO,63,CHOQUE FRENTE/POSTERIOR,40,CHOQUE,1,URBANA,1,TRAMO DE VIA RECTA,8,DROGAS Y/O FATIGA EN CONDUCTOR,25,"CONDICIONES FISICAS DEFICIENTES (CANSANCIO, SUEÑO)",0,ALTO HORNO,0, ,- ALTO HORNO,4291, , , , ,1,1,2,BIDIRECCIONAL,1,CONCRETO,1,BUENO,1,SECO,1,DESPEJADO,0,0,0,0,2
-8137558.34864253,-4402706.34300147,5239,45662,1334945,-73.1009304,-36.7384055,176,TALCAHUANO,1,7561,2021,1334945,REGION BIO BIO,8110,TALCAHUANO,GOMEZ CARRE??ªO,ALMIRANTE NEFF,0,"GOMEZ CARRE??ªO & ALMIRANTE NEFF, TALCAHUANO",CHILE,GEOMETRIC_CENTER,10621,2021,1334945,1,2021/02/25 00:00:00+00,1899/12/30 00:00:00+00,8,REGION BIO BIO,8110,TALCAHUANO,61,CHOQUE FRENTE/FRENTE,40,CHOQUE,1,URBANA,1,TRAMO DE VIA RECTA,1,IMPRUDENCIA DEL CONDUCTOR,91,VIRAJES INDEBIDOS,0,GOMEZ CARREÑO,0,ALMIRANTE NEFF,ALMIRANTE NEFF - GOMEZ CARREÑO,0, , , , ,1,1,2,BIDIRECCIONAL,1,CONCRETO,1,BUENO,1,SECO,1,DESPEJADO,0,0,0,0,2
-8137558.34864253,-4402706.34300147,5240,45663,1406056,-73.1009304,-36.7384055,176,TALCAHUANO,1,55476,2021,1406056,REGION BIO BIO,8110,TALCAHUANO,GOMEZ CARRE??ªO,ALMIRANTE NEFF,0,"GOMEZ CARRE??ªO & ALMIRANTE NEFF, TALCAHUANO",CHILE,GEOMETRIC_CENTER,75355,2021,1406056,1,2021/12/10 00:00:00+00,1899/12/30 00:00:00+00,8,REGION BIO BIO,8110,TALCAHUANO,62,CHOQUE FRENTE/LADO,40,CHOQUE,1,URBANA,14,CRUCE CON SEÑAL PARE,10,DESOBEDIENCIA A SEÑALIZACION,65,SEÑALIZACION DESOBEDECER SEÑAL PARE,0,GOMEZ CARREÑO,0,ALMIRANTE NEFF,ALMIRANTE NEFF - GOMEZ CARREÑO,0, , , , ,1,1,2,BIDIRECCIONAL,1,CONCRETO,1,BUENO,1,SECO,1,DESPEJADO,0,0,0,0,2