X,Y,FID,FID_1,LABELID,POINT_X,POINT_Y,FID_2,COMUNAREAL,VAL_COM,OBJECTID,A_O,IDACCIDENT,REGION,COD_COMUN,COMUNA,CALLE_UNO,CALLE_DOS,NUMERO,DIR_GEOCOD,PAIS,TIPO,OBJECTID_1,Año,Idaccide_1,Claseaccid,Fecha,Hora,Cód_Regi,Región,Cód_Comun,Comuna_1,Cód_Tipo_,Tipo_Accid,Cód_Tipo1,Tipo__CONA,Cód_Zona,Zona,Cód_Ubica,Ubicación,Cód_Causa,Causa__CON,Cód_Cau_1,Causa,Cód_Calle,Calle_Un_1,Cód_Cal_1,Calle_Do_1,Intersecci,Número,Ruta,Cód_Ruta,Ubicaci_1,Km_Vía_Fe,Pistas_de_,Pistas_de1,Cód_Calza,Calzada,Cód__Tipo,Tipo_Calza,Cód_Estad,Estado_Cal,Cód_Condi,Condición,Cód_Est_1,Estado_Atm,Fallecidos,Graves,Menos_Grav,Leves,Ilesos
-8136435.21290407,-4402696.11918381,5241,45664,1380435,-73.0908411,-36.7383319,176,TALCAHUANO,1,39265,2021,1380435,REGION BIO BIO,8110,TALCAHUANO,GREGORIO AMUNATEGUI, ,737,"GREGORIO AMUNATEGUI 737, TALCAHUANO",CHILE,RANGE_INTERPOLATED,53919,2021,1380435,1,2021/09/16 00:00:00+00,1899/12/30 00:00:00+00,8,REGION BIO BIO,8110,TALCAHUANO,32,COLISION LATERAL,30,COLISION,1,URBANA,1,TRAMO DE VIA RECTA,1,IMPRUDENCIA DEL CONDUCTOR,91,VIRAJES INDEBIDOS,0,GREGORIO AMUNATEGUI,0, ,- GREGORIO AMUNATEGUI,737, , , , ,1,1,3,BIDIRECCIONAL CON BANDEJON,1,CONCRETO,1,BUENO,1,SECO,1,DESPEJADO,0,0,0,0,2
-8137673.96506567,-4402645.26417124,5242,45665,1374502,-73.101969,-36.7379658,176,TALCAHUANO,1,32946,2021,1374502,REGION BIO BIO,8110,TALCAHUANO,CRISTOBAL COLON, ,2896,"CRISTOBAL COLON 2896, TALCAHUANO",CHILE,RANGE_INTERPOLATED,45437,2021,1374502,1,2021/08/12 00:00:00+00,1899/12/30 00:00:00+00,8,REGION BIO BIO,8110,TALCAHUANO,63,CHOQUE FRENTE/POSTERIOR,40,CHOQUE,1,URBANA,11,CRUCE CON SEMAFORO FUNCIONANDO,1,IMPRUDENCIA DEL CONDUCTOR,28,CONDUCCION SIN MANTENER DISTANCIA RAZONABLE NI PRUDENTE,0,CRISTOBAL COLON,0, ,- CRISTOBAL COLON,2896, , , , ,1,1,3,BIDIRECCIONAL CON BANDEJON,1,CONCRETO,1,BUENO,1,SECO,1,DESPEJADO,0,0,0,0,2
-8136355.94229468,-4402640.31898219,5243,45666,1379162,-73.090129,-36.7379302,176,TALCAHUANO,1,37829,2021,1379162,REGION BIO BIO,8110,TALCAHUANO,GENERAL MERINO CORREA, ,615,"GENERAL MERINO CORREA 615, TALCAHUANO",CHILE,RANGE_INTERPOLATED,51981,2021,1379162,1,2021/09/08 00:00:00+00,1899/12/30 00:00:00+00,8,REGION BIO BIO,8110,TALCAHUANO,32,COLISION LATERAL,30,COLISION,1,URBANA,1,TRAMO DE VIA RECTA,1,IMPRUDENCIA DEL CONDUCTOR,27,CONDUCCION NO ATENTO CONDICIONES TRANSITO MOMENTO,0,GENERAL MERINO CORREA,0, ,- GENERAL MERINO CORREA,615, , , , ,1,1,2,BIDIRECCIONAL,1,CONCRETO,1,BUENO,1,SECO,1,DESPEJADO,0,0,0,0,2
-8137791.59637159,-4402527.49706183,5244,45667,1375901,-73.1030257,-36.737118,176,TALCAHUANO,0,34467,2021,1375901,REGION BIO BIO,8101,CONCEPCION,COLON, ,2850,"COLON 2850, CONCEPCION",CHILE,RANGE_INTERPOLATED,47508,2021,1375901,1,2021/08/21 00:00:00+00,1899/12/30 00:00:00+00,8,REGION BIO BIO,8101,CONCEPCION,50,CHOQUE,40,CHOQUE,1,URBANA,1,TRAMO DE VIA RECTA,13,CAUSAS NO DETERMINADAS,97,CAUSAS NO DETERMINADAS,0,COLON,0, ,- COLON,2850, , , , ,3,3,2,BIDIRECCIONAL,1,CONCRETO,1,BUENO,1,SECO,1,DESPEJADO,0,0,0,0,2
-8138950.07604838,-4402514.5785975,5245,45668,1328245,-73.1134325,-36.737025,176,TALCAHUANO,1,2693,2021,1328245,REGION BIO BIO,8110,TALCAHUANO,GRAN BRETA??ªA, ,440,"GRAN BRETA??ªA 440, TALCAHUANO",CHILE,RANGE_INTERPOLATED,3706,2021,1328245,1,2021/01/19 00:00:00+00,1899/12/30 00:00:00+00,8,REGION BIO BIO,8110,TALCAHUANO,32,COLISION LATERAL,30,COLISION,1,URBANA,1,TRAMO DE VIA RECTA,1,IMPRUDENCIA DEL CONDUCTOR,11,ADELANTAMIENTO SIN EL ESPACIO O TIEMPO SUFICIENTE,0,GRAN BRETAÑA,0, ,- GRAN BRETAÑA,440, , , , ,1,1,2,BIDIRECCIONAL,1,CONCRETO,1,BUENO,1,SECO,1,DESPEJADO,0,0,0,0,2
-8138405.33412018,-4402471.97555776,5246,45669,1400195,-73.108539,-36.7367183,176,TALCAHUANO,1,52612,2021,1400195,REGION BIO BIO,8110,TALCAHUANO,SIMPSON, ,398,"SIMPSON 398, TALCAHUANO",CHILE,RANGE_INTERPOLATED,71510,2021,1400195,1,2021/11/26 00:00:00+00,1899/12/30 00:00:00+00,8,REGION BIO BIO,8110,TALCAHUANO,63,CHOQUE FRENTE/POSTERIOR,40,CHOQUE,1,URBANA,1,TRAMO DE VIA RECTA,1,IMPRUDENCIA DEL CONDUCTOR,28,CONDUCCION SIN MANTENER DISTANCIA RAZONABLE NI PRUDENTE,0,SIMPSON,0, ,- SIMPSON,398, , , , ,1,1,2,BIDIRECCIONAL,1,CONCRETO,1,BUENO,1,SECO,1,DESPEJADO,0,0,0,0,2
-8137801.89342449,-4402465.64137402,5247,45670,1334849,-73.1031182,-36.7366727,176,TALCAHUANO,1,7585,2021,1334849,REGION BIO BIO,8110,TALCAHUANO,GOMEZ CARRE??ªO, ,3507,"GOMEZ CARRE??ªO 3507, TALCAHUANO",CHILE,RANGE_INTERPOLATED,10650,2021,1334849,1,2021/02/25 00:00:00+00,1899/12/30 00:00:00+00,8,REGION BIO BIO,8110,TALCAHUANO,32,COLISION LATERAL,30,COLISION,1,URBANA,1,TRAMO DE VIA RECTA,1,IMPRUDENCIA DEL CONDUCTOR,27,CONDUCCION NO ATENTO CONDICIONES TRANSITO MOMENTO,0,GOMEZ CARREÑO,0, ,- GOMEZ CARREÑO,3507, , , , ,1,1,2,BIDIRECCIONAL,1,CONCRETO,1,BUENO,1,SECO,1,DESPEJADO,0,1,0,0,1
-8137801.89342449,-4402465.64137402,5248,45671,1392245,-73.1031182,-36.7366727,176,TALCAHUANO,1,47170,2021,1392245,REGION BIO BIO,8110,TALCAHUANO,GOMEZ CARRE??ªO, ,3063,"GOMEZ CARRE??ªO 3063, TALCAHUANO",CHILE,RANGE_INTERPOLATED,64343,2021,1392245,1,2021/10/29 00:00:00+00,1899/12/30 00:00:00+00,8,REGION BIO BIO,8110,TALCAHUANO,32,COLISION LATERAL,30,COLISION,1,URBANA,1,TRAMO DE VIA RECTA,1,IMPRUDENCIA DEL CONDUCTOR,32,NO RESPETAR DERECHO PREFERENTE DE PASO A VEHICULO,0,GOMEZ CARREÑO,0, ,- GOMEZ CARREÑO,3063, , , , ,1,1,2,BIDIRECCIONAL,1,CONCRETO,1,BUENO,1,SECO,1,DESPEJADO,0,0,0,1,2
-8137793.31069175,-4402455.69560187,5249,45672,1372994,-73.1030411,-36.7366011,176,TALCAHUANO,1,34468,2021,1372994,REGION BIO BIO,8110,TALCAHUANO,CRISTOBAL COLON,ITATA,0,"CRISTOBAL COLON & ITATA, TALCAHUANO",CHILE,GEOMETRIC_CENTER,47509,2021,1372994,1,2021/08/21 00:00:00+00,1899/12/30 00:00:00+00,8,REGION BIO BIO,8110,TALCAHUANO,30,COLISION,30,COLISION,1,URBANA,16,CRUCE SIN SEÑALIZACION,1,IMPRUDENCIA DEL CONDUCTOR,29,CONDUCCION CAMBIAR SORPRESIVAMENTE PISTA CIRCULACION,0,CRISTOBAL COLON,0,ITATA,CRISTOBAL COLON - ITATA,0, , , , ,2,2,3,BIDIRECCIONAL CON BANDEJON,1,CONCRETO,1,BUENO,3,MOJADO,2,NUBLADO,0,0,0,1,1
-8138666.76794431,-4402433.84549536,5250,45673,1340971,-73.1108875,-36.7364438,176,TALCAHUANO,1,12230,2021,1340971,REGION BIO BIO,8110,TALCAHUANO,ALTO HORNO,GRAN BRETA??ªA,0,"ALTO HORNO & GRAN BRETA??ªA, TALCAHUANO",CHILE,GEOMETRIC_CENTER,16929,2021,1340971,1,2021/03/30 00:00:00+00,1899/12/30 00:00:00+00,8,REGION BIO BIO,8110,TALCAHUANO,32,COLISION LATERAL,30,COLISION,1,URBANA,16,CRUCE SIN SEÑALIZACION,7,VELOCIDAD IMPRUDENTE,73,"VELOCIDAD NO REDUCIR CRUCE DE CALLES, CUMBRE, CURVA, ETC.",0,ALTO HORNO,0,GRAN BRETAÑA,ALTO HORNO - GRAN BRETAÑA,0, , , , ,1,1,2,BIDIRECCIONAL,1,CONCRETO,1,BUENO,1,SECO,1,DESPEJADO,0,0,0,0,1
-8137828.78821347,-4402409.66179967,5251,45674,1407438,-73.1033598,-36.7362697,176,TALCAHUANO,1,57571,2021,1407438,REGION BIO BIO,8110,TALCAHUANO,CRISTOBAL COLON, ,2771,"CRISTOBAL COLON 2771, TALCAHUANO",CHILE,RANGE_INTERPOLATED,78170,2021,1407438,1,2021/12/21 00:00:00+00,1899/12/30 00:00:00+00,8,REGION BIO BIO,8110,TALCAHUANO,63,CHOQUE FRENTE/POSTERIOR,40,CHOQUE,1,URBANA,1,TRAMO DE VIA RECTA,1,IMPRUDENCIA DEL CONDUCTOR,28,CONDUCCION SIN MANTENER DISTANCIA RAZONABLE NI PRUDENTE,0,CRISTOBAL COLON,0, ,- CRISTOBAL COLON,2771, , , , ,1,1,2,BIDIRECCIONAL,1,CONCRETO,1,BUENO,1,SECO,1,DESPEJADO,0,0,0,0,2
-8137750.9536255,-4402358.05806031,5252,45675,1388752,-73.1026606,-36.7358982,176,TALCAHUANO,1,44479,2021,1388752,REGION BIO BIO,8110,TALCAHUANO,ITATA, ,2815,"ITATA 2815, TALCAHUANO",CHILE,RANGE_INTERPOLATED,60804,2021,1388752,1,2021/10/15 00:00:00+00,1899/12/30 00:00:00+00,8,REGION BIO BIO,8110,TALCAHUANO,63,CHOQUE FRENTE/POSTERIOR,40,CHOQUE,1,URBANA,1,TRAMO DE VIA RECTA,1,IMPRUDENCIA DEL CONDUCTOR,28,CONDUCCION SIN MANTENER DISTANCIA RAZONABLE NI PRUDENTE,0,ITATA,0, ,- ITATA,2815, , , , ,1,1,2,BIDIRECCIONAL,1,CONCRETO,1,BUENO,1,SECO,1,DESPEJADO,0,0,0,1,1
-8138593.17462895,-4402315.81680032,5253,45676,1370343,-73.1102264,-36.7355941,176,TALCAHUANO,1,31769,2021,1370343,REGION BIO BIO,8110,TALCAHUANO,ANTONIO DE LA FUENTE, ,273,"ANTONIO DE LA FUENTE 273, TALCAHUANO",CHILE,RANGE_INTERPOLATED,43838,2021,1370343,1,2021/08/06 00:00:00+00,1899/12/30 00:00:00+00,8,REGION BIO BIO,8110,TALCAHUANO,99,OTRO TIPO,99,OTRO TIPO,1,URBANA,1,TRAMO DE VIA RECTA,1,IMPRUDENCIA DEL CONDUCTOR,27,CONDUCCION NO ATENTO CONDICIONES TRANSITO MOMENTO,0,ANTONIO DE LA FUENTE,0, ,- ANTONIO DE LA FUENTE,273, , , , ,1,1,2,BIDIRECCIONAL,1,CONCRETO,1,BUENO,1,SECO,1,DESPEJADO,0,0,0,0,1
-8138232.74438166,-4402301.74567787,5254,45677,1335231,-73.1069886,-36.7354928,176,TALCAHUANO,1,7455,2021,1335231,REGION BIO BIO,8110,TALCAHUANO,FRANCIA, ,306,"FRANCIA 306, TALCAHUANO",CHILE,RANGE_INTERPOLATED,10477,2021,1335231,1,2021/02/24 00:00:00+00,1899/12/30 00:00:00+00,8,REGION BIO BIO,8110,TALCAHUANO,51,CHOQUE FRONTAL,40,CHOQUE,1,URBANA,1,TRAMO DE VIA RECTA,9,PERDIDA CONTROL VEHICULO,95,PERDIDA CONTROL VEHICULO,0,FRANCIA,0, ,- FRANCIA,306, , , , ,1,1,2,BIDIRECCIONAL,1,CONCRETO,1,BUENO,1,SECO,1,DESPEJADO,0,0,0,0,1
-8139245.79627567,-4402244.68350783,5255,45678,1383547,-73.116089,-36.735082,176,TALCAHUANO,1,41449,2021,1383547,REGION BIO BIO,8110,TALCAHUANO,ISLA SANTA MARIA, ,292,"ISLA SANTA MARIA 292, TALCAHUANO",CHILE,RANGE_INTERPOLATED,56814,2021,1383547,1,2021/09/29 00:00:00+00,1899/12/30 00:00:00+00,8,REGION BIO BIO,8110,TALCAHUANO,51,CHOQUE FRONTAL,40,CHOQUE,1,URBANA,1,TRAMO DE VIA RECTA,9,PERDIDA CONTROL VEHICULO,95,PERDIDA CONTROL VEHICULO,0,ISLA SANTA MARIA,0, ,- ISLA SANTA MARIA,292, , , , ,1,1,2,BIDIRECCIONAL,1,CONCRETO,1,BUENO,1,SECO,1,DESPEJADO,0,0,0,0,1
-8138154.98771734,-4402194.59461995,5256,45679,1400335,-73.1062901,-36.7347214,176,TALCAHUANO,1,51252,2021,1400335,REGION BIO BIO,8110,TALCAHUANO,CRISTOBAL COLON, ,2512,"CRISTOBAL COLON 2512, TALCAHUANO",CHILE,RANGE_INTERPOLATED,69728,2021,1400335,1,2021/11/19 00:00:00+00,1899/12/30 00:00:00+00,8,REGION BIO BIO,8110,TALCAHUANO,20,CAIDA,20,CAIDA,1,URBANA,1,TRAMO DE VIA RECTA,14,OTRAS CAUSAS,98,OTRAS CAUSAS,0,CRISTOBAL COLON,0, ,- CRISTOBAL COLON,2512, , , , ,1,1,3,BIDIRECCIONAL CON BANDEJON,1,CONCRETO,1,BUENO,1,SECO,1,DESPEJADO,0,0,0,1,1
-8139615.69981163,-4402166.06378345,5257,45680,1337212,-73.1194119,-36.734516,176,TALCAHUANO,1,8409,2021,1337212,REGION BIO BIO,8110,TALCAHUANO,JUAN ANTONIO RIOS, ,801,"JUAN ANTONIO RIOS 801, TALCAHUANO",CHILE,RANGE_INTERPOLATED,11796,2021,1337212,1,2021/03/02 00:00:00+00,1899/12/30 00:00:00+00,8,REGION BIO BIO,8110,TALCAHUANO,51,CHOQUE FRONTAL,40,CHOQUE,1,URBANA,1,TRAMO DE VIA RECTA,9,PERDIDA CONTROL VEHICULO,95,PERDIDA CONTROL VEHICULO,0,JUAN ANTONIO RIOS,0, ,- JUAN ANTONIO RIOS,801, , , , ,1,1,2,BIDIRECCIONAL,1,CONCRETO,1,BUENO,1,SECO,1,DESPEJADO,0,0,0,0,1
-8139631.68529051,-4402147.15902097,5258,45681,1371361,-73.1195555,-36.7343799,176,TALCAHUANO,1,31016,2021,1371361,REGION BIO BIO,8110,TALCAHUANO,JUAN ANTONIO RIOS, ,1204,"JUAN ANTONIO RIOS 1204, TALCAHUANO",CHILE,RANGE_INTERPOLATED,42874,2021,1371361,1,2021/08/02 00:00:00+00,1899/12/30 00:00:00+00,8,REGION BIO BIO,8110,TALCAHUANO,63,CHOQUE FRENTE/POSTERIOR,40,CHOQUE,1,URBANA,15,CRUCE CON SEÑAL CEDA EL PASO,1,IMPRUDENCIA DEL CONDUCTOR,28,CONDUCCION SIN MANTENER DISTANCIA RAZONABLE NI PRUDENTE,0,JUAN ANTONIO RIOS,0, ,- JUAN ANTONIO RIOS,1204, , , , ,1,1,2,BIDIRECCIONAL,1,CONCRETO,1,BUENO,1,SECO,1,DESPEJADO,0,0,0,0,2
-8139192.21820475,-4402143.29750859,5259,45682,1329691,-73.1156077,-36.7343521,176,TALCAHUANO,1,4188,2021,1329691,REGION BIO BIO,8110,TALCAHUANO,ISLA DE PASCUA, ,260,"ISLA DE PASCUA 260, TALCAHUANO",CHILE,RANGE_INTERPOLATED,5874,2021,1329691,1,2021/01/30 00:00:00+00,1899/12/30 00:00:00+00,8,REGION BIO BIO,8110,TALCAHUANO,63,CHOQUE FRENTE/POSTERIOR,40,CHOQUE,1,URBANA,26,OTROS NO CONSIDERADOS,1,IMPRUDENCIA DEL CONDUCTOR,28,CONDUCCION SIN MANTENER DISTANCIA RAZONABLE NI PRUDENTE,0,ISLA DE PASCUA,0, ,- ISLA DE PASCUA,260, , , , ,1,1,2,BIDIRECCIONAL,1,CONCRETO,1,BUENO,1,SECO,1,DESPEJADO,0,0,0,0,2
-8138209.1891774,-4402051.55227485,5260,45683,1343322,-73.106777,-36.7336916,176,TALCAHUANO,1,13437,2021,1343322,REGION BIO BIO,8110,TALCAHUANO,CRISTOBAL COLON, ,200,"CRISTOBAL COLON 200, TALCAHUANO",CHILE,RANGE_INTERPOLATED,18564,2021,1343322,1,2021/04/09 00:00:00+00,1899/12/30 00:00:00+00,8,REGION BIO BIO,8110,TALCAHUANO,32,COLISION LATERAL,30,COLISION,1,URBANA,11,CRUCE CON SEMAFORO FUNCIONANDO,1,IMPRUDENCIA DEL CONDUCTOR,91,VIRAJES INDEBIDOS,0,CRISTOBAL COLON,0, ,- CRISTOBAL COLON,200, , , , ,1,1,3,BIDIRECCIONAL CON BANDEJON,1,CONCRETO,1,BUENO,1,SECO,1,DESPEJADO,0,0,0,0,2
-8138209.1891774,-4402051.55227485,5261,45684,1351073,-73.106777,-36.7336916,176,TALCAHUANO,1,18950,2021,1351073,REGION BIO BIO,8110,TALCAHUANO,CRISTOBAL COLON, ,200,"CRISTOBAL COLON 200, TALCAHUANO",CHILE,RANGE_INTERPOLATED,26060,2021,1351073,1,2021/05/20 00:00:00+00,1899/12/30 00:00:00+00,8,REGION BIO BIO,8110,TALCAHUANO,32,COLISION LATERAL,30,COLISION,1,URBANA,1,TRAMO DE VIA RECTA,1,IMPRUDENCIA DEL CONDUCTOR,29,CONDUCCION CAMBIAR SORPRESIVAMENTE PISTA CIRCULACION,0,CRISTOBAL COLON,0, ,- CRISTOBAL COLON,200, , , , ,1,1,2,BIDIRECCIONAL,1,CONCRETO,1,BUENO,1,SECO,1,DESPEJADO,0,0,0,0,2
-8138209.1891774,-4402051.55227485,5262,45685,1358053,-73.106777,-36.7336916,176,TALCAHUANO,1,23357,2021,1358053,REGION BIO BIO,8110,TALCAHUANO,CRISTOBAL COLON, ,2276,"CRISTOBAL COLON 2276, TALCAHUANO",CHILE,RANGE_INTERPOLATED,32201,2021,1358053,1,2021/06/17 00:00:00+00,1899/12/30 00:00:00+00,8,REGION BIO BIO,8110,TALCAHUANO,32,COLISION LATERAL,30,COLISION,1,URBANA,11,CRUCE CON SEMAFORO FUNCIONANDO,7,VELOCIDAD IMPRUDENTE,72,VELOCIDAD NO RAZONABLE NI PRUDENTE,0,CRISTOBAL COLON,0, ,- CRISTOBAL COLON,2276, , , , ,1,1,3,BIDIRECCIONAL CON BANDEJON,1,CONCRETO,1,BUENO,1,SECO,1,DESPEJADO,0,0,0,0,2
-8138209.1891774,-4402051.55227485,5263,45686,1375572,-73.106777,-36.7336916,176,TALCAHUANO,1,34235,2021,1375572,REGION BIO BIO,8110,TALCAHUANO,CRISTOBAL COLON, ,5174,"CRISTOBAL COLON 5174, TALCAHUANO",CHILE,RANGE_INTERPOLATED,47193,2021,1375572,1,2021/08/19 00:00:00+00,1899/12/30 00:00:00+00,8,REGION BIO BIO,8110,TALCAHUANO,10,ATROPELLO,10,ATROPELLO,1,URBANA,1,TRAMO DE VIA RECTA,2,IMPRUDENCIA DEL PEATON,52,PEATON CRUZA CALZADA FORMA SORPRESIVA O DESCUIDADA,0,CRISTOBAL COLON,0, ,- CRISTOBAL COLON,5174, , , , ,1,1,3,BIDIRECCIONAL CON BANDEJON,1,CONCRETO,1,BUENO,1,SECO,1,DESPEJADO,0,0,0,0,2
-8138209.1891774,-4402051.55227485,5264,45687,1376107,-73.106777,-36.7336916,176,TALCAHUANO,1,34761,2021,1376107,REGION BIO BIO,8110,TALCAHUANO,CRISTOBAL COLON, ,200,"CRISTOBAL COLON 200, TALCAHUANO",CHILE,RANGE_INTERPOLATED,47942,2021,1376107,1,2021/08/23 00:00:00+00,1899/12/30 00:00:00+00,8,REGION BIO BIO,8110,TALCAHUANO,32,COLISION LATERAL,30,COLISION,1,URBANA,11,CRUCE CON SEMAFORO FUNCIONANDO,10,DESOBEDIENCIA A SEÑALIZACION,62,SEÑALIZACION DESOBEDECER LUZ ROJA DE SEMAFORO,0,CRISTOBAL COLON,0, ,- CRISTOBAL COLON,200, , , , ,1,1,3,BIDIRECCIONAL CON BANDEJON,1,CONCRETO,1,BUENO,1,SECO,1,DESPEJADO,0,0,0,1,1
-8138209.1891774,-4402051.55227485,5265,45688,1379382,-73.106777,-36.7336916,176,TALCAHUANO,1,38821,2021,1379382,REGION BIO BIO,8110,TALCAHUANO,CRISTOBAL COLON, ,5182,"CRISTOBAL COLON 5182, TALCAHUANO",CHILE,RANGE_INTERPOLATED,53324,2021,1379382,1,2021/09/14 00:00:00+00,1899/12/30 00:00:00+00,8,REGION BIO BIO,8110,TALCAHUANO,63,CHOQUE FRENTE/POSTERIOR,40,CHOQUE,1,URBANA,11,CRUCE CON SEMAFORO FUNCIONANDO,1,IMPRUDENCIA DEL CONDUCTOR,28,CONDUCCION SIN MANTENER DISTANCIA RAZONABLE NI PRUDENTE,0,CRISTOBAL COLON,0, ,- CRISTOBAL COLON,5182, , , , ,1,1,2,BIDIRECCIONAL,1,CONCRETO,1,BUENO,1,SECO,1,DESPEJADO,0,0,0,0,2
-8138209.1891774,-4402051.55227485,5266,45689,1391720,-73.106777,-36.7336916,176,TALCAHUANO,1,44272,2021,1391720,REGION BIO BIO,8110,TALCAHUANO,CRISTOBAL COLON, ,5598,"CRISTOBAL COLON 5598, TALCAHUANO",CHILE,RANGE_INTERPOLATED,60537,2021,1391720,1,2021/10/14 00:00:00+00,1899/12/30 00:00:00+00,8,REGION BIO BIO,8110,TALCAHUANO,32,COLISION LATERAL,30,COLISION,1,URBANA,1,TRAMO DE VIA RECTA,1,IMPRUDENCIA DEL CONDUCTOR,11,ADELANTAMIENTO SIN EL ESPACIO O TIEMPO SUFICIENTE,0,CRISTOBAL COLON,0, ,- CRISTOBAL COLON,5598, , , , ,1,1,2,BIDIRECCIONAL,1,CONCRETO,1,BUENO,1,SECO,1,DESPEJADO,0,0,0,0,2
-8138209.1891774,-4402051.55227485,5267,45690,1394139,-73.106777,-36.7336916,176,TALCAHUANO,1,48185,2021,1394139,REGION BIO BIO,8110,TALCAHUANO,CRISTOBAL COLON, ,5772,"CRISTOBAL COLON 5772, TALCAHUANO",CHILE,RANGE_INTERPOLATED,65731,2021,1394139,1,2021/11/04 00:00:00+00,1899/12/30 00:00:00+00,8,REGION BIO BIO,8110,TALCAHUANO,63,CHOQUE FRENTE/POSTERIOR,40,CHOQUE,1,URBANA,1,TRAMO DE VIA RECTA,1,IMPRUDENCIA DEL CONDUCTOR,28,CONDUCCION SIN MANTENER DISTANCIA RAZONABLE NI PRUDENTE,0,CRISTOBAL COLON,0, ,- CRISTOBAL COLON,5772, , , , ,1,1,2,BIDIRECCIONAL,1,CONCRETO,1,BUENO,1,SECO,1,DESPEJADO,0,0,0,0,2
-8138209.1891774,-4402051.55227485,5268,45691,1395253,-73.106777,-36.7336916,176,TALCAHUANO,1,49460,2021,1395253,REGION BIO BIO,8110,TALCAHUANO,CRISTOBAL COLON, ,4994,"CRISTOBAL COLON 4994, TALCAHUANO",CHILE,RANGE_INTERPOLATED,67392,2021,1395253,1,2021/11/10 00:00:00+00,1899/12/30 00:00:00+00,8,REGION BIO BIO,8110,TALCAHUANO,33,COLISION POR ALCANCE,30,COLISION,1,URBANA,11,CRUCE CON SEMAFORO FUNCIONANDO,1,IMPRUDENCIA DEL CONDUCTOR,28,CONDUCCION SIN MANTENER DISTANCIA RAZONABLE NI PRUDENTE,0,CRISTOBAL COLON,0, ,- CRISTOBAL COLON,4994, , , , ,1,1,3,BIDIRECCIONAL CON BANDEJON,1,CONCRETO,1,BUENO,1,SECO,1,DESPEJADO,0,1,0,0,1
-8138752.65093146,-4402034.64790231,5269,45692,1405119,-73.111659,-36.7335699,176,TALCAHUANO,1,56622,2021,1405119,REGION BIO BIO,8110,TALCAHUANO,SIMPSON,HUALPEN,0,"SIMPSON & HUALPEN, TALCAHUANO",CHILE,GEOMETRIC_CENTER,76946,2021,1405119,1,2021/12/17 00:00:00+00,1899/12/30 00:00:00+00,8,REGION BIO BIO,8110,TALCAHUANO,32,COLISION LATERAL,30,COLISION,1,URBANA,1,TRAMO DE VIA RECTA,1,IMPRUDENCIA DEL CONDUCTOR,32,NO RESPETAR DERECHO PREFERENTE DE PASO A VEHICULO,0,SIMPSON,0,HUALPEN,HUALPEN - SIMPSON,0, , , , ,1,1,2,BIDIRECCIONAL,1,CONCRETO,1,BUENO,1,SECO,1,DESPEJADO,0,0,0,0,2
-8139042.35990625,-4402015.17387611,5270,45693,1392227,-73.1142615,-36.7334297,176,TALCAHUANO,1,47385,2021,1392227,REGION BIO BIO,8110,TALCAHUANO,ALTO HORNO, ,316,"ALTO HORNO 316, TALCAHUANO",CHILE,RANGE_INTERPOLATED,64642,2021,1392227,1,2021/10/30 00:00:00+00,1899/12/30 00:00:00+00,8,REGION BIO BIO,8110,TALCAHUANO,67,CHOQUE POSTERIOR/FRENTE,40,CHOQUE,1,URBANA,11,CRUCE CON SEMAFORO FUNCIONANDO,1,IMPRUDENCIA DEL CONDUCTOR,27,CONDUCCION NO ATENTO CONDICIONES TRANSITO MOMENTO,0,ALTO HORNO,0, ,- ALTO HORNO,316, , , , ,1,1,2,BIDIRECCIONAL,1,CONCRETO,1,BUENO,1,SECO,1,DESPEJADO,0,0,0,0,2
-8138689.52164823,-4401997.83896687,5271,45694,1353823,-73.1110919,-36.7333049,176,TALCAHUANO,1,20727,2021,1353823,REGION BIO BIO,8110,TALCAHUANO,HUALPEN, ,331,"HUALPEN 331, TALCAHUANO",CHILE,RANGE_INTERPOLATED,28570,2021,1353823,1,2021/05/31 00:00:00+00,1899/12/30 00:00:00+00,8,REGION BIO BIO,8110,TALCAHUANO,51,CHOQUE FRONTAL,40,CHOQUE,1,URBANA,1,TRAMO DE VIA RECTA,4,ALCOHOL EN CONDUCTOR,24,CONDUCCION EN ESTADO DE EBRIEDAD,0,HUALPEN,0, ,- HUALPEN,331, , , , ,1,1,2,BIDIRECCIONAL,1,CONCRETO,1,BUENO,1,SECO,1,DESPEJADO,0,0,0,0,1
-8138689.77768306,-4401984.67112195,5272,45695,1400908,-73.1110942,-36.7332101,176,TALCAHUANO,1,52151,2021,1400908,REGION BIO BIO,8110,TALCAHUANO,HUALPEN, ,2194,"HUALPEN 2194, TALCAHUANO",CHILE,RANGE_INTERPOLATED,70908,2021,1400908,1,2021/11/23 00:00:00+00,1899/12/30 00:00:00+00,8,REGION BIO BIO,8110,TALCAHUANO,65,CHOQUE LADO/LADO,40,CHOQUE,1,URBANA,11,CRUCE CON SEMAFORO FUNCIONANDO,1,IMPRUDENCIA DEL CONDUCTOR,91,VIRAJES INDEBIDOS,0,HUALPEN,0, ,- HUALPEN,2194, , , , ,1,1,2,BIDIRECCIONAL,1,CONCRETO,1,BUENO,1,SECO,1,DESPEJADO,0,0,0,0,2