X,Y,FID,FID_1,LABELID,POINT_X,POINT_Y,FID_2,COMUNAREAL,VAL_COM,OBJECTID,A_O,IDACCIDENT,REGION,COD_COMUN,COMUNA,CALLE_UNO,CALLE_DOS,NUMERO,DIR_GEOCOD,PAIS,TIPO,OBJECTID_1,Año,Idaccide_1,Claseaccid,Fecha,Hora,Cód_Regi,Región,Cód_Comun,Comuna_1,Cód_Tipo_,Tipo_Accid,Cód_Tipo1,Tipo__CONA,Cód_Zona,Zona,Cód_Ubica,Ubicación,Cód_Causa,Causa__CON,Cód_Cau_1,Causa,Cód_Calle,Calle_Un_1,Cód_Cal_1,Calle_Do_1,Intersecci,Número,Ruta,Cód_Ruta,Ubicaci_1,Km_Vía_Fe,Pistas_de_,Pistas_de1,Cód_Calza,Calzada,Cód__Tipo,Tipo_Calza,Cód_Estad,Estado_Cal,Cód_Condi,Condición,Cód_Est_1,Estado_Atm,Fallecidos,Graves,Menos_Grav,Leves,Ilesos
-8139177.06762206,-4401879.09281818,5273,45696,1366595,-73.1154716,-36.73245,176,TALCAHUANO,1,28310,2021,1366595,REGION BIO BIO,8110,TALCAHUANO,ALTO HORNO, ,158,"ALTO HORNO 158, TALCAHUANO",CHILE,RANGE_INTERPOLATED,39107,2021,1366595,1,2021/07/17 00:00:00+00,1899/12/30 00:00:00+00,8,REGION BIO BIO,8110,TALCAHUANO,51,CHOQUE FRONTAL,40,CHOQUE,1,URBANA,1,TRAMO DE VIA RECTA,9,PERDIDA CONTROL VEHICULO,95,PERDIDA CONTROL VEHICULO,0,ALTO HORNO,0, ,- ALTO HORNO,158, , , , ,1,1,2,BIDIRECCIONAL,1,CONCRETO,1,BUENO,1,SECO,1,DESPEJADO,0,0,0,0,2
-8139177.06762206,-4401879.09281818,5274,45697,1407548,-73.1154716,-36.73245,176,TALCAHUANO,1,57630,2021,1407548,REGION BIO BIO,8110,TALCAHUANO,ALTO HORNO, ,158,"ALTO HORNO 158, TALCAHUANO",CHILE,RANGE_INTERPOLATED,78251,2021,1407548,1,2021/12/21 00:00:00+00,1899/12/30 00:00:00+00,8,REGION BIO BIO,8110,TALCAHUANO,31,COLISION FRONTAL,30,COLISION,1,URBANA,1,TRAMO DE VIA RECTA,1,IMPRUDENCIA DEL CONDUCTOR,91,VIRAJES INDEBIDOS,0,ALTO HORNO,0, ,- ALTO HORNO,158, , , , ,1,1,2,BIDIRECCIONAL,1,CONCRETO,1,BUENO,1,SECO,1,DESPEJADO,0,0,0,0,2
-8139160.98195564,-4401852.36851922,5275,45698,1350946,-73.1153271,-36.7322576,176,TALCAHUANO,1,16900,2021,1350946,REGION BIO BIO,8110,TALCAHUANO,ISLA MOCHA,ALTO HORNO,0,"ISLA MOCHA & ALTO HORNO, TALCAHUANO",CHILE,GEOMETRIC_CENTER,23302,2021,1350946,1,2021/05/06 00:00:00+00,1899/12/30 00:00:00+00,8,REGION BIO BIO,8110,TALCAHUANO,32,COLISION LATERAL,30,COLISION,1,URBANA,15,CRUCE CON SEÑAL CEDA EL PASO,10,DESOBEDIENCIA A SEÑALIZACION,64,SEÑALIZACION DESOBEDECER SEÑAL CEDA EL PASO,0,ISLA MOCHA,0,ALTO HORNO,ALTO HORNO - ISLA MOCHA,0, , , , ,1,1,2,BIDIRECCIONAL,1,CONCRETO,1,BUENO,1,SECO,1,DESPEJADO,0,0,0,0,2
-8139478.94381719,-4401793.26694203,5276,45699,1339296,-73.1181834,-36.7318321,176,TALCAHUANO,1,11144,2021,1339296,REGION BIO BIO,8110,TALCAHUANO,JUAN ANTONIO RIOS, ,535,"JUAN ANTONIO RIOS 535, TALCAHUANO",CHILE,RANGE_INTERPOLATED,15446,2021,1339296,1,2021/03/20 00:00:00+00,1899/12/30 00:00:00+00,8,REGION BIO BIO,8110,TALCAHUANO,63,CHOQUE FRENTE/POSTERIOR,40,CHOQUE,1,URBANA,1,TRAMO DE VIA RECTA,1,IMPRUDENCIA DEL CONDUCTOR,28,CONDUCCION SIN MANTENER DISTANCIA RAZONABLE NI PRUDENTE,0,JUAN ANTONIO RIOS,0, ,- JUAN ANTONIO RIOS,535, , , , ,1,1,2,BIDIRECCIONAL,1,CONCRETO,1,BUENO,1,SECO,1,DESPEJADO,0,0,0,3,0
-8138524.08975296,-4401546.89120478,5277,45700,1368881,-73.1096058,-36.7300583,176,TALCAHUANO,1,30775,2021,1368881,REGION BIO BIO,8110,TALCAHUANO,CRISTOBAL COLON, ,2005,"CRISTOBAL COLON 2005, TALCAHUANO",CHILE,RANGE_INTERPOLATED,42545,2021,1368881,1,2021/08/01 00:00:00+00,1899/12/30 00:00:00+00,8,REGION BIO BIO,8110,TALCAHUANO,51,CHOQUE FRONTAL,40,CHOQUE,1,URBANA,1,TRAMO DE VIA RECTA,9,PERDIDA CONTROL VEHICULO,95,PERDIDA CONTROL VEHICULO,0,CRISTOBAL COLON,0, ,- CRISTOBAL COLON,2005, , , , ,1,1,3,BIDIRECCIONAL CON BANDEJON,1,CONCRETO,1,BUENO,1,SECO,1,DESPEJADO,0,0,0,0,1
-8139435.25091705,-4401493.93047063,5278,45701,1340837,-73.1177909,-36.729677,176,TALCAHUANO,1,8189,2021,1340837,REGION BIO BIO,8110,TALCAHUANO,LA MARINA,JUAN ANTONIO RIOS,0,"LA MARINA & JUAN ANTONIO RIOS, TALCAHUANO",CHILE,GEOMETRIC_CENTER,11495,2021,1340837,1,2021/03/01 00:00:00+00,1899/12/30 00:00:00+00,8,REGION BIO BIO,8110,TALCAHUANO,32,COLISION LATERAL,30,COLISION,1,URBANA,14,CRUCE CON SEÑAL PARE,10,DESOBEDIENCIA A SEÑALIZACION,65,SEÑALIZACION DESOBEDECER SEÑAL PARE,0,LA MARINA,0,JUAN ANTONIO RIOS,JUAN ANTONIO RIOS - LA MARINA,0, , , , ,1,1,2,BIDIRECCIONAL,1,CONCRETO,1,BUENO,1,SECO,1,DESPEJADO,0,0,0,1,1
-8138521.28450179,-4401340.5083334,5279,45702,1374271,-73.1095806,-36.7285724,176,TALCAHUANO,1,34477,2021,1374271,REGION BIO BIO,8110,TALCAHUANO,PEREZ GACITUA, ,1891,"PEREZ GACITUA 1891, TALCAHUANO",CHILE,RANGE_INTERPOLATED,47526,2021,1374271,1,2021/08/21 00:00:00+00,1899/12/30 00:00:00+00,8,REGION BIO BIO,8110,TALCAHUANO,70,VOLCADURA,70,VOLCADURA,1,URBANA,1,TRAMO DE VIA RECTA,9,PERDIDA CONTROL VEHICULO,95,PERDIDA CONTROL VEHICULO,0,PEREZ GACITUA,0, ,- PEREZ GACITUA,1891, , , , ,1,1,2,BIDIRECCIONAL,1,CONCRETO,1,BUENO,1,SECO,1,DESPEJADO,0,1,0,0,0
-8139385.27959763,-4401340.13332273,5280,45703,1380347,-73.117342,-36.7285697,176,TALCAHUANO,1,39267,2021,1380347,REGION BIO BIO,8110,TALCAHUANO,JUAN ANTONIO RIOS, ,11,"JUAN ANTONIO RIOS 11, TALCAHUANO",CHILE,RANGE_INTERPOLATED,53922,2021,1380347,1,2021/09/16 00:00:00+00,1899/12/30 00:00:00+00,8,REGION BIO BIO,8110,TALCAHUANO,63,CHOQUE FRENTE/POSTERIOR,40,CHOQUE,1,URBANA,15,CRUCE CON SEÑAL CEDA EL PASO,1,IMPRUDENCIA DEL CONDUCTOR,28,CONDUCCION SIN MANTENER DISTANCIA RAZONABLE NI PRUDENTE,0,JUAN ANTONIO RIOS,0, ,- JUAN ANTONIO RIOS,11, , , , ,1,1,2,BIDIRECCIONAL,1,CONCRETO,1,BUENO,1,SECO,1,DESPEJADO,0,0,0,0,3
-8139400.38565254,-4401313.04925381,5281,45704,1334898,-73.1174777,-36.7283747,176,TALCAHUANO,1,6261,2021,1334898,REGION BIO BIO,8110,TALCAHUANO,JUAN ANTONIO RIOS, ,130,"JUAN ANTONIO RIOS 130, TALCAHUANO",CHILE,RANGE_INTERPOLATED,8743,2021,1334898,1,2021/02/15 00:00:00+00,1899/12/30 00:00:00+00,8,REGION BIO BIO,8110,TALCAHUANO,63,CHOQUE FRENTE/POSTERIOR,40,CHOQUE,1,URBANA,14,CRUCE CON SEÑAL PARE,1,IMPRUDENCIA DEL CONDUCTOR,28,CONDUCCION SIN MANTENER DISTANCIA RAZONABLE NI PRUDENTE,0,JUAN ANTONIO RIOS,0, ,- JUAN ANTONIO RIOS,130, , , , ,1,1,2,BIDIRECCIONAL,1,CONCRETO,1,BUENO,1,SECO,1,DESPEJADO,0,0,0,0,2
-8138505.92241206,-4401231.57523341,5282,45705,1363204,-73.1094426,-36.7277881,176,TALCAHUANO,1,27735,2021,1363204,REGION BIO BIO,8110,TALCAHUANO,PEREZ GACITUA, ,190,"PEREZ GACITUA 190, TALCAHUANO",CHILE,RANGE_INTERPOLATED,38290,2021,1363204,1,2021/07/14 00:00:00+00,1899/12/30 00:00:00+00,8,REGION BIO BIO,8110,TALCAHUANO,68,CHOQUE POSTERIOR/LADO,40,CHOQUE,1,URBANA,1,TRAMO DE VIA RECTA,1,IMPRUDENCIA DEL CONDUCTOR,27,CONDUCCION NO ATENTO CONDICIONES TRANSITO MOMENTO,0,PEREZ GACITUA,0, ,- PEREZ GACITUA,190, , , , ,1,1,2,BIDIRECCIONAL,1,CONCRETO,1,BUENO,1,SECO,1,DESPEJADO,0,0,0,0,2
-8139300.38735396,-4401063.17071155,5283,45706,1332181,-73.1165794,-36.7265756,176,TALCAHUANO,1,6262,2021,1332181,REGION BIO BIO,8110,TALCAHUANO,JUAN ANTONIO RIOS,IGNACIO DIAZ,0,"JUAN ANTONIO RIOS & IGNACIO DIAZ, TALCAHUANO",CHILE,GEOMETRIC_CENTER,8744,2021,1332181,1,2021/02/15 00:00:00+00,1899/12/30 00:00:00+00,8,REGION BIO BIO,8110,TALCAHUANO,50,CHOQUE,40,CHOQUE,1,URBANA,14,CRUCE CON SEÑAL PARE,1,IMPRUDENCIA DEL CONDUCTOR,27,CONDUCCION NO ATENTO CONDICIONES TRANSITO MOMENTO,0,JUAN ANTONIO RIOS,0,IGNACIO DIAZ,IGNACIO DIAZ - JUAN ANTONIO RIOS,0, , , , ,1,1,2,BIDIRECCIONAL,1,CONCRETO,1,BUENO,1,SECO,1,DESPEJADO,0,0,0,0,2
-8139300.38735396,-4401063.17071155,5284,45707,1374137,-73.1165794,-36.7265756,176,TALCAHUANO,1,34443,2021,1374137,REGION BIO BIO,8110,TALCAHUANO,IGNACIO DIAZ,JUAN ANTONIO RIOS,0,"IGNACIO DIAZ & JUAN ANTONIO RIOS, TALCAHUANO",CHILE,GEOMETRIC_CENTER,47478,2021,1374137,1,2021/08/21 00:00:00+00,1899/12/30 00:00:00+00,8,REGION BIO BIO,8110,TALCAHUANO,32,COLISION LATERAL,30,COLISION,1,URBANA,1,TRAMO DE VIA RECTA,1,IMPRUDENCIA DEL CONDUCTOR,32,NO RESPETAR DERECHO PREFERENTE DE PASO A VEHICULO,0,IGNACIO DIAZ,0,JUAN ANTONIO RIOS,IGNACIO DIAZ - JUAN ANTONIO RIOS,0, , , , ,1,1,2,BIDIRECCIONAL,1,CONCRETO,1,BUENO,1,SECO,1,DESPEJADO,0,0,0,3,1
-8138752.76225095,-4401048.74013023,5285,45708,1360988,-73.11166,-36.7264717,176,TALCAHUANO,1,25749,2021,1360988,REGION BIO BIO,8110,TALCAHUANO,O'HIGGINS, ,313,"O'HIGGINS 313, TALCAHUANO",CHILE,RANGE_INTERPOLATED,35540,2021,1360988,1,2021/07/02 00:00:00+00,1899/12/30 00:00:00+00,8,REGION BIO BIO,8110,TALCAHUANO,63,CHOQUE FRENTE/POSTERIOR,40,CHOQUE,1,URBANA,1,TRAMO DE VIA RECTA,1,IMPRUDENCIA DEL CONDUCTOR,28,CONDUCCION SIN MANTENER DISTANCIA RAZONABLE NI PRUDENTE,0,O'HIGGINS,0, ,- O'HIGGINS,313, , , , ,1,1,2,BIDIRECCIONAL,1,CONCRETO,1,BUENO,1,SECO,1,DESPEJADO,0,0,0,1,1
-8138842.10727426,-4401045.44846042,5286,45709,1353034,-73.1124626,-36.726448,176,TALCAHUANO,1,18380,2021,1353034,REGION BIO BIO,8110,TALCAHUANO,BEAUCHEFF, ,195,"BEAUCHEFF 195, TALCAHUANO",CHILE,RANGE_INTERPOLATED,25281,2021,1353034,1,2021/05/16 00:00:00+00,1899/12/30 00:00:00+00,8,REGION BIO BIO,8110,TALCAHUANO,51,CHOQUE FRONTAL,40,CHOQUE,1,URBANA,1,TRAMO DE VIA RECTA,9,PERDIDA CONTROL VEHICULO,95,PERDIDA CONTROL VEHICULO,0,BEAUCHEFF,0, ,- BEAUCHEFF,195, , , , ,1,1,2,BIDIRECCIONAL,1,CONCRETO,1,BUENO,1,SECO,1,DESPEJADO,0,0,0,1,0
-8139363.02683143,-4401040.50401317,5287,45710,1366276,-73.1171421,-36.7264124,176,TALCAHUANO,1,29728,2021,1366276,REGION BIO BIO,8110,TALCAHUANO,JUAN IGANCIO DIAZ, ,170,"JUAN IGANCIO DIAZ 170, TALCAHUANO",CHILE,RANGE_INTERPOLATED,41131,2021,1366276,1,2021/07/26 00:00:00+00,1899/12/30 00:00:00+00,8,REGION BIO BIO,8110,TALCAHUANO,31,COLISION FRONTAL,30,COLISION,1,URBANA,14,CRUCE CON SEÑAL PARE,1,IMPRUDENCIA DEL CONDUCTOR,15,"ADELANTAMIENTO EN CRUCE, CURVA, CUESTA, PUENTE",0,JUAN IGANCIO DIAZ,0, ,- JUAN IGANCIO DIAZ,170, , , , ,1,1,2,BIDIRECCIONAL,1,CONCRETO,1,BUENO,1,SECO,1,DESPEJADO,0,0,0,2,0
-8138294.78273388,-4401020.1151369,5288,45711,1332893,-73.1075459,-36.7262656,176,TALCAHUANO,1,6679,2021,1332893,REGION BIO BIO,8110,TALCAHUANO,PEREZ GACITUA, ,355,"PEREZ GACITUA 355, TALCAHUANO",CHILE,RANGE_INTERPOLATED,9367,2021,1332893,1,2021/02/18 00:00:00+00,1899/12/30 00:00:00+00,8,REGION BIO BIO,8110,TALCAHUANO,32,COLISION LATERAL,30,COLISION,1,URBANA,1,TRAMO DE VIA RECTA,1,IMPRUDENCIA DEL CONDUCTOR,29,CONDUCCION CAMBIAR SORPRESIVAMENTE PISTA CIRCULACION,0,PEREZ GACITUA,0, ,- PEREZ GACITUA,355, , , , ,1,1,3,BIDIRECCIONAL CON BANDEJON,1,CONCRETO,1,BUENO,1,SECO,1,DESPEJADO,0,0,0,1,1
-8138734.06057649,-4401019.21236058,5289,45712,1394530,-73.111492,-36.7262591,176,TALCAHUANO,1,48878,2021,1394530,REGION BIO BIO,8110,TALCAHUANO,O'HIGGINS, ,285,"O'HIGGINS 285, TALCAHUANO",CHILE,RANGE_INTERPOLATED,66646,2021,1394530,1,2021/11/07 00:00:00+00,1899/12/30 00:00:00+00,8,REGION BIO BIO,8110,TALCAHUANO,32,COLISION LATERAL,30,COLISION,1,URBANA,1,TRAMO DE VIA RECTA,1,IMPRUDENCIA DEL CONDUCTOR,29,CONDUCCION CAMBIAR SORPRESIVAMENTE PISTA CIRCULACION,0,O'HIGGINS,0, ,- O'HIGGINS,285, , , , ,1,1,2,BIDIRECCIONAL,1,CONCRETO,1,BUENO,1,SECO,1,DESPEJADO,0,1,0,3,2
-8138621.37185596,-4401018.9206944,5290,45713,1325036,-73.1104797,-36.726257,176,TALCAHUANO,1,1482,2021,1325036,REGION BIO BIO,8110,TALCAHUANO,CRISTOBAL COLON, ,1698,"CRISTOBAL COLON 1698, TALCAHUANO",CHILE,RANGE_INTERPOLATED,2052,2021,1325036,1,2021/01/11 00:00:00+00,1899/12/30 00:00:00+00,8,REGION BIO BIO,8110,TALCAHUANO,67,CHOQUE POSTERIOR/FRENTE,40,CHOQUE,1,URBANA,1,TRAMO DE VIA RECTA,1,IMPRUDENCIA DEL CONDUCTOR,27,CONDUCCION NO ATENTO CONDICIONES TRANSITO MOMENTO,0,CRISTOBAL COLON,0, ,- CRISTOBAL COLON,1698, , , , ,1,1,2,BIDIRECCIONAL,1,CONCRETO,1,BUENO,1,SECO,1,DESPEJADO,0,0,0,0,2
-8139159.80196903,-4400973.92086524,5291,45714,1388302,-73.1153165,-36.725933,176,TALCAHUANO,1,43346,2021,1388302,REGION BIO BIO,8110,TALCAHUANO,BEAUCHEFF,MATTA,0,"BEAUCHEFF & MATTA, TALCAHUANO",CHILE,GEOMETRIC_CENTER,59277,2021,1388302,1,2021/10/08 00:00:00+00,1899/12/30 00:00:00+00,8,REGION BIO BIO,8110,TALCAHUANO,32,COLISION LATERAL,30,COLISION,1,URBANA,16,CRUCE SIN SEÑALIZACION,1,IMPRUDENCIA DEL CONDUCTOR,32,NO RESPETAR DERECHO PREFERENTE DE PASO A VEHICULO,0,BEAUCHEFF,0,MATTA,BEAUCHEFF - MATTA,0, , , , ,1,1,2,BIDIRECCIONAL,1,CONCRETO,1,BUENO,1,SECO,1,DESPEJADO,0,0,0,0,2
-8140277.48305245,-4400922.8657334,5292,45715,1407992,-73.1253568,-36.7255654,176,TALCAHUANO,1,56892,2021,1407992,REGION BIO BIO,8110,TALCAHUANO,CERVANTES, ,350,"CERVANTES 350, TALCAHUANO",CHILE,RANGE_INTERPOLATED,77285,2021,1407992,1,2021/12/18 00:00:00+00,1899/12/30 00:00:00+00,8,REGION BIO BIO,8110,TALCAHUANO,63,CHOQUE FRENTE/POSTERIOR,40,CHOQUE,1,URBANA,1,TRAMO DE VIA RECTA,1,IMPRUDENCIA DEL CONDUCTOR,28,CONDUCCION SIN MANTENER DISTANCIA RAZONABLE NI PRUDENTE,0,CERVANTES,0, ,- CERVANTES,350, , , , ,1,1,2,BIDIRECCIONAL,1,CONCRETO,1,BUENO,1,SECO,1,DESPEJADO,0,0,0,0,2
-8138871.33977254,-4400853.35281431,5293,45716,1382743,-73.1127252,-36.7250649,176,TALCAHUANO,1,40493,2021,1382743,REGION BIO BIO,8110,TALCAHUANO,BEAUCHEFF,BARROS ARANA,0,"BEAUCHEFF & BARROS ARANA, TALCAHUANO",CHILE,GEOMETRIC_CENTER,55577,2021,1382743,1,2021/09/23 00:00:00+00,1899/12/30 00:00:00+00,8,REGION BIO BIO,8110,TALCAHUANO,32,COLISION LATERAL,30,COLISION,1,URBANA,16,CRUCE SIN SEÑALIZACION,1,IMPRUDENCIA DEL CONDUCTOR,32,NO RESPETAR DERECHO PREFERENTE DE PASO A VEHICULO,0,BEAUCHEFF,0,BARROS ARANA,BARROS ARANA - BEAUCHEFF,0, , , , ,1,1,2,BIDIRECCIONAL,1,CONCRETO,1,BUENO,1,SECO,1,DESPEJADO,0,0,0,2,0
-8138451.0196392,-4400829.81157876,5294,45717,1405239,-73.1089494,-36.7248954,176,TALCAHUANO,1,56950,2021,1405239,REGION BIO BIO,8110,TALCAHUANO,MANUEL RODRIGUEZ,BENAVENTE,0,"MANUEL RODRIGUEZ & BENAVENTE, TALCAHUANO",CHILE,GEOMETRIC_CENTER,77367,2021,1405239,1,2021/12/18 00:00:00+00,1899/12/30 00:00:00+00,8,REGION BIO BIO,8110,TALCAHUANO,65,CHOQUE LADO/LADO,40,CHOQUE,1,URBANA,14,CRUCE CON SEÑAL PARE,1,IMPRUDENCIA DEL CONDUCTOR,91,VIRAJES INDEBIDOS,0,MANUEL RODRIGUEZ,0,BENAVENTE,BENAVENTE - MANUEL RODRIGUEZ,0, , , , ,1,1,2,BIDIRECCIONAL,1,CONCRETO,1,BUENO,1,SECO,1,DESPEJADO,0,0,0,0,2
-8138661.51366435,-4400820.15899277,5295,45718,1324998,-73.1108403,-36.7248259,176,TALCAHUANO,1,1587,2021,1324998,REGION BIO BIO,8110,TALCAHUANO,LA ROZAS,GOMEZ CARRE??ªO,0,"LA ROZAS & GOMEZ CARRE??ªO, TALCAHUANO",CHILE,GEOMETRIC_CENTER,2187,2021,1324998,1,2021/01/11 00:00:00+00,1899/12/30 00:00:00+00,8,REGION BIO BIO,8110,TALCAHUANO,32,COLISION LATERAL,30,COLISION,1,URBANA,15,CRUCE CON SEÑAL CEDA EL PASO,10,DESOBEDIENCIA A SEÑALIZACION,64,SEÑALIZACION DESOBEDECER SEÑAL CEDA EL PASO,0,LA ROZAS,0,GOMEZ CARREÑO,GOMEZ CARREÑO - LA ROZAS,0, , , , ,1,1,2,BIDIRECCIONAL,1,CONCRETO,1,BUENO,1,SECO,1,DESPEJADO,0,0,0,2,0
-8139345.07099756,-4400814.25633658,5296,45719,1376573,-73.1169808,-36.7247834,176,TALCAHUANO,0,36093,2021,1376573,REGION BIO BIO,8103,CHIGUAYANTE,AUTOPISTA TALCAHUANO,CONCEPCION,0,"AUTOPISTA TALCAHUANO & CONCEPCION, CHIGUAYANTE",CHILE,GEOMETRIC_CENTER,49693,2021,1376573,1,2021/08/30 00:00:00+00,1899/12/30 00:00:00+00,8,REGION BIO BIO,8103,CHIGUAYANTE,50,CHOQUE,40,CHOQUE,1,URBANA,1,TRAMO DE VIA RECTA,13,CAUSAS NO DETERMINADAS,97,CAUSAS NO DETERMINADAS,0,AUTOPISTA TALCAHUANO,0,CONCEPCION,AUTOPISTA TALCAHUANO - CONCEPCION,0, , , , ,2,2,2,BIDIRECCIONAL,1,CONCRETO,1,BUENO,1,SECO,1,DESPEJADO,0,0,0,0,2
-8138637.50205018,-4400811.22862244,5297,45720,1376983,-73.1106246,-36.7247616,176,TALCAHUANO,1,36598,2021,1376983,REGION BIO BIO,8110,TALCAHUANO,CAUPOLICAN,BARROS ARANA,0,"CAUPOLICAN & BARROS ARANA, TALCAHUANO",CHILE,GEOMETRIC_CENTER,50344,2021,1376983,1,2021/09/02 00:00:00+00,1899/12/30 00:00:00+00,8,REGION BIO BIO,8110,TALCAHUANO,32,COLISION LATERAL,30,COLISION,1,URBANA,16,CRUCE SIN SEÑALIZACION,1,IMPRUDENCIA DEL CONDUCTOR,32,NO RESPETAR DERECHO PREFERENTE DE PASO A VEHICULO,0,CAUPOLICAN,0,BARROS ARANA,BARROS ARANA - CAUPOLICAN,0, , , , ,1,1,2,BIDIRECCIONAL,1,CONCRETO,1,BUENO,1,SECO,1,DESPEJADO,0,0,0,0,2
-8139262.995137,-4400796.2706161,5298,45721,1324659,-73.1162435,-36.7246539,176,TALCAHUANO,1,1168,2021,1324659,REGION BIO BIO,8110,TALCAHUANO,BILBAO, ,446,"BILBAO 446, TALCAHUANO",CHILE,RANGE_INTERPOLATED,1578,2021,1324659,1,2021/01/08 00:00:00+00,1899/12/30 00:00:00+00,8,REGION BIO BIO,8110,TALCAHUANO,51,CHOQUE FRONTAL,40,CHOQUE,1,URBANA,1,TRAMO DE VIA RECTA,1,IMPRUDENCIA DEL CONDUCTOR,27,CONDUCCION NO ATENTO CONDICIONES TRANSITO MOMENTO,0,BILBAO,0, ,- BILBAO,446, , , , ,1,1,2,BIDIRECCIONAL,1,CONCRETO,1,BUENO,1,SECO,1,DESPEJADO,0,0,0,0,1
-8139176.94517061,-4400791.52072432,5299,45722,1393756,-73.1154705,-36.7246197,176,TALCAHUANO,0,48935,2021,1393756,REGION BIO BIO,8112,HUALPEN,BILBAO,MATTA,0,"BILBAO & MATTA, HUALPEN",CHILE,GEOMETRIC_CENTER,66729,2021,1393756,1,2021/11/08 00:00:00+00,1899/12/30 00:00:00+00,8,REGION BIO BIO,8112,HUALPEN,30,COLISION,30,COLISION,1,URBANA,16,CRUCE SIN SEÑALIZACION,1,IMPRUDENCIA DEL CONDUCTOR,32,NO RESPETAR DERECHO PREFERENTE DE PASO A VEHICULO,0,BILBAO,0,MATTA,BILBAO - MATTA,0, , , , ,1,1,2,BIDIRECCIONAL,1,CONCRETO,1,BUENO,1,SECO,1,DESPEJADO,0,0,1,0,1
-8139176.94517061,-4400791.52072432,5300,45723,1394654,-73.1154705,-36.7246197,176,TALCAHUANO,1,48936,2021,1394654,REGION BIO BIO,8110,TALCAHUANO,MATTA,BILBAO,0,"MATTA & BILBAO, TALCAHUANO",CHILE,GEOMETRIC_CENTER,66730,2021,1394654,1,2021/11/08 00:00:00+00,1899/12/30 00:00:00+00,8,REGION BIO BIO,8110,TALCAHUANO,32,COLISION LATERAL,30,COLISION,1,URBANA,16,CRUCE SIN SEÑALIZACION,1,IMPRUDENCIA DEL CONDUCTOR,91,VIRAJES INDEBIDOS,0,MATTA,0,BILBAO,BILBAO - MATTA,0, , , , ,1,1,2,BIDIRECCIONAL,1,CONCRETO,1,BUENO,1,SECO,1,DESPEJADO,0,0,0,0,2
-8141652.47913883,-4400780.85430839,5301,45724,1347053,-73.1377086,-36.7245429,176,TALCAHUANO,1,14958,2021,1347053,REGION BIO BIO,8110,TALCAHUANO,MONTE REDONDO, ,1466,"MONTE REDONDO 1466, TALCAHUANO",CHILE,RANGE_INTERPOLATED,20629,2021,1347053,1,2021/04/22 00:00:00+00,1899/12/30 00:00:00+00,8,REGION BIO BIO,8110,TALCAHUANO,63,CHOQUE FRENTE/POSTERIOR,40,CHOQUE,1,URBANA,1,TRAMO DE VIA RECTA,1,IMPRUDENCIA DEL CONDUCTOR,28,CONDUCCION SIN MANTENER DISTANCIA RAZONABLE NI PRUDENTE,0,MONTE REDONDO,0, ,- MONTE REDONDO,1466, , , , ,1,1,2,BIDIRECCIONAL,1,CONCRETO,1,BUENO,1,SECO,1,DESPEJADO,0,0,0,0,2
-8138954.58448776,-4400766.89631928,5302,45725,1393052,-73.113473,-36.7244424,176,TALCAHUANO,1,47687,2021,1393052,REGION BIO BIO,8110,TALCAHUANO,BILBAO, ,275,"BILBAO 275, TALCAHUANO",CHILE,RANGE_INTERPOLATED,65075,2021,1393052,1,2021/11/01 00:00:00+00,1899/12/30 00:00:00+00,8,REGION BIO BIO,8110,TALCAHUANO,63,CHOQUE FRENTE/POSTERIOR,40,CHOQUE,1,URBANA,1,TRAMO DE VIA RECTA,1,IMPRUDENCIA DEL CONDUCTOR,28,CONDUCCION SIN MANTENER DISTANCIA RAZONABLE NI PRUDENTE,0,BILBAO,0, ,- BILBAO,275, , , , ,1,1,2,BIDIRECCIONAL,1,CONCRETO,1,BUENO,1,SECO,1,DESPEJADO,0,0,0,0,2
-8138983.92830553,-4400757.47989515,5303,45726,1366975,-73.1137366,-36.7243746,176,TALCAHUANO,1,29980,2021,1366975,REGION BIO BIO,8110,TALCAHUANO,BILBAO, ,1285,"BILBAO 1285, TALCAHUANO",CHILE,RANGE_INTERPOLATED,41460,2021,1366975,1,2021/07/27 00:00:00+00,1899/12/30 00:00:00+00,8,REGION BIO BIO,8110,TALCAHUANO,63,CHOQUE FRENTE/POSTERIOR,40,CHOQUE,1,URBANA,15,CRUCE CON SEÑAL CEDA EL PASO,1,IMPRUDENCIA DEL CONDUCTOR,28,CONDUCCION SIN MANTENER DISTANCIA RAZONABLE NI PRUDENTE,0,BILBAO,0, ,- BILBAO,1285, , , , ,1,1,2,BIDIRECCIONAL,1,CONCRETO,1,BUENO,1,SECO,1,DESPEJADO,0,0,0,0,2
-8139173.43860666,-4400753.89665629,5304,45727,1404991,-73.115439,-36.7243488,176,TALCAHUANO,1,55646,2021,1404991,REGION BIO BIO,8110,TALCAHUANO,BILBAO, ,404,"BILBAO 404, TALCAHUANO",CHILE,RANGE_INTERPOLATED,75616,2021,1404991,1,2021/12/11 00:00:00+00,1899/12/30 00:00:00+00,8,REGION BIO BIO,8110,TALCAHUANO,64,CHOQUE LADO/FRENTE,40,CHOQUE,1,URBANA,26,OTROS NO CONSIDERADOS,1,IMPRUDENCIA DEL CONDUCTOR,27,CONDUCCION NO ATENTO CONDICIONES TRANSITO MOMENTO,0,BILBAO,0, ,- BILBAO,404, , , , ,1,1,2,BIDIRECCIONAL,1,CONCRETO,1,BUENO,1,SECO,1,DESPEJADO,0,0,0,0,2